house_id,city,community_id,cluster
4543231539764235,杭州,160298,1
4608393199676417,杭州,160717,1
4622092863728645,杭州,801402,2
4617932692712452,杭州,801402,4
4597122047190029,杭州,801402,2
4593714337180673,杭州,160940,1
4595523251051531,杭州,160940,1
4615173341453324,杭州,160940,1
4607880293032974,杭州,160940,1
4566873693707264,杭州,160940,1
4583871572438023,杭州,160940,1
4610820344226827,杭州,160940,1
4613572572617741,杭州,160940,1
4616600603782153,杭州,160940,1
4621116735515661,杭州,160940,1
4565911027082242,杭州,160717,1
4510256436407306,杭州,160717,1
4630812710300675,杭州,160717,1
4630964525933568,杭州,160717,1
4616866866865155,杭州,801402,2
4613611183217675,杭州,801402,4
4583920257199112,杭州,801402,2
4622485241340940,杭州,791880,2
4576758760725512,杭州,826753,1
4608163903007749,杭州,826753,1
4599423418997775,杭州,826753,1
4603832405683208,杭州,791880,4
4578246695709704,杭州,791880,2
4613803242136588,杭州,791880,2
4623643171974157,杭州,791880,2
4631906686426125,杭州,791880,2
4633799268375559,杭州,801402,4
4619571368254470,杭州,791880,2
4631906113678346,杭州,791880,2
4603851688881157,杭州,791880,2
4608443306421256,杭州,791880,2
4625628130665472,杭州,801402,2
4592560688946181,杭州,801402,4
4598251272477697,杭州,801402,4
4488997473709061,杭州,160717,1
4605466721082372,杭州,160717,1
4589508466418702,杭州,826753,1
4630816308976642,杭州,160717,1
4601251478658057,杭州,232438,1
4605153389960197,杭州,786760,0
4618315669332999,杭州,786760,4
4498861478306816,杭州,786760,0
4616381542589441,杭州,786760,2
4629285148961806,杭州,786760,2
4623391478930436,杭州,786760,2
4616688819821571,杭州,786760,2
4630726226189324,杭州,786760,0
4612388294581256,杭州,786760,2
4630959783994370,杭州,786760,4
4567236941800460,杭州,791714,4
4584075156958211,杭州,791714,4
4555952648412162,杭州,791714,4
4567252179737612,杭州,791714,4
4584024535688202,杭州,791714,4
4608401471200259,杭州,160856,1
4630509180445697,杭州,160717,1
4562895997953037,杭州,160717,1
4629405800897548,杭州,160856,1
4506399071104010,杭州,160856,1
4616524478110731,杭州,160856,1
4620653264231429,杭州,232438,1
4618198220254209,杭州,826753,1
4577527549783040,杭州,826753,1
4555949956344846,杭州,791714,4
4618537359367179,杭州,1152948,2
4585342504313862,杭州,802323,2
4633643631717381,杭州,802323,2
4499141370866688,杭州,802323,2
4595384847885318,杭州,802323,2
4632418176001032,杭州,802323,2
4577099790523399,杭州,607368,2
4577065873992716,杭州,607368,2
4629707743046656,杭州,607368,2
4603710942141441,杭州,607368,2
4530359364559877,杭州,607368,2
4621064217304079,杭州,607368,2
4557294146872323,杭州,607368,2
4578244799605769,杭州,607368,2
4596638169062409,杭州,607368,2
4578726542367758,杭州,607368,2
4524456192711692,杭州,1152948,2
4632143095032843,杭州,1152948,2
4585428229008385,杭州,802323,2
4536401721895947,杭州,802323,2
4632476623744001,杭州,802323,2
4626523165973518,杭州,1260783,0
4633717359696908,杭州,877759,4
4614048762993671,杭州,877759,4
4625467977440261,杭州,877759,4
4629302039489537,杭州,877759,4
4624985714351117,杭州,877759,4
4632595752229889,杭州,1260783,0
4499161613233157,杭州,1260783,0
4611243153153036,杭州,1260783,0
4633468015336463,杭州,802323,2
4599761930447882,杭州,1260783,0
4572828921949188,杭州,1260783,0
4611238812754957,杭州,1260783,0
4616480639460354,杭州,1260783,0
4550262043601934,杭州,1260783,0
4632135444782080,杭州,1260783,0
4603673462168576,杭州,802323,2
4595318753782790,杭州,1152948,2
4625476943191052,杭州,1152948,2
4621111788116995,杭州,826753,1
4629329384827914,杭州,1152948,4
4573861732363271,杭州,641300,2
4608453317602317,杭州,641300,2
4573853912968203,杭州,641300,2
4623535195642888,杭州,641300,2
4619956632331268,杭州,318496,2
4551649066888204,杭州,318496,2
4574067441998858,杭州,318496,2
4466365924105222,杭州,318496,2
4614144697492484,杭州,318496,4
4610687487335430,杭州,318496,2
4619955140733956,杭州,318496,1
4610691745195008,杭州,318496,2
4584142542855171,杭州,318496,1
4555689120818184,杭州,318496,2
4480668374543366,杭州,826753,4
4617983946761230,杭州,826753,1
4561127937285132,杭州,826753,1
4604325225686023,杭州,641300,2
4633790773960713,杭州,641300,4
4598029100721166,杭州,641300,2
4631018507592719,杭州,1152948,2
4623882834586638,杭州,1152948,4
4603010954062854,杭州,1152948,2
4632779040529411,杭州,1152948,2
4629391606277122,杭州,160449,1
4568653706406918,杭州,160449,1
4548359471799300,杭州,641300,2
4631719190830091,杭州,160449,1
4599793561426958,杭州,160449,1
4613943393688586,杭州,160449,1
4624857158736907,杭州,160449,1
4599910222998528,杭州,641300,2
4622360411790337,杭州,641300,2
4567244419476492,杭州,791714,4
4630523803413510,杭州,791714,4
4613583161023488,杭州,877759,2
4629400170392587,杭州,366123,1
4631271820403713,杭州,943057,0
4583268964723727,杭州,943057,0
4603659593456655,杭州,224503,1
4626590608579589,杭州,366123,1
4582373556284416,杭州,366123,1
4622132734895113,杭州,366123,1
4539060655856647,杭州,366123,1
4603995629249538,杭州,366123,1
4632352654220291,杭州,366123,1
4566032243565575,杭州,366123,1
4633511442557967,杭州,366123,1
4614925139110914,杭州,190468,1
4625112511161358,杭州,190468,1
4625589129323521,杭州,780133,2
4551858634628104,杭州,826313,4
4472602358227980,杭州,826313,4
4618080572025868,杭州,826313,4
4601162873105416,杭州,780133,2
4628462653959176,杭州,780133,2
4633841094597643,杭州,780133,2
4629174021807113,杭州,780133,2
4616631812056076,杭州,780133,2
4610773245127695,杭州,190468,1
4576757454314511,杭州,780133,2
4630837715328003,杭州,780133,2
4616599689927685,杭州,780133,2
4604345910909963,杭州,780133,2
4570965716950021,杭州,190468,1
4623227326454799,杭州,190468,1
4632392901778442,杭州,366123,1
4617836829830147,杭州,1062189,4
4603998705607691,杭州,826313,4
4280969028168716,杭州,1062189,4
4605383938337802,杭州,407118,1
4633816424341507,杭州,407118,1
4631912819614720,杭州,989973,2
4633640791141390,杭州,989973,2
4608011494433800,杭州,989973,2
4613769979980812,杭州,989973,2
4616426636237830,杭州,989973,2
4633635063718923,杭州,989973,2
4616717996858369,杭州,407118,1
4211568610618380,杭州,1062189,4
4544345135113216,杭州,1062189,4
4544358592160768,杭州,1062189,4
4497517924277256,杭州,1062189,4
4377568644047883,杭州,1062189,4
4588289438460937,杭州,1062189,4
4629314633081870,杭州,1062189,2
4616212049961998,杭州,1062189,2
4623925685726212,杭州,207942,2
4614969797078016,杭州,207942,1
4603943219031052,杭州,207942,1
4601164063042570,杭州,207942,2
4589957131463682,杭州,207942,2
4625285797948429,杭州,207942,1
4609811946433547,杭州,207942,1
4603926266307588,杭州,207942,1
4564455287335943,杭州,207942,1
4612192504196109,杭州,826313,4
4624823724268548,杭州,826313,4
4632331550370817,杭州,791714,2
4540280340376585,杭州,864181,0
4599721154503686,杭州,531858,2
4602239743532046,杭州,531858,2
4599462371533838,杭州,531858,2
4622529155458058,杭州,531858,2
4606464901719044,杭州,531858,2
4623837395444737,杭州,531858,2
4624980499835909,杭州,368005,2
4621812256891909,杭州,368005,2
4604985997339653,杭州,368005,2
4621809376128009,杭州,368005,2
4604328556342275,杭州,864181,0
4606914426807306,杭州,531858,2
4605006683646983,杭州,531858,2
4599782965058567,杭州,531858,2
4566747047668746,杭州,803286,2
4625645478405129,杭州,791714,2
4532059911203840,杭州,222279,1
4613921058759682,杭州,222279,1
4586854930261005,杭州,222279,2
4589498661608455,杭州,222279,4
4586867795225612,杭州,222279,2
4589738503068680,杭州,803286,2
4589738392265730,杭州,803286,2
4599572624743436,杭州,531858,2
4633361443871750,杭州,803286,2
4626429615074306,杭州,803286,2
4578476669182981,杭州,803286,2
4586708663589893,杭州,803286,2
4623845122073600,杭州,803286,2
4590878450637829,杭州,803286,2
4564309722932232,杭州,803286,2
4601224632986637,杭州,864181,0
4553097212582914,杭州,864181,0
4561148580355082,杭州,826313,4
4612428592063488,杭州,864181,0
4613953752392708,杭州,620329,2
4616580021824525,杭州,620329,2
4622468990641154,杭州,620329,2
4623957561943045,杭州,620329,2
4615361446061068,杭州,607300,2
4615343259132928,杭州,607300,0
4604307052207108,杭州,607300,2
4601067545472012,杭州,607300,0
4580073831509006,杭州,607300,0
4619417031564300,杭州,607300,2
4604365098314752,杭州,607300,2
4588527242339332,杭州,607300,2
4618074767764484,杭州,607300,0
4619678157118478,杭州,607300,2
4629217156738051,杭州,826313,4
4630450407615503,杭州,826313,4
4589866838797313,杭州,826313,4
4607807441232897,杭州,620329,2
4602171648191490,杭州,620329,2
4624914116865028,杭州,620329,2
4576902434118670,杭州,864181,0
4602327404538881,杭州,864181,0
4608302498343936,杭州,864181,0
4562786579311621,杭州,864181,0
4615276063302662,杭州,160811,1
4625415890267147,杭州,620329,2
4597872509819918,杭州,160811,1
4568359761402888,杭州,620329,4
4624895300037633,杭州,620329,2
4633578764344334,杭州,877759,4
4609274976853006,杭州,877759,4
4625288839064580,杭州,1893012,2
4629777837808643,杭州,825576,2
4609268302982157,杭州,860800,2
4499076872363011,杭州,860800,2
4524781476013060,杭州,860800,4
4524753627896832,杭州,860800,2
4380166243396614,杭州,860800,2
4570160516738063,杭州,860800,2
4618163294530564,杭州,860800,2
4617970397289484,杭州,860800,2
4541594248309761,杭州,860800,2
4609314453939213,杭州,825576,4
4615146811792387,杭州,825576,1
4616858198629388,杭州,825576,2
4615141141994511,杭州,825576,1
4633357959095297,杭州,825576,2
4629209395635213,杭州,825576,2
4598696005035019,杭州,825576,2
4629383729388559,杭州,825576,2
4616740910670862,杭州,860800,4
4601173053168640,杭州,724866,2
4612574278904844,杭州,724866,2
4594050942065667,杭州,316145,2
4630941675351046,杭州,724866,2
4608307041477643,杭州,316145,2
4588044536863749,杭州,316145,2
4553223580509185,杭州,316145,2
4620828451986436,杭州,724866,2
4576994452560909,杭州,825576,2
4620720568083456,杭州,826864,2
4623630327852044,杭州,826864,2
4619161781427210,杭州,826556,1
4615191947664393,杭州,826556,1
4618201679895554,杭州,826556,1
4597183857894411,杭州,826556,1
4620608951557121,杭州,826556,1
4601106206202885,杭州,826556,1
4619198780173312,杭州,826556,1
4615061539038218,杭州,826556,1
4616322443275267,杭州,658597,2
4614113119968267,杭州,658597,2
4569815825296385,杭州,658597,2
4633320004609025,杭州,658597,4
4594340144978957,杭州,658597,4
4548665485091844,杭州,658597,2
4564612883995658,杭州,658597,4
4623415603571714,杭州,658597,2
4596975194942466,杭州,658597,4
4631155845243909,杭州,826556,1
4632022869601289,杭州,826556,1
4608466497563655,杭州,826554,1
4632075502527494,杭州,826864,2
4627041904520196,杭州,826864,2
4616477544508418,杭州,826864,2
4629256739103759,杭州,826864,2
4611171623394312,杭州,826864,2
4616651259522058,杭州,826864,2
4623451384601610,杭州,826864,2
4632021681857540,杭州,826864,2
4535584101325828,杭州,826554,1
4597134561747978,杭州,826554,1
4610013341674501,杭州,826554,1
4604071984147469,杭州,826554,1
4553275102600204,杭州,826554,1
4616571646471174,杭州,826554,1
4466661658041357,杭州,826554,1
4610992244419593,杭州,826554,1
4577282606832644,杭州,826554,1
4619283398908938,杭州,863121,2
4564101878209549,杭州,1411532,0
4630844743541773,杭州,446654,0
4614109983501327,杭州,446654,0
4586704308739077,杭州,446654,0
4584271415958531,杭州,446654,0
4615562870074369,杭州,446654,0
4616487952473090,杭州,446654,0
4549102594270213,杭州,446654,0
4556992700572687,杭州,446654,0
4631137518281740,杭州,446654,0
4620617611092993,杭州,446654,0
4625007937235982,杭州,863121,2
4621004017181701,杭州,863121,2
4588391887576075,杭州,863121,2
4628153257548811,杭州,863121,2
4626316614085635,杭州,863121,2
4605555703880704,杭州,863121,2
4600965338586114,杭州,1411532,2
4620667877616643,杭州,1411532,2
4571343397694471,杭州,1411532,0
4620973044589571,杭州,1107937,0
4611497693965325,杭州,1893012,4
4629515726332934,杭州,1107937,0
4627731426665473,杭州,1107937,0
4607159311363077,杭州,1107937,0
4558885844298767,杭州,1107937,0
4618278117417997,杭州,1107937,0
4611209993427979,杭州,1107937,0
4577422306728973,杭州,1107937,0
4537159106583558,杭州,1411532,2
4614091690861569,杭州,1107937,0
4579800942615565,杭州,1107937,0
4591249045367817,杭州,1411532,2
4591247129603082,杭州,1411532,0
4633560445361156,杭州,1411532,2
4629409150626831,杭州,1411532,2
4542823222701061,杭州,1411532,2
4632414412200972,杭州,863121,4
4629353952422920,杭州,863121,4
4625179953519619,杭州,863121,4
4621226842201088,杭州,160997,1
4540285635714061,杭州,160997,1
4622026548112393,杭州,160997,1
4554811471569934,杭州,160997,1
4545491560162307,杭州,160997,1
4523473861239809,杭州,160997,1
4562806995690502,杭州,797049,1
4625291974781963,杭州,797049,1
4609750723044363,杭州,160997,1
4629204610935823,杭州,160997,1
4625488409926671,杭州,160997,1
4606795900591109,杭州,1038044,2
4606568474340363,杭州,996468,2
4607810768448520,杭州,996468,2
4606554287746063,杭州,1038044,0
4620568681704453,杭州,1038044,0
4629064979475471,杭州,160997,1
4632261175745550,杭州,1038044,2
4579709004885000,杭州,1038044,2
4632229287291915,杭州,1038044,2
4633740914564110,杭州,1038044,0
4561223790715917,杭州,1038044,0
4627723811515404,杭州,1038044,4
4588428809872384,杭州,1038044,2
4544749566483467,杭州,658597,2
4602250484526083,杭州,877759,4
4619567119264776,杭州,825583,1
4603657014418440,杭州,370067,2
4617707668102148,杭州,370067,2
4549758115240970,杭州,877728,2
4593816533117954,杭州,877728,4
4606953502792714,杭州,877728,4
4595136289793027,杭州,877728,4
4575718820736003,杭州,877728,4
4619824788777996,杭州,877728,4
4632469734433796,杭州,877728,4
4624919569771523,杭州,877728,4
4586532576371715,杭州,877728,2
4538955356302344,杭州,877728,4
4623380546659335,杭州,914217,0
4598335884602371,杭州,914217,0
4621185033741327,杭州,914217,0
4579878506880002,杭州,914217,0
4598339040533513,杭州,914217,0
4632043771124736,杭州,370067,2
4630497027517440,杭州,370067,2
4588423416308748,杭州,370067,2
4576881083280396,杭州,1047306,2
4626640004471816,杭州,826302,2
4624641845388300,杭州,826302,2
4576763263474696,杭州,1047306,2
4608044662531087,杭州,1047306,2
4615551222717441,杭州,1047306,2
4548559748787202,杭州,1047306,2
4576885603167233,杭州,1047306,2
4548619556166664,杭州,1047306,4
4596656402506754,杭州,370067,2
4576897152869377,杭州,1047306,4
4482243353762829,杭州,1047306,2
4489269891361799,杭州,1047306,2
4630589445938177,杭州,370067,2
4633342217837570,杭州,370067,2
4629212126536712,杭州,370067,2
4604825362031625,杭州,370067,2
4620222545634308,杭州,825583,1
4622494731426822,杭州,825583,1
4632315660182542,杭州,826302,2
4625431600245765,杭州,825583,1
4618242990349313,杭州,656442,0
4569674435255310,杭州,656442,0
4620852986831887,杭州,656442,4
4588094333262859,杭州,656442,2
4568176281150479,杭州,656442,0
4613628977540103,杭州,656442,2
4631889454537741,杭州,160807,1
4497961919130636,杭州,160807,1
4624774738027523,杭州,160807,1
4629228894069765,杭州,160807,1
4616529094695940,杭州,877759,2
4616832425534475,杭州,656442,4
4596943704026121,杭州,656442,0
4623872852433931,杭州,656442,2
4586978550342671,杭州,160828,1
4597007328467970,杭州,825583,1
4618674728049667,杭州,825583,1
4616930604391431,杭州,825583,1
4621404952732686,杭州,825583,1
4588382660877321,杭州,825583,1
4618277693760514,杭州,825583,1
4586966713834508,杭州,160828,1
4608321992254466,杭州,160828,1
4569655959036929,杭州,656442,0
4586982304078852,杭州,160828,1
4583761488145420,杭州,160828,1
4601452684354574,杭州,160828,1
4575704211266560,杭州,160828,1
4601450806696962,杭州,160828,1
4527687083191301,杭州,160828,1
4599750337207306,杭州,160828,1
4630775299712004,杭州,826302,2
4543183258000394,杭州,826302,2
4620943498615808,杭州,1370265,0
4597020447697931,杭州,369943,0
4616902438071297,杭州,369943,0
4629141869079560,杭州,369943,0
4623428262177800,杭州,369943,0
4626480693177348,杭州,369943,0
4627959985118211,杭州,370000,2
4627872402074632,杭州,370000,2
4631027487616014,杭州,370000,2
4621063680699407,杭州,370000,2
4571507298819079,杭州,370000,2
4601995625012237,杭州,370000,2
4580150923750410,杭州,370000,2
4588059838262282,杭州,370000,2
4633955273186315,杭州,370000,2
4604823654034446,杭州,370000,2
4565788129778693,杭州,1370265,0
4582679572997134,杭州,369943,0
4618435140660237,杭州,369943,0
4596839193895939,杭州,369943,0
4629279029390337,杭州,369824,2
4549948998951937,杭州,161140,1
4605081236300809,杭州,161140,1
4608170572291072,杭州,161140,1
4587180057107471,杭州,161140,1
4626608328469516,杭州,369824,2
4627474551581706,杭州,369824,2
4627099657546756,杭州,1370265,0
4621039461753858,杭州,1370265,0
4633881976071182,杭州,826302,2
4588761178383361,杭州,1370265,0
4397231915555854,杭州,798267,4
4547113646302223,杭州,798267,4
4435150820076553,杭州,798267,2
4562626963579907,杭州,798267,2
4547090669939721,杭州,798267,4
4629254828254208,杭州,789605,2
4552995306609667,杭州,789605,2
4586923842001921,杭州,826302,2
4586966475447308,杭州,826302,2
4564175278337034,杭州,826302,2
4608200383831041,杭州,826302,2
4623865803711501,杭州,798267,4
4548564774347776,杭州,798267,4
4579667176958987,杭州,798267,4
4601109303452685,杭州,1255003,2
4590210127588356,杭州,1370265,0
4586983150808077,杭州,1370265,0
4625084379782153,杭州,1370265,0
4622321856031759,杭州,1370265,0
4561519179754507,杭州,1370265,0
4631053847815169,杭州,1255003,2
4588008826772494,杭州,1255003,2
4631057882520578,杭州,1255003,2
4548562412678151,杭州,798267,4
4616818581398533,杭州,1255003,2
4608100629339143,杭州,1255003,2
4589960132961287,杭州,1255003,2
4561554305702924,杭州,1255003,2
4601161645466633,杭州,1255003,2
4589956142507014,杭州,1255003,2
4548559645107203,杭州,798267,2
4616354221644805,杭州,1038049,0
4615299136611340,杭州,578903,2
4633859482132487,杭州,178587,2
4550179589104641,杭州,178587,2
4537268343299081,杭州,178587,2
4630435041549318,杭州,178587,2
4619235086199821,杭州,178587,2
4630582607686662,杭州,178587,2
4626056771693575,杭州,178587,2
4579540797678596,杭州,178587,2
4523306345800710,杭州,178587,2
4499089742029824,杭州,578903,2
4613587954066437,杭州,578903,2
4616642336189453,杭州,578903,4
4616850645572623,杭州,578903,2
4576779058813959,杭州,578903,4
4563933127580676,杭州,578903,2
4499125996432395,杭州,578903,4
4098278853090304,杭州,578903,4
4626285219146757,杭州,178587,2
4613827766459392,杭州,825574,1
4614049401938951,杭州,825574,1
4497505982311436,杭州,909780,2
4630665971786755,杭州,161176,1
4541698021219336,杭州,161176,1
4629177605614599,杭州,161176,1
4626056942447617,杭州,659422,0
4626057557044224,杭州,659422,0
4623529149885446,杭州,909780,2
4623532774153228,杭州,909780,2
4613853749046275,杭州,909780,2
4632482223645708,杭州,825574,1
4595277364550666,杭州,909780,4
4609749364808705,杭州,909780,4
4599331927010312,杭州,909780,4
4595275174894593,杭州,909780,2
4595272943758342,杭州,909780,4
4616486085467144,杭州,909780,2
4592414435613707,杭州,825574,1
4633776213877762,杭州,578903,4
4586901162255374,杭州,410316,2
4629326580870152,杭州,573503,2
4591354122906625,杭州,410316,2
4614911375682569,杭州,1020699,2
4533183061763082,杭州,1020699,2
4557385670515716,杭州,1020699,2
4611102124219405,杭州,1020699,2
4611032251669506,杭州,192131,1
4627765114989568,杭州,192131,1
4583992096091148,杭州,192131,1
4584164434928646,杭州,192131,1
4616331057327108,杭州,192131,1
4582789168638982,杭州,192131,1
4578362875423758,杭州,192131,1
4619379764128783,杭州,192131,1
4633301431034894,杭州,192131,1
4633441725197327,杭州,192131,1
4585103161467913,杭州,877705,4
4613486921161729,杭州,877705,4
4600951727135749,杭州,1020699,2
4595507398599682,杭州,410316,2
4584037746207750,杭州,410316,2
4594499678608385,杭州,410316,2
4588819667196928,杭州,410316,2
4586899058863106,杭州,410316,2
4587330905007114,杭州,410316,4
4594502570384385,杭州,410316,2
4591349354847244,杭州,410316,4
4615226927754241,杭州,202578,0
4538675074786311,杭州,1020699,2
4622093460366338,杭州,202578,0
4622093669524491,杭州,202578,0
4627856200866820,杭州,202578,0
4611050717307911,杭州,202578,0
4624868200098827,杭州,202578,0
4617847527365634,杭州,202578,0
4633930667320334,杭州,1020699,2
4532790911900683,杭州,161176,1
4620906471597062,杭州,161176,1
4633776598147081,杭州,877705,4
4623473008040975,杭州,370060,4
4548976358841351,杭州,205425,2
4623842228317185,杭州,160308,1
4602606704598016,杭州,160308,1
4630698640632842,杭州,160308,1
4621941012456452,杭州,160308,1
4630814686850055,杭州,160308,1
4617813783899140,杭州,370060,4
4600769223699460,杭州,370060,4
4600766148025354,杭州,370060,4
4597966609638415,杭州,370060,4
4621048390706184,杭州,370060,4
4613591044381700,杭州,370060,4
4609681401555979,杭州,205425,4
4617764811959311,杭州,205425,2
4604014285794312,杭州,205425,4
4616342101580814,杭州,160102,1
4557358631726085,杭州,826394,2
4608505910434822,杭州,160102,1
4629680871316493,杭州,160102,1
4626257927531521,杭州,205425,2
4630803327147008,杭州,160102,1
4609312132393992,杭州,205425,2
4617761792695303,杭州,205425,4
4605091629804556,杭州,205425,4
4586716362548231,杭州,205425,4
4548869050149899,杭州,205425,2
4613999526358024,杭州,370060,4
4600884207807488,杭州,370060,4
4620937015534607,杭州,161176,1
4623954452769799,杭州,315701,2
4567405122118664,杭州,877977,1
4607860508173324,杭州,877977,1
4608443728292865,杭州,877977,1
4544845513038858,杭州,943028,0
4550070535347214,杭州,943028,0
4610971381572616,杭州,943028,0
4605932840182797,杭州,943028,0
4603736854914050,杭州,161176,1
4520834097589262,杭州,161176,1
4633963251310603,杭州,161176,1
4588383988669441,杭州,161176,1
4586952558027785,杭州,229758,1
4617947308665869,杭州,229758,1
4633637955202054,杭州,315701,2
4629550708284420,杭州,315701,2
4604007504141317,杭州,315701,4
4623563141522439,杭州,315701,2
4622135438664714,杭州,315701,2
4619188398433291,杭州,315701,2
4608292739294209,杭州,315701,2
4608189443578895,杭州,315701,2
4536085822123009,杭州,315701,2
4544507222023173,杭州,229758,1
4555821230892042,杭州,229758,1
4555608848540686,杭州,229758,1
4624029587661830,杭州,229758,1
4550191783881736,杭州,229758,1
4581235954134025,杭州,229758,1
4552853647141896,杭州,229758,1
4613790080852999,杭州,229758,1
4464935631741955,杭州,877705,4
4632138617594895,杭州,877705,4
4616376249658368,杭州,1038049,2
4604458554647567,杭州,825673,1
4625486599199759,杭州,825673,1
4628397093757967,杭州,825673,1
4608815452101639,杭州,825673,1
4623444415915022,杭州,825673,1
4501919269315592,杭州,160063,1
4633856287350785,杭州,160063,1
4623529942965249,杭州,160063,1
4563380802823177,杭州,160063,1
4624001598397449,杭州,191413,1
4631915214560269,杭州,825673,1
4583160279770126,杭州,825673,1
4619184424821762,杭州,825673,1
4610775755746308,杭州,160072,1
4543166421150725,杭州,782886,4
4535949594715145,杭州,782886,4
4619263696690176,杭州,782886,4
4618072636826639,杭州,204866,1
4580121024027663,杭州,204866,1
4599399942104075,杭州,160072,1
4617049820601352,杭州,825673,1
4616672422159363,杭州,160072,1
4575303082779653,杭州,825673,1
4633459953083401,杭州,191413,0
4619267910818818,杭州,782886,4
4623551577187330,杭州,191413,1
4616871984491533,杭州,160795,1
4561220488731663,杭州,160795,1
4623367858990085,杭州,160795,1
4632020725376001,杭州,160795,1
4595484828118027,杭州,160795,1
4618406780036106,杭州,160795,1
4594148191853581,杭州,160795,1
4618263358348300,杭州,221973,4
4618256116343818,杭州,221973,4
4490645601592327,杭州,221973,4
4568719303007240,杭州,221973,4
4619220402660360,杭州,221973,4
4477748554048520,杭州,221973,4
4633562039114754,杭州,221973,4
4541418587659279,杭州,221973,4
4607970168007681,杭州,221973,4
4632004602700811,杭州,221973,4
4603644011338756,杭州,160795,1
4619837856439304,杭州,160795,1
4564367950210059,杭州,160795,1
4579681466360834,杭州,160381,1
4623521318743043,杭州,191413,1
4623707195761670,杭州,191413,1
4610003637167110,杭州,160381,1
4616359569124362,杭州,160381,1
4615524541359104,杭州,160381,1
4629367510232074,杭州,160381,1
4618455760167937,杭州,160381,1
4633534454049801,杭州,160381,1
4607873283875841,杭州,160381,1
4599646639827982,杭州,160381,1
4571038722221062,杭州,160381,1
4501772772090893,杭州,782886,4
4536037895498759,杭州,782886,4
4629470199325697,杭州,877705,4
4571201549263880,杭州,1042415,0
4572451934346247,杭州,1042415,0
4632131090721806,杭州,1042415,0
4633588746595328,杭州,1042415,0
4623430636921867,杭州,409606,0
4612531326163974,杭州,409606,2
4624022815910915,杭州,409606,2
4630899056729089,杭州,409606,0
4623731694722059,杭州,409606,2
4623876821130243,杭州,409606,2
4623549365349384,杭州,409606,2
4623713393318925,杭州,409606,0
4631857124256776,杭州,409606,2
4619411987553284,杭州,409606,2
4508834295131139,杭州,160077,4
4590208217308163,杭州,1042415,0
4588344031439882,杭州,1042415,0
4600784495418377,杭州,1042415,0
4605263336760330,杭州,877932,1
4626411184088078,杭州,877705,4
4570041596615681,杭州,877705,4
4556940515634179,杭州,877705,4
4547622776822784,杭州,877705,4
4602368381805583,杭州,877932,1
4629317660124165,杭州,877932,1
4612550046833676,杭州,1042415,0
4572690162473999,杭州,877932,1
4591199805877254,杭州,1042415,0
4591184816790542,杭州,1042415,0
4516282862427149,杭州,782886,4
4629728385047562,杭州,160610,2
4627921675152386,杭州,160610,4
4613758976584708,杭州,160610,2
4619886486465548,杭州,160610,2
4584080877132803,杭州,1153634,2
4622084248118273,杭州,1153634,2
4494691218088963,杭州,1153634,4
4438346674891791,杭州,1153634,4
4193390073552902,杭州,1153634,4
4606817937484804,杭州,1153634,4
4572506084449284,杭州,1153634,2
4626582036814854,杭州,1153634,2
4620664548273158,杭州,1153634,2
4629404777933833,杭州,1153634,4
4624821450894339,杭州,782886,4
4572937444762627,杭州,782886,4
4617708148186126,杭州,782886,4
4630806315887623,杭州,160610,4
4626880487103498,杭州,160610,2
4627798569266178,杭州,160610,2
4603410868792334,杭州,477595,2
4614971333762052,杭州,160077,1
4596628364864521,杭州,477595,2
4623442839788552,杭州,477595,2
4624642155815937,杭州,477595,2
4607654690317322,杭州,477595,2
4626059438828553,杭州,477595,2
4531819314947081,杭州,160610,2
4607654057405449,杭州,477595,2
4624641748524043,杭州,477595,2
4608108809427969,杭州,477595,2
4601993052236805,杭州,477595,2
4615070576600070,杭州,207449,0
4511603787459598,杭州,160610,4
4549184454665224,杭州,160610,2
4619277568220173,杭州,826394,2
4591266003741707,杭州,826394,2
4548502531040265,杭州,826394,2
4633591394884621,杭州,826790,2
4625421721494539,杭州,221630,1
4593703866721289,杭州,221630,1
4618196668558344,杭州,264956,2
4606839634306054,杭州,264956,2
4626288071814152,杭州,264956,2
4623743205190663,杭州,264956,2
4623534501258253,杭州,264956,2
4562582945979404,杭州,217713,1
4623455845803016,杭州,217713,1
4610980131544069,杭州,219874,1
4617843562308622,杭州,826790,2
4615362511709197,杭州,826790,2
4619507706321935,杭州,826790,4
4632359658677255,杭州,826790,2
4619505884490763,杭州,826790,4
4547348635264009,杭州,826790,4
4615361028727815,杭州,826790,2
4634158612570123,杭州,221630,1
4598699614280708,杭州,221630,1
4592628536716301,杭州,221630,1
4525823718810639,杭州,161182,1
4575542755204110,杭州,223675,1
4609775534267403,杭州,223675,1
4611059091823626,杭州,223675,1
4609599280833542,杭州,223675,1
4623952901843968,杭州,223675,1
4605900148304900,杭州,221630,1
4626277791278095,杭州,161182,2
4600015701208064,杭州,221630,1
4630618219375620,杭州,221630,1
4608277102388236,杭州,221630,1
4625488319343616,杭州,221630,1
4629332303911943,杭州,826790,1
4622593277453313,杭州,826790,2
4620995317113860,杭州,160697,2
4630517626887178,杭州,826907,2
4633632784178186,杭州,994998,1
4599974992225289,杭州,994998,1
4621055355331593,杭州,994998,1
4590861766716431,杭州,995811,2
4594213863894020,杭州,995811,2
4607905352147983,杭州,995811,2
4572761266185226,杭州,995811,4
4593951984757770,杭州,995811,2
4608243303080961,杭州,826742,4
4615499939163146,杭州,190614,1
4592303562812425,杭州,190614,1
4561626916973581,杭州,994998,1
4561620292459528,杭州,994998,1
4633762478842882,杭州,994998,1
4606744642071554,杭州,994954,2
4602816413019144,杭州,826907,2
4613796616088584,杭州,826907,2
4564323247825931,杭州,826907,4
4568158270413824,杭州,994954,2
4571051400911872,杭州,994954,4
4567308563262471,杭州,994954,2
4585775240764428,杭州,994954,2
4583886335929355,杭州,994954,4
4590995182246918,杭州,994998,1
4582316223800325,杭州,994954,4
4588599222021124,杭州,994954,2
4606868623055872,杭州,994954,2
4611172248167431,杭州,994954,2
4476731106534406,杭州,994998,4
4590067988540424,杭州,994998,1
4524666258351106,杭州,994998,4
4584322738824192,杭州,160697,2
4622413116990464,杭州,826394,2
4633411580566538,杭州,193733,1
4631948161850380,杭州,222230,1
4602202558946313,杭州,222230,1
4611058871675907,杭州,222230,2
4611187450338311,杭州,222230,2
4623448465468420,杭州,222230,1
4608226408406028,杭州,222230,1
4598273039985674,杭州,222230,1
4625491057419279,杭州,222230,2
4623575835665414,杭州,222230,1
4623507675456515,杭州,222230,2
4588622356571136,杭州,193733,1
4615123956243468,杭州,193733,1
4619739627265031,杭州,191004,1
4610068433103887,杭州,1299107,2
4554403342375946,杭州,1038049,0
4596862994160655,杭州,1299107,2
4629891391841288,杭州,1299107,2
4627920768214026,杭州,1299107,4
4630914763973644,杭州,1299107,2
4609308112661505,杭州,1299107,2
4608245527815171,杭州,1299107,2
4629144333921290,杭州,1299107,4
4602469823802370,杭州,1299107,2
4629043519792138,杭州,1299107,2
4625420232860675,杭州,191004,1
4626767330810894,杭州,190934,1
4595344204868610,杭州,311707,2
4623524490914827,杭州,311707,4
4594050544542721,杭州,311707,4
4525710008509446,杭州,311707,2
4617853876806667,杭州,311707,4
4582483227372549,杭州,311707,2
4582487805041664,杭州,311707,4
4632127320976392,杭州,311707,4
4569628132088833,杭州,190934,1
4617840162040833,杭州,223348,1
4632024284097542,杭州,573503,2
4624911593202695,杭州,573503,2
4603613590871052,杭州,573503,2
4576015906282505,杭州,160965,1
4617843035792388,杭州,223348,1
4612721324502024,杭州,223348,1
4625139061335045,杭州,223348,1
4622272961162244,杭州,190934,1
4554414743495680,杭州,223348,1
4609342033355786,杭州,223348,1
4625283432180749,杭州,223348,1
4580044731917324,杭州,223348,1
4629092470090758,杭州,369964,2
4614195503881219,杭州,369964,4
4562551771753482,杭州,190614,1
4544610639897610,杭州,215447,1
4565760855106571,杭州,469002,0
4633941417763841,杭州,240611,1
4633314973197314,杭州,240611,2
4528909252666368,杭州,240611,1
4591295407596545,杭州,240611,1
4609664497413127,杭州,615137,2
4619797493509127,杭州,615137,2
4620738140826624,杭州,615137,2
4613584575011854,杭州,615137,4
4570305446042628,杭州,615137,2
4601120955835392,杭州,615137,2
4572420896861184,杭州,615137,2
4609608025562125,杭州,615137,2
4521516116745225,杭州,615137,2
4603986549107719,杭州,615137,4
4627475666136077,杭州,469002,0
4592370913287173,杭州,469002,0
4573022462913551,杭州,469002,0
4537184718314498,杭州,240611,1
4579783809147907,杭州,240611,2
4577099752741897,杭州,240611,1
4545983477640199,杭州,444534,4
4587008537928705,杭州,825760,2
4615257530313732,杭州,825760,2
4607868472517632,杭州,825760,2
4513034527400963,杭州,825760,2
4629169677605896,杭州,444534,2
4631042245141517,杭州,444534,2
4593955253738496,杭州,444534,2
4612390361996289,杭州,444534,4
4629352748571659,杭州,240611,1
4622013797063680,杭州,444534,2
4619230658126862,杭州,444534,2
4322313414433797,杭州,444534,2
4606911771040769,杭州,444534,2
4631081477317642,杭州,444534,2
4629091786646533,杭州,240611,1
4633398584910863,杭州,240611,1
4609343726117896,杭州,469002,0
4582410233453578,杭州,469002,0
4552808048321546,杭州,215447,4
4592344388361218,杭州,469002,0
4618229145347086,杭州,826454,2
4619886502339587,杭州,826454,2
4600072499747840,杭州,175744,1
4597493040931855,杭州,175744,1
4617976894694407,杭州,175744,1
4555666867645443,杭州,175744,1
4613600008526862,杭州,175744,1
4623962629008392,杭州,826394,2
4633444590922754,杭州,826394,2
4631065438694403,杭州,826394,2
4619249615299591,杭州,826394,2
4449530493461511,杭州,826394,2
4600721185364998,杭州,826454,2
4510761456819210,杭州,826454,2
4607828709319689,杭州,826454,2
4557203997858829,杭州,370062,4
4611118220356609,杭州,469002,0
4606913325198338,杭州,469002,0
4609669358611463,杭州,370062,4
4617992806982665,杭州,370062,2
4617998235917320,杭州,370062,4
4617995518565387,杭州,370062,2
4630584291339265,杭州,370062,2
4597019351428101,杭州,370062,4
4591328665414658,杭州,826454,2
4587096549075978,杭州,370062,4
4538892354657291,杭州,370062,2
4633298395243534,杭州,370062,4
4632232332794880,杭州,826454,2
4617834380782606,杭州,826454,2
4554568238195713,杭州,826454,2
4615207999564802,杭州,826454,2
4384225096883211,杭州,825760,2
4634022799580171,杭州,825760,2
4624059462228992,杭州,825760,2
4618284448082950,杭州,825760,2
4620873495700493,杭州,369952,4
4618180088407052,杭州,369952,2
4588392387996683,杭州,369952,2
4568198394422281,杭州,369952,2
4568165386771468,杭州,369952,2
4613937309885448,杭州,369952,2
4618228062526476,杭州,369952,4
4528873730321410,杭州,369952,2
4632166717664270,杭州,160708,1
4624932947172366,杭州,160708,1
4599389763312649,杭州,160708,1
4629407498923019,杭州,825713,2
4598489510700037,杭州,825713,2
4585493196235785,杭州,825713,4
4585632499067918,杭州,825713,2
4608002130816003,杭州,825713,2
4633616944964623,杭州,825713,2
4605589926370319,杭州,369952,2
4571379558310919,杭州,369952,2
4595720061213707,杭州,161160,1
4626320406060039,杭州,215447,1
4596950018059270,杭州,215447,1
4610807764069385,杭州,215447,1
4610804508437507,杭州,215447,1
4626251463732237,杭州,215447,1
4630470779137031,杭州,215447,1
4630497471194113,杭州,215447,1
4309175513111564,杭州,215447,1
4628059010229251,杭州,161160,1
4598719135656961,杭州,161160,1
4557242961501196,杭州,161160,1
4615186166604802,杭州,161160,1
4614280816307201,杭州,161160,1
4632346329523213,杭州,161160,1
4633700344914959,杭州,161160,1
4627792044465157,杭州,161160,1
4631935493860359,杭州,161160,1
4633374658472964,杭州,825713,2
4632076575237135,杭州,825713,2
4631192397751305,杭州,825713,2
4614142505888771,杭州,300676,2
4624875218101262,杭州,300676,2
4633777736211463,杭州,300676,2
4634012173164550,杭州,300676,2
4609311055043586,杭州,160433,1
4616738986683400,杭州,160433,1
4630937447162892,杭州,300676,2
4617865367053320,杭州,160433,1
4614064416005125,杭州,825760,2
4626573186425867,杭州,825760,2
4625285575732224,杭州,300676,2
4625303846315017,杭州,300676,2
4631103478623244,杭州,825713,2
4603671633454085,杭州,370089,2
4500776969591819,杭州,370089,2
4630514113043470,杭州,370089,2
4503310607082505,杭州,370089,2
4603801481796610,杭州,370089,4
4605067124628485,杭州,370089,2
4607989138664458,杭州,370089,2
4604823205798923,杭州,370089,2
4603797616188419,杭州,370089,2
4633399212993545,杭州,300676,2
4616360804670471,杭州,370089,4
4541729812077572,杭州,160933,1
4564797027853322,杭州,160933,1
4625331834807309,杭州,300676,4
4562518247709706,杭州,300676,2
4501651869527053,杭州,1893012,4
4597158347942922,杭州,1893012,2
4490399393557507,杭州,160298,4
4607827082619919,杭州,183555,1
4626915519585294,杭州,626958,4
4629380756544523,杭州,626958,2
4627790526422022,杭州,626958,2
4619348799466498,杭州,626958,2
4623895447135232,杭州,626958,4
4628246109301771,杭州,626958,2
4586936085668867,杭州,626958,2
4593791959280645,杭州,160066,1
4600787656043522,杭州,160066,1
4546165584716802,杭州,160066,1
4531523848084480,杭州,160066,1
4491867696309263,杭州,160066,1
4607064599634945,杭州,160066,1
4526317891738638,杭州,160066,1
4383045613085705,杭州,160066,1
4538488880016399,杭州,160066,1
4526323226993668,杭州,160066,1
4632195665275904,杭州,626958,2
4629174129810435,杭州,626958,2
4629894280944651,杭州,626958,2
4605048603384844,杭州,206392,1
4548395077708806,杭州,206392,1
4605311123876871,杭州,206392,2
4615297208609797,杭州,206392,2
4570041198832646,杭州,206392,1
4631127612367886,杭州,206392,2
4575944628481025,杭州,206392,1
4589461617206285,杭州,160451,1
4624872734469134,杭州,183555,1
4626250083511311,杭州,183555,1
4511627963378699,杭州,206392,4
4630420708187136,杭州,183555,1
4614892219390991,杭州,505314,2
4627689866603530,杭州,505314,2
4626741932043279,杭州,505314,2
4625168750748674,杭州,505314,2
4622579434232841,杭州,505314,2
4630451856141326,杭州,505314,2
4525677429316614,杭州,160518,1
4598309001387023,杭州,160518,1
4574015580269581,杭州,160518,1
4568280982381570,杭州,160518,1
4539188748659719,杭州,160518,1
4550372140803079,杭州,160518,1
4568277722913801,杭州,160518,1
4618027423280140,杭州,160518,1
4568267412317188,杭州,160518,1
4525674859226121,杭州,160518,1
4590787189533706,杭州,943050,4
4624822257118223,杭州,505314,2
4623785593838601,杭州,505314,2
4625036096379909,杭州,505314,2
4618434941903879,杭州,405773,2
4623990700317708,杭州,183555,1
4613525841271816,杭州,183555,1
4618414559435776,杭州,183555,1
4618262865929221,杭州,183555,1
4604230580429827,杭州,183555,1
4599767401161735,杭州,183555,1
4611093536300035,杭州,405773,2
4618296068135944,杭州,405773,2
4615377581120516,杭州,505314,2
4619818638732302,杭州,405773,4
4606844037538827,杭州,405773,2
4606551215547400,杭州,405773,2
4625262155949063,杭州,405773,2
4619819295120389,杭州,405773,4
4608386955107329,杭州,405773,4
4615168048786440,杭州,405773,2
4624855253179403,杭州,206392,4
4622019747781632,杭州,206392,4
4632319450981389,杭州,943050,4
4598862077451271,杭州,626969,2
4613932071021576,杭州,478833,4
4627731871980556,杭州,161161,2
4626732829844494,杭州,161161,2
4632515651560456,杭州,161161,2
4613526310300684,杭州,161161,1
4629942784369667,杭州,161161,2
4603868554882056,杭州,161161,1
4560036271942664,杭州,161161,1
4586606952670217,杭州,161161,1
4508763337221126,杭州,161161,1
4571411417902083,杭州,161161,2
4579996155816965,杭州,626969,4
4597258014153741,杭州,626969,4
4633764204241935,杭州,626969,2
4592756844375050,杭州,626969,2
4598868470950918,杭州,626969,2
4599277806672897,杭州,626969,2
4488041703758858,杭州,478833,2
4630545322171392,杭州,478833,2
4607884045511688,杭州,478833,4
4630444262087682,杭州,160527,1
4616477168952331,杭州,161103,2
4616471113739276,杭州,161103,2
4620659698117637,杭州,161103,1
4621113365146632,杭州,161103,2
4577231469878282,杭州,161103,2
4583848402377737,杭州,160527,1
4551176708582401,杭州,160527,4
4588528650382337,杭州,160527,1
4607880628380685,杭州,478833,4
4605027048500225,杭州,160527,1
4604075157613571,杭州,160527,1
4609285858649088,杭州,160527,1
4477937798028293,杭州,160527,1
4586573639083013,杭州,160527,1
4571416954758153,杭州,160527,1
4621959584277505,杭州,478833,4
4608111040732172,杭州,626969,2
4607288833682436,杭州,626969,2
4618225514195980,杭州,626969,4
4613719863061505,杭州,160517,1
4605107664624642,杭州,160473,1
4596507366665226,杭州,160473,1
4556161491100672,杭州,160517,1
4599773210684430,杭州,160517,1
4595333716237322,杭州,160906,1
4255840480762883,杭州,182305,1
4528669388643341,杭州,182305,1
4629460797643778,杭州,182305,1
4591240700931075,杭州,182305,1
4603751208393742,杭州,182305,1
4596600428338186,杭州,182305,1
4623406099440650,杭州,182305,1
4598564489339906,杭州,182305,1
4610689118071814,杭州,160906,1
4630949823028230,杭州,160906,1
4538902510185485,杭州,160906,1
4585652746902540,杭州,160906,4
4594326543721484,杭州,160906,1
4565697228106767,杭州,160906,1
4562662013774849,杭州,160906,1
4561569449501710,杭州,160906,1
4606508100332546,杭州,160906,1
4619430669495298,杭州,943050,4
4586579113303043,杭州,943050,4
4550234862562308,杭州,161103,2
4391739434753024,杭州,652450,2
4517613009103875,杭州,609162,4
4599705323627532,杭州,609162,4
4517567611724813,杭州,609162,4
4588001361519618,杭州,204948,1
4632746028246027,杭州,204948,1
4609702916318219,杭州,204948,1
4602296295730187,杭州,204948,1
4578139861228557,杭州,204948,1
4584404346479630,杭州,204948,1
4620962825937926,杭州,204948,1
4537355494173700,杭州,204948,1
4632073785664516,杭州,204948,1
4538924244214789,杭州,204948,1
4623672094452748,杭州,652450,2
4568688789576715,杭州,652450,4
4568683234798599,杭州,652450,2
4310809772138498,杭州,652450,4
4599708106316804,杭州,609162,4
4517622080379916,杭州,609162,4
4517626872996876,杭州,609162,4
4629387425946637,杭州,160210,2
4625505456940045,杭州,877684,2
4624903816012808,杭州,877684,2
4581843640296457,杭州,877684,2
4627813316582409,杭州,160210,2
4462107541449743,杭州,160210,2
4625715804464134,杭州,160210,4
4633804250881033,杭州,160210,4
4599839971859458,杭州,160210,2
4554106734799879,杭州,609162,4
4605913201830926,杭州,160210,4
4608242163608582,杭州,160210,2
4608381157991435,杭州,160210,4
4617156195527685,杭州,160210,2
4623502747134976,杭州,609162,2
4517590587665416,杭州,609162,4
4610700756544513,杭州,609162,2
4441058075485186,杭州,652450,2
4441038792975361,杭州,652450,4
4617828805336066,杭州,877684,2
4589834021987329,杭州,652450,2
4585271950697487,杭州,369956,2
4545981085131778,杭州,369956,4
4570122601505795,杭州,369956,4
4567264909204491,杭州,369956,4
4596897858315279,杭州,369956,2
4598420890381323,杭州,369956,2
4614890366037004,杭州,369956,2
4623716478968832,杭州,183358,4
4611104698145792,杭州,183358,4
4534602807417858,杭州,1013054,2
4629481061964813,杭州,1013054,4
4611173398750222,杭州,1013054,0
4616565526141957,杭州,1013054,2
4609638839903239,杭州,369956,2
4598278828747777,杭州,369956,2
4624812343337992,杭州,369956,2
4481893693627398,杭州,826151,1
4595475354344452,杭州,652450,2
4589425938603020,杭州,652450,4
4616764723356683,杭州,778888,2
4534575891098625,杭州,778888,4
4548605846137869,杭州,778888,2
4506596421393417,杭州,778888,4
4616870191768590,杭州,778888,2
4499773920175111,杭州,826151,4
4597164836006915,杭州,826151,1
4608111877334030,杭州,826151,1
4545724706939904,杭州,826151,4
4530461992412166,杭州,826151,1
4610923473054732,杭州,826151,1
4604154715579395,杭州,826151,1
4602942595853319,杭州,826151,1
4606882047699970,杭州,826151,1
4616479660448771,杭州,877684,2
4614150365371407,杭州,877684,2
4515014328376325,杭州,943050,4
4366370457230336,杭州,363841,1
4615261790985220,杭州,208476,2
4500918059639820,杭州,160374,1
4574488443413512,杭州,160374,1
4521821672186880,杭州,160374,1
4575203402112015,杭州,160374,1
4530014581332998,杭州,160010,1
4584115123282950,杭州,160010,1
4569636753316877,杭州,363841,1
4595496634461196,杭州,363841,1
4615265570778112,杭州,208476,2
4579936740842507,杭州,208476,2
4504563359081479,杭州,208476,1
4605563403492364,杭州,825501,0
4515007579548677,杭州,943050,4
4516220925600781,杭州,943050,4
4630961173931013,杭州,825501,0
4630947686704135,杭州,825501,0
4606685487752195,杭州,825501,0
4630972756993025,杭州,825501,0
4607952201182212,杭州,825501,0
4633655504346121,杭州,825501,0
4150738401041421,杭州,208476,2
4633361696367626,杭州,825501,0
4633622202850315,杭州,825501,0
4627474302084103,杭州,825501,0
4603671044070403,杭州,208476,2
4616783631375363,杭州,208476,2
4550550619155457,杭州,208476,1
4615387525229575,杭州,208476,1
4613460959964175,杭州,363841,1
4595497016583168,杭州,363841,1
4624950652771339,杭州,877684,2
4615510941901835,杭州,363841,1
4626320642972672,杭州,779943,2
4616846851664911,杭州,779943,2
4619664356844546,杭州,779943,2
4617881716974598,杭州,779943,2
4614085737847808,杭州,779943,2
4623829131176972,杭州,779943,2
4614999810401295,杭州,779943,2
4629427037971468,杭州,779943,2
4520140825422850,杭州,779943,2
4588006402956296,杭州,779943,2
4582457295744006,杭州,877684,2
4603663581488139,杭州,877684,2
4632005038812161,杭州,877684,2
4623535709170698,杭州,863838,4
4633814968049679,杭州,363841,1
4626547488119820,杭州,363841,1
4565412816610304,杭州,363841,1
4632574477331466,杭州,363841,1
4633401989374976,杭州,863838,2
4629380091618317,杭州,863838,4
4629361508838404,杭州,863838,2
4582599676652544,杭州,863838,4
4619894217219078,杭州,863838,2
4582559262174209,杭州,863838,4
4618530283351053,杭州,863838,2
4623700788714501,杭州,863838,4
4582439251010572,杭州,863838,2
4624946754477062,杭州,160712,1
4599313497205766,杭州,161103,2
4626172788485129,杭州,161103,2
4527498579239943,杭州,1893012,2
4631030300224527,杭州,615993,4
4579519727070217,杭州,316964,2
4617984302769157,杭州,799196,0
4618004430040076,杭州,799196,0
4630891467402250,杭州,799196,0
4575692693494798,杭州,799196,0
4608162289984512,杭州,799196,0
4616670368640015,杭州,799196,0
4483563868154884,杭州,799196,0
4525928204016640,杭州,370048,2
4598001503874060,杭州,370048,2
4619738614651909,杭州,370048,2
4525933271407618,杭州,370048,2
4631720199805955,杭州,370048,2
4599615058111503,杭州,370048,2
4623959449512960,杭州,370048,2
4625247073692685,杭州,370048,2
4604822249135111,杭州,370048,2
4627676668290049,杭州,316964,2
4628647141448705,杭州,408269,0
4624643791559682,杭州,408269,0
4509036255845383,杭州,825525,4
4633884843432961,杭州,160633,1
4586963960898565,杭州,825525,2
4613968909655054,杭州,825525,2
4607955947432975,杭州,825525,2
4613868954934285,杭州,825525,2
4509043889253390,杭州,825525,4
4627969101259780,杭州,408269,0
4632237240822795,杭州,408269,0
4627473324958734,杭州,408269,0
4628888440957955,杭州,408269,0
4586977203608577,杭州,408269,0
4540085886278663,杭州,408269,0
4595334780724233,杭州,408269,0
4616646146255878,杭州,408269,0
4588442530554885,杭州,370048,2
4621129925010438,杭州,615993,2
4608413053934607,杭州,615993,4
4624886824459276,杭州,610923,4
4624995513658379,杭州,610923,2
4621997928963075,杭州,610923,4
4610708100307977,杭州,610923,4
4581040252050446,杭州,610923,2
4571624624610307,杭州,610923,4
4595168469146637,杭州,610923,2
4617850863068174,杭州,193195,1
4623226680634372,杭州,193195,2
4632385888576523,杭州,193195,2
4625109819186182,杭州,193195,2
4604240504626190,杭州,191610,2
4621812149429255,杭州,191610,2
4632058940873731,杭州,610923,4
4630749685099532,杭州,610923,2
4630747029185540,杭州,610923,2
4595160250362892,杭州,877721,4
4632737539974150,杭州,615993,2
4631403095745549,杭州,615993,4
4630865988559879,杭州,615993,2
4599499959788544,杭州,615993,2
4533364022537220,杭州,615993,2
4608607737633803,杭州,615993,2
4539908859440140,杭州,615993,4
4615225179565067,杭州,877721,2
4548602794224650,杭州,877721,4
4595740260064256,杭州,877721,2
4596570393832451,杭州,877721,4
4620719852545039,杭州,877721,4
4573929653101577,杭州,877721,4
4621042115161090,杭州,877721,4
4609303829736453,杭州,877721,4
4624962448796686,杭州,877721,4
4626531749338113,杭州,160633,1
4588118816496641,杭州,160442,1
4588583828810763,杭州,228771,1
4606452756405249,杭州,161128,1
4557626507258887,杭州,161128,1
4574218959346692,杭州,160442,1
4629390519856140,杭州,160442,1
4569876791141378,杭州,228771,1
4629377124658184,杭州,861512,2
4255649911282693,杭州,826756,0
4616415161691136,杭州,826756,0
4505945846735884,杭州,826756,0
4613606526594063,杭州,826756,0
4618476710358022,杭州,826756,0
4241212071635973,杭州,826756,0
4590926236638219,杭州,861512,2
4581360252804111,杭州,861512,2
4574287297113096,杭州,228771,1
4631949071229952,杭州,943068,0
4631895242171402,杭州,943068,0
4616869654324230,杭州,943068,0
4628018963033094,杭州,943068,0
4550312716217353,杭州,943068,0
4599931908398086,杭州,943068,0
4581072422546436,杭州,160442,1
4584279864171531,杭州,160442,1
4631056514264069,杭州,160633,1
4630768525597699,杭州,160442,1
4544141012855820,杭州,161051,1
4544708317373452,杭州,161051,1
4630609556806664,杭州,161051,1
4581013214190603,杭州,161051,1
4597900652010505,杭州,826603,4
4518838659619847,杭州,826603,4
4584315316935693,杭州,826603,2
4605108235346957,杭州,826603,2
4623733424612364,杭州,826603,2
4617073203846149,杭州,826603,2
4597896790303744,杭州,826603,2
4523037095537679,杭州,826603,2
4623952712047626,杭州,826603,2
4609847188954114,杭州,826603,2
4561500045175817,杭州,161051,1
4585640856577026,杭州,161051,1
4564423667082245,杭州,161051,1
4594416865369094,杭州,1302937,0
4516219988716549,杭州,160442,1
4610722847611905,杭州,160442,1
4565855251831820,杭州,160442,1
4618207224290307,杭州,160442,1
4626680371059716,杭州,1302937,0
4623712875469838,杭州,1302937,0
4608039789292548,杭州,1302937,0
4606619265981442,杭州,1302937,0
4555472391613453,杭州,161051,1
4547086530028550,杭州,1302937,0
4603621033274381,杭州,1302937,0
4514560720055303,杭州,1302937,0
4469524255646723,杭州,1302937,0
4606681093577740,杭州,1302937,0
4590953566776332,杭州,161051,1
4597169925186560,杭州,161051,1
4576800684600334,杭州,191610,2
4626234735813642,杭州,161103,4
4528640788014085,杭州,877696,2
4563124599401480,杭州,789656,4
4574407772412934,杭州,789656,4
4563127108578317,杭州,789656,4
4616839621321738,杭州,789656,2
4604961751540737,杭州,789656,2
4616821029643266,杭州,789656,2
4616837973011467,杭州,789656,2
4611144773823488,杭州,789656,2
4563125902093321,杭州,789656,4
4616812289580042,杭州,789656,4
4608382097628174,杭州,877696,4
4609842599336974,杭州,877696,4
4574520205173768,杭州,877696,4
4563018968673286,杭州,877696,2
4623769936145412,杭州,877696,4
4609380851080200,杭州,877696,2
4609690787568644,杭州,877696,2
4590884304497665,杭州,160969,1
4585882187144194,杭州,160969,1
4619713816337423,杭州,160969,1
4541333381719055,杭州,160489,1
4622277321057285,杭州,160489,1
4598122078772235,杭州,160489,1
4616323139527686,杭州,160969,1
4610728409967619,杭州,160969,1
4616478429535245,杭州,160969,1
4626465213850639,杭州,160969,1
4612235166542861,杭州,160969,1
4624786831399951,杭州,160969,1
4561504214686731,杭州,160969,1
4626259972123658,杭州,877696,4
4576661113428995,杭州,877696,2
4599838631240707,杭州,825862,2
4631916912159748,杭州,160423,1
4587143998596096,杭州,161005,1
4597956379372549,杭州,658236,4
4607871712093184,杭州,658236,4
4607050383399944,杭州,658236,4
4625210043837442,杭州,658236,4
4577058409571339,杭州,658236,4
4609230072552463,杭州,658236,4
4615112527160335,杭州,658236,4
4629487740265475,杭州,658236,4
4586972015881219,杭州,658236,4
4625205695110144,杭州,658236,4
4616474190261250,杭州,161103,2
4611104894278663,杭州,161005,1
4632584882498575,杭州,160423,1
4632110372891662,杭州,160423,1
4628152462941194,杭州,160423,1
4631922017840135,杭州,160423,1
4599528349936649,杭州,160423,1
4631910758933515,杭州,160423,1
4611088588545035,杭州,160423,1
4631957221501963,杭州,160423,1
4630865375271946,杭州,160423,1
4623966359526404,杭州,161005,1
4595126285114378,杭州,925737,2
4595529710513156,杭州,925737,2
4615154165804047,杭州,925737,4
4615204246924299,杭州,925737,4
4578543141559301,杭州,925737,4
4568177430600718,杭州,925737,4
4601098803457039,杭州,925737,4
4602980724597773,杭州,825862,2
4580255424289799,杭州,825862,2
4610590548386828,杭州,160053,1
4545579558970374,杭州,160344,1
4615296579857422,杭州,160049,1
4585296398396422,杭州,160049,1
4562613550605313,杭州,160049,1
4610765421620228,杭州,160049,1
4607805997589513,杭州,160049,1
4602805457591299,杭州,160053,1
4630673348717583,杭州,160053,1
4545980853281796,杭州,160053,1
4568469899975692,杭州,160053,1
4575324893686790,杭州,160053,1
4607999666695175,杭州,160053,1
4630644094821382,杭州,160344,1
4606434144951301,杭州,160344,1
4547406044830725,杭州,160344,1
4622548512332806,杭州,188696,2
3104869138750476,杭州,188696,2
3655301607350282,杭州,188696,2
4344607414607882,杭州,188696,2
4537531667737613,杭州,188696,2
4537501584976901,杭州,188696,2
4476326301066245,杭州,221384,1
4584367846677517,杭州,160344,1
4612715866792972,杭州,160344,1
4598363626382341,杭州,160344,1
4565810833857544,杭州,160344,1
4629499508268036,杭州,160344,1
4632527928974343,杭州,160344,1
4570134019234821,杭州,160053,1
4614916131675146,杭州,910818,1
4596545452710918,杭州,825862,2
4565767458384903,杭州,910818,1
4557118469303310,杭州,160363,1
4609323465991171,杭州,160363,1
4598293047503879,杭州,160363,1
4551491175408654,杭州,160363,1
4488017940032526,杭州,160363,1
4516058619472906,杭州,160363,1
4608326206612483,杭州,160363,1
4609721005466624,杭州,160363,1
4626365534198797,杭州,943047,2
4558567947346948,杭州,943047,2
4571133982972929,杭州,943047,2
4630585763847170,杭州,825862,2
4614187422114828,杭州,825862,2
4592861506364421,杭州,825862,2
4619735777534988,杭州,825862,2
4572454495036427,杭州,825862,2
4568234058882056,杭州,825862,2
4551493834222594,杭州,160363,1
4577221178352650,杭州,160363,1
4586850865865741,杭州,803350,4
4539996381013000,杭州,910818,1
4568255937747969,杭州,910818,1
4609602385683469,杭州,910818,1
4607076427361286,杭州,910818,1
4624911221578755,杭州,910818,1
4568514208308227,杭州,910818,1
4524382117307407,杭州,910818,1
4565563847255055,杭州,910818,1
4549765875215368,杭州,803350,4
4615601518418952,杭州,803350,4
4600283781358592,杭州,803350,4
4524525541202947,杭州,803350,2
4586848524495879,杭州,803350,4
4606883143754752,杭州,803350,2
4621069349463054,杭州,803350,4
4608210756609033,杭州,803350,2
4558662571236365,杭州,803350,4
4604286865417221,杭州,1013054,2
4599628068365322,杭州,1013054,2
4619169018698758,杭州,1013054,4
4606502990343183,杭州,161064,1
4554139848633351,杭州,369807,2
4579875737164815,杭州,469003,2
4631052839740424,杭州,469003,2
4617819428547595,杭州,469003,2
4579867407311883,杭州,469003,2
4596553073810433,杭州,469003,2
4616419320865803,杭州,469003,2
4595120625198080,杭州,469003,2
4559811384747013,杭州,469003,2
4608268767882249,杭州,469003,2
4623942365699072,杭州,469003,2
4569763348294668,杭州,161064,1
4628249226779658,杭州,161064,1
4598533024193545,杭州,161064,2
4615665932463119,杭州,161064,1
4608482422909966,杭州,161064,1
4623816584113167,杭州,161064,1
4615762279504898,杭州,778406,0
4588604523994125,杭州,778406,0
4497847145982982,杭州,778406,0
4632786521269258,杭州,369939,2
4616819043130375,杭州,1035021,4
4613964498902020,杭州,1035021,2
4611210941066253,杭州,369939,2
4607025315193858,杭州,369939,2
4601306474963970,杭州,369939,2
4473741692328971,杭州,369939,2
4624016799325198,杭州,369939,4
4598228212526082,杭州,369939,2
4595652061240322,杭州,778406,0
4501057767414797,杭州,369939,2
4596679948919812,杭州,369939,2
4598622271071239,杭州,369939,2
4620975562793984,杭州,778406,0
4633549181152261,杭州,778406,0
4633543153017860,杭州,778406,0
4587078017850368,杭州,778406,0
4630700016921607,杭州,161064,1
4615021985031171,杭州,161064,2
4584555921091587,杭州,1035021,2
4625118214630405,杭州,161064,1
4616786903000068,杭州,160205,2
4489419798602766,杭州,160205,2
4631966599273481,杭州,160205,4
4605185167727616,杭州,160205,2
4575728005504013,杭州,160205,2
4531532847062020,杭州,160205,2
4528724829187082,杭州,160205,2
4579788906798089,杭州,160205,4
4579674720869389,杭州,160205,4
4616646563306503,杭州,160205,4
4596748233382923,杭州,574387,4
4590885218116622,杭州,574387,2
4508877829921792,杭州,574387,2
4607161824930824,杭州,574387,2
4629097941441538,杭州,574387,2
4590105667578882,杭州,574387,2
4526116839316483,杭州,574387,2
4616366751867908,杭州,607424,2
4632396245556225,杭州,607424,2
4580082045803529,杭州,607424,2
4629947378181131,杭州,825877,2
4629558705904643,杭州,825877,2
4629208344058891,杭州,825877,4
4608246735051789,杭州,825877,4
4629561569205249,杭州,825877,4
4629709849469955,杭州,825877,4
4582993299219462,杭州,607424,2
4606844491506690,杭州,825877,2
4615610737157124,杭州,825877,4
4629189228305419,杭州,825877,4
4621009399376906,杭州,825877,2
4575420616645633,杭州,607424,4
4632230022507528,杭州,607424,2
4626810090284047,杭州,607424,2
4630001080593408,杭州,1035021,4
4616830400519169,杭州,1035021,2
4526131242507273,杭州,574387,2
4613923757171726,杭州,372524,2
4589407762603023,杭州,207765,1
4494995311401996,杭州,207765,1
4615276363588621,杭州,993920,4
4485080469695488,杭州,993920,2
4568582999055369,杭州,993920,4
4625436543282180,杭州,993920,2
4568564947954698,杭州,993920,4
4629501262783497,杭州,993920,4
4578518840859663,杭州,993920,4
4588319886879747,杭州,993920,4
4616684627221514,杭州,993920,2
4544371579563013,杭州,993920,4
4632444862931976,杭州,372524,2
4615025485442051,杭州,216723,1
4585530111550469,杭州,528979,0
4585928769580044,杭州,528979,0
4556859858265100,杭州,528979,0
4573852850297866,杭州,528979,0
4609601155275788,杭州,727345,2
4606733272755215,杭州,727345,2
4609636973353993,杭州,727345,2
4615008695315463,杭州,216723,1
4523286405147661,杭州,216723,1
4578353512686593,杭州,216723,2
4633134539742211,杭州,216723,2
4614993430191117,杭州,216723,1
4533114071084045,杭州,216723,2
4606237081216002,杭州,216723,1
4611166847083526,杭州,216723,1
4607804329286668,杭州,372524,2
4633700603321356,杭州,372524,2
4630005422613508,杭州,1035021,4
4632197167803401,杭州,372524,2
4617109982800908,杭州,216452,1
4566804329851913,杭州,216452,2
4630543191268363,杭州,216452,1
4626585991257089,杭州,216452,1
4633338927180805,杭州,216452,1
4633557741937677,杭州,995171,4
4633927221978126,杭州,995171,2
4622746947838984,杭州,995171,2
4631873604574218,杭州,995171,2
4631868456344591,杭州,995171,2
4576836371192843,杭州,995171,2
4595141932588036,杭州,995171,2
4626255032343556,杭州,995171,2
4616964571866116,杭州,1035021,2
4616832166030344,杭州,1035021,2
4616828312628236,杭州,1035021,2
4552662086900743,杭州,1035021,2
4633334711196679,杭州,216452,1
4631192797555717,杭州,216452,1
4626540868852737,杭州,216452,1
4563970228478979,杭州,469258,2
4629662366065678,杭州,372524,2
4599796874929164,杭州,372524,2
4613927930735627,杭州,372524,2
4601160604019726,杭州,372524,2
4599715385273348,杭州,372524,2
4599773258210317,杭州,469258,2
4607034619388942,杭州,469258,2
4633838925423626,杭州,469258,2
4626629337046026,杭州,216452,1
4565412812565516,杭州,469258,2
4589866303560713,杭州,469258,2
4585614951654403,杭州,469258,2
4598075974231054,杭州,469258,2
4606422303450122,杭州,469258,2
4598365308494858,杭州,469258,2
4601287564127247,杭州,216452,1
4526124980579334,杭州,574387,4
4526112171009033,杭州,574387,2
4598108829754376,杭州,1013054,2
4625031090412556,杭州,618884,2
4599437704274949,杭州,912258,2
4623516245810176,杭州,912258,4
4606583707065358,杭州,912258,2
4597076702536712,杭州,826340,2
4565944385838089,杭州,826340,2
4628124135435267,杭州,938894,2
4622056643093508,杭州,938894,2
4629737472875522,杭州,938894,2
4615245146156042,杭州,938894,2
4629641737298958,杭州,938894,2
4625229549726725,杭州,938894,2
4618180206337028,杭州,938894,2
4623477782340615,杭州,938894,2
4616647793368067,杭州,938894,2
4481131721057288,杭州,938894,2
4622541080210433,杭州,618884,2
4620780140047371,杭州,618884,2
4615425652501507,杭州,912258,2
4618000880790540,杭州,912258,2
4599645334940686,杭州,912258,4
4554407715646469,杭州,826661,2
4607885419930631,杭州,260398,2
4615409916324877,杭州,260398,2
4593994312150030,杭州,826661,4
4548423145628674,杭州,826661,2
4578036233659400,杭州,826661,2
4554421786434567,杭州,826661,4
4608166889593869,杭州,826661,2
4627927266632705,杭州,826661,2
4633765698610189,杭州,912258,2
4486341084699650,杭州,826661,4
4566763632843776,杭州,826661,2
4606811976117259,杭州,826661,2
4596613339552777,杭州,586666,4
4516200468061193,杭州,912258,2
4568964060048389,杭州,912258,4
4507523755844623,杭州,912258,2
4626057439290369,杭州,618884,2
4609301543576588,杭州,618884,2
4586584247704587,杭州,260398,2
4589434456300555,杭州,618884,2
4613710831328264,杭州,379779,2
4624643292093444,杭州,379779,2
4626665517018116,杭州,1133552,0
4629530890806281,杭州,1133552,0
4592444134288390,杭州,1133552,0
4617752099396609,杭州,1133552,0
4578415005051912,杭州,1133552,0
4615312483068933,杭州,1133552,0
4599453594854404,杭州,1133552,0
4629573343947785,杭州,1133552,0
4589455266423812,杭州,1133552,0
4578346925235200,杭州,1133552,0
4613510474654727,杭州,1893012,2
4582933214944267,杭州,1893012,2
4583784394843140,杭州,1893012,2
4610972252167174,杭州,1893012,4
4597169040075790,杭州,1893012,2
4485044516707342,杭州,379779,2
4626056536136714,杭州,379779,2
4617564396395522,杭州,379779,2
4619498509970432,杭州,717456,2
4623430846454792,杭州,618884,2
4623879093607424,杭州,618884,2
4632053864997897,杭州,717456,2
4618546927967244,杭州,717456,2
4623555939773446,杭州,717456,2
4623662281825289,杭州,717456,2
4619200912366597,杭州,717456,2
4561455781043202,杭州,717456,2
4623846290238469,杭州,379779,2
4619504418954241,杭州,717456,2
4618544154651659,杭州,717456,2
4623918008228873,杭州,717456,2
4527425784046594,杭州,379779,2
4608155280516111,杭州,379779,2
4632054693407744,杭州,379779,2
4630940994526221,杭州,379779,2
4575841070885896,杭州,260398,2
4610483002057736,杭州,260398,4
4616807972496393,杭州,375266,2
4615079489510404,杭州,174648,1
4610757709061121,杭州,299190,2
4564252287708173,杭州,299190,2
4576119387743241,杭州,299190,2
4564022942770186,杭州,299190,2
4510717423936522,杭州,299190,4
4613509533576208,杭州,299190,2
4632359000660997,杭州,299190,2
4613501597539332,杭州,224307,1
4605085308099590,杭州,224307,1
4545994451805198,杭州,224307,1
4614868602399753,杭州,224307,1
4608421643512843,杭州,224307,1
4607834670525450,杭州,224307,1
4615495305223170,杭州,224307,1
4621137776995339,杭州,224307,1
4608412552850445,杭州,224307,1
4564103974724623,杭州,299190,2
4578669053582338,杭州,299190,2
4567419263818760,杭州,299190,2
4610732510436358,杭州,637732,2
4616819117317122,杭州,375266,2
4519033041822727,杭州,375266,2
4633814084396047,杭州,375266,4
4615600836240398,杭州,375266,2
4624886530026497,杭州,375266,2
4595719003663365,杭州,375266,2
4629335319536649,杭州,375266,2
4611156987192322,杭州,637732,2
4616891815271433,杭州,637732,2
4613972989238277,杭州,637732,2
4616849954073612,杭州,637732,2
4611270498182149,杭州,637732,2
4618209036229632,杭州,637732,2
4619639431388161,杭州,637732,2
4616857082504192,杭州,637732,2
4620577818420231,杭州,637732,4
4610688647273487,杭州,224307,1
4621242673687560,杭州,174648,1
4596600078885900,杭州,260398,2
4603701173429256,杭州,174648,1
4625560213398528,杭州,404541,2
4605162177864713,杭州,404541,2
4616406123224069,杭州,404541,2
4623720567675916,杭州,404541,2
4614195629677577,杭州,404541,2
4633876884561924,杭州,652456,2
4620933848718336,杭州,652456,2
4534466490248196,杭州,652456,4
4615391440628740,杭州,652456,4
4616805449100303,杭州,652456,4
4624878489723911,杭州,652456,2
4620925423379467,杭州,652456,2
4633704576920582,杭州,652456,4
4609771088962571,杭州,652456,4
4524843189855247,杭州,652456,4
4596751118590982,杭州,260398,2
4607882653113347,杭州,260398,2
4558649362785289,杭州,404541,2
4629188881654799,杭州,404541,2
4630538026396680,杭州,404541,2
4604313341963268,杭州,825579,1
4606782095645701,杭州,174648,1
4603586410798091,杭州,174648,1
4587301760787470,杭州,825579,1
4599810851793933,杭州,825579,1
4595488139846658,杭州,825579,1
4616528037274624,杭州,825579,1
4608224364045326,杭州,825579,1
4597064680647680,杭州,825579,1
4625121154243584,杭州,404541,2
4592626387315727,杭州,825579,1
4596823763706892,杭州,825579,1
4614995399040009,杭州,825579,1
4620958649838596,杭州,825902,2
4630481148341254,杭州,825902,2
4620952726907910,杭州,825902,2
4626513763081225,杭州,404541,4
4621997830155268,杭州,528979,0
4604028446186496,杭州,528979,0
4573857477176324,杭州,528979,0
4612455685039114,杭州,219814,1
4599338548667401,杭州,1021780,0
4623859433761802,杭州,794775,4
4629552680541193,杭州,794775,4
4531464441881605,杭州,794775,4
4625412026000395,杭州,794775,4
4630559768505358,杭州,794775,4
4625411534445579,杭州,794775,4
4629056306371599,杭州,794775,4
4631083793587209,杭州,794775,4
4625379087705093,杭州,794775,4
4626887736896524,杭州,794775,4
4629352940022786,杭州,379780,2
4627761577237514,杭州,379780,2
4633919083895822,杭州,379780,2
4630305958419469,杭州,379780,2
4627761281952771,杭州,379780,2
4629309136329740,杭州,379780,2
4568244782734342,杭州,1021780,0
4618339619134466,杭州,1021780,0
4608193596582912,杭州,1021780,0
4589403712969743,杭州,952171,4
4609543619978253,杭州,575797,0
4605045348969478,杭州,952171,4
4547217469512709,杭州,952171,4
4632352864314383,杭州,952171,4
4631089017218057,杭州,952171,4
4630782510291978,杭州,952171,4
4624841191023621,杭州,952171,4
4629396710267913,杭州,952171,4
4619341049699333,杭州,1021780,0
4626856108137472,杭州,952171,4
4557467072715778,杭州,952171,4
4617914854108162,杭州,1021780,0
4614731465858054,杭州,1021780,0
4527370487145474,杭州,1021780,0
4584197434369039,杭州,1021780,0
4604291107122177,杭州,1021780,4
4612408984296463,杭州,219814,1
4603578895227910,杭州,219814,1
4631719603837959,杭州,575797,2
4615477918161927,杭州,219814,4
4626362282779652,杭州,1218303,2
4511904931767302,杭州,1218303,2
4595590581251078,杭州,369959,0
4564037630372865,杭州,219944,4
4571496393513987,杭州,219944,1
4619147956134915,杭州,219944,1
4552921390179343,杭州,660200,4
4586644895638529,杭州,660200,2
4611308877278223,杭州,660200,2
4630727012983808,杭州,660200,2
4619706297426950,杭州,660200,2
4611301621685259,杭州,660200,2
4580045231746049,杭州,660200,4
4599602902834183,杭州,660200,4
4575334705736705,杭州,660200,2
4575382439832591,杭州,660200,2
4611046465334278,杭州,171703,1
4490741243272205,杭州,1218303,2
4585264157811725,杭州,1218303,4
4585285387836421,杭州,1218303,4
4488396691301384,杭州,781853,2
4604114404289543,杭州,219814,1
4602691564332038,杭州,219814,1
4612451625413644,杭州,219814,1
4619158086722560,杭州,219814,4
4616294607350794,杭州,219814,1
4566002712796164,杭州,219814,1
4558969394158596,杭州,781853,2
4600789349917696,杭州,781853,2
4565820522535942,杭州,1218303,4
4600775246683147,杭州,781853,2
4518936525513742,杭州,781853,2
4548369181256712,杭州,781853,2
4585279567275021,杭州,1218303,4
4604109348695049,杭州,1218303,2
4632428622636046,杭州,1218303,2
4609359120358415,杭州,1218303,4
4621811329342473,杭州,575797,0
4624643161465858,杭州,575797,0
4572952204370953,杭州,528979,0
4594236169872386,杭州,826150,1
4580264257465350,杭州,825865,2
4609867438906372,杭州,161178,1
4601080349451264,杭州,161178,1
4633855593325578,杭州,161178,1
4590093366684681,杭州,161178,1
4607846578744328,杭州,161178,1
4602536228842511,杭州,161178,1
4623990293832718,杭州,161178,4
4590237800750094,杭州,161178,1
4509081481274381,杭州,161178,1
4539948267987968,杭州,161178,1
4520211525901319,杭州,826150,1
4551316637232131,杭州,826150,4
4626749040190464,杭州,826150,1
4575496729125889,杭州,826150,1
4627089532349452,杭州,826150,1
4581737340066821,杭州,825865,2
4632354085366786,杭州,877690,4
4612115837545487,杭州,1013054,2
4613836178367491,杭州,1013054,4
4357882571530250,杭州,877690,2
4584115310912526,杭州,877690,4
4633468161944576,杭州,877690,4
4540404951030793,杭州,877690,4
4630555910614030,杭州,877690,2
4528673310452750,杭州,877690,4
4629209153317901,杭州,877690,4
4626383891782669,杭州,877690,2
4625274718608394,杭州,877690,4
4630606048435206,杭州,825865,2
4626376681774091,杭州,826150,1
4627123979033615,杭州,826150,1
4526254958275595,杭州,575797,0
4623781274344463,杭州,826150,1
4607901177424901,杭州,573180,0
4613454001691663,杭州,573180,0
4578387012201473,杭州,610622,2
4557250383834119,杭州,610622,0
4557245734345734,杭州,610622,2
4557237247650816,杭州,610622,0
4599484596069382,杭州,610622,2
4578383204588546,杭州,610622,2
4632097391975439,杭州,610622,2
4634141119863816,杭州,610622,0
4634151463314437,杭州,610622,0
4539040550001667,杭州,610622,0
4543108585907202,杭州,575797,2
4541291715554316,杭州,575797,2
4608226751945736,杭州,575797,0
4623227772345351,杭州,575797,0
4609071738215438,杭州,575797,0
4357386597145600,杭州,160987,1
4627117600547847,杭州,826150,1
4617714864008199,杭州,160987,1
4596799987112973,杭州,160987,1
4628256090582023,杭州,160987,1
4594439859971079,杭州,160987,1
4607195440274443,杭州,160987,1
4606517836274689,杭州,160987,4
4563111295114247,杭州,160987,1
4597017964276748,杭州,160987,1
4594077515750400,杭州,160987,1
4626522886478857,杭州,1035534,2
4545631812676608,杭州,1035534,2
4589960021140485,杭州,1035534,2
4624190306593799,杭州,160570,1
4614009352186887,杭州,160766,1
4540276920183812,杭州,160766,1
4545676203174922,杭州,160766,1
4566953507728389,杭州,160766,1
4607959431588864,杭州,160766,1
4496547161170959,杭州,160766,1
4552674669143040,杭州,160957,1
4600056424537103,杭州,160957,1
4524934022980613,杭州,160957,1
4488888566098950,杭州,160957,1
4596959530574848,杭州,160957,1
4568210297478151,杭州,160957,1
4619134611235840,杭州,160957,1
4569952903339020,杭州,160957,1
4585805395274755,杭州,160957,1
4617730489590790,杭州,160957,1
4617767601253380,杭州,160570,1
4569873611152395,杭州,160766,1
4523077543488517,杭州,160766,1
4568189851626504,杭州,160766,1
4624869661385729,杭州,762457,2
4588557827662851,杭州,209018,1
4619168972942341,杭州,209018,1
4523375451384846,杭州,209018,4
4616298439992331,杭州,209018,1
4618151784440834,杭州,209018,1
4623933364362250,杭州,209018,1
4624809400691723,杭州,762457,2
4592340631809031,杭州,762457,2
4590110118538242,杭州,160766,1
4624807971007492,杭州,762457,2
4633727182363659,杭州,762457,2
4561610022394882,杭州,762457,2
4623410684503052,杭州,762457,2
4571053324364805,杭州,762457,2
4605353503759371,杭州,762457,2
4565452068543489,杭州,762457,2
4626336173974539,杭州,160570,1
4621017114371086,杭州,160570,1
4616665810672641,杭州,1035534,2
4515053370221569,杭州,160570,1
4594214425324559,杭州,224144,0
4565771903196163,杭州,224144,0
4565793960158211,杭州,224144,0
4629544571317259,杭州,224144,0
4596865920787457,杭州,224144,0
4564840612701185,杭州,160395,1
4551894984563718,杭州,160395,1
4609314821579786,杭州,160395,1
4579877262224391,杭州,160395,1
4585497290042374,杭州,160395,1
4551892643486727,杭州,160395,1
4530076892388360,杭州,160395,1
4597947182982156,杭州,160395,1
4622655491992583,杭州,160395,1
4587177594035206,杭州,160395,1
4632385232002051,杭州,528979,0
4630538961380363,杭州,528979,0
4629533531986957,杭州,224144,0
4527265350523918,杭州,224144,0
4602609944978445,杭州,224144,0
4633800941478913,杭州,659567,2
4626521457402891,杭州,160570,1
4578391177110541,杭州,160570,1
4618605193288713,杭州,160570,1
4561446736897028,杭州,160570,1
4571444469689357,杭州,160570,1
4623672810122252,杭州,659567,2
4633814667699204,杭州,659567,2
4631718809840641,杭州,659567,2
4565806953589767,杭州,224144,4
4617564802458625,杭州,659567,2
4603409810613260,杭州,659567,2
4528770280465413,杭州,659567,2
4628887511507978,杭州,659567,2
4602388008821760,杭州,659567,2
4602397890124804,杭州,659567,2
4616462450615298,杭州,224144,0
4616682408649731,杭州,209018,1
4582431927856142,杭州,209018,1
4557387925777414,杭州,209018,1
4632317173818379,杭州,209018,1
4558239419147269,杭州,721076,2
4153983919725575,杭州,721076,2
4607872612445199,杭州,721076,2
4596577207839758,杭州,721076,2
4551627952366596,杭州,172313,1
4615479386072071,杭州,172313,1
4609375408579588,杭州,172313,1
4597032940055556,杭州,369948,2
4633533537051655,杭州,369948,2
4633582099950604,杭州,369948,2
4592620580201480,杭州,721076,2
4630536833704964,杭州,721076,2
4630495307639812,杭州,721076,2
4589940114529282,杭州,1035534,2
4492411102211076,杭州,1035534,2
4625447030516747,杭州,1035534,2
4579810950831104,杭州,1035534,2
4529208334066695,杭州,1035534,2
4541382797470720,杭州,1035534,2
4610917588528138,杭州,223595,1
4626728408800258,杭州,721076,2
4593794607275017,杭州,223595,1
4632413031685131,杭州,721076,2
4466776450542601,杭州,721076,2
4557023284732940,杭州,369948,2
4616502235917320,杭州,369948,2
4598030180150282,杭州,369948,4
4595396590070790,杭州,171723,4
4575729342260225,杭州,1178779,2
4611151282973698,杭州,1178779,2
4630601454496779,杭州,1178779,2
4611243187643394,杭州,1178779,2
4605082102686734,杭州,1178779,2
4625037428679687,杭州,1178779,2
4588430863232005,杭州,171723,2
4606789745892353,杭州,171723,2
4629481696865293,杭州,1178779,2
4604026392960015,杭州,171723,1
4612502200675341,杭州,171723,1
4384228063898634,杭州,171723,2
4612495037438981,杭州,171723,2
4522939991041032,杭州,171723,2
4567572599745547,杭州,171723,2
4551216214680577,杭州,171723,2
4599675053173763,杭州,1178779,2
4575726784603148,杭州,1178779,2
4630543528324106,杭州,369948,4
4620701791726600,杭州,806034,2
4610672626768908,杭州,369948,2
4553205040749574,杭州,369948,2
4633788679136258,杭州,369948,4
4630747475762176,杭州,806034,2
4630618160278537,杭州,806034,2
4630602587759623,杭州,806034,2
4598018119609359,杭州,806034,2
4613765299743754,杭州,806034,2
4611154795211791,杭州,1178779,2
4608278060592131,杭州,806034,2
4599543639665674,杭州,806034,2
4529392560888832,杭州,806034,2
4566127630949388,杭州,806034,2
4620625758104586,杭州,877779,0
4625406403257359,杭州,877779,0
4620631717422086,杭州,877779,0
4590949012857864,杭州,160173,1
4544861799816200,杭州,825483,2
4622014276101124,杭州,1001251,4
4618270418215936,杭州,1001251,4
4618473670990856,杭州,1001251,4
4618109994003465,杭州,1001251,4
4621029721154575,杭州,1001251,4
4629634830330889,杭州,1001251,4
4568311717274636,杭州,1001251,4
4618268922747916,杭州,1001251,4
4598621752650764,杭州,1001251,4
4517478798437380,杭州,1001251,4
4571151969231882,杭州,825483,2
4571150072015877,杭州,825483,4
4598062203788298,杭州,825483,2
4592892326210570,杭州,825483,0
4632577590324234,杭州,825483,0
4588310972670981,杭州,825483,2
4597405601295367,杭州,825483,0
4631986261500933,杭州,1440450,0
4630305129290764,杭州,1440450,0
4621809423000585,杭州,1440450,0
4579711586622474,杭州,877975,4
4608120328887296,杭州,825948,2
4619232306537481,杭州,825948,2
4538610408598537,杭州,877975,0
4540320069200897,杭州,877975,4
4557203211938820,杭州,877975,2
4554343961766917,杭州,877975,4
4599990209143808,杭州,877975,2
4540527520787462,杭州,877975,4
4614733010230283,杭州,1440450,0
4608311382744069,杭州,877975,2
4624642448366599,杭州,1440450,0
4633352510481412,杭州,1440450,0
4597745435126798,杭州,1440450,0
4609233154268173,杭州,1440450,0
4623798270864394,杭州,1440450,0
4620395105639431,杭州,1440450,0
4562565658534927,杭州,825483,2
4538472631741452,杭州,825483,2
4618181751284748,杭州,825948,2
4516061427737606,杭州,369963,2
4567109071399950,杭州,369963,2
4516087639677959,杭州,369963,2
4566294263127046,杭州,369963,0
4535929881652233,杭州,369963,0
4540146006615050,杭州,369963,2
4517098914325512,杭州,369963,0
4514500365851656,杭州,181250,1
4612096850009089,杭州,181250,1
4623449390457871,杭州,181250,1
4550221475355655,杭州,181250,1
4626697250118661,杭州,181250,1
4614133925964808,杭州,181250,1
4613831286270989,杭州,181250,1
4605608604396556,杭州,181250,1
4572979288730629,杭州,181250,1
4617868180331532,杭州,181250,1
4426772838081541,杭州,369963,0
4629264990870543,杭州,219771,1
4570063906907149,杭州,219771,1
4578193667333130,杭州,795071,2
4633623899235336,杭州,160619,1
4616751259479048,杭州,795071,2
4616826965795843,杭州,795071,2
4602308815694857,杭州,795071,2
4613921791532045,杭州,795071,2
4616771571248138,杭州,795071,2
4598648735951887,杭州,219771,1
4624909900864527,杭州,795071,2
4618302728233992,杭州,795071,2
4629221157053447,杭州,795071,2
4508788919868426,杭州,795071,2
4609408758799375,杭州,219771,1
4601396035136523,杭州,219771,1
4574661715520517,杭州,219771,1
4629225887538180,杭州,825948,2
4625579861763076,杭州,825948,2
4617776479984652,杭州,370076,2
4621138436156422,杭州,910656,1
4625405391383554,杭州,610901,2
4626356726426627,杭州,610901,2
4626793678007311,杭州,610901,4
4623913911081989,杭州,610901,4
4626984207344649,杭州,610901,2
4623481431714829,杭州,610901,2
4616751018908682,杭州,610901,2
4618075934415881,杭州,610901,2
4594213782266880,杭州,610901,4
4555539435936779,杭州,610901,4
4621113984740361,杭州,910656,1
4619157476944902,杭州,910656,4
4567223339838475,杭州,910656,4
4614877913771014,杭州,910656,4
4623971052624910,杭州,910656,4
4517341811911680,杭州,910656,1
4611261459866636,杭州,910656,1
4581324108573697,杭州,826385,2
4574323302132749,杭州,826385,2
4550490135866381,杭州,826385,2
4598417441692687,杭州,779138,2
4509492840225802,杭州,926296,0
4608190651575298,杭州,779138,2
4630505446566919,杭州,779138,2
4557254330493955,杭州,779138,2
4561278854867977,杭州,779138,2
4578462275492870,杭州,779138,4
4633651681225735,杭州,779138,2
4519258397301762,杭州,779138,2
4630618851863556,杭州,826385,2
4611544401468423,杭州,779138,2
4629547214461953,杭州,826385,2
4630850431507462,杭州,826385,2
4586706351709190,杭州,826385,2
4595136771529742,杭州,826385,2
4527275998342147,杭州,826385,2
4595550976041995,杭州,826385,2
4617718761151501,杭州,910656,1
4621102072654859,杭州,910656,1
4620579609422858,杭州,1236386,2
4586745043442702,杭州,1201595,1
4579764010296322,杭州,804912,0
4605165820306445,杭州,804912,0
4612425572133902,杭州,804912,0
4631072727671814,杭州,804912,0
4631355298901005,杭州,804912,0
4550020014892039,杭州,804912,0
4550091298446345,杭州,804912,0
4524444190321668,杭州,804912,0
4527576913619974,杭州,1236386,4
4629539875695629,杭州,1236386,2
4629433726737410,杭州,1236386,2
4527559889939461,杭州,1236386,4
4625048004666380,杭州,1236386,2
4626669087251471,杭州,1236386,2
4610720204121102,杭州,1236386,2
4618194210216961,杭州,1236386,2
4608384881024011,杭州,1236386,2
4575325450120204,杭州,804912,0
4620687732220935,杭州,804912,0
4507401527157769,杭州,657498,0
4616709805124611,杭州,826055,2
4616383676312588,杭州,826055,2
4630882559781889,杭州,826055,2
4584104576248840,杭州,826055,2
4623665024609285,杭州,826055,2
4606793252232198,杭州,657498,2
4588559450807309,杭州,826055,2
4633592674147336,杭州,826055,2
4623663583292426,杭州,826055,2
4614155511507973,杭州,826055,2
4579817953354763,杭州,826055,2
4630888175754247,杭州,657498,2
4599312455490567,杭州,657498,0
4631967922625538,杭州,370076,2
4506025623858188,杭州,370076,2
4584206079978504,杭州,926296,2
4582366615331841,杭州,160511,1
4581454652646412,杭州,160576,1
4611349430557710,杭州,160576,1
4548536917632010,杭州,160576,1
4576851697851399,杭州,160576,1
4574608103992326,杭州,160576,1
4613467739610122,杭州,826009,1
4598486453789708,杭州,160576,1
4623870080343052,杭州,160576,1
4603862266455048,杭州,160576,1
4526313162693638,杭州,160613,1
4538810159258630,杭州,825828,0
4611074766822412,杭州,825828,0
4631924153277454,杭州,825828,0
4622470442083343,杭州,825828,0
4622469691517955,杭州,825828,0
4632296297882629,杭州,160613,1
4629707823244291,杭州,160613,1
4619166599160835,杭州,160613,1
4547166316895232,杭州,160576,1
4605068243803139,杭州,160613,1
4598255576769551,杭州,160613,1
4615047317412870,杭州,160613,1
4525743579929600,杭州,160613,1
4625090000544777,杭州,160613,1
4581333612403712,杭州,160613,1
4604985877437450,杭州,160576,1
4606796193244170,杭州,825828,0
4604229024670723,杭州,778765,4
4590929534446599,杭州,160055,1
4591211521436687,杭州,160055,1
4616320488299533,杭州,160055,1
4584129661197326,杭州,160055,1
4562662082847755,杭州,826363,1
4615215893851137,杭州,826363,1
4537743706692619,杭州,826363,1
4527502922540038,杭州,826363,1
4625475966917639,杭州,826363,1
4507569891208203,杭州,826363,1
4546021204487183,杭州,778765,4
4625399447034889,杭州,778765,4
4624896409639946,杭州,778765,4
4608333186264079,杭州,370083,2
4588301436038159,杭州,160511,1
4541397652577283,杭州,370083,2
4616582973776902,杭州,370083,2
4616665037335557,杭州,370083,2
4616648059755534,杭州,370083,2
4554424024884239,杭州,778765,4
4524455900292107,杭州,370083,2
4518848500966412,杭州,370083,4
4534456327609358,杭州,778765,4
4562856541643780,杭州,778765,4
4622295658554383,杭州,778765,4
4524859390860293,杭州,778765,4
4625090209262597,杭州,778765,4
4527710880934916,杭州,825828,0
4521753661905932,杭州,825828,0
4631891851635725,杭州,370076,2
4632114254537735,杭州,801400,4
4563996559877124,杭州,219861,2
4613957845246991,杭州,219861,2
4615019203863566,杭州,219861,2
4575498838369285,杭州,219861,2
4565585526760462,杭州,219861,2
4590002254392322,杭州,219861,2
4626474748697611,杭州,192435,1
4589569871162376,杭州,179524,1
4616394629538816,杭州,179524,1
4568338497905669,杭州,179524,1
4612416955243528,杭州,179524,1
4620616172727304,杭州,179524,1
4544775166878728,杭州,179524,1
4610692648508430,杭州,179524,1
4550047011857416,杭州,179524,1
4624897003777033,杭州,179524,1
4548761902703617,杭州,179524,1
4568641430285319,杭州,219861,2
4593850084699143,杭州,219861,2
4630558324108292,杭州,219861,2
4591365353284623,杭州,160162,1
4531361395715072,杭州,370076,4
4519070320241671,杭州,370076,2
4505055371418631,杭州,370076,2
4625706270792713,杭州,370076,2
4632460300674050,杭州,370076,2
4629900486138890,杭州,370076,2
4626247975396360,杭州,160162,1
4616380570659840,杭州,160162,1
4629071649661958,杭州,219861,2
4623744828597258,杭州,160162,1
4621201039449099,杭州,160162,1
4614905937075215,杭州,160162,1
4599403274822659,杭州,160162,1
4621206662865924,杭州,160162,1
4579564844461056,杭州,160162,1
4540324844055563,杭州,160162,1
4612871618161672,杭州,801400,2
4581392867601412,杭州,801400,4
4578433768088585,杭州,825828,0
4633750294404110,杭州,801400,4
4617723745821706,杭州,160431,1
4588136589616137,杭州,369972,0
4575663020663811,杭州,369972,0
4551726478433287,杭州,369972,0
4550023298900998,杭州,369972,0
4588105586256900,杭州,369972,0
4595497279071234,杭州,369972,0
4619186290844682,杭州,369972,0
4606967694615559,杭州,369972,0
4609323201244165,杭州,369972,0
4609300031286277,杭州,369972,0
4527713256299530,杭州,825828,0
4633724624366596,杭州,1218290,0
4607049730876425,杭州,801400,2
4574001223820295,杭州,801400,2
4592535970901006,杭州,801400,4
4616309113070604,杭州,801400,2
4542089122405390,杭州,801400,4
4568664678706189,杭州,801400,4
4632273901497345,杭州,1218290,0
4632292984138752,杭州,1218290,0
4632256328084486,杭州,1218290,0
4626628813007885,杭州,1218290,0
4618206913342477,杭州,1218290,0
4622060897709066,杭州,1218290,0
4602289720583168,杭州,1218290,0
4619239631432711,杭州,1218290,0
4516028757761035,杭州,1218290,0
4605435788960774,杭州,926296,2
4329339350739983,杭州,926296,0
4585655499103243,杭州,201140,1
4523264391078918,杭州,160543,1
4609816858256388,杭州,160543,1
4529964759067649,杭州,160543,1
4567112768498693,杭州,160543,1
4507344855444483,杭州,160543,1
4623544843545611,杭州,160543,1
4530097078313987,杭州,160543,1
4622516118234113,杭州,160543,1
4620643491193865,杭州,181423,1
4623845754053637,杭州,181423,1
4619213651307533,杭州,181423,1
4548960367303680,杭州,181423,1
4517511544022021,杭州,181423,1
4549932648766467,杭州,181423,1
4623436439006212,杭州,181423,1
4570289980531721,杭州,181423,1
4548429071592448,杭州,201140,1
4630856660265994,杭州,160543,1
4507800087731205,杭州,160543,1
4614191932285963,杭州,219714,1
4624834534484997,杭州,160506,1
4562554793157641,杭州,160506,1
4595101348785164,杭州,160506,1
4633764850555916,杭州,160506,1
4606557344965647,杭州,160506,1
4617776823198723,杭州,160506,1
4600792298265604,杭州,160506,1
4631063568493574,杭州,160506,1
4561388156513294,杭州,219714,1
4621167504827403,杭州,219714,1
4520169407800325,杭州,219714,1
4629173280400394,杭州,219714,1
4625323276739595,杭州,219714,1
4630956293499917,杭州,219714,1
4596782616255488,杭州,219714,1
4606614530515981,杭州,219714,1
4539960126675968,杭州,219714,1
4606822001400832,杭州,201140,1
4613515894381580,杭州,201140,1
4609196122334213,杭州,160506,1
4540266136806408,杭州,201140,1
4622760992070662,杭州,160980,0
4605304751907850,杭州,160980,0
4530127382111244,杭州,160980,4
4623428265733128,杭州,160980,2
4629558487114757,杭州,160980,4
4623855257297934,杭州,219317,2
4553232040291331,杭州,219317,2
4485342050102278,杭州,219317,2
4633702782151688,杭州,219317,2
4630599953179662,杭州,160551,2
4609566111933451,杭州,160551,2
4616312288404485,杭州,160551,2
4629064596988935,杭州,160551,2
4607204573309967,杭州,160980,0
4632109566798849,杭州,160980,2
4632465697954824,杭州,160980,4
4536998039624717,杭州,160251,1
4607056666944514,杭州,201140,1
4561260656176132,杭州,201140,1
4561547796456463,杭州,201140,1
4561265944964099,杭州,201140,1
4591146368982027,杭州,201140,1
4547347112799240,杭州,160251,1
4530514346318862,杭州,160251,1
4548896257317889,杭州,160251,1
4616693645665291,杭州,160980,2
4548958467288074,杭州,160251,4
4545702782098447,杭州,160251,2
4507984240352257,杭州,160251,4
4482415419073539,杭州,160251,2
4527645293718531,杭州,160251,1
4597914203249674,杭州,160251,1
4624751728778251,杭州,160980,2
4629487416255494,杭州,160506,1
4615456627944460,杭州,826558,1
4629452044852238,杭州,911970,2
4605510797110278,杭州,826220,2
4621254722135055,杭州,188962,1
4571134617164813,杭州,188962,1
4619604223306759,杭州,497413,2
4632822226496525,杭州,497413,2
4629491061156872,杭州,497413,0
4616730306634757,杭州,497413,0
4616724436343816,杭州,497413,2
4632819673947149,杭州,497413,2
4616727089097738,杭州,497413,0
4580407996701709,杭州,497413,2
4608288577645568,杭州,826220,4
4608282771647497,杭州,826220,4
4608285837138952,杭州,826220,4
4632333253995535,杭州,826220,4
4629712629443596,杭州,826220,4
4560099563351043,杭州,826220,4
4609433105456136,杭州,826220,4
4532850874739717,杭州,188962,1
4564025860860935,杭州,188962,1
4603905435560961,杭州,188962,1
4616684717302798,杭州,528704,2
4476732067226628,杭州,205375,1
4537073289784334,杭州,205375,1
4557275327456268,杭州,191939,1
4564668927501316,杭州,191939,1
4595431768777736,杭州,528704,2
4621234001110026,杭州,528704,4
4616872276435971,杭州,528704,2
4614988238070786,杭州,188962,1
4608254532148228,杭州,528704,2
4599353993389057,杭州,528704,2
4595496243817483,杭州,528704,2
4603922863594500,杭州,188962,1
4571598312532993,杭州,188962,1
4604581493138444,杭州,188962,1
4603864738718730,杭州,188962,1
4622189655581702,杭州,826220,2
4537547720596480,杭州,826220,2
4618027259304960,杭州,826558,1
4552678075952140,杭州,190732,1
4562450279869449,杭州,217136,1
4428621152185345,杭州,217136,1
4512198198762510,杭州,217136,1
4548727751320583,杭州,217136,1
4595278048289799,杭州,217136,1
4541357788685324,杭州,217136,1
4586811821911054,杭州,217136,1
4579594198033413,杭州,217136,1
4548726346230798,杭州,217136,1
4614111248622598,杭州,826558,1
4623744492561417,杭州,826558,1
4618085605174274,杭州,826558,1
4615391938436109,杭州,826558,1
4632017378139138,杭州,826558,1
4625223454432265,杭州,826558,1
4626612812143623,杭州,826558,1
4619238400715777,杭州,826558,1
4538503067755522,杭州,217136,1
4599659556269070,杭州,826268,1
4621279834891269,杭州,826268,4
4540494559110152,杭州,614569,2
4562643787017225,杭州,190732,1
4615406910417924,杭州,265301,2
4611364255099906,杭州,265301,4
4589683350858756,杭州,265301,4
4589683438214154,杭州,265301,4
4589687440202766,杭州,265301,4
4592414454672388,杭州,265301,1
4490602229652489,杭州,614569,2
4626586441571335,杭州,826268,1
4629195810071562,杭州,826268,1
4568304850281483,杭州,826268,1
4609426150960130,杭州,826268,1
4581071900924943,杭州,826268,1
4595657659640833,杭州,826268,1
4477721228092426,杭州,826268,1
4498991501288450,杭州,826268,1
4548608882107404,杭州,911970,2
4616415631596556,杭州,911970,2
4509240192146444,杭州,926296,0
4618081776147456,杭州,1100978,0
4570061816753154,杭州,1274301,4
4524724834003976,杭州,1274301,2
4540391075470345,杭州,1274301,4
4632024827583497,杭州,1274301,4
4629765791640584,杭州,1274301,4
4629432605617155,杭州,1274301,4
4630569271139340,杭州,1274301,4
4625129620249600,杭州,1274301,4
4616477294828548,杭州,1274301,4
4557118271073285,杭州,1274301,4
4571053939682316,杭州,793803,2
4578507548515340,杭州,793803,2
4621981099729933,杭州,1100978,0
4608193076194306,杭州,1100978,0
4582655957967873,杭州,1100978,0
4542671836636163,杭州,877750,4
4623874415909892,杭州,346247,2
4606839105657859,杭州,877750,4
4579799627308033,杭州,877750,4
4609593526037506,杭州,877750,4
4613880689187854,杭州,877750,4
4612084008430593,杭州,877750,4
4580447980641280,杭州,877750,4
4471141946043401,杭州,877750,4
4598347034369035,杭州,1100978,0
4609622660029448,杭州,877750,4
4598374609411072,杭州,877750,4
4602594322078720,杭州,1100978,0
4632316146150409,杭州,1100978,0
4566883826916352,杭州,1100978,0
4561652324752392,杭州,1100978,0
4630948412238856,杭州,1100978,0
4565816208305166,杭州,346247,0
4622112611363852,杭州,1218302,2
4547095542391809,杭州,1218302,2
4520464534217730,杭州,1218302,2
4611050615168013,杭州,1218302,2
4568547853722631,杭州,1218302,2
4612311610416129,杭州,1390348,4
4603651776048138,杭州,1390348,4
4621023995620352,杭州,1390348,4
4612293346634764,杭州,1390348,4
4605332677717007,杭州,1390348,4
4610679611483139,杭州,1390348,4
4611111822175239,杭州,1390348,4
4546198505137164,杭州,1390348,4
4609235810720778,杭州,1390348,4
4612304853543946,杭州,1390348,4
4461037833413647,杭州,926296,2
4596869344041993,杭州,926296,2
4572595998925828,杭州,1218302,2
4604090749379588,杭州,1218302,2
4629502255377420,杭州,1218302,2
4565666824021003,杭州,1003246,2
4548385004624904,杭州,826126,2
4630742914589704,杭州,826126,2
4506508379200519,杭州,826126,1
4567601833122829,杭州,826126,1
4630551545781251,杭州,1003246,2
4630562204296193,杭州,1003246,2
4603652568394758,杭州,1003246,2
4604823622953989,杭州,1003246,2
4627764589454337,杭州,1218302,2
4586756480869390,杭州,1003246,2
4550348605762574,杭州,1003246,2
4624985921772545,杭州,1003246,2
4578698387778565,杭州,1003246,2
4577060445875205,杭州,1003246,2
4611900882297869,杭州,292253,1
4561577077283843,杭州,1218302,2
4633135215684613,杭州,346247,2
4606489435317258,杭州,346247,0
4625139341421569,杭州,911970,2
4618271749186563,杭州,995819,2
4618274143478790,杭州,995819,2
4618214213970955,杭州,995819,2
4618220633285638,杭州,995819,2
4617797723530246,杭州,995819,2
4526148099382276,杭州,995819,2
4588377723153416,杭州,995819,2
4616289215273991,杭州,786761,2
4626579602119692,杭州,786761,4
4616706548182018,杭州,786761,2
4626532054440973,杭州,786761,4
4626528055172105,杭州,786761,4
4616762267642893,杭州,786761,2
4626553999612938,杭州,786761,4
4620548826244104,杭州,786761,2
4622496284470280,杭州,786761,2
4618268778241027,杭州,995819,2
4618198761626631,杭州,995819,2
4618232897741838,杭州,995819,2
4506353812841483,杭州,938030,1
4625148956351491,杭州,911970,2
4554586932995082,杭州,911970,2
4575646377040905,杭州,911970,2
4583779440993292,杭州,911970,2
4574011058068495,杭州,911970,2
4588030818589705,杭州,911970,2
4568613581302785,杭州,938030,1
4584174532992010,杭州,938030,1
4118431767604229,杭州,877715,0
4571630749641740,杭州,938030,1
4626163708304390,杭州,938030,1
4626626689162255,杭州,938030,1
4487554364894216,杭州,938030,1
4599525462809604,杭州,938030,1
4624114623867905,杭州,938030,1
4595091105045515,杭州,938030,1
4608174048881678,杭州,786761,2
4547035171892226,杭州,346247,2
4578179349961736,杭州,826831,4
4602509581032450,杭州,826831,4
4632720356156417,杭州,621010,2
4575690672053259,杭州,621010,0
4631981128690700,杭州,621010,2
4632635289641997,杭州,621010,2
4506738305592334,杭州,621010,2
4616300183067650,杭州,621010,2
4619643302648842,杭州,621010,2
4633346495783948,杭州,621010,2
4633405593316362,杭州,621010,2
4629357887216640,杭州,621010,2
4604094058961935,杭州,346247,2
4630962006678543,杭州,346247,0
4589946767092749,杭州,346247,2
4627473320797189,杭州,346247,2
4565801681869827,杭州,346247,2
4364811541650432,杭州,826831,4
4531799132562432,杭州,826831,4
4534416380470277,杭州,826831,4
4609571571330050,杭州,217621,2
4631719976983561,杭州,217621,1
4628088782302217,杭州,217621,1
4628134060647425,杭州,217621,1
4615222185470990,杭州,826831,4
4598376072145933,杭州,217621,1
4628097219439620,杭州,217621,1
4615182408641537,杭州,217621,1
4623839376485387,杭州,826831,4
4615320867855364,杭州,826831,4
4534525849476099,杭州,826831,4
4529424501943299,杭州,826831,4
4572565665457166,杭州,826363,1
4622325215292431,杭州,826363,1
4518717811057678,杭州,826363,1
4568760720075785,杭州,911967,1
4576857895101444,杭州,318424,1
4486500624653321,杭州,318424,1
4577067793542156,杭州,318424,1
4623521211374593,杭州,826744,2
4623451762713600,杭州,826744,2
4554774855508993,杭州,826744,2
4616914208564226,杭州,826744,2
4623476518134790,杭州,826744,2
4623845875854341,杭州,826744,2
4557013840536589,杭州,826744,2
4623470355012619,杭州,826744,2
4595229267207183,杭州,826744,2
4571299548699659,杭州,826744,2
4626606503846913,杭州,911967,1
4604010602097667,杭州,911967,1
4587209181471747,杭州,911967,1
4572860077448192,杭州,911967,1
4485104580617223,杭州,318424,1
3824425788697603,杭州,318424,1
4571471798299653,杭州,318424,1
4586641867172879,杭州,365466,2
4571102106377230,杭州,798570,4
4570014905113606,杭州,798570,4
4590983403480074,杭州,798570,4
4570065624312838,杭州,798570,4
4633341667943431,杭州,365466,2
4623401551682564,杭州,365466,4
4612686081170435,杭州,365466,2
4575520455339018,杭州,365466,2
4598109598264333,杭州,160863,0
4602309299317760,杭州,365466,2
4578598749316103,杭州,365466,4
4488913932622861,杭州,825841,1
4630685702249485,杭州,825841,1
4627473662876687,杭州,825841,1
4621129478775810,杭州,825841,1
4575714948815875,杭州,160863,0
4537387303789578,杭州,911967,1
4594351200887809,杭州,911967,1
4570009421159425,杭州,798570,4
4623557365095436,杭州,826772,2
4618199795803136,杭州,825868,2
4630718381923343,杭州,825868,2
4607126479594511,杭州,825868,2
4619437455219724,杭州,825868,2
4574337971678216,杭州,825868,2
4619585947835394,杭州,825868,2
4568422039907333,杭州,825868,2
4590902596938755,杭州,825868,2
4619607105430530,杭州,825868,2
4534268649827338,杭州,825868,2
4593938381822989,杭州,322364,2
4631950552247297,杭州,826568,0
4569623077985292,杭州,826568,0
4614919370728458,杭州,826568,0
4547509879923716,杭州,802266,1
4621206310349824,杭州,826772,2
4540062985477120,杭州,802266,1
4565758951300106,杭州,802266,1
4608690782921742,杭州,802266,1
4630547483614213,杭州,826568,0
4526215900195840,杭州,802266,1
4614921308118021,杭州,826568,0
4614939314646023,杭州,826568,0
4622643263742977,杭州,826568,0
4633358812097548,杭州,826568,0
4538818144297984,杭州,826568,0
4571150979050505,杭州,826568,0
4525807640321036,杭州,798570,4
4590941488032776,杭州,798570,4
4597179152456704,杭州,1055511,4
4605565413319681,杭州,1189440,4
4623860194503684,杭州,1189440,4
4583833870523398,杭州,1189440,4
4618125447095305,杭州,1189440,4
4626437748057095,杭州,1189440,4
4556025663415308,杭州,1189440,2
4616643845743621,杭州,365132,1
4616309788126214,杭州,365132,1
4616638012091399,杭州,365132,1
4625303915766797,杭州,1189440,4
4606826198477835,杭州,1189440,4
4615434409894915,杭州,1189440,4
4610634455342091,杭州,923735,4
4603940942881793,杭州,877764,2
4602325272701963,杭州,877764,2
4603956471032844,杭州,877764,2
4603959422313473,杭州,877764,2
4490763461258251,杭州,877764,2
4618387483630598,杭州,877764,2
4610630500817934,杭州,923735,4
4589421298508806,杭州,923735,2
4625091995509764,杭州,1189440,4
4524685412588554,杭州,923735,4
4462111077653517,杭州,923735,2
4633910680527880,杭州,923735,4
4629384229579787,杭州,923735,4
4630815555202058,杭州,923735,4
4629357599136772,杭州,923735,4
4626537490097164,杭州,923735,4
4538675941235717,杭州,160147,4
4480773425093647,杭州,798570,4
4630875284581385,杭州,160147,1
4581138565555206,杭州,1216235,2
4499562517015564,杭州,1216235,2
4581253660912646,杭州,1216235,2
4499591294510093,杭州,1216235,2
4499290357015559,杭州,1216235,4
4595540279452682,杭州,1315367,2
4633535464924173,杭州,1315367,4
4511688002509825,杭州,1315367,2
4617796418380800,杭州,1315367,4
4615383002246157,杭州,1315367,4
4581031004873729,杭州,1315367,4
4574179907675139,杭州,1315367,2
4568441205156879,杭州,1315367,2
4617800019008517,杭州,1315367,2
4599443372383247,杭州,1315367,2
4271344281395211,杭州,798570,4
4620987068394508,杭州,798570,4
4581157866382348,杭州,1216235,2
4581267301164040,杭州,1216235,2
4634018311544839,杭州,1025599,2
4623351196804103,杭州,825608,1
4633448097459205,杭州,160147,1
4633503615017986,杭州,160147,1
4587466078809099,杭州,160147,4
4621094741384197,杭州,825608,1
4621223221617672,杭州,825608,1
4622468778486786,杭州,1025599,2
4608220585880587,杭州,1025599,2
4621124418823183,杭州,1025599,2
4564321627495428,杭州,1025599,2
4603924359764997,杭州,1025599,2
4601996053421066,杭州,1025599,2
4611110379084800,杭州,322364,2
4596889042951170,杭州,1055511,2
4621249986913280,杭州,826363,1
4621811662199811,杭州,659922,0
4620803573654535,杭州,1025606,0
4607972558742534,杭州,1025606,0
4602539837762571,杭州,1025606,0
4587031327710213,杭州,1025606,0
4588230116826122,杭州,1025606,0
4621976606874635,杭州,1025606,0
4632060389628929,杭州,1030045,0
4623633995099138,杭州,1030045,0
4625200145785871,杭州,1030045,0
4625129228035079,杭州,1030045,0
4616562058241034,杭州,1030045,0
4616597719262219,杭州,1030045,0
4625179753552900,杭州,1030045,0
4626660332430339,杭州,1030045,0
4632254691697672,杭州,1030045,0
4625183459847183,杭州,1030045,0
4624925320963079,杭州,659922,0
4626654608698369,杭州,1025606,0
4627972021705742,杭州,1025606,0
4617772433794049,杭州,1025606,0
4537508119178254,杭州,826305,2
4612575516699649,杭州,826305,4
4537523471363074,杭州,826305,2
4613904094698504,杭州,826305,2
4537535877307400,杭州,826305,2
4615320198196233,杭州,826305,2
4617758046379010,杭州,1025606,0
4617563916835843,杭州,659922,0
4626056853744645,杭州,659922,0
4626293474993164,杭州,659922,0
4629124553763851,杭州,173598,1
4633454381751303,杭州,173598,1
4630965873826818,杭州,761437,2
4565771480181767,杭州,761437,2
4616519559244814,杭州,761437,2
4629184945728522,杭州,761437,2
4569926088696847,杭州,761437,2
4466347854339080,杭州,761437,2
4571487062795278,杭州,761437,2
4633489353663501,杭州,761437,2
4533657556184072,杭州,761437,2
4625253307210756,杭州,173598,2
4592365953850368,杭州,1055900,1
4608184269888516,杭州,826118,2
4630546408725514,杭州,659922,0
4632325255734273,杭州,659922,0
4628889162771462,杭州,826118,2
4623593756042240,杭州,826118,2
4623881945193477,杭州,826118,2
4598008004258827,杭州,1055900,1
4535884268772356,杭州,826118,2
4602530603295744,杭州,826118,2
4624872296520717,杭州,826118,2
4517649606910981,杭州,826118,2
4633378948389891,杭州,826118,2
4578373998074883,杭州,826118,2
4582934327419913,杭州,409025,2
4626400929098764,杭州,1055511,2
4623734151046148,杭州,943059,4
4619415438416897,杭州,913289,4
4626510261640194,杭州,913289,0
4626531295046666,杭州,913289,4
4557247333868557,杭州,913289,4
4578652304696335,杭州,913289,4
4583993992274953,杭州,913289,4
4594033766439944,杭州,913289,4
4619694510957574,杭州,913289,4
4603857512258569,杭州,913289,2
4493453013179399,杭州,943059,2
4338961877524480,杭州,943059,2
4540215925711873,杭州,943059,4
4625350250376200,杭州,943059,4
4619767697824779,杭州,943059,4
4633825589126154,杭州,943059,2
4633695546104844,杭州,943059,2
4626768569375757,杭州,943059,4
4550156058962951,杭州,913289,2
4230330569026572,杭州,1074373,0
4597175275445260,杭州,1055511,0
4596897236804621,杭州,1055511,4
4596892303711236,杭州,1055511,4
4588325283421197,杭州,1055511,4
4569661326322692,杭州,1055511,4
4569664985865229,杭州,1055511,4
4626374375795722,杭州,1055511,0
4620916176036879,杭州,1074373,0
4575694063545355,杭州,1074373,0
4620765624837121,杭州,1074373,0
4592698859400205,杭州,1074373,0
4630909117146125,杭州,1074373,0
4620948836457483,杭州,1074373,0
4614352344538125,杭州,1074373,0
4581091573263366,杭州,1074373,0
4530379570879502,杭州,943059,4
4599464764677128,杭州,1105919,2
4599471673420812,杭州,1105919,2
4613629679852547,杭州,638484,2
4598150724903942,杭州,638484,2
4614927748504576,杭州,638484,2
4596675612124163,杭州,638484,2
4632121710091268,杭州,1201600,2
4633712323765258,杭州,1201600,2
4633699589729292,杭州,1201600,2
4632544635659272,杭州,1201600,2
4618119139519503,杭州,1201600,2
4549102464949256,杭州,1201600,2
4633455355732999,杭州,1201600,2
4633704193207310,杭州,1201600,2
4632294925050884,杭州,1201600,2
4632137794444295,杭州,1201600,2
4580901693725702,杭州,193433,2
4579592122604557,杭州,193433,2
4593123040125962,杭州,638484,2
4607948079768583,杭州,638484,2
4467733479646211,杭州,638484,2
4601141097339904,杭州,1218280,0
4633771339392000,杭州,1218280,0
4129479422550031,杭州,1218280,0
4550031535266821,杭州,1218280,0
4625057404656648,杭州,1218280,0
4518742578715658,杭州,1218280,0
4597971378955268,杭州,1218280,0
4610935873235977,杭州,1218280,0
4589539273354253,杭州,1218280,0
4575617944265734,杭州,1218280,0
4629254019394561,杭州,877764,2
4612711458563080,杭州,877764,2
4602328017660930,杭州,877764,2
4573864796218373,杭州,877698,4
4581442720357386,杭州,191637,0
4613504802659336,杭州,191637,0
4622608439763974,杭州,191637,0
4633491310666757,杭州,191637,0
4611333902490627,杭州,191637,0
4571448573357066,杭州,203165,0
4629134066314247,杭州,203165,0
4595413761612809,杭州,877698,4
4606460673057798,杭州,877698,4
4630806167956484,杭州,877698,4
4625314291997701,杭州,877698,4
4606886015343624,杭州,877698,4
4633134380620802,杭州,877698,4
4601307816354818,杭州,189565,4
4613467096474624,杭州,189565,1
4624851541306377,杭州,915870,2
4595546516790282,杭州,806475,0
4561176584809487,杭州,806475,0
4602178832112655,杭州,806475,0
4572952240022538,杭州,806475,0
4603604593499140,杭州,806475,0
4624994157487104,杭州,915870,4
4626768756136969,杭州,915870,2
4594086497676292,杭州,915870,2
4612780523940875,杭州,915870,2
4626637063400451,杭州,915870,2
4567462951724034,杭州,915870,2
4626659423282176,杭州,915870,2
4569994807665678,杭州,915870,2
4604999453645834,杭州,189565,1
4601313278815247,杭州,189565,4
4612331338767366,杭州,877698,4
4619225572760591,杭州,877698,4
4620568828947461,杭州,806475,0
4619232651060232,杭州,877698,4
4625112758377480,杭州,1033632,0
4625150642152460,杭州,1033632,0
4616928544496654,杭州,1033632,0
4624233860391943,杭州,1033632,0
4599891321154574,杭州,1033632,0
4622387393817607,杭州,1033632,0
4604405514525709,杭州,1033632,0
4593068721153025,杭州,1033632,0
4624237190786058,杭州,1033632,0
4623638311382025,杭州,1033632,0
4626484687350799,杭州,1048398,2
4618273160111116,杭州,1048398,2
4618455384892430,杭州,1048398,2
4622109435831296,杭州,1048398,2
4551648106130444,杭州,1048398,2
4517992474340357,杭州,1048398,2
4618459702387725,杭州,1048398,2
4607043321949193,杭州,1017351,2
4619349970217997,杭州,1017351,2
4606977391569922,杭州,1017351,2
4544491332348941,杭州,916687,4
4608194871485440,杭州,916687,2
4565776083821577,杭州,916687,4
4609771428174853,杭州,916687,4
4622235353455624,杭州,916687,2
4614124580609033,杭州,916687,2
4633451612613639,杭州,916687,2
4541502096598016,杭州,916687,4
4547429966507009,杭州,916687,4
4611136287218693,杭州,1017351,2
4622258724576266,杭州,916687,2
4588328295799810,杭州,1017351,0
4623385631253506,杭州,1017351,2
4622699927694350,杭州,1017351,2
4564147826074628,杭州,1017351,2
4625188908444686,杭州,1017351,0
4592263917102087,杭州,1017351,0
4626290679491599,杭州,806475,0
4542735970886669,杭州,806475,0
4612690474101771,杭州,877764,2
4626924636285954,杭州,825484,2
4595729227553806,杭州,1187878,2
4619872815719428,杭州,1187878,1
4595510340525069,杭州,1187878,1
4616833835688972,杭州,1187878,1
4533325448633352,杭州,1187878,1
4578729231510532,杭州,1187878,2
4618009839954957,杭州,1187878,2
4606554871735296,杭州,792441,2
4555604434199563,杭州,792441,2
4612612839009295,杭州,792441,2
4588454549627916,杭州,792441,4
4632265637260289,杭州,792441,2
4633377246817285,杭州,792441,2
4610679837090816,杭州,792441,2
4623459818351618,杭州,792441,2
4615178152893444,杭州,792441,2
4630758985706510,杭州,792441,1
4618004548135949,杭州,1187878,2
4623948404157455,杭州,1187878,2
4631029413110798,杭州,1187878,1
4615684343766016,杭州,219224,1
4623732976704525,杭州,219224,1
4633372366119946,杭州,219224,1
4619823999034377,杭州,219224,1
4630967700827145,杭州,219224,1
4629248696511493,杭州,219224,1
4622019119193088,杭州,219224,1
4616874552564742,杭州,219224,1
4513208701709318,杭州,219224,1
4556220156976128,杭州,1078509,0
4622345174621187,杭州,219224,1
4526380636462093,杭州,1078509,0
4623786208242700,杭州,1078509,0
4624902294152207,杭州,1078509,0
4491755497530376,杭州,1078509,0
4623846242343941,杭州,1078509,0
4567203666861057,杭州,1078509,0
4626922505954308,杭州,825484,2
4632171704933389,杭州,825484,2
4633758771110917,杭州,806475,0
4633923451052045,杭州,825484,2
4608192075834373,杭州,369863,2
4621147441095695,杭州,369863,2
4524524180265993,杭州,369863,2
4616826291610625,杭州,369863,2
4622619814468611,杭州,369863,2
4568763339316231,杭州,369863,2
4588459367670786,杭州,826738,2
4606685067009026,杭州,826738,2
4588024106263561,杭州,826738,2
4610776581610507,杭州,826738,2
4621812315368457,杭州,826738,2
4603725451602945,杭州,826738,2
4630304316431364,杭州,826738,2
4534446205017088,杭州,826738,4
4528923820321804,杭州,826738,4
4565442056297483,杭州,826738,2
4619636376460293,杭州,806475,0
4616421174600713,杭州,369863,2
4562792793299970,杭州,369863,2
4622614528912396,杭州,369863,2
4616831489055754,杭州,191993,2
4625201010924549,杭州,825484,2
4588603810323468,杭州,825484,2
4588601093975042,杭州,825484,2
4622666851752972,杭州,825484,2
4622889814647810,杭州,825484,2
4615440687129602,杭州,825484,2
4616825448719366,杭州,191993,2
4613513121262597,杭州,191993,2
4630519386659851,杭州,369863,2
4551236403473415,杭州,191993,2
4625056728605711,杭州,191993,2
4599884664906767,杭州,191993,1
4615430185802759,杭州,191993,2
4620887042206727,杭州,191993,2
4625045170643971,杭州,191993,2
4625046095682567,杭州,191993,2
4626350297820169,杭州,1048398,2
4578466491640846,杭州,1048398,2
4602546868722694,杭州,1048398,2
4633335339543556,杭州,218616,0
4633828875492353,杭州,826155,2
4633703159356420,杭州,826155,2
4633705677380616,杭州,826155,2
4604988321192965,杭州,826155,2
4539040468872196,杭州,994879,1
4606710413960204,杭州,994879,1
4616631286098954,杭州,994879,1
4632252570936328,杭州,432261,0
4633865502516239,杭州,432261,0
4633898660175882,杭州,432261,0
4632251116739589,杭州,432261,0
4633932030386187,杭州,432261,0
4632302856446977,杭州,432261,0
4632550352217091,杭州,432261,0
4632314357705729,杭州,432261,0
4632305769503750,杭州,432261,0
4633867886648329,杭州,432261,0
4588372865246212,杭州,826155,4
4588410789587968,杭州,826155,4
4588406613023755,杭州,826155,4
4538724992295939,杭州,379783,2
4589520180782080,杭州,1076528,4
4619300271793152,杭州,1076528,4
4598457087550470,杭州,1076528,4
4556893232946186,杭州,1076528,2
4605651941385219,杭州,1076528,4
4619239497292806,杭州,1076528,4
4630577489388553,杭州,379783,2
4610888985517057,杭州,379783,2
4588415274638351,杭州,826155,4
4611359158840321,杭州,379783,2
4610922558399500,杭州,379783,2
4272590373756930,杭州,379783,4
4598192244202505,杭州,379783,2
4606237615465474,杭州,379783,2
4591373979134980,杭州,826155,4
4574032721468428,杭州,826155,2
4588415437515777,杭州,218616,0
4633315600868355,杭州,218616,0
4568263734649869,杭州,160208,1
4559896306394124,杭州,218616,0
4628030135409677,杭州,875368,2
4627022115904517,杭州,875368,4
4613923309005833,杭州,875368,2
4588377716517893,杭州,875368,2
4588184975711234,杭州,875368,2
4623884929276938,杭州,875368,2
4627676501912584,杭州,189620,0
4619640203144198,杭州,189620,0
4620948258890767,杭州,189620,0
4630539148536837,杭州,826451,2
4624886252940292,杭州,826451,2
4624915156593668,杭州,826451,2
4595090567932939,杭州,826451,2
4598445006920717,杭州,826451,2
4552990081950727,杭州,826451,2
4629764950006795,杭州,826451,2
4613530677025793,杭州,826451,2
4633934636784643,杭州,875368,2
4632063113405445,杭州,875368,2
4603937057385479,杭州,875368,2
4633332303258629,杭州,607407,2
4633789145127946,杭州,218616,0
4613904163773453,杭州,218616,0
4613501481933828,杭州,218616,0
4621982540147716,杭州,218616,0
4598240389719044,杭州,218616,0
4578492866030597,杭州,218616,0
4632198277422080,杭州,607407,2
4633835350369291,杭州,607407,2
4586805372623873,杭州,875368,2
4625215400401928,杭州,607407,2
4588065467606031,杭州,607407,2
4607012767147021,杭州,607407,2
4596738314329102,杭州,607407,2
4543585459268613,杭州,607407,2
4616523616314383,杭州,607407,2
4583772832750597,杭州,607407,2
4595613064387599,杭州,1076528,4
4616813943331843,杭州,1076528,4
4595615833316353,杭州,1076528,4
4616802137353230,杭州,1076528,4
4479213645519884,杭州,1071702,2
4622057232276490,杭州,1071702,2
4582673610464269,杭州,1071702,2
4608199480237063,杭州,1071702,2
4602461357546507,杭州,1071702,2
4591332612627463,杭州,1071702,2
4555735734332428,杭州,1071702,2
4608154913694725,杭州,1071702,2
4600967235197961,杭州,1071702,2
4621052884753422,杭州,178176,1
4623693778461697,杭州,178176,2
4579839021636618,杭州,178176,2
4586774233588739,杭州,178176,2
4629358182884353,杭州,178176,2
4598545632388110,杭州,178176,2
4602352317553674,杭州,1071702,2
4612140269806596,杭州,370094,2
4574326440139787,杭州,370094,2
4568257847520260,杭州,160208,1
4630815235124228,杭州,160208,1
4585192091855887,杭州,160208,1
4525796057160707,杭州,160208,1
4604822617023490,杭州,370094,2
4630947384077326,杭州,370094,2
4626688691018763,杭州,370094,2
4633439714569222,杭州,370094,2
4630304653765643,杭州,370094,2
4629235016885263,杭州,370094,2
4568705524734984,杭州,370094,2
4596998540569609,杭州,370094,2
4554035876387845,杭州,178176,2
4625372281728009,杭州,160314,4
4621951592834048,杭州,160314,1
4498960406109198,杭州,877972,4
4630459890965504,杭州,877972,2
4630768374866951,杭州,877972,2
4620553550011396,杭州,877972,2
4618464926522369,杭州,877972,2
4622446805476364,杭州,877972,4
4604077602515978,杭州,877972,2
4564642323885069,杭州,877972,4
4589659206036486,杭州,1071963,0
4531791357434883,杭州,877972,4
4568485097071618,杭州,1071963,0
4630654917221389,杭州,1024826,2
4417153739856911,杭州,1024826,2
4595579183815681,杭州,1024826,2
4578319843716110,杭州,1024826,2
4514816497310724,杭州,1024826,2
4615386317413380,杭州,1024826,2
4539864010908675,杭州,877972,2
4566856231773188,杭州,825716,4
4618136022260745,杭州,160314,1
4615478234358797,杭州,160314,1
4608140505263106,杭州,160314,1
4594364157862927,杭州,160314,1
4626263797261316,杭州,160314,4
4572857938078728,杭州,160314,1
4574461527352327,杭州,160314,1
4580029724400640,杭州,160314,1
4560365924719622,杭州,1257872,4
4578525685867529,杭州,1257872,1
4546219885913098,杭州,1257872,1
4616570194156553,杭州,205375,2
4629461384979464,杭州,205375,2
4575291921394697,杭州,205375,4
4629187768265731,杭州,825956,2
4633797779809281,杭州,825613,1
4567042973199371,杭州,825613,1
4565412811301899,杭州,825613,1
4565411023875078,杭州,825613,1
4557389755542534,杭州,825613,1
4568683499449358,杭州,825613,1
4563969590111232,杭州,825613,1
4625020558830603,杭州,825613,1
4627711506787343,杭州,825613,1
4622574929030156,杭州,478837,0
4615091398618118,杭州,478837,0
4619248053953538,杭州,478837,0
4626224617841664,杭州,478837,0
4629417376230414,杭州,825956,2
4605476223837198,杭州,825956,2
4537531463248899,杭州,825956,2
4546019987958798,杭州,825956,2
4614904520678410,杭州,825613,1
4622387397401610,杭州,369809,0
4616148888249357,杭州,369809,0
4623973447080960,杭州,178605,2
4597744570557454,杭州,369809,0
4599160419511307,杭州,369809,0
4633413107719175,杭州,369809,0
4603407961105422,杭州,369809,0
4594157564701703,杭州,369809,0
4620396018703375,杭州,369809,0
4629864154340360,杭州,369809,0
4624991672294412,杭州,369809,0
4627959926727687,杭州,825956,2
4615351628438530,杭州,825956,2
4634174925874186,杭州,366286,0
4545980314393615,杭州,825956,2
4624966262742021,杭州,609573,2
4528582018866179,杭州,609573,2
4598375410981894,杭州,609573,2
4626285434444811,杭州,609573,2
4513324578204680,杭州,609573,2
4631976200137743,杭州,609573,2
4630536757734404,杭州,609573,2
4624873018385418,杭州,433939,2
4601172047569929,杭州,433939,2
4582755898076170,杭州,433939,2
4582748509051913,杭州,433939,2
4612948812278787,杭州,433939,2
4580040881153026,杭州,433939,2
4584630029540366,杭州,433939,2
4598310025124879,杭州,433939,2
4592870061712390,杭州,433939,2
4579700137991171,杭州,433939,2
4627809312777223,杭州,609573,2
4626304288433161,杭州,609573,2
4632189284588556,杭州,609573,2
4632307815867393,杭州,161011,1
4546884494748682,杭州,825956,2
4629192405146624,杭州,825956,2
4630984517671951,杭州,161011,1
4609284697086988,杭州,161011,1
4630587117251589,杭州,161011,1
4630690024942599,杭州,161011,1
4567166973238278,杭州,161011,1
4614902222595087,杭州,161011,1
4614025107172364,杭州,161011,1
4629102195252239,杭州,161011,1
4571365617265675,杭州,161011,1
4585525118753805,杭州,178605,2
4484719461803011,杭州,366286,0
4591346069740553,杭州,477594,2
4629527654722574,杭州,224210,1
4584103144023041,杭州,826569,1
4592846171188227,杭州,826569,1
4594526395444228,杭州,826569,1
4592695285488648,杭州,826569,1
4632816141394954,杭州,826569,1
4581027754779650,杭州,161179,1
4609314103680011,杭州,161179,1
4619269706034188,杭州,161179,1
4631169266326531,杭州,826569,1
4592800251012099,杭州,826569,1
4598193148535813,杭州,826569,1
4367162402939910,杭州,192159,4
4595129434758148,杭州,825495,0
4590244568474637,杭州,825495,0
4626967005719553,杭州,160707,1
4630462775370756,杭州,160707,1
4616475328044035,杭州,192159,4
4486497608360967,杭州,192159,2
4594079804320781,杭州,192159,2
4360119981842445,杭州,192159,4
4584105265474566,杭州,826569,1
4360161991204866,杭州,192159,2
4486477826694155,杭州,192159,2
4623587156028422,杭州,826286,0
4586754633919500,杭州,826286,0
4623587258557454,杭州,826286,0
4603408809253894,杭州,826286,0
4592743187340303,杭州,826569,1
4624040362927117,杭州,224210,1
4589653423533065,杭州,366286,0
4597232318307331,杭州,160274,2
4622470696952835,杭州,160274,2
4633874324102148,杭州,945744,0
4629540331838466,杭州,945744,0
4619231241905159,杭州,945744,0
4551552996533253,杭州,945744,0
4583882793987080,杭州,945744,0
4551591714614276,杭州,945744,0
4515978239695875,杭州,945744,0
4633369717875718,杭州,945744,0
4585756565281804,杭州,945744,0
4629362033994760,杭州,366286,0
4609334527058947,杭州,366286,0
4633631585625089,杭州,366286,0
4629123786499074,杭州,366286,0
4559949845179397,杭州,366286,0
4546015944449036,杭州,366286,0
4622542173805569,杭州,160274,4
4595572077616134,杭州,160274,2
4633893355150350,杭州,160274,2
4631033984805901,杭州,923412,0
4621021449495562,杭州,224210,2
4589630986906637,杭州,923412,0
4631046598630400,杭州,923412,0
4593097333419015,杭州,923412,0
4609709653371915,杭州,923412,0
4621087863940108,杭州,160274,2
4568749330473989,杭州,923412,0
4631055345982476,杭州,923412,0
4593103334841352,杭州,923412,0
4631039200680969,杭州,923412,0
4581109536009218,杭州,923412,0
4622533603812358,杭州,160274,4
4632089571044359,杭州,160274,2
4626381885103108,杭州,477594,2
4583931450203136,杭州,477594,2
4629694320864271,杭州,160590,2
4629303443006464,杭州,877755,2
4627473608317953,杭州,995993,2
4629276726828046,杭州,995993,4
4626449277152271,杭州,995993,4
4617798929490956,杭州,995993,2
4630303515274248,杭州,995993,4
4620576750330889,杭州,995993,2
4612665509880845,杭州,995993,4
4606238210010126,杭州,995993,4
4602495267040258,杭州,224920,1
4587111562177540,杭州,224920,1
4528828311251979,杭州,224920,1
4514741232573450,杭州,224920,1
4610713559899149,杭州,877755,2
4584321842455565,杭州,877755,2
4616389916091406,杭州,877755,4
4632375228525570,杭州,877755,2
4624026097228809,杭州,877755,4
4632323521944581,杭州,995993,2
4612410277092354,杭州,995993,2
4613800732025862,杭州,789465,2
4607810678989833,杭州,789465,2
4616340017867787,杭州,789465,2
4612291558466565,杭州,789465,2
4570157128033285,杭州,789465,2
4613505200647168,杭州,789465,2
4336129741270031,杭州,789465,4
4548649984910340,杭州,789465,4
4632175999167491,杭州,160042,1
4623942094855170,杭州,160042,4
4623928524006409,杭州,160042,4
4626832205159432,杭州,877755,2
4630742169017351,杭州,877755,2
4557485503013903,杭州,789465,2
4629229618768904,杭州,877755,2
4626605088091146,杭州,350909,2
4602212680150017,杭州,350909,2
4128369616907270,杭州,350909,2
4608039142808577,杭州,350909,2
4581175734721547,杭州,909732,4
4570295356316681,杭州,909732,4
4581373252496395,杭州,909732,4
4483803163270149,杭州,909732,4
4616522181553159,杭州,909732,2
4570298918546442,杭州,909732,4
4569969342065664,杭州,909732,2
4614970082745350,杭州,909732,2
4626725310852105,杭州,909732,4
4483823306353672,杭州,909732,4
4615530692797451,杭州,160590,2
4531912235576333,杭州,160590,2
4633293547559936,杭州,160590,2
4625289746048004,杭州,350909,2
4606448043877378,杭州,350909,2
4616498016218114,杭州,350909,2
4630806588697601,杭州,1424017,0
4619692970040321,杭州,877755,2
4574020086586379,杭州,369827,0
4574023714286597,杭州,369827,0
4616835612107784,杭州,369827,2
4617862473554945,杭州,1424017,0
4598275644271624,杭州,1424017,0
4627926603588616,杭州,1424017,0
4554231562148878,杭州,1424017,0
4627772420989965,杭州,350909,2
4623445696685070,杭州,1424017,0
4623826637560840,杭州,1424017,0
4588076043213831,杭州,1424017,0
4623875823967232,杭州,1424017,0
4561575881841664,杭州,1424017,0
4630939570170882,杭州,350909,2
4625329516815365,杭州,350909,2
4612274632580101,杭州,789465,2
4531957769317377,杭州,1048135,2
4597963665136642,杭州,477594,2
4631144776836107,杭州,800144,4
4589619435695107,杭州,619462,4
4568604673956878,杭州,619462,2
4568596307729423,杭州,619462,2
4483869864862732,杭州,619462,2
4483878696508430,杭州,619462,4
4550171171527689,杭州,993918,2
4586653207522315,杭州,993918,2
4618296694975489,杭州,993918,2
4608042389349385,杭州,993918,2
4626836855598095,杭州,993918,2
4621248461745154,杭州,993918,2
4613774022990862,杭州,993918,2
4629059847068681,杭州,993918,2
4607104035906564,杭州,993918,2
4616626036583438,杭州,993918,2
4623462427632642,杭州,800144,4
4624989042011141,杭州,800144,2
4629415313828875,杭州,619462,4
4302393310075909,杭州,619462,4
4623800191101960,杭州,619462,2
4585125470694409,杭州,596962,0
4598326052760576,杭州,477594,2
4549860870480898,杭州,477594,2
4610811698226187,杭州,477594,2
4630305438575631,杭州,477594,2
4626740714220553,杭州,477594,2
4630595932711941,杭州,596962,2
4523419691688961,杭州,596962,0
4601614287318020,杭州,596962,0
4623790175738884,杭州,619462,2
4510270162676744,杭州,596962,4
4523408796195842,杭州,596962,0
4605009098318863,杭州,596962,0
4626417708227588,杭州,596962,0
4588445529254920,杭州,596962,0
4605097723354117,杭州,596962,0
4620718623104006,杭州,619462,2
4629120708025354,杭州,800144,4
4607009697590284,杭州,800144,4
4589688191443983,杭州,1048135,2
4605568280075271,杭州,800144,2
4624900133790724,杭州,1025600,2
4619324502793228,杭州,1025600,2
4619436606465030,杭州,1025600,2
4626436954987526,杭州,1025600,2
4601678183635983,杭州,1025600,4
4601683041676294,杭州,1025600,2
4613504186754051,杭州,1025600,2
4619636274684939,杭州,1025600,2
4601106370159618,杭州,1025600,2
4616945874510852,杭州,1048135,4
4541942881199108,杭州,1048135,2
4620599488144399,杭州,1048135,2
4613867355495434,杭州,1048135,2
4629780860398606,杭州,1048135,0
4627975989257228,杭州,1048135,2
4617766650291214,杭州,1048135,2
4595644068047882,杭州,1048135,2
4579561968559117,杭州,1025600,2
4575683378732046,杭州,191425,1
4549909110500356,杭州,191425,1
4533218657213448,杭州,826323,2
4625318620814350,杭州,800144,4
4626341300085770,杭州,800144,2
4630553791556616,杭州,800144,2
4630570009517062,杭州,800144,2
4608437823609859,杭州,826323,2
4568416151546886,杭州,826323,2
4544599136574470,杭州,826323,2
4407054934336512,杭州,826323,2
4601127180102669,杭州,191425,1
4555599950355457,杭州,191425,1
4599649697262600,杭州,191425,1
4622030664522761,杭州,191425,1
4608222938737665,杭州,191425,1
4631904611245058,杭州,191425,1
4629372459478026,杭州,191425,1
4619131214849034,杭州,191425,1
4615042378474499,杭州,825495,0
4589839953601551,杭州,825495,0
4622229844945930,杭州,825495,0
4500531074280458,杭州,826691,2
4606829644997634,杭州,488896,0
4588456496487425,杭州,488896,0
4618200093240328,杭州,488896,0
4603709409797120,杭州,488896,0
4547026339914761,杭州,488896,0
4612075643759622,杭州,488896,0
4592367795657732,杭州,488896,0
4628889725297670,杭州,488896,0
4621810894990351,杭州,606218,2
4605442074455040,杭州,606218,2
4580197674556416,杭州,606218,2
4579879481400323,杭州,606218,2
4545586465090572,杭州,606218,2
4630776440462341,杭州,606218,2
4627008077786115,杭州,826691,2
4623607041764367,杭州,826691,0
4584209182452738,杭州,826691,2
4585870165892101,杭州,488896,0
4627946004442116,杭州,488896,0
4594113916640267,杭州,1365370,0
4562862288137220,杭州,916691,2
4624832189897741,杭州,788033,0
4618373113928709,杭州,788033,0
4613950631502854,杭州,788033,0
4562850005806090,杭州,788033,0
4593659507371019,杭州,788033,0
4615370329957382,杭州,916691,2
4587064947518467,杭州,916691,2
4629247809412097,杭州,1365370,0
4631012079873031,杭州,1365370,0
4630949402092546,杭州,1365370,0
4596981260180491,杭州,1365370,0
4578472450337796,杭州,1365370,0
4596590551100424,杭州,1365370,0
4594995924327427,杭州,1365370,0
4608189676792835,杭州,1365370,0
4511964759432194,杭州,1365370,0
4577107906862081,杭州,826691,2
4160875620245517,杭州,826691,2
4618032472136705,杭州,788033,0
4506245916634127,杭州,826691,2
4607838745943042,杭州,825790,2
4570095432424463,杭州,825790,2
4604101865923585,杭州,995823,4
4589952506534922,杭州,995823,4
4622122393117700,杭州,995823,4
4619465829968907,杭州,995823,4
4604098835063815,杭州,995823,4
4588796332483585,杭州,995823,4
4598516239817740,杭州,995823,4
4568510619771907,杭州,995823,2
4625027979828224,杭州,995823,4
4618584439663625,杭州,995823,4
4620793638839308,杭州,825790,2
4608277392727045,杭州,825790,2
4614986883406857,杭州,825790,2
4620395022298113,杭州,995004,2
4554075844844552,杭州,826803,2
4534508252929036,杭州,826803,0
4627179560676359,杭州,995004,2
4629257434426378,杭州,995004,2
4613316960969738,杭州,995004,2
4599686637102092,杭州,995004,2
4603409205718021,杭州,995004,2
4629216215327752,杭州,995004,2
4620858570103821,杭州,825790,2
4623227788422147,杭州,995004,2
4624641608735756,杭州,995004,2
4616435351643143,杭州,995004,2
4632327770156034,杭州,825790,2
4534434662669323,杭州,825790,2
4601185096475661,杭州,825790,2
4615416239760387,杭州,825790,4
4626336290479114,杭州,788033,0
4626852764855304,杭州,788033,0
4596476354208770,杭州,225610,1
4608426807141391,杭州,160266,1
4597162356941831,杭州,160266,1
4624942012439556,杭州,160266,1
4603410678342661,杭州,224958,2
4627474504410124,杭州,224958,2
4607655117726733,杭州,224958,2
4566181547107341,杭州,224958,2
4568377930406925,杭州,224958,2
4607859113274374,杭州,224958,2
4599163304602634,杭州,224958,2
4609294112648194,杭州,224958,2
4630305396960259,杭州,224958,2
4624643538594831,杭州,224958,2
4512079210290185,杭州,1027548,0
4615525112491021,杭州,203873,1
4606802086960128,杭州,203873,1
4549936246107144,杭州,203873,1
4534799467752450,杭州,160266,1
4526037980371971,杭州,203873,1
4633622277450765,杭州,203873,1
4548839313873931,杭州,203873,1
4589453548088321,杭州,203873,1
4629038134094852,杭州,203873,1
4608229313932301,杭州,203873,1
4629349767390220,杭州,203873,1
4570190968792079,杭州,225610,1
4619809506634767,杭州,788033,0
4605486267948038,杭州,225610,1
4601241154626571,杭州,619140,0
4632391151954958,杭州,303778,2
4598774607391746,杭州,303778,4
4596833947427853,杭州,303778,4
4568680623610880,杭州,303778,2
4619162182065165,杭州,303778,4
4618299295198216,杭州,303778,2
4624239904496648,杭州,303778,2
4609898606865412,杭州,303778,4
4632742003842054,杭州,303778,2
4548919863467014,杭州,303778,2
4571286329861122,杭州,161151,0
4627708017878020,杭州,788033,0
4588344489454604,杭州,619140,0
4616454561213440,杭州,619140,0
4554463787887623,杭州,619140,0
4611106333584386,杭州,177622,2
4572494038395918,杭州,225610,1
4613853625621511,杭州,225610,1
4571071854732301,杭州,225610,1
4614046347926538,杭州,225610,1
4633447229481991,杭州,177622,2
4599963355704334,杭州,177622,2
4589443352259596,杭州,177622,2
4608029743295489,杭州,177622,2
4610974292417546,杭州,619140,2
4614974137658375,杭州,177622,2
4627473487125505,杭州,177622,2
4632321833249796,杭州,619140,0
4527408290343937,杭州,619140,2
4632296165598215,杭州,619140,0
4632294335702021,杭州,619140,0
4630968505555977,杭州,619140,0
4605007005754380,杭州,248058,2
4602501187855363,杭州,795256,1
4588092053629962,杭州,795256,1
4589856083471365,杭州,248058,2
4633731470877707,杭州,248058,2
4633746050753537,杭州,248058,2
4529138742914059,杭州,248058,2
4530177058368513,杭州,248058,1
4625338639543303,杭州,248058,2
4621194019265538,杭州,248058,2
4602172032621569,杭州,248058,2
4601456062080002,杭州,826333,2
4634081856249859,杭州,826304,2
4629384191613953,杭州,217478,0
4614998429688842,杭州,217478,0
4571656587682817,杭州,217478,0
4621119001125893,杭州,217478,0
4610716430461960,杭州,217478,0
4584266185726990,杭州,217478,0
4605328072795150,杭州,217478,0
4622789492892672,杭州,826304,2
4598305319283716,杭州,826304,2
4619921297595404,杭州,826304,2
4544600966439944,杭州,826304,2
4596960252599303,杭州,826304,2
4624152862860301,杭州,826304,2
4628137188582409,杭州,826304,2
4615326313389068,杭州,826304,2
4526198162643978,杭州,826304,2
4620701767052294,杭州,248058,2
4551951336184840,杭州,826455,2
4579617804753932,杭州,826455,2
4629110361433093,杭州,410317,1
4616631735557125,杭州,410317,1
4620002611141635,杭州,410317,1
4574628883803144,杭州,410317,1
4558274616009734,杭州,410317,1
4541797396587527,杭州,410317,1
4607827408067586,杭州,410317,1
4631062641910794,杭州,334770,0
4626305634395149,杭州,334770,0
4547617648794634,杭州,334770,0
4548510585482240,杭州,334770,0
4616619070741514,杭州,334770,0
4614861919525893,杭州,334770,0
4608313590815757,杭州,334770,0
4626486777670657,杭州,334770,0
4614989051096075,杭州,334770,0
4575409481540616,杭州,334770,0
4632461785129987,杭州,410317,1
4631865135000584,杭州,410317,1
4607823863407627,杭州,410317,1
4609360878674954,杭州,938681,4
4576726721682434,杭州,826455,2
4616785501744129,杭州,826455,2
4579817750932492,杭州,826455,2
4575356682216452,杭州,826455,2
4575381770529798,杭州,826455,2
4575379163245571,杭州,826455,2
4579494807872512,杭州,826455,2
4565416393956365,杭州,938681,4
4625093595276293,杭州,938681,2
4626628849314828,杭州,938681,4
4617051908729871,杭州,938681,4
4614877619151884,杭州,938681,4
4633275817729028,杭州,938681,2
4632542124418058,杭州,938681,4
4629331461446671,杭州,938681,4
4625019690441737,杭州,938681,4
4630507115424778,杭州,217478,0
4584116464233474,杭州,217478,0
4583889525152781,杭州,217478,0
4619300183976975,杭州,826736,1
4607097357085704,杭州,297940,2
4615533663886340,杭州,297940,2
4596962374870018,杭州,297940,2
4578476441197576,杭州,297940,2
4586773389124615,杭州,297940,2
4629176157774850,杭州,297940,2
4616603513658371,杭州,297940,4
4633718747913227,杭州,297940,2
4629553042121733,杭州,297940,2
4541283019187208,杭州,877850,4
4627707508073477,杭州,945745,0
4547662948064258,杭州,945745,0
4625257197263873,杭州,945745,0
4625264339921920,杭州,945745,0
4574781387727875,杭州,945745,0
4584140556067841,杭州,945745,0
4472363247315976,杭州,945745,0
4626750983089156,杭州,297940,2
4626426986392585,杭州,826084,0
4585526162287625,杭州,826084,0
4534656251862027,杭州,826084,0
4617742321411083,杭州,945745,0
4609292962276364,杭州,945745,0
4625330872951809,杭州,945745,0
4623498405243910,杭州,826736,1
4629252808944641,杭州,826171,2
4601994842072064,杭州,826171,2
4633836272362499,杭州,826171,2
4588439423167489,杭州,826171,2
4633465473428485,杭州,826736,1
4633721717824516,杭州,611820,2
4617883511888911,杭州,826736,1
4606409492505607,杭州,826736,1
4354708089511945,杭州,826736,1
4608211171585031,杭州,826736,1
4619490092688394,杭州,826736,1
4613880893844495,杭州,826736,1
4614025132497934,杭州,826736,1
4633437043088389,杭州,826171,2
4625203411248128,杭州,611820,2
4632565027644418,杭州,232436,2
4627668274242572,杭州,232436,2
4633664862641157,杭州,232436,2
4631938059688971,杭州,232436,4
4630856725044237,杭州,232436,2
4631911125965835,杭州,232436,2
4633660688573444,杭州,232436,2
4586876787188744,杭州,232436,2
4633454951554048,杭州,232436,4
4633410897648646,杭州,232436,2
4626596996078606,杭州,611820,2
4623628292105216,杭州,611820,2
4626775995884556,杭州,611820,2
4633400773977090,杭州,611820,2
4633741936012292,杭州,160590,2
4630788662404107,杭州,160590,2
4553264965803010,杭州,205375,1
4623731424551951,杭州,826557,1
4627720479218691,杭州,161121,2
4629224206085130,杭州,161121,2
4586912315251724,杭州,161121,2
4580118347916295,杭州,161121,2
4629718093620225,杭州,161121,2
4632327515593730,杭州,409035,2
4632349409401862,杭州,409035,2
4613732726758404,杭州,409035,2
4618062006561795,杭州,409035,2
4632339413801989,杭州,409035,2
4618084620098560,杭州,409035,2
4629069864250381,杭州,826557,1
4595170033835023,杭州,826557,1
4473888009298950,杭州,826447,2
4524437042392069,杭州,826447,2
4629451644953602,杭州,826447,2
4605954998592516,杭州,826447,2
4626799450971142,杭州,826353,4
4596645321661455,杭州,826447,2
4579973294173198,杭州,826447,2
4577147165680655,杭州,826447,2
4625170158429195,杭州,826447,2
4591449723378696,杭州,826447,2
4577154268011520,杭州,826447,2
4631903007398925,杭州,826557,1
4618146737236992,杭州,826557,1
4544611256935427,杭州,160733,1
4579847775118351,杭州,826557,1
4633732711146506,杭州,160534,1
4618013713734664,杭州,160534,1
4607125955456011,杭州,160534,1
4585266352399365,杭州,160534,1
4546034743337986,杭州,160534,1
4586735427185674,杭州,160534,1
4487890209774605,杭州,160534,1
4624821489277965,杭州,160534,1
4620868842531852,杭州,160534,1
4585603484376065,杭州,160534,1
4619260233571336,杭州,161181,1
4619214473079822,杭州,826557,1
4626437039696902,杭州,826557,1
4551695361711115,杭州,826557,1
4626588694242310,杭州,826557,1
4630554845764620,杭州,161181,1
4630967241153536,杭州,161181,1
4624759097154563,杭州,161181,1
4629469434602504,杭州,161181,1
4574162242577419,杭州,160872,1
4632324388676609,杭州,161181,1
4618160131140613,杭州,161181,1
4595445949553668,杭州,161181,1
4605633938447371,杭州,161181,1
4633275016258562,杭州,161181,1
4619791170808832,杭州,160872,1
4573854059308046,杭州,160733,1
4520393683919880,杭州,160733,1
4618191489444868,杭州,659941,4
4552969430019086,杭州,160094,1
4553003840232448,杭州,160094,1
4622206132085760,杭州,826027,2
4630994788637705,杭州,826027,2
4629435548331012,杭州,826027,2
4616765855214607,杭州,826027,2
4137057841422351,杭州,826027,1
4481844651664389,杭州,826027,2
4559683712017413,杭州,826027,2
4607894687966208,杭州,826027,2
4633413142780936,杭州,826027,2
4546192296698883,杭州,826027,4
4564176362613765,杭州,659941,2
4564163163630598,杭州,659941,2
4416869959855118,杭州,659941,4
4619420980403202,杭州,659941,2
4618091457289219,杭州,160094,1
4588550481697794,杭州,178166,1
4629179007626244,杭州,178166,1
4619606880197638,杭州,160891,1
4513650506804227,杭州,160891,1
4553156480476174,杭州,160094,4
4554074840048645,杭州,160094,1
4596962211716097,杭州,659941,4
4564147192210434,杭州,659941,4
4587019618593794,杭州,160733,1
4578509017293830,杭州,659941,2
4465272338983951,杭州,160359,1
4580088494234626,杭州,160079,1
4632470040519692,杭州,160079,1
4619151636096002,杭州,160079,4
4622406316203012,杭州,160079,4
4622396516541444,杭州,160079,1
4622408531794951,杭州,160079,1
4633275477206024,杭州,160079,1
4633907063660552,杭州,160079,1
4632228976647181,杭州,160079,1
4632322321968139,杭州,160079,1
4619704103412738,杭州,160733,1
4564409705425931,杭州,160733,1
4265307344773121,杭州,160733,1
4600893427031053,杭州,160733,1
4609484351368195,杭州,160733,1
4607851823508488,杭州,160733,1
4575998387481610,杭州,160359,1
4596447200664576,杭州,160359,1
4608254505116677,杭州,160359,1
4572925278936068,杭州,191861,1
4625165951888391,杭州,659941,2
4564154103225353,杭州,659941,2
4490397094763529,杭州,191861,1
4588080616399873,杭州,191861,1
4588079482627081,杭州,191861,1
4588077240247298,杭州,191861,1
4568257786915846,杭州,191861,1
4484727009188866,杭州,191861,1
4575657635748864,杭州,160359,1
4517476970191874,杭州,191861,1
4380208676709383,杭州,191861,1
4528956072287243,杭州,160359,4
4528980159683595,杭州,160359,4
4630543300848641,杭州,160359,1
4462402827021321,杭州,160359,1
4578426035530767,杭州,160359,1
4631064236776454,杭州,160590,2
4565949651966988,杭州,346356,1
4612923947559941,杭州,346356,1
4600834621940743,杭州,346356,1
4623975250320386,杭州,346356,1
4617744717571085,杭州,346356,1
4630531499058180,杭州,346356,1
4613678578506760,杭州,160557,1
4629091946634252,杭州,160557,1
4610717018729474,杭州,160557,1
4603861114547203,杭州,794091,1
4594038315049986,杭州,794091,1
4633333104960521,杭州,794091,1
4625633306518538,杭州,794091,1
4625709937910795,杭州,794091,1
4614999731837964,杭州,794091,1
4616573126272000,杭州,794091,1
4613682086960134,杭州,794091,1
4619792142148614,杭州,794091,1
4608552396282887,杭州,160557,1
4623537011170306,杭州,794091,1
4546027030502405,杭州,160557,1
4605543106518020,杭州,160557,1
4622364983403532,杭州,160557,1
4589469378194446,杭州,160557,1
4610984715856910,杭州,160557,1
4617800928418818,杭州,160557,1
4535926796819467,杭州,785537,2
4612097615913988,杭州,161028,1
4621086548288516,杭州,785537,2
4625192132797449,杭州,191233,1
4562607640882191,杭州,191233,1
4581324917517318,杭州,191233,1
4620996613940233,杭州,191233,1
4585300429560832,杭州,191233,1
4552722453769217,杭州,191233,1
4567224968944646,杭州,191233,1
4553430920457221,杭州,191233,1
4583893007080462,杭州,191233,1
4585288296508425,杭州,191233,1
4616917197515784,杭州,205375,1
4621403101864972,杭州,205375,2
4603643095264256,杭州,205375,1
4629192257100804,杭州,205375,1
4616717871717377,杭州,785537,2
4629398882116623,杭州,785537,2
4631041595139072,杭州,785537,2
4595586222072834,杭州,785537,2
4596758611454980,杭州,785537,2
4613697801329677,杭州,785537,2
4624036472808462,杭州,785537,2
4562567171791885,杭州,785537,2
4565824526377999,杭州,170172,1
4608193344187400,杭州,177046,4
4616772519668737,杭州,161028,1
4609234426453002,杭州,161028,1
4630503502933007,杭州,991988,1
4615364686421005,杭州,863448,4
4535767026754566,杭州,863448,4
4563972327072781,杭州,863448,4
4630520878951429,杭州,863448,4
4609650905129989,杭州,863448,4
4629141057252352,杭州,863448,4
4617741591061507,杭州,863448,4
4615493839461390,杭州,863448,4
4584243120679940,杭州,863448,4
4586840791084042,杭州,808343,4
4568728630389767,杭州,943026,2
4628402919365634,杭州,943026,2
4618203246078990,杭州,943026,2
4596935459578880,杭州,943026,2
4620568072020994,杭州,943026,2
4628364514372617,杭州,943026,2
4628091027727366,杭州,943026,2
4614968098692100,杭州,863448,4
4632305743799311,杭州,433822,1
4631459814976522,杭州,433822,1
4631951692735494,杭州,160233,1
4509030940548096,杭州,160233,1
4550380892937229,杭州,160729,1
4621070628215817,杭州,160729,1
4598342813164552,杭州,433822,1
4524574825047041,杭州,433822,1
4613671289496577,杭州,433822,1
4611307857896454,杭州,433822,1
4595662155654152,杭州,433822,1
4632212822776833,杭州,433822,1
4625028991804426,杭州,433822,1
4625148950535172,杭州,433822,1
4617023194489863,杭州,991988,1
4629724466879496,杭州,991988,1
4611122473786368,杭州,161028,1
4612910817356802,杭州,991988,1
4603926360108039,杭州,249438,1
4623433341312014,杭州,783119,4
4600162249237508,杭州,783119,4
4569621001430029,杭州,783119,4
4605027821855756,杭州,783119,4
4530284336000003,杭州,783119,4
4381398410193928,杭州,783119,4
4622320026577927,杭州,783119,4
4632383028845572,杭州,783119,4
4624641706945549,杭州,783119,4
4619750915236879,杭州,783119,4
4563029906744330,杭州,161028,1
4632702849098755,杭州,161028,1
4574400850338816,杭州,161028,1
4581019932171271,杭州,161028,1
4613777993606151,杭州,161028,1
4616441708522501,杭州,161028,1
4629216896703488,杭州,249438,1
4603923963421708,杭州,249438,1
4630541410722825,杭州,249438,1
4568861388053519,杭州,825481,4
4611019645709320,杭州,991988,1
4618223450430475,杭州,991988,1
4630554278505477,杭州,991988,1
4611022802562049,杭州,991988,1
4611023751785476,杭州,991988,1
4610954412780555,杭州,991988,1
4629288227761167,杭州,1168984,4
4616853218092040,杭州,825481,2
4622752041147403,杭州,825481,2
4208932627225612,杭州,825481,4
4625643988804617,杭州,825481,2
4588626239478786,杭州,825481,2
4631325098042375,杭州,825481,2
4626697430672393,杭州,825481,2
4584287043951630,杭州,825481,4
4586962614283275,杭州,825481,2
4571142813113344,杭州,781698,2
4619208495520777,杭州,1218322,4
4626364531452942,杭州,1218322,4
4609581663165443,杭州,296629,1
4571444772936706,杭州,296629,2
4578681724722182,杭州,296629,2
4615173387508737,杭州,296629,1
4633381962292224,杭州,296629,2
4550264377615361,杭州,296629,1
4557083638754309,杭州,296629,1
4562755367558145,杭州,296629,2
4634096353715215,杭州,296629,2
4497783827000333,杭州,296629,2
4580894557824007,杭州,781698,2
4622078463892481,杭州,781698,2
4567207920593922,杭州,1218322,2
4592915608726535,杭州,1218322,2
4546236798051334,杭州,1218322,2
4633379100238852,杭州,1078073,0
4574261023253508,杭州,370078,0
4601249466653701,杭州,370078,2
4305259226573830,杭州,1078073,0
4593809587479565,杭州,1078073,0
4424127453998087,杭州,1078073,0
4566861423600645,杭州,1078073,0
4218972530273293,杭州,1078073,0
4633782807059458,杭州,1078073,0
4626364814140427,杭州,1218322,4
4630930345712642,杭州,1078073,0
4627940131806214,杭州,1078073,0
4626272820976645,杭州,1078073,0
4548464642321411,杭州,1218322,2
4620615054339087,杭州,1218322,4
4619168439348232,杭州,1218322,4
4602165146840077,杭州,1218322,4
4588438118095878,杭州,781698,4
4571709258148866,杭州,781698,2
4604143877579780,杭州,370078,2
4602139172563983,杭州,781698,4
4560136414501896,杭州,524618,0
4616305997376516,杭州,524618,0
4631867339349005,杭州,826739,1
4619657060228101,杭州,826739,1
4609772364241924,杭州,826739,1
4619235429604357,杭州,826739,1
4619195330552839,杭州,826739,1
4619427596706831,杭州,877904,1
4631717970881537,杭州,524618,0
4620395998862347,杭州,524618,0
4631718317515786,杭州,524618,0
4625236084665351,杭州,205388,1
4616860677528580,杭州,781698,2
4540408694496265,杭州,781698,2
4579498438224911,杭州,781698,4
4629591022279692,杭州,781698,2
4615402768788490,杭州,205388,1
4608210020164608,杭州,205388,1
4629053003607047,杭州,205388,1
4608163274255372,杭州,205388,1
4615014119040008,杭州,524618,0
4609627351147529,杭州,205388,1
4633919874080779,杭州,205388,1
4614981082897418,杭州,205388,1
4630558551710734,杭州,524618,0
4626258095729672,杭州,524618,0
4630517384571916,杭州,524618,0
4619234019142656,杭州,524618,0
4633844784768004,杭州,370078,0
4545782761597962,杭州,370078,0
4632049462746122,杭州,952866,2
4577188953007107,杭州,792522,4
4547550502558726,杭州,792522,4
4596946607201292,杭州,792522,4
4608489643301898,杭州,911314,2
4595995440229388,杭州,911314,2
4611270473833473,杭州,911314,2
4467215159436303,杭州,911314,2
4626585658876929,杭州,911314,2
4577487992413187,杭州,911314,2
4626581517130759,杭州,911314,2
4577727462611980,杭州,911314,2
4598100274142221,杭州,911314,2
4509600261532686,杭州,911314,2
4525789778549775,杭州,952866,4
4525801807488008,杭州,952866,4
4624865506632710,杭州,952866,2
4596601230418945,杭州,792522,4
4598408896373763,杭州,792522,4
4608077226501121,杭州,792522,2
4589753913861130,杭州,943024,2
4625111441366023,杭州,160590,2
4465012098210820,杭州,160590,2
4623459610176520,杭州,160590,2
4630898209020939,杭州,943024,2
4619199526659075,杭州,943024,2
4589753960522764,杭州,943024,2
4572462885805057,杭州,943024,2
4611062924239884,杭州,943024,2
4537132509867022,杭州,792522,4
4591046105078799,杭州,943024,2
4542769058094087,杭州,943024,2
4619603608284172,杭州,943024,2
4625128482825216,杭州,943024,2
4616387933264907,杭州,792522,4
4616705473879041,杭州,792522,2
4579657030984704,杭州,792522,4
4525796787280898,杭州,952866,4
4559135249751047,杭州,952866,2
4574274872503305,杭州,370078,2
4599848936922120,杭州,952866,2
4629389083548685,杭州,160493,2
4567105690788868,杭州,994925,2
4566893461462027,杭州,994925,0
4633526284573706,杭州,994925,0
4624958945160204,杭州,994925,0
4629525196090374,杭州,994925,0
4586963010069505,杭州,994925,0
4607940978273291,杭州,994925,0
4626643674700802,杭州,994925,0
4629521268335625,杭州,994925,0
4560370456716302,杭州,994925,0
4564657876380674,杭州,370078,0
4619383878298625,杭州,370078,0
4629407257734154,杭州,370078,2
4516178176812038,杭州,370078,0
4603918534941704,杭州,160493,1
4629321033391119,杭州,1048132,4
4613846146968576,杭州,952866,4
4531966468367363,杭州,952866,4
4599825270369291,杭州,952866,2
4622410471185413,杭州,1048132,2
4340589336763407,杭州,1048132,4
4623911850402827,杭州,1048132,4
4623692043510798,杭州,1048132,2
4602288864603151,杭州,1048132,2
4626685388205065,杭州,160493,2
4606926385998859,杭州,1048132,2
4617835865613319,杭州,1048132,4
4387422876081166,杭州,1048132,2
4597955053677574,杭州,1048132,4
4630747292869640,杭州,160493,1
4626812368036871,杭州,613323,2
4548792532476941,杭州,613323,2
4586616385874944,杭州,613323,4
4630589228166158,杭州,160022,4
4598149742699527,杭州,825585,4
4534667650524161,杭州,216666,1
4623356537695240,杭州,216666,1
4589980544459784,杭州,216666,1
4604039920772096,杭州,216666,1
4622282462897156,杭州,216666,1
4606448182207491,杭州,216666,1
4585792191081472,杭州,216666,1
4623351526693899,杭州,216666,1
4630585585724423,杭州,216666,1
4617885419920385,杭州,216666,1
4590999750794241,杭州,160022,1
4591020788919300,杭州,160022,1
4630977251748872,杭州,160022,1
4630510549394444,杭州,160022,1
4606825000068098,杭州,825585,2
4570084292385796,杭州,825585,4
4531415938196490,杭州,825585,4
4429546653604874,杭州,160116,1
4598565564376076,杭州,182210,1
4524701271256078,杭州,160116,1
4613858217499648,杭州,160116,1
4609234637761540,杭州,160116,1
4609589735435267,杭州,160116,1
4526315323532297,杭州,160116,1
4611111033365513,杭州,160116,1
4619176271109120,杭州,160116,1
4619726471605248,杭州,825585,4
4483739522049027,杭州,160116,1
4599616325049358,杭州,160116,1
4548791632897031,杭州,825585,4
4544640569613325,杭州,825585,4
4634246651174915,杭州,825585,4
4610795630849030,杭州,825585,4
4486101589500943,杭州,825585,4
4548736132998151,杭州,160022,1
4589484252404742,杭州,160022,1
4569597999848461,杭州,613323,2
4602518057249804,杭州,160566,1
4623815925099532,杭州,160566,4
4616766997244933,杭州,160566,2
4606966674842637,杭州,160566,1
4617054460615688,杭州,160566,2
4617048063632386,杭州,160566,2
4630502161849356,杭州,187215,4
4602354694265865,杭州,187215,2
4622188213888010,杭州,187215,2
4581552547404805,杭州,187215,2
4583885530229765,杭州,187215,2
4531815228974080,杭州,187215,2
4599359389834244,杭州,178166,1
4616811283852298,杭州,160566,1
4511711477865478,杭州,160447,1
4525894085878799,杭州,193638,1
4540464428966921,杭州,193638,1
4585230178411534,杭州,160465,1
4566890018057223,杭州,160971,1
4589426161804293,杭州,160971,1
4603921330447361,杭州,160971,1
4606823485041665,杭州,160971,1
4603589888910336,杭州,182210,1
4598581966793735,杭州,182210,1
4604027032183812,杭州,182210,1
4588531246291977,杭州,1260474,4
4615171236817924,杭州,867356,1
4631263967192070,杭州,867356,1
4598617732293635,杭州,867356,1
4592244482075663,杭州,867356,1
4590994203679748,杭州,867356,1
4619419255335944,杭州,826099,2
4622358595283983,杭州,826099,2
4622358747440129,杭州,826099,2
4623417261202447,杭州,826099,2
4625046529745923,杭州,826099,2
4628011881602058,杭州,826099,2
4625605215017993,杭州,826099,2
4537188564608008,杭州,826099,2
4598045268827149,杭州,826099,2
4620902591259650,杭州,826099,2
4480691160259598,杭州,790217,0
4624903252958213,杭州,863105,0
4633985654088715,杭州,867356,1
4615019875687424,杭州,867356,1
4628887920466948,杭州,867356,1
4613824706665484,杭州,160597,2
4593637374110720,杭州,613323,2
4618282477300745,杭州,613323,4
4629542176762890,杭州,613323,2
4578074775153667,杭州,613323,2
4618355286041607,杭州,613323,2
4563972109130767,杭州,613323,2
4592245577509890,杭州,867356,1
4546155249622026,杭州,160597,1
4592680689034242,杭州,863105,0
4600071923227649,杭州,863105,0
4608403580660750,杭州,863105,0
4633804868771853,杭州,1218291,0
4613613383017487,杭州,1027690,0
4551404143713286,杭州,1027690,0
4585212380883983,杭州,1027690,0
4622108721802245,杭州,1027690,4
4626354978659328,杭州,1218291,0
4566912860283919,杭州,1218291,0
4600909773712399,杭州,1218291,0
4545658705058818,杭州,1218291,0
4600880374508545,杭州,1027690,4
4619755051801600,杭州,1218291,0
4367418205791240,杭州,1218291,0
4623393414880267,杭州,1218291,0
4596627003268105,杭州,1218291,0
4605118905506825,杭州,1218291,0
4551467910702086,杭州,1260474,2
4574538588597254,杭州,1260474,4
4603726813881355,杭州,1027690,0
4575297014277123,杭州,1027690,4
4613625603812361,杭州,863105,0
4589861272085514,杭州,807434,2
4550480515816460,杭州,863105,0
4597916268043265,杭州,863105,0
4608093628834816,杭州,863105,0
4521985480416256,杭州,863105,0
4602281481366531,杭州,863105,0
4598205809009673,杭州,807434,2
4600869579170827,杭州,807434,2
4589864768547852,杭州,807434,2
4622122115525632,杭州,1027690,4
4630837323291654,杭州,807434,2
4618152657511432,杭州,807434,2
4481893806498824,杭州,807434,2
4620395556512769,杭州,807434,2
4616732628065281,杭州,807434,2
4631718563699713,杭州,807434,2
4535971523517455,杭州,826756,0
4576923104404483,杭州,826756,0
4581146362356747,杭州,826756,0
4565441308666884,杭州,641301,2
4398407025777668,杭州,160812,0
4629520403684360,杭州,160812,0
4606887775972364,杭州,160812,0
4398371780275208,杭州,160812,0
4630474848871425,杭州,160812,0
4616399805178890,杭州,160812,0
4619244183596034,杭州,160812,0
4570155316161542,杭州,160812,0
4594020073235470,杭州,160951,1
4594023212866575,杭州,160951,1
4594012069141512,杭州,160951,1
4593998897798155,杭州,160951,1
4624907537800198,杭州,160951,1
4613612256713741,杭州,160951,1
4630521118088192,杭州,160951,1
4630977590127617,杭州,160951,1
4581348994280457,杭州,160951,1
4632135490921484,杭州,160812,0
4626619309845509,杭州,160812,0
4622534051814407,杭州,234038,1
4623500285615106,杭州,503874,2
4619389403929608,杭州,503874,2
4616620164490243,杭州,503874,0
4619392692448265,杭州,503874,0
4562642269611013,杭州,503874,0
4620635864407047,杭州,503874,2
4633860820966411,杭州,503874,2
4633448850385932,杭州,503874,2
4615376594414594,杭州,234038,1
4613501139807242,杭州,234038,2
4629663993242637,杭州,234038,1
4632482690849798,杭州,234038,1
4612669027326982,杭州,234038,2
4619403567197193,杭州,234038,1
4613525708858374,杭州,234038,2
4617809493257218,杭州,234038,2
4567294740782091,杭州,234038,2
4598660419281926,杭州,160951,1
4586666033669125,杭州,641301,2
4628176562824204,杭州,503874,2
4603551003845644,杭州,641301,2
4613530399024137,杭州,369955,0
4595132554372103,杭州,369955,0
4590959536888840,杭州,369955,0
4611552148562952,杭州,369955,0
4613528351222785,杭州,369955,0
4608397298932736,杭州,369955,0
4587994839540739,杭州,369955,0
4605078759365639,杭州,528280,2
4629212482561027,杭州,528280,2
4584243330165761,杭州,528280,2
4589652875340804,杭州,528280,2
4609726316751879,杭州,528280,2
4598323379807233,杭州,528280,2
4613556416846862,杭州,528280,2
4588540440503306,杭州,528280,2
4592853677745157,杭州,528280,2
4601993413338120,杭州,160453,2
4589889287789576,杭州,369955,0
4623544007760911,杭州,369955,0
4610663351772173,杭州,369955,0
4584284693064716,杭州,160372,2
4582636928279553,杭州,641301,2
4523035489152015,杭州,641301,2
4623867073143818,杭州,641301,2
4622784383228933,杭州,641301,2
4585568829434887,杭州,641301,2
4599846365862921,杭州,641301,2
4592880035585027,杭州,641301,2
4623812124288007,杭州,160372,2
4573275378490375,杭州,160372,4
4585225621740551,杭州,160372,2
4548766093470721,杭州,160372,2
4632331801682948,杭州,160372,2
4625335505642508,杭州,160372,2
4620821940610063,杭州,160372,2
4557423592303616,杭州,160372,2
4577149543209993,杭州,160372,4
4609559380222977,杭州,503874,0
4616658920922115,杭州,470980,2
4614933742052362,杭州,826278,2
4578617189065733,杭州,806213,0
4633405903940622,杭州,597679,4
4615812028982285,杭州,597679,4
4616334410193923,杭州,597679,2
4581556906253323,杭州,597679,4
4550222142467076,杭州,597679,4
4535825727925254,杭州,597679,4
4616380986991621,杭州,826456,2
4605135789136896,杭州,826456,2
4524825033040909,杭州,826456,2
4616494191619078,杭州,826456,2
4603865445835791,杭州,826456,2
4623570307881988,杭州,826456,2
4615081961024527,杭州,826456,2
4613776977402892,杭州,826456,2
4544719287135237,杭州,826456,2
4611295581938690,杭州,806213,0
4579910804020230,杭州,806213,0
4631968115418116,杭州,597679,4
4542925306897410,杭州,597679,4
4581270555532302,杭州,597679,4
4631873904483337,杭州,369928,2
4548481588962309,杭州,580034,2
4629166031989766,杭州,580034,4
4626604048278536,杭州,580034,4
4603937875813379,杭州,580034,4
4616581065600001,杭州,580034,4
4599783667801090,杭州,580034,4
4616734050102284,杭州,369928,2
4632267824817153,杭州,369928,2
4554562665077761,杭州,597679,4
4631972489292810,杭州,369928,2
4613513678793731,杭州,369928,4
4626245177371649,杭州,369928,2
4534197187632140,杭州,369928,2
4616736960044040,杭州,369928,2
4586720114107405,杭州,369928,2
4600803484607502,杭州,369928,4
4596751483251714,杭州,806213,0
4578304841165833,杭州,806213,0
4619438036378631,杭州,470980,2
4617705708809224,杭州,952860,2
4483693892967437,杭州,379788,2
4618227065990149,杭州,379788,2
4485007291034634,杭州,379788,2
4625213661651974,杭州,379788,2
4483713822759939,杭州,379788,2
4629509017885710,杭州,379788,2
4626264456520706,杭州,379788,2
4613995188034571,杭州,379788,2
4621310310292488,杭州,379788,2
4621987580849154,杭州,470980,2
4616605285882895,杭州,470980,2
4616747540505610,杭州,470980,2
4582404856161280,杭州,470980,2
4616737244503047,杭州,470980,2
4618486987072526,杭州,470980,2
4616746337803279,杭州,470980,2
4620531776592906,杭州,470980,2
4622244429458446,杭州,379788,2
4520409419049987,杭州,610236,2
4585188191509519,杭州,610236,2
4622497583033355,杭州,952860,2
4578360259783690,杭州,952860,2
4595122235763721,杭州,952860,2
4507435895970822,杭州,952860,2
4589841915438090,杭州,952860,2
4616430109633545,杭州,952860,2
4513168482427910,杭州,952860,2
4619463534472199,杭州,952860,2
4617858211474439,杭州,952860,2
4577525612735496,杭州,610236,2
4624936489657354,杭州,610236,2
4604119369280514,杭州,610236,2
4599321768782862,杭州,610236,2
4613990389769219,杭州,610236,2
4620939851736076,杭州,610236,2
4616649033081868,杭州,610236,2
4500367813012494,杭州,610236,2
4607888477973517,杭州,160453,2
4616762869652487,杭州,580034,4
4568283524719630,杭州,369988,2
4546009094646787,杭州,160901,1
4599363055758342,杭州,160901,1
4562861149873167,杭州,160901,1
4622253428861965,杭州,160901,1
4578482450181127,杭州,160901,1
4631030971788291,杭州,160901,1
4591318358875138,杭州,160901,1
4574207180383232,杭州,160901,1
4570031067292677,杭州,160901,1
4615181082649601,杭州,369988,2
4616445775387662,杭州,369988,2
4620915925625858,杭州,369988,2
4578097677966351,杭州,369988,2
4616452047070216,杭州,369988,2
4608237826153487,杭州,369988,2
4631275696626694,杭州,369988,2
4613975938554895,杭州,369988,2
4589428728785929,杭州,160901,1
4633296520031235,杭州,370110,2
4628042677918724,杭州,370110,2
4606855104785418,杭州,657466,2
4608290439715847,杭州,657466,4
4609263750700037,杭州,657466,2
4630450835629062,杭州,657466,4
4527207089056777,杭州,657466,4
4630407591226380,杭州,657466,2
4608611128450062,杭州,657466,2
4630460619793419,杭州,657466,4
4607183426972680,杭州,657466,4
4626059452029965,杭州,370110,2
4580154787277829,杭州,370110,2
4545806616568833,杭州,370110,2
4544726892864525,杭州,370110,2
4609319924030474,杭州,370110,2
4621811318334478,杭州,370110,2
4626441946965000,杭州,370110,2
4624985920101382,杭州,370110,2
4629528119682053,杭州,369988,2
4616339230452737,杭州,369860,4
4592324099056644,杭州,619585,4
4568319531801603,杭州,369860,4
4608006897673230,杭州,650514,0
4572758627017728,杭州,650514,0
4614123164916744,杭州,650514,0
4573965754065924,杭州,650514,0
4574234937500680,杭州,650514,0
4614104640824324,杭州,650514,0
4615097094298628,杭州,650514,0
4572824117488647,杭州,650514,0
4589517811803140,杭州,370090,2
4610720991157248,杭州,370090,0
4631880630594571,杭州,370090,2
4614158943233027,杭州,370090,2
4587066984967172,杭州,370090,0
4585435347756044,杭州,370090,0
4618345477282825,杭州,370090,2
4610759675124750,杭州,370090,2
4625239202491407,杭州,370090,2
4604441472228358,杭州,650514,0
4572501048908801,杭州,650514,0
4631718545744908,杭州,1168536,0
4626267038852103,杭州,369860,2
4589594008509443,杭州,369860,2
4626366122142731,杭州,369860,2
4610857915128833,杭州,369860,4
4596509973275652,杭州,369860,4
4626278220440576,杭州,369860,2
4625124263730179,杭州,369860,2
4626246715221007,杭州,369860,4
4535890410841094,杭州,1168536,0
4626058010762248,杭州,1168536,0
4632410561797135,杭州,1168536,0
4627472410240014,杭州,1168536,2
4614379741801473,杭州,1168536,2
4618335987854348,杭州,1168536,2
4601713223134214,杭州,1168536,0
4565542667086858,杭州,1168536,2
4565539567426574,杭州,1168536,0
4608424707974147,杭州,657466,2
4615025758297091,杭州,619585,4
4623782953999375,杭州,868300,2
4602669765321743,杭州,476572,2
4619193576219649,杭州,476572,2
4625400028638221,杭州,476572,2
4616918170477578,杭州,476572,2
4625036043791372,杭州,476572,2
4622823002547206,杭州,476572,2
4609739050853391,杭州,476572,2
4618216586849293,杭州,476572,4
4618240787672065,杭州,476572,4
4626272445080587,杭州,476572,4
4565475923831823,杭州,868300,2
4599682687411210,杭州,868300,2
4625242001730567,杭州,868300,2
4625301892146182,杭州,868300,2
4629201975303174,杭州,868300,2
4633390706041865,杭州,868300,2
4633444319861772,杭州,868300,2
4606543876185099,杭州,271325,2
4491823046503439,杭州,271325,2
4629140928539648,杭州,271325,2
4632311010155534,杭州,191502,1
4527537224379406,杭州,191502,1
4632229859601409,杭州,271325,2
4604824024996876,杭州,191502,1
4553058327206925,杭州,271325,4
4629702129951747,杭州,271325,4
4626540930964491,杭州,271325,4
4624780605860876,杭州,271325,2
4629139912647695,杭州,271325,2
4606748524192783,杭州,271325,2
4630882459315213,杭州,868300,2
4601079602932742,杭州,868300,2
4611173872331776,杭州,619585,4
4609630509376522,杭州,229269,2
4587223525778433,杭州,401920,2
4562574648830991,杭州,401920,2
4618035438789634,杭州,401920,2
4617776028853250,杭州,401653,2
4609830112797707,杭州,619585,2
4606656371911693,杭州,619585,4
4616333648518156,杭州,619585,4
4588551356849167,杭州,619585,2
4620808642894850,杭州,619585,4
4598529220944896,杭州,619585,4
4625281763124239,杭州,619585,4
4531427939294215,杭州,877699,0
4301045032771594,杭州,877699,2
4624021164497929,杭州,229269,2
4609290029394955,杭州,229269,2
4595414437702662,杭州,229269,2
4632232454024195,杭州,229269,2
4629645193354250,杭州,229269,2
4626560743726092,杭州,229269,2
4622318287133699,杭州,229269,2
4623830901726211,杭州,229269,2
4606804074785805,杭州,229269,2
4630743317900293,杭州,877699,0
4572926182089740,杭州,877699,2
4606973799459840,杭州,877699,0
4518699225787392,杭州,877699,2
4593772168010760,杭州,877699,0
4578586823191554,杭州,877699,2
4578557748108293,杭州,877699,0
4511682050071565,杭州,877699,2
4626374039612426,杭州,580034,4
4514859034041359,杭州,580034,4
4613790919945231,杭州,346142,1
4466561764224011,杭州,370101,0
4565850771581953,杭州,411448,2
4596621515498508,杭州,411448,2
4595355343416331,杭州,411448,2
4626187117550603,杭州,411448,2
4534243317507083,杭州,379792,2
4629214114782216,杭州,379792,2
4623819998469128,杭州,379792,4
4544109286251535,杭州,379792,4
4606714677928962,杭州,379792,2
4613961541229580,杭州,379792,2
4578645551213581,杭州,379792,4
4589781485526031,杭州,379792,2
4575657942346755,杭州,379792,2
4621120994352128,杭州,379792,2
4554510382605326,杭州,370101,0
4554499654886415,杭州,370101,0
4554505692900356,杭州,370101,0
4611237256408070,杭州,411448,2
4619373298656260,杭州,411448,2
4629080749026306,杭州,411448,2
4616723461282817,杭州,407707,4
4608406330893316,杭州,825962,4
4516401463303168,杭州,825962,4
4621032728124420,杭州,825962,4
4589444569261065,杭州,825962,4
4621008667438089,杭州,825962,4
4586911418608645,杭州,407707,4
4617703579446281,杭州,407707,2
4619196213550080,杭州,407707,2
4612080397722627,杭州,411448,2
4553213254919168,杭州,407707,2
4535693411263496,杭州,407707,4
4615479809614850,杭州,407707,4
4510276819446795,杭州,407707,4
4582360692419590,杭州,407707,4
4616931717620747,杭州,407707,4
4620564349426688,杭州,411448,2
4624962417859585,杭州,370101,0
4613938515827721,杭州,370101,0
4623987042233348,杭州,825962,2
4581048172731400,杭州,370101,0
4611272699501573,杭州,795637,2
4633501277150217,杭州,795637,2
4633581437971462,杭州,795637,2
4619300535524352,杭州,160621,2
4625190003074058,杭州,160621,2
4598584293121035,杭州,160621,2
4565832560958479,杭州,160621,2
4592821977836554,杭州,160621,2
4562879933258755,杭州,160621,2
4626776235486211,杭州,160621,2
4618216475728899,杭州,160621,2
4604022524437516,杭州,160621,2
4620974832704517,杭州,160621,2
4579605801001985,杭州,217526,2
4605557070128142,杭州,217526,2
4620650279398414,杭州,217526,2
4608026970055689,杭州,217526,2
4569575286549518,杭州,795637,2
4630808185543686,杭州,795637,2
4598406299018251,杭州,795637,2
4623513508731914,杭州,659623,2
4613658660250638,杭州,370101,0
4527416965671948,杭州,370101,0
4563336958190598,杭州,370101,0
4617751546620942,杭州,659623,2
4625305405236233,杭州,659623,2
4619638905021440,杭州,659623,4
4619256844147720,杭州,659623,2
4596708699382784,杭州,659623,2
4632445965937666,杭州,795637,2
4578921794233353,杭州,659623,2
4624861709245446,杭州,659623,2
4483902222509065,杭州,659623,2
4626195176580108,杭州,659623,2
4599602361428997,杭州,795637,2
4586809205515266,杭州,795637,2
4632537687415822,杭州,795637,2
4571268818641924,杭州,825962,4
4615443584261127,杭州,825962,2
4623701066181641,杭州,217526,2
4570234946690052,杭州,637489,2
4614931216788482,杭州,161069,0
4465434906668042,杭州,161069,0
4625184186657792,杭州,161069,0
4564230580591616,杭州,161069,0
4599398736358405,杭州,161069,0
4630662888596483,杭州,161069,0
4620725250890755,杭州,161069,0
4610914509562882,杭州,238045,1
4623418300902400,杭州,238045,2
4608436983327744,杭州,238045,2
4620813677386762,杭州,238045,2
4565365350935559,杭州,238045,1
4618389656757250,杭州,238045,2
4615266457885697,杭州,238045,2
4618198751079438,杭州,238045,2
4615613328270338,杭州,238045,1
4632033174625289,杭州,238045,2
4614927916459009,杭州,161069,0
4629052276005896,杭州,161069,0
4618196294446080,杭州,161069,0
4571635246504972,杭州,615545,2
4629629579095042,杭州,174646,4
4578498479610895,杭州,174646,4
4629595487022080,杭州,174646,4
4589463543997449,杭州,174646,4
4601541389708289,杭州,174646,4
4612076488827914,杭州,174646,4
4589775358239747,杭州,174646,4
4500754846540806,杭州,615545,2
4579930869472269,杭州,615545,2
4629365122800649,杭州,615545,2
4632259034014732,杭州,615545,4
4610661600615429,杭州,615545,4
4619157136714756,杭州,615545,2
4568171185955840,杭州,615545,2
4551810015636480,杭州,615545,2
4599845735881731,杭州,615545,4
4589538752814087,杭州,637489,2
4596612793574406,杭州,637489,2
4586121536023556,杭州,825962,2
4596629544508423,杭州,637489,2
4623989042699264,杭州,638890,2
4625122788682765,杭州,638890,2
4623907055608839,杭州,638890,2
4625131749155846,杭州,638890,2
4605106827813889,杭州,638890,2
4479662057071622,杭州,638890,2
4612507805756422,杭州,160086,1
4626253097954306,杭州,160086,1
4626240519216143,杭州,160086,1
4575712931849223,杭州,160086,1
4608419255395337,杭州,160086,1
4598344217385995,杭州,160086,1
4588404459103246,杭州,160086,1
4562859341982728,杭州,160086,1
4624895859813379,杭州,160086,1
4588402143783948,杭州,160086,1
4615438146133005,杭州,825962,2
4566948642352142,杭州,638890,2
4567087550864391,杭州,638890,2
4624039536909315,杭州,638890,2
4548655650907139,杭州,913287,2
4600771882068997,杭州,637489,2
4618079733734402,杭州,637489,2
4596636045470720,杭州,637489,2
4618387780641801,杭州,637489,2
4609310680638478,杭州,637489,2
4589510326723594,杭州,637489,2
4602872866857984,杭州,913287,2
4611016883168269,杭州,913287,2
4624174562796548,杭州,638890,2
4605502258490375,杭州,913287,2
4589917737167878,杭州,913287,2
4612088013925384,杭州,913287,2
4538643036052491,杭州,913287,2
4626491814452229,杭州,913287,2
4610637243968525,杭州,913287,2
4598232624180239,杭州,913287,2
4608036307395599,杭州,217526,2
4620676441140236,杭州,217526,2
4616643956222985,杭州,580034,4
4632156707712012,杭州,179178,1
4631229250790409,杭州,826256,0
4614994960212994,杭州,826256,0
4585482911636487,杭州,826256,0
4603676387683340,杭州,826256,0
4600062537278464,杭州,826256,0
4527146616628224,杭州,826256,0
4512065683153929,杭州,826256,0
4578121740495887,杭州,826256,0
4632102472473612,杭州,782005,2
4631936315104256,杭州,782005,2
4530121412439054,杭州,782005,2
4561298048230403,杭州,782005,2
4620934639803392,杭州,782005,2
4530324972133377,杭州,782005,2
4630549708336130,杭州,782005,2
4530259081421830,杭州,782005,2
4589835920468998,杭州,782005,4
4603668669635598,杭州,826256,0
4580126878374914,杭州,826256,0
4618064854064135,杭州,611311,2
4620654370761743,杭州,160324,1
4605560573058057,杭州,160324,1
4588334526045188,杭州,160324,1
4588434956133376,杭州,160324,1
4616756229073933,杭州,160324,1
4616319749368834,杭州,611311,2
4613620070407170,杭州,611311,2
4616398314691598,杭州,611311,2
4618035991882758,杭州,611311,2
4599771104144396,杭州,611311,2
4617772858680324,杭州,611311,2
4623503552830467,杭州,611311,2
4579499877456896,杭州,611311,2
4623810514723842,杭州,611311,2
4530254199333889,杭州,782005,2
4620914146323464,杭州,179178,1
4541988072762368,杭州,160324,1
4620923133731843,杭州,179178,1
4601180669963273,杭州,369876,2
4603980787575821,杭州,369876,2
4620763292593163,杭州,369876,2
4564238339890178,杭州,369876,2
4592388706231302,杭州,369876,2
4498961665727498,杭州,369876,2
4611133595477006,杭州,369876,2
4605373490422786,杭州,220070,4
4474795444839439,杭州,220070,1
4623927009600519,杭州,220070,1
4595447063487488,杭州,220070,4
4626381034775563,杭州,220070,1
4630632493542400,杭州,220070,1
4550574752637962,杭州,220070,1
4595323602775045,杭州,220070,1
4615569362971656,杭州,220070,1
4550572001747981,杭州,220070,1
4605328802685954,杭州,369876,2
4623652233096196,杭州,369876,2
4630757209680909,杭州,369876,2
4572465883638792,杭州,826797,4
4633558929763343,杭州,179178,1
4630640042779663,杭州,179178,1
4626309845722116,杭州,179178,1
4624996906624008,杭州,179178,1
4615186417359886,杭州,179178,1
4630305463610372,杭州,179178,1
4599162227057667,杭州,179178,1
4597039005541381,杭州,826797,4
4626400552985605,杭州,826797,2
4576769194318852,杭州,826797,4
4576839210314767,杭州,826797,4
4574500640943107,杭州,826797,4
4496170106416141,杭州,826797,4
4588454081879052,杭州,826797,4
4571496663231500,杭州,826797,4
4623450772808706,杭州,826797,2
4584278037654530,杭州,160324,1
4622172269519877,杭州,370025,0
4626372610581510,杭州,217526,2
4587085644473349,杭州,943040,2
4608450280528904,杭州,606332,4
4587052514255879,杭州,606332,4
4624037185577990,杭州,205213,4
4621957217573894,杭州,205213,4
4565493448825863,杭州,205213,4
4623709617658882,杭州,205213,2
4613619825826817,杭州,205213,2
4505972672013326,杭州,205213,2
4605055346926602,杭州,205213,4
4619958490342402,杭州,205213,4
4510264613362703,杭州,205213,4
4629444463795200,杭州,205213,4
4619536183796747,杭州,943040,2
4627964464651276,杭州,943040,2
4469552553354247,杭州,943040,2
4623930031285255,杭州,943040,2
4540278476057613,杭州,943040,2
4545981226394633,杭州,606332,4
4603932512445453,杭州,606332,4
4539198632223757,杭州,606332,4
4628202876967941,杭州,217526,2
4605554910456839,杭州,217526,2
4467951053921295,杭州,160679,2
4561366643876872,杭州,160679,2
4611433152734212,杭州,160679,2
4611105876567054,杭州,606332,4
4477728571417602,杭州,606332,2
4604160922856452,杭州,606332,4
4619818621772815,杭州,606332,4
4611290071360526,杭州,606332,4
4625259701525512,杭州,943040,2
4618034226670593,杭州,943040,2
4472295836707842,杭州,370025,0
4621808944868354,杭州,943040,4
4550447820794887,杭州,369832,0
4622161187396616,杭州,405245,2
4585257213977612,杭州,405245,2
4626263644253197,杭州,405245,2
4524764460983311,杭州,405245,2
4524757817060367,杭州,405245,2
4576716280736769,杭州,405245,2
4524753814248461,杭州,405245,2
4622156030043151,杭州,405245,4
4500736688774150,杭州,405245,2
4397223879810054,杭州,405245,2
4620940264465418,杭州,370025,0
4552631355104270,杭州,370025,0
4371917391453190,杭州,223789,1
4627798048300043,杭州,943040,2
4602469186069512,杭州,223789,1
4621166575737862,杭州,223789,1
4538714445933574,杭州,223789,1
4600025545204742,杭州,223789,1
4411362975034373,杭州,223789,1
4535767716785154,杭州,223789,1
4523200086895619,杭州,223789,1
4629646006180864,杭州,223789,1
4625086371687439,杭州,223789,1
4517670964194315,杭州,996154,0
4595195012082700,杭州,996154,0
4548503413693446,杭州,996154,0
4533078253888525,杭州,996154,0
4411465137728522,杭州,369832,0
4633134294264841,杭州,370090,2
4581466297525249,杭州,725178,2
4624811296746503,杭州,725178,2
4601756480297986,杭州,160842,1
4608456187915270,杭州,160121,1
4603408614583311,杭州,160121,1
4618294813633549,杭州,217995,2
4624916787424266,杭州,217995,2
4547651638172674,杭州,217995,1
4538785810902020,杭州,217995,2
4623919705529359,杭州,217995,2
4575403914566667,杭州,217995,2
4609899471891460,杭州,217995,1
4397344581344265,杭州,217995,2
4508708607730694,杭州,217995,2
4606524288113670,杭州,217995,2
4620900514049031,杭州,160121,1
4503359659500559,杭州,1038258,0
4614994716126209,杭州,343452,2
4561423038110722,杭州,343452,4
4624850604354575,杭州,343452,0
4319402147520521,杭州,639246,0
4595210466192386,杭州,639246,0
4540558932470788,杭州,639246,0
4400075914980365,杭州,639246,0
4591248532694027,杭州,1038258,0
4506432363244558,杭州,1038258,0
4595478269586442,杭州,1038258,0
4602643910173706,杭州,1038258,0
4561360442076166,杭州,1038258,0
4555858120219650,杭州,1038258,0
4503350806944779,杭州,1038258,0
4595606278855691,杭州,1038258,0
4570064208716802,杭州,1038258,0
4619748696564742,杭州,160842,1
4623856640109570,杭州,160842,1
4623685768307720,杭州,343452,0
4608824210449411,杭州,160842,4
4617785451455488,杭州,185133,2
4625260165475343,杭州,185133,2
4633915574115335,杭州,185133,2
4629736187192332,杭州,185133,2
4607877229341702,杭州,160002,1
4630907628465157,杭州,160002,1
4597967192679433,杭州,236886,4
4582391526304782,杭州,236886,4
4582782078067721,杭州,236886,4
4601687542586372,杭州,160842,1
4626680837626893,杭州,160842,1
4626231877952512,杭州,160842,1
4598495515221007,杭州,160842,1
4581469804665857,杭州,160842,1
4606936419965955,杭州,160842,1
4627900495780867,杭州,236886,4
4629754648390659,杭州,343452,0
4629670339669005,杭州,343452,4
4601067240512516,杭州,160002,2
4626431510240270,杭州,346243,2
4586989274504206,杭州,216505,0
4595066021651469,杭州,216505,0
4516298773027850,杭州,216505,0
4615360196158472,杭州,216505,0
4551470672112654,杭州,216505,0
4599608924597259,杭州,379778,0
4506174178288644,杭州,379778,0
4506170586422280,杭州,379778,0
4620729886647310,杭州,379778,0
4620677812300800,杭州,379778,0
4620693189878792,杭州,379778,0
4620694558893060,杭州,379778,0
4613895830793216,杭州,379778,0
4629087642901512,杭州,379778,0
4623443807661061,杭州,379778,0
4629467743296519,杭州,346243,2
4626415161338880,杭州,346243,2
4595520064349196,杭州,216505,0
4527623785389063,杭州,216505,0
4620713685277697,杭州,216505,0
4626792608001033,杭州,369899,2
4620817954857997,杭州,160571,2
4623816490052609,杭州,160571,4
4622465405608965,杭州,160571,2
4584278798951435,杭州,160571,2
4611145068047365,杭州,160571,2
4616435668624385,杭州,369899,2
4632061649738756,杭州,369899,2
4633694224294914,杭州,369899,2
4626312762139656,杭州,216505,0
4590979176016898,杭州,369899,2
4623572316761100,杭州,369899,2
4523141736061965,杭州,369899,2
4626707728247823,杭州,369899,2
4633942077793290,杭州,369899,2
4627731827530753,杭州,369899,2
4589788743277569,杭州,216505,0
4626424332053517,杭州,346243,2
4626439425092612,杭州,346243,4
4620744974883842,杭州,343452,0
4629498441016335,杭州,346243,2
4619272436997133,杭州,220591,2
4570061741843458,杭州,220591,2
4627677988629505,杭州,220591,2
4626368421899272,杭州,220591,2
4266936291568649,杭州,207422,4
3777585856898053,杭州,207422,2
4619189143280643,杭州,207422,2
4554113122821129,杭州,207422,2
4567221650779138,杭州,207422,2
4623916905538563,杭州,207422,2
4631200294005768,杭州,207422,2
3939739123706880,杭州,207422,2
4609508191050762,杭州,207422,2
4583729685488648,杭州,207422,2
4617786103344142,杭州,343452,0
4629538046761989,杭州,343452,0
4618141249219592,杭州,343452,0
4627165019171840,杭州,220591,2
4535773644483596,杭州,220591,2
4603547804347398,杭州,220591,2
4586574095049740,杭州,219250,1
4626550617746438,杭州,346243,2
4618029940714509,杭州,346243,4
4571403922414601,杭州,346243,2
4291243083131915,杭州,346243,4
4606719755215873,杭州,219250,1
4616737428696069,杭州,219250,1
4616931213978624,杭州,219250,1
4587041177134083,杭州,219250,1
4514427690998799,杭州,220591,2
4567278935124997,杭州,219250,1
4583866419291144,杭州,219250,1
4567278950720527,杭州,219250,1
4623799246433284,杭州,219250,1
4618303786869761,杭州,219250,1
4616698600414223,杭州,220591,2
4632093301222406,杭州,220591,2
4616608835591168,杭州,725178,2
4623477090081795,杭州,200705,2
4614971823758346,杭州,786131,4
4552995794068488,杭州,786131,2
4487895810827276,杭州,786131,4
4234556254350351,杭州,786131,4
4234560108063754,杭州,786131,4
4554392850099214,杭州,786131,2
4538826522340353,杭州,786131,2
4618200079363075,杭州,642230,2
4598172257577989,杭州,642230,2
4619705806627844,杭州,642230,2
4614068344003589,杭州,642230,2
4621269612801032,杭州,642230,2
4630575122897924,杭州,642230,2
4612787406789635,杭州,642230,2
4624826678701067,杭州,642230,2
4612743706258445,杭州,642230,2
4632144395510792,杭州,642230,2
4022147779174405,杭州,786131,4
4626181106019331,杭州,786131,4
4606814934098954,杭州,786131,2
4632105304894472,杭州,825761,0
4519118303271939,杭州,304199,2
4625212379767823,杭州,304199,1
4415792743459842,杭州,304199,1
4624062407171084,杭州,304199,2
4615350946554891,杭州,304199,4
4619530490911756,杭州,304199,4
4553166264673288,杭州,304199,2
4623759881083912,杭州,825761,0
4570058623986692,杭州,825761,0
4598197722242060,杭州,825761,0
4593937393921038,杭州,825761,0
4592936167447558,杭州,825761,0
4564001169710087,杭州,825761,0
4538707054914569,杭州,825761,0
4594337853021198,杭州,825761,0
4564307436022799,杭州,825761,0
4630488225094657,杭州,200705,2
4611018641056780,杭州,200705,2
4626731061943305,杭州,304199,2
4565411017335810,杭州,200705,2
4602709480205320,杭州,369882,4
4616899102581764,杭州,369882,0
4620644374141956,杭州,369882,2
4620858380346382,杭州,369882,2
4578259309831172,杭州,369882,4
4613865716294659,杭州,369882,2
4514491560387585,杭州,160630,4
4564373814205453,杭州,160630,4
4562636015363084,杭州,160630,4
4609693387578372,杭州,160630,4
4564457668733961,杭州,160630,4
4609893521910785,杭州,160630,4
4612534400934915,杭州,346142,1
4626235425137671,杭州,369882,0
4633518538974213,杭州,369882,4
4633534928821252,杭州,369882,2
4589410171773963,杭州,233921,2
4565411012160513,杭州,200705,1
4565412108446725,杭州,200705,2
4563969578478605,杭州,200705,2
4567041743449091,杭州,200705,2
4629492491674628,杭州,200705,2
4595195499703303,杭州,200705,2
4609839447071750,杭州,233921,2
4631047748852740,杭州,233921,2
4633538914167820,杭州,369882,2
4578582394121230,杭州,233921,2
4585369528298498,杭州,233921,2
4566858529057796,杭州,233921,2
4625086326514696,杭州,233921,2
4611288618394626,杭州,233921,2
4598371499908111,杭州,233921,2
4595503102635017,杭州,233921,2
4588080518081551,杭州,304199,2
4514267418405903,杭州,304199,2
4632083175678984,杭州,369817,2
4618084352238600,杭州,160263,1
4608578546443268,杭州,160263,1
4609694279459841,杭州,160263,1
4581025449192450,杭州,160263,1
4629402141156359,杭州,314429,1
4624960505357317,杭州,314429,1
4626323980954632,杭州,314429,1
4631901039897603,杭州,314429,1
4623652137344008,杭州,314429,1
4630747307320329,杭州,160689,1
4629169764559878,杭州,160689,1
4538783977483279,杭州,369817,2
4538635929234440,杭州,369817,2
4540385134947342,杭州,369817,2
4592632047985664,杭州,369817,2
4629680046382094,杭州,369817,2
4586819514178565,杭州,369817,2
4575752408427523,杭州,369817,2
4633692589464578,杭州,369817,2
4632151859883009,杭州,369817,2
4633655534887945,杭州,160689,2
4619296968285195,杭州,160689,1
4607974021702661,杭州,160689,2
4618043105289223,杭州,160689,2
4622273997646849,杭州,160689,2
4622048054830095,杭州,160689,1
4607035171922957,杭州,160689,1
4622391659060239,杭州,160689,1
4619731256927245,杭州,628421,0
4575668161178634,杭州,607657,4
4630729039995915,杭州,628421,0
4593717624527887,杭州,322406,2
4632577069016064,杭州,322406,2
4629575499998218,杭州,607657,4
4527472532315148,杭州,607657,2
4581506522655758,杭州,607657,2
4520732499614735,杭州,607657,2
4581383010118669,杭州,607657,2
4622808292893706,杭州,607657,2
4626344748620805,杭州,607657,2
4601353855835146,杭州,607657,2
4541349536996352,杭州,607657,2
4584217280750607,杭州,201741,2
4613829159674893,杭州,628421,0
4629881760455686,杭州,628421,0
4626386503035905,杭州,628421,0
4628360398314507,杭州,628421,0
4613563944348676,杭州,628421,0
4631991718960129,杭州,628421,0
4627706229451783,杭州,628421,0
4633834427261959,杭州,628421,0
4583788471397376,杭州,201741,2
4585146167286788,杭州,201741,1
4581511768892429,杭州,201741,2
4574541934877698,杭州,201741,1
4574501106658317,杭州,201741,1
4623989290738699,杭州,201741,1
4588154377085967,杭州,201741,2
4616722938047492,杭州,201741,1
4584245420399623,杭州,201741,1
4578650170434571,杭州,160571,2
4628083517053967,杭州,160571,1
4611148991882246,杭州,160571,2
4568546622204933,杭州,635026,4
4381731729382401,杭州,635026,4
4381728982082575,杭州,635026,4
4600946748761098,杭州,635026,2
4619612591315976,杭州,635026,4
4619224126331911,杭州,635026,2
4556903010884622,杭州,635026,2
4588604585450504,杭州,635026,2
4579506849737737,杭州,791599,0
4626513350714375,杭州,791599,0
4619683127239689,杭州,791599,0
4562656850500622,杭州,791599,0
4543256449639427,杭州,791599,0
4591443977399301,杭州,791599,0
4613545304366092,杭州,791599,0
4531440148737035,杭州,791599,0
4594025693881359,杭州,791599,0
4588282016326656,杭州,635026,4
4608322006395906,杭州,635026,2
4620649360436225,杭州,650521,4
4567217446415375,杭州,729169,2
4631026922429445,杭州,729169,2
4619575223837704,杭州,729169,4
4568900820511748,杭州,729169,2
4615327625686024,杭州,729169,4
4616628473764864,杭州,729169,2
4575907910067202,杭州,729169,2
4615322064364548,杭州,729169,4
4537580491645963,杭州,650521,4
4589502257912842,杭州,650521,4
4581537963809803,杭州,650521,4
4613962567197705,杭州,650521,4
4614093626354696,杭州,650521,4
4611350922308616,杭州,650521,4
4632136393401353,杭州,650521,4
4619458875663360,杭州,650521,4
4611230551401480,杭州,650521,4
4621354116488192,杭州,791599,0
4618197985811471,杭州,729169,2
4588061558041603,杭州,318655,2
4633776924761088,杭州,630884,0
4623511420988417,杭州,630884,0
4547521000381451,杭州,630884,0
4592549742439424,杭州,630884,0
4615259413963784,杭州,630884,0
4574206352350218,杭州,630884,0
4606435592989708,杭州,630884,0
4632739896435716,杭州,630884,0
4632373685068811,杭州,630884,0
4584243164650504,杭州,630884,0
4623849036833800,杭州,475889,0
4629627626236935,杭州,318655,2
4615453639060484,杭州,318655,2
4626289611512836,杭州,475889,0
4608442367269893,杭州,475889,0
4553090717524993,杭州,475889,0
4616375357219845,杭州,475889,0
4467736147254283,杭州,475889,0
4626252107017222,杭州,475889,0
4630753966480384,杭州,475889,0
4626631775659009,杭州,475889,0
4618081510448143,杭州,475889,0
4567452022219791,杭州,729169,2
4580216147844108,杭州,992085,0
4578193382892553,杭州,160571,2
4630655218232332,杭州,175824,1
4633408610606090,杭州,825526,2
4600765003752455,杭州,825526,2
4603916156382223,杭州,825526,2
4593852960889867,杭州,369931,0
4609315153601541,杭州,369931,0
4629922901353485,杭州,369931,0
4623464258495492,杭州,369931,0
4583866338470914,杭州,369931,0
4597935520984077,杭州,369931,0
4611239179592716,杭州,369931,0
4609436323142661,杭州,369931,0
4581482566790148,杭州,369931,0
4619647766553611,杭州,369931,0
4620591082499078,杭州,175824,1
4607116447620096,杭州,825526,2
4615054786944001,杭州,825526,2
4595597461548041,杭州,825526,2
4606885295533058,杭州,618739,2
4479669289165825,杭州,725178,2
4547446128421899,杭州,725178,2
4571222382390280,杭州,725178,2
4626443006094337,杭州,725178,4
4630651227565063,杭州,725178,2
4547449624239117,杭州,725178,2
4629487962266624,杭州,725178,4
4571481787051010,杭州,618739,2
4620837855667203,杭州,618739,2
4622365819968525,杭州,618739,2
4632040248091654,杭州,618739,2
4628526348839941,杭州,618739,2
4626354433862663,杭州,618739,2
4625372354354182,杭州,618739,2
4624425756875778,杭州,618739,2
4629123645955078,杭州,618739,2
4609340362529801,杭州,175824,1
4601098853276673,杭州,175824,1
4553558086065160,杭州,992085,0
4613576082631683,杭州,807657,0
4623529053428751,杭州,807657,0
4623519628925959,杭州,807657,0
4604068175309830,杭州,807657,0
4613317613693962,杭州,807657,0
4570268163793927,杭州,807657,0
4597976061225997,杭州,807657,0
4626296891288590,杭州,216293,0
4596954206938123,杭州,216293,0
4623745119611909,杭州,216293,0
4624993983781899,杭州,216293,0
4579936490316811,杭州,216293,0
4599384407174153,杭州,216293,0
4616650234719235,杭州,216293,0
4610671802461192,杭州,216293,0
4565744961037321,杭州,216293,0
4608095287139331,杭州,216293,0
4629129218219011,杭州,807657,0
4610624389176324,杭州,807657,0
4632404422421512,杭州,807657,0
4573834298186759,杭州,369920,4
4577352906976269,杭州,175824,1
4613963418280970,杭州,406023,0
4528956924943364,杭州,406023,0
4524600015891471,杭州,406023,0
4616507936662537,杭州,406023,0
4538798971249677,杭州,406023,0
4567212533408778,杭州,369920,0
4572951811482637,杭州,369920,0
4572914874262530,杭州,369920,0
4573002547831820,杭州,369920,0
4630866609218562,杭州,369920,0
4633816458616843,杭州,369920,0
4622481116374031,杭州,369920,0
4612102874948621,杭州,369920,0
4581074783755279,杭州,369920,0
4630249571279880,杭州,369858,2
4630555025665034,杭州,369858,2
4632567438664712,杭州,369858,2
4548744867388424,杭州,604862,0
4620681427772420,杭州,214743,2
4623457455889419,杭州,214743,2
4525954541050885,杭州,214743,2
4632321331766282,杭州,214743,2
4614955238419467,杭州,214743,2
4616330618297349,杭州,214743,2
4633939877895173,杭州,214743,2
4625387404420096,杭州,214743,2
4626446220635142,杭州,214743,2
4625297532740608,杭州,604862,0
4625158731424769,杭州,604862,0
4470685192315907,杭州,604862,0
4558750435157005,杭州,604862,0
4527386403724290,杭州,604862,0
4586717195265024,杭州,604862,0
4586739565435919,杭州,604862,0
4473390644243466,杭州,604862,0
4621397165042691,杭州,214743,4
4629453616653320,杭州,369830,2
4599592853218310,杭州,369830,2
4600980344318984,杭州,369830,2
4619552303211522,杭州,369830,2
4602069824957452,杭州,369830,2
4600979694691331,杭州,369830,2
4603763213003777,杭州,369830,2
4566658125308930,杭州,369830,2
4588483868388352,杭州,369830,2
4591298021874695,杭州,160035,2
4629424796869642,杭州,160035,1
4633582632594442,杭州,604862,0
4618048771058701,杭州,234643,0
4631987476964357,杭州,369858,2
4622097845447691,杭州,234643,0
4620985152019459,杭州,369838,2
4629437603912705,杭州,369838,2
4629450024446986,杭州,369838,2
4622278905244685,杭州,369838,2
4625235119612940,杭州,369838,2
4608244230794253,杭州,369838,2
4538894193482753,杭州,160866,0
4611139582831618,杭州,160571,2
4625445645343758,杭州,369838,2
4620930122411013,杭州,369838,2
4631919841827840,杭州,369838,2
4585294045766660,杭州,161035,2
4618048564845574,杭州,234643,0
4510604964488196,杭州,234643,0
4630471788686339,杭州,234643,0
4618296287339534,杭州,234643,0
4630908138003457,杭州,234643,0
4617887022164996,杭州,234643,0
4536199828216833,杭州,161035,2
4630525673974784,杭州,161035,2
4619430711155715,杭州,369838,2
4624949444111362,杭州,161035,2
4627734661213197,杭州,161035,2
4622168567507975,杭州,161035,2
4612403916139525,杭州,161035,2
4633675260488704,杭州,161035,2
4626543926533129,杭州,161035,2
4582934128319500,杭州,161035,1
4623534070672385,杭州,369830,2
4589949654068230,杭州,160955,1
4588087025556483,杭州,160830,2
4625151660465162,杭州,370046,0
4615238983314432,杭州,370046,0
4629169826407439,杭州,370046,0
4586623990309894,杭州,370046,0
4623902005767175,杭州,370046,0
4600673078930444,杭州,370046,0
4598020149371907,杭州,370046,0
4599361104272394,杭州,370046,0
4629019725521923,杭州,370046,0
4630806821020687,杭州,370046,0
4603640765111309,杭州,628110,2
4607803997445126,杭州,160830,4
4614013882981384,杭州,191426,1
4629323196818440,杭州,369858,2
4630827854748675,杭州,369858,2
4630552822852617,杭州,369858,2
4631945831752705,杭州,369858,2
4631481782299654,杭州,369858,2
4631940612172810,杭州,369858,2
4632024161197059,杭州,191426,1
4544404424174598,杭州,191426,1
4555855904336904,杭州,191426,1
4588134058093569,杭州,191426,1
4632353224942596,杭州,191426,1
4600772107496450,杭州,191426,1
4555868053478405,杭州,191426,1
4588480809081863,杭州,191426,1
4512102113176578,杭州,191426,1
4603639788837892,杭州,628110,4
4630666807749636,杭州,628110,2
4631062688015370,杭州,628110,2
4435243969846280,杭州,160067,4
4605637075887115,杭州,160067,4
4592694022775810,杭州,160067,4
4606416095534088,杭州,160067,4
4615511180827648,杭州,160067,1
4541802536655887,杭州,160067,2
4617064897371151,杭州,160067,4
4613742007000070,杭州,160067,1
4623599785141254,杭州,160067,2
4633488460114954,杭州,868158,0
4626255224548367,杭州,160955,1
4605344214309900,杭州,160955,1
4629077180869634,杭州,160955,1
4586872794094601,杭州,160955,1
4521964804844553,杭州,160067,4
4530110889894926,杭州,868158,0
4629630186839044,杭州,628110,2
4567356200131597,杭州,397247,4
4630534887320583,杭州,628110,2
4611144603771909,杭州,628110,2
4613512845241346,杭州,628110,2
4611189574624256,杭州,628110,2
4627730648228877,杭州,628110,2
4606767551538178,杭州,397247,4
4534447398036482,杭州,397247,4
4567310407721998,杭州,397247,4
4529001689406471,杭州,868158,0
4323697007746062,杭州,397247,4
4632112651609094,杭州,868158,0
4540283698764802,杭州,868158,0
4552802774279171,杭州,868158,0
4577401227062281,杭州,868158,0
4623719298735106,杭州,868158,0
4622104360969222,杭州,868158,0
4537207157271555,杭州,174646,4
4541646996663299,杭州,174646,4
4623909143075841,杭州,174646,4
4566872033061894,杭州,779966,4
4609752552184834,杭州,826449,2
4578378743868425,杭州,826449,2
4380059141319684,杭州,826449,2
4593809747536899,杭州,826449,2
4596648591977481,杭州,826449,2
4614888410913792,杭州,826449,2
4554326076251136,杭州,826449,2
4632083874180104,杭州,779966,2
4614072570584073,杭州,779966,4
4615193808940033,杭州,826449,2
4590859145980936,杭州,826449,2
4571087438060552,杭州,826449,2
4607827468676099,杭州,369839,2
4620874425000971,杭州,369907,2
4626508209331206,杭州,369907,2
4627903788719108,杭州,369907,2
4621113629613064,杭州,369907,2
4489190800235525,杭州,369907,4
4590994170649611,杭州,369907,2
4536424449240065,杭州,369907,2
4533495089294349,杭州,369839,2
4608568964389892,杭州,369839,2
4623571505275911,杭州,369839,2
4487792413535247,杭州,369839,2
4615060707959820,杭州,369839,2
4531793128104971,杭州,369839,2
4577148179950597,杭州,369839,2
4536130347772943,杭州,369839,2
4597986927860747,杭州,369839,2
4632391673031693,杭州,779966,2
4617899207924749,杭州,779966,4
4628302017586183,杭州,369907,2
4631913393740800,杭州,779966,2
4632187593333762,杭州,485004,2
4626813669108740,杭州,485004,4
4632516699909133,杭州,485004,2
4576785144357899,杭州,485004,2
4433752406060039,杭州,825755,2
4626260791630854,杭州,825755,2
4536049456110606,杭州,825755,2
4618254946378762,杭州,825755,2
4552951767180297,杭州,825755,2
4621315410226184,杭州,825755,2
4578527174550542,杭州,825755,2
4595143185017863,杭州,825755,2
4599333404892163,杭州,825755,2
4617798538568713,杭州,825755,2
4632313261728781,杭州,369932,0
4622528548316174,杭州,369932,0
4632564914004998,杭州,369932,0
4604075395195918,杭州,485004,2
4585259260288013,杭州,485004,4
4580409878914058,杭州,485004,2
4596713222052873,杭州,826452,2
4548860657310730,杭州,779966,4
4566910373798926,杭州,779966,4
4619726920231945,杭州,779966,4
4599303325244425,杭州,779966,4
4622191766772745,杭州,826452,2
4629086804024331,杭州,826452,2
4603947499021322,杭州,826452,2
4596841730302991,杭州,826452,2
4525861657680906,杭州,485004,2
4623974603973643,杭州,826452,2
4629459680582659,杭州,826452,2
4603691733396490,杭州,826452,2
4599358824229902,杭州,826452,2
4565892781747209,杭州,826452,2
4629647261524993,杭州,485004,2
4565839326931968,杭州,485004,4
4620660338254848,杭州,369907,2
4610862917149698,杭州,369907,2
4537289944785928,杭州,369932,0
4564585030638595,杭州,780546,0
4584287733804041,杭州,826859,2
4616335244454913,杭州,826859,4
4627004692487168,杭州,826859,2
4597944374909960,杭州,826859,4
4592637244267528,杭州,826859,4
4624868756954124,杭州,826859,2
4579520602614787,杭州,826859,2
4616324445772803,杭州,826859,4
4571386019095563,杭州,826859,2
4585793448717317,杭州,780546,0
4607842137283599,杭州,780546,0
4553070170610697,杭州,780546,0
4593713151992836,杭州,780546,0
4613515654896655,杭州,780546,0
4518856538811402,杭州,780546,0
4619292147407873,杭州,780546,0
4623409341193227,杭州,780546,0
4530032585679879,杭州,826859,2
4565600200043533,杭州,161147,1
4333242675272711,杭州,161147,1
4605136903644162,杭州,161147,1
4628062162803724,杭州,161147,1
4613712268387329,杭州,161147,1
4618126222140417,杭州,161147,1
4579769910406157,杭州,161147,1
4600974945870863,杭州,161147,1
4610765828434949,杭州,161147,2
4626611965961231,杭州,315025,0
4597057963105290,杭州,780546,0
4632605175077890,杭州,1077675,0
4627672784462863,杭州,369989,2
4575653971270664,杭州,1077675,0
4624948330159107,杭州,628434,2
4622489085289473,杭州,628434,2
4622272565484556,杭州,628434,2
4622439250140172,杭州,628434,2
4528706344051713,杭州,628434,2
4621008401996800,杭州,628434,2
4603768225883136,杭州,628434,2
4569940634643464,杭州,628434,2
4586633243962382,杭州,369989,4
4568845739729926,杭州,369989,4
4629047481723904,杭州,369989,4
4629066753022978,杭州,369989,4
4577138358393856,杭州,369989,2
4625130283572234,杭州,369989,4
4630531882540045,杭州,369989,4
4591163530845185,杭州,369989,4
4629115931024387,杭州,369989,2
4626741118983177,杭州,628434,2
4516191187166210,杭州,628434,2
4615279989943300,杭州,160574,4
4624176020413440,杭州,1077675,0
4588257227025417,杭州,1077675,0
4632407229291526,杭州,1077675,0
4319251578953730,杭州,1077675,0
4581063303666688,杭州,1077675,0
4569750427249678,杭州,1077675,0
4548513224451078,杭州,1077675,0
4504666951687172,杭州,1077675,0
4603688926845959,杭州,160574,1
4548709339276289,杭州,160574,1
4615431485811721,杭州,160574,4
4615282639348748,杭州,160574,4
4568698888956928,杭州,160574,4
4615280046713860,杭州,160574,2
4568696529738766,杭州,160574,4
4588394437286917,杭州,160574,1
4627948558445570,杭州,160574,4
4632561881685004,杭州,369932,0
4632313253995531,杭州,369932,0
4586948083983360,杭州,656371,4
4320920960920585,杭州,726989,4
4589794549242891,杭州,659403,2
4594046415381504,杭州,659403,2
4604824040041476,杭州,800830,2
4598506853096452,杭州,800830,2
4539803799710724,杭州,800830,2
4617784469744651,杭州,800830,2
4590869079778308,杭州,800830,2
4624643877624840,杭州,800830,2
4626349573446670,杭州,800830,2
4507360947201030,杭州,800830,2
4624641707334666,杭州,800830,2
4596698228237313,杭州,800830,2
4565777988316173,杭州,726989,4
4565770630931463,杭州,726989,4
4567097316762626,杭州,726989,0
4581394846555147,杭州,726989,0
4534379074890766,杭州,726989,0
4606986005081097,杭州,659403,2
4616757789875208,杭州,659403,2
4518842738187268,杭州,659403,4
4606710104255490,杭州,608131,2
4546298365635594,杭州,272618,2
4569999613844489,杭州,272618,2
4611331600559116,杭州,608131,2
4566735610571776,杭州,608131,2
4610838492587009,杭州,608131,2
4595110138207245,杭州,608131,2
4595377678050309,杭州,608131,2
4587047736255498,杭州,608131,2
4518836608115718,杭州,659403,4
4574542883908619,杭州,608131,2
4600965702968321,杭州,608131,2
4605268303830029,杭州,608131,2
4588555983416331,杭州,659403,2
4518844851903491,杭州,659403,4
4611214583688193,杭州,659403,2
4621051053188106,杭州,659403,2
4613840618580999,杭州,726989,0
4139383537343491,杭州,726989,4
4627846852944910,杭州,272618,2
4565780698508298,杭州,726989,0
4626727846765582,杭州,826366,0
4607883921679371,杭州,826366,0
4626725242905602,杭州,826366,0
4561223746612236,杭州,826366,0
4615466514770959,杭州,826366,0
4615321928066055,杭州,826366,0
4602167058131981,杭州,826366,4
4632237523362821,杭州,826366,0
4604242997222413,杭州,826366,0
4564381824590850,杭州,826366,0
4526004702520324,杭州,656371,4
4598262711917572,杭州,656371,4
4585780252339213,杭州,656371,2
4615366242477057,杭州,656371,4
4547398525871114,杭州,656371,4
4598245970977792,杭州,656371,4
4633467465802758,杭州,638889,0
4630396243418115,杭州,639013,2
4612077954919430,杭州,726989,0
4589481800360963,杭州,639013,4
4605337967614990,杭州,639013,2
4619098314499077,杭州,639013,4
4630946707137547,杭州,639013,4
4547300798585857,杭州,639013,2
4626704593017861,杭州,639013,4
4610810640344079,杭州,639013,4
4633326754688001,杭州,638889,0
4596819766762508,杭州,639013,4
4626707635710986,杭州,639013,4
4588260772965383,杭州,638889,0
4588041924387855,杭州,638889,0
4630614766103565,杭州,638889,0
4619592023958531,杭州,272618,4
4622779542875140,杭州,272618,2
4624806757903373,杭州,369932,0
4610681408513036,杭州,172244,1
4623948627291150,杭州,607827,4
4622538931297281,杭州,607827,4
4598498003772424,杭州,607827,4
4616391788555277,杭州,160388,1
4598303275654156,杭州,160388,1
4615137474599946,杭州,160388,1
4607025503722500,杭州,160388,1
4603825511635976,杭州,160388,1
4629457083474955,杭州,160388,1
4569615929582596,杭州,160388,1
4603671922959374,杭州,160388,1
4629442272635906,杭州,160388,1
4629443990723592,杭州,160388,1
4631000089617418,杭州,172244,2
4588649164841984,杭州,172244,1
4629438194789380,杭州,172244,4
4615199100984333,杭州,172244,2
4568642065161228,杭州,607827,4
4564046059056135,杭州,607827,4
4616467205708809,杭州,607827,4
4629638714123265,杭州,181626,2
4632283659627525,杭州,369932,0
4632317177342981,杭州,369932,0
4632429447390223,杭州,369932,0
4609364201843713,杭州,181626,2
4618030974135304,杭州,181626,2
4580971760413703,杭州,181626,2
4631023702238213,杭州,181626,2
4628187671944202,杭州,181626,2
4619653763736590,杭州,607827,4
4627918820023304,杭州,181626,2
4633476660995072,杭州,181626,2
4619259321459719,杭州,181626,2
4579542334858251,杭州,181626,2
4623861506563081,杭州,607827,4
4611232864691213,杭州,607827,4
4628122622649352,杭州,607827,4
4626312046650376,杭州,172244,1
4630826040974339,杭州,172244,1
4630467000771594,杭州,272618,2
4630522397498373,杭州,172244,1
4537140183770126,杭州,635788,0
4620602302110724,杭州,635788,0
4562812710757376,杭州,635788,0
4516432076250114,杭州,590405,2
4608376246017038,杭州,590405,4
4593813484116999,杭州,590405,2
4618313793283084,杭州,590405,2
4614900300948488,杭州,590405,2
4606434736858118,杭州,590405,2
4616774786968580,杭州,590405,2
4601290470988805,杭州,590405,2
4586680163212299,杭州,590405,2
4565607427517448,杭州,590405,2
4599929099971585,杭州,272618,2
4630812148902924,杭州,272618,2
4561401625271301,杭州,272618,2
4628088958675979,杭州,272618,2
4633388963195917,杭州,635788,0
4628243451747343,杭州,635788,0
4615056504839176,杭州,635788,0
4568633194486791,杭州,370091,2
4625130957284364,杭州,172244,1
4613572959185926,杭州,172244,1
4606527905475593,杭州,370091,2
4565507344606214,杭州,370091,4
4630748627887119,杭州,370091,2
4509302373886988,杭州,370091,2
4622762864796684,杭州,370091,2
4612232814205958,杭州,370091,2
4561217809767433,杭州,635788,0
4544677181086725,杭州,370091,2
4509256221647873,杭州,370091,2
4627661341318156,杭州,193730,0
4619189597545476,杭州,193730,0
4549908733635592,杭州,635788,0
4579554718915590,杭州,635788,0
4578543670617103,杭州,635788,0
4629250089608199,杭州,161147,1
4626506108230666,杭州,385032,4
4498853561887753,杭州,779615,2
4629474617109515,杭州,370045,0
4629471613512707,杭州,370045,0
4603621621310470,杭州,370045,0
4536052994055180,杭州,370045,0
4470926519131140,杭州,370045,0
4536052422009859,杭州,370045,0
4619512194067458,杭州,370045,0
4617091835700231,杭州,607327,2
4588061394234369,杭州,607327,2
4616964454079495,杭州,607327,2
4628449444490242,杭州,607327,2
4557276566854666,杭州,607327,2
4612355575540738,杭州,607327,2
4401487558597645,杭州,607327,2
4554051117460488,杭州,607327,2
4631955929766914,杭州,607327,2
4323576572324877,杭州,607327,4
4614924423799823,杭州,369926,2
4562557993229314,杭州,369926,2
4613988706380802,杭州,369926,2
4623499513291789,杭州,160801,2
4629424406897665,杭州,160801,2
4626182286238720,杭州,160801,2
4599398207777805,杭州,160801,2
4623880281105410,杭州,160801,4
4603922627617799,杭州,160801,4
4560054454152200,杭州,160801,2
4604985046510597,杭州,160801,2
4534977576315913,杭州,160801,2
4531392803597327,杭州,369926,2
4611243500657671,杭州,160801,2
4616634075831309,杭州,369926,2
4578525282425866,杭州,369926,2
4609525568545796,杭州,369926,2
4606787087019018,杭州,369926,2
4489277097419781,杭州,369926,2
4564593614855183,杭州,369926,2
4611146960448526,杭州,779615,4
4625655492602895,杭州,779615,2
4616615850040333,杭州,160343,4
4509092132989957,杭州,779615,4
4632406569442307,杭州,730320,4
4609862365682700,杭州,730320,4
4617867989462031,杭州,730320,4
4597148697635845,杭州,730320,4
4602930492464129,杭州,730320,4
4620860188089353,杭州,730320,4
4511863880147972,杭州,188447,1
4553145750363147,杭州,188447,1
4439675027119110,杭州,188447,1
4618046907687948,杭州,160720,4
4609652236495883,杭州,730320,4
4631902647540741,杭州,730320,4
4541573123580938,杭州,730320,4
4623953350405126,杭州,610065,4
4629530681728004,杭州,779615,4
4509068136883201,杭州,779615,4
4530243723615234,杭州,779615,2
4611153519895565,杭州,779615,2
4568527415663616,杭州,779615,2
4509102667783179,杭州,779615,2
4629372122803200,杭州,610065,4
4607899530062863,杭州,610065,4
4570173427035139,杭州,730320,4
4520774456716302,杭州,610065,4
4603548770266127,杭州,610065,4
4631921157991437,杭州,610065,4
4603711558671375,杭州,610065,4
4588489912871938,杭州,610065,4
4632188686146563,杭州,610065,4
4613850887773198,杭州,610065,4
4508756740695047,杭州,370036,0
4594163037592590,杭州,160343,4
4630895221550092,杭州,385032,0
4617805464493058,杭州,794144,2
4606859850624006,杭州,200326,0
4586970357046287,杭州,200326,0
4516214211943427,杭州,200326,0
4587005716603915,杭州,200326,0
4586996493659137,杭州,200326,0
4574233982608399,杭州,200326,0
4606866135098370,杭州,200326,0
4586962785823754,杭州,200326,0
4617805759290375,杭州,794144,2
4614902329435151,杭州,794144,2
4480867403754504,杭州,766078,0
4598017168874501,杭州,160298,1
4576746121536520,杭州,160298,4
4588440947090444,杭州,160298,4
4633527673646083,杭州,160298,1
4629169165413389,杭州,160298,1
4624882188327940,杭州,160298,1
4588192344941573,杭州,160298,4
4562938458762252,杭州,160298,1
4632590372332549,杭州,766078,0
4619481497478150,杭州,766078,0
4559857947026446,杭州,766078,0
4584071640998920,杭州,766078,0
4594149518353418,杭州,766078,0
4618047871509516,杭州,766078,0
4521837473623053,杭州,766078,0
4588062920956934,杭州,766078,0
4580033195535372,杭州,766078,0
4611068892275713,杭州,794144,2
4622287735417868,杭州,202604,0
4599256162425857,杭州,160343,2
4615041850778630,杭州,202604,0
4473459797728268,杭州,479985,4
4625120192078862,杭州,479985,2
4568728851721228,杭州,634855,0
4577121089905672,杭州,634855,0
4214709251070982,杭州,634855,0
4573940925340684,杭州,634855,0
4578358653330447,杭州,634855,0
4588120041546758,杭州,634855,0
4593500317328399,杭州,634855,0
4631065923494927,杭州,825720,2
4578548953474061,杭州,160343,2
4564417541090312,杭州,160343,2
4568292281052165,杭州,160343,4
4613469859802126,杭州,160343,2
4629544003005453,杭州,160343,2
4551682288888838,杭州,160343,2
4557313284006923,杭州,160343,2
4625122072914954,杭州,479985,4
4539942254668815,杭州,479985,4
4619159230344199,杭州,202604,0
4632379080631308,杭州,202604,0
4619141707865093,杭州,202604,0
4615461149109262,杭州,202604,0
4632225966152714,杭州,202604,0
4615045800172556,杭州,202604,0
4633520500616206,杭州,202604,0
4618248034380806,杭州,202604,0
4534515704732685,杭州,160720,1
4618028178779150,杭州,160720,4
4618031826820102,杭州,160720,4
4629084161104911,杭州,825885,2
4606650989620239,杭州,826101,0
4611282572864527,杭州,826101,0
4589532426365959,杭州,826101,0
4607022123981832,杭州,826101,0
4593683688905735,杭州,826101,0
4612720486312974,杭州,826101,0
4496628660001804,杭州,826101,0
4602266979099663,杭州,826101,0
4630930617097228,杭州,909736,4
4617823815490574,杭州,909736,4
4618171588172800,杭州,909736,4
4631895372639243,杭州,909736,4
4604104740379658,杭州,909736,4
4630601825672205,杭州,909736,4
4609292811019274,杭州,909736,4
4630915287016456,杭州,909736,4
4571282644231178,杭州,909736,4
4561108619271173,杭州,826101,0
4623433363086343,杭州,826101,0
4623840366816267,杭州,637906,4
4605048931802120,杭州,476482,4
4551531807335436,杭州,476482,2
4575745786551296,杭州,476482,2
4616860862211077,杭州,476482,2
4617702324689920,杭州,476482,2
4511652627176452,杭州,476482,2
4592569183640579,杭州,476482,2
4632437023108104,杭州,476482,2
4617956466371585,杭州,637906,4
4623801828338702,杭州,637906,4
4598102352276488,杭州,637906,2
4623806462794752,杭州,637906,4
4563125295094797,杭州,637906,4
4576074248985614,杭州,637906,2
4548817250198539,杭州,637906,4
4531798169250818,杭州,637906,4
4531773330107405,杭州,637906,4
4630929376750601,杭州,909736,4
4612539050714117,杭州,825885,2
4617900570274817,杭州,160720,4
4608447716678670,杭州,825885,2
4584392666930182,杭州,825725,2
4581788028134411,杭州,825725,2
4508189584780301,杭州,825725,2
4625065097255950,杭州,385032,0
4623711977825282,杭州,385032,0
4617796383890440,杭州,385032,0
4625171539094540,杭州,385032,0
4623956260711433,杭州,385032,0
4518999370228738,杭州,160017,1
4557178758652942,杭州,825885,4
4623622717774863,杭州,825885,2
4623649702403087,杭州,825885,2
4630910622442496,杭州,825885,2
4616719601167371,杭州,825885,2
4629556266294272,杭州,825885,2
4623579549639688,杭州,825885,2
4548703817374729,杭州,160017,4
4598032304106507,杭州,160017,1
4629057139352578,杭州,160017,1
4623676925223939,杭州,160017,1
4600127764323328,杭州,160017,1
4633576910740494,杭州,160017,1
4629587078360064,杭州,160017,1
4572818293351435,杭州,160017,1
4592646505126924,杭州,160017,1
4612337439108099,杭州,476482,2
4592861805847558,杭州,476482,4
4605212699732997,杭州,785683,2
4573836059288578,杭州,785683,2
4629545187793928,杭州,161133,1
4588097864033291,杭州,161133,1
4631125548835845,杭州,161133,1
4567091977378825,杭州,161133,1
4626660765998095,杭州,161133,1
4629727772009480,杭州,241020,0
4605445183532038,杭州,241020,0
4602598733487111,杭州,241020,0
4554358026722308,杭州,241020,0
4536088558496782,杭州,579336,4
4578328259142664,杭州,579336,2
4619468931703814,杭州,579336,4
4467943918758912,杭州,579336,4
4611167006680078,杭州,579336,4
4609263459642378,杭州,579336,4
4532771890291723,杭州,579336,2
4625687128644608,杭州,579336,4
4626575811865601,杭州,161133,1
4585590628871174,杭州,161133,1
4629073022542861,杭州,161133,1
4606508059499534,杭州,336639,2
4598438971384838,杭州,160720,1
4623914647608330,杭州,160720,1
4599374435261451,杭州,160720,1
4599967377890313,杭州,160720,1
4585217387830285,杭州,160720,1
4528670461324291,杭州,336639,4
4507689861473288,杭州,336639,4
4606926474337292,杭州,336639,2
4627597039721483,杭州,161133,1
4633445756333063,杭州,336639,2
4628555896302596,杭州,336639,2
4623744971385863,杭州,336639,2
4599940981513224,杭州,336639,2
4569872338541568,杭州,336639,4
4632027271785480,杭州,336639,4
4220304186366983,杭州,161133,4
4573930618151948,杭州,579336,4
4626329920234508,杭州,579336,4
4599746615534600,杭州,649983,4
4159716715962373,杭州,160752,2
4536148206857227,杭州,160752,4
4545682835368971,杭州,160752,2
4630831427415045,杭州,160752,2
4601240677362703,杭州,160752,4
4527817360677889,杭州,160752,2
4628104208243726,杭州,160752,2
4596950105383951,杭州,160752,2
4630914012455946,杭州,785683,2
4613796805323776,杭州,160752,2
4630907618192387,杭州,785683,2
4630919737746444,杭州,785683,2
4630909876018181,杭州,785683,2
4631098639803397,杭州,785683,2
4550205943569422,杭州,785683,2
4586915355302924,杭州,785683,2
4628192068756491,杭州,785683,2
4617005081568266,杭州,160752,2
4538560930901001,杭州,175739,2
4473694197210113,杭州,649983,2
4608116120413192,杭州,649983,4
4612535471055878,杭州,649983,4
4625314769497089,杭州,649983,4
4605027834141696,杭州,649983,4
4586897965292549,杭州,649983,4
4616755026078729,杭州,649983,2
4608147938487308,杭州,649983,4
4611165400886282,杭州,649983,4
4615009475783680,杭州,175739,2
4629537654578176,杭州,175739,2
4548526770938881,杭州,175739,4
4619659256126478,杭州,175739,2
4631042076564484,杭州,175739,2
4613855801371653,杭州,175739,2
4583025916029966,杭州,175739,2
4622222824807438,杭州,175739,2
4624920518552590,杭州,175739,2
4586982784719877,杭州,656371,4
4526013130300419,杭州,656371,4
4622430660619275,杭州,170497,4
4621225901317127,杭州,200064,0
4588078856412165,杭州,160553,0
4598511588322317,杭州,826308,4
4625405024967695,杭州,826308,2
4563991173651462,杭州,826308,4
4622056170267662,杭州,826308,2
4535795048016899,杭州,826308,4
4535815732358156,杭州,826308,4
4620844508029964,杭州,826308,4
4622101038640143,杭州,826308,2
4630435619464199,杭州,826308,4
4630876158485504,杭州,826308,4
4629084676348937,杭州,200064,0
4608454433954822,杭州,200064,0
4631146563216389,杭州,200064,0
4625190247312394,杭州,200064,0
4604100416154639,杭州,200064,0
4617980249435142,杭州,200064,0
4629147771509763,杭州,160553,0
4602571807333382,杭州,160553,0
4589533620726784,杭州,160553,0
4610045048073216,杭州,369850,2
4624878793301001,杭州,193252,0
4605124042992653,杭州,369850,2
4524419984333824,杭州,369850,2
4621017924688901,杭州,369850,2
4609622303349773,杭州,369850,2
4618198599541763,杭州,369850,2
4610680980401162,杭州,369850,2
4624882933754880,杭州,369850,2
4581252176862221,杭州,160553,0
4611027965586434,杭州,369850,2
4566861921332235,杭州,369850,2
4614224727335937,杭州,160553,0
4615398638330883,杭州,160553,0
4585482058556429,杭州,160553,0
4585728805741574,杭州,160553,0
4626321735314445,杭州,160553,0
4628248751074309,杭州,200064,0
4627654235712519,杭州,200064,0
4609259804584966,杭州,193252,0
4602149536410633,杭州,200064,0
4618236030331909,杭州,628433,2
4590082456136706,杭州,628433,2
4629034001652737,杭州,628433,2
4600721829209093,杭州,628433,2
4554621655690250,杭州,628433,2
4631937859677189,杭州,628433,0
4625140568450049,杭州,628433,4
4573829981398031,杭州,628433,2
4595376310168579,杭州,628433,2
4551753695816707,杭州,628433,0
4615049521079310,杭州,370053,0
4560051804417026,杭州,370053,0
4506281434080270,杭州,370053,0
4610855326886912,杭州,370053,0
4608193829512193,杭州,370053,0
4610999898926087,杭州,370053,0
4617819165269003,杭州,370053,0
4609234708194316,杭州,179315,2
4610751285830661,杭州,179315,2
4613542506226688,杭州,179315,2
4598529876958223,杭州,369856,2
4626573606382605,杭州,369856,2
4551321387475973,杭州,369856,2
4633852832817164,杭州,369856,2
4633456603540489,杭州,369856,2
4575393113646087,杭州,369856,2
4616973332374535,杭州,369856,2
4616469899664394,杭州,369856,2
4608440204422154,杭州,369856,2
4596811182726151,杭州,179315,2
4566800707968002,杭州,369856,4
4576850706981893,杭州,179315,2
4579674481241097,杭州,179315,2
4632017307673602,杭州,179315,2
4596800987061255,杭州,179315,2
4609251062438913,杭州,179315,2
4598416078103567,杭州,179315,2
4630532900922368,杭州,193252,2
4626383749882889,杭州,193252,0
4630785232430094,杭州,370053,0
4571428873741313,杭州,369879,2
4616481768612874,杭州,486928,2
4537199737220105,杭州,486928,4
4604301455678477,杭州,486928,2
4617884449039363,杭州,369976,0
4596494145252365,杭州,369976,0
4632660890299407,杭州,369976,0
4620515861916673,杭州,369976,0
4597114021176326,杭州,369976,0
4612548596591620,杭州,369976,0
4585334551669771,杭州,369976,0
4623450100558850,杭州,369976,0
4584252193758211,杭州,369976,0
4626286815947781,杭州,369976,0
4629459630746637,杭州,369879,2
4626320055819275,杭州,369879,2
4624824125924354,杭州,369879,2
4629383403676677,杭州,369879,2
4631072568845317,杭州,486928,2
4549988536474634,杭州,486928,2
4629055999974409,杭州,486928,2
4625256461313025,杭州,370106,2
4595104564438031,杭州,160550,2
4610817769874439,杭州,370106,2
4540366884971532,杭州,370106,4
4630831927254024,杭州,370106,2
4632395232222214,杭州,370106,2
4616674865454083,杭州,370106,4
4622055856382980,杭州,486928,2
4619620730461189,杭州,370106,2
4631907918289928,杭州,370106,2
4623680996486147,杭州,370106,2
4622210506451981,杭州,370106,4
4631173392835588,杭州,486928,1
4629056454994948,杭州,486928,2
4630617163492359,杭州,486928,2
4596907343928322,杭州,369879,2
4595110534212611,杭州,369879,2
4609257603017731,杭州,193252,0
4620571188505614,杭州,369879,2
4628141684743175,杭州,825861,2
4606544285901839,杭州,825861,2
4590346514146316,杭州,369831,2
4632238060774405,杭州,369831,2
4568324897743878,杭州,369831,4
4605082075126784,杭州,369831,2
4624214903512070,杭州,369831,2
4605078504446976,杭州,369831,2
4624094356003847,杭州,369831,2
4608128949591048,杭州,369831,2
4576845181447174,杭州,369831,2
4513203044887563,杭州,369831,2
4616856512291844,杭州,193252,2
4624900387826696,杭州,193252,2
4603878458534924,杭州,193252,2
4608468467936270,杭州,193252,0
4603672465482763,杭州,193252,0
4632070110192650,杭州,825861,2
4485057061460999,杭州,825861,2
4611106864505856,杭州,825861,2
4607916567405579,杭州,369934,0
4626313254624262,杭州,369879,4
4626327867714568,杭州,369879,2
4622324759258112,杭州,369934,0
4629528998063115,杭州,369934,0
4624956301059079,杭州,369934,0
4588551724803073,杭州,369934,0
4568658289286153,杭州,369934,0
4606849990583299,杭州,369934,0
4606841699279887,杭州,825861,2
4606759680695304,杭州,369934,0
4551514142153732,杭州,369934,0
4537280964652047,杭州,369934,0
4584045604461572,杭州,825861,2
4613576372233228,杭州,825861,2
4628120496729092,杭州,825861,2
4583952024312839,杭州,825861,2
4625394595802112,杭州,370053,0
4632813339143183,杭州,370053,0
4586964339497986,杭州,656371,4
4553062299804682,杭州,160558,4
4548435926146050,杭州,269307,2
4547428494339079,杭州,269307,2
4595394292804609,杭州,269307,2
4595455483599878,杭州,269307,2
4548428331621380,杭州,269307,2
4595403377337349,杭州,269307,2
4597290323733513,杭州,269307,2
4411473548143616,杭州,269307,2
4597928262804495,杭州,370104,2
4597009474690048,杭州,370104,2
4300780752772100,杭州,370104,2
4193457825504264,杭州,370104,2
4300782702238725,杭州,370104,2
4536040465345542,杭州,370104,2
4536036608908297,杭州,370104,2
4191784519245829,杭州,370104,2
4536033702665228,杭州,370104,2
4588039227925509,杭州,269307,2
4618323235236867,杭州,269307,2
4590976201075725,杭州,379785,2
4598211532123150,杭州,297363,2
4548722989476878,杭州,297363,2
4605416315476998,杭州,297363,2
4613608209556489,杭州,297363,2
4605402961619968,杭州,297363,2
4629117891011596,杭州,297363,2
4633419336950792,杭州,297363,2
4625091247580164,杭州,297363,2
4598283720612871,杭州,379785,2
4624843994668040,杭州,379785,2
4577227476282382,杭州,379785,4
4592220474221573,杭州,379785,2
4605110991791114,杭州,379785,2
4597951284911108,杭州,379785,2
4610645692539913,杭州,379785,2
4629079977354246,杭州,379785,2
4623818185892868,杭州,379785,2
4625273535814669,杭州,370104,2
4629347548077061,杭州,160558,4
4615330323258374,杭州,297363,2
4578107844258819,杭州,160558,1
4594230960038922,杭州,237901,2
4626392101542916,杭州,237901,2
4624942735481866,杭州,237901,2
4601186824182791,杭州,237901,2
4603640489319429,杭州,237901,2
4551578308226051,杭州,237901,2
4603952885589006,杭州,237901,2
4609685021010954,杭州,237901,2
4627654009412618,杭州,170497,4
4606743394262018,杭州,170497,4
4602241903305743,杭州,170497,4
4632169678658569,杭州,170497,4
4626494952598536,杭州,170497,4
4627698277016576,杭州,170497,4
4628008245632010,杭州,170497,4
4616829740016647,杭州,170497,4
4628039984325641,杭州,170497,2
4617990825470979,杭州,237901,2
4609337825733636,杭州,237901,2
4615414263950348,杭州,369852,2
4612106541456390,杭州,369852,2
4614185452772365,杭州,160558,1
4618418882440206,杭州,160558,1
4619748053724169,杭州,160558,2
4508804607091724,杭州,160558,4
4629345383836685,杭州,160558,1
4623529679117323,杭州,160558,2
4624912491830281,杭州,160558,2
4591145040899080,杭州,370091,2
4541306959191048,杭州,369852,2
4620621374039047,杭州,369852,2
4619143389244428,杭州,369852,2
4623499124892676,杭州,369852,2
4617901936172042,杭州,369852,2
4616449680172043,杭州,369852,2
4621250389289998,杭州,369852,2
4544196120325128,杭州,369852,2
4614069278925832,杭州,297363,2
4625306410279937,杭州,369846,2
4613973218421773,杭州,781406,0
4615436056501255,杭州,160524,0
4579497272957958,杭州,370072,2
4606851717700619,杭州,370072,2
4629682868771845,杭州,370072,2
4625286677783560,杭州,370072,2
4622421807031306,杭州,370072,4
4603748876659714,杭州,370072,2
4550091936558095,杭州,370072,2
4605480993547272,杭州,370072,4
4618281921866752,杭州,370072,2
4610980041088003,杭州,160587,0
4499003011427339,杭州,160587,0
4609936679429135,杭州,160587,0
4629105895889926,杭州,160524,0
4614969134898179,杭州,160524,0
4624989165460488,杭州,160524,0
4624037388198915,杭州,160524,0
4617740593126410,杭州,160524,0
4595723537538052,杭州,370072,2
4576729008499723,杭州,597681,2
4614115944489989,杭州,597681,2
4613896448924684,杭州,781406,2
4595502883925000,杭州,781406,0
4564375006243852,杭州,781406,2
4615232345414663,杭州,781406,2
4619673565649923,杭州,781406,2
4603605192498183,杭州,781406,0
4616668663688203,杭州,781406,0
4616602460218375,杭州,781406,0
4626662144699395,杭州,781406,2
4626294535003147,杭州,597681,2
4479020753759238,杭州,597681,2
4616427939294209,杭州,597681,2
4596488191581191,杭州,597681,2
4610743296912399,杭州,597681,2
4544809368116227,杭州,597681,2
4574544811744258,杭州,597681,2
4621979797957645,杭州,597681,4
4599899301340173,杭州,160524,0
4615395052936205,杭州,160524,0
4577002522074113,杭州,369846,4
4609231405915137,杭州,160524,0
4608170916572173,杭州,160935,1
4626808110885889,杭州,316460,2
4584282465971208,杭州,316460,2
4535819484029965,杭州,316460,2
4598173722795020,杭州,316460,2
4544326846520325,杭州,316460,2
4582445132932111,杭州,316460,2
4553204376136715,杭州,316460,2
4580962290408451,杭州,316460,2
4619443668706312,杭州,369846,2
4511631839552525,杭州,369846,4
4574040256162830,杭州,369846,2
4576964232061952,杭州,369846,4
4567090813283341,杭州,369846,2
4539910244822024,杭州,369846,2
4576957533969417,杭州,369846,2
4577010360003598,杭州,369846,2
4626320733662217,杭州,369902,4
4609485280156673,杭州,160524,0
4593940713284619,杭州,369902,4
4622039755987976,杭州,369902,4
4624260426869773,杭州,369902,2
4616740770061319,杭州,369902,4
4621076760206351,杭州,369902,4
4624781211395078,杭州,369902,2
4621954340561935,杭州,369902,4
4605263992019975,杭州,160935,1
4613833705774080,杭州,369902,4
4605388361952259,杭州,369902,4
4633722514447366,杭州,160550,2
4465003295171598,杭州,826425,4
4595118887658502,杭州,479412,2
4622342096935946,杭州,479412,4
4611105457595406,杭州,479412,2
4609604240008198,杭州,479412,2
4599370477003786,杭州,479412,2
4592487259417609,杭州,479412,2
4598171550131210,杭州,479412,2
4596733209816073,杭州,479412,2
4551267367314441,杭州,160104,1
4526008423539715,杭州,160104,1
4526017117219845,杭州,160104,4
4548489844108300,杭州,160104,1
4571547467701251,杭州,160104,1
4302329351007232,杭州,160104,1
4528881587184652,杭州,160104,1
4281183752790029,杭州,160104,1
4554084193641477,杭州,160104,1
4606845892504590,杭州,479412,4
4565392822100997,杭州,479412,2
4609945171176449,杭州,160297,0
4631006851259403,杭州,160594,2
4562741870713868,杭州,160594,2
4629111668730884,杭州,160594,2
4619475449179139,杭州,160594,2
4632144044682255,杭州,160594,2
4624788222993419,杭州,160594,2
4627814278732807,杭州,160594,2
4630540000306185,杭州,160594,2
4622096904250380,杭州,160297,0
4544143843482633,杭州,160297,0
4601474379492361,杭州,160297,0
4618230809975813,杭州,160297,0
4622079042821124,杭州,160297,0
4629029362248712,杭州,160297,0
4601099391966209,杭州,160297,0
4630495009661954,杭州,160297,0
4626916429618189,杭州,160297,0
4629071576570887,杭州,160104,1
4599806068321289,杭州,826425,4
4630464630696973,杭州,160594,2
4626256552584192,杭州,826425,4
4616325524745228,杭州,649613,4
4574454902893576,杭州,649613,4
4630634334903300,杭州,649613,2
4552786477786114,杭州,649613,2
4596708370244614,杭州,649613,4
4563895845825539,杭州,649613,4
4593685968055305,杭州,649613,4
4630519759985664,杭州,160802,2
4632381158091784,杭州,160802,2
4569685645648909,杭州,160802,2
4617797001128974,杭州,160802,2
4622081389386767,杭州,160802,2
4616366824991745,杭州,160802,4
4615180365802497,杭州,160802,4
4626047117306881,杭州,160802,2
4562950813735942,杭州,160802,2
4571139672042504,杭州,160802,2
4603974670689281,杭州,649613,4
4630557447040006,杭州,649613,4
4621056272131083,杭州,649613,4
4571387418745870,杭州,576119,2
4586662128376843,杭州,826425,4
4585562805165069,杭州,826425,4
4589532484070412,杭州,826425,4
4619442906590217,杭州,826425,4
4585595542332430,杭州,826425,4
4587928846756871,杭州,826425,4
4584259151059983,杭州,826425,4
4631958559155202,杭州,576119,2
4529985848534017,杭州,576119,2
4470902508809231,杭州,576119,2
4618181048589326,杭州,576119,2
4590975175695363,杭州,576119,2
4585503871233027,杭州,576119,2
4619143073211407,杭州,576119,2
4616349382059020,杭州,576119,2
4600754083685382,杭州,576119,2
4630539010894861,杭州,160594,2
4537064404163596,杭州,160265,0
4613924180941832,杭州,573718,2
4594195288335366,杭州,660197,0
4614920755108877,杭州,660197,2
4527772495569932,杭州,660197,0
4575974879566851,杭州,660197,2
4630549418025986,杭州,660197,0
4609556094413824,杭州,660197,2
4564571512904711,杭州,660197,2
4579592882887687,杭州,660197,2
4556164829256715,杭州,660197,0
4623893288922117,杭州,660197,0
4589582497588231,杭州,573718,2
4610680341388301,杭州,573718,2
4590176742794240,杭州,573718,2
4619189873335310,杭州,573718,2
4586952568986639,杭州,573718,4
4610677544381443,杭州,573718,2
4621169840708611,杭州,573718,2
4486146055367692,杭州,600730,0
4579626583600135,杭州,600730,4
4559795816967169,杭州,600730,2
4598362411459598,杭州,175855,1
4581336160379905,杭州,175855,1
4567079630758919,杭州,175855,1
4561118234452998,杭州,175855,1
4513633891539981,杭州,600730,2
4626372743814156,杭州,600730,0
4616677191932929,杭州,600730,4
4617892144358411,杭州,600730,2
4622191593954318,杭州,600730,4
4498100372726796,杭州,600730,2
4620591796743169,杭州,600730,2
4622730907167744,杭州,573718,4
4589472718937096,杭州,573718,2
4511663375473675,杭州,160445,4
4611114704821251,杭州,785618,4
4568674900485120,杭州,785618,2
4626769026227210,杭州,785618,4
4626272752985102,杭州,785618,2
4579496412146689,杭州,785618,2
4578682058662914,杭州,785618,4
4589400034438151,杭州,785618,2
4626799100748813,杭州,785618,4
4585663332754443,杭州,785618,2
4571550110931980,杭州,160265,0
4629403054943242,杭州,160265,0
4586675588471815,杭州,160265,0
4631961380185094,杭州,785618,2
4626382305600513,杭州,825931,2
4548791446137868,杭州,825931,2
4626264388412431,杭州,160445,1
4511667002661891,杭州,160445,4
4618129467124742,杭州,160445,4
4605391861390344,杭州,160445,1
4551267095260170,杭州,160445,1
4511670751716353,杭州,160445,4
4564660072408064,杭州,160445,1
4598718455884804,杭州,160445,4
4598318968085506,杭州,160445,1
4615236602620943,杭州,825931,4
4615239612013573,杭州,825931,4
4628567474971653,杭州,825931,2
4629410021223432,杭州,825931,2
4620960254649345,杭州,825931,4
4627790111548422,杭州,825931,2
4618096405931012,杭州,825931,2
4630605141255176,杭州,825931,2
4633677788767237,杭州,217304,0
4626878311326720,杭州,217304,0
4624875654147082,杭州,217304,0
4619221604461578,杭州,160277,1
4601368714173448,杭州,584452,2
4623739836998667,杭州,584452,2
4540472837778443,杭州,584452,2
4587001340519427,杭州,584452,2
4579621167897615,杭州,584452,2
4622145608969225,杭州,160229,1
4586566753856517,杭州,160229,1
4613911885032461,杭州,160229,1
4611173237419014,杭州,160229,1
4609264366709762,杭州,160229,1
4615419723244544,杭州,160229,1
4631066137549832,杭州,160229,4
4589779302247431,杭州,160229,1
4623387866817538,杭州,160229,4
4604006671264778,杭州,160229,1
4615437214964749,杭州,160277,4
4623995536055299,杭州,160277,4
4585240977824774,杭州,584452,2
4623743419196427,杭州,584452,2
4585242421959688,杭州,584452,2
4594219344927758,杭州,160582,2
4579610636706827,杭州,160582,4
4589476277689351,杭州,160582,1
4591170380688397,杭州,160582,2
4490464380871694,杭州,584452,2
4548376085982214,杭州,160582,2
4520484781777927,杭州,160582,2
4628108676602883,杭州,160582,4
4588026322000899,杭州,160582,4
4600906867909637,杭州,160582,2
4571530055705612,杭州,160582,2
4593711829756935,杭州,584452,2
4628629988224015,杭州,160277,2
4629697405152267,杭州,160277,2
4615304188685316,杭州,217304,0
4620933465795589,杭州,160277,1
4629402818274311,杭州,825999,0
4630504499997706,杭州,825999,0
4553170786479109,杭州,825999,0
4616626855732225,杭州,825999,0
4499163826529284,杭州,825999,0
4614929281674245,杭州,825999,0
4599547524883469,杭州,825999,0
4499173512375303,杭州,825999,0
4578557465603078,杭州,825999,0
4570292987898883,杭州,825999,0
4629209321219074,杭州,160550,2
4624064375319552,杭州,528981,2
4614080652223494,杭州,160277,1
4616701349340164,杭州,160277,2
4616718251600910,杭州,160277,4
4595491581832197,杭州,160277,2
4544298294631434,杭州,528981,2
4627984185091074,杭州,528981,2
4631886462592001,杭州,528981,2
4603863217841153,杭州,528981,2
4568292279036930,杭州,528981,2
4627957797299211,杭州,528981,2
4627937857952774,杭州,528981,2
4629290459589636,杭州,528981,2
4629215061335046,杭州,528981,2
4620545856396301,杭州,173565,0
4627928755592204,杭州,173565,0
4622189302569993,杭州,173565,4
4602365347113999,杭州,173565,0
4594291220716552,杭州,173565,0
4606435351159818,杭州,173565,0
4626253026094085,杭州,173565,0
4623453100860422,杭州,173565,0
4609575981949954,杭州,910832,4
4589412390726660,杭州,910832,4
4568484788890627,杭州,910832,4
4548870706273294,杭州,910832,4
4588641949361162,杭州,910832,4
4577060867218446,杭州,910832,4
4617900168504330,杭州,910832,4
4616775254598671,杭州,910832,4
4605006258285583,杭州,910832,4
4602261170039822,杭州,173565,0
4626325058034691,杭州,173565,0
4551272026008584,杭州,1000571,0
4610682791945218,杭州,627593,2
4580962550162433,杭州,217304,0
4551820440411143,杭州,217304,0
4622037703584781,杭州,217304,0
4545802216676360,杭州,217304,0
4620748820997133,杭州,217304,0
4526005370510337,杭州,217304,0
4615557404437506,杭州,627593,2
4575501827091466,杭州,627593,0
4633709323295753,杭州,1000571,0
4611139259819019,杭州,627593,0
4610738726528011,杭州,627593,2
4525945722379272,杭州,627593,2
4568993874109453,杭州,627593,0
4605438915322886,杭州,627593,0
4583811726908430,杭州,627593,2
4609373726993408,杭州,627593,0
4531679777860622,杭州,910832,4
4598040474051588,杭州,542544,0
4570205269662727,杭州,542544,0
4551363104955393,杭州,160731,4
4509031428547589,杭州,160371,1
4616874568756235,杭州,160371,2
4412628286481418,杭州,160371,1
4568611611042823,杭州,160371,2
4604011305362441,杭州,160371,1
4569748011899909,杭州,160731,4
4517423034932228,杭州,160731,2
4624879200347138,杭州,160731,4
4462664017140739,杭州,160371,2
4617791320665100,杭州,160731,4
4562835541732356,杭州,160731,4
4398773149049866,杭州,160731,4
4623854589996044,杭州,160731,4
4629487179488268,杭州,160731,2
4571517860649988,杭州,160731,4
4603980249275403,杭州,160371,2
4568622961648642,杭州,160371,2
4630770136671241,杭州,542544,0
4627757605952513,杭州,244215,2
4633857412359169,杭州,542544,0
4557499265952779,杭州,542544,0
4597013870980104,杭州,542544,0
4626935345179656,杭州,542544,0
4596581014973448,杭州,542544,0
4609377895965704,杭州,244215,2
4629183082503170,杭州,244215,2
4631077015036932,杭州,244215,2
4628138052033549,杭州,160371,2
4607864905935884,杭州,244215,2
4587187144025096,杭州,244215,2
4632127025306630,杭州,244215,2
4618032555482121,杭州,244215,2
4630713093792768,杭州,244215,2
4534392256027657,杭州,244215,2
4603978147998722,杭州,160371,2
4626242057200655,杭州,346142,1
4588663935820803,杭州,160492,1
4600797392956422,杭州,650168,4
4520883940011021,杭州,650168,4
4599772913116166,杭州,650168,4
4524781867559949,杭州,578175,2
4592246533579780,杭州,628375,2
4623771074307079,杭州,628375,4
4620925004553221,杭州,628375,4
4541938492466185,杭州,628375,4
4516462859725839,杭州,628375,4
4561524693326860,杭州,628375,4
4587310760504323,杭州,628375,4
4611070674168846,杭州,578175,2
4610673571408911,杭州,578175,2
4578758258093061,杭州,578175,2
4585426094713868,杭州,578175,2
4626337328851970,杭州,578175,2
4610730559874053,杭州,578175,2
4626331293623304,杭州,578175,2
4620615773725699,杭州,578175,2
4611329339173896,杭州,578175,2
4605001339397123,杭州,628375,2
4514699826666509,杭州,209262,0
4617770071008260,杭州,793798,2
4579981742677001,杭州,793798,2
4619726774889478,杭州,450266,1
4555424191716362,杭州,450266,1
4629176594181124,杭州,450266,1
4614977292575754,杭州,450266,1
4612573975473159,杭州,192354,4
4611127989001223,杭州,192354,2
4609817935455236,杭州,192354,2
4572560723649542,杭州,192354,2
4608565489806338,杭州,192354,4
4623914086360073,杭州,793798,2
4579990473518087,杭州,793798,2
4594168913079307,杭州,793798,2
4614944724460545,杭州,209262,0
4596887825230851,杭州,209262,0
4629262564256779,杭州,209262,0
4566862719085577,杭州,209262,0
4587907954891776,杭州,209262,0
4632319632991235,杭州,209262,0
4582695421404161,杭州,209262,0
4599643196140558,杭州,209262,0
4628331009907727,杭州,209262,0
4616717086059534,杭州,793798,2
4619201182260226,杭州,720940,0
4619213164094469,杭州,720940,0
4619187529032719,杭州,720940,0
4619208066229255,杭州,720940,0
4619192583351303,杭州,720940,0
4619430976543744,杭州,793798,2
4580004441201664,杭州,793798,2
4625331954279426,杭州,628375,2
4619231462857729,杭州,628375,2
4591193081207808,杭州,192354,4
4626610350697477,杭州,369842,2
4616772004766721,杭州,994908,1
4592248909769739,杭州,994908,1
4540493602284549,杭州,994908,1
4588135283680266,杭州,994908,1
4624871241737227,杭州,994908,1
4612374508526593,杭州,994908,1
4575380675533826,杭州,994908,1
4630968280425485,杭州,369953,4
4615358287244303,杭州,369953,4
4615332351009801,杭州,369953,4
4624934950263809,杭州,369953,4
4568225016701954,杭州,369953,4
4558735789239296,杭州,369953,4
4598402428904460,杭州,369953,4
4411475402054658,杭州,369953,4
4578030837048320,杭州,369953,4
4616946125038593,杭州,369953,4
4625300921523203,杭州,994908,1
4632269153610760,杭州,994908,1
4629573949713415,杭州,994908,1
4619687698476035,杭州,641638,2
4574520875883529,杭州,826412,4
4551550115374080,杭州,826412,4
4567056494683150,杭州,826412,4
4548360182440967,杭州,826412,4
4543075158039563,杭州,826412,4
4578065930773518,杭州,826412,4
4557117512342533,杭州,826412,4
4618320312036358,杭州,641638,2
4592220071582721,杭州,641638,2
4619846915218444,杭州,641638,2
4575720398251022,杭州,641638,2
4526005309580303,杭州,641638,2
4591096708701192,杭州,641638,2
4629095485811717,杭州,641638,2
4605110608421901,杭州,641638,2
4624832607595530,杭州,641638,2
4625149982090243,杭州,369842,2
4626351056559119,杭州,369842,2
4597978288761860,杭州,804783,0
4606996742466573,杭州,369842,2
4621258387956741,杭州,793527,2
4621256380867584,杭州,793527,2
4626363831018510,杭州,793527,2
4619555729728526,杭州,793527,4
4629083614686208,杭州,793527,4
4599656907645965,杭州,793527,4
4612340308798468,杭州,825510,2
4401307914542088,杭州,825510,2
4523296890838027,杭州,804783,0
4524342565135373,杭州,804783,0
4626410502499343,杭州,804783,0
4603649540926464,杭州,804783,0
4564790184799232,杭州,804783,0
4562488161102852,杭州,804783,0
4601106715782153,杭州,804783,4
4579568117588993,杭州,804783,0
4627861303649295,杭州,804783,4
4630489383740420,杭州,793527,2
4617771127598089,杭州,793527,2
4631159811103746,杭州,793527,2
4578492225823758,杭州,224570,1
4623429423602699,杭州,369842,2
4609842784246795,杭州,369842,2
4606543794054148,杭州,369842,2
4626531461964812,杭州,369842,4
4579986311949313,杭州,369842,2
4536340931783688,杭州,369842,4
4298203450679297,杭州,224570,1
4626614229574671,杭州,224570,1
4617875559226377,杭州,793527,2
4524583306748932,杭州,224570,1
4630907685870598,杭州,224570,1
4605383322328065,杭州,224570,1
4625188451408903,杭州,224570,1
4606881459121154,杭州,224570,1
4608831580806153,杭州,224570,1
4603853066331144,杭州,224570,1
4608569247802375,杭州,192354,4
4633746559722509,杭州,192354,4
4351711443725323,杭州,826412,4
4600903593892872,杭州,863104,0
4594413562553353,杭州,909730,4
4598288414645251,杭州,909730,4
4624885354028043,杭州,909730,4
4624940346452999,杭州,909730,4
4630458895049737,杭州,909730,4
4589457877804041,杭州,909730,4
4588061406555142,杭州,909730,4
4597195324398603,杭州,909730,4
4610696868520967,杭州,656352,4
4603641612295176,杭州,656352,4
4624885708872707,杭州,656352,4
4608556287157261,杭州,656352,4
4600739845741575,杭州,656352,4
4567265640553476,杭州,656352,4
4631975899606022,杭州,656352,4
4600737168845838,杭州,656352,4
4614880323331079,杭州,656352,2
4625128515544078,杭州,909730,4
4621140598004747,杭州,909730,4
4593734493772803,杭州,658012,2
4621809065925643,杭州,608759,2
4604116205820943,杭州,608759,2
4622352610714636,杭州,608759,2
4622412386573324,杭州,608759,2
4554858285952008,杭州,608759,2
4603728988120066,杭州,608759,2
4544811103839246,杭州,608759,4
4544821293376518,杭州,608759,2
4571166737753092,杭州,658012,4
4542020394654722,杭州,658012,2
4581368141519879,杭州,658012,2
4615191389432840,杭州,658012,2
4541712219827213,杭州,658012,2
4600791980186635,杭州,658012,2
4596492335688714,杭州,658012,2
4593799861625869,杭州,658012,2
4605050218030083,杭州,658012,2
4589658215230472,杭州,656352,4
4593871652924425,杭州,863104,0
4584180711599113,杭州,299627,4
4624806013707266,杭州,863104,0
4555508946084878,杭州,193773,2
4554536163091458,杭州,193773,2
4629721186724873,杭州,193773,2
4531710241135624,杭州,193773,2
4577102112515077,杭州,193773,4
4554531599459337,杭州,193773,1
4633493823134721,杭州,193773,2
4564008278483973,杭州,369942,2
4578566567603208,杭州,369942,4
4624823083068416,杭州,369942,4
4473687321025545,杭州,369942,4
4546901639275523,杭州,369942,4
4570450527364105,杭州,369942,2
4565834229459976,杭州,369942,4
4510165913115649,杭州,369942,4
4550240381248517,杭州,369942,2
4554145363581959,杭州,369942,2
4531724167179272,杭州,193773,2
4593787779292161,杭州,193773,2
4577096073653261,杭州,193773,2
4577021941228545,杭州,369886,0
4590965325079558,杭州,863104,0
4629784998669326,杭州,863104,0
4606489593981958,杭州,863104,0
4629451384368130,杭州,863104,0
4625289721029645,杭州,863104,0
4629478323399684,杭州,863104,0
4566895665144838,杭州,863104,0
4526200927857674,杭州,369886,0
4564025738632203,杭州,369886,0
4527259921425409,杭州,369886,0
4577088546954254,杭州,369886,0
4577064100684804,杭州,369886,0
4526193797243915,杭州,369886,0
4554488872985614,杭州,369886,0
4577038880873487,杭州,369886,0
4577068623784966,杭州,369886,0
4621158182546437,杭州,608759,4
4575237477067777,杭州,299627,4
4633747918480392,杭州,192354,4
4629616985168896,杭州,160186,1
4616446817936385,杭州,160186,1
4589589336712200,杭州,160186,1
4631026184989698,杭州,160186,1
4612612187384847,杭州,160186,1
4611256782007306,杭州,160181,1
4628272680627206,杭州,160181,1
4630406783527948,杭州,160360,1
4616901264450565,杭州,160186,1
4616815037752320,杭州,160186,1
4615305156551693,杭州,160186,1
4613921200432137,杭州,160903,1
4549843886957582,杭州,192354,2
4605383055830019,杭州,160418,1
4614993024361484,杭州,160418,1
4620677784525829,杭州,160418,1
4617022507211782,杭州,160418,1
4550385742932992,杭州,160903,1
4617994398409740,杭州,160903,4
4617823476329477,杭州,160903,1
4626346876595206,杭州,160186,1
4610826190494721,杭州,160903,4
4616711827401735,杭州,160903,1
4608599599326208,杭州,160903,2
4474803808967683,杭州,160903,2
4568926389216261,杭州,160903,2
4615024819104774,杭州,160903,1
4600849364624384,杭州,160186,1
4507407428936718,杭州,299627,4
4569902793712649,杭州,626947,2
4523348592370699,杭州,626947,2
4609641860340743,杭州,626947,2
4613585095138312,杭州,626947,2
4492110319934468,杭州,626947,2
4579832483044359,杭州,1036035,2
4582812678398991,杭州,1036035,2
4574161266500608,杭州,1036035,2
4612561958183946,杭州,1036035,2
4562528150676495,杭州,1036035,2
4606824959192078,杭州,299627,4
4608505777757199,杭州,299627,4
4614104342715393,杭州,299627,2
4593798569387018,杭州,299627,4
4629512457413647,杭州,299627,4
4596795601591304,杭州,299627,4
4615577446444037,杭州,299627,4
4626510210720771,杭州,626947,2
4599914105103372,杭州,626947,2
4602212458454031,杭州,626947,2
4615092518691841,杭州,804630,2
4626549729569793,杭州,524207,1
4521640105632776,杭州,524207,1
4353497593129994,杭州,524207,1
4618249229853710,杭州,804630,2
4539988765598734,杭州,804630,2
4529976612609036,杭州,804630,2
4562590394311687,杭州,626947,2
4506707710993410,杭州,804630,2
4617749750492162,杭州,804630,2
4617773282583558,杭州,804630,2
4568360703290374,杭州,804630,2
4613578528597006,杭州,804630,2
4617715422813199,杭州,804630,2
4623454050622466,杭州,626947,2
4616667929222156,杭州,826412,4
4530326323227648,杭州,826412,4
4626758242163714,杭州,346142,1
4630917730917376,杭州,186603,2
4632022235442189,杭州,786883,0
4633484569959439,杭州,786883,0
4575303864624132,杭州,786883,0
4625209271954432,杭州,786883,0
4627779847332868,杭州,786883,0
4626761405754368,杭州,786883,0
4603706654336008,杭州,160342,1
4579548721622021,杭州,160342,1
4572782012918794,杭州,160342,1
4631034907515910,杭州,160342,1
4614973591905282,杭州,160342,1
4574211926041600,杭州,160342,1
4578556365577222,杭州,160342,1
4613858318539786,杭州,160342,1
4613853437109257,杭州,160342,1
4582492779357199,杭州,160342,1
4615185817033732,杭州,186603,4
4575345430748173,杭州,786883,0
4317685646322697,杭州,786883,2
4616386854673415,杭州,786883,2
4609594790552580,杭州,336446,2
4609766774270981,杭州,336446,2
4610026271173639,杭州,336446,2
4609482909852681,杭州,336446,2
4624642820844544,杭州,336446,2
4614089671695371,杭州,160893,1
4578465484778509,杭州,786883,0
4595065715862533,杭州,160893,1
4598444862561282,杭州,791609,0
4514698599476237,杭州,791609,0
4632354448272387,杭州,186603,2
4602360233550863,杭州,186603,2
4537770599455749,杭州,336446,2
4398738988196864,杭州,186603,4
4622427891065860,杭州,248839,2
4619166695599113,杭州,248839,2
4616582989716482,杭州,248839,2
4491876714667018,杭州,248839,4
4626720866118671,杭州,248839,2
4622387468250112,杭州,616507,2
4622399718204416,杭州,616507,2
4629062253861894,杭州,616507,2
4626753502979076,杭州,616507,2
4609356648948744,杭州,616507,2
4578621060619269,杭州,616507,2
4607998232800264,杭州,616507,2
4633960416500751,杭州,616507,2
4538841640315917,杭州,616507,2
4630988837821446,杭州,616507,2
4624871587472393,杭州,160393,1
4606435313921024,杭州,160393,1
4609260876147712,杭州,248839,4
4607028868801541,杭州,248839,2
4623466859113483,杭州,248839,2
4624732023319563,杭州,497412,2
4576737387686916,杭州,186603,2
4633294294199303,杭州,186603,2
4612156877415426,杭州,186603,2
4632478599732238,杭州,186603,2
4578366957657092,杭州,186603,2
4615029338514445,杭州,497412,2
4622286886822922,杭州,497412,2
4622293484725248,杭州,497412,2
4492211577138176,杭州,248839,2
4622069061180427,杭州,497412,2
4581364982455305,杭州,497412,4
4631116414592000,杭州,497412,2
4618055721966601,杭州,497412,4
4547294918568961,杭州,497412,2
4621152523119616,杭州,497412,4
4596900226489357,杭州,248839,4
4609607139861506,杭州,336446,2
4534257635535876,杭州,336446,2
4586650102819849,杭州,160393,1
4588644435389442,杭州,801124,2
4589821768199179,杭州,655351,2
4561512831769608,杭州,655351,2
4623499178320911,杭州,655351,2
4589418060737547,杭州,655351,2
4616497345405966,杭州,655351,2
4566885787018253,杭州,655351,2
4590857445792782,杭州,655351,2
4601214185153538,杭州,160301,1
4625410021825536,杭州,160301,1
4578171346082819,杭州,655351,2
4631134391690254,杭州,655351,2
4541408973202440,杭州,655351,2
4505928169872385,杭州,223697,1
4609523571661835,杭州,826799,2
4588123062526990,杭州,826799,4
4585232357305356,杭州,826799,2
4633616717978635,杭州,826799,2
4579688234314756,杭州,826799,4
4582816159032335,杭州,826799,2
4618454735969289,杭州,826799,2
4547119502877703,杭州,223697,4
4572988580736003,杭州,223697,1
4623887841485830,杭州,223697,1
4586681345401860,杭州,223697,1
4547121326939136,杭州,223697,4
4616332401335304,杭州,223697,1
4591088658263048,杭州,223697,1
4591229777585167,杭州,223697,2
4547123467971586,杭州,223697,1
4588985080751107,杭州,801124,2
4627645668844550,杭州,801124,4
4609505596857354,杭州,336446,2
4615831214320655,杭州,801124,2
4565434906010632,杭州,825632,1
4591397938373641,杭州,825632,1
4598197150276617,杭州,826352,4
4617759116241924,杭州,826352,4
4625352160439308,杭州,826352,1
4482392139181064,杭州,826352,2
4597079820540931,杭州,826352,4
4565862359657477,杭州,826352,1
4597948514987008,杭州,826352,4
4597929954665485,杭州,826352,4
4617982549011468,杭州,826352,4
4575861399542787,杭州,826352,2
4609601599646727,杭州,336446,2
4585721847147531,杭州,825632,1
4619584892017677,杭州,825632,1
4589589889674251,杭州,183101,1
4620504925643779,杭州,801124,2
4629347159974926,杭州,801124,2
4618808571814924,杭州,801124,2
4556779140094989,杭州,801124,2
4631060115530752,杭州,801124,2
4558274397709322,杭州,801124,2
4615756090567681,杭州,183101,1
4576860485919756,杭州,183101,1
4619573805865988,杭州,825632,1
4540588949859330,杭州,183101,1
4571024478809096,杭州,183101,1
4615324742394891,杭州,183101,1
4613831558308876,杭州,183101,1
4615739820205057,杭州,183101,1
4621204374297615,杭州,183101,1
4629501509331982,杭州,183101,1
4607823706301451,杭州,160393,1
4571463212655624,杭州,160393,1
4630622386297864,杭州,300674,2
4561492719166468,杭州,589478,4
4629854909033479,杭州,201534,1
4615589436435460,杭州,201534,1
4616999895391237,杭州,201534,1
4565219934692358,杭州,912477,2
4527498009093132,杭州,912477,2
4587219677375493,杭州,912477,4
4619335684989958,杭州,912477,4
4565222101920778,杭州,912477,2
4606703178787845,杭州,912477,2
4567531110034433,杭州,912477,2
4587173863599117,杭州,912477,4
4605058379803651,杭州,912477,2
4533518434378752,杭州,912477,4
4564431402181632,杭州,589478,4
4578610293564423,杭州,589478,4
4576750069736451,杭州,589478,4
4576752104793103,杭州,589478,4
4630069319621644,杭州,201534,1
4627772262722572,杭州,201534,1
4598399204944908,杭州,201534,1
4610751369454598,杭州,489385,1
4626682668868617,杭州,489385,1
4627684436665358,杭州,489385,1
4627663582551040,杭州,201534,1
4621184545840139,杭州,201534,1
4603845941158913,杭州,201534,1
4609261763697673,杭州,201534,1
4498017788601352,杭州,589478,4
4549885141150726,杭州,589478,4
4613957280439308,杭州,489385,1
4611106454809607,杭州,589478,4
4619249530348552,杭州,370004,2
4632030192786443,杭州,370004,2
4610650056664076,杭州,370004,2
4629045508578311,杭州,370004,2
4596655268602880,杭州,370006,4
4553010222160902,杭州,370006,4
4608089618476033,杭州,370006,4
4589723030283277,杭州,370006,4
4621138695740416,杭州,300674,2
4622106296818701,杭州,300674,2
4628196941323279,杭州,300674,2
4626881307974671,杭州,300674,2
4626673899613187,杭州,300674,2
4624782976623629,杭州,300674,2
4630816102358031,杭州,300674,2
4619600486392837,杭州,300674,2
4545886618446851,杭州,300674,2
4514880238316547,杭州,370004,2
4626293180275712,杭州,370004,2
4609666046123009,杭州,370004,2
4633641486625794,杭州,303624,2
4475309516563457,杭州,589478,4
4624807754603523,杭州,589478,4
4526027642907652,杭州,370013,2
4611166533002242,杭州,303624,4
4625188410399756,杭州,303624,2
4611160066778116,杭州,303624,2
4633753286372364,杭州,303624,2
4623559825300486,杭州,303624,2
4597009228258306,杭州,370004,2
4609371752373251,杭州,303624,2
4629426241889280,杭州,303624,2
4623391511110666,杭州,303624,2
4626267730877448,杭州,303624,2
4489271845788684,杭州,825960,2
4614116752694282,杭州,370004,2
4602190486428683,杭州,370004,2
4622243246023692,杭州,489385,1
4629317116371969,杭州,489385,1
4568222344961027,杭州,160393,1
4500230693710851,杭州,615708,2
4624150468242444,杭州,656439,2
4522937075342343,杭州,656439,4
4617843466396680,杭州,656439,2
4619590599584773,杭州,656439,2
4630566733605894,杭州,1029638,0
4613609890096137,杭州,1029638,0
4629523007052811,杭州,1029638,0
4613621418093572,杭州,1029638,0
4630567524310018,杭州,1029638,0
4627828881464333,杭州,1029638,0
4540635310957573,杭州,1029638,0
4606568863673349,杭州,160420,1
4480662597821446,杭州,160420,1
4596493077865478,杭州,615708,2
4567177504758795,杭州,615708,2
4575568902351877,杭州,615708,2
4518944688497667,杭州,615708,2
4603580062821386,杭州,656439,4
4582939748199433,杭州,656439,4
4487743591738375,杭州,656439,2
4621065346180106,杭州,160393,1
4630795746630665,杭州,160393,1
4568609197087758,杭州,160393,1
4595157039176704,杭州,160393,1
4578303970339841,杭州,171201,1
4606568536218624,杭州,656439,2
4528674995186692,杭州,656439,2
4619204450413571,杭州,656439,4
4569627474795529,杭州,615708,2
4632529154237450,杭州,593871,2
4617871537003520,杭州,593871,2
4617716264496134,杭州,181169,2
4596862417972237,杭州,181169,2
4606834236845067,杭州,181169,2
4615057325698052,杭州,181169,2
4632340115678213,杭州,181169,2
4623837016007684,杭州,181169,2
4616571148559373,杭州,181169,2
4603683259900941,杭州,181169,2
4582692976419849,杭州,181169,2
4599321019493388,杭州,181169,2
4632052750937096,杭州,217298,2
4623227094178823,杭州,593871,2
4629463119571969,杭州,593871,2
4596571517950981,杭州,593871,4
4618392377289728,杭州,593871,2
4603733388422154,杭州,593871,2
4616148182983689,杭州,593871,2
4616692268540943,杭州,593871,2
4603710769865739,杭州,593871,2
4629244864797703,杭州,217298,2
4610727050222600,杭州,217298,2
4627735030357007,杭州,217298,2
4484093496941582,杭州,217298,2
4557210113319948,杭州,217298,4
4596672775826434,杭州,217298,2
4486122684113926,杭州,217298,2
4630503320790017,杭州,217298,4
4578626150362118,杭州,217298,2
4422713167277058,杭州,160299,1
4506348186213378,杭州,160299,1
4578179756336134,杭州,160299,1
4566811670289408,杭州,826176,2
4586978244451338,杭州,826498,4
4630628213613568,杭州,826498,4
4607841572594694,杭州,826498,4
4607824229295114,杭州,826498,4
4620537728392193,杭州,826498,4
4616535380765703,杭州,826498,4
4590926220534787,杭州,826498,4
4605018908339215,杭州,220193,2
4630963175971855,杭州,826176,2
4633478778332174,杭州,826176,2
4615187271216132,杭州,826176,2
4557143096974348,杭州,826176,2
4624805863564292,杭州,826498,4
4619215721079820,杭州,826498,4
4612693669944328,杭州,826498,4
4630560613391373,杭州,172587,1
4604090970151940,杭州,172587,1
4603998466862080,杭州,172587,1
4580154808065033,杭州,172587,1
4629388916874251,杭州,172587,1
4622583868795914,杭州,172587,1
4588433095633933,杭州,172587,1
4583764139695107,杭州,172587,1
4604038675833857,杭州,172587,1
4604063131589634,杭州,172587,1
4575559746003979,杭州,826176,2
4571406687349774,杭州,826176,2
4533079193265153,杭州,826176,2
4616991512028174,杭州,826838,4
4602621772241923,杭州,826838,4
4530017221075977,杭州,160838,1
4633946247652352,杭州,160838,1
4622162673361928,杭州,160838,1
4499163561352206,杭州,160166,1
4624937626051585,杭州,826838,4
4549874207255557,杭州,826838,4
4603954012920843,杭州,826838,4
4605167983012869,杭州,611338,2
4592620324348933,杭州,826176,2
4521850751724553,杭州,826176,2
4603784145693703,杭州,611338,2
4616823164118019,杭州,611338,4
4603592740842509,杭州,611338,2
4629007598625803,杭州,611338,2
4630573736551436,杭州,611338,2
4603660114418699,杭州,611338,2
4617827217318921,杭州,826838,4
4626738515975179,杭州,611338,2
4602797333865481,杭州,611338,2
4607769113488385,杭州,611338,2
4585581821090830,杭州,826838,4
4558726820637704,杭州,826838,4
4602620481924096,杭州,826838,4
4589971247440905,杭州,826838,4
4566877143180290,杭州,160688,1
4401773178629121,杭州,794728,4
4588525578886150,杭州,781708,4
4467987704015885,杭州,781708,4
4616638923713548,杭州,781708,2
4614089619612687,杭州,781708,2
4629320003120128,杭州,781708,2
4600830520239105,杭州,781708,2
4547072185050114,杭州,781708,2
4611265265036299,杭州,781708,2
4564294781033476,杭州,781708,2
4579648520449034,杭州,877729,0
4552976403932173,杭州,877729,0
4572663052592134,杭州,877729,0
4581083421793287,杭州,877729,0
4608316228168708,杭州,877729,0
4520492547267599,杭州,877729,0
4592587543272458,杭州,794728,4
4578019303386120,杭州,794728,4
4629094248963080,杭州,781708,4
4590902505434118,杭州,160824,1
4531475478731788,杭州,160824,1
4589885264751624,杭州,634849,4
4618088001070091,杭州,634849,4
4631082602376206,杭州,634849,2
4633827651984387,杭州,634849,4
4618200676391939,杭州,634849,2
4585649285585931,杭州,634849,2
4612291854345228,杭州,634849,4
4531912224549898,杭州,634849,2
4542735076633615,杭州,634849,2
4537121254140943,杭州,160824,1
4578529664576524,杭州,160824,1
4531445252711429,杭州,160824,1
4616843403074565,杭州,160824,1
4596541541540878,杭州,160824,1
4629499116053509,杭州,160824,1
4566054582479882,杭州,160824,1
4576722289255439,杭州,160824,1
4573897438964747,杭州,794728,4
4626272012985358,杭州,794728,4
4556990226607107,杭州,911662,3
4409634272488448,杭州,794728,4
4581237166103555,杭州,370092,0
4630549915560966,杭州,370092,0
4630595616171022,杭州,370092,0
4489286380530702,杭州,370092,0
4623490039243787,杭州,877687,0
4613872109298700,杭州,877687,0
4623486449263616,杭州,877687,0
4613874178333697,杭州,877687,0
4630940616748043,杭州,911662,3
4615469787325444,杭州,911662,3
4595582275034113,杭州,911662,3
4625090973590530,杭州,911662,3
4616743888397327,杭州,911662,3
4509337764191243,杭州,911662,3
4619656971381770,杭州,911662,3
4624952584018945,杭州,911662,3
4622369971414023,杭州,911662,3
4624918177111040,杭州,370092,0
4597953341660167,杭州,370092,0
4631252769727491,杭州,370092,0
4631266299632641,杭州,1319932,2
4579659519241225,杭州,794728,4
4620868421215242,杭州,794728,4
4603693171088388,杭州,794728,4
4585556079864841,杭州,794728,4
4617770533755913,杭州,1319932,4
4527529721570309,杭州,1319932,2
4619219876766732,杭州,1319932,2
4630586705882127,杭州,1319932,2
4428318699678723,杭州,370092,0
4615609962208270,杭州,1319932,2
4613476953791493,杭州,1319932,2
4620650124172297,杭州,1319932,2
4618144120792075,杭州,1319932,2
4618202714745858,杭州,1319932,4
4616995217910793,杭州,370092,0
4623712448488449,杭州,370092,0
4599739492981761,杭州,160299,1
4630605222358023,杭州,628302,2
4629284606045199,杭州,369877,4
4568221700615170,杭州,369877,4
4589598328316929,杭州,369877,4
4585151152679936,杭州,369877,2
4569718474042376,杭州,369877,4
4614104838970375,杭州,369877,4
4584435461401602,杭州,910660,4
4625096230116367,杭州,910660,4
4562937830317056,杭州,910660,4
4629125812198401,杭州,910660,4
4530265190099980,杭州,910660,4
4545919916153856,杭州,910660,4
4607099475323916,杭州,910660,4
4616331218856968,杭州,910660,4
4599455367343113,杭州,910660,4
4631013540733964,杭州,910660,4
4632798615624716,杭州,628302,2
4616475791320069,杭州,369877,4
4623416704297999,杭州,369877,4
4620908540288010,杭州,369877,4
4588179012348934,杭州,826192,1
4548653806775306,杭州,656248,2
4598122460554246,杭州,656248,2
4629779842898954,杭州,656248,2
4527306444741632,杭州,656248,2
4380302712986629,杭州,656248,2
4598086119173128,杭州,656248,4
4526112313992205,杭州,826192,1
4605042187594757,杭州,826192,1
4527764133751820,杭州,369877,2
4583922933457925,杭州,826192,1
4626257726972929,杭州,826192,1
4617750987365385,杭州,826192,1
4596621791288335,杭州,826192,1
4600165049574405,杭州,826192,1
4575964434375691,杭州,826192,1
4577150852312065,杭州,826192,1
4626316354413581,杭州,628302,2
4626496561355791,杭州,628302,2
4616441773382659,杭州,656248,4
4622787741737988,杭州,628302,2
4586890082591758,杭州,160751,2
4395668543740939,杭州,160751,2
4598627162139657,杭州,160751,1
4609335944520718,杭州,160751,4
4609390555472910,杭州,160751,4
4627663524158464,杭州,160751,2
4624071250582534,杭州,160751,2
4586867870755854,杭州,160751,2
4558479682495489,杭州,160492,1
4615584418178057,杭州,160492,1
4567243191786506,杭州,160492,1
4630824225004557,杭州,160492,1
4597240980907021,杭州,160751,1
4600804056638477,杭州,160751,1
4612377780743169,杭州,304194,4
4606824663477263,杭州,628302,2
4619239291939849,杭州,628302,2
4631247781080072,杭州,628302,2
4631033225833474,杭州,628302,2
4631022178837512,杭州,628302,2
4618650359651335,杭州,331179,1
4624862357859335,杭州,331179,1
4619434589676556,杭州,304194,4
4518741402414089,杭州,331179,1
4551822855398406,杭州,331179,1
4606743306642444,杭州,331179,1
4518745219619854,杭州,331179,1
4623468186100739,杭州,304194,4
4616436761209856,杭州,656248,4
4625184005006345,杭州,656248,2
4507588494486532,杭州,370021,0
4620697958540299,杭州,218032,2
4631876869315587,杭州,161107,2
4631038879523849,杭州,161107,2
4548507276078082,杭州,161107,2
4626615733398532,杭州,161107,2
4626748926127104,杭州,161107,2
4626752208296967,杭州,161107,2
4624054115429379,杭州,161107,2
4596966938651653,杭州,161107,2
4601161636817928,杭州,161107,2
4521679170857989,杭州,161107,2
4623610400089093,杭州,825992,0
4528661415631884,杭州,825992,0
4618226609923072,杭州,370021,0
4620693514984451,杭州,218032,2
4610770776812550,杭州,218032,2
4630456504708104,杭州,218032,2
4627947223507972,杭州,206600,4
4609724588645385,杭州,160166,1
4613767408362500,杭州,206600,4
4611262769130502,杭州,206600,2
4593737201015813,杭州,206600,4
4615332262489094,杭州,206600,2
4530246957624325,杭州,206600,4
4626198804325390,杭州,206600,2
4627644244110345,杭州,206600,4
4605188427406339,杭州,218032,4
4590818841486338,杭州,206600,4
4624857081338893,杭州,206600,4
4632436326032398,杭州,218032,2
4629316299566093,杭州,218032,2
4616297946442764,杭州,218032,2
4629112618132482,杭州,218032,2
4630590054591494,杭州,218032,2
4557415163716609,杭州,370021,0
4633785082274826,杭州,370021,0
4625531525049352,杭州,656248,2
4633792137535495,杭州,370021,0
4601155160402951,杭州,220790,1
4593870107765762,杭州,220790,1
4554266712302595,杭州,220790,1
4591045819180033,杭州,160520,1
4614994464414725,杭州,160520,1
4586635876232204,杭州,160520,1
4586634187498502,杭州,160520,1
4615234448186373,杭州,160520,1
4579853732211718,杭州,160520,1
4547339212205069,杭州,160520,1
4626884841282570,杭州,160520,1
4496130895813640,杭州,160520,1
4586569092209666,杭州,160520,1
4598359075333127,杭州,220790,1
4520129533877260,杭州,220790,1
4524471758855178,杭州,220796,2
4632193864948751,杭州,370021,0
4624905595628557,杭州,370021,0
4626567685987335,杭州,370021,0
4626759576165377,杭州,370021,0
4623862030150666,杭州,370021,0
4626730788871172,杭州,188902,1
4625422092608527,杭州,220796,2
4634078175437836,杭州,220796,2
4541320873749512,杭州,220796,2
4607842512808975,杭州,220796,2
4631187027749892,杭州,220796,2
4568444417907716,杭州,220796,2
4549001180357634,杭州,220796,2
4633797223030794,杭州,220796,4
4615480784448519,杭州,220796,4
4565506953620489,杭州,634849,2
4624641952785414,杭州,236163,4
4544610740364288,杭州,236163,4
4613699862686735,杭州,785209,0
4629660807588872,杭州,369908,2
4606744942486534,杭州,369908,2
4626495998061575,杭州,369908,2
4616778532809729,杭州,369908,2
4613665540267011,杭州,369908,2
4630738496807939,杭州,607288,4
4612147125249025,杭州,160331,1
4612132984171532,杭州,160331,1
4615152502856709,杭州,369835,2
4624879781307392,杭州,369835,2
4625195227372558,杭州,369835,2
4626179985206274,杭州,369835,2
4629020271127556,杭州,369835,2
4547281585253377,杭州,369835,2
4598192106937348,杭州,369835,4
4595488120548358,杭州,369835,4
4633463460064267,杭州,369835,2
4629084691457026,杭州,369908,2
4581583584175117,杭州,369908,2
4620591714757638,杭州,369908,2
4605078431620101,杭州,585613,4
4625319954981889,杭州,807880,2
4597986392087555,杭州,807880,4
4623399493182474,杭州,807880,2
4607805327268876,杭州,807880,2
4557673336660999,杭州,807880,4
4623428039273481,杭州,807880,4
4631859099491330,杭州,807880,4
4578491526372367,杭州,585613,4
4617734221915145,杭州,369908,2
4623738924246022,杭州,585613,2
4550040272313354,杭州,585613,4
4629608320986125,杭州,585613,4
4614119746821130,杭州,585613,4
4602676850338823,杭州,585613,4
4598405273021446,杭州,585613,4
4597980294996998,杭州,369908,2
4589421743401998,杭州,369835,2
4623688738106382,杭州,785209,2
4620948057447427,杭州,807880,2
4613528277543938,杭州,785209,2
4615061666997259,杭州,826881,1
4600902512860162,杭州,826881,1
4623473652378625,杭州,826881,1
4626356352361477,杭州,826881,1
4600718941580290,杭州,826881,1
4619231811118081,杭州,826881,1
4633485217358860,杭州,826881,1
4599892615162883,杭州,423393,0
4633589422627851,杭州,423393,0
4625433921989639,杭州,423393,0
4599905321851912,杭州,423393,0
4621227905885195,杭州,423393,0
4533075253699584,杭州,423393,0
4602520190053386,杭州,423393,0
4609762663998469,杭州,826248,1
4623396852098058,杭州,826248,1
4615003271062540,杭州,826248,2
4574295441218569,杭州,826881,1
4370530981798915,杭州,826881,1
4530336288515084,杭州,826881,4
4626558251082752,杭州,160944,1
4530246566943749,杭州,785209,0
4579884915155978,杭州,785209,0
4579562944097282,杭州,785209,0
4576818585754638,杭州,785209,2
4530235322375170,杭州,785209,2
4590977196682252,杭州,785209,2
4579954054781962,杭州,785209,0
4616657192510471,杭州,160944,1
4605553836792846,杭州,160944,1
4607848174885888,杭州,160944,1
4610667392230408,杭州,160944,1
4605653144951811,杭州,160944,1
4620860893539337,杭州,160944,1
4633427316794373,杭州,160944,1
4357770138672136,杭州,160944,4
4619434044513281,杭州,160944,1
4605527988542469,杭州,807880,2
4609253270039563,杭州,807880,2
4609679110872073,杭州,236163,4
4572963784813579,杭州,234966,2
4613747872799757,杭州,174019,1
4498852804045824,杭州,174019,1
4613917563235332,杭州,174019,1
4587227934467080,杭州,174019,1
4562536616815623,杭州,174019,1
4587218112732162,杭州,174019,1
4588133007614988,杭州,1285005,2
4597905129710603,杭州,1285005,2
4596661006017548,杭州,1285005,2
4633809404042249,杭州,1285005,4
4575595731328010,杭州,1285005,2
4633807903366153,杭州,1285005,4
4623698382169094,杭州,1285005,4
4632204075670539,杭州,1285005,4
4526257316965385,杭州,1285005,2
4526228794549251,杭州,1285005,2
4617725942309888,杭州,234966,2
4612520088361994,杭州,174019,4
4599383185693698,杭州,174019,1
4595030015466500,杭州,174019,1
4547277953997833,杭州,787778,2
4615340297579535,杭州,160299,1
4608440130690059,杭州,160299,1
4616659868296193,杭州,160299,4
4608394854345729,杭州,160299,2
4562491420238863,杭州,160299,2
4578547906669574,杭州,160299,1
4619521845879813,杭州,787778,2
4619722894781445,杭州,787778,2
4619181515975680,杭州,174019,1
4614161264581641,杭州,787778,2
4583973626389506,杭州,787778,2
4626433469144077,杭州,787778,2
4591489261001729,杭州,787778,2
4586561890933771,杭州,787778,2
4615184863685640,杭州,787778,2
4618291730684929,杭州,787778,2
4509129483955210,杭州,234966,2
4607828629087240,杭州,234966,2
4558301918600199,杭州,160100,1
4617838285349902,杭州,234966,2
4623863285947401,杭州,656689,2
4620903710567428,杭州,656689,4
4548416091270153,杭州,656689,2
4587907332348929,杭州,656689,2
4630797464673292,杭州,656689,4
4586987936558088,杭州,656689,2
4616801240474626,杭州,656689,2
4564302956583943,杭州,656689,4
4547581901644812,杭州,656689,4
4631836099648513,杭州,656689,4
4508868846394370,杭州,160100,1
4557478619356169,杭州,160100,1
4508860118133760,杭州,160100,1
4590166031522825,杭州,160100,1
4552831034975244,杭州,160100,1
4633826437784580,杭州,160100,1
4585786385030153,杭州,160100,1
4490809639480332,杭州,369834,2
4626268647597061,杭州,369834,2
4616312722693120,杭州,369834,2
4586995061480449,杭州,804721,2
4605330712421381,杭州,234966,2
4625410530352128,杭州,234966,2
4618211252300810,杭州,234966,2
4616493037087758,杭州,234966,2
4586614126046216,杭州,234966,2
4625462161894413,杭州,804721,2
4606791395042313,杭州,804721,2
4619284715052040,杭州,804721,2
4616840700881929,杭州,369834,2
4585780313021446,杭州,804721,2
4623682334792714,杭州,369834,2
4628309992383494,杭州,369834,2
4570166203149321,杭州,369834,2
4615391768226823,杭州,369834,2
4504645340093454,杭州,369834,2
4630547427453957,杭州,369834,2
4615001919347720,杭州,826248,1
4619145652415488,杭州,826248,1
4622105605350403,杭州,826248,1
4572730041490437,杭州,657958,4
4562667279442958,杭州,172735,1
4585530436983809,杭州,172735,1
4542693711948800,杭州,657958,2
4616356343012359,杭州,657958,2
4630024976688131,杭州,657958,4
4626464335371272,杭州,657958,2
4537207317376008,杭州,657958,4
4601683058123787,杭州,657958,2
4542714352626689,杭州,657958,2
4624886373116941,杭州,657958,2
4587074412801035,杭州,172735,1
4618437127871496,杭州,420307,2
4620938431884297,杭州,420307,2
4623434288475147,杭州,826860,4
4616885744720908,杭州,826860,2
4561178759914509,杭州,826860,2
4613907919428622,杭州,826860,2
4599896793259013,杭州,826860,2
4626181981592586,杭州,826860,2
4568201608635406,杭州,826860,2
4561160126833679,杭州,826860,4
4610629574845452,杭州,826860,2
4630829868850180,杭州,420307,2
4632062171491342,杭州,420307,2
4629378387401737,杭州,420307,2
4623923531392004,杭州,420307,2
4631232653861895,杭州,420307,2
4632191700970504,杭州,420307,2
4588295874026505,杭州,420307,2
4621281170955274,杭州,420307,2
4585637501168655,杭州,657958,2
4606537703810048,杭州,160192,2
4616936670389253,杭州,826248,1
4625215150038030,杭州,160192,2
4622189993221128,杭州,651236,2
4624828272040960,杭州,651236,2
4622350586665987,杭州,651236,2
4544301601250314,杭州,651236,2
4624033750363146,杭州,651236,2
4622354387362827,杭州,651236,2
4616317493912591,杭州,651236,2
4627935460387850,杭州,651236,2
4598182449585167,杭州,651236,2
4614032172887049,杭州,651236,2
4545945011594251,杭州,236163,4
4511610664297478,杭州,236163,4
4521518561192962,杭州,236163,4
4614731661222924,杭州,236163,4
4609996216183823,杭州,236163,4
4616790001642510,杭州,236163,4
4594170342728710,杭州,236163,4
4541413634450433,杭州,160999,1
4626541309406214,杭州,160999,1
4619668592518145,杭州,160999,1
4566834032106505,杭州,825904,0
4616532853431300,杭州,825904,0
4555583343975439,杭州,825904,0
4616537104571404,杭州,825904,0
4526172515474447,杭州,825904,0
4566815176530948,杭州,825904,0
4620548717894658,杭州,825904,0
4609703284698123,杭州,825904,0
4566847912451085,杭州,825904,0
4619165924826121,杭州,160999,1
4570439116694537,杭州,825904,0
4626481656830983,杭州,160999,1
4594046681488391,杭州,160999,1
4620650429340680,杭州,160999,1
4595519052246019,杭州,160999,1
4486424800013323,杭州,160999,1
4606962452585478,杭州,160999,1
4441224052614144,杭州,826860,2
4585792714042368,杭州,369940,4
4622171550227459,杭州,369940,4
4469343323008011,杭州,369940,4
4584116476177414,杭州,300522,2
4605074147107854,杭州,300522,2
4596853890526215,杭州,160727,1
4631089627589639,杭州,160727,1
4612131476515855,杭州,160727,1
4563077829975053,杭州,160727,1
4630473617611784,杭州,160727,1
4630808048802818,杭州,160727,1
4563070048001039,杭州,160727,1
4551583626845189,杭州,160727,1
4624773521187841,杭州,160727,1
4633646075927558,杭州,160727,1
4625254217161738,杭州,481359,2
4591438502288394,杭州,481359,2
4629080854914052,杭州,481359,2
4601081788132359,杭州,481359,2
4583883183578114,杭州,481359,2
4595631209651209,杭州,300522,2
4612512481516559,杭州,300522,2
4548622530731011,杭州,300522,2
4603928154809347,杭州,826248,2
4623463340678158,杭州,826248,1
4620632479081478,杭州,826248,1
4589704130206735,杭州,300522,2
4511522292179974,杭州,160316,1
4511530306792454,杭州,160316,1
4632067194135565,杭州,160316,1
4613534656486406,杭州,300522,2
4616797670485006,杭州,300522,2
4603670109838341,杭州,481359,2
4587206934932491,杭州,481359,2
4613523577596933,杭州,481359,2
4585652577018880,杭州,611340,4
4557075608790022,杭州,160841,2
4623513524104192,杭州,160841,2
4627640971371527,杭州,160841,2
4631924208870409,杭州,160841,4
4599897317288972,杭州,160841,2
4562823739319310,杭州,160841,4
4584259776830468,杭州,611340,4
4609287877501965,杭州,611340,4
4606744271150081,杭州,160841,2
4631297425531910,杭州,611340,4
4561436478022658,杭州,611340,4
4620393457787913,杭州,611340,4
4579581324764175,杭州,611340,4
4617986663900167,杭州,611340,4
4611259811144711,杭州,611340,4
4619470589406222,杭州,611340,4
4617813089639433,杭州,160841,2
4629161715887105,杭州,160841,2
4514473048988683,杭州,481359,2
4551658157550603,杭州,481359,2
4566839335099393,杭州,160841,2
4601232326435849,杭州,826799,2
4590355129527304,杭州,826799,2
4589774137007114,杭州,826799,4
4622217537842184,杭州,825088,2
4568221302514698,杭州,304199,1
4571074107186190,杭州,825761,0
4536089432972294,杭州,825761,0
4623644997968911,杭州,642230,2
4567042952915972,杭州,200705,2
4575839257566223,杭州,369882,4
4564427179535362,杭州,369882,2
4624039140498446,杭州,369882,2
4590004353801218,杭州,369999,0
4587033444883467,杭州,619856,2
4622654546123791,杭州,369965,0
4603410669724682,杭州,369965,0
4610485766822914,杭州,369965,0
4633331318926351,杭州,825088,2
4612529090403339,杭州,304199,2
4497459846833164,杭州,304199,1
4615676494699525,杭州,607657,2
4626498101879814,杭州,346243,2
4634006676907013,杭州,219250,1
4608236335508483,杭州,217995,2
4616885304597504,杭州,160842,1
4620961329355784,杭州,160842,1
4625472792931333,杭州,160842,1
4619152796410893,杭州,185133,2
4630824027612166,杭州,314429,1
4586728020388879,杭州,607657,4
4619709041552389,杭州,628421,0
4601287046999054,杭州,628421,0
4620577729485834,杭州,628421,0
4601587439346696,杭州,628421,0
4628519727356933,杭州,628421,0
4592398316233742,杭州,628421,0
4586610937027598,杭州,201741,2
4633446820310017,杭州,825088,2
4634049425368072,杭州,369924,0
4401668547615750,杭州,216505,0
4618243498519553,杭州,222976,1
4298170787831813,杭州,170154,0
4298176127360014,杭州,170154,0
4590048377789453,杭州,826267,0
4622146067753999,杭州,826267,0
4623497905331203,杭州,286709,1
4630302964640770,杭州,286709,1
4630971473536004,杭州,286709,1
4613861065137165,杭州,797911,2
4303879731780611,杭州,797911,2
4626355978230796,杭州,797911,2
4623932151817221,杭州,790322,4
4633852660966402,杭州,370057,2
4607956286778380,杭州,370057,2
4623791944000517,杭州,292642,2
4605659037309952,杭州,826482,0
4632389656812545,杭州,826482,0
4618454152682503,杭州,409778,0
4605592566881292,杭州,160223,1
4553286099147787,杭州,795344,2
4527701301439492,杭州,370055,4
4629502330088462,杭州,292642,1
4619368253971457,杭州,618928,0
4633942077890560,杭州,370057,2
4589720791784463,杭州,790865,0
4497682101742599,杭州,790865,0
4620593946504192,杭州,160039,1
4623229171557390,杭州,160039,1
4628117905171464,杭州,160039,1
4540419427836928,杭州,910215,2
4599959100595214,杭州,910215,2
4545679404149764,杭州,216505,0
4632234545867778,杭州,216505,0
4626529278581763,杭州,797911,2
4559788252044289,杭州,170154,0
4623923221474313,杭州,790322,4
4617721316027393,杭州,790322,2
4618321799175180,杭州,790322,4
4595785011964934,杭州,790322,4
4597010870346756,杭州,790322,2
4618005824908292,杭州,790322,4
4629461084478477,杭州,790322,4
4618326470695951,杭州,790322,2
4517397242045446,杭州,790322,2
4606778820946952,杭州,790322,2
4564437053072395,杭州,826683,2
4571129079491591,杭州,826683,2
4565350746237955,杭州,826683,2
4632078680808456,杭州,170154,0
4632394980449284,杭州,170154,0
4537115222729737,杭州,170154,0
4629365602821130,杭州,170154,0
4620994068933637,杭州,220060,2
4617906425242629,杭州,220060,2
4616458669859850,杭州,220060,2
4597111403228170,杭州,370057,2
4631984976358414,杭州,370057,2
4630938822648832,杭州,370057,2
4628081169718277,杭州,370057,2
4633942960118791,杭州,370057,2
4606719911320587,杭州,370057,2
4613679673189380,杭州,370057,2
4615307586233357,杭州,370057,2
4566904382663694,杭州,370057,2
4615497947671561,杭州,220060,2
4630839818476547,杭州,370057,2
4616748442201100,杭州,220060,2
4621005892082692,杭州,220060,2
4597036229041157,杭州,220060,2
4630524642370565,杭州,220060,2
4616751644650504,杭州,220060,4
4633397771742217,杭州,220060,2
4475033572928518,杭州,170154,0
4612220412402692,杭州,170154,0
4627786439631880,杭州,369899,2
4603889732414474,杭州,170154,0
4615372777464842,杭州,475889,0
4576729843229698,杭州,475889,0
4633771036335112,杭州,630884,0
4633848273231885,杭州,630884,0
4632194221597703,杭州,630884,0
4548836656356357,杭州,630884,0
4632563822369800,杭州,369858,2
4625280626238475,杭州,191426,1
4626278636710912,杭州,628110,2
4629201976667143,杭州,369830,2
4572905162824707,杭州,604862,0
4584172426615817,杭州,604862,0
4539238030353411,杭州,161035,1
4630728718298117,杭州,475889,0
4621009458258957,杭州,791599,0
4545747512728581,杭州,635026,4
4605061401127942,杭州,826267,0
4568433163541519,杭州,170154,0
4570022166633480,杭州,170154,0
4617771415593988,杭州,826267,0
4613645812556804,杭州,826267,0
4608411491507200,杭州,826267,0
4616979933977600,杭州,826267,0
4620655260851204,杭州,826267,0
4561430457984008,杭州,826267,0
4602180087983110,杭州,635026,2
4604028718308352,杭州,826267,0
4570332876479494,杭州,826267,0
4561455602869249,杭州,826267,0
4496743800892431,杭州,650521,4
4608315920983055,杭州,650521,4
4611135118828554,杭州,650521,4
4630874096446467,杭州,650521,4
4622620285527040,杭州,797911,2
4622524597773325,杭州,797911,2
4610743460619278,杭州,789619,2
4544172454865928,杭州,210028,0
4629334713998348,杭州,221557,2
4517495446694924,杭州,221557,2
4633925343453198,杭州,221557,2
4617827715032065,杭州,369814,2
4613480349473793,杭州,369814,2
4616402362539017,杭州,369814,2
4479540112385035,杭州,369814,2
4614940572724226,杭州,369814,2
4624798974534656,杭州,369814,2
4617780235838473,杭州,369814,2
4616365115157514,杭州,369814,2
4613547935048708,杭州,369814,2
4633833608356871,杭州,369814,2
4626295374488588,杭州,210028,0
4551449379429389,杭州,210028,0
4516155716084738,杭州,210028,0
4596503030328335,杭州,210028,0
4629519426513928,杭州,221557,2
4601295230772232,杭州,221557,2
4626727199792137,杭州,221557,2
4608191205596163,杭州,160438,1
4624643475973132,杭州,181625,2
4616753673333768,杭州,181625,2
4615275122091023,杭州,181625,2
4632039925816324,杭州,181625,2
4633704057496580,杭州,160438,1
4622583184403457,杭州,160438,1
4564353815895041,杭州,160438,1
4608299075263490,杭州,160438,1
4625225394252803,杭州,221557,2
4625014107958276,杭州,160438,1
4633705002540036,杭州,160438,1
4626323359652871,杭州,160438,1
4625013595071503,杭州,160438,1
4599701707287552,杭州,221557,2
4630529424630797,杭州,221557,2
4630573904632843,杭州,221557,2
4596928924228616,杭州,210028,0
4604242475656193,杭州,877672,0
4623774442007566,杭州,181625,2
4632268948825088,杭州,877672,0
4589521385315331,杭州,160883,1
4625093793997825,杭州,160883,1
4623758266342406,杭州,160883,1
4609244781929479,杭州,160883,1
4625047820868613,杭州,160883,1
4610968465548299,杭州,160883,1
4603896002831371,杭州,160883,1
4548963596770307,杭州,160883,1
4610667984673792,杭州,655397,2
4604044875340809,杭州,655397,2
4569583330044940,杭州,655397,2
4605014715849738,杭州,655397,2
4585730507103240,杭州,655397,2
4624957198949386,杭州,655397,2
4603681580344320,杭州,655397,2
4595534577116160,杭州,655397,4
4566077808811019,杭州,655397,2
4616364925148163,杭州,160883,1
4565853558778888,杭州,160883,1
4476543808924674,杭州,659380,2
4589750509724683,杭州,877672,0
4567123873848324,杭州,877672,0
4537163224210445,杭州,877672,0
4567094474957828,杭州,877672,0
4584173130198021,杭州,877672,0
4589715329524748,杭州,877672,0
4518657227844613,杭州,877672,0
4555591440899073,杭州,877672,0
4610984826317834,杭州,659380,2
4567137469522949,杭州,659380,2
4574701109914626,杭州,659380,2
4574237168968717,杭州,659380,2
4596824407043073,杭州,659380,2
4626559826746375,杭州,659380,2
4581003297500161,杭州,659380,2
4556901638040586,杭州,659380,2
4618368990403599,杭州,659380,2
4592452118604815,杭州,181625,2
4630826823031814,杭州,181625,2
4626528308896774,杭州,797911,2
4616830233779213,杭州,1296149,0
4620602675309576,杭州,796956,0
4622062859643909,杭州,796956,0
4616505633725451,杭州,796956,0
4630459712906248,杭州,796956,0
4625149570982916,杭州,796956,0
4623757048540174,杭州,796956,4
4631212569603085,杭州,796956,0
4616713858358280,杭州,796956,0
4627649625252872,杭州,796956,0
4620536176368642,杭州,796956,0
4604244142971912,杭州,1296149,0
4630833598800911,杭州,1296149,0
4609620155079695,杭州,1296149,0
4603410604583948,杭州,1296149,0
4626307731745793,杭州,1296149,0
4609669807332366,杭州,1296149,0
4630859046233089,杭州,1296149,0
4522945513561100,杭州,260600,0
4520130269457419,杭州,260600,0
4520158040712196,杭州,260600,0
4496382902250508,杭州,369894,4
4569709655450630,杭州,797911,2
4632275034168324,杭州,797911,2
4607656937219074,杭州,797911,2
4553123313462272,杭州,369894,2
4594109119046668,杭州,369894,4
4497433282108431,杭州,369894,4
4594099236789252,杭州,369894,4
4629075808263173,杭州,369894,2
4626597290927110,杭州,260600,0
4593956877902862,杭州,369894,2
4588477370672132,杭州,369894,4
4544386663459855,杭州,369894,2
4614919321986063,杭州,369894,2
4610929806285837,杭州,234513,2
4624215669761024,杭州,234513,2
4578607589612548,杭州,234513,2
4626311589078018,杭州,1296149,0
4587693973957635,杭州,521873,0
4605302231100430,杭州,161090,4
4035015231479810,杭州,521873,2
4621209318599688,杭州,573294,2
4531625059216393,杭州,573294,4
4545507799952397,杭州,573294,2
4552687466404877,杭州,573294,2
4556859002035208,杭州,573294,4
4548996583367682,杭州,573294,2
4608155648615426,杭州,573294,4
4561520637369358,杭州,573294,4
4585306651651080,杭州,161090,2
4561599764065280,杭州,161090,4
4526141774289935,杭州,161090,2
4526152863951884,杭州,161090,2
4617042301395972,杭州,161090,0
4526158907008012,杭州,161090,2
4561603172441089,杭州,161090,2
4607828382213123,杭州,161090,2
4585479365237761,杭州,161090,4
4534213372779526,杭州,573294,2
4516226142956555,杭州,573294,4
4630552234683396,杭州,803535,0
4624909790209029,杭州,521873,2
4176324691995650,杭州,521873,0
4624876286417931,杭州,521873,2
4625294976097286,杭州,521873,2
4588399627398154,杭州,521873,0
4622847867202566,杭州,521873,2
4627839273741320,杭州,521873,2
4557028556923914,杭州,521873,2
4565344061973516,杭州,803535,0
4600013336550400,杭州,803535,0
4629078283265037,杭州,803535,0
4633796969602051,杭州,803535,0
4625155827440641,杭州,803535,0
4598069732482060,杭州,803535,0
4603735256392711,杭州,803535,0
4629091740199939,杭州,803535,0
4078739104803846,杭州,803535,0
4604260086782977,杭州,910215,2
4569836754527232,杭州,910215,2
4631986107980808,杭州,910215,2
4629156333558790,杭州,160223,1
4575375638944780,杭州,409778,0
4632294269658119,杭州,409778,0
4619389029805062,杭州,409778,0
4588388606454784,杭州,409778,0
4504669052378116,杭州,409778,0
4507542539185165,杭州,409778,0
4630880807595009,杭州,409778,0
4615740461720588,杭州,409778,0
4630839406484482,杭州,409778,0
4592547647317003,杭州,370066,0
4533433729180684,杭州,370066,0
4499287883787273,杭州,160223,1
4601112210222080,杭州,160223,4
4486455316474895,杭州,160223,1
4627705533099016,杭州,160223,1
4595038233697289,杭州,160223,1
4548875441597455,杭州,160223,1
4525100028615685,杭州,409778,0
4626239654534159,杭州,826482,0
4633594377165837,杭州,826482,0
4605526699453454,杭州,222976,2
4601103603674124,杭州,222976,1
4576868905331724,杭州,222976,2
4588809479136261,杭州,222976,1
4562838786055174,杭州,222976,1
4620836361120777,杭州,222976,0
4630804634332161,杭州,222976,2
4584132076477453,杭州,222976,0
4594280839994379,杭州,222976,1
4633577398164482,杭州,826482,0
4623391933197323,杭州,826482,0
4620704057334798,杭州,826482,0
4412793932981251,杭州,826482,0
4628972797959177,杭州,826482,0
4630507698054153,杭州,826482,0
4613581068966922,杭州,826482,0
4578443085505542,杭州,826482,0
4595040898655243,杭州,160223,1
4611149453304834,杭州,160223,1
4597904140903430,杭州,369924,0
4619824077841412,杭州,160223,1
4629334332255239,杭州,370055,4
4540046750508042,杭州,370055,4
4609588989340674,杭州,370055,4
4422789897495567,杭州,370055,4
4603945336661006,杭州,370055,4
4585781136075790,杭州,370055,2
4619641621126151,杭州,370055,2
4589448460606464,杭州,370055,2
4491712334932993,杭州,370055,4
4538937880501258,杭州,370055,2
4519193724660747,杭州,292642,4
4480859594566667,杭州,292642,4
4595341866097670,杭州,292642,4
4317967057202184,杭州,292642,4
4586912137538573,杭州,292642,2
4610786732317707,杭州,292642,2
4630797946199045,杭州,292642,2
4615566984387586,杭州,520016,1
4613584432079885,杭州,520016,1
4613890916789256,杭州,520016,1
4598357593299980,杭州,795344,2
4614984924339204,杭州,795344,2
4496358161818635,杭州,795344,4
4584191458731008,杭州,795344,4
4496354929617933,杭州,795344,2
4627853727226884,杭州,795344,2
4578581991414797,杭州,795344,2
4547460670710797,杭州,795344,2
4551317875287046,杭州,795344,2
4603638813023234,杭州,520016,1
4608143541017609,杭州,795344,4
4621184899738627,杭州,520016,1
4467871258270722,杭州,520016,1
4622556551965703,杭州,520016,1
4578791920706572,杭州,520016,1
4613884083692557,杭州,520016,1
4613579483044868,杭州,520016,1
4625315258229764,杭州,222976,0
4616325418245134,杭州,369924,0
4569837339812876,杭州,910215,2
4525918072724481,杭州,619856,2
4629530295643139,杭州,394496,0
4630494822509568,杭州,369999,0
4582776444840972,杭州,369999,0
4618436864351237,杭州,369999,0
4630811840060420,杭州,369999,0
4629471773090819,杭州,369999,0
4629479197074444,杭州,369999,0
4620699190270981,杭州,369999,0
4629496508640261,杭州,369999,0
4630991271257091,杭州,369999,0
4582777215296523,杭州,369999,0
4623729923841031,杭州,619856,2
4527805085260813,杭州,619856,2
4629430240422915,杭州,619856,2
4616491844938767,杭州,619856,2
4540015830178831,杭州,619856,2
4581261274475529,杭州,619856,2
4629197819421700,杭州,394496,0
4629590716750848,杭州,394496,0
4609323399900162,杭州,394496,0
4613607396781063,杭州,613792,4
4623535740001290,杭州,346142,1
4607820294841357,杭州,613792,2
4610707319282691,杭州,613792,2
4621173461097478,杭州,613792,2
4613512287626255,杭州,613792,2
4618353441532940,杭州,613792,4
4607900128898052,杭州,613792,2
4616898498634752,杭州,613792,2
4629206748916744,杭州,394496,0
4517640239031307,杭州,613792,4
4625148019254274,杭州,613792,2
4629562704305163,杭州,394496,0
4631010207017995,杭州,394496,0
4629552248448008,杭州,394496,0
4563199849999371,杭州,394496,0
4629213818790923,杭州,394496,0
4581099224114180,杭州,619856,2
4598040199474189,杭州,619856,2
4607262167475208,杭州,369924,0
4579873782602752,杭州,619856,2
4562553985735691,杭州,825088,2
4585485246471178,杭州,825088,2
4633587832908810,杭州,825088,2
4633219333612557,杭州,825088,2
4633380218149901,杭州,825088,2
4633382667396100,杭州,825088,2
4633409034019853,杭州,825088,2
4630732549397514,杭州,825088,2
4633407147912197,杭州,825088,2
4633465773943820,杭州,825088,2
4623839745760258,杭州,369924,0
4597908764419072,杭州,369924,0
4603614276836352,杭州,369924,0
4630430799031307,杭州,369924,0
4633470723843073,杭州,369924,0
4633424978025475,杭州,369924,0
4615045807774723,杭州,369924,0
4624642807292932,杭州,369965,0
4615074046942222,杭州,369965,0
4578610923346953,杭州,411253,0
4609829531540487,杭州,411253,0
4613897569952776,杭州,411253,0
4585832844942347,杭州,411253,0
4576749612702727,杭州,411253,0
4631053483547661,杭州,369965,0
4599448861893635,杭州,369965,0
4607975957373952,杭州,369965,0
4588046159916046,杭州,369965,0
4627473032078348,杭州,369965,0
4610749612518413,杭州,369965,0
4248688443186187,杭州,292642,4
4595634319088653,杭州,292642,2
4620849813761035,杭州,292642,2
4615309971233800,杭州,160039,1
4608285572033551,杭州,160736,2
4564318589164544,杭州,160735,1
4619944461376514,杭州,160039,1
4573908612013066,杭州,160039,1
4629248479667205,杭州,160039,1
4619955524164619,杭州,160039,1
4611024108495879,杭州,160039,1
4587117069855745,杭州,160736,2
4622450640610304,杭州,160736,2
4616604995988490,杭州,788323,0
4568734786053134,杭州,160006,1
4578147018349581,杭州,160006,1
4555496575540230,杭州,160006,1
4565850346232838,杭州,160006,1
4572886276922368,杭州,160006,1
4533006651255822,杭州,788323,0
4537302812597256,杭州,788323,0
4588103497948167,杭州,788323,0
4532991682128901,杭州,788323,0
4576866346755085,杭州,788323,0
4578327976846341,杭州,788323,0
4468109402727436,杭州,788323,0
4626610437221382,杭州,788323,0
4548648687131648,杭州,788323,0
4604141041654791,杭州,160039,1
4584212635722759,杭州,160039,1
4581143925795853,杭州,873008,2
4530727086482445,杭州,160039,1
4592584528178184,杭州,790318,1
4624888267154434,杭州,654114,0
4614966277317633,杭州,654114,0
4484745864078348,杭州,654114,0
4614139922670607,杭州,654114,0
4629232333841416,杭州,654114,0
4610751255292929,杭州,654114,0
4633399162657801,杭州,654114,0
4624849069368329,杭州,654114,0
4628889082340362,杭州,654114,0
4598026163559432,杭州,654114,0
4631969188307975,杭州,910215,2
4630607187979267,杭州,910215,2
4624933477096449,杭州,910215,2
4585913833888768,杭州,910215,4
4630690009324555,杭州,910215,2
4615004174509064,杭州,910215,2
4578582857309193,杭州,790318,1
4592591969393677,杭州,790318,1
4622157274293258,杭州,790318,1
4595084401843211,杭州,160474,1
4622629605057542,杭州,160039,1
4563945016810500,杭州,160474,1
4617793283877894,杭州,160474,1
4616425132219406,杭州,160474,1
4597926339290112,杭州,160474,1
4598000553647113,杭州,160474,1
4597903831948300,杭州,160474,1
4626769210481670,杭州,160474,1
4538580793797647,杭州,790318,1
4549898102561800,杭州,160474,1
4506316795173903,杭州,160474,1
4602332340399116,杭州,790318,1
4612046190439428,杭州,790318,1
4598237032459265,杭州,790318,1
4619724917660672,杭州,790318,1
4578415198462990,杭州,790318,1
4626690343660555,杭州,369958,2
4593951905442831,杭州,369958,0
4578550852164611,杭州,369958,2
4615241787448325,杭州,369958,2
4593956978994180,杭州,369958,2
4569763513984011,杭州,369958,0
4578543950044160,杭州,369958,2
4578630406366221,杭州,369958,2
4594117891400705,杭州,369958,2
4603801942975503,杭州,618928,0
4596781431729164,杭州,618928,0
4618361164440576,杭州,618928,0
4633897255804938,杭州,618928,0
4633421087548421,杭州,618928,0
4619373825303561,杭州,618928,0
4633467252665352,杭州,618928,0
4602340358347783,杭州,618928,0
4625227355008010,杭州,369958,2
4585587694607371,杭州,826030,1
4629355262729227,杭州,826030,1
4563133185371147,杭州,873008,4
4604304921566214,杭州,873008,2
4611231090646020,杭州,873008,4
4607010937658378,杭州,873008,2
4597030528818178,杭州,873008,4
4563134430569482,杭州,873008,4
4592690072087552,杭州,873008,4
4617055904556043,杭州,873008,4
4569635558351882,杭州,873008,2
4619585265200141,杭州,826030,1
4630595037027330,杭州,826030,1
4627767603850248,杭州,826030,1
4626471800267776,杭州,826030,1
4609643723041792,杭州,826030,1
4491790082403334,杭州,826030,1
4564270258461701,杭州,826030,1
4627801272294415,杭州,826030,1
4615574243353607,杭州,618928,0
4619373169812495,杭州,618928,0
4523321223949314,杭州,407976,0
4615409096125441,杭州,826862,2
4500391879992326,杭州,790865,0
4586906837769225,杭州,790865,0
4565695071312907,杭州,790865,0
4582765446751236,杭州,790865,0
4547455263628299,杭州,790865,0
4630494750747655,杭州,790865,0
4622390117147653,杭州,826862,2
4617084491850754,杭州,826862,2
4600746768739342,杭州,790865,0
4619118940742665,杭州,826862,2
4619365660306442,杭州,826862,2
4585153427627021,杭州,826862,2
4502505022104581,杭州,826862,2
4623432292869120,杭州,826862,2
4603691731936268,杭州,826862,4
4599353677980673,杭州,826862,2
4582813883755528,杭州,790865,0
4582701516418060,杭州,790865,0
4609574520122375,杭州,407976,0
4616730620650511,杭州,825886,2
4597990544122894,杭州,407976,0
4627472567294979,杭州,407976,0
3931356269256717,杭州,782014,0
4535717955920896,杭州,782014,0
4600912876069888,杭州,825886,1
4584105982319618,杭州,825886,2
4595129817736199,杭州,825886,4
4631127592741888,杭州,825886,1
4629447237512202,杭州,790865,0
4525823075050504,杭州,825886,1
4606428301618176,杭州,825886,2
4527183799020555,杭州,825886,2
4598268449547267,杭州,825886,1
4525998179789831,杭州,825886,1
4630519970589706,杭州,655397,2
4615376664781838,杭州,789619,4
4606763740357632,杭州,652463,2
4595617383689223,杭州,607834,2
4632243524475911,杭州,641202,2
4623766197167111,杭州,641202,2
4625135132140547,杭州,641202,2
4588440591215625,杭州,160377,1
4544682366297093,杭州,160377,1
4610670711546893,杭州,160377,1
4536078604592130,杭州,607834,4
4536504396176394,杭州,607834,2
4536072206279688,杭州,607834,4
4612712548916230,杭州,607834,2
4615439324830727,杭州,641202,2
4630577250708494,杭州,641202,2
4599410001255436,杭州,641202,2
4618355360490510,杭州,369945,2
4596608290120704,杭州,346144,1
4629713832336384,杭州,369945,2
4630961624067076,杭州,369945,2
4615264030465035,杭州,369945,4
4619818207026189,杭州,369945,2
4524792514112524,杭州,369945,2
4609510180498441,杭州,641202,2
4629532166777859,杭州,369945,2
4615355390911503,杭州,369945,2
4631310628219904,杭州,369945,2
4619819683292163,杭州,369945,2
4624009193053184,杭州,641202,2
4576949402854401,杭州,641202,2
4595195729521677,杭州,641202,2
4606837165710347,杭州,607834,2
4611158512868361,杭州,607834,2
4589802199313408,杭州,607834,2
4572533618285583,杭州,160713,1
4589964844868623,杭州,160713,1
4601131884403713,杭州,160713,1
4546171697095681,杭州,160713,1
4578361083878401,杭州,160713,1
4623586673271810,杭州,220251,2
4568602711219201,杭州,220251,2
4550171614915588,杭州,220251,2
4574202778229771,杭州,220251,2
4630867196257280,杭州,220251,2
4629231363204111,杭州,220251,2
4624807364062213,杭州,220251,2
4632552281484291,杭州,220251,2
4618020340589572,杭州,220251,2
4619184411339777,杭州,220251,2
4613575182494727,杭州,468839,1
4613679203656711,杭州,468839,1
4619135515945994,杭州,160713,1
4598501928643594,杭州,160713,1
4605048421327878,杭州,160713,1
4604091230690305,杭州,467227,0
4536493458140160,杭州,607834,2
4603926875712520,杭州,607834,2
4619269815168006,杭州,160816,0
4546026113051653,杭州,160816,0
4601475130205197,杭州,160816,0
4605185746856965,杭州,467227,0
4630578590983177,杭州,467227,0
4608312122469385,杭州,467227,0
4626860414493697,杭州,160713,1
4613599400320004,杭州,467227,0
4552931098455042,杭州,467227,0
4606933194810381,杭州,467227,0
4611313763904526,杭州,467227,0
4541444490421259,杭州,467227,0
4602334506738691,杭州,467227,0
4630450524007432,杭州,160713,1
4629212059755525,杭州,346144,1
4615127666695180,杭州,468839,2
4566887736896518,杭州,863618,2
4615068599477248,杭州,863618,2
4573988217775107,杭州,863618,2
4551166001277964,杭州,863618,2
4566866480700426,杭州,160384,1
4566846792772610,杭州,160384,4
4612319780578310,杭州,160384,4
4612633727083525,杭州,160384,4
4611363307611140,杭州,160384,1
4606691270188037,杭州,160384,2
4616396842036231,杭州,160384,2
4612240615627788,杭州,160384,1
4620549894368271,杭州,160384,2
4587984178256909,杭州,160384,2
4598533419789321,杭州,160448,1
4613617996129286,杭州,863618,2
4573994983220227,杭州,863618,1
4561655707542528,杭州,863618,2
4569644834106379,杭州,792396,0
4633544822580226,杭州,375304,0
4633451827555334,杭州,375304,0
4633296919176201,杭州,375304,0
4633815478181893,杭州,375304,0
4629234603451392,杭州,792396,0
4630891430829067,杭州,792396,0
4630874582080527,杭州,792396,0
4586994658370575,杭州,792396,0
4630918677289985,杭州,863618,2
4597933607218185,杭州,792396,0
4571138077518854,杭州,792396,0
4604822811321348,杭州,792396,0
4438298537257985,杭州,792396,0
4536004734479363,杭州,792396,0
4632761275538447,杭州,863618,2
4631025186565125,杭州,863618,2
4629117961821198,杭州,346144,1
4570054651341827,杭州,650518,2
4570120508042249,杭州,650518,0
4608408487816202,杭州,650518,2
4628888408828928,杭州,650518,2
4598418124956679,杭州,160791,1
4630989820828682,杭州,346144,1
4586581016341509,杭州,650518,2
4617563026856971,杭州,650518,2
4624642356309006,杭州,650518,2
4610939813977100,杭州,160448,1
4613629116720129,杭州,160448,1
4525739215150090,杭州,160441,1
4570423030459400,杭州,650518,0
4516507578213391,杭州,650518,2
4632012807117828,杭州,650518,2
4611046533719048,杭州,468839,1
4615265957258241,杭州,468839,1
4626418110784517,杭州,789619,2
4616816453362688,杭州,370071,1
4531512612086784,杭州,218933,2
4411624464342028,杭州,218933,2
4559992822948877,杭州,218933,2
4531507184507907,杭州,218933,2
4531500860351500,杭州,218933,4
4531542329924612,杭州,218933,2
4630567428645901,杭州,218933,2
4618118306126863,杭州,218933,2
4616559674991631,杭州,218933,2
4619140560036867,杭州,370071,1
4624864394683395,杭州,370071,1
4615278024092672,杭州,370071,1
4611341123853324,杭州,370071,1
4625099800812548,杭州,370071,1
4621078851822606,杭州,370071,1
4630592629353482,杭州,370071,1
4627674804497414,杭州,370071,1
4505097166152717,杭州,218933,2
4618064667403276,杭州,620117,2
4589667760825353,杭州,620117,2
4549966793206787,杭州,614729,2
4531470383768582,杭州,614729,2
4531478251711500,杭州,614729,2
4531481950233610,杭州,614729,4
4569685351930882,杭州,614729,4
4631891715513355,杭州,614729,2
4618514808759300,杭州,614729,2
4619857244220429,杭州,614729,2
4564263956225035,杭州,614729,2
4623534912627724,杭州,620117,2
4623406960548878,杭州,620117,2
4629086197244942,杭州,620117,2
4544243202317327,杭州,620117,2
4361578769751055,杭州,620117,2
4614895275944961,杭州,620117,2
4629167138135051,杭州,620117,2
4523219967585287,杭州,620117,2
4551648713108490,杭州,370071,1
4540389255898126,杭州,508113,1
4630606198842369,杭州,369936,2
4625389993008135,杭州,508113,1
4548511550217218,杭州,995754,4
4550185259064333,杭州,995754,2
4616375021825026,杭州,995754,2
4624934362786825,杭州,995754,4
4626594971065359,杭州,995754,2
4596780164785163,杭州,995754,2
4630839240023048,杭州,995754,2
4625116619037711,杭州,995754,2
4592508034704391,杭州,652463,2
4606844544527361,杭州,652463,2
4623956628548622,杭州,652463,2
4579976275141632,杭州,652463,2
4630490909236237,杭州,652463,2
4626706209250308,杭州,652463,2
4616592613153807,杭州,652463,2
4616523437433862,杭州,652463,2
4620662408260612,杭州,652463,2
4631973771584512,杭州,995754,2
4632116636670991,杭州,995754,2
4626659844729860,杭州,826367,2
4581423531908109,杭州,508113,1
4551658167524363,杭州,508113,1
4623463662201870,杭州,508113,1
4624886199262211,杭州,508113,1
4626333641008130,杭州,508113,1
4625133899408392,杭州,508113,1
4626655518387201,杭州,508113,1
4600985607986181,杭州,508113,1
4630810546054158,杭州,826367,2
4533133548563460,杭州,826367,2
4564584032508938,杭州,826367,2
4598330204922895,杭州,826367,2
4591302031502337,杭州,826367,2
4551556803865601,杭州,826367,2
4623505156205578,杭州,826367,2
4625215106866186,杭州,826367,2
4622040027376649,杭州,826367,2
4549968457866243,杭州,614729,2
4549814837765128,杭州,369936,2
4564332320416777,杭州,468839,1
4630847956737028,杭州,408735,2
4574359677559816,杭州,160284,1
4591343358630921,杭州,160284,1
4553307615781901,杭州,160284,2
4567430146546693,杭州,160284,1
4614101903776768,杭州,826791,0
4548741793852420,杭州,826791,0
4617823930264588,杭州,826446,1
4575803459918853,杭州,826446,1
4633499743771653,杭州,826446,1
4477680519748622,杭州,826446,1
4616303644271623,杭州,826446,1
4623409792492551,杭州,408735,2
4609204363781127,杭州,408735,2
4630505427229702,杭州,408735,2
4626301187433485,杭州,408735,2
4593993893895169,杭州,408735,2
4633423057640453,杭州,408735,2
4589411122715648,杭州,160284,1
4540204128789511,杭州,160284,2
4570090488093709,杭州,160284,2
4486388455547911,杭州,611491,2
4623820347747338,杭州,468839,2
4614036502782978,杭州,468839,1
4623531781839877,杭州,468839,2
4615220004742159,杭州,468839,1
4517630590737415,杭州,611491,2
4623446126355468,杭州,611491,2
4470606632217608,杭州,611491,2
4577011276127245,杭州,611491,2
4562925618437127,杭州,160284,2
4501946144906245,杭州,611491,2
4626277057995777,杭州,611491,2
4606404948485127,杭州,611491,2
4619641569745934,杭州,611491,2
4606823130702857,杭州,611491,2
4586876691932173,杭州,160284,2
4565614222208014,杭州,160284,2
4633611830223873,杭州,408735,2
4626286584437771,杭州,408735,2
4599270804904960,杭州,369936,2
4629162203606024,杭州,408735,2
4603485643811851,杭州,1048139,4
4606876432899084,杭州,1048139,4
4626337545774091,杭州,1048139,2
4564064541895685,杭州,1048139,4
4610779228611588,杭州,1048139,4
4612503969227780,杭州,1048139,4
4524681291949056,杭州,369936,2
4595507254664197,杭州,369936,2
4553016792443911,杭州,369936,4
4586982028846092,杭州,369936,2
4631319375309838,杭州,369936,2
4625233574616065,杭州,369936,2
4585370440457227,杭州,369936,2
4623771985470473,杭州,218507,4
4623768587559942,杭州,218507,4
4623745250894854,杭州,218507,4
4633528174255118,杭州,160860,2
4605308229065735,杭州,160860,4
4540368059636750,杭州,160860,2
4585486669720584,杭州,160860,2
4616592748960776,杭州,160860,2
4605311891463174,杭州,160860,1
4561542539582478,杭州,160860,2
4633791415624714,杭州,160860,2
4630960374701056,杭州,160860,2
4568583972236302,杭州,218507,4
4596807721884674,杭州,160860,2
4585591545111559,杭州,218507,4
4623701855427596,杭州,218507,4
4626633637456904,杭州,218507,4
4616390959033349,杭州,218507,4
4614170941529096,杭州,218507,4
4623714449120266,杭州,218507,4
4633827481231368,杭州,375304,0
4616526746280965,杭州,375304,0
4612315634148358,杭州,375304,0
4543310827285504,杭州,608767,0
4633965433511943,杭州,880188,2
4623523211750412,杭州,880188,2
4625078613107719,杭州,880188,2
4623569593852930,杭州,880188,2
4616701349915662,杭州,794143,2
4599332194362378,杭州,794143,2
4625245427049474,杭州,794143,2
4592591419843593,杭州,794143,2
4557191798561798,杭州,794143,2
4578833791331333,杭州,794143,2
4345020319391749,杭州,794143,2
4602752840690703,杭州,794143,2
4626243680934924,杭州,794143,2
4600884018879496,杭州,794143,2
4549254074883085,杭州,877703,2
4589898418580495,杭州,877703,2
4613536091642887,杭州,608767,0
4610859103233024,杭州,880188,2
4208726240914434,杭州,880188,2
4626472403590151,杭州,880188,2
4557329936985097,杭州,370080,2
4619505575517188,杭州,635214,2
4595112995183616,杭州,635214,2
4603574905859075,杭州,635214,2
4623519605677069,杭州,635214,2
4572754844935182,杭州,370080,2
4536059887655943,杭州,370080,2
4541700208157704,杭州,370080,2
4481978523999243,杭州,370080,2
4625102964255754,杭州,880188,2
4532887408991247,杭州,370080,2
4597132127591425,杭州,370080,2
4587144362204162,杭州,370080,2
4557414184000524,杭州,370080,2
4567311415387150,杭州,370080,2
4622149646609408,杭州,880188,2
4608113804418057,杭州,880188,2
4622345143954438,杭州,608767,0
4561754179017730,杭州,608767,0
4592218789686274,杭州,635214,2
4472343569378306,杭州,608767,0
4601073135119368,杭州,994918,4
4508883138518028,杭州,994918,4
4539241322535951,杭州,216712,1
4616869640956937,杭州,216712,1
4589398519585798,杭州,216712,1
4565428650187790,杭州,216712,1
4567104293282818,杭州,160398,4
4567101519326220,杭州,160398,1
4623551267249162,杭州,160398,2
4625540825852938,杭州,160398,1
4608651964865540,杭州,160398,2
4463981612903429,杭州,160398,2
4507472026950662,杭州,160398,1
4422763450391558,杭州,160398,4
4606900949998599,杭州,160398,2
4555578172154892,杭州,652109,2
4629583235113991,杭州,652109,2
4607862230477824,杭州,994918,4
4601094488728587,杭州,994918,2
4463677390709773,杭州,994918,4
4600701322978311,杭州,369845,2
4630596655967244,杭州,608767,0
4585187946748940,杭州,608767,0
4626635191036936,杭州,369845,4
4631909209664524,杭州,369845,2
4626597011221506,杭州,369845,2
4617780036428813,杭州,369845,2
4557188602731524,杭州,369845,2
4626688289334281,杭州,369845,2
4508890289105927,杭州,994918,4
4617782961810432,杭州,369845,2
4630940854625283,杭州,369845,4
4441081856666624,杭州,369845,2
4585248362109958,杭州,994918,2
4599795378070532,杭州,994918,4
4565510129392641,杭州,994918,4
4509013837472775,杭州,994918,4
4593763018218506,杭州,635214,2
4619502686184453,杭州,635214,2
4626688430451717,杭州,375304,0
4599527729601549,杭州,322058,4
4631886313511947,杭州,314636,0
4632310573949960,杭州,314636,0
4579773903873030,杭州,314636,0
4618018623384586,杭州,314636,0
4585325300229125,杭州,314636,0
4570063417957386,杭州,314636,0
4597966226545667,杭州,314636,0
4628017870480388,杭州,201015,2
4628010501268488,杭州,201015,2
4627976989058051,杭州,201015,2
4633521182811137,杭州,201015,2
4633404737790991,杭州,201015,2
4567007754707970,杭州,314636,0
4625260694973455,杭州,314636,0
4581349811512320,杭州,314636,0
4592485004880910,杭州,789619,2
4626412863204366,杭州,789619,2
4626349322069000,杭州,789619,4
4594168317535244,杭州,789619,2
4626350568336396,杭州,789619,2
4626353571505165,杭州,789619,4
4594073186608142,杭州,789619,2
4623431496145934,杭州,192750,1
4614016280173571,杭州,192750,1
4559991957777408,杭州,192750,1
4599850039010314,杭州,322058,2
4615474542992397,杭州,322058,4
4587022732485645,杭州,635214,2
4569884756827147,杭州,322058,2
4625177358869508,杭州,178249,1
4412537821883392,杭州,178249,4
4397337962978314,杭州,178249,1
4630303767241734,杭州,178249,4
4500795076029452,杭州,178249,4
4629039448480778,杭州,370070,0
4596572148063241,杭州,370070,0
4616323376391168,杭州,370070,0
4614838126373890,杭州,370070,0
4630930431517702,杭州,370070,0
4630534952688654,杭州,370070,0
4582745600453639,杭州,370070,0
4626576510561288,杭州,370070,0
4626601807555591,杭州,370070,0
4596818455391244,杭州,370070,0
4600792204811277,杭州,635214,2
4619675578131467,杭州,635214,2
4039065095007236,杭州,178249,1
4419897635023883,杭州,178249,1
4615185946027020,杭州,178249,1
4613922075679751,杭州,826335,1
4612350181223431,杭州,322058,4
4612072459838472,杭州,322058,4
4547111085628418,杭州,322058,2
4557168696452103,杭州,322058,2
4565581172827144,杭州,322058,2
4606422943194120,杭州,322058,4
4611406779210767,杭州,826335,1
4612116983163912,杭州,826335,1
4523389240974340,杭州,178249,4
4633607238937615,杭州,826335,1
4612213185518595,杭州,826335,1
4623593003656193,杭州,826335,1
4616368934644740,杭州,826335,1
4632015275598859,杭州,826335,1
4626558362002447,杭州,826335,1
4615210395180041,杭州,178249,1
4518957105077261,杭州,652109,4
4429807373982726,杭州,652109,4
4479322740235275,杭州,652109,2
4525768589616137,杭州,369819,4
4548401747944457,杭州,220572,4
4625475138905093,杭州,220572,1
4616562175222789,杭州,220572,1
4596963932822534,杭州,220572,2
4469134585850893,杭州,369819,4
4601053452051468,杭州,369819,4
4548838869408783,杭州,369819,4
4603410396687370,杭州,369819,4
4479151393647628,杭州,369819,4
4604103886150668,杭州,369819,4
4615509937593346,杭州,369819,4
4582830267491332,杭州,657913,0
4570043587437574,杭州,657913,0
4597037972628481,杭州,657913,0
4626380799208461,杭州,482573,2
4623229386253312,杭州,635803,2
4627748344388612,杭州,482573,2
4623981091023881,杭州,482573,2
4630551686601729,杭州,482573,2
4632473235889162,杭州,482573,2
4615475946251274,杭州,482573,2
4632108951493642,杭州,482573,2
4632305623772167,杭州,482573,2
4577074727889921,杭州,657913,2
4629081857090573,杭州,482573,2
4615437058223115,杭州,482573,2
4626591700806669,杭州,657913,0
4603937562188808,杭州,657913,0
4604391431070731,杭州,657913,0
4612385645765635,杭州,657913,0
4615313083884546,杭州,657913,0
4601516530230273,杭州,369819,4
4609619952409606,杭州,369819,4
4526269511558155,杭州,652109,2
4603693368941574,杭州,782578,0
4598021202502659,杭州,160390,1
4605044339549197,杭州,160390,1
4605459284993026,杭州,160390,1
4591016538399758,杭州,160390,1
4609600165436417,杭州,160390,1
4554834358430720,杭州,160390,1
4603950548589575,杭州,160390,1
4599513194097669,杭州,160390,1
4633364327672837,杭州,160390,1
4602186703182856,杭州,861511,4
4524505167207437,杭州,861511,4
4602211602197510,杭州,861511,4
4616556134525965,杭州,861511,4
4627987705129993,杭州,861511,4
4556924945245196,杭州,861511,4
4629023667641357,杭州,375304,0
4629456451185668,杭州,375304,0
4616798897234951,杭州,160390,1
4571353925970950,杭州,161154,1
4597907140353029,杭州,161154,1
4619279763643401,杭州,782578,0
4619156371268608,杭州,782578,0
4523020817458183,杭州,782578,0
4588408497349638,杭州,782578,0
4609338880893953,杭州,782578,0
4619714197429251,杭州,782578,0
4606439019471887,杭州,782578,0
4612089206053897,杭州,782578,0
4595500335735813,杭州,782578,0
4605312585686025,杭州,161154,1
4394065840401408,杭州,161154,1
4582390646711301,杭州,161154,1
4625167640665090,杭州,161154,1
4531690050268171,杭州,161154,4
4616734411842571,杭州,161154,1
4603966223262732,杭州,161154,1
4611322951080971,杭州,161154,1
4547446180701195,杭州,635803,2
4585523435219975,杭州,635803,2
4597745969536015,杭州,635803,2
4633133786129413,杭州,635803,2
4586611996826627,杭州,160199,1
4571409623702537,杭州,160199,1
4597919664221185,杭州,160199,1
4605303192968197,杭州,160199,1
4591044961692679,杭州,160199,1
4591038803911684,杭州,160199,1
4630642623063054,杭州,160199,1
4506223151145999,杭州,1275483,4
4537377457171465,杭州,1275483,4
4472350782303236,杭州,1275483,4
4565497460190216,杭州,1275483,4
4565479684400136,杭州,1275483,4
4489418601491457,杭州,1275483,4
4537360863716360,杭州,1275483,4
4581431841385476,杭州,1275483,2
4633733634518031,杭州,1275483,4
4573883377984515,杭州,1275483,2
4630474621266948,杭州,160199,1
4624877105163274,杭州,160199,1
4564023062209542,杭州,160199,1
4627761403782144,杭州,369888,4
4518967129316354,杭州,652109,4
4596521335200775,杭州,652109,2
4429805040198660,杭州,652109,4
4121273657843725,杭州,652109,4
4528766473755662,杭州,369888,4
4551302553641994,杭州,369888,4
4590808692059148,杭州,369888,4
4611174683122699,杭州,369888,4
4622163972381702,杭州,826130,0
4607948201864199,杭州,369888,4
4584397990620164,杭州,369888,4
4606557921977347,杭州,369888,4
4540258965134346,杭州,369888,4
4547316328408075,杭州,369888,4
4603968503569408,杭州,826130,0
4603809417176077,杭州,826130,0
4586893701934083,杭州,806214,0
4626544543982597,杭州,806214,0
4586922106596367,杭州,806214,0
4586751604876296,杭州,418048,2
4594367512570893,杭州,825570,2
4620889531378702,杭州,418048,4
4540016240368654,杭州,418048,2
4586785086972938,杭州,418048,2
4421204541350921,杭州,418048,2
4421220852638726,杭州,418048,2
4586757843510279,杭州,418048,2
4607134870662156,杭州,418048,2
4524828497699842,杭州,825570,2
4602373296692233,杭州,418048,2
4608204061727755,杭州,418048,2
4497697090694158,杭州,635803,2
4626057663814661,杭州,635803,2
4624954180770817,杭州,635803,2
4497716580985856,杭州,635803,2
4586951842405380,杭州,635803,2
4608691872013325,杭州,825570,2
4599680991077377,杭州,825570,2
4586890124401665,杭州,806214,0
4626745230580751,杭州,369929,4
4586903443545091,杭州,806214,0
4626759418981387,杭州,369929,2
4615368955239430,杭州,369929,4
4626763825210376,杭州,369929,4
4605109018434573,杭州,825570,2
4595274894797832,杭州,369929,4
4615146328091657,杭州,369929,4
4586840930247687,杭州,825570,2
4599674997283852,杭州,825570,2
4587086922095622,杭州,825570,2
4580260009139201,杭州,825570,2
4599667690955779,杭州,825570,2
4619339554040839,杭州,761437,2
