house_id,city,community_id,cluster
4595273466502144,临沂,972839,1
4554478048959496,临沂,678173,1
4548769212165129,临沂,1303120,1
4625416988468224,临沂,1303120,1
4552883781067778,临沂,1303120,1
4592612567802884,临沂,1303120,1
4584129717394435,临沂,1303120,1
4617809053002767,临沂,1303120,1
4624803879509006,临沂,1303120,1
4584124776852480,临沂,1303120,1
4622196920822791,临沂,1088117,1
4630680661435399,临沂,1088117,1
4088323646024706,临沂,1088117,1
4629239455998980,临沂,1088117,1
4622194825438222,临沂,1088117,1
4595018156729355,临沂,1088117,1
4625484772809729,临沂,1088117,1
4630520172995590,临沂,1088117,1
4535766267522049,临沂,1088117,1
4621301600545805,临沂,1088117,1
4500422508422146,临沂,1198336,1
4630915112461323,临沂,1198336,1
4593783511491591,临沂,1198336,1
4573974768135169,临沂,1198336,1
4547409771619335,临沂,973172,1
4562907036328963,临沂,973172,1
4485495236451337,临沂,677678,1
4599327205563397,临沂,678173,1
4514720404382727,临沂,678173,1
4555472102040585,临沂,678173,1
4595228918639627,临沂,678173,1
4480902180658176,临沂,677678,1
4622435907890188,临沂,677678,1
4536039200369674,临沂,677678,1
4629125662024711,临沂,677678,1
4577093385858050,临沂,677678,1
4527932274748430,临沂,677678,1
4628251505859592,临沂,677678,1
4534732063548417,临沂,677678,1
4527919560010761,临沂,677678,1
4616974764235777,临沂,678158,1
4547452803410959,临沂,790445,1
4609330574976010,临沂,790445,1
4561451109493760,临沂,790445,1
4596955170352141,临沂,790445,1
4619220787108865,临沂,790445,1
4527555666390024,临沂,790445,1
4607939266782208,临沂,790445,1
4551642491493388,临沂,790445,1
4589582555175945,临沂,790445,1
4568780754510857,临沂,790445,1
4292194432752640,临沂,973172,1
4633453830188045,临沂,973172,1
4332057232612360,临沂,973172,1
4588411720870922,临沂,862842,1
4621282690128902,临沂,862842,1
4610045345897487,临沂,1590886,1
4611331330485261,临沂,1590886,1
4301062811426831,临沂,1590886,1
4525911449232386,临沂,1590886,1
4526055669376013,临沂,1590886,1
4606918859648004,临沂,1590886,1
4633851464424456,临沂,1590886,1
4606920831577098,临沂,1590886,1
4620658264368143,临沂,862842,1
4599701095586826,临沂,1007900,1
4619326079818764,临沂,1007900,1
4592591584357380,临沂,1007900,1
4608148019305481,临沂,1007900,1
4569758636336139,临沂,1007900,1
4596917915671559,临沂,1007900,1
4587413913709580,临沂,1007900,1
4603936588033026,临沂,1007900,1
4625519807245312,临沂,1007900,1
4603907954613263,临沂,1007900,1
4582637528128526,临沂,1267290,1
4619821974379528,临沂,862842,1
4621147568299010,临沂,862842,1
4632394194740229,临沂,973172,1
4306374045917192,临沂,1388617,1
4547413325407247,临沂,973172,1
4621219918537736,临沂,973172,1
4606302937719816,临沂,973172,1
4619372727641103,临沂,973172,1
4620617478939658,临沂,677936,1
4620503839759368,临沂,677936,1
4548906550516749,临沂,677936,1
4565574898686990,临沂,677936,1
4622073002714112,临沂,677936,1
4597113940319236,临沂,677936,1
4504385779379213,临沂,677936,1
4568625218923521,临沂,1388617,1
4613571898123265,临沂,1388617,1
4623918959717390,临沂,862842,1
4622243177966592,临沂,1388617,1
4496466468496399,临沂,1388617,1
3935658515409935,临沂,1388617,1
4629184367633422,临沂,1388617,1
4530308784514059,临沂,1388617,1
4626573361669123,临沂,1388617,1
4520767041577991,临沂,1388617,1
4538711651752967,临沂,677994,1
4538505013947392,临沂,677994,1
4551157307186187,临沂,1176406,1
4565709709224970,临沂,1176406,1
4482596144884744,临沂,1176406,1
4552892221156361,临沂,678173,1
4619534433491980,临沂,678173,1
3501086614690824,临沂,1267290,1
4527544723317768,临沂,678173,1
4617000554650627,临沂,713850,1
4552857329495045,临沂,713850,1
4581602916264966,临沂,713850,1
4581614300849167,临沂,713850,1
4588064855057412,临沂,713850,1
4581618809543682,临沂,713850,1
4608174187912193,临沂,1013487,1
4626550635572238,临沂,1013487,1
4620572438979587,临沂,1013487,1
4467820269579266,临沂,1013487,1
4497830216948747,临沂,1410682,1
4559636665461760,临沂,1410682,1
4166986876525578,临沂,1410682,1
4478155446969351,临沂,1410682,1
4509229609675789,临沂,1410682,1
4588093604568079,临沂,1410682,1
4514901907794957,临沂,1410682,1
4590010387948545,临沂,1410682,1
4589760451062799,临沂,1410682,1
4608465508672513,临沂,1410682,1
4619598603754511,临沂,1087465,1
4469748057807872,临沂,1087465,1
4613909254007813,临沂,677629,1
4550118846798862,临沂,677629,1
4591227257218052,临沂,677629,1
4540009943899140,临沂,677629,1
4571401156647949,临沂,677629,1
4546955144129536,临沂,713850,1
4588486878157837,临沂,1019748,1
4084171050835970,临沂,1010846,1
4585194728434695,临沂,676719,1
4464161215978507,临沂,1044983,1
4469279688432651,临沂,1044983,1
4479550739407879,临沂,1044983,1
4589486854169602,临沂,1044983,1
4571807379809291,临沂,1044983,1
4461006641228802,临沂,1044983,1
4464171287407621,临沂,1044983,1
4604000781673487,临沂,1044983,1
4572650965214218,临沂,1044983,1
4606495018836993,临沂,1011242,1
4618044137090059,临沂,1011242,1
4566865198914569,临沂,1011242,1
4592324495518727,临沂,676719,1
4077067223931906,临沂,1010846,1
4179418243640334,临沂,676719,1
4580122842164225,临沂,713827,1
4576793427600396,临沂,713827,1
4574115456347146,临沂,1010846,1
4091909050280974,临沂,1010846,1
4561896020372483,临沂,1010846,1
4068835861601291,临沂,1010846,1
4186219187068931,临沂,1010846,1
4599616007873545,临沂,1010846,1
4038794670840839,临沂,1010846,1
4612711315217419,临沂,1010846,1
4550044895947789,临沂,677629,1
4550087518280713,临沂,677629,1
4623835523705858,临沂,677629,1
4327807925345287,临沂,1316363,1
4602195890465800,临沂,1183678,1
4610831210880005,临沂,1183678,1
4603894108036111,临沂,1183678,1
4620529021821956,临沂,1183678,1
4513419391888392,临沂,678173,1
4573857185342475,临沂,678173,1
4520435052866571,临沂,1316363,1
4626221233036290,临沂,972810,1
4615003488609287,临沂,677629,1
4617705774853134,临沂,1187600,1
4557231210929154,临沂,677629,1
4490690259706888,临沂,1067582,1
4130870141496327,临沂,1437406,1
4616525486531585,临沂,1437406,1
4020409264806926,临沂,1437406,1
4582949785725953,临沂,1437406,1
4544649995774980,临沂,1437406,1
4631199175154691,临沂,1437406,1
4544654721803266,临沂,1437406,1
4592576677993478,临沂,1437406,1
4615201304964099,临沂,1437406,1
4510179093572612,临沂,1437406,1
4592255419083779,临沂,1187600,1
4351740524175365,临沂,972810,1
4632506992321547,临沂,1187600,1
4608618002963462,临沂,1187600,1
4605438540538884,临沂,1187600,1
4609396320576519,临沂,1187600,1
4605513182618627,临沂,1187600,1
4609654260231181,临沂,1187600,1
4606557284951045,临沂,1187600,1
4602619603442691,临沂,678124,1
4309157205142535,临沂,972810,1
4619466290293762,临沂,972810,1
4501560497150987,临沂,972810,1
4446859331054603,临沂,972810,1
4581320236051467,临沂,1267290,1
4518793039272975,临沂,1267290,1
4582810542187528,临沂,1220705,1
4629218671240193,临沂,677213,1
4581138164325391,临沂,1410673,1
4272517101493251,临沂,1410673,1
4576731907283981,临沂,1410673,1
4545874994848782,临沂,1410673,1
4530355176021004,临沂,1410673,1
4596550108470283,临沂,1410673,1
4585438780007433,临沂,1410673,1
4576631715130376,临沂,973232,1
4574451758375936,临沂,973232,1
4601102353540109,临沂,973232,1
4569636439038985,临沂,973232,1
4558341190900746,临沂,973232,1
4575914758052870,临沂,973232,1
4599848427695105,临沂,1471075,1
4616771839552527,临沂,1471075,1
4621032708301836,临沂,1471075,1
4608132223525895,临沂,1471075,1
4613882250046475,临沂,677996,1
4617142714084354,临沂,677996,1
4602645218651150,临沂,677996,1
4545629799064585,临沂,677996,1
4545492529783809,临沂,1263238,1
4558705425935373,临沂,1263238,1
4582774510869509,临沂,1514577,1
4575395045024773,临沂,677213,1
4473374917321731,临沂,677213,1
4394342482308109,临沂,677213,1
4586603096712193,临沂,677213,1
4631570999075851,临沂,677213,1
4616980888771594,临沂,972885,1
4619286237422598,临沂,972885,1
4586842606824457,临沂,972885,1
4609310499857418,临沂,972885,1
4588456930094092,临沂,1514577,1
4633230007933953,临沂,1514577,1
4633599034860558,临沂,1514577,1
4609450815265803,临沂,1514577,1
4566893527720963,临沂,1263238,1
4575333380236300,临沂,1514577,1
4616836561214464,临沂,1514577,1
4582748466078733,临沂,1514577,1
4616928955358218,临沂,1514577,1
4633253884027905,临沂,1514577,1
4606873122151425,临沂,678026,1
4598058267810816,临沂,678026,1
4603466694943748,临沂,678026,1
4628378035252235,临沂,678026,1
4602263587986435,临沂,678026,1
4611074658952207,临沂,678026,1
4517965519856642,临沂,678026,1
4626292872864777,临沂,1664010,1
4412906540391435,临沂,1664010,1
4524437985780748,临沂,1664010,1
4622156758051852,临沂,677938,1
4517390402331661,临沂,1073554,1
4608171695893512,临沂,1073554,1
4624960603284485,临沂,1073554,1
4565658887642117,临沂,678169,1
4565645292448773,临沂,678169,1
4609727426980875,临沂,677938,1
4623928601160714,临沂,677938,1
4545639416339457,临沂,677938,1
4552729679961099,临沂,677938,1
4622154757696523,临沂,677938,1
4622047020784646,临沂,677938,1
4595282330704900,临沂,945728,1
3119196940133387,临沂,1073554,1
4588541686520843,临沂,945728,1
4623958122046474,临沂,945728,1
3158813980975113,临沂,945728,1
4627506447789057,临沂,945728,1
4561634351391752,临沂,945728,1
4625507001920526,临沂,945728,1
4568712893654018,临沂,945728,1
4378947741297676,临沂,945728,1
4564754207646728,临沂,945728,1
4602258556038158,临沂,1220705,1
4632308749921292,临沂,1220705,1
4616670358051842,临沂,1220705,1
4596926203534343,临沂,1073554,1
4545515544650764,临沂,678231,1
4497716826086403,临沂,1664010,1
4543044075119617,临沂,1441014,1
4496568257731597,临沂,1664010,1
4627996866354181,临沂,1664010,1
4526082814436360,临沂,1664010,1
4521998494178310,临沂,1664010,1
4517880329673738,临沂,1664010,1
4568442818370562,临沂,1664010,1
4498088638737418,临沂,1186410,1
4531916760439814,临沂,1186410,1
4560187854349321,临沂,1186410,1
4561578921436162,临沂,1441014,1
4463713033872393,临沂,1441014,1
4534517449878528,临沂,1441014,1
4565368084782095,临沂,1441014,1
4624861130103821,临沂,678231,1
4575443209954305,临沂,863140,1
4534591652899848,临沂,863140,1
4575308064988171,临沂,863140,1
4616772628950021,临沂,863140,1
4585950877492235,临沂,863140,1
4578380781771787,临沂,863140,1
4585526109772804,临沂,863140,1
4624516568310788,临沂,863140,1
4545552194135048,临沂,863140,1
4632667147166729,临沂,863140,1
4536216376828935,临沂,677975,1
4589507452611590,临沂,677975,1
4623385921889290,临沂,677213,1
4623378760754183,临沂,677213,1
4610729696500749,临沂,1267290,1
4633899626062863,临沂,677213,1
4440996805893133,临沂,945726,1
4622059007403015,临沂,945726,1
4621027694570496,临沂,1187587,1
4530364845171726,临沂,1186453,1
4472841189059597,临沂,1186453,1
3792382495859727,临沂,1186453,1
4395704528153601,临沂,1186453,1
4394240985129991,临沂,1186453,1
4616427173288962,临沂,1186453,1
4535816960322568,临沂,1186453,1
4530369579985935,临沂,1186453,1
4625178736794635,临沂,1186453,1
4522270356020233,临沂,1186453,1
4626974742846472,临沂,1186473,1
4550191969854470,临沂,973223,1
4578484415112196,临沂,1267290,1
4618114722110473,临沂,1267290,1
4616691605822476,临沂,1267290,1
4529380221332488,临沂,1267290,1
4630669793960975,临沂,1267290,1
4486929879737357,临沂,801999,1
4633764359166977,临沂,801999,1
4519426919932936,临沂,973223,1
4568363564375045,临沂,973223,1
4633421734370304,临沂,973223,1
4567348050684932,临沂,973223,1
4588382394377217,临沂,973223,1
4484500815488012,临沂,973223,1
4542770993765382,临沂,973223,1
4305360083902467,临沂,713745,1
4606653689977862,临沂,713745,1
4631913426803722,临沂,713745,1
4351657926978563,临沂,713745,1
4474012637193223,临沂,713745,1
4496081506622469,临沂,713745,1
4530403544062985,临沂,713745,1
4627911251586060,临沂,713745,1
4520060717755396,临沂,713745,1
4578797797221380,临沂,713745,1
4396945836827662,临沂,972994,1
4583880187307009,临沂,972936,1
4623531663975435,临沂,972936,1
4599539004795907,临沂,972936,1
4592423363341321,临沂,972936,1
4622120391697420,临沂,972936,1
4618044522816526,临沂,972936,1
4625063106634760,临沂,972936,1
4323278633905152,临沂,972994,1
3686423076528133,临沂,972994,1
4600934400695299,临沂,972994,1
4513015262110729,临沂,972994,1
4396943247174665,临沂,972994,1
4520415633710094,临沂,1190502,1
4618346501807116,临沂,1190502,1
4523333619297289,临沂,1190502,1
4623572440964111,临沂,1190502,1
4611138491571205,临沂,1190502,1
4632138549715972,临沂,1190502,1
4615336452545549,临沂,1190502,1
4633545704057861,临沂,1190502,1
4531600983565312,临沂,1190502,1
4608417220484108,临沂,1190502,1
4597987756008456,临沂,677213,1
4630629191527435,临沂,677615,1
4611157384764427,临沂,972960,1
4632089712567306,临沂,972960,1
4501686432148483,临沂,677615,1
4561141227430919,临沂,677615,1
4623807126791180,临沂,677615,1
4608450287903749,临沂,677615,1
4628140996797441,临沂,677615,1
4606748462539777,临沂,677615,1
4629612087108611,临沂,677615,1
4536165964686351,临沂,972630,1
4599704530836486,临沂,1281225,1
4608389923185667,临沂,678178,1
4616950191008772,临沂,678163,1
4569608412490752,临沂,678163,1
4511643021106181,临沂,678163,1
4601073725905925,临沂,678163,1
4539227376149514,临沂,678163,1
4528947481584653,临沂,678163,1
4087361625120781,临沂,678163,1
4612758310693903,临沂,1008630,1
4135098132503567,临沂,1008630,1
4510521892758534,临沂,1008630,1
4574110600850444,临沂,1008630,1
4578193261292547,临沂,1008630,1
4463558336619526,临沂,1008630,1
4632662698023937,临沂,1008630,1
4631226837670923,临沂,1008630,1
4540781461199880,临沂,1008630,1
4478120880528394,临沂,1008630,1
4548360128422920,临沂,677625,1
4602280979489803,临沂,677625,1
4591130288546827,临沂,677625,1
4602285467986954,临沂,677625,1
4548735518174210,临沂,677625,1
4633537414700034,临沂,677625,1
4610604128658439,临沂,677625,1
4600115187538953,临沂,677605,1
4583950380704770,临沂,677605,1
4548394559040515,临沂,677605,1
4510499387567109,临沂,678163,1
4603978044267521,临沂,678163,1
4308129336433671,临沂,678163,1
4623659848049676,临沂,1181325,1
4348580842761228,临沂,1181325,1
4558766064985092,临沂,1181325,1
4594021953367055,临沂,1181325,1
4518836220402688,临沂,1181325,1
4606654408369155,临沂,1181325,1
3312626934916104,临沂,1181325,1
4504488092412929,临沂,1181325,1
4632301784620044,临沂,1181325,1
4626440785880068,临沂,1181325,1
4481917210549250,临沂,678034,1
4622676844438533,临沂,993481,1
4580980070802436,临沂,993481,1
4572557552475141,临沂,993481,1
3985651579710466,临沂,993481,1
4614145514904590,临沂,993481,1
4627663669210120,临沂,993481,1
4632101311339527,临沂,993481,1
4629390062560256,临沂,993481,1
4624851889449993,临沂,993481,1
4543140597623813,临沂,993481,1
4601139758111753,临沂,677605,1
4506355413244939,临沂,677605,1
4581180020370434,临沂,677605,1
4624828375346186,临沂,1410690,1
4606833981959169,临沂,1062350,1
4617764236831749,临沂,1062350,1
4606632391793664,临沂,1062350,1
4523070319520769,临沂,1062350,1
4619657933544451,临沂,1062350,1
4554376311331844,临沂,1062350,1
4594342652288003,临沂,1063207,1
4629200086606848,临沂,1063207,1
4604002772886538,临沂,1063207,1
4568365008673795,临沂,1063207,1
4538906065267726,临沂,1063207,1
4630793951009795,临沂,1410690,1
4595083434437640,临沂,1410690,1
4543575907970058,临沂,1062350,1
4595414053739532,临沂,1410690,1
4603689840335884,临沂,1410690,1
4632567792393230,临沂,1410690,1
4628986548739074,临沂,1410690,1
4606325370743811,临沂,1410690,1
4620883721509902,临沂,1410690,1
4592307548249103,临沂,1410690,1
4612368879545345,临沂,714048,1
4615721341000717,临沂,714048,1
4633407735061504,临沂,714048,1
4590825644387334,临沂,714048,1
4545958351510540,临沂,714048,1
4601998267051020,临沂,1062350,1
4609425938471937,临沂,1062350,1
4585686708970508,临沂,972964,1
4632314225400841,临沂,678344,1
4486371678725124,临沂,972964,1
4527262687273996,临沂,972964,1
4524486786591755,临沂,972964,1
4603874221005837,临沂,972964,1
4582504526375941,临沂,972964,1
4610818225466379,临沂,972964,1
4581011876699149,临沂,972964,1
4567283920493574,临沂,972964,1
4610820330138626,临沂,972964,1
4624951337378827,临沂,678344,1
4632268698889231,临沂,678344,1
4479726485105664,临沂,678344,1
4622071204322310,临沂,678344,1
4619263591900162,临沂,1062350,1
4615393665129474,临沂,678344,1
4603744727395343,临沂,678344,1
4258734660201474,临沂,676662,1
4595915627801607,临沂,676662,1
4624786780136453,临沂,676662,1
4575261963101194,临沂,676662,1
4622228305456128,临沂,676662,1
4629230730632202,临沂,676662,1
4513477449475083,临沂,972709,1
4485245427559424,临沂,678178,1
4544609556587522,临沂,677795,1
4620405895439366,临沂,677795,1
4624929446620169,临沂,677795,1
4622181769683971,临沂,677795,1
4393133481274374,临沂,677795,1
4615056456705038,临沂,677795,1
4458180645755905,临沂,677795,1
4623769866001419,临沂,677795,1
4432513435003904,临沂,677795,1
4547230050692105,临沂,1205347,1
4495126084725767,临沂,1205347,1
4398449227260936,临沂,1205347,1
3954282935589896,临沂,1205347,1
4497886111570946,临沂,1205347,1
4532880319028237,临沂,1205347,1
4181815883066381,临沂,1205347,1
4397249461019652,临沂,1205347,1
3983624607980544,临沂,1205347,1
4397248469556236,临沂,1205347,1
4592619690974216,临沂,1030741,1
4530020327762945,临沂,1030741,1
4606358865304585,临沂,1030741,1
4605068150254597,临沂,1030741,1
4596412892654606,临沂,1030741,1
4608316082412546,临沂,1030741,1
4618071357465607,临沂,1030741,1
4631986898365447,临沂,1030741,1
4624872896584708,临沂,677795,1
4592680746982409,临沂,677724,1
4618198510230535,临沂,677724,1
4626857963887628,临沂,1087445,1
4627837256344580,临沂,1087445,1
4569641570229252,临沂,677167,1
4573850980756480,临沂,677167,1
4572742414228494,临沂,677167,1
4607867288607755,临沂,677167,1
4616455751900167,临沂,677724,1
4625353866552320,临沂,677728,1
3987958169791491,临沂,677724,1
4629020169643009,临沂,677724,1
4578120402394116,临沂,677724,1
4288194308692994,临沂,677724,1
4625253451490318,临沂,972702,1
4575972621624323,临沂,972702,1
4613869593664524,临沂,1007901,1
4626665802228746,临沂,1029249,1
4490589139266563,临沂,1008634,1
4492021082270732,临沂,1008634,1
4619141955165193,临沂,1008634,1
4621967991561223,临沂,1008634,1
4624011338001410,临沂,993480,1
4594260906224648,临沂,993480,1
4582917149305869,临沂,993480,1
4627636557751300,临沂,1393748,1
4626464507554831,临沂,1393748,1
4631119533091848,临沂,973210,1
4629469040253954,临沂,1029249,1
4568420090031111,临沂,1029249,1
4565749364696067,临沂,1029249,1
4515886215130124,临沂,678042,1
4623549232751630,临沂,1029249,1
4572912532661251,临沂,1029249,1
4572932694584328,临沂,1029249,1
4623569544045573,临沂,1029249,1
4599787033340942,临沂,1029249,1
4554528648866829,临沂,973206,1
4568913359563787,临沂,973206,1
4557254820273166,临沂,1158431,1
4619196653577228,临沂,1008634,1
4581287310924805,临沂,678042,1
4571649823894530,临沂,1007901,1
4612559857888266,临沂,1007901,1
4604387159731212,临沂,1007901,1
4367391183168523,临沂,1007901,1
4239932569005068,临沂,1007901,1
4315025002995726,临沂,1007901,1
3982573366992910,临沂,1007901,1
4598275611319303,临沂,1007901,1
4631214071112707,临沂,1007901,1
4623391364752399,临沂,678042,1
4557040573424645,临沂,676888,1
4308152979103749,临沂,1087448,1
4313597479116809,临沂,1087448,1
4403235510379520,临沂,1087448,1
4467559976049668,临沂,940354,1
4515877045836810,临沂,678042,1
4622314780040199,临沂,678042,1
4627534945180685,临沂,678042,1
4611393863523341,临沂,973225,1
4446514676145153,临沂,973225,1
4624140220032006,临沂,973225,1
4606457061452808,临沂,973225,1
4629083628301316,临沂,1023774,1
4623865201499149,临沂,1023774,1
4364451869336587,临沂,1023774,1
4619596711814159,临沂,1023774,1
4535888855489551,临沂,1023774,1
4616579491816460,临沂,1023774,1
4632300943991823,临沂,1023774,1
4344457731353613,临沂,1023774,1
4616555457358850,临沂,1023774,1
4605031608394752,临沂,1023774,1
4598351820776463,临沂,945721,1
4435335841356800,临沂,945721,1
4492302347918345,临沂,945721,1
4626780531973125,临沂,945721,1
4567161211001859,临沂,945721,1
4613757415599108,临沂,1188339,1
4539232835230730,临沂,678167,1
4595157582687235,临沂,678167,1
4604086353880076,临沂,678167,1
4548530801896453,临沂,678167,1
4599753853475852,临沂,678167,1
4600835273792526,临沂,1186472,1
2407302349512713,临沂,1055338,1
3319862299778059,临沂,1055338,1
4603620914224133,临沂,1069146,1
4629094935534598,临沂,1069146,1
4585207912786948,临沂,1069146,1
4514531802653700,临沂,1069146,1
4630528034515968,临沂,1069146,1
4574322419440648,临沂,1069146,1
4586692907047946,临沂,1069146,1
4467775404616705,临沂,1069146,1
4462384218827776,临沂,1069146,1
4525848766229515,临沂,1069146,1
4480846975149069,临沂,945721,1
4600881882506246,临沂,945721,1
4616376738143241,临沂,945721,1
4601098261226506,临沂,1087460,1
4110252943630343,临沂,1087460,1
4632007852010505,临沂,1087460,1
4631307013643267,临沂,1087460,1
4562791488527364,临沂,1087460,1
4620682118700042,临沂,1087460,1
4630589769065481,临沂,1087460,1
4607826102098946,临沂,1230528,1
4608037054538766,临沂,1190503,1
4629514104955914,临沂,973240,1
4629514160153603,临沂,973240,1
4604104206773259,临沂,973240,1
4503464346020870,临沂,713746,1
4604964288701454,临沂,713746,1
4629702629729287,临沂,678001,1
4632287437333507,临沂,678001,1
4630842319297548,临沂,678001,1
4532779844054016,临沂,678178,1
4631877542847496,临沂,1087460,1
4394360228879374,临沂,1190503,1
4592129462068239,临沂,677741,1
4633502062912513,临沂,677741,1
4574029378018315,临沂,677741,1
4614907072453639,临沂,677741,1
4585787136060419,临沂,677741,1
4607949637245963,临沂,677741,1
4567056917978115,临沂,677741,1
4612360989729797,临沂,677741,1
4616467744529410,临沂,677741,1
4588142602230791,临沂,677741,1
4520654021635078,临沂,1190516,1
4596634346923019,临沂,1190516,1
4579398958588933,临沂,972657,1
4465249857858561,临沂,1190503,1
4480868807746565,临沂,972657,1
4620509552307203,临沂,972657,1
4589325296034824,临沂,972657,1
4623719419913224,临沂,972657,1
4133447319890945,临沂,972657,1
4579396798653441,临沂,972657,1
4608049721142277,临沂,1190503,1
4569718427212803,临沂,1190503,1
4609113040772096,临沂,1190503,1
4469220611365895,临沂,1190503,1
4172233502154763,临沂,1190503,1
4608455246556171,临沂,1190503,1
4344619015217159,临沂,973155,1
4572997660924942,临沂,973155,1
4562631726947338,临沂,973155,1
4601092594215945,临沂,972723,1
4537452793226251,临沂,676691,1
4540312522124301,临沂,1005755,1
4252960711876614,临沂,1005755,1
4590988162165764,临沂,1005755,1
3132711735125005,临沂,677531,1
4579876489124874,临沂,677531,1
4613789657439232,临沂,972723,1
3762845793807360,临沂,676691,1
4596872372265984,临沂,677531,1
4621037003496451,临沂,972924,1
4530649969060866,临沂,973225,1
4610648560378889,临沂,973225,1
4626274826066958,临沂,973225,1
4529821329775627,临沂,973225,1
4600808731732993,临沂,973225,1
4538987554808837,临沂,972924,1
4472098012472333,临沂,972924,1
4622530950228993,临沂,972924,1
4548232941558798,临沂,972924,1
4567541919915022,临沂,972924,1
3992823115866119,临沂,972924,1
4581263314246671,临沂,972924,1
4615246521506822,临沂,972924,1
2759477906697218,临沂,676691,1
4568593910049792,临沂,972924,1
4003611983391746,临沂,677805,1
4595168520842245,临沂,677805,1
4585609069358083,临沂,677805,1
4623492408189962,临沂,677805,1
4630654260341764,临沂,677805,1
4632471731657741,临沂,677805,1
4565758761704459,临沂,677805,1
4227475858759691,临沂,676691,1
4467764366793735,临沂,676691,1
4617962681312265,临沂,676691,1
4632404333421568,临沂,676691,1
3118847754183686,临沂,677531,1
4592289025907725,临沂,677531,1
4531865691433999,临沂,973155,1
4568620137602059,临沂,1187589,1
4586891638139918,临沂,677937,1
4532835435045901,临沂,1197979,1
4463893158419460,临沂,1197979,1
4462498372281358,临沂,1197979,1
4596795444784137,临沂,1197979,1
4633840752256006,临沂,1197979,1
4625307125165060,临沂,1197979,1
4530116100643855,临沂,1197979,1
4491816688360452,临沂,1197979,1
4070242289478656,临沂,1197979,1
4499544268151815,临沂,1197979,1
4610740623895552,临沂,1187589,1
4600729518877697,临沂,1187589,1
4623842848680961,临沂,677937,1
4562596783205384,临沂,1187589,1
4611370727988232,临沂,1187589,1
4574361748057091,临沂,1187589,1
4563021139502082,临沂,1187589,1
4569954948703232,临沂,1187589,1
4600894156399623,临沂,1187589,1
4619411364781062,临沂,973155,1
4633422742709251,临沂,973155,1
4570174844199950,临沂,973155,1
4599733847335940,临沂,973155,1
4435234715167755,临沂,973155,1
4627915695006733,临沂,973155,1
4545530667262984,临沂,677937,1
4545525750983693,临沂,677937,1
4593675892403207,临沂,677531,1
4064435921841152,临沂,973067,1
4602474645171207,临沂,677531,1
3114297515975688,临沂,677531,1
4546227064396801,临沂,677531,1
4631877683373057,临沂,677970,1
4630918171173892,临沂,677970,1
4630923671395338,临沂,677970,1
4621098480081926,临沂,973067,1
4592866115099652,临沂,973067,1
4476273158235147,临沂,973067,1
4587289529949195,临沂,973067,1
4626690201986061,临沂,973067,1
4621195896036358,临沂,973067,1
4395597752738830,临沂,1372657,1
4608339709565961,临沂,677937,1
4528522743520268,临沂,1372657,1
4626396710233100,临沂,1372657,1
4622384149638150,临沂,1372657,1
4616691178347531,临沂,1372657,1
4622072367326214,临沂,1372657,1
4616727795969030,临沂,1372657,1
4522928110574597,临沂,1372657,1
4552709319007241,临沂,1372657,1
4616657805892618,临沂,1372657,1
4551705612053510,临沂,973128,1
4620628112860164,临沂,973128,1
4623832827816961,临沂,677937,1
4616603898272776,临沂,1220705,1
4568788873272331,临沂,1220705,1
4623556938032133,临沂,1087445,1
4625421203940362,临沂,1217088,1
4632023514489859,临沂,1275627,1
4586631481009158,临沂,1275627,1
4606802918759436,临沂,1275627,1
4538826615712768,临沂,1275627,1
4611285548262402,临沂,1275627,1
4599668768189454,临沂,1275627,1
4626306816973837,临沂,1275627,1
4633882357013510,临沂,1275627,1
4633749653693440,临沂,1275627,1
4594246382627853,临沂,1275627,1
4601155537493006,临沂,1010262,1
4616966061530117,临沂,1010262,1
4506082685770760,临沂,1010262,1
4558422699254793,临沂,1010262,1
4623759018777614,临沂,943526,1
4595386142336002,临沂,943526,1
4554277388016650,临沂,943526,1
4612398388945920,临沂,943526,1
4609350749740046,临沂,943526,1
4464973413346309,临沂,943526,1
4620656313297921,临沂,938790,1
4627887162090499,临沂,1183682,1
4625220515933191,临沂,1217088,1
4620695330036740,临沂,1217088,1
4623465944427527,临沂,1217088,1
4402637160899589,临沂,1217088,1
4588404967302156,临沂,1217088,1
4633862119564288,临沂,1217088,1
4631941871328261,临沂,1217088,1
4629436601429007,临沂,1217088,1
4464146410251269,临沂,1183682,1
4560011334364172,临沂,1183682,1
4520389263809550,临沂,1183682,1
4568134448178176,临沂,1183682,1
4615125194136577,临沂,1183682,1
4615131300144135,临沂,1183682,1
4632472499395598,临沂,1183682,1
4609738296796171,临沂,972681,1
4633402331569153,临沂,973177,1
4529105393052675,临沂,973177,1
4603676935351310,临沂,973177,1
4613751251510279,临沂,973177,1
4580965264862220,临沂,973177,1
4613695642856454,临沂,973177,1
4633443978193923,临沂,938790,1
4591271372563460,临沂,1073552,1
4582942284819464,临沂,677525,1
4602353586461698,临沂,677525,1
4593742145432576,临沂,677525,1
4592837819935759,临沂,1073552,1
4494580597761026,临沂,1073552,1
4494577012464652,临沂,1073552,1
4633790589558793,临沂,1073552,1
4527225561930767,临沂,1073552,1
4505129174901770,临沂,1073552,1
4516544431823875,临沂,1073552,1
4516538211509255,临沂,1073552,1
4507633082735618,临沂,1073552,1
4494611519036422,临沂,677981,1
4629624819850255,临沂,677525,1
4626489440087052,临沂,677981,1
4576711022533636,临沂,677981,1
4605613859462154,临沂,677981,1
4609900098264075,临沂,677981,1
4029324822060039,临沂,677981,1
4369039935974402,临沂,677981,1
4630863043124227,临沂,677981,1
4530092473822214,临沂,677981,1
4626500411024389,临沂,677981,1
4569058401197066,临沂,1470216,1
4294138501950474,临沂,1470216,1
4606822958488588,临沂,1470216,1
4629245878150154,临沂,677525,1
3935644507433992,临沂,677525,1
4623499992734721,临沂,938790,1
4538827330444297,临沂,1177721,1
4575920335514627,临沂,1177721,1
4622104534457358,临沂,1177721,1
4622108150901775,临沂,1177721,1
4632297160612872,临沂,1177721,1
4598247184440325,临沂,1177721,1
4633356527066119,临沂,1177721,1
4592455520103437,临沂,1177721,1
4609371957863427,临沂,997764,1
4631589101280270,临沂,677525,1
4627614514781196,临沂,997764,1
4486426765712392,临沂,997764,1
4534695486135303,临沂,997764,1
4632407916665861,临沂,997764,1
4609415768140804,临沂,997764,1
4632263559717890,临沂,997764,1
4632337564230657,临沂,997764,1
4524363933850638,临沂,997764,1
4621296616807429,临沂,997764,1
4612118741244940,临沂,677525,1
4530181059161096,临沂,677525,1
4487660442442765,临沂,677525,1
4613408194274305,临沂,1217088,1
4626339609027588,临沂,1486371,1
4275271717477390,临沂,1470216,1
4177512503667712,临沂,1486371,1
4626453242043394,临沂,1050889,1
4628052689689606,临沂,1050889,1
4629303840418826,临沂,1050889,1
4601220185971718,临沂,1050889,1
4633648984943628,临沂,1050889,1
4603622206659591,临沂,1050889,1
4593750929499143,临沂,1050889,1
4565475289439245,临沂,1050889,1
4625249522981899,临沂,1050889,1
3982245714717699,临沂,677556,1
4624918290983949,临沂,677556,1
4592453184003075,临沂,677556,1
3660176370050053,临沂,677556,1
4630991359826955,临沂,677556,1
4507928020900878,临沂,677556,1
4561574737124367,临沂,677556,1
4568809171528719,临沂,677556,1
4484162836669453,临沂,677556,1
4170555551145999,临沂,945213,1
4585257343050765,临沂,945213,1
4609469934754831,临沂,945213,1
4577127560111115,临沂,945213,1
4584160068283407,临沂,945213,1
4630618831232009,临沂,945213,1
4629566483913736,临沂,945213,1
4610709732551695,临沂,945213,1
4371610471078921,临沂,945213,1
4602945062562818,临沂,1050889,1
4626348667134985,临沂,1102639,1
4612864185476100,临沂,1187039,1
4605033065835529,临沂,1082957,1
3791160905264130,临沂,1019750,1
4583202215762948,临沂,1019750,1
4428535045200906,临沂,1019750,1
4588300227992591,临沂,1019750,1
4587408472939523,临沂,1019750,1
4552659722923022,临沂,1019750,1
4568263294508047,临沂,1019750,1
4591446576421902,临沂,1019750,1
4543166563310597,临沂,1019750,1
4585221930116109,临沂,1019750,1
4594517725768713,临沂,1082957,1
4626608419580942,临沂,1187039,1
4588077702964233,临沂,1082957,1
4601571093666824,临沂,1082957,1
4617696910484492,临沂,1082957,1
4603622348332041,临沂,1082957,1
4633888763633674,临沂,1187039,1
3969576194616328,临沂,1187039,1
4480751448824832,临沂,1187039,1
4623553351379980,临沂,1187039,1
4588131332824077,临沂,1187039,1
4493823943072774,临沂,1187039,1
4509152186035209,临沂,1187039,1
4588169317067781,临沂,1187039,1
4602314665716751,临沂,945213,1
4598651216305162,临沂,993477,1
4513161699503112,临沂,993477,1
4623252262710280,临沂,1384908,1
4613822158906383,临沂,972947,1
4517359092964352,临沂,972947,1
4600823456687113,临沂,972947,1
4615756057732102,临沂,972947,1
4614143272922127,临沂,972947,1
4599751767301125,临沂,1384908,1
4630737680835594,临沂,1384908,1
4602773341531139,临沂,1384908,1
4230223370231811,临沂,1384908,1
4472221204704256,临沂,1384908,1
4522244683820043,临沂,1384908,1
4630733553951744,临沂,1384908,1
4626342687826949,临沂,1384908,1
4568277521327116,临沂,972947,1
4622082047239169,临沂,1384908,1
4624936359060480,临沂,973131,1
4577093251656719,临沂,973131,1
4633645429955597,临沂,973131,1
4625302326043660,临沂,1486371,1
4306446733664263,临沂,1486371,1
4630737822131202,临沂,1486371,1
4624813541485569,临沂,1486371,1
4627776791309316,临沂,1486371,1
4524331814085635,临沂,1486371,1
4473753323334670,临沂,1486371,1
4496671676865549,临沂,1486371,1
4615007557116938,临沂,972947,1
4617808814873607,临沂,972947,1
4555936116730880,临沂,993477,1
4595231563209730,临沂,1388609,1
4613586027174925,临沂,993477,1
4632018614381577,临沂,993477,1
4499573292999686,临沂,993477,1
4612248684178443,临沂,993477,1
4546200832617487,临沂,1388609,1
4554236409179144,临沂,1388609,1
4604845335110660,临沂,1388609,1
4568154529670146,临沂,1388609,1
4623825296382991,临沂,1388609,1
4473187530435599,临沂,1388609,1
4565603316507656,临沂,1388609,1
3642312081366017,临沂,1388609,1
4616659255356422,临沂,1388609,1
4613956518814732,临沂,972947,1
4629098040011784,临沂,676993,1
4305297124696076,临沂,676993,1
4530494567900174,临沂,676993,1
4629466543053828,临沂,676993,1
4623452831210505,临沂,676993,1
4499123197783045,临沂,676993,1
3846899322727428,临沂,676993,1
4630676588848143,临沂,676993,1
4568636166562830,临沂,676993,1
4627694649809931,临沂,676993,1
2889354346273794,临沂,1470216,1
4555533544399880,临沂,1470216,1
4632258845322245,临沂,1220705,1
4161449330306049,临沂,676794,1
4227627805531139,临沂,1063834,1
4384393059165187,临沂,1063834,1
4342338576821252,临沂,1063834,1
4568597866372096,临沂,1063834,1
4605141019517959,临沂,1063834,1
4569689037319177,临沂,1063834,1
4618536478057478,临沂,973088,1
4575703791166473,临沂,973088,1
4624807349789702,临沂,973088,1
4595106368201735,临沂,973088,1
4543255283526663,临沂,973088,1
4589465301720078,临沂,973088,1
4580212878760966,临沂,973088,1
4614946625397763,临沂,972939,1
4597067060108298,临沂,972939,1
4601002256821257,临沂,972939,1
4459401183161354,临沂,973187,1
4631142126412815,临沂,973187,1
4370193837859842,临沂,973187,1
4375978958056459,临沂,973187,1
4623777445993485,临沂,973187,1
4576833937468424,临沂,973187,1
4538857043289097,临沂,973187,1
4593610051034114,临沂,973187,1
4616356358237199,临沂,973187,1
4630452075373569,临沂,973109,1
4617816545143814,临沂,973109,1
4568504133262347,临沂,973109,1
4384607415542797,临沂,676794,1
4603649929452551,临沂,676794,1
4571327456750593,临沂,923070,1
4583840715566088,临沂,923070,1
4625986242618376,临沂,923070,1
4596888697447424,临沂,923070,1
4588402183412751,临沂,923070,1
4633399255063561,临沂,923070,1
4625012795059200,临沂,923070,1
4626522263694336,临沂,923070,1
4623416118223876,临沂,923070,1
4624859305585678,临沂,923070,1
4575968244048896,临沂,973187,1
4466966745197578,临沂,872660,1
4609800480597003,临沂,1014919,1
4602226820883469,临沂,1014919,1
4368729351069698,临沂,1014919,1
4569973153885193,临沂,1014919,1
4500576906470411,临沂,1014919,1
4588151365428224,临沂,1014919,1
4605046884195337,临沂,1014919,1
4608194813486084,临沂,1014919,1
4482325324749836,临沂,872660,1
4554410589416460,临沂,872660,1
4605471157148682,临沂,872660,1
4585681913551879,临沂,872660,1
4575768600452100,临沂,872660,1
4597063532110863,临沂,1014919,1
4606476529294339,临沂,872660,1
4490794571541507,临沂,872660,1
4584075248671747,临沂,872660,1
4600776036410378,临沂,872660,1
4570013022002181,临沂,1186476,1
4613585125712907,临沂,1543010,1
4603686104820747,临沂,1543010,1
4581357324196875,临沂,972610,1
4588454285861892,临沂,972610,1
4571382992399360,临沂,972610,1
4584047309138951,临沂,972610,1
4602247837180938,临沂,972610,1
4602215441982476,临沂,1014919,1
4601075539207169,临沂,1082956,1
4588306797583369,临沂,1005125,1
4595163178425355,临沂,1082956,1
4563251069182985,临沂,1082956,1
4613589229986817,临沂,1082956,1
4517541879489545,临沂,1082956,1
4589916333681667,临沂,1082956,1
4598041759966218,临沂,1082956,1
4631940770257929,临沂,1005125,1
4548394605519874,临沂,1005125,1
4468212291185676,临沂,1005125,1
4161439804006404,临沂,1005125,1
4587425765057549,临沂,1005125,1
4620624705362955,临沂,1005125,1
4539437694100487,临沂,1005125,1
4526638201789442,临沂,1005125,1
4568241115505667,临沂,1005125,1
4631913683807237,临沂,676794,1
4633278700710919,临沂,676794,1
4584046473063425,临沂,1470216,1
4535658336263180,临沂,676794,1
4633345301617677,临沂,678066,1
2917745478724611,临沂,678066,1
4622224193186827,临沂,678066,1
4630699705019402,临沂,678066,1
3448917344115712,临沂,678066,1
3384853077024770,临沂,678066,1
4596819612118019,临沂,1066942,1
4619529269109765,临沂,1066942,1
4534283442170895,临沂,1066942,1
4602813947698180,临沂,1066942,1
4596610917624832,临沂,1066942,1
4582448589597703,临沂,1066942,1
4603662510173196,临沂,1066942,1
4630577967950861,临沂,1066942,1
4633792604085257,临沂,1066942,1
4598291857939461,临沂,1066942,1
4612506760113166,临沂,1052973,1
4613851839669260,临沂,973254,1
4613865620528143,临沂,973254,1
4633759061859337,临沂,973254,1
4572421322777603,临沂,1087486,1
4595525065384975,临沂,1087486,1
4586731973798923,临沂,713721,1
3257521366605839,临沂,713721,1
3442868602101774,临沂,713721,1
4460883804972041,临沂,713721,1
4527919231540228,临沂,713721,1
4436939190578178,临沂,678066,1
4617542765812739,临沂,678066,1
4632324275350534,临沂,678066,1
4579573846010883,临沂,1179509,1
4577140267525129,临沂,1470216,1
4583153575910407,临沂,1470216,1
4490425116023822,临沂,1470216,1
4538756648983565,临沂,1179509,1
4616689024310275,临沂,1179509,1
4547482684697610,临沂,1179509,1
4602138202938377,临沂,1179509,1
4633237415631880,临沂,678066,1
4534565209840647,临沂,677834,1
4560050930213899,临沂,677834,1
4566756552580110,临沂,677250,1
4615427345685515,临沂,677250,1
4623523189203974,临沂,677250,1
4619197828013060,临沂,677250,1
4470917594586115,临沂,677250,1
4514476475984904,临沂,677250,1
4626538013678603,临沂,677250,1
4557104937296910,临沂,677250,1
4616469192121357,临沂,677250,1
4578149491780609,临沂,677250,1
4494811609603081,临沂,713721,1
3446214338044943,临沂,713721,1
3080450154830854,临沂,713721,1
4438025109054471,临沂,676742,1
4251397567605763,临沂,972599,1
4244550474539015,临沂,972599,1
4599518772435977,临沂,676873,1
4552689446427655,临沂,676873,1
4452181980720143,临沂,676873,1
4568788170615821,临沂,676873,1
4561855550135308,临沂,676873,1
4516062997310467,临沂,676873,1
4539801781464078,临沂,676873,1
3608988283543557,临沂,676742,1
4615329648684042,临沂,676742,1
4599684009862148,临沂,972599,1
4621260596685833,临沂,676742,1
4617806669798404,临沂,676742,1
4526043206179854,临沂,676742,1
4225683343629319,临沂,676742,1
4535842313509888,临沂,676742,1
4618460710411270,临沂,676742,1
4575368702843904,临沂,676742,1
4469267811818504,临沂,973037,1
4572350598489098,临沂,676794,1
4494852642991119,临沂,676794,1
4590898362868751,临沂,676794,1
4550503559224326,临沂,676794,1
4279733415668738,临沂,972599,1
4200316768590858,临沂,972599,1
3614662779920397,临沂,713721,1
4628417801397253,临沂,972961,1
4568218502194180,临沂,713721,1
4632608367617031,临沂,972961,1
4609556889132045,临沂,972961,1
4378716625165317,临沂,1052507,1
4633460359011331,临沂,972961,1
4629443102155777,临沂,1371575,1
4623793371098126,临沂,1008633,1
4585236724278272,临沂,1052507,1
4507427337100295,临沂,1052507,1
4632191790343182,临沂,1052507,1
4619043041598478,临沂,1052507,1
4612473696263182,临沂,1052507,1
4587073863576585,临沂,1052507,1
4609708282194958,临沂,1052507,1
4632118779618313,临沂,1052507,1
4545472637328388,临沂,1052507,1
4558792466525187,临沂,1014918,1
4626544333564930,临沂,1014918,1
4622320226247695,临沂,1014918,1
4153821711130633,临沂,1014918,1
4432352957733889,临沂,1195820,1
4611077221344257,临沂,1195820,1
4625282072798218,临沂,1195820,1
4614059049329666,临沂,1195820,1
4571489249551371,临沂,1195820,1
4611213303702543,临沂,1195820,1
4619661289384974,临沂,1195820,1
4510523597513734,临沂,1195820,1
4568615031958536,临沂,1527674,1
4556940235545608,临沂,1527674,1
4609388714613760,临沂,1527674,1
4553166830152704,临沂,1527674,1
4507878761077775,临沂,1527674,1
4633438376897536,临沂,677559,1
4595392430173189,临沂,677559,1
4622277824209924,临沂,677559,1
4582380198276101,临沂,677559,1
4527447114427396,临沂,677559,1
4508775032843265,临沂,677559,1
4608263552756747,临沂,677559,1
4626582602345487,临沂,1014918,1
4595470491001870,临沂,1014918,1
4506193673872399,临沂,1014918,1
4482651864310793,临沂,923074,1
4499369874926593,临沂,972831,1
4536229384596492,临沂,923074,1
4568601721723916,临沂,923074,1
4633660664620045,临沂,923074,1
4626671811109891,临沂,923074,1
4518993364769799,临沂,923074,1
4618055228533775,临沂,923074,1
4571752767663115,临沂,923074,1
4632051644623881,临沂,923074,1
4582954242251787,临沂,923074,1
4633636068092943,临沂,1186475,1
4554510237211650,临沂,1235216,1
4631293068504078,临沂,1265102,1
4267125371644937,临沂,1265102,1
4633478802105347,临沂,1265102,1
4564546783616011,临沂,1265102,1
4615068894356495,临沂,1265102,1
4547346774008837,临沂,1265102,1
4340591004589071,临沂,1265102,1
4544507930403843,临沂,1265102,1
4416829386761227,临沂,1265102,1
4578441717197837,临沂,1265102,1
4632401803058176,临沂,1186475,1
4534593831558153,临沂,677559,1
4633660462427147,临沂,677559,1
4608448409738242,临沂,677559,1
4528606232896527,临沂,677006,1
4502112128195592,临沂,1042472,1
4619668256482307,临沂,1042472,1
4565775274302469,临沂,1042472,1
4606766596303882,临沂,1042472,1
4532902669048845,临沂,1042472,1
4590799055870991,临沂,1042472,1
4532879285840906,临沂,1042472,1
4578231557579776,临沂,677006,1
4625346294703104,临沂,677064,1
4600845065675790,临沂,677064,1
4599385564240901,临沂,677064,1
4569940879223821,临沂,677064,1
4626635866729486,临沂,677064,1
4618221061843976,临沂,677064,1
4620754045314053,临沂,1059633,1
4614157614078987,临沂,1043414,1
4616318315523083,临沂,1059633,1
4520139881522187,临沂,1059633,1
4465692806507522,临沂,1059633,1
4545599145106441,临沂,1059633,1
4467754748193795,临沂,1059633,1
4604037125643270,临沂,1059633,1
4608180316285957,临沂,1059633,1
4626185706085378,临沂,1059633,1
4602969153838086,临沂,1059633,1
4135977434131456,临沂,1043414,1
4238747004623875,临沂,1043414,1
4606437196917767,临沂,1043414,1
4612476356666377,临沂,1043414,1
4631934596047878,临沂,1043414,1
4539237831402506,临沂,973133,1
4566814146571268,临沂,973133,1
4466809323711490,临沂,973133,1
4629129139186696,临沂,973133,1
4605494467079175,临沂,973133,1
4466375016033281,临沂,973133,1
4473567542207492,临沂,973133,1
4634091336719374,临沂,973133,1
4625294450306063,临沂,973133,1
4221381867986944,临沂,973133,1
4537170283928591,临沂,677006,1
4616675924188169,临沂,678343,1
4629713478380556,临沂,972845,1
4622120968973327,临沂,972845,1
4278224609254414,临沂,972845,1
4574267239521286,临沂,972845,1
4602171762729989,临沂,972845,1
4616762903698436,临沂,972845,1
4631811149638663,临沂,972845,1
4602184234114063,临沂,972845,1
4616889196487694,临沂,972845,1
4592911903513611,临沂,678230,1
4532847745215501,临沂,678164,1
4527212427238411,临沂,678164,1
4578117724367877,临沂,678164,1
4572799449932811,临沂,678164,1
4626369636195342,临沂,1030902,1
4624108638067722,临沂,1030902,1
4596962648058890,临沂,1030902,1
4596911072435206,临沂,1030902,1
4588074031291404,临沂,1030902,1
4561636990540812,临沂,1030902,1
4564492935699470,临沂,1030902,1
4564198664872969,临沂,1030902,1
4544791677393934,临沂,1030902,1
4599932054496263,临沂,1030902,1
4506392248724493,临沂,972845,1
4467761579994116,临沂,677007,1
4571014753461249,临沂,677007,1
4596857887153153,临沂,1005127,1
4616779248802817,临沂,1220705,1
4546923355675657,临沂,1220705,1
4568723340518409,临沂,1220705,1
4594371402818563,临沂,1187584,1
4479484833504260,临沂,1187584,1
4581518070684678,临沂,1187584,1
4613982786530307,临沂,1005127,1
4596854946259974,临沂,1005127,1
4598460491525130,临沂,1005127,1
4598301178960907,临沂,1005127,1
4619531843869710,临沂,1005127,1
4630556410600453,临沂,1005127,1
4619530059521032,临沂,1005127,1
4576823490632707,临沂,677007,1
4287163926146062,临沂,1005127,1
4596956633162758,临沂,973176,1
4468186583653391,临沂,973176,1
4628120097057804,临沂,973176,1
4600921930783758,临沂,973176,1
4392994447055885,临沂,973176,1
4618235794531329,临沂,973176,1
3978724987591691,临沂,677007,1
3329741175857152,临沂,677007,1
4604022356122632,临沂,677007,1
4598582746291206,临沂,677007,1
4527655013932037,临沂,677007,1
4607823852465164,临沂,972838,1
4625140271145985,临沂,678343,1
4603592902222856,临沂,678343,1
4602792323785733,临沂,678343,1
4599296778003469,临沂,678343,1
4631292577852424,临沂,678343,1
4543145660718085,临沂,678343,1
4620555028769801,临沂,678343,1
4585135818845188,临沂,678343,1
4624955544429583,临沂,678343,1
4547069434928132,临沂,1178661,2
4463523663127558,临沂,972838,1
4599631864163333,临沂,1082971,1
4611366052404226,临沂,972838,1
4630534694677516,临沂,972838,1
4631329232788487,临沂,972838,1
4599758824791052,临沂,972838,1
4622100323918857,临沂,972838,1
4610006143378434,临沂,972838,1
4630647859293191,临沂,972838,1
4610002093612039,临沂,972838,1
4619134052195340,临沂,677965,1
4628422198963207,临沂,677965,1
4626308989803521,临沂,677965,1
4611040167273479,临沂,677965,1
4602597699165194,临沂,1082971,1
4574368555262978,临沂,1178661,1
4621071814781963,临沂,1082971,1
4625017317532672,临沂,1082971,1
4600860588661767,临沂,1082971,1
4604034122408965,临沂,1082971,1
4622311073537027,临沂,1082971,1
4629527247381504,临沂,1082971,1
4578458172910603,临沂,1082971,1
4599635590734857,临沂,1082971,1
4583902669888512,临沂,1087458,1
4472401677573121,临沂,1087458,1
4628169446759438,临沂,973002,1
4620647000796165,临沂,677064,1
4624991771929600,临沂,677064,1
4622072771746824,临沂,677064,1
4625454658595847,临沂,677064,1
4615417764258818,临沂,1075586,1
4398303924182031,临沂,678196,1
4631879075111940,临沂,678196,1
4631890681422850,临沂,678196,1
4528605448006665,临沂,678196,1
4631892220521484,临沂,678196,1
4527283806624774,临沂,678196,1
4587065550101507,临沂,678196,1
4055058270661635,临沂,678196,1
4479463274966026,临沂,678059,1
4623524625734659,临沂,678059,1
4599511565132811,临沂,678059,1
4591239790388233,临沂,678059,1
4599516670927880,临沂,678059,1
4598581470157836,临沂,678059,1
4624813209218058,临沂,678059,1
4566903491847170,临沂,678059,1
4589825128082446,临沂,678059,1
4599721666849805,临沂,1384911,1
4585189797536776,临沂,1384911,1
4606511282232334,临沂,1384911,1
4486349485779981,临沂,1384911,1
4606901539611662,临沂,1384911,1
4547269442563087,临沂,1384911,1
4626166992528385,临沂,1384911,1
4382923327087629,临沂,1384911,1
4620600577645581,临沂,1384911,1
4612646543991819,临沂,1075586,1
4619055539710976,临沂,1075586,1
4629022016695308,临沂,1075586,1
4602590591687684,临沂,676749,1
4627732819913732,临沂,676749,1
4626801194785807,临沂,1432984,1
4530678120098828,临沂,1432984,1
4606713502624783,临沂,1075586,1
4619769889350666,临沂,1075586,1
4626573438852102,临沂,1075586,1
4615349775916036,临沂,1075586,1
4616870776675328,临沂,1075586,1
4614979596313614,临沂,1075586,1
4517585200966660,临沂,1384911,1
4575392553380877,临沂,1049385,1
4609809259273218,临沂,1049385,1
4629075427191819,临沂,973268,1
4556731117526021,临沂,972661,1
4594090599148554,临沂,972661,1
4613816163900424,临沂,972661,1
4521641624890376,临沂,972661,1
4459466058292232,临沂,972661,1
4583711590472715,临沂,973268,1
4592403532897293,临沂,713718,1
4592468813437965,临沂,973268,1
3659466437123080,临沂,973268,1
4575648502539269,临沂,1049385,1
4619604534043651,临沂,767015,1
4589759234436107,临沂,1049385,1
4609821852705807,临沂,1049385,1
4544470238700549,临沂,1049385,1
4609481895519241,临沂,1049385,1
4543107035620359,临沂,1049385,1
4595388286393345,临沂,1049385,1
4361986301795340,临沂,1049385,1
4539880497933317,临沂,767015,1
4543327116698638,临沂,767015,1
4487938817778699,临沂,767015,1
4633324827991049,临沂,767015,1
4577109359221765,临沂,767015,1
4554766814469135,临沂,945158,1
4602616967717899,临沂,973268,1
4587931654775820,临沂,945158,1
4624265606847493,临沂,945158,1
4595800719383556,临沂,945158,1
4626107305501701,临沂,945158,1
2828700266013702,临沂,945158,1
4618335702576141,临沂,945158,1
4549970877357068,临沂,945158,1
4571548055837705,临沂,945158,1
4548236726250502,临沂,945158,1
4518859843298319,临沂,973268,1
4630527615804426,临沂,973268,1
4499428309474311,临沂,973268,1
4633398981405696,临沂,1187551,1
4576883066100748,临沂,1187551,1
4343154209790991,临沂,940905,1
4600786676229130,临沂,1131057,1
4585302448546818,临沂,1131057,1
4630597875674113,临沂,1002819,1
4629100617952271,临沂,1002819,1
4605066747223043,临沂,1002819,1
4633390254550026,临沂,1002819,1
4530104976794636,临沂,1002819,1
4616978664512523,临沂,1002819,1
4624741639138310,临沂,1002819,1
4606631839198211,临沂,1002819,1
4630774697815054,临沂,1002819,1
4517414387477505,临沂,1002819,1
4084623504433159,临沂,940905,1
4608175815320579,临沂,1131057,1
4508704654187531,临沂,1190505,1
4631152140758031,临沂,1190505,1
4484732609567750,临沂,1190505,1
4475666657928200,临沂,1190505,1
3837839385142281,临沂,1190505,1
4469646154818568,临沂,1190505,1
4631903950726144,临沂,1190505,1
4625547003796485,临沂,1190505,1
4629234862238723,临沂,1190505,1
4572479637103617,临沂,1190505,1
4530254700391426,临沂,1410671,1
4633309301201926,临沂,1410671,1
4591432202544140,临沂,1131057,1
4626317508664334,临沂,1131057,1
4571303949818890,临沂,1410671,1
4439667764648971,临沂,1179514,1
4592303671665675,临沂,1147500,1
4585261662215170,临沂,1147500,1
4633506063199241,临沂,1147500,1
4552622224550926,临沂,1147500,1
4626308329991172,临沂,1147500,1
4627975767923716,临沂,1147500,1
4628155174759432,临沂,1147500,1
4585920578415626,临沂,1147500,1
4422491714989068,临沂,1147500,1
4584187868851208,临沂,1147500,1
4480994953440269,临沂,945720,1
4481000090905605,临沂,945720,1
4615614389462028,临沂,1179514,1
4600783543264258,临沂,1131057,1
4354619083631627,临沂,1179514,1
4620679943199747,临沂,1179514,1
4580244883039237,临沂,1179514,1
4477978585066510,临沂,1179514,1
4541827269778435,临沂,1179514,1
4492491957574659,临沂,1179514,1
4624497699183631,临沂,1179514,1
4385033474302982,临沂,1179514,1
4626317586193411,临沂,1131057,1
4581205747690501,临沂,1131057,1
4588378836610058,临沂,1131057,1
4421301259213828,临沂,1131057,1
4610538824428549,临沂,1410671,1
4610022511827973,临沂,1410671,1
4575201844419599,临沂,1187551,1
4583797389059085,临沂,1233782,1
4624919219874823,临沂,677785,1
4628145570749448,临沂,677785,1
4619348046846987,临沂,677785,1
4619297524229128,临沂,677785,1
4620802901419011,临沂,972769,1
4357716715318286,临沂,972769,1
4567358632141834,临沂,972769,1
4537219660684296,临沂,972769,1
4620938765364229,临沂,972769,1
4595233731927054,临沂,1233782,1
4629393047430158,临沂,1233782,1
4613324032973829,临沂,1233782,1
4593756623133710,临沂,1233782,1
4601095212557323,临沂,677785,1
4631886769038339,临沂,1233782,1
4554092622029829,临沂,1233782,1
4598499212385288,临沂,1233782,1
4627641731998726,临沂,1233782,1
4595236382235654,临沂,1233782,1
4594050861097985,临沂,1187551,1
4499448397143045,临沂,1187551,1
4476987568858121,临沂,1187551,1
4625453489433606,临沂,1187551,1
4538445715155983,临沂,1187551,1
4503153210350593,临沂,1187551,1
4574287831639054,临沂,1187551,1
4629065340791814,临沂,677785,1
4630932987767811,临沂,677785,1
4626681129001992,临沂,1410671,1
4615428231242759,临沂,940357,1
4530042184834061,临沂,1410671,1
4623427174556685,临沂,1410671,1
4633350347697166,临沂,1410671,1
4615472830213132,临沂,940357,1
4476675210357773,临沂,940357,1
4631052430797827,临沂,940357,1
4615440952208393,临沂,940357,1
2931993868950537,临沂,940357,1
3366832263208972,临沂,940357,1
4571487768833037,临沂,940357,1
4615457070865413,临沂,940357,1
2946436810501123,临沂,940357,1
4624973387258888,临沂,677785,1
4152040146411530,临沂,973270,1
4585522320206860,临沂,973270,1
4625501673872399,临沂,973270,1
4616508772049925,临沂,973270,1
4535769839117324,临沂,973270,1
4260974234378251,临沂,973270,1
4548646807184384,临沂,973270,1
4622120746263561,临沂,973270,1
4520671343041547,临沂,973270,1
4631544353221647,临沂,973270,1
4625254258404366,临沂,677785,1
4523465469352965,临沂,1087445,1
4623525151763458,临沂,1087445,1
4599452464489472,临沂,972610,1
4209462636239885,临沂,973160,1
4604443207754765,临沂,1187045,1
4633715805053958,临沂,1187045,1
4344552744606724,临沂,1187045,1
4548435092691982,临沂,1187045,1
4629488491555850,临沂,1187045,1
4589432676031496,临沂,1187045,1
4472861872282626,临沂,1187045,1
4535791940152329,临沂,1187045,1
4629256975969289,临沂,1187045,1
4603597446163465,临沂,1187045,1
4632539569955849,临沂,1020105,1
4630522668686341,临沂,1020105,1
4587983514934273,临沂,1020105,1
4616208997917697,临沂,1020105,1
4621104456342537,临沂,1020105,1
4418505309662215,临沂,973160,1
4625287622913029,临沂,677819,1
4518128886293512,临沂,677819,1
4515128974795778,临沂,677819,1
4369332080911360,临沂,677819,1
4588328596513797,临沂,677819,1
4616901657635849,临沂,677819,1
4527620313408512,临沂,677819,1
4619570071428101,临沂,677819,1
4517950708505611,临沂,677819,1
4580953343826946,临沂,677819,1
4549138264222723,临沂,677832,1
4549732585745423,临沂,677832,1
4596924768726020,临沂,677832,1
4613423453922318,临沂,677832,1
4624756899044355,临沂,677832,1
4577157772862471,临沂,677832,1
4525777782316035,临沂,677832,1
4609278510113803,临沂,677832,1
4632475317396484,临沂,677832,1
4626257947565067,临沂,677832,1
4632193274424330,临沂,1020105,1
4630494263960588,临沂,1020105,1
4620387129646085,临沂,1020105,1
4469724143217679,临沂,1161326,1
4612229028895746,临沂,995205,1
4249999644699657,临沂,995205,1
4594089951552513,临沂,995205,1
4544201819216899,临沂,995205,1
4630558950992902,临沂,1161326,1
4628021345313798,临沂,1491229,1
4608406427851779,临沂,973190,1
4626308282625030,临沂,973190,1
4633634132487182,临沂,973190,1
4616272238812165,临沂,973190,1
4615291797249036,临沂,973190,1
4486232925135876,临沂,677786,1
4619284427564047,临沂,677786,1
4633381553253386,临沂,1161326,1
4633257202248714,临沂,1161326,1
4620984405564425,临沂,992364,1
4568474039804938,临沂,992364,1
4543153188660237,临沂,992364,1
4627724827386880,临沂,992364,1
4613998799184897,临沂,992364,1
4623282066697223,临沂,992364,1
4548790567640067,临沂,992364,1
4549741764731918,临沂,992364,1
4191813295201283,临沂,972664,1
4600831938669575,临沂,972664,1
4347491193596943,临沂,972664,1
4608005711422468,临沂,972664,1
4588031179009024,临沂,972664,1
4566283838643214,临沂,972664,1
4612940038351884,临沂,972664,1
4574466958203918,临沂,972664,1
4514278728330247,临沂,972664,1
4612450874563597,临沂,972664,1
4547628474096648,临沂,972632,1
4493267336289292,临沂,973160,1
4609654179634185,临沂,973160,1
4486208241296385,临沂,677786,1
4182386148401160,临沂,973160,1
4011786960202756,临沂,1370909,1
4619591768943624,临沂,1370909,1
4607922476489730,临沂,1370909,1
4514618309616646,临沂,1370909,1
4622760241996807,临沂,1370909,1
4605085679232004,临沂,713723,1
4575285726520320,临沂,713723,1
4561554839495690,临沂,713723,1
4344556122202121,临沂,713723,1
4487803988761611,临沂,713723,1
4631334375877643,临沂,713723,1
4486147950402574,临沂,713723,1
4623264293692423,临沂,713723,1
4535774079196161,临沂,713723,1
4623422647016454,临沂,713723,1
4598764376824844,临沂,972754,1
4518654752840716,临沂,972754,1
4574346994129931,临沂,1384318,1
4526194079179786,临沂,1384318,1
4528871908432903,临沂,1384318,1
4528689702837261,临沂,1384318,1
4627631621843980,临沂,1384318,1
4558753628892174,临沂,973071,1
4574380696169486,临沂,973071,1
4623739400875018,临沂,973071,1
4583790241078272,临沂,973071,1
4510160312708101,临沂,973071,1
4313825459448836,临沂,973071,1
4469479282383886,临沂,973071,1
4547539128853507,临沂,1384318,1
4558616129037315,临沂,1384318,1
4618117726888971,临沂,1669440,1
4505206977340424,临沂,1019904,1
4578208321283080,临沂,972760,1
4221763564985346,临沂,972760,1
4548463128058884,临沂,972818,1
4554324566580228,临沂,972818,1
4556810816218126,临沂,1019904,1
4536047940590599,临沂,1019904,1
4588060512185348,临沂,1019904,1
4612120401832974,临沂,1019904,1
3938648031305731,临沂,995828,1
4587089518390283,临沂,1019904,1
4584266020627468,临沂,1019904,1
4586947046169600,临沂,1019904,1
4251278838569985,临沂,1019904,1
4541698819548166,临沂,1019904,1
4611311192353799,临沂,973139,1
4307584152625164,临沂,973160,1
4506241798351885,临沂,973160,1
4609625936079882,临沂,973160,1
4630542198926336,临沂,973160,1
4605118975482895,临沂,1087444,1
4560129141793807,临沂,1669440,1
4578492043486217,临沂,1385570,1
4623952004426755,临沂,1669440,1
4599396636810243,临沂,1073567,1
4633877880298506,临沂,1385570,1
4633859458374671,临沂,1385570,1
4532683431128071,临沂,1385570,1
4633892657274894,临沂,1385570,1
4040550033383438,临沂,1385570,1
3972727858978824,临沂,1385570,1
4557199450645516,临沂,1385570,1
4619542003162124,临沂,1087444,1
4608052826156041,临沂,1385570,1
4395564254094349,临沂,1385570,1
4315174506208265,临沂,1376772,1
4619220517071881,临沂,1376772,1
4573177342389263,临沂,1425393,1
4498049646978048,临沂,1425393,1
4559878101806088,临沂,1425393,1
4572859302960133,临沂,1425393,1
4605453819915272,临沂,1087444,1
4626293174414337,临沂,1087444,1
4605117717619714,临沂,1087444,1
4603883719011334,临沂,1087444,1
4625268870081537,临沂,677786,1
4589689299624970,临沂,677786,1
4510161182120960,临沂,973209,1
4520561204587530,临沂,1410691,1
4466583241858053,临沂,945080,1
4606505822460931,临沂,945080,1
4543521789631493,临沂,945080,1
4468534736133132,临沂,945080,1
4481910248938508,临沂,945080,1
4342034953415681,临沂,945080,1
4472242781905934,临沂,1474255,1
4520792489059342,临沂,1474255,1
4629133506276353,临沂,1474255,1
4622056199740425,临沂,1474255,1
4535883219409930,临沂,1474255,1
4630869507038223,临沂,1474255,1
4622232695661572,临沂,1474255,1
4626600537332743,临沂,1474255,1
4592787037072393,临沂,1474255,1
4630775048233988,临沂,1474255,1
4591194184115206,临沂,1479147,1
4596676860046336,临沂,1479147,1
4620649945897999,临沂,1479147,1
4505943850329088,临沂,1479147,1
4487496637996047,临沂,1479147,1
4264351112470541,临沂,1479147,1
4469299746823175,临沂,1479147,1
4390213911356423,临沂,1479147,1
3320095666183178,临沂,1479147,1
4622071801900036,临沂,1479147,1
4486546489240577,临沂,713807,1
4624103743874055,临沂,1189792,1
4527761929182209,临沂,678206,1
4122584681619459,临沂,678206,1
4606856524192782,临沂,678206,1
4494699096939520,临沂,972827,1
4551750497754120,临沂,972827,1
4624924228017160,临沂,1189792,1
4595446025055240,临沂,1189792,1
4507900863114254,临沂,1189792,1
4622475667729417,临沂,1189792,1
4579666359395332,临沂,1189792,1
4570064402752522,临沂,713807,1
4484050063698959,临沂,713807,1
4633373873366031,临沂,713807,1
4525727481539590,临沂,1510765,1
4586084668957710,临沂,1431486,1
4483560208294916,临沂,1431486,1
4554159495945231,临沂,1431486,1
4615057796899849,临沂,1431486,1
4583898816928776,临沂,1410672,1
4583897500687370,临沂,1410672,1
3653829138096133,临沂,1410672,1
4567498526137353,临沂,1410672,1
4568339063235586,临沂,1510765,1
4496624239830016,临沂,1510765,1
4499038021032963,临沂,1510765,1
4537400549090307,临沂,1510765,1
3210733036346377,临沂,1376769,1
4565449316097035,临沂,1431486,1
4627588481838092,临沂,1376769,1
4626479039159311,临沂,1376769,1
4565223735647241,临沂,1376769,1
4592748687846413,临沂,1187042,1
4612373777804301,临沂,1187042,1
4612445126353929,临沂,1187042,1
4592751456021507,临沂,1187042,1
4574266714432523,临沂,1187042,1
4630858319717387,临沂,1025551,1
4510107661247495,临沂,1431486,1
4516576516709376,临沂,677090,1
4578424054701071,临沂,713807,1
4569795158010892,临沂,713807,1
4608268398930950,临沂,713807,1
4049075582151683,临沂,713807,1
4578369279302664,临沂,713807,1
4489358474959881,临沂,713807,1
4622048272395274,临沂,1399780,1
4601652539876354,临沂,1135225,1
4516578690933760,临沂,677090,1
4466562141840398,临沂,677090,1
4095430293908495,临沂,677090,1
4462774713132039,临沂,677090,1
4494613456970764,临沂,677090,1
3957050878024707,临沂,677090,1
4527195882775562,临沂,677090,1
4633819227283460,临沂,677090,1
4095426970840066,临沂,677090,1
4394353116654602,临沂,678206,1
4492515358907393,临沂,1088814,1
4609441754295304,临沂,677786,1
4418450805629958,临沂,1088814,1
4556230979953666,临沂,1314668,1
4425658636573709,临沂,1314668,1
4616971177061378,临沂,1314668,1
3251561825229828,临沂,1314668,1
4466339586876425,临沂,1410670,1
4619495826414602,临沂,1410670,1
4496820884970504,临沂,1410670,1
4633562717250567,临沂,1410670,1
4480772884290565,临沂,1410670,1
4513501463012352,临沂,1410670,1
4540043437335559,临沂,1410670,1
4586838346279947,临沂,677786,1
4620701788630031,临沂,677786,1
4473982591802377,临沂,676995,1
4620629705466881,临沂,676995,1
4622242832000009,临沂,676995,1
4622202399583233,临沂,676995,1
4630903527140367,临沂,676995,1
4625389198517254,临沂,676995,1
4630683296637959,临沂,676995,1
4623455376911361,临沂,676995,1
4518734322312193,临沂,676995,1
4631547611898892,临沂,676995,1
4593800587568135,临沂,1410670,1
4633243366382604,临沂,1410670,1
4565597729823755,临沂,1410670,1
4615239327214607,临沂,1087472,1
4550201125854218,临沂,1087468,1
4597763636665347,临沂,1087468,1
4281247549938697,临沂,1087468,1
4627693347316737,临沂,1087472,1
4630504419138572,临沂,1087472,1
4631175163878412,临沂,1087472,1
4614914552192007,临沂,1087472,1
4623798020152324,临沂,1087472,1
4611242487505931,临沂,1087472,1
4615366725430273,临沂,1087472,1
4623805146360835,临沂,1087472,1
4623436822010885,临沂,1087472,1
4422498947460096,临沂,1088814,1
4476735548531724,临沂,1088814,1
4404704865655816,临沂,1088814,1
4418464838558735,临沂,1088814,1
4506110533821449,临沂,1088814,1
4584179088122887,临沂,1088814,1
4498213612596237,临沂,1088814,1
4404261186477065,临沂,1088814,1
4159199507423236,临沂,1186404,1
4445119644296198,临沂,1071826,1
4629814755601413,临沂,1071826,1
4621814735053831,临沂,1071826,1
4588092949095429,临沂,1071826,1
4589812770481156,临沂,1071826,1
4575453167395852,临沂,1071826,1
4602802360478722,临沂,1186404,1
4310807689453576,临沂,678258,1
4594142184332289,临沂,678258,1
4485002625166341,临沂,678258,1
4624867910294530,临沂,678258,1
4548450135481353,临沂,678258,1
4594139803198471,临沂,678258,1
4558420598205447,临沂,678258,1
4539354494622727,临沂,678258,1
4310787326894090,临沂,678258,1
4596664227425283,临沂,678258,1
4606734864145414,临沂,1186404,1
4586998745803789,临沂,677857,1
4312469061938191,临沂,1071638,1
4019686977526799,临沂,1071638,1
4308120758017025,临沂,1071638,1
4627636300782600,临沂,1071638,1
4627637077584907,临沂,1071638,1
4584183272778758,临沂,1071638,1
4527252977998854,临沂,1071638,1
4572801197644815,临沂,1071638,1
4597035991294976,临沂,676831,1
4621028490961924,临沂,676831,1
4632338855746569,临沂,676831,1
4595617569381380,临沂,676831,1
4254611142500361,临沂,676831,1
4260981678399492,临沂,676831,1
3842714173254670,临沂,676831,1
3842709217501188,临沂,676831,1
3708907212727296,临沂,676831,1
4260978209071119,临沂,676831,1
4631902828223501,临沂,945156,1
4612855233946630,临沂,945156,1
4629851643304960,临沂,945156,1
4460758052432896,临沂,945156,1
4605042181544964,临沂,1382684,1
4626997350818829,临沂,1382684,1
4626653789070342,临沂,1382684,1
4629402818669579,临沂,677857,1
4585192484201483,临沂,1230537,1
4574345864653839,临沂,1205294,1
4606514041465871,临沂,1382684,1
4616541145441286,临沂,1167890,1
4552953974152195,临沂,1167890,1
4080655306681354,临沂,677269,1
4623402910952461,临沂,677269,1
4611262884293636,临沂,678186,1
4603763958225927,临沂,678186,1
4305268921555979,临沂,972841,1
4588416502541314,临沂,1135226,1
4602531762332675,临沂,1135226,1
4602247273163789,临沂,1135226,1
4603934765001732,临沂,1135226,1
4588344210482181,临沂,1135226,1
4565506078088207,临沂,1135226,1
4626248366367757,临沂,972688,1
4602520442973189,临沂,972688,1
4558634606603266,临沂,1220767,1
4473649418542080,临沂,1220767,1
4460901743926281,临沂,1179508,1
4503493993260037,临沂,1179508,1
4527129530260484,临沂,1178876,1
4597824295394314,临沂,1178876,1
4626675624881157,临沂,1178876,1
4596854049170443,临沂,1167890,1
4385018795535367,临沂,713684,1
4592834812701698,临沂,1081110,1
4569983498890246,临沂,677218,1
4569972058516493,临沂,677218,1
4617602440078343,临沂,677218,1
4608267587267597,临沂,677218,1
4616707929975813,临沂,677218,1
4624824493646853,临沂,677218,1
4344521547967492,临沂,677218,1
4616625391395852,临沂,677218,1
4428181437901824,临沂,677218,1
4484707036357644,临沂,677218,1
4587056154631181,临沂,713684,1
4496288988961799,临沂,766640,1
4332147978247171,临沂,713684,1
4578109000739852,临沂,713684,1
4485013242649609,临沂,713684,1
4542118991502345,临沂,713684,1
4633344899228680,临沂,972825,1
4000880119671810,临沂,972825,1
4623989506907151,临沂,972825,1
4585228403121166,临沂,972825,1
4520377679588360,临沂,972825,1
4306416302005259,临沂,972825,1
4128422190275589,临沂,972825,1
2655885069001740,临沂,766640,1
4575980936307715,临沂,677857,1
4605388082670592,临沂,1220714,1
4175036579945485,临沂,1220714,1
4613444546896907,临沂,1220714,1
4503526999432200,临沂,1220714,1
4500331855256589,临沂,1220714,1
4568588779088898,临沂,1220714,1
4543096146959374,临沂,1220714,1
4626671039996941,临沂,1220714,1
4543112279024646,临沂,1220714,1
4626332249418763,临沂,1220714,1
4530080614034442,临沂,1060275,1
4596813707109380,临沂,1037611,1
4606548025715725,临沂,1037611,1
4623916243819533,临沂,1037611,1
4628381226609673,临沂,1037611,1
4596811253935109,临沂,1037611,1
4380203910980620,临沂,1173647,1
4536072293702666,临沂,1173647,1
4605160767022090,临沂,1173647,1
4605055408024584,临沂,1173647,1
4535652458830860,临沂,1173647,1
4626709088476163,临沂,1173647,1
4611056654410764,临沂,1173647,1
4543219051801606,临沂,1173647,1
4629169915157511,临沂,1173647,1
4622538292864013,临沂,1173647,1
4565781371806723,临沂,973149,1
4327600538460169,临沂,972996,1
4617796674757643,临沂,972996,1
4606818380323846,临沂,972996,1
4622012215290894,临沂,972996,1
4614061803052033,临沂,972996,1
4617706313704457,临沂,972996,1
4604036570164237,临沂,1037611,1
4606659943539721,临沂,1037611,1
4593740497396746,临沂,1037611,1
4557310895184897,临沂,1018018,1
4582434991842314,临沂,1088121,1
4476459619640327,临沂,1088121,1
4602537983536136,临沂,1088121,1
4572676726924301,临沂,1088121,1
4574257694186508,临沂,1088121,1
4371656558879758,临沂,1088121,1
4583196004787211,临沂,1088121,1
4327619092405253,临沂,1088121,1
3897589733616649,临沂,1088121,1
4539153538309133,临沂,1088121,1
4616768284238858,临沂,972817,1
4597196476881933,临沂,972817,1
4527290854056963,临沂,1018018,1
2965931744160777,临沂,1173555,1
4633353568971781,临沂,1018018,1
4633796521960453,临沂,1018018,1
4616654428462083,临沂,1018018,1
4613606270540807,临沂,1018018,1
4613550061003778,临沂,1018018,1
4631899392760846,临沂,1018018,1
4629572156972042,临沂,1018018,1
4585670793339913,临沂,1018018,1
4347436868774927,临沂,678162,1
4584210067743754,临沂,678162,1
4326460327783429,临沂,1173555,1
4575405381805059,临沂,1173555,1
4610721628562444,临沂,1037611,1
4596566499453967,临沂,972697,1
4494696162417664,临沂,972697,1
4614133089065996,临沂,972697,1
4167712847503360,临沂,1173555,1
4537596329438210,临沂,1433004,1
4077179499568139,临沂,1173555,1
4629157308488719,临沂,1178876,1
4629900316271622,临沂,677933,1
4624704665986057,临沂,1293481,1
4590949827159050,临沂,1293481,1
4604114816441359,临沂,1293481,1
4608211873737733,临沂,1293481,1
4590964043471876,临沂,1293481,1
4594162615348227,临沂,1293481,1
4545735144696832,临沂,1293481,1
4595463676371968,临沂,1293481,1
4598334673331212,临沂,1293481,1
4608207358663689,临沂,1293481,1
4631239304766471,临沂,1082069,1
4624914230291456,临沂,1082069,1
4615369265454080,临沂,972792,1
4629109399116805,临沂,1087476,1
4581302394477573,临沂,1087476,1
4586817211800584,临沂,1087476,1
4579956785814529,临沂,1087476,1
4619701485593603,临沂,677074,1
4571113788414982,临沂,995204,1
4593673991035910,临沂,972855,1
4617789757385739,临沂,677080,1
4595363462734854,临沂,677080,1
4594109743047682,临沂,677080,1
4394237363231744,临沂,677080,1
4472822241422336,临沂,677080,1
4629617101777922,临沂,677080,1
4576717143268359,临沂,677080,1
4596489799869448,临沂,677080,1
4520762259430406,临沂,677080,1
4620458158713867,临沂,972855,1
4621780826713089,临沂,972855,1
4600820453256207,临沂,972855,1
4547419692096520,临沂,972855,1
4562564339835912,临沂,995204,1
4612114809646082,临沂,972855,1
4601287850220545,临沂,972855,1
4566802353859589,临沂,677973,1
4576707346097160,临沂,677973,1
4572490031078403,临沂,677973,1
4471210454049800,临沂,677973,1
4577548082816014,临沂,677973,1
4551590900063237,临沂,995204,1
4623230199340033,临沂,995204,1
4619304786975751,临沂,995204,1
4514425270230021,临沂,677074,1
4578255992380431,临沂,677074,1
4429912218954753,临沂,677074,1
4604133087489034,临沂,972892,1
4580014063610892,临沂,972892,1
4613562994945032,临沂,972892,1
4342157624155142,临沂,1014917,1
4630686012578823,临沂,713740,1
4624923286348809,临沂,713740,1
4588489674791949,临沂,713740,1
4625221432192001,临沂,713740,1
4588727471121416,临沂,713740,1
4615378536522762,临沂,713740,1
3813865222070278,临沂,713740,1
4630541603888137,临沂,713740,1
4598027609512972,临沂,677074,1
4562515858762766,临沂,677074,1
4623604259892225,临沂,677074,1
4321938522627086,临沂,677074,1
4550149726034949,临沂,677074,1
4623510475004931,临沂,677074,1
4622413496706056,临沂,1376771,1
4483543329057805,临沂,1238498,1
4624845230660619,临沂,1238498,1
4313601872878598,临沂,1238498,1
4574380282866694,临沂,1238498,1
4616478403107854,临沂,1238498,1
4621195060208649,临沂,1238498,1
4603601000356871,临沂,1238498,1
4605452943666186,临沂,1238498,1
4595193671822338,临沂,1238498,1
4613596560550918,临沂,677080,1
4440678089714691,临沂,1496459,1
4518882431937544,临沂,1018520,1
4516568579562502,临沂,1018520,1
4519121700252684,临沂,1018520,1
4620905946407950,临沂,1018520,1
3713982579892231,临沂,1018520,1
4524989695779841,临沂,1018520,1
4623881600080911,临沂,1018520,1
4564316772377614,临沂,1018520,1
4526618947349519,临沂,1018520,1
4466274448024580,临沂,1496459,1
4613862199847938,临沂,1496459,1
4372072653448201,临沂,1496459,1
4398318439492609,临沂,678201,1
4619856367606797,临沂,1107255,1
4558353312590850,临沂,678201,1
4608308236430344,临沂,678201,1
4583850602617871,临沂,677636,1
4583863090277383,临沂,677636,1
4532077507275786,临沂,677636,1
1713597469268998,临沂,972605,1
2978759943494669,临沂,972605,1
4488919614628865,临沂,972605,1
4543339855588362,临沂,1018520,1
4527271756979214,临沂,1106425,1
4616608907963399,临沂,1082967,1
4604083408559111,临沂,1179513,1
4621150507803651,临沂,1179513,1
4619185351891982,临沂,1179513,1
4622183871360014,临沂,1179513,1
4595225750987791,临沂,1179513,1
3949352342496261,临沂,1082967,1
4546987373435915,临沂,1082967,1
4630673503759363,临沂,1082967,1
4417008574786561,临沂,1082967,1
4617851142499337,临沂,1082967,1
4622127329106944,临沂,1082967,1
4616615207511051,临沂,1082967,1
4615008932293638,临沂,1192381,1
4566957552671750,临沂,1082967,1
4617742981800963,临沂,1082967,1
4548864427318284,临沂,1192381,1
4624898887855119,临沂,1192381,1
4599758188864526,临沂,1192381,1
4596439130938380,临沂,1192381,1
4616486794861572,临沂,1192381,1
4594291752524811,临沂,1073565,1
4407165682904070,临沂,1389246,1
4091158071189505,临沂,1389246,1
4407169785568258,临沂,1389246,1
4185352873009157,临沂,1389246,1
4607272926190592,临沂,1389246,1
4567335864523776,临沂,1073565,1
4562958074307589,临沂,1073565,1
4515111445077006,临沂,1073565,1
4506042618080257,临沂,1073565,1
4594345434803215,临沂,1073565,1
4581296464370700,临沂,1073565,1
4591349813451787,临沂,1073565,1
4598064804932609,临沂,1073565,1
4407392296463374,临沂,1389246,1
4599732957490182,临沂,1389246,1
4070452597792780,临沂,1389246,1
4492212671749133,临沂,1059632,1
4377115905108997,临沂,1059632,1
3161220584645644,临沂,1059632,1
4625162316590089,临沂,1059632,1
4625143849626635,临沂,1059632,1
4605397571511296,临沂,1059632,1
4516146323465218,临沂,1059632,1
3990983375609868,临沂,1059632,1
4633707681700875,临沂,1059632,1
4620896142795784,临沂,1389246,1
4428390682467328,临沂,1059632,1
4574149297298438,临沂,1388611,1
4516138940275720,临沂,1388611,1
4529034803112970,临沂,1388611,1
4624987717313537,临沂,1388611,1
4632396324203525,临沂,1388611,1
4620946362969090,临沂,1388611,1
4609619795090434,临沂,1388611,1
4599852981855244,临沂,1388611,1
4631966008632326,临沂,1388611,1
4617990344303616,临沂,1388611,1
4579899182623750,临沂,1389246,1
4269486017244172,临沂,973209,1
4616548057981954,临沂,973209,1
4569730108597255,临沂,1087445,1
4614261971868679,临沂,1186417,1
4546999273858059,临沂,1007305,1
4618271553268738,临沂,677607,1
4618894686053390,临沂,677607,1
4557148415175680,临沂,677607,1
4623475008924676,临沂,677646,1
4292736597302273,临沂,1190488,1
4549985613800458,临沂,1190488,1
4510182570716164,临沂,1046633,1
4622337264444426,临沂,1186417,1
4518987207339020,临沂,1186417,1
4519294877936653,临沂,1186417,1
4608530086784008,临沂,1186417,1
4124507932240904,临沂,1186417,1
4630474456671244,临沂,1046633,1
4471220300524558,临沂,1046633,1
4627067472718854,临沂,1046633,1
4554123967636487,临沂,1046633,1
4571741938658311,临沂,1046633,1
4633310866959361,临沂,1046633,1
4570936973650956,临沂,1046633,1
4586764221180941,临沂,1046633,1
4582219032536076,临沂,1046633,1
4491097424948233,临沂,973208,1
4623453318700042,临沂,972868,1
4589737020058635,临沂,972868,1
4267237265140744,临沂,972868,1
4630534580102154,临沂,972868,1
4595436224175108,临沂,972868,1
4631968672703497,临沂,972868,1
4624922422877187,临沂,972868,1
4623462759504901,临沂,972868,1
4599580983878666,临沂,972868,1
4276712988826636,临沂,1055573,1
4515972340638729,临沂,1190488,1
4221473301797902,临沂,1190488,1
3978273541315590,临沂,1190488,1
4621977499524103,临沂,678225,1
4616387275908103,临沂,677858,1
4535684404456452,临沂,677858,1
4626593280011274,临沂,677858,1
4266563183422469,临沂,677858,1
4332079575621644,临沂,677858,1
4629582628690959,临沂,678225,1
4607269689236482,临沂,678225,1
4593784495942659,临沂,678225,1
4541258387893256,临沂,678225,1
4627634994031619,临沂,678225,1
4610491721393164,临沂,678225,1
4626770539308043,临沂,678225,1
4630498510085130,临沂,678225,1
4591312395971591,临沂,677858,1
4599302656334854,临沂,678225,1
4306396706037771,临沂,677858,1
4602246976777218,临沂,677858,1
4513640754961417,临沂,1190488,1
4588110891525125,临沂,973284,1
4572696143438860,临沂,1190488,1
4550605464593423,临沂,1190488,1
4592587204387840,临沂,1190488,1
4612066089051149,临沂,1190488,1
4603981942676483,临沂,995826,1
4383305265193992,临沂,995826,1
4632796803605510,临沂,995826,1
4629497552378886,临沂,995826,1
4482269291863048,临沂,995826,1
3149925079849998,临沂,995826,1
4479262839577605,临沂,995826,1
4469150029095942,临沂,995826,1
4538821631503367,临沂,973284,1
4376046272850959,临沂,677858,1
4585262100507656,临沂,973284,1
4620628339876874,临沂,973284,1
4551119502400522,临沂,973284,1
4584198039727111,临沂,973284,1
4508880579648514,临沂,973269,1
4508864634346498,临沂,973269,1
4377582092262412,临沂,677838,1
4630914264951822,临沂,677838,1
4166374109568010,临沂,677838,1
4347628372433933,临沂,677838,1
4611833725807622,临沂,1081718,1
4576854180668419,临沂,677858,1
4474214087011339,临沂,1186417,1
4077081078423565,临沂,1186417,1
4547722068796419,临沂,1446314,1
4602196914875394,临沂,1186417,1
4625123775831045,临沂,1483586,1
4539853600922633,临沂,1483586,1
4616715528332288,临沂,1483586,1
4612603161306125,临沂,1483586,1
4491928935932933,临沂,1483586,1
4619793303530500,临沂,1483586,1
4516218681598977,临沂,1054478,1
4557246313423878,临沂,1054478,1
4593761305402376,临沂,1054478,1
4589635843697677,临沂,1054478,1
4479415501745153,临沂,1054478,1
4628159665923084,临沂,1052585,1
4295570427748364,临沂,1052585,1
4633867300611083,临沂,1052585,1
4387675550262282,临沂,1127034,1
4629815650348038,临沂,1127034,1
4603799656639490,临沂,1127034,1
4585674389890054,临沂,1127034,1
4605369479537668,临沂,1127034,1
4628023548992521,临沂,1127034,1
4628074026722317,临沂,1127034,1
4585721885025291,临沂,1127034,1
4577091640323075,临沂,1127034,1
4186237969013765,临沂,1127034,1
4511636984159235,临沂,678185,1
4582340200803336,临沂,1483586,1
2938201660697615,临沂,1483586,1
4327564492282890,临沂,1483586,1
4519032267891714,临沂,1156542,1
4544501319281671,临沂,1156542,1
4484742035956745,临沂,1156542,1
4626087618518019,临沂,1483586,1
4525721192082440,临沂,1046907,1
4615053936532480,临沂,1046907,1
4628270038588421,临沂,1046907,1
4583032724827144,临沂,1046907,1
4632368004488204,临沂,1046907,1
4543168898391051,临沂,677036,1
4466378867188740,临沂,677036,1
4586621551240192,临沂,972877,1
4382771293449223,临沂,972877,1
4621077047159810,临沂,972877,1
4583915594062853,临沂,972735,1
4521404467323904,临沂,972735,1
4577103459509248,临沂,972735,1
4513448935037966,临沂,972735,1
4615517187664910,临沂,972735,1
4609349955034116,临沂,972735,1
4566847071577096,临沂,972735,1
4562576615562240,临沂,972735,1
4496288551574540,临沂,972735,1
4631931736730624,临沂,973152,1
4616823526874118,临沂,1256982,1
4558367962866697,临沂,1256982,1
4631006875540482,临沂,1256982,1
4607115723484160,临沂,1256982,1
4626186985675788,临沂,1256982,1
4620559466163202,临沂,1256982,1
4620647912662020,临沂,1256982,1
4511803556832261,临沂,1256982,1
4490625006001167,临沂,1256982,1
4507476168352770,临沂,1256982,1
4575327795586055,临沂,1186417,1
4341785740139526,临沂,973152,1
4622547223340039,临沂,972877,1
4632041368923149,临沂,676844,1
4587065759624202,临沂,972830,1
4587009378378754,临沂,972830,1
4607141386480653,临沂,972830,1
4604511594458123,临沂,676844,1
4631091307078665,临沂,676844,1
4632018788523014,临沂,676844,1
4613427073410051,临沂,676844,1
4554558877936645,临沂,676844,1
4628237831740430,临沂,676844,1
4575451664030733,临沂,676844,1
4025137839418379,临沂,676844,1
4620554438581260,临沂,676844,1
4554102294031370,临沂,973152,1
4596919289064449,临沂,938432,1
4630471236066315,临沂,938432,1
4622271138849796,临沂,938432,1
4596802270520330,临沂,938432,1
3827924729834501,临沂,938432,1
4596799014804488,临沂,938432,1
4598359077807116,临沂,973152,1
4408285097700357,临沂,973152,1
4621210537108491,临沂,973152,1
4619519235204104,临沂,973152,1
4484056830536709,临沂,973152,1
4549164167240705,临沂,1446314,1
4547154675473420,临沂,1446314,1
4616442847796225,临沂,1303117,1
4620543882718209,临沂,1512989,1
4498930173879305,临沂,1512989,1
4483550938590209,临沂,973238,1
4616858771563530,临沂,973238,1
4629643291204616,临沂,973238,1
4632454299085833,临沂,973238,1
4546172764646406,临沂,973238,1
4626033411382283,临沂,973238,1
4633939267099649,临沂,973238,1
4590970380606474,临沂,973238,1
4483555282856975,临沂,973238,1
4629649902627841,临沂,973238,1
4619655564893185,临沂,677599,1
4616527530171401,临沂,677599,1
4550492485168134,临沂,677599,1
4630699440729090,临沂,677599,1
4602193593003021,临沂,677599,1
4588253336675337,临沂,677599,1
4464978979957770,临沂,677599,1
4629046542099467,临沂,677599,1
4579767856178187,临沂,677599,1
4615283175990273,临沂,1303117,1
4623434062720015,临沂,1303117,1
4617782109348874,临沂,1303117,1
4503322815110148,临沂,677801,1
4606362109209602,临沂,677801,1
4211750868642816,临沂,677801,1
4607956446944257,临沂,677801,1
4507673242070027,临沂,677801,1
4176575315794949,临沂,677801,1
4622638260970500,临沂,677801,1
4586597989983239,临沂,677801,1
4616596167617544,临沂,677801,1
4555607984331777,临沂,677801,1
4534598212217860,临沂,1177716,1
4528501016273928,临沂,1177716,1
4549386265435150,临沂,1177716,1
4616517215724559,临沂,677599,1
4595220630119438,临沂,678172,1
4601177511390218,临沂,678172,1
4505991906487304,临沂,1108599,1
4619107974554638,临沂,1108599,1
4619272116808707,临沂,1108599,1
4595208788503566,临沂,1108599,1
4620723014052864,临沂,1108599,1
4621212415568901,临沂,1108599,1
4625186913967107,临沂,1108599,1
4613943178566661,临沂,1108599,1
1718881297816579,临沂,973074,1
4137874986573830,临沂,973074,1
4471314761196550,临沂,1108599,1
4611207714282505,临沂,1154053,1
4624007562943503,临沂,1154053,1
4623469984193536,临沂,1087445,1
4574267395877901,临沂,1087445,1
4623551025097730,临沂,1087445,1
4599861182098435,临沂,1087445,1
2694283285996558,临沂,1108599,1
4614189574923276,临沂,1187591,1
4544137509166088,临沂,678172,1
4609320096424962,临沂,1419891,1
4517574693381125,临沂,678172,1
4601180849499145,临沂,678172,1
4535653290533888,临沂,678172,1
4484077818518540,临沂,678172,1
4319163137777672,临沂,678172,1
4603609063384064,临沂,678116,1
4626422119392264,临沂,973047,1
4620611700761607,临沂,972909,1
4628136797905928,临沂,1419891,1
4603708428919814,临沂,1419891,1
4483809835527176,临沂,1419891,1
4603599492260878,临沂,1419891,1
4603708038687758,临沂,1419891,1
4624897704813574,临沂,677616,1
4534535219764229,临沂,1419891,1
4575381395465224,临沂,1419891,1
4564469222677512,临沂,677616,1
4511670589170691,临沂,677616,1
4617778957528075,临沂,1303117,1
4500220348539915,临沂,1303117,1
4615071836937231,临沂,1077760,1
4633684168385550,临沂,972780,1
4622338083740677,临沂,677826,1
4609354356255759,临沂,677826,1
4633608202773511,临沂,677826,1
4614870912232454,临沂,1510560,1
4607060903846914,临沂,1510560,1
4597051791645698,临沂,1386532,1
4596931433915402,临沂,1139266,1
4559829295164429,临沂,1139266,1
4481818019570692,临沂,1139266,1
4603621381745678,临沂,1139266,1
4624988226395140,临沂,1139266,1
4395613463405574,临沂,677842,1
4620730009922564,临沂,677842,1
4574308458355712,临沂,677842,1
4589776225168384,临沂,677842,1
4518148534823945,临沂,677842,1
3491078196453385,临沂,677842,1
3786182923362317,临沂,677842,1
4585767889198085,临沂,677842,1
4622262082675724,临沂,677826,1
4595232875144205,临沂,677826,1
4589727840642058,临沂,677826,1
4632023042565122,临沂,1048407,1
4632571613965319,临沂,1077760,1
4578354647327752,临沂,1077760,1
4587258510173194,临沂,1077760,1
4311004987710467,临沂,1077760,1
4609762058853389,临沂,1077760,1
4606489561046026,临沂,1077760,1
4627894512311300,临沂,1077760,1
4552806364259337,临沂,1077760,1
4490519384630277,临沂,1077760,1
4630791690038286,临沂,1048407,1
4528766533098496,临沂,1048407,1
4581351162305549,临沂,1048407,1
4630384941145092,临沂,1048407,1
4609525969380367,临沂,677826,1
4528834555075594,临沂,1048407,1
4607931772265475,临沂,1048407,1
4620696653949960,临沂,1048407,1
4632365260596235,临沂,1048407,1
4616400842646534,临沂,1048407,1
4598125369844736,临沂,676836,1
4629508035273743,临沂,676836,1
4622633616305163,临沂,677826,1
4608005694630927,临沂,677826,1
4622247675075599,临沂,677826,1
4633793905992706,临沂,677842,1
4583805038369798,临沂,677842,1
4625306616978442,临沂,871695,1
3336931337265156,临沂,1376380,1
4593836935191565,临沂,678210,1
4514506331679752,临沂,678210,1
4627712510057478,临沂,678210,1
3327179360754690,临沂,1376380,1
3778303086485516,临沂,1376380,1
4043441235684352,临沂,1376380,1
3887696576929793,临沂,1376380,1
4395778073764864,临沂,1376380,1
4609298237219848,临沂,1376380,1
4382966919179279,临沂,1376380,1
4205081872247823,临沂,1376380,1
3270277825617925,临沂,1376380,1
4626616878392324,临沂,678210,1
3953078919126027,临沂,972780,1
4633314866686982,临沂,972780,1
4633341523696652,临沂,972780,1
4557542646426637,临沂,678210,1
4317967649611787,临沂,678210,1
4586998440340487,临沂,871695,1
4574352567297037,临沂,1265103,1
4509055226274827,临沂,871695,1
4586932958092294,临沂,871695,1
4619804709592067,临沂,1433003,1
4632318993947650,临沂,1265103,1
4576901414235136,临沂,1265103,1
4632377199207435,临沂,1265103,1
4584045105490945,临沂,1265103,1
4615004884167690,临沂,1265103,1
4632283159208962,临沂,1265103,1
4614997866374159,临沂,1265103,1
4547059745958925,临沂,1265103,1
4628041081478152,临沂,1265103,1
4628146420734986,临沂,677630,1
4474757697268745,临沂,678210,1
4494681940798464,临沂,677630,1
4586912453782531,临沂,1289921,1
4606871815595021,临沂,1289921,1
4622478198629387,临沂,1289921,1
4575407595019266,临沂,1289921,1
4575710987480064,临沂,1289921,1
4081949954744333,临沂,1289921,1
4574203904224269,临沂,1289921,1
4611362680138765,临沂,1289921,1
4622726828219405,临沂,678210,1
4509269920916481,临沂,678210,1
4307763219537922,临沂,678210,1
4634090123043844,临沂,1660606,1
4623458936103943,临沂,1660606,1
4632215217892363,临沂,1446810,1
4486635413744650,临沂,713981,1
4541704503075845,临沂,1666655,1
4485006026058754,临沂,1666655,1
4620978844752907,临沂,1666655,1
4589814974426123,临沂,1666655,1
4517688300200963,临沂,1666655,1
3460055956462595,临沂,1190483,1
4597955040947214,临沂,1190483,1
3976773229964294,临沂,1190483,1
4550001216676879,临沂,1190483,1
4627945653918733,临沂,1190483,1
3982459438930958,临沂,1190483,1
4592555951942665,临沂,1190483,1
4540719609687048,临沂,1190483,1
4625038249483279,临沂,1190483,1
4561209295350797,临沂,1190483,1
4609352784585728,临沂,678168,1
4609366805947407,临沂,678168,1
4574346645595146,临沂,678168,1
4558610947120134,临沂,678168,1
4536380233329673,临沂,678168,1
4581052132830208,临沂,1132508,1
4581078992051210,临沂,1132508,1
4582545051659266,临沂,1132508,1
4542676180327424,临沂,1132508,1
4633972983455757,临沂,1132508,1
4570329351478278,临沂,1132508,1
4628382458883080,临沂,1132508,1
4537832098831371,临沂,1666655,1
4593030336830473,临沂,1666655,1
4622159029136384,临沂,1666655,1
4618098500709388,临沂,1521317,1
3991316468080646,临沂,713981,1
4558504575708163,临沂,677909,1
4538533816675332,临沂,677909,1
4600823500741632,临沂,677909,1
4588338250603529,临沂,677909,1
4537212646988800,临沂,677909,1
4042213210954757,临沂,677909,1
4617018128342020,临沂,677909,1
4531817034851329,临沂,677909,1
4626170404807681,临沂,1521317,1
4497793208511500,临沂,1666655,1
4572691370107905,临沂,1029249,1
4512356157414404,临沂,1666655,1
4623729732412422,临沂,1132508,1
4629148423220236,临沂,1132508,1
4612251106126858,临沂,1132508,1
4623517056410630,临沂,1477427,1
4600779542801413,临沂,1314667,1
4568714114259980,临沂,1179519,1
4538734895324164,临沂,1179519,1
4586677631820802,临沂,676718,1
4626569273236487,临沂,1477427,1
4599271842112513,临沂,1477427,1
4582451273393154,临沂,1477427,1
4624991703968783,临沂,1477427,1
4612310060542989,临沂,1477427,1
4520611936267275,临沂,1314667,1
4611084573862915,临沂,1477427,1
4611217619411970,临沂,1477427,1
4612554281872396,临沂,1477427,1
4612066723736581,临沂,1477427,1
4583784841882630,临沂,1437434,1
4555761913928718,临沂,1437434,1
4593825758567433,临沂,1380615,1
4593695983803404,临沂,1380615,1
4593822638664715,临沂,1380615,1
4599868216290309,临沂,1380615,1
4629842516190223,临沂,1380615,1
4607913661948934,临沂,1380615,1
4436822614027272,临沂,1314667,1
4513226878985229,临沂,677228,1
4232766871756810,临沂,1520533,1
4586879598074881,临沂,1388623,1
4627747896830985,临沂,1088120,1
4614205626033152,临沂,1087497,1
3595762430173199,临沂,1087497,1
4503224291597313,临沂,1087497,1
4601200437140487,临沂,1087497,1
4606959703942148,临沂,1087497,1
4486188564110345,临沂,1087497,1
4630878674938882,临沂,1087497,1
3842719054159879,临沂,1087497,1
4535761049148427,临沂,1087497,1
3546321378911237,临沂,1087497,1
4504592578718727,临沂,1388623,1
4627132695503885,临沂,677228,1
4625288585929728,临沂,1388623,1
4403013226376193,临沂,1388623,1
4626270623917063,临沂,1388623,1
4615663228265475,临沂,677097,1
4181605736094735,临沂,677097,1
4565445309309962,临沂,677097,1
4572562912832518,临沂,677097,1
4504588526724106,临沂,677097,1
4516331711278089,临沂,677228,1
4600651520875531,临沂,677228,1
4513350516288518,临沂,677228,1
4578189931242497,临沂,713981,1
4605142526614543,临沂,1050117,1
4632116392860677,临沂,1446810,1
4609617175718912,临沂,1050117,1
4254346413054984,临沂,1007308,1
4500262300802058,临沂,972616,1
4603599749688325,临沂,972616,1
4629312975070214,临沂,972616,1
4616637718506502,临沂,972616,1
4500843717925895,临沂,972616,1
4603664286835720,临沂,972616,1
4532606551170057,临沂,972616,1
4494924813200398,临沂,972616,1
4612410959537167,临沂,972616,1
4621319843228682,临沂,972616,1
4625511797498893,临沂,1295651,1
4576022741117957,临沂,1295651,1
4615501709599758,临沂,1217086,1
4619464617683977,临沂,1217086,1
4615392719645707,临沂,1314669,1
4611157407296513,临沂,1007308,1
4626697858016256,临沂,1020108,1
4533030849143813,临沂,1269239,1
4616960939353090,临沂,678160,1
4077321873157132,临沂,1180816,1
4614930551434240,临沂,1269239,1
4623785188418571,临沂,1180816,1
4564014989861901,临沂,1180816,1
4485072643517443,临沂,1180816,1
4491114475807747,临沂,1180816,1
4578231537376270,临沂,1180816,1
4479377744272393,临沂,1180816,1
4407527138274310,临沂,1180816,1
4544517001305095,临沂,1180816,1
4548923235050504,临沂,1180816,1
4616567104351233,临沂,1269239,1
4623360439446535,临沂,1314669,1
4621977411593229,临沂,1314669,1
4620890125413387,临沂,1314669,1
4585663338130445,临沂,1087495,1
4514486082722820,临沂,676996,1
4622491055758339,临沂,972730,1
4632214013176835,临沂,972730,1
4578256368165896,临沂,972730,1
4538494552613901,临沂,972730,1
4543177977732103,临沂,972730,1
4527146011059213,临沂,972730,1
4547342659707914,临沂,972730,1
4508905115163650,临沂,972730,1
4632389100973058,临沂,972730,1
4598068399449089,临沂,972730,1
4578580403313668,临沂,1087495,1
4626622654618629,临沂,676996,1
4578589945717774,临沂,1087495,1
4578585221372943,临沂,1087495,1
4516049712407562,临沂,1087495,1
4628368161989643,临沂,1087495,1
4622114315559946,临沂,1087495,1
4516333360110606,临沂,1087495,1
4526136314946567,临沂,1050117,1
4593816150879240,临沂,1050117,1
4536429169026055,临沂,1050117,1
4525944498056201,临沂,1050117,1
4526003101264908,临沂,1050117,1
4618103637650443,临沂,1050117,1
4594253227158530,临沂,676996,1
4595471936412686,临沂,676996,1
4615304743070734,临沂,1314669,1
4617810042117120,临沂,1314669,1
4615519320202251,临沂,1314669,1
4632354448960515,临沂,1183685,1
4507489481239556,临沂,676996,1
4616821521622016,临沂,1183685,1
4011797453384708,临沂,1647258,1
4631061614011395,临沂,992363,1
4595556855868422,临沂,676996,1
4590980461501447,临沂,676996,1
4617720061633540,临沂,1278453,1
4615091489121280,临沂,1278453,1
4610994505081868,临沂,1278453,1
4605683942501383,临沂,973283,1
4633807124799496,临沂,1667757,1
4552899463113737,临沂,1667757,1
4522986182548485,临沂,1667757,1
4273063041543172,临沂,1667757,1
4541306160880655,临沂,677632,1
4616897018735631,临沂,1380498,1
4354767324879878,临沂,1380498,1
4017542031957004,临沂,1380498,1
3672265996196865,临沂,1380498,1
4611398206450701,临沂,1198335,1
4549889718428686,临沂,1198335,1
4406938615049226,临沂,1198335,1
4610837096197135,临沂,1198619,1
4442731754073102,临沂,1198619,1
4614050029415438,临沂,1198619,1
4511959539493896,临沂,1198619,1
4622097781810181,临沂,1198619,1
4595645174473734,临沂,1198619,1
4591260749507584,临沂,1198619,1
4596880906380289,临沂,1198619,1
4507640831994890,临沂,1198619,1
4508929246092303,临沂,1198619,1
4534679840447492,临沂,1062982,1
4633645539810319,临沂,1062982,1
4522995330210818,临沂,1667757,1
4582513565363210,临沂,1667757,1
4631977971522573,临沂,1667757,1
4514963313484813,临沂,973135,1
4620623938350089,临沂,677927,1
4415385213051919,临沂,677927,1
4312448532405248,临沂,973076,1
4611356393757698,临沂,973076,1
4595199134030860,临沂,973076,1
4625488568148997,临沂,973076,1
4622091540587534,临沂,973076,1
4613257623333898,临沂,973076,1
4312387281185802,临沂,973076,1
4621968648006666,临沂,973076,1
4346229112482830,临沂,973076,1
4595209382505474,临沂,973076,1
4625286781166604,临沂,973135,1
4593050579119107,临沂,1667757,1
4576976825773068,临沂,973135,1
4630475961689102,临沂,973135,1
4487875064163333,临沂,1667757,1
4627894191631368,临沂,1667757,1
4595268189690886,临沂,1062982,1
4607949712157708,临沂,938789,1
4631002081635330,临沂,1135229,1
4628065285202944,临沂,1135229,1
4565480976849928,临沂,1135229,1
4580963293502474,临沂,1025061,1
4517313655168002,临沂,938789,1
4565819203677199,临沂,938789,1
4626265988619279,临沂,938789,1
4607186282769422,临沂,938789,1
4545569496278017,临沂,938789,1
4480659288402945,临沂,938789,1
4626316314254349,临沂,938789,1
4607890694595594,临沂,938789,1
4632318497467405,临沂,938789,1
4630956062731274,临沂,1446810,1
4494984326097926,临沂,1446810,1
4614268727223310,临沂,1446810,1
4632531743431683,临沂,1446810,1
4632558132749324,临沂,1446810,1
4446746412702724,临沂,1446810,1
4505233173158917,临沂,1446810,1
4629282423577600,临沂,1446810,1
4602354927606799,临沂,678347,1
4568387494358028,临沂,973260,1
4627577266658319,临沂,678347,1
4622008493253646,临沂,973260,1
4606788233092105,临沂,973260,1
4514527104822282,临沂,973260,1
4620833290198026,临沂,973260,1
4633751250199563,临沂,973260,1
4633700163689474,临沂,973260,1
4625245738310669,临沂,973260,1
4365055610347522,临沂,973260,1
4579617566729228,临沂,973260,1
4591266303601676,临沂,677927,1
4591272208296971,临沂,677927,1
4470860250948618,临沂,677927,1
4279830403259397,临沂,713737,1
4535626126941193,临沂,1236475,1
4624919508247560,临沂,1236475,1
4468408881650699,临沂,1236475,1
4593753988244494,临沂,1236475,1
4593812211411971,临沂,1236475,1
4629211430528008,临沂,1236475,1
4535004037606409,临沂,713737,1
4616742409921539,临沂,713737,1
4634089432473615,临沂,713737,1
4468440669121542,临沂,713737,1
4622652294179845,临沂,713737,1
4628140966306828,临沂,1236475,1
4616535185300482,临沂,713737,1
4592721531331585,临沂,713737,1
4633259524858882,临沂,713737,1
4522012055954443,临沂,713737,1
4633591834405892,临沂,972761,1
4464584341560329,临沂,1214944,1
4419388802411532,临沂,1214944,1
4498534694265871,临沂,1214944,1
4134942056537102,临沂,1012958,1
4614321500152834,临沂,1012958,1
4612207882972162,临沂,1012958,1
4612213605374986,临沂,1012958,1
4626683607903247,临沂,1236475,1
4631230467859466,临沂,1236475,1
4558334222855171,临沂,1012958,1
4269257524568073,临沂,1199089,1
4605031218748417,临沂,973283,1
4603955696888837,临沂,1489179,1
4378635910718473,临沂,1489179,1
4625188637285378,临沂,1489179,1
4578114295407616,临沂,1489179,1
4494764508589061,临沂,1489179,1
4621025325081602,临沂,1489179,1
4548754158709769,临沂,1489179,1
4623512857865226,临沂,1489179,1
4597218452986885,临沂,1489179,1
4525015054703622,临沂,1489179,1
4376041593940998,临沂,1199089,1
4596502738723846,临沂,1199089,1
4489384735628299,临沂,1432987,1
4616683940127746,临沂,1199089,1
4364725711004677,临沂,1199089,1
4589978507455498,临沂,1199089,1
4594922680310798,临沂,1199089,1
4583059535012876,临沂,1199089,1
4624768162114575,临沂,1199089,1
4622115152485385,临沂,1199089,1
3309782304251917,临沂,1432987,1
4568234802830351,临沂,1432987,1
4605597370229767,临沂,1432987,1
4535947730250759,临沂,1432987,1
4630839854607369,临沂,1432987,1
4527606096174085,临沂,1012958,1
4603669418351630,临沂,1012958,1
4620985124367362,临沂,677927,1
4547137542530052,临沂,1059283,1
4530183250078726,临沂,1059283,1
4552795563109379,临沂,1059283,1
4538857743461385,临沂,1059283,1
4513485920168974,临沂,1059283,1
4623533881582604,临沂,1203464,1
4626304640328719,临沂,1155308,1
4308506044509191,临沂,1155308,1
4567222870158351,临沂,1155308,1
4477432553892866,临沂,1155308,1
4622268444498951,临沂,1155308,1
4617795334956047,临沂,1155308,1
4627737013873665,临沂,973141,1
4608357639906317,临沂,677927,1
4534551497907208,临沂,1203464,1
4619253234754572,临沂,1012958,1
4509231862160398,临沂,677071,1
4619812687797254,临沂,1012958,1
4504904741872646,临沂,1012958,1
4515064722088968,临沂,766262,1
4256789548228623,临沂,766262,1
4549843277126670,临沂,766262,1
4476557916529670,临沂,766262,1
4313540906167309,临沂,766262,1
4371530869971982,临沂,766262,1
4572796245044228,临沂,766262,1
4456408173159430,临沂,766262,1
3286086701735942,临沂,766262,1
4515060269313025,临沂,766262,1
4492054406228997,临沂,677071,1
4577006621975559,临沂,1388610,1
4616505330969608,临沂,677071,1
4611249848099849,临沂,677071,1
4630487833406475,临沂,677071,1
4620694943312903,临沂,677071,1
4612255178435597,临沂,677071,1
4309223163145224,临沂,677071,1
4619700793484292,临沂,677071,1
4083377336392715,临沂,677071,1
4621056836985869,临沂,973084,1
4602618715479053,临沂,973084,1
4615153924004870,临沂,1388610,1
4615685456063491,临沂,1388610,1
4555822968019981,临沂,972610,1
4554159750343681,临沂,972610,1
4515873241357319,临沂,972839,1
4632337713835021,临沂,677063,1
4547411090332673,临沂,972645,1
4575569391232012,临沂,972645,1
4486110751386633,临沂,972645,1
4612186915677193,临沂,972645,1
4625180822809606,临沂,972645,1
4598287741066241,临沂,678334,1
4622454193005572,临沂,1073568,1
4610972637293581,临沂,1073568,1
4544664819162113,临沂,1073568,1
4613800714036235,临沂,1073568,1
4629642294404098,临沂,1073568,1
4581052420496396,临沂,1073568,1
4499203157974027,临沂,1073568,1
4499320573453315,临沂,1073568,1
3791264556539917,临沂,713709,1
4630870069275661,临沂,713709,1
4595353056160779,临沂,713709,1
4621211551048719,临沂,713709,1
4605223275715596,临沂,972645,1
4623710537294856,临沂,972645,1
4630800748538883,临沂,972645,1
4564285101681674,临沂,972753,1
4625299166831620,临沂,677063,1
4632259577127946,临沂,677063,1
4608236461564938,临沂,677063,1
4586712588033039,临沂,677063,1
4629156232766465,临沂,677063,1
4588039547544588,临沂,972753,1
4588121571322895,临沂,972753,1
4500821561957379,临沂,972753,1
4355119719555073,临沂,972753,1
4615256248394754,临沂,972753,1
4344511366684686,临沂,972753,1
4595332187008000,临沂,972753,1
4594914399312906,临沂,972753,1
4614976526574602,临沂,972645,1
4593847424363534,临沂,972753,1
4618145081043980,临沂,766560,1
4622278499478533,临沂,766560,1
4439896930558982,临沂,766560,1
4617852689312779,临沂,766560,1
4578505339087886,临沂,766560,1
4578538486406147,临沂,766560,1
4631967646309381,临沂,766560,1
4578282272627721,临沂,766560,1
4578296971357196,临沂,766560,1
4543060419765259,临沂,766560,1
4557225512328203,临沂,972645,1
4631753396902924,临沂,713709,1
4622240142582799,临沂,713709,1
4317975861239809,临沂,713709,1
4580022443535361,临沂,972755,1
4428342958433282,临沂,792845,1
4240230743288835,临沂,792845,1
4547032292828163,临沂,676852,1
3757118161231872,临沂,676852,1
2980487501341705,临沂,676852,1
4579802013522945,临沂,676852,1
4428537920445447,临沂,676852,1
4572869936964612,临沂,676852,1
4575255452965894,临沂,676852,1
4626395013966853,临沂,676852,1
4600742655026181,临沂,676852,1
4600731628706830,临沂,676852,1
4632222428683271,临沂,972755,1
4578201955609604,临沂,792845,1
4609671353115658,临沂,972755,1
4612113061157902,临沂,972755,1
4630892519760910,临沂,972755,1
4612130182016009,临沂,972755,1
4609829162331138,临沂,678326,1
4571070923611150,临沂,678326,1
4626031965084672,临沂,678326,1
4601172551623684,临沂,678326,1
4467862279543818,临沂,678326,1
4506357197122568,临沂,678326,1
4616304094669824,临沂,678326,1
4535619759383560,临沂,678326,1
4428530015464450,临沂,792845,1
4239178197117958,临沂,792845,1
4626421532093441,临沂,713709,1
4619678810711052,临沂,941014,1
4631285477221382,临沂,713709,1
4632093347390465,临沂,713709,1
4326145689362439,临沂,677478,1
4603955005957120,临沂,677478,1
4542741860836360,临沂,677478,1
4593822426899463,临沂,677478,1
4007740296568839,临沂,677478,1
4429722465264641,临沂,677478,1
4613507080072198,临沂,677478,1
4599295059209217,临沂,677478,1
3984838518808587,临沂,677478,1
4633416758027266,临沂,677478,1
4600101412301835,临沂,941014,1
4130863351192577,临沂,792845,1
4554148051690501,临沂,941014,1
4591405625058309,临沂,941014,1
4543158154718223,临沂,941014,1
4575878475916303,临沂,941014,1
4527562772458500,临沂,941014,1
4575669023616015,临沂,941014,1
4592329258544135,临沂,941014,1
4548747102088206,临沂,941014,1
4540067214124042,临沂,792845,1
4622128070763530,临沂,792845,1
4612089568648206,临沂,792845,1
4605453465984011,临沂,792845,1
4599733814043658,临沂,677063,1
4391708464864260,临沂,677063,1
4619199084815371,临沂,678326,1
4607032753413120,临沂,677063,1
4523459915783169,临沂,676851,1
4626258382285836,临沂,676851,1
4626671861376005,临沂,676851,1
4383622072458247,临沂,676851,1
4560169765397516,临沂,676851,1
4578615949646853,临沂,676851,1
4579598292179982,临沂,676851,1
4615481112075266,临沂,676851,1
4633908317723660,临沂,676851,1
4626686930136071,临沂,676851,1
4476368826215437,临沂,973112,1
4598297575826435,临沂,973112,1
4469849226910733,临沂,973112,1
4567773597195266,临沂,973112,1
4586667397258246,临沂,973112,1
4602294140578816,临沂,1012033,1
4552849844382727,临沂,973080,1
4578445021733899,临沂,677005,1
4552925195611149,临沂,676730,1
4585557035475978,临沂,676730,1
4574290077457414,临沂,676730,1
4472466893921283,临沂,676730,1
4612205702095873,临沂,676730,1
4248685421308942,临沂,676730,1
4574271812525062,临沂,676730,1
4598288324516876,临沂,676730,1
4605293884435458,临沂,676730,1
4284440323648522,临沂,676730,1
4467995217406982,临沂,973080,1
4623722162318350,临沂,973080,1
4605795479641094,临沂,973080,1
4493719086294023,临沂,973080,1
4418020634991618,临沂,973080,1
4620628931208200,临沂,973080,1
4527953760541707,临沂,973080,1
4596544881826823,临沂,973080,1
4558416937315330,临沂,973080,1
4632304601963527,临沂,1012033,1
4629251564545037,临沂,1012033,1
4633448343673857,临沂,1012033,1
4586621804669966,临沂,677623,1
4612124369775622,临沂,973151,1
4602307175898127,临沂,973151,1
4244219487526914,临沂,973151,1
4625050292153352,临沂,973151,1
4574257341572108,临沂,973151,1
4622686746631176,临沂,677623,1
4562761804358657,临沂,677623,1
4592412874140675,临沂,677623,1
4592540058283010,临沂,677623,1
4529013107448839,临沂,677623,1
4621305825516545,临沂,677623,1
4519356709364751,临沂,677623,1
4596540042173442,临沂,677623,1
4583062505298949,临沂,973151,1
4332132582088710,临沂,677623,1
4490618044245007,临沂,677660,1
4428462109549574,临沂,677660,1
4629082512876550,临沂,677660,1
4579919145786370,临沂,677660,1
4169405764246540,临沂,677660,1
4334662843689998,临沂,677660,1
3646755080314894,临沂,677660,1
4611113422707715,临沂,677660,1
4278147726629903,临沂,677660,1
4612188468896770,临沂,677660,1
4603844179958790,临沂,677063,1
4574477354933254,临沂,973151,1
4602311641129993,临沂,973151,1
4513773713546245,临沂,1012033,1
4596952020933640,临沂,714085,1
4629163358903297,临沂,1012033,1
4538927072123912,临沂,1012033,1
4589441099146245,临沂,1012033,1
4243207986392072,临沂,1012033,1
4574233259486211,临沂,1012033,1
4606462202289160,临沂,714085,1
4591147865056268,临沂,714085,1
4599417373678602,临沂,714085,1
4545967406111751,临沂,714085,1
4617783923780611,临沂,714085,1
4578584587086856,临沂,714085,1
4564387029543944,临沂,714085,1
4520180253142023,临沂,714085,1
4546046291532811,临沂,973151,1
4633533399655427,临沂,714085,1
4616309156862989,临沂,909866,1
4626832377439235,临沂,909866,1
4517524416715791,临沂,909866,1
4534732424551428,临沂,909866,1
4632159269461007,临沂,909866,1
4617999574180865,临沂,909866,1
4632162274335758,临沂,909866,1
4576744043570184,临沂,909866,1
4622430884047872,临沂,909866,1
4508994775016462,临沂,909866,1
4613986982517762,临沂,973151,1
4598370756240395,临沂,678326,1
4489411353979913,临沂,863271,1
4554066706373642,临沂,972982,1
4615446133218310,临沂,972778,1
4623568517520386,临沂,1007304,1
4612412753814534,临沂,1007304,1
4601279559640069,临沂,1007304,1
4564192097364994,临沂,1007304,1
3657079423067149,临沂,991341,1
4537264341376004,临沂,991341,1
4612311934540801,临沂,991341,1
4626027561376768,临沂,991341,1
4607319517473806,临沂,991341,1
4612306460453901,临沂,991341,1
4230243876039686,临沂,991341,1
4618045548583947,临沂,991341,1
4411101623512072,临沂,991341,1
4623925462227979,临沂,991341,1
4622690475516942,临沂,792843,1
4287952989233153,临沂,792843,1
4530549841980422,临沂,792843,1
4471183989990407,临沂,792843,1
4577152369615882,临沂,678263,1
4630898134690818,临沂,678263,1
4509172098132995,临沂,678263,1
4619546842622986,临沂,676883,1
4612131420531713,临沂,676883,1
4611131817204743,临沂,676883,1
4624863353052165,临沂,678323,1
4616709280275470,临沂,972778,1
4624951418477580,临沂,972778,1
4626949898365955,临沂,972778,1
4624828869813260,临沂,972778,1
4619185406565379,临沂,678323,1
4579909511113732,临沂,678323,1
4572517475621898,临沂,678323,1
4496451272125442,临沂,678323,1
4584161242342411,临沂,678323,1
4599456201387012,临沂,678323,1
4614896299846664,临沂,678323,1
4584192523463687,临沂,678323,1
4384293535407110,临沂,678323,1
4626307402048516,临沂,676883,1
4491168374758403,临沂,973157,1
4599748691143691,临沂,973157,1
4561404339577860,临沂,973157,1
4599771537169415,临沂,973157,1
4605365978618886,临沂,973157,1
4578693672180738,临沂,973157,1
4622705174944778,临沂,676883,1
4565876349905932,临沂,676883,1
4612485412711426,临沂,676883,1
4624252949568514,临沂,676883,1
4531831345441801,临沂,676883,1
4632368800947214,临沂,676883,1
4586720644803592,临沂,678263,1
4622426413147141,临沂,678263,1
4609630763705344,临沂,678263,1
4517805067971587,临沂,972721,1
4626505953453058,临沂,1018019,1
4500996544015371,临沂,1018019,1
4578490761108483,临沂,1018019,1
4493631927100430,临沂,1018019,1
4538927595234304,临沂,1018019,1
4626585909238788,临沂,1018019,1
4593940418010112,临沂,1018019,1
4606533083603970,临沂,1018019,1
4622542891066378,临沂,1018019,1
4633590773406720,临沂,1018019,1
4565745164086278,临沂,972721,1
4619282756611081,临沂,972721,1
4605059444567053,临沂,972721,1
4623590105703431,临沂,972721,1
4528963338066957,临沂,972721,1
4625312282024965,临沂,972721,1
4578685792332811,临沂,972721,1
4614219578698758,临沂,972721,1
4603863566492686,临沂,972721,1
4612183086062601,临沂,972982,1
4548825412019200,临沂,972982,1
4623640265436161,临沂,972982,1
4594026910526477,临沂,972982,1
4596976652837888,临沂,972982,1
4516118768397313,临沂,678263,1
4581468451204110,临沂,677843,1
4612159021327368,临沂,678263,1
4573203955985409,临沂,1280431,1
4466774501809163,临沂,1280431,1
4498890259684352,临沂,1280431,1
4560136281498624,临沂,1280431,1
4602424417133574,临沂,1280431,1
4630882240191499,临沂,1280431,1
4487579722490890,临沂,1280431,1
4633733545647118,临沂,1280431,1
4464380534828044,临沂,1280431,1
4608297930218499,临沂,1280431,1
4363463791812617,临沂,677843,1
4623544394228744,临沂,677843,1
4572853716872202,临沂,677843,1
4595880464690184,临沂,677843,1
4606794346671110,临沂,677843,1
4620581494238210,临沂,677843,1
4587052034595847,临沂,677843,1
4587076371506191,临沂,677843,1
4092544620699650,临沂,677843,1
4572868465058822,临沂,1186429,1
4576812397456390,临沂,1186429,1
4592676071400449,临沂,1186429,1
4554110263733250,临沂,972778,1
4609379103890446,临沂,972778,1
4323475491740676,临沂,863271,1
4576693526604808,临沂,972778,1
4536035322274823,临沂,909865,1
4633899375027212,临沂,909865,1
4582504202202126,临沂,945212,1
4608032114402319,临沂,945212,1
4515053845945345,临沂,945212,1
4588405831459851,临沂,945212,1
4609321478644737,临沂,945212,1
3948119976766474,临沂,945212,1
4629075233762308,临沂,945212,1
4608213309402116,临沂,945212,1
4477729351736335,临沂,945212,1
4629081838134278,临沂,945212,1
4605803396752394,临沂,972614,1
4633389130836992,临沂,972614,1
4541510660746255,临沂,972614,1
4489000192613388,临沂,972614,1
4623634623278082,临沂,972614,1
4603828306488323,临沂,972614,1
4616796049058818,临沂,972614,1
4627930651945989,临沂,972614,1
4603785155587082,临沂,972614,1
4531702982142986,临沂,972614,1
4613554090009606,临沂,1187592,1
4617854009779203,临沂,1187592,1
4629220705917958,临沂,1187592,1
4624937425263624,临沂,678211,1
4563993055747077,临沂,678211,1
4449680661670916,临沂,909865,1
4632565587549190,临沂,909865,1
4443825316439052,临沂,909865,1
4617848905638920,临沂,972609,1
4482288936807428,临沂,863271,1
4486139838753806,临沂,863271,1
4623478375640077,临沂,863271,1
4579542304121856,临沂,863271,1
4626348391048198,临沂,863271,1
4624851467316237,临沂,863271,1
4602213256260621,临沂,863271,1
4522221633559560,临沂,863271,1
4585508550044672,临沂,972609,1
4527656847303694,临沂,972609,1
4623553817158664,临沂,972609,1
4554408439323649,临沂,972609,1
4619266437508109,临沂,972609,1
4624936354290689,临沂,909865,1
4611041760797699,临沂,972609,1
4530269780270089,临沂,972609,1
4609370188964865,临沂,972609,1
4626287736237061,临沂,972609,1
4592418147916815,临沂,677603,1
4621032307336198,临沂,677603,1
4616540403280909,临沂,677603,1
4621025983081476,临沂,677603,1
4632230012857344,临沂,909865,1
4606294240930829,临沂,909865,1
4569741222632459,临沂,909865,1
4633369634024449,临沂,909865,1
4606794352352271,临沂,678211,1
4625280327113742,临沂,678211,1
4534639486692360,临沂,678211,1
4581185090790404,临沂,676885,1
3812599735164942,临沂,779965,1
4604458057081867,临沂,779965,1
4619050969963521,临沂,779965,1
4598277868739591,临沂,779965,1
4487714033099779,临沂,676885,1
4463745120347145,临沂,676885,1
4514517877238785,临沂,676885,1
4568849039830019,临沂,676885,1
4431335361438725,临沂,676885,1
4629536956525581,临沂,676885,1
4487720906861583,临沂,676885,1
4577122571299852,临沂,676885,1
4602180080802816,临沂,676885,1
4633611281933313,临沂,779965,1
4584440012385295,临沂,766265,1
4595697814989825,临沂,766265,1
4633679718718467,临沂,766265,1
4630942717635585,临沂,766265,1
4617944246526980,临沂,766265,1
4625256420715534,临沂,766265,1
4625300094852109,临沂,766265,1
4628293237007375,临沂,766265,1
4048511817866242,临沂,766265,1
4622473737018381,临沂,766265,1
4618179110265862,临沂,972778,1
4633728875535365,临沂,972778,1
4631959824391178,临沂,779965,1
4617925848017923,临沂,779965,1
4598338236361735,临沂,678211,1
4508973276388352,临沂,678321,1
4624951302185996,临沂,678211,1
4614091268189187,临沂,678211,1
4565401156836365,临沂,678211,1
4627962651630597,临沂,678211,1
4544435084076047,临沂,678321,1
4558451473685513,临沂,678321,1
4620753926136842,临沂,678321,1
4605361811006465,临沂,678321,1
4533290329072642,临沂,678321,1
4615274844070927,临沂,678321,1
4591296286663687,临沂,678321,1
4510289597062156,临沂,678321,1
3907705570533391,临沂,678321,1
4516043477214212,临沂,779965,1
4598295476759553,临沂,913066,1
4598333523078150,临沂,913066,1
4631977927306250,临沂,913066,1
3921245515244557,临沂,913066,1
4571045009464321,临沂,913066,1
4408312806665227,临沂,913066,1
4531832420099082,临沂,913066,1
4631958999374849,临沂,913066,1
4602266234711051,临沂,913066,1
3846810894083072,临沂,913066,1
4013627599576065,临沂,779965,1
4535965893157902,临沂,779965,1
4538784979379215,临沂,677005,1
3992269007494158,临沂,677005,1
4576697217950723,临沂,677005,1
4633956844544005,临沂,972853,1
4517531972119563,临沂,972926,1
4632111302601732,临沂,972926,1
4619233558637583,临沂,972926,1
4603601021836297,临沂,972926,1
4613844265839626,临沂,972926,1
4600736280241156,临沂,972926,1
4626297657453582,临沂,972926,1
4421383594320904,临沂,972926,1
4241777667873800,临沂,972926,1
4598750178073603,临沂,938791,1
4617841524530184,临沂,938791,1
4578820188527622,临沂,676903,1
4098674288831491,临沂,713691,1
4245853913653261,临沂,713691,1
4576724067458056,临沂,713691,1
4554119753145350,临沂,713691,1
4633709397828615,临沂,713691,1
4464915871144964,临沂,713691,1
4504535051856901,临沂,713691,1
4597258274511886,临沂,713691,1
4337954123455493,临沂,713691,1
4590126081862662,临沂,713691,1
4622344166796296,临沂,677674,1
4623892251532301,临沂,972926,1
4524634292460548,临沂,945157,1
4624769367157770,临沂,945157,1
4297969349255171,临沂,677555,1
4595094286937093,临沂,912196,1
4616563056469002,临沂,912196,1
4616552565922823,临沂,912196,1
4592373382409220,临沂,912196,1
4569940645014541,临沂,912196,1
4605180814367757,临沂,912196,1
4565489718895620,临沂,912196,1
4622483217849359,临沂,912196,1
4565496574974978,临沂,912196,1
4380167492348929,临沂,677555,1
4602224784354319,临沂,677555,1
4535807173108751,临沂,677555,1
4486213837413381,临沂,677555,1
4502331303468038,临沂,945157,1
4629260121549828,临沂,677555,1
4394245674019845,临沂,677555,1
4626589368722436,临沂,677555,1
4611296397057031,临沂,677555,1
4631540024060932,临沂,677555,1
4620276558650379,临沂,945157,1
4405979515857933,临沂,945157,1
4523548633326604,临沂,945157,1
4626576482327557,临沂,945157,1
4538476213312523,临沂,945157,1
4612446705820673,临沂,945157,1
4533488128994308,临沂,945157,1
4557183972580362,临沂,677674,1
4558574391731200,临沂,677674,1
4441789355813893,临沂,677674,1
4624053557500938,临沂,676876,1
4575325303956493,临沂,676895,1
4549914786999303,临沂,676895,1
4572685824023564,临沂,676895,1
4357403460247552,临沂,676895,1
4581729033956356,临沂,676895,1
4608156755340293,临沂,676876,1
1718731752301583,临沂,676876,1
4527138091557903,临沂,676876,1
4476501460495366,临沂,676876,1
4592505767797772,临沂,676876,1
4604073699552259,临沂,676876,1
4604072373955584,临沂,676876,1
4602217059871747,临沂,676876,1
4632251400135690,临沂,676895,1
3264556672637953,临沂,676876,1
4633469747063809,临沂,972711,1
4605634114790408,临沂,972711,1
4558398067221507,临沂,972711,1
4612460887960591,临沂,972711,1
4629874234694671,临沂,972711,1
4612414765163533,临沂,972711,1
2960361611009028,临沂,972711,1
4603538326397967,临沂,972711,1
4590042912285701,临沂,972711,1
4599389358547971,临沂,972711,1
4620864098460683,临沂,677162,1
4532984726510605,临沂,676895,1
4399918371105804,临沂,676895,1
4579911641424898,临沂,677674,1
4478359385336840,临沂,767016,1
4615495982113793,临沂,677674,1
4549432607009802,临沂,677674,1
4571455552805901,临沂,677674,1
4560274941910031,临沂,677674,1
4341895527914504,临沂,677674,1
4613952960324617,临沂,767016,1
4496314581642247,临沂,767016,1
4444152011627532,临沂,767016,1
4484625699431430,临沂,767016,1
4633641563614223,临沂,767016,1
4629535140621317,临沂,767016,1
4548357549747208,临沂,767016,1
4290032850296841,临沂,767016,1
4624874436832264,临沂,676895,1
4631927960902656,临沂,767016,1
4573891198282761,临沂,766264,1
4626276242336771,临沂,766264,1
4535854644947983,临沂,766264,1
4624828358585355,临沂,766264,1
4472870014936069,临沂,766264,1
4428131892108296,临沂,766264,1
4617769849660417,临沂,766264,1
4611154174747663,临沂,766264,1
4467873818993668,临沂,766264,1
4621293057055759,临沂,766264,1
4589554593770501,临沂,676895,1
4568666022896646,临沂,912196,1
4594399452980233,临沂,972853,1
4612402839006211,临沂,677005,1
4589501677349902,临沂,972853,1
4632405287922695,临沂,1214941,1
4609593638231041,临沂,1073544,1
4629899511245825,临沂,1073544,1
4606873474276355,临沂,1073544,1
4485091773162505,临沂,1073544,1
4612110196075520,临沂,1073544,1
4629189713521668,临沂,1073544,1
4318224387530757,临沂,1073544,1
4624820232821772,临沂,1073544,1
4543272621599754,临沂,1073544,1
4625223674520584,临沂,1073544,1
4632401402063878,临沂,972654,1
4551387468475392,临沂,972654,1
4500293215839236,临沂,972654,1
4449567137801218,临沂,972654,1
4599958824791043,临沂,972654,1
4622404100615170,临沂,972654,1
4603664631571456,临沂,972654,1
4488990457469963,临沂,972654,1
4608288013904906,临沂,972654,1
4629515886369804,临沂,972654,1
4592228210961414,临沂,972644,1
4374317565090821,临沂,972644,1
4615277256350727,临沂,972644,1
4588390017231886,临沂,972644,1
4608646242819084,临沂,972644,1
4587072880274441,临沂,972644,1
4605222493627395,临沂,1214941,1
4616446851787780,临沂,1214941,1
4499422327495692,临沂,1214941,1
4570032618658816,临沂,1012032,1
4575928536181774,临沂,676860,1
4565363842964492,临沂,676860,1
4503161866152971,临沂,677050,1
4473833931414533,临沂,677050,1
4548660016192520,临沂,677050,1
4608319927213060,临沂,677050,1
4552690040036357,临沂,677050,1
4606715381099526,临沂,677050,1
4503421101485064,临沂,677050,1
4596579760907279,临沂,677050,1
4541882614357007,临沂,677050,1
4606724850953223,临沂,677050,1
4599711301297157,临沂,1012032,1
4627751368121355,临沂,1214941,1
4580080591330304,临沂,1012032,1
4563045577595915,临沂,1012032,1
4506571421326346,临沂,1012032,1
4625422880056334,临沂,1012032,1
4565825811639303,临沂,1012032,1
4579652377484296,临沂,1012032,1
4554334308328454,临沂,1012032,1
4633284457128968,临沂,1012032,1
4616739743245324,临沂,1214941,1
4442722093933569,临沂,1214941,1
4609405154651150,临沂,1214941,1
4022109364214788,临沂,1214941,1
2153789393050626,临沂,972644,1
4615380720380942,临沂,972644,1
4601006237920261,临沂,972644,1
4623413398580235,临沂,1085915,1
4632399604362240,临沂,678246,1
4384465398834181,临沂,678246,1
4630905907094528,临沂,678247,1
4534539635497985,临沂,678247,1
4614950146137092,临沂,678247,1
4520474815210504,临沂,678247,1
4629235498703884,临沂,678247,1
4618117811842060,临沂,1085915,1
4618158137777160,临沂,1085915,1
4599726454959111,临沂,1085915,1
4602616539851776,临沂,1085915,1
4568560593134603,临沂,1085915,1
4537510762474505,临沂,677912,1
4474841138832392,临沂,678246,1
4626352502758410,临沂,677912,1
4633416069833742,临沂,677912,1
4626426671916033,临沂,677912,1
4602560391930895,临沂,677912,1
4539916388641796,临沂,677044,1
4599606772392970,临沂,972853,1
4539145293687808,临沂,972853,1
4604975098682377,临沂,972853,1
4518867943304198,临沂,972853,1
4517633095347215,临沂,972853,1
4600878569335823,临沂,972853,1
4609327697619972,临沂,972853,1
4591415903280128,临沂,678246,1
4468129693639692,临沂,678246,1
4218521386052621,临沂,972644,1
4608246552194050,临沂,972959,1
4631988192668683,临沂,954714,1
4585210681353227,临沂,954714,1
4610924157541391,临沂,954714,1
4602348205843465,临沂,954714,1
4572585825659914,临沂,954714,1
4623686437331969,临沂,972959,1
4608132330036230,临沂,972959,1
4607197382958095,临沂,972959,1
4633611304905731,临沂,972959,1
4582811930684418,临沂,972959,1
4612157122518025,临沂,972959,1
4584138652132361,临沂,972959,1
4509148818648066,临沂,678246,1
4616628192224260,临沂,972959,1
4610765536748555,临沂,972959,1
4623893387355145,临沂,1491600,1
4623293694075916,临沂,1491600,1
4430869012442118,临沂,1491600,1
4244089479929870,临沂,1491600,1
4556854359583751,临沂,1491600,1
4623789701784584,临沂,1491600,1
4623878269148167,临沂,1491600,1
4598381241805838,临沂,678246,1
4617760277982209,临沂,678246,1
4616383217757194,临沂,678246,1
4627818927184908,临沂,677162,1
4631012572736524,临沂,677162,1
4606831927139336,临沂,677162,1
4619839108523017,临沂,677162,1
4254197439638529,临沂,972602,1
4600259330284558,临沂,972602,1
4578408731569165,临沂,972602,1
4614010031940619,临沂,972602,1
4551445714709519,临沂,972602,1
4619318006897677,临沂,972602,1
4525745970226188,临沂,972943,1
4578517401250829,临沂,972943,1
4605569073961989,临沂,972943,1
4622574158404623,临沂,972943,1
4623408437619720,临沂,972943,1
4605157650623502,临沂,972943,1
4605100609068033,临沂,972943,1
4604005055900684,临沂,972943,1
4621198246288384,临沂,972943,1
4622615404747779,临沂,972943,1
4619616456301581,临沂,972942,1
4619639881833486,临沂,972942,1
4593777529891851,临沂,972942,1
4619625844005902,临沂,972942,1
4619875544194048,临沂,972942,1
4548970964853765,临沂,972942,1
4620763710958593,临沂,972942,1
4562901263197184,临沂,972942,1
4575312598014988,临沂,972942,1
4384412702909452,临沂,972942,1
4615342781670409,临沂,677811,1
4062649364376579,临沂,972602,1
4607151007869967,临沂,972602,1
3977199111384079,临沂,972602,1
4092651006058498,临沂,1088115,1
4581444920370181,临沂,973271,1
4578315244905484,临沂,973271,1
4578330164702208,临沂,973271,1
4581396775920649,临沂,973271,1
4625106523053064,临沂,973271,1
4605299711271938,临沂,973271,1
4431154373221377,临沂,1088115,1
4569716529650691,临沂,1088115,1
3515051591080963,临沂,1088115,1
4569710514363405,临沂,1088115,1
4566878451622926,临沂,1088115,1
4497798413016075,临沂,1088115,1
4613824010445828,临沂,972602,1
4587135243754511,临沂,1088115,1
4629763324910601,临沂,1088115,1
4092658105363456,临沂,1088115,1
4574421450271755,临沂,677664,1
4612266385630221,临沂,677664,1
4599834359933955,临沂,677664,1
4541789422199819,临沂,677664,1
4617836256914441,临沂,677664,1
4603864912258053,临沂,677664,1
4523615150482433,临沂,677664,1
4607097290169359,临沂,677664,1
4629146073750529,临沂,677664,1
4541966074207244,临沂,677811,1
4619525941455876,临沂,677811,1
4609487481170948,临沂,677811,1
4632655802428418,临沂,677211,1
4592368189430793,临沂,972597,1
4612812866036750,临沂,972597,1
4611210040927237,临沂,972597,1
4623539600387083,临沂,972597,1
4591507593815055,临沂,972597,1
4630950688992260,临沂,972597,1
4467046882550787,临沂,972597,1
4545526389152782,临沂,972597,1
4612092852593677,临沂,972597,1
4608613868706820,临沂,972597,1
3988275540745223,临沂,677211,1
4602585162507265,临沂,676751,1
4575479719783427,临沂,677005,1
4609694483653633,临沂,677005,1
3931685536784389,临沂,677005,1
4626627054429198,临沂,677005,1
4623572801874956,临沂,677005,1
4606944326462466,临沂,677211,1
4602217408322572,临沂,677211,1
4626692260881408,临沂,677811,1
4630480038812672,临沂,676689,1
4583930877406222,临沂,677811,1
4626668011529226,临沂,677811,1
4631940810695692,临沂,677811,1
4616538327362562,临沂,677811,1
4632242198031369,临沂,677811,1
4586575583292421,临沂,676689,1
4552654993826816,临沂,676689,1
4486175562767368,临沂,676689,1
4599451804720129,临沂,676689,1
4604122671393799,临沂,676689,1
4538723994983425,临沂,676689,1
4510906154363915,临沂,676689,1
4631925861411843,临沂,676689,1
4302255871089671,临沂,677211,1
4631916916976644,临沂,676689,1
4553044315823105,临沂,972700,1
4552678840081412,临沂,972700,1
4449955575569411,临沂,972700,1
4607111763880967,临沂,972700,1
4578202079505408,临沂,972700,1
4539124475108356,临沂,972700,1
4531407919145988,临沂,677211,1
4483307669464065,临沂,677211,1
4631202529504270,临沂,677211,1
4619607145192459,临沂,677211,1
4585509593949199,临沂,677211,1
4560202217856011,临沂,676904,1
4565453221354501,临沂,677600,1
4279501537418246,临沂,677600,1
4516146405303301,临沂,677600,1
4619524916521993,临沂,677600,1
4507415862324231,临沂,677600,1
4578806364529666,临沂,677600,1
4613660280808452,临沂,677600,1
4624697938127878,临沂,677600,1
4534303764096003,临沂,677600,1
4625014888606732,临沂,676904,1
4571593744509962,临沂,676904,1
4624835693915150,临沂,676904,1
4573961516559372,临沂,676904,1
4590916414860292,临沂,678239,1
4626578129953806,临沂,676904,1
4601317258910724,临沂,676904,1
4626408478960652,临沂,676904,1
4231358780349449,临沂,676904,1
4296505575730190,临沂,676904,1
4613635614319629,临沂,677971,1
4614902047534081,临沂,677971,1
4613575932046350,临沂,677971,1
4616358711159815,临沂,677971,1
4607004003331075,临沂,677971,1
3649758631336970,临沂,1195827,1
4620620248067077,临沂,1195827,1
4602963284648962,临沂,677600,1
4578211206781960,临沂,678239,1
4633379094649857,临沂,1195827,1
4364646370745352,临沂,1033355,1
4621830198074371,临沂,677162,1
4616634547629062,临沂,677162,1
4632023847511051,临沂,677162,1
4507602116385798,临沂,677162,1
4625387898741770,临沂,677162,1
4615262373291020,临沂,1033355,1
2593436972559360,临沂,1033355,1
4616812126512131,临沂,1033355,1
4592295995073547,临沂,1033355,1
4584122715806727,临沂,1033355,1
4578173916994568,临沂,1033355,1
4568931993889794,临沂,1033355,1
4579592383409158,临沂,1033355,1
4578228811770881,临沂,678239,1
4582938696328206,临沂,1033355,1
4580863437005831,临沂,991357,1
4464822402243587,临沂,991357,1
4555827605351434,临沂,991357,1
4578468871642126,临沂,991357,1
3290639515967493,临沂,678239,1
4633347717159938,临沂,678239,1
4588319011185667,临沂,678239,1
4493506937400331,临沂,678239,1
3732226715230213,临沂,678239,1
4562954861028356,临沂,678239,1
4316728698760198,临沂,678239,1
4545520880919558,临沂,1195827,1
4626238407205888,临沂,1195827,1
4617950179798018,临沂,1005126,1
4603634940025856,临沂,1108801,1
4542783347385358,临沂,1108801,1
4626254720052233,临沂,1312734,1
4565668418116608,临沂,1312734,1
4515112063411209,临沂,1312734,1
4589826443680774,临沂,1312734,1
4517370807118853,临沂,1312734,1
4614896550304771,临沂,1312734,1
4475126568872970,临沂,1312734,1
4591014533114881,临沂,1312734,1
4591302809951237,临沂,1312734,1
4632326170930189,临沂,1312734,1
4629476270234630,临沂,1005126,1
4598148601338886,临沂,1108801,1
4582446290019341,临沂,1005126,1
4516551521985536,临沂,1005126,1
4516547625214982,临沂,1005126,1
4618040795864065,临沂,1005126,1
4632062616382467,临沂,1005126,1
4615343063770117,临沂,1005126,1
4631006003422218,临沂,1005126,1
4428375693517826,临沂,1005126,1
4503558908896261,临沂,972712,1
4564092765957120,临沂,972712,1
4601163165899776,临沂,972712,1
4523392603745287,临沂,1108801,1
4598371560102920,临沂,1108801,1
4623503961545740,临沂,1195827,1
4588413092635658,临沂,676842,1
4609923145212937,临沂,1195827,1
4581504679111691,临沂,1195827,1
4562669215767566,临沂,1195827,1
4571306201095179,临沂,1195827,1
4496294451702794,临沂,972822,1
4496297746930691,临沂,972822,1
4496294465006595,临沂,972822,1
4605110510265358,临沂,676842,1
4625423299648518,临沂,676842,1
4547365762065415,临沂,676842,1
4532005569506309,临沂,676842,1
4599755130067983,临沂,676842,1
4547382428754949,临沂,676842,1
4612283194008579,临沂,1108801,1
4592713389894669,临沂,676842,1
4333272905100303,临沂,676842,1
4317971146645510,临沂,676842,1
4601162253741062,临沂,1194102,1
4615341705110539,临沂,1194102,1
4609577699650575,临沂,1194102,1
4630488161201155,临沂,1194102,1
4596990214183950,临沂,1194102,1
4612670797802504,临沂,1194102,1
4562598411508744,临沂,1194102,1
4483298925241350,临沂,1194102,1
4600874623935499,临沂,1194102,1
4538994299724814,临沂,972982,1
4620611286737923,临沂,972982,1
3960235272530946,临沂,676860,1
4609755713168398,临沂,973224,1
4632330118192138,临沂,677902,1
4599328661545992,临沂,677902,1
4632272708693004,临沂,677902,1
4595604041051145,临沂,677902,1
4516169027558414,临沂,677030,1
4619697129335816,临沂,1190487,1
4520174248944640,临沂,1190487,1
4615061205183496,临沂,1190487,1
4615435648248832,临沂,1190487,1
4565711218387982,临沂,1190487,1
4626303428420620,临沂,1190487,1
4474833920273416,临沂,1190487,1
4385023067530245,临沂,1190487,1
4483421127271439,临沂,1190487,1
4599755749794823,临沂,1190487,1
4602385480752134,临沂,1226038,1
4619254576045056,临沂,1226038,1
4619348909710340,临沂,1226038,1
4633349040888847,临沂,677902,1
4521611842036744,临沂,677902,1
4626248826870793,临沂,677902,1
4606578163149829,临沂,1001590,1
4631910079831050,临沂,973224,1
4595684517307401,临沂,973224,1
4626450911112195,临沂,973224,1
4480586298289152,临沂,973224,1
4244170278920203,临沂,1001590,1
4589471739784204,临沂,1001590,1
4614977846877184,临沂,1001590,1
4606428499405839,临沂,1001590,1
4337743507233800,临沂,1001590,1
4391753899140096,临沂,1001590,1
4625298645328908,临沂,1001590,1
4599829370940419,临沂,1001590,1
4594162949921795,临沂,1001590,1
4597996693285896,临沂,677902,1
4577149610994691,临沂,676642,1
4627010669587463,临沂,676642,1
4614929936868366,临沂,676642,1
4613708720120846,临沂,676642,1
4622099549742086,临沂,676642,1
4630622309540864,临沂,676642,1
4583820024931329,临沂,676642,1
3782913676353545,临沂,676642,1
4629879588430851,临沂,676642,1
4459863888210959,临沂,676642,1
4583901047071755,临沂,677902,1
4609707143867393,临沂,677902,1
4585364365126669,临沂,1226038,1
4517317259861007,临沂,1226038,1
4616697844685833,临沂,1226038,1
4633837921786890,临沂,923072,1
4632321005251584,临沂,792467,1
4507365150123019,临沂,792467,1
4517331604171790,临沂,792467,1
4554043320572937,临沂,923072,1
4627749270019079,临沂,923072,1
4626369739414532,临沂,923072,1
4624859498048522,临沂,923072,1
4320774380101637,临沂,923072,1
4618376093932550,临沂,923072,1
4602385702444039,临沂,923072,1
4633449903037444,临沂,923072,1
4464916387472390,临沂,923072,1
4613739213120517,临沂,994769,1
4469155263945738,临沂,792467,1
4605501173246990,临沂,994769,1
4540119659011073,临沂,994769,1
4229800529502208,临沂,994769,1
4585542583397376,临沂,994769,1
4615121130398728,临沂,994769,1
4607921513094153,临沂,994769,1
4479432036541445,临沂,994769,1
4592301757357069,临沂,994769,1
4630783922658305,临沂,994769,1
4534564712684559,临沂,678280,1
4601061505623045,临沂,678280,1
4525785284275206,临沂,678280,1
4488949108546564,临沂,792467,1
4582918967714823,临沂,792467,1
4588309583604742,临沂,1226038,1
4578443101465606,临沂,1054214,1
4632374717817866,临沂,1226038,1
4624144702448645,临沂,1226038,1
4626695496866824,临沂,1226038,1
4597984944806926,临沂,1054214,1
4602631808773126,临沂,1054214,1
4606840260664335,临沂,1054214,1
4598251903769601,临沂,1054214,1
4516108258829327,临沂,1054214,1
4613555149202432,临沂,1054214,1
4601061221899269,临沂,1054214,1
4565804110062593,临沂,1054214,1
4586520208780290,临沂,1054214,1
4583910635447300,临沂,792468,1
4583209406522376,临沂,792467,1
4563993700490250,临沂,792468,1
4510940847352834,临沂,792468,1
4620921243704335,临沂,792468,1
4541958321499148,临沂,792468,1
4512013540666374,临沂,792468,1
4592687207195651,临沂,792468,1
4388510514734092,临沂,792468,1
4565468466652164,临沂,792468,1
4604400933610511,临沂,792468,1
4609678266854401,临沂,792467,1
4633667374377999,临沂,792467,1
4591299618122755,临沂,792467,1
4515944343755786,临沂,973224,1
4593911913995278,临沂,973224,1
4605086063488000,临沂,678280,1
4595602626698243,临沂,973224,1
4574231290895371,临沂,864365,1
4633460980390924,临沂,864365,1
4633447633546249,临沂,864365,1
4632009394873347,临沂,864365,1
4632259710147585,临沂,864365,1
4632243993601029,临沂,864365,1
4632230654503950,临沂,864365,1
4606533780120587,临沂,864374,1
4602642830990349,临沂,864374,1
4511732416769034,临沂,864374,1
4633734981020684,临沂,864374,1
4633494790827013,临沂,864374,1
4564657653326854,临沂,864374,1
4485061169093635,临沂,864374,1
4608140720053248,临沂,864374,1
4557266849459214,临沂,676858,1
4557195241217036,临沂,676858,1
4612073762415627,临沂,676858,1
4557279722480642,临沂,676858,1
4089701509880835,临沂,676858,1
4575788928459785,临沂,676858,1
4626311440294919,临沂,676858,1
4578402432003074,临沂,676858,1
4575251523398669,临沂,676858,1
4306646732562432,临沂,676858,1
4568267741993989,临沂,676697,1
4384329058118665,临沂,676697,1
4579616225123332,临沂,864365,1
4514757176730635,临沂,864365,1
4581426604975110,临沂,864365,1
4554167164724224,临沂,871671,1
4618181763066895,临沂,909610,1
4623728645172231,临沂,909610,1
4599835363206148,临沂,909610,1
4515105680436237,临沂,909610,1
4624981097094156,临沂,909610,1
4616739728088070,临沂,909610,1
4630980274269196,临沂,909610,1
4605264803408909,临沂,871671,1
4586624457104394,临沂,871671,1
4584122364419077,临沂,871671,1
4619505281670145,临沂,871671,1
4583881783569410,临沂,871671,1
4629387891614732,临沂,871671,1
4534767048453126,临沂,1008631,1
4615390313901060,临沂,871671,1
4558539215004673,临沂,871671,1
4585077083874310,临沂,871671,1
4555507873127425,临沂,1008631,1
4620707890490371,临沂,1008631,1
4534689196108802,临沂,1008631,1
4262959096077321,临沂,1008631,1
4409937078037509,临沂,1008631,1
4546945100145664,临沂,1008631,1
4632421639347203,临沂,1008631,1
4594229109660673,临沂,1008631,1
4534803027682312,临沂,1008631,1
4625249144757253,临沂,676697,1
4589694979922958,临沂,676697,1
4622031588961283,临沂,676697,1
4617074451082252,临沂,678205,1
4614264207268868,临沂,783035,1
4620689194378255,临沂,783035,1
4397118049643522,临沂,783035,1
4603661711957002,临沂,783035,1
4603631752195087,临沂,678205,1
4617831215750159,临沂,678205,1
4576814124557325,临沂,678205,1
4589982876953615,临沂,678205,1
4593773056912393,临沂,678205,1
4467876824247299,临沂,678205,1
4612243714862086,临沂,678205,1
4601314423188485,临沂,678205,1
4603925607226380,临沂,678205,1
4623433418941448,临沂,783035,1
4568234336689153,临沂,1061521,1
4622182996272131,临沂,1061521,1
4616653585636364,临沂,1061521,1
4616756042853389,临沂,1061521,1
4563965769311240,临沂,1061521,1
4632394518010882,临沂,1061521,1
4622222116281356,临沂,1061521,1
4598182693972998,临沂,1061521,1
4622206967163914,临沂,1061521,1
4596568694629378,临沂,1061521,1
4557326611438597,临沂,973224,1
4614094136368137,临沂,973224,1
4610423618923528,临沂,783035,1
4464299368737802,临沂,783035,1
4625136149521414,临沂,676697,1
4556214720275457,临沂,677009,1
4269519269440516,临沂,676697,1
4604448291838991,临沂,676697,1
4474877488096262,临沂,676697,1
4364425394217995,临沂,676697,1
4603502114286594,临沂,677009,1
4616974212783104,临沂,677009,1
4578707054058509,临沂,677009,1
4596641784945679,临沂,677009,1
4537589879858184,临沂,677009,1
4595586975032326,临沂,677009,1
3903384436780035,临沂,677009,1
4572523111521283,临沂,677009,1
4626178075321353,临沂,677009,1
4538759791139850,临沂,783035,1
4568664167029771,临沂,972738,1
4619418581212160,临沂,972738,1
4613497080079364,临沂,972738,1
4616720984138766,临沂,972738,1
4623807212989455,临沂,972738,1
4621323899853825,临沂,972738,1
4623812580682752,临沂,972738,1
4602853165128716,临沂,972738,1
4625371292216320,临沂,972738,1
4618057642089480,临沂,972738,1
4576752084163596,临沂,783035,1
4623435605795846,临沂,783035,1
4472244442063872,临沂,678280,1
4585406689813511,临沂,678280,1
4483417037167623,临沂,972982,1
4602203505548291,临沂,676910,1
4611340177925125,临沂,713771,1
4622042470935561,临沂,713771,1
4472865113285643,临沂,713771,1
4535797702482954,临沂,713771,1
4088366366203907,临沂,713771,1
4520722964833293,临沂,713771,1
4622184208854024,临沂,713771,1
4619250506488842,临沂,713771,1
4625266781821964,临沂,713771,1
4602380988605452,临沂,940147,1
4588386139483147,临沂,940147,1
4623429817953291,临沂,940147,1
4613619113206795,临沂,940147,1
4493327503027209,临沂,940147,1
4535683155123215,临沂,940147,1
4617822731201544,临沂,940147,1
4489246983644161,临沂,940147,1
4493403275959296,临沂,940147,1
4595087537939457,临沂,940147,1
4613526978681867,临沂,1010264,1
4625248464788490,临沂,1010264,1
4618119198401549,临沂,1010264,1
4629045396022278,临沂,1010264,1
4576912758318092,临沂,1010264,1
4516372946215937,临沂,1010264,1
4359047963614208,临沂,1010264,1
4620634422780938,临沂,1010264,1
4496061912673280,临沂,713771,1
4581016279393280,临沂,677911,1
4493298277444611,临沂,677911,1
4569660704662530,临沂,676732,1
4633228741125126,临沂,677210,1
4513123738100747,临沂,677210,1
4632071466818570,临沂,677210,1
4631892214815756,临沂,677210,1
4603597084929026,临沂,677210,1
4631047791651852,临沂,677210,1
4625097043139597,临沂,677210,1
4609344690678795,临沂,677210,1
4630895460703244,临沂,677210,1
4594348811197447,临沂,676732,1
4547029706861581,临沂,676732,1
4619524182825986,临沂,676732,1
4612516407094277,临沂,676732,1
4612551423239180,临沂,677911,1
4633370132847629,临沂,676732,1
4603672067269635,临沂,676732,1
4623720810343424,临沂,676732,1
4574499792432139,临沂,676732,1
4526481053559822,临沂,676732,1
4632577340040192,临沂,677911,1
4615061125962756,临沂,677911,1
4610688794225675,临沂,677911,1
4619815477287950,临沂,677911,1
4603976647549958,临沂,677911,1
4629486999350286,临沂,677911,1
4629453020945411,临沂,677911,1
4614902592101383,临沂,1010264,1
4617737121147911,临沂,1010264,1
4599855861672973,临沂,792466,1
4606437551873027,临沂,941535,1
4572500663397384,临沂,923540,1
4599427592428556,临沂,923540,1
4611495171253258,临沂,923540,1
4626726699639815,临沂,923540,1
4500347507141639,临沂,923540,1
4576726547782666,临沂,923540,1
4602119719988238,临沂,923540,1
4629536192670725,临沂,923540,1
4520686806821899,临沂,941535,1
4351636646423565,临沂,941535,1
4530394184866823,临沂,941535,1
4547347716365319,临沂,941535,1
4619218982857743,临沂,941535,1
4596525704883211,临沂,923540,1
4491939490229254,临沂,941535,1
4589784145044486,临沂,941535,1
4545670017850378,临沂,941535,1
4623513724754948,临沂,941535,1
4575742276477956,临沂,972839,1
4571060230335501,临沂,972839,1
4539955300162566,临沂,972839,1
4615314494254082,临沂,972839,1
4610665939903491,临沂,972839,1
4544229419428871,临沂,972839,1
4549906260978698,临沂,972839,1
4619588421524489,临沂,972839,1
4633334456556544,临沂,923540,1
4565743962336263,临沂,792849,1
4609753263039503,临沂,792466,1
4611208476515340,临沂,677015,1
4608068972553231,临沂,792466,1
4606468470529031,临沂,792466,1
4398650279175170,临沂,792466,1
4632302733368331,临沂,792466,1
4603626362477574,临沂,792466,1
4616337169210374,临沂,792466,1
4609424217697287,临沂,792466,1
4529279532049421,临沂,792466,1
4596545191472140,临沂,677015,1
4592394882636813,临沂,677015,1
4622028426585093,临沂,677015,1
4588349805865995,临沂,677015,1
4589874799434762,临沂,677015,1
4614248994872335,临沂,792849,1
4603876598164483,临沂,677015,1
4633436790516740,临沂,677015,1
4633264448580623,临沂,677015,1
4608213138334720,临沂,677015,1
4557054323336196,临沂,792849,1
4633544841358348,临沂,792849,1
4561604150651918,临沂,792849,1
4565760849976327,临沂,792849,1
4547511019791373,临沂,792849,1
4554119529896969,临沂,792849,1
4613682944924687,临沂,792849,1
4268521928187907,临沂,792849,1
4500653417098245,临沂,677210,1
4626284983770117,临沂,676910,1
4582746607887374,临沂,972666,1
4561608142070791,临沂,676910,1
4507892204002306,临沂,1193511,1
4604397157346315,临沂,1193511,1
4530431897836559,临沂,1193511,1
4625401212738565,临沂,1193511,1
4629522311472140,临沂,1193511,1
4633380992150539,临沂,1193511,1
4619486823998465,临沂,677108,1
4486225369836547,临沂,677108,1
4602851396459529,临沂,677108,1
4230250131123207,临沂,677108,1
4472817329482752,临沂,677108,1
4630790046409728,临沂,677108,1
4535741962218500,临沂,677108,1
4623306160020486,临沂,677108,1
4520755508667401,临沂,677108,1
4625582226533384,临沂,677108,1
4555955475573762,临沂,678257,1
4557165319150598,临沂,678257,1
4510584555383809,临沂,678257,1
4428382842170370,临沂,678257,1
4621977216314369,临沂,678257,1
4599341332046854,临沂,678257,1
4316278933646350,临沂,678257,1
4555960878013453,临沂,678257,1
4626306349423627,临沂,678257,1
4273056693165062,临沂,678257,1
4626263491175438,临沂,678222,1
4527347998858242,临沂,1193511,1
4465248874191874,临沂,1193511,1
4624936095816715,临沂,1193511,1
4566875428103181,临沂,938887,1
4589536069135360,临沂,972666,1
4630835880731650,临沂,972666,1
4619465096094731,临沂,972666,1
4464040608148485,临沂,972666,1
4606758419684360,临沂,972666,1
4585588256564224,临沂,972666,1
4599740426185728,临沂,972666,1
4586737327203328,临沂,972666,1
4586668595438600,临沂,972666,1
4633397202658310,临沂,938887,1
4593995607301132,临沂,938887,1
4597226463142913,临沂,938887,1
4633387810855945,临沂,938887,1
4633757797671951,临沂,1193511,1
4489222014954503,临沂,938887,1
4547412948198405,临沂,938887,1
4632143180489732,临沂,678233,1
4599819127331843,临沂,678233,1
4631993230697486,临沂,678233,1
4605448861639686,临沂,678233,1
4564362719421455,临沂,678233,1
4122789354957830,临沂,678233,1
4571598608002059,临沂,678233,1
4499239338370059,临沂,678233,1
4633336155040772,临沂,678233,1
4296497632731148,临沂,678233,1
4565527562462212,临沂,678222,1
4583884445641730,临沂,678222,1
4483355422288907,临沂,678222,1
4623685220850694,临沂,766114,1
4542804713284609,临沂,676964,1
4429505106666501,临沂,676964,1
4557536194534415,临沂,676964,1
4490371560217600,临沂,676964,1
4542834721612801,临沂,676964,1
4542749622836229,临沂,676964,1
4632713020484609,临沂,676964,1
4557529084406787,临沂,676964,1
4578412469378057,临沂,676964,1
4624957084621832,临沂,766114,1
4569586306001922,临沂,766114,1
4621034942852108,临沂,766114,1
4507779609011200,临沂,766114,1
4575885048128523,临沂,677898,1
4573935030131722,临沂,766114,1
4464925535366144,临沂,766114,1
4607816288394253,临沂,766114,1
4592424667196419,临沂,766114,1
4622157770251269,临沂,766114,1
4620702375746560,临沂,676910,1
4622382504487949,临沂,676910,1
4347777675963403,临沂,676910,1
4534718120451072,临沂,676910,1
4586924712320001,临沂,676910,1
4571335458315275,临沂,676910,1
4605353172853773,临沂,676910,1
3930134248596484,临沂,676964,1
4625266446050308,临沂,677898,1
4619608670102529,临沂,678222,1
4588094063930369,临沂,972699,1
4537448201675777,临沂,678222,1
4613869806935044,临沂,678222,1
4590906121313288,临沂,678222,1
4590924653667336,临沂,678222,1
4578171442654209,临沂,678222,1
4606401097769989,临沂,1160573,1
4603981814098947,临沂,1160573,1
4545950795033602,临沂,1160573,1
4545920419585039,临沂,1160573,1
4492177261812745,临沂,972699,1
4633255975070734,临沂,972699,1
4496340940282882,临沂,972699,1
4582708201219072,临沂,972699,1
4284238570774537,临沂,677898,1
4617850127653900,临沂,972699,1
4424179952509962,临沂,972699,1
4616796908577797,临沂,972699,1
4467967350168580,临沂,972699,1
4624158857436164,临沂,972699,1
4624883721856015,临沂,677898,1
4626709521523725,临沂,677898,1
4578527317974020,临沂,677898,1
4534583657131012,临沂,677898,1
4632079993924611,临沂,677898,1
4623857495694346,临沂,677898,1
4624906533346312,临沂,677898,1
4607884816690180,临沂,909610,1
4630837256694792,临沂,909610,1
4628148619697162,临沂,909610,1
4463678197392388,临沂,1060274,1
4521489875788810,临沂,973222,1
4611396030917640,临沂,973222,1
4515979959823371,临沂,973222,1
4598430938688523,临沂,973222,1
4576040732126211,临沂,973222,1
4558673614644238,临沂,973222,1
4607153488931853,临沂,972703,1
4548724786142212,临沂,972703,1
4515758506222602,临沂,972703,1
4609185598626826,临沂,972703,1
4626753441735682,临沂,972703,1
4572577715299328,临沂,972703,1
4606453343937541,临沂,972703,1
4602171479038989,临沂,972703,1
4541732224736268,临沂,972703,1
4609613166472206,临沂,972703,1
4622475390657542,临沂,923075,1
4605431412089857,临沂,923075,1
4619496222006280,临沂,923075,1
4608285031685124,临沂,923075,1
4548456565943298,临沂,923075,1
4605437234568201,临沂,923075,1
4411094367511565,临沂,923075,1
4476246678006794,临沂,923075,1
3791856502680589,临沂,923075,1
4583775710045193,临沂,923075,1
4617790436647945,临沂,973218,1
4517815164951565,临沂,973222,1
4603989010181134,临沂,973222,1
4586957862349834,临沂,973222,1
4533079884702724,临沂,678259,1
4523228218858510,临沂,1060274,1
4596820566793223,临沂,1060274,1
4516320684551168,临沂,1060274,1
4516290413603847,临沂,1060274,1
4515958443301897,临沂,1060274,1
4479302829992966,临沂,1060274,1
4515846908107777,临沂,678259,1
4602211618153482,临沂,678259,1
4559887507725327,临沂,678259,1
4569728525577220,临沂,678259,1
4582778568481794,临沂,678259,1
4582453322376197,临沂,678259,1
4531641849799690,临沂,678259,1
4605452750824460,临沂,973222,1
4475063043021824,临沂,678259,1
4535719732159498,临沂,678259,1
4554089595694094,临沂,909611,1
4609509260796929,临沂,909611,1
4598276234732554,临沂,909611,1
4548736489561099,临沂,909611,1
4594025980943368,临沂,909611,1
4599399882566660,临沂,909611,1
4602184592190469,临沂,909611,1
4616818788213766,临沂,909611,1
4542767052315659,临沂,909611,1
4632026242903045,临沂,909611,1
4494970688857093,临沂,973218,1
4612261223668736,临沂,973218,1
4623463848502284,临沂,973218,1
4524596855434240,临沂,676861,1
4630327505611781,临沂,766117,1
4630341575402510,临沂,766117,1
4320494053223431,临沂,766117,1
4630333642746884,临沂,766117,1
4627701632785420,临沂,766117,1
4552693409178625,临沂,676861,1
4623484021971969,临沂,676861,1
4539950673208328,临沂,676861,1
4605557101339648,临沂,676861,1
4633406116244481,临沂,676861,1
4633733760130051,临沂,676861,1
4572792545762314,临沂,676861,1
4609385174346758,临沂,676861,1
4631939979570184,临沂,766117,1
4586647216282624,临沂,676861,1
4622258357836802,临沂,677012,1
4614982749334531,临沂,677012,1
4595508765092868,临沂,677012,1
4622279484480524,临沂,677012,1
4538890134526986,临沂,677012,1
4498951869115407,临沂,677012,1
4498969189884932,临沂,677012,1
4595495564305409,临沂,677012,1
4338993992130569,临沂,677012,1
4613937084619781,临沂,677012,1
4621873267221514,临沂,677831,1
4631942393455625,临沂,766117,1
4632019031745547,临沂,766117,1
4612245349456905,临沂,973218,1
4462046937867267,临沂,678356,1
4620556321612802,临沂,973218,1
4631828939385857,临沂,973218,1
4380609940675585,临沂,973218,1
4631932779963407,临沂,973218,1
4632028766579725,临沂,973218,1
4613906937125899,临沂,678356,1
4592726076763146,临沂,678356,1
4611357096485895,临沂,678356,1
4580977599441926,临沂,678356,1
4610626838371338,临沂,678356,1
4527393747299336,临沂,678356,1
4619611993316354,临沂,678356,1
4630862680255497,临沂,678356,1
4626296149371916,临沂,766117,1
4629793059167238,临沂,678356,1
4616689687456779,临沂,972678,1
4613436934906886,临沂,972678,1
4602588644273155,临沂,972678,1
4624893589396487,临沂,972678,1
4624772432309256,临沂,972678,1
4633738685441032,临沂,972678,1
4619418845799432,临沂,972678,1
4613867602979853,临沂,972678,1
4558433679088644,临沂,972678,1
4562995355247622,临沂,972678,1
4633362564393998,临沂,766117,1
4531695691539471,临沂,1060274,1
4514562817106958,临沂,1060274,1
4573928143068165,临沂,973220,1
4391666908277764,临沂,1060274,1
4612156080270345,临沂,1007905,1
4572348637064206,临沂,973231,1
4582923169096710,临沂,973231,1
4585983481392137,临沂,973231,1
4592255396682757,临沂,973231,1
4548769391881230,临沂,973231,1
4513420022144008,临沂,973231,1
4593848636959752,临沂,973231,1
4582676502078474,临沂,973231,1
4616438278171659,临沂,677067,1
4626468917767173,临沂,677067,1
4564191277491203,临沂,677067,1
4541344709176331,临沂,677067,1
4620646834969613,临沂,677067,1
4617735660856333,临沂,677067,1
4591014899739657,临沂,677067,1
4470729155877897,临沂,677067,1
4633400125238286,临沂,677067,1
4597126075180044,临沂,677067,1
4483612144722945,临沂,676857,1
4584209352338434,临沂,676857,1
4483426557111307,临沂,676857,1
4602692310182921,临沂,676857,1
4483601531710471,临沂,676857,1
4556922419422211,临沂,676857,1
4482054352493582,临沂,676857,1
4629708177187842,临沂,676857,1
4616854049907721,临沂,1007905,1
4595676501810187,临沂,1007905,1
4585473752671241,临沂,1007905,1
4513010812593162,临沂,713715,1
4531741741736970,临沂,972982,1
4534161561623567,临沂,677225,1
4517863157165061,临沂,677225,1
4569755986600960,临沂,677225,1
4588581166361607,临沂,677225,1
4573909724079109,临沂,677225,1
4278000729369615,临沂,677225,1
4605357056484361,临沂,677225,1
4565380414446606,临沂,677225,1
4632699113808903,临沂,677225,1
4489440551642123,临沂,677225,1
4512137331448836,临沂,713715,1
4309964495449096,临沂,713715,1
4295123573812225,临沂,1007905,1
4588220664978440,临沂,713715,1
4366137054716941,临沂,713715,1
4568422658663429,临沂,713715,1
4620652362652680,临沂,713715,1
4585194783351809,临沂,713715,1
4235728073711628,临沂,713715,1
4582945599036418,临沂,713715,1
4626888507319306,临沂,1007905,1
4588328488573963,临沂,1007905,1
4612141975202826,临沂,1007905,1
4577120960719882,临沂,1007905,1
4464995561104387,临沂,1007905,1
4483348963826692,临沂,676857,1
4631957182080003,临沂,676857,1
4542797468359693,临沂,863269,1
4584084647422985,临沂,677018,1
4511710156008463,临沂,678331,1
4329367895874573,临沂,678331,1
4585639289887754,临沂,677018,1
4526117594356747,临沂,781049,1
4541846440221705,临沂,677018,1
4439413945654286,临沂,677018,1
4095465233473538,临沂,677333,1
4328310063964168,临沂,677333,1
3542292467490825,临沂,677333,1
3938658577425423,临沂,677333,1
4480934085647363,临沂,677333,1
4527548203572225,临沂,677333,1
4633365098554378,临沂,677333,1
3935865291793409,临沂,677333,1
4560940243624963,临沂,677333,1
4493335440206858,临沂,677333,1
4443978937017349,临沂,781049,1
4592330933869577,临沂,781049,1
4384477456866305,临沂,863269,1
4529323603827720,临沂,923541,1
4631994196798476,临沂,863269,1
4486135234702349,临沂,863269,1
4354717529234445,临沂,863269,1
4394225317063689,临沂,863269,1
4412525320563718,临沂,863269,1
4552706951062543,临沂,863269,1
4522260367744002,临沂,863269,1
4622214678094850,临沂,863269,1
4578589238764552,临沂,863541,1
4595399761566730,临沂,863541,1
4595450540776462,临沂,923541,1
4598044867109898,临沂,923541,1
4555969709415434,临沂,923541,1
4592328257414159,临沂,781049,1
4631019202653191,临沂,923541,1
4608079752029191,临沂,923541,1
4609367132253188,临沂,923541,1
4591174811278343,临沂,923541,1
4618070357877773,临沂,923541,1
4633247922349070,临沂,923541,1
4585482348583948,临沂,781049,1
4592317193825282,临沂,781049,1
4592313258025996,临沂,781049,1
4609314672962563,临沂,781049,1
4608263400907783,临沂,781049,1
4615005343591439,临沂,781049,1
4617768712578053,临沂,677831,1
4622200420867084,临沂,677831,1
3651190995557379,临沂,677831,1
4547150057806848,临沂,677831,1
4624763540579329,临沂,1002818,1
4494675865639950,临沂,1002818,1
4466407277620232,临沂,1002818,1
4570350775444495,临沂,1002818,1
4582670051912712,临沂,1002818,1
4615335079697409,临沂,996451,1
4589829573942273,临沂,996451,1
4609330475424777,临沂,996451,1
4633615390088199,临沂,996451,1
4626568954784782,临沂,996451,1
4596567495040010,临沂,996451,1
4604940410530828,临沂,996451,1
4553026311646222,临沂,996451,1
4489227666856965,临沂,996451,1
3985367614136325,临沂,996451,1
4599778329484293,临沂,676631,1
4503417111882759,临沂,676631,1
4572517811840010,临沂,676631,1
4582705236892672,临沂,676631,1
4620639363834894,临沂,676631,1
4603465921324037,临沂,676631,1
4622241180378114,临沂,676631,1
4625160869899279,临沂,676631,1
4619515994516487,临沂,676631,1
4280628097358861,临沂,676631,1
4585597425394701,临沂,972674,1
4623979116239887,临沂,972674,1
4631987077784576,临沂,1045640,1
4475656176032777,临沂,1045640,1
4631989435210767,临沂,1045640,1
4628022418531339,临沂,678262,1
4544241432241159,临沂,677008,1
4620690417134597,临沂,677008,1
4525971564030984,临沂,677008,1
4327591167077378,临沂,677008,1
4525923334106120,临沂,677008,1
4544445623053318,临沂,677008,1
4504907662058505,临沂,677008,1
4242991999163392,临沂,677008,1
4620693465590797,临沂,677008,1
4024868568424459,临沂,677008,1
4607853525146634,临沂,678262,1
4503712951573515,临沂,678262,1
4567239266982921,临沂,678262,1
4621023193197580,临沂,1045640,1
4606575336774656,临沂,678262,1
4562662927197199,临沂,678262,1
4626379821882383,临沂,678262,1
4621236575120386,临沂,678262,1
4606566675325954,临沂,678262,1
4632228838515727,临沂,678262,1
4593824898016258,临沂,1045640,1
4628123600018433,临沂,1045640,1
4617753361886220,临沂,1045640,1
4626302714010625,临沂,1045640,1
4631097887550471,临沂,1045640,1
4602419376610307,临沂,1045640,1
4617982398180355,临沂,972674,1
4609368560690182,临沂,972674,1
4615295419589643,临沂,972674,1
4627792616479748,临沂,677158,1
4624832164682764,临沂,972986,1
4489431803751428,临沂,972986,1
4613584146738177,临沂,972986,1
4469767500344328,临沂,972986,1
4486149092875278,临沂,972986,1
4271661613788175,临沂,972986,1
4596530439609351,临沂,972776,1
4535991468579854,临沂,677158,1
4547313718811651,临沂,677158,1
4606526584429578,临沂,677158,1
4592650484327433,临沂,677158,1
4490448935099407,临沂,677158,1
4564367519460355,临沂,677158,1
4527417502245898,临沂,972986,1
4431003726554121,临沂,677158,1
4633221302938635,临沂,677158,1
4632017835826183,临沂,677158,1
4588391377970178,临沂,973220,1
4572665369893902,临沂,973220,1
4619587071992840,临沂,973220,1
4606521475525636,临沂,973220,1
4543499323581444,临沂,973220,1
4469171140930563,临沂,973220,1
4591422243400715,临沂,973220,1
4574562065849349,临沂,973220,1
4484002774932482,临沂,973220,1
4623452495946756,临沂,972986,1
4469748918807554,临沂,972986,1
4626578822931463,临沂,972674,1
4629472418702338,临沂,676890,1
4561298697331717,临沂,972674,1
4633347248053259,临沂,972674,1
4633415658581001,临沂,972674,1
4585407401600007,临沂,972674,1
4600012440988677,临沂,678028,1
4617800084167688,临沂,678028,1
4613678271962124,临沂,676890,1
4622218168001545,临沂,676890,1
4520680742315020,临沂,676890,1
4623901365492746,临沂,676890,1
4629744863407118,临沂,676890,1
4616724120542213,临沂,676890,1
4622210312657933,临沂,676890,1
4617813273275395,临沂,972986,1
4631552484060169,临沂,676890,1
4625300880944135,临沂,676890,1
4625183647570959,临沂,676848,1
4627756655094795,临沂,676848,1
4609282079677443,临沂,676848,1
4596627346447367,临沂,676848,1
4623774890058763,临沂,676848,1
4468473195406348,临沂,676848,1
4576734220708868,临沂,676848,1
4619593213832207,临沂,676848,1
4384275732833282,临沂,676848,1
4618103341624330,临沂,676848,1
4620731633069064,临沂,678310,1
4569657051769868,临沂,678310,1
4619292656212995,临沂,678310,1
4499321101147137,临沂,1265101,1
4612400420531205,临沂,677772,1
4613683751590921,临沂,677772,1
4585459145808906,临沂,677772,1
4627905196680197,临沂,677772,1
4133844837592065,临沂,677772,1
4568577399970829,临沂,677772,1
4632331074448384,临沂,677772,1
4564360534877184,临沂,1265101,1
4615090482093064,临沂,1265101,1
4605388075965444,临沂,1265101,1
4128364483976198,临沂,1265101,1
4534385636713485,临沂,1265101,1
4631104083239944,临沂,1265101,1
4600850811214858,临沂,677772,1
4619745231281158,临沂,1265101,1
4624176708756484,临沂,1265101,1
4630635995192335,临沂,1265101,1
4577014660783105,临沂,972999,1
4577014398854150,临沂,972999,1
4576729466248202,临沂,972999,1
4609252923825158,临沂,972999,1
4605275738221583,临沂,972999,1
4633445196278798,临沂,972999,1
3903390157512715,临沂,972999,1
4598189198711815,临沂,972999,1
4629189460388878,临沂,677241,1
4551291330501637,临沂,677772,1
4592512646241287,临沂,677772,1
4622280747932679,临沂,677241,1
4479886827496460,临沂,789055,1
4623809551328269,临沂,677831,1
4285230590615552,临沂,677831,1
4630771781854223,临沂,677831,1
4537576695178250,临沂,677831,1
3959749352169477,临沂,677831,1
4486806226574347,临沂,678328,1
4573957541768199,临沂,678328,1
4548769938611209,临沂,789055,1
4628184850916358,临沂,789055,1
4582575651138564,临沂,789055,1
4604326712468486,临沂,789055,1
4497757911784463,临沂,789055,1
4616401760279564,临沂,789055,1
4631580635159557,临沂,1024247,1
4616779557334024,临沂,789055,1
4595220805049350,临沂,789055,1
4519082986728461,临沂,789055,1
4629725250100232,临沂,1024247,1
4616610042289167,临沂,1024247,1
4548446785547274,临沂,1024247,1
4630795126598662,临沂,1024247,1
4439963370578958,临沂,1024247,1
4626568914099200,临沂,1024247,1
4535732033285123,临沂,1024247,1
4520772265876495,临沂,1024247,1
4173356129479694,临沂,1024247,1
4578175167472648,临沂,677241,1
4633276762582019,临沂,677241,1
4594011550477320,临沂,678310,1
4602589227916293,临沂,1478318,1
4525760749970436,临沂,923076,1
4227786203966470,临沂,923076,1
4474920463852556,临沂,923076,1
4620684476279810,临沂,923076,1
4585704731192335,临沂,923076,1
4479335040736257,临沂,923076,1
4592288018721795,临沂,923076,1
4109870660496397,临沂,923076,1
4605398551342084,临沂,923076,1
4598455489981450,临沂,923076,1
4621010212725767,临沂,1478318,1
4617885089291267,临沂,1478318,1
4606728838882315,临沂,1478318,1
4585666519079950,临沂,873700,1
4602918754692103,临沂,1478318,1
4591628387261455,临沂,1478318,1
4633731355139083,临沂,1478318,1
4512395900394503,临沂,1478318,1
4620624708611074,临沂,1478318,1
4616659923051533,临沂,1478318,1
4585438014516235,临沂,678310,1
4526071639235597,临沂,678310,1
4507675257908232,临沂,678310,1
4521583421299713,临沂,678310,1
4505948162663427,临沂,678310,1
4602586317396999,临沂,678310,1
4599683294929928,临沂,873700,1
4584081949907980,临沂,873700,1
4633443236011023,临沂,677241,1
4624913883094028,临沂,972796,1
4616889440836618,临沂,677241,1
4499549209324556,临沂,677241,1
4102444161047560,临沂,677241,1
4541387689942019,临沂,677241,1
4630529464802304,临沂,677241,1
4585631998780420,临沂,678309,1
4519067911005185,临沂,678309,1
4565805653371910,临沂,678309,1
4568543888415752,临沂,678309,1
4585539313490954,临沂,678309,1
4421018726882317,临沂,678309,1
4490646242384897,临沂,972796,1
4596545165634570,临沂,972796,1
4509960790584329,临沂,873700,1
4624901606237198,临沂,972796,1
4344320086285321,临沂,972796,1
4572727306054666,临沂,972796,1
4539924901731343,临沂,972796,1
4624900511816708,临沂,972796,1
4596545290361865,临沂,972796,1
4596723947248640,临沂,873700,1
4605242511862786,临沂,873700,1
4612491142962177,临沂,873700,1
4584164242648065,临沂,873700,1
4605220295695362,临沂,873700,1
4578441158827018,临沂,873700,1
4574534738680846,临沂,676860,1
4583939883605004,临沂,676860,1
4567019063829519,临沂,972610,1
4605504992470030,临沂,678193,1
4617868677487628,临沂,676994,1
4620670894054410,临沂,676994,1
4510467461063686,临沂,676994,1
4573850953688068,临沂,676994,1
4506065341850638,临沂,676994,1
4630616014644239,临沂,676994,1
4585359731893256,临沂,993478,1
4597197453253638,临沂,993478,1
4606455192445964,临沂,993478,1
4613473818700807,临沂,993478,1
4613922810387469,临沂,993478,1
4586560358296581,临沂,993478,1
4067466566474766,临沂,676994,1
4563028039361548,临沂,676994,1
4568775799532551,临沂,676994,1
4633800149212174,临沂,1259484,1
4594098511555584,临沂,678193,1
4616655393481729,临沂,678193,1
4579822861722634,临沂,678193,1
4508942958025739,临沂,1501445,1
4608205153184778,临沂,1259484,1
4581243230149638,临沂,1259484,1
4615293415400463,临沂,1259484,1
4624857396993032,临沂,1259484,1
4527041540023309,临沂,1259484,1
4492561184320513,临沂,1259484,1
4608327822875648,临沂,1259484,1
4629298155185159,临沂,1259484,1
4589999156685835,临沂,1259484,1
4616706842991630,临沂,676994,1
4567054954191887,临沂,1566293,1
4606485771181070,临沂,1566293,1
4622118588013569,临沂,1566293,1
4598032488195085,临沂,1566293,1
4622118001484809,临沂,1566293,1
4603596921134089,临沂,1566293,1
4621226812402701,临沂,1566293,1
4517242094214156,临沂,1566293,1
4606492939496461,临沂,1566293,1
4603911996009483,临沂,1566293,1
4616664431012868,临沂,945875,1
4629205311101966,临沂,945875,1
4633668350960642,临沂,972901,1
4623565578214415,临沂,677072,1
4576822179294209,临沂,943321,1
4619779102516224,临沂,943321,1
4597960223400967,临沂,943321,1
4593995510701060,临沂,943321,1
4624903313955850,临沂,943321,1
4609575218977794,临沂,943321,1
4486131197045762,临沂,677072,1
4496651410596872,临沂,677072,1
4596508225563648,临沂,677072,1
4623459367906308,临沂,677072,1
4624824331541505,临沂,677072,1
4623708060474373,临沂,677072,1
4626345961528333,临沂,677072,1
4606400494021646,临沂,943321,1
4630700308798470,临沂,677072,1
4522235623136261,临沂,677072,1
4625241399176201,临沂,676630,1
4500271808814089,临沂,943321,1
4494679342050305,临沂,943321,1
4520201908612110,临沂,972901,1
4394110296105984,临沂,1008632,1
4579783443424265,临沂,972901,1
4598249341821957,临沂,972901,1
4562822216162310,临沂,972901,1
4633694345899011,临沂,972901,1
4632081412021252,临沂,972901,1
4620550836427789,临沂,972901,1
4473859358170122,临沂,678272,1
4482179083131906,临沂,678272,1
4218489733688327,临沂,1008632,1
4631948039988238,临沂,1008632,1
4617693046643727,临沂,1008632,1
4586624136899592,临沂,1008632,1
4528939905477647,临沂,1008632,1
4619209717425153,临沂,943321,1
4562986351553538,临沂,1008632,1
4603639678020608,临沂,1008632,1
4577004017544196,临沂,1008632,1
4515781046397952,临沂,1008632,1
4625276776164354,临沂,678193,1
4558636788214784,临沂,678193,1
4622481491059714,临沂,678193,1
4632370335673351,临沂,677641,1
4544462577724421,临沂,677641,1
4542904437105679,临沂,677641,1
4626478915705863,临沂,677641,1
4581426033337352,临沂,677641,1
4586960791774213,临沂,677641,1
4538849432247307,临沂,972856,1
4361524316232711,临沂,972856,1
4490833452489739,临沂,972856,1
4531797631001610,临沂,972856,1
4611134879931405,临沂,972671,1
4616457359172617,临沂,972671,1
4603763116155913,临沂,972671,1
4610819476827137,临沂,972671,1
4622087318791171,临沂,972671,1
4583668098343947,临沂,972671,1
4613498709928964,临沂,972671,1
4551716957559822,临沂,972671,1
4490626903155720,临沂,972671,1
4541727316042760,临沂,972671,1
4575365558494220,临沂,1171691,1
4618444629355532,临沂,1171691,1
4620528757169152,临沂,1171691,1
4593713843938318,临沂,677641,1
4626532771163143,临沂,1186419,1
4510366231274509,临沂,1186419,1
4537188359904264,临沂,678209,1
4631912983077898,临沂,1030235,1
4615165352270850,临沂,938439,1
4613688505854978,临沂,938439,1
4631955804498951,临沂,1038557,1
4558822432926734,临沂,1038557,1
4597891001035779,临沂,1038557,1
4590742013451275,临沂,1038557,1
4305256620204032,临沂,1038557,1
4555561263918087,临沂,678209,1
4569741022915586,临沂,678209,1
4615029717490702,临沂,678209,1
4598534673554441,临沂,678209,1
4606768601310217,临沂,973086,1
4591251435318273,临沂,678209,1
4633221086604294,临沂,678209,1
4591239476356108,临沂,678209,1
4466310453371904,临沂,973086,1
4525954961138702,临沂,973086,1
4529959161338894,临沂,973086,1
4528970543881221,临沂,973086,1
4565421334258696,临沂,973086,1
4615003334992898,临沂,973086,1
4588471740406794,临沂,973086,1
4567488089218053,临沂,973086,1
4587063870465025,临沂,973086,1
4633997176971267,临沂,1171691,1
4609394112539658,临沂,1171691,1
4633916444172295,临沂,1171691,1
4492174373968907,临沂,677986,1
4622189786309644,临沂,713679,1
4468982118870022,临沂,677672,1
4583914347568143,临沂,677672,1
4432510743665675,临沂,677672,1
4571555619073038,临沂,677672,1
4629064742644750,临沂,677672,1
4439510283480064,临沂,677672,1
4488714274712578,临沂,677672,1
4626110907116553,临沂,677672,1
4610035013000206,临沂,677672,1
4466482210137091,临沂,677672,1
4631883696778252,临沂,678161,1
4619403374681101,临沂,678161,1
4572805606712320,临沂,678161,1
4629089773018122,临沂,678161,1
4612103003941903,临沂,678161,1
4613295382520839,临沂,678161,1
4470806788578305,临沂,678161,1
4619408597081088,临沂,678161,1
4511597355904015,临沂,678161,1
4629097163074569,临沂,678161,1
4393078107055110,临沂,678193,1
4627652590623751,临沂,678193,1
4627654920842243,临沂,678193,1
4578425743105039,临沂,972634,1
4547426898500615,临沂,677597,1
4586704422513679,临沂,677597,1
4502142555890702,临沂,677597,1
4616718639522821,临沂,677597,1
4514808046955525,临沂,677597,1
4479160444087310,临沂,677597,1
4399887693489162,临沂,677597,1
4581297253409799,临沂,677597,1
4601189011893255,临沂,677597,1
4629173497977856,临沂,677597,1
4506002239302658,临沂,972634,1
4620493639146511,临沂,972634,1
4580057942598668,临沂,972634,1
4541575394126850,临沂,713679,1
4578423373900800,临沂,972634,1
4571098348428289,临沂,1087441,1
4591214347426820,临沂,1087441,1
4553239619087372,临沂,1087441,1
4604353251322889,临沂,1087441,1
4603763094823944,临沂,1087441,1
4599432269456392,临沂,1087441,1
4595116293448717,临沂,924678,1
4624856772385804,临沂,1188338,1
4626330686172165,临沂,972617,1
4489641124668417,临沂,766733,1
4493891961166859,临沂,766733,1
4565794181112837,临沂,766733,1
4616312968211459,临沂,766733,1
4469579489516558,临沂,766733,1
4584000529753088,临沂,766733,1
4625211941102596,临沂,766733,1
4586620544949256,临沂,766733,1
4565768825396237,临沂,766733,1
4627673345188864,临沂,677552,1
4609583233539083,临沂,972763,1
4611830400574466,临沂,972763,1
4609304293497869,临沂,972763,1
4582766544509957,临沂,972763,1
4484117008997385,临沂,972763,1
4610645093030919,临沂,972763,1
4611149136436231,临沂,676985,1
4486324676551682,临沂,676985,1
4534567160292354,临沂,766733,1
4614070458539022,临沂,972757,1
4621160393939978,临沂,972757,1
4522040065268740,临沂,676731,1
4616811188198415,临沂,1183683,1
4280020357734412,临沂,787992,1
4462002256897037,临沂,787992,1
4597071394644994,临沂,787992,1
4467865776823299,临沂,787992,1
4632391063249931,临沂,787992,1
4572450661755911,临沂,787992,1
4613657204843533,临沂,787992,1
4612227750503425,临沂,787992,1
4615084861926404,临沂,787992,1
4633433041742858,临沂,787992,1
4594452535811079,临沂,676731,1
4379924038247434,临沂,676731,1
4558513044859908,临沂,972757,1
4480448181578764,临沂,676731,1
4537046202115077,临沂,676731,1
4602647693091848,临沂,676731,1
4568139645953025,临沂,676731,1
4582733890282503,临沂,676731,1
4618284572224521,临沂,676731,1
4564303421975564,临沂,676731,1
4581059069303815,临沂,1388335,1
4446466934057985,临沂,1388335,1
4360553105286158,临沂,1388335,1
4595729175667714,临沂,1388335,1
4377551498210306,临沂,972757,1
4605589785926669,临沂,676985,1
3448661469389829,临沂,676985,1
4579623233821711,临沂,676985,1
4616639308798991,临沂,677627,1
4190273299618820,临沂,677627,1
4544190187461646,临沂,677627,1
4592489093061643,临沂,677627,1
4609336775465997,临沂,677627,1
4601086701825030,临沂,677627,1
4616263530437632,临沂,677627,1
4615474674789386,临沂,677627,1
4583965580766211,临沂,677627,1
4541749016468493,临沂,677627,1
4632539803395074,临沂,676893,1
4368925840366598,临沂,676893,1
4429493008804864,临沂,973055,1
4625226309327883,临沂,783033,1
4548713743115277,临沂,1188338,1
4613593520694287,临沂,1188338,1
4330601600330756,临沂,676985,1
4494563849268224,临沂,1002816,1
3985062255143947,临沂,676985,1
4605596248644613,临沂,676985,1
4483480878554125,临沂,676985,1
4264258539642883,临沂,676985,1
4439484556631043,临沂,1002816,1
3536609250123790,临沂,1002816,1
4439589045150734,临沂,1002816,1
4509303384136718,临沂,1002816,1
3268974520706058,临沂,1002816,1
3421666174950410,临沂,1002816,1
4504731141383183,临沂,1002816,1
3465811573120005,临沂,1002816,1
3937233415364616,临沂,1002816,1
4571097191818249,临沂,972740,1
4565694855781391,临沂,972740,1
4553381216689152,临沂,972740,1
4612559727354887,临沂,972740,1
4589845657398272,临沂,972740,1
4554073752054793,临沂,972740,1
4595909364900869,临沂,972740,1
4589944189430788,临沂,972740,1
4418328908178434,临沂,972740,1
4625206408127502,临沂,972617,1
4523144673422345,临沂,972617,1
4619156927441927,临沂,972617,1
4489730393302023,临沂,944812,1
4629395305899011,临沂,944812,1
4615278860526600,临沂,944812,1
4610891072330757,临沂,944812,1
4610977841077252,临沂,944812,1
4518023016553485,临沂,944812,1
4631099954256896,临沂,944812,1
4575507161785346,临沂,944812,1
4619471091735560,临沂,944812,1
3774515506749450,临沂,944812,1
4632380680690699,临沂,1022352,1
4633603756612621,临沂,1022352,1
4607908276579341,临沂,1022352,1
4623807060239368,临沂,1022352,1
4629452000730126,临沂,1022352,1
4612437521423362,临沂,713732,1
4562395338988551,临沂,713732,1
4626933279548423,临沂,1473465,1
4633858238782464,临沂,1473465,1
4602823092937736,临沂,1473465,1
4173219181812740,临沂,1473465,1
4528966245379076,临沂,1473465,1
4612287706962950,临沂,1473465,1
4394794879998976,临沂,1473465,1
4631028036463618,临沂,1473465,1
4528963596803077,临沂,1473465,1
4624951131218951,临沂,1473465,1
4600027982126088,临沂,1854246,1
4509153267098626,临沂,713732,1
4604084255910914,临沂,1854246,1
4525765219527693,临沂,1854246,1
4506220564259846,临沂,1854246,1
4592435027356672,临沂,1854246,1
4622047494956043,临沂,1854246,1
4630734486006784,临沂,713732,1
4629532556057609,临沂,713732,1
4568506801972232,临沂,713732,1
4621171219098625,临沂,713732,1
4629579105233923,临沂,713732,1
4552650609454095,临沂,713732,1
4606751680341007,临沂,713732,1
4617739335035913,临沂,1022352,1
4572619892990976,临沂,1022352,1
4603963956161540,临沂,1022352,1
4619483665542145,临沂,973230,1
4614114366446595,临沂,1007303,1
4592365375855623,临沂,1007303,1
4589573068790792,临沂,1007303,1
4604208618005509,临沂,1007303,1
4613888169913350,临沂,973230,1
4616663068617731,临沂,973230,1
4614911227489286,临沂,973230,1
4631081855245313,临沂,973230,1
4581300484367374,临沂,973230,1
4626234922886158,临沂,973230,1
4613770910655494,临沂,973230,1
4592265465490443,临沂,973230,1
4485212713380867,临沂,973230,1
4579790326242314,临沂,1007303,1
4380181670767626,临沂,973089,1
4581204226038791,临沂,973089,1
4568876288992261,临沂,973089,1
4632274789606414,临沂,973089,1
4604324741782543,临沂,973089,1
4586758266217481,临沂,973089,1
4574450713189387,临沂,973089,1
4607911066229770,临沂,973089,1
4612116917871631,临沂,973089,1
4407511701036037,临沂,973089,1
4502123371949066,临沂,972617,1
4593643399160837,临沂,972617,1
4575794221227016,临沂,1007303,1
4576745880136710,临沂,1007303,1
4609652741858304,临沂,1022352,1
4624905255148548,临沂,940391,1
4270268179390479,临沂,1022352,1
4561582595906568,临沂,973235,1
4595794381038595,临沂,1281661,1
4632286733380620,临沂,1281661,1
4585629129595912,临沂,1281661,1
4633358606593029,临沂,1281661,1
4538544241744908,临沂,1281661,1
4585627663772672,临沂,1281661,1
4370137752790017,临沂,1281661,1
4596479048735746,临沂,1281661,1
4607866210675723,临沂,1281661,1
4490598526282755,临沂,1281661,1
4592707164382208,临沂,940391,1
4617809382204429,临沂,1007303,1
4626479645926407,临沂,940391,1
4527718672296969,临沂,940391,1
4632102187015182,临沂,940391,1
4613974562612231,临沂,940391,1
2501507722927119,临沂,940391,1
4536028020237324,临沂,940391,1
4538729171643399,临沂,940391,1
4633433246245903,临沂,940391,1
4526120551865353,临沂,972911,1
4593995395574796,临沂,973125,1
4626473999557638,临沂,1007303,1
4573900431942662,临沂,1007303,1
4632417410948109,临沂,1030235,1
4630452986848266,临沂,1030235,1
4588062906999810,临沂,1030235,1
4547342455692290,临沂,713747,1
4629022106035211,临沂,678030,1
4565950257964044,临沂,678030,1
4599923613670408,临沂,678030,1
4527401032639488,临沂,678030,1
4549887123694598,临沂,678030,1
4543111136898059,临沂,678030,1
4592279346994186,临沂,678030,1
4581394919826442,临沂,678030,1
4624740630912014,临沂,945164,1
4626771775974403,临沂,945164,1
4615204503348225,临沂,945164,1
4584208630574080,临沂,945164,1
4615296957031428,临沂,945164,1
4561472289956868,临沂,945164,1
4571245351246854,临沂,945164,1
4605142820824073,临沂,945164,1
4580310123748363,临沂,945164,1
4528854755748876,临沂,945164,1
4578546481423365,临沂,677840,1
4611113483660295,临沂,677840,1
4264289923537920,临沂,677840,1
4460968411065357,临沂,677840,1
4003631086541830,临沂,677840,1
4631968305179652,临沂,677840,1
4198831344853004,临沂,677840,1
4629722215277581,临沂,677840,1
4632064913206280,临沂,677840,1
4442612909368329,临沂,678030,1
4614944272456711,临沂,678030,1
4564474469559300,临沂,1235215,1
4572441677800457,临沂,972737,1
4548445250382861,临沂,713747,1
4559775867298825,临沂,1244288,1
4595127204160520,临沂,1244288,1
4312365209526276,临沂,1244288,1
4619524395691009,临沂,1244288,1
4611306614006796,临沂,1244288,1
4621329387662348,临沂,1244288,1
4604961895410691,临沂,1244288,1
4585629930595328,临沂,1244288,1
4571510706203658,临沂,1244288,1
4613312879979524,临沂,1244288,1
4485041881766924,临沂,972737,1
4571183120098306,临沂,972737,1
4556196095880204,临沂,1235215,1
4605272051588105,临沂,972737,1
4478146964134915,临沂,972737,1
4502249029102604,临沂,972737,1
3667398791078922,临沂,972737,1
4554591908815873,临沂,972737,1
4623735638617093,临沂,972737,1
4605273810152455,临沂,972737,1
4560418610961418,临沂,1235215,1
4609367606731785,临沂,1235215,1
4245558600461327,临沂,1235215,1
4556188642040833,临沂,1235215,1
4332131194855430,临沂,1235215,1
4599905390324747,临沂,677840,1
4616718574709760,临沂,713690,1
4516589423717378,临沂,713690,1
4589773863103503,临沂,767135,1
4508089097677832,临沂,677706,1
4584330551649289,临沂,972748,1
4584408436169743,临沂,972748,1
4465234500623369,临沂,972748,1
4589914072685581,临沂,972748,1
3300128444408836,临沂,972748,1
4516476957451275,临沂,972748,1
4612683388070924,临沂,972748,1
4564463316638723,临沂,767135,1
4595180540666886,临沂,767135,1
4583702958107655,临沂,767135,1
4234125591617546,临沂,767135,1
4632296145118222,临沂,767135,1
4612500364205065,临沂,677706,1
4531505139538951,临沂,767135,1
4581394809840641,临沂,767135,1
4605113651080197,临沂,767135,1
4580045816931335,临沂,767135,1
4560551815717900,临沂,973243,1
4610423832093697,临沂,973243,1
4526324149115916,临沂,973243,1
4625127427496967,临沂,973243,1
4560556126512129,临沂,973243,1
4625238173410306,临沂,973243,1
4631889095746570,临沂,973243,1
3837785088434189,临沂,766115,1
4555512843279362,临沂,677706,1
4633507221625871,临沂,677706,1
4096291805178888,临沂,713690,1
4591309644473353,临沂,713690,1
4615100520279045,临沂,713690,1
4507781343175684,临沂,713690,1
4619611028907021,临沂,713690,1
4462755527744525,临沂,713690,1
4527277024355339,临沂,713690,1
4622092363049990,临沂,713690,1
4324002595463181,临沂,677706,1
4438495137111040,临沂,677995,1
4599311658654733,临沂,677995,1
4615673270856716,临沂,677995,1
4537249065495565,临沂,677995,1
4598385716669446,临沂,677995,1
4633834922565633,临沂,677995,1
4618497525490698,临沂,677995,1
4592524713878543,临沂,677995,1
4602955151191050,临沂,677995,1
4632458177684494,临沂,677706,1
4437250875335690,临沂,677706,1
4622251321256964,临沂,713747,1
4612503114062855,临沂,713747,1
4596643152784386,临沂,1030235,1
4603673180498946,临沂,713747,1
4620603782112258,临沂,1043745,1
4616522219641871,临沂,1043745,1
4600962996722700,临沂,1043745,1
4544139017464845,临沂,1043745,1
4566983171386371,临沂,1043745,1
4527370312227843,临沂,1043745,1
4605269622266881,临沂,1195633,1
4615107821282315,临沂,1195633,1
4615159260208136,临沂,1195633,1
4615096288074760,临沂,1195633,1
4561469972655107,临沂,1088124,1
4515872846570498,临沂,1088124,1
4617889823499268,临沂,1088124,1
4628157999967235,临沂,1088124,1
4182567615327240,临沂,1088124,1
4540317259553800,临沂,1088124,1
4540243822435342,临沂,1088124,1
4540246310362127,临沂,1088124,1
4628307327867914,临沂,1088124,1
4584549518089223,临沂,1088124,1
4632334091688971,临沂,1043745,1
4527359460320256,临沂,1043745,1
4631903683470350,临沂,1043745,1
4631997909195780,临沂,972610,1
4604899601277963,临沂,1147503,1
4496082618539017,临沂,1147503,1
4365930637810702,临沂,1147503,1
4527088444400645,临沂,1147503,1
4605253290060805,临沂,1147503,1
4341965111468040,临沂,1147503,1
4611181870590981,临沂,676874,1
4601508350600196,临沂,1043745,1
4626430213811202,临沂,676874,1
4624286401438724,临沂,928011,1
4583737233939466,临沂,928011,1
4576844415706112,临沂,928011,1
4581244764056584,临沂,928011,1
4396926346583054,临沂,928011,1
4581002972242944,临沂,928011,1
4596651544353803,临沂,928011,1
4574295218693128,临沂,928011,1
4623914786366467,临沂,928011,1
4625178459745281,临沂,1440367,1
4629745228192768,临沂,972673,1
4629881469314053,临沂,972673,1
4610755435273221,临沂,972673,1
4611205440707592,临沂,972673,1
4610696995298309,临沂,972673,1
4609579836959754,临沂,972673,1
4615257104819214,临沂,972673,1
4625189284193291,临沂,1440367,1
4609940228301828,临沂,972673,1
4418609093993478,临沂,1440367,1
4625066373360644,临沂,1440367,1
4530051207998474,临沂,1440367,1
4613911138114566,临沂,972684,1
4609338200515595,临沂,972684,1
4595076240206852,临沂,972684,1
4631887705758734,临沂,972684,1
4616483796626439,临沂,713747,1
4623680955018248,临沂,713747,1
4602634692979714,临沂,713747,1
4245447855595526,临沂,713747,1
4624751176604680,临沂,713747,1
4473757516082185,临沂,972673,1
4625271097400330,临沂,972673,1
4308161472077838,临沂,1016431,1
4614021347515404,临沂,1067126,1
4604022732053511,临沂,1016431,1
4548518377088006,临沂,1016431,1
4584166360243203,临沂,1016431,1
4409670303489036,临沂,1016431,1
4618147912557581,临沂,1016431,1
4627657250282497,临沂,1016431,1
4536378666605572,临沂,1016431,1
4555482146925569,临沂,1016431,1
4380012619586574,临沂,1016431,1
4551432273353734,临沂,1067126,1
4539892468313092,临沂,1067126,1
4629086729643020,临沂,1067126,1
4615156876174339,临沂,1067126,1
4539177475857414,临沂,1370377,1
4586903217824782,临沂,972695,1
4622721184734223,临沂,972695,1
4632368519588879,临沂,1008635,1
4591523458767881,临沂,1008635,1
4623428137462793,临沂,1008635,1
4601016609926159,临沂,1008635,1
4538540850568194,临沂,1008635,1
4591466991281167,临沂,1008635,1
4577927575395340,临沂,1008635,1
4575506605550603,临沂,1008635,1
4564129978379270,临沂,1008635,1
3809634754765827,临沂,1008635,1
2232957680951303,临沂,766115,1
4555344190120963,临沂,766115,1
4608527880037385,临沂,766115,1
4633647602162688,临沂,766115,1
4633484691450892,临沂,972734,1
4318974624852997,临沂,972734,1
4610797316189186,临沂,972734,1
4487963102471177,临沂,972734,1
4589519529995264,临沂,677681,1
4633559798881286,临沂,677681,1
4568329389876225,临沂,677681,1
4628999221603333,临沂,677681,1
4568070991637505,临沂,677681,1
4541303550766093,临沂,677681,1
4609536103242761,临沂,1087454,1
4572437317559301,临沂,1087454,1
4510517581440000,临沂,1087454,1
4553110682067982,临沂,1087454,1
4614054241152007,临沂,1087454,1
4611314537208846,临沂,1087454,1
4595537098728448,临沂,1087454,1
4527583998237704,临沂,1087454,1
4486375511088132,临沂,1087454,1
3955102660303876,临沂,1087454,1
4440185910553603,临沂,1052165,1
4616439011843073,临沂,1052165,1
4610931849145351,临沂,1052165,1
4580992247458819,临沂,1052165,1
4580993159914509,临沂,1052165,1
4567129585708047,临沂,1047679,1
4625574362176514,临沂,1047679,1
4338318667291657,临沂,972734,1
4556201068637197,临沂,972734,1
4610827673871371,临沂,972734,1
4565413645609996,临沂,678063,1
4587950889477126,临沂,678063,1
4581265844626435,临沂,678063,1
4624811639614479,临沂,678063,1
4585555377036297,临沂,678063,1
4594419249732610,临沂,678063,1
4518659720145926,临沂,678063,1
4613423779879943,临沂,678063,1
4614032578960393,临沂,678063,1
4597896863652870,临沂,973219,1
4618239895102467,临沂,678063,1
4616871504878606,临沂,1233783,1
4620987563746307,临沂,1233783,1
4565395403336709,临沂,1233783,1
4632312768191499,临沂,1233783,1
4612150500416518,临沂,1233783,1
4620999727262732,临沂,1233783,1
4632408208466955,临沂,1233783,1
4611144640556036,临沂,1233783,1
4612305679113221,临沂,1233783,1
4544652209007622,临沂,1233783,1
4557673975835663,临沂,973219,1
4623512482178063,临沂,1047679,1
4551342110239759,临沂,1047679,1
4534303581643776,临沂,1047679,1
4608512110816266,临沂,915851,1
4616712968383502,临沂,677535,1
4612175834539023,临沂,677535,1
4628072665771008,临沂,677535,1
4623733399217158,临沂,677535,1
4616710389492736,临沂,677535,1
4614966825362437,临沂,677535,1
4534353977728014,临沂,677535,1
4608048097174538,临沂,915851,1
4632001062036480,临沂,915851,1
4607989304597511,临沂,915851,1
4633588898720773,临沂,915851,1
4618458020815884,临沂,915851,1
4614839753466888,临沂,915851,1
4614978081811463,临沂,677535,1
4604267689501700,临沂,915851,1
4577356839279626,临沂,915851,1
4578108911393800,临沂,915851,1
4629146245032971,临沂,1382689,1
4551706713039884,临沂,1382689,1
4605432040631302,临沂,1382689,1
4617864324656130,临沂,1382689,1
4631820139568131,临沂,1030235,1
4634055283923973,临沂,1030235,1
4601305523723266,临沂,1030235,1
4586980114310149,临沂,1030235,1
4588112305431557,临沂,1030235,1
4626653735525378,临沂,677535,1
4628085260788747,临沂,677535,1
4623507772154889,临沂,1047679,1
4565628134351874,临沂,677609,1
4468187511137291,临沂,972843,1
4571382350638080,临沂,972843,1
4623981857532939,临沂,972843,1
4481257596658699,临沂,972843,1
4582244984462338,临沂,972843,1
4630880796304395,临沂,972843,1
4472089269232644,临沂,972972,1
4628146568356866,临沂,972972,1
4623528894309387,临沂,972972,1
4614925623241742,临沂,972972,1
4614895858361348,临沂,677609,1
4630526504889356,临沂,677609,1
4621154276301833,临沂,677609,1
4616728162212864,临沂,972720,1
4575356595411968,临沂,677609,1
4629071115967491,临沂,677609,1
4632167811212296,临沂,677609,1
4610597203368971,临沂,972720,1
4221637273017348,临沂,972720,1
4617805557048325,临沂,972720,1
4622141792627715,临沂,972720,1
4625268947641349,临沂,972720,1
4623389291142146,临沂,972720,1
4582771594075139,临沂,972720,1
4634018214829066,临沂,972720,1
4612100245300234,临沂,972720,1
4611217283656715,临沂,973040,1
4622536693277697,临沂,1214935,1
4623536957907976,临沂,1180815,1
4595177058802693,临沂,1180815,1
4320850654109711,临沂,677345,1
4623865258189837,临沂,677345,1
4558711896024070,临沂,677345,1
4582527834823684,临沂,677345,1
4554651558386703,临沂,677345,1
4486242901910529,临沂,677345,1
4611014220459008,临沂,677345,1
4438127745229830,临沂,677345,1
4167605343099907,临沂,677345,1
4605196286583818,临沂,677345,1
4469783278300162,临沂,1214935,1
4583766518881286,临沂,1180815,1
4609606568551427,临沂,1214935,1
4599505714717703,临沂,1214935,1
4613479585162255,临沂,1214935,1
4609611177274370,临沂,1214935,1
4536907837615108,临沂,1214935,1
4629934567844870,临沂,1214935,1
4595194447522826,临沂,677910,1
4575990851232780,临沂,677910,1
4628372843502603,临沂,677910,1
4576011506084874,临沂,677910,1
4576702493699080,临沂,677910,1
4615326081707019,临沂,677910,1
4583763475540998,临沂,1180815,1
4536073050352649,临沂,1180815,1
4609538549787660,临沂,677910,1
4624936303846413,临沂,1625065,1
4494607563774979,临沂,766115,1
4360894219870212,临沂,766115,1
4583752757306381,临沂,1033014,1
4589884494273538,临沂,1033014,1
4625251028196352,临沂,1033014,1
4583755463191559,临沂,1033014,1
4583894575782927,临沂,1033014,1
4583850188809217,临沂,1033014,1
4633299443657738,临沂,1033014,1
4596551531897859,临沂,1033014,1
4629757137923075,临沂,1033014,1
4519070189923335,临沂,1033014,1
4619577198193678,临沂,1625065,1
4581066157173763,临沂,1180815,1
4496815932648462,临沂,1625065,1
4404523685370892,临沂,1625065,1
4547456431565836,临沂,1625065,1
4617781287037954,临沂,1625065,1
4556755221914636,临沂,1625065,1
4610987191100428,临沂,1625065,1
4399108396166148,临沂,1625065,1
4619462914726922,临沂,1625065,1
4627640956345353,临沂,1180815,1
4583768750482442,临沂,1180815,1
4595183271930894,临沂,1180815,1
4605448637785091,临沂,1180815,1
4595570906524673,临沂,677910,1
4565865692322831,临沂,972793,1
4583932669893632,临沂,713813,1
4363120171359241,临沂,676702,1
4628011727121409,临沂,676702,1
4632299049999367,临沂,676702,1
4149352057560070,临沂,676702,1
4626273979868171,临沂,676702,1
4631940925041664,临沂,713813,1
4619216548848648,临沂,713813,1
4619268204616714,临沂,713813,1
4622078431339533,临沂,713813,1
4537037973005327,临沂,713813,1
4619240718724107,临沂,713813,1
4623388694375424,临沂,713813,1
4556239831704586,临沂,713813,1
4633366913049604,临沂,676702,1
4237678510369806,临沂,713813,1
4596811299200001,临沂,997935,1
4626881233329164,临沂,997935,1
4613841901429765,临沂,997935,1
4596982479903752,临沂,997935,1
4530345451658244,临沂,997935,1
4622440526523406,临沂,997935,1
4610716431721484,临沂,676702,1
4570218172947458,临沂,676702,1
4579527070821386,临沂,972793,1
4567184023839752,临沂,945165,1
4633441319345157,临沂,677157,1
4629744709690368,临沂,677157,1
4615412407884803,临沂,677157,1
4632279970913293,临沂,677157,1
4616389045431299,临沂,677157,1
4631280568738821,临沂,945165,1
4467051424621583,临沂,945165,1
4350586300375041,临沂,945165,1
4610884363480066,临沂,945165,1
4533287561976834,临沂,945165,1
4630890789624836,临沂,945165,1
4631805844581380,临沂,945165,1
4471168909452298,临沂,945165,1
4213068671949833,临沂,676702,1
4632277398184972,临沂,945165,1
4625199266503680,临沂,1371570,1
4622812240651277,临沂,1371570,1
4507854295198732,临沂,1371570,1
4613718427081731,临沂,1371570,1
4599792145589261,临沂,1371570,1
4567196274404363,临沂,1371570,1
4615489972825093,临沂,1371570,1
4630496873569286,临沂,1371570,1
4622412346350599,临沂,1371570,1
4621920117318669,临沂,1371570,1
4617729651534862,临沂,676702,1
4623583514602500,临沂,1188338,1
4623314350840840,临沂,677822,1
4552643842087936,临沂,1010266,1
4622165056609295,临沂,973090,1
4575483148622848,临沂,1028359,1
4616369609040903,临沂,1028359,1
4616826348510212,临沂,1028359,1
4616643876596745,临沂,1028359,1
4632498343470095,临沂,1028359,1
4623923284321294,临沂,928010,1
4523041946100745,临沂,928010,1
4602237925155853,临沂,972692,1
4114221908470798,临沂,972692,1
4546090210126861,临沂,972692,1
4601296272483332,临沂,972692,1
4606793442307073,临沂,972692,1
4380377721103374,临沂,972692,1
4589507863436301,临沂,972692,1
4618186690354191,临沂,972692,1
4588071103618062,临沂,972692,1
4525864306926598,临沂,1310586,1
3441571649445896,临沂,1310586,1
2323456453043208,临沂,1310586,1
4620490193017860,临沂,1310586,1
4619709306838030,临沂,1028359,1
4618248772361221,临沂,1028359,1
4578634771391502,临沂,1028359,1
4627878604399627,临沂,678056,1
4619565262054414,临沂,973132,1
4480588172141574,临沂,973132,1
4581300922444812,临沂,973132,1
4509533017943054,临沂,973132,1
4604059529128967,临沂,973132,1
4595156713384960,临沂,973132,1
4626554644552709,临沂,678056,1
4612570108009485,临沂,678056,1
4616477125323787,临沂,678056,1
4486505457986574,临沂,678056,1
4606968739961857,临沂,678056,1
4398549096340495,临沂,678056,1
4626254890441738,临沂,678056,1
4631042145035264,临沂,1028359,1
4577068333999104,临沂,678056,1
4579742328792076,临沂,678056,1
4469108013030404,临沂,677614,1
4565447157324811,临沂,677614,1
4632542343293955,临沂,677614,1
4599352126954511,临沂,677614,1
4633817105883151,临沂,677614,1
4469249248650243,临沂,677614,1
4592316079873027,临沂,677614,1
4633292073098248,临沂,677614,1
4630579628989453,临沂,677614,1
4620501052857350,临沂,1028359,1
4501947557555215,临沂,1310586,1
4631982252305416,临沂,1310586,1
4585277799422983,临沂,1310586,1
4610578380123139,临沂,1087479,1
4623737058159620,临沂,676846,1
4557110090148871,临沂,676846,1
4554034889595916,临沂,676846,1
4566874563470336,临沂,676846,1
4623609055618056,临沂,676846,1
4605065473039373,临沂,676846,1
4576777983990798,临沂,1087479,1
4547053268392964,临沂,1087479,1
4628005128383503,临沂,1087479,1
4612107678444549,临沂,1087479,1
4633756346522631,临沂,1087479,1
4546071457000462,临沂,1087479,1
4633323970538504,临沂,1087479,1
4592527354027020,临沂,676846,1
4620738832770061,临沂,1087479,1
4603771456183309,临沂,1087479,1
4592634145741834,临沂,677551,1
4632358020881410,临沂,677551,1
4467822857184262,临沂,677551,1
4629618214677516,临沂,677551,1
4622203397071885,临沂,677551,1
4539908958051338,临沂,1040965,1
4570429737380874,临沂,676846,1
4500399556008965,临沂,676846,1
4632289977314312,临沂,1310586,1
4615134575647752,临沂,972779,1
4630859143752709,临沂,1310586,1
4499539391687690,临沂,1310586,1
4306701673425930,临沂,713735,1
4554312620301323,临沂,713735,1
4331851763657742,临沂,713735,1
4155537061666817,临沂,713735,1
4609264003476484,临沂,713735,1
4615406808296453,临沂,713735,1
4546032138445838,临沂,972779,1
4566808676785160,临沂,972779,1
4609593653404672,临沂,972779,1
4609553187873805,临沂,972779,1
4602618020604928,临沂,973094,1
2735135938702351,临沂,676846,1
4607931967806471,临沂,1088106,1
4607904471671808,临沂,1088106,1
4610089987548166,临沂,1088106,1
4619576794405897,临沂,973132,1
4392898778176521,临沂,973090,1
4629257523239948,临沂,1040965,1
4586951521299457,临沂,973090,1
4550574463233035,临沂,677637,1
4540365238922241,临沂,677637,1
4578275973475334,临沂,677637,1
4632121325841417,临沂,677637,1
4618282463980553,临沂,676739,1
3842007907819530,临沂,676739,1
4606478209952777,临沂,676739,1
4586865688865803,临沂,676739,1
4630321678588934,临沂,676739,1
4610716378866695,临沂,676739,1
4605466824926218,临沂,676739,1
4520748831173645,临沂,676739,1
4619782287483905,临沂,676739,1
4078725622980617,临沂,676739,1
4585402054960134,临沂,1189605,1
4597020174642184,临沂,1189605,1
4415804255529996,临沂,1189605,1
4612280286272523,临沂,1189605,1
4613591351583759,临沂,1189605,1
4618697278530567,临沂,1189605,1
4572888463006721,临沂,677637,1
4517490753987587,临沂,973144,1
4555375835491335,临沂,973144,1
4591159303248900,临沂,677634,1
4497774323424269,临沂,792116,1
4602629921528847,临沂,972903,1
4545872754301960,临沂,972903,1
4504510056999943,临沂,972903,1
4545903678516235,临沂,972903,1
4624974398823431,临沂,972903,1
4619512840446982,临沂,972903,1
4539988368792590,临沂,972903,1
4293637146270727,临沂,972903,1
4605126999256072,临沂,972903,1
4269642347372559,临沂,972903,1
3956883106537477,临沂,677634,1
4180581467381761,临沂,973144,1
4542845384518668,临沂,677634,1
4592483375639567,临沂,677634,1
4624786891156483,临沂,1102641,1
4623380254792712,临沂,1102641,1
4633380394425353,临沂,1102641,1
4615322857630727,临沂,1102641,1
4632359306013696,临沂,1102641,1
4540109139074050,临沂,923071,1
4383391133443080,临沂,677606,1
4573979268262924,临沂,677606,1
4623568743373835,临沂,677606,1
4221766930242567,临沂,677606,1
4602692141900804,临沂,677606,1
4568293423244288,临沂,677606,1
4616541509229568,临沂,677606,1
4613976969913345,临沂,677606,1
4632490290848783,临沂,677606,1
4631886385423361,临沂,923071,1
4605468106365966,临沂,923071,1
4607848915426312,临沂,923071,1
4632597389155328,临沂,923071,1
4632222977514506,临沂,1010268,1
4616773404173313,临沂,923071,1
4523278919330823,临沂,923071,1
4206081832951810,临沂,923071,1
4631905824498696,临沂,923071,1
4572538843733001,临沂,923071,1
4547026468187142,临沂,973090,1
4475052924972045,临沂,973090,1
4575250562065423,临沂,973090,1
4350530273356813,临沂,973090,1
4585785266693127,临沂,973090,1
4527531769846796,临沂,973090,1
4626551036877838,临沂,973090,1
4623841564025861,临沂,677606,1
4602600274357260,临沂,1010268,1
4602749579439114,临沂,713708,1
4595468647930895,临沂,1190481,1
4619301152070669,临沂,713708,1
4623426921784326,临沂,713708,1
4622112781278215,临沂,713708,1
4617796629767180,临沂,713708,1
4261027711426560,临沂,713708,1
4510231508868103,临沂,713708,1
4337514411843589,临沂,713708,1
4565348002999302,临沂,713708,1
4622105344484363,临沂,713708,1
4602592327740424,临沂,1190481,1
4470574888459268,临沂,1190481,1
4482020200653833,临沂,1190481,1
4577252419562510,临沂,1190481,1
4578064889850881,临沂,1010268,1
4468118820822025,临沂,1190481,1
4569938646375428,临沂,1190481,1
4633292701574147,临沂,1190481,1
4619568400819212,临沂,1190481,1
3666660868857864,临沂,1190481,1
4608015940656133,临沂,1010268,1
4504519258528782,临沂,1010268,1
4579868940622851,临沂,1010268,1
4511602359725057,临沂,1010268,1
4600103367369743,临沂,1010268,1
4521636204733454,临沂,1010268,1
4589827639221259,临沂,1010268,1
4629159203924995,临沂,1040965,1
4612581550464000,临沂,677822,1
4617939292003343,临沂,973146,1
4594469119912975,临沂,677961,1
4598286520802313,临沂,677961,1
4599792148194316,临沂,677961,1
4628186279537673,临沂,713729,1
2906575535711235,临沂,713729,1
4128062107294725,临沂,713729,1
3440170913668096,临沂,713729,1
4633598353726473,临沂,713729,1
4628127504509956,临沂,713729,1
2987454439793671,临沂,713729,1
4568603432627210,临沂,713729,1
3111639404584960,临沂,713729,1
3056499117300738,临沂,713729,1
4523049358306312,临沂,939719,1
4293638204170243,临沂,939719,1
4027737119271948,临沂,939719,1
4626259414688769,临沂,939719,1
4633337350695938,临沂,939719,1
4622246679669765,临沂,939719,1
4630552884763652,临沂,939719,1
4618237744456709,临沂,939719,1
4630947034342401,临沂,939719,1
4630910598929410,临沂,939719,1
4595603120696335,临沂,1505467,1
4465501324094469,临沂,1505467,1
4511615193553923,临沂,1505467,1
4629485786475520,临沂,1505467,1
4633770001178632,临沂,677961,1
4624909611428873,临沂,677961,1
4620678219916303,临沂,677961,1
4633709228876804,临沂,973146,1
4609565235129349,临沂,676938,1
4515360717794315,临沂,1076518,1
4548458419758085,临沂,1076518,1
4515354868182024,临沂,1076518,1
4624898185767944,临沂,1076518,1
4576229371784194,临沂,1076518,1
4616650232392714,临沂,1076518,1
4565791002045452,临沂,1076518,1
4554434780240908,临沂,1076518,1
4617057215048717,临沂,973116,1
4602591792770055,临沂,973016,1
4568658742238214,临沂,677961,1
4586838063750151,临沂,973016,1
4599798361320457,临沂,973016,1
4604090439670793,临沂,973016,1
4496553230113792,临沂,973016,1
4315017425611779,临沂,973016,1
4278259729247243,临沂,973016,1
4609401695706118,临沂,973016,1
4585179876123655,临沂,973016,1
4564060736449542,临沂,973016,1
4595369275728904,临沂,677961,1
4633731649170441,临沂,677961,1
4513324699016195,临沂,677961,1
4629413071313924,临沂,1505467,1
4318035304672257,临沂,678333,1
4630846492044288,临沂,678333,1
4049112189919232,临沂,677019,1
4626432585098248,临沂,678234,1
4622149530102794,临沂,678234,1
4622244404175883,临沂,678234,1
4631757442685966,临沂,678234,1
4611238472657928,临沂,678234,1
3866449237762061,临沂,678234,1
4578451735276554,临沂,678234,1
4627508243932168,临沂,677019,1
4633368803795980,临沂,677019,1
4307826431978511,临沂,677019,1
4555601073005578,临沂,677019,1
4615340576975887,临沂,677019,1
4597988794244099,临沂,677019,1
4623483866932232,临沂,678234,1
4511808111287310,临沂,677019,1
4514767314707468,临沂,677019,1
4589452019526658,临沂,677019,1
4402626139937806,临沂,1010266,1
4599598225792006,临沂,1010266,1
4493483571223552,临沂,1010266,1
4618418814921728,临沂,1010266,1
4541304132889600,临沂,1010266,1
4469244563172362,临沂,1010266,1
4606567277616137,临沂,1010266,1
4620860573916170,临沂,1010266,1
4632000371598340,临沂,1010266,1
4631221599591432,临沂,678234,1
4510495982199812,临沂,678234,1
3661566221493262,临沂,678333,1
4605041387430912,临沂,912584,1
4591278183359492,临沂,678333,1
4469127537089551,临沂,678333,1
4622146242681868,临沂,678333,1
4629222305979405,临沂,678333,1
3876322472517636,临沂,678333,1
4629140751983620,临沂,678333,1
4249760283651086,临沂,678333,1
4605706099287045,临沂,912584,1
4478240329294849,临沂,912584,1
4411105045605376,临沂,912584,1
4537146964646918,临沂,912584,1
4625283938475008,临沂,912584,1
4609285418527748,临沂,912584,1
4623294360396812,临沂,973239,1
4484810471746572,临沂,912584,1
4545547755627523,临沂,912584,1
4564299310539779,临沂,912584,1
4530389351752705,临沂,973239,1
4589461201429515,临沂,973239,1
4630822834908169,临沂,973239,1
4622079148567554,临沂,973239,1
4624022932415500,临沂,973239,1
4631311876480014,临沂,973239,1
4625207645627403,临沂,973239,1
4013553785760773,临沂,973239,1
4629249629776902,临沂,973239,1
4566800772359178,临沂,973146,1
4583740552733703,临沂,973146,1
4626365243890699,临沂,973146,1
4540219744103434,临沂,1066632,1
4502049012968448,临沂,1066632,1
4633718719126537,临沂,1066632,1
4500618971687949,临沂,1066632,1
4585267628319751,临沂,1066632,1
4596594260780040,临沂,1066632,1
4607959103726605,临沂,1066632,1
4597909328419844,临沂,1066632,1
4555662779395086,临沂,1066632,1
4485096170742785,临沂,1066632,1
4527264420555785,临沂,677567,1
4629069319793667,临沂,677567,1
4629660101045259,临沂,677200,1
4530315356167174,临沂,677200,1
4622244775961609,临沂,677200,1
4613586676689934,临沂,677200,1
4631577404777472,临沂,677200,1
4588163305333770,临沂,912502,1
4583838730218501,临沂,912502,1
4541431815988231,临沂,678342,1
3937078139904012,临沂,972823,1
4571251071788041,临沂,972823,1
4501833475466240,临沂,972823,1
4390061683303433,临沂,972823,1
4531752114070538,临沂,972823,1
4572719383471112,临沂,972823,1
4605187331398659,临沂,972823,1
4524407197801476,临沂,972823,1
4629645336931332,临沂,972823,1
4531761640696832,临沂,972823,1
4586752388553742,临沂,678342,1
4585770876412928,临沂,678342,1
4568232941693953,临沂,678342,1
4623883028638727,临沂,912502,1
4368721501740032,临沂,678342,1
4616845788505098,临沂,678342,1
4608457141888001,临沂,678342,1
4586204610290693,临沂,678342,1
4585761912892421,临沂,678342,1
4587047044783116,临沂,678342,1
4602690279791621,临沂,912502,1
4583901340558339,临沂,912502,1
4535737240413188,临沂,677200,1
4520779121712128,临沂,677200,1
3791831547895816,临沂,677200,1
4627003357799438,临沂,972741,1
4630918120580106,临沂,789054,1
4612696994749443,临沂,677612,1
4606877323928587,临沂,677612,1
4619280642944009,临沂,677612,1
4564453580252161,临沂,677612,1
4560364697279492,临沂,677612,1
4545644367584266,临沂,677612,1
4619787711947789,临沂,677612,1
4604988088163330,临沂,677612,1
4606873739959300,临沂,677612,1
4613448284466182,临沂,677612,1
4631235550209035,临沂,972741,1
4407209072585736,临沂,972741,1
4584175215537155,临沂,789054,1
4453988650673154,临沂,972741,1
4623960417299457,临沂,972741,1
4624141886942220,临沂,972741,1
4623808207449093,临沂,972741,1
4623794767014925,临沂,972741,1
4623654164192271,临沂,972741,1
4623788759882767,临沂,972741,1
4625324206580740,临沂,973146,1
4632024219069440,临沂,973146,1
4612505716333571,临沂,973146,1
4633853967687682,临沂,973146,1
4633371200955400,临沂,973146,1
4585260104770566,临沂,789054,1
4580945608977419,临沂,789054,1
4496475212323842,临沂,677200,1
4549790869052425,临沂,941707,1
4626576668060677,临沂,677200,1
4626693327019009,临沂,1401078,1
4624970607975433,临沂,1401078,1
4623449041576967,临沂,1401078,1
4565983169913861,临沂,1401078,1
4612404290481152,临沂,1401078,1
4513023008562190,临沂,1401078,1
4586897214270476,临沂,1401078,1
4558688530623488,临沂,1401078,1
4629651002629120,临沂,1401078,1
4607758145936397,临沂,1401078,1
4606563578047501,临沂,941707,1
4542753790436352,临沂,941707,1
4526139333551112,临沂,789054,1
4612203155856393,临沂,941707,1
4612313904782343,临沂,941707,1
4632388494222341,临沂,941707,1
4612296628612106,临沂,941707,1
4630879621489665,临沂,941707,1
4354581618499589,临沂,941707,1
4569749259164672,临沂,941707,1
4587048942201868,临沂,789054,1
4556930967051275,临沂,789054,1
4586946316872717,临沂,789054,1
4530453880564742,临沂,789054,1
4632058239507466,临沂,789054,1
4606571949730824,临沂,792116,1
4625240927609869,临沂,792116,1
4499241751387140,临沂,792116,1
4604909205236747,临沂,972882,1
4624146151336973,临沂,1179507,1
4633418439863307,临沂,1074582,1
4630597729510402,临沂,1074582,1
4624848313510913,临沂,1074582,1
4625223471049732,临沂,1074582,1
4633658352233476,临沂,1074582,1
4627042739921921,临沂,1074582,1
4630971364256769,临沂,1074582,1
4603943565255694,临沂,1074582,1
4633423869631499,临沂,1074582,1
4630546040089602,临沂,1074582,1
4616376050279427,临沂,678271,1
4615426801032202,临沂,678271,1
4533082461463563,临沂,678271,1
4619254255756301,临沂,678271,1
4564269199451140,临沂,678271,1
4583921799111684,临沂,1201149,1
4548670998764551,临沂,1201149,1
4596474609165322,临沂,1201149,1
4619248835945473,临沂,1201149,1
4623778696946688,临沂,678062,1
4429484889938958,临沂,678062,1
4204342777962498,临沂,678062,1
4615316493362190,临沂,678062,1
4578210492750854,临沂,1179507,1
4616754031451145,临沂,1179507,1
4582924653882372,临沂,792842,1
4516612806663177,临沂,1052574,1
4566960633224203,临沂,973161,1
4620700450614285,临沂,973161,1
4514608041223170,临沂,973161,1
4569809806318600,临沂,973161,1
4577291067747329,临沂,973161,1
4571324930153485,临沂,973161,1
4569818566990848,临沂,973161,1
4574517864782857,临沂,973161,1
4364716619210757,临沂,1052574,1
4535820793523204,临沂,1052574,1
4486218062404609,临沂,1052574,1
4602649728965634,临沂,1052574,1
4088273839680512,临沂,1052574,1
4473430154044419,临沂,792842,1
4568609751591951,临沂,1052574,1
4625292473392131,临沂,1052574,1
4611267523271681,临沂,1052574,1
4522265517894656,临沂,1052574,1
4626280587832325,临沂,792842,1
4585778170092558,临沂,792842,1
3294943609986054,临沂,792842,1
4633397835736076,临沂,792842,1
4606941525273607,临沂,792842,1
4509250059676675,临沂,792842,1
4537488415302663,临沂,792842,1
4614145862282241,临沂,792842,1
4463807503098893,临沂,678062,1
4619752049486850,临沂,678062,1
4618453868635139,临沂,678062,1
4330412192443400,临沂,678202,1
4582744198997001,临沂,1187594,1
4590103327368194,临沂,1187594,1
4591206851206156,临沂,1187594,1
4626635284880389,临沂,1187594,1
3791197218169859,临沂,678202,1
4469263601998862,临沂,678202,1
4619848666866698,临沂,678202,1
4624126358940686,临沂,678202,1
4535879817339917,临沂,678202,1
4524320535372806,临沂,678202,1
4581721271839753,临沂,678202,1
4318009662876673,临沂,678202,1
4398498562763779,临沂,678202,1
4601027965314058,临沂,1187594,1
4613987069551619,临沂,677588,1
4588339215391747,临沂,677588,1
4582836385653773,临沂,677588,1
4631950747442177,临沂,677588,1
4623854568774659,临沂,677588,1
4623437959883788,临沂,677588,1
4576872891802627,临沂,677588,1
4613996907537416,临沂,677588,1
4575389292997642,临沂,713701,1
4622358588414982,临沂,713701,1
4594115992464390,临沂,713701,1
4533617622164487,临沂,713701,1
4633925177975808,临沂,1187594,1
4629115026828296,临沂,1187594,1
4468369509934083,临沂,678062,1
4617760273144839,临沂,676893,1
4386141431524359,临沂,678062,1
4619752470209542,临沂,678062,1
4576967127163918,临沂,1087482,1
4577214640823306,临沂,1087482,1
4607970518506502,临沂,1087482,1
4624495160503310,临沂,676893,1
4538733459563524,临沂,676893,1
4588293354155023,临沂,676893,1
4620705776282638,临沂,676893,1
4606455813610499,临沂,676893,1
4251566709054470,临沂,676893,1
4625186002101262,临沂,676893,1
4624836369132548,临沂,676893,1
4601284941358082,临沂,1187594,1
4631898718825476,临沂,676893,1
4633584102284300,临沂,973055,1
4541372553978893,临沂,973055,1
3243947920251917,临沂,973055,1
4469780679891971,临沂,973055,1
4472237391062016,临沂,973055,1
4475635193996303,临沂,973055,1
4581658654237702,临沂,973055,1
4542783881815048,临沂,973055,1
4482293567448064,临沂,973055,1
4554743323274246,临沂,973055,1
4620637577751565,临沂,1187594,1
4568790986972175,临沂,973161,1
4581267135081473,临沂,972882,1
4629645566860289,临沂,792116,1
4606551906675727,临沂,972882,1
4514852777417740,临沂,1087479,1
4619733205836803,临沂,1087479,1
4616742184772623,临沂,1087479,1
4622100742038537,临沂,1087479,1
4633355705492485,临沂,1087479,1
4483668614276104,临沂,1087479,1
4612819782855695,临沂,1087479,1
4616828742986763,临沂,1087479,1
4486335805615114,临沂,972823,1
4623575846366215,临沂,1066632,1
4316432430538764,临沂,1066632,1
4614921169705991,临沂,1066632,1
4622084940192776,临沂,1066632,1
4578469369256968,临沂,1066632,1
4313405642791949,临沂,1066632,1
4618007339572236,临沂,1066632,1
4542874799678470,临沂,1066632,1
4585303964525572,临沂,1066632,1
4595972484226062,临沂,677200,1
4634024987796484,临沂,1401078,1
4573927226481666,临沂,941707,1
4585267865756679,临沂,789054,1
4599425692392449,临沂,789054,1
4517350265334791,临沂,789054,1
4612109103277065,临沂,789054,1
4605055329360905,临沂,789054,1
4496021073552388,临沂,789054,1
4623594672466948,临沂,677606,1
4602590999075845,临沂,1190481,1
4605548130247695,临沂,1190481,1
4302889845283855,临沂,972903,1
4634045153860617,临沂,677822,1
4633259379090433,临沂,792116,1
4565764141392900,临沂,792116,1
4607865901521925,临沂,792116,1
4606556688669707,临沂,792116,1
4552694651956230,临沂,792116,1
4608231601955844,临沂,792116,1
4497770067586054,临沂,792116,1
4602220979921930,临沂,792116,1
4622378593559558,临沂,792116,1
4605286465313805,临沂,972903,1
4592037095484425,临沂,972903,1
4609124738558988,临沂,972903,1
4544367233379328,临沂,1190481,1
4625174851150851,临沂,972903,1
4599765946686473,临沂,676739,1
4629532305890307,临沂,713708,1
4626736156204045,临沂,1190481,1
4466688537242631,临沂,1190481,1
4619601594002441,临沂,1190481,1
4375966982941696,临沂,1190481,1
4544351695019015,临沂,1190481,1
4568819480255494,临沂,789054,1
4557311915238409,临沂,789054,1
4573848463481870,临沂,789054,1
4505037648129038,临沂,677238,1
4629181842072584,临沂,677238,1
4616294068265987,临沂,677238,1
4627689100024846,临沂,678157,1
4616509039338507,临沂,678157,1
4599629377250315,临沂,972882,1
4536028296092687,临沂,972882,1
4617907154562060,临沂,972882,1
4592474850438151,临沂,972882,1
4632031788655628,临沂,972882,1
4632008289395712,临沂,972882,1
4612168132994057,临沂,677612,1
4616606592789514,临沂,677019,1
4601059042487306,临沂,677612,1
4624822816365575,临沂,973146,1
4632050258271242,临沂,973146,1
4534805371722759,临沂,973146,1
4578399917597700,临沂,973146,1
4503205915057162,临沂,973146,1
4629192432901121,临沂,973146,1
2256934224174087,临沂,713729,1
3057744490028044,临沂,713729,1
4631124025154563,临沂,912584,1
4525893725398030,临沂,912584,1
4631029499915269,临沂,677019,1
4559983044045827,临沂,677019,1
4602370618514445,临沂,677782,1
4516425151439880,临沂,677019,1
4606513331018759,临沂,1010266,1
4412532436720650,临沂,1010266,1
4524416784378888,临沂,677782,1
4615035194039310,临沂,677782,1
4521528424326156,临沂,677782,1
4433803741309962,临沂,677782,1
4596783741000712,临沂,677782,1
4602589475793926,临沂,677782,1
4305279861517323,临沂,677782,1
4624856847916034,临沂,677782,1
4607962287531020,临沂,677782,1
2306204579310592,临沂,713701,1
4533123595574278,临沂,713701,1
4521374381648905,临沂,713701,1
4007890351823882,临沂,713701,1
4583987856894987,临沂,677755,1
4506308039943177,临沂,677755,1
4606446350887946,临沂,677755,1
4584013508336641,临沂,677755,1
4517280337193984,临沂,677755,1
4600066182523914,临沂,677755,1
4564432838517762,临沂,677755,1
4613853136823300,临沂,1316365,1
4610972480891915,临沂,1316365,1
4619176160404495,临沂,1316365,1
4625175128054784,临沂,1316365,1
4612262764862475,临沂,1316365,1
4588501150950402,临沂,1316365,1
4620914880637957,临沂,1316365,1
4625232617548809,临沂,1316365,1
4626597442706436,临沂,1316365,1
4622104996031500,临沂,1316365,1
4241222243560458,临沂,972665,1
4599718565846027,临沂,972665,1
4620553886034947,临沂,972665,1
4598298515909639,临沂,972665,1
4599437168647168,临沂,972665,1
4633833828883464,临沂,972665,1
4422659249497103,临沂,972665,1
4548999681418255,临沂,972665,1
4633487397071878,临沂,972665,1
4585490227471368,临沂,1009145,1
4563199246509062,临沂,677755,1
4561370962254860,临沂,677755,1
4561546703793160,临沂,677755,1
4591261681329158,临沂,973019,1
4606299593600010,临沂,945727,1
4621275942509576,临沂,945727,1
4477726094171140,临沂,945727,1
4632175519296522,临沂,945727,1
4613704901190665,临沂,945727,1
4605851226498063,临沂,972747,1
4514345963133958,临沂,972747,1
4591265067721732,临沂,973019,1
4568648018816005,临沂,973019,1
4606876673631232,临沂,973019,1
4627864853406722,临沂,973019,1
4581265791134727,临沂,973019,1
4629071265799182,临沂,973019,1
4596498064286727,临沂,1108461,1
4615411894197261,临沂,1108461,1
4586966455346190,临沂,1127640,1
4624142917116941,临沂,1009145,1
4617774921341965,临沂,1009145,1
4616735792700426,临沂,1009145,1
4625164324707336,临沂,766522,1
4545706827703296,临沂,864061,1
4629047072386048,临沂,864061,1
4554204012454927,临沂,864061,1
4599719239625742,临沂,864061,1
4626594066918412,临沂,864061,1
4448245021271041,临沂,864061,1
4578414166813697,临沂,864061,1
4587079856989195,临沂,864061,1
4626585124512776,临沂,864061,1
4609368350139393,临沂,864061,1
4623336692214795,临沂,766522,1
4569980673696775,临沂,792116,1
4588074997980172,临沂,792116,1
4607842235329549,临沂,792116,1
4511685413641230,临沂,792116,1
4580286637435916,临沂,792116,1
4358640594758668,临沂,766522,1
4322213568261133,临沂,766522,1
3536488323801096,临沂,1009145,1
4629199451626503,临沂,678033,1
4625360962432008,临沂,1009145,1
4538716783451150,临沂,1009145,1
4548381520307201,临沂,1009145,1
4532865951329289,临沂,1009145,1
4564050490645504,临沂,1009145,1
4515946438747142,临沂,678033,1
4623730339195911,临沂,678033,1
4520354537778191,临沂,678033,1
4518295393836032,临沂,678033,1
4615302468903938,临沂,678033,1
4611106327241742,临沂,678033,1
4548761661842435,临沂,678033,1
4608617410587652,临沂,678033,1
4273038213373963,临沂,766522,1
4631917048503298,临沂,678033,1
4575766209258501,临沂,945206,1
4555454535246849,临沂,945206,1
4575755387823113,临沂,945206,1
4577052451281924,临沂,945206,1
4536258941131784,临沂,945206,1
3975817195875330,临沂,945206,1
4575759402626050,临沂,945206,1
4575501165423626,临沂,945206,1
4572942463575054,临沂,945206,1
4599872917642240,临沂,945206,1
4555380501734406,临沂,766522,1
4578441949553672,临沂,945727,1
4538816337585158,临沂,945727,1
4622618829204493,临沂,945727,1
4521499242060808,临沂,1188338,1
4613661925977092,临沂,677920,1
4622485675385867,临沂,677920,1
4581189761016842,临沂,973039,1
4495115571028997,临沂,973039,1
4575370328022025,临沂,973039,1
4395509049027588,临沂,973039,1
4603739931241483,临沂,1188338,1
4541615718882314,临沂,1188338,1
4557322131860482,临沂,1188338,1
4519004596427790,临沂,1188338,1
4609309448199177,临沂,1188338,1
4624878380510223,临沂,1188338,1
4616396271868940,临沂,1188338,1
4626089131502594,临沂,677920,1
4626532858799117,临沂,1188338,1
4489244559453185,临沂,1188338,1
4624799768536072,临沂,677798,1
4622115622546447,临沂,677798,1
4628219540024328,临沂,677798,1
4549893003734020,临沂,677798,1
4626469573991426,临沂,677798,1
4585321554750479,临沂,677798,1
4592344299447311,临沂,677798,1
4629875577740296,临沂,677798,1
4522926883445775,临沂,677798,1
4615365643936773,临沂,677798,1
4605342401293324,临沂,677920,1
4612522941520903,临沂,677920,1
4530758877060108,临沂,713701,1
4533050015507464,临沂,713701,1
4468397254206467,临沂,783033,1
4384454502788098,临沂,783033,1
4428387193644041,临沂,783033,1
4531460290194434,临沂,783033,1
4588490049313795,临沂,783033,1
4623479082216455,临沂,783033,1
4483768683635727,临沂,783033,1
3791390459650063,临沂,783033,1
4268136703650831,临沂,783033,1
4542744287175681,临沂,783033,1
4616599395822598,临沂,677920,1
4612834927156231,临沂,677920,1
4632037770077189,临沂,677920,1
4623408350536716,临沂,677920,1
4626262004505611,临沂,677920,1
4276706081823753,临沂,945727,1
4620871220325376,临沂,677215,1
4633379783470083,临沂,677215,1
4581393451000836,临沂,677215,1
4617750510707727,临沂,677215,1
4592327991241742,临沂,677215,1
4619494025899017,临沂,677215,1
4595194168536070,临沂,677215,1
4617772386133000,临沂,677215,1
4579939189072911,临沂,677215,1
4607158017534986,临沂,677215,1
4577102022634500,临沂,677822,1
4623894719982600,临沂,677822,1
4623486341147655,临沂,677822,1
4622009017869314,临沂,677822,1
4576849914895364,临沂,677822,1
4629749604232202,临沂,677822,1
4622087825595400,临沂,677822,1
4622211290340364,临沂,677822,1
4630898153939968,临沂,677822,1
4626596054248449,临沂,677822,1
4569727833807876,临沂,1424470,1
4632187268832268,临沂,945727,1
4609182897413127,临沂,677932,1
4633658637968384,临沂,677932,1
1720486223519756,临沂,1002817,1
3982180827311113,临沂,1002817,1
4296742073789453,临沂,1002817,1
4417055439037449,临沂,1002817,1
4507311857146886,临沂,1002817,1
4633381466577925,临沂,1002817,1
4599580026182662,临沂,1002817,1
4417038682366984,临沂,1002817,1
4250019283168264,临沂,1002817,1
4465248377445384,临沂,1002817,1
4579744246672394,临沂,926232,1
4618146926144518,临沂,972752,1
3761648376816648,临沂,972752,1
4621071453297668,临沂,972752,1
4068916669177867,临沂,972752,1
4579675539514371,临沂,972752,1
4618160859259919,临沂,972752,1
3232155051401228,临沂,972752,1
4470514092039181,临沂,972752,1
4025392292736009,临沂,972752,1
4531609078209546,临沂,972752,1
4599319621200911,临沂,1186405,1
