house_id,community_id,community_name,city,house_type,location
S3445107036759053,808343,富力西溪悦墅,杭州,二手房,"文二西路,近文胜路"
S3586836331847683,825088,超级星期天(公寓住宅),杭州,二手房,西浦路1718号
S2883157282593794,779966,顺发美哉美城,杭州,二手房,"民和路,近飞虹路"
S4303920095321102,1047306,秀里华庭,杭州,二手房,紫荆花北路439号
S4534641533230087,219714,玄坛弄小区,杭州,二手房,玄坛弄
S2907777548774405,369856,宋都阳光国际观澜苑,杭州,二手房,通盛路3号
S4533424532478990,370060,远洋大河宸章,杭州,二手房,小河路455号
S4617794956356610,407976,大都尚澜,杭州,二手房,"东湖北路,近兴旺大道"
S3971298688998403,826790,长江西苑,杭州,二手房,建业路151号
S3493815718880265,1218280,碧桂园东旭府,杭州,二手房,时代大道
S4009051349937157,379788,赞成檀府(公寓住宅),杭州,二手房,"星光街,近新颜路"
A7336869974,370048,飞虹丁香花园,杭州,二手房,金桥北路
S4524390429105167,806475,万科江湾城,杭州,二手房,"时代大道,近纬一路"
S2574359059541001,369819,滨江城市之星(公寓住宅),杭州,二手房,市民街167号
S4217110195985417,575797,朗诗未来街区西园,杭州,二手房,"天万路,近苑中路"
R3723012622671881,806214,澳海香樟苑,杭州,二手房,大桥南路188号
S2972939482473474,659941,汉嘉申花郡,杭州,二手房,"丰庆路,近祥符路"
S2573903471827980,407976,大都尚澜,杭州,二手房,"东湖北路,近兴旺大道"
S2610662147369998,826557,近江四园,杭州,二手房,"婺江路,近富春路"
S4350516216409089,160449,蚕花园永宁坊,杭州,二手房,"永兴弄,近上塘路"
S4254382748183553,418048,风雅乐府(公寓住宅),杭州,二手房,"好运街,近东吴路"
S4618050515100682,657466,莱茵传奇园,杭州,二手房,"建设一路,近青年路"
S4319165070584844,366123,高桥小区,杭州,二手房,高桥路
S3938575246175242,404541,仁苑,杭州,二手房,滨盛路3191号
S3475758601954319,825861,都市阳光和苑,杭州,二手房,甲来路82号
S3086245034385418,200705,湖畔宽邸(公寓住宅),杭州,二手房,休博路4号
S3960294511877132,952860,新城香悦公馆(公寓住宅),杭州,二手房,金城路1799号
S4360333193796617,650518,朗诗花漫里,杭州,二手房,"乔中路,近南街"
S3350810326672390,160147,滨江万家花城(一期),杭州,二手房,萍水街380号
A7472917440,926296,浙富桐城府,杭州,二手房,"梅林路,近白云源东路"
S3888815707742221,214743,金沙阳光,杭州,二手房,下沙路
A7471716921,1296149,高桥花苑(东区),杭州,二手房,高桦路3号
S4580199552543755,475889,越秀星汇城后湾,杭州,二手房,大园路123号
S4000689627995146,945745,西溪海星海苑,杭州,二手房,闲富北路
S3587828993908749,160903,长江小区,杭州,二手房,"南环路,近立业路"
S3269042200257536,186603,钱塘名都,杭州,二手房,钱江路628-640号
S4568338206417930,649613,融创河滨之城水澜轩,杭州,二手房,"五常港路,近余杭塘路"
S2618136657226756,161160,缤纷小区,杭州,二手房,"丹枫路,近睿祥路"
A7437397338,773493,万星悦城燕庐(公寓住宅),杭州,二手房,江南路
S4551208588256267,780133,汀洲花苑(北区),杭州,二手房,"振兴西路,近荷禹路"
A7455511084,370036,逸城(别墅),杭州,二手房,江滨东大道1118号
S4472401369424898,181250,三华园(公寓住宅),杭州,二手房,凤起路290号
S4503477610195968,995811,中栋国际(公寓住宅),杭州,二手房,"建设一路,近风情大道"
S2574256228032518,589478,望江府,杭州,二手房,闻潮路280号
S4135562709999620,792441,华元十六街区,杭州,二手房,"2号大街,近顺雅巷"
S4068600049675264,160067,顺发佳境天城(公寓住宅),杭州,二手房,市心北路737号
S4187652003045380,1025600,恒大水晶国际广场,杭州,二手房,"之浦路,近枫桦路"
S4051605178887180,659422,华惠家园,杭州,二手房,新丝路
S4061842560560128,608131,保利罗兰香谷,杭州,二手房,华鹤路656号
S4325165554262024,160733,皇亲苑,杭州,二手房,凤起路380号
S4296403771894792,826366,恒大名城博园,杭州,二手房,博园路
S4350523553881096,826791,白鹭郡南柳映坊,杭州,二手房,白鹭路
S2913372983532551,183358,柳浪东苑,杭州,二手房,河坊街512号
S4181989690305550,610923,莱蒙水榭春天,杭州,二手房,飞虹路208号
S2574077248150541,370091,阳光郡,杭州,二手房,莫干山路1399号
S2691623241899009,365466,绿城丁香公馆,杭州,二手房,休博路288号
S4182109635043333,394835,江湾绿苑(公寓住宅),杭州,二手房,毛家上路
S4494694728821770,304199,西城美墅,杭州,二手房,申花路386号
S4302087738465291,1055511,富力十号院,杭州,二手房,"高教路,近文二西路"
S4562024099519492,446654,白鹭郡南探梅里(南区),杭州,二手房,大陆路
S4483826244131849,925737,长河商厦,杭州,二手房,长江路428号
S3651266486656006,479985,新华园,杭州,二手房,"湖墅南路,近叶青兜路"
S4289264912539662,619585,滨江金色江南,杭州,二手房,飞虹路1757号
S2959141513473031,190732,江枫苑,杭州,二手房,凤山桥直街13号
S2957658922036229,1048139,江南之星,杭州,二手房,"博奥路,近金惠路"
A7478827024,877738,富春壹号院(公寓住宅),杭州,二手房,大桥北路238号
S4280895353560077,826482,新世界琅琴湾,杭州,二手房,迎康路28号
S4514807728989188,608759,方正御星,杭州,二手房,"杭行路,近祥富路"
S3819971482312711,336639,仓溢绿苑,杭州,二手房,海曙路128号
S4003628884892674,222230,缤纷北苑,杭州,二手房,"滨盛路,近西兴路"
S4617851957568513,638890,擎天半岛(公寓住宅),杭州,二手房,藕花洲大街159号
S3472951482194944,160553,新明半岛(公寓住宅),杭州,二手房,102省道
S2770967172736002,191233,复兴东苑,杭州,二手房,"复兴路,近秋涛路"
S3072572531777538,826557,近江四园,杭州,二手房,"婺江路,近富春路"
R3290460992462850,826268,婺江家园一园,杭州,二手房,婺江路38号
S4530575687609350,781698,融科东南海,杭州,二手房,香樟路469号
A7357130533,1024826,中庆润泽院,杭州,二手房,"西环北路,近文居街"
S4468186114335751,468839,亲亲家园三期,杭州,二手房,"古墩路,近通济路"
S4602597134754816,826569,晶典公寓,杭州,二手房,南环路1528号
S4378928004029454,875368,北辰奥园(公寓住宅),杭州,二手房,"向旭路,近蜀山路"
S3824043467186176,611338,万科公园大道,杭州,二手房,机场路355号
S4561431348470795,875368,北辰奥园(公寓住宅),杭州,二手房,"向旭路,近蜀山路"
S4431349607869440,160570,十亩田家园,杭州,二手房,化仙桥路27号
S4594101718541321,446654,白鹭郡南探梅里(南区),杭州,二手房,大陆路
S4349275615767557,369819,滨江城市之星(公寓住宅),杭州,二手房,市民街167号
S2586539529805826,863104,绿城桃源小镇东方苑,杭州,二手房,闲沈路
S4381737529732105,652456,汀澜府,杭州,二手房,冬泽巷99号
S3873183501986824,826907,紫园,杭州,二手房,凯旋路100号
S4291331270909958,369882,远洋西溪公馆(公寓住宅),杭州,二手房,文一西路822号
S3440012371714051,657466,莱茵传奇园,杭州,二手房,"建设一路,近青年路"
S4032122073279498,826302,环桥花苑,杭州,二手房,"星河路,近振兴西路"
S4339362614209547,369882,远洋西溪公馆(公寓住宅),杭州,二手房,文一西路822号
S4234153745374215,203873,建国南苑(北区),杭州,二手房,"姚园寺巷,近建国南路"
S4102648549911565,375266,康都紫轩,杭州,二手房,甬江路191号
S2579609346252810,923735,恒鼎博邑郡,杭州,二手房,"滨康路,近时代大道"
S3312468668374022,781698,融科东南海,杭州,二手房,香樟路469号
S4429884883889167,1025606,融创金成江南府(公寓住宅),杭州,二手房,天目山西路
A7456861910,766078,九龙仓雍景山(公寓住宅),杭州,二手房,万通路58号
S4585791086439426,160842,春波小区,杭州,二手房,春波路32号
S3692304472923146,1048139,江南之星,杭州,二手房,"博奥路,近金惠路"
S3115883534032899,160971,清泰小区,杭州,二手房,解放东路422号
S4153961269435402,407976,大都尚澜,杭州,二手房,"东湖北路,近兴旺大道"
S3597152195060749,370104,城发云锦城,杭州,二手房,"华鹤街,近长睦路"
S3117252221264900,346247,星桥桂花城,杭州,二手房,"藕花洲大道,近太平路"
S4626258292698123,369942,华盛达阅城,杭州,二手房,"杭行路,近祥富路"
R4143643273355269,160465,东河锦园,杭州,二手房,建国北路5-67号
S3723103132771330,209018,中誉现代城(公寓住宅),杭州,二手房,通惠中路838号
S4415670108218375,160360,泰和苑,杭州,二手房,刀茅巷112号
S4282605822418953,370092,保利玫瑰湾,杭州,二手房,24号大街
S2780716145826822,825088,超级星期天(公寓住宅),杭州,二手房,西浦路1718号
S3247801424044036,370091,阳光郡,杭州,二手房,莫干山路1399号
A7436428609,423393,世纪花城,杭州,二手房,大奇山路650号
S2573892774276099,303778,大成名座,杭州,二手房,"市心北路,近建设三路"
S4499150726290439,826451,金地自在城栖霞居(公寓住宅),杭州,二手房,金蓬街
S4617787436084232,160863,吴越山庄(公寓住宅),杭州,二手房,钱王大街111号
S3117732268350476,220796,天虹公寓,杭州,二手房,"天虹街,近紫荆花北路"
S3929849783806978,877972,融信学院府,杭州,二手房,学院北路
S3140212840031245,826367,闲林山水紫薇苑,杭州,二手房,闲林东路
S3427488341599243,780133,汀洲花苑(北区),杭州,二手房,"振兴西路,近荷禹路"
S3314124385098763,656371,佳兆业西溪璞园(公寓住宅),杭州,二手房,"荆山湾路,近联胜路"
S4629126650342415,610901,中海御道(公寓住宅),杭州,二手房,"钱江路,近塘工局路"
S4602323920825350,217298,新江花园,杭州,二手房,"通盛路,近银堡街"
S3949811393129478,825579,滨兴东苑,杭州,二手房,"齐飞路,近滨和路"
S3716331930050566,190451,栖溪名园,杭州,二手房,天目山路518号
S4395881519113231,369943,玉都枫景名苑,杭州,二手房,"东西大道,近良平路"
A7184180744,825720,大家小墅,杭州,二手房,金苑路
S4599313798556674,178176,都市水乡水曲苑,杭州,二手房,"广业街,近长阳路"
S4152370736585738,508113,望江新园三园,杭州,二手房,"东宝路,近东霞巷"
S4252548378881034,630884,科尔世纪外滩(公寓住宅),杭州,二手房,水博大道1号
S4326168267284490,808343,富力西溪悦墅,杭州,二手房,"文二西路,近文胜路"
S4085522042854402,825956,顺达花苑东区,杭州,二手房,"顺达路,近320国道"
S4289333760990220,628110,开元名郡,杭州,二手房,"向旭支路,近晨晖路"
A7477582991,634855,野风春晓,杭州,二手房,九龙大道
S3092030888255500,370104,城发云锦城,杭州,二手房,"华鹤街,近长睦路"
S4277039848844299,607424,溪悦宸府,杭州,二手房,"城西高教路,近青石滩河路"
S3710909470057486,528704,湖漫雅筑,杭州,二手房,"天官路,近光裕路"
S4155291739971596,232436,得力半岛花园(公寓住宅),杭州,二手房,晨晖路507号
A7308068714,239124,云水山居(公寓住宅),杭州,二手房,九龙大道延伸段
S4472472134132746,370089,大华海派风范沁园,杭州,二手房,城东路
S4129979021025290,160344,采荷东区,杭州,二手房,秋涛北路52号
R4449870762617864,657498,万马伊顿庄园(公寓住宅),杭州,二手房,大学路
S4066242671225861,909736,星耀城,杭州,二手房,江陵路2028号
S4578133224287247,619462,中旅紫金名门,杭州,二手房,振华路10号
S4288362508836876,726989,中南白马湖壹号(公寓住宅),杭州,二手房,"时代大道,近天马路"
S3276053928008708,160079,铁岭花园,杭州,二手房,"江陵路,近滨安路"
S3933135098504204,806475,万科江湾城,杭州,二手房,"时代大道,近纬一路"
S2957277499941899,161182,同方燕语林森,杭州,二手房,滨安路150-178号
S3508304481920004,996468,中尚橄榄树花园南区(东区),杭州,二手房,崇杭街
S4616554330807298,611311,恒基旭辉府,杭州,二手房,"崇杭街,近丽水北路"
S4587065140519947,1027690,和家园翰园,杭州,二手房,杨梅山路362号
S4182251190479885,781708,新德佳苑,杭州,二手房,"胜南路,近杭氧街"
S4212959398718466,573099,大家之江悦,杭州,二手房,"碧波路,近枫桦西路"
S3282849747870726,216723,红枫苑(临平),杭州,二手房,东湖北路118号
S3591916491022347,369936,江南铭庭,杭州,二手房,天官东路90号
S3787525658796046,659941,汉嘉申花郡,杭州,二手房,"丰庆路,近祥符路"
S4294148269514756,174646,东方润园,杭州,二手房,钱潮路9号
S3928805797913605,369948,恒瑞名座,杭州,二手房,利华路898号
S4139742597209094,1257872,宸铭府,杭州,二手房,宸麟路468号
S2579517077826572,204866,茶厂宿舍,杭州,二手房,解放东路202号
A7422007402,826756,云都凤凰城,杭州,二手房,云市路86号
S4114338865339397,615993,顺发恒园(公寓住宅),杭州,二手房,建设二路
S2982144496376839,160344,采荷东区,杭州,二手房,秋涛北路52号
S4582674844916750,160736,江南摩卡小区,杭州,二手房,水田畈路89-1号
S4002048220748813,192159,钱神花苑,杭州,二手房,仓兴街438-4号
S4349421300079616,995811,中栋国际(公寓住宅),杭州,二手房,"建设一路,近风情大道"
S3779832421294095,370070,赞成乐山红叶(公寓住宅),杭州,二手房,天目山西路
S4609827212930055,369877,众安嘉润公馆,杭州,二手房,"金鸡路,近潮韵路"
S3271864212135942,206392,望江新园二园,杭州,二手房,东霞巷32号
S4060603923635200,861511,绿城兰园(公寓住宅),杭州,二手房,环城北路57号
S3125141821086727,580034,玲珑府(公寓住宅),杭州,二手房,西兴路399号
S4596799042051073,292642,新州花苑东区,杭州,二手房,"月明路,近西兴路"
S4630881058069509,826030,塘栖一小区,杭州,二手房,"塘栖路,近里仁路"
S4569622064194563,996468,中尚橄榄树花园南区(东区),杭州,二手房,崇杭街
S3706627382209551,369932,绿都御景蓝湾(公寓住宅),杭州,二手房,时代大道6588号
S3567448659174406,628421,众安景海湾(公寓住宅),杭州,二手房,弘慧路
S4578809519021062,160210,滨兴家园,杭州,二手房,滨兴路
S4081580041461762,318424,新怡家园,杭州,二手房,"下沙南路,近盛源路"
S4061813074373634,792441,华元十六街区,杭州,二手房,"2号大街,近顺雅巷"
S4535844757511169,995823,景瑞天赋,杭州,二手房,"扬帆路,近博奥路"
S4289408464690191,1035021,利一家园,杭州,二手房,利丰路455号
S4599360961747972,826776,新月花园(北区),杭州,二手房,映荷街136号
S4480468214078474,160299,国信嘉园(公寓住宅),杭州,二手房,滨盛路4050号
S2769442775866371,160557,朝晖六小区,杭州,二手房,新市街64号
S4592531054044174,657498,万马伊顿庄园(公寓住宅),杭州,二手房,大学路
S3853314213407759,528981,众安理想湾(公寓住宅),杭州,二手房,"新洲路,近星河路"
S4470608305120257,160053,宋都凯旋苑,杭州,二手房,凯旋路68号
S4231312783109134,574387,新安天苑,杭州,二手房,湖州路389号
S4282279489301515,995754,龙湖滟澜山(澜轩),杭州,二手房,"华景街,近银沙路"
S3992561565178886,792396,湖山帝景湾南苑,杭州,二手房,南湖东路
S3880365499949069,236163,绿城蓝色钱江(公寓住宅),杭州,二手房,鲲鹏路
A7238750713,1296149,高桥花苑(东区),杭州,二手房,高桦路3号
S4611127959329804,188447,山水人家,杭州,二手房,天目山路396号
S4548805191738371,161107,翰墨香林苑,杭州,二手房,留和路546号
S4122264142994432,945744,融创未来海溪汀苑,杭州,二手房,"闲富北路,近上和路"
S3297676858432523,160901,翠苑三区(东区),杭州,二手房,翠柏路11号
S3325861733850114,160944,兰韵天城,杭州,二手房,墩祥街
S3424841324534787,225610,南江公寓,杭州,二手房,萧然南路554号
A7468088371,370013,复城国际(公寓住宅),杭州,二手房,金桥北路69号
S4556893523174406,304194,东方一品,杭州,二手房,建设一路133-8号
S4609635710854148,160017,临江花园(公寓住宅),杭州,二手房,西环路33号
S2573902378852364,650168,钱塘明月,杭州,二手房,金惠路300号
S2769718777932809,370066,南城景园,杭州,二手房,里士湖路588号
S4404359259235336,171723,滨文苑,杭州,二手房,"滨文路,近火炬大道"
S4382820849724426,216723,红枫苑(临平),杭州,二手房,东湖北路118号
S4108533050203138,1133552,龙湖春江天越(公寓住宅),杭州,二手房,凌云街
S2896106736856077,584452,中海西溪华府,杭州,二手房,五常港路
S3678743418429452,606332,世茂之西湖御涛轩,杭州,二手房,"江南大道,近西环路"
S4535660106818560,863105,绿城桃源小镇依云邨,杭州,二手房,闲沈路
S3625366313426950,160795,钱江时代公寓,杭州,二手房,清江路346号
S3942908497814542,1189440,中城汇MIDTOWN(公寓住宅),杭州,二手房,石祥路
S2574182117711876,479412,天鸿香榭里,杭州,二手房,"通益路,近祥运路"
S4043099913231364,608759,方正御星,杭州,二手房,"杭行路,近祥富路"
S2574110005144577,160210,滨兴家园,杭州,二手房,滨兴路
S4371563070712833,826171,恒滕悦湖花苑,杭州,二手房,城南路578号
S4606877311314944,660197,昆仑华府,杭州,二手房,"新104国道,近东西大道"
S4217319397223424,610236,滨江万家名城(北区),杭州,二手房,"锦江路,近通运路"
S3960968899369999,469258,九悦江南,杭州,二手房,市心南路
A7476286518,806214,澳海香樟苑,杭州,二手房,大桥南路188号
S4040162636995589,394496,南北乐章,杭州,二手房,溪东路
S4526010460154892,497413,佳兆业玖珑山,杭州,二手房,"八角路,近镇南路"
S4612474724310023,658236,钱江御府,杭州,二手房,"候潮路,近秋涛路"
S3989487011045379,369858,华瑞湘湖美地,杭州,二手房,萧西路605号
S3195287362182157,590405,万科北宸之光,杭州,二手房,通运路
S4346393329163269,369955,杭州碧桂园(公寓住宅),杭州,二手房,水云街158号
S3347062871038986,826150,和谐嘉园北苑,杭州,二手房,"杭海路,近庆春东路"
S4398321423707143,630884,科尔世纪外滩(公寓住宅),杭州,二手房,水博大道1号
S4326575265750024,193252,和家园(南区公寓住宅),杭州,二手房,杨梅山路310号
S4538432459250696,160263,和睦新村,杭州,二手房,莫干山路630号
S4623384506082310,488896,世纪嘉园,杭州,二手房,"世纪大道,南兴路"
S4353036701461519,877672,新时代城市家园,杭州,二手房,闲富中路248号
S4570007413419015,201741,三鑫君悦丽景,杭州,二手房,金城路51号
S2769209694641167,201140,云雀苑,杭州,二手房,江城路548-550号
S3989429858380814,160229,亲亲家园一期,杭州,二手房,"古墩路,近董家路"
S3553177202697218,826084,天阳棕榈湾(西区),杭州,二手房,棕榈路17号
S4534525539556361,1315367,西溪永乐城(公寓住宅),杭州,二手房,"景兴路,近文一西路"
S4584359765761026,216452,华瑞湘湖林语,杭州,二手房,下湘湖路8号
S3222500943488010,994908,闲林山水海棠苑,杭州,二手房,"闲林东路,近高教路"
S4530485969968133,1078073,越秀星悦城(公寓住宅),杭州,二手房,"星港路,近塘塍街"
S4414272251386893,604862,白鹭郡南秋荷坊,杭州,二手房,玉鸟路
R4477212778341378,773493,万星悦城燕庐(公寓住宅),杭州,二手房,江南路
S4498988646833164,177046,定海园,杭州,二手房,永庆路135号
S2769311935702025,642230,赞成龙兴道一号,杭州,二手房,"新颜南路,近龙兴路"
S4081320523033602,620117,理想银泰城(公寓住宅),杭州,二手房,世纪大道118号
S2585270541462529,794728,江滨澜廷,杭州,二手房,"闻涛路,近江陵路"
R4293943921696768,524618,新南湖绿苑,杭州,二手房,水塔路32号
S3109177974431744,370057,嘉丰公馆,杭州,二手房,"萧然西路,近南秀路"
S2770224158106628,174648,北落马营,杭州,二手房,候潮路34号
S4487577536324608,183555,近江苑,杭州,二手房,徐家埠路58号
S4136819021896712,801402,丰北三苑,杭州,二手房,"金鸡路,近利丰路"
S2910590980285446,160999,复兴北苑,杭州,二手房,复兴路163号
S3254444185067522,193773,梦琴湾,杭州,二手房,"27号大街,近10号大街"
S2573767140810764,486928,野风海天城,杭州,二手房,听涛路174号
S3890536044601354,160860,多蓝水岸,杭州,二手房,12号大街
S2574229655559171,369955,杭州碧桂园(公寓住宅),杭州,二手房,水云街158号
S4378739259075584,379788,赞成檀府(公寓住宅),杭州,二手房,"星光街,近新颜路"
S3387636879678479,244215,朗诗国际街区,杭州,二手房,27号路60号
S4528908451832842,877690,西溪八方城,杭州,二手房,"文一西路,近荆长路"
S2973106190050308,826864,绿都四季华庭,杭州,二手房,"育才路,近晨晖路"
S4626921468208132,220070,滨康小区,杭州,二手房,聚园路66号
S3944508877856771,161147,钱江湾花园,杭州,二手房,东信大道99号
S3509710792663047,223348,南肖埠景和苑,杭州,二手房,太平门直街207号
S3644278037240838,863838,仓溢东苑,杭州,二手房,"海曙路,近良睦路"
S2574217378802693,160022,城南家园,杭州,二手房,凤山桥直街4号
S3829367363805190,370066,南城景园,杭州,二手房,里士湖路588号
S4585542947251205,177046,定海园,杭州,二手房,永庆路135号
S4211925240799246,161147,钱江湾花园,杭州,二手房,东信大道99号
S3358095477892110,217304,锦绣钱塘,杭州,二手房,科技大道
S4478065654295561,615993,顺发恒园(公寓住宅),杭州,二手房,建设二路
S2647559372284938,877698,融创时代奥城,杭州,二手房,"盈丰路,近书音路"
S4335163069295628,826498,新天地世嘉新座,杭州,二手房,"新北街,近费家塘路"
S3444588993011720,160474,盛世钱塘,杭州,二手房,富春路899号
S2573917642234892,641638,富越香郡,杭州,二手房,"湖州街,近杭行路"
S3876274619392001,173565,庭院深深(西区),杭州,二手房,东西大道
S2587785254625280,304199,西城美墅,杭州,二手房,申花路386号
S4207388144820238,220591,君临天下,杭州,二手房,东湖南路364号
S3555449606923266,780546,雅居乐国际花园,杭州,二手房,"天目山西路,近闲富路"
S4255489650338830,1189440,中城汇MIDTOWN(公寓住宅),杭州,二手房,石祥路
S3795973470330891,205213,欣盛东方郡(西区),杭州,二手房,江汉路170号
S3929848700906503,160453,东方俊园(西区),杭州,二手房,新颜南路
S2769526119375881,910832,欧美金融城,杭州,二手房,"闲林港西路,近向往街"
S3835381628198912,411253,九龙仓君廷(公寓住宅),杭州,二手房,康信路
S4487884250426381,369907,泊林印象,杭州,二手房,仁爱路218号
S4216303794887680,923412,禹洲滨之江,杭州,二手房,"枫桦东路,近枫桦西路"
S3595417000271878,1216235,德信九溪云庄,杭州,二手房,"丽景路,近文景路"
S4593949807436811,792396,湖山帝景湾南苑,杭州,二手房,南湖东路
S4440959791916043,573294,万和玺园,杭州,二手房,"颜三路,近再行路"
S3548414973124617,160971,清泰小区,杭州,二手房,解放东路422号
S2574062798593031,634849,西溪金座,杭州,二手房,荆长路758号
A7142918873,926296,浙富桐城府,杭州,二手房,"梅林路,近白云源东路"
S4569616151931904,826482,新世界琅琴湾,杭州,二手房,迎康路28号
S2769999699731460,826498,新天地世嘉新座,杭州,二手房,"新北街,近费家塘路"
S3168914512371726,160066,金都华府,杭州,二手房,江城路
S4513396095589391,628375,大华西溪风情澄品,杭州,二手房,文一西路
S4513637588249601,370101,宋都东郡国际嘉湾,杭州,二手房,凌云街21号
S4586673853737990,626947,佳源名城,杭州,二手房,"崇超路,近汇贤路"
S4553053885406213,797911,东安景苑,杭州,二手房,"龙湖路,近平吴街"
S4282735591877634,300676,南北西岸(公寓住宅),杭州,二手房,昼锦路12号
R1968633386640398,912477,丽晶国际中心,杭州,二手房,鸿宁路2327号
S4438232835138573,1100978,风荷锦庭(公寓住宅),杭州,二手房,"新峡路,近油虎线"
S3706483859334158,178587,都市水乡水滟苑,杭州,二手房,广业街282号
S3356440499675136,369850,东厦东港,杭州,二手房,北沙西路150号
S4404141017885701,807880,阳光城上府(公寓住宅),杭州,二手房,"风情大道,近滨康路"
S4303511144131586,782886,融创大家侯潮府,杭州,二手房,"候潮路,近钱江路"
R1545225665421327,913289,西溪润景,杭州,二手房,"创意二路,近邱桥路"
S3520648058905607,160371,港湾家园,杭州,二手房,余杭塘路866号
S2574336684563462,160841,同人春江时代,杭州,二手房,"长河路,近滨盛路"
S4516178017672195,1893012,杭与城,杭州,二手房,龙舟北路
S4626686597161998,880188,大园新城(公寓住宅),杭州,二手房,"天柱街,近大园路"
S4578253148838923,379780,泊悦府澜湾,杭州,二手房,禹航路490号
S2579609421520908,418048,风雅乐府(公寓住宅),杭州,二手房,"好运街,近东吴路"
S4577030241182723,638890,擎天半岛(公寓住宅),杭州,二手房,藕花洲大街159号
S4576774669249550,375266,康都紫轩,杭州,二手房,甬江路191号
S2574204001640460,781698,融科东南海,杭州,二手房,香樟路469号
S2695716022690821,656439,德信大家钱江府,杭州,二手房,"东宁路,近艮山西路"
S3941121311383562,477594,嘉信九悦印象,杭州,二手房,"东湖中路,近沿河路"
S3325874884337666,611340,万科大家钱塘府,杭州,二手房,"昙花庵路,近水湘路"
S3794433392631818,783119,绿城留香园,杭州,二手房,塘工局路
S3266547931063309,160363,保元泽第(公寓住宅),杭州,二手房,东湖南路333号
S4279908362935296,369824,中意名仕苑(公寓住宅),杭州,二手房,人民大道438号
S3463048270716938,615708,金地格林格林,杭州,二手房,"天都路,近华鹤街"
S4507639401421834,220572,亲亲家园二期,杭州,二手房,金家渡路318号
S4592664496118784,160388,中兴花园,杭州,二手房,江汉路1688号
S4302500581466117,641301,都市阳光嘉苑,杭州,二手房,甲来路40号
S3458437027423232,300674,天鸿君邑(公寓住宅),杭州,二手房,东信大道
S3968976715885583,803350,绿都港汇中心,杭州,二手房,市心北路853号
A7444583651,1042415,梓树花苑(公寓住宅),杭州,二手房,九龙大道
S2575775819754505,826151,和谐嘉园南苑,杭州,二手房,"江锦路,近新塘路"
S2626283936181256,370055,积家(公寓住宅),杭州,二手房,浦沿路789号
S3178429557956611,368005,绿城紫桂公寓,杭州,二手房,星源北路65号
S2770270789966854,160398,碧水豪园(公寓住宅),杭州,二手房,"东信大道,近南环路"
S3637147067244558,606332,世茂之西湖御涛轩,杭州,二手房,"江南大道,近西环路"
S4549829519959049,220251,蓝桥名苑,杭州,二手房,金堡街294号
R3261920662348809,825495,百合新城,杭州,二手房,金秋大道
S4479485181191170,779943,金星桃源居,杭州,二手房,桃源街
S3230975710895114,656371,佳兆业西溪璞园(公寓住宅),杭州,二手房,"荆山湾路,近联胜路"
R3458823270161413,826661,印月尚庭,杭州,二手房,"滨盛路,近三桥路"
S3842657574724622,788033,爵士风情韵沁苑,杭州,二手房,"天目山西路,近闲富北路"
S4554229584552960,608767,林溪闲庭,杭州,二手房,闲富中路166号
S3515101729121292,826366,恒大名城博园,杭州,二手房,博园路
S4160518158523395,825579,滨兴东苑,杭州,二手房,"齐飞路,近滨和路"
S3598526779596814,656248,首开国风美域,杭州,二手房,振华路1号
S4222779983834124,318496,都市水乡水月苑,杭州,二手房,长阳路319号
S4481916185011213,191425,香榭里花园,杭州,二手房,4号大街
S3430172137937931,161179,新世纪花苑,杭州,二手房,古墩路1105号
S4089717706497030,160727,商教苑社区,杭州,二手房,杭海路31号-37号
S4527308646149122,411253,九龙仓君廷(公寓住宅),杭州,二手房,康信路
S3117254831627275,216723,红枫苑(临平),杭州,二手房,东湖北路118号
S3846773545033728,863105,绿城桃源小镇依云邨,杭州,二手房,闲沈路
S4289349469528074,826150,和谐嘉园北苑,杭州,二手房,"杭海路,近庆春东路"
S4098667240692744,160751,太阳国际公寓(公寓住宅),杭州,二手房,伟业路730号
S4618154760905733,1153634,阳光城悦云邸,杭州,二手房,溪望路
S4617784804371459,792396,湖山帝景湾南苑,杭州,二手房,南湖东路
S4237052590595075,160621,西房云溪香山(北区),杭州,二手房,"转塘路,近望江山路"
S4477745160889351,877690,西溪八方城,杭州,二手房,"文一西路,近荆长路"
R2529909205704716,316460,浙地人家,杭州,二手房,宋家湾路
S3325404500763654,369940,新湖武林国际,杭州,二手房,环城北路167号
S4146887308176390,160451,温兴风情苑,杭州,二手房,西兴路750号
S4271346074393606,336639,仓溢绿苑,杭州,二手房,海曙路128号
S4108709979855886,639246,德信早安,杭州,二手房,石鸽路45号
S4624893948240903,989973,佳源优优锦城,杭州,二手房,西墅街407号
S3065500639749134,615137,复地黄龙和山(公寓住宅),杭州,二手房,西溪路957号
S3972273898545162,826353,佳丰南苑,杭州,二手房,"文明路,近利丰路"
S4528554571408384,635788,赞成赞城,杭州,二手房,棕榈路801号
S2903745057973258,826455,新东名苑,杭州,二手房,香樟路
S3988302137121806,336446,瑞金华庭嘉苑,杭州,二手房,藕花州大街西段264号
S4626509944857604,880188,大园新城(公寓住宅),杭州,二手房,"天柱街,近大园路"
S3478700773876747,193195,碧天家园,杭州,二手房,邱山大街692号
S2968412803605517,877681,正易上塘春苑,杭州,二手房,博园路13号
S4470915001639938,369902,金地天逸,杭州,二手房,山阴路1999路
S4579832504278027,797911,东安景苑,杭州,二手房,"龙湖路,近平吴街"
S2574262042041355,369959,百家乐西园(公寓住宅),杭州,二手房,"荆长大道,近文二西路"
S3386424986491918,610923,莱蒙水榭春天,杭州,二手房,飞虹路208号
S4514453890083842,1390348,滨江御滨府(公寓住宅),杭州,二手房,"阡陌路,近北塘路"
S4620964094385160,174019,锦绣文澜阁,杭州,二手房,"通益路,近湖杭州街"
R3381193651314690,641300,乾成园,杭州,二手房,集萃路47号
S2630274843077641,635803,景瑞御华府(公寓住宅),杭州,二手房,"世纪大道,近汀兰路"
S3044551315939331,160298,绿城春江花月,杭州,二手房,钱江路158号
S2971604341005312,297363,中海紫藤苑,杭州,二手房,"墩祥街,近清池路"
S2619144484891649,826557,近江四园,杭州,二手房,"婺江路,近富春路"
S4626686605566979,369958,青山鹤岭,杭州,二手房,鹤亭大街
S4018919114185741,654114,中港罗兰小镇(公寓住宅),杭州,二手房,"210省道,近康泰路"
S4288226856164364,608767,林溪闲庭,杭州,二手房,闲富中路166号
S3984416038235137,304194,东方一品,杭州,二手房,建设一路133-8号
S4607022229236751,161178,星河景庭,杭州,二手房,金城路98号
S4247391359934470,370062,万和国际,杭州,二手房,皓月路188号
S4071617926556681,368418,都市水乡水碧苑,杭州,二手房,"灯彩路,近长阳路"
S4501707741389837,826647,易辰江南大院(别墅),杭州,二手房,科技大道
S4507519464530950,222279,正中尚品庭院,杭州,二手房,新昌路181号
S3765605889485825,635214,赞成杭家,杭州,二手房,崇文街
S4117247008287755,659380,临东家园,杭州,二手房,星光街1091号
S4439426259887110,611340,万科大家钱塘府,杭州,二手房,"昙花庵路,近水湘路"
S4583748356074511,370057,嘉丰公馆,杭州,二手房,"萧然西路,近南秀路"
S4338949732327435,626969,紫玉福邸,杭州,二手房,"秋涛北路,近机场路"
S4507957903645699,304194,东方一品,杭州,二手房,建设一路133-8号
S4114218927332356,580034,玲珑府(公寓住宅),杭州,二手房,西兴路399号
S3206434379326464,725178,金成英特学府(公寓住宅),杭州,二手房,"天目山西路,近城东路"
S3201217057874959,222976,清雅苑,杭州,二手房,学林街633号
S3302735310839811,1036035,乾南嘉苑(南区),杭州,二手房,长宁路
S4542771284712451,369838,赞成香颂,杭州,二手房,"顺达路,近振兴西路"
S2574263643794434,201534,浙新小区,杭州,二手房,滨文路646号
S4370475850636288,825861,都市阳光和苑,杭州,二手房,甲来路82号
S4622354266399751,200064,逸居城,杭州,二手房,逸盛路183号
A7411488226,992085,君豪御园,杭州,二手房,窄珠线
A7464853006,943057,山水国际(公寓住宅),杭州,二手房,江波路398号
S4071523522063367,190732,江枫苑,杭州,二手房,凤山桥直街13号
S2769232323730447,488896,世纪嘉园,杭州,二手房,"世纪大道,南兴路"
S3958063017585676,160265,竹海水韵(公寓住宅),杭州,二手房,"闲富北路,近天目山西路"
S2725665556556814,161011,蚕花园永兴坊,杭州,二手房,"永兴弄,近上塘路"
S4519131136711692,216293,金域三江(公寓住宅),杭州,二手房,时代大道
S2769317944466445,910656,绿都百瑞广场,杭州,二手房,市心北路199号
S4564314752363529,785618,尚海湾(公寓住宅),杭州,二手房,育才路
S4327602421160969,656442,合景叠彩园(公寓住宅),杭州,二手房,"文胜路,近电子路"
S4515942161931265,826859,中国铁建江南国际城,杭州,二手房,"金城路,近风情大道"
S4556964431322127,806475,万科江湾城,杭州,二手房,"时代大道,近纬一路"
S2725669584006154,160610,现代印象广场,杭州,二手房,江南大道3399号
S4537435355864078,608131,保利罗兰香谷,杭州,二手房,华鹤路656号
S2951459983827975,370091,阳光郡,杭州,二手房,莫干山路1399号
S4252935716543494,635788,赞成赞城,杭州,二手房,棕榈路801号
S4179309940006926,826151,和谐嘉园南苑,杭州,二手房,"江锦路,近新塘路"
A7448641670,200326,华庭云顶,杭州,二手房,沪瑞线
S4373257834097679,191426,大都文苑风情,杭州,二手房,"2号大街,近3号大街"
S3018395030744079,497413,佳兆业玖珑山,杭州,二手房,"八角路,近镇南路"
S3051995456232452,995004,东方俊园(东区),杭州,二手房,新颜南路28号
S3096206974934024,791279,荷韵江南苑,杭州,二手房,东方路168号
S4616308603382784,825877,盛庐小区,杭州,二手房,滨盛路3215号
R3413289648151565,160842,春波小区,杭州,二手房,春波路32号
S4608388107445255,160621,西房云溪香山(北区),杭州,二手房,"转塘路,近望江山路"
S4299649809752065,795344,钱塘玫瑰湾,杭州,二手房,新浦路1459号
S3472588494087179,229327,东鑫方汇花苑(公寓住宅),杭州,二手房,城南路322号
S4568830185970699,826304,西溪北苑北区,杭州,二手房,"文昌路,近荆长大道"
S4479377013988358,573294,万和玺园,杭州,二手房,"颜三路,近再行路"
S4329225503612939,826838,绿城明月江南(西区),杭州,二手房,月明路303号
S2821939072195586,343452,郡原相江公寓,杭州,二手房,"仁爱路,近下沙路"
S4528641066920963,584452,中海西溪华府,杭州,二手房,五常港路
S4554192243827714,993920,欧美金融城西溪丽晶,杭州,二手房,水城北路
S3306334556726276,160570,十亩田家园,杭州,二手房,化仙桥路27号
S4567172317504523,789465,南润名座,杭州,二手房,蜀山路418号
A7444444028,793798,阳光里,杭州,二手房,文居街338号
S2957225137202183,721076,滨江东方海岸(萧山公寓住宅),杭州,二手房,"三江路,近湘湖路"
S4596905346706447,656248,首开国风美域,杭州,二手房,振华路1号
S2951566562616326,826394,湘湖人家(西区公寓住宅),杭州,二手房,闻兴路288号
S4524897647010830,160284,广宇西城年华,杭州,二手房,申花路388号
S4425539840287758,160553,新明半岛(公寓住宅),杭州,二手房,102省道
S4262449613037572,786131,宝嘉誉府,杭州,二手房,"石祥西路,近紫金港路"
S4422734248614925,160205,锦绣江南(滨江),杭州,二手房,咏渡巷59号
S3397796893795332,363841,潘水南苑,杭州,二手房,市心南路728号
S3934320645873664,177622,华宇家园,杭州,二手房,临平星光街957号
S3516416702340104,178605,东田小城之春,杭州,二手房,狮山路388号
S4616705739301902,206392,望江新园二园,杭州,二手房,东霞巷32号
S4603912456395791,497412,中天官河锦庭(公寓住宅),杭州,二手房,"滨康路,近阡陌路"
S2635134394903556,450266,近江六园,杭州,二手房,富春路191号
S3646659978992640,1107937,溪谷岚湾(公寓住宅),杭州,二手房,运溪路1100号
S3062958511890434,607407,金沙国际,杭州,二手房,幸福南路1288号
S4366156362210319,825761,林之语(公寓住宅),杭州,二手房,"钱宁线,近奔竞大道"
S4573959802149893,792522,万科星空,杭州,二手房,文一西路
S4495999411119118,1319932,勾庄佳苑,杭州,二手房,"古墩路,近金汇南路"
A7476193103,1038258,银湖花苑(公寓住宅),杭州,二手房,320国道
S4067431747017733,193195,碧天家园,杭州,二手房,邱山大街692号
S3951394100636676,1025599,西房余杭公馆,杭州,二手房,"坝潭弄,近安乐路"
S2573875585068038,369886,宋都晨光国际,杭州,二手房,"23号大街,近16号大街"
S4093923073449992,409778,玲珑香榭,杭州,二手房,杭机路6-13号
S3963744993795079,160708,春丰苑,杭州,二手房,"凤起路,近大树路"
S4213152074296328,160445,江南豪园,杭州,二手房,江南大道380号
S4507332828601351,729169,融创瑷颐湾,杭州,二手房,"祥运路,近杭行路"
S3348356731790337,369976,东海闲湖城(公寓住宅),杭州,二手房,天目山西路277号
S3535607960396807,160104,世纪新城,杭州,二手房,高技路51-55号
R3932704066563085,264956,西溪小筑,杭州,二手房,"天目山路,近五常大道"
S4553193481479180,626947,佳源名城,杭州,二手房,"崇超路,近汇贤路"
S4582869056578570,206600,钱江水晶城,杭州,二手房,滨盛路4402号
S4443834625858571,369924,金岸提香(公寓住宅),杭州,二手房,中泰路322号
S4326585059748872,790322,新城香悦奥府,杭州,二手房,"博奥路,近建设一路"
S3597081351249925,188696,北秀蓝湾,杭州,二手房,东西大道
S2574161900641288,234966,白马尊邸(公寓住宅),杭州,二手房,"墩池路,近荡鱼路"
R3077490015886344,880187,慈岩印象新城,杭州,二手房,"官塘线,近330国道"
S3595401072712717,204948,木材新村,杭州,二手房,秋涛路168号
S4572441126773764,369839,协安紫郡,杭州,二手房,紫萱路308号
S4060328677256202,1035021,利一家园,杭州,二手房,利丰路455号
S4575868285871107,1107937,溪谷岚湾(公寓住宅),杭州,二手房,运溪路1100号
S2783703128564746,658012,香悦郡国际公寓,杭州,二手房,沈半路
S4631995933645834,826268,婺江家园一园,杭州,二手房,婺江路38号
S4045052233391105,205213,欣盛东方郡(西区),杭州,二手房,江汉路170号
S4483586388796422,910660,东方君悦,杭州,二手房,民心路88号
S4624780412152833,1107937,溪谷岚湾(公寓住宅),杭州,二手房,运溪路1100号
S4614167513768962,370046,保利湾天地,杭州,二手房,24号大街
S4149582814945292,877750,滨江金茂府,杭州,二手房,"西兴路,近滨盛路"
S3328540611420163,161090,伊萨卡国际城(公寓住宅),杭州,二手房,"14号大街,近沿江大道"
S2574087247752195,801124,冠山小区,杭州,二手房,"长江南路,近白马湖路"
S4291189721095178,995811,中栋国际(公寓住宅),杭州,二手房,"建设一路,近风情大道"
S4052938271580160,160906,平安居,杭州,二手房,屏风街94号
S3300158101480455,729169,融创瑷颐湾,杭州,二手房,"祥运路,近杭行路"
S2573869706223627,160630,滨江金色海岸,杭州,二手房,富春路9号
R4347809889365005,825510,美凯国际寓所,杭州,二手房,梅林路299号
S2718367291581454,160987,温馨人家,杭州,二手房,月明路796号
S4186020208290822,877681,正易上塘春苑,杭州,二手房,博园路13号
A7402025756,789610,凯全紫郡花苑,杭州,二手房,科技大道
S4354845487800331,808343,富力西溪悦墅,杭州,二手房,"文二西路,近文胜路"
S4629113677915142,637732,招商雍华府,杭州,二手房,建华路
S4524805243857931,370060,远洋大河宸章,杭州,二手房,小河路455号
A7476193092,877737,富春硅谷麓园(别墅),杭州,二手房,九龙大道398号
S4176162292146182,160506,新湖北国之春,杭州,二手房,衢洲路105号
S4308017426898947,825673,春波南苑,杭州,二手房,"滨安路,近江晖路"
S4340274914696194,868300,金帝海珀雅苑,杭州,二手房,振兴西路158号
S4370190745594883,781708,新德佳苑,杭州,二手房,"胜南路,近杭氧街"
S3993774931861512,370055,积家(公寓住宅),杭州,二手房,浦沿路789号
S3493778674899979,909730,万象城悦玺,杭州,二手房,"庆春东路,近钱江路"
S4568310665604096,160384,瑞立中央花城,杭州,二手房,滨河路796号
S3483925906448392,574387,新安天苑,杭州,二手房,湖州路389号
S4426890531513354,411448,华润新鸿基之江九里(公寓住宅),杭州,二手房,"珊瑚沙路,近碧波路"
S2810289675248654,160102,近江八园,杭州,二手房,"钱江路,近婺江路"
S4547116330183688,315701,悦麒美寓(东区),杭州,二手房,杭乔路8号
S2913834997490693,825828,东日晴好,杭州,二手房,"科海路,近狐山路"
S4585447033037835,825484,白马湖小区孔雀苑,杭州,二手房,"江虹南路,近规划支路"
S4231892751753220,160066,金都华府,杭州,二手房,江城路
S3462926963598340,220060,赞成岭上花苑(公寓住宅),杭州,二手房,"鸡山路,近八角路"
S3121974897779719,181250,三华园(公寓住宅),杭州,二手房,凤起路290号
S4616577924733956,476572,顺发江南丽锦,杭州,二手房,"市心北路,近扬帆路"
S3180030663123970,479985,新华园,杭州,二手房,"湖墅南路,近叶青兜路"
S3979719399185409,160331,云龙公寓(下城),杭州,二手房,刀茅巷23号
S4589446058372107,370046,保利湾天地,杭州,二手房,24号大街
S2962212376976385,641301,都市阳光嘉苑,杭州,二手房,甲来路40号
S3117258154909711,470980,中铁逸都,杭州,二手房,北沙西路28号
S2769495283739657,877728,金地德圣中心(商住楼),杭州,二手房,"金城路,近金山路"
S4325112474902543,778888,富力十号朗悦居(公寓住宅),杭州,二手房,"文一西路,近高教路"
S4527553833835527,369929,昆仑公馆,杭州,二手房,长板巷99号
S4525861029043207,993920,欧美金融城西溪丽晶,杭州,二手房,水城北路
S4168059485002756,792396,湖山帝景湾南苑,杭州,二手房,南湖东路
S4330863239900163,877696,萧山宝龙城市广场,杭州,二手房,"建设一路,近金鸡路"
S3654478062592011,1178779,定山西苑二区,杭州,二手房,创意路
S2574118896364547,635788,赞成赞城,杭州,二手房,棕榈路801号
S3573672219401216,207765,三江新村,杭州,二手房,三江路210号
S4287880808983554,798267,合景映月台(公寓住宅),杭州,二手房,"溪望路,近良睦路"
S3334308188464137,826498,新天地世嘉新座,杭州,二手房,"新北街,近费家塘路"
S3596166141664271,220796,天虹公寓,杭州,二手房,"天虹街,近紫荆花北路"
S3642492400262145,170172,定安名都,杭州,二手房,西湖大道197号
S3836343025298443,727345,经纬御贤府,杭州,二手房,崇文街90号
S2576612038646797,160395,水陆寺巷小区,杭州,二手房,东清巷7号
S4060403376315402,369948,恒瑞名座,杭州,二手房,利华路898号
S4376094893827085,877750,滨江金茂府,杭州,二手房,"西兴路,近滨盛路"
S4370371639831559,214743,金沙阳光,杭州,二手房,下沙路
S4324927644462085,1285005,卸紫家园,杭州,二手房,环镇北路1-12-13号
S2953082219977734,160072,美政花苑(南区),杭州,二手房,复兴南路109号
S4055834225355791,160766,大学路新村,杭州,二手房,"大学路,近老浙大横路"
S4208685163208716,370094,金都西花庭,杭州,二手房,"狮山路,近余杭塘河"
S4569635817446400,610065,绿地旭辉城,杭州,二手房,"扬帆路,近滨盛路"
S4616566126877710,369953,绿城明月江南(东区),杭州,二手房,月明路256号
S4235541809372169,826881,中兴花园百合苑,杭州,二手房,江汉路1679号
A7470474961,943068,光明逸品春江,杭州,二手房,"江波街,近鹿山大道"
S2585323763444748,584452,中海西溪华府,杭州,二手房,五常港路
S2627844777798665,825862,都市阳光华苑,杭州,二手房,"周坪路,近来仁街"
S2588071819287555,217298,新江花园,杭州,二手房,"通盛路,近银堡街"
S3793897313951752,369860,德信早城,杭州,二手房,"学林街,近上沙路"
S3727489440310283,826412,江南望庄,杭州,二手房,月明路983号
S2769256619011084,909732,蓝钻天成,杭州,二手房,莫干山路969号
S4126640634244107,729169,融创瑷颐湾,杭州,二手房,"祥运路,近杭行路"
S3555400472813579,607407,金沙国际,杭州,二手房,幸福南路1288号
S4300719360109577,369939,保利香槟国际,杭州,二手房,人文路116号
S2625090677566470,825761,林之语(公寓住宅),杭州,二手房,"钱宁线,近奔竞大道"
S4041554563604484,181423,袁井巷,杭州,二手房,"中河南路,近抚宁路"
S4091868520456200,161064,钱塘景苑,杭州,二手房,伟业路399号
S4483353301197824,825088,超级星期天(公寓住宅),杭州,二手房,西浦路1718号
S2769239513736201,659380,临东家园,杭州,二手房,星光街1091号
R1961372768986119,877695,萧宏普罗旺斯,杭州,二手房,尖端路369号
S3958405125139462,825828,东日晴好,杭州,二手房,"科海路,近狐山路"
S3215597198269446,596962,元成东盛家园,杭州,二手房,松乔街518号
S3986522996812815,229758,月雅苑,杭州,二手房,2号大街877号
S4040388689554435,826860,中国铁建青秀城,杭州,二手房,建设一路418号
S2769818031514636,191425,香榭里花园,杭州,二手房,4号大街
S4609640310187022,369960,恒和依山郡(公寓住宅),杭州,二手房,"隐逸大道,荷西路"
S2574327886617607,370067,贝利珑昕泽第,杭州,二手房,"东大街,近九曲营路"
S3041622659425289,825828,东日晴好,杭州,二手房,"科海路,近狐山路"
R3961304096005134,409025,新都公园家,杭州,二手房,横潭路39号
S4499279641795589,401920,中兴景冉佳园,杭州,二手房,学正街169号
A7387607928,202604,清源上林湖(别墅),杭州,二手房,上林路1号
S4040178332605450,317825,东田翠谷苑,杭州,二手房,锦城街
S3658021828584459,943024,祥生群贤府(公寓住宅),杭州,二手房,崇杭街
S4050949984443399,191004,滨江新苑,杭州,二手房,近江东路59号
S3815492771438597,160438,山西园小区,杭州,二手房,"山西园路,近禹航路"
S4583950818274318,911314,恒隆广场,杭州,二手房,山阴路688号
S4138572750363651,649613,融创河滨之城水澜轩,杭州,二手房,"五常港路,近余杭塘路"
S4318186015976454,943050,绿城九龙仓桂语江南,杭州,二手房,"博奥路,近建设二路"
S3051676820579338,826776,新月花园(北区),杭州,二手房,映荷街136号
S4061496522006534,482573,顺发旺角城(公寓住宅),杭州,二手房,市心中路123号
S4557214103661579,789465,南润名座,杭州,二手房,蜀山路418号
S4280806846946310,209018,中誉现代城(公寓住宅),杭州,二手房,通惠中路838号
A7376970522,241020,久恒铭鹤花园,杭州,二手房,科创西路
S4251510290263052,478833,金瑞城市风景,杭州,二手房,风景街333号
S3957168457587712,794728,江滨澜廷,杭州,二手房,"闻涛路,近江陵路"
A7478507977,943057,山水国际(公寓住宅),杭州,二手房,江波路398号
S4468086447547403,1048398,红联九漾华庭西区,杭州,二手房,"新城路,近永乐路"
S4283866063330314,379785,九龙仓碧玺,杭州,二手房,"后横港路,近桥弄街"
S4304987501292551,370089,大华海派风范沁园,杭州,二手房,城东路
S2574367134113799,826412,江南望庄,杭州,二手房,月明路983号
S3601959212196875,995819,钱江彩虹府,杭州,二手房,科海路
S2826330898258955,1025606,融创金成江南府(公寓住宅),杭州,二手房,天目山西路
S4519282835102721,219250,开元加州阳光小区,杭州,二手房,金城路333号
S3768863709750280,160828,福利新村,杭州,二手房,中河中路122号
S4473433547103232,610622,东田怡丰城(公寓住宅),杭州,二手房,"迎宾路,近天万路"
S4282918419196930,369959,百家乐西园(公寓住宅),杭州,二手房,"荆长大道,近文二西路"
S4112364946500620,488896,世纪嘉园,杭州,二手房,"世纪大道,南兴路"
S4150675510127621,524618,新南湖绿苑,杭州,二手房,水塔路32号
S3316098083922952,297363,中海紫藤苑,杭州,二手房,"墩祥街,近清池路"
S2790209068524549,826256,清水湾山水苑(公寓住宅),杭州,二手房,中泰路
S4203543844609027,795637,广泽小区,杭州,二手房,育才路
A7468016189,877695,萧宏普罗旺斯,杭州,二手房,尖端路369号
S3995487393061897,911970,盛泰时代山,杭州,二手房,"4号大街,近9号大街"
S4051811624430593,203873,建国南苑(北区),杭州,二手房,"姚园寺巷,近建国南路"
S4054884611317769,292642,新州花苑东区,杭州,二手房,"月明路,近西兴路"
S4619198729837569,877690,西溪八方城,杭州,二手房,"文一西路,近荆长路"
S4551235264175111,400848,南城嘉园,杭州,二手房,所前中路331-335号
S4606877307694083,1078073,越秀星悦城(公寓住宅),杭州,二手房,"星港路,近塘塍街"
S4064946985036810,626969,紫玉福邸,杭州,二手房,"秋涛北路,近机场路"
S2573940989946882,160842,春波小区,杭州,二手房,春波路32号
S4617745793063947,1048398,红联九漾华庭西区,杭州,二手房,"新城路,近永乐路"
S4197631852978189,635803,景瑞御华府(公寓住宅),杭州,二手房,"世纪大道,近汀兰路"
S4092849605402634,994954,金色钱塘(北区),杭州,二手房,风情大道677号
S3219566500060162,160570,十亩田家园,杭州,二手房,化仙桥路27号
S4588295957455884,993918,水韵康桥康盛苑,杭州,二手房,"前洋路,近康桥路"
S3467683877281798,1017351,旭辉宝龙东湖城(公寓住宅),杭州,二手房,"青六北路,近南沙路"
R3256450188698630,877695,萧宏普罗旺斯,杭州,二手房,尖端路369号
S2790397956908032,238045,都市水乡水秀苑,杭州,二手房,民意街45号
S3447332966882305,657958,湘云雅苑,杭州,二手房,西兴路1190号
S3434979594839049,826619,九浪山花园,杭州,二手房,"103省道,近祥利村"
S4507963807753220,160971,清泰小区,杭州,二手房,解放东路422号
A7393242506,825720,大家小墅,杭州,二手房,金苑路
S4617761521558542,660197,昆仑华府,杭州,二手房,"新104国道,近东西大道"
S3444778160644099,174019,锦绣文澜阁,杭州,二手房,"通益路,近湖杭州街"
S2573873229683715,218507,万象城悦府,杭州,二手房,富春路701号
S4302178190810116,826340,慧仁家园南区,杭州,二手房,"嘉仁路,近墩祥街"
S2577074315419662,779615,合景天峻,杭州,二手房,创景路
S2574282913128455,369814,桂花星城,杭州,二手房,世纪大道
S3506940270174209,334770,亿丰蔚蓝郡,杭州,二手房,勾庄路218号
S2769313210899463,160147,滨江万家花城(一期),杭州,二手房,萍水街380号
S3210934786989066,825713,大华海派风范茗园,杭州,二手房,城东路4-10号
S4483861625084941,613323,中大银泰城公寓,杭州,二手房,东新路822号
S4405871169088521,160971,清泰小区,杭州,二手房,解放东路422号
S3151217298185228,217621,苑中园,杭州,二手房,新城路38号
A7416764589,1411532,众安顺源府,杭州,二手房,"上林南路,近科创园一号路"
S2790486416088066,628433,德信泊林春天,杭州,二手房,鸿宁路40号
S4559817188830220,160766,大学路新村,杭州,二手房,"大学路,近老浙大横路"
S3876274616329227,173565,庭院深深(西区),杭州,二手房,东西大道
S4514418454750208,160688,东园小区,杭州,二手房,大树路24号
S4603890807481356,174648,北落马营,杭州,二手房,候潮路34号
S3625442057231370,1078509,北大资源颐和江南(公寓住宅),杭州,二手房,104国道
A7475421818,160297,三江鸣翠蓝湾(别墅),杭州,二手房,九龙大道188号
S3878839854394383,1236386,上实海上海(二期),杭州,二手房,白洋路
S4483761382681609,1020699,仁良花苑,杭州,二手房,"东风路,近和平路"
A7239163583,1029638,五月香山(公寓住宅),杭州,二手房,320国道
S3019903457324047,826267,华盛星洲翠谷,杭州,二手房,福严路82号
S2586686472952839,363841,潘水南苑,杭州,二手房,市心南路728号
S4520395325156363,528981,众安理想湾(公寓住宅),杭州,二手房,"新洲路,近星河路"
S4387248625478667,401653,春天华府,杭州,二手房,保锦路169号
S4603847567942665,521873,世茂江滨花园峻景湾,杭州,二手房,"20号大街,近23号大街"
S4008103676387332,160384,瑞立中央花城,杭州,二手房,滨河路796号
S4626686596668424,409035,金色时代,杭州,二手房,勤学路10号
S3062370639356930,411448,华润新鸿基之江九里(公寓住宅),杭州,二手房,"珊瑚沙路,近碧波路"
S3359305684968462,160116,采荷小区芙蓉邨,杭州,二手房,双菱路21号
S4393256794168327,615137,复地黄龙和山(公寓住宅),杭州,二手房,西溪路957号
S4305331754212352,407707,金昌春和钱塘,杭州,二手房,民和路411号
S4313660519734282,619856,新城山语院,杭州,二手房,"星光街,近顺达路"
S4397348238863373,217478,绿野春天家园(公寓住宅),杭州,二手房,"里东路,近闲富公路"
S4037463169522691,826797,龙湖春江悦茗,杭州,二手房,"风情大道,近建设三路"
S4532829613415429,217136,锦园小区,杭州,二手房,建国北路370号
S4083105717821447,160393,天福花园,杭州,二手房,近江东路34号
S4193561081372675,826776,新月花园(北区),杭州,二手房,映荷街136号
S4111525410122765,469258,九悦江南,杭州,二手房,市心南路
S3508778587560963,370110,理想康城一品,杭州,二手房,人民大道258号
S4594378917733383,370101,宋都东郡国际嘉湾,杭州,二手房,凌云街21号
S4196007655140367,826030,塘栖一小区,杭州,二手房,"塘栖路,近里仁路"
S4494649514748938,370076,顺发堤香名苑,杭州,二手房,"金鸡路,近博学路"
S3188470379897871,797911,东安景苑,杭州,二手房,"龙湖路,近平吴街"
S4094021402323982,660197,昆仑华府,杭州,二手房,"新104国道,近东西大道"
S4376236447869959,467227,保利城市果岭,杭州,二手房,银海街38号
S2593466629254153,779966,顺发美哉美城,杭州,二手房,"民和路,近飞虹路"
R2587071244463116,221442,太炎花苑,杭州,二手房,仓兴街
S2574083470793731,804912,东裕华庭,杭州,二手房,"经五路,近123县道"
S4527437831756804,826738,鼎湖未来云城天禧,杭州,二手房,新丰路
S3807429821146122,608131,保利罗兰香谷,杭州,二手房,华鹤路656号
S2769212431096835,160049,蚕花园永庆坊,杭州,二手房,"永庆路,近上塘路"
S4368678849552387,803286,水韵康桥康泽苑,杭州,二手房,康桥路
S3949720933016587,573294,万和玺园,杭州,二手房,"颜三路,近再行路"
S3432044290237449,369960,恒和依山郡(公寓住宅),杭州,二手房,"隐逸大道,荷西路"
S3312970920862735,369931,恒厚阳光城,杭州,二手房,杭泰路103号
S2586688368454670,160795,钱江时代公寓,杭州,二手房,清江路346号
S4409767949773830,160597,赞成荆山翠谷(公寓住宅),杭州,二手房,闲林东路
S3968062488587276,369920,顺发康庄(公寓住宅),杭州,二手房,萧钱线
S4516185942680579,179178,梅堰小区,杭州,二手房,红丰路216号
S2725669676016655,160940,北银公寓,杭州,二手房,"4号大街,近3号大街"
S2585084987154436,826619,九浪山花园,杭州,二手房,"103省道,近祥利村"
S4217662298349582,611338,万科公园大道,杭州,二手房,机场路355号
S3290664834685966,724866,坤和求是里,杭州,二手房,求和路
S4565754815933450,446654,白鹭郡南探梅里(南区),杭州,二手房,大陆路
S4018046157122562,369952,名城公馆(公寓住宅),杭州,二手房,"登云路,近通益路"
S4346493583584263,209262,世茂江滨花园瑞景湾,杭州,二手房,"16号大街,近23号大街"
S3564703979217926,576119,融科瑷骊山,杭州,二手房,望江山路1号
S4412893941869581,160883,碧云阁,杭州,二手房,复兴弄24号
S4139720957975566,656371,佳兆业西溪璞园(公寓住宅),杭州,二手房,"荆山湾路,近联胜路"
S3117247415377926,1025599,西房余杭公馆,杭州,二手房,"坝潭弄,近安乐路"
S4330572266299401,995823,景瑞天赋,杭州,二手房,"扬帆路,近博奥路"
S4548408047639560,621010,香山四季公馆,杭州,二手房,"蜀山路,近亚太路"
S4509084484705292,1133552,龙湖春江天越(公寓住宅),杭州,二手房,凌云街
S2624870323887117,160053,宋都凯旋苑,杭州,二手房,凯旋路68号
S2994060912765955,160901,翠苑三区(东区),杭州,二手房,翠柏路11号
S4514451876406278,508113,望江新园三园,杭州,二手房,"东宝路,近东霞巷"
S2596694204341250,470980,中铁逸都,杭州,二手房,北沙西路28号
S4107196107726849,238045,都市水乡水秀苑,杭州,二手房,民意街45号
S4607950799498253,826498,新天地世嘉新座,杭州,二手房,"新北街,近费家塘路"
S3847620453605385,160550,同城印象(东区),杭州,二手房,狮山路432号
S4613488494795778,369945,方正荷塘月色,杭州,二手房,"总管路,近祥园路"
S4464861437320197,160838,近江二园,杭州,二手房,"珊园弄,近诗园弄"
S2774726662511623,825501,美都良景学府,杭州,二手房,"瓶仓大道,近羊城路"
A7414020580,370048,飞虹丁香花园,杭州,二手房,金桥北路
S3006230941658118,369934,金域兰庭,杭州,二手房,"时代大道,近新庙桥"
S3980877411937284,175739,观邸国际,杭州,二手房,新和路167号
S3571939995278345,825886,翡翠城(东南区),杭州,二手房,"五常大道,近高教路"
A7462516845,766078,九龙仓雍景山(公寓住宅),杭州,二手房,万通路58号
S4331867920719881,201534,浙新小区,杭州,二手房,滨文路646号
S4586797704092684,271325,金盛曼城,杭州,二手房,东冠路655号
S4517631017610248,1315367,西溪永乐城(公寓住宅),杭州,二手房,"景兴路,近文一西路"
S4545569048486914,783119,绿城留香园,杭州,二手房,塘工局路
S4361500679267335,638889,金都夏宫(公寓住宅),杭州,二手房,"北沙西路,近星河路"
S3638426035282949,607424,溪悦宸府,杭州,二手房,"城西高教路,近青石滩河路"
S3839998919221259,808343,富力西溪悦墅,杭州,二手房,"文二西路,近文胜路"
S3665447836835843,369839,协安紫郡,杭州,二手房,紫萱路308号
S4616310193429513,825716,大家绿城金麟府,杭州,二手房,"上塘路,近湖州街"
S2574355589602315,233921,绿城丽江公寓(北区),杭州,二手房,仁爱路73号
S3583099756946447,220591,君临天下,杭州,二手房,东湖南路364号
S4597007451235334,181250,三华园(公寓住宅),杭州,二手房,凤起路290号
S4046215479974926,181626,绿城蓝庭(东区),杭州,二手房,"振兴西路,近星河路"
S3991104989634575,420307,滨江曙光之城,杭州,二手房,机场路285号
S4612185704031244,369863,精欧荣寓,杭州,二手房,"6号大街,近5号大街"
S3810030947409933,1062189,奥克斯时代未来之城,杭州,二手房,"向往街,近向往街"
S2574216038703119,938894,宝龙云滨湾(公寓住宅),杭州,二手房,学林街323号
S3339783884660737,1218303,翡翠城梧桐郡,杭州,二手房,"高教路,近五常大道"
S4565381753822209,1218291,越秀星汇花园东区,杭州,二手房,"星港路,近滨河路"
S4220157220740101,826447,金地自在城林溪里,杭州,二手房,金蓬街
S4548506330323971,160971,清泰小区,杭州,二手房,解放东路422号
S2573893547908096,297940,云厦连园,杭州,二手房,"青年路,近固陵路"
S4527685553482755,826838,绿城明月江南(西区),杭州,二手房,月明路303号
S2769871673043971,183101,凯旋金牛坊,杭州,二手房,凯旋路151号
S4363390097170443,912258,开元广场(公寓住宅),杭州,二手房,"西河路,近向旭路"
S3803833873080322,369943,玉都枫景名苑,杭州,二手房,"东西大道,近良平路"
S4439353499524111,1201600,远洋路劲上河宸章,杭州,二手房,崇杭街508号
S4133796151402497,229758,月雅苑,杭州,二手房,2号大街877号
S4015097057827846,160566,三坝雅苑,杭州,二手房,"古墩路,近圣东街"
S4254239214988295,994918,融创河滨之城雨澜轩,杭州,二手房,五常港路301号
S2573968972409871,825613,潘水苑(南区),杭州,二手房,潘水路
S4369992176409608,1048139,江南之星,杭州,二手房,"博奥路,近金惠路"
S3968377099476995,292642,新州花苑东区,杭州,二手房,"月明路,近西兴路"
S4504523197176834,995754,龙湖滟澜山(澜轩),杭州,二手房,"华景街,近银沙路"
R1811432062936076,864181,爵士风情日辉苑,杭州,二手房,天目山西路
R4121661687524359,1178779,定山西苑二区,杭州,二手房,创意路
R2272426371620870,207449,金色阳光(淳安公寓住宅),杭州,二手房,阳光路
S2574058751500288,160720,钱塘春晓花园,杭州,二手房,月明路862号
S3127297483856900,1033632,华元欢乐城(商住楼),杭州,二手房,"迎宾路,近望梅路"
S4445057111546895,825962,顺发和美家,杭州,二手房,市心北路785号
S4166583502381067,370083,天阳云筑(公寓住宅),杭州,二手房,"八角路,近鸡山路"
S3387960726002692,1013054,盈一佳苑,杭州,二手房,鸿宁路1021号
S4422871871642636,574387,新安天苑,杭州,二手房,湖州路389号
S4344580615416836,785209,新湖菲林山,杭州,二手房,上仓路
S3268817197046799,795637,广泽小区,杭州,二手房,育才路
S3976640514677766,825673,春波南苑,杭州,二手房,"滨安路,近江晖路"
S3097681600569351,217995,银爵世纪公寓,杭州,二手房,浦沿路715号
S4599437650074631,717456,中和北宸府,杭州,二手房,崇文街615号
S4051587497074703,826753,林风花园沁林苑,杭州,二手房,闻潮路168号
S4589452657927170,627593,万科良渚文化村未来城,杭州,二手房,"疏港路,近104国道"
S4307923027401732,826859,中国铁建江南国际城,杭州,二手房,"金城路,近风情大道"
S3938805261885450,1035021,利一家园,杭州,二手房,利丰路455号
S4565766559392772,826055,广和美地兰庭,杭州,二手房,"东西大道,近三星路"
S4152333372563457,404541,仁苑,杭州,二手房,滨盛路3191号
S3873480326376458,825862,都市阳光华苑,杭州,二手房,"周坪路,近来仁街"
A7454684235,943047,金汇之星,杭州,二手房,"文豪西路,近金浦路"
S4146924670165004,370071,钱塘帝景(公寓住宅),杭州,二手房,信诚路817号
S4537079502642180,993918,水韵康桥康盛苑,杭州,二手房,"前洋路,近康桥路"
S2597703936646148,160527,水岸帝景,杭州,二手房,钱潮路10号
S3890465266869250,318655,锦昌年华,杭州,二手房,"崇杭街,近半山路"
S4299429561527305,607424,溪悦宸府,杭州,二手房,"城西高教路,近青石滩河路"
S4596529814252554,1133552,龙湖春江天越(公寓住宅),杭州,二手房,凌云街
S4251563384777741,315701,悦麒美寓(东区),杭州,二手房,杭乔路8号
S3731010673306636,160474,盛世钱塘,杭州,二手房,富春路899号
A7258983905,773493,万星悦城燕庐(公寓住宅),杭州,二手房,江南路
S4595069016284162,160553,新明半岛(公寓住宅),杭州,二手房,102省道
S4278066142817280,626969,紫玉福邸,杭州,二手房,"秋涛北路,近机场路"
S4623797383177221,170154,良渚花苑(公寓住宅),杭州,二手房,玉管路18号
S4596866027662347,785683,西溪华东园,杭州,二手房,"五常大道,近高教路"
S4623877999289348,877779,奥体之星,杭州,二手房,鸿宁路666号
S4116692275932160,370089,大华海派风范沁园,杭州,二手房,城东路
S4519054458627082,370106,铂金名筑,杭州,二手房,平安路38号
S4305137085225988,160010,仙林苑(北区),杭州,二手房,二圣庙前60号
S4626686613494785,401653,春天华府,杭州,二手房,保锦路169号
S3166769732755465,219317,之江花园(公寓住宅),杭州,二手房,"东信大道,近滨盛路"
S4499269819327496,219861,万科魅力之城(东区),杭州,二手房,九环路41-4号
S3791359095483392,826286,华源福临花苑,杭州,二手房,"乌龙涧路,近西险大塘"
S4401659825855491,608767,林溪闲庭,杭州,二手房,闲富中路166号
S4586551954023434,407976,大都尚澜,杭州,二手房,"东湖北路,近兴旺大道"
S3302155883913226,370076,顺发堤香名苑,杭州,二手房,"金鸡路,近博学路"
S3296213875547149,369850,东厦东港,杭州,二手房,北沙西路150号
S4596796767050760,188696,北秀蓝湾,杭州,二手房,东西大道
A7460875535,992085,君豪御园,杭州,二手房,窄珠线
S3502640838861831,432261,名扬阁,杭州,二手房,萧钱线
S2574251928263690,192435,万安城市花园西苑,杭州,二手房,直大方伯42号
S3812738252137475,621010,香山四季公馆,杭州,二手房,"蜀山路,近亚太路"
S4225996489042949,656352,运河宸园(公寓住宅),杭州,二手房,"登云路,近小河路"
S4554253183757326,1218291,越秀星汇花园东区,杭州,二手房,"星港路,近滨河路"
S4483843926973450,370057,嘉丰公馆,杭州,二手房,"萧然西路,近南秀路"
S4346080708911115,911970,盛泰时代山,杭州,二手房,"4号大街,近9号大街"
S4474884521667585,248839,中海钱塘山水(公寓住宅),杭州,二手房,东信大道92号
S4168105254412290,656689,兴耀鑫都汇,杭州,二手房,滨康路
S4335020467609615,618884,美好桂花星座,杭州,二手房,"远展街,近星源路"
S4595310829706251,174648,北落马营,杭州,二手房,候潮路34号
S4417150569323533,1025606,融创金成江南府(公寓住宅),杭州,二手房,天目山西路
S3053416830574604,160344,采荷东区,杭州,二手房,秋涛北路52号
S2574084657339405,1076528,滨江碧桂园翡翠江南,杭州,二手房,"利华路,近生兴路"
S3127493434728457,619462,中旅紫金名门,杭州,二手房,振华路10号
S3699784408260615,222279,正中尚品庭院,杭州,二手房,新昌路181号
S4291012780420100,807880,阳光城上府(公寓住宅),杭州,二手房,"风情大道,近滨康路"
S3832385643439116,826838,绿城明月江南(西区),杭州,二手房,月明路303号
S4289542135966727,826099,汀洲花苑(南区),杭州,二手房,"振兴西路,近荷禹路"
S4339173867118601,788323,东晖龙悦湾(公寓住宅),杭州,二手房,"五洲路,近小白线"
S4117313526787087,628110,开元名郡,杭州,二手房,"向旭支路,近晨晖路"
S4433710396648453,171201,大华西溪风情(公寓住宅),杭州,二手房,文一西路833号
S4208659622239242,369924,金岸提香(公寓住宅),杭州,二手房,中泰路322号
S3260265764772875,639246,德信早安,杭州,二手房,石鸽路45号
S4286162450652164,826738,鼎湖未来云城天禧,杭州,二手房,新丰路
S3117254886038540,641202,赞成首府(公寓住宅),杭州,二手房,世纪大道
S4274176285515776,826313,西溪诚园致诚苑,杭州,二手房,"双龙街,近崇仁路"
A7476193041,1038258,银湖花苑(公寓住宅),杭州,二手房,320国道
S4482013519488005,1218290,越秀星汇花园西区,杭州,二手房,"塘塍街,近225县道"
S3716272937790473,609573,后珠辰秀嘉园(北区),杭州,二手房,明珠街
S2573901336223756,658597,湖墅观邸,杭州,二手房,湖墅北路111号
S4280987146902541,607368,绿城莲园(公寓住宅),杭州,二手房,"北沙西路,近荷花路"
S4137977039477760,160999,复兴北苑,杭州,二手房,复兴路163号
S3564586015286283,804912,东裕华庭,杭州,二手房,"经五路,近123县道"
S3151218727493646,370080,中粮云涛名苑(公寓住宅),杭州,二手房,时代大道
S2631610933718027,652463,越秀星汇悦城,杭州,二手房,古墩路
S3053794549816331,610923,莱蒙水榭春天,杭州,二手房,飞虹路208号
S4430926896241670,407707,金昌春和钱塘,杭州,二手房,民和路411号
S4144192384134147,877755,迪凯运河印象,杭州,二手房,"好运街,通益路"
S4505989867101187,626947,佳源名城,杭州,二手房,"崇超路,近汇贤路"
S4102581705878538,619140,元成时代中心(商住楼),杭州,二手房,"金乔路,近元成路"
S3143106817956870,193195,碧天家园,杭州,二手房,邱山大街692号
S4217381112835085,370111,雍熙山庄,杭州,二手房,沿山路52号
S4230461438798862,160053,宋都凯旋苑,杭州,二手房,凯旋路68号
S3329580077998080,826799,龙湖滟澜山(丽轩),杭州,二手房,"华景街,近海达南路"
S4384509976353805,193195,碧天家园,杭州,二手房,邱山大街692号
S2950752063269900,160395,水陆寺巷小区,杭州,二手房,东清巷7号
S4534244394052611,369860,德信早城,杭州,二手房,"学林街,近上沙路"
S2609210781379586,542544,七贤郡(1-50),杭州,二手房,东西大道
S4241750680824837,911314,恒隆广场,杭州,二手房,山阴路688号
S4621278821919756,181625,名门天第,杭州,二手房,邱山大街575号
S3001881923640334,160842,春波小区,杭州,二手房,春波路32号
S3764579522913290,369955,杭州碧桂园(公寓住宅),杭州,二手房,水云街158号
S3482852942142475,799196,颐和山庄(别墅),杭州,二手房,科技大道3608号
S2574340573309966,912258,开元广场(公寓住宅),杭州,二手房,"西河路,近向旭路"
S4507387748342791,877690,西溪八方城,杭州,二手房,"文一西路,近荆长路"
S4183257822338048,650168,钱塘明月,杭州,二手房,金惠路300号
S4005512387616783,201534,浙新小区,杭州,二手房,滨文路646号
S3117246782104581,221442,太炎花苑,杭州,二手房,仓兴街
S2582163564878859,952171,中赢康康谷(商住楼),杭州,二手房,春晓路61号
S3330055343662083,912477,丽晶国际中心,杭州,二手房,鸿宁路2327号
S4040581954509829,575797,朗诗未来街区西园,杭州,二手房,"天万路,近苑中路"
S3977940095949831,615708,金地格林格林,杭州,二手房,"天都路,近华鹤街"
S4516192504081419,825999,通和戈雅公寓,杭州,二手房,万达北路710号
S4520145639894028,160957,丰乐苑(8-12),杭州,二手房,丰家兜8号
S4357655011372041,370046,保利湾天地,杭州,二手房,24号大街
S2641712423623692,1027690,和家园翰园,杭州,二手房,杨梅山路362号
S2695442646248451,334770,亿丰蔚蓝郡,杭州,二手房,勾庄路218号
S3666633368624139,943026,祥生云浦新语,杭州,二手房,"科海路,近周二路"
S4602431980938252,611491,华元欢乐城(公寓住宅),杭州,二手房,迎宾路
S4494612159867908,826557,近江四园,杭州,二手房,"婺江路,近富春路"
S3974064987611137,796147,绿城桃李春风(别墅),杭州,二手房,科技大道
S3117256480612356,370110,理想康城一品,杭州,二手房,人民大道258号
S3862232646524931,826305,西溪北苑东区,杭州,二手房,"文昌路,近荆长大道"
S4249713308523521,372524,相墅花园(公寓住宅),杭州,二手房,"时代大道,近湘湖路"
S3949868395814925,369846,保利江语海(公寓住宅),杭州,二手房,"之江东路,近6号大街"
S3052184426554381,222230,缤纷北苑,杭州,二手房,"滨盛路,近西兴路"
S3006816833741825,160594,三江花园(公寓住宅),杭州,二手房,万达中路26号
S3781607741875200,160613,清泰南苑,杭州,二手房,始版桥直街176号
S3151218431828997,369920,顺发康庄(公寓住宅),杭州,二手房,萧钱线
S4595095466286086,779138,金地艺境,杭州,二手房,"翁乔路,鑫业路"
S4180464031243265,1017351,旭辉宝龙东湖城(公寓住宅),杭州,二手房,"青六北路,近南沙路"
S2935373402285066,217136,锦园小区,杭州,二手房,建国北路370号
S3462161585610752,912477,丽晶国际中心,杭州,二手房,鸿宁路2327号
S3462944084451333,160901,翠苑三区(东区),杭州,二手房,翠柏路11号
S3842340401538052,826118,同城印象(西区),杭州,二手房,狮山路307号
S4513441298246658,1020699,仁良花苑,杭州,二手房,"东风路,近和平路"
S4295399103881219,826313,西溪诚园致诚苑,杭州,二手房,"双龙街,近崇仁路"
S4357798547975176,369832,恒逸金榈湾,杭州,二手房,临浦中路123-125号
S4516121066286091,217713,兴和公寓,杭州,二手房,刀茅巷79号
S4335131603315717,1048132,东原印未来,杭州,二手房,溪望路
S4040251073502219,727345,经纬御贤府,杭州,二手房,崇文街90号
S3994118994455560,877684,陆家桥新苑,杭州,二手房,星海南路87号
S2573914440821772,630884,科尔世纪外滩(公寓住宅),杭州,二手房,水博大道1号
S4431151026301963,573099,大家之江悦,杭州,二手房,"碧波路,近枫桦西路"
S3196500431772678,217478,绿野春天家园(公寓住宅),杭州,二手房,"里东路,近闲富公路"
S4053258644167695,610065,绿地旭辉城,杭州,二手房,"扬帆路,近滨盛路"
S2634635066747913,626969,紫玉福邸,杭州,二手房,"秋涛北路,近机场路"
S4487994343369732,193773,梦琴湾,杭州,二手房,"27号大街,近10号大街"
S2574363453512710,160390,采荷人家,杭州,二手房,杭海路265-267号
S4339138852216838,1255003,三江名苑,杭州,二手房,时代大道
A7467903228,1074373,美丽春天府,杭州,二手房,石马路521号
S4255532883696648,379792,瑞立东方花城,杭州,二手房,滨安路42号
S2576093337693188,160147,滨江万家花城(一期),杭州,二手房,萍水街380号
S3787186109898762,177622,华宇家园,杭州,二手房,临平星光街957号
S2769462399984653,160610,现代印象广场,杭州,二手房,江南大道3399号
S4360558934809614,789605,佳兆业君汇上品,杭州,二手房,"稼东路,近石塘东路"
S3051888961805323,826451,金地自在城栖霞居(公寓住宅),杭州,二手房,金蓬街
S2575832380317707,610923,莱蒙水榭春天,杭州,二手房,飞虹路208号
S3681015241202692,486928,野风海天城,杭州,二手房,听涛路174号
S4573202267118607,300676,南北西岸(公寓住宅),杭州,二手房,昼锦路12号
S4242674418491397,779615,合景天峻,杭州,二手房,创景路
S3811198825783306,160520,翰林花园,杭州,二手房,翰林街108号
S3429397587157001,236163,绿城蓝色钱江(公寓住宅),杭州,二手房,鲲鹏路
S3254624648093703,826118,同城印象(西区),杭州,二手房,狮山路307号
S3117255397006339,370094,金都西花庭,杭州,二手房,"狮山路,近余杭塘河"
S3037246083276811,160039,东海花园,杭州,二手房,南大街126号
S4429532947932165,641202,赞成首府(公寓住宅),杭州,二手房,世纪大道
S4615058167800835,370000,风华苑,杭州,二手房,世纪大道19号
A7301363999,1074373,美丽春天府,杭州,二手房,石马路521号
S4252990762868743,161160,缤纷小区,杭州,二手房,"丹枫路,近睿祥路"
S4041597855522820,216505,通和南岸花城(公寓住宅),杭州,二手房,时代大道
S4467708339022859,600730,绿城之江1号(东区),杭州,二手房,"横桥路,近博美路"
S3169661541359623,217478,绿野春天家园(公寓住宅),杭州,二手房,"里东路,近闲富公路"
S3942570087800833,789605,佳兆业君汇上品,杭州,二手房,"稼东路,近石塘东路"
S3962337277747202,825761,林之语(公寓住宅),杭州,二手房,"钱宁线,近奔竞大道"
S4538689705991180,369945,方正荷塘月色,杭州,二手房,"总管路,近祥园路"
S4326244948811785,615708,金地格林格林,杭州,二手房,"天都路,近华鹤街"
S4341755344855041,785618,尚海湾(公寓住宅),杭州,二手房,育才路
S2573877617089546,916687,碧桂园深蓝国际中心,杭州,二手房,"博奥路,近利一路"
S2739726606740491,825484,白马湖小区孔雀苑,杭州,二手房,"江虹南路,近规划支路"
S2574169844624396,160971,清泰小区,杭州,二手房,解放东路422号
S4419881448956939,800144,时间国际,杭州,二手房,"环站北路,近同协南路"
S4575441633518595,160717,观巷小区,杭州,二手房,凤起路
S3382407913593862,1021780,绿城蓝庭(西区),杭州,二手房,振兴西路52号
S4609549198257163,369972,泊林漫谷(公寓住宅),杭州,二手房,留和路
S3965656087899137,826313,西溪诚园致诚苑,杭州,二手房,"双龙街,近崇仁路"
S4334697094159368,334770,亿丰蔚蓝郡,杭州,二手房,勾庄路218号
S4358997861800964,782886,融创大家侯潮府,杭州,二手房,"候潮路,近钱江路"
S4484980358964233,178587,都市水乡水滟苑,杭州,二手房,广业街282号
S4596875424261129,475889,越秀星汇城后湾,杭州,二手房,大园路123号
S4596584874370051,995754,龙湖滟澜山(澜轩),杭州,二手房,"华景街,近银沙路"
S4595143749540874,229269,四季风景苑,杭州,二手房,"5号大街,近6号大街"
S3057819216190468,160251,长岛之春,杭州,二手房,明志路99号
S3969887151778830,1424017,越秀景瑞悦见山,杭州,二手房,"兴国路,近辰兴路"
S3222534264513540,369886,宋都晨光国际,杭州,二手房,"23号大街,近16号大街"
S4090207194455052,160957,丰乐苑(8-12),杭州,二手房,丰家兜8号
S4255758999182348,217995,银爵世纪公寓,杭州,二手房,浦沿路715号
S3501666505335820,369894,欣盛东方福邸,杭州,二手房,"水月街,近学院北路"
S4573938880748555,316460,浙地人家,杭州,二手房,宋家湾路
S4577366684969994,299627,彩虹豪庭,杭州,二手房,"伟业路,近闻涛路"
S3233250385142787,596962,元成东盛家园,杭州,二手房,松乔街518号
S4486684927892491,656442,合景叠彩园(公寓住宅),杭州,二手房,"文胜路,近电子路"
S3308858686004228,160872,新华坊,杭州,二手房,健康路23号
S4310988149038090,576119,融科瑷骊山,杭州,二手房,望江山路1号
S2769334605474822,825613,潘水苑(南区),杭州,二手房,潘水路
S3875088553798667,160987,温馨人家,杭州,二手房,月明路796号
R3529978860101644,793803,文澜雅苑,杭州,二手房,文新路32号
S2972890157196292,160518,中江花园,杭州,二手房,环城东路313号
S4595192871904264,909730,万象城悦玺,杭州,二手房,"庆春东路,近钱江路"
S4534722156045319,761437,凯文杭庄(公寓住宅),杭州,二手房,"映荷路,近荷禹路"
S4349309016075267,160795,钱江时代公寓,杭州,二手房,清江路346号
S3973894865756163,479985,新华园,杭州,二手房,"湖墅南路,近叶青兜路"
S4537397995887626,528979,西溪海听海苑,杭州,二手房,"闲富北路,近上和路"
S4323810905906191,160430,浙报公寓,杭州,二手房,二圣庙前40号
S4171832957950986,218616,广瑞瑞城花园(公寓住宅),杭州,二手房,东西大道
S4398459039540235,206392,望江新园二园,杭州,二手房,东霞巷32号
S2653402233349132,656689,兴耀鑫都汇,杭州,二手房,滨康路
S3207138880068623,725178,金成英特学府(公寓住宅),杭州,二手房,"天目山西路,近城东路"
S4368887233616911,1048135,海德公园,杭州,二手房,"东吴路,近良运街"
S4517367571848200,160359,通策广场(公寓住宅),杭州,二手房,江南大道3672号
S3051952915440650,991988,美政花苑民航宿舍,杭州,二手房,"之江路,近美政路"
S4292540425202689,476482,华瑞晴庐,杭州,二手房,"建设二路,近育才路"
R3847933013928961,826756,云都凤凰城,杭州,二手房,云市路86号
S3093163350418439,877779,奥体之星,杭州,二手房,鸿宁路666号
S4474721673899019,590405,万科北宸之光,杭州,二手房,通运路
S4515817651282959,160997,采荷绿萍,杭州,二手房,庆春东路12号
S4567348287839240,825948,水榭花都,杭州,二手房,绿荫街149号
S4507600086426625,826055,广和美地兰庭,杭州,二手房,"东西大道,近三星路"
S4285486122904584,868158,金世纪运河丽园(公寓住宅),杭州,二手房,"东湖北路,近兴旺大道"
S3546812633784322,778406,滨江西溪之星(公寓住宅),杭州,二手房,"荆长大道,纬三路"
S2670327204273158,468839,亲亲家园三期,杭州,二手房,"古墩路,近通济路"
S4533279064908801,160812,郁金香岸(公寓住宅),杭州,二手房,万达路770号
S4528572291048450,607300,兴耀星悦湾(公寓住宅),杭州,二手房,"青六南路,近横雷线"
S4619446448630790,807880,阳光城上府(公寓住宅),杭州,二手房,"风情大道,近滨康路"
S4626403536481283,861511,绿城兰园(公寓住宅),杭州,二手房,环城北路57号
S3617214012138511,1025600,恒大水晶国际广场,杭州,二手房,"之浦路,近枫桦路"
S3686679516748803,160713,滨江金色家园,杭州,二手房,富春路16号
S3724943384456205,244215,朗诗国际街区,杭州,二手房,27号路60号
S4130808717238281,183101,凯旋金牛坊,杭州,二手房,凯旋路151号
S4058899337587726,1020699,仁良花苑,杭州,二手房,"东风路,近和平路"
S4544855322815503,160558,六合天寓,杭州,二手房,东信大道1222号
S3884893395510273,877728,金地德圣中心(商住楼),杭州,二手房,"金城路,近金山路"
S4537266261728262,229758,月雅苑,杭州,二手房,2号大街877号
S2574226537603087,160049,蚕花园永庆坊,杭州,二手房,"永庆路,近上塘路"
S4575500080964609,409025,新都公园家,杭州,二手房,横潭路39号
S4069087572483085,401920,中兴景冉佳园,杭州,二手房,学正街169号
S3876081441713158,801402,丰北三苑,杭州,二手房,"金鸡路,近利丰路"
S4100358104034317,826454,金地自在城悦活轩,杭州,二手房,欣然街111号
S2573926560099335,778888,富力十号朗悦居(公寓住宅),杭州,二手房,"文一西路,近高教路"
R4335150441913356,926296,浙富桐城府,杭州,二手房,"梅林路,近白云源东路"
S3546134385810442,652109,阳光城翡丽湾,杭州,二手房,大农港西路1296号
A7332205629,943068,光明逸品春江,杭州,二手房,"江波街,近鹿山大道"
S4240335100275716,825868,墩莳家园,杭州,二手房,甲来路41号
S4145322332594179,825956,顺达花苑东区,杭州,二手房,"顺达路,近320国道"
S2574171998465032,641301,都市阳光嘉苑,杭州,二手房,甲来路40号
S4016481156979720,219861,万科魅力之城(东区),杭州,二手房,九环路41-4号
S4409695203482632,221973,新绿园,杭州,二手房,鲲鹏路97号
S2574260845665289,221630,江虹小区,杭州,二手房,"滨和路,近江虹路"
S4578119447766029,369945,方正荷塘月色,杭州,二手房,"总管路,近祥园路"
S2603746375838732,369934,金域兰庭,杭州,二手房,"时代大道,近新庙桥"
S4384478251867139,369877,众安嘉润公馆,杭州,二手房,"金鸡路,近潮韵路"
S4420170470564869,800144,时间国际,杭州,二手房,"环站北路,近同协南路"
S3822604053864448,160688,东园小区,杭州,二手房,大树路24号
S3325463811547140,369956,星汇荣邸,杭州,二手房,浦沿路369号
S4577018436627469,1021780,绿城蓝庭(西区),杭州,二手房,振兴西路52号
S4262730705132544,160527,水岸帝景,杭州,二手房,钱潮路10号
A7449972713,370025,滨江花园,杭州,二手房,滨江西路428号
S4424181263445007,826335,西溪雅苑(东区),杭州,二手房,天目山路550号
S4110957219048456,160049,蚕花园永庆坊,杭州,二手房,"永庆路,近上塘路"
S4211950809082892,160277,绿都湖滨花园(公寓住宅),杭州,二手房,"金山路,近博学路"
S4551752343596044,220251,蓝桥名苑,杭州,二手房,金堡街294号
S4483309162931204,1048135,海德公园,杭州,二手房,"东吴路,近良运街"
S4616806001105929,1078073,越秀星悦城(公寓住宅),杭州,二手房,"星港路,近塘塍街"
S3982603781680135,613323,中大银泰城公寓,杭州,二手房,东新路822号
S2574219365358604,476572,顺发江南丽锦,杭州,二手房,"市心北路,近扬帆路"
S3020928428665863,223789,红街公寓,杭州,二手房,新风路318号
S3941056428975118,826619,九浪山花园,杭州,二手房,"103省道,近祥利村"
S4238349356310535,825761,林之语(公寓住宅),杭州,二手房,"钱宁线,近奔竞大道"
S2574060108079112,369834,多立方公寓,杭州,二手房,九华路
S2574318100667407,160492,银色港湾(公寓住宅),杭州,二手房,伟业路481号
A7164500765,1074373,美丽春天府,杭州,二手房,石马路521号
S4568749091728395,863121,宝龙城市广场,杭州,二手房,"学府街,近学林支路"
S4343139433749514,1218302,上坤山语四季(公寓住宅),杭州,二手房,"顺风路,近临平大道"
S3042245989243909,877681,正易上塘春苑,杭州,二手房,博园路13号
S3862210164580362,160597,赞成荆山翠谷(公寓住宅),杭州,二手房,闲林东路
S4024785884553221,160066,金都华府,杭州,二手房,江城路
S4525810015742990,160842,春波小区,杭州,二手房,春波路32号
S4499320940258315,1201595,"沿山路138,198号小区",杭州,二手房,"沿山路138,198号"
S4378959479041037,826556,近江三园,杭州,二手房,珊园弄13号
S2598393083276301,160343,南岸晶都花园,杭州,二手房,平安路72号
S3931599600230405,191502,九曲营小区,杭州,二手房,九曲营路78号
R3028307353558028,369817,恒安名座,杭州,二手房,崇化路750号
S3490971433868299,193433,花城名苑(西区),杭州,二手房,合欢路171号
S4070220024699908,366123,高桥小区,杭州,二手房,高桥路
S4349299214409733,219224,燕子弄小区,杭州,二手房,"庆春路,近建国中路"
S2770584785677318,724866,坤和求是里,杭州,二手房,求和路
S3452283626413063,369907,泊林印象,杭州,二手房,仁爱路218号
S4036481192930312,826248,星光国际广场,杭州,二手房,江南大道228号
S4279878875652109,160223,白金海岸花园,杭州,二手房,香溢路88号
S4050160114425871,200064,逸居城,杭州,二手房,逸盛路183号
R3581902791629825,160308,迎春北苑,杭州,二手房,"迎春路,近江陵路"
S4399948529984526,610901,中海御道(公寓住宅),杭州,二手房,"钱江路,近塘工局路"
S3665530428399630,160441,凤栖花园,杭州,二手房,凤起路31号
S3868879660835854,370092,保利玫瑰湾,杭州,二手房,24号大街
S4608198508209160,826482,新世界琅琴湾,杭州,二手房,迎康路28号
S4568494515444744,218616,广瑞瑞城花园(公寓住宅),杭州,二手房,东西大道
S2704550327168009,826753,林风花园沁林苑,杭州,二手房,闻潮路168号
S3166940412650510,160451,温兴风情苑,杭州,二手房,西兴路750号
S4514699601863687,209262,世茂江滨花园瑞景湾,杭州,二手房,"16号大街,近23号大街"
S2960095334917128,160363,保元泽第(公寓住宅),杭州,二手房,东湖南路333号
S4471072479978505,160086,闲林山水丹枫苑,杭州,二手房,闲林东路
S3365369647637506,369931,恒厚阳光城,杭州,二手房,杭泰路103号
S2929127153839114,369926,嘉里桦枫居,杭州,二手房,杭玻街766号
S4528825919691777,826425,欣盛东方郡(东区),杭州,二手房,春晓路233号
S3595357322781701,635788,赞成赞城,杭州,二手房,棕榈路801号
S3666486346407949,192750,顺昌花苑,杭州,二手房,丝织弄63号
S3523842906873857,174019,锦绣文澜阁,杭州,二手房,"通益路,近湖杭州街"
S4350390351391755,183358,柳浪东苑,杭州,二手房,河坊街512号
R4418513839856650,316460,浙地人家,杭州,二手房,宋家湾路
S4045854399913986,224210,中庆金沙学府,杭州,二手房,6号大街396号
S4428105575064584,432261,名扬阁,杭州,二手房,萧钱线
S4463420287396877,217298,新江花园,杭州,二手房,"通盛路,近银堡街"
S4578213800193024,160802,西城时代家园,杭州,二手房,文一西路
S2903912177249290,217713,兴和公寓,杭州,二手房,刀茅巷79号
S4532870096577543,826027,瓜山佳苑,杭州,二手房,拱康路
S3052017268743179,801402,丰北三苑,杭州,二手房,"金鸡路,近利丰路"
S2573900257222661,826454,金地自在城悦活轩,杭州,二手房,欣然街111号
S4508965799930884,224920,京明凤凰家园,杭州,二手房,申达路388号
S3788840965627911,303624,东海柠檬郡,杭州,二手房,幸福南路252号
S2769226719239171,160717,观巷小区,杭州,二手房,凤起路
S4512092597396484,826859,中国铁建江南国际城,杭州,二手房,"金城路,近风情大道"
S3603231252866052,318655,锦昌年华,杭州,二手房,"崇杭街,近半山路"
S2589685012275212,411448,华润新鸿基之江九里(公寓住宅),杭州,二手房,"珊瑚沙路,近碧波路"
S2973351523507200,826454,金地自在城悦活轩,杭州,二手房,欣然街111号
S2574314690699267,481359,青枫墅园山语阁,杭州,二手房,"上仓路,近和睦路"
A7471685359,1296149,高桥花苑(东区),杭州,二手房,高桦路3号
S4331922981526543,300676,南北西岸(公寓住宅),杭州,二手房,昼锦路12号
S2742765982852102,170497,万科西溪蝶园(北区),杭州,二手房,紫霞街188号
S4314885551598598,1218302,上坤山语四季(公寓住宅),杭州,二手房,"顺风路,近临平大道"
S2769792981394446,650521,钱塘之星,杭州,二手房,"江南大道,近西兴路"
S4211802097459215,863448,世包国际中心,杭州,二手房,市民街99号
S2769327217175554,826603,景致公寓,杭州,二手房,"和睦路,近石祥路"
A7467082713,1302937,融创微风之城(公寓住宅),杭州,二手房,东桥路169号
S3553153332944909,160265,竹海水韵(公寓住宅),杭州,二手房,"闲富北路,近天目山西路"
S4050681114848269,160229,亲亲家园一期,杭州,二手房,"古墩路,近董家路"
S4626791436037131,909732,蓝钻天成,杭州,二手房,莫干山路969号
S2574175148088333,825962,顺发和美家,杭州,二手房,市心北路785号
S3823652583205903,609573,后珠辰秀嘉园(北区),杭州,二手房,明珠街
S4520401230126090,160199,金基晓庐,杭州,二手房,钱潮路68号
S3127475145663489,826363,仙林苑(南区),杭州,二手房,中山北路142号
S2898184983718925,200064,逸居城,杭州,二手房,逸盛路183号
S4305388766650368,160205,锦绣江南(滨江),杭州,二手房,咏渡巷59号
S4379946446349314,789465,南润名座,杭州,二手房,蜀山路418号
S4176525956635650,875368,北辰奥园(公寓住宅),杭州,二手房,"向旭路,近蜀山路"
S2586375995924494,806475,万科江湾城,杭州,二手房,"时代大道,近纬一路"
S4595542847089666,223789,红街公寓,杭州,二手房,新风路318号
A7375705775,234643,金苑山庄,杭州,二手房,四铜线
S3146554113088516,300674,天鸿君邑(公寓住宅),杭州,二手房,东信大道
S4167692389002246,656248,首开国风美域,杭州,二手房,振华路1号
S3774162278788110,171723,滨文苑,杭州,二手房,"滨文路,近火炬大道"
S4058624402054144,346247,星桥桂花城,杭州,二手房,"藕花洲大道,近太平路"
S4542973784808448,1893012,杭与城,杭州,二手房,龙舟北路
S4237230661917702,160474,盛世钱塘,杭州,二手房,富春路899号
S4378886728393732,585613,绿城巧园,杭州,二手房,"浦沿路,近坚塔路"
S4125490149547013,470980,中铁逸都,杭州,二手房,北沙西路28号
S2793146342941709,303778,大成名座,杭州,二手房,"市心北路,近建设三路"
S4398647792294921,181169,康城国际,杭州,二手房,世纪大道676号
S4280981854100486,826268,婺江家园一园,杭州,二手房,婺江路38号
S4520739397659654,1035021,利一家园,杭州,二手房,利丰路455号
A7284536631,877703,山水美庐,杭州,二手房,文教路71-8号
A7469726599,1302937,融创微风之城(公寓住宅),杭州,二手房,东桥路169号
S2662917954198541,911967,新世界柏丽轩,杭州,二手房,通惠北路12号
S4432680790436868,825713,大华海派风范茗园,杭州,二手房,城东路4-10号
S4521956393903113,1076528,滨江碧桂园翡翠江南,杭州,二手房,"利华路,近生兴路"
S2575598802984964,785683,西溪华东园,杭州,二手房,"五常大道,近高教路"
S2769833678414861,219317,之江花园(公寓住宅),杭州,二手房,"东信大道,近滨盛路"
S2808915581152259,1030045,嘉丰万悦城(南区),杭州,二手房,东湖北路
S4329011236790279,826308,中海寰宇天下C区,杭州,二手房,"滨盛路,近江陵路"
S4630616510276610,314636,树兰书香名邸(公寓住宅),杭州,二手房,星光街1-1号
S4585435217193997,786760,新城峯璟(公寓住宅),杭州,二手房,文二西路
S3016855788411915,825576,滨康二苑,杭州,二手房,"江椒路,近南环路"
S2920973881697285,1218302,上坤山语四季(公寓住宅),杭州,二手房,"顺风路,近临平大道"
S3524074709326848,369850,东厦东港,杭州,二手房,北沙西路150号
S2725683637988364,350909,九衡公寓,杭州,二手房,"良周路,近东西大道"
R3437626679713801,826176,万星碧云天公寓,杭州,二手房,孙权路
S3653796830340102,1020699,仁良花苑,杭州,二手房,"东风路,近和平路"
S4170401637837836,615708,金地格林格林,杭州,二手房,"天都路,近华鹤街"
S4579572411229188,910660,东方君悦,杭州,二手房,民心路88号
S4578202038361091,826799,龙湖滟澜山(丽轩),杭州,二手房,"华景街,近海达南路"
S4530461681689600,609162,保利梧桐语,杭州,二手房,"普德路,近九州路"
S4371820632826888,1013054,盈一佳苑,杭州,二手房,鸿宁路1021号
S4002120904990729,641300,乾成园,杭州,二手房,集萃路47号
S4625264088376325,411448,华润新鸿基之江九里(公寓住宅),杭州,二手房,"珊瑚沙路,近碧波路"
S4143468289761283,234966,白马尊邸(公寓住宅),杭州,二手房,"墩池路,近荡鱼路"
S4561618743518212,607368,绿城莲园(公寓住宅),杭州,二手房,"北沙西路,近荷花路"
S2725672985074698,300676,南北西岸(公寓住宅),杭州,二手房,昼锦路12号
S4571597954145281,160574,风雅钱塘,杭州,二手房,月明路1076号
S4587299752631298,789656,利二花苑,杭州,二手房,"奔竞大道,近金鸡路"
S4309586994651149,799196,颐和山庄(别墅),杭州,二手房,科技大道3608号
S4527201904929804,160210,滨兴家园,杭州,二手房,滨兴路
S3028595369765889,160901,翠苑三区(东区),杭州,二手房,翠柏路11号
S3096152714158086,369858,华瑞湘湖美地,杭州,二手房,萧西路605号
S4225805757176842,798570,北大资源未名府(公寓住宅),杭州,二手房,"荆常大道,近杨家墩路"
S4050900405742597,1260474,花园岗和苑(公寓住宅),杭州,二手房,"石祥路,近莫干山路"
S4619357954812935,221973,新绿园,杭州,二手房,鲲鹏路97号
S4602612157737988,638889,金都夏宫(公寓住宅),杭州,二手房,"北沙西路,近星河路"
S4180344109441027,172313,定安苑,杭州,二手房,定安路36号
S4626636397747209,217298,新江花园,杭州,二手房,"通盛路,近银堡街"
S4523080993186816,1035534,万科北宸之光拱宸,杭州,二手房,上园路
S3926275873303561,804783,白塔人家,杭州,二手房,"复兴路,近水澄路"
S4163473173720065,315701,悦麒美寓(东区),杭州,二手房,杭乔路8号
S2926573950297097,160299,国信嘉园(公寓住宅),杭州,二手房,滨盛路4050号
S2902117093104655,825501,美都良景学府,杭州,二手房,"瓶仓大道,近羊城路"
S4561607378824206,379785,九龙仓碧玺,杭州,二手房,"后横港路,近桥弄街"
S4409683398073354,717456,中和北宸府,杭州,二手房,崇文街615号
S4576760885783562,911967,新世界柏丽轩,杭州,二手房,通惠北路12号
S2880947379395591,762457,北城枫景园(公寓住宅),杭州,二手房,长睦路
S4083089124912135,369972,泊林漫谷(公寓住宅),杭州,二手房,留和路
S4624847290002439,803535,宋都东郡之星,杭州,二手房,"银海街,近春新路"
S4575625076024335,407707,金昌春和钱塘,杭州,二手房,民和路411号
S4545616192855041,217995,银爵世纪公寓,杭州,二手房,浦沿路715号
S4537036235940869,370083,天阳云筑(公寓住宅),杭州,二手房,"八角路,近鸡山路"
S4518973872841740,370060,远洋大河宸章,杭州,二手房,小河路455号
S4302291566796803,877750,滨江金茂府,杭州,二手房,"西兴路,近滨盛路"
S2769487238142983,659623,奥克斯缔逸城(公寓住宅),杭州,二手房,"古墩路,近庄墩路"
S3062156286843905,160965,大家静安花苑,杭州,二手房,下车路102号
A7476193053,1038258,银湖花苑(公寓住宅),杭州,二手房,320国道
R4524518649897988,370013,复城国际(公寓住宅),杭州,二手房,金桥北路69号
S3811566454694915,607368,绿城莲园(公寓住宅),杭州,二手房,"北沙西路,近荷花路"
S4434200409222147,186603,钱塘名都,杭州,二手房,钱江路628-640号
S2574130685059079,161103,盛元慧谷(公寓住宅),杭州,二手房,火炬大道725号
S4494834308733961,609573,后珠辰秀嘉园(北区),杭州,二手房,明珠街
S2582438490300416,585613,绿城巧园,杭州,二手房,"浦沿路,近坚塔路"
S4398380463860740,478833,金瑞城市风景,杭州,二手房,风景街333号
S3616008640420864,370106,铂金名筑,杭州,二手房,平安路38号
S3779724254899214,994918,融创河滨之城雨澜轩,杭州,二手房,五常港路301号
S4271444418800642,160298,绿城春江花月,杭州,二手房,钱江路158号
S3219491032670209,826452,金地自在城求学里,杭州,二手房,"嘉仁路,近金蓬街"
A7423850577,825720,大家小墅,杭州,二手房,金苑路
S3052416358505472,369879,赞成美树,杭州,二手房,金恒路174号
S4302058216827917,221973,新绿园,杭州,二手房,鲲鹏路97号
S4150947282411532,160086,闲林山水丹枫苑,杭州,二手房,闲林东路
S4323500275392524,656439,德信大家钱江府,杭州,二手房,"东宁路,近艮山西路"
S4346352034835470,786760,新城峯璟(公寓住宅),杭州,二手房,文二西路
S4325099057015808,620117,理想银泰城(公寓住宅),杭州,二手房,世纪大道118号
S2695465340394505,269307,华元爱丁郡,杭州,二手房,"宋家湾路,近西坝路"
A7284810947,239124,云水山居(公寓住宅),杭州,二手房,九龙大道延伸段
S4565851090543617,649983,龙湖春江郦城,杭州,二手房,江汉路1337号
S2823981338323969,826084,天阳棕榈湾(西区),杭州,二手房,棕榈路17号
S2725673380310025,300522,新湖果岭(公寓住宅),杭州,二手房,文一西路
S2604774686810123,404541,仁苑,杭州,二手房,滨盛路3191号
S2725684967975948,221442,太炎花苑,杭州,二手房,仓兴街
R4236133757804550,203165,良渚十六街区,杭州,二手房,东西大道
S4209074426768390,826482,新世界琅琴湾,杭州,二手房,迎康路28号
S4566114538281996,781708,新德佳苑,杭州,二手房,"胜南路,近杭氧街"
S4150927609457676,346142,望江家园东园,杭州,二手房,钱江路483号
S3106070795052047,825525,保亿风景蝶院观园,杭州,二手房,"江虹路,近天官路"
S3294200672033792,336446,瑞金华庭嘉苑,杭州,二手房,藕花州大街西段264号
S3241165953246217,803350,绿都港汇中心,杭州,二手房,市心北路853号
S4565770481099783,618928,耀达金鼎华庭,杭州,二手房,仁和大道
S4305255073718286,205425,银泰海威国际,杭州,二手房,"江虹路,近科技馆路"
S2769370258480132,218032,吉如家园,杭州,二手房,"杭印路,近登云路"
S2574084752972810,641301,都市阳光嘉苑,杭州,二手房,甲来路40号
A7469639196,826683,浪漫香槟(东区),杭州,二手房,香槟路68号
A7472906320,202604,清源上林湖(别墅),杭州,二手房,上林路1号
S4479384893217801,160371,港湾家园,杭州,二手房,余杭塘路866号
S3631890749546506,209262,世茂江滨花园瑞景湾,杭州,二手房,"16号大街,近23号大街"
S4064870323970052,943059,景瑞申花壹号院,杭州,二手房,"丰潭路,近申花路"
S3597547377384461,177622,华宇家园,杭州,二手房,临平星光街957号
S3481754359324683,369932,绿都御景蓝湾(公寓住宅),杭州,二手房,时代大道6588号
S4043418412032010,160582,昆仑水印城,杭州,二手房,滨盛路2242号
S4030304438922253,1033632,华元欢乐城(商住楼),杭州,二手房,"迎宾路,近望梅路"
S2575978718830600,191523,华鼎豪园,杭州,二手房,东湖南路338-1号
S2933618086517764,369934,金域兰庭,杭州,二手房,"时代大道,近新庙桥"
S4351882610057230,800144,时间国际,杭州,二手房,"环站北路,近同协南路"
S3858140934958083,826753,林风花园沁林苑,杭州,二手房,闻潮路168号
S4095893436619790,782886,融创大家侯潮府,杭州,二手房,"候潮路,近钱江路"
S4544558459710469,613792,阳光城普升,杭州,二手房,"福临街,近普德路"
S4594044976606210,161011,蚕花园永兴坊,杭州,二手房,"永兴弄,近上塘路"
S2720034755058688,621010,香山四季公馆,杭州,二手房,"蜀山路,近亚太路"
S4516130940201991,618928,耀达金鼎华庭,杭州,二手房,仁和大道
S3257669395700749,408269,明华名港城,杭州,二手房,东灵南路2-60号
S4197338905157645,160180,望江公寓,杭州,二手房,江城路651号
S2899655808625665,400848,南城嘉园,杭州,二手房,所前中路331-335号
S4630581642488838,914217,颐和山庄(公寓住宅),杭州,二手房,科技大道3608号
S4614950033222661,200705,湖畔宽邸(公寓住宅),杭州,二手房,休博路4号
S4210515348021258,826304,西溪北苑北区,杭州,二手房,"文昌路,近荆长大道"
S3662848661839876,160299,国信嘉园(公寓住宅),杭州,二手房,滨盛路4050号
S3461353338346503,370089,大华海派风范沁园,杭州,二手房,城东路
S3348842208404494,369955,杭州碧桂园(公寓住宅),杭州,二手房,水云街158号
R3078277708405763,938681,三花国际,杭州,二手房,"明月桥路,近鸿泰路"
S3234249152307208,596962,元成东盛家园,杭州,二手房,松乔街518号
S4613923821546505,945744,融创未来海溪汀苑,杭州,二手房,"闲富北路,近上和路"
S4193564028267520,292253,清沁花苑,杭州,二手房,九曲营路201号
S2963722372506629,370053,朗郡庭园(公寓住宅),杭州,二手房,"象山路,近横桥路"
S3216813988928521,826558,近江五园,杭州,二手房,衢江路87号
S4588286041940995,369939,保利香槟国际,杭州,二手房,人文路116号
S4369062222633987,912258,开元广场(公寓住宅),杭州,二手房,"西河路,近向旭路"
S4584135665638401,446654,白鹭郡南探梅里(南区),杭州,二手房,大陆路
S3453526626212878,528280,众安白马山庄(公寓住宅),杭州,二手房,留和路
S4592626040153099,880188,大园新城(公寓住宅),杭州,二手房,"天柱街,近大园路"
S3883066901766144,369858,华瑞湘湖美地,杭州,二手房,萧西路605号
A7405663339,1038258,银湖花苑(公寓住宅),杭州,二手房,320国道
S4418816036117504,369852,绿城玉园,杭州,二手房,"人民大道,近新丰路"
S2769143534511118,210028,兰惠家园,杭州,二手房,东湖南路416-1号
S4152123014683653,652456,汀澜府,杭州,二手房,冬泽巷99号
S4023211078393869,1021780,绿城蓝庭(西区),杭州,二手房,振兴西路52号
S3652867906806794,233921,绿城丽江公寓(北区),杭州,二手房,仁爱路73号
S4289813469322247,597679,富力西溪悦居(公寓住宅),杭州,二手房,"常二路,近文一西路"
S2769220950694927,160518,中江花园,杭州,二手房,环城东路313号
S2770201269693449,161051,德胜新村(北区),杭州,二手房,德苑路99号
S3679224142716941,183555,近江苑,杭州,二手房,徐家埠路58号
S4315053992750094,161147,钱江湾花园,杭州,二手房,东信大道99号
S3950158158650374,995811,中栋国际(公寓住宅),杭州,二手房,"建设一路,近风情大道"
S4120891825204231,826412,江南望庄,杭州,二手房,月明路983号
A7465939955,877738,富春壹号院(公寓住宅),杭州,二手房,大桥北路238号
S4630833073396741,370090,湖山帝景湾(北苑公寓住宅),杭州,二手房,南湖东路
S3614648260928512,826030,塘栖一小区,杭州,二手房,"塘栖路,近里仁路"
S3625835256586244,909730,万象城悦玺,杭州,二手房,"庆春东路,近钱江路"
S4098303511649280,938030,龙禧大酒店公寓,杭州,二手房,江南大道3788号
S2573840930925578,160903,长江小区,杭州,二手房,"南环路,近立业路"
S4617758794112015,160736,江南摩卡小区,杭州,二手房,水田畈路89-1号
S2770074753639431,826862,中国铁建西湖国际城,杭州,二手房,"甲来路,近杭长高速"
S2573891490947079,520016,和谐嘉园东苑,杭州,二手房,江锦路176号
S4520639118023686,1003246,景瑞阳光城法兰公园(公寓住宅),杭州,二手房,天荷路60号
S3454224123929600,786131,宝嘉誉府,杭州,二手房,"石祥西路,近紫金港路"
S4499427096912899,207422,中兴和园(公寓住宅),杭州,二手房,火炬南路1612号
S4551616681747466,825902,风景大院,杭州,二手房,通益路
S2822023426710536,825761,林之语(公寓住宅),杭州,二手房,"钱宁线,近奔竞大道"
S4515836351720455,336446,瑞金华庭嘉苑,杭州,二手房,藕花州大街西段264号
S3842657555295247,864181,爵士风情日辉苑,杭州,二手房,天目山西路
S2769324170632193,160492,银色港湾(公寓住宅),杭州,二手房,伟业路481号
S4333552857361423,994925,宋都东郡国际锦湾,杭州,二手房,秀水街190号
S4584080589974534,635026,合景瑜翠园,杭州,二手房,舒心路
S2574063995346947,613792,阳光城普升,杭州,二手房,"福临街,近普德路"
S4212896507046921,316964,慧仁家园北区,杭州,二手房,"嘉仁路,近池华街"
S3816656653790220,160708,春丰苑,杭州,二手房,"凤起路,近大树路"
S2575152967965702,787778,金地自在城鹭影轩,杭州,二手房,西园八路
S2822072751252489,200064,逸居城,杭州,二手房,逸盛路183号
S4272795097817094,505314,逸天广场(公寓住宅),杭州,二手房,东信大道270号
S4414060878064654,200705,湖畔宽邸(公寓住宅),杭州,二手房,休博路4号
S4172129841818627,909780,中天西城纪,杭州,二手房,余杭塘路417号
S4387360524446729,223789,红街公寓,杭州,二手房,新风路318号
S4309462473154575,369860,德信早城,杭州,二手房,"学林街,近上沙路"
S4389855518579715,215447,蔡马人家,杭州,二手房,茶汤路66号
S3841050949559297,160072,美政花苑(南区),杭州,二手房,复兴南路109号
S3498008630076423,160453,东方俊园(西区),杭州,二手房,新颜南路
S2573870875123718,639246,德信早安,杭州,二手房,石鸽路45号
A7462606305,200326,华庭云顶,杭州,二手房,沪瑞线
S4040420138675212,206600,钱江水晶城,杭州,二手房,滨盛路4402号
S4133659601772558,369834,多立方公寓,杭州,二手房,九华路
S4148133815869455,209018,中誉现代城(公寓住宅),杭州,二手房,通惠中路838号
S3532872144429064,825632,普金家园,杭州,二手房,温州路9号
S4558775697679364,368005,绿城紫桂公寓,杭州,二手房,星源北路65号
S4510504414501903,524618,新南湖绿苑,杭州,二手房,水塔路32号
S4424189131187203,160582,昆仑水印城,杭州,二手房,滨盛路2242号
A7465998340,1077675,飘鹰富春江花苑,杭州,二手房,春江东路2155号
S4431424324529164,375304,保利东湾(东区公寓住宅),杭州,二手房,之江东路
S4568544648520710,272618,江南文苑,杭州,二手房,滨文路639号
S4566895989859339,590405,万科北宸之光,杭州,二手房,通运路
S2769801894046729,219714,玄坛弄小区,杭州,二手房,玄坛弄
S2939256614790148,826661,印月尚庭,杭州,二手房,"滨盛路,近三桥路"
S4358693115091981,825484,白马湖小区孔雀苑,杭州,二手房,"江虹南路,近规划支路"
S4631159141313541,788033,爵士风情韵沁苑,杭州,二手房,"天目山西路,近闲富北路"
S4586931214412809,408269,明华名港城,杭州,二手房,东灵南路2-60号
S4040258953354244,863104,绿城桃源小镇东方苑,杭州,二手房,闲沈路
S4306698156125187,826425,欣盛东方郡(东区),杭州,二手房,春晓路233号
S3886232062471178,910832,欧美金融城,杭州,二手房,"闲林港西路,近向往街"
S2769154349521935,346243,大华海派风景,杭州,二手房,东吴路
S4339342941035521,160610,现代印象广场,杭州,二手房,江南大道3399号
S4330389433310216,650518,朗诗花漫里,杭州,二手房,"乔中路,近南街"
S4534346628375561,877690,西溪八方城,杭州,二手房,"文一西路,近荆长路"
S2579911865933830,826799,龙湖滟澜山(丽轩),杭州,二手房,"华景街,近海达南路"
S2927622805218304,786883,水岸花苑,杭州,二手房,"文一西路,近长深高速"
S2574156447194123,160331,云龙公寓(下城),杭州,二手房,刀茅巷23号
S3863747383847939,792396,湖山帝景湾南苑,杭州,二手房,南湖东路
S4208726429608971,369920,顺发康庄(公寓住宅),杭州,二手房,萧钱线
S2944794962172942,369928,德圣博奥城,杭州,二手房,建设二路528号
S3267741810909194,995993,东田怡丰城(商住楼),杭州,二手房,"迎宾路,近天万路"
S4608222111210497,1038044,和家园御园,杭州,二手房,杨梅山路362号
S3427976943180810,369928,德圣博奥城,杭州,二手房,建设二路528号
S4418507164150785,650521,钱塘之星,杭州,二手房,"江南大道,近西兴路"
S3141281372921863,369879,赞成美树,杭州,二手房,金恒路174号
S2725662572882947,576119,融科瑷骊山,杭州,二手房,望江山路1号
S4293727936601093,206392,望江新园二园,杭州,二手房,东霞巷32号
S4091292467814408,802266,吉鸿家园东区和景苑,杭州,二手房,"里鸿巷,近汇周街"
A7456867296,992085,君豪御园,杭州,二手房,窄珠线
A7379058846,793798,阳光里,杭州,二手房,文居街338号
S3740478331661318,638889,金都夏宫(公寓住宅),杭州,二手房,"北沙西路,近星河路"
S4255377615838220,369929,昆仑公馆,杭州,二手房,长板巷99号
S4363222960136199,825868,墩莳家园,杭州,二手房,甲来路41号
S4246908953570316,191502,九曲营小区,杭州,二手房,九曲营路78号
S4228760816148495,826738,鼎湖未来云城天禧,杭州,二手房,新丰路
S3118868061904911,160388,中兴花园,杭州,二手房,江汉路1688号
S4067231597535233,503874,复地上城,杭州,二手房,"文一西路,近东西大道"
S4347692896906247,160474,盛世钱塘,杭州,二手房,富春路899号
S4592260479902732,652109,阳光城翡丽湾,杭州,二手房,大农港西路1296号
S2574054941679618,826742,联庄江涛阁,杭州,二手房,东信大道1038号
R4561129146178562,160863,吴越山庄(公寓住宅),杭州,二手房,钱王大街111号
S4252636873285632,650518,朗诗花漫里,杭州,二手房,"乔中路,近南街"
S4582448739904518,161154,国都公寓,杭州,二手房,凤起路361号
S3467294021951498,826799,龙湖滟澜山(丽轩),杭州,二手房,"华景街,近海达南路"
S3808452226395151,826446,新城国际花园和园,杭州,二手房,庆和路55号
S3295728692386818,638890,擎天半岛(公寓住宅),杭州,二手房,藕花洲大街159号
S2952326925921289,209262,世茂江滨花园瑞景湾,杭州,二手房,"16号大街,近23号大街"
S4287955325873164,346247,星桥桂花城,杭州,二手房,"藕花洲大道,近太平路"
S4352065460559885,160574,风雅钱塘,杭州,二手房,月明路1076号
S4119452634917897,610923,莱蒙水榭春天,杭州,二手房,飞虹路208号
S4237159898913800,826248,星光国际广场,杭州,二手房,江南大道228号
R3694162805335044,410316,广悦公寓,杭州,二手房,高桥路1070号
S4520312743861252,160841,同人春江时代,杭州,二手房,"长河路,近滨盛路"
S3075169900486662,408735,阳光逸城,杭州,二手房,环丁路328号
R4320893363445768,826455,新东名苑,杭州,二手房,香樟路
S3294749381108741,269307,华元爱丁郡,杭州,二手房,"宋家湾路,近西坝路"
S4258283427486725,803286,水韵康桥康泽苑,杭州,二手房,康桥路
S2770678290521103,160423,明辉花园,杭州,二手房,建设四路2713号
S3599204735753225,781406,篁外(公寓住宅),杭州,二手房,"八角路,近鸡山路"
S4173613696409607,761437,凯文杭庄(公寓住宅),杭州,二手房,"映荷路,近荷禹路"
S3644330154499082,161154,国都公寓,杭州,二手房,凤起路361号
S2596281857956868,218507,万象城悦府,杭州,二手房,富春路701号
S4200138847132684,528981,众安理想湾(公寓住宅),杭州,二手房,"新洲路,近星河路"
S4122350640259082,219714,玄坛弄小区,杭州,二手房,玄坛弄
S4513009774273536,825862,都市阳光华苑,杭州,二手房,"周坪路,近来仁街"
S4552724025811971,994879,新城都市丽景北苑(公寓住宅),杭州,二手房,政法街88号
S2725687887322126,826753,林风花园沁林苑,杭州,二手房,闻潮路168号
S4227498569706508,613792,阳光城普升,杭州,二手房,"福临街,近普德路"
S4575554704972802,804783,白塔人家,杭州,二手房,"复兴路,近水澄路"
S4308172723366924,578175,德信晓宸,杭州,二手房,"祥富路,近上祥路"
S4568534800768003,607827,万科璞悦湾,杭州,二手房,滨文路670号
S4581574283944973,825999,通和戈雅公寓,杭州,二手房,万达北路710号
S2574337304210439,249438,留和家苑,杭州,二手房,屏基山路59号
S4434286920688654,593871,保亿风景晨园(公寓住宅),杭州,二手房,"迎宾路,近1号路"
S4555668771003399,762457,北城枫景园(公寓住宅),杭州,二手房,长睦路
S2769216610655236,201741,三鑫君悦丽景,杭州,二手房,金城路51号
S4579969538434062,590405,万科北宸之光,杭州,二手房,通运路
R3635653493235727,803350,绿都港汇中心,杭州,二手房,市心北路853号
S4427157920377867,160442,双菱小区,杭州,二手房,双菱路33-37号
S2770454782307334,916687,碧桂园深蓝国际中心,杭州,二手房,"博奥路,近利一路"
S4208634025192462,597681,景瑞御蓝湾,杭州,二手房,禹航路5号
R3597774723915788,909732,蓝钻天成,杭州,二手房,莫干山路969号
S2783272555357191,791279,荷韵江南苑,杭州,二手房,东方路168号
S4442664395598858,370104,城发云锦城,杭州,二手房,"华鹤街,近长睦路"
S4060283457170438,607407,金沙国际,杭州,二手房,幸福南路1288号
S3541405913276421,782578,得力名望府,杭州,二手房,"104国道辅路,近03省道"
S3726375832202246,369831,和达御观邸,杭州,二手房,上沙路246号
R4029168622984203,826352,佳丰北苑,杭州,二手房,飞虹路1077号
S4313510627598350,780546,雅居乐国际花园,杭州,二手房,"天目山西路,近闲富路"
S4256832465558537,160965,大家静安花苑,杭州,二手房,下车路102号
S4510273708809220,641638,富越香郡,杭州,二手房,"湖州街,近杭行路"
S3147093137826816,375304,保利东湾(东区公寓住宅),杭州,二手房,之江东路
S3194536400690189,370110,理想康城一品,杭州,二手房,人民大道258号
S3242064354189313,914217,颐和山庄(公寓住宅),杭州,二手房,科技大道3608号
S4600799265645573,825501,美都良景学府,杭州,二手房,"瓶仓大道,近羊城路"
S2776386510365702,160343,南岸晶都花园,杭州,二手房,平安路72号
S4322210554518537,160493,怡景花城(公寓住宅),杭州,二手房,"高教路,近荆山湾路"
S4370438496644097,1038049,和家园紫园,杭州,二手房,杨梅山路
S3482479548292108,649983,龙湖春江郦城,杭州,二手房,江汉路1337号
S3025492661627912,160689,都市港湾,杭州,二手房,北沙东路1-7号
S4595079495083010,336639,仓溢绿苑,杭州,二手房,海曙路128号
S4586947150162946,160006,恒泰御庭园,杭州,二手房,文明路288号
S3938646047138828,210028,兰惠家园,杭州,二手房,东湖南路416-1号
S3590848876978184,369902,金地天逸,杭州,二手房,山阴路1999路
S2769696613030926,286709,邱山小区,杭州,二手房,邱山大街235号
S3293092432306189,477594,嘉信九悦印象,杭州,二手房,"东湖中路,近沿河路"
S4110969031023628,160802,西城时代家园,杭州,二手房,文一西路
S3969761198631949,369999,野风启城,杭州,二手房,"康信路,近兴盛路"
S4052918521307143,297940,云厦连园,杭州,二手房,"青年路,近固陵路"
S4487854741183488,160343,南岸晶都花园,杭州,二手房,平安路72号
S4280859955993601,1365370,中天珺府(北区公寓住宅),杭州,二手房,科技大道2988号
S4234500795457547,660200,雍荣华庭,杭州,二手房,"莫干山路,近留祥路"
S4578113555360769,826907,紫园,杭州,二手房,凯旋路100号
S4201662324108296,628375,大华西溪风情澄品,杭州,二手房,文一西路
S4249862722985988,659403,中天之江诚品,杭州,二手房,320国道
S4384464493489153,187215,凤凰北苑,杭州,二手房,"姚江路,近钱江路"
S3861912826045440,200840,绿城留庄(公寓住宅),杭州,二手房,天目山路389号
S4576794333342731,637489,运河之星,杭州,二手房,丽水北路950号
S4230256989481991,1201600,远洋路劲上河宸章,杭州,二手房,崇杭街508号
S2960443185865729,379783,和合财富中心佳苑,杭州,二手房,龙湖路16号
S4344853886738442,658236,钱江御府,杭州,二手房,"候潮路,近秋涛路"
S4504880997227532,300522,新湖果岭(公寓住宅),杭州,二手房,文一西路
S4569999547227141,789465,南润名座,杭州,二手房,蜀山路418号
S4137083574098948,181625,名门天第,杭州,二手房,邱山大街575号
A7472493086,1024826,中庆润泽院,杭州,二手房,"西环北路,近文居街"
S2969752294665226,634849,西溪金座,杭州,二手房,荆长路758号
S4513342001308679,1021780,绿城蓝庭(西区),杭州,二手房,振兴西路52号
S4606499837520900,651236,万宝城,杭州,二手房,荷禹路105号
S2769619476423691,300674,天鸿君邑(公寓住宅),杭州,二手房,东信大道
S4061400199474182,1153634,阳光城悦云邸,杭州,二手房,溪望路
S3969517430975488,220572,亲亲家园二期,杭州,二手房,金家渡路318号
S4378865091273729,174646,东方润园,杭州,二手房,钱潮路9号
S4537561173877767,779615,合景天峻,杭州,二手房,创景路
S4604034431577088,868300,金帝海珀雅苑,杭州,二手房,振兴西路158号
S2574207556967437,791279,荷韵江南苑,杭州,二手房,东方路168号
S4547224453686277,224144,保利东湾(西区),杭州,二手房,"24号大街,近20号大街"
S3035612774870024,1003246,景瑞阳光城法兰公园(公寓住宅),杭州,二手房,天荷路60号
S3953973582028802,218933,复地连城国际,杭州,二手房,杭海路1636号
S4411435406633998,369958,青山鹤岭,杭州,二手房,鹤亭大街
S3037026870041606,607368,绿城莲园(公寓住宅),杭州,二手房,"北沙西路,近荷花路"
S3754766866148355,160186,闸弄口新村,杭州,二手房,机场路18-8号
S4350264523398148,369860,德信早城,杭州,二手房,"学林街,近上沙路"
S4312498085751820,160590,西溪锋尚,杭州,二手房,文三西路499号
S4143771065688066,1257872,宸铭府,杭州,二手房,宸麟路468号
A7147063328,773493,万星悦城燕庐(公寓住宅),杭州,二手房,江南路
S4241326007721992,660200,雍荣华庭,杭州,二手房,"莫干山路,近留祥路"
S3674093468099587,446654,白鹭郡南探梅里(南区),杭州,二手房,大陆路
S3452796048841731,370066,南城景园,杭州,二手房,里士湖路588号
S3693759372124167,240611,渡驾新村,杭州,二手房,花园岗街158号
S4411161910893569,994879,新城都市丽景北苑(公寓住宅),杭州,二手房,政法街88号
S4515898893855745,803286,水韵康桥康泽苑,杭州,二手房,康桥路
S4411348691463182,994954,金色钱塘(北区),杭州,二手房,风情大道677号
S2574294150519822,160543,义井小区,杭州,二手房,西湖大道
R4190480784661516,1077675,飘鹰富春江花苑,杭州,二手房,春江东路2155号
S2573939236350981,369908,泰地北上新城,杭州,二手房,华中路229号
S4597951356312588,160199,金基晓庐,杭州,二手房,钱潮路68号
S3954325515509764,861511,绿城兰园(公寓住宅),杭州,二手房,环城北路57号
S3465482194822159,779615,合景天峻,杭州,二手房,创景路
S2691289373056012,160824,清水公寓,杭州,二手房,德胜巷13号
S2769360640877576,160430,浙报公寓,杭州,二手房,二圣庙前40号
S2574277003354116,217526,临平桂花城(北区),杭州,二手房,人民大道
S3962351056543752,370072,德信北海公园,杭州,二手房,星桥街100号
S3554910935669774,637732,招商雍华府,杭州,二手房,建华路
S4565953324686338,160301,皮市巷小区,杭州,二手房,庆春路
S4072785788066824,174648,北落马营,杭州,二手房,候潮路34号
S2573877524865024,420307,滨江曙光之城,杭州,二手房,机场路285号
S3737395534962696,160534,凯旋新村(西区),杭州,二手房,凯旋路107号
S2574095560371212,1218280,碧桂园东旭府,杭州,二手房,时代大道
S4518631747673090,628434,恒大帝景,杭州,二手房,晨晖路
S2574102003899395,369839,协安紫郡,杭州,二手房,紫萱路308号
S4425672792450060,825673,春波南苑,杭州,二手房,"滨安路,近江晖路"
A7325514783,1077675,飘鹰富春江花苑,杭州,二手房,春江东路2155号
S3207009146381321,171723,滨文苑,杭州,二手房,"滨文路,近火炬大道"
S4192256576379911,375266,康都紫轩,杭州,二手房,甬江路191号
S3349531531124748,217621,苑中园,杭州,二手房,新城路38号
S4201744869597188,370104,城发云锦城,杭州,二手房,"华鹤街,近长睦路"
S2769692776522752,369945,方正荷塘月色,杭州,二手房,"总管路,近祥园路"
S4500913446415365,1189440,中城汇MIDTOWN(公寓住宅),杭州,二手房,石祥路
S4513490528136207,868300,金帝海珀雅苑,杭州,二手房,振兴西路158号
S4510266092805120,297940,云厦连园,杭州,二手房,"青年路,近固陵路"
S3860966477996036,995004,东方俊园(东区),杭州,二手房,新颜南路28号
S4529181736166402,181423,袁井巷,杭州,二手房,"中河南路,近抚宁路"
S3802632356291588,369940,新湖武林国际,杭州,二手房,环城北路167号
S4425217390994441,912477,丽晶国际中心,杭州,二手房,鸿宁路2327号
S4380042782923783,825877,盛庐小区,杭州,二手房,滨盛路3215号
S3545556292705290,225610,南江公寓,杭州,二手房,萧然南路554号
S4481789365953540,637732,招商雍华府,杭州,二手房,建华路
S2810213035076610,369999,野风启城,杭州,二手房,"康信路,近兴盛路"
S2957257922012175,369845,华元蒙卡岸,杭州,二手房,"和睦路,近五常大道"
S4329465396243469,216293,金域三江(公寓住宅),杭州,二手房,时代大道
S2770083879332868,334770,亿丰蔚蓝郡,杭州,二手房,勾庄路218号
S4347413733466122,407707,金昌春和钱塘,杭州,二手房,民和路411号
S3031234778226688,650518,朗诗花漫里,杭州,二手房,"乔中路,近南街"
S4132173177252870,943050,绿城九龙仓桂语江南,杭州,二手房,"博奥路,近建设二路"
S3754572193932296,826554,近江九园,杭州,二手房,久园弄42号
S4469420786719757,503874,复地上城,杭州,二手房,"文一西路,近东西大道"
A7044746649,794143,万科容大金色家园,杭州,二手房,文采路180号
S4517232951108608,322406,理想家园,杭州,二手房,邱山大街724号
S4422734248451081,160731,国都枫华府第,杭州,二手房,学院路129号
S2881085934906374,826192,望江新园一园,杭州,二手房,映霞街81号
S4588111062903816,785618,尚海湾(公寓住宅),杭州,二手房,育才路
S4156389406153738,825931,福鼎家园,杭州,二手房,"文昌路,近常二路"
S4606446776757254,160951,万家花园,杭州,二手房,天城路95号
S4188037358656519,826498,新天地世嘉新座,杭州,二手房,"新北街,近费家塘路"
S2771166060964873,205388,麒麟街小区,杭州,二手房,"延安路,近凤起路"
S4365762134400005,236163,绿城蓝色钱江(公寓住宅),杭州,二手房,鲲鹏路
S4604101199127552,1218303,翡翠城梧桐郡,杭州,二手房,"高教路,近五常大道"
S3938510348676108,365466,绿城丁香公馆,杭州,二手房,休博路288号
S4090193425296391,793527,龙湖武林九里,杭州,二手房,"华丰中路,近丁城路"
S4574393722608647,877698,融创时代奥城,杭州,二手房,"盈丰路,近书音路"
A7457489851,370021,西郊半岛(公寓住宅),杭州,二手房,江滨东大道1号
S3842477287006209,369856,宋都阳光国际观澜苑,杭州,二手房,通盛路3号
S2769636661091338,216723,红枫苑(临平),杭州,二手房,东湖北路118号
S4613605224098828,370071,钱塘帝景(公寓住宅),杭州,二手房,信诚路817号
S4011872727883788,877699,融信澜天(公寓住宅),杭州,二手房,"立新路,玉鸟路"
S3989445582872582,217632,公元沐桥(北区),杭州,二手房,珊瑚沙路52号
S3117249010376709,782005,崇邦余之城,杭州,二手房,"迎宾路,近临东路"
S4527319853194253,369838,赞成香颂,杭州,二手房,"顺达路,近振兴西路"
A7465873439,634855,野风春晓,杭州,二手房,九龙大道
S4142129431092237,825841,上石苑,杭州,二手房,石祥路349号
S3304044210413570,641300,乾成园,杭州,二手房,集萃路47号
S4242759275371524,782886,融创大家侯潮府,杭州,二手房,"候潮路,近钱江路"
S3596096518873099,575797,朗诗未来街区西园,杭州,二手房,"天万路,近苑中路"
S4231375685344259,497412,中天官河锦庭(公寓住宅),杭州,二手房,"滨康路,近阡陌路"
A7452340608,782014,野风秋雅,杭州,二手房,九龙大道
S4534260127624200,160474,盛世钱塘,杭州,二手房,富春路899号
S3235328546628618,826603,景致公寓,杭州,二手房,"和睦路,近石祥路"
S4576688167709696,826456,金色钱塘(南区),杭州,二手房,风情大道677号
S3895987979837451,916691,集美岸上蓝山紫云苑,杭州,二手房,紫荆路69号
S4299203455836165,1133552,龙湖春江天越(公寓住宅),杭州,二手房,凌云街
S2853976166341646,444534,东和云第,杭州,二手房,明德路350号
S3219476043014147,369928,德圣博奥城,杭州,二手房,建设二路528号
S3330338640143364,909736,星耀城,杭州,二手房,江陵路2028号
S4540073822266370,877975,万科溪望(公寓住宅),杭州,二手房,"文二西路,近环岛路"
S3533783601127427,229327,东鑫方汇花苑(公寓住宅),杭州,二手房,城南路322号
S3549582839373827,657958,湘云雅苑,杭州,二手房,西兴路1190号
S4557359594005516,795637,广泽小区,杭州,二手房,育才路
S4166750608841734,877696,萧山宝龙城市广场,杭州,二手房,"建设一路,近金鸡路"
S4326097463700495,656352,运河宸园(公寓住宅),杭州,二手房,"登云路,近小河路"
S3485806728094726,160314,银河小区(公寓住宅),杭州,二手房,永久路219号
S4434677180701707,223697,滨江万家星城(西区),杭州,二手房,东新路800号
S3616570849796107,637906,黄龙金茂悦,杭州,二手房,"塘萍路,近拱苑路"
S4525959329078285,486928,野风海天城,杭州,二手房,听涛路174号
S4309362187131913,315701,悦麒美寓(东区),杭州,二手房,杭乔路8号
S4535620643150849,370080,中粮云涛名苑(公寓住宅),杭州,二手房,时代大道
S4081635081481229,826151,和谐嘉园南苑,杭州,二手房,"江锦路,近新塘路"
S4231391421930504,597679,富力西溪悦居(公寓住宅),杭州,二手房,"常二路,近文一西路"
S4001945937734656,861511,绿城兰园(公寓住宅),杭州,二手房,环城北路57号
S4619151843683335,160582,昆仑水印城,杭州,二手房,滨盛路2242号
S3877907923528707,476482,华瑞晴庐,杭州,二手房,"建设二路,近育才路"
S4617828357858318,508113,望江新园三园,杭州,二手房,"东宝路,近东霞巷"
S4207164337413122,1017351,旭辉宝龙东湖城(公寓住宅),杭州,二手房,"青六北路,近南沙路"
A7410800302,825755,容大五环城市花园,杭州,二手房,金桥北路159号
S3950088612569090,191637,力达易居时代,杭州,二手房,东湖北路404号
S2650552782150659,160524,天阳棕榈湾(东区),杭州,二手房,棕榈路65号
S4466282922482694,789656,利二花苑,杭州,二手房,"奔竞大道,近金鸡路"
S3205056912090118,369838,赞成香颂,杭州,二手房,"顺达路,近振兴西路"
S2643030618479621,796956,众安学君里(公寓住宅),杭州,二手房,天目山西路
S4513690983934989,826619,九浪山花园,杭州,二手房,"103省道,近祥利村"
S3358349108028421,485004,翡翠城(西南区),杭州,二手房,"高教路,近天目山西路"
S3831466131447812,826739,远洋公馆(东区),杭州,二手房,大浒街99号
S4611085833987086,790217,中天珺府(别墅),杭州,二手房,科技大道2988号
S4252493616065540,656439,德信大家钱江府,杭州,二手房,"东宁路,近艮山西路"
S3646667873395712,825673,春波南苑,杭州,二手房,"滨安路,近江晖路"
S3467105032396806,216723,红枫苑(临平),杭州,二手房,东湖北路118号
S3831184002556939,160331,云龙公寓(下城),杭州,二手房,刀茅巷23号
S2573864976375818,790865,金域东方,杭州,二手房,湘建线
A7455603317,1000571,逸城(公寓住宅),杭州,二手房,江滨东大道1118号
S3704018360970249,160186,闸弄口新村,杭州,二手房,机场路18-8号
S4144984185904137,160720,钱塘春晓花园,杭州,二手房,月明路862号
S4227138781421572,217298,新江花园,杭州,二手房,"通盛路,近银堡街"
S3963775671410690,160802,西城时代家园,杭州,二手房,文一西路
S4149421578510345,160393,天福花园,杭州,二手房,近江东路34号
S3467144338299917,193733,柴校坊小区,杭州,二手房,"秋涛路,近南瓦子巷"
S4094487354040325,161160,缤纷小区,杭州,二手房,"丹枫路,近睿祥路"
S4000822655361026,470980,中铁逸都,杭州,二手房,北沙西路28号
S2769683474523151,867356,百汇中心,杭州,二手房,南渠南路116号
S3494428414386176,790322,新城香悦奥府,杭州,二手房,"博奥路,近建设一路"
S3814165645352968,369964,德信臻园,杭州,二手房,"小河路,近文岚路"
S3073408180396046,370062,万和国际,杭州,二手房,皓月路188号
S2769278197341187,222279,正中尚品庭院,杭州,二手房,新昌路181号
S4477654721289225,1152948,花园府,杭州,二手房,"明月桥路,近环站北路"
S4200293911079942,826864,绿都四季华庭,杭州,二手房,"育才路,近晨晖路"
S4161919955296267,369948,恒瑞名座,杭州,二手房,利华路898号
S2574272333209610,610236,滨江万家名城(北区),杭州,二手房,"锦江路,近通运路"
S4488006149696527,369827,水乡华庭,杭州,二手房,"人民路,近广济路"
S4200258528750606,174019,锦绣文澜阁,杭州,二手房,"通益路,近湖杭州街"
S4569863875011588,508113,望江新园三园,杭州,二手房,"东宝路,近东霞巷"
S2578178887408647,160104,世纪新城,杭州,二手房,高技路51-55号
R3064965428681732,1315367,西溪永乐城(公寓住宅),杭州,二手房,"景兴路,近文一西路"
S4021824987819008,621010,香山四季公馆,杭州,二手房,"蜀山路,近亚太路"
S4584241806253069,786883,水岸花苑,杭州,二手房,"文一西路,近长深高速"
S4011939560221696,779138,金地艺境,杭州,二手房,"翁乔路,鑫业路"
S4525684416818183,236163,绿城蓝色钱江(公寓住宅),杭州,二手房,鲲鹏路
S4596598640714756,614569,金地申花里,杭州,二手房,莫干山路
S4393117228178435,370006,水岸枫庭,杭州,二手房,甬江路99号
S3306927496043533,366123,高桥小区,杭州,二手房,高桥路
S3018017516117007,370111,雍熙山庄,杭州,二手房,沿山路52号
S4394104185117699,618739,金雅苑,杭州,二手房,仁爱路219号
S4493657346597899,638484,上亿中央郡,杭州,二手房,崇杭路
A7414906304,825510,美凯国际寓所,杭州,二手房,梅林路299号
S2574166463278089,909780,中天西城纪,杭州,二手房,余杭塘路417号
S3946761999179776,224570,迎春南苑,杭州,二手房,滨兴路121号
S4341969657572358,161028,采荷小区青莼邨,杭州,二手房,青玉路2号
S4123752455036928,485004,翡翠城(西南区),杭州,二手房,"高教路,近天目山西路"
S4282624822943748,369838,赞成香颂,杭州,二手房,"顺达路,近振兴西路"
S3284394072384512,248839,中海钱塘山水(公寓住宅),杭州,二手房,东信大道92号
S4074226933735424,826449,金地自在城东苑(公寓住宅),杭州,二手房,"池华街,近厚仁路"
S4510124526464013,370004,钱塘梧桐蓝山,杭州,二手房,"世纪大道,近南苑街"
S4537437319490575,619585,滨江金色江南,杭州,二手房,飞虹路1757号
S3078071770733575,193773,梦琴湾,杭州,二手房,"27号大街,近10号大街"
S4203007131413509,394835,江湾绿苑(公寓住宅),杭州,二手房,毛家上路
S3628404890067976,183358,柳浪东苑,杭州,二手房,河坊街512号
S2574126236688385,369879,赞成美树,杭州,二手房,金恒路174号
S4622012185764872,369886,宋都晨光国际,杭州,二手房,"23号大街,近16号大街"
S2574315655486477,160372,奥兰多小镇(公寓住宅),杭州,二手房,风情大道4555号
S3455854891523075,160717,观巷小区,杭州,二手房,凤起路
S4315164093145099,913287,云溪印象,杭州,二手房,"镇中路,近象山路"
S4568593795558409,607300,兴耀星悦湾(公寓住宅),杭州,二手房,"青六南路,近横雷线"
S4471903707849732,877750,滨江金茂府,杭州,二手房,"西兴路,近滨盛路"
S2904962150261763,993918,水韵康桥康盛苑,杭州,二手房,"前洋路,近康桥路"
S3634204842435588,826363,仙林苑(南区),杭州,二手房,中山北路142号
S4302398341917710,225610,南江公寓,杭州,二手房,萧然南路554号
S2770262447973379,369845,华元蒙卡岸,杭州,二手房,"和睦路,近五常大道"
S4575701173167104,604862,白鹭郡南秋荷坊,杭州,二手房,玉鸟路
S4573997319805960,369876,金石华城,杭州,二手房,塘栖绿荫街
S3873228651503623,786761,万通时尚公馆(公寓住宅),杭州,二手房,"景兴路,近东莲街"
S3264510071495684,620329,铭都雅苑,杭州,二手房,高沙路166号
S2903953494563848,370057,嘉丰公馆,杭州,二手房,"萧然西路,近南秀路"
S2978770762636292,160570,十亩田家园,杭州,二手房,化仙桥路27号
S3978164238146566,209262,世茂江滨花园瑞景湾,杭州,二手房,"16号大街,近23号大街"
S3986978163907592,826739,远洋公馆(东区),杭州,二手房,大浒街99号
S4496455092872194,369835,协安蓝郡,杭州,二手房,"金昌路,近古墩路"
S3993828033863695,191993,都市水乡水涟苑,杭州,二手房,广业街235号
R4515450768321537,991988,美政花苑民航宿舍,杭州,二手房,"之江路,近美政路"
S4132603776327693,826452,金地自在城求学里,杭州,二手房,"嘉仁路,近金蓬街"
S2683221557222405,160969,凤凰南苑(上城),杭州,二手房,秋涛路40号
R4374578641083394,477594,嘉信九悦印象,杭州,二手房,"东湖中路,近沿河路"
A7472487722,1296149,高桥花苑(东区),杭州,二手房,高桦路3号
A7213201183,825755,容大五环城市花园,杭州,二手房,金桥北路159号
S4150648496005124,370053,朗郡庭园(公寓住宅),杭州,二手房,"象山路,近横桥路"
S4529063773774855,297940,云厦连园,杭州,二手房,"青年路,近固陵路"
S4626654107966473,826736,远东紫竹人家,杭州,二手房,狮山路284号
S2725668354434057,160576,国都凤起都市花园,杭州,二手房,凤起路193-205号
S4370068887575560,160812,郁金香岸(公寓住宅),杭州,二手房,万达路770号
S3189815762739210,788323,东晖龙悦湾(公寓住宅),杭州,二手房,"五洲路,近小白线"
S2601130419629068,616507,万泰城章,杭州,二手房,"世纪大道,近望梅路"
S4507407407064072,994918,融创河滨之城雨澜轩,杭州,二手房,五常港路301号
R4543195335584782,826352,佳丰北苑,杭州,二手房,飞虹路1077号
S4534676942199810,160570,十亩田家园,杭州,二手房,化仙桥路27号
S4554502885696527,826881,中兴花园百合苑,杭州,二手房,江汉路1679号
S2574067138945030,943024,祥生群贤府(公寓住宅),杭州,二手房,崇杭街
S3886456436646917,798570,北大资源未名府(公寓住宅),杭州,二手房,"荆常大道,近杨家墩路"
S4534564878867457,938894,宝龙云滨湾(公寓住宅),杭州,二手房,学林街323号
S3053356066890761,826498,新天地世嘉新座,杭州,二手房,"新北街,近费家塘路"
S2573895781915649,597679,富力西溪悦居(公寓住宅),杭州,二手房,"常二路,近文一西路"
S3518020374780929,160727,商教苑社区,杭州,二手房,杭海路31号-37号
S2769323040236557,160689,都市港湾,杭州,二手房,北沙东路1-7号
S3343792625181700,161147,钱江湾花园,杭州,二手房,东信大道99号
A7441615780,241020,久恒铭鹤花园,杭州,二手房,科创西路
S3492438070615054,778765,金隅学府,杭州,二手房,秋涛路
S4398282190201863,863618,亲亲家园幸福里,杭州,二手房,"墩祥路,近古墩路"
S3051889294615553,203873,建国南苑(北区),杭州,二手房,"姚园寺巷,近建国南路"
S4419879498345477,800144,时间国际,杭州,二手房,"环站北路,近同协南路"
S3702144801415182,160558,六合天寓,杭州,二手房,东信大道1222号
S4261460615781376,826691,玉城公寓,杭州,二手房,东西大道
S4315398064073728,619585,滨江金色江南,杭州,二手房,飞虹路1757号
S4489014741885954,160506,新湖北国之春,杭州,二手房,衢洲路105号
S4100298236567564,512609,武林壹号,杭州,二手房,湖墅南路66号
S3994909379353601,161103,盛元慧谷(公寓住宅),杭州,二手房,火炬大道725号
S4369091714997249,369863,精欧荣寓,杭州,二手房,"6号大街,近5号大街"
S3789982807026690,369852,绿城玉园,杭州,二手房,"人民大道,近新丰路"
S4370414922112000,370089,大华海派风范沁园,杭州,二手房,城东路
S4486095112461318,798570,北大资源未名府(公寓住宅),杭州,二手房,"荆常大道,近杨家墩路"
S3131519720547341,204948,木材新村,杭州,二手房,秋涛路168号
S3433357454105607,826366,恒大名城博园,杭州,二手房,博园路
S3860968536255497,656352,运河宸园(公寓住宅),杭州,二手房,"登云路,近小河路"
A7275415640,877715,美伦美郡(公寓住宅),杭州,二手房,大奇山路788号
S4614088417782795,503874,复地上城,杭州,二手房,"文一西路,近东西大道"
S4279990938950671,296629,铭和苑柳翠坊,杭州,二手房,学源街1273号
S4534547169207303,224570,迎春南苑,杭州,二手房,滨兴路121号
A7471662629,877737,富春硅谷麓园(别墅),杭州,二手房,九龙大道398号
S2574204253875213,528704,湖漫雅筑,杭州,二手房,"天官路,近光裕路"
S2691281662274565,370110,理想康城一品,杭州,二手房,人民大道258号
S4488045458580493,877698,融创时代奥城,杭州,二手房,"盈丰路,近书音路"
S4326240987274250,370104,城发云锦城,杭州,二手房,"华鹤街,近长睦路"
S2573916810058754,785618,尚海湾(公寓住宅),杭州,二手房,育才路
S3335295128050702,825525,保亿风景蝶院观园,杭州,二手房,"江虹路,近天官路"
S2889445871053839,350909,九衡公寓,杭州,二手房,"良周路,近东西大道"
S4025017888562191,791880,上实海上海(一期),杭州,二手房,"古墩路,金汇南路"
S2651653539163140,217478,绿野春天家园(公寓住宅),杭州,二手房,"里东路,近闲富公路"
S4507592226462735,860800,越秀星汇尚城,杭州,二手房,上园路
S4379051866237958,531858,石榴派,杭州,二手房,"东西大道,近京福线"
S4608049932299274,795071,贝利栖溪望府,杭州,二手房,"绿荫街,近塘栖路"
S2574136591182853,861511,绿城兰园(公寓住宅),杭州,二手房,环城北路57号
S4281255137288206,787778,金地自在城鹭影轩,杭州,二手房,西园八路
S2951153340638222,160590,西溪锋尚,杭州,二手房,文三西路499号
S3693442836210703,620329,铭都雅苑,杭州,二手房,高沙路166号
S2910923234225166,659623,奥克斯缔逸城(公寓住宅),杭州,二手房,"古墩路,近庄墩路"
S2576752872659975,204866,茶厂宿舍,杭州,二手房,解放东路202号
S3934379634008073,160999,复兴北苑,杭州,二手房,复兴路163号
S4592263428301824,160251,长岛之春,杭州,二手房,明志路99号
S3141489891337223,791599,竹径云山锦云坊(67-80),杭州,二手房,东西大道
S3328335236587533,641301,都市阳光嘉苑,杭州,二手房,甲来路40号
S4120840683465730,161133,钱江彩虹城,杭州,二手房,滨盛路4398号
S4533255454923789,994925,宋都东郡国际锦湾,杭州,二手房,秀水街190号
S3955736414724105,781698,融科东南海,杭州,二手房,香樟路469号
S4366085591409671,779966,顺发美哉美城,杭州,二手房,"民和路,近飞虹路"
S3310378873151493,160619,柳营花园,杭州,二手房,长庆街63号
S4621197780462598,1062189,奥克斯时代未来之城,杭州,二手房,"向往街,近向往街"
R3010463965895687,826683,浪漫香槟(东区),杭州,二手房,香槟路68号
S3565995713126408,161064,钱塘景苑,杭州,二手房,伟业路399号
S3558060594865159,220796,天虹公寓,杭州,二手房,"天虹街,近紫荆花北路"
S4160581072382990,607407,金沙国际,杭州,二手房,幸福南路1288号
S4275150438226953,995819,钱江彩虹府,杭州,二手房,科海路
S4319053007577101,479412,天鸿香榭里,杭州,二手房,"通益路,近祥运路"
S2769467858611213,160883,碧云阁,杭州,二手房,复兴弄24号
S3809690828283909,637489,运河之星,杭州,二手房,丽水北路950号
S2953355154840588,877755,迪凯运河印象,杭州,二手房,"好运街,通益路"
R4082010376051720,1299107,康悦香庄,杭州,二手房,江淑路111号
S4481976158331917,369876,金石华城,杭州,二手房,塘栖绿荫街
S3489856008494095,336446,瑞金华庭嘉苑,杭州,二手房,藕花州大街西段264号
R4139714281069571,786883,水岸花苑,杭州,二手房,"文一西路,近长深高速"
S4256861971651584,478833,金瑞城市风景,杭州,二手房,风景街333号
A7329559452,794143,万科容大金色家园,杭州,二手房,文采路180号
S3337325909991436,369835,协安蓝郡,杭州,二手房,"金昌路,近古墩路"
S3977928302193677,160524,天阳棕榈湾(东区),杭州,二手房,棕榈路65号
S4569664021142529,659567,惠都家园(东区),杭州,二手房,太平路93号
S4479029069749254,600730,绿城之江1号(东区),杭州,二手房,"横桥路,近博美路"
S4569629925583884,615708,金地格林格林,杭州,二手房,"天都路,近华鹤街"
S4434050996821002,244215,朗诗国际街区,杭州,二手房,27号路60号
S4086890430947332,215447,蔡马人家,杭州,二手房,茶汤路66号
S4047752699256844,943040,中梁百悦城(公寓住宅),杭州,二手房,顺风路128号
S4077266454047759,366123,高桥小区,杭州,二手房,高桥路
S3096213084823559,193252,和家园(南区公寓住宅),杭州,二手房,杨梅山路310号
S3720338808086542,642230,赞成龙兴道一号,杭州,二手房,"新颜南路,近龙兴路"
S3562338767954951,877672,新时代城市家园,杭州,二手房,闲富中路248号
S3993484002143238,296629,铭和苑柳翠坊,杭州,二手房,学源街1273号
A7437872797,1260783,银湖新语公寓,杭州,二手房,"美达路,近向阳路"
S4375829459037194,1047306,秀里华庭,杭州,二手房,紫荆花北路439号
A7177664119,193730,富春泉水湾(别墅),杭州,二手房,江滨东大道819号
S4598055506406411,160086,闲林山水丹枫苑,杭州,二手房,闲林东路
S4273915744328707,911967,新世界柏丽轩,杭州,二手房,通惠北路12号
S4510431243316231,160017,临江花园(公寓住宅),杭州,二手房,西环路33号
S4613460423121921,1003246,景瑞阳光城法兰公园(公寓住宅),杭州,二手房,天荷路60号
S3430801297989636,161051,德胜新村(北区),杭州,二手房,德苑路99号
R4172572364119054,720940,新桃源,杭州,二手房,华庭西路209号
S2637994045217807,160393,天福花园,杭州,二手房,近江东路34号
S4313422162877449,394835,江湾绿苑(公寓住宅),杭州,二手房,毛家上路
S4272761682583566,370101,宋都东郡国际嘉湾,杭州,二手房,凌云街21号
S4270950289202184,379785,九龙仓碧玺,杭州,二手房,"后横港路,近桥弄街"
S2578227871099910,729169,融创瑷颐湾,杭州,二手房,"祥运路,近杭行路"
S4513401967813647,826353,佳丰南苑,杭州,二手房,"文明路,近利丰路"
S4508969660623878,1076528,滨江碧桂园翡翠江南,杭州,二手房,"利华路,近生兴路"
S4479336176002060,1218291,越秀星汇花园东区,杭州,二手房,"星港路,近滨河路"
S3378016996908034,627593,万科良渚文化村未来城,杭州,二手房,"疏港路,近104国道"
S3309803248296961,789465,南润名座,杭州,二手房,蜀山路418号
S4587131184311305,369827,水乡华庭,杭州,二手房,"人民路,近广济路"
S4219012959874060,411253,九龙仓君廷(公寓住宅),杭州,二手房,康信路
S4570217764150274,160072,美政花苑(南区),杭州,二手房,复兴南路109号
A7335492777,370036,逸城(别墅),杭州,二手房,江滨东大道1118号
S2769421771348998,370062,万和国际,杭州,二手房,皓月路188号
S4391764578102275,160192,景江苑,杭州,二手房,江南大道4348号
S3968339729574924,160284,广宇西城年华,杭州,二手房,申花路388号
S3720643549962254,219771,勤远里,杭州,二手房,"察院前巷,近中山南路"
S3858178292753419,877705,世茂智慧之门,杭州,二手房,"江南大道,近风情大道"
S3682155567964170,826220,闻潮尚庭,杭州,二手房,"望江东路,近钱江路"
S4142541278587907,650514,嘉丰万悦城(北区),杭州,二手房,"东湖北路,近湖潭路"
S4534466556849157,296629,铭和苑柳翠坊,杭州,二手房,学源街1273号
S4495025034718217,804912,东裕华庭,杭州,二手房,"经五路,近123县道"
S2810184490920967,183101,凯旋金牛坊,杭州,二手房,凯旋路151号
S3458694091596813,786761,万通时尚公馆(公寓住宅),杭州,二手房,"景兴路,近东莲街"
S4428166552038402,476572,顺发江南丽锦,杭州,二手房,"市心北路,近扬帆路"
S4602428369593350,160181,南都江滨花园,杭州,二手房,滨盛路4199号
S4554487145161736,578175,德信晓宸,杭州,二手房,"祥富路,近上祥路"
S4416881221149701,161160,缤纷小区,杭州,二手房,"丹枫路,近睿祥路"
S3543676769131535,652463,越秀星汇悦城,杭州,二手房,古墩路
S4521502219021325,370076,顺发堤香名苑,杭州,二手房,"金鸡路,近博学路"
S2654409544606725,482573,顺发旺角城(公寓住宅),杭州,二手房,市心中路123号
S3020053041884166,218616,广瑞瑞城花园(公寓住宅),杭州,二手房,东西大道
S4598326819875842,369831,和达御观邸,杭州,二手房,上沙路246号
S2578228720196620,369959,百家乐西园(公寓住宅),杭州,二手房,"荆长大道,近文二西路"
S3814193162724358,995754,龙湖滟澜山(澜轩),杭州,二手房,"华景街,近银沙路"
S4429764956220416,400848,南城嘉园,杭州,二手房,所前中路331-335号
A7455776920,877729,金久城市花园,杭州,二手房,春江东路388号
R3893062996287501,207449,金色阳光(淳安公寓住宅),杭州,二手房,阳光路
S4524360918049800,229269,四季风景苑,杭州,二手房,"5号大街,近6号大街"
S4141000874417154,370060,远洋大河宸章,杭州,二手房,小河路455号
S4612484549487618,639013,万科金辰之光,杭州,二手房,西陵路30号
S3316957351518209,467227,保利城市果岭,杭州,二手房,银海街38号
S3338170275865605,791880,上实海上海(一期),杭州,二手房,"古墩路,金汇南路"
S2574120309091332,186603,钱塘名都,杭州,二手房,钱江路628-640号
S4333358216798215,369856,宋都阳光国际观澜苑,杭州,二手房,通盛路3号
S4094534529920003,369834,多立方公寓,杭州,二手房,九华路
S4123984461930496,826171,恒滕悦湖花苑,杭州,二手房,城南路578号
S2769333345199112,234038,人和家园,杭州,二手房,天目山路1号
A7478570588,160816,颐景山庄(公寓住宅),杭州,二手房,九龙大道99号
S3948389904065551,826302,环桥花苑,杭州,二手房,"星河路,近振兴西路"
A7377982509,1168536,新视界公寓,杭州,二手房,"高桥西路,近金桥北路"
S2769216330474497,221384,同和公寓,杭州,二手房,萧西路78-8号
S2912352557554688,806475,万科江湾城,杭州,二手房,"时代大道,近纬一路"
S2667171256525829,614569,金地申花里,杭州,二手房,莫干山路
S3541983960032258,945744,融创未来海溪汀苑,杭州,二手房,"闲富北路,近上和路"
S4517424567086095,1255003,三江名苑,杭州,二手房,时代大道
S4405857412244483,369931,恒厚阳光城,杭州,二手房,杭泰路103号
S3363657766886415,1153634,阳光城悦云邸,杭州,二手房,溪望路
S3753400392952844,995823,景瑞天赋,杭州,二手房,"扬帆路,近博奥路"
S4053321571478528,607288,赛丽绿城丽园,杭州,二手房,江城路
S3979469723951112,160824,清水公寓,杭州,二手房,德胜巷13号
S4330424833645573,607657,万科西庐,杭州,二手房,五常港路
R3953129839913997,370025,滨江花园,杭州,二手房,滨江西路428号
S3483965955072004,160314,银河小区(公寓住宅),杭州,二手房,永久路219号
S4599774009285640,528979,西溪海听海苑,杭州,二手房,"闲富北路,近上和路"
S2645853077068808,795344,钱塘玫瑰湾,杭州,二手房,新浦路1459号
S3270498869076999,762457,北城枫景园(公寓住宅),杭州,二手房,长睦路
S4409948824185856,619856,新城山语院,杭州,二手房,"星光街,近顺达路"
S4568436491754507,236163,绿城蓝色钱江(公寓住宅),杭州,二手房,鲲鹏路
S4623653839528962,160708,春丰苑,杭州,二手房,"凤起路,近大树路"
S3477022694022159,910215,嘉富广场,杭州,二手房,市心南路822-830号
S4592336173116421,635788,赞成赞城,杭州,二手房,棕榈路801号
S3966654810971141,864181,爵士风情日辉苑,杭州,二手房,天目山西路
S3975105017913353,219250,开元加州阳光小区,杭州,二手房,金城路333号
S4545956337359883,783119,绿城留香园,杭州,二手房,塘工局路
S3588001782113289,916687,碧桂园深蓝国际中心,杭州,二手房,"博奥路,近利一路"
S2763306524060677,365466,绿城丁香公馆,杭州,二手房,休博路288号
S3474130700951555,826268,婺江家园一园,杭州,二手房,婺江路38号
A7340230410,805472,富春水岸,杭州,二手房,"永庆路,亭山路"
S4232750030871553,657913,嘉里云荷廷,杭州,二手房,"珊瑚沙路,近江涵路"
S4582840002997254,409778,玲珑香榭,杭州,二手房,杭机路6-13号
S3779763592766479,1100978,风荷锦庭(公寓住宅),杭州,二手房,"新峡路,近油虎线"
S3621283797820431,785618,尚海湾(公寓住宅),杭州,二手房,育才路
S4492191946173454,573180,重汽嘉泽苑,杭州,二手房,红山大道
S2574131239984140,585613,绿城巧园,杭州,二手房,"浦沿路,近坚塔路"
S2769356004107270,205213,欣盛东方郡(西区),杭州,二手房,江汉路170号
S3051895297237005,260398,丽阳苑,杭州,二手房,申花路389号
S3610668930950154,218507,万象城悦府,杭州,二手房,富春路701号
S4547507562765322,578175,德信晓宸,杭州,二手房,"祥富路,近上祥路"
S2723879877960713,868158,金世纪运河丽园(公寓住宅),杭州,二手房,"东湖北路,近兴旺大道"
S2574078238318599,826305,西溪北苑东区,杭州,二手房,"文昌路,近荆长大道"
R4104052359654412,652450,融信蓝孔雀,杭州,二手房,"石祥路,近莫干山路"
S2573855063370765,826790,长江西苑,杭州,二手房,建业路151号
S4061830764715019,1257872,宸铭府,杭州,二手房,宸麟路468号
S3479843444841472,825948,水榭花都,杭州,二手房,绿荫街149号
S3863783624287241,826456,金色钱塘(南区),杭州,二手房,风情大道677号
S3507319050642436,161069,晴彩巴厘,杭州,二手房,世纪大道
S4614068503372812,369963,绿城钱王文化广场锦玉园,杭州,二手房,城中街178号
S3017425703857160,170497,万科西溪蝶园(北区),杭州,二手房,紫霞街188号
S4596767700329473,479412,天鸿香榭里,杭州,二手房,"通益路,近祥运路"
S4227404181266438,160830,威尼斯水城,杭州,二手房,风情大道2555号
S3309178886447106,160388,中兴花园,杭州,二手房,江汉路1688号
S4520210599959553,638889,金都夏宫(公寓住宅),杭州,二手房,"北沙西路,近星河路"
S4080136918952972,394496,南北乐章,杭州,二手房,溪东路
S3373719179027460,655397,朝阳8号(公寓住宅),杭州,二手房,市心南路
S4290806338100237,826603,景致公寓,杭州,二手房,"和睦路,近石祥路"
S2771298392775688,478833,金瑞城市风景,杭州,二手房,风景街333号
S4623482820570119,369839,协安紫郡,杭州,二手房,紫萱路308号
S3084971187430405,628110,开元名郡,杭州,二手房,"向旭支路,近晨晖路"
S4303530826276869,216505,通和南岸花城(公寓住宅),杭州,二手房,时代大道
S4230339556892676,222976,清雅苑,杭州,二手房,学林街633号
S4008123384474631,655397,朝阳8号(公寓住宅),杭州,二手房,市心南路
A7378939642,825725,大家悦墅,杭州,二手房,育才西路
S4613760576367623,630884,科尔世纪外滩(公寓住宅),杭州,二手房,水博大道1号
S4240142424530954,370078,建境巧克力公馆,杭州,二手房,鸿兴路338号
S4420174401627142,877850,绿城之江1号(西区),杭州,二手房,"横桥路,近博美路"
R4516710597745666,720940,新桃源,杭州,二手房,华庭西路209号
S4166261098048522,178587,都市水乡水滟苑,杭州,二手房,广业街282号
S3488955798723587,614729,宝嘉誉峰,杭州,二手房,"石祥路,近东吴路"
S4485208437269519,160860,多蓝水岸,杭州,二手房,12号大街
S4293942240861188,479412,天鸿香榭里,杭州,二手房,"通益路,近祥运路"
S4527823174937608,497412,中天官河锦庭(公寓住宅),杭州,二手房,"滨康路,近阡陌路"
S3503136228680710,369877,众安嘉润公馆,杭州,二手房,"金鸡路,近潮韵路"
S3650934333874181,369888,滨江凯旋门,杭州,二手房,凯旋路116号
S4144997939129350,233921,绿城丽江公寓(北区),杭州,二手房,仁爱路73号
S3246106895358987,379778,龙湖香醍溪岸(公寓住宅),杭州,二手房,"304省道,近宏达路"
S4405558548212736,910215,嘉富广场,杭州,二手房,市心南路822-830号
S4200118929792004,366123,高桥小区,杭州,二手房,高桥路
S3670799490048008,185133,毓秀家园,杭州,二手房,临平人民大道652号
S3206912824320009,216712,定安东苑,杭州,二手房,后市街100-126号
S2574337036786694,179524,"小河路323,333,335,337号小区",杭州,二手房,"小河路323,333,335,337号"
S4095794801172482,610065,绿地旭辉城,杭州,二手房,"扬帆路,近滨盛路"
S4401473049865231,160987,温馨人家,杭州,二手房,月明路796号
S2746354735787013,160331,云龙公寓(下城),杭州,二手房,刀茅巷23号
S2573908453498894,188447,山水人家,杭州,二手房,天目山路396号
S4155230856420365,369838,赞成香颂,杭州,二手房,"顺达路,近振兴西路"
A7473786908,826683,浪漫香槟(东区),杭州,二手房,香槟路68号
S3781469135938565,1152948,花园府,杭州,二手房,"明月桥路,近环站北路"
S4534496050424836,825760,德信银树湾,杭州,二手房,文岚街58号
S4597091380751362,401653,春天华府,杭州,二手房,保锦路169号
A7453535510,1029638,五月香山(公寓住宅),杭州,二手房,320国道
S2574276819512331,790865,金域东方,杭州,二手房,湘建线
S2574253807610892,826557,近江四园,杭州,二手房,"婺江路,近富春路"
S3854887078518797,991988,美政花苑民航宿舍,杭州,二手房,"之江路,近美政路"
S2913941130849290,578175,德信晓宸,杭州,二手房,"祥富路,近上祥路"
S4402813913177091,826366,恒大名城博园,杭州,二手房,博园路
S4549318315336719,618928,耀达金鼎华庭,杭州,二手房,仁和大道
S4009377734634504,369839,协安紫郡,杭州,二手房,紫萱路308号
S4055011775032330,205375,观澜郡亭公寓(商住楼),杭州,二手房,之江路968号
S4065880879262730,200064,逸居城,杭州,二手房,逸盛路183号
S3873266002092037,370067,贝利珑昕泽第,杭州,二手房,"东大街,近九曲营路"
S4617944345912326,216666,潮鸣苑,杭州,二手房,"潮鸣寺巷,近醋坊巷"
S2574297657895937,407976,大都尚澜,杭州,二手房,"东湖北路,近兴旺大道"
S2725690997791756,189620,白鹭郡北,杭州,二手房,"风情大道,近玉鸟路"
S4350539788786690,652463,越秀星汇悦城,杭州,二手房,古墩路
S3457028353548300,292642,新州花苑东区,杭州,二手房,"月明路,近西兴路"
S3189376066133006,620329,铭都雅苑,杭州,二手房,高沙路166号
S2574191477779468,650521,钱塘之星,杭州,二手房,"江南大道,近西兴路"
S3802801692483594,652109,阳光城翡丽湾,杭州,二手房,大农港西路1296号
S4515873357995017,779966,顺发美哉美城,杭州,二手房,"民和路,近飞虹路"
S4114213041643521,597679,富力西溪悦居(公寓住宅),杭州,二手房,"常二路,近文一西路"
S4465601960619019,606218,莱茵知己(公寓住宅),杭州,二手房,"振兴路,近顺达路"
R3928589866524684,369997,泊金湾,杭州,二手房,金凤路128号
S4384647351968772,994879,新城都市丽景北苑(公寓住宅),杭州,二手房,政法街88号
S2573902187293700,659623,奥克斯缔逸城(公寓住宅),杭州,二手房,"古墩路,近庄墩路"
S3574752603694085,292253,清沁花苑,杭州,二手房,九曲营路201号
S4624827598349316,943024,祥生群贤府(公寓住宅),杭州,二手房,崇杭街
S4514756617841679,218507,万象城悦府,杭州,二手房,富春路701号
S3726539638221831,203873,建国南苑(北区),杭州,二手房,"姚园寺巷,近建国南路"
S2600819241475082,802323,宋都丽郡国际,杭州,二手房,横一路
S4089945693101056,214743,金沙阳光,杭州,二手房,下沙路
S4040284501109771,610901,中海御道(公寓住宅),杭州,二手房,"钱江路,近塘工局路"
S4040184215153665,160299,国信嘉园(公寓住宅),杭州,二手房,滨盛路4050号
S2769190198354949,945744,融创未来海溪汀苑,杭州,二手房,"闲富北路,近上和路"
S4296417553673217,1035534,万科北宸之光拱宸,杭州,二手房,上园路
S3457043466444808,369852,绿城玉园,杭州,二手房,"人民大道,近新丰路"
S4534588450761733,860800,越秀星汇尚城,杭州,二手房,上园路
S4606820308577294,369894,欣盛东方福邸,杭州,二手房,"水月街,近学院北路"
S4110965103992841,600730,绿城之江1号(东区),杭州,二手房,"横桥路,近博美路"
S4572693052826625,1107937,溪谷岚湾(公寓住宅),杭州,二手房,运溪路1100号
S4289691740512264,994954,金色钱塘(北区),杭州,二手房,风情大道677号
A7214551762,200326,华庭云顶,杭州,二手房,沪瑞线
S2639077554904073,913289,西溪润景,杭州,二手房,"创意二路,近邱桥路"
S4516150551862284,370080,中粮云涛名苑(公寓住宅),杭州,二手房,时代大道
S4605385093934088,785683,西溪华东园,杭州,二手房,"五常大道,近高教路"
S4573933534290947,406023,绿城玉兰花园(临安),杭州,二手房,环城北路
S4369050440625154,912258,开元广场(公寓住宅),杭州,二手房,"西河路,近向旭路"
S2574296920988676,825088,超级星期天(公寓住宅),杭州,二手房,西浦路1718号
S4436661952420865,639246,德信早安,杭州,二手房,石鸽路45号
S4398447242304517,825992,高运高庄,杭州,二手房,南秀路2228号
S4627611560532995,160571,湘湖家园,杭州,二手房,萧西路843号
S4309134145232899,590405,万科北宸之光,杭州,二手房,通运路
S3789763059526669,170172,定安名都,杭州,二手房,西湖大道197号
S2573917905378314,175739,观邸国际,杭州,二手房,新和路167号
S3291919668012036,369959,百家乐西园(公寓住宅),杭州,二手房,"荆长大道,近文二西路"
R3782675142159364,994945,千岛湖玉兰花园,杭州,二手房,环湖北路587号
A7417654988,202604,清源上林湖(别墅),杭州,二手房,上林路1号
S4615013089664002,782005,崇邦余之城,杭州,二手房,"迎宾路,近临东路"
S2573875191802885,1216235,德信九溪云庄,杭州,二手房,"丽景路,近文景路"
S4517613348154373,369882,远洋西溪公馆(公寓住宅),杭州,二手房,文一西路822号
S3474340930184202,1038044,和家园御园,杭州,二手房,杨梅山路362号
S3120888195589122,1390348,滨江御滨府(公寓住宅),杭州,二手房,"阡陌路,近北塘路"
S3520096556474380,943026,祥生云浦新语,杭州,二手房,"科海路,近周二路"
S3327245024173062,616507,万泰城章,杭州,二手房,"世纪大道,近望梅路"
S4382754174458895,379785,九龙仓碧玺,杭州,二手房,"后横港路,近桥弄街"
S4573905643252742,217136,锦园小区,杭州,二手房,建国北路370号
S3166002585509895,638890,擎天半岛(公寓住宅),杭州,二手房,藕花洲大街159号
S3728230652210187,222230,缤纷北苑,杭州,二手房,"滨盛路,近西兴路"
S4545880778171406,607368,绿城莲园(公寓住宅),杭州,二手房,"北沙西路,近荷花路"
A7457605652,202604,清源上林湖(别墅),杭州,二手房,上林路1号
S3092051253568523,217995,银爵世纪公寓,杭州,二手房,浦沿路715号
S3932669144818691,181423,袁井巷,杭州,二手房,"中河南路,近抚宁路"
S3277195353318400,596962,元成东盛家园,杭州,二手房,松乔街518号
S4402684156617729,221384,同和公寓,杭州,二手房,萧西路78-8号
S4136850480327694,470980,中铁逸都,杭州,二手房,北沙西路28号
S2573891028392975,418048,风雅乐府(公寓住宅),杭州,二手房,"好运街,近东吴路"
S3470587731581964,160067,顺发佳境天城(公寓住宅),杭州,二手房,市心北路737号
S4374685201476623,938894,宝龙云滨湾(公寓住宅),杭州,二手房,学林街323号
S3020984494058501,160802,西城时代家园,杭州,二手房,文一西路
S2576488551046157,1365370,中天珺府(北区公寓住宅),杭州,二手房,科技大道2988号
S4071712303324171,826256,清水湾山水苑(公寓住宅),杭州,二手房,中泰路
S4626551872201735,369934,金域兰庭,杭州,二手房,"时代大道,近新庙桥"
S3591507722822657,370071,钱塘帝景(公寓住宅),杭州,二手房,信诚路817号
S3704679078666243,216293,金域三江(公寓住宅),杭州,二手房,时代大道
S4633482350486535,796147,绿城桃李春风(别墅),杭州,二手房,科技大道
S4241662203157511,589478,望江府,杭州,二手房,闻潮路280号
S4589892330281989,1236386,上实海上海(二期),杭州,二手房,白洋路
S4113957434220547,826171,恒滕悦湖花苑,杭州,二手房,城南路578号
S3042161818838030,825865,都市阳光乐苑,杭州,二手房,甲来路
S2784956717327368,160449,蚕花园永宁坊,杭州,二手房,"永兴弄,近上塘路"
S3641597286228996,796956,众安学君里(公寓住宅),杭州,二手房,天目山西路
S2917798629075982,370060,远洋大河宸章,杭州,二手房,小河路455号
S2627418090499086,185133,毓秀家园,杭州,二手房,临平人民大道652号
S4409781715723270,826425,欣盛东方郡(东区),杭州,二手房,春晓路233号
S2573889977949199,943050,绿城九龙仓桂语江南,杭州,二手房,"博奥路,近建设二路"
S3534915812219904,217526,临平桂花城(北区),杭州,二手房,人民大道
S4500746348960769,193773,梦琴湾,杭州,二手房,"27号大街,近10号大街"
S4050449128545284,825713,大华海派风范茗园,杭州,二手房,城东路4-10号
S3811137874895882,826619,九浪山花园,杭州,二手房,"103省道,近祥利村"
S3754232110771202,181169,康城国际,杭州,二手房,世纪大道676号
S2769429096602633,724866,坤和求是里,杭州,二手房,求和路
S3851996064656395,826451,金地自在城栖霞居(公寓住宅),杭州,二手房,金蓬街
S3369986493752333,943059,景瑞申花壹号院,杭州,二手房,"丰潭路,近申花路"
S4023539432729608,790318,广元公寓,杭州,二手房,晨晖路952号
S3171006281458692,792441,华元十六街区,杭州,二手房,"2号大街,近顺雅巷"
S3593224935728136,826151,和谐嘉园南苑,杭州,二手房,"江锦路,近新塘路"
S3735839384923143,160866,三水一生(公寓住宅),杭州,二手房,时代大道
S4578135699905551,802323,宋都丽郡国际,杭州,二手房,横一路
S3445870285825027,597681,景瑞御蓝湾,杭州,二手房,禹航路5号
S4289377013522442,314636,树兰书香名邸(公寓住宅),杭州,二手房,星光街1-1号
S4486234047257611,369963,绿城钱王文化广场锦玉园,杭州,二手房,城中街178号
S2909419115193345,369943,玉都枫景名苑,杭州,二手房,"东西大道,近良平路"
S3874960774094849,160049,蚕花园永庆坊,杭州,二手房,"永庆路,近上塘路"
S2769764751629317,913287,云溪印象,杭州,二手房,"镇中路,近象山路"
S3472875340801036,1218290,越秀星汇花园西区,杭州,二手房,"塘塍街,近225县道"
S2574330412113933,826753,林风花园沁林苑,杭州,二手房,闻潮路168号
S4022505211207694,779966,顺发美哉美城,杭州,二手房,"民和路,近飞虹路"
S4152457240194062,300676,南北西岸(公寓住宅),杭州,二手房,昼锦路12号
S3752085084220418,160100,东清苑,杭州,二手房,庆春路70-84号
S4507480149500937,178605,东田小城之春,杭州,二手房,狮山路388号
S2573893963668489,589478,望江府,杭州,二手房,闻潮路280号
S4474851089900555,160371,港湾家园,杭州,二手房,余杭塘路866号
S3176772786496514,369863,精欧荣寓,杭州,二手房,"6号大街,近5号大街"
S3484097401494528,379788,赞成檀府(公寓住宅),杭州,二手房,"星光街,近新颜路"
S3982177172021257,160570,十亩田家园,杭州,二手房,化仙桥路27号
S4420998186654722,160689,都市港湾,杭州,二手房,北沙东路1-7号
S4397012007789573,160439,东园高层公寓,杭州,二手房,风起路56号
S2664687453527053,379780,泊悦府澜湾,杭州,二手房,禹航路490号
S3878841786575873,911967,新世界柏丽轩,杭州,二手房,通惠北路12号
S4566867554098179,219317,之江花园(公寓住宅),杭州,二手房,"东信大道,近滨盛路"
S3741745468730371,160116,采荷小区芙蓉邨,杭州,二手房,双菱路21号
S3086924027307021,611340,万科大家钱塘府,杭州,二手房,"昙花庵路,近水湘路"
S3665418996671491,160277,绿都湖滨花园(公寓住宅),杭州,二手房,"金山路,近博学路"
S4095902926216207,346142,望江家园东园,杭州,二手房,钱江路483号
S4552975232050177,863121,宝龙城市广场,杭州,二手房,"学府街,近学林支路"
S4199149677272073,863121,宝龙城市广场,杭州,二手房,"学府街,近学林支路"
R4265252449119243,264956,西溪小筑,杭州,二手房,"天目山路,近五常大道"
S4504918335745038,909780,中天西城纪,杭州,二手房,余杭塘路417号
S2573779324559360,190614,滨江家园,杭州,二手房,近江东路32号
S3260612350911501,160766,大学路新村,杭州,二手房,"大学路,近老浙大横路"
S4142217893748744,210028,兰惠家园,杭州,二手房,东湖南路416-1号
S4296441127772160,219250,开元加州阳光小区,杭州,二手房,金城路333号
S4314906546662408,995754,龙湖滟澜山(澜轩),杭州,二手房,"华景街,近银沙路"
S4149624105753601,370101,宋都东郡国际嘉湾,杭州,二手房,凌云街21号
S4101172018781192,409606,平瑞瑞和园,杭州,二手房,东西大道
S4279704812527624,1390348,滨江御滨府(公寓住宅),杭州,二手房,"阡陌路,近北塘路"
S3359385541747723,825956,顺达花苑东区,杭州,二手房,"顺达路,近320国道"
S4534260654398465,780546,雅居乐国际花园,杭州,二手房,"天目山西路,近闲富路"
S2573773064739855,369932,绿都御景蓝湾(公寓住宅),杭州,二手房,时代大道6588号
S3522987906688014,160053,宋都凯旋苑,杭州,二手房,凯旋路68号
S4514438112386053,181626,绿城蓝庭(东区),杭州,二手房,"振兴西路,近星河路"
S3348710397486087,877687,苕溪南湖人家,杭州,二手房,太炎路70号
S3557669316107264,467227,保利城市果岭,杭州,二手房,银海街38号
S4040164559608840,343452,郡原相江公寓,杭州,二手房,"仁爱路,近下沙路"
A7477628265,794144,富春和园(公寓住宅),杭州,二手房,金桥北路469号
S4599361345678337,1319932,勾庄佳苑,杭州,二手房,"古墩路,近金汇南路"
S4589811723557902,322406,理想家园,杭州,二手房,邱山大街724号
S3886250657375244,394835,江湾绿苑(公寓住宅),杭州,二手房,毛家上路
S4390091405517826,161103,盛元慧谷(公寓住宅),杭州,二手房,火炬大道725号
S4200223163555855,224958,广厦天都城天星苑,杭州,二手房,"场环路,近欢乐大道"
S4181830463187980,160147,滨江万家花城(一期),杭州,二手房,萍水街380号
S3269569945312264,790322,新城香悦奥府,杭州,二手房,"博奥路,近建设一路"
S4015055764103178,609162,保利梧桐语,杭州,二手房,"普德路,近九州路"
S2630729629805575,804912,东裕华庭,杭州,二手房,"经五路,近123县道"
S3962573204040712,788323,东晖龙悦湾(公寓住宅),杭州,二手房,"五洲路,近小白线"
S3799970516528136,786761,万通时尚公馆(公寓住宅),杭州,二手房,"景兴路,近东莲街"
S3459279902350341,630884,科尔世纪外滩(公寓住宅),杭州,二手房,水博大道1号
S2582438402137092,877759,东亚新干线,杭州,二手房,"明月桥路,近天城路"
S4590989398961155,160543,义井小区,杭州,二手房,西湖大道
S3333968859849730,407707,金昌春和钱塘,杭州,二手房,民和路411号
S3995347802561548,182305,崇庆里,杭州,二手房,温州路50号
A7438956713,1042415,梓树花苑(公寓住宅),杭州,二手房,九龙大道
S4112809267879942,204948,木材新村,杭州,二手房,秋涛路168号
S4009173261343757,216666,潮鸣苑,杭州,二手房,"潮鸣寺巷,近醋坊巷"
S4570154853475338,175824,左岸花园,杭州,二手房,永庆路120号
S2576002968759299,475889,越秀星汇城后湾,杭州,二手房,大园路123号
S4275659664989191,369886,宋都晨光国际,杭州,二手房,"23号大街,近16号大街"
S4543313918258177,160277,绿都湖滨花园(公寓住宅),杭州,二手房,"金山路,近博学路"
S4483655127491596,192131,东湖公寓,杭州,二手房,河南埭路63号
S4163801519123458,370062,万和国际,杭州,二手房,皓月路188号
R2698891646983179,224920,京明凤凰家园,杭州,二手房,申达路388号
S4307932849904643,369924,金岸提香(公寓住宅),杭州,二手房,中泰路322号
S4511754399771655,825885,翡翠城(东北区),杭州,二手房,高教路
S2602587194253318,160100,东清苑,杭州,二手房,庆春路70-84号
S4378583962328068,369860,德信早城,杭州,二手房,"学林街,近上沙路"
S4588293905245193,826860,中国铁建青秀城,杭州,二手房,建设一路418号
S4404180331684871,781698,融科东南海,杭州,二手房,香樟路469号
S4541279029961731,826446,新城国际花园和园,杭州,二手房,庆和路55号
S4292554188479493,161178,星河景庭,杭州,二手房,金城路98号
S4062815769894917,407707,金昌春和钱塘,杭州,二手房,民和路411号
S4366109182075911,618739,金雅苑,杭州,二手房,仁爱路219号
S2967455896038408,236886,西溪望庄,杭州,二手房,文二西路
S3571820759997447,610622,东田怡丰城(公寓住宅),杭州,二手房,"迎宾路,近天万路"
S3658635368914948,369846,保利江语海(公寓住宅),杭州,二手房,"之江东路,近6号大街"
S3794699171749888,177046,定海园,杭州,二手房,永庆路135号
S3199703194411009,318496,都市水乡水月苑,杭州,二手房,长阳路319号
S4110092118630402,369850,东厦东港,杭州,二手房,北沙西路150号
S2769175483509775,160527,水岸帝景,杭州,二手房,钱潮路10号
S4584275073854473,260600,同人山庄,杭州,二手房,科技大道
S3117250870402055,826736,远东紫竹人家,杭州,二手房,狮山路284号
S3588542666155012,806034,滨江华成大江之星,杭州,二手房,新港路
S4393084655492097,826864,绿都四季华庭,杭州,二手房,"育才路,近晨晖路"
S3493976215559178,573099,大家之江悦,杭州,二手房,"碧波路,近枫桦西路"
S2987148317781005,573718,德信东望,杭州,二手房,"新塘路,近明月桥路"
S4221680922893317,370071,钱塘帝景(公寓住宅),杭州,二手房,信诚路817号
S3236903362124809,160039,东海花园,杭州,二手房,南大街126号
S3888794084830219,160205,锦绣江南(滨江),杭州,二手房,咏渡巷59号
S2630356082696198,863105,绿城桃源小镇依云邨,杭州,二手房,闲沈路
S4568458114374661,369850,东厦东港,杭州,二手房,北沙西路150号
S3969417121488903,215447,蔡马人家,杭州,二手房,茶汤路66号
S3295950706892808,825868,墩莳家园,杭州,二手房,甲来路41号
S4548913320125448,794775,地铁绿城杨柳郡,杭州,二手房,九和路516号
S2949414014921731,316964,慧仁家园北区,杭州,二手房,"嘉仁路,近池华街"
S2615110138440717,826797,龙湖春江悦茗,杭州,二手房,"风情大道,近建设三路"
S2769314912396300,782578,得力名望府,杭州,二手房,"104国道辅路,近03省道"
S2576024874392576,160999,复兴北苑,杭州,二手房,复兴路163号
S4554107701554183,597681,景瑞御蓝湾,杭州,二手房,禹航路5号
S3389701705194506,909736,星耀城,杭州,二手房,江陵路2028号
S2574068234247177,190732,江枫苑,杭州,二手房,凤山桥直街13号
S4178942290455555,873008,丰东花苑,杭州,二手房,振宁路928号
S4577108868426756,943024,祥生群贤府(公寓住宅),杭州,二手房,崇杭街
S3515590875833356,779138,金地艺境,杭州,二手房,"翁乔路,鑫业路"
S4485536584653831,406023,绿城玉兰花园(临安),杭州,二手房,环城北路
S4598301037304840,808343,富力西溪悦墅,杭州,二手房,"文二西路,近文胜路"
S4486350675633155,476572,顺发江南丽锦,杭州,二手房,"市心北路,近扬帆路"
S3646685555989509,610236,滨江万家名城(北区),杭州,二手房,"锦江路,近通运路"
S2574096661585932,160731,国都枫华府第,杭州,二手房,学院路129号
S4626686610365450,409035,金色时代,杭州,二手房,勤学路10号
S4580011453539338,192131,东湖公寓,杭州,二手房,河南埭路63号
R4520664531313672,423393,世纪花城,杭州,二手房,大奇山路650号
A7409665816,160816,颐景山庄(公寓住宅),杭州,二手房,九龙大道99号
S4570129319451663,160039,东海花园,杭州,二手房,南大街126号
S4221639635495949,292253,清沁花苑,杭州,二手房,九曲营路201号
S2769611496958984,826691,玉城公寓,杭州,二手房,东西大道
S3760220756405258,234038,人和家园,杭州,二手房,天目山路1号
S2769758051965956,160590,西溪锋尚,杭州,二手房,文三西路499号
S4483926497811460,1013054,盈一佳苑,杭州,二手房,鸿宁路1021号
S3679393208935428,191233,复兴东苑,杭州,二手房,"复兴路,近秋涛路"
S2941877227840521,826791,白鹭郡南柳映坊,杭州,二手房,白鹭路
S3600018728721409,160901,翠苑三区(东区),杭州,二手房,翠柏路11号
S3941565656834053,1025600,恒大水晶国际广场,杭州,二手房,"之浦路,近枫桦路"
S4133913147071499,994879,新城都市丽景北苑(公寓住宅),杭州,二手房,政法街88号
S3456178442249226,405245,保利霞飞郡(公寓住宅),杭州,二手房,建设二路401号
S2574224784911363,804783,白塔人家,杭州,二手房,"复兴路,近水澄路"
S2629121812032520,614569,金地申花里,杭州,二手房,莫干山路
S4045852434275342,248839,中海钱塘山水(公寓住宅),杭州,二手房,东信大道92号
S2949417699156998,804630,龙湖水晶郦城,杭州,二手房,"茹家路,近庄墩路"
S3020848375983109,1003246,景瑞阳光城法兰公园(公寓住宅),杭州,二手房,天荷路60号
S3040000545987592,589478,望江府,杭州,二手房,闻潮路280号
S4323685122710538,161090,伊萨卡国际城(公寓住宅),杭州,二手房,"14号大街,近沿江大道"
S3641864680022029,160067,顺发佳境天城(公寓住宅),杭州,二手房,市心北路737号
S4527258912398350,1424017,越秀景瑞悦见山,杭州,二手房,"兴国路,近辰兴路"
S4508829042385925,606218,莱茵知己(公寓住宅),杭州,二手房,"振兴路,近顺达路"
S2585271094665228,597679,富力西溪悦居(公寓住宅),杭州,二手房,"常二路,近文一西路"
S3698124703788038,580034,玲珑府(公寓住宅),杭州,二手房,西兴路399号
S4582490033122317,170154,良渚花苑(公寓住宅),杭州,二手房,玉管路18号
S3750588077858829,618884,美好桂花星座,杭州,二手房,"远展街,近星源路"
S4486417549028363,825886,翡翠城(东南区),杭州,二手房,"五常大道,近高教路"
S4138325030693895,628434,恒大帝景,杭州,二手房,晨晖路
S3972517654405124,160363,保元泽第(公寓住宅),杭州,二手房,东湖南路333号
S3041248551263237,379788,赞成檀府(公寓住宅),杭州,二手房,"星光街,近新颜路"
S3809996536651786,1078073,越秀星悦城(公寓住宅),杭州,二手房,"星港路,近塘塍街"
S4507653178760196,217621,苑中园,杭州,二手房,新城路38号
S3562026389479427,877699,融信澜天(公寓住宅),杭州,二手房,"立新路,玉鸟路"
S4282354161642510,798267,合景映月台(公寓住宅),杭州,二手房,"溪望路,近良睦路"
S4525982934801420,297940,云厦连园,杭州,二手房,"青年路,近固陵路"
S4111570610494464,825931,福鼎家园,杭州,二手房,"文昌路,近常二路"
S4574443224034306,191425,香榭里花园,杭州,二手房,4号大街
S4480592040041485,877975,万科溪望(公寓住宅),杭州,二手房,"文二西路,近环岛路"
S4187870258569224,782886,融创大家侯潮府,杭州,二手房,"候潮路,近钱江路"
S3842475705312270,369856,宋都阳光国际观澜苑,杭州,二手房,通盛路3号
S3612732349079556,346243,大华海派风景,杭州,二手房,东吴路
R3757611965557773,877764,之江家园四区,杭州,二手房,"杜家浦路,近美院南路"
S4425292105931785,218032,吉如家园,杭州,二手房,"杭印路,近登云路"
S4133938743946250,229269,四季风景苑,杭州,二手房,"5号大街,近6号大街"
S4168019425353732,638889,金都夏宫(公寓住宅),杭州,二手房,"北沙西路,近星河路"
S2574177274961925,995004,东方俊园(东区),杭州,二手房,新颜南路28号
S4126528583556102,160381,采荷小区洁莲邨,杭州,二手房,双菱路34号
S4541733210792973,798267,合景映月台(公寓住宅),杭州,二手房,"溪望路,近良睦路"
S2769359510070287,651236,万宝城,杭州,二手房,荷禹路105号
S4617869671672846,368005,绿城紫桂公寓,杭州,二手房,星源北路65号
S4598269802601487,614569,金地申花里,杭州,二手房,莫干山路
S4357295906171914,618884,美好桂花星座,杭州,二手房,"远展街,近星源路"
S4568806115173391,806475,万科江湾城,杭州,二手房,"时代大道,近纬一路"
S3195190024264708,923735,恒鼎博邑郡,杭州,二手房,"滨康路,近时代大道"
S4562947197967372,611338,万科公园大道,杭州,二手房,机场路355号
S3670787709934599,607368,绿城莲园(公寓住宅),杭州,二手房,"北沙西路,近荷花路"
S4469642935772166,877779,奥体之星,杭州,二手房,鸿宁路666号
S3858078049856523,1274301,乐虹湾(公寓住宅),杭州,二手房,"彩虹大道,近西兴路"
S2576777328041989,191637,力达易居时代,杭州,二手房,东湖北路404号
S2574198979357701,826864,绿都四季华庭,杭州,二手房,"育才路,近晨晖路"
S2769513584892930,792522,万科星空,杭州,二手房,文一西路
S4405998970854401,160951,万家花园,杭州,二手房,天城路95号
S4608361017009161,825484,白马湖小区孔雀苑,杭州,二手房,"江虹南路,近规划支路"
S4519174382988296,379788,赞成檀府(公寓住宅),杭州,二手房,"星光街,近新颜路"
S2769841969507331,161133,钱江彩虹城,杭州,二手房,滨盛路4398号
S2575853452438540,597681,景瑞御蓝湾,杭州,二手房,禹航路5号
S3956694704647178,952866,环秀府,杭州,二手房,"荆长大道,近海曙路"
S2574136570797064,628434,恒大帝景,杭州,二手房,晨晖路
S3738963483454479,1187878,长吴公寓一区,杭州,二手房,良运街
S4005365049745408,607657,万科西庐,杭州,二手房,五常港路
S4350207512109063,369830,贝利栖溪公馆,杭州,二手房,广济路
S2574130114732046,613792,阳光城普升,杭州,二手房,"福临街,近普德路"
S3795428912981002,596962,元成东盛家园,杭州,二手房,松乔街518号
S2574172013960197,217995,银爵世纪公寓,杭州,二手房,浦沿路715号
S2783157756910599,420307,滨江曙光之城,杭州,二手房,机场路285号
S2573874270694412,160720,钱塘春晓花园,杭州,二手房,月明路862号
S2725696665099279,826363,仙林苑(南区),杭州,二手房,中山北路142号
S4400197070924806,369819,滨江城市之星(公寓住宅),杭州,二手房,市民街167号
S4421665071242254,1893012,杭与城,杭州,二手房,龙舟北路
S4148190838762503,160077,火炬小区,杭州,二手房,"火炬大道,近西湘路"
S3934450400357376,877672,新时代城市家园,杭州,二手房,闲富中路248号
S4219972510034946,370004,钱塘梧桐蓝山,杭州,二手房,"世纪大道,近南苑街"
S4630838419760135,248058,宏丰家具城小区,杭州,二手房,五常荆山湾88号
S3246499685948421,217621,苑中园,杭州,二手房,新城路38号
S3117256004789259,825713,大华海派风范茗园,杭州,二手房,城东路4-10号
S4524815083086860,269307,华元爱丁郡,杭州,二手房,"宋家湾路,近西坝路"
S3992566330105861,191502,九曲营小区,杭州,二手房,九曲营路78号
A7438769498,826157,万科君望(公寓住宅),杭州,二手房,江滨东大道239号
S4332215940340736,372524,相墅花园(公寓住宅),杭州,二手房,"时代大道,近湘湖路"
S3096691416636416,1257872,宸铭府,杭州,二手房,宸麟路468号
S4574002471756807,826838,绿城明月江南(西区),杭州,二手房,月明路303号
S4550128354470916,363841,潘水南苑,杭州,二手房,市心南路728号
S4120004102561801,877750,滨江金茂府,杭州,二手房,"西兴路,近滨盛路"
S3597124655260680,801402,丰北三苑,杭州,二手房,"金鸡路,近利丰路"
S4608184742288388,161069,晴彩巴厘,杭州,二手房,世纪大道
S4075594148850698,1365370,中天珺府(北区公寓住宅),杭州,二手房,科技大道2988号
S3169609537840136,875368,北辰奥园(公寓住宅),杭州,二手房,"向旭路,近蜀山路"
S4176262501706763,1071702,天阳蔚蓝,杭州,二手房,"天柱街,近灵鹤路"
S3088943957615626,394496,南北乐章,杭州,二手房,溪东路
S4023199310388236,826366,恒大名城博园,杭州,二手房,博园路
S4252601287650316,369988,金帝海珀华庭,杭州,二手房,振兴西路177号
S4201569903910917,877696,萧山宝龙城市广场,杭州,二手房,"建设一路,近金鸡路"
S4568283105319947,575797,朗诗未来街区西园,杭州,二手房,"天万路,近苑中路"
S4602182302964743,825841,上石苑,杭州,二手房,石祥路349号
S4112767975283721,826447,金地自在城林溪里,杭州,二手房,金蓬街
S3706120136911883,795071,贝利栖溪望府,杭州,二手房,"绿荫街,近塘栖路"
S4494657371415563,370066,南城景园,杭州,二手房,里士湖路588号
S4172177037189133,528979,西溪海听海苑,杭州,二手房,"闲富北路,近上和路"
S4005535982611459,201534,浙新小区,杭州,二手房,滨文路646号
S3117307747065861,861511,绿城兰园(公寓住宅),杭州,二手房,环城北路57号
S4377064167662606,216452,华瑞湘湖林语,杭州,二手房,下湘湖路8号
S2586686566685706,877721,杭州印,杭州,二手房,"闻涛路,近江晖路"
S3661411466093571,369902,金地天逸,杭州,二手房,山阴路1999路
S4177707582267396,185133,毓秀家园,杭州,二手房,临平人民大道652号
S2769551234161677,369879,赞成美树,杭州,二手房,金恒路174号
S4626686613593088,406023,绿城玉兰花园(临安),杭州,二手房,环城北路
S3339786719599620,269307,华元爱丁郡,杭州,二手房,"宋家湾路,近西坝路"
S4575223385107466,161181,静怡花苑,杭州,二手房,秋涛路550号
S3790210897472523,1048135,海德公园,杭州,二手房,"东吴路,近良运街"
S4091677817102336,370072,德信北海公园,杭州,二手房,星桥街100号
S4613497105605632,369926,嘉里桦枫居,杭州,二手房,杭玻街766号
S4507374027676681,318496,都市水乡水月苑,杭州,二手房,长阳路319号
S4278522286678016,528979,西溪海听海苑,杭州,二手房,"闲富北路,近上和路"
S4283665602845711,1062189,奥克斯时代未来之城,杭州,二手房,"向往街,近向往街"
S2573877426905099,627593,万科良渚文化村未来城,杭州,二手房,"疏港路,近104国道"
S4359192515452942,1257872,宸铭府,杭州,二手房,宸麟路468号
S4251455243709450,370092,保利玫瑰湾,杭州,二手房,24号大街
S3794966971968521,610901,中海御道(公寓住宅),杭州,二手房,"钱江路,近塘工局路"
S4317126665052170,790865,金域东方,杭州,二手房,湘建线
S4573131487190023,160053,宋都凯旋苑,杭州,二手房,凯旋路68号
S4211451407719435,910215,嘉富广场,杭州,二手房,市心南路822-830号
S4328969943326728,604862,白鹭郡南秋荷坊,杭州,二手房,玉鸟路
S3981227435581454,369989,半岛国际,杭州,二手房,滨盛路2271号
S4571132004019206,370053,朗郡庭园(公寓住宅),杭州,二手房,"象山路,近横桥路"
S4126790035696645,161182,同方燕语林森,杭州,二手房,滨安路150-178号
S3095353907633164,520016,和谐嘉园东苑,杭州,二手房,江锦路176号
S4093091443895301,160558,六合天寓,杭州,二手房,东信大道1222号
S2725678397004808,248058,宏丰家具城小区,杭州,二手房,五常荆山湾88号
S2769291926887425,656248,首开国风美域,杭州,二手房,振华路1号
S3271868653887491,1107937,溪谷岚湾(公寓住宅),杭州,二手房,运溪路1100号
S4127942165618692,1152948,花园府,杭州,二手房,"明月桥路,近环站北路"
S4249791960034311,370004,钱塘梧桐蓝山,杭州,二手房,"世纪大道,近南苑街"
S4244090329836555,786760,新城峯璟(公寓住宅),杭州,二手房,文二西路
S4482341896526851,160713,滨江金色家园,杭州,二手房,富春路16号
S3536623831277570,616507,万泰城章,杭州,二手房,"世纪大道,近望梅路"
S4569636492766208,826736,远东紫竹人家,杭州,二手房,狮山路284号
S2573941644566536,826412,江南望庄,杭州,二手房,月明路983号
S3046394745005071,863618,亲亲家园幸福里,杭州,二手房,"墩祥路,近古墩路"
S3795460326468609,913287,云溪印象,杭州,二手房,"镇中路,近象山路"
S4487837063308294,219771,勤远里,杭州,二手房,"察院前巷,近中山南路"
S3860764069192716,190468,欣龙华府,杭州,二手房,"荆余路,近凤新路"
S4380150899006467,410316,广悦公寓,杭州,二手房,高桥路1070号
S3826778035940360,781406,篁外(公寓住宅),杭州,二手房,"八角路,近鸡山路"
S4040162634407950,660200,雍荣华庭,杭州,二手房,"莫干山路,近留祥路"
S4492264686693377,652109,阳光城翡丽湾,杭州,二手房,大农港西路1296号
S4302058245512207,825868,墩莳家园,杭州,二手房,甲来路41号
S4541469738118154,160277,绿都湖滨花园(公寓住宅),杭州,二手房,"金山路,近博学路"
S4593628181261321,877759,东亚新干线,杭州,二手房,"明月桥路,近天城路"
S4528541449937929,224958,广厦天都城天星苑,杭州,二手房,"场环路,近欢乐大道"
S4399738959997965,370066,南城景园,杭州,二手房,里士湖路588号
S3522619413945354,219861,万科魅力之城(东区),杭州,二手房,九环路41-4号
S4176122916645892,826831,绿城九龙仓柳岸晓风(公寓住宅),杭州,二手房,"闻涛路,近建业路"
S4622362168058883,343452,郡原相江公寓,杭州,二手房,"仁爱路,近下沙路"
S2769828156877830,606218,莱茵知己(公寓住宅),杭州,二手房,"振兴路,近顺达路"
S3062052704672776,409606,平瑞瑞和园,杭州,二手房,东西大道
S2644903988243457,370070,赞成乐山红叶(公寓住宅),杭州,二手房,天目山西路
S4479752525259786,369942,华盛达阅城,杭州,二手房,"杭行路,近祥富路"
S4085649815579651,608767,林溪闲庭,杭州,二手房,闲富中路166号
S4479182366106637,952866,环秀府,杭州,二手房,"荆长大道,近海曙路"
S3635931060397056,607827,万科璞悦湾,杭州,二手房,滨文路670号
S4523194879255552,575797,朗诗未来街区西园,杭州,二手房,"天万路,近苑中路"
S3644520847728649,613323,中大银泰城公寓,杭州,二手房,东新路822号
S4345942871452674,160121,天都花园,杭州,二手房,邱山大街532号
S3375454539243521,369886,宋都晨光国际,杭州,二手房,"23号大街,近16号大街"
S3570503896784910,628433,德信泊林春天,杭州,二手房,鸿宁路40号
S4126687813114885,160524,天阳棕榈湾(东区),杭州,二手房,棕榈路65号
S2574241471294477,607424,溪悦宸府,杭州,二手房,"城西高教路,近青石滩河路"
S2770646931512320,237901,青枫墅园林语阁(公寓住宅),杭州,二手房,文良线
S3036587586300942,826101,庭院深深(东区),杭州,二手房,东西大道
S3106068600628230,923412,禹洲滨之江,杭州,二手房,"枫桦东路,近枫桦西路"
S2576566203179011,825613,潘水苑(南区),杭州,二手房,潘水路
S4396970747292682,218507,万象城悦府,杭州,二手房,富春路701号
S4008076178910211,945745,西溪海星海苑,杭州,二手房,闲富北路
S3983637816385541,160372,奥兰多小镇(公寓住宅),杭州,二手房,风情大道4555号
S4527095720369163,1047306,秀里华庭,杭州,二手房,紫荆花北路439号
S4622018054480908,207942,浪漫和山东溪苑,杭州,二手房,留和路
S4593750617857032,657958,湘云雅苑,杭州,二手房,西兴路1190号
S3893011323872260,160430,浙报公寓,杭州,二手房,二圣庙前40号
S2769173093182474,366286,西溪海悦海苑,杭州,二手房,"闲富北路,近上和路"
S3820879790333964,825877,盛庐小区,杭州,二手房,滨盛路3215号
S4201695731687429,224144,保利东湾(西区),杭州,二手房,"24号大街,近20号大街"
S4007916923169802,411253,九龙仓君廷(公寓住宅),杭州,二手房,康信路
S4197739965819905,209018,中誉现代城(公寓住宅),杭州,二手房,通惠中路838号
S2573885241175041,778765,金隅学府,杭州,二手房,秋涛路
S2633430774259725,219714,玄坛弄小区,杭州,二手房,玄坛弄
S2574230340905996,909732,蓝钻天成,杭州,二手房,莫干山路969号
S2769612904410116,237901,青枫墅园林语阁(公寓住宅),杭州,二手房,文良线
S2610748203985921,1218280,碧桂园东旭府,杭州,二手房,时代大道
S3863783623289861,826456,金色钱塘(南区),杭州,二手房,风情大道677号
S2973762267589646,160447,凤起苑,杭州,二手房,凤起路75-117号
S4269521555578884,209018,中誉现代城(公寓住宅),杭州,二手房,通惠中路838号
S3322544198656007,186603,钱塘名都,杭州,二手房,钱江路628-640号
S2631725894654986,372524,相墅花园(公寓住宅),杭州,二手房,"时代大道,近湘湖路"
S4620718493559815,191425,香榭里花园,杭州,二手房,4号大街
S2655768765357057,1071702,天阳蔚蓝,杭州,二手房,"天柱街,近灵鹤路"
S4565520540703745,826738,鼎湖未来云城天禧,杭州,二手房,新丰路
S2725673167543304,938030,龙禧大酒店公寓,杭州,二手房,江南大道3788号
A7357138436,794144,富春和园(公寓住宅),杭州,二手房,金桥北路469号
S4615819428799502,607657,万科西庐,杭州,二手房,五常港路
S2573881559506955,369953,绿城明月江南(东区),杭州,二手房,月明路256号
S3981166471946246,336639,仓溢绿苑,杭州,二手房,海曙路128号
S4578510715317256,659422,华惠家园,杭州,二手房,新丝路
S4493428581215243,628375,大华西溪风情澄品,杭州,二手房,文一西路
S4596600605764617,725178,金成英特学府(公寓住宅),杭州,二手房,"天目山西路,近城东路"
S4619650157863949,524618,新南湖绿苑,杭州,二手房,水塔路32号
S4098319251791878,656442,合景叠彩园(公寓住宅),杭州,二手房,"文胜路,近电子路"
S4498834780183565,160186,闸弄口新村,杭州,二手房,机场路18-8号
S4127944145120270,161154,国都公寓,杭州,二手房,凤起路361号
S3850780692209664,160752,耀江文鼎苑,杭州,二手房,萍水西街193号
S2769633303028736,607424,溪悦宸府,杭州,二手房,"城西高教路,近青石滩河路"
S4353195958279178,191993,都市水乡水涟苑,杭州,二手房,广业街235号
S4059253213208577,160576,国都凤起都市花园,杭州,二手房,凤起路193-205号
S2882790853649414,160205,锦绣江南(滨江),杭州,二手房,咏渡巷59号
S3573048042642443,160229,亲亲家园一期,杭州,二手房,"古墩路,近董家路"
S4398919112649732,943059,景瑞申花壹号院,杭州,二手房,"丰潭路,近申花路"
S4615412051026953,619856,新城山语院,杭州,二手房,"星光街,近顺达路"
S3297683068429313,193252,和家园(南区公寓住宅),杭州,二手房,杨梅山路310号
S3170108185518093,825526,保亿风景蝶院留园,杭州,二手房,光裕路112号
S4619220340761601,160727,商教苑社区,杭州,二手房,杭海路31号-37号
S3502552229520398,637906,黄龙金茂悦,杭州,二手房,"塘萍路,近拱苑路"
S3502747866702855,192750,顺昌花苑,杭州,二手房,丝织弄63号
A7448753567,160816,颐景山庄(公寓住宅),杭州,二手房,九龙大道99号
S4629113984476162,186603,钱塘名都,杭州,二手房,钱江路628-640号
S4218932364209167,370072,德信北海公园,杭州,二手房,星桥街100号
S2614864920271875,914217,颐和山庄(公寓住宅),杭州,二手房,科技大道3608号
S3870688454385673,656248,首开国风美域,杭州,二手房,振华路1号
S3117248533505036,160550,同城印象(东区),杭州,二手房,狮山路432号
S4537413710670857,656439,德信大家钱江府,杭州,二手房,"东宁路,近艮山西路"
S4209241531882496,369936,江南铭庭,杭州,二手房,天官东路90号
S4140668090145801,160418,新城国际花园彩园,杭州,二手房,庆和路69号
S4625307335957505,160534,凯旋新村(西区),杭州,二手房,凯旋路107号
S3764536318992392,826363,仙林苑(南区),杭州,二手房,中山北路142号
A7454964740,943047,金汇之星,杭州,二手房,"文豪西路,近金浦路"
S3723225029600264,160173,信余里小区,杭州,二手房,河坊街58号
S3331433680986112,1025600,恒大水晶国际广场,杭州,二手房,"之浦路,近枫桦路"
S3478620152423436,826308,中海寰宇天下C区,杭州,二手房,"滨盛路,近江陵路"
S4172131801050114,826101,庭院深深(东区),杭州,二手房,东西大道
S2574285652388879,579336,龙湖春江彼岸,杭州,二手房,"扬帆路,近丹枫路"
S4288246507871234,160997,采荷绿萍,杭州,二手房,庆春东路12号
S4609783160400905,240611,渡驾新村,杭州,二手房,花园岗街158号
S3130052911439884,369819,滨江城市之星(公寓住宅),杭州,二手房,市民街167号
S4616595619257351,520016,和谐嘉园东苑,杭州,二手房,江锦路176号
S2711475199747084,792522,万科星空,杭州,二手房,文一西路
S3954376614435847,160590,西溪锋尚,杭州,二手房,文三西路499号
S3459751711694851,160812,郁金香岸(公寓住宅),杭州,二手房,万达路770号
S4469209883057156,825501,美都良景学府,杭州,二手房,"瓶仓大道,近羊城路"
S2949414917184524,322058,江南明城,杭州,二手房,利华路66号
S3904407699172359,300674,天鸿君邑(公寓住宅),杭州,二手房,东信大道
S4190526425014274,369972,泊林漫谷(公寓住宅),杭州,二手房,留和路
S4541750934248458,160381,采荷小区洁莲邨,杭州,二手房,双菱路34号
S4026394123688974,804912,东裕华庭,杭州,二手房,"经五路,近123县道"
S4019442097908749,409778,玲珑香榭,杭州,二手房,杭机路6-13号
A7283292768,193730,富春泉水湾(别墅),杭州,二手房,江滨东大道819号
S2579806225816577,638890,擎天半岛(公寓住宅),杭州,二手房,藕花洲大街159号
S3248310639354882,370055,积家(公寓住宅),杭州,二手房,浦沿路789号
S3553719507067908,369860,德信早城,杭州,二手房,"学林街,近上沙路"
S3701043702868998,370055,积家(公寓住宅),杭州,二手房,浦沿路789号
S2764869604023306,826366,恒大名城博园,杭州,二手房,博园路
S2769394981776399,161035,天元公寓(公寓住宅),杭州,二手房,19号大街709号
S2574218567638027,300674,天鸿君邑(公寓住宅),杭州,二手房,东信大道
A7258151166,877738,富春壹号院(公寓住宅),杭州,二手房,大桥北路238号
S2573928790368259,191610,东城丽景,杭州,二手房,"城隍中路,近永玄路"
S2574064511458315,224570,迎春南苑,杭州,二手房,滨兴路121号
S3318669838146560,628434,恒大帝景,杭州,二手房,晨晖路
S4609783171357704,160697,都市水乡水映苑,杭州,二手房,三墩路328号
S4345984400006149,160610,现代印象广场,杭州,二手房,江南大道3399号
S3761746416823310,596962,元成东盛家园,杭州,二手房,松乔街518号
S4606427107140620,369989,半岛国际,杭州,二手房,滨盛路2271号
S4493533576584207,260600,同人山庄,杭州,二手房,科技大道
S3051938385027084,778888,富力十号朗悦居(公寓住宅),杭州,二手房,"文一西路,近高教路"
S3365042639347715,365132,学士桥小区,杭州,二手房,育才路402号
S3378084203896843,190468,欣龙华府,杭州,二手房,"荆余路,近凤新路"
S4582678773263364,793527,龙湖武林九里,杭州,二手房,"华丰中路,近丁城路"
S3071939713523726,234966,白马尊邸(公寓住宅),杭州,二手房,"墩池路,近荡鱼路"
S4192073745935371,370053,朗郡庭园(公寓住宅),杭州,二手房,"象山路,近横桥路"
S3052318039284751,795637,广泽小区,杭州,二手房,育才路
S3462784278536203,160067,顺发佳境天城(公寓住宅),杭州,二手房,市心北路737号
S4340732974439429,407976,大都尚澜,杭州,二手房,"东湖北路,近兴旺大道"
S4131034064248832,825956,顺达花苑东区,杭州,二手房,"顺达路,近320国道"
S3073877166185474,826831,绿城九龙仓柳岸晓风(公寓住宅),杭州,二手房,"闻涛路,近建业路"
S4564349023378447,1365370,中天珺府(北区公寓住宅),杭州,二手房,科技大道2988号
S2705671121249281,610065,绿地旭辉城,杭州,二手房,"扬帆路,近滨盛路"
S4286897778826254,909730,万象城悦玺,杭州,二手房,"庆春东路,近钱江路"
S4613853385305088,179315,东海水景城(公寓住宅),杭州,二手房,世纪大道西501号
S4249670047001602,160263,和睦新村,杭州,二手房,莫干山路630号
S3098043177672706,626947,佳源名城,杭州,二手房,"崇超路,近汇贤路"
S3860889190444036,369972,泊林漫谷(公寓住宅),杭州,二手房,留和路
S2573923952667661,379778,龙湖香醍溪岸(公寓住宅),杭州,二手房,"304省道,近宏达路"
S3756088072184839,216293,金域三江(公寓住宅),杭州,二手房,时代大道
S4530086151711754,161176,蚕花园永安坊,杭州,二手房,"蚕花路,近永安巷"
S4556909372793863,655397,朝阳8号(公寓住宅),杭州,二手房,市心南路
S4092954728410122,177046,定海园,杭州,二手房,永庆路135号
S3431647162195980,369965,北湖绿洲花园(公寓住宅),杭州,二手房,瓶仓大道57号
S3857844054617098,409606,平瑞瑞和园,杭州,二手房,东西大道
S3980322963135495,183358,柳浪东苑,杭州,二手房,河坊街512号
S3549677212704780,407976,大都尚澜,杭州,二手房,"东湖北路,近兴旺大道"
A7463481900,1071963,万科玖望(公寓住宅),杭州,二手房,江滨东大道159号
S4614937580252174,780546,雅居乐国际花园,杭州,二手房,"天目山西路,近闲富路"
S2770019310607360,786761,万通时尚公馆(公寓住宅),杭州,二手房,"景兴路,近东莲街"
S4582346116754436,826739,远洋公馆(东区),杭州,二手房,大浒街99号
S4542066215853066,185133,毓秀家园,杭州,二手房,临平人民大道652号
S4543176293882893,220796,天虹公寓,杭州,二手房,"天虹街,近紫荆花北路"
S3127474381856770,788033,爵士风情韵沁苑,杭州,二手房,"天目山西路,近闲富北路"
R4467303398517774,379780,泊悦府澜湾,杭州,二手房,禹航路490号
S4494712423816198,785209,新湖菲林山,杭州,二手房,上仓路
S4366097367800844,369858,华瑞湘湖美地,杭州,二手房,萧西路605号
S3273213857619969,597681,景瑞御蓝湾,杭州,二手房,禹航路5号
S4108295122721800,613792,阳光城普升,杭州,二手房,"福临街,近普德路"
S4575355496160271,795071,贝利栖溪望府,杭州,二手房,"绿荫街,近塘栖路"
A7461084815,825609,水岸青云彩云苑(公寓住宅),杭州,二手房,金苑路309号
S4597921280435207,1100978,风荷锦庭(公寓住宅),杭州,二手房,"新峡路,近油虎线"
S2574182626779150,217526,临平桂花城(北区),杭州,二手房,人民大道
S4504682414973965,160712,东海未名园,杭州,二手房,"4号大街,近文泽路"
S4320505965030411,160712,东海未名园,杭州,二手房,"4号大街,近文泽路"
A7468698621,1024826,中庆润泽院,杭州,二手房,"西环北路,近文居街"
S4028248986770444,369839,协安紫郡,杭州,二手房,紫萱路308号
S4574206956446733,160274,汇宇花园(公寓住宅),杭州,二手房,南秀路1399号
R4530106210937864,1319932,勾庄佳苑,杭州,二手房,"古墩路,近金汇南路"
S3966719694674954,497412,中天官河锦庭(公寓住宅),杭州,二手房,"滨康路,近阡陌路"
S4258388397613060,170497,万科西溪蝶园(北区),杭州,二手房,紫霞街188号
S2574367129693194,826267,华盛星洲翠谷,杭州,二手房,福严路82号
S2592052128325647,1201600,远洋路劲上河宸章,杭州,二手房,崇杭街508号
S4626455527859213,1038044,和家园御园,杭州,二手房,杨梅山路362号
S4277240385367040,219714,玄坛弄小区,杭州,二手房,玄坛弄
S4586963899280391,795256,美丽湾,杭州,二手房,"天屹路,近吴越大街"
S3062498416256004,826333,西溪庭院,杭州,二手房,闲林东路
R3940095301345286,524618,新南湖绿苑,杭州,二手房,水塔路32号
S4465286122826765,201534,浙新小区,杭州,二手房,滨文路646号
S3492724826381327,160372,奥兰多小镇(公寓住宅),杭州,二手房,风情大道4555号
S3328183625064448,160066,金都华府,杭州,二手房,江城路
S4623889798063113,910832,欧美金融城,杭州,二手房,"闲林港西路,近向往街"
S4602583368756224,1440450,新力启云府(东区),杭州,二手房,"港渠路,近下洋路"
S4227130929340420,826101,庭院深深(东区),杭州,二手房,东西大道
S2573872288984078,216505,通和南岸花城(公寓住宅),杭州,二手房,时代大道
S2574073626075146,909730,万象城悦玺,杭州,二手房,"庆春东路,近钱江路"
S3079184471204867,656689,兴耀鑫都汇,杭州,二手房,滨康路
S2769416231429120,369989,半岛国际,杭州,二手房,滨盛路2271号
S3363595605843973,1315367,西溪永乐城(公寓住宅),杭州,二手房,"景兴路,近文一西路"
S4617956140391439,994918,融创河滨之城雨澜轩,杭州,二手房,五常港路301号
S4150687337704450,470980,中铁逸都,杭州,二手房,北沙西路28号
S2603448993865729,791279,荷韵江南苑,杭州,二手房,东方路168号
S4540134760274950,1257872,宸铭府,杭州,二手房,宸麟路468号
S4605174664489985,797911,东安景苑,杭州,二手房,"龙湖路,近平吴街"
S4541564117967880,826267,华盛星洲翠谷,杭州,二手房,福严路82号
A7171856130,234643,金苑山庄,杭州,二手房,四铜线
A7317024305,720940,新桃源,杭州,二手房,华庭西路209号
A7387942129,202604,清源上林湖(别墅),杭州,二手房,上林路1号
S4041643047411715,405773,悦尚湾,杭州,二手房,祥运路188号
S4550071339721730,825904,世茂江滨花园碧景湾,杭州,二手房,25号路88号
S2769800124539908,240611,渡驾新村,杭州,二手房,花园岗街158号
S3973663888321537,469258,九悦江南,杭州,二手房,市心南路
R4524529676065796,370013,复城国际(公寓住宅),杭州,二手房,金桥北路69号
S4243079768943621,651236,万宝城,杭州,二手房,荷禹路105号
S3322374753870861,615545,郡望府,杭州,二手房,"建设四路,近枫香路"
S4607864267070476,160633,观音塘小区,杭州,二手房,下车路10号
S3567452548259842,727345,经纬御贤府,杭州,二手房,崇文街90号
S4237521636155401,369953,绿城明月江南(东区),杭州,二手房,月明路256号
S4208649750211588,807657,佳源未来府,杭州,二手房,安乐路61号
S3656588680617992,369882,远洋西溪公馆(公寓住宅),杭州,二手房,文一西路822号
S4613502978022406,995823,景瑞天赋,杭州,二手房,"扬帆路,近博奥路"
S4122600402918412,160621,西房云溪香山(北区),杭州,二手房,"转塘路,近望江山路"
S4513299757325323,160301,皮市巷小区,杭州,二手房,庆春路
S4192144515276810,1274301,乐虹湾(公寓住宅),杭州,二手房,"彩虹大道,近西兴路"
S2576882578398217,161176,蚕花园永安坊,杭州,二手房,"蚕花路,近永安巷"
S2972831144401928,468839,亲亲家园三期,杭州,二手房,"古墩路,近通济路"
S4484893818870785,224570,迎春南苑,杭州,二手房,滨兴路121号
S2677409216420876,826155,万科杭宸,杭州,二手房,"杭行路,近好运街"
S4565455938184204,863104,绿城桃源小镇东方苑,杭州,二手房,闲沈路
S4632312494009348,217478,绿野春天家园(公寓住宅),杭州,二手房,"里东路,近闲富公路"
S3311800539700239,369858,华瑞湘湖美地,杭州,二手房,萧西路605号
S4538499015484417,1062189,奥克斯时代未来之城,杭州,二手房,"向往街,近向往街"
S2769655750077446,160360,泰和苑,杭州,二手房,刀茅巷112号
R2251654335568897,910656,绿都百瑞广场,杭州,二手房,市心北路199号
S3012514648501252,160360,泰和苑,杭州,二手房,刀茅巷112号
S3138796985048079,397247,银杏汇(公寓住宅),杭州,二手房,西环路128号
S4299315546037250,183101,凯旋金牛坊,杭州,二手房,凯旋路151号
S4550089035836423,160265,竹海水韵(公寓住宅),杭州,二手房,"闲富北路,近天目山西路"
S3210653245414405,334770,亿丰蔚蓝郡,杭州,二手房,勾庄路218号
S4405472066296832,219861,万科魅力之城(东区),杭州,二手房,九环路41-4号
S4171777876205572,207422,中兴和园(公寓住宅),杭州,二手房,火炬南路1612号
S2822050786434050,826267,华盛星洲翠谷,杭州,二手房,福严路82号
S4485171037791234,786761,万通时尚公馆(公寓住宅),杭州,二手房,"景兴路,近东莲街"
S2769321531841551,909780,中天西城纪,杭州,二手房,余杭塘路417号
S4595105865505793,369830,贝利栖溪公馆,杭州,二手房,广济路
S4174793924242439,369942,华盛达阅城,杭州,二手房,"杭行路,近祥富路"
S4566022138883087,508113,望江新园三园,杭州,二手房,"东宝路,近东霞巷"
S2667555678034954,1218303,翡翠城梧桐郡,杭州,二手房,"高教路,近五常大道"
S2773490407597071,193773,梦琴湾,杭州,二手房,"27号大街,近10号大街"
S4572531856450564,943050,绿城九龙仓桂语江南,杭州,二手房,"博奥路,近建设二路"
S4088402330853380,161178,星河景庭,杭州,二手房,金城路98号
S2641628658166791,216293,金域三江(公寓住宅),杭州,二手房,时代大道
S4326290152172550,877972,融信学院府,杭州,二手房,学院北路
S4394131718614025,618739,金雅苑,杭州,二手房,仁爱路219号
S3192280603632649,408735,阳光逸城,杭州,二手房,环丁路328号
S4567022891000844,639013,万科金辰之光,杭州,二手房,西陵路30号
S2573903707728904,160751,太阳国际公寓(公寓住宅),杭州,二手房,伟业路730号
S3298559039741962,781853,卓越蔚蓝领秀(一期),杭州,二手房,"临丁路,近华鹤街"
S2578226645557251,370067,贝利珑昕泽第,杭州,二手房,"东大街,近九曲营路"
S4586874406153217,642230,赞成龙兴道一号,杭州,二手房,"新颜南路,近龙兴路"
S4495105414605831,512609,武林壹号,杭州,二手房,湖墅南路66号
S4513480622253062,863121,宝龙城市广场,杭州,二手房,"学府街,近学林支路"
S2769611808316426,370066,南城景园,杭州,二手房,里士湖路588号
S2574083132517387,877850,绿城之江1号(西区),杭州,二手房,"横桥路,近博美路"
S4543003274271747,369928,德圣博奥城,杭州,二手房,建设二路528号
S3236223114585096,611311,恒基旭辉府,杭州,二手房,"崇杭街,近丽水北路"
S3999189532810250,178176,都市水乡水曲苑,杭州,二手房,"广业街,近长阳路"
S4033540531494918,200705,湖畔宽邸(公寓住宅),杭州,二手房,休博路4号
S4125279367340036,314636,树兰书香名邸(公寓住宅),杭州,二手房,星光街1-1号
S4357833947962368,826556,近江三园,杭州,二手房,珊园弄13号
S3771239579246602,826171,恒滕悦湖花苑,杭州,二手房,城南路578号
A7463538220,793803,文澜雅苑,杭州,二手房,文新路32号
S4028098714131471,792441,华元十六街区,杭州,二手房,"2号大街,近顺雅巷"
S2796148579462155,825526,保亿风景蝶院留园,杭州,二手房,光裕路112号
S4491906847353867,1319932,勾庄佳苑,杭州,二手房,"古墩路,近金汇南路"
S4192272310738956,160630,滨江金色海岸,杭州,二手房,富春路9号
S4496615587769344,299627,彩虹豪庭,杭州,二手房,"伟业路,近闻涛路"
S4421002125157377,410316,广悦公寓,杭州,二手房,高桥路1070号
S4604122618405890,1071702,天阳蔚蓝,杭州,二手房,"天柱街,近灵鹤路"
S4557562577935370,350909,九衡公寓,杭州,二手房,"良周路,近东西大道"
S3983985816644616,791880,上实海上海(一期),杭州,二手房,"古墩路,金汇南路"
S4470954323074058,249438,留和家苑,杭州,二手房,屏基山路59号
S4433993973423111,224144,保利东湾(西区),杭州,二手房,"24号大街,近20号大街"
S4576027522475010,160265,竹海水韵(公寓住宅),杭州,二手房,"闲富北路,近天目山西路"
S4599349183290369,220251,蓝桥名苑,杭州,二手房,金堡街294号
S4153855128919040,730320,万科大家世纪之光,杭州,二手房,"振宁路,近金鸡路"
S4565699707792390,370106,铂金名筑,杭州,二手房,平安路38号
S3885107757129736,521873,世茂江滨花园峻景湾,杭州,二手房,"20号大街,近23号大街"
S3942692209830921,160298,绿城春江花月,杭州,二手房,钱江路158号
R4613665550556174,825960,顺发富春峰景(公寓住宅),杭州,二手房,春江路8号
A7341211352,943057,山水国际(公寓住宅),杭州,二手房,江波路398号
S4557011595650055,1078509,北大资源颐和江南(公寓住宅),杭州,二手房,104国道
A7460914907,766078,九龙仓雍景山(公寓住宅),杭州,二手房,万通路58号
A7342024237,239124,云水山居(公寓住宅),杭州,二手房,九龙大道延伸段
S4379961261501452,826860,中国铁建青秀城,杭州,二手房,建设一路418号
S3791518350024707,220251,蓝桥名苑,杭州,二手房,金堡街294号
S4328014419714058,160795,钱江时代公寓,杭州,二手房,清江路346号
S4415797899860993,1152948,花园府,杭州,二手房,"明月桥路,近环站北路"
S4343178788416513,470980,中铁逸都,杭州,二手房,北沙西路28号
S3244722481980422,825713,大华海派风范茗园,杭州,二手房,城东路4-10号
S3141361318452233,825585,缤纷东苑,杭州,二手房,"风情大道,近丹枫路"
S3214260034411528,825484,白马湖小区孔雀苑,杭州,二手房,"江虹南路,近规划支路"
S4270923376435214,1201600,远洋路劲上河宸章,杭州,二手房,崇杭街508号
S3971168907762688,995823,景瑞天赋,杭州,二手房,"扬帆路,近博奥路"
S3178215857725452,803535,宋都东郡之星,杭州,二手房,"银海街,近春新路"
S4217461204589581,224920,京明凤凰家园,杭州,二手房,申达路388号
R3018212673580034,994945,千岛湖玉兰花园,杭州,二手房,环湖北路587号
S3945794685264911,1013054,盈一佳苑,杭州,二手房,鸿宁路1021号
S4150628772782091,792522,万科星空,杭州,二手房,文一西路
S4237081250409485,825885,翡翠城(东北区),杭州,二手房,高教路
S4305066311393284,826286,华源福临花苑,杭州,二手房,"乌龙涧路,近西险大塘"
S2769625799552004,160717,观巷小区,杭州,二手房,凤起路
S4595108375159819,160999,复兴北苑,杭州,二手房,复兴路163号
S4551489548231686,994998,春波西苑,杭州,二手房,"春波路,近江晖路"
S4179383143767043,369888,滨江凯旋门,杭州,二手房,凯旋路116号
S2769792096066563,619140,元成时代中心(商住楼),杭州,二手房,"金乔路,近元成路"
S4574295421819918,160543,义井小区,杭州,二手房,西湖大道
S4586946962334723,369963,绿城钱王文化广场锦玉园,杭州,二手房,城中街178号
S4201542390307849,160116,采荷小区芙蓉邨,杭州,二手房,双菱路21号
S3572446367570958,826556,近江三园,杭州,二手房,珊园弄13号
S4539083066305539,593871,保亿风景晨园(公寓住宅),杭州,二手房,"迎宾路,近1号路"
S4584146380729356,260600,同人山庄,杭州,二手房,科技大道
S2725657782510604,160022,城南家园,杭州,二手房,凤山桥直街4号
S4582847883488269,877672,新时代城市家园,杭州,二手房,闲富中路248号
S4491071246769157,1218303,翡翠城梧桐郡,杭州,二手房,"高教路,近五常大道"
S2592055454161932,181423,袁井巷,杭州,二手房,"中河南路,近抚宁路"
S4315057931624450,779943,金星桃源居,杭州,二手房,桃源街
S4626288415333382,782886,融创大家侯潮府,杭州,二手房,"候潮路,近钱江路"
S2632140445359106,578903,金隅田员外,杭州,二手房,"半山东路,近依山路"
S2586687803137035,192354,铂金时代,杭州,二手房,滨兴路158号
S3933248902063110,210028,兰惠家园,杭州,二手房,东湖南路416-1号
S4183442633891843,172244,滨江倾城之恋,杭州,二手房,月明路1091号
S4605348388856841,160720,钱塘春晓花园,杭州,二手房,月明路862号
S4237239353908230,477595,嘉和银领时代(公寓住宅),杭州,二手房,"藕花洲大街,近星桥南路"
S4547082910231564,160371,港湾家园,杭州,二手房,余杭塘路866号
S4279955541912578,778765,金隅学府,杭州,二手房,秋涛路
S4246786626871307,369846,保利江语海(公寓住宅),杭州,二手房,"之江东路,近6号大街"
S3740097928012800,160284,广宇西城年华,杭州,二手房,申花路388号
S3693478072081413,224958,广厦天都城天星苑,杭州,二手房,"场环路,近欢乐大道"
S4357338486759427,160210,滨兴家园,杭州,二手房,滨兴路
S3563859480502275,826452,金地自在城求学里,杭州,二手房,"嘉仁路,近金蓬街"
S4103996268634116,160363,保元泽第(公寓住宅),杭州,二手房,东湖南路333号
S2573915339399173,826907,紫园,杭州,二手房,凯旋路100号
S3612994802770946,160359,通策广场(公寓住宅),杭州,二手房,江南大道3672号
R4130803678175235,825576,滨康二苑,杭州,二手房,"江椒路,近南环路"
S2574305671916555,909736,星耀城,杭州,二手房,江陵路2028号
S4360242390884366,369856,宋都阳光国际观澜苑,杭州,二手房,通盛路3号
S4355938654756874,192131,东湖公寓,杭州,二手房,河南埭路63号
S4049004111293452,300522,新湖果岭(公寓住宅),杭州,二手房,文一西路
S2574185191693325,222976,清雅苑,杭州,二手房,学林街633号
S4485075079965697,406023,绿城玉兰花园(临安),杭州,二手房,环城北路
S2769826468045826,826859,中国铁建江南国际城,杭州,二手房,"金城路,近风情大道"
S2575805690257414,160708,春丰苑,杭州,二手房,"凤起路,近大树路"
S2573876838247425,369926,嘉里桦枫居,杭州,二手房,杭玻街766号
S4565536983884807,185133,毓秀家园,杭州,二手房,临平人民大道652号
S3278609981236228,1020699,仁良花苑,杭州,二手房,"东风路,近和平路"
S2769710848402439,952171,中赢康康谷(商住楼),杭州,二手房,春晓路61号
S4061831773577218,181169,康城国际,杭州,二手房,世纪大道676号
R4474020817249287,789610,凯全紫郡花苑,杭州,二手房,科技大道
S2769650113567754,791279,荷韵江南苑,杭州,二手房,东方路168号
S3870761207604233,610236,滨江万家名城(北区),杭州,二手房,"锦江路,近通运路"
S4616705724079106,1275483,海兴雅苑,杭州,二手房,"联创街,近聚橙路"
S4509145441233926,161161,新白马公寓,杭州,二手房,工人路899号
S4327941536508929,369852,绿城玉园,杭州,二手房,"人民大道,近新丰路"
S2574104376470537,220796,天虹公寓,杭州,二手房,"天虹街,近紫荆花北路"
S2725680767495173,478833,金瑞城市风景,杭州,二手房,风景街333号
S3477421119905804,160094,官河公寓,杭州,二手房,"古塘路,近西兴路"
S4368598248186891,346142,望江家园东园,杭州,二手房,钱江路483号
S4130735960173577,370092,保利玫瑰湾,杭州,二手房,24号大街
S4088288769269770,303624,东海柠檬郡,杭州,二手房,幸福南路252号
S4269920681499658,877681,正易上塘春苑,杭州,二手房,博园路13号
S3320098346524683,479985,新华园,杭州,二手房,"湖墅南路,近叶青兜路"
S4358919201598470,469258,九悦江南,杭州,二手房,市心南路
S4567062210227209,611311,恒基旭辉府,杭州,二手房,"崇杭街,近丽水北路"
S4358712779955208,206600,钱江水晶城,杭州,二手房,滨盛路4402号
S4603882971028491,181169,康城国际,杭州,二手房,世纪大道676号
S4537388158460931,652109,阳光城翡丽湾,杭州,二手房,大农港西路1296号
S2574068063083522,826363,仙林苑(南区),杭州,二手房,中山北路142号
S4540001090968581,369842,龙湖滟澜山(茗轩),杭州,二手房,华景街383号
S3836897449287683,223789,红街公寓,杭州,二手房,新风路318号
S4353139227352068,217304,锦绣钱塘,杭州,二手房,科技大道
S4231592653249540,660200,雍荣华庭,杭州,二手房,"莫干山路,近留祥路"
S4248252515130372,160229,亲亲家园一期,杭州,二手房,"古墩路,近董家路"
S4446818702369806,369831,和达御观邸,杭州,二手房,上沙路246号
S3117257582484495,610622,东田怡丰城(公寓住宅),杭州,二手房,"迎宾路,近天万路"
S4625205099078669,188696,北秀蓝湾,杭州,二手房,东西大道
S4160480795287568,160395,水陆寺巷小区,杭州,二手房,东清巷7号
S3963745019109376,783119,绿城留香园,杭州,二手房,塘工局路
S4311007803580416,915870,钱塘航空大厦,杭州,二手房,市民街66号
S4329017136028686,160066,金都华府,杭州,二手房,江城路
S4549021447007247,505314,逸天广场(公寓住宅),杭州,二手房,东信大道270号
S4310728619465729,303624,东海柠檬郡,杭州,二手房,幸福南路252号
S4207601834483725,619140,元成时代中心(商住楼),杭州,二手房,"金乔路,近元成路"
S4020340594252812,370083,天阳云筑(公寓住宅),杭州,二手房,"八角路,近鸡山路"
S4627871088323596,524618,新南湖绿苑,杭州,二手房,水塔路32号
S4329243204803587,369860,德信早城,杭州,二手房,"学林街,近上沙路"
S4132204685437962,626969,紫玉福邸,杭州,二手房,"秋涛北路,近机场路"
S4251107260898313,639246,德信早安,杭州,二手房,石鸽路45号
S4425266545765383,778406,滨江西溪之星(公寓住宅),杭州,二手房,"荆长大道,纬三路"
S4490467649707008,786761,万通时尚公馆(公寓住宅),杭州,二手房,"景兴路,近东莲街"
S4059982670113793,628433,德信泊林春天,杭州,二手房,鸿宁路40号
S3941409206348811,406023,绿城玉兰花园(临安),杭州,二手房,环城北路
S4514699603831814,825956,顺达花苑东区,杭州,二手房,"顺达路,近320国道"
S2851195720162309,160284,广宇西城年华,杭州,二手房,申花路388号
A7423425206,826130,桐庐碧桂园(公寓住宅),杭州,二手房,城南路799号
S3260596885054478,369942,华盛达阅城,杭州,二手房,"杭行路,近祥富路"
A7465361417,634855,野风春晓,杭州,二手房,九龙大道
S3792873009192970,160824,清水公寓,杭州,二手房,德胜巷13号
S4246901820776452,826860,中国铁建青秀城,杭州,二手房,建设一路418号
S3595357381174284,160344,采荷东区,杭州,二手房,秋涛北路52号
S4591329537942542,160856,建国南苑(南3区),杭州,二手房,河坊街413号
S4374750096710663,497413,佳兆业玖珑山,杭州,二手房,"八角路,近镇南路"
A7474327150,193730,富春泉水湾(别墅),杭州,二手房,江滨东大道819号
S4578227584232449,370104,城发云锦城,杭州,二手房,"华鹤街,近长睦路"
S4142249351670799,238045,都市水乡水秀苑,杭州,二手房,民意街45号
S2770500017415180,201140,云雀苑,杭州,二手房,江城路548-550号
S4558366221034506,512609,武林壹号,杭州,二手房,湖墅南路66号
S4305290445745159,370057,嘉丰公馆,杭州,二手房,"萧然西路,近南秀路"
A7342200008,370021,西郊半岛(公寓住宅),杭州,二手房,江滨东大道1号
S4517332202253319,401920,中兴景冉佳园,杭州,二手房,学正街169号
S3161179077632004,350909,九衡公寓,杭州,二手房,"良周路,近东西大道"
A7431847364,923734,文居学府,杭州,二手房,文居街715-717号
S4517336113310735,369846,保利江语海(公寓住宅),杭州,二手房,"之江东路,近6号大街"
S4294142793542656,923412,禹洲滨之江,杭州,二手房,"枫桦东路,近枫桦西路"
S3812820811967494,369888,滨江凯旋门,杭州,二手房,凯旋路116号
S2880926453935115,639246,德信早安,杭州,二手房,石鸽路45号
S4572944720763905,826302,环桥花苑,杭州,二手房,"星河路,近振兴西路"
S4489389199713285,607834,天阳尚城国际,杭州,二手房,"全福桥路,近机场路"
S4594109570931712,1153634,阳光城悦云邸,杭州,二手房,溪望路
S2769386953010186,863105,绿城桃源小镇依云邨,杭州,二手房,闲沈路
S3375440888110094,161069,晴彩巴厘,杭州,二手房,世纪大道
S4420087919467520,877705,世茂智慧之门,杭州,二手房,"江南大道,近风情大道"
S3575869364444169,826482,新世界琅琴湾,杭州,二手房,迎康路28号
S4518930596439042,1285005,卸紫家园,杭州,二手房,环镇北路1-12-13号
S3722549646666763,407707,金昌春和钱塘,杭州,二手房,民和路411号
S4176755311681544,369948,恒瑞名座,杭州,二手房,利华路898号
S3961165503553541,717456,中和北宸府,杭州,二手房,崇文街615号
S4155160578321418,369976,东海闲湖城(公寓住宅),杭州,二手房,天目山西路277号
S3291462269821967,826736,远东紫竹人家,杭州,二手房,狮山路284号
S4059354748738563,783119,绿城留香园,杭州,二手房,塘工局路
R3581165948460034,909736,星耀城,杭州,二手房,江陵路2028号
S3187186212643849,779943,金星桃源居,杭州,二手房,桃源街
A7469529485,943057,山水国际(公寓住宅),杭州,二手房,江波路398号
S4572887709821966,825865,都市阳光乐苑,杭州,二手房,甲来路
S3973754342960133,573099,大家之江悦,杭州,二手房,"碧波路,近枫桦西路"
S3951199426227214,350909,九衡公寓,杭州,二手房,"良周路,近东西大道"
R3701760235023368,825725,大家悦墅,杭州,二手房,育才西路
S4426678189648897,299627,彩虹豪庭,杭州,二手房,"伟业路,近闻涛路"
S4577193421038593,369926,嘉里桦枫居,杭州,二手房,杭玻街766号
S4091016219896834,160390,采荷人家,杭州,二手房,杭海路265-267号
S4629406279605254,1274301,乐虹湾(公寓住宅),杭州,二手房,"彩虹大道,近西兴路"
S4078823583280135,368005,绿城紫桂公寓,杭州,二手房,星源北路65号
S4518893251435526,1003246,景瑞阳光城法兰公园(公寓住宅),杭州,二手房,天荷路60号
S4225880468938764,573099,大家之江悦,杭州,二手房,"碧波路,近枫桦西路"
S2574255134219268,785209,新湖菲林山,杭州,二手房,上仓路
S4493664571042821,825716,大家绿城金麟府,杭州,二手房,"上塘路,近湖州街"
S4466337970936847,825948,水榭花都,杭州,二手房,绿荫街149号
S4480959731674127,573294,万和玺园,杭州,二手房,"颜三路,近再行路"
S3062056265999362,806475,万科江湾城,杭州,二手房,"时代大道,近纬一路"
S2596305788513282,234966,白马尊邸(公寓住宅),杭州,二手房,"墩池路,近荡鱼路"
S4499600099173380,160277,绿都湖滨花园(公寓住宅),杭州,二手房,"金山路,近博学路"
S4080166328769550,408269,明华名港城,杭州,二手房,东灵南路2-60号
S3117248073901070,782005,崇邦余之城,杭州,二手房,"迎宾路,近临东路"
S4224701829360655,826256,清水湾山水苑(公寓住宅),杭州,二手房,中泰路
S4507366164524036,1048132,东原印未来,杭州,二手房,溪望路
S4528633224944655,606332,世茂之西湖御涛轩,杭州,二手房,"江南大道,近西环路"
S3278611064691712,160022,城南家园,杭州,二手房,凤山桥直街4号
S3117253882829837,218933,复地连城国际,杭州,二手房,杭海路1636号
S4308044926853129,467227,保利城市果岭,杭州,二手房,银海街38号
S4317777039760391,161051,德胜新村(北区),杭州,二手房,德苑路99号
S3957042662288388,476482,华瑞晴庐,杭州,二手房,"建设二路,近育才路"
S3546165826395138,826452,金地自在城求学里,杭州,二手房,"嘉仁路,近金蓬街"
S3233698682053632,223789,红街公寓,杭州,二手房,新风路318号
S4527233360126979,370000,风华苑,杭州,二手房,世纪大道19号
S2769229765663758,160017,临江花园(公寓住宅),杭州,二手房,西环路33号
S4592752969407492,607834,天阳尚城国际,杭州,二手房,"全福桥路,近机场路"
S2769264451775488,877759,东亚新干线,杭州,二手房,"明月桥路,近天城路"
S4267461092990985,369976,东海闲湖城(公寓住宅),杭州,二手房,天目山西路277号
S4622436842134529,628302,绿都南江壹号,杭州,二手房,"晨晖路,近高桥路"
S3977053459700745,160751,太阳国际公寓(公寓住宅),杭州,二手房,伟业路730号
S2921894072278022,590405,万科北宸之光,杭州,二手房,通运路
S4244347868569611,397247,银杏汇(公寓住宅),杭州,二手房,西环路128号
S3862244797246479,160265,竹海水韵(公寓住宅),杭州,二手房,"闲富北路,近天目山西路"
S4191674636229641,1020699,仁良花苑,杭州,二手房,"东风路,近和平路"
R3966475925302287,1027690,和家园翰园,杭州,二手房,杨梅山路362号
S3623222335808523,521873,世茂江滨花园峻景湾,杭州,二手房,"20号大街,近23号大街"
S4008119457618946,160506,新湖北国之春,杭州,二手房,衢洲路105号
S4517763713342475,379779,五月花城,杭州,二手房,藕花洲大街西段162号
S4289646360796166,244215,朗诗国际街区,杭州,二手房,27号路60号
S3117245912211467,488896,世纪嘉园,杭州,二手房,"世纪大道,南兴路"
S4336521713769485,628302,绿都南江壹号,杭州,二手房,"晨晖路,近高桥路"
S4603829857887240,786761,万通时尚公馆(公寓住宅),杭州,二手房,"景兴路,近东莲街"
S3147231583346700,789619,瑞麒时代(公寓住宅),杭州,二手房,通益路
S4528568326972418,656689,兴耀鑫都汇,杭州,二手房,滨康路
S4101409928653827,369942,华盛达阅城,杭州,二手房,"杭行路,近祥富路"
S4555544921218052,503874,复地上城,杭州,二手房,"文一西路,近东西大道"
S3926143130938372,160717,观巷小区,杭州,二手房,凤起路
A7393361986,1302937,融创微风之城(公寓住宅),杭州,二手房,东桥路169号
S4238429985906688,923735,恒鼎博邑郡,杭州,二手房,"滨康路,近时代大道"
S4044541053463560,825948,水榭花都,杭州,二手房,绿荫街149号
S4612494387354626,825526,保亿风景蝶院留园,杭州,二手房,光裕路112号
S4081823833992206,201534,浙新小区,杭州,二手房,滨文路646号
S4119849782452232,652450,融信蓝孔雀,杭州,二手房,"石祥路,近莫干山路"
S3454480175277071,369830,贝利栖溪公馆,杭州,二手房,广济路
A7468944037,877695,萧宏普罗旺斯,杭州,二手房,尖端路369号
S2939281986939905,952866,环秀府,杭州,二手房,"荆长大道,近海曙路"
S4094271088844805,160079,铁岭花园,杭州,二手房,"江陵路,近滨安路"
S4606429031818241,1218302,上坤山语四季(公寓住宅),杭州,二手房,"顺风路,近临平大道"
S4171866377530380,611311,恒基旭辉府,杭州,二手房,"崇杭街,近丽水北路"
S2578228683939849,469258,九悦江南,杭州,二手房,市心南路
S3930260679355394,207422,中兴和园(公寓住宅),杭州,二手房,火炬南路1612号
S2822026998047746,160229,亲亲家园一期,杭州,二手房,"古墩路,近董家路"
S4088675610864640,788323,东晖龙悦湾(公寓住宅),杭州,二手房,"五洲路,近小白线"
S4016783963679745,160527,水岸帝景,杭州,二手房,钱潮路10号
S2574286558551051,233921,绿城丽江公寓(北区),杭州,二手房,仁爱路73号
S4081886738014210,626958,江畔云庐,杭州,二手房,"滨文路,近明德路"
S2574168815754243,370055,积家(公寓住宅),杭州,二手房,浦沿路789号
S3483944571199493,369894,欣盛东方福邸,杭州,二手房,"水月街,近学院北路"
S3097744873249799,641300,乾成园,杭州,二手房,集萃路47号
S4061594833771524,635803,景瑞御华府(公寓住宅),杭州,二手房,"世纪大道,近汀兰路"
S4285600177823748,410317,之江家园五区,杭州,二手房,"转之路,近东环路"
S4356292548255753,178176,都市水乡水曲苑,杭州,二手房,"广业街,近长阳路"
S3429530822517774,619856,新城山语院,杭州,二手房,"星光街,近顺达路"
S4229910957399055,825862,都市阳光华苑,杭州,二手房,"周坪路,近来仁街"
S4627968964176904,173565,庭院深深(西区),杭州,二手房,东西大道
S4340717271837704,778406,滨江西溪之星(公寓住宅),杭州,二手房,"荆长大道,纬三路"
S4565595495865359,825962,顺发和美家,杭州,二手房,市心北路785号
S3461888087170060,826456,金色钱塘(南区),杭州,二手房,风情大道677号
S4619212483439630,218616,广瑞瑞城花园(公寓住宅),杭州,二手房,东西大道
S4158270920862728,923412,禹洲滨之江,杭州,二手房,"枫桦东路,近枫桦西路"
S3300376467005443,191637,力达易居时代,杭州,二手房,东湖北路404号
S4608072658035725,826881,中兴花园百合苑,杭州,二手房,江汉路1679号
S3707865977413643,178249,景江城市花园(公寓住宅),杭州,二手房,之江路958号
S2575697541357573,297363,中海紫藤苑,杭州,二手房,"墩祥街,近清池路"
S4500246360370189,160828,福利新村,杭州,二手房,中河中路122号
A7390000736,877737,富春硅谷麓园(别墅),杭州,二手房,九龙大道398号
S4320702539869199,370067,贝利珑昕泽第,杭州,二手房,"东大街,近九曲营路"
S4531784836082702,160010,仙林苑(北区),杭州,二手房,二圣庙前60号
S2573897337773061,369860,德信早城,杭州,二手房,"学林街,近上沙路"
S4314841671150593,573180,重汽嘉泽苑,杭州,二手房,红山大道
S3949939219537923,826447,金地自在城林溪里,杭州,二手房,金蓬街
S3969800534191113,652463,越秀星汇悦城,杭州,二手房,古墩路
S3454420178623502,369877,众安嘉润公馆,杭州,二手房,"金鸡路,近潮韵路"
S3764434049097740,826556,近江三园,杭州,二手房,珊园弄13号
S3188465217708041,994879,新城都市丽景北苑(公寓住宅),杭州,二手房,政法街88号
S4207300241927176,224503,百姓弄小区,杭州,二手房,邱山大街
R3703492555107329,806213,富春江南,杭州,二手房,"大桥南路,近永济路"
S4543190679514123,177046,定海园,杭州,二手房,永庆路135号
S4576749107915777,486928,野风海天城,杭州,二手房,听涛路174号
S2982736286587919,1048398,红联九漾华庭西区,杭州,二手房,"新城路,近永乐路"
S3930531992921099,995004,东方俊园(东区),杭州,二手房,新颜南路28号
S4617867681113098,826482,新世界琅琴湾,杭州,二手房,迎康路28号
S4057232104303628,160980,长兴苑小区,杭州,二手房,绿香街358号
S4329359203491852,1390348,滨江御滨府(公寓住宅),杭州,二手房,"阡陌路,近北塘路"
S3942912202255369,181169,康城国际,杭州,二手房,世纪大道676号
S4603920326630405,370083,天阳云筑(公寓住宅),杭州,二手房,"八角路,近鸡山路"
S4300687915524099,826557,近江四园,杭州,二手房,"婺江路,近富春路"
S2613599268088835,221384,同和公寓,杭州,二手房,萧西路78-8号
S4185216033827847,223675,断河头小区,杭州,二手房,河坊街51号
S3377784983165967,369858,华瑞湘湖美地,杭州,二手房,萧西路605号
A7405660561,1042415,梓树花苑(公寓住宅),杭州,二手房,九龙大道
S2729763703284739,161051,德胜新村(北区),杭州,二手房,德苑路99号
S3498130545943552,405773,悦尚湾,杭州,二手房,祥运路188号
S4605039058676738,607424,溪悦宸府,杭州,二手房,"城西高教路,近青石滩河路"
S4488981320752139,369907,泊林印象,杭州,二手房,仁爱路218号
S4369170350238728,826248,星光国际广场,杭州,二手房,江南大道228号
S4613532530617359,923735,恒鼎博邑郡,杭州,二手房,"滨康路,近时代大道"
S4249970860141581,366286,西溪海悦海苑,杭州,二手房,"闲富北路,近上和路"
S2573936335592458,825632,普金家园,杭州,二手房,温州路9号
S4533457956332552,725178,金成英特学府(公寓住宅),杭州,二手房,"天目山西路,近城东路"
S4017818107653129,370070,赞成乐山红叶(公寓住宅),杭州,二手房,天目山西路
S3202288621510668,863105,绿城桃源小镇依云邨,杭州,二手房,闲沈路
S4011866818617344,181626,绿城蓝庭(东区),杭州,二手房,"振兴西路,近星河路"
S2769219131008009,207942,浪漫和山东溪苑,杭州,二手房,留和路
S4124336376438786,826831,绿城九龙仓柳岸晓风(公寓住宅),杭州,二手房,"闻涛路,近建业路"
S3057197718019072,248839,中海钱塘山水(公寓住宅),杭州,二手房,东信大道92号
S3526733468490763,160802,西城时代家园,杭州,二手房,文一西路
S3541924978025478,620329,铭都雅苑,杭州,二手房,高沙路166号
S4375768600927240,379785,九龙仓碧玺,杭州,二手房,"后横港路,近桥弄街"
S3187440080723982,160613,清泰南苑,杭州,二手房,始版桥直街176号
S4366154405307406,450266,近江六园,杭州,二手房,富春路191号
S3310584322350090,370101,宋都东郡国际嘉湾,杭州,二手房,凌云街21号
S2769460469509126,619140,元成时代中心(商住楼),杭州,二手房,"金乔路,近元成路"
S4606471647403014,638889,金都夏宫(公寓住宅),杭州,二手房,"北沙西路,近星河路"
S4607885361474560,1274301,乐虹湾(公寓住宅),杭州,二手房,"彩虹大道,近西兴路"
S4166227639249933,860800,越秀星汇尚城,杭州,二手房,上园路
S4142361392635905,160713,滨江金色家园,杭州,二手房,富春路16号
R4060852412374028,219944,南肖埠御景苑,杭州,二手房,太平门直街216号
S4589801898662921,826305,西溪北苑东区,杭州,二手房,"文昌路,近荆长大道"
S4014324353294337,160359,通策广场(公寓住宅),杭州,二手房,江南大道3672号
S3365028501413893,397247,银杏汇(公寓住宅),杭州,二手房,西环路128号
S3699935795684359,160860,多蓝水岸,杭州,二手房,12号大街
S3921672873763854,826558,近江五园,杭州,二手房,衢江路87号
S4069905446771712,909780,中天西城纪,杭州,二手房,余杭塘路417号
S4585861986163717,825088,超级星期天(公寓住宅),杭州,二手房,西浦路1718号
S2909812363602953,234038,人和家园,杭州,二手房,天目山路1号
S4589839241077762,160474,盛世钱塘,杭州,二手房,富春路899号
S3552172267117570,178587,都市水乡水滟苑,杭州,二手房,广业街282号
S4435179530738693,995004,东方俊园(东区),杭州,二手房,新颜南路28号
S3019872359635972,161176,蚕花园永安坊,杭州,二手房,"蚕花路,近永安巷"
S3952770340330497,160841,同人春江时代,杭州,二手房,"长河路,近滨盛路"
S3333233628471303,369842,龙湖滟澜山(茗轩),杭州,二手房,华景街383号
S3533166798775298,370090,湖山帝景湾(北苑公寓住宅),杭州,二手房,南湖东路
S4590846838514697,369948,恒瑞名座,杭州,二手房,利华路898号
S4515916613004289,160594,三江花园(公寓住宅),杭州,二手房,万达中路26号
S4584088471907336,610065,绿地旭辉城,杭州,二手房,"扬帆路,近滨盛路"
S2644863853992968,216505,通和南岸花城(公寓住宅),杭州,二手房,时代大道
S3320037133837315,826736,远东紫竹人家,杭州,二手房,狮山路284号
S2574274566888461,160492,银色港湾(公寓住宅),杭州,二手房,伟业路481号
S4615583090764813,200064,逸居城,杭州,二手房,逸盛路183号
S4269584482774021,370091,阳光郡,杭州,二手房,莫干山路1399号
S3973642265173005,952860,新城香悦公馆(公寓住宅),杭州,二手房,金城路1799号
S2586379504577545,160621,西房云溪香山(北区),杭州,二手房,"转塘路,近望江山路"
S4175098610576386,191523,华鼎豪园,杭州,二手房,东湖南路338-1号
S2935322301279247,160901,翠苑三区(东区),杭州,二手房,翠柏路11号
S4405599834139660,877690,西溪八方城,杭州,二手房,"文一西路,近荆长路"
S3979737109028879,584452,中海西溪华府,杭州,二手房,五常港路
S3992091193338886,826456,金色钱塘(南区),杭州,二手房,风情大道677号
S2771286086837250,260398,丽阳苑,杭州,二手房,申花路389号
S3481078166739977,528981,众安理想湾(公寓住宅),杭州,二手房,"新洲路,近星河路"
S4291160225472514,178249,景江城市花园(公寓住宅),杭州,二手房,之江路958号
S2920787027565575,193195,碧天家园,杭州,二手房,邱山大街692号
S2793435356324864,607827,万科璞悦湾,杭州,二手房,滨文路670号
S4605396846894092,785683,西溪华东园,杭州,二手房,"五常大道,近高教路"
S4378436015025160,634849,西溪金座,杭州,二手房,荆长路758号
S4544633167569922,659422,华惠家园,杭州,二手房,新丝路
S2770381494365188,477595,嘉和银领时代(公寓住宅),杭州,二手房,"藕花洲大街,近星桥南路"
S3495308908142604,190451,栖溪名园,杭州,二手房,天目山路518号
S4624145750434817,877698,融创时代奥城,杭州,二手房,"盈丰路,近书音路"
S4613508157824000,478837,公园城,杭州,二手房,岳庙路18号
A7292680040,370013,复城国际(公寓住宅),杭州,二手房,金桥北路69号
S4330998923549709,303624,东海柠檬郡,杭州,二手房,幸福南路252号
S4002516099439627,877728,金地德圣中心(商住楼),杭州,二手房,"金城路,近金山路"
S4379964145869832,207942,浪漫和山东溪苑,杭州,二手房,留和路
S4557324205038607,806475,万科江湾城,杭州,二手房,"时代大道,近纬一路"
S2573940626975751,370071,钱塘帝景(公寓住宅),杭州,二手房,信诚路817号
S3714140740428814,160077,火炬小区,杭州,二手房,"火炬大道,近西湘路"
S4274365973912585,160957,丰乐苑(8-12),杭州,二手房,丰家兜8号
S4615465126386695,369945,方正荷塘月色,杭州,二手房,"总管路,近祥园路"
S4117040263830534,200840,绿城留庄(公寓住宅),杭州,二手房,天目山路389号
S4387614144093185,160933,大营盘小区,杭州,二手房,"体育场路,近仓河下"
S4342249667243017,641202,赞成首府(公寓住宅),杭州,二手房,世纪大道
S3940042898301965,160104,世纪新城,杭州,二手房,高技路51-55号
S4365892907785226,791714,招商雍泽府,杭州,二手房,"兴建路,近园区路"
S4476502608272388,649983,龙湖春江郦城,杭州,二手房,江汉路1337号
S3815390503513097,160251,长岛之春,杭州,二手房,明志路99号
S3441469282769929,613792,阳光城普升,杭州,二手房,"福临街,近普德路"
S2769355219543041,826603,景致公寓,杭州,二手房,"和睦路,近石祥路"
S3941420187394057,219754,阳光天际(公寓住宅),杭州,二手房,京福线
S3504447491761152,600730,绿城之江1号(东区),杭州,二手房,"横桥路,近博美路"
S4485202517449743,804783,白塔人家,杭州,二手房,"复兴路,近水澄路"
S3195790841472004,179178,梅堰小区,杭州,二手房,红丰路216号
S3508705022370825,825865,都市阳光乐苑,杭州,二手房,甲来路
S3127474648014853,207942,浪漫和山东溪苑,杭州,二手房,留和路
S4566788884290567,161069,晴彩巴厘,杭州,二手房,世纪大道
S2986353922382848,160423,明辉花园,杭州,二手房,建设四路2713号
A7394343958,370021,西郊半岛(公寓住宅),杭州,二手房,江滨东大道1号
S4247308797238274,479412,天鸿香榭里,杭州,二手房,"通益路,近祥运路"
S2769058027168770,794728,江滨澜廷,杭州,二手房,"闻涛路,近江陵路"
R3098994994029573,160863,吴越山庄(公寓住宅),杭州,二手房,钱王大街111号
S4231707943215118,469258,九悦江南,杭州,二手房,市心南路
S4502346703315972,607368,绿城莲园(公寓住宅),杭州,二手房,"北沙西路,近荷花路"
S3604230020767754,161064,钱塘景苑,杭州,二手房,伟业路399号
S3866349322347533,218032,吉如家园,杭州,二手房,"杭印路,近登云路"
S3606063392136199,220070,滨康小区,杭州,二手房,聚园路66号
S4410151354197006,372524,相墅花园(公寓住宅),杭州,二手房,"时代大道,近湘湖路"
S4359257382888460,615708,金地格林格林,杭州,二手房,"天都路,近华鹤街"
S4589470539017219,638889,金都夏宫(公寓住宅),杭州,二手房,"北沙西路,近星河路"
S4286640206392332,877699,融信澜天(公寓住宅),杭州,二手房,"立新路,玉鸟路"
S4293991391337472,916687,碧桂园深蓝国际中心,杭州,二手房,"博奥路,近利一路"
S3256461449632781,807880,阳光城上府(公寓住宅),杭州,二手房,"风情大道,近滨康路"
S4530027157152776,610065,绿地旭辉城,杭州,二手房,"扬帆路,近滨盛路"
S4595113500797962,369830,贝利栖溪公馆,杭州,二手房,广济路
S4350315703823375,620329,铭都雅苑,杭州,二手房,高沙路166号
S4534216510315531,370006,水岸枫庭,杭州,二手房,甬江路99号
S4251786873859086,729169,融创瑷颐湾,杭州,二手房,"祥运路,近杭行路"
S4272390082145287,370091,阳光郡,杭州,二手房,莫干山路1399号
S4166548118199310,369999,野风启城,杭州,二手房,"康信路,近兴盛路"
S2920730054681608,217136,锦园小区,杭州,二手房,建国北路370号
S4425362874590210,369948,恒瑞名座,杭州,二手房,利华路898号
S4499397595032584,175739,观邸国际,杭州,二手房,新和路167号
S3944363363937295,370083,天阳云筑(公寓住宅),杭州,二手房,"八角路,近鸡山路"
S4538880422485002,875368,北辰奥园(公寓住宅),杭州,二手房,"向旭路,近蜀山路"
S3215117915759626,161181,静怡花苑,杭州,二手房,秋涛路550号
S4004916773576706,788323,东晖龙悦湾(公寓住宅),杭州,二手房,"五洲路,近小白线"
S4318197761089538,909780,中天西城纪,杭州,二手房,余杭塘路417号
S4319633004503047,375304,保利东湾(东区公寓住宅),杭州,二手房,之江东路
S3206910186774543,825570,滨江万家名城(南区),杭州,二手房,"上园路,近锦江路"
S3178624816636931,910215,嘉富广场,杭州,二手房,市心南路822-830号
S3789961633276942,826557,近江四园,杭州,二手房,"婺江路,近富春路"
S4546265004434439,826447,金地自在城林溪里,杭州,二手房,金蓬街
S4341894919547910,160308,迎春北苑,杭州,二手房,"迎春路,近江陵路"
S3645365905155072,1218302,上坤山语四季(公寓住宅),杭州,二手房,"顺风路,近临平大道"
S4158139196926980,229758,月雅苑,杭州,二手房,2号大街877号
S4499248189135872,826738,鼎湖未来云城天禧,杭州,二手房,新丰路
S2977125191658507,724866,坤和求是里,杭州,二手房,求和路
S4624855149863947,160553,新明半岛(公寓住宅),杭州,二手房,102省道
S3521203081010184,826151,和谐嘉园南苑,杭州,二手房,"江锦路,近新塘路"
S4408572567137287,160398,碧水豪园(公寓住宅),杭州,二手房,"东信大道,近南环路"
S4494677877892106,658012,香悦郡国际公寓,杭州,二手房,沈半路
S2573877487266816,790865,金域东方,杭州,二手房,湘建线
S3042776799715337,995993,东田怡丰城(商住楼),杭州,二手房,"迎宾路,近天万路"
S3782559423458304,803286,水韵康桥康泽苑,杭州,二手房,康桥路
S3506816361702415,1390348,滨江御滨府(公寓住宅),杭州,二手房,"阡陌路,近北塘路"
S4327617245834241,635214,赞成杭家,杭州,二手房,崇文街
S4168095428467717,369809,美好桂花溪园(北区),杭州,二手房,"长连路,瓶仓大道"
S2574185490226183,825525,保亿风景蝶院观园,杭州,二手房,"江虹路,近天官路"
S4207153551072267,1218322,时代滨江悦,杭州,二手房,风情大道
A7468093346,370048,飞虹丁香花园,杭州,二手房,金桥北路
S4435460665713666,610236,滨江万家名城(北区),杭州,二手房,"锦江路,近通运路"
S2746450780953610,938681,三花国际,杭州,二手房,"明月桥路,近鸿泰路"
S4473384400739340,1133552,龙湖春江天越(公寓住宅),杭州,二手房,凌云街
S3737329712243719,191523,华鼎豪园,杭州,二手房,东湖南路338-1号
S4199371826453515,825862,都市阳光华苑,杭州,二手房,"周坪路,近来仁街"
S2963647632235523,826838,绿城明月江南(西区),杭州,二手房,月明路303号
S2779185111182337,628433,德信泊林春天,杭州,二手房,鸿宁路40号
S4078505098615816,397247,银杏汇(公寓住宅),杭州,二手房,西环路128号
S4117055158803467,369964,德信臻园,杭州,二手房,"小河路,近文岚路"
A7459347836,825755,容大五环城市花园,杭州,二手房,金桥北路159号
S4277041814739968,1078509,北大资源颐和江南(公寓住宅),杭州,二手房,104国道
S2574294251151370,608759,方正御星,杭州,二手房,"杭行路,近祥富路"
S3465551894420482,826286,华源福临花苑,杭州,二手房,"乌龙涧路,近西险大塘"
R4166517833670656,207449,金色阳光(淳安公寓住宅),杭州,二手房,阳光路
S4533448129928197,826313,西溪诚园致诚苑,杭州,二手房,"双龙街,近崇仁路"
S2954393998926852,785209,新湖菲林山,杭州,二手房,上仓路
S4103869487816714,826446,新城国际花园和园,杭州,二手房,庆和路55号
S2574312986995718,575797,朗诗未来街区西园,杭州,二手房,"天万路,近苑中路"
S2913583337384961,911967,新世界柏丽轩,杭州,二手房,通惠北路12号
S4626232403729423,793527,龙湖武林九里,杭州,二手房,"华丰中路,近丁城路"
S4358895608569868,659941,汉嘉申花郡,杭州,二手房,"丰庆路,近祥符路"
S4544499485092864,606218,莱茵知己(公寓住宅),杭州,二手房,"振兴路,近顺达路"
S3048105212339200,175824,左岸花园,杭州,二手房,永庆路120号
S4607891850095621,210028,兰惠家园,杭州,二手房,东湖南路416-1号
S4040150792477708,825885,翡翠城(东北区),杭州,二手房,高教路
A7419322037,1000571,逸城(公寓住宅),杭州,二手房,江滨东大道1118号
S2745500343034891,183555,近江苑,杭州,二手房,徐家埠路58号
A7362246600,720940,新桃源,杭州,二手房,华庭西路209号
S4375719361635329,791609,万科郡西澜山,杭州,二手房,"风情大道,近福田路"
S2725669242823683,826363,仙林苑(南区),杭州,二手房,中山北路142号
S2914259668507653,191233,复兴东苑,杭州,二手房,"复兴路,近秋涛路"
S4570086052307974,369863,精欧荣寓,杭州,二手房,"6号大街,近5号大街"
S4200209401605133,379792,瑞立东方花城,杭州,二手房,滨安路42号
S4616961327096847,450266,近江六园,杭州,二手房,富春路191号
S2923354887513100,910832,欧美金融城,杭州,二手房,"闲林港西路,近向往街"
S3963786298678281,658597,湖墅观邸,杭州,二手房,湖墅北路111号
S3563951918537732,189620,白鹭郡北,杭州,二手房,"风情大道,近玉鸟路"
S4569972022811661,994879,新城都市丽景北苑(公寓住宅),杭州,二手房,政法街88号
S3077546812089344,725178,金成英特学府(公寓住宅),杭州,二手房,"天目山西路,近城东路"
S4256008668818432,369948,恒瑞名座,杭州,二手房,利华路898号
S4593954243798031,579336,龙湖春江彼岸,杭州,二手房,"扬帆路,近丹枫路"
S4478984179424262,729169,融创瑷颐湾,杭州,二手房,"祥运路,近杭行路"
S3266363396807689,161107,翰墨香林苑,杭州,二手房,留和路546号
R3613404232687622,207942,浪漫和山东溪苑,杭州,二手房,留和路
S3161326295407623,654114,中港罗兰小镇(公寓住宅),杭州,二手房,"210省道,近康泰路"
S4608102156624897,826335,西溪雅苑(东区),杭州,二手房,天目山路550号
S4053225228196868,160906,平安居,杭州,二手房,屏风街94号
S2573882776984583,638484,上亿中央郡,杭州,二手房,崇杭路
S3999852044295173,205213,欣盛东方郡(西区),杭州,二手房,江汉路170号
S4537547401653263,597681,景瑞御蓝湾,杭州,二手房,禹航路5号
A7402220734,825960,顺发富春峰景(公寓住宅),杭州,二手房,春江路8号
S4186413383491589,363841,潘水南苑,杭州,二手房,市心南路728号
S4495001452829709,218032,吉如家园,杭州,二手房,"杭印路,近登云路"
S4581158122251269,826860,中国铁建青秀城,杭州,二手房,建设一路418号
S4438421599890447,727345,经纬御贤府,杭州,二手房,崇文街90号
S4612468825627660,160314,银河小区(公寓住宅),杭州,二手房,永久路219号
S4196238413405190,369831,和达御观邸,杭州,二手房,上沙路246号
S3117704238457870,174646,东方润园,杭州,二手房,钱潮路9号
A7212353288,825495,百合新城,杭州,二手房,金秋大道
S3779875658343430,160066,金都华府,杭州,二手房,江城路
S2574311003548674,216666,潮鸣苑,杭州,二手房,"潮鸣寺巷,近醋坊巷"
S4578161388690436,234513,翠紫苑,杭州,二手房,临石路82号
S3520769943411713,191523,华鼎豪园,杭州,二手房,东湖南路338-1号
S4420013200026625,299627,彩虹豪庭,杭州,二手房,"伟业路,近闻涛路"
S4629129384322053,200840,绿城留庄(公寓住宅),杭州,二手房,天目山路389号
A7398619434,1077675,飘鹰富春江花苑,杭州,二手房,春江东路2155号
S4496418994494475,207942,浪漫和山东溪苑,杭州,二手房,留和路
S4617865722291200,791599,竹径云山锦云坊(67-80),杭州,二手房,东西大道
S4285480244764684,825885,翡翠城(东北区),杭州,二手房,高教路
S3285960784831490,610622,东田怡丰城(公寓住宅),杭州,二手房,"迎宾路,近天万路"
S4565442144627717,179315,东海水景城(公寓住宅),杭州,二手房,世纪大道西501号
S4217400769486852,160553,新明半岛(公寓住宅),杭州,二手房,102省道
S4158176396717070,789465,南润名座,杭州,二手房,蜀山路418号
S4527561681249280,369929,昆仑公馆,杭州,二手房,长板巷99号
S4128325064813578,790217,中天珺府(别墅),杭州,二手房,科技大道2988号
S4057487677336581,400848,南城嘉园,杭州,二手房,所前中路331-335号
S4060576396451850,826603,景致公寓,杭州,二手房,"和睦路,近石祥路"
S3042236043895817,201741,三鑫君悦丽景,杭州,二手房,金城路51号
R3355715690767368,1315367,西溪永乐城(公寓住宅),杭州,二手房,"景兴路,近文一西路"
S3117249759535113,659567,惠都家园(东区),杭州,二手房,太平路93号
S4317965763210240,160210,滨兴家园,杭州,二手房,滨兴路
S4333505671880714,801124,冠山小区,杭州,二手房,"长江南路,近白马湖路"
S4167613726432264,370055,积家(公寓住宅),杭州,二手房,浦沿路789号
S4584205537649679,524618,新南湖绿苑,杭州,二手房,水塔路32号
S4240315426741255,172244,滨江倾城之恋,杭州,二手房,月明路1091号
S3942548699098121,405245,保利霞飞郡(公寓住宅),杭州,二手房,建设二路401号
S4242961668332552,877972,融信学院府,杭州,二手房,学院北路
S4148165271776262,372524,相墅花园(公寓住宅),杭州,二手房,"时代大道,近湘湖路"
S4049230155848707,369942,华盛达阅城,杭州,二手房,"杭行路,近祥富路"
A7468699171,370021,西郊半岛(公寓住宅),杭州,二手房,江滨东大道1号
S3953808416484365,160274,汇宇花园(公寓住宅),杭州,二手房,南秀路1399号
A7463893038,160587,紫云山庄(别墅),杭州,二手房,杭富公路
S4040180282908680,160557,朝晖六小区,杭州,二手房,新市街64号
S4231377675542530,826619,九浪山花园,杭州,二手房,"103省道,近祥利村"
S2575993731394572,652463,越秀星汇悦城,杭州,二手房,古墩路
S4544947719822337,795344,钱塘玫瑰湾,杭州,二手房,新浦路1459号
S4519378422639619,868158,金世纪运河丽园(公寓住宅),杭州,二手房,"东湖北路,近兴旺大道"
S2573892646035471,1017351,旭辉宝龙东湖城(公寓住宅),杭州,二手房,"青六北路,近南沙路"
R4551378555477000,369827,水乡华庭,杭州,二手房,"人民路,近广济路"
S4476750326852612,191425,香榭里花园,杭州,二手房,4号大街
S3847936983854081,222279,正中尚品庭院,杭州,二手房,新昌路181号
S4203451448057866,607657,万科西庐,杭州,二手房,五常港路
R4501825159191556,224920,京明凤凰家园,杭州,二手房,申达路388号
S3754662634151937,160570,十亩田家园,杭州,二手房,化仙桥路27号
S4415309875780616,659567,惠都家园(东区),杭州,二手房,太平路93号
S4595242017762307,160576,国都凤起都市花园,杭州,二手房,凤起路193-205号
S4091573640388622,1047306,秀里华庭,杭州,二手房,紫荆花北路439号
S3678463252848646,576119,融科瑷骊山,杭州,二手房,望江山路1号
S4136499864248335,170497,万科西溪蝶园(北区),杭州,二手房,紫霞街188号
S4081401107704836,825962,顺发和美家,杭州,二手房,市心北路785号
S4543017046158351,160116,采荷小区芙蓉邨,杭州,二手房,双菱路21号
S4544604058903553,177046,定海园,杭州,二手房,永庆路135号
S3942542827660291,945745,西溪海星海苑,杭州,二手房,闲富北路
S4509070224630785,637732,招商雍华府,杭州,二手房,建华路
S2742184840158213,260600,同人山庄,杭州,二手房,科技大道
R3621872654427140,221442,太炎花苑,杭州,二手房,仓兴街
S4337772769700879,542544,七贤郡(1-50),杭州,二手房,东西大道
A7466009813,825720,大家小墅,杭州,二手房,金苑路
S4236033329617935,192435,万安城市花园西苑,杭州,二手房,直大方伯42号
S2576681123814403,794775,地铁绿城杨柳郡,杭州,二手房,九和路516号
S3269440934714373,369831,和达御观邸,杭州,二手房,上沙路246号
S3926275872271363,160445,江南豪园,杭州,二手房,江南大道380号
S2639330696965122,943026,祥生云浦新语,杭州,二手房,"科海路,近周二路"
S3692312337293321,222976,清雅苑,杭州,二手房,学林街633号
S4207460280179713,791880,上实海上海(一期),杭州,二手房,"古墩路,金汇南路"
S2574214027996170,172244,滨江倾城之恋,杭州,二手房,月明路1091号
S4589922813275136,611491,华元欢乐城(公寓住宅),杭州,二手房,迎宾路
S4350670996085772,825999,通和戈雅公寓,杭州,二手房,万达北路710号
A7454162752,826683,浪漫香槟(东区),杭州,二手房,香槟路68号
S3371333262695431,210028,兰惠家园,杭州,二手房,东湖南路416-1号
S4255495534013441,299627,彩虹豪庭,杭州,二手房,"伟业路,近闻涛路"
S2592923493949453,804783,白塔人家,杭州,二手房,"复兴路,近水澄路"
S3426601669287944,655351,尚堂府,杭州,二手房,石祥路282号
S4017721738206213,611340,万科大家钱塘府,杭州,二手房,"昙花庵路,近水湘路"
S4411386750428169,260401,滨江阳光海岸,杭州,二手房,甬江路6号
S4557530646815745,318496,都市水乡水月苑,杭州,二手房,长阳路319号
S3703813896118279,512609,武林壹号,杭州,二手房,湖墅南路66号
S3041215616558093,191502,九曲营小区,杭州,二手房,九曲营路78号
S4623471024942081,877681,正易上塘春苑,杭州,二手房,博园路13号
A7405915658,877737,富春硅谷麓园(别墅),杭州,二手房,九龙大道398号
S4386039315278853,877972,融信学院府,杭州,二手房,学院北路
A7388783667,1024826,中庆润泽院,杭州,二手房,"西环北路,近文居街"
S3275071532424194,160752,耀江文鼎苑,杭州,二手房,萍水西街193号
S4518629791294469,486928,野风海天城,杭州,二手房,听涛路174号
S4200492487532544,220060,赞成岭上花苑(公寓住宅),杭州,二手房,"鸡山路,近八角路"
S4622366069742594,542544,七贤郡(1-50),杭州,二手房,东西大道
S3437536024026115,952860,新城香悦公馆(公寓住宅),杭州,二手房,金城路1799号
S4287977171574787,178176,都市水乡水曲苑,杭州,二手房,"广业街,近长阳路"
S4575359068267522,826554,近江九园,杭州,二手房,久园弄42号
S4019347738763274,826569,晶典公寓,杭州,二手房,南环路1528号
S4401787634379791,650168,钱塘明月,杭州,二手房,金惠路300号
S2769663581791236,369960,恒和依山郡(公寓住宅),杭州,二手房,"隐逸大道,荷西路"
S4187675600150543,825613,潘水苑(南区),杭州,二手房,潘水路
S4426719481916420,369894,欣盛东方福邸,杭州,二手房,"水月街,近学院北路"
S4419952254739467,219754,阳光天际(公寓住宅),杭州,二手房,京福线
S4350655830862849,160049,蚕花园永庆坊,杭州,二手房,"永庆路,近上塘路"
S2769959983164425,161069,晴彩巴厘,杭州,二手房,世纪大道
S4526372207881217,188447,山水人家,杭州,二手房,天目山路396号
S4020841958808582,779966,顺发美哉美城,杭州,二手房,"民和路,近飞虹路"
S4615406174331917,369845,华元蒙卡岸,杭州,二手房,"和睦路,近五常大道"
S2705448952916995,160067,顺发佳境天城(公寓住宅),杭州,二手房,市心北路737号
S4309562754964486,1201600,远洋路劲上河宸章,杭州,二手房,崇杭街508号
S4284056794864651,826753,林风花园沁林苑,杭州,二手房,闻潮路168号
S4424289406624770,160860,多蓝水岸,杭州,二手房,12号大街
S3316845465347085,797911,东安景苑,杭州,二手房,"龙湖路,近平吴街"
S4435232608936967,794775,地铁绿城杨柳郡,杭州,二手房,九和路516号
S4535669797973005,160802,西城时代家园,杭州,二手房,文一西路
S4221577801051143,655351,尚堂府,杭州,二手房,石祥路282号
S4589664116302861,795637,广泽小区,杭州,二手房,育才路
S2691183557274632,160067,顺发佳境天城(公寓住宅),杭州,二手房,市心北路737号
S4140668078922755,160418,新城国际花园彩园,杭州,二手房,庆和路69号
S2589514545142791,952171,中赢康康谷(商住楼),杭州,二手房,春晓路61号
S4333557443436547,1003246,景瑞阳光城法兰公园(公寓住宅),杭州,二手房,天荷路60号
S3054195645455368,201741,三鑫君悦丽景,杭州,二手房,金城路51号
S2574086190165000,369886,宋都晨光国际,杭州,二手房,"23号大街,近16号大街"
S3622980528234505,370053,朗郡庭园(公寓住宅),杭州,二手房,"象山路,近横桥路"
S4402633052630020,160766,大学路新村,杭州,二手房,"大学路,近老浙大横路"
S4581430360925194,468839,亲亲家园三期,杭州,二手房,"古墩路,近通济路"
S4217622948962312,160371,港湾家园,杭州,二手房,余杭塘路866号
S4111141012892681,160223,白金海岸花园,杭州,二手房,香溢路88号
S4054400956767239,628433,德信泊林春天,杭州,二手房,鸿宁路40号
S4570137172532235,913287,云溪印象,杭州,二手房,"镇中路,近象山路"
R4202925474470918,943068,光明逸品春江,杭州,二手房,"江波街,近鹿山大道"
S3965426017070094,400848,南城嘉园,杭州,二手房,所前中路331-335号
S3335969478483971,610923,莱蒙水榭春天,杭州,二手房,飞虹路208号
S4070230391020556,193195,碧天家园,杭州,二手房,邱山大街692号
S2574068198841350,909736,星耀城,杭州,二手房,江陵路2028号
S3960172624505868,160423,明辉花园,杭州,二手房,建设四路2713号
A7476959066,825960,顺发富春峰景(公寓住宅),杭州,二手房,春江路8号
S3944243451518978,486928,野风海天城,杭州,二手房,听涛路174号
S4142541291806734,650514,嘉丰万悦城(北区),杭州,二手房,"东湖北路,近湖潭路"
S4285356364570632,485004,翡翠城(西南区),杭州,二手房,"高教路,近天目山西路"
A7441876911,160816,颐景山庄(公寓住宅),杭州,二手房,九龙大道99号
S3020372579396621,788323,东晖龙悦湾(公寓住宅),杭州,二手房,"五洲路,近小白线"
S4022165105515520,220193,圆乡名筑,杭州,二手房,凤新路199号
S3946962528758788,233921,绿城丽江公寓(北区),杭州,二手房,仁爱路73号
S2622209159651328,656689,兴耀鑫都汇,杭州,二手房,滨康路
S4483350479105032,370071,钱塘帝景(公寓住宅),杭州,二手房,信诚路817号
S4483297071356932,160621,西房云溪香山(北区),杭州,二手房,"转塘路,近望江山路"
S4504492530723845,628375,大华西溪风情澄品,杭州,二手房,文一西路
S2810625776622592,825992,高运高庄,杭州,二手房,南秀路2228号
S3026037201248260,369956,星汇荣邸,杭州,二手房,浦沿路369号
S4623838663765003,943024,祥生群贤府(公寓住宅),杭州,二手房,崇杭街
S4228967234317312,1218322,时代滨江悦,杭州,二手房,风情大道
S4065621354061824,877672,新时代城市家园,杭州,二手房,闲富中路248号
S4603991089355785,825526,保亿风景蝶院留园,杭州,二手房,光裕路112号
S4498955257979907,161011,蚕花园永兴坊,杭州,二手房,"永兴弄,近上塘路"
S4547424996191240,826790,长江西苑,杭州,二手房,建业路151号
S3492707349324811,609573,后珠辰秀嘉园(北区),杭州,二手房,明珠街
S4231570339191812,369902,金地天逸,杭州,二手房,山阴路1999路
S3236333247863822,172313,定安苑,杭州,二手房,定安路36号
S4181826532744206,1153634,阳光城悦云邸,杭州,二手房,溪望路
S3117251267632135,477595,嘉和银领时代(公寓住宅),杭州,二手房,"藕花洲大街,近星桥南路"
S2929789734841351,204948,木材新村,杭州,二手房,秋涛路168号
S3012042904427525,160390,采荷人家,杭州,二手房,杭海路265-267号
A7466885546,943057,山水国际(公寓住宅),杭州,二手房,江波路398号
S3934652925158400,521873,世茂江滨花园峻景湾,杭州,二手房,"20号大街,近23号大街"
S4251563374664707,201741,三鑫君悦丽景,杭州,二手房,金城路51号
S4173224987192321,1216235,德信九溪云庄,杭州,二手房,"丽景路,近文景路"
S3199749705342989,346247,星桥桂花城,杭州,二手房,"藕花洲大道,近太平路"
S4612765693256718,610923,莱蒙水榭春天,杭州,二手房,飞虹路208号
S4496304958155779,505314,逸天广场(公寓住宅),杭州,二手房,东信大道270号
S4240230901083151,1152948,花园府,杭州,二手房,"明月桥路,近环站北路"
S3852380483706894,292642,新州花苑东区,杭州,二手房,"月明路,近西兴路"
S4399770452452357,798570,北大资源未名府(公寓住宅),杭州,二手房,"荆常大道,近杨家墩路"
S4210383840992264,912258,开元广场(公寓住宅),杭州,二手房,"西河路,近向旭路"
S4291242522668044,635026,合景瑜翠园,杭州,二手房,舒心路
S2573924601536513,205425,银泰海威国际,杭州,二手房,"江虹路,近科技馆路"
S3703808497429511,346247,星桥桂花城,杭州,二手房,"藕花洲大道,近太平路"
S4241504927342596,160838,近江二园,杭州,二手房,"珊园弄,近诗园弄"
S4359062741295104,224144,保利东湾(西区),杭州,二手房,"24号大街,近20号大街"
S4125466885856266,369924,金岸提香(公寓住宅),杭州,二手房,中泰路322号
S4184754000374787,160079,铁岭花园,杭州,二手房,"江陵路,近滨安路"
S2576279951322124,409606,平瑞瑞和园,杭州,二手房,东西大道
S3897352444420105,160951,万家花园,杭州,二手房,天城路95号
S4586903762213899,825886,翡翠城(东南区),杭州,二手房,"五常大道,近高教路"
S4415703537687554,160104,世纪新城,杭州,二手房,高技路51-55号
A7328785747,1000571,逸城(公寓住宅),杭州,二手房,江滨东大道1118号
S4255342180887565,795637,广泽小区,杭州,二手房,育才路
S2960714191481863,161161,新白马公寓,杭州,二手房,工人路899号
S3280384301163524,370110,理想康城一品,杭州,二手房,人民大道258号
S3266239273345037,160395,水陆寺巷小区,杭州,二手房,东清巷7号
S2573901096951813,160299,国信嘉园(公寓住宅),杭州,二手房,滨盛路4050号
S2574229782342667,334770,亿丰蔚蓝郡,杭州,二手房,勾庄路218号
S3100667896079371,1274301,乐虹湾(公寓住宅),杭州,二手房,"彩虹大道,近西兴路"
S2769694070907914,826498,新天地世嘉新座,杭州,二手房,"新北街,近费家塘路"
S3389411265945604,637732,招商雍华府,杭州,二手房,建华路
S4351817730301960,580034,玲珑府(公寓住宅),杭州,二手房,西兴路399号
S2574325579849740,638484,上亿中央郡,杭州,二手房,崇杭路
S4332217896381450,1001251,阳光城檀悦,杭州,二手房,"扬帆路,近盈丰路"
R4535744759079951,217713,兴和公寓,杭州,二手房,刀茅巷79号
S2830515442228233,160372,奥兰多小镇(公寓住宅),杭州,二手房,风情大道4555号
S3066186742652929,801402,丰北三苑,杭州,二手房,"金鸡路,近利丰路"
S3453389880909828,650518,朗诗花漫里,杭州,二手房,"乔中路,近南街"
S4519060267183106,160689,都市港湾,杭州,二手房,北沙东路1-7号
A7245585253,1296149,高桥花苑(东区),杭州,二手房,高桦路3号
S3288512499522566,826171,恒滕悦湖花苑,杭州,二手房,城南路578号
S4545873748352014,573718,德信东望,杭州,二手房,"新塘路,近明月桥路"
R4266658013486081,409025,新都公园家,杭州,二手房,横潭路39号
S4314975348124673,303778,大成名座,杭州,二手房,"市心北路,近建设三路"
S4568322458278914,877696,萧山宝龙城市广场,杭州,二手房,"建设一路,近金鸡路"
R4519147116375055,877729,金久城市花园,杭州,二手房,春江东路388号
S2725684144120832,925737,长河商厦,杭州,二手房,长江路428号
S3939982952079372,369952,名城公馆(公寓住宅),杭州,二手房,"登云路,近通益路"
A7257622140,1077675,飘鹰富春江花苑,杭州,二手房,春江东路2155号
S4603608617016327,781708,新德佳苑,杭州,二手房,"胜南路,近杭氧街"
S2769211103403019,616507,万泰城章,杭州,二手房,"世纪大道,近望梅路"
S3972647448046603,181169,康城国际,杭州,二手房,世纪大道676号
S4607826593455113,418048,风雅乐府(公寓住宅),杭州,二手房,"好运街,近东吴路"
S4278300094180360,369832,恒逸金榈湾,杭州,二手房,临浦中路123-125号
A7332004812,926296,浙富桐城府,杭州,二手房,"梅林路,近白云源东路"
S4537077216631819,369819,滨江城市之星(公寓住宅),杭州,二手房,市民街167号
S3737927342466053,1275483,海兴雅苑,杭州,二手房,"联创街,近聚橙路"
S3320505372304395,1038049,和家园紫园,杭州,二手房,杨梅山路
S4545588670536711,1440450,新力启云府(东区),杭州,二手房,"港渠路,近下洋路"
S3117248801465347,218933,复地连城国际,杭州,二手房,杭海路1636号
S4100096660560903,322406,理想家园,杭州,二手房,邱山大街724号
S2719416293090317,191637,力达易居时代,杭州,二手房,东湖北路404号
S2808753085787150,370046,保利湾天地,杭州,二手房,24号大街
S4040188170182666,825632,普金家园,杭州,二手房,温州路9号
S4275551522709508,191426,大都文苑风情,杭州,二手房,"2号大街,近3号大街"
S4471085495804930,826367,闲林山水紫薇苑,杭州,二手房,闲林东路
S4595609905273859,801124,冠山小区,杭州,二手房,"长江南路,近白马湖路"
S4367589625684992,370000,风华苑,杭州,二手房,世纪大道19号
S3803912529077261,608767,林溪闲庭,杭州,二手房,闲富中路166号
S4561112308259852,1370265,盈二佳苑,杭州,二手房,盈新路
S4358695079911426,877684,陆家桥新苑,杭州,二手房,星海南路87号
S4302077892357120,607834,天阳尚城国际,杭州,二手房,"全福桥路,近机场路"
S3482481514438659,826101,庭院深深(东区),杭州,二手房,东西大道
S3889200347917316,260600,同人山庄,杭州,二手房,科技大道
S4394548515300359,370101,宋都东郡国际嘉湾,杭州,二手房,凌云街21号
S3080773130657797,346243,大华海派风景,杭州,二手房,东吴路
S3969737608994825,793527,龙湖武林九里,杭州,二手房,"华丰中路,近丁城路"
S3879197541376004,877850,绿城之江1号(西区),杭州,二手房,"横桥路,近博美路"
S4592648774593546,1390348,滨江御滨府(公寓住宅),杭州,二手房,"阡陌路,近北塘路"
A7465362070,634855,野风春晓,杭州,二手房,九龙大道
S4108704086810633,791609,万科郡西澜山,杭州,二手房,"风情大道,近福田路"
S3374938101637125,795071,贝利栖溪望府,杭州,二手房,"绿荫街,近塘栖路"
S2666232669725701,938030,龙禧大酒店公寓,杭州,二手房,江南大道3788号
S3168332406350859,659403,中天之江诚品,杭州,二手房,320国道
S4623887833164809,369882,远洋西溪公馆(公寓住宅),杭州,二手房,文一西路822号
A7475549478,804721,富春新天地(公寓住宅),杭州,二手房,恩波大道581号
S3231970564793352,407118,广仁小区,杭州,二手房,晨晖路197号
S4534724131478536,863618,亲亲家园幸福里,杭州,二手房,"墩祥路,近古墩路"
S4360612727628807,479985,新华园,杭州,二手房,"湖墅南路,近叶青兜路"
S3042162955412491,346144,望江家园西园,杭州,二手房,沙地路23号
S4618166741017609,394496,南北乐章,杭州,二手房,溪东路
S4329323848576007,271325,金盛曼城,杭州,二手房,东冠路655号
S4519203876641794,729169,融创瑷颐湾,杭州,二手房,"祥运路,近杭行路"
S3888173776921604,370046,保利湾天地,杭州,二手房,24号大街
S3959985859649546,369879,赞成美树,杭州,二手房,金恒路174号
S3077100558000136,160610,现代印象广场,杭州,二手房,江南大道3399号
S4566900983178243,779943,金星桃源居,杭州,二手房,桃源街
S4436614662726661,369876,金石华城,杭州,二手房,塘栖绿荫街
S3311896969731077,1236386,上实海上海(二期),杭州,二手房,白洋路
S2892624924206090,786131,宝嘉誉府,杭州,二手房,"石祥西路,近紫金港路"
S4152093507492874,793527,龙湖武林九里,杭州,二手房,"华丰中路,近丁城路"
S4290793083313156,528981,众安理想湾(公寓住宅),杭州,二手房,"新洲路,近星河路"
S3544115154739205,375304,保利东湾(东区公寓住宅),杭州,二手房,之江东路
S2769233829241870,826739,远洋公馆(东区),杭州,二手房,大浒街99号
S3739096955907072,160766,大学路新村,杭州,二手房,"大学路,近老浙大横路"
S4199163415175170,659380,临东家园,杭州,二手房,星光街1091号
S4132501505743872,170154,良渚花苑(公寓住宅),杭州,二手房,玉管路18号
S2633896701747202,161154,国都公寓,杭州,二手房,凤起路361号
S4327943626120197,477594,嘉信九悦印象,杭州,二手房,"东湖中路,近沿河路"
S3117250982306823,369939,保利香槟国际,杭州,二手房,人文路116号
S4186474336463887,607424,溪悦宸府,杭州,二手房,"城西高教路,近青石滩河路"
S4181799011638274,528979,西溪海听海苑,杭州,二手房,"闲富北路,近上和路"
R2807164851643397,586666,中交悦西溪(公寓住宅),杭州,二手房,"常二路,近大华欣华支路"
S4133986866617358,369834,多立方公寓,杭州,二手房,九华路
S4596710573632521,916691,集美岸上蓝山紫云苑,杭州,二手房,紫荆路69号
S3141281423940616,868158,金世纪运河丽园(公寓住宅),杭州,二手房,"东湖北路,近兴旺大道"
S4204489531431939,826449,金地自在城东苑(公寓住宅),杭州,二手房,"池华街,近厚仁路"
S3960890280796168,369809,美好桂花溪园(北区),杭州,二手房,"长连路,瓶仓大道"
S2576539048878085,300676,南北西岸(公寓住宅),杭州,二手房,昼锦路12号
S4389827295681543,160951,万家花园,杭州,二手房,天城路95号
S3694730599948300,826308,中海寰宇天下C区,杭州,二手房,"滨盛路,近江陵路"
S4305250514295815,607368,绿城莲园(公寓住宅),杭州,二手房,"北沙西路,近荷花路"
S4623433674105868,191233,复兴东苑,杭州,二手房,"复兴路,近秋涛路"
S4412888121187337,160344,采荷东区,杭州,二手房,秋涛北路52号
S4103159727939587,248058,宏丰家具城小区,杭州,二手房,五常荆山湾88号
S3817273992224772,160903,长江小区,杭州,二手房,"南环路,近立业路"
R3662948838515717,863838,仓溢东苑,杭州,二手房,"海曙路,近良睦路"
S3476587303165957,369860,德信早城,杭州,二手房,"学林街,近上沙路"
S2770026175702029,909780,中天西城纪,杭州,二手房,余杭塘路417号
S2574162208628742,207942,浪漫和山东溪苑,杭州,二手房,留和路
S3260671316648975,204948,木材新村,杭州,二手房,秋涛路168号
S4110976875453446,649613,融创河滨之城水澜轩,杭州,二手房,"五常港路,近余杭塘路"
S4425647980895237,160987,温馨人家,杭州,二手房,月明路796号
S2577872824429568,303778,大成名座,杭州,二手房,"市心北路,近建设三路"
S4266733655481351,880188,大园新城(公寓住宅),杭州,二手房,"天柱街,近大园路"
S2574168026045449,160812,郁金香岸(公寓住宅),杭州,二手房,万达路770号
S3253213113506820,618884,美好桂花星座,杭州,二手房,"远展街,近星源路"
S4549045042097153,610065,绿地旭辉城,杭州,二手房,"扬帆路,近滨盛路"
S3737292320580615,482573,顺发旺角城(公寓住宅),杭州,二手房,市心中路123号
S4510183541775369,620329,铭都雅苑,杭州,二手房,高沙路166号
S4427053714381834,826286,华源福临花苑,杭州,二手房,"乌龙涧路,近西险大塘"
S2574172756499459,161103,盛元慧谷(公寓住宅),杭州,二手房,火炬大道725号
S4118090136120321,528280,众安白马山庄(公寓住宅),杭州,二手房,留和路
S3964246361369606,659403,中天之江诚品,杭州,二手房,320国道
S4632284960709643,590405,万科北宸之光,杭州,二手房,通运路
A7357760872,193730,富春泉水湾(别墅),杭州,二手房,江滨东大道819号
S4490687866020878,1133552,龙湖春江天越(公寓住宅),杭州,二手房,凌云街
A7473803742,826756,云都凤凰城,杭州,二手房,云市路86号
S3809873666370574,363841,潘水南苑,杭州,二手房,市心南路728号
S4281347540425734,369952,名城公馆(公寓住宅),杭州,二手房,"登云路,近通益路"
R4492538070785034,182210,滨河公寓,杭州,二手房,"朝晖路,近上塘路"
S4435509828508683,161176,蚕花园永安坊,杭州,二手房,"蚕花路,近永安巷"
S3562165768659982,160390,采荷人家,杭州,二手房,杭海路265-267号
S4205922800479240,779615,合景天峻,杭州,二手房,创景路
S3309779233005577,160445,江南豪园,杭州,二手房,江南大道380号
S4480710081223686,181625,名门天第,杭州,二手房,邱山大街575号
S3568861340017672,593871,保亿风景晨园(公寓住宅),杭州,二手房,"迎宾路,近1号路"
S2573884346428419,762457,北城枫景园(公寓住宅),杭州,二手房,长睦路
S3273319093199872,160965,大家静安花苑,杭州,二手房,下车路102号
S4306656885873676,877759,东亚新干线,杭州,二手房,"明月桥路,近天城路"
S4251060836379662,610901,中海御道(公寓住宅),杭州,二手房,"钱江路,近塘工局路"
S4575734596279300,370072,德信北海公园,杭州,二手房,星桥街100号
S4585659356589065,160372,奥兰多小镇(公寓住宅),杭州,二手房,风情大道4555号
S4571031070284815,366123,高桥小区,杭州,二手房,高桥路
S4302119192423426,635788,赞成赞城,杭州,二手房,棕榈路801号
S4592381389024262,826568,羊山公寓,杭州,二手房,羊城路
S4525087361098756,826790,长江西苑,杭州,二手房,建业路151号
S4317959390125056,477594,嘉信九悦印象,杭州,二手房,"东湖中路,近沿河路"
S2574144324837383,826313,西溪诚园致诚苑,杭州,二手房,"双龙街,近崇仁路"
S4087181380168708,365466,绿城丁香公馆,杭州,二手房,休博路288号
S3311644122864649,160594,三江花园(公寓住宅),杭州,二手房,万达中路26号
S4618077809138692,864181,爵士风情日辉苑,杭州,二手房,天目山西路
S3569117844429835,1078509,北大资源颐和江南(公寓住宅),杭州,二手房,104国道
S3316079149539331,910656,绿都百瑞广场,杭州,二手房,市心北路199号
S4576933883505675,826860,中国铁建青秀城,杭州,二手房,建设一路418号
S2658674493629447,486928,野风海天城,杭州,二手房,听涛路174号
S3712344726037517,787778,金地自在城鹭影轩,杭州,二手房,西园八路
S4605388993029131,160086,闲林山水丹枫苑,杭州,二手房,闲林东路
S4206237374619657,867356,百汇中心,杭州,二手房,南渠南路116号
S2920889274653705,825886,翡翠城(东南区),杭州,二手房,"五常大道,近高教路"
S3116206996036611,379780,泊悦府澜湾,杭州,二手房,禹航路490号
S4520440556575749,1218303,翡翠城梧桐郡,杭州,二手房,"高教路,近五常大道"
S4108934088465417,394835,江湾绿苑(公寓住宅),杭州,二手房,毛家上路
S4020959893040141,482573,顺发旺角城(公寓住宅),杭州,二手房,市心中路123号
R3551086680923139,803350,绿都港汇中心,杭州,二手房,市心北路853号
S4006304746691594,910215,嘉富广场,杭州,二手房,市心南路822-830号
S4111053566815243,161176,蚕花园永安坊,杭州,二手房,"蚕花路,近永安巷"
S4124155522964484,607407,金沙国际,杭州,二手房,幸福南路1288号
S2769748271524865,418048,风雅乐府(公寓住宅),杭州,二手房,"好运街,近东吴路"
S4120838718069771,791880,上实海上海(一期),杭州,二手房,"古墩路,金汇南路"
S3672483128646671,610622,东田怡丰城(公寓住宅),杭州,二手房,"迎宾路,近天万路"
S2574180530842632,236163,绿城蓝色钱江(公寓住宅),杭州,二手房,鲲鹏路
S3555136805479439,586666,中交悦西溪(公寓住宅),杭州,二手房,"常二路,近大华欣华支路"
R2024942113907712,909732,蓝钻天成,杭州,二手房,莫干山路969号
S4516533934203915,179178,梅堰小区,杭州,二手房,红丰路216号
A7237390242,782014,野风秋雅,杭州,二手房,九龙大道
R3969326672863234,220070,滨康小区,杭州,二手房,聚园路66号
S4508720747621387,825570,滨江万家名城(南区),杭州,二手房,"上园路,近锦江路"
R4098809648160778,369899,红景凯丽晶座(公寓住宅),杭州,二手房,通惠北路718号
A7416069500,379790,滨江一号公馆,杭州,二手房,新市路1号
S2574056410536967,369814,桂花星城,杭州,二手房,世纪大道
S3032820078894088,593871,保亿风景晨园(公寓住宅),杭州,二手房,"迎宾路,近1号路"
A7460898517,992085,君豪御园,杭州,二手房,窄珠线
S3119610165470208,160039,东海花园,杭州,二手房,南大街126号
S4618652674565131,791599,竹径云山锦云坊(67-80),杭州,二手房,东西大道
S2589515142914055,995004,东方俊园(东区),杭州,二手房,新颜南路28号
S3310302016480262,825862,都市阳光华苑,杭州,二手房,"周坪路,近来仁街"
S4419897181430788,877728,金地德圣中心(商住楼),杭州,二手房,"金城路,近金山路"
S4558328871248906,606218,莱茵知己(公寓住宅),杭州,二手房,"振兴路,近顺达路"
S2719452684327944,825861,都市阳光和苑,杭州,二手房,甲来路82号
S4612231953214473,1218280,碧桂园东旭府,杭州,二手房,时代大道
S3992414387723279,407707,金昌春和钱塘,杭州,二手房,民和路411号
S4494671131059213,607834,天阳尚城国际,杭州,二手房,"全福桥路,近机场路"
S2902372749157384,578903,金隅田员外,杭州,二手房,"半山东路,近依山路"
S4557214107900939,573294,万和玺园,杭州,二手房,"颜三路,近再行路"
S4045913376189446,346247,星桥桂花城,杭州,二手房,"藕花洲大道,近太平路"
S2789241969273864,369936,江南铭庭,杭州,二手房,天官东路90号
S2769996684143619,826286,华源福临花苑,杭州,二手房,"乌龙涧路,近西险大塘"
S4231326527626249,656442,合景叠彩园(公寓住宅),杭州,二手房,"文胜路,近电子路"
S3365257188959244,861512,绿城翡翠湾,杭州,二手房,"五常大道,近高教路"
S4380129274539012,826335,西溪雅苑(东区),杭州,二手房,天目山路550号
S4516367191565323,877687,苕溪南湖人家,杭州,二手房,太炎路70号
S3346300145540105,160342,定山家园(西区),杭州,二手房,"霞鸣街,近象山路"
S2589188346440705,607300,兴耀星悦湾(公寓住宅),杭州,二手房,"青六南路,近横雷线"
S2582439336291335,369976,东海闲湖城(公寓住宅),杭州,二手房,天目山西路277号
S4489386313212938,477594,嘉信九悦印象,杭州,二手房,"东湖中路,近沿河路"
S3507423516172300,160708,春丰苑,杭州,二手房,"凤起路,近大树路"
S3251086661641218,224210,中庆金沙学府,杭州,二手房,6号大街396号
S4329015149272075,597679,富力西溪悦居(公寓住宅),杭州,二手房,"常二路,近文一西路"
S4285309166136324,160957,丰乐苑(8-12),杭州,二手房,丰家兜8号
S3792436512975872,468839,亲亲家园三期,杭州,二手房,"古墩路,近通济路"
S4366374580806656,207422,中兴和园(公寓住宅),杭州,二手房,火炬南路1612号
S2574271652289544,825673,春波南苑,杭州,二手房,"滨安路,近江晖路"
S3989959365712901,181626,绿城蓝庭(东区),杭州,二手房,"振兴西路,近星河路"
S3270134084673543,160067,顺发佳境天城(公寓住宅),杭州,二手房,市心北路737号
S4329412284488707,785537,大同公寓,杭州,二手房,"镇前路,近浦西路"
S3325788052478991,497413,佳兆业玖珑山,杭州,二手房,"八角路,近镇南路"
S4576861151980544,369932,绿都御景蓝湾(公寓住宅),杭州,二手房,时代大道6588号
S4542838120737803,161178,星河景庭,杭州,二手房,金城路98号
S4313726904163333,160147,滨江万家花城(一期),杭州,二手房,萍水街380号
S4572752884231182,779138,金地艺境,杭州,二手房,"翁乔路,鑫业路"
S3992121445768198,637906,黄龙金茂悦,杭州,二手房,"塘萍路,近拱苑路"
S4354888740662273,826569,晶典公寓,杭州,二手房,南环路1528号
S4125689045819406,264956,西溪小筑,杭州,二手房,"天目山路,近五常大道"
S3861913874998287,607827,万科璞悦湾,杭州,二手房,滨文路670号
S3745802475741187,161160,缤纷小区,杭州,二手房,"丹枫路,近睿祥路"
S4441258637714434,160558,六合天寓,杭州,二手房,东信大道1222号
S3946881913269259,203165,良渚十六街区,杭州,二手房,东西大道
S3007733043108879,609162,保利梧桐语,杭州,二手房,"普德路,近九州路"
R3196694134825999,634849,西溪金座,杭州,二手房,荆长路758号
S4139753233670150,369953,绿城明月江南(东区),杭州,二手房,月明路256号
S4216407905917967,528979,西溪海听海苑,杭州,二手房,"闲富北路,近上和路"
S4101095362945035,825570,滨江万家名城(南区),杭州,二手房,"上园路,近锦江路"
S3605639748181004,237901,青枫墅园林语阁(公寓住宅),杭州,二手房,文良线
S4190229552376840,825583,滨兴小区(东区),杭州,二手房,"齐飞路,近滨兴路"
S4057546670529541,825868,墩莳家园,杭州,二手房,甲来路41号
S2576707174394880,160679,盛世嘉园(公寓住宅),杭州,二手房,"天目山西路,近闲林东路"
S2586686395964417,160506,新湖北国之春,杭州,二手房,衢洲路105号
S3929955940605967,218616,广瑞瑞城花园(公寓住宅),杭州,二手房,东西大道
A7471668647,923734,文居学府,杭州,二手房,文居街715-717号
S4397529098544140,911314,恒隆广场,杭州,二手房,山阴路688号
S3780389658976266,219250,开元加州阳光小区,杭州,二手房,金城路333号
S2586688403005454,639246,德信早安,杭州,二手房,石鸽路45号
S4538843066096653,236163,绿城蓝色钱江(公寓住宅),杭州,二手房,鲲鹏路
A7447158162,877737,富春硅谷麓园(别墅),杭州,二手房,九龙大道398号
S2769796733854721,610236,滨江万家名城(北区),杭州,二手房,"锦江路,近通运路"
S4605538398577677,161069,晴彩巴厘,杭州,二手房,世纪大道
S3816524930834437,446654,白鹭郡南探梅里(南区),杭州,二手房,大陆路
S3717904817972225,652450,融信蓝孔雀,杭州,二手房,"石祥路,近莫干山路"
S2578228778901504,786131,宝嘉誉府,杭州,二手房,"石祥西路,近紫金港路"
S4082960227838983,369879,赞成美树,杭州,二手房,金恒路174号
S4355156120394752,219861,万科魅力之城(东区),杭州,二手房,九环路41-4号
S3951087388257280,658597,湖墅观邸,杭州,二手房,湖墅北路111号
S2575882215545863,334770,亿丰蔚蓝郡,杭州,二手房,勾庄路218号
S4347451067588621,346142,望江家园东园,杭州,二手房,钱江路483号
S4384212846451718,657466,莱茵传奇园,杭州,二手房,"建设一路,近青年路"
S3169901370809352,619462,中旅紫金名门,杭州,二手房,振华路10号
S4078471679664130,635026,合景瑜翠园,杭州,二手房,舒心路
S2606251718192136,161035,天元公寓(公寓住宅),杭州,二手房,19号大街709号
S3641422356093957,1390348,滨江御滨府(公寓住宅),杭州,二手房,"阡陌路,近北塘路"
S3993863407575052,952171,中赢康康谷(商住楼),杭州,二手房,春晓路61号
S4533361621261319,1275483,海兴雅苑,杭州,二手房,"联创街,近聚橙路"
S4565693810910208,877684,陆家桥新苑,杭州,二手房,星海南路87号
S4158092015541249,791714,招商雍泽府,杭州,二手房,"兴建路,近园区路"
S4226049549753350,825632,普金家园,杭州,二手房,温州路9号
S4375823567920142,369964,德信臻园,杭州,二手房,"小河路,近文岚路"
S4302313808784395,161178,星河景庭,杭州,二手房,金城路98号
S3355151851478021,825673,春波南苑,杭州,二手房,"滨安路,近江晖路"
S4468329596771336,573294,万和玺园,杭州,二手房,"颜三路,近再行路"
S2980518580640781,160574,风雅钱塘,杭州,二手房,月明路1076号
S4319493445573641,508113,望江新园三园,杭州,二手房,"东宝路,近东霞巷"
S2730250409815048,952866,环秀府,杭州,二手房,"荆长大道,近海曙路"
S3638262847775759,160223,白金海岸花园,杭州,二手房,香溢路88号
S4588103241393153,578903,金隅田员外,杭州,二手房,"半山东路,近依山路"
S2770406154757126,161154,国都公寓,杭州,二手房,凤起路361号
S4329378858295307,761437,凯文杭庄(公寓住宅),杭州,二手房,"映荷路,近荷禹路"
S3814028004843530,229758,月雅苑,杭州,二手房,2号大街877号
S2799104188408835,943026,祥生云浦新语,杭州,二手房,"科海路,近周二路"
S4021966514887682,660200,雍荣华庭,杭州,二手房,"莫干山路,近留祥路"
S3520779863254021,160999,复兴北苑,杭州,二手房,复兴路163号
S3676626952215559,160551,之江公寓(公寓住宅),杭州,二手房,东信大道1221号
S4493576039504900,826449,金地自在城东苑(公寓住宅),杭州,二手房,"池华街,近厚仁路"
S4040158668397574,637489,运河之星,杭州,二手房,丽水北路950号
S4605151077346307,481359,青枫墅园山语阁,杭州,二手房,"上仓路,近和睦路"
S4591268584827910,366123,高桥小区,杭州,二手房,高桥路
S4350657757424653,593871,保亿风景晨园(公寓住宅),杭州,二手房,"迎宾路,近1号路"
S4100051356213260,826278,西房云溪香山(南区),杭州,二手房,"转塘路,近望江山路"
S3556650453083138,779138,金地艺境,杭州,二手房,"翁乔路,鑫业路"
S4556944774765569,655397,朝阳8号(公寓住宅),杭州,二手房,市心南路
S4484936669834255,606332,世茂之西湖御涛轩,杭州,二手房,"江南大道,近西环路"
S4534244393606152,205375,观澜郡亭公寓(商住楼),杭州,二手房,之江路968号
S2936608837282827,803535,宋都东郡之星,杭州,二手房,"银海街,近春新路"
S3794978484428800,610901,中海御道(公寓住宅),杭州,二手房,"钱江路,近塘工局路"
S4612486525592588,781853,卓越蔚蓝领秀(一期),杭州,二手房,"临丁路,近华鹤街"
S4190856734497794,215447,蔡马人家,杭州,二手房,茶汤路66号
S3184578220975111,400848,南城嘉园,杭州,二手房,所前中路331-335号
S3117252895023118,160550,同城印象(东区),杭州,二手房,狮山路432号
S4271263504900110,160284,广宇西城年华,杭州,二手房,申花路388号
S4335051005157383,375266,康都紫轩,杭州,二手房,甬江路191号
S3948285717703681,160713,滨江金色家园,杭州,二手房,富春路16号
S3713605952236550,409778,玲珑香榭,杭州,二手房,杭机路6-13号
S4575276494742539,877932,进修弄小区,杭州,二手房,"进修弄,近九曲营路"
S4568778618266631,826799,龙湖滟澜山(丽轩),杭州,二手房,"华景街,近海达南路"
S4361634395808770,520016,和谐嘉园东苑,杭州,二手房,江锦路176号
S4069885791759369,160388,中兴花园,杭州,二手房,江汉路1688号
S4562943273034765,826738,鼎湖未来云城天禧,杭州,二手房,新丰路
S4272454985079809,860800,越秀星汇尚城,杭州,二手房,上园路
R4044664169786371,369827,水乡华庭,杭州,二手房,"人民路,近广济路"
S3425156244971530,943040,中梁百悦城(公寓住宅),杭州,二手房,顺风路128号
A7291450050,200326,华庭云顶,杭州,二手房,沪瑞线
S3894721839672331,370092,保利玫瑰湾,杭州,二手房,24号大街
S4540244877192204,160274,汇宇花园(公寓住宅),杭州,二手房,南秀路1399号
S4241241465544713,649983,龙湖春江郦城,杭州,二手房,江汉路1337号
S4201556177640460,826455,新东名苑,杭州,二手房,香樟路
S4106767481220101,249438,留和家苑,杭州,二手房,屏基山路59号
S3671047219519492,369976,东海闲湖城(公寓住宅),杭州,二手房,天目山西路277号
S3029523402714125,160824,清水公寓,杭州,二手房,德胜巷13号
S4023613112213517,826797,龙湖春江悦茗,杭州,二手房,"风情大道,近建设三路"
S4622425056191497,369958,青山鹤岭,杭州,二手房,鹤亭大街
S3985049489841166,271325,金盛曼城,杭州,二手房,东冠路655号
S3017526070666252,160079,铁岭花园,杭州,二手房,"江陵路,近滨安路"
S4619514082663438,795256,美丽湾,杭州,二手房,"天屹路,近吴越大街"
S3258806050906118,369907,泊林印象,杭州,二手房,仁爱路218号
S4584206437934084,161161,新白马公寓,杭州,二手房,工人路899号
A7287686397,794144,富春和园(公寓住宅),杭州,二手房,金桥北路469号
S3626207795617793,938894,宝龙云滨湾(公寓住宅),杭州,二手房,学林街323号
R4596822423526402,423393,世纪花城,杭州,二手房,大奇山路650号
S3488115337536514,192354,铂金时代,杭州,二手房,滨兴路158号
S4523027902884866,161090,伊萨卡国际城(公寓住宅),杭州,二手房,"14号大街,近沿江大道"
S3577673227034633,826118,同城印象(西区),杭州,二手房,狮山路307号
S4593678902275076,379785,九龙仓碧玺,杭州,二手房,"后横港路,近桥弄街"
S4340672012217355,826412,江南望庄,杭州,二手房,月明路983号
S4630827239826442,660197,昆仑华府,杭州,二手房,"新104国道,近东西大道"
S3491248379454475,175739,观邸国际,杭州,二手房,新和路167号
S2575933433815044,576119,融科瑷骊山,杭州,二手房,望江山路1号
S2769345960946697,369835,协安蓝郡,杭州,二手房,"金昌路,近古墩路"
S3552656789856257,296629,铭和苑柳翠坊,杭州,二手房,学源街1273号
S3253118966390787,606332,世茂之西湖御涛轩,杭州,二手房,"江南大道,近西环路"
A7235883535,800830,九龙仓世纪华府,杭州,二手房,丰收中路28号
S4030263432568837,995171,锦文雅苑(西区),杭州,二手房,永福路
S4131103623617539,172313,定安苑,杭州,二手房,定安路36号
S3829577728420865,160390,采荷人家,杭州,二手房,杭海路265-267号
S3305821738837006,660200,雍荣华庭,杭州,二手房,"莫干山路,近留祥路"
S4619892186393610,795256,美丽湾,杭州,二手房,"天屹路,近吴越大街"
R4564625397455877,938681,三花国际,杭州,二手房,"明月桥路,近鸿泰路"
S4016152840232969,405245,保利霞飞郡(公寓住宅),杭州,二手房,建设二路401号
S3979817727417355,649613,融创河滨之城水澜轩,杭州,二手房,"五常港路,近余杭塘路"
S4187830937755658,804912,东裕华庭,杭州,二手房,"经五路,近123县道"
S4592572092783627,191861,天水巷小区,杭州,二手房,"体育场路,近中山北路"
S4344590423464973,322406,理想家园,杭州,二手房,邱山大街724号
S4350675458989056,825885,翡翠城(东北区),杭州,二手房,高教路
S3716251327048705,913287,云溪印象,杭州,二手房,"镇中路,近象山路"
S3484322142217225,193252,和家园(南区公寓住宅),杭州,二手房,杨梅山路310号
S4281489069550606,216712,定安东苑,杭州,二手房,后市街100-126号
S3117255636672514,477595,嘉和银领时代(公寓住宅),杭州,二手房,"藕花洲大街,近星桥南路"
A7443614248,825960,顺发富春峰景(公寓住宅),杭州,二手房,春江路8号
S4375768525859853,482573,顺发旺角城(公寓住宅),杭州,二手房,市心中路123号
S4187532079950853,217298,新江花园,杭州,二手房,"通盛路,近银堡街"
S3971107973980162,489385,三墩颐景园曲水苑,杭州,二手房,荡漾路102号
S3597126637198340,369931,恒厚阳光城,杭州,二手房,杭泰路103号
S4584146332525574,799196,颐和山庄(别墅),杭州,二手房,科技大道3608号
S4052997158890508,656371,佳兆业西溪璞园(公寓住宅),杭州,二手房,"荆山湾路,近联胜路"
R4258107626445834,1255003,三江名苑,杭州,二手房,时代大道
A7432684212,826176,万星碧云天公寓,杭州,二手房,孙权路
R3722073786310663,370111,雍熙山庄,杭州,二手房,沿山路52号
S2769711601378310,160371,港湾家园,杭州,二手房,余杭塘路866号
S4415956571724800,369958,青山鹤岭,杭州,二手房,鹤亭大街
S4548577107811336,584452,中海西溪华府,杭州,二手房,五常港路
S4555736890104834,796147,绿城桃李春风(别墅),杭州,二手房,科技大道
S2982742136859649,346142,望江家园东园,杭州,二手房,钱江路483号
S2770099378625550,615137,复地黄龙和山(公寓住宅),杭州,二手房,西溪路957号
S4329321883397124,610901,中海御道(公寓住宅),杭州,二手房,"钱江路,近塘工局路"
S2629121814457347,614569,金地申花里,杭州,二手房,莫干山路
S4485126180742157,179315,东海水景城(公寓住宅),杭州,二手房,世纪大道西501号
S4295397133642755,219814,天汇园,杭州,二手房,金城路411号
S3117251156402182,379778,龙湖香醍溪岸(公寓住宅),杭州,二手房,"304省道,近宏达路"
S2984126828768260,590405,万科北宸之光,杭州,二手房,通运路
S4632446161955845,160433,南班巷小区,杭州,二手房,解放路
R4176474203348992,880187,慈岩印象新城,杭州,二手房,"官塘线,近330国道"
S3296034297192457,260398,丽阳苑,杭州,二手房,申花路389号
S3328183718697989,1047306,秀里华庭,杭州,二手房,紫荆花北路439号
S4475072865854464,825992,高运高庄,杭州,二手房,南秀路2228号
S4494563022560260,183555,近江苑,杭州,二手房,徐家埠路58号
S4080203792522251,191993,都市水乡水涟苑,杭州,二手房,广业街235号
S4524516217875470,628433,德信泊林春天,杭州,二手房,鸿宁路40号
S4300666232794115,222279,正中尚品庭院,杭州,二手房,新昌路181号
S4575742461338625,826742,联庄江涛阁,杭州,二手房,东信大道1038号
S4107732859710478,995754,龙湖滟澜山(澜轩),杭州,二手房,"华景街,近银沙路"
S3760242416148491,160104,世纪新城,杭州,二手房,高技路51-55号
S2574174651309068,171723,滨文苑,杭州,二手房,"滨文路,近火炬大道"
A7401057206,1260783,银湖新语公寓,杭州,二手房,"美达路,近向阳路"
S4618050523196428,161069,晴彩巴厘,杭州,二手房,世纪大道
S3338452373970956,300674,天鸿君邑(公寓住宅),杭州,二手房,东信大道
S3087814220473344,369845,华元蒙卡岸,杭州,二手房,"和睦路,近五常大道"
S4009649044433928,597681,景瑞御蓝湾,杭州,二手房,禹航路5号
S4484673061039116,470980,中铁逸都,杭州,二手房,北沙西路28号
S4480833914153990,240611,渡驾新村,杭州,二手房,花园岗街158号
S3754664481677327,611338,万科公园大道,杭州,二手房,机场路355号
S3454410019841039,160453,东方俊园(西区),杭州,二手房,新颜南路
S4482233762688001,782005,崇邦余之城,杭州,二手房,"迎宾路,近临东路"
S4080178216610817,369907,泊林印象,杭州,二手房,仁爱路218号
S4593741923703814,370066,南城景园,杭州,二手房,里士湖路588号
S4507367839099910,369934,金域兰庭,杭州,二手房,"时代大道,近新庙桥"
S4604165299596290,825999,通和戈雅公寓,杭州,二手房,万达北路710号
S2769144123862022,826367,闲林山水紫薇苑,杭州,二手房,闲林东路
S4527418158228485,652109,阳光城翡丽湾,杭州,二手房,大农港西路1296号
S4110302485666819,201140,云雀苑,杭州,二手房,江城路548-550号
S3603110335486983,160957,丰乐苑(8-12),杭州,二手房,丰家兜8号
S4242661006745611,200840,绿城留庄(公寓住宅),杭州,二手房,天目山路389号
S4152256683731982,1071702,天阳蔚蓝,杭州,二手房,"天柱街,近灵鹤路"
S3998361293286400,369929,昆仑公馆,杭州,二手房,长板巷99号
R4556192215395338,826756,云都凤凰城,杭州,二手房,云市路86号
S4397552890682378,369958,青山鹤岭,杭州,二手房,鹤亭大街
S3954160383401990,220251,蓝桥名苑,杭州,二手房,金堡街294号
S2725655578090507,369988,金帝海珀华庭,杭州,二手房,振兴西路177号
S2574188554791938,826155,万科杭宸,杭州,二手房,"杭行路,近好运街"
S4339296316238859,369814,桂花星城,杭州,二手房,世纪大道
S4574319653559303,611340,万科大家钱塘府,杭州,二手房,"昙花庵路,近水湘路"
S2597926640082951,826308,中海寰宇天下C区,杭州,二手房,"滨盛路,近江陵路"
S3558036967858187,160883,碧云阁,杭州,二手房,复兴弄24号
S2574221114502147,160527,水岸帝景,杭州,二手房,钱潮路10号
S2622517875073035,505314,逸天广场(公寓住宅),杭州,二手房,东信大道270号
S3812647831823373,369834,多立方公寓,杭州,二手房,九华路
S4159436800175119,160186,闸弄口新村,杭州,二手房,机场路18-8号
S3107750451060750,614729,宝嘉誉峰,杭州,二手房,"石祥路,近东吴路"
S4484653040184325,638890,擎天半岛(公寓住宅),杭州,二手房,藕花洲大街159号
S4573924937079810,825902,风景大院,杭州,二手房,通益路
S2574218168544261,826498,新天地世嘉新座,杭州,二手房,"新北街,近费家塘路"
S4528595860220932,615708,金地格林格林,杭州,二手房,"天都路,近华鹤街"
S3978236982108169,497413,佳兆业玖珑山,杭州,二手房,"八角路,近镇南路"
S4515912667390986,528979,西溪海听海苑,杭州,二手房,"闲富北路,近上和路"
S3280524168469519,1365370,中天珺府(北区公寓住宅),杭州,二手房,科技大道2988号
S4040471262224389,911970,盛泰时代山,杭州,二手房,"4号大街,近9号大街"
S4466583723596800,730320,万科大家世纪之光,杭州,二手房,"振宁路,近金鸡路"
S4385636272448521,200064,逸居城,杭州,二手房,逸盛路183号
S2667211558968324,216723,红枫苑(临平),杭州,二手房,东湖北路118号
R3419355060345857,370025,滨江花园,杭州,二手房,滨江西路428号
S4137866963987460,628110,开元名郡,杭州,二手房,"向旭支路,近晨晖路"
S3922771927772169,192354,铂金时代,杭州,二手房,滨兴路158号
S4299254589037573,826859,中国铁建江南国际城,杭州,二手房,"金城路,近风情大道"
S4016677790179336,160527,水岸帝景,杭州,二手房,钱潮路10号
S4623397488075790,370111,雍熙山庄,杭州,二手房,沿山路52号
S4229912931146761,604862,白鹭郡南秋荷坊,杭州,二手房,玉鸟路
S3065003139392516,1107937,溪谷岚湾(公寓住宅),杭州,二手房,运溪路1100号
S3071994617652224,369920,顺发康庄(公寓住宅),杭州,二手房,萧钱线
S4008371073375247,300676,南北西岸(公寓住宅),杭州,二手房,昼锦路12号
S4579859849735181,297940,云厦连园,杭州,二手房,"青年路,近固陵路"
S2574166116396034,234038,人和家园,杭州,二手房,天目山路1号
S4326504456101900,160017,临江花园(公寓住宅),杭州,二手房,西环路33号
S3256318603697162,160735,星火小区,杭州,二手房,星火南路112号
S4272834438635527,826151,和谐嘉园南苑,杭州,二手房,"江锦路,近新塘路"
S3461263229657102,369999,野风启城,杭州,二手房,"康信路,近兴盛路"
S4347388645646348,604862,白鹭郡南秋荷坊,杭州,二手房,玉鸟路
S2573890292804621,369882,远洋西溪公馆(公寓住宅),杭州,二手房,文一西路822号
S3973636340739072,369807,财和湘域湾(公寓住宅),杭州,二手房,"潘水路,近蜀山路"
S4223188926488577,505314,逸天广场(公寓住宅),杭州,二手房,东信大道270号
S2886620498600967,205213,欣盛东方郡(西区),杭州,二手房,江汉路170号
S4472291274517504,160574,风雅钱塘,杭州,二手房,月明路1076号
R4074229470765066,410316,广悦公寓,杭州,二手房,高桥路1070号
S2769296595332096,825525,保亿风景蝶院观园,杭州,二手房,"江虹路,近天官路"
S4377091575311371,650518,朗诗花漫里,杭州,二手房,"乔中路,近南街"
S4040190128675843,785209,新湖菲林山,杭州,二手房,上仓路
S4392704175664137,160079,铁岭花园,杭州,二手房,"江陵路,近滨安路"
S4353329645395968,721076,滨江东方海岸(萧山公寓住宅),杭州,二手房,"三江路,近湘湖路"
S4497771666924558,782578,得力名望府,杭州,二手房,"104国道辅路,近03省道"
A7324758312,826157,万科君望(公寓住宅),杭州,二手房,江滨东大道239号
S4557320280122370,614729,宝嘉誉峰,杭州,二手房,"石祥路,近东吴路"
S4284078422219790,658236,钱江御府,杭州,二手房,"候潮路,近秋涛路"
S3042617561357323,782578,得力名望府,杭州,二手房,"104国道辅路,近03省道"
S4557616835718151,1893012,杭与城,杭州,二手房,龙舟北路
S2769746024901635,185630,幸福人家,杭州,二手房,岳家湾89号
S4334874047310851,300522,新湖果岭(公寓住宅),杭州,二手房,文一西路
S2725658278845450,369877,众安嘉润公馆,杭州,二手房,"金鸡路,近潮韵路"
S3709604012826633,369929,昆仑公馆,杭州,二手房,长板巷99号
S4256919636237326,799196,颐和山庄(别墅),杭州,二手房,科技大道3608号
S3116234999782407,1001251,阳光城檀悦,杭州,二手房,"扬帆路,近盈丰路"
S3492840888523788,193195,碧天家园,杭州,二手房,邱山大街692号
S2958818989304840,160752,耀江文鼎苑,杭州,二手房,萍水西街193号
S4135265817586695,801124,冠山小区,杭州,二手房,"长江南路,近白马湖路"
S3052046731730945,628421,众安景海湾(公寓住宅),杭州,二手房,弘慧路
S4619483186457607,160390,采荷人家,杭州,二手房,杭海路265-267号
S4511772100502543,608759,方正御星,杭州,二手房,"杭行路,近祥富路"
S4548358878979077,615545,郡望府,杭州,二手房,"建设四路,近枫香路"
S3702191908793349,444534,东和云第,杭州,二手房,明德路350号
S4275168150268928,189620,白鹭郡北,杭州,二手房,"风情大道,近玉鸟路"
S3117249250286598,220591,君临天下,杭州,二手房,东湖南路364号
S2921925432798219,179178,梅堰小区,杭州,二手房,红丰路216号
A7472184187,379790,滨江一号公馆,杭州,二手房,新市路1号
S4487964874447884,542988,水晶城水晶澜轩,杭州,二手房,火炬大道
S3292165378957317,826256,清水湾山水苑(公寓住宅),杭州,二手房,中泰路
S4015230739962881,1062189,奥克斯时代未来之城,杭州,二手房,"向往街,近向往街"
R4378815873246218,160465,东河锦园,杭州,二手房,建国北路5-67号
S2574210905792519,160590,西溪锋尚,杭州,二手房,文三西路499号
S2769647033607176,175739,观邸国际,杭州,二手房,新和路167号
S2970057002757134,160223,白金海岸花园,杭州,二手房,香溢路88号
S4344901060520975,1071702,天阳蔚蓝,杭州,二手房,"天柱街,近灵鹤路"
S4534667110476804,160860,多蓝水岸,杭州,二手房,12号大街
S4612150334514182,877764,之江家园四区,杭州,二手房,"杜家浦路,近美院南路"
S2574318838980620,826557,近江四园,杭州,二手房,"婺江路,近富春路"
S4538508832529410,369863,精欧荣寓,杭州,二手房,"6号大街,近5号大街"
S2576255898247173,826446,新城国际花园和园,杭州,二手房,庆和路55号
S4528981189469193,172244,滨江倾城之恋,杭州,二手房,月明路1091号
S3127298255002631,600730,绿城之江1号(东区),杭州,二手房,"横桥路,近博美路"
R3820859503452170,880187,慈岩印象新城,杭州,二手房,"官塘线,近330国道"
S3565570617893900,528704,湖漫雅筑,杭州,二手房,"天官路,近光裕路"
S2725688741604357,826558,近江五园,杭州,二手房,衢江路87号
S4501686131272704,160186,闸弄口新村,杭州,二手房,机场路18-8号
S4173787265604611,877764,之江家园四区,杭州,二手房,"杜家浦路,近美院南路"
S4170778474540033,943040,中梁百悦城(公寓住宅),杭州,二手房,顺风路128号
S3941480187437060,370004,钱塘梧桐蓝山,杭州,二手房,"世纪大道,近南苑街"
S4537063765892098,160274,汇宇花园(公寓住宅),杭州,二手房,南秀路1399号
S4516360965774342,369999,野风启城,杭州,二手房,"康信路,近兴盛路"
S3999704600256524,160445,江南豪园,杭州,二手房,江南大道380号
S4541440243084291,219771,勤远里,杭州,二手房,"察院前巷,近中山南路"
S3596109421798406,217136,锦园小区,杭州,二手房,建国北路370号
S4532097432628232,1017351,旭辉宝龙东湖城(公寓住宅),杭州,二手房,"青六北路,近南沙路"
S2573872722455556,369902,金地天逸,杭州,二手房,山阴路1999路
S4379946447363080,825962,顺发和美家,杭州,二手房,市心北路785号
S2611332415269896,223348,南肖埠景和苑,杭州,二手房,太平门直街207号
S4517583849055243,1048135,海德公园,杭州,二手房,"东吴路,近良运街"
S4510455893056526,217304,锦绣钱塘,杭州,二手房,科技大道
S4190349505440774,182305,崇庆里,杭州,二手房,温州路50号
S4445564353602567,649983,龙湖春江郦城,杭州,二手房,江汉路1337号
S2574225171308552,369972,泊林漫谷(公寓住宅),杭州,二手房,留和路
S3483985041548302,160621,西房云溪香山(北区),杭州,二手房,"转塘路,近望江山路"
S4184586916572170,160066,金都华府,杭州,二手房,江城路
S3987833440329733,468839,亲亲家园三期,杭州,二手房,"古墩路,近通济路"
S3229272997421069,160883,碧云阁,杭州,二手房,复兴弄24号
S3495649334828047,658012,香悦郡国际公寓,杭州,二手房,沈半路
S3600526334909449,789605,佳兆业君汇上品,杭州,二手房,"稼东路,近石塘东路"
S4170439012035599,160856,建国南苑(南3区),杭州,二手房,河坊街413号
S4603645139332106,1178779,定山西苑二区,杭州,二手房,创意路
S4508961232284684,607834,天阳尚城国际,杭州,二手房,"全福桥路,近机场路"
S4125368561396747,236163,绿城蓝色钱江(公寓住宅),杭州,二手房,鲲鹏路
S3631096767569932,910818,美都广场,杭州,二手房,教工路619号
S3938616537309187,877690,西溪八方城,杭州,二手房,"文一西路,近荆长路"
S2574355580218370,223675,断河头小区,杭州,二手房,河坊街51号
S4626686627818503,989973,佳源优优锦城,杭州,二手房,西墅街407号
S4619546728784900,619140,元成时代中心(商住楼),杭州,二手房,"金乔路,近元成路"
S2601110282985480,616507,万泰城章,杭州,二手房,"世纪大道,近望梅路"
S4040190139817989,597679,富力西溪悦居(公寓住宅),杭州,二手房,"常二路,近文一西路"
S3099057821817856,161178,星河景庭,杭州,二手房,金城路98号
S3052001233068046,369846,保利江语海(公寓住宅),杭州,二手房,"之江东路,近6号大街"
S3003958104726540,826220,闻潮尚庭,杭州,二手房,"望江东路,近钱江路"
S4137839412456448,826736,远东紫竹人家,杭州,二手房,狮山路284号
S4615819559789580,791609,万科郡西澜山,杭州,二手房,"风情大道,近福田路"
S4147880188025857,193733,柴校坊小区,杭州,二手房,"秋涛路,近南瓦子巷"
S4070145312873487,160801,贺田尚城(公寓住宅),杭州,二手房,六和路365号
S4158080204300298,204948,木材新村,杭州,二手房,秋涛路168号
S4213411606241290,497412,中天官河锦庭(公寓住宅),杭州,二手房,"滨康路,近阡陌路"
S2982748084775937,826220,闻潮尚庭,杭州,二手房,"望江东路,近钱江路"
S4606745568963590,574387,新安天苑,杭州,二手房,湖州路389号
S4059152967719947,265301,江南国美家园,杭州,二手房,闻涛路
S2771039607120901,160210,滨兴家园,杭州,二手房,滨兴路
S2574059323829262,218507,万象城悦府,杭州,二手房,富春路701号
S3137610914161671,160162,水星阁西区,杭州,二手房,环城北路
A7467198031,992085,君豪御园,杭州,二手房,窄珠线
S4605223814327309,580034,玲珑府(公寓住宅),杭州,二手房,西兴路399号
S4606529309596680,778888,富力十号朗悦居(公寓住宅),杭州,二手房,"文一西路,近高教路"
S4309578504675330,638484,上亿中央郡,杭州,二手房,崇杭路
S4160573206244355,161090,伊萨卡国际城(公寓住宅),杭州,二手房,"14号大街,近沿江大道"
S4549052985859077,315025,绿城西子青山湖玫瑰园,杭州,二手房,"科技大道,近民太线"
R3683848848285711,910656,绿都百瑞广场,杭州,二手房,市心北路199号
S4217542346022926,628433,德信泊林春天,杭州,二手房,鸿宁路40号
S4616677559593999,825673,春波南苑,杭州,二手房,"滨安路,近江晖路"
S4248789673958404,611338,万科公园大道,杭州,二手房,机场路355号
S4017995058798593,995754,龙湖滟澜山(澜轩),杭州,二手房,"华景街,近银沙路"
S4137918061849608,877975,万科溪望(公寓住宅),杭州,二手房,"文二西路,近环岛路"
S2574324833034255,479412,天鸿香榭里,杭州,二手房,"通益路,近祥运路"
S2574120744442880,825570,滨江万家名城(南区),杭州,二手房,"上园路,近锦江路"
S4280824571617287,234966,白马尊邸(公寓住宅),杭州,二手房,"墩池路,近荡鱼路"
S4226112485305357,160841,同人春江时代,杭州,二手房,"长河路,近滨盛路"
S3890559625060364,369920,顺发康庄(公寓住宅),杭州,二手房,萧钱线
R3754773612798980,910656,绿都百瑞广场,杭州,二手房,市心北路199号
S4613905115163655,1893012,杭与城,杭州,二手房,龙舟北路
S2921905806910479,615545,郡望府,杭州,二手房,"建设四路,近枫香路"
S2574164269228043,825525,保亿风景蝶院观园,杭州,二手房,"江虹路,近天官路"
S3038394290693128,607827,万科璞悦湾,杭州,二手房,滨文路670号
S2769356955560968,576119,融科瑷骊山,杭州,二手房,望江山路1号
S4621237535190017,160077,火炬小区,杭州,二手房,"火炬大道,近西湘路"
S4319159220382720,216452,华瑞湘湖林语,杭州,二手房,下湘湖路8号
S4527577414986753,160017,临江花园(公寓住宅),杭州,二手房,西环路33号
S4399742969076751,343452,郡原相江公寓,杭州,二手房,"仁爱路,近下沙路"
S3429237166563331,210028,兰惠家园,杭州,二手房,东湖南路416-1号
S3566583551155204,160736,江南摩卡小区,杭州,二手房,水田畈路89-1号
S4221656588049419,160752,耀江文鼎苑,杭州,二手房,萍水西街193号
S4228866951208972,659403,中天之江诚品,杭州,二手房,320国道
A7384332235,996154,富春硅谷麓园(公寓住宅),杭州,二手房,九龙大道398号
S4625319125052416,192435,万安城市花园西苑,杭州,二手房,直大方伯42号
S2664426918554630,826554,近江九园,杭州,二手房,久园弄42号
S3932651435859968,943050,绿城九龙仓桂语江南,杭州,二手房,"博奥路,近建设二路"
S3983913078090752,160520,翰林花园,杭州,二手房,翰林街108号
S3969537094704139,217713,兴和公寓,杭州,二手房,刀茅巷79号
S4539134033599502,614729,宝嘉誉峰,杭州,二手房,"石祥路,近东吴路"
S4181844221942788,217136,锦园小区,杭州,二手房,建国北路370号
S4278516514745348,160344,采荷东区,杭州,二手房,秋涛北路52号
S4496417030777864,781853,卓越蔚蓝领秀(一期),杭州,二手房,"临丁路,近华鹤街"
S2769719285277705,1218290,越秀星汇花园西区,杭州,二手房,"塘塍街,近225县道"
A7408226137,1042415,梓树花苑(公寓住宅),杭州,二手房,九龙大道
S4067437018930180,910656,绿都百瑞广场,杭州,二手房,市心北路199号
S3509886663385099,618884,美好桂花星座,杭州,二手房,"远展街,近星源路"
S4603664774392844,205213,欣盛东方郡(西区),杭州,二手房,江汉路170号
S3853414483599372,433822,迎春东苑,杭州,二手房,"共联路,近滨和路"
S4328965997112329,161035,天元公寓(公寓住宅),杭州,二手房,19号大街709号
S4361541948056588,613323,中大银泰城公寓,杭州,二手房,东新路822号
S4531425056205839,781708,新德佳苑,杭州,二手房,"胜南路,近杭氧街"
S3008248157875215,248058,宏丰家具城小区,杭州,二手房,五常荆山湾88号
S2573906181053452,160205,锦绣江南(滨江),杭州,二手房,咏渡巷59号
S4309169554496512,269307,华元爱丁郡,杭州,二手房,"宋家湾路,近西坝路"
S3724966976580612,792522,万科星空,杭州,二手房,文一西路
S3898689361273866,191425,香榭里花园,杭州,二手房,4号大街
S4309629584449551,657466,莱茵传奇园,杭州,二手房,"建设一路,近青年路"
S4085587306291207,826691,玉城公寓,杭州,二手房,东西大道
S4276851099262980,346144,望江家园西园,杭州,二手房,沙地路23号
S3430940037618691,528704,湖漫雅筑,杭州,二手房,"天官路,近光裕路"
S3945879251561476,160053,宋都凯旋苑,杭州,二手房,凯旋路68号
S3246582373164043,608767,林溪闲庭,杭州,二手房,闲富中路166号
S4485149470366729,160342,定山家园(西区),杭州,二手房,"霞鸣街,近象山路"
S2574235779132424,826753,林风花园沁林苑,杭州,二手房,闻潮路168号
S4374664573561871,477594,嘉信九悦印象,杭州,二手房,"东湖中路,近沿河路"
S4326388457168910,649983,龙湖春江郦城,杭州,二手房,江汉路1337号
S3700400773914632,863618,亲亲家园幸福里,杭州,二手房,"墩祥路,近古墩路"
S4613585555303428,579336,龙湖春江彼岸,杭州,二手房,"扬帆路,近丹枫路"
S4014754979392521,370110,理想康城一品,杭州,二手房,人民大道258号
S4386085118993412,825713,大华海派风范茗园,杭州,二手房,城东路4-10号
S4078509008494595,579336,龙湖春江彼岸,杭州,二手房,"扬帆路,近丹枫路"
S2769239072105480,370070,赞成乐山红叶(公寓住宅),杭州,二手房,天目山西路
S4516525820861453,181626,绿城蓝庭(东区),杭州,二手房,"振兴西路,近星河路"
S4405448468882440,785618,尚海湾(公寓住宅),杭州,二手房,育才路
S3577336141832205,826084,天阳棕榈湾(西区),杭州,二手房,棕榈路17号
S4277087036054533,379785,九龙仓碧玺,杭州,二手房,"后横港路,近桥弄街"
S4201650525298701,1025599,西房余杭公馆,杭州,二手房,"坝潭弄,近安乐路"
S3809747852551174,160398,碧水豪园(公寓住宅),杭州,二手房,"东信大道,近南环路"
S4425235113124868,619585,滨江金色江南,杭州,二手房,飞虹路1757号
S4019302499970054,160162,水星阁西区,杭州,二手房,环城北路
S4547077000113156,826860,中国铁建青秀城,杭州,二手房,建设一路418号
S3120363004419077,216505,通和南岸花城(公寓住宅),杭州,二手房,时代大道
S4122323155312654,787778,金地自在城鹭影轩,杭州,二手房,西园八路
R1892763539513351,316460,浙地人家,杭州,二手房,宋家湾路
S4215757143141391,160022,城南家园,杭州,二手房,凤山桥直街4号
S4248846255856649,160795,钱江时代公寓,杭州,二手房,清江路346号
S3842338567382020,778888,富力十号朗悦居(公寓住宅),杭州,二手房,"文一西路,近高教路"
S2574063770181640,264956,西溪小筑,杭州,二手房,"天目山路,近五常大道"
S4611039480224782,160841,同人春江时代,杭州,二手房,"长河路,近滨盛路"
S4616690018083842,778765,金隅学府,杭州,二手房,秋涛路
S4528662702496781,408735,阳光逸城,杭州,二手房,环丁路328号
S4166182423764993,408735,阳光逸城,杭州,二手房,环丁路328号
S4218851748899853,656352,运河宸园(公寓住宅),杭州,二手房,"登云路,近小河路"
S4166194206399502,613323,中大银泰城公寓,杭州,二手房,东新路822号
S2892234017987597,160980,长兴苑小区,杭州,二手房,绿香街358号
R3083817509363720,826569,晶典公寓,杭州,二手房,南环路1528号
S4272372390617102,826101,庭院深深(东区),杭州,二手房,东西大道
S4001927814553605,217526,临平桂花城(北区),杭州,二手房,人民大道
S3189562562305030,272618,江南文苑,杭州,二手房,滨文路639号
S4283982074028039,369955,杭州碧桂园(公寓住宅),杭州,二手房,水云街158号
S4152044354002948,369989,半岛国际,杭州,二手房,滨盛路2271号
S4330947788987407,182210,滨河公寓,杭州,二手房,"朝晖路,近上塘路"
S4466768551439362,160010,仙林苑(北区),杭州,二手房,二圣庙前60号
S4489201493646336,216712,定安东苑,杭州,二手房,后市街100-126号
S4234254026039304,779138,金地艺境,杭州,二手房,"翁乔路,鑫业路"
S3810890149355520,401920,中兴景冉佳园,杭州,二手房,学正街169号
S3242080067051521,404541,仁苑,杭州,二手房,滨盛路3191号
S4606714151085058,789892,三墩颐景园留云苑,杭州,二手房,"大禹路,近荡漾路"
S2647553694952458,216505,通和南岸花城(公寓住宅),杭州,二手房,时代大道
S3595359487075343,804630,龙湖水晶郦城,杭州,二手房,"茹家路,近庄墩路"
S3633129396658182,160489,物华小康居住区,杭州,二手房,物华路
S4503139075202049,203873,建国南苑(北区),杭州,二手房,"姚园寺巷,近建国南路"
S2742403996478478,370106,铂金名筑,杭州,二手房,平安路38号
S4149618225617935,635803,景瑞御华府(公寓住宅),杭州,二手房,"世纪大道,近汀兰路"
S4596502026071047,578175,德信晓宸,杭州,二手房,"祥富路,近上祥路"
S3395089241562115,229758,月雅苑,杭州,二手房,2号大街877号
R4066540274965517,826683,浪漫香槟(东区),杭州,二手房,香槟路68号
S2574168380550158,369942,华盛达阅城,杭州,二手房,"杭行路,近祥富路"
S4533225978063887,292642,新州花苑东区,杭州,二手房,"月明路,近西兴路"
S4299289966370827,726989,中南白马湖壹号(公寓住宅),杭州,二手房,"时代大道,近天马路"
S4336405647989770,370089,大华海派风范沁园,杭州,二手房,城东路
S2769193654672387,236163,绿城蓝色钱江(公寓住宅),杭州,二手房,鲲鹏路
S4200386307906569,1013054,盈一佳苑,杭州,二手房,鸿宁路1021号
S4569645635656708,995754,龙湖滟澜山(澜轩),杭州,二手房,"华景街,近银沙路"
S4181741986421767,995171,锦文雅苑(西区),杭州,二手房,永福路
S4350176048131076,584452,中海西溪华府,杭州,二手房,五常港路
S4593887380958213,826027,瓜山佳苑,杭州,二手房,拱康路
S4374295926221828,993920,欧美金融城西溪丽晶,杭州,二手房,水城北路
S3853774305420294,346144,望江家园西园,杭州,二手房,沙地路23号
S3205820618694668,160712,东海未名园,杭州,二手房,"4号大街,近文泽路"
S2939297700080648,224570,迎春南苑,杭州,二手房,滨兴路121号
S2769187609177095,160492,银色港湾(公寓住宅),杭州,二手房,伟业路481号
S3610502849862663,575797,朗诗未来街区西园,杭州,二手房,"天万路,近苑中路"
S3557517316971523,369809,美好桂花溪园(北区),杭州,二手房,"长连路,瓶仓大道"
S3952432188697601,160940,北银公寓,杭州,二手房,"4号大街,近3号大街"
S3995045000457229,1025599,西房余杭公馆,杭州,二手房,"坝潭弄,近安乐路"
S4429506102811656,615545,郡望府,杭州,二手房,"建设四路,近枫香路"
S4310878049803275,160441,凤栖花园,杭州,二手房,凤起路31号
S2576044609973255,641638,富越香郡,杭州,二手房,"湖州街,近杭行路"
S4522945339595782,826352,佳丰北苑,杭州,二手房,飞虹路1077号
S3928745835995144,469258,九悦江南,杭州,二手房,市心南路
S4624925914752000,192131,东湖公寓,杭州,二手房,河南埭路63号
S2573872235949060,497412,中天官河锦庭(公寓住宅),杭州,二手房,"滨康路,近阡陌路"
S4478287787453442,160442,双菱小区,杭州,二手房,双菱路33-37号
S4102446024645636,467227,保利城市果岭,杭州,二手房,银海街38号
S4579597948937220,369831,和达御观邸,杭州,二手房,上沙路246号
S3360992741499909,782005,崇邦余之城,杭州,二手房,"迎宾路,近临东路"
S2771107600964619,826569,晶典公寓,杭州,二手房,南环路1528号
S4514471529735173,369877,众安嘉润公馆,杭州,二手房,"金鸡路,近潮韵路"
S3816740686277638,160017,临江花园(公寓住宅),杭州,二手房,西环路33号
S4579519308274700,178249,景江城市花园(公寓住宅),杭州,二手房,之江路958号
S3076335048301578,181250,三华园(公寓住宅),杭州,二手房,凤起路290号
S4421637168327683,1257872,宸铭府,杭州,二手房,宸麟路468号
S4283821119548423,825501,美都良景学府,杭州,二手房,"瓶仓大道,近羊城路"
S3183947144160269,825886,翡翠城(东南区),杭州,二手房,"五常大道,近高教路"
S3876551295050767,205425,银泰海威国际,杭州,二手房,"江虹路,近科技馆路"
S4421047337853956,322406,理想家园,杭州,二手房,邱山大街724号
S4518648765637646,782578,得力名望府,杭州,二手房,"104国道辅路,近03省道"
S4157863929408518,826084,天阳棕榈湾(西区),杭州,二手房,棕榈路17号
S3889126357412872,912258,开元广场(公寓住宅),杭州,二手房,"西河路,近向旭路"
S3991024355991567,297363,中海紫藤苑,杭州,二手房,"墩祥街,近清池路"
S4018008825195535,160162,水星阁西区,杭州,二手房,环城北路
S4289434011315215,650521,钱塘之星,杭州,二手房,"江南大道,近西兴路"
S2574267575917577,219250,开元加州阳光小区,杭州,二手房,金城路333号
S2769680636402693,910832,欧美金融城,杭州,二手房,"闲林港西路,近向往街"
S2793686114999297,350909,九衡公寓,杭州,二手房,"良周路,近东西大道"
S3198155854570506,220796,天虹公寓,杭州,二手房,"天虹街,近紫荆花北路"
S4466670227268622,216452,华瑞湘湖林语,杭州,二手房,下湘湖路8号
S4387180615869444,369842,龙湖滟澜山(茗轩),杭州,二手房,华景街383号
S4251325480328199,593871,保亿风景晨园(公寓住宅),杭州,二手房,"迎宾路,近1号路"
S4254277170670594,877755,迪凯运河印象,杭州,二手房,"好运街,通益路"
R4063310333324293,219224,燕子弄小区,杭州,二手房,"庆春路,近建国中路"
S4544672473967616,802323,宋都丽郡国际,杭州,二手房,横一路
S3962331383324681,826192,望江新园一园,杭州,二手房,映霞街81号
S2576715835531275,913289,西溪润景,杭州,二手房,"创意二路,近邱桥路"
S2907730317712394,796956,众安学君里(公寓住宅),杭州,二手房,天目山西路
S2600829891488776,469003,大美公寓,杭州,二手房,"南大街,玩月街"
S2634615372080133,160199,金基晓庐,杭州,二手房,钱潮路68号
S2769225701731331,945745,西溪海星海苑,杭州,二手房,闲富北路
A7459277641,766078,九龙仓雍景山(公寓住宅),杭州,二手房,万通路58号
S3887567254429699,433822,迎春东苑,杭州,二手房,"共联路,近滨和路"
S4078381234707470,995823,景瑞天赋,杭州,二手房,"扬帆路,近博奥路"
S4180302813191174,1078509,北大资源颐和江南(公寓住宅),杭州,二手房,104国道
S3447438412880909,217526,临平桂花城(北区),杭州,二手房,人民大道
S3051937076796423,222230,缤纷北苑,杭州,二手房,"滨盛路,近西兴路"
S4391554173004806,160445,江南豪园,杭州,二手房,江南大道380号
S3562203210031111,476482,华瑞晴庐,杭州,二手房,"建设二路,近育才路"
S4054479579147272,369852,绿城玉园,杭州,二手房,"人民大道,近新丰路"
R4103242072481807,911662,丰盛九玺,杭州,二手房,"欣然街,近榨河巷"
S4334877990280199,826425,欣盛东方郡(东区),杭州,二手房,春晓路233号
S3464606474443786,657958,湘云雅苑,杭州,二手房,西兴路1190号
S3480101066155012,370062,万和国际,杭州,二手房,皓月路188号
S4630985565838338,1365370,中天珺府(北区公寓住宅),杭州,二手房,科技大道2988号
S4544206549607435,160997,采荷绿萍,杭州,二手房,庆春东路12号
S4555456447486988,779943,金星桃源居,杭州,二手房,桃源街
S3441779104048132,172735,尚农里小区,杭州,二手房,浣纱路
R3628381112804355,773493,万星悦城燕庐(公寓住宅),杭州,二手房,江南路
S3674055318495242,1275483,海兴雅苑,杭州,二手房,"联创街,近聚橙路"
S4358759963549696,656352,运河宸园(公寓住宅),杭州,二手房,"登云路,近小河路"
S3715078544252935,370006,水岸枫庭,杭州,二手房,甬江路99号
S4179490822495233,315701,悦麒美寓(东区),杭州,二手房,杭乔路8号
S4497970215312385,160210,滨兴家园,杭州,二手房,滨兴路
S2769698249255951,369960,恒和依山郡(公寓住宅),杭州,二手房,"隐逸大道,荷西路"
S2769446133181452,225610,南江公寓,杭州,二手房,萧然南路554号
S3989770006649870,656371,佳兆业西溪璞园(公寓住宅),杭州,二手房,"荆山湾路,近联胜路"
S4345005276782593,161090,伊萨卡国际城(公寓住宅),杭州,二手房,"14号大街,近沿江大道"
R4432178936802317,825574,南门江住宅区,杭州,二手房,"萧然西路,近萧然南路"
R4174997578342405,478837,公园城,杭州,二手房,岳庙路18号
S2578226571406348,160727,商教苑社区,杭州,二手房,杭海路31号-37号
S4507407430523905,825885,翡翠城(东北区),杭州,二手房,高教路
S3029584302758923,778406,滨江西溪之星(公寓住宅),杭州,二手房,"荆长大道,纬三路"
S2593461684690952,995171,锦文雅苑(西区),杭州,二手房,永福路
S4493564236798979,160192,景江苑,杭州,二手房,江南大道4348号
S4009326611389454,826554,近江九园,杭州,二手房,久园弄42号
S2745651239232527,825904,世茂江滨花园碧景湾,杭州,二手房,25号路88号
S4265717191142411,160872,新华坊,杭州,二手房,健康路23号
S4215900657314817,825481,白马湖小区白鹤苑,杭州,二手房,"一号路,近江晖路"
S4533367386792973,369972,泊林漫谷(公寓住宅),杭州,二手房,留和路
S4530290613132299,160935,翠苑一区,杭州,二手房,"学院路,近文一路"
S4152022729334796,826799,龙湖滟澜山(丽轩),杭州,二手房,"华景街,近海达南路"
S4299496397348876,160393,天福花园,杭州,二手房,近江东路34号
S4538528528638981,826736,远东紫竹人家,杭州,二手房,狮山路284号
A7462348053,193730,富春泉水湾(别墅),杭州,二手房,江滨东大道819号
S4606441047221262,826838,绿城明月江南(西区),杭州,二手房,月明路303号
S3459849766165517,218933,复地连城国际,杭州,二手房,杭海路1636号
S2576612032244740,826881,中兴花园百合苑,杭州,二手房,江汉路1679号
S4331826630762504,160393,天福花园,杭州,二手房,近江东路34号
S4271031540702222,627593,万科良渚文化村未来城,杭州,二手房,"疏港路,近104国道"
S2725667849890827,659422,华惠家园,杭州,二手房,新丝路
S4306745356463110,520016,和谐嘉园东苑,杭州,二手房,江锦路176号
A7474130770,234643,金苑山庄,杭州,二手房,四铜线
S3967152289635342,656352,运河宸园(公寓住宅),杭州,二手房,"登云路,近小河路"
S4509228008872968,779966,顺发美哉美城,杭州,二手房,"民和路,近飞虹路"
S3735837438288910,370080,中粮云涛名苑(公寓住宅),杭州,二手房,时代大道
S4574145976804359,503874,复地上城,杭州,二手房,"文一西路,近东西大道"
S2769281162419215,160360,泰和苑,杭州,二手房,刀茅巷112号
A7388818770,1077675,飘鹰富春江花苑,杭州,二手房,春江东路2155号
S2574158314496005,826055,广和美地兰庭,杭州,二手房,"东西大道,近三星路"
S4557129557306375,370091,阳光郡,杭州,二手房,莫干山路1399号
S3587221492704256,650514,嘉丰万悦城(北区),杭州,二手房,"东湖北路,近湖潭路"
S2647628371684360,160431,留下西苑,杭州,二手房,"西溪路,近留和路"
S3294986606992391,183101,凯旋金牛坊,杭州,二手房,凯旋路151号
S2821950427587585,528280,众安白马山庄(公寓住宅),杭州,二手房,留和路
S4564354903467023,160903,长江小区,杭州,二手房,"南环路,近立业路"
S4338932064447496,717456,中和北宸府,杭州,二手房,崇文街615号
A7396402175,1260783,银湖新语公寓,杭州,二手房,"美达路,近向阳路"
S4299681238621197,407976,大都尚澜,杭州,二手房,"东湖北路,近兴旺大道"
S4545569329898501,369888,滨江凯旋门,杭州,二手房,凯旋路116号
S2905355359675397,641202,赞成首府(公寓住宅),杭州,二手房,世纪大道
R3665360376995842,806213,富春江南,杭州,二手房,"大桥南路,近永济路"
S3863362174084110,160524,天阳棕榈湾(东区),杭州,二手房,棕榈路65号
S3882062217831431,160828,福利新村,杭州,二手房,中河中路122号
S4575396425673736,505314,逸天广场(公寓住宅),杭州,二手房,东信大道270号
S2770279275457537,175739,观邸国际,杭州,二手房,新和路167号
S4606890914458632,1105919,国开东方凤凰台(公寓住宅),杭州,二手房,禹航路
A7317247500,825720,大家小墅,杭州,二手房,金苑路
S4227467109343243,531858,石榴派,杭州,二手房,"东西大道,近京福线"
S3032761406185481,318655,锦昌年华,杭州,二手房,"崇杭街,近半山路"
R4353488565349390,394835,江湾绿苑(公寓住宅),杭州,二手房,毛家上路
S4200164168096769,600730,绿城之江1号(东区),杭州,二手房,"横桥路,近博美路"
S2631976473288719,170154,良渚花苑(公寓住宅),杭州,二手房,玉管路18号
S2779285565893638,271325,金盛曼城,杭州,二手房,东冠路655号
S2574069618679812,610901,中海御道(公寓住宅),杭州,二手房,"钱江路,近塘工局路"
S2574276837317641,781406,篁外(公寓住宅),杭州,二手房,"八角路,近鸡山路"
S4533322692910095,573718,德信东望,杭州,二手房,"新塘路,近明月桥路"
S4098721131174917,1218322,时代滨江悦,杭州,二手房,风情大道
S4336150030818314,369838,赞成香颂,杭州,二手房,"顺达路,近振兴西路"
S3157027496107011,641301,都市阳光嘉苑,杭州,二手房,甲来路40号
S3034198490324995,826286,华源福临花苑,杭州,二手房,"乌龙涧路,近西险大塘"
S4544593842592776,573294,万和玺园,杭州,二手房,"颜三路,近再行路"
S3999264219573255,607327,龙湖名景台(公寓住宅),杭州,二手房,"同协路,近杭玻街"
S4596722474507264,573180,重汽嘉泽苑,杭州,二手房,红山大道
S4183688400874510,369842,龙湖滟澜山(茗轩),杭州,二手房,华景街383号
S4585332975197197,1319932,勾庄佳苑,杭州,二手房,"古墩路,近金汇南路"
S3731585158851588,1030045,嘉丰万悦城(南区),杭州,二手房,东湖北路
S4441038448471051,650168,钱塘明月,杭州,二手房,金惠路300号
S2574226613246977,909736,星耀城,杭州,二手房,江陵路2028号
S3521094406609928,597681,景瑞御蓝湾,杭州,二手房,禹航路5号
S3940195293798412,170497,万科西溪蝶园(北区),杭州,二手房,紫霞街188号
S4365865375653890,825501,美都良景学府,杭州,二手房,"瓶仓大道,近羊城路"
S3826909851331587,826394,湘湖人家(西区公寓住宅),杭州,二手房,闻兴路288号
S2721400752923654,214743,金沙阳光,杭州,二手房,下沙路
S4085547587660805,634849,西溪金座,杭州,二手房,荆长路758号
S3658282595360781,379783,和合财富中心佳苑,杭州,二手房,龙湖路16号
S4323384330591246,1424017,越秀景瑞悦见山,杭州,二手房,"兴国路,近辰兴路"
S4401602821547016,659941,汉嘉申花郡,杭州,二手房,"丰庆路,近祥符路"
S4579951843634178,161090,伊萨卡国际城(公寓住宅),杭州,二手房,"14号大街,近沿江大道"
S4517658546678798,160445,江南豪园,杭州,二手房,江南大道380号
A7471707207,1024826,中庆润泽院,杭州,二手房,"西环北路,近文居街"
S3583611752635396,825760,德信银树湾,杭州,二手房,文岚街58号
S3989207720881152,803350,绿都港汇中心,杭州,二手房,市心北路853号
S4630938509188104,910818,美都广场,杭州,二手房,教工路619号
S3880326196322313,219754,阳光天际(公寓住宅),杭州,二手房,京福线
S4605591491337224,160067,顺发佳境天城(公寓住宅),杭州,二手房,市心北路737号
S2575160072678413,161107,翰墨香林苑,杭州,二手房,留和路546号
S4583761315372041,826859,中国铁建江南国际城,杭州,二手房,"金城路,近风情大道"
S4092910549491721,215447,蔡马人家,杭州,二手房,茶汤路66号
S4503365149285390,369807,财和湘域湾(公寓住宅),杭州,二手房,"潘水路,近蜀山路"
S4517322344127499,826308,中海寰宇天下C区,杭州,二手房,"滨盛路,近江陵路"
S4289325907504138,160697,都市水乡水映苑,杭州,二手房,三墩路328号
S3952755884174342,995004,东方俊园(东区),杭州,二手房,新颜南路28号
S4550024154670093,1048135,海德公园,杭州,二手房,"东吴路,近良运街"
A7406712948,370048,飞虹丁香花园,杭州,二手房,金桥北路
A7473003227,379790,滨江一号公馆,杭州,二手房,新市路1号
S4094046954937355,160733,皇亲苑,杭州,二手房,凤起路380号
S4616884638737423,343452,郡原相江公寓,杭州,二手房,"仁爱路,近下沙路"
S3117255624500235,336446,瑞金华庭嘉苑,杭州,二手房,藕花州大街西段264号
S4627835698850828,160473,后市街小区,杭州,二手房,"后市街,近惠民路"
S4019357546114052,826256,清水湾山水苑(公寓住宅),杭州,二手房,中泰路
S3274396802458636,379779,五月花城,杭州,二手房,藕花洲大街西段162号
S4223080789191688,618928,耀达金鼎华庭,杭州,二手房,仁和大道
S3955408799460357,943040,中梁百悦城(公寓住宅),杭州,二手房,顺风路128号
S4103893095459854,171723,滨文苑,杭州,二手房,"滨文路,近火炬大道"
A7442632389,379790,滨江一号公馆,杭州,二手房,新市路1号
S4265654888655875,264956,西溪小筑,杭州,二手房,"天目山路,近五常大道"
S3482674421425152,797911,东安景苑,杭州,二手房,"龙湖路,近平吴街"
S3879159925596175,193252,和家园(南区公寓住宅),杭州,二手房,杨梅山路310号
R4323735408959490,995171,锦文雅苑(西区),杭州,二手房,永福路
S3117249142808586,369850,东厦东港,杭州,二手房,北沙西路150号
S3959763673537551,762457,北城枫景园(公寓住宅),杭州,二手房,长睦路
S4142092051737608,216293,金域三江(公寓住宅),杭州,二手房,时代大道
S4590026040581126,826367,闲林山水紫薇苑,杭州,二手房,闲林东路
S2573884412256263,615545,郡望府,杭州,二手房,"建设四路,近枫香路"
S4019522699291659,160557,朝晖六小区,杭州,二手房,新市街64号
S4403126526372874,807880,阳光城上府(公寓住宅),杭州,二手房,"风情大道,近滨康路"
R2562377661620235,909736,星耀城,杭州,二手房,江陵路2028号
S4152472958541833,800144,时间国际,杭州,二手房,"环站北路,近同协南路"
S3989312176675850,790217,中天珺府(别墅),杭州,二手房,科技大道2988号
S4079902977416196,216723,红枫苑(临平),杭州,二手房,东湖北路118号
S2573905457995781,369940,新湖武林国际,杭州,二手房,环城北路167号
S4565658426336265,296629,铭和苑柳翠坊,杭州,二手房,学源街1273号
S4150644440489993,160613,清泰南苑,杭州,二手房,始版桥直街176号
S4359123693165569,223697,滨江万家星城(西区),杭州,二手房,东新路800号
S4629036990227462,1025606,融创金成江南府(公寓住宅),杭州,二手房,天目山西路
S3999553232071683,826449,金地自在城东苑(公寓住宅),杭州,二手房,"池华街,近厚仁路"
S3111656888441867,161179,新世纪花苑,杭州,二手房,古墩路1105号
S3989449524076545,217632,公元沐桥(北区),杭州,二手房,珊瑚沙路52号
S2573881647210499,542988,水晶城水晶澜轩,杭州,二手房,火炬大道
S3245062872491016,160077,火炬小区,杭州,二手房,"火炬大道,近西湘路"
S4207682436918283,863448,世包国际中心,杭州,二手房,市民街99号
S4348031059270662,248058,宏丰家具城小区,杭州,二手房,五常荆山湾88号
S4515859580838918,654114,中港罗兰小镇(公寓住宅),杭州,二手房,"210省道,近康泰路"
S4527205841218568,160801,贺田尚城(公寓住宅),杭州,二手房,六和路365号
S4497429547820044,656439,德信大家钱江府,杭州,二手房,"东宁路,近艮山西路"
S2769641182602252,221557,盛泰名都公寓,杭州,二手房,"5号大街,近4号大街"
S2986973188400134,300674,天鸿君邑(公寓住宅),杭州,二手房,东信大道
S3200005953675274,1216235,德信九溪云庄,杭州,二手房,"丽景路,近文景路"
S3156868373962760,1001251,阳光城檀悦,杭州,二手房,"扬帆路,近盈丰路"
S4527410316436482,826449,金地自在城东苑(公寓住宅),杭州,二手房,"池华街,近厚仁路"
S2725707737586700,1299107,康悦香庄,杭州,二手房,江淑路111号
S2574063365348356,762457,北城枫景园(公寓住宅),杭州,二手房,长睦路
S3137556552883210,1001251,阳光城檀悦,杭州,二手房,"扬帆路,近盈丰路"
S3135622945022987,826619,九浪山花园,杭州,二手房,"103省道,近祥利村"
S3168524457566223,193252,和家园(南区公寓住宅),杭州,二手房,杨梅山路310号
S4329119336751107,826302,环桥花苑,杭州,二手房,"星河路,近振兴西路"
S3979717436349446,370101,宋都东郡国际嘉湾,杭州,二手房,凌云街21号
S3922808246250507,369879,赞成美树,杭州,二手房,金恒路174号
S2728021713101830,1062189,奥克斯时代未来之城,杭州,二手房,"向往街,近向往街"
S3825185497768964,780546,雅居乐国际花园,杭州,二手房,"天目山西路,近闲富路"
S3117248902864902,160438,山西园小区,杭州,二手房,"山西园路,近禹航路"
S3862186102942730,826010,白鹭郡南探梅里(北区),杭州,二手房,大陆路
S4271241887325198,796956,众安学君里(公寓住宅),杭州,二手房,天目山西路
R4280898664868866,910215,嘉富广场,杭州,二手房,市心南路822-830号
S4297839015177227,234966,白马尊邸(公寓住宅),杭州,二手房,"墩池路,近荡鱼路"
R2996724144923660,806214,澳海香樟苑,杭州,二手房,大桥南路188号
S4544489640303626,868158,金世纪运河丽园(公寓住宅),杭州,二手房,"东湖北路,近兴旺大道"
S3846773532666890,863104,绿城桃源小镇东方苑,杭州,二手房,闲沈路
S4189266181237767,160343,南岸晶都花园,杭州,二手房,平安路72号
S4380257081564165,369932,绿都御景蓝湾(公寓住宅),杭州,二手房,时代大道6588号
S4606716083203081,189620,白鹭郡北,杭州,二手房,"风情大道,近玉鸟路"
S4138378142982154,369894,欣盛东方福邸,杭州,二手房,"水月街,近学院北路"
S3736515729796110,160104,世纪新城,杭州,二手房,高技路51-55号
S4548687220728835,650521,钱塘之星,杭州,二手房,"江南大道,近西兴路"
S4596891176135688,880188,大园新城(公寓住宅),杭州,二手房,"天柱街,近大园路"
S3186548937892864,616507,万泰城章,杭州,二手房,"世纪大道,近望梅路"
S4606468351810565,651236,万宝城,杭州,二手房,荷禹路105号
R3884473117204490,916691,集美岸上蓝山紫云苑,杭州,二手房,紫荆路69号
S4302563911621641,638484,上亿中央郡,杭州,二手房,崇杭路
A7458445958,826130,桐庐碧桂园(公寓住宅),杭州,二手房,城南路799号
S4510209081596936,369989,半岛国际,杭州,二手房,滨盛路2271号
S4158092017495040,826739,远洋公馆(东区),杭州,二手房,大浒街99号
S3117246021608457,1033632,华元欢乐城(商住楼),杭州,二手房,"迎宾路,近望梅路"
S3444785091010574,370083,天阳云筑(公寓住宅),杭州,二手房,"八角路,近鸡山路"
S4373367936527365,952171,中赢康康谷(商住楼),杭州,二手房,春晓路61号
S4116621484731407,635026,合景瑜翠园,杭州,二手房,舒心路
R3047208704959498,586666,中交悦西溪(公寓住宅),杭州,二手房,"常二路,近大华欣华支路"
S4111427092474882,938030,龙禧大酒店公寓,杭州,二手房,江南大道3788号
S4346275358202887,867356,百汇中心,杭州,二手房,南渠南路116号
S4108155552341004,912258,开元广场(公寓住宅),杭州,二手房,"西河路,近向旭路"
A7472974785,826683,浪漫香槟(东区),杭州,二手房,香槟路68号
R3265250479610888,938681,三花国际,杭州,二手房,"明月桥路,近鸿泰路"
S3624083482714113,160828,福利新村,杭州,二手房,中河中路122号
S4606594172677134,369817,恒安名座,杭州,二手房,崇化路750号
S4540046293593095,1078073,越秀星悦城(公寓住宅),杭州,二手房,"星港路,近塘塍街"
A7433632541,825510,美凯国际寓所,杭州,二手房,梅林路299号
S4040170446135298,469003,大美公寓,杭州,二手房,"南大街,玩月街"
S4118575757896711,172587,浣纱路58-371号小区,杭州,二手房,浣纱路
S4534332173509636,877728,金地德圣中心(商住楼),杭州,二手房,"金城路,近金山路"
S4621072408617986,248839,中海钱塘山水(公寓住宅),杭州,二手房,东信大道92号
S4510549201705995,418048,风雅乐府(公寓住宅),杭州,二手房,"好运街,近东吴路"
S3651176028954631,781853,卓越蔚蓝领秀(一期),杭州,二手房,"临丁路,近华鹤街"
S4182192224215052,781853,卓越蔚蓝领秀(一期),杭州,二手房,"临丁路,近华鹤街"
S2769345470391306,659380,临东家园,杭州,二手房,星光街1091号
S4118074425158671,379792,瑞立东方花城,杭州,二手房,滨安路42号
S4392938877873165,638889,金都夏宫(公寓住宅),杭州,二手房,"北沙西路,近星河路"
S2573889666837517,160576,国都凤起都市花园,杭州,二手房,凤起路193-205号
S3291844782039053,825999,通和戈雅公寓,杭州,二手房,万达北路710号
A7477570001,370036,逸城(别墅),杭州,二手房,江滨东大道1118号
A7425068259,877738,富春壹号院(公寓住宅),杭州,二手房,大桥北路238号
S3655241900875780,375266,康都紫轩,杭州,二手房,甬江路191号
S4370218258623503,220251,蓝桥名苑,杭州,二手房,金堡街294号
S2725670516468737,861512,绿城翡翠湾,杭州,二手房,"五常大道,近高教路"
R4243121173408771,825576,滨康二苑,杭州,二手房,"江椒路,近南环路"
S4325096444288009,611491,华元欢乐城(公寓住宅),杭州,二手房,迎宾路
S2574195024207880,369907,泊林印象,杭州,二手房,仁爱路218号
S4105609468763139,160372,奥兰多小镇(公寓住宅),杭州,二手房,风情大道4555号
S4319114049121292,160077,火炬小区,杭州,二手房,"火炬大道,近西湘路"
S3439559038820360,370076,顺发堤香名苑,杭州,二手房,"金鸡路,近博学路"
S4425659764124687,786761,万通时尚公馆(公寓住宅),杭州,二手房,"景兴路,近东莲街"
S2595164953553933,794728,江滨澜廷,杭州,二手房,"闻涛路,近江陵路"
S3978061317647371,651236,万宝城,杭州,二手房,荷禹路105号
S2581270058232842,181423,袁井巷,杭州,二手房,"中河南路,近抚宁路"
S2769312275651585,791714,招商雍泽府,杭州,二手房,"兴建路,近园区路"
S3274392623046669,369845,华元蒙卡岸,杭州,二手房,"和睦路,近五常大道"
S3863785314492431,826456,金色钱塘(南区),杭州,二手房,风情大道677号
S2607728585973775,573180,重汽嘉泽苑,杭州,二手房,红山大道
S3180911401903117,911314,恒隆广场,杭州,二手房,山阴路688号
S4245818505911309,781406,篁外(公寓住宅),杭州,二手房,"八角路,近鸡山路"
S3941848757183500,1218291,越秀星汇花园东区,杭州,二手房,"星港路,近滨河路"
S2880885378999298,303624,东海柠檬郡,杭州,二手房,幸福南路252号
S4436599049530374,798267,合景映月台(公寓住宅),杭州,二手房,"溪望路,近良睦路"
S2573920457842701,160205,锦绣江南(滨江),杭州,二手房,咏渡巷59号
S4232989834469381,635214,赞成杭家,杭州,二手房,崇文街
S2924884381803524,216452,华瑞湘湖林语,杭州,二手房,下湘湖路8号
S4537016697250830,825761,林之语(公寓住宅),杭州,二手房,"钱宁线,近奔竞大道"
R4360338368831494,409606,平瑞瑞和园,杭州,二手房,东西大道
S4275487582215174,369953,绿城明月江南(东区),杭州,二手房,月明路256号
S4574313127734273,608767,林溪闲庭,杭州,二手房,闲富中路166号
S4288356611513359,503874,复地上城,杭州,二手房,"文一西路,近东西大道"
S4618321846578191,649613,融创河滨之城水澜轩,杭州,二手房,"五常港路,近余杭塘路"
S2920924664212495,994925,宋都东郡国际锦湾,杭州,二手房,秀水街190号
S3680679058908168,826302,环桥花苑,杭州,二手房,"星河路,近振兴西路"
S3330405519631365,160199,金基晓庐,杭州,二手房,钱潮路68号
S4555464305892366,219771,勤远里,杭州,二手房,"察院前巷,近中山南路"
S3589448044209158,220251,蓝桥名苑,杭州,二手房,金堡街294号
S4092727710687234,369819,滨江城市之星(公寓住宅),杭州,二手房,市民街167号
A7460884451,992085,君豪御园,杭州,二手房,窄珠线
S2962025648090119,369929,昆仑公馆,杭州,二手房,长板巷99号
S4318018442046466,1105919,国开东方凤凰台(公寓住宅),杭州,二手房,禹航路
S3710771864674314,1189440,中城汇MIDTOWN(公寓住宅),杭州,二手房,石祥路
S4551657974588417,478833,金瑞城市风景,杭州,二手房,风景街333号
S4196312608398343,826742,联庄江涛阁,杭州,二手房,东信大道1038号
S3850736669371400,589478,望江府,杭州,二手房,闻潮路280号
S4232952456977413,160613,清泰南苑,杭州,二手房,始版桥直街176号
S4520098455428101,783119,绿城留香园,杭州,二手房,塘工局路
S4357702217605122,607288,赛丽绿城丽园,杭州,二手房,江城路
S4251162318543884,477594,嘉信九悦印象,杭州,二手房,"东湖中路,近沿河路"
S4251093543775232,369942,华盛达阅城,杭州,二手房,"杭行路,近祥富路"
S4195026796339200,826446,新城国际花园和园,杭州,二手房,庆和路55号
S4207216477531140,1236386,上实海上海(二期),杭州,二手房,白洋路
S3963743047179273,793527,龙湖武林九里,杭州,二手房,"华丰中路,近丁城路"
S3378119430546438,174646,东方润园,杭州,二手房,钱潮路9号
S2913396543974404,369809,美好桂花溪园(北区),杭州,二手房,"长连路,瓶仓大道"
S4527223552289802,318655,锦昌年华,杭州,二手房,"崇杭街,近半山路"
S3372051631809549,177622,华宇家园,杭州,二手房,临平星光街957号
S4374728474041346,803535,宋都东郡之星,杭州,二手房,"银海街,近春新路"
S2769146384587776,221442,太炎花苑,杭州,二手房,仓兴街
S3490238681242629,161154,国都公寓,杭州,二手房,凤起路361号
A7348666450,877729,金久城市花园,杭州,二手房,春江东路388号
S4378648826602503,877750,滨江金茂府,杭州,二手房,"西兴路,近滨盛路"
S3299990986562572,410316,广悦公寓,杭州,二手房,高桥路1070号
S3821520721454087,161051,德胜新村(北区),杭州,二手房,德苑路99号
S4060448619998215,200840,绿城留庄(公寓住宅),杭州,二手房,天目山路389号
S3536834811224065,826558,近江五园,杭州,二手房,衢江路87号
S4423949284039689,303624,东海柠檬郡,杭州,二手房,幸福南路252号
S4588569152105483,621010,香山四季公馆,杭州,二手房,"蜀山路,近亚太路"
R3954608633585669,913289,西溪润景,杭州,二手房,"创意二路,近邱桥路"
S4319581880672270,160039,东海花园,杭州,二手房,南大街126号
S4551388602768389,826557,近江四园,杭州,二手房,"婺江路,近富春路"
S4616375428836366,651236,万宝城,杭州,二手房,荷禹路105号
S3564656130286601,826118,同城印象(西区),杭州,二手房,狮山路307号
S4558798127979530,370000,风华苑,杭州,二手房,世纪大道19号
R3675314032550923,773493,万星悦城燕庐(公寓住宅),杭州,二手房,江南路
S4139323818257420,1035534,万科北宸之光拱宸,杭州,二手房,上园路
S4209147174280203,826558,近江五园,杭州,二手房,衢江路87号
S3982458204348430,826101,庭院深深(东区),杭州,二手房,东西大道
S2927698880879628,994908,闲林山水海棠苑,杭州,二手房,"闲林东路,近高教路"
S4626774524748808,300674,天鸿君邑(公寓住宅),杭州,二手房,东信大道
S2788896907160578,825828,东日晴好,杭州,二手房,"科海路,近狐山路"
R2940400991329287,219771,勤远里,杭州,二手房,"察院前巷,近中山南路"
R4138145226038281,160360,泰和苑,杭州,二手房,刀茅巷112号
S4532078448679941,192159,钱神花苑,杭州,二手房,仓兴街438-4号
S2574058759413768,160384,瑞立中央花城,杭州,二手房,滨河路796号
S3550709406178316,789619,瑞麒时代(公寓住宅),杭州,二手房,通益路
S4238724897614850,160384,瑞立中央花城,杭州,二手房,滨河路796号
S4088585161874442,994954,金色钱塘(北区),杭州,二手房,风情大道677号
S4150705475444740,761437,凯文杭庄(公寓住宅),杭州,二手房,"映荷路,近荷禹路"
S4009130032524302,160630,滨江金色海岸,杭州,二手房,富春路9号
S4128319653912588,611311,恒基旭辉府,杭州,二手房,"崇杭街,近丽水北路"
S4027560962468879,160039,东海花园,杭州,二手房,南大街126号
S4192107164589063,628421,众安景海湾(公寓住宅),杭州,二手房,弘慧路
S4573985559211021,160265,竹海水韵(公寓住宅),杭州,二手房,"闲富北路,近天目山西路"
S4527545132555265,826864,绿都四季华庭,杭州,二手房,"育才路,近晨晖路"
S4036480656482314,369932,绿都御景蓝湾(公寓住宅),杭州,二手房,时代大道6588号
S3027158138219520,1048132,东原印未来,杭州,二手房,溪望路
A7169323164,825725,大家悦墅,杭州,二手房,育才西路
S2769172865571848,271325,金盛曼城,杭州,二手房,东冠路655号
R4191787597589509,160597,赞成荆山翠谷(公寓住宅),杭州,二手房,闲林东路
S2920445923582989,369928,德圣博奥城,杭州,二手房,建设二路528号
S4435208096177164,217304,锦绣钱塘,杭州,二手房,科技大道
S2574142748909577,188696,北秀蓝湾,杭州,二手房,东西大道
S3381369982181380,370053,朗郡庭园(公寓住宅),杭州,二手房,"象山路,近横桥路"
S3356922910481419,191233,复兴东苑,杭州,二手房,"复兴路,近秋涛路"
S4380267938423809,989973,佳源优优锦城,杭州,二手房,西墅街407号
A7424841608,1302937,融创微风之城(公寓住宅),杭州,二手房,东桥路169号
S4444214504217608,512609,武林壹号,杭州,二手房,湖墅南路66号
S2725680765770752,923412,禹洲滨之江,杭州,二手房,"枫桦东路,近枫桦西路"
S4558305446485004,657498,万马伊顿庄园(公寓住宅),杭州,二手房,大学路
R3987911220653070,219771,勤远里,杭州,二手房,"察院前巷,近中山南路"
R3951738117971979,432261,名扬阁,杭州,二手房,萧钱线
S4567447551482883,179178,梅堰小区,杭州,二手房,红丰路216号
S4516066010932226,174646,东方润园,杭州,二手房,钱潮路9号
S4295466356580363,160116,采荷小区芙蓉邨,杭州,二手房,双菱路21号
S3942796424014850,576119,融科瑷骊山,杭州,二手房,望江山路1号
S3447218950233088,910660,东方君悦,杭州,二手房,民心路88号
S4412640426107919,224958,广厦天都城天星苑,杭州,二手房,"场环路,近欢乐大道"
S3952463714298888,160077,火炬小区,杭州,二手房,"火炬大道,近西湘路"
S3051868497912840,609573,后珠辰秀嘉园(北区),杭州,二手房,明珠街
S3214899223764992,659403,中天之江诚品,杭州,二手房,320国道
S4019031166888974,658236,钱江御府,杭州,二手房,"候潮路,近秋涛路"
R3205169546140683,790318,广元公寓,杭州,二手房,晨晖路952号
S4248337044204545,369842,龙湖滟澜山(茗轩),杭州,二手房,华景街383号
S4051546239852546,1133552,龙湖春江天越(公寓住宅),杭州,二手房,凌云街
A7413310781,160587,紫云山庄(别墅),杭州,二手房,杭富公路
S3607910519906315,1062189,奥克斯时代未来之城,杭州,二手房,"向往街,近向往街"
S3989309948845056,826220,闻潮尚庭,杭州,二手房,"望江东路,近钱江路"
S3339826863088643,826799,龙湖滟澜山(丽轩),杭州,二手房,"华景街,近海达南路"
S4296409666022414,370089,大华海派风范沁园,杭州,二手房,城东路
S4002368636546054,1319932,勾庄佳苑,杭州,二手房,"古墩路,近金汇南路"
S3839398291188747,369842,龙湖滟澜山(茗轩),杭州,二手房,华景街383号
S4541308531649549,994908,闲林山水海棠苑,杭州,二手房,"闲林东路,近高教路"
S4051852926721029,201140,云雀苑,杭州,二手房,江城路548-550号
S4102503070507023,217478,绿野春天家园(公寓住宅),杭州,二手房,"里东路,近闲富公路"
S4079902969306118,620117,理想银泰城(公寓住宅),杭州,二手房,世纪大道118号
S4311992819756035,660197,昆仑华府,杭州,二手房,"新104国道,近东西大道"
S2574237388659726,826742,联庄江涛阁,杭州,二手房,东信大道1038号
S4398746100474881,160901,翠苑三区(东区),杭州,二手房,翠柏路11号
S4575277870525449,160442,双菱小区,杭州,二手房,双菱路33-37号
S2770311093754891,912477,丽晶国际中心,杭州,二手房,鸿宁路2327号
S4133805018243087,446654,白鹭郡南探梅里(南区),杭州,二手房,大陆路
S2911200382835715,910660,东方君悦,杭州,二手房,民心路88号
S4534594375263235,785618,尚海湾(公寓住宅),杭州,二手房,育才路
S3428097839703043,952860,新城香悦公馆(公寓住宅),杭州,二手房,金城路1799号
S4604986352675849,826308,中海寰宇天下C区,杭州,二手房,"滨盛路,近江陵路"
S4546167579892748,206600,钱江水晶城,杭州,二手房,滨盛路4402号
S2574228189454348,173598,胡姬花园,杭州,二手房,新城路90号
S3552270471013389,238045,都市水乡水秀苑,杭州,二手房,民意街45号
S4632476740475913,880187,慈岩印象新城,杭州,二手房,"官塘线,近330国道"
S4408273728267265,244215,朗诗国际街区,杭州,二手房,27号路60号
S4595104402088968,1078509,北大资源颐和江南(公寓住宅),杭州,二手房,104国道
S2995602511420420,334770,亿丰蔚蓝郡,杭州,二手房,勾庄路218号
S3751851152763915,369902,金地天逸,杭州,二手房,山阴路1999路
S4578508731638790,660197,昆仑华府,杭州,二手房,"新104国道,近东西大道"
S2574205455133709,790217,中天珺府(别墅),杭州,二手房,科技大道2988号
S3577294739971080,863618,亲亲家园幸福里,杭州,二手房,"墩祥路,近古墩路"
S4608147396387841,607834,天阳尚城国际,杭州,二手房,"全福桥路,近机场路"
S2585420612328455,217526,临平桂花城(北区),杭州,二手房,人民大道
S4332058618539019,219224,燕子弄小区,杭州,二手房,"庆春路,近建国中路"
S4100713929744386,160965,大家静安花苑,杭州,二手房,下车路102号
S4571228682185738,868300,金帝海珀雅苑,杭州,二手房,振兴西路158号
S4206019127991303,1048139,江南之星,杭州,二手房,"博奥路,近金惠路"
S3777492752688129,614569,金地申花里,杭州,二手房,莫干山路
S4193123620331528,825931,福鼎家园,杭州,二手房,"文昌路,近常二路"
S3574839317879818,656248,首开国风美域,杭州,二手房,振华路1号
S3993780836785162,191426,大都文苑风情,杭州,二手房,"2号大街,近3号大街"
S4323759853494277,1390348,滨江御滨府(公寓住宅),杭州,二手房,"阡陌路,近北塘路"
S4354672287718405,179178,梅堰小区,杭州,二手房,红丰路216号
S4162568773053450,222976,清雅苑,杭州,二手房,学林街633号
S4629083368467461,780546,雅居乐国际花园,杭州,二手房,"天目山西路,近闲富路"
S2573891914866696,369953,绿城明月江南(东区),杭州,二手房,月明路256号
A7472921936,1074373,美丽春天府,杭州,二手房,石马路521号
S4375656456248334,203873,建国南苑(北区),杭州,二手房,"姚园寺巷,近建国南路"
S4582830186404865,160442,双菱小区,杭州,二手房,双菱路33-37号
S2769305346759682,160299,国信嘉园(公寓住宅),杭州,二手房,滨盛路4050号
S2574177969003532,877696,萧山宝龙城市广场,杭州,二手房,"建设一路,近金鸡路"
S3270763206123528,497412,中天官河锦庭(公寓住宅),杭州,二手房,"滨康路,近阡陌路"
S3447804641206275,825885,翡翠城(东北区),杭州,二手房,高教路
S4397387542225926,508113,望江新园三园,杭州,二手房,"东宝路,近东霞巷"
S4615176123964428,316460,浙地人家,杭州,二手房,宋家湾路
S3198332853429248,201741,三鑫君悦丽景,杭州,二手房,金城路51号
S4054670298901513,781853,卓越蔚蓝领秀(一期),杭州,二手房,"临丁路,近华鹤街"
S3505584069516300,729169,融创瑷颐湾,杭州,二手房,"祥运路,近杭行路"
S4245380784955396,369899,红景凯丽晶座(公寓住宅),杭州,二手房,通惠北路718号
S4106842188114959,803350,绿都港汇中心,杭州,二手房,市心北路853号
S4613463658947588,224144,保利东湾(西区),杭州,二手房,"24号大街,近20号大街"
S2574231643463695,952171,中赢康康谷(商住楼),杭州,二手房,春晓路61号
S4586970740775939,160381,采荷小区洁莲邨,杭州,二手房,双菱路34号
S2769277311708167,218032,吉如家园,杭州,二手房,"杭印路,近登云路"
S4078851112148995,607288,赛丽绿城丽园,杭州,二手房,江城路
S4188794317138946,369824,中意名仕苑(公寓住宅),杭州,二手房,人民大道438号
S4544495535762435,369842,龙湖滟澜山(茗轩),杭州,二手房,华景街383号
S4200514119281665,781406,篁外(公寓住宅),杭州,二手房,"八角路,近鸡山路"
S4210898934602765,1133552,龙湖春江天越(公寓住宅),杭州,二手房,凌云街
S4520169750670343,657498,万马伊顿庄园(公寓住宅),杭州,二手房,大学路
S2920501990534155,826030,塘栖一小区,杭州,二手房,"塘栖路,近里仁路"
S4371496240409602,410317,之江家园五区,杭州,二手房,"转之路,近东环路"
S3250567598908418,825885,翡翠城(东北区),杭州,二手房,高教路
S2798848629613574,616507,万泰城章,杭州,二手房,"世纪大道,近望梅路"
S4276638779796486,826256,清水湾山水苑(公寓住宅),杭州,二手房,中泰路
S4396179584261121,916687,碧桂园深蓝国际中心,杭州,二手房,"博奥路,近利一路"
S2574091701936141,221384,同和公寓,杭州,二手房,萧西路78-8号
S4486450960213000,160192,景江苑,杭州,二手房,江南大道4348号
S4596502199444482,1424017,越秀景瑞悦见山,杭州,二手房,"兴国路,近辰兴路"
S2574105688154125,825716,大家绿城金麟府,杭州,二手房,"上塘路,近湖州街"
S2770278160149519,369956,星汇荣邸,杭州,二手房,浦沿路369号
S3595359817212931,649613,融创河滨之城水澜轩,杭州,二手房,"五常港路,近余杭塘路"
S2725673892127758,826220,闻潮尚庭,杭州,二手房,"望江东路,近钱江路"
S3174476455518212,216666,潮鸣苑,杭州,二手房,"潮鸣寺巷,近醋坊巷"
S2769721318579204,369960,恒和依山郡(公寓住宅),杭州,二手房,"隐逸大道,荷西路"
S4368975711593483,160520,翰林花园,杭州,二手房,翰林街108号
S4602216730336267,656371,佳兆业西溪璞园(公寓住宅),杭州,二手房,"荆山湾路,近联胜路"
S2692933173632007,863618,亲亲家园幸福里,杭州,二手房,"墩祥路,近古墩路"
R3172862569996303,880187,慈岩印象新城,杭州,二手房,"官塘线,近330国道"
S4588561301070857,369839,协安紫郡,杭州,二手房,紫萱路308号
A7474127243,1029638,五月香山(公寓住宅),杭州,二手房,320国道
S2970104304626689,217995,银爵世纪公寓,杭州,二手房,浦沿路715号
S4095961912224769,160582,昆仑水印城,杭州,二手房,滨盛路2242号
S4489166119920652,1218303,翡翠城梧桐郡,杭州,二手房,"高教路,近五常大道"
S4010755957255172,369834,多立方公寓,杭州,二手房,九华路
S3829652435492879,788323,东晖龙悦湾(公寓住宅),杭州,二手房,"五洲路,近小白线"
S4566098820340750,366286,西溪海悦海苑,杭州,二手房,"闲富北路,近上和路"
S3760352453189641,469258,九悦江南,杭州,二手房,市心南路
S4596805070543886,656439,德信大家钱江府,杭州,二手房,"东宁路,近艮山西路"
S4610648304557063,658012,香悦郡国际公寓,杭州,二手房,沈半路
S4272777414401026,635788,赞成赞城,杭州,二手房,棕榈路801号
S4584253618236422,185133,毓秀家园,杭州,二手房,临平人民大道652号
S4357397468208138,659403,中天之江诚品,杭州,二手房,320国道
S2954587886742534,401920,中兴景冉佳园,杭州,二手房,学正街169号
S3820799179351045,911314,恒隆广场,杭州,二手房,山阴路688号
S3117260336356360,607368,绿城莲园(公寓住宅),杭州,二手房,"北沙西路,近荷花路"
S4025190895348742,401920,中兴景冉佳园,杭州,二手房,学正街169号
S3965577581521932,619462,中旅紫金名门,杭州,二手房,振华路10号
S2573890073046028,635214,赞成杭家,杭州,二手房,崇文街
A7096141782,1296149,高桥花苑(东区),杭州,二手房,高桦路3号
S3165874839002120,994998,春波西苑,杭州,二手房,"春波路,近江晖路"
S3594633614353419,659403,中天之江诚品,杭州,二手房,320国道
S4363158810565643,173565,庭院深深(西区),杭州,二手房,东西大道
S4489242841738242,825861,都市阳光和苑,杭州,二手房,甲来路82号
S2574349036252172,207422,中兴和园(公寓住宅),杭州,二手房,火炬南路1612号
S4247241956666378,1017351,旭辉宝龙东湖城(公寓住宅),杭州,二手房,"青六北路,近南沙路"
S4276662401916937,370055,积家(公寓住宅),杭州,二手房,浦沿路789号
S2783175387458575,370078,建境巧克力公馆,杭州,二手房,鸿兴路338号
S3971324259884039,826446,新城国际花园和园,杭州,二手房,庆和路55号
S4535716983958532,160802,西城时代家园,杭州,二手房,文一西路
S4498969308486659,469003,大美公寓,杭州,二手房,"南大街,玩月街"
S2675510150505478,826554,近江九园,杭州,二手房,久园弄42号
S4626300232653833,786760,新城峯璟(公寓住宅),杭州,二手房,文二西路
S4154920730992648,467227,保利城市果岭,杭州,二手房,银海街38号
S3014667342472199,913287,云溪印象,杭州,二手房,"镇中路,近象山路"
S3787215694372872,292253,清沁花苑,杭州,二手房,九曲营路201号
S4484948886793227,160162,水星阁西区,杭州,二手房,环城北路
S2576382678887431,481359,青枫墅园山语阁,杭州,二手房,"上仓路,近和睦路"
S4231328499032067,621010,香山四季公馆,杭州,二手房,"蜀山路,近亚太路"
S4544542716795919,657913,嘉里云荷廷,杭州,二手房,"珊瑚沙路,近江涵路"
S4524335351081996,1255003,三江名苑,杭州,二手房,时代大道
S2574286225501187,181423,袁井巷,杭州,二手房,"中河南路,近抚宁路"
A7461832348,825725,大家悦墅,杭州,二手房,育才西路
S4485135677252621,877972,融信学院府,杭州,二手房,学院北路
S3632528178289666,1030045,嘉丰万悦城(南区),杭州,二手房,东湖北路
S4034995754048522,994879,新城都市丽景北苑(公寓住宅),杭州,二手房,政法街88号
S2769609725340682,800144,时间国际,杭州,二手房,"环站北路,近同协南路"
S4171101556087813,161035,天元公寓(公寓住宅),杭州,二手房,19号大街709号
S4167910798188556,369824,中意名仕苑(公寓住宅),杭州,二手房,人民大道438号
S2575887538809861,160901,翠苑三区(东区),杭州,二手房,翠柏路11号
A7462969419,370048,飞虹丁香花园,杭州,二手房,金桥北路
S3182387095053319,649613,融创河滨之城水澜轩,杭州,二手房,"五常港路,近余杭塘路"
S2720067046140934,369948,恒瑞名座,杭州,二手房,利华路898号
S3246581701549068,219861,万科魅力之城(东区),杭州,二手房,九环路41-4号
S4484671082621952,160006,恒泰御庭园,杭州,二手房,文明路288号
S3921295378670593,201140,云雀苑,杭州,二手房,江城路548-550号
A7471666642,720940,新桃源,杭州,二手房,华庭西路209号
S4477593621160961,578903,金隅田员外,杭州,二手房,"半山东路,近依山路"
S4365788578013187,476482,华瑞晴庐,杭州,二手房,"建设二路,近育才路"
S4435169695196162,780133,汀洲花苑(北区),杭州,二手房,"振兴西路,近荷禹路"
S4244150522817543,192131,东湖公寓,杭州,二手房,河南埭路63号
S2769612707896334,1025599,西房余杭公馆,杭州,二手房,"坝潭弄,近安乐路"
S3385492165075974,160940,北银公寓,杭州,二手房,"4号大街,近3号大街"
S4352235355761673,365466,绿城丁香公馆,杭州,二手房,休博路288号
S2746460689982466,183101,凯旋金牛坊,杭州,二手房,凯旋路151号
S4564535783859211,1055511,富力十号院,杭州,二手房,"高教路,近文二西路"
A7466837406,1038258,银湖花苑(公寓住宅),杭州,二手房,320国道
S4054807903068161,218616,广瑞瑞城花园(公寓住宅),杭州,二手房,东西大道
S3552288228006915,160343,南岸晶都花园,杭州,二手房,平安路72号
S4578508740123660,476482,华瑞晴庐,杭州,二手房,"建设二路,近育才路"
S4391556129565709,234966,白马尊邸(公寓住宅),杭州,二手房,"墩池路,近荡鱼路"
S4302130988919822,370053,朗郡庭园(公寓住宅),杭州,二手房,"象山路,近横桥路"
S2769673822004230,826030,塘栖一小区,杭州,二手房,"塘栖路,近里仁路"
S4055936441773069,826790,长江西苑,杭州,二手房,建业路151号
S4144948767792141,800144,时间国际,杭州,二手房,"环站北路,近同协南路"
S4529999636225032,172587,浣纱路58-371号小区,杭州,二手房,浣纱路
S3313178122706951,370080,中粮云涛名苑(公寓住宅),杭州,二手房,时代大道
S3285762445843468,657913,嘉里云荷廷,杭州,二手房,"珊瑚沙路,近江涵路"
S3514962298314758,825841,上石苑,杭州,二手房,石祥路349号
S4272836376518665,221973,新绿园,杭州,二手房,鲲鹏路97号
S4486527640497154,803286,水韵康桥康泽苑,杭州,二手房,康桥路
S3768739797396482,825088,超级星期天(公寓住宅),杭州,二手房,西浦路1718号
S4120878048648204,804630,龙湖水晶郦城,杭州,二手房,"茹家路,近庄墩路"
S4160754093531144,826739,远洋公馆(东区),杭州,二手房,大浒街99号
S4496310838256648,160199,金基晓庐,杭州,二手房,钱潮路68号
S4002396179749902,370006,水岸枫庭,杭州,二手房,甬江路99号
S3002623488107524,369894,欣盛东方福邸,杭州,二手房,"水月街,近学院北路"
S4525707674868742,826831,绿城九龙仓柳岸晓风(公寓住宅),杭州,二手房,"闻涛路,近建业路"
A7357368300,370021,西郊半岛(公寓住宅),杭州,二手房,江滨东大道1号
S3864900614761484,379779,五月花城,杭州,二手房,藕花洲大街西段162号
S2745294232710150,825760,德信银树湾,杭州,二手房,文岚街58号
S4477973241310221,160053,宋都凯旋苑,杭州,二手房,凯旋路68号
S3939715578536975,192159,钱神花苑,杭州,二手房,仓兴街438-4号
R4294085002062863,825948,水榭花都,杭州,二手房,绿荫街149号
A7471655475,943047,金汇之星,杭州,二手房,"文豪西路,近金浦路"
S3627246905007107,469002,广宇鼎悦府,杭州,二手房,南大街329号
S3975397958429698,232438,严衙弄,杭州,二手房,佑圣观路176号
S4426572457778180,826860,中国铁建青秀城,杭州,二手房,建设一路418号
S4187982304095244,160192,景江苑,杭州,二手房,江南大道4348号
S4622543975900171,863105,绿城桃源小镇依云邨,杭州,二手房,闲沈路
S4578623764653067,161107,翰墨香林苑,杭州,二手房,留和路546号
S3952925696761856,826192,望江新园一园,杭州,二手房,映霞街81号
S2575844402667529,369955,杭州碧桂园(公寓住宅),杭州,二手房,水云街158号
S4540231124509703,191637,力达易居时代,杭州,二手房,东湖北路404号
S4232982361071619,369953,绿城明月江南(东区),杭州,二手房,月明路256号
S2672714693483520,925737,长河商厦,杭州,二手房,长江路428号
S4587098535357444,160398,碧水豪园(公寓住宅),杭州,二手房,"东信大道,近南环路"
S4019153045154821,804630,龙湖水晶郦城,杭州,二手房,"茹家路,近庄墩路"
S3827953784073229,370083,天阳云筑(公寓住宅),杭州,二手房,"八角路,近鸡山路"
S4581449995791368,791279,荷韵江南苑,杭州,二手房,东方路168号
S2574235369250823,578175,德信晓宸,杭州,二手房,"祥富路,近上祥路"
S4211826943929355,909730,万象城悦玺,杭州,二手房,"庆春东路,近钱江路"
S3955369521671170,578175,德信晓宸,杭州,二手房,"祥富路,近上祥路"
S3316240945242119,618739,金雅苑,杭州,二手房,仁爱路219号
A7474613421,826683,浪漫香槟(东区),杭州,二手房,香槟路68号
S4401302004558862,370083,天阳云筑(公寓住宅),杭州,二手房,"八角路,近鸡山路"
S4217790047625225,397247,银杏汇(公寓住宅),杭州,二手房,西环路128号
S2769868444724234,314636,树兰书香名邸(公寓住宅),杭州,二手房,星光街1-1号
S4178000526942223,994954,金色钱塘(北区),杭州,二手房,风情大道677号
S2725675924399111,597679,富力西溪悦居(公寓住宅),杭州,二手房,"常二路,近文一西路"
S2951150218304526,160736,江南摩卡小区,杭州,二手房,水田畈路89-1号
A7471705990,1024826,中庆润泽院,杭州,二手房,"西环北路,近文居街"
S4567321862528006,795256,美丽湾,杭州,二手房,"天屹路,近吴越大街"
A7462575523,793803,文澜雅苑,杭州,二手房,文新路32号
S2949417137007618,161154,国都公寓,杭州,二手房,凤起路361号
S4484752287704064,658236,钱江御府,杭州,二手房,"候潮路,近秋涛路"
S4496430799449093,160441,凤栖花园,杭州,二手房,凤起路31号
S4231674536075266,826449,金地自在城东苑(公寓住宅),杭州,二手房,"池华街,近厚仁路"
S4548956571444238,160801,贺田尚城(公寓住宅),杭州,二手房,六和路365号
S2978601527106573,233921,绿城丽江公寓(北区),杭州,二手房,仁爱路73号
R4478396210146313,910656,绿都百瑞广场,杭州,二手房,市心北路199号
S2574297228451840,803535,宋都东郡之星,杭州,二手房,"银海街,近春新路"
S3153003661712384,619856,新城山语院,杭州,二手房,"星光街,近顺达路"
S2588149648403457,369926,嘉里桦枫居,杭州,二手房,杭玻街766号
S3084894148715534,659623,奥克斯缔逸城(公寓住宅),杭州,二手房,"古墩路,近庄墩路"
S4626686625375241,1078073,越秀星悦城(公寓住宅),杭州,二手房,"星港路,近塘塍街"
S2725665731681291,160957,丰乐苑(8-12),杭州,二手房,丰家兜8号
S4617739893597198,791880,上实海上海(一期),杭州,二手房,"古墩路,金汇南路"
S3767328118580236,952860,新城香悦公馆(公寓住宅),杭州,二手房,金城路1799号
S4567089747418112,160381,采荷小区洁莲邨,杭州,二手房,双菱路34号
S3073481981976576,160582,昆仑水印城,杭州,二手房,滨盛路2242号
S4482132679961607,369999,野风启城,杭州,二手房,"康信路,近兴盛路"
S2954394064804868,221557,盛泰名都公寓,杭州,二手房,"5号大街,近4号大街"
S2721283936250887,994908,闲林山水海棠苑,杭州,二手房,"闲林东路,近高教路"
S2574357575248907,160971,清泰小区,杭州,二手房,解放东路422号
S4579544853847052,785683,西溪华东园,杭州,二手房,"五常大道,近高教路"
S2770348416490496,232436,得力半岛花园(公寓住宅),杭州,二手房,晨晖路507号
S4241599297789960,369926,嘉里桦枫居,杭州,二手房,杭玻街766号
S2769198700780551,825828,东日晴好,杭州,二手房,"科海路,近狐山路"
S4618064302154758,220591,君临天下,杭州,二手房,东湖南路364号
S3344372440964111,179315,东海水景城(公寓住宅),杭州,二手房,世纪大道西501号
S4404402518191112,410316,广悦公寓,杭州,二手房,高桥路1070号
S2920535397243906,221384,同和公寓,杭州,二手房,萧西路78-8号
S4405799541136388,433822,迎春东苑,杭州,二手房,"共联路,近滨和路"
S3596609507958789,160824,清水公寓,杭州,二手房,德胜巷13号
S4602152794823692,181625,名门天第,杭州,二手房,邱山大街575号
S3955247613094913,201741,三鑫君悦丽景,杭州,二手房,金城路51号
S2975628355083267,656371,佳兆业西溪璞园(公寓住宅),杭州,二手房,"荆山湾路,近联胜路"
S4599769922888707,952171,中赢康康谷(商住楼),杭州,二手房,春晓路61号
A7421192181,826157,万科君望(公寓住宅),杭州,二手房,江滨东大道239号
S4568583959454733,802323,宋都丽郡国际,杭州,二手房,横一路
S3737429924258818,160053,宋都凯旋苑,杭州,二手房,凯旋路68号
S4278579282992140,299627,彩虹豪庭,杭州,二手房,"伟业路,近闻涛路"
S2639393054956547,201534,浙新小区,杭州,二手房,滨文路646号
A7463550924,877704,山水悦府,杭州,二手房,"龙江路,近3号路"
S3017246840986638,368005,绿城紫桂公寓,杭州,二手房,星源北路65号
S3319677588004869,185630,幸福人家,杭州,二手房,岳家湾89号
S3029696320069635,160766,大学路新村,杭州,二手房,"大学路,近老浙大横路"
S3079133453442063,185133,毓秀家园,杭州,二手房,临平人民大道652号
S3546169806365696,619462,中旅紫金名门,杭州,二手房,振华路10号
S4306833835645963,370046,保利湾天地,杭州,二手房,24号大街
S4528589376281601,369850,东厦东港,杭州,二手房,北沙西路150号
S2574169500916748,909736,星耀城,杭州,二手房,江陵路2028号
S4238445528981504,1365370,中天珺府(北区公寓住宅),杭州,二手房,科技大道2988号
S4235692193868810,200705,湖畔宽邸(公寓住宅),杭州,二手房,休博路4号
S4366233040461828,394496,南北乐章,杭州,二手房,溪东路
S4156383479258123,1078509,北大资源颐和江南(公寓住宅),杭州,二手房,104国道
S4109599379954694,370104,城发云锦城,杭州,二手房,"华鹤街,近长睦路"
S4486075443620867,160524,天阳棕榈湾(东区),杭州,二手房,棕榈路65号
S4470968098020356,826791,白鹭郡南柳映坊,杭州,二手房,白鹭路
S4486173753437189,613792,阳光城普升,杭州,二手房,"福临街,近普德路"
S3589299640425472,193773,梦琴湾,杭州,二手房,"27号大街,近10号大街"
S4303594789673997,193195,碧天家园,杭州,二手房,邱山大街692号
S4304879533890569,578903,金隅田员外,杭州,二手房,"半山东路,近依山路"
S4113884705463310,792396,湖山帝景湾南苑,杭州,二手房,南湖东路
S4098686909897728,160022,城南家园,杭州,二手房,凤山桥直街4号
S3157149630718989,791279,荷韵江南苑,杭州,二手房,东方路168号
A7344470891,720940,新桃源,杭州,二手房,华庭西路209号
A7289632807,1302937,融创微风之城(公寓住宅),杭州,二手房,东桥路169号
S4136687283052544,826385,建华家苑,杭州,二手房,三官塘路
S4245427242576903,995819,钱江彩虹府,杭州,二手房,科海路
S3998430576204801,914217,颐和山庄(公寓住宅),杭州,二手房,科技大道3608号
S4478047948121095,369955,杭州碧桂园(公寓住宅),杭州,二手房,水云街158号
S3856212244243471,222230,缤纷北苑,杭州,二手房,"滨盛路,近西兴路"
S2574350466440198,161051,德胜新村(北区),杭州,二手房,德苑路99号
S3213521203650565,785618,尚海湾(公寓住宅),杭州,二手房,育才路
S4527308061731855,791714,招商雍泽府,杭州,二手房,"兴建路,近园区路"
S2574151293410314,219250,开元加州阳光小区,杭州,二手房,金城路333号
S3111624934677518,655351,尚堂府,杭州,二手房,石祥路282号
S4310638207688707,405245,保利霞飞郡(公寓住宅),杭州,二手房,建设二路401号
S3959500234894345,161176,蚕花园永安坊,杭州,二手房,"蚕花路,近永安巷"
S4395551280196608,1001251,阳光城檀悦,杭州,二手房,"扬帆路,近盈丰路"
S4517719478410243,789465,南润名座,杭州,二手房,蜀山路418号
S3051988001349634,190934,钱塘人家,杭州,二手房,清江路310号
S4123752455646210,785683,西溪华东园,杭州,二手房,"五常大道,近高教路"
S3863266527175690,303624,东海柠檬郡,杭州,二手房,幸福南路252号
S3346656238560265,826860,中国铁建青秀城,杭州,二手房,建设一路418号
S4622012193860611,160205,锦绣江南(滨江),杭州,二手房,咏渡巷59号
S4286788650462215,1038049,和家园紫园,杭州,二手房,杨梅山路
S3017504431709184,160969,凤凰南苑(上城),杭州,二手房,秋涛路40号
S4277992368741390,379785,九龙仓碧玺,杭州,二手房,"后横港路,近桥弄街"
S3999488352394241,160940,北银公寓,杭州,二手房,"4号大街,近3号大街"
S3989585261112323,1274301,乐虹湾(公寓住宅),杭州,二手房,"彩虹大道,近西兴路"
S4206192155401220,160381,采荷小区洁莲邨,杭州,二手房,双菱路34号
S2769641597611008,172313,定安苑,杭州,二手房,定安路36号
S2574128095013903,607288,赛丽绿城丽园,杭州,二手房,江城路
S3834919584476166,825525,保亿风景蝶院观园,杭州,二手房,"江虹路,近天官路"
S4364461591207944,995811,中栋国际(公寓住宅),杭州,二手房,"建设一路,近风情大道"
S2574296391474185,826248,星光国际广场,杭州,二手房,江南大道228号
S3495229481476107,721076,滨江东方海岸(萧山公寓住宅),杭州,二手房,"三江路,近湘湖路"
A7437348442,943047,金汇之星,杭州,二手房,"文豪西路,近金浦路"
S4334657786584071,1013054,盈一佳苑,杭州,二手房,鸿宁路1021号
S3286160596000773,272618,江南文苑,杭州,二手房,滨文路639号
S2574190735846409,910660,东方君悦,杭州,二手房,民心路88号
S4289359292001281,656248,首开国风美域,杭州,二手房,振华路1号
S3553477661074442,825790,东岸嘉园二区,杭州,二手房,海通街229号
S3986978181622799,826055,广和美地兰庭,杭州,二手房,"东西大道,近三星路"
S4332245420219395,652450,融信蓝孔雀,杭州,二手房,"石祥路,近莫干山路"
S4367908118945804,467227,保利城市果岭,杭州,二手房,银海街38号
S4397387529511944,610065,绿地旭辉城,杭州,二手房,"扬帆路,近滨盛路"
R3994414577462275,910215,嘉富广场,杭州,二手房,市心南路822-830号
S2586853031681030,370091,阳光郡,杭州,二手房,莫干山路1399号
S3359826186869770,916687,碧桂园深蓝国际中心,杭州,二手房,"博奥路,近利一路"
S3004034043667463,1033632,华元欢乐城(商住楼),杭州,二手房,"迎宾路,近望梅路"
S4139874306337794,789656,利二花苑,杭州,二手房,"奔竞大道,近金鸡路"
S4527520400843782,160343,南岸晶都花园,杭州,二手房,平安路72号
S3880251480861707,248839,中海钱塘山水(公寓住宅),杭州,二手房,东信大道92号
S4081529882520578,938894,宝龙云滨湾(公寓住宅),杭州,二手房,学林街323号
R4108926777384960,657498,万马伊顿庄园(公寓住宅),杭州,二手房,大学路
S4583814058664970,597681,景瑞御蓝湾,杭州,二手房,禹航路5号
S4612407867843591,801124,冠山小区,杭州,二手房,"长江南路,近白马湖路"
S3845337863070723,485004,翡翠城(西南区),杭州,二手房,"高教路,近天目山西路"
S3644253494796301,170154,良渚花苑(公寓住宅),杭州,二手房,玉管路18号
S3050963424272390,160841,同人春江时代,杭州,二手房,"长河路,近滨盛路"
S4531391639380995,825525,保亿风景蝶院观园,杭州,二手房,"江虹路,近天官路"
S3280346216520710,655397,朝阳8号(公寓住宅),杭州,二手房,市心南路
S3903324542083085,160621,西房云溪香山(北区),杭州,二手房,"转塘路,近望江山路"
S2574355939924993,221557,盛泰名都公寓,杭州,二手房,"5号大街,近4号大街"
S4481882842553347,780546,雅居乐国际花园,杭州,二手房,"天目山西路,近闲富路"
S4067579573640194,630884,科尔世纪外滩(公寓住宅),杭州,二手房,水博大道1号
S3505523283469323,183555,近江苑,杭州,二手房,徐家埠路58号
S4350738360196100,826220,闻潮尚庭,杭州,二手房,"望江东路,近钱江路"
S3798606101457933,914217,颐和山庄(公寓住宅),杭州,二手房,科技大道3608号
S4239818018201614,826742,联庄江涛阁,杭州,二手房,东信大道1038号
S4616674764481542,657958,湘云雅苑,杭州,二手房,西兴路1190号
S3290273508271119,1105919,国开东方凤凰台(公寓住宅),杭州,二手房,禹航路
S4429489693797377,826084,天阳棕榈湾(西区),杭州,二手房,棕榈路17号
S2577923721456640,370053,朗郡庭园(公寓住宅),杭州,二手房,"象山路,近横桥路"
S4302070050954255,520016,和谐嘉园东苑,杭州,二手房,江锦路176号
S4542895138974725,171201,大华西溪风情(公寓住宅),杭州,二手房,文一西路833号
S2583854256692237,800144,时间国际,杭州,二手房,"环站北路,近同协南路"
S4320446958379022,216666,潮鸣苑,杭州,二手房,"潮鸣寺巷,近醋坊巷"
S4561216472491008,880188,大园新城(公寓住宅),杭州,二手房,"天柱街,近大园路"
S4592615340858376,635026,合景瑜翠园,杭州,二手房,舒心路
S4626686596262918,406023,绿城玉兰花园(临安),杭州,二手房,环城北路
S4559852581710854,208476,华元云水苑(公寓住宅),杭州,二手房,6号大街328号
S4605056738302982,609573,后珠辰秀嘉园(北区),杭州,二手房,明珠街
S4493672376380420,370070,赞成乐山红叶(公寓住宅),杭州,二手房,天目山西路
A7394133254,804721,富春新天地(公寓住宅),杭州,二手房,恩波大道581号
S3823767958069260,206392,望江新园二园,杭州,二手房,东霞巷32号
S4119456579759104,826556,近江三园,杭州,二手房,珊园弄13号
S4085565286247439,825501,美都良景学府,杭州,二手房,"瓶仓大道,近羊城路"
S4062086364945409,1365370,中天珺府(北区公寓住宅),杭州,二手房,科技大道2988号
S4192044102328333,826568,羊山公寓,杭州,二手房,羊城路
S3249710406018058,219224,燕子弄小区,杭州,二手房,"庆春路,近建国中路"
S2579609375792129,379792,瑞立东方花城,杭州,二手房,滨安路42号
R4151479102808070,825574,南门江住宅区,杭州,二手房,"萧然西路,近萧然南路"
S4613805769006094,802323,宋都丽郡国际,杭州,二手房,横一路
S3755944499653636,420307,滨江曙光之城,杭州,二手房,机场路285号
S3937434926017547,160343,南岸晶都花园,杭州,二手房,平安路72号
S4568292972391430,160210,滨兴家园,杭州,二手房,滨兴路
S3807158540361743,160951,万家花园,杭州,二手房,天城路95号
S4484716883319813,658597,湖墅观邸,杭州,二手房,湖墅北路111号
S3566092020294671,394496,南北乐章,杭州,二手房,溪东路
S3256036747385864,524618,新南湖绿苑,杭州,二手房,水塔路32号
S4108867255688197,272618,江南文苑,杭州,二手房,滨文路639号
S3706149642314764,370092,保利玫瑰湾,杭州,二手房,24号大街
S3091214949262338,804912,东裕华庭,杭州,二手房,"经五路,近123县道"
S4628403895591937,400848,南城嘉园,杭州,二手房,所前中路331-335号
S4220312330050569,173598,胡姬花园,杭州,二手房,新城路90号
S4321062326427654,808343,富力西溪悦墅,杭州,二手房,"文二西路,近文胜路"
S4023451729485835,160731,国都枫华府第,杭州,二手房,学院路129号
S4132224335552520,825948,水榭花都,杭州,二手房,绿荫街149号
S3930134875286542,372524,相墅花园(公寓住宅),杭州,二手房,"时代大道,近湘湖路"
A7474584851,423393,世纪花城,杭州,二手房,大奇山路650号
S4620938699187206,369879,赞成美树,杭州,二手房,金恒路174号
S4371663334810638,179412,广宇河滨公寓,杭州,二手房,建国北路363号
S4234223273319429,607300,兴耀星悦湾(公寓住宅),杭州,二手房,"青六南路,近横雷线"
S4612128698919938,432261,名扬阁,杭州,二手房,萧钱线
S4112366904224769,191426,大都文苑风情,杭州,二手房,"2号大街,近3号大街"
S2643328756016142,160372,奥兰多小镇(公寓住宅),杭州,二手房,风情大道4555号
S4009411157532672,160582,昆仑水印城,杭州,二手房,滨盛路2242号
S4232860059249677,219754,阳光天际(公寓住宅),杭州,二手房,京福线
S3380543523775491,160274,汇宇花园(公寓住宅),杭州,二手房,南秀路1399号
S4243085644147720,401920,中兴景冉佳园,杭州,二手房,学正街169号
S2769318289089547,161154,国都公寓,杭州,二手房,凤起路361号
S4607007052211207,923735,恒鼎博邑郡,杭州,二手房,"滨康路,近时代大道"
A7442808715,200326,华庭云顶,杭州,二手房,沪瑞线
S2949417743096846,825613,潘水苑(南区),杭州,二手房,潘水路
R4210543921963010,652456,汀澜府,杭州,二手房,冬泽巷99号
S4255743256584204,369929,昆仑公馆,杭州,二手房,长板巷99号
S4557418294008843,192159,钱神花苑,杭州,二手房,仓兴街438-4号
S4509070603365391,790322,新城香悦奥府,杭州,二手房,"博奥路,近建设一路"
S3274956818719744,369988,金帝海珀华庭,杭州,二手房,振兴西路177号
S4183293239684101,316964,慧仁家园北区,杭州,二手房,"嘉仁路,近池华街"
S4017690348825609,1048135,海德公园,杭州,二手房,"东吴路,近良运街"
S3570250305856514,825862,都市阳光华苑,杭州,二手房,"周坪路,近来仁街"
S3187125044617225,868300,金帝海珀雅苑,杭州,二手房,振兴西路158号
S4473797281852419,160116,采荷小区芙蓉邨,杭州,二手房,双菱路21号
S3641087237741582,993918,水韵康桥康盛苑,杭州,二手房,"前洋路,近康桥路"
S3806814882341891,952171,中赢康康谷(商住楼),杭州,二手房,春晓路61号
S4617865719864333,189620,白鹭郡北,杭州,二手房,"风情大道,近玉鸟路"
S2653220195445772,172587,浣纱路58-371号小区,杭州,二手房,浣纱路
S4606568607900679,160727,商教苑社区,杭州,二手房,杭海路31号-37号
S3983606841830401,826268,婺江家园一园,杭州,二手房,婺江路38号
S4432468524129295,825574,南门江住宅区,杭州,二手房,"萧然西路,近萧然南路"
S4239774763084806,807657,佳源未来府,杭州,二手房,安乐路61号
S4197555150187522,826248,星光国际广场,杭州,二手房,江南大道228号
S3969741538585605,201534,浙新小区,杭州,二手房,滨文路646号
S2574173944376323,825525,保亿风景蝶院观园,杭州,二手房,"江虹路,近天官路"
S3993436752683012,160558,六合天寓,杭州,二手房,东信大道1222号
S4567242959592463,160812,郁金香岸(公寓住宅),杭州,二手房,万达路770号
S4252939659406338,825632,普金家园,杭州,二手房,温州路9号
S4537179753997324,794775,地铁绿城杨柳郡,杭州,二手房,九和路516号
S4539918499259393,370080,中粮云涛名苑(公寓住宅),杭州,二手房,时代大道
S4369020934794240,791714,招商雍泽府,杭州,二手房,"兴建路,近园区路"
S3099216371932165,369902,金地天逸,杭州,二手房,山阴路1999路
S4234833988787215,657958,湘云雅苑,杭州,二手房,西兴路1190号
S4173761725062158,910215,嘉富广场,杭州,二手房,市心南路822-830号
S2696874956825613,826619,九浪山花园,杭州,二手房,"103省道,近祥利村"
S4496069018655759,369929,昆仑公馆,杭州,二手房,长板巷99号
S4168105251712003,160186,闸弄口新村,杭州,二手房,机场路18-8号
S2999037005732867,469003,大美公寓,杭州,二手房,"南大街,玩月街"
S3548475970035718,161161,新白马公寓,杭州,二手房,工人路899号
A7458697019,794143,万科容大金色家园,杭州,二手房,文采路180号
S2573896614964224,171723,滨文苑,杭州,二手房,"滨文路,近火炬大道"
S4537046078987273,877759,东亚新干线,杭州,二手房,"明月桥路,近天城路"
S4275549557251073,161147,钱江湾花园,杭州,二手房,东信大道99号
S4255489636293634,244215,朗诗国际街区,杭州,二手房,27号路60号
S3760452753075202,177622,华宇家园,杭州,二手房,临平星光街957号
S3149827983008781,236886,西溪望庄,杭州,二手房,文二西路
S4567394479381507,531858,石榴派,杭州,二手房,"东西大道,近京福线"
S3120120020115470,161064,钱塘景苑,杭州,二手房,伟业路399号
S3532432791495687,219250,开元加州阳光小区,杭州,二手房,金城路333号
S4207289218653193,160801,贺田尚城(公寓住宅),杭州,二手房,六和路365号
S4170747659181070,637906,黄龙金茂悦,杭州,二手房,"塘萍路,近拱苑路"
S4583740449877004,952866,环秀府,杭州,二手房,"荆长大道,近海曙路"
R4174091105558531,160597,赞成荆山翠谷(公寓住宅),杭州,二手房,闲林东路
S3985131922500618,205425,银泰海威国际,杭州,二手房,"江虹路,近科技馆路"
S4427095015580677,826452,金地自在城求学里,杭州,二手房,"嘉仁路,近金蓬街"
S4485141564189711,875368,北辰奥园(公寓住宅),杭州,二手房,"向旭路,近蜀山路"
S2769171587034123,223348,南肖埠景和苑,杭州,二手房,太平门直街207号
S4050280912837644,322364,新城花苑,杭州,二手房,政法路11号
S2988957225102342,574387,新安天苑,杭州,二手房,湖州路389号
S2573869929978885,218507,万象城悦府,杭州,二手房,富春路701号
S3964079233833995,160453,东方俊园(西区),杭州,二手房,新颜南路
S2981686401211407,369952,名城公馆(公寓住宅),杭州,二手房,"登云路,近通益路"
S4574311148297222,171201,大华西溪风情(公寓住宅),杭州,二手房,文一西路833号
S3860633923494923,209018,中誉现代城(公寓住宅),杭州,二手房,通惠中路838号
S4633997390716943,248058,宏丰家具城小区,杭州,二手房,五常荆山湾88号
S4192254612577293,825877,盛庐小区,杭州,二手房,滨盛路3215号
S4242580355066888,1236386,上实海上海(二期),杭州,二手房,白洋路
S2910604760949762,825526,保亿风景蝶院留园,杭州,二手房,光裕路112号
S3768389802762251,826055,广和美地兰庭,杭州,二手房,"东西大道,近三星路"
S2574327439121411,192159,钱神花苑,杭州,二手房,仓兴街438-4号
S4589508049083401,909780,中天西城纪,杭州,二手房,余杭塘路417号
R2409677237462031,877779,奥体之星,杭州,二手房,鸿宁路666号
S4566802945301518,160223,白金海岸花园,杭州,二手房,香溢路88号
S4235693188819969,178176,都市水乡水曲苑,杭州,二手房,"广业街,近长阳路"
S4257182442724360,205425,银泰海威国际,杭州,二手房,"江虹路,近科技馆路"
S4300717382459395,366286,西溪海悦海苑,杭州,二手房,"闲富北路,近上和路"
S4200254612364297,650168,钱塘明月,杭州,二手房,金惠路300号
S4568497464859661,369908,泰地北上新城,杭州,二手房,华中路229号
S3457095701699597,408269,明华名港城,杭州,二手房,东灵南路2-60号
S3638459457183750,807880,阳光城上府(公寓住宅),杭州,二手房,"风情大道,近滨康路"
S4374933477088258,369953,绿城明月江南(东区),杭州,二手房,月明路256号
S3053315834306561,923735,恒鼎博邑郡,杭州,二手房,"滨康路,近时代大道"
S4225740901720072,945744,融创未来海溪汀苑,杭州,二手房,"闲富北路,近上和路"
S4074167917125642,826151,和谐嘉园南苑,杭州,二手房,"江锦路,近新塘路"
S4593982789559309,912477,丽晶国际中心,杭州,二手房,鸿宁路2327号
A7200127709,370013,复城国际(公寓住宅),杭州,二手房,金桥北路69号
S4626627038436366,336446,瑞金华庭嘉苑,杭州,二手房,藕花州大街西段264号
S4489474781373449,826797,龙湖春江悦茗,杭州,二手房,"风情大道,近建设三路"
S4079851875540993,160597,赞成荆山翠谷(公寓住宅),杭州,二手房,闲林东路
S4624908226683905,217526,临平桂花城(北区),杭州,二手房,人民大道
S4606769188545543,659623,奥克斯缔逸城(公寓住宅),杭州,二手房,"古墩路,近庄墩路"
S4592332241429519,181169,康城国际,杭州,二手房,世纪大道676号
A7473564468,1411532,众安顺源府,杭州,二手房,"上林南路,近科创园一号路"
S4089867223116804,368005,绿城紫桂公寓,杭州,二手房,星源北路65号
S4438423560530945,161064,钱塘景苑,杭州,二手房,伟业路399号
S4149793173872644,160192,景江苑,杭州,二手房,江南大道4348号
R4530363554442244,229508,紫金港湾,杭州,二手房,"通济路,近董家路"
S3299825786070026,232436,得力半岛花园(公寓住宅),杭州,二手房,晨晖路507号
S3165523664362509,531858,石榴派,杭州,二手房,"东西大道,近京福线"
S4504853479234562,1047306,秀里华庭,杭州,二手房,紫荆花北路439号
S3229436237144074,405245,保利霞飞郡(公寓住宅),杭州,二手房,建设二路401号
S2998435451300868,618884,美好桂花星座,杭州,二手房,"远展街,近星源路"
S3819739468095493,160518,中江花园,杭州,二手房,环城东路313号
S4495039316683777,1003246,景瑞阳光城法兰公园(公寓住宅),杭州,二手房,天荷路60号
S4384694521883655,656442,合景叠彩园(公寓住宅),杭州,二手房,"文胜路,近电子路"
S4350510288612367,160630,滨江金色海岸,杭州,二手房,富春路9号
S4194112882712586,369817,恒安名座,杭州,二手房,崇化路750号
S3585805903125505,190468,欣龙华府,杭州,二手房,"荆余路,近凤新路"
S3702347245740047,1071702,天阳蔚蓝,杭州,二手房,"天柱街,近灵鹤路"
S4515869417909254,726989,中南白马湖壹号(公寓住宅),杭州,二手房,"时代大道,近天马路"
S4569625976038412,379780,泊悦府澜湾,杭州,二手房,禹航路490号
S2903609949854721,619140,元成时代中心(商住楼),杭州,二手房,"金乔路,近元成路"
S3646657189340171,607657,万科西庐,杭州,二手房,五常港路
S4520601775973385,994998,春波西苑,杭州,二手房,"春波路,近江晖路"
S4557379261604874,408735,阳光逸城,杭州,二手房,环丁路328号
S4613852966872079,825902,风景大院,杭州,二手房,通益路
S4578211865472011,218032,吉如家园,杭州,二手房,"杭印路,近登云路"
S2574303297707008,877684,陆家桥新苑,杭州,二手房,星海南路87号
R4292491856912391,803350,绿都港汇中心,杭州,二手房,市心北路853号
S4309696439835648,915870,钱塘航空大厦,杭州,二手房,市民街66号
S3855257305869324,160277,绿都湖滨花园(公寓住宅),杭州,二手房,"金山路,近博学路"
S4068987297098758,160518,中江花园,杭州,二手房,环城东路313号
S4379997597248527,877779,奥体之星,杭州,二手房,鸿宁路666号
S2576857983216651,826742,联庄江涛阁,杭州,二手房,东信大道1038号
S4503628591799309,369926,嘉里桦枫居,杭州,二手房,杭玻街766号
S4166671972752393,299190,云龙十一景(公寓住宅),杭州,二手房,建国北路80号
A7405832959,782014,野风秋雅,杭州,二手房,九龙大道
S4536066947898377,826335,西溪雅苑(东区),杭州,二手房,天目山路550号
S4040260970978309,642230,赞成龙兴道一号,杭州,二手房,"新颜南路,近龙兴路"
S4534655300398089,369939,保利香槟国际,杭州,二手房,人文路116号
S4221465064057862,369958,青山鹤岭,杭州,二手房,鹤亭大街
S3815640210399237,826864,绿都四季华庭,杭州,二手房,"育才路,近晨晖路"
S3328220467535887,173598,胡姬花园,杭州,二手房,新城路90号
S3351598651137032,160079,铁岭花园,杭州,二手房,"江陵路,近滨安路"
S3962421846466575,826151,和谐嘉园南苑,杭州,二手房,"江锦路,近新塘路"
S3979377333246990,794775,地铁绿城杨柳郡,杭州,二手房,九和路516号
S3168701403833348,1038044,和家园御园,杭州,二手房,杨梅山路362号
S4606478187764744,497412,中天官河锦庭(公寓住宅),杭州,二手房,"滨康路,近阡陌路"
S4069893649669133,160713,滨江金色家园,杭州,二手房,富春路16号
S4014754956435470,363841,潘水南苑,杭州,二手房,市心南路728号
S3777192520049674,191637,力达易居时代,杭州,二手房,东湖北路404号
S3782663527489546,825904,世茂江滨花园碧景湾,杭州,二手房,25号路88号
S2574136263532547,785683,西溪华东园,杭州,二手房,"五常大道,近高教路"
S2592744949980163,160594,三江花园(公寓住宅),杭州,二手房,万达中路26号
S4159621312683010,1178779,定山西苑二区,杭州,二手房,创意路
S4532020769938447,160116,采荷小区芙蓉邨,杭州,二手房,双菱路21号
R4339172536049673,423393,世纪花城,杭州,二手房,大奇山路650号
R3154774842926081,219317,之江花园(公寓住宅),杭州,二手房,"东信大道,近滨盛路"
S4322489726622722,161133,钱江彩虹城,杭州,二手房,滨盛路4398号
S2888264143379460,658597,湖墅观邸,杭州,二手房,湖墅北路111号
S3993894849326083,607327,龙湖名景台(公寓住宅),杭州,二手房,"同协路,近杭玻街"
S4407185954642959,224920,京明凤凰家园,杭州,二手房,申达路388号
S4588357338930183,635788,赞成赞城,杭州,二手房,棕榈路801号
S4513009749304331,780133,汀洲花苑(北区),杭州,二手房,"振兴西路,近荷禹路"
S3934049342431242,994998,春波西苑,杭州,二手房,"春波路,近江晖路"
S3931507190850571,217136,锦园小区,杭州,二手房,建国北路370号
R3712072093279242,773493,万星悦城燕庐(公寓住宅),杭州,二手房,江南路
A7262380539,370025,滨江花园,杭州,二手房,滨江西路428号
S3965569552048130,224570,迎春南苑,杭州,二手房,滨兴路121号
S4390299824040964,586666,中交悦西溪(公寓住宅),杭州,二手房,"常二路,近大华欣华支路"
S3893375058223106,369908,泰地北上新城,杭州,二手房,华中路229号
R3812251005725704,318424,新怡家园,杭州,二手房,"下沙南路,近盛源路"
S4615035400363023,481359,青枫墅园山语阁,杭州,二手房,"上仓路,近和睦路"
S4622483267546118,826772,临平桂花城(南区公寓住宅),杭州,二手房,人民大道750号
S2725662358821896,608767,林溪闲庭,杭州,二手房,闲富中路166号
S2725692373625857,369972,泊林漫谷(公寓住宅),杭州,二手房,留和路
S4222056450449411,369877,众安嘉润公馆,杭州,二手房,"金鸡路,近潮韵路"
S3900134438693901,796956,众安学君里(公寓住宅),杭州,二手房,天目山西路
S4195061703335940,782886,融创大家侯潮府,杭州,二手房,"候潮路,近钱江路"
S3988140776841224,370067,贝利珑昕泽第,杭州,二手房,"东大街,近九曲营路"
S3883308725117955,229758,月雅苑,杭州,二手房,2号大街877号
A7254988896,992085,君豪御园,杭州,二手房,窄珠线
S4605084245126147,217478,绿野春天家园(公寓住宅),杭州,二手房,"里东路,近闲富公路"
S2574107714235396,220060,赞成岭上花苑(公寓住宅),杭州,二手房,"鸡山路,近八角路"
S4485182900003851,825501,美都良景学府,杭州,二手房,"瓶仓大道,近羊城路"
S3946758094056452,863618,亲亲家园幸福里,杭州,二手房,"墩祥路,近古墩路"
S4002052138426380,369845,华元蒙卡岸,杭州,二手房,"和睦路,近五常大道"
S4625407602467850,786131,宝嘉誉府,杭州,二手房,"石祥西路,近紫金港路"
A7354315236,825720,大家小墅,杭州,二手房,金苑路
S4100713918389261,304194,东方一品,杭州,二手房,建设一路133-8号
S4040465359444993,1152948,花园府,杭州,二手房,"明月桥路,近环站北路"
S4377092535819264,160812,郁金香岸(公寓住宅),杭州,二手房,万达路770号
S3962404159479812,825790,东岸嘉园二区,杭州,二手房,海通街229号
S4391713444686850,793527,龙湖武林九里,杭州,二手房,"华丰中路,近丁城路"
S3186831317065731,863618,亲亲家园幸福里,杭州,二手房,"墩祥路,近古墩路"
R1999576359002113,369817,恒安名座,杭州,二手房,崇化路750号
S3291999900804098,160374,木庵小区,杭州,二手房,长运路
S2961808881708034,914217,颐和山庄(公寓住宅),杭州,二手房,科技大道3608号
S2574259726642187,578903,金隅田员外,杭州,二手房,"半山东路,近依山路"
R3808087120749576,409035,金色时代,杭州,二手房,勤学路10号
S2574294931844106,160474,盛世钱塘,杭州,二手房,富春路899号
S2770201402403855,160610,现代印象广场,杭州,二手房,江南大道3399号
S4585275975031809,611311,恒基旭辉府,杭州,二手房,"崇杭街,近丽水北路"
S4173260312275972,995171,锦文雅苑(西区),杭州,二手房,永福路
S3526625087005706,826661,印月尚庭,杭州,二手房,"滨盛路,近三桥路"
R3426015305688069,401653,春天华府,杭州,二手房,保锦路169号
R2879973680243725,910818,美都广场,杭州,二手房,教工路619号
S3029548979350531,724866,坤和求是里,杭州,二手房,求和路
S4081524981525519,160524,天阳棕榈湾(东区),杭州,二手房,棕榈路65号
A7354508507,1296149,高桥花苑(东区),杭州,二手房,高桦路3号
S4276735123381249,584452,中海西溪华府,杭州,二手房,五常港路
R3852579001984008,773493,万星悦城燕庐(公寓住宅),杭州,二手房,江南路
R4108959079832584,880187,慈岩印象新城,杭州,二手房,"官塘线,近330国道"
S3241055722856462,369814,桂花星城,杭州,二手房,世纪大道
S3831303933783051,404541,仁苑,杭州,二手房,滨盛路3191号
S4605344327052288,573180,重汽嘉泽苑,杭州,二手房,红山大道
S2769944548355079,160395,水陆寺巷小区,杭州,二手房,东清巷7号
S4517731280544769,304199,西城美墅,杭州,二手房,申花路386号
S3950041403354122,825673,春波南苑,杭州,二手房,"滨安路,近江晖路"
S4248504148831241,607407,金沙国际,杭州,二手房,幸福南路1288号
S3832385824841736,174646,东方润园,杭州,二手房,钱潮路9号
S3086243192578059,609162,保利梧桐语,杭州,二手房,"普德路,近九州路"
S4245755588157445,160229,亲亲家园一期,杭州,二手房,"古墩路,近董家路"
S4618070926121992,219224,燕子弄小区,杭州,二手房,"庆春路,近建国中路"
S4255796383656961,179412,广宇河滨公寓,杭州,二手房,建国北路363号
S3237572108739591,369940,新湖武林国际,杭州,二手房,环城北路167号
S4618060398373890,877764,之江家园四区,杭州,二手房,"杜家浦路,近美院南路"
S4584208415398919,826776,新月花园(北区),杭州,二手房,映荷街136号
S4586607000626176,225610,南江公寓,杭州,二手房,萧然南路554号
S4469123905739777,397247,银杏汇(公寓住宅),杭州,二手房,西环路128号
S2574218847542276,161182,同方燕语林森,杭州,二手房,滨安路150-178号
A7458301394,877737,富春硅谷麓园(别墅),杭州,二手房,九龙大道398号
S4518950247017476,160940,北银公寓,杭州,二手房,"4号大街,近3号大街"
S2971806957560839,994925,宋都东郡国际锦湾,杭州,二手房,秀水街190号
S3012980691753993,369888,滨江凯旋门,杭州,二手房,凯旋路116号
S4473864715623438,336639,仓溢绿苑,杭州,二手房,海曙路128号
S2656270553672715,730320,万科大家世纪之光,杭州,二手房,"振宁路,近金鸡路"
S3556135209493506,369809,美好桂花溪园(北区),杭州,二手房,"长连路,瓶仓大道"
S4285230532189195,485004,翡翠城(西南区),杭州,二手房,"高教路,近天目山西路"
S4011210084641796,160965,大家静安花苑,杭州,二手房,下车路102号
S2575945633193987,586666,中交悦西溪(公寓住宅),杭州,二手房,"常二路,近大华欣华支路"
S4614892987657225,404541,仁苑,杭州,二手房,滨盛路3191号
S4551616683891717,370094,金都西花庭,杭州,二手房,"狮山路,近余杭塘河"
S4581174262686725,795256,美丽湾,杭州,二手房,"天屹路,近吴越大街"
S4040522378325001,826449,金地自在城东苑(公寓住宅),杭州,二手房,"池华街,近厚仁路"
S4543286396152832,521873,世茂江滨花园峻景湾,杭州,二手房,"20号大街,近23号大街"
S4258216586796045,379785,九龙仓碧玺,杭州,二手房,"后横港路,近桥弄街"
S4478000749028358,405245,保利霞飞郡(公寓住宅),杭州,二手房,建设二路401号
S3318712163574794,160751,太阳国际公寓(公寓住宅),杭州,二手房,伟业路730号
S4120828881460239,923412,禹洲滨之江,杭州,二手房,"枫桦东路,近枫桦西路"
R3256272555253769,573503,梅和名府,杭州,二手房,"梅花弄,近萧然东路"
S3863362200903680,160524,天阳棕榈湾(东区),杭州,二手房,棕榈路65号
R3486616143093763,316460,浙地人家,杭州,二手房,宋家湾路
S3242191360630798,1021780,绿城蓝庭(西区),杭州,二手房,振兴西路52号
S4278262740541455,174019,锦绣文澜阁,杭州,二手房,"通益路,近湖杭州街"
S4572767914583045,370060,远洋大河宸章,杭州,二手房,小河路455号
S2796140075719693,160308,迎春北苑,杭州,二手房,"迎春路,近江陵路"
S3931593997296648,826118,同城印象(西区),杭州,二手房,狮山路307号
S4614041707031552,659567,惠都家园(东区),杭州,二手房,太平路93号
A7459474158,877703,山水美庐,杭州,二手房,文教路71-8号
S3074131646472195,171723,滨文苑,杭州,二手房,"滨文路,近火炬大道"
S3667156344200195,370083,天阳云筑(公寓住宅),杭州,二手房,"八角路,近鸡山路"
S4605314271079425,945744,融创未来海溪汀苑,杭州,二手房,"闲富北路,近上和路"
S4606674790704132,826313,西溪诚园致诚苑,杭州,二手房,"双龙街,近崇仁路"
S4217778252357632,825673,春波南苑,杭州,二手房,"滨安路,近江晖路"
S4627668570137604,160192,景江苑,杭州,二手房,江南大道4348号
S4026265141534731,641202,赞成首府(公寓住宅),杭州,二手房,世纪大道
S4494849567384578,807657,佳源未来府,杭州,二手房,安乐路61号
S2769748498621452,650521,钱塘之星,杭州,二手房,"江南大道,近西兴路"
S2960444920996865,585613,绿城巧园,杭州,二手房,"浦沿路,近坚塔路"
A7413905687,825725,大家悦墅,杭州,二手房,育才西路
S3866591169752079,160520,翰林花园,杭州,二手房,翰林街108号
S3824255531048975,161181,静怡花苑,杭州,二手房,秋涛路550号
S3175956109747209,1027690,和家园翰园,杭州,二手房,杨梅山路362号
S3554720227565576,652109,阳光城翡丽湾,杭州,二手房,大农港西路1296号
S3714769795063812,369856,宋都阳光国际观澜苑,杭州,二手房,通盛路3号
S3167286092438537,863105,绿城桃源小镇依云邨,杭州,二手房,闲沈路
S3774492562844684,801402,丰北三苑,杭州,二手房,"金鸡路,近利丰路"
S4180560353176590,369886,宋都晨光国际,杭州,二手房,"23号大街,近16号大街"
S4487738741335040,160630,滨江金色海岸,杭州,二手房,富春路9号
S4544190814252038,945745,西溪海星海苑,杭州,二手房,闲富北路
S4496155543313422,1315367,西溪永乐城(公寓住宅),杭州,二手房,"景兴路,近文一西路"
S3979332140391427,160072,美政花苑(南区),杭州,二手房,复兴南路109号
S2699676512513028,868158,金世纪运河丽园(公寓住宅),杭州,二手房,"东湖北路,近兴旺大道"
S2574164952722437,409778,玲珑香榭,杭州,二手房,杭机路6-13号
A7461781939,1074373,美丽春天府,杭州,二手房,石马路521号
S4145280094039055,826738,鼎湖未来云城天禧,杭州,二手房,新丰路
S2969105454261254,369876,金石华城,杭州,二手房,塘栖绿荫街
S4002020688912392,485004,翡翠城(西南区),杭州,二手房,"高教路,近天目山西路"
S3523823285394433,203165,良渚十六街区,杭州,二手房,东西大道
S4502074907091970,575797,朗诗未来街区西园,杭州,二手房,"天万路,近苑中路"
S2589484601138178,1275483,海兴雅苑,杭州,二手房,"联创街,近聚橙路"
S4023509923929088,366123,高桥小区,杭州,二手房,高桥路
S2791902058060815,863618,亲亲家园幸福里,杭州,二手房,"墩祥路,近古墩路"
S4550413449749507,219317,之江花园(公寓住宅),杭州,二手房,"东信大道,近滨盛路"
R4411389049758730,994945,千岛湖玉兰花园,杭州,二手房,环湖北路587号
S3879455203746825,607407,金沙国际,杭州,二手房,幸福南路1288号
S2579703888306177,216712,定安东苑,杭州,二手房,后市街100-126号
S2574205734378497,160944,兰韵天城,杭州,二手房,墩祥街
S3316876096118792,825861,都市阳光和苑,杭州,二手房,甲来路82号
S4514874573040645,369845,华元蒙卡岸,杭州,二手房,"和睦路,近五常大道"
A7077700291,825720,大家小墅,杭州,二手房,金苑路
S4514445852810246,618884,美好桂花星座,杭州,二手房,"远展街,近星源路"
S3144843697168399,826155,万科杭宸,杭州,二手房,"杭行路,近好运街"
S4551517678328834,868300,金帝海珀雅苑,杭州,二手房,振兴西路158号
S3986434247434242,220193,圆乡名筑,杭州,二手房,凤新路199号
S3864890892624902,606218,莱茵知己(公寓住宅),杭州,二手房,"振兴路,近顺达路"
S3434919400154120,923412,禹洲滨之江,杭州,二手房,"枫桦东路,近枫桦西路"
S4182040816888845,394835,江湾绿苑(公寓住宅),杭州,二手房,毛家上路
S2769222162492427,379788,赞成檀府(公寓住宅),杭州,二手房,"星光街,近新颜路"
S4291069802650633,160619,柳营花园,杭州,二手房,长庆街63号
S4273850875551754,1025599,西房余杭公馆,杭州,二手房,"坝潭弄,近安乐路"
S4493523005565954,221973,新绿园,杭州,二手房,鲲鹏路97号
S2574089288489984,479985,新华园,杭州,二手房,"湖墅南路,近叶青兜路"
S4592703846276104,635214,赞成杭家,杭州,二手房,崇文街
R4271021564537858,789619,瑞麒时代(公寓住宅),杭州,二手房,通益路
S3038441591185419,222279,正中尚品庭院,杭州,二手房,新昌路181号
S3992361314954251,826556,近江三园,杭州,二手房,珊园弄13号
S4317855659420684,394496,南北乐章,杭州,二手房,溪东路
S3962353035209732,160619,柳营花园,杭州,二手房,长庆街63号
S4588671553952775,292253,清沁花苑,杭州,二手房,九曲营路201号
S2574237133119488,638890,擎天半岛(公寓住宅),杭州,二手房,藕花洲大街159号
S4480689992641550,379778,龙湖香醍溪岸(公寓住宅),杭州,二手房,"304省道,近宏达路"
S2973351659742214,826454,金地自在城悦活轩,杭州,二手房,欣然街111号
S2578226230078474,877705,世茂智慧之门,杭州,二手房,"江南大道,近风情大道"
S4585698700829705,725178,金成英特学府(公寓住宅),杭州,二手房,"天目山西路,近城东路"
S3944316175884288,160205,锦绣江南(滨江),杭州,二手房,咏渡巷59号
S3914198787728397,264956,西溪小筑,杭州,二手房,"天目山路,近五常大道"
S3117252333296645,650514,嘉丰万悦城(北区),杭州,二手房,"东湖北路,近湖潭路"
S3842332176264194,826367,闲林山水紫薇苑,杭州,二手房,闲林东路
S2769241038101517,826055,广和美地兰庭,杭州,二手房,"东西大道,近三星路"
S4602563713408009,649983,龙湖春江郦城,杭州,二手房,江汉路1337号
S4266725806500878,1033632,华元欢乐城(商住楼),杭州,二手房,"迎宾路,近望梅路"
S4527146863619086,236163,绿城蓝色钱江(公寓住宅),杭州,二手房,鲲鹏路
S3564714759611396,826554,近江九园,杭州,二手房,久园弄42号
S3951460946684928,911970,盛泰时代山,杭州,二手房,"4号大街,近9号大街"
A7280599538,994945,千岛湖玉兰花园,杭州,二手房,环湖北路587号
S3496728794375169,520016,和谐嘉园东苑,杭州,二手房,江锦路176号
S4196290963546120,803286,水韵康桥康泽苑,杭州,二手房,康桥路
S2964341593779209,220060,赞成岭上花苑(公寓住宅),杭州,二手房,"鸡山路,近八角路"
S2618136656370698,222230,缤纷北苑,杭州,二手房,"滨盛路,近西兴路"
S4191733196594184,796147,绿城桃李春风(别墅),杭州,二手房,科技大道
S4607826528689166,229269,四季风景苑,杭州,二手房,"5号大街,近6号大街"
S3520760191066114,223697,滨江万家星城(西区),杭州,二手房,东新路800号
S4365159651927047,408269,明华名港城,杭州,二手房,东灵南路2-60号
S3136533664916481,160372,奥兰多小镇(公寓住宅),杭州,二手房,风情大道4555号
S4049033557024779,407976,大都尚澜,杭州,二手房,"东湖北路,近兴旺大道"
S4433740359146509,171201,大华西溪风情(公寓住宅),杭州,二手房,文一西路833号
S4164082637958148,782578,得力名望府,杭州,二手房,"104国道辅路,近03省道"
S4245928593858568,607424,溪悦宸府,杭州,二手房,"城西高教路,近青石滩河路"
S3433011024468999,782005,崇邦余之城,杭州,二手房,"迎宾路,近临东路"
S3507112071750663,626969,紫玉福邸,杭州,二手房,"秋涛北路,近机场路"
S4040508707364879,160442,双菱小区,杭州,二手房,双菱路33-37号
S4443549115685896,1274301,乐虹湾(公寓住宅),杭州,二手房,"彩虹大道,近西兴路"
S3263808181411849,938894,宝龙云滨湾(公寓住宅),杭州,二手房,学林街323号
S4557123662308353,826838,绿城明月江南(西区),杭州,二手房,月明路303号
S4248649889377280,224958,广厦天都城天星苑,杭州,二手房,"场环路,近欢乐大道"
S4573919447161860,179178,梅堰小区,杭州,二手房,红丰路216号
S3940051767176206,160442,双菱小区,杭州,二手房,双菱路33-37号
S4584412864125960,221557,盛泰名都公寓,杭州,二手房,"5号大街,近4号大街"
S3149827702512644,952860,新城香悦公馆(公寓住宅),杭州,二手房,金城路1799号
A7431924101,923734,文居学府,杭州,二手房,文居街715-717号
S4156269473799183,160558,六合天寓,杭州,二手房,东信大道1222号
S3131667427746824,795071,贝利栖溪望府,杭州,二手房,"绿荫街,近塘栖路"
S4331877762673679,160689,都市港湾,杭州,二手房,北沙东路1-7号
S2995948342862848,791714,招商雍泽府,杭州,二手房,"兴建路,近园区路"
S3522181649490959,650514,嘉丰万悦城(北区),杭州,二手房,"东湖北路,近湖潭路"
S3207885101129740,369934,金域兰庭,杭州,二手房,"时代大道,近新庙桥"
S3258924898017293,542544,七贤郡(1-50),杭州,二手房,东西大道
S3466227995253774,952866,环秀府,杭州,二手房,"荆长大道,近海曙路"
R3843868158304261,806214,澳海香樟苑,杭州,二手房,大桥南路188号
S4319114007059458,220060,赞成岭上花苑(公寓住宅),杭州,二手房,"鸡山路,近八角路"
S4584078701063181,782578,得力名望府,杭州,二手房,"104国道辅路,近03省道"
S4500321674519556,994925,宋都东郡国际锦湾,杭州,二手房,秀水街190号
S4618341508981770,160518,中江花园,杭州,二手房,环城东路313号
S3515077504343041,304199,西城美墅,杭州,二手房,申花路386号
S4587092637834253,207942,浪漫和山东溪苑,杭州,二手房,留和路
S4501745111084043,1218303,翡翠城梧桐郡,杭州,二手房,"高教路,近五常大道"
S3618908788924426,1201600,远洋路劲上河宸章,杭州,二手房,崇杭街508号
S3973732695714820,418048,风雅乐府(公寓住宅),杭州,二手房,"好运街,近东吴路"
S2958956567190543,216505,通和南岸花城(公寓住宅),杭州,二手房,时代大道
S3300781544184842,209018,中誉现代城(公寓住宅),杭州,二手房,通惠中路838号
S4112447490120708,607424,溪悦宸府,杭州,二手房,"城西高教路,近青石滩河路"
S2575800396849166,1319932,勾庄佳苑,杭州,二手房,"古墩路,近金汇南路"
S4478075448060937,183555,近江苑,杭州,二手房,徐家埠路58号
S4432716030602240,586666,中交悦西溪(公寓住宅),杭州,二手房,"常二路,近大华欣华支路"
S4626775560381448,826155,万科杭宸,杭州,二手房,"杭行路,近好运街"
S4538758525656068,877750,滨江金茂府,杭州,二手房,"西兴路,近滨盛路"
S3039459955745797,160517,树园小区,杭州,二手房,建国北路426号
S4613729980296198,221973,新绿园,杭州,二手房,鲲鹏路97号
S4364402611788806,369877,众安嘉润公馆,杭州,二手房,"金鸡路,近潮韵路"
S3959698812836870,409606,平瑞瑞和园,杭州,二手房,东西大道
S3687719825302531,611820,山南人家,杭州,二手房,凤凰山路80号
S3039404823321609,370055,积家(公寓住宅),杭州,二手房,浦沿路789号
S4172068850327565,346356,名仁家园,杭州,二手房,山阴路1198号
S2772814649662468,394496,南北乐章,杭州,二手房,溪东路
S3058115629212678,1424017,越秀景瑞悦见山,杭州,二手房,"兴国路,近辰兴路"
S2771936190344205,369846,保利江语海(公寓住宅),杭州,二手房,"之江东路,近6号大街"
S4125523899313155,369832,恒逸金榈湾,杭州,二手房,临浦中路123-125号
S3990859198491649,181423,袁井巷,杭州,二手房,"中河南路,近抚宁路"
S2803603085155332,418048,风雅乐府(公寓住宅),杭州,二手房,"好运街,近东吴路"
S2898287233817601,260398,丽阳苑,杭州,二手房,申花路389号
S4526161870806029,160017,临江花园(公寓住宅),杭州,二手房,西环路33号
S2578228655168517,790318,广元公寓,杭州,二手房,晨晖路952号
S4613957151009803,650514,嘉丰万悦城(北区),杭州,二手房,"东湖北路,近湖潭路"
S4533257432833025,1218290,越秀星汇花园西区,杭州,二手房,"塘塍街,近225县道"
S4007901189401602,477595,嘉和银领时代(公寓住宅),杭州,二手房,"藕花洲大街,近星桥南路"
S3546179574506507,1048135,海德公园,杭州,二手房,"东吴路,近良运街"
A7460327626,1296149,高桥花苑(东区),杭州,二手房,高桦路3号
S3872204315189263,160571,湘湖家园,杭州,二手房,萧西路843号
S4165114855615502,379780,泊悦府澜湾,杭州,二手房,禹航路490号
S4065808093555720,218933,复地连城国际,杭州,二手房,杭海路1636号
S2769812903453699,191233,复兴东苑,杭州,二手房,"复兴路,近秋涛路"
S4369119236332559,216452,华瑞湘湖林语,杭州,二手房,下湘湖路8号
S4597965070572556,528981,众安理想湾(公寓住宅),杭州,二手房,"新洲路,近星河路"
S4235583076981775,369959,百家乐西园(公寓住宅),杭州,二手房,"荆长大道,近文二西路"
S3714617539797003,627593,万科良渚文化村未来城,杭州,二手房,"疏港路,近104国道"
S4129511094823943,369834,多立方公寓,杭州,二手房,九华路
S4575304047862790,160104,世纪新城,杭州,二手房,高技路51-55号
S3161164946201615,370106,铂金名筑,杭州,二手房,平安路38号
S2574327265320961,369956,星汇荣邸,杭州,二手房,浦沿路369号
S4132680425139207,370083,天阳云筑(公寓住宅),杭州,二手房,"八角路,近鸡山路"
S4537105040710657,1274301,乐虹湾(公寓住宅),杭州,二手房,"彩虹大道,近西兴路"
S4132206626790403,611491,华元欢乐城(公寓住宅),杭州,二手房,迎宾路
S4217155007503373,1025600,恒大水晶国际广场,杭州,二手房,"之浦路,近枫桦路"
S2574247698623501,825525,保亿风景蝶院观园,杭州,二手房,"江虹路,近天官路"
S2991746814436358,160969,凤凰南苑(上城),杭州,二手房,秋涛路40号
S4571049436490752,826859,中国铁建江南国际城,杭州,二手房,"金城路,近风情大道"
S3578691385893888,405773,悦尚湾,杭州,二手房,祥运路188号
S3301872539590660,488896,世纪嘉园,杭州,二手房,"世纪大道,南兴路"
A7479207244,766078,九龙仓雍景山(公寓住宅),杭州,二手房,万通路58号
S3200723588734986,726989,中南白马湖壹号(公寓住宅),杭州,二手房,"时代大道,近天马路"
S4548622328783879,192354,铂金时代,杭州,二手房,滨兴路158号
S2574257743109133,160751,太阳国际公寓(公寓住宅),杭州,二手房,伟业路730号
S4412461813292042,826335,西溪雅苑(东区),杭州,二手房,天目山路550号
S4565483441662989,652109,阳光城翡丽湾,杭州,二手房,大农港西路1296号
S4528861275057152,778888,富力十号朗悦居(公寓住宅),杭州,二手房,"文一西路,近高教路"
S4581619055701006,346247,星桥桂花城,杭州,二手房,"藕花洲大道,近太平路"
S2912016325436418,299190,云龙十一景(公寓住宅),杭州,二手房,建国北路80号
S4544399193959436,161133,钱江彩虹城,杭州,二手房,滨盛路4398号
S4585270093831177,216712,定安东苑,杭州,二手房,后市街100-126号
S4574118470638592,1201600,远洋路劲上河宸章,杭州,二手房,崇杭街508号
S2695617262939136,220591,君临天下,杭州,二手房,东湖南路364号
S4427061581259782,379788,赞成檀府(公寓住宅),杭州,二手房,"星光街,近新颜路"
S4231578923822095,369876,金石华城,杭州,二手房,塘栖绿荫街
S2769830237166592,1218291,越秀星汇花园东区,杭州,二手房,"星港路,近滨河路"
S3869593350250503,160308,迎春北苑,杭州,二手房,"迎春路,近江陵路"
S4127928410185730,1030045,嘉丰万悦城(南区),杭州,二手房,东湖北路
S4622283490534405,794775,地铁绿城杨柳郡,杭州,二手房,九和路516号
S4561228594142222,1071702,天阳蔚蓝,杭州,二手房,"天柱街,近灵鹤路"
S4377286338239492,369824,中意名仕苑(公寓住宅),杭州,二手房,人民大道438号
S4537358682287106,1048132,东原印未来,杭州,二手房,溪望路
S4632192547036166,803286,水韵康桥康泽苑,杭州,二手房,康桥路
S3138797000711173,397247,银杏汇(公寓住宅),杭州,二手房,西环路128号
S4071885302475783,369899,红景凯丽晶座(公寓住宅),杭州,二手房,通惠北路718号
S4327764165435401,203873,建国南苑(北区),杭州,二手房,"姚园寺巷,近建国南路"
S4399935568342026,304199,西城美墅,杭州,二手房,申花路386号
S4161045068082185,369976,东海闲湖城(公寓住宅),杭州,二手房,天目山西路277号
S3043956438803457,867356,百汇中心,杭州,二手房,南渠南路116号
S3153013888458754,160717,观巷小区,杭州,二手房,凤起路
S3472560855047173,181169,康城国际,杭州,二手房,世纪大道676号
S2609362050624515,791880,上实海上海(一期),杭州,二手房,"古墩路,金汇南路"
S4537313307124744,650518,朗诗花漫里,杭州,二手房,"乔中路,近南街"
S4576729431403531,607300,兴耀星悦湾(公寓住宅),杭州,二手房,"青六南路,近横雷线"
S4592507216847874,160363,保元泽第(公寓住宅),杭州,二手房,东湖南路333号
S4227056199592967,826446,新城国际花园和园,杭州,二手房,庆和路55号
S4041749234867207,304194,东方一品,杭州,二手房,建设一路133-8号
S3260292815167498,867356,百汇中心,杭州,二手房,南渠南路116号
S2769236564859910,175824,左岸花园,杭州,二手房,永庆路120号
S2769366393560064,191502,九曲营小区,杭州,二手房,九曲营路78号
S4251146580040708,160359,通策广场(公寓住宅),杭州,二手房,江南大道3672号
S4395507970792459,160049,蚕花园永庆坊,杭州,二手房,"永庆路,近上塘路"
S3155704748204046,861511,绿城兰园(公寓住宅),杭州,二手房,环城北路57号
S4535559869553669,638890,擎天半岛(公寓住宅),杭州,二手房,藕花洲大街159号
S4585732555498505,880188,大园新城(公寓住宅),杭州,二手房,"天柱街,近大园路"
S2574254161406984,160999,复兴北苑,杭州,二手房,复兴路163号
S4445401173416966,160299,国信嘉园(公寓住宅),杭州,二手房,滨盛路4050号
S3754660701414404,791880,上实海上海(一期),杭州,二手房,"古墩路,金汇南路"
S3195396499184647,943026,祥生云浦新语,杭州,二手房,"科海路,近周二路"
S4481089464853505,223697,滨江万家星城(西区),杭州,二手房,东新路800号
S3204455634461709,825962,顺发和美家,杭州,二手房,市心北路785号
S2978920214785033,161107,翰墨香林苑,杭州,二手房,留和路546号
S3440879275613189,789656,利二花苑,杭州,二手房,"奔竞大道,近金鸡路"
S2783148841083913,248058,宏丰家具城小区,杭州,二手房,五常荆山湾88号
S2770474736608262,910818,美都广场,杭州,二手房,教工路619号
S4353231331614724,172313,定安苑,杭州,二手房,定安路36号
S3448512355834893,952860,新城香悦公馆(公寓住宅),杭州,二手房,金城路1799号
S4614047579808776,1100978,风荷锦庭(公寓住宅),杭州,二手房,"新峡路,近油虎线"
S3339798679790602,806475,万科江湾城,杭州,二手房,"时代大道,近纬一路"
S4074222972510221,183555,近江苑,杭州,二手房,徐家埠路58号
S3049339441734669,368005,绿城紫桂公寓,杭州,二手房,星源北路65号
S4418241754375179,181169,康城国际,杭州,二手房,世纪大道676号
S4193050866294793,619585,滨江金色江南,杭州,二手房,飞虹路1757号
S2769506260509699,193638,屏风苑小区,杭州,二手房,屏风街58号
S4283740335746059,650168,钱塘明月,杭州,二手房,金惠路300号
S3210799274124296,160079,铁岭花园,杭州,二手房,"江陵路,近滨安路"
S4568507302568973,658597,湖墅观邸,杭州,二手房,湖墅北路111号
R3308594519171078,160610,现代印象广场,杭州,二手房,江南大道3399号
S4058950469345294,826030,塘栖一小区,杭州,二手房,"塘栖路,近里仁路"
S2770451833691137,160906,平安居,杭州,二手房,屏风街94号
S4554422280283139,469002,广宇鼎悦府,杭州,二手房,南大街329号
S3667162244326409,995819,钱江彩虹府,杭州,二手房,科海路
S4408358263843841,1218290,越秀星汇花园西区,杭州,二手房,"塘塍街,近225县道"
S4394432522134543,785209,新湖菲林山,杭州,二手房,上仓路
S4534572733488138,806034,滨江华成大江之星,杭州,二手房,新港路
S4183179189984269,861512,绿城翡翠湾,杭州,二手房,"五常大道,近高教路"
S4149596581519370,160574,风雅钱塘,杭州,二手房,月明路1076号
S4630912789011457,806034,滨江华成大江之星,杭州,二手房,新港路
S3795554722049037,826256,清水湾山水苑(公寓住宅),杭州,二手房,中泰路
S4334693172177925,201015,和平雅苑,杭州,二手房,"东西大道,仁和大道"
S3190301630406665,630884,科尔世纪外滩(公寓住宅),杭州,二手房,水博大道1号
S3052563748578317,995819,钱江彩虹府,杭州,二手房,科海路
S4053482774916097,217713,兴和公寓,杭州,二手房,刀茅巷79号
S2965218519571460,370006,水岸枫庭,杭州,二手房,甬江路99号
S4479455651879940,370000,风华苑,杭州,二手房,世纪大道19号
S3457320261000205,610622,东田怡丰城(公寓住宅),杭州,二手房,"迎宾路,近天万路"
S3657121520377860,174019,锦绣文澜阁,杭州,二手房,"通益路,近湖杭州街"
S3505432534097934,1020699,仁良花苑,杭州,二手房,"东风路,近和平路"
S3781348239369222,172244,滨江倾城之恋,杭州,二手房,月明路1091号
S4309163633749002,369856,宋都阳光国际观澜苑,杭州,二手房,通盛路3号
S3522617728343047,219861,万科魅力之城(东区),杭州,二手房,九环路41-4号
S4498972916263947,219714,玄坛弄小区,杭州,二手房,玄坛弄
S4078947282070531,780133,汀洲花苑(北区),杭州,二手房,"振兴西路,近荷禹路"
S3787399845735430,609162,保利梧桐语,杭州,二手房,"普德路,近九州路"
S2725699079971846,825760,德信银树湾,杭州,二手房,文岚街58号
S3844840436195342,877755,迪凯运河印象,杭州,二手房,"好运街,通益路"
S4439729052593163,615708,金地格林格林,杭州,二手房,"天都路,近华鹤街"
S3785893813150730,1048398,红联九漾华庭西区,杭州,二手房,"新城路,近永乐路"
A7461990682,943047,金汇之星,杭州,二手房,"文豪西路,近金浦路"
S4316387005898752,995004,东方俊园(东区),杭州,二手房,新颜南路28号
S4613886373125121,607834,天阳尚城国际,杭州,二手房,"全福桥路,近机场路"
A7155786387,994945,千岛湖玉兰花园,杭州,二手房,环湖北路587号
S4019331993673731,642230,赞成龙兴道一号,杭州,二手房,"新颜南路,近龙兴路"
S2951155397911565,234966,白马尊邸(公寓住宅),杭州,二手房,"墩池路,近荡鱼路"
S4548508307762183,160999,复兴北苑,杭州,二手房,复兴路163号
S4399758607002629,214743,金沙阳光,杭州,二手房,下沙路
S2711277700865028,161035,天元公寓(公寓住宅),杭州,二手房,19号大街709号
S4588710702226447,657466,莱茵传奇园,杭州,二手房,"建设一路,近青年路"
S3239445553800201,160550,同城印象(东区),杭州,二手房,狮山路432号
S4094100039085064,611340,万科大家钱塘府,杭州,二手房,"昙花庵路,近水湘路"
S4597931634992142,467227,保利城市果岭,杭州,二手房,银海街38号
S4433799336074252,161133,钱江彩虹城,杭州,二手房,滨盛路4398号
S3646972552142854,160570,十亩田家园,杭州,二手房,化仙桥路27号
S3051971725696006,611311,恒基旭辉府,杭州,二手房,"崇杭街,近丽水北路"
S2811933252709387,161140,胭脂新村,杭州,二手房,天水巷24号
S4503628363443212,825716,大家绿城金麟府,杭州,二手房,"上塘路,近湖州街"
S3197107246701575,786131,宝嘉誉府,杭州,二手房,"石祥西路,近紫金港路"
S4498829081435142,655351,尚堂府,杭州,二手房,石祥路282号
S4424212727440386,206600,钱江水晶城,杭州,二手房,滨盛路4402号
S4170401640852489,315701,悦麒美寓(东区),杭州,二手房,杭乔路8号
S3648565636997129,370090,湖山帝景湾(北苑公寓住宅),杭州,二手房,南湖东路
S3185230094031887,160860,多蓝水岸,杭州,二手房,12号大街
S2574222898781190,780133,汀洲花苑(北区),杭州,二手房,"振兴西路,近荷禹路"
S4228784374045710,160465,东河锦园,杭州,二手房,建国北路5-67号
S2770313419826180,182305,崇庆里,杭州,二手房,温州路50号
S2670152804998156,826482,新世界琅琴湾,杭州,二手房,迎康路28号
S2689832115051522,825501,美都良景学府,杭州,二手房,"瓶仓大道,近羊城路"
S4473748126196749,160010,仙林苑(北区),杭州,二手房,二圣庙前60号
S2821958265412608,468839,亲亲家园三期,杭州,二手房,"古墩路,近通济路"
S4482424425243650,160940,北银公寓,杭州,二手房,"4号大街,近3号大街"
S4326587021290504,370071,钱塘帝景(公寓住宅),杭州,二手房,信诚路817号
S2574186594610191,220060,赞成岭上花苑(公寓住宅),杭州,二手房,"鸡山路,近八角路"
S4326498556505089,1048132,东原印未来,杭州,二手房,溪望路
S3038274376457221,614569,金地申花里,杭州,二手房,莫干山路
S3068062406384653,607327,龙湖名景台(公寓住宅),杭州,二手房,"同协路,近杭玻街"
S4623472986254338,825632,普金家园,杭州,二手房,温州路9号
S3459307540718596,994954,金色钱塘(北区),杭州,二手房,风情大道677号
S3854984682627072,778406,滨江西溪之星(公寓住宅),杭州,二手房,"荆长大道,纬三路"
S4127342503320576,825904,世茂江滨花园碧景湾,杭州,二手房,25号路88号
S4618133103701000,993918,水韵康桥康盛苑,杭州,二手房,"前洋路,近康桥路"
S4399741797620741,160801,贺田尚城(公寓住宅),杭州,二手房,六和路365号
A7448810795,825901,丰泽苑(富阳),杭州,二手房,春秋北路381号
S3531172533968907,369850,东厦东港,杭州,二手房,北沙西路150号
S4183558651878406,505314,逸天广场(公寓住宅),杭州,二手房,东信大道270号
S4088989950107662,369940,新湖武林国际,杭州,二手房,环城北路167号
S2573924372569092,993920,欧美金融城西溪丽晶,杭州,二手房,水城北路
S4358964355996672,799196,颐和山庄(别墅),杭州,二手房,科技大道3608号
S3775752755552265,217478,绿野春天家园(公寓住宅),杭州,二手房,"里东路,近闲富公路"
S4254357201903616,208476,华元云水苑(公寓住宅),杭州,二手房,6号大街328号
A7421582441,207449,金色阳光(淳安公寓住宅),杭州,二手房,阳光路
S4274057307217921,826268,婺江家园一园,杭州,二手房,婺江路38号
S2644422865165325,1218322,时代滨江悦,杭州,二手房,风情大道
S4268489367743489,370078,建境巧克力公馆,杭州,二手房,鸿兴路338号
S4540168211983371,178176,都市水乡水曲苑,杭州,二手房,"广业街,近长阳路"
S4289665524476929,1036035,乾南嘉苑(南区),杭州,二手房,长宁路
S3117249800543243,616507,万泰城章,杭州,二手房,"世纪大道,近望梅路"
S4152225202921476,609573,后珠辰秀嘉园(北区),杭州,二手房,明珠街
S4061449367461902,1218302,上坤山语四季(公寓住宅),杭州,二手房,"顺风路,近临平大道"
S4409740434009093,408269,明华名港城,杭州,二手房,东灵南路2-60号
S4300662788008969,610622,东田怡丰城(公寓住宅),杭州,二手房,"迎宾路,近天万路"
S2804399364842499,826171,恒滕悦湖花苑,杭州,二手房,城南路578号
S3953137977023499,914217,颐和山庄(公寓住宅),杭州,二手房,科技大道3608号
S4544468011066380,725178,金成英特学府(公寓住宅),杭州,二手房,"天目山西路,近城东路"
S4040459467054086,476572,顺发江南丽锦,杭州,二手房,"市心北路,近扬帆路"
S3087955222159360,160828,福利新村,杭州,二手房,中河中路122号
R4240120634989568,368418,都市水乡水碧苑,杭州,二手房,"灯彩路,近长阳路"
S3615772843122694,160372,奥兰多小镇(公寓住宅),杭州,二手房,风情大道4555号
S4528611583779842,505314,逸天广场(公寓住宅),杭州,二手房,东信大道270号
S4246949040021505,160086,闲林山水丹枫苑,杭州,二手房,闲林东路
S2916988604507140,797911,东安景苑,杭州,二手房,"龙湖路,近平吴街"
S4566777116713985,573099,大家之江悦,杭州,二手房,"碧波路,近枫桦西路"
S3519252108501006,635214,赞成杭家,杭州,二手房,崇文街
S4185959220653071,607827,万科璞悦湾,杭州,二手房,滨文路670号
S3597545411666955,825574,南门江住宅区,杭州,二手房,"萧然西路,近萧然南路"
S3989199867764737,630884,科尔世纪外滩(公寓住宅),杭州,二手房,水博大道1号
S4327546484825090,614729,宝嘉誉峰,杭州,二手房,"石祥路,近东吴路"
R2309052266359822,224920,京明凤凰家园,杭州,二手房,申达路388号
S2575666271644687,916687,碧桂园深蓝国际中心,杭州,二手房,"博奥路,近利一路"
S3860468727784452,1021780,绿城蓝庭(西区),杭州,二手房,振兴西路52号
S4151177313263618,790865,金域东方,杭州,二手房,湘建线
S4339392800168962,995993,东田怡丰城(商住楼),杭州,二手房,"迎宾路,近天万路"
S3865378070602759,160180,望江公寓,杭州,二手房,江城路651号
S4485312677927947,825902,风景大院,杭州,二手房,通益路
S3635714809027592,778765,金隅学府,杭州,二手房,秋涛路
S4607974375451650,826790,长江西苑,杭州,二手房,建业路151号
S4595444535991311,574387,新安天苑,杭州,二手房,湖州路389号
S4576840927108106,826691,玉城公寓,杭州,二手房,东西大道
S4626604953443342,160342,定山家园(西区),杭州,二手房,"霞鸣街,近象山路"
S4090008614657038,1062189,奥克斯时代未来之城,杭州,二手房,"向往街,近向往街"
S2684281371354114,635026,合景瑜翠园,杭州,二手房,舒心路
S3191304879154185,863121,宝龙城市广场,杭州,二手房,"学府街,近学林支路"
S4132762998516736,160597,赞成荆山翠谷(公寓住宅),杭州,二手房,闲林东路
S4574130258732033,160713,滨江金色家园,杭州,二手房,富春路16号
S4360154866588684,826831,绿城九龙仓柳岸晓风(公寓住宅),杭州,二手房,"闻涛路,近建业路"
S4359109393280014,218933,复地连城国际,杭州,二手房,杭海路1636号
S3475786110575618,160811,艮园,杭州,二手房,东园街39号
R2926312670129157,826027,瓜山佳苑,杭州,二手房,拱康路
S4443838710606848,369924,金岸提香(公寓住宅),杭州,二手房,中泰路322号
S3131360320494606,160274,汇宇花园(公寓住宅),杭州,二手房,南秀路1399号
S4342446455660544,160524,天阳棕榈湾(东区),杭州,二手房,棕榈路65号
S4534586489693191,160072,美政花苑(南区),杭州,二手房,复兴南路109号
S4586888161160204,1285005,卸紫家园,杭州,二手房,环镇北路1-12-13号
S4626306098260998,1370265,盈二佳苑,杭州,二手房,盈新路
S3518542352442379,1218322,时代滨江悦,杭州,二手房,风情大道
S4485220209697795,791609,万科郡西澜山,杭州,二手房,"风情大道,近福田路"
S4010451221638147,1025600,恒大水晶国际广场,杭州,二手房,"之浦路,近枫桦路"
S4275575136919563,791609,万科郡西澜山,杭州,二手房,"风情大道,近福田路"
S4130909039583240,1189440,中城汇MIDTOWN(公寓住宅),杭州,二手房,石祥路
S4201792051830793,160571,湘湖家园,杭州,二手房,萧西路843号
A7467576005,1000571,逸城(公寓住宅),杭州,二手房,江滨东大道1118号
S4602715098835971,802323,宋都丽郡国际,杭州,二手房,横一路
S2821962711755790,343452,郡原相江公寓,杭州,二手房,"仁爱路,近下沙路"
S4379923131229184,641638,富越香郡,杭州,二手房,"湖州街,近杭行路"
R3761525302635526,877779,奥体之星,杭州,二手房,鸿宁路666号
S2769213595102221,783119,绿城留香园,杭州,二手房,塘工局路
S4095672759643136,512609,武林壹号,杭州,二手房,湖墅南路66号
S4279609505459208,219224,燕子弄小区,杭州,二手房,"庆春路,近建国中路"
S4278089749883914,615993,顺发恒园(公寓住宅),杭州,二手房,建设二路
S4571515416124417,1285005,卸紫家园,杭州,二手房,环镇北路1-12-13号
S3713266834547721,786131,宝嘉誉府,杭州,二手房,"石祥西路,近紫金港路"
S3620569076767758,161160,缤纷小区,杭州,二手房,"丹枫路,近睿祥路"
R3429247202452486,160438,山西园小区,杭州,二手房,"山西园路,近禹航路"
S4239802316594188,206600,钱江水晶城,杭州,二手房,滨盛路4402号
S2769779267591179,160590,西溪锋尚,杭州,二手房,文三西路499号
S3791374832610310,173598,胡姬花园,杭州,二手房,新城路90号
S4370521063875591,826313,西溪诚园致诚苑,杭州,二手房,"双龙街,近崇仁路"
S3714613650009091,1218302,上坤山语四季(公寓住宅),杭州,二手房,"顺风路,近临平大道"
S2769807414516736,782005,崇邦余之城,杭州,二手房,"迎宾路,近临东路"
S4288006637169676,1076528,滨江碧桂园翡翠江南,杭州,二手房,"利华路,近生兴路"
S4421060443221007,160594,三江花园(公寓住宅),杭州,二手房,万达中路26号
S4418526833482765,794728,江滨澜廷,杭州,二手房,"闻涛路,近江陵路"
S4300658372811777,229269,四季风景苑,杭州,二手房,"5号大街,近6号大街"
S4152453312146436,825760,德信银树湾,杭州,二手房,文岚街58号
S4052967688023048,794728,江滨澜廷,杭州,二手房,"闻涛路,近江陵路"
S4491784968399876,411253,九龙仓君廷(公寓住宅),杭州,二手房,康信路
S4108709976628239,785618,尚海湾(公寓住宅),杭州,二手房,育才路
S4045944836578315,911967,新世界柏丽轩,杭州,二手房,通惠北路12号
S2573881710304262,160891,拱宸新苑,杭州,二手房,新昌路243号
S3266421151636487,174019,锦绣文澜阁,杭州,二手房,"通益路,近湖杭州街"
S4577014511770637,826742,联庄江涛阁,杭州,二手房,东信大道1038号
S4013256383736844,370078,建境巧克力公馆,杭州,二手房,鸿兴路338号
S2769458717205514,192131,东湖公寓,杭州,二手房,河南埭路63号
S4307913193365505,372524,相墅花园(公寓住宅),杭州,二手房,"时代大道,近湘湖路"
S3117246757510148,995993,东田怡丰城(商住楼),杭州,二手房,"迎宾路,近天万路"
R3232630122241027,926296,浙富桐城府,杭州,二手房,"梅林路,近白云源东路"
S3900498516303879,791609,万科郡西澜山,杭州,二手房,"风情大道,近福田路"
S2794609826212867,608131,保利罗兰香谷,杭州,二手房,华鹤路656号
S4568210410810373,160795,钱江时代公寓,杭州,二手房,清江路346号
S4418206361218062,469003,大美公寓,杭州,二手房,"南大街,玩月街"
S4112488245881869,370090,湖山帝景湾(北苑公寓住宅),杭州,二手房,南湖东路
S3339504391035907,369928,德圣博奥城,杭州,二手房,建设二路528号
S3259208561124353,210028,兰惠家园,杭州,二手房,东湖南路416-1号
S4439795883650063,994879,新城都市丽景北苑(公寓住宅),杭州,二手房,政法街88号
S4582456633205763,798267,合景映月台(公寓住宅),杭州,二手房,"溪望路,近良睦路"
S3752851872885775,868158,金世纪运河丽园(公寓住宅),杭州,二手房,"东湖北路,近兴旺大道"
S2627455707324423,658012,香悦郡国际公寓,杭州,二手房,沈半路
S3974452255317000,863121,宝龙城市广场,杭州,二手房,"学府街,近学林支路"
S3260293654224900,160795,钱江时代公寓,杭州,二手房,清江路346号
S4050437327645706,369809,美好桂花溪园(北区),杭州,二手房,"长连路,瓶仓大道"
S4145269248090119,160077,火炬小区,杭州,二手房,"火炬大道,近西湘路"
S4493176919940101,482573,顺发旺角城(公寓住宅),杭州,二手房,市心中路123号
S4163791657720833,825526,保亿风景蝶院留园,杭州,二手房,光裕路112号
S3582883305511945,615545,郡望府,杭州,二手房,"建设四路,近枫香路"
S3652896348398605,369942,华盛达阅城,杭州,二手房,"杭行路,近祥富路"
S2588100511752202,346243,大华海派风景,杭州,二手房,东吴路
S3184232340249614,994954,金色钱塘(北区),杭州,二手房,风情大道677号
S2769360609698827,183101,凯旋金牛坊,杭州,二手房,凯旋路151号
S4084081886076938,1218302,上坤山语四季(公寓住宅),杭州,二手房,"顺风路,近临平大道"
S4078837354979339,292642,新州花苑东区,杭州,二手房,"月明路,近西兴路"
S4507737729047553,660200,雍荣华庭,杭州,二手房,"莫干山路,近留祥路"
A7449956218,1077675,飘鹰富春江花苑,杭州,二手房,春江东路2155号
S2933257933431809,803535,宋都东郡之星,杭州,二手房,"银海街,近春新路"
S3662750358610946,160465,东河锦园,杭州,二手房,建国北路5-67号
A7466018228,794143,万科容大金色家园,杭州,二手房,文采路180号
S4616319766946821,375266,康都紫轩,杭州,二手房,甬江路191号
S4418491432363019,161103,盛元慧谷(公寓住宅),杭州,二手房,火炬大道725号
S4608520930548739,482573,顺发旺角城(公寓住宅),杭州,二手房,市心中路123号
S4490617065434117,641638,富越香郡,杭州,二手房,"湖州街,近杭行路"
S4626250750024709,366286,西溪海悦海苑,杭州,二手房,"闲富北路,近上和路"
S4130901164071942,174648,北落马营,杭州,二手房,候潮路34号
S4299732357721100,370057,嘉丰公馆,杭州,二手房,"萧然西路,近南秀路"
S2770480751713284,160147,滨江万家花城(一期),杭州,二手房,萍水街380号
S4044688521255946,627593,万科良渚文化村未来城,杭州,二手房,"疏港路,近104国道"
S3968092004950019,1027690,和家园翰园,杭州,二手房,杨梅山路362号
S4214266840046602,779138,金地艺境,杭州,二手房,"翁乔路,鑫业路"
S4359306537081859,370072,德信北海公园,杭州,二手房,星桥街100号
S4425860629654538,369882,远洋西溪公馆(公寓住宅),杭州,二手房,文一西路822号
S4504859369595912,160729,怡静坊,杭州,二手房,下车路69号
S4401213533807630,606218,莱茵知己(公寓住宅),杭州,二手房,"振兴路,近顺达路"
S4518724405208075,160534,凯旋新村(西区),杭州,二手房,凯旋路107号
R4550959765183503,910215,嘉富广场,杭州,二手房,市心南路822-830号
S3127300893614094,788323,东晖龙悦湾(公寓住宅),杭州,二手房,"五洲路,近小白线"
A7471137342,766078,九龙仓雍景山(公寓住宅),杭州,二手房,万通路58号
S4203154552463360,161107,翰墨香林苑,杭州,二手房,留和路546号
S4588289967516674,369943,玉都枫景名苑,杭州,二手房,"东西大道,近良平路"
S3820844860877834,799196,颐和山庄(别墅),杭州,二手房,科技大道3608号
S4579816163515403,161069,晴彩巴厘,杭州,二手房,世纪大道
S2582437440740358,369928,德圣博奥城,杭州,二手房,建设二路528号
S2769375550008328,825948,水榭花都,杭州,二手房,绿荫街149号
S4409699133627398,206392,望江新园二园,杭州,二手房,东霞巷32号
S3767583757478915,370092,保利玫瑰湾,杭州,二手房,24号大街
S4485051117726734,807880,阳光城上府(公寓住宅),杭州,二手房,"风情大道,近滨康路"
S4302431795620869,877759,东亚新干线,杭州,二手房,"明月桥路,近天城路"
S3864898350130190,446654,白鹭郡南探梅里(南区),杭州,二手房,大陆路
S4543270669003791,730320,万科大家世纪之光,杭州,二手房,"振宁路,近金鸡路"
S4623736451965957,807880,阳光城上府(公寓住宅),杭州,二手房,"风情大道,近滨康路"
S4104156524551180,826352,佳丰北苑,杭州,二手房,飞虹路1077号
S4603566410226698,573180,重汽嘉泽苑,杭州,二手房,红山大道
S3964063508553731,160299,国信嘉园(公寓住宅),杭州,二手房,滨盛路4050号
S4417091589823501,161090,伊萨卡国际城(公寓住宅),杭州,二手房,"14号大街,近沿江大道"
S2769253671330825,223697,滨江万家星城(西区),杭州,二手房,东新路800号
S4553161909150721,479985,新华园,杭州,二手房,"湖墅南路,近叶青兜路"
S4231789938597899,868300,金帝海珀雅苑,杭州,二手房,振兴西路158号
S3018017371530247,160557,朝晖六小区,杭州,二手房,新市街64号
S3346955462024202,217304,锦绣钱塘,杭州,二手房,科技大道
S2574239236025350,826557,近江四园,杭州,二手房,"婺江路,近富春路"
S4544526986273794,658236,钱江御府,杭州,二手房,"候潮路,近秋涛路"
S4384745869138945,160398,碧水豪园(公寓住宅),杭州,二手房,"东信大道,近南环路"
S4271202558140429,370070,赞成乐山红叶(公寓住宅),杭州,二手房,天目山西路
S2959514914724875,826482,新世界琅琴湾,杭州,二手房,迎康路28号
S2770075016764421,192131,东湖公寓,杭州,二手房,河南埭路63号
S3478178806897670,807434,艺尚里,杭州,二手房,"永乐路,近迎宾路"
S2769351842143245,369814,桂花星城,杭州,二手房,世纪大道
S3269445195685902,618739,金雅苑,杭州,二手房,仁爱路219号
S4612083834332167,160251,长岛之春,杭州,二手房,明志路99号
A7285243010,943047,金汇之星,杭州,二手房,"文豪西路,近金浦路"
S4516319651111949,272618,江南文苑,杭州,二手房,滨文路639号
S3447160264810510,1055900,和谐弄小区,杭州,二手房,生兴路
S4241559961988100,160438,山西园小区,杭州,二手房,"山西园路,近禹航路"
S4520623397166084,825613,潘水苑(南区),杭州,二手房,潘水路
S4010980068744203,608767,林溪闲庭,杭州,二手房,闲富中路166号
S4329168478232583,877672,新时代城市家园,杭州,二手房,闲富中路248号
S3958430922988545,659922,瑞达城市花苑,杭州,二手房,华兴路
S4564109151282185,875368,北辰奥园(公寓住宅),杭州,二手房,"向旭路,近蜀山路"
S4557334043798542,610065,绿地旭辉城,杭州,二手房,"扬帆路,近滨盛路"
S3077613787488264,160359,通策广场(公寓住宅),杭州,二手房,江南大道3672号
S3731720705303555,825713,大华海派风范茗园,杭州,二手房,城东路4-10号
S2573880068697092,160384,瑞立中央花城,杭州,二手房,滨河路796号
S2573914058763268,161161,新白马公寓,杭州,二手房,工人路899号
S3949970651685892,375266,康都紫轩,杭州,二手房,甬江路191号
S3927425612963848,608759,方正御星,杭州,二手房,"杭行路,近祥富路"
A7455644420,370021,西郊半岛(公寓住宅),杭州,二手房,江滨东大道1号
S4617840177310722,791609,万科郡西澜山,杭州,二手房,"风情大道,近福田路"
S3617438114963462,369907,泊林印象,杭州,二手房,仁爱路218号
S2949417434047503,912477,丽晶国际中心,杭州,二手房,鸿宁路2327号
S4367577831055375,234513,翠紫苑,杭州,二手房,临石路82号
S3790120884904966,201741,三鑫君悦丽景,杭州,二手房,金城路51号
S3956734931278852,825886,翡翠城(东南区),杭州,二手房,"五常大道,近高教路"
S4499183308876803,160997,采荷绿萍,杭州,二手房,庆春东路12号
S4108141762735119,369999,野风启城,杭州,二手房,"康信路,近兴盛路"
S4541687980827650,943050,绿城九龙仓桂语江南,杭州,二手房,"博奥路,近建设二路"
S2769262845535235,370076,顺发堤香名苑,杭州,二手房,"金鸡路,近博学路"
S4574173523221505,160423,明辉花园,杭州,二手房,建设四路2713号
S4009635268717570,160574,风雅钱塘,杭州,二手房,月明路1076号
S3466917615296512,160284,广宇西城年华,杭州,二手房,申花路388号
S4497419733574666,160423,明辉花园,杭州,二手房,建设四路2713号
S3903314748384260,825088,超级星期天(公寓住宅),杭州,二手房,西浦路1718号
S2769446822554632,191233,复兴东苑,杭州,二手房,"复兴路,近秋涛路"
S3095223278035973,181250,三华园(公寓住宅),杭州,二手房,凤起路290号
S3436480731979785,1017351,旭辉宝龙东湖城(公寓住宅),杭州,二手房,"青六北路,近南沙路"
S4358712915635213,826831,绿城九龙仓柳岸晓风(公寓住宅),杭州,二手房,"闻涛路,近建业路"
S2574564871007243,877699,融信澜天(公寓住宅),杭州,二手房,"立新路,玉鸟路"
S3674997091917828,825816,桑达公寓,杭州,二手房,"学正街,近27号大街"
S2769227471952905,201015,和平雅苑,杭州,二手房,"东西大道,仁和大道"
S2651515297915917,161161,新白马公寓,杭州,二手房,工人路899号
S2626441969114118,943026,祥生云浦新语,杭州,二手房,"科海路,近周二路"
A7263500021,943047,金汇之星,杭州,二手房,"文豪西路,近金浦路"
S2769176959245319,654114,中港罗兰小镇(公寓住宅),杭州,二手房,"210省道,近康泰路"
S2770243327908867,160441,凤栖花园,杭州,二手房,凤起路31号
R4582399354692609,512609,武林壹号,杭州,二手房,湖墅南路66号
S4101606524382212,160633,观音塘小区,杭州,二手房,下车路10号
S4085510239608839,370060,远洋大河宸章,杭州,二手房,小河路455号
S4526126448389122,370092,保利玫瑰湾,杭州,二手房,24号大街
S4592733325007874,994918,融创河滨之城雨澜轩,杭州,二手房,五常港路301号
S3983970081217551,911314,恒隆广场,杭州,二手房,山阴路688号
S4221536413899777,160384,瑞立中央花城,杭州,二手房,滨河路796号
S4306806298779663,476572,顺发江南丽锦,杭州,二手房,"市心北路,近扬帆路"
S3843444509402112,945744,融创未来海溪汀苑,杭州,二手房,"闲富北路,近上和路"
S4172346095365125,370091,阳光郡,杭州,二手房,莫干山路1399号
S4318001168620555,573718,德信东望,杭州,二手房,"新塘路,近明月桥路"
S4166521409330187,409035,金色时代,杭州,二手房,勤学路10号
S4126561988553730,789656,利二花苑,杭州,二手房,"奔竞大道,近金鸡路"
S4275638035672074,945745,西溪海星海苑,杭州,二手房,闲富北路
S3764103686235148,826569,晶典公寓,杭州,二手房,南环路1528号
S3637132335832064,160733,皇亲苑,杭州,二手房,凤起路380号
S4519058397010953,183358,柳浪东苑,杭州,二手房,河坊街512号
S4158048761617419,994925,宋都东郡国际锦湾,杭州,二手房,秀水街190号
S4547525268069391,779615,合景天峻,杭州,二手房,创景路
S4343461893565448,160811,艮园,杭州,二手房,东园街39号
S4206115474643974,825760,德信银树湾,杭州,二手房,文岚街58号
S2574287939689473,161069,晴彩巴厘,杭州,二手房,世纪大道
S4595380440329225,170497,万科西溪蝶园(北区),杭州,二手房,紫霞街188号
S2822068695178248,826267,华盛星洲翠谷,杭州,二手房,福严路82号
S4186289518321668,1048132,东原印未来,杭州,二手房,溪望路
S3021719736442888,219771,勤远里,杭州,二手房,"察院前巷,近中山南路"
R1917090332435466,370025,滨江花园,杭州,二手房,滨江西路428号
S4230117365898249,657913,嘉里云荷廷,杭州,二手房,"珊瑚沙路,近江涵路"
S3202269978174467,796956,众安学君里(公寓住宅),杭州,二手房,天目山西路
S3150182682926091,826118,同城印象(西区),杭州,二手房,狮山路307号
S4607651626589186,795256,美丽湾,杭州,二手房,"天屹路,近吴越大街"
S4011931691183116,420307,滨江曙光之城,杭州,二手房,机场路285号
S4189235449388037,370004,钱塘梧桐蓝山,杭州,二手房,"世纪大道,近南苑街"
S3781723756307467,160104,世纪新城,杭州,二手房,高技路51-55号
S3600390313303053,1076528,滨江碧桂园翡翠江南,杭州,二手房,"利华路,近生兴路"
S4357521968684039,1033632,华元欢乐城(商住楼),杭州,二手房,"迎宾路,近望梅路"
S3512896728456199,370004,钱塘梧桐蓝山,杭州,二手房,"世纪大道,近南苑街"
S3424872469699585,639013,万科金辰之光,杭州,二手房,西陵路30号
S4093984055992320,160433,南班巷小区,杭州,二手房,解放路
S4272824577727494,232436,得力半岛花园(公寓住宅),杭州,二手房,晨晖路507号
S4608401017756676,826881,中兴花园百合苑,杭州,二手房,江汉路1679号
S3077684485495817,369943,玉都枫景名苑,杭州,二手房,"东西大道,近良平路"
S4533196479898625,945745,西溪海星海苑,杭州,二手房,闲富北路
A7099313748,239124,云水山居(公寓住宅),杭州,二手房,九龙大道延伸段
S2575830468963331,172587,浣纱路58-371号小区,杭州,二手房,浣纱路
S4347376351669253,657466,莱茵传奇园,杭州,二手房,"建设一路,近青年路"
S4538746495294479,608759,方正御星,杭州,二手房,"杭行路,近祥富路"
S4612514041867264,218616,广瑞瑞城花园(公寓住宅),杭州,二手房,东西大道
S3845109769068558,369932,绿都御景蓝湾(公寓住宅),杭州,二手房,时代大道6588号
S4170401637477390,379792,瑞立东方花城,杭州,二手房,滨安路42号
S4041709897526280,369907,泊林印象,杭州,二手房,仁爱路218号
R4506435337821197,160842,春波小区,杭州,二手房,春波路32号
S2951674139716621,782005,崇邦余之城,杭州,二手房,"迎宾路,近临东路"
S4592703841577985,369902,金地天逸,杭州,二手房,山阴路1999路
S3014002792164361,161035,天元公寓(公寓住宅),杭州,二手房,19号大街709号
S2575361535533060,826394,湘湖人家(西区公寓住宅),杭州,二手房,闻兴路288号
S4127934295317509,943050,绿城九龙仓桂语江南,杭州,二手房,"博奥路,近建设二路"
S2777527998536714,994918,融创河滨之城雨澜轩,杭州,二手房,五常港路301号
S4083029043453964,468839,亲亲家园三期,杭州,二手房,"古墩路,近通济路"
S4101065885555727,350909,九衡公寓,杭州,二手房,"良周路,近东西大道"
S4528873055448075,346356,名仁家园,杭州,二手房,山阴路1198号
S4311035336584198,626969,紫玉福邸,杭州,二手房,"秋涛北路,近机场路"
S3661251589282825,620329,铭都雅苑,杭州,二手房,高沙路166号
S4632476737020932,880187,慈岩印象新城,杭州,二手房,"官塘线,近330国道"
S4121403985092618,160576,国都凤起都市花园,杭州,二手房,凤起路193-205号
S4598274084498440,794775,地铁绿城杨柳郡,杭州,二手房,九和路516号
S4619259856153614,1424017,越秀景瑞悦见山,杭州,二手房,"兴国路,近辰兴路"
S3961299190733833,316460,浙地人家,杭州,二手房,宋家湾路
S4145420635696138,611311,恒基旭辉府,杭州,二手房,"崇杭街,近丽水北路"
S3117249373953030,826286,华源福临花苑,杭州,二手房,"乌龙涧路,近西险大塘"
S2769304690842624,160733,皇亲苑,杭州,二手房,凤起路380号
S3194082515935247,264956,西溪小筑,杭州,二手房,"天目山路,近五常大道"
S4190257080937486,178176,都市水乡水曲苑,杭州,二手房,"广业街,近长阳路"
S3564627401317381,606332,世茂之西湖御涛轩,杭州,二手房,"江南大道,近西环路"
S3979976953437199,160940,北银公寓,杭州,二手房,"4号大街,近3号大街"
S4553126626536453,994918,融创河滨之城雨澜轩,杭州,二手房,五常港路301号
S2771057940737029,160557,朝晖六小区,杭州,二手房,新市街64号
S3595323852431366,370110,理想康城一品,杭州,二手房,人民大道258号
S4314980115389446,482573,顺发旺角城(公寓住宅),杭州,二手房,市心中路123号
S4132472033402883,336639,仓溢绿苑,杭州,二手房,海曙路128号
A7478818585,800830,九龙仓世纪华府,杭州,二手房,丰收中路28号
S3524358017082369,995823,景瑞天赋,杭州,二手房,"扬帆路,近博奥路"
S3980877434526722,161035,天元公寓(公寓住宅),杭州,二手房,19号大街709号
S2574169280897028,161178,星河景庭,杭州,二手房,金城路98号
S4578461545245697,610923,莱蒙水榭春天,杭州,二手房,飞虹路208号
S3794742655151112,217526,临平桂花城(北区),杭州,二手房,人民大道
S3584936892097536,576119,融科瑷骊山,杭州,二手房,望江山路1号
S3345502247182338,923412,禹洲滨之江,杭州,二手房,"枫桦东路,近枫桦西路"
S2573903342723077,370106,铂金名筑,杭州,二手房,平安路38号
S3053369754887183,909730,万象城悦玺,杭州,二手房,"庆春东路,近钱江路"
S4125677259710476,628375,大华西溪风情澄品,杭州,二手房,文一西路
A7438978654,370021,西郊半岛(公寓住宅),杭州,二手房,江滨东大道1号
S4574120436788232,404541,仁苑,杭州,二手房,滨盛路3191号
S3986700974940168,224570,迎春南苑,杭州,二手房,滨兴路121号
S3688431278219275,825816,桑达公寓,杭州,二手房,"学正街,近27号大街"
S3681074226110465,179315,东海水景城(公寓住宅),杭州,二手房,世纪大道西501号
S4499357468515341,826171,恒滕悦湖花苑,杭州,二手房,城南路578号
S2616702336671749,801124,冠山小区,杭州,二手房,"长江南路,近白马湖路"
S4624929845255169,346356,名仁家园,杭州,二手房,山阴路1198号
S4477642918077440,407707,金昌春和钱塘,杭州,二手房,民和路411号
S3942511321705483,369831,和达御观邸,杭州,二手房,上沙路246号
S3117252431404038,379788,赞成檀府(公寓住宅),杭州,二手房,"星光街,近新颜路"
S4596899454888972,216666,潮鸣苑,杭州,二手房,"潮鸣寺巷,近醋坊巷"
S2955272081976329,160395,水陆寺巷小区,杭州,二手房,东清巷7号
A7478470212,789610,凯全紫郡花苑,杭州,二手房,科技大道
R2039056248087566,365466,绿城丁香公馆,杭州,二手房,休博路288号
S4221682898329610,1025606,融创金成江南府(公寓住宅),杭州,二手房,天目山西路
S4113927947459592,825992,高运高庄,杭州,二手房,南秀路2228号
S4579515343496205,825716,大家绿城金麟府,杭州,二手房,"上塘路,近湖州街"
S2800295794863107,297940,云厦连园,杭州,二手房,"青年路,近固陵路"
S3333955671008260,635803,景瑞御华府(公寓住宅),杭州,二手房,"世纪大道,近汀兰路"
S3802764339702793,160987,温馨人家,杭州,二手房,月明路796号
S4559699841899521,1153634,阳光城悦云邸,杭州,二手房,溪望路
S4101640813980675,432261,名扬阁,杭州,二手房,萧钱线
S3595424242801677,370006,水岸枫庭,杭州,二手房,甬江路99号
S3482551533952012,370080,中粮云涛名苑(公寓住宅),杭州,二手房,时代大道
S4104170291981316,597679,富力西溪悦居(公寓住宅),杭州,二手房,"常二路,近文一西路"
S4567026828190727,181626,绿城蓝庭(东区),杭州,二手房,"振兴西路,近星河路"
S4302081830985739,790865,金域东方,杭州,二手房,湘建线
S4228739171888141,798267,合景映月台(公寓住宅),杭州,二手房,"溪望路,近良睦路"
S3964043896925187,638889,金都夏宫(公寓住宅),杭州,二手房,"北沙西路,近星河路"
S3784517557428238,410316,广悦公寓,杭州,二手房,高桥路1070号
S3983895453150223,994925,宋都东郡国际锦湾,杭州,二手房,秀水街190号
S3993530665246728,336446,瑞金华庭嘉苑,杭州,二手房,藕花州大街西段264号
A7438071425,826803,龙潭小区,杭州,二手房,春江路1323号
S3316919293845508,825760,德信银树湾,杭州,二手房,文岚街58号
S4544434580249600,420307,滨江曙光之城,杭州,二手房,机场路285号
S3968573693701131,791880,上实海上海(一期),杭州,二手房,"古墩路,金汇南路"
S4302081828380672,826860,中国铁建青秀城,杭州,二手房,建设一路418号
S3884705610802181,369972,泊林漫谷(公寓住宅),杭州,二手房,留和路
S3181377345643524,375266,康都紫轩,杭州,二手房,甬江路191号
S4413906532199437,573099,大家之江悦,杭州,二手房,"碧波路,近枫桦西路"
A7417009711,794144,富春和园(公寓住宅),杭州,二手房,金桥北路469号
S3647133769489412,826449,金地自在城东苑(公寓住宅),杭州,二手房,"池华街,近厚仁路"
S3142833686193156,206392,望江新园二园,杭州,二手房,东霞巷32号
S4281211867769870,160308,迎春北苑,杭州,二手房,"迎春路,近江陵路"
S2574292832296962,160277,绿都湖滨花园(公寓住宅),杭州,二手房,"金山路,近博学路"
S4237474467258380,825481,白马湖小区白鹤苑,杭州,二手房,"一号路,近江晖路"
S4203591031041038,1038044,和家园御园,杭州,二手房,杨梅山路362号
S4515832055278595,187215,凤凰北苑,杭州,二手房,"姚江路,近钱江路"
A7476193123,1042415,梓树花苑(公寓住宅),杭州,二手房,九龙大道
S4538463251573771,1216235,德信九溪云庄,杭州,二手房,"丽景路,近文景路"
S4011853060464646,1100978,风荷锦庭(公寓住宅),杭州,二手房,"新峡路,近油虎线"
S3455017378045955,160398,碧水豪园(公寓住宅),杭州,二手房,"东信大道,近南环路"
S3509574966158346,778765,金隅学府,杭州,二手房,秋涛路
S2725682478558213,300522,新湖果岭(公寓住宅),杭州,二手房,文一西路
S2574147595345928,175739,观邸国际,杭州,二手房,新和路167号
S4539006234977283,160630,滨江金色海岸,杭州,二手房,富春路9号
S4336210550415373,160713,滨江金色家园,杭州,二手房,富春路16号
S4398633024510981,181626,绿城蓝庭(东区),杭州,二手房,"振兴西路,近星河路"
S3646738041461774,160957,丰乐苑(8-12),杭州,二手房,丰家兜8号
S2574214822813697,528280,众安白马山庄(公寓住宅),杭州,二手房,留和路
S3186677896716294,190732,江枫苑,杭州,二手房,凤山桥直街13号
S4528860293735437,363841,潘水南苑,杭州,二手房,市心南路728号
S4542812571165710,607657,万科西庐,杭州,二手房,五常港路
S4484679507469322,1236386,上实海上海(二期),杭州,二手房,白洋路
S3536555611399177,620329,铭都雅苑,杭州,二手房,高沙路166号
S4575730538093578,989973,佳源优优锦城,杭州,二手房,西墅街407号
S4544584003673097,1013054,盈一佳苑,杭州,二手房,鸿宁路1021号
S3347091773104136,1035021,利一家园,杭州,二手房,利丰路455号
S4336657289325575,607300,兴耀星悦湾(公寓住宅),杭州,二手房,"青六南路,近横雷线"
S4479463516068864,233921,绿城丽江公寓(北区),杭州,二手房,仁爱路73号
S4198744650226690,369989,半岛国际,杭州,二手房,滨盛路2271号
S4277171564846081,628110,开元名郡,杭州,二手房,"向旭支路,近晨晖路"
S4309368094579716,785209,新湖菲林山,杭州,二手房,上仓路
S4537355408452608,406023,绿城玉兰花园(临安),杭州,二手房,环城北路
S4493597660324865,160418,新城国际花园彩园,杭州,二手房,庆和路69号
S4488968002331658,221384,同和公寓,杭州,二手房,萧西路78-8号
S3633928402853897,369839,协安紫郡,杭州,二手房,紫萱路308号
S3672625980417025,803535,宋都东郡之星,杭州,二手房,"银海街,近春新路"
A7462799226,369997,泊金湾,杭州,二手房,金凤路128号
S3961259886500868,216666,潮鸣苑,杭州,二手房,"潮鸣寺巷,近醋坊巷"
S4214974643658762,826328,西溪景苑(东区),杭州,二手房,丰岭路101号
S3035799065026566,405773,悦尚湾,杭州,二手房,祥运路188号
S4111521476780046,1218291,越秀星汇花园东区,杭州,二手房,"星港路,近滨河路"
S3890473128190977,160442,双菱小区,杭州,二手房,双菱路33-37号
S4121465898494990,825865,都市阳光乐苑,杭州,二手房,甲来路
S4504572322802698,160557,朝晖六小区,杭州,二手房,新市街64号
S2578145603742723,825865,都市阳光乐苑,杭州,二手房,甲来路
S4504540881923076,826456,金色钱塘(南区),杭州,二手房,风情大道677号
S3883053145058308,223789,红街公寓,杭州,二手房,新风路318号
S3597506057903112,726989,中南白马湖壹号(公寓住宅),杭州,二手房,"时代大道,近天马路"
S4554398888320002,369852,绿城玉园,杭州,二手房,"人民大道,近新丰路"
S2769611496791052,651236,万宝城,杭州,二手房,荷禹路105号
S4142384988040207,910832,欧美金融城,杭州,二手房,"闲林港西路,近向往街"
S3501577048660994,826151,和谐嘉园南苑,杭州,二手房,"江锦路,近新塘路"
S4218586325262340,369964,德信臻园,杭州,二手房,"小河路,近文岚路"
S2573940166156291,190614,滨江家园,杭州,二手房,近江东路32号
S3901986476680197,187215,凤凰北苑,杭州,二手房,"姚江路,近钱江路"
S2968615948659723,369936,江南铭庭,杭州,二手房,天官东路90号
S4561291756643336,160997,采荷绿萍,杭州,二手房,庆春东路12号
S3602208886498307,160860,多蓝水岸,杭州,二手房,12号大街
S4404058441047048,1315367,西溪永乐城(公寓住宅),杭州,二手房,"景兴路,近文一西路"
S2574341016546309,229269,四季风景苑,杭州,二手房,"5号大街,近6号大街"
S4349358191632399,618928,耀达金鼎华庭,杭州,二手房,仁和大道
S4599362034473991,160553,新明半岛(公寓住宅),杭州,二手房,102省道
S4570310164210700,628375,大华西溪风情澄品,杭州,二手房,文一西路
S3366630281633808,628421,众安景海湾(公寓住宅),杭州,二手房,弘慧路
A7344314247,800830,九龙仓世纪华府,杭州,二手房,丰收中路28号
S3052054280690690,370094,金都西花庭,杭州,二手房,"狮山路,近余杭塘河"
S2573987987172354,642230,赞成龙兴道一号,杭州,二手房,"新颜南路,近龙兴路"
S2962276634373130,219771,勤远里,杭州,二手房,"察院前巷,近中山南路"
S4578227594402824,626947,佳源名城,杭州,二手房,"崇超路,近汇贤路"
S2769442677664768,826220,闻潮尚庭,杭州,二手房,"望江东路,近钱江路"
S4629449313115141,160842,春波小区,杭州,二手房,春波路32号
A7402309268,826803,龙潭小区,杭州,二手房,春江路1323号
S4607803312020493,727345,经纬御贤府,杭州,二手房,崇文街90号
S4028955079057408,826302,环桥花苑,杭州,二手房,"星河路,近振兴西路"
S3608341043766287,160492,银色港湾(公寓住宅),杭州,二手房,伟业路481号
S4471054776607752,994908,闲林山水海棠苑,杭州,二手房,"闲林东路,近高教路"
S2769175958414346,826736,远东紫竹人家,杭州,二手房,狮山路284号
S4376159760423947,405773,悦尚湾,杭州,二手房,祥运路188号
S2574097140441093,826558,近江五园,杭州,二手房,衢江路87号
S4520639115897859,826862,中国铁建西湖国际城,杭州,二手房,"甲来路,近杭长高速"
S4118693724630024,161103,盛元慧谷(公寓住宅),杭州,二手房,火炬大道725号
S3700444077908993,369877,众安嘉润公馆,杭州,二手房,"金鸡路,近潮韵路"
S3727841545137155,160571,湘湖家园,杭州,二手房,萧西路843号
S4497732316537867,160518,中江花园,杭州,二手房,环城东路313号
R2457598568356866,224920,京明凤凰家园,杭州,二手房,申达路388号
S3567799750090752,160712,东海未名园,杭州,二手房,"4号大街,近文泽路"
A7354975804,193730,富春泉水湾(别墅),杭州,二手房,江滨东大道819号
S4583750299083787,877728,金地德圣中心(商住楼),杭州,二手房,"金城路,近金山路"
S4290751299132425,826030,塘栖一小区,杭州,二手房,"塘栖路,近里仁路"
S2663303051078660,877705,世茂智慧之门,杭州,二手房,"江南大道,近风情大道"
S4512120127693836,183555,近江苑,杭州,二手房,徐家埠路58号
S3390758965715977,160731,国都枫华府第,杭州,二手房,学院路129号
S3964159862582284,659941,汉嘉申花郡,杭州,二手房,"丰庆路,近祥符路"
S4613968956759049,806034,滨江华成大江之星,杭州,二手房,新港路
S4256844474555397,575797,朗诗未来街区西园,杭州,二手房,"天万路,近苑中路"
S2573874972811274,476482,华瑞晴庐,杭州,二手房,"建设二路,近育才路"
S4125089383063563,160223,白金海岸花园,杭州,二手房,香溢路88号
S2912513871506434,825885,翡翠城(东北区),杭州,二手房,高教路
S2995620107217925,826447,金地自在城林溪里,杭州,二手房,金蓬街
S4092675990985732,789605,佳兆业君汇上品,杭州,二手房,"稼东路,近石塘东路"
S3304446072757256,369976,东海闲湖城(公寓住宅),杭州,二手房,天目山西路277号
S4480576329589771,160390,采荷人家,杭州,二手房,杭海路265-267号
S3052003043188738,217632,公元沐桥(北区),杭州,二手房,珊瑚沙路52号
S3695648758243335,789465,南润名座,杭州,二手房,蜀山路418号
S4082818678631433,791599,竹径云山锦云坊(67-80),杭州,二手房,东西大道
S3438960546800653,219861,万科魅力之城(东区),杭州,二手房,九环路41-4号
S2985895793269767,860800,越秀星汇尚城,杭州,二手房,上园路
S4567404309208073,826366,恒大名城博园,杭州,二手房,博园路
S4021990114860034,790322,新城香悦奥府,杭州,二手房,"博奥路,近建设一路"
S4200689874787333,655351,尚堂府,杭州,二手房,石祥路282号
S2909175304936454,658597,湖墅观邸,杭州,二手房,湖墅北路111号
S4388443840062475,216505,通和南岸花城(公寓住宅),杭州,二手房,时代大道
S2574268167646213,877755,迪凯运河印象,杭州,二手房,"好运街,通益路"
S4040268813659142,311707,钱塘滨和花园,杭州,二手房,江汉东路202号
S4626272668689409,497413,佳兆业玖珑山,杭州,二手房,"八角路,近镇南路"
S2574353313423363,221557,盛泰名都公寓,杭州,二手房,"5号大街,近4号大街"
S3810898001633285,477595,嘉和银领时代(公寓住宅),杭州,二手房,"藕花洲大街,近星桥南路"
S3052005261205508,826084,天阳棕榈湾(西区),杭州,二手房,棕榈路17号
S4478024363992068,160731,国都枫华府第,杭州,二手房,学院路129号
S4360137325239296,217304,锦绣钱塘,杭州,二手房,科技大道
S3764409993882637,216293,金域三江(公寓住宅),杭州,二手房,时代大道
S3122901309318149,160751,太阳国际公寓(公寓住宅),杭州,二手房,伟业路730号
S4001169344506881,1035534,万科北宸之光拱宸,杭州,二手房,上园路
S4177634838044687,370055,积家(公寓住宅),杭州,二手房,浦沿路789号
S4530009467579398,825574,南门江住宅区,杭州,二手房,"萧然西路,近萧然南路"
S4350244884061188,369819,滨江城市之星(公寓住宅),杭州,二手房,市民街167号
S4340377155525636,573180,重汽嘉泽苑,杭州,二手房,红山大道
S4327593710837766,200705,湖畔宽邸(公寓住宅),杭州,二手房,休博路4号
S4504800384969742,995819,钱江彩虹府,杭州,二手房,科海路
S4608324346768393,1218290,越秀星汇花园西区,杭州,二手房,"塘塍街,近225县道"
S3000065266293766,160594,三江花园(公寓住宅),杭州,二手房,万达中路26号
S4524372768320527,160582,昆仑水印城,杭州,二手房,滨盛路2242号
A7064864542,720940,新桃源,杭州,二手房,华庭西路209号
S3980902980017155,160534,凯旋新村(西区),杭州,二手房,凯旋路107号
S4479302292972551,161133,钱江彩虹城,杭州,二手房,滨盛路4398号
S4575353179577355,826302,环桥花苑,杭州,二手房,"星河路,近振兴西路"
S4398405962488847,160039,东海花园,杭州,二手房,南大街126号
S3781122123080710,620117,理想银泰城(公寓住宅),杭州,二手房,世纪大道118号
A7303844662,794144,富春和园(公寓住宅),杭州,二手房,金桥北路469号
S4570290513193997,945744,融创未来海溪汀苑,杭州,二手房,"闲富北路,近上和路"
S4599952769293326,826101,庭院深深(东区),杭州,二手房,东西大道
S3654429891402764,528280,众安白马山庄(公寓住宅),杭州,二手房,留和路
S4245977743776779,798267,合景映月台(公寓住宅),杭州,二手房,"溪望路,近良睦路"
S4534303386885130,826881,中兴花园百合苑,杭州,二手房,江汉路1679号
S4583805354945543,476482,华瑞晴庐,杭州,二手房,"建设二路,近育才路"
S3954706337423368,877696,萧山宝龙城市广场,杭州,二手房,"建设一路,近金鸡路"
S2574187152858116,171723,滨文苑,杭州,二手房,"滨文路,近火炬大道"
S4276687911787520,369845,华元蒙卡岸,杭州,二手房,"和睦路,近五常大道"
S2913398548423695,370046,保利湾天地,杭州,二手房,24号大街
S2725682168536065,190451,栖溪名园,杭州,二手房,天目山路518号
S3577904288259084,1105919,国开东方凤凰台(公寓住宅),杭州,二手房,禹航路
S4527247141645321,826862,中国铁建西湖国际城,杭州,二手房,"甲来路,近杭长高速"
S4523340544666625,160277,绿都湖滨花园(公寓住宅),杭州,二手房,"金山路,近博学路"
S3635301915205648,795344,钱塘玫瑰湾,杭州,二手房,新浦路1459号
S2950830828575750,160944,兰韵天城,杭州,二手房,墩祥街
S2769640248699907,607407,金沙国际,杭州,二手房,幸福南路1288号
S4485204462560257,804630,龙湖水晶郦城,杭州,二手房,"茹家路,近庄墩路"
S2769638071479304,161154,国都公寓,杭州,二手房,凤起路361号
S2599477215046670,160574,风雅钱塘,杭州,二手房,月明路1076号
S2975101914934277,486928,野风海天城,杭州,二手房,听涛路174号
S2957629542788103,219714,玄坛弄小区,杭州,二手房,玄坛弄
S4424323098188801,803286,水韵康桥康泽苑,杭州,二手房,康桥路
S4418381337144329,825992,高运高庄,杭州,二手房,南秀路2228号
S4151004280384513,220070,滨康小区,杭州,二手房,聚园路66号
S4110469597604865,580034,玲珑府(公寓住宅),杭州,二手房,西兴路399号
S3359819059421188,191502,九曲营小区,杭州,二手房,九曲营路78号
S2574178455362571,826366,恒大名城博园,杭州,二手房,博园路
S2956734846086150,216452,华瑞湘湖林语,杭州,二手房,下湘湖路8号
S3637094996729856,160906,平安居,杭州,二手房,屏风街94号
S2769256995494919,190451,栖溪名园,杭州,二手房,天目山路518号
S4097163435813889,369824,中意名仕苑(公寓住宅),杭州,二手房,人民大道438号
S2660016060279816,161160,缤纷小区,杭州,二手房,"丹枫路,近睿祥路"
S4281223665527809,825877,盛庐小区,杭州,二手房,滨盛路3215号
A7456704075,825755,容大五环城市花园,杭州,二手房,金桥北路159号
S4125606463692808,826603,景致公寓,杭州,二手房,"和睦路,近石祥路"
S2725173649533965,370078,建境巧克力公馆,杭州,二手房,鸿兴路338号
S4053134885874699,178605,东田小城之春,杭州,二手房,狮山路388号
S2690084346405890,790217,中天珺府(别墅),杭州,二手房,科技大道2988号
S3677091912279044,825841,上石苑,杭州,二手房,石祥路349号
S4098445056306188,370106,铂金名筑,杭州,二手房,平安路38号
S2574102360108046,220591,君临天下,杭州,二手房,东湖南路364号
S3054695522574345,160398,碧水豪园(公寓住宅),杭州,二手房,"东信大道,近南环路"
S4633741870406667,173565,庭院深深(西区),杭州,二手房,东西大道
S4126572271229959,593871,保亿风景晨园(公寓住宅),杭州,二手房,"迎宾路,近1号路"
S4575290340942852,191939,河畔花园,杭州,二手房,古塘路31号
S3286069071504396,346247,星桥桂花城,杭州,二手房,"藕花洲大道,近太平路"
S4425856367258636,179412,广宇河滨公寓,杭州,二手房,建国北路363号
S4310689308319755,579336,龙湖春江彼岸,杭州,二手房,"扬帆路,近丹枫路"
S4382862136091658,160731,国都枫华府第,杭州,二手房,学院路129号
S2931838411154438,369846,保利江语海(公寓住宅),杭州,二手房,"之江东路,近6号大街"
S3564494557405198,224958,广厦天都城天星苑,杭州,二手房,"场环路,近欢乐大道"
S3883145584192527,314636,树兰书香名邸(公寓住宅),杭州,二手房,星光街1-1号
S4219099473272847,825526,保亿风景蝶院留园,杭州,二手房,光裕路112号
S4520118109002762,618928,耀达金鼎华庭,杭州,二手房,仁和大道
S2573879198851080,369953,绿城明月江南(东区),杭州,二手房,月明路256号
S4517434399124486,218933,复地连城国际,杭州,二手房,杭海路1636号
S3561125679012877,576119,融科瑷骊山,杭州,二手房,望江山路1号
S4040201938611207,160708,春丰苑,杭州,二手房,"凤起路,近大树路"
S3269127658396681,863448,世包国际中心,杭州,二手房,市民街99号
S4161908166286337,369952,名城公馆(公寓住宅),杭州,二手房,"登云路,近通益路"
S4121428534796296,369863,精欧荣寓,杭州,二手房,"6号大街,近5号大街"
S3955330197580804,216723,红枫苑(临平),杭州,二手房,东湖北路118号
S4589335131448321,369924,金岸提香(公寓住宅),杭州,二手房,中泰路322号
S4182101766430735,174019,锦绣文澜阁,杭州,二手房,"通益路,近湖杭州街"
S4573916681921543,172244,滨江倾城之恋,杭州,二手房,月明路1091号
A7283349068,370045,绿城富春玫瑰园(别墅),杭州,二手房,江滨东大道515号
S3041327681772546,637906,黄龙金茂悦,杭州,二手房,"塘萍路,近拱苑路"
S4404412365939721,826791,白鹭郡南柳映坊,杭州,二手房,白鹭路
S4421019827035138,825904,世茂江滨花园碧景湾,杭州,二手房,25号路88号
S4159167463923720,826454,金地自在城悦活轩,杭州,二手房,欣然街111号
S3480254780252168,160752,耀江文鼎苑,杭州,二手房,萍水西街193号
S4016129292443652,528979,西溪海听海苑,杭州,二手房,"闲富北路,近上和路"
S4498868769102856,178587,都市水乡水滟苑,杭州,二手房,广业街282号
S4568556444605447,826101,庭院深深(东区),杭州,二手房,东西大道
S2793398427558914,826323,西溪花园流芳苑,杭州,二手房,凌波路5号
S4626686606486533,406023,绿城玉兰花园(临安),杭州,二手房,环城北路
A7354175182,720940,新桃源,杭州,二手房,华庭西路209号
S4370465999105034,161181,静怡花苑,杭州,二手房,秋涛路550号
S4616754893286404,639013,万科金辰之光,杭州,二手房,西陵路30号
S4568745578634248,826304,西溪北苑北区,杭州,二手房,"文昌路,近荆长大道"
S2602021808136203,181423,袁井巷,杭州,二手房,"中河南路,近抚宁路"
S4238658039012352,236886,西溪望庄,杭州,二手房,文二西路
S4625342729612290,297940,云厦连园,杭州,二手房,"青年路,近固陵路"
S4602416303891470,796147,绿城桃李春风(别墅),杭州,二手房,科技大道
S3185776721665028,607368,绿城莲园(公寓住宅),杭州,二手房,"北沙西路,近荷花路"
S2769339623463948,186603,钱塘名都,杭州,二手房,钱江路628-640号
S4597091393498115,401653,春天华府,杭州,二手房,保锦路169号
S4364717178479627,877690,西溪八方城,杭州,二手房,"文一西路,近荆长路"
S2769282735643653,656689,兴耀鑫都汇,杭州,二手房,滨康路
S4312055041481743,916687,碧桂园深蓝国际中心,杭州,二手房,"博奥路,近利一路"
S4405411107560450,877699,融信澜天(公寓住宅),杭州,二手房,"立新路,玉鸟路"
S3962618441916417,160453,东方俊园(西区),杭州,二手房,新颜南路
S4490546080408580,826456,金色钱塘(南区),杭州,二手房,风情大道677号
A7391436934,423393,世纪花城,杭州,二手房,大奇山路650号
S2573922873941005,160359,通策广场(公寓住宅),杭州,二手房,江南大道3672号
S3793889469095942,658236,钱江御府,杭州,二手房,"候潮路,近秋涛路"
S3929865531941901,244215,朗诗国际街区,杭州,二手房,27号路60号
S3751363110888451,910832,欧美金融城,杭州,二手房,"闲林港西路,近向往街"
S4403018380729353,224570,迎春南苑,杭州,二手房,滨兴路121号
S2574191870209039,637906,黄龙金茂悦,杭州,二手房,"塘萍路,近拱苑路"
R2843442881997830,826130,桐庐碧桂园(公寓住宅),杭州,二手房,城南路799号
S2967297198418946,160229,亲亲家园一期,杭州,二手房,"古墩路,近董家路"
S3227737956047882,350909,九衡公寓,杭州,二手房,"良周路,近东西大道"
A7376836490,806213,富春江南,杭州,二手房,"大桥南路,近永济路"
S4574167626228742,542544,七贤郡(1-50),杭州,二手房,东西大道
S3672502132236299,160442,双菱小区,杭州,二手房,双菱路33-37号
S4537075551020035,370094,金都西花庭,杭州,二手房,"狮山路,近余杭塘河"
S4030786983242766,217136,锦园小区,杭州,二手房,建国北路370号
S2731234689068042,470980,中铁逸都,杭州,二手房,北沙西路28号
S4324980740189193,825861,都市阳光和苑,杭州,二手房,甲来路82号
S4023218925775882,619585,滨江金色江南,杭州,二手房,飞虹路1757号
S3035103121530884,578175,德信晓宸,杭州,二手房,"祥富路,近上祥路"
S3869343655879683,394496,南北乐章,杭州,二手房,溪东路
S4480922334751750,160438,山西园小区,杭州,二手房,"山西园路,近禹航路"
S3771696764281864,369964,德信臻园,杭州,二手房,"小河路,近文岚路"
S3427365804171278,433939,转塘家园(南区),杭州,二手房,之江路5号
S4487972715768844,826394,湘湖人家(西区公寓住宅),杭州,二手房,闻兴路288号
S4331875789053966,656442,合景叠彩园(公寓住宅),杭州,二手房,"文胜路,近电子路"
S4392777377410052,593871,保亿风景晨园(公寓住宅),杭州,二手房,"迎宾路,近1号路"
S2574157193915404,825716,大家绿城金麟府,杭州,二手房,"上塘路,近湖州街"
S3178683978898438,637489,运河之星,杭州,二手房,丽水北路950号
S3838338568347649,952866,环秀府,杭州,二手房,"荆长大道,近海曙路"
S4608277150735373,406023,绿城玉兰花园(临安),杭州,二手房,环城北路
S4023199310896137,209262,世茂江滨花园瑞景湾,杭州,二手房,"16号大街,近23号大街"
S3288890530652172,994998,春波西苑,杭州,二手房,"春波路,近江晖路"
S4289396664228867,160384,瑞立中央花城,杭州,二手房,滨河路796号
S4528698077961216,208476,华元云水苑(公寓住宅),杭州,二手房,6号大街328号
S4485349959246863,160388,中兴花园,杭州,二手房,江汉路1688号
S3476839881924621,174646,东方润园,杭州,二手房,钱潮路9号
S4211854472588293,593871,保亿风景晨园(公寓住宅),杭州,二手房,"迎宾路,近1号路"
S4240136517086213,161181,静怡花苑,杭州,二手房,秋涛路550号
S3533129868205059,370090,湖山帝景湾(北苑公寓住宅),杭州,二手房,南湖东路
S2574065625504782,216712,定安东苑,杭州,二手房,后市街100-126号
S4507537292549129,512609,武林壹号,杭州,二手房,湖墅南路66号
S2770448127831046,589478,望江府,杭州,二手房,闻潮路280号
S2574074949168139,206600,钱江水晶城,杭州,二手房,滨盛路4402号
S3530958666671118,635788,赞成赞城,杭州,二手房,棕榈路801号
S4573950718094345,405773,悦尚湾,杭州,二手房,祥运路188号
S4017678503648257,804630,龙湖水晶郦城,杭州,二手房,"茹家路,近庄墩路"
S3850951007265802,469003,大美公寓,杭州,二手房,"南大街,玩月街"
S4221849407544320,372524,相墅花园(公寓住宅),杭州,二手房,"时代大道,近湘湖路"
S3947385233597445,994918,融创河滨之城雨澜轩,杭州,二手房,五常港路301号
S4582491998526473,825992,高运高庄,杭州,二手房,南秀路2228号
S2959031292732420,635803,景瑞御华府(公寓住宅),杭州,二手房,"世纪大道,近汀兰路"
S4060507577277444,618739,金雅苑,杭州,二手房,仁爱路219号
S3682293175820298,375304,保利东湾(东区公寓住宅),杭州,二手房,之江东路
S4527467321830410,542544,七贤郡(1-50),杭州,二手房,东西大道
S4223499553745934,1365370,中天珺府(北区公寓住宅),杭州,二手房,科技大道2988号
S2769320384717832,161181,静怡花苑,杭州,二手房,秋涛路550号
S4475291498130437,826367,闲林山水紫薇苑,杭州,二手房,闲林东路
S3935451139973126,521873,世茂江滨花园峻景湾,杭州,二手房,"20号大街,近23号大街"
S4401184044461063,825865,都市阳光乐苑,杭州,二手房,甲来路
A7421191517,826157,万科君望(公寓住宅),杭州,二手房,江滨东大道239号
S3520995912622094,580034,玲珑府(公寓住宅),杭州,二手房,西兴路399号
S3423025359036425,641202,赞成首府(公寓住宅),杭州,二手房,世纪大道
S3597116811190281,607834,天阳尚城国际,杭州,二手房,"全福桥路,近机场路"
S2574181614840832,365466,绿城丁香公馆,杭州,二手房,休博路288号
S3929930385171457,161140,胭脂新村,杭州,二手房,天水巷24号
S3331452412403723,659567,惠都家园(东区),杭州,二手房,太平路93号
S3861928122641415,370090,湖山帝景湾(北苑公寓住宅),杭州,二手房,南湖东路
S4582415358389260,160807,夕照新村,杭州,二手房,"清江路,近杭海路"
S3506748922864641,248839,中海钱塘山水(公寓住宅),杭州,二手房,东信大道92号
S3449888499047424,369858,华瑞湘湖美地,杭州,二手房,萧西路605号
S2822056923573262,877681,正易上塘春苑,杭州,二手房,博园路13号
S4289408476191749,160299,国信嘉园(公寓住宅),杭州,二手房,滨盛路4050号
S4626724874529795,910660,东方君悦,杭州,二手房,民心路88号
S4596604537674755,607300,兴耀星悦湾(公寓住宅),杭州,二手房,"青六南路,近横雷线"
S4619574925763593,217621,苑中园,杭州,二手房,新城路38号
S3469698312414222,160841,同人春江时代,杭州,二手房,"长河路,近滨盛路"
A7392575315,239124,云水山居(公寓住宅),杭州,二手房,九龙大道延伸段
S4026362688592903,346243,大华海派风景,杭州,二手房,东吴路
S4600850636254210,611491,华元欢乐城(公寓住宅),杭州,二手房,迎宾路
S4319031381204998,826352,佳丰北苑,杭州,二手房,飞虹路1077号
A7468443999,193730,富春泉水湾(别墅),杭州,二手房,江滨东大道819号
S4397363948559375,204866,茶厂宿舍,杭州,二手房,解放东路202号
S3097587456171016,370110,理想康城一品,杭州,二手房,人民大道258号
S3495717885352972,160621,西房云溪香山(北区),杭州,二手房,"转塘路,近望江山路"
S4146547174026241,825902,风景大院,杭州,二手房,通益路
S4203321128950784,655351,尚堂府,杭州,二手房,石祥路282号
S2573894489268232,160551,之江公寓(公寓住宅),杭州,二手房,东信大道1221号
S4391613163035659,488896,世纪嘉园,杭州,二手房,"世纪大道,南兴路"
S2769477966130190,656371,佳兆业西溪璞园(公寓住宅),杭州,二手房,"荆山湾路,近联胜路"
S2960094877379597,781698,融科东南海,杭州,二手房,香樟路469号
S2575840883367951,369952,名城公馆(公寓住宅),杭州,二手房,"登云路,近通益路"
S4234550901529613,369936,江南铭庭,杭州,二手房,天官东路90号
S4206442107448333,160630,滨江金色海岸,杭州,二手房,富春路9号
S2725353971063817,826797,龙湖春江悦茗,杭州,二手房,"风情大道,近建设三路"
S2725669871246339,160053,宋都凯旋苑,杭州,二手房,凯旋路68号
S4213083250584583,801124,冠山小区,杭州,二手房,"长江南路,近白马湖路"
R3113052048056335,877695,萧宏普罗旺斯,杭州,二手房,尖端路369号
S2803904552381442,795344,钱塘玫瑰湾,杭州,二手房,新浦路1459号
S4508710635086856,177046,定海园,杭州,二手房,永庆路135号
S4136596844387329,826155,万科杭宸,杭州,二手房,"杭行路,近好运街"
S2574082796530701,909730,万象城悦玺,杭州,二手房,"庆春东路,近钱江路"
S3894719859731458,160274,汇宇花园(公寓住宅),杭州,二手房,南秀路1399号
S2574188448181258,160390,采荷人家,杭州,二手房,杭海路265-267号
S2574176089451529,369830,贝利栖溪公馆,杭州,二手房,广济路
S3818030719819790,370094,金都西花庭,杭州,二手房,"狮山路,近余杭塘河"
S4503485061737484,826603,景致公寓,杭州,二手房,"和睦路,近石祥路"
A7363790363,794144,富春和园(公寓住宅),杭州,二手房,金桥北路469号
S3107361123720193,379778,龙湖香醍溪岸(公寓住宅),杭州,二手房,"304省道,近宏达路"
S4626686596377604,409035,金色时代,杭州,二手房,勤学路10号
S4507997253295107,659623,奥克斯缔逸城(公寓住宅),杭州,二手房,"古墩路,近庄墩路"
S4170381962783756,224144,保利东湾(西区),杭州,二手房,"24号大街,近20号大街"
S4451104513956874,336639,仓溢绿苑,杭州,二手房,海曙路128号
R4465080187151362,825948,水榭花都,杭州,二手房,绿荫街149号
S3016582506470413,478833,金瑞城市风景,杭州,二手房,风景街333号
S2982891770063887,802323,宋都丽郡国际,杭州,二手房,横一路
S4378554479074315,407707,金昌春和钱塘,杭州,二手房,民和路411号
S3641294527734793,826313,西溪诚园致诚苑,杭州,二手房,"双龙街,近崇仁路"
S4152478870219789,825760,德信银树湾,杭州,二手房,文岚街58号
S4089709765241866,369936,江南铭庭,杭州,二手房,天官东路90号
S4508893534940171,877687,苕溪南湖人家,杭州,二手房,太炎路70号
S3627009356063759,193195,碧天家园,杭州,二手房,邱山大街692号
S4146834227522569,1107937,溪谷岚湾(公寓住宅),杭州,二手房,运溪路1100号
S2574262740982787,369831,和达御观邸,杭州,二手房,上沙路246号
S3983824605503498,943059,景瑞申花壹号院,杭州,二手房,"丰潭路,近申花路"
S4224464608043009,370111,雍熙山庄,杭州,二手房,沿山路52号
S2574209472588806,237901,青枫墅园林语阁(公寓住宅),杭州,二手房,文良线
S4621280777460742,192159,钱神花苑,杭州,二手房,仓兴街438-4号
S4123821263182858,476572,顺发江南丽锦,杭州,二手房,"市心北路,近扬帆路"
A7415697293,1168536,新视界公寓,杭州,二手房,"高桥西路,近金桥北路"
S2769400569553921,160359,通策广场(公寓住宅),杭州,二手房,江南大道3672号
R4419521852187649,825931,福鼎家园,杭州,二手房,"文昌路,近常二路"
S3011527285726214,863448,世包国际中心,杭州,二手房,市民街99号
S3713304176402447,369838,赞成香颂,杭州,二手房,"顺达路,近振兴西路"
S3280108485419015,1055511,富力十号院,杭州,二手房,"高教路,近文二西路"
S4118479422958596,370104,城发云锦城,杭州,二手房,"华鹤街,近长睦路"
S4466394212736011,794775,地铁绿城杨柳郡,杭州,二手房,九和路516号
S4213417513245704,232436,得力半岛花园(公寓住宅),杭州,二手房,晨晖路507号
S3256775513924619,641202,赞成首府(公寓住宅),杭州,二手房,世纪大道
S4426796153887753,607407,金沙国际,杭州,二手房,幸福南路1288号
S3824212292641806,160423,明辉花园,杭州,二手房,建设四路2713号
S4227358962950153,1025600,恒大水晶国际广场,杭州,二手房,"之浦路,近枫桦路"
S2573888937287685,652463,越秀星汇悦城,杭州,二手房,古墩路
S2769195161265161,826030,塘栖一小区,杭州,二手房,"塘栖路,近里仁路"
S3979809869765643,795344,钱塘玫瑰湾,杭州,二手房,新浦路1459号
S4603554618270721,369845,华元蒙卡岸,杭州,二手房,"和睦路,近五常大道"
S4060218561059854,318655,锦昌年华,杭州,二手房,"崇杭街,近半山路"
A6715313827,825720,大家小墅,杭州,二手房,金苑路
S2590932210445324,794728,江滨澜廷,杭州,二手房,"闻涛路,近江陵路"
S3853327980617733,943026,祥生云浦新语,杭州,二手房,"科海路,近周二路"
R4142526405897225,1047306,秀里华庭,杭州,二手房,紫荆花北路439号
S4359292207325188,160720,钱塘春晓花园,杭州,二手房,月明路862号
S2574290243592198,188696,北秀蓝湾,杭州,二手房,东西大道
S3863364660486151,369899,红景凯丽晶座(公寓住宅),杭州,二手房,通惠北路718号
S3485531088954373,794728,江滨澜廷,杭州,二手房,"闻涛路,近江陵路"
S4479424236182531,171201,大华西溪风情(公寓住宅),杭州,二手房,文一西路833号
S3491223792606222,370076,顺发堤香名苑,杭州,二手房,"金鸡路,近博学路"
S4617873598374914,607300,兴耀星悦湾(公寓住宅),杭州,二手房,"青六南路,近横雷线"
S4484965162394631,593871,保亿风景晨园(公寓住宅),杭州,二手房,"迎宾路,近1号路"
S2798715148592137,160265,竹海水韵(公寓住宅),杭州,二手房,"闲富北路,近天目山西路"
S2574062897732610,476572,顺发江南丽锦,杭州,二手房,"市心北路,近扬帆路"
S4187667742534669,660197,昆仑华府,杭州,二手房,"新104国道,近东西大道"
S3789997028630535,628375,大华西溪风情澄品,杭州,二手房,文一西路
S4356111655215108,877755,迪凯运河印象,杭州,二手房,"好运街,通益路"
S4023177643564035,379778,龙湖香醍溪岸(公寓住宅),杭州,二手房,"304省道,近宏达路"
S4298069037640709,160713,滨江金色家园,杭州,二手房,富春路16号
S2573926216096772,271325,金盛曼城,杭州,二手房,东冠路655号
S4594144973071365,825861,都市阳光和苑,杭州,二手房,甲来路82号
S4061702973431822,369838,赞成香颂,杭州,二手房,"顺达路,近振兴西路"
S4219982319430666,205213,欣盛东方郡(西区),杭州,二手房,江汉路170号
S4328892135514118,826248,星光国际广场,杭州,二手房,江南大道228号
S4248860454345742,652450,融信蓝孔雀,杭州,二手房,"石祥路,近莫干山路"
S4325102631332876,311707,钱塘滨和花园,杭州,二手房,江汉东路202号
S2573932033122315,799196,颐和山庄(别墅),杭州,二手房,科技大道3608号
S4370322479901701,366286,西溪海悦海苑,杭州,二手房,"闲富北路,近上和路"
S4325179313073165,826248,星光国际广场,杭州,二手房,江南大道228号
S3117244983583749,369931,恒厚阳光城,杭州,二手房,杭泰路103号
A7273652241,825960,顺发富春峰景(公寓住宅),杭州,二手房,春江路8号
S2662964137944078,296629,铭和苑柳翠坊,杭州,二手房,学源街1273号
A7478028218,1029638,五月香山(公寓住宅),杭州,二手房,320国道
S3583080949718024,637489,运河之星,杭州,二手房,丽水北路950号
S2880872682527747,369814,桂花星城,杭州,二手房,世纪大道
R3852584572675078,773493,万星悦城燕庐(公寓住宅),杭州,二手房,江南路
S3787498133515264,606332,世茂之西湖御涛轩,杭州,二手房,"江南大道,近西环路"
S3207787684782094,786761,万通时尚公馆(公寓住宅),杭州,二手房,"景兴路,近东莲街"
S4307940721549320,994998,春波西苑,杭州,二手房,"春波路,近江晖路"
S4055007278750724,219861,万科魅力之城(东区),杭州,二手房,九环路41-4号
S3785445568719887,609573,后珠辰秀嘉园(北区),杭州,二手房,明珠街
S4315199514779654,826447,金地自在城林溪里,杭州,二手房,金蓬街
S2987639641711618,369886,宋都晨光国际,杭州,二手房,"23号大街,近16号大街"
R4500066359815176,1285005,卸紫家园,杭州,二手房,环镇北路1-12-13号
S2769250358963214,778406,滨江西溪之星(公寓住宅),杭州,二手房,"荆长大道,纬三路"
S3888908107064322,912477,丽晶国际中心,杭州,二手房,鸿宁路2327号
R2974970477370378,160944,兰韵天城,杭州,二手房,墩祥街
S4291018671431691,1048132,东原印未来,杭州,二手房,溪望路
S4162010420554765,160053,宋都凯旋苑,杭州,二手房,凯旋路68号
S4547342428513289,825570,滨江万家名城(南区),杭州,二手房,"上园路,近锦江路"
S2685826652089358,652109,阳光城翡丽湾,杭州,二手房,大农港西路1296号
S2574274251022350,608131,保利罗兰香谷,杭州,二手房,华鹤路656号
S4179349256543235,217526,临平桂花城(北区),杭州,二手房,人民大道
S4601474489003015,825868,墩莳家园,杭州,二手房,甲来路41号
S4281121425431564,369830,贝利栖溪公馆,杭州,二手房,广济路
S4569631881929739,782886,融创大家侯潮府,杭州,二手房,"候潮路,近钱江路"
S3171004308971528,160314,银河小区(公寓住宅),杭州,二手房,永久路219号
S4361972551949318,826446,新城国际花园和园,杭州,二手房,庆和路55号
S4498109807469574,660197,昆仑华府,杭州,二手房,"新104国道,近东西大道"
S4165356674948102,369956,星汇荣邸,杭州,二手房,浦沿路369号
S4538540276311046,597679,富力西溪悦居(公寓住宅),杭州,二手房,"常二路,近文一西路"
S4618239489698826,369876,金石华城,杭州,二手房,塘栖绿荫街
S4427065510880259,628302,绿都南江壹号,杭州,二手房,"晨晖路,近高桥路"
S4171817226870784,613323,中大银泰城公寓,杭州,二手房,东新路822号
S4326490692329478,989973,佳源优优锦城,杭州,二手房,西墅街407号
S4008431365545986,786761,万通时尚公馆(公寓住宅),杭州,二手房,"景兴路,近东莲街"
S4582822796041227,875368,北辰奥园(公寓住宅),杭州,二手房,"向旭路,近蜀山路"
S3500277470436356,160619,柳营花园,杭州,二手房,长庆街63号
S4514723869645824,639013,万科金辰之光,杭州,二手房,西陵路30号
S4487575563787277,220572,亲亲家园二期,杭州,二手房,金家渡路318号
S4387140314442753,303624,东海柠檬郡,杭州,二手房,幸福南路252号
S4572533829770241,219874,丽景西苑,杭州,二手房,东清巷76号
S4263823852248070,614729,宝嘉誉峰,杭州,二手房,"石祥路,近东吴路"
S4488120173833216,408735,阳光逸城,杭州,二手房,环丁路328号
S4370153406602245,778406,滨江西溪之星(公寓住宅),杭州,二手房,"荆长大道,纬三路"
S2574170773728269,397247,银杏汇(公寓住宅),杭州,二手房,西环路128号
S3950002108490763,785209,新湖菲林山,杭州,二手房,上仓路
S3002652725963777,825760,德信银树湾,杭州,二手房,文岚街58号
S3863318498272268,825484,白马湖小区孔雀苑,杭州,二手房,"江虹南路,近规划支路"
S4147884135144450,160173,信余里小区,杭州,二手房,河坊街58号
S3791610471771143,792396,湖山帝景湾南苑,杭州,二手房,南湖东路
S4433769843923980,790318,广元公寓,杭州,二手房,晨晖路952号
S4542714192309254,1035021,利一家园,杭州,二手房,利丰路455号
S4353050483171339,826425,欣盛东方郡(东区),杭州,二手房,春晓路233号
S4255845509868545,626969,紫玉福邸,杭州,二手房,"秋涛北路,近机场路"
S4561203671311367,1071702,天阳蔚蓝,杭州,二手房,"天柱街,近灵鹤路"
S3627007286829063,630884,科尔世纪外滩(公寓住宅),杭州,二手房,水博大道1号
S4073204529553413,826739,远洋公馆(东区),杭州,二手房,大浒街99号
S3805225875237893,161011,蚕花园永兴坊,杭州,二手房,"永兴弄,近上塘路"
S2854307927907336,656689,兴耀鑫都汇,杭州,二手房,滨康路
S4625175594181640,369964,德信臻园,杭州,二手房,"小河路,近文岚路"
S2574064608485386,619140,元成时代中心(商住楼),杭州,二手房,"金乔路,近元成路"
S4577299576480777,475889,越秀星汇城后湾,杭州,二手房,大园路123号
S3300425472007176,804783,白塔人家,杭州,二手房,"复兴路,近水澄路"
S4537112943352839,607657,万科西庐,杭州,二手房,五常港路
S3351660499704832,370046,保利湾天地,杭州,二手房,24号大街
S2575920142281729,995819,钱江彩虹府,杭州,二手房,科海路
S2744759653276681,160086,闲林山水丹枫苑,杭州,二手房,闲林东路
S4493532777012230,221973,新绿园,杭州,二手房,鲲鹏路97号
S2770390850870286,292253,清沁花苑,杭州,二手房,九曲营路201号
S3865206351077388,785618,尚海湾(公寓住宅),杭州,二手房,育才路
S3972235493236741,161103,盛元慧谷(公寓住宅),杭州,二手房,火炬大道725号
S4297819350903818,469002,广宇鼎悦府,杭州,二手房,南大街329号
S4003761547877383,160752,耀江文鼎苑,杭州,二手房,萍水西街193号
S3982670478925824,160574,风雅钱塘,杭州,二手房,月明路1076号
S3949781878795275,346142,望江家园东园,杭州,二手房,钱江路483号
S2573870179934222,160980,长兴苑小区,杭州,二手房,绿香街358号
S3242292434543627,528280,众安白马山庄(公寓住宅),杭州,二手房,留和路
S4582287512722439,160613,清泰南苑,杭州,二手房,始版桥直街176号
S4598646815415309,825999,通和戈雅公寓,杭州,二手房,万达北路710号
S3761542714287116,650518,朗诗花漫里,杭州,二手房,"乔中路,近南街"
S4537055893134347,160251,长岛之春,杭州,二手房,明志路99号
S4108633290189836,370072,德信北海公园,杭州,二手房,星桥街100号
S2573879231028236,628434,恒大帝景,杭州,二手房,晨晖路
S4593885429736451,994925,宋都东郡国际锦湾,杭州,二手房,秀水街190号
S4501751016414221,641202,赞成首府(公寓住宅),杭州,二手房,世纪大道
S3367878759635982,369879,赞成美树,杭州,二手房,金恒路174号
S3672677115583500,826009,泰和花园(西区),杭州,二手房,高桥路526号
S3539983438095368,237901,青枫墅园林语阁(公寓住宅),杭州,二手房,文良线
S2850108592172043,369956,星汇荣邸,杭州,二手房,浦沿路369号
S3203993442066445,611311,恒基旭辉府,杭州,二手房,"崇杭街,近丽水北路"
S3702321701086222,938030,龙禧大酒店公寓,杭州,二手房,江南大道3788号
S3287132371803143,217298,新江花园,杭州,二手房,"通盛路,近银堡街"
S2769303115717640,826171,恒滕悦湖花苑,杭州,二手房,城南路578号
S3209303578402826,220796,天虹公寓,杭州,二手房,"天虹街,近紫荆花北路"
S3962496529735695,826353,佳丰南苑,杭州,二手房,"文明路,近利丰路"
S2574275930172420,189565,广德小区,杭州,二手房,育才北路1号
S4184797828078605,191523,华鼎豪园,杭州,二手房,东湖南路338-1号
S2573879741295617,244215,朗诗国际街区,杭州,二手房,27号路60号
S4135427812597761,586666,中交悦西溪(公寓住宅),杭州,二手房,"常二路,近大华欣华支路"
S2889940770118662,1027690,和家园翰园,杭州,二手房,杨梅山路362号
S4060289351982083,607407,金沙国际,杭州,二手房,幸福南路1288号
S4535754335872006,607834,天阳尚城国际,杭州,二手房,"全福桥路,近机场路"
S4604340890852362,795256,美丽湾,杭州,二手房,"天屹路,近吴越大街"
S4173543437967370,260398,丽阳苑,杭州,二手房,申花路389号
S4599893784337422,220591,君临天下,杭州,二手房,东湖南路364号
S3978063364464650,651236,万宝城,杭州,二手房,荷禹路105号
A7441618069,1411532,众安顺源府,杭州,二手房,"上林南路,近科创园一号路"
S4438411808828422,223348,南肖埠景和苑,杭州,二手房,太平门直街207号
S3260620185592832,826192,望江新园一园,杭州,二手房,映霞街81号
S4617806743182349,806034,滨江华成大江之星,杭州,二手房,新港路
S4170753572379652,635214,赞成杭家,杭州,二手房,崇文街
S3041329667709961,877721,杭州印,杭州,二手房,"闻涛路,近江晖路"
S3397720986280970,160980,长兴苑小区,杭州,二手房,绿香街358号
A7316942983,800830,九龙仓世纪华府,杭州,二手房,丰收中路28号
S4602168534096900,790318,广元公寓,杭州,二手房,晨晖路952号
S4607909496216587,160199,金基晓庐,杭州,二手房,钱潮路68号
S4477786440623107,369832,恒逸金榈湾,杭州,二手房,临浦中路123-125号
S2574281236619264,573099,大家之江悦,杭州,二手房,"碧波路,近枫桦西路"
S3307395741326345,654114,中港罗兰小镇(公寓住宅),杭州,二手房,"210省道,近康泰路"
S4517403289132039,369988,金帝海珀华庭,杭州,二手房,振兴西路177号
S4281109511479298,880188,大园新城(公寓住宅),杭州,二手房,"天柱街,近大园路"
S2905810620062728,826742,联庄江涛阁,杭州,二手房,东信大道1038号
S3377716763452428,781698,融科东南海,杭州,二手房,香樟路469号
S2674792431328264,600730,绿城之江1号(东区),杭州,二手房,"横桥路,近博美路"
S3690901995365386,994908,闲林山水海棠苑,杭州,二手房,"闲林东路,近高教路"
S3019566930926598,160393,天福花园,杭州,二手房,近江东路34号
A7201769783,1000571,逸城(公寓住宅),杭州,二手房,江滨东大道1118号
S4312294708194304,790217,中天珺府(别墅),杭州,二手房,科技大道2988号
S4150642549431298,248839,中海钱塘山水(公寓住宅),杭州,二手房,东信大道92号
S4588134669231119,615137,复地黄龙和山(公寓住宅),杭州,二手房,西溪路957号
S4374634092225539,657466,莱茵传奇园,杭州,二手房,"建设一路,近青年路"
S4165232825196554,346243,大华海派风景,杭州,二手房,东吴路
S4104225342939145,639246,德信早安,杭州,二手房,石鸽路45号
S4517650686700552,658597,湖墅观邸,杭州,二手房,湖墅北路111号
S2574228984945665,761437,凯文杭庄(公寓住宅),杭州,二手房,"映荷路,近荷禹路"
S3565613990716428,604862,白鹭郡南秋荷坊,杭州,二手房,玉鸟路
R3956655805668357,638484,上亿中央郡,杭州,二手房,崇杭路
S3167240561746948,160613,清泰南苑,杭州,二手房,始版桥直街176号
S4265352304061451,192131,东湖公寓,杭州,二手房,河南埭路63号
S4594099752004611,725178,金成英特学府(公寓住宅),杭州,二手房,"天目山西路,近城东路"
S4562803665923076,826799,龙湖滟澜山(丽轩),杭州,二手房,"华景街,近海达南路"
S4104743017540616,179315,东海水景城(公寓住宅),杭州,二手房,世纪大道西501号
S3823685787361281,909736,星耀城,杭州,二手房,江陵路2028号
S4606818318967823,877721,杭州印,杭州,二手房,"闻涛路,近江晖路"
S4493562274159627,938894,宝龙云滨湾(公寓住宅),杭州,二手房,学林街323号
S4215888847527948,782886,融创大家侯潮府,杭州,二手房,"候潮路,近钱江路"
S3657117538919437,160566,三坝雅苑,杭州,二手房,"古墩路,近圣东街"
S2573922388548613,370062,万和国际,杭州,二手房,皓月路188号
S4616477652036608,659403,中天之江诚品,杭州,二手房,320国道
S4606416157498380,237901,青枫墅园林语阁(公寓住宅),杭州,二手房,文良线
S3093525240914954,160388,中兴花园,杭州,二手房,江汉路1688号
S3675308117713921,943024,祥生群贤府(公寓住宅),杭州,二手房,崇杭街
S3992084106243078,804630,龙湖水晶郦城,杭州,二手房,"茹家路,近庄墩路"
S4510787103927298,370072,德信北海公园,杭州,二手房,星桥街100号
S4532829301386242,877750,滨江金茂府,杭州,二手房,"西兴路,近滨盛路"
S4238601007213571,618739,金雅苑,杭州,二手房,仁爱路219号
S4607850501172233,224570,迎春南苑,杭州,二手房,滨兴路121号
S2588100833304588,923735,恒鼎博邑郡,杭州,二手房,"滨康路,近时代大道"
S4436568436595720,807657,佳源未来府,杭州,二手房,安乐路61号
S4568605598653455,542544,七贤郡(1-50),杭州,二手房,东西大道
S4050816979082240,826030,塘栖一小区,杭州,二手房,"塘栖路,近里仁路"
S3117256701337600,659567,惠都家园(东区),杭州,二手房,太平路93号
S3508350023359497,726989,中南白马湖壹号(公寓住宅),杭州,二手房,"时代大道,近天马路"
S3022354961099791,404541,仁苑,杭州,二手房,滨盛路3191号
S4527633045904384,160543,义井小区,杭州,二手房,西湖大道
S4577002708362247,485004,翡翠城(西南区),杭州,二手房,"高教路,近天目山西路"
S4078715455597571,369931,恒厚阳光城,杭州,二手房,杭泰路103号
S4326630267559945,300674,天鸿君邑(公寓住宅),杭州,二手房,东信大道
S4183454466187272,826791,白鹭郡南柳映坊,杭州,二手房,白鹭路
S3759899703895045,620117,理想银泰城(公寓住宅),杭州,二手房,世纪大道118号
S4389861383300100,909730,万象城悦玺,杭州,二手房,"庆春东路,近钱江路"
S4172182898416647,229758,月雅苑,杭州,二手房,2号大街877号
S4320794992009225,803350,绿都港汇中心,杭州,二手房,市心北路853号
S4306704081281026,877759,东亚新干线,杭州,二手房,"明月桥路,近天城路"
S4547330650940424,651236,万宝城,杭州,二手房,荷禹路105号
S4052942127406094,160147,滨江万家花城(一期),杭州,二手房,萍水街380号
S4326146630180876,160520,翰林花园,杭州,二手房,翰林街108号
S3260268471163919,825585,缤纷东苑,杭州,二手房,"风情大道,近丹枫路"
S4315219145202695,370071,钱塘帝景(公寓住宅),杭州,二手房,信诚路817号
S2640231914105867,578903,金隅田员外,杭州,二手房,"半山东路,近依山路"
S3541248610640897,995819,钱江彩虹府,杭州,二手房,科海路
S4379199315305486,160395,水陆寺巷小区,杭州,二手房,东清巷7号
S4024784708018181,160689,都市港湾,杭州,二手房,北沙东路1-7号
S3672647622173704,938894,宝龙云滨湾(公寓住宅),杭州,二手房,学林街323号
S4421377645849614,479412,天鸿香榭里,杭州,二手房,"通益路,近祥运路"
S4139610865721350,161147,钱江湾花园,杭州,二手房,东信大道99号
S2574307589598212,952171,中赢康康谷(商住楼),杭州,二手房,春晓路61号
S4547326689815552,210028,兰惠家园,杭州,二手房,东湖南路416-1号
S4246996165749763,1033632,华元欢乐城(商住楼),杭州,二手房,"迎宾路,近望梅路"
A7267738168,1024826,中庆润泽院,杭州,二手房,"西环北路,近文居街"
R3881146799104013,910818,美都广场,杭州,二手房,教工路619号
S4569920899017740,160343,南岸晶都花园,杭州,二手房,平安路72号
S2574288805879811,189620,白鹭郡北,杭州,二手房,"风情大道,近玉鸟路"
S4235543760612355,826753,林风花园沁林苑,杭州,二手房,闻潮路168号
S3842410329613326,1152948,花园府,杭州,二手房,"明月桥路,近环站北路"
S4219956743216143,782005,崇邦余之城,杭州,二手房,"迎宾路,近临东路"
S4444076027177998,217713,兴和公寓,杭州,二手房,刀茅巷79号
S4596657610597386,160965,大家静安花苑,杭州,二手房,下车路102号
S4550092954414091,215447,蔡马人家,杭州,二手房,茶汤路66号
S3978307755383816,825877,盛庐小区,杭州,二手房,滨盛路3215号
S4094237647659011,877972,融信学院府,杭州,二手房,学院北路
R4498099368207363,994998,春波西苑,杭州,二手房,"春波路,近江晖路"
S3328517592457230,190934,钱塘人家,杭州,二手房,清江路310号
S4544528986516489,808343,富力西溪悦墅,杭州,二手房,"文二西路,近文胜路"
S2574069989236750,160965,大家静安花苑,杭州,二手房,下车路102号
S4269611997404171,1013054,盈一佳苑,杭州,二手房,鸿宁路1021号
S4554442018939914,611491,华元欢乐城(公寓住宅),杭州,二手房,迎宾路
S4588478712636431,790322,新城香悦奥府,杭州,二手房,"博奥路,近建设一路"
S4524817050035200,787778,金地自在城鹭影轩,杭州,二手房,西园八路
S4241766033546248,160453,东方俊园(西区),杭州,二手房,新颜南路
S4489095357324290,787778,金地自在城鹭影轩,杭州,二手房,西园八路
S4328028164467721,160384,瑞立中央花城,杭州,二手房,滨河路796号
S4092574352727044,804783,白塔人家,杭州,二手房,"复兴路,近水澄路"
S3160630730972164,369920,顺发康庄(公寓住宅),杭州,二手房,萧钱线
S3989728727378945,248839,中海钱塘山水(公寓住宅),杭州,二手房,东信大道92号
S4591008769305611,401653,春天华府,杭州,二手房,保锦路169号
S4193449938234383,789605,佳兆业君汇上品,杭州,二手房,"稼东路,近石塘东路"
S3024248295828483,826155,万科杭宸,杭州,二手房,"杭行路,近好运街"
S4401437666798594,780546,雅居乐国际花园,杭州,二手房,"天目山西路,近闲富路"
S4504822019353602,657913,嘉里云荷廷,杭州,二手房,"珊瑚沙路,近江涵路"
S3785400343224330,160314,银河小区(公寓住宅),杭州,二手房,永久路219号
S4468121229452291,1218303,翡翠城梧桐郡,杭州,二手房,"高教路,近五常大道"
S3942979243679757,160582,昆仑水印城,杭州,二手房,滨盛路2242号
S4585555179150343,1038049,和家园紫园,杭州,二手房,杨梅山路
S4591106406099970,877850,绿城之江1号(西区),杭州,二手房,"横桥路,近博美路"
S4306896736316422,658012,香悦郡国际公寓,杭州,二手房,沈半路
R4604886853952520,160418,新城国际花园彩园,杭州,二手房,庆和路69号
S4220361718226950,369988,金帝海珀华庭,杭州,二手房,振兴西路177号
R4622499612449807,909732,蓝钻天成,杭州,二手房,莫干山路969号
S4548744279612429,799196,颐和山庄(别墅),杭州,二手房,科技大道3608号
S4291022611409932,369932,绿都御景蓝湾(公寓住宅),杭州,二手房,时代大道6588号
S4476626486701070,160795,钱江时代公寓,杭州,二手房,清江路346号
S4612093299928072,659623,奥克斯缔逸城(公寓住宅),杭州,二手房,"古墩路,近庄墩路"
S4506347969192967,1048132,东原印未来,杭州,二手房,溪望路
S2652058734404616,910832,欧美金融城,杭州,二手房,"闲林港西路,近向往街"
S4370033454556161,214743,金沙阳光,杭州,二手房,下沙路
S3840823704003597,655397,朝阳8号(公寓住宅),杭州,二手房,市心南路
S4416893002226702,791714,招商雍泽府,杭州,二手房,"兴建路,近园区路"
S4221415534943236,160511,华藏寺巷,杭州,二手房,建国中路180号
S4603975374251023,370078,建境巧克力公馆,杭州,二手房,鸿兴路338号
S2589685012143110,411448,华润新鸿基之江九里(公寓住宅),杭州,二手房,"珊瑚沙路,近碧波路"
S4076981383834632,1189440,中城汇MIDTOWN(公寓住宅),杭州,二手房,石祥路
S3455738386408450,183358,柳浪东苑,杭州,二手房,河坊街512号
S4596641899817996,860800,越秀星汇尚城,杭州,二手房,上园路
R2462183823695885,205375,观澜郡亭公寓(商住楼),杭州,二手房,之江路968号
S4202026025479168,370076,顺发堤香名苑,杭州,二手房,"金鸡路,近博学路"
S4529016612693003,161090,伊萨卡国际城(公寓住宅),杭州,二手房,"14号大街,近沿江大道"
S3051906449171471,160872,新华坊,杭州,二手房,健康路23号
A7072708336,805472,富春水岸,杭州,二手房,"永庆路,亭山路"
S3319669772295177,825992,高运高庄,杭州,二手房,南秀路2228号
S4093974120639502,479985,新华园,杭州,二手房,"湖墅南路,近叶青兜路"
S3879413917576205,825885,翡翠城(东北区),杭州,二手房,高教路
S3738975280979969,160590,西溪锋尚,杭州,二手房,文三西路499号
S4308223842852876,877721,杭州印,杭州,二手房,"闻涛路,近江晖路"
S3670753598071815,204948,木材新村,杭州,二手房,秋涛路168号
S2694220954868747,915870,钱塘航空大厦,杭州,二手房,市民街66号
S4598582387911695,369945,方正荷塘月色,杭州,二手房,"总管路,近祥园路"
A7439819963,370013,复城国际(公寓住宅),杭州,二手房,金桥北路69号
S3760333381102606,826305,西溪北苑东区,杭州,二手房,"文昌路,近荆长大道"
S4438260365175817,1048132,东原印未来,杭州,二手房,溪望路
S3605712491668493,642230,赞成龙兴道一号,杭州,二手房,"新颜南路,近龙兴路"
S3051940859797511,208476,华元云水苑(公寓住宅),杭州,二手房,6号大街328号
S4160897892178948,792396,湖山帝景湾南苑,杭州,二手房,南湖东路
R4023606529286151,825574,南门江住宅区,杭州,二手房,"萧然西路,近萧然南路"
S4220283049697284,877728,金地德圣中心(商住楼),杭州,二手房,"金城路,近金山路"
S2730260354264066,368418,都市水乡水碧苑,杭州,二手房,"灯彩路,近长阳路"
S4016616867785729,475889,越秀星汇城后湾,杭州,二手房,大园路123号
S3272833455955972,237901,青枫墅园林语阁(公寓住宅),杭州,二手房,文良线
S3957386684374025,160181,南都江滨花园,杭州,二手房,滨盛路4199号
S4597058685447172,626947,佳源名城,杭州,二手房,"崇超路,近汇贤路"
S2584968819158024,1021780,绿城蓝庭(西区),杭州,二手房,振兴西路52号
S4566840064945160,369988,金帝海珀华庭,杭州,二手房,振兴西路177号
S2973774319297549,1274301,乐虹湾(公寓住宅),杭州,二手房,"彩虹大道,近西兴路"
S4148055179783172,369846,保利江语海(公寓住宅),杭州,二手房,"之江东路,近6号大街"
S4479015464971276,370046,保利湾天地,杭州,二手房,24号大街
S3959810872585226,762457,北城枫景园(公寓住宅),杭州,二手房,长睦路
S4296877610986506,189620,白鹭郡北,杭州,二手房,"风情大道,近玉鸟路"
S4176453236419584,795344,钱塘玫瑰湾,杭州,二手房,新浦路1459号
S2770317728357377,659567,惠都家园(东区),杭州,二手房,太平路93号
S2790213506817031,1035534,万科北宸之光拱宸,杭州,二手房,上园路
S4602213888683023,826744,月欣花苑,杭州,二手房,临平月荷路149号
S4614932321278984,369814,桂花星城,杭州,二手房,世纪大道
S4226031865228303,209018,中誉现代城(公寓住宅),杭州,二手房,通惠中路838号
S3306974529266699,825861,都市阳光和苑,杭州,二手房,甲来路82号
S4023297574510599,826352,佳丰北苑,杭州,二手房,飞虹路1077号
R4051891812477959,160506,新湖北国之春,杭州,二手房,衢洲路105号
S4019507329031181,825713,大华海派风范茗园,杭州,二手房,城东路4-10号
S3515182339826694,795071,贝利栖溪望府,杭州,二手房,"绿荫街,近塘栖路"
S3423067624645643,1048135,海德公园,杭州,二手房,"东吴路,近良运街"
S4469080405187596,369845,华元蒙卡岸,杭州,二手房,"和睦路,近五常大道"
S4142150590947342,826101,庭院深深(东区),杭州,二手房,东西大道
S2731173772909582,806034,滨江华成大江之星,杭州,二手房,新港路
S4143670554418176,791609,万科郡西澜山,杭州,二手房,"风情大道,近福田路"
S4564437488198656,641300,乾成园,杭州,二手房,集萃路47号
S4298242055281676,369940,新湖武林国际,杭州,二手房,环城北路167号
S4375967089449993,911967,新世界柏丽轩,杭州,二手房,通惠北路12号
S3514970865329161,804783,白塔人家,杭州,二手房,"复兴路,近水澄路"
S4548497672248329,1201595,"沿山路138,198号小区",杭州,二手房,"沿山路138,198号"
S4023352607203335,993918,水韵康桥康盛苑,杭州,二手房,"前洋路,近康桥路"
A7154853056,806214,澳海香樟苑,杭州,二手房,大桥南路188号
S3774649801465856,659941,汉嘉申花郡,杭州,二手房,"丰庆路,近祥符路"
S4142103871499270,1047306,秀里华庭,杭州,二手房,紫荆花北路439号
S3627039445951496,826171,恒滕悦湖花苑,杭州,二手房,城南路578号
S4617203125888013,379792,瑞立东方花城,杭州,二手房,滨安路42号
S4564015126684685,475889,越秀星汇城后湾,杭州,二手房,大园路123号
S3042825803866125,369989,半岛国际,杭州,二手房,滨盛路2271号
S4551760221318147,1218303,翡翠城梧桐郡,杭州,二手房,"高教路,近五常大道"
S4586597189084166,943040,中梁百悦城(公寓住宅),杭州,二手房,顺风路128号
S2573874267986956,207422,中兴和园(公寓住宅),杭州,二手房,火炬南路1612号
S4099907827985416,369831,和达御观邸,杭州,二手房,上沙路246号
R1192449324670977,423393,世纪花城,杭州,二手房,大奇山路650号
S4395598407984133,628434,恒大帝景,杭州,二手房,晨晖路
S4515474274577416,626947,佳源名城,杭州,二手房,"崇超路,近汇贤路"
S4276636813008901,370062,万和国际,杭州,二手房,皓月路188号
S4289664296296460,369860,德信早城,杭州,二手房,"学林街,近上沙路"
S4491800352037898,223675,断河头小区,杭州,二手房,河坊街51号
R4493225129616390,826569,晶典公寓,杭州,二手房,南环路1528号
S4552983096503306,161107,翰墨香林苑,杭州,二手房,留和路546号
S4595149646586881,489385,三墩颐景园曲水苑,杭州,二手房,荡漾路102号
S4572460061862914,620117,理想银泰城(公寓住宅),杭州,二手房,世纪大道118号
S3482544557941760,923412,禹洲滨之江,杭州,二手房,"枫桦东路,近枫桦西路"
S4534403430065165,789656,利二花苑,杭州,二手房,"奔竞大道,近金鸡路"
S3884940596046854,269307,华元爱丁郡,杭州,二手房,"宋家湾路,近西坝路"
S2606476476394509,224144,保利东湾(西区),杭州,二手房,"24号大街,近20号大街"
S3341784928165903,207422,中兴和园(公寓住宅),杭州,二手房,火炬南路1612号
S3652867906184202,782886,融创大家侯潮府,杭州,二手房,"候潮路,近钱江路"
S3725103097569290,379783,和合财富中心佳苑,杭州,二手房,龙湖路16号
A7468670723,877695,萧宏普罗旺斯,杭州,二手房,尖端路369号
S4567113333382151,224570,迎春南苑,杭州,二手房,滨兴路121号
S4497675313343502,405773,悦尚湾,杭州,二手房,祥运路188号
S2723685279704068,369952,名城公馆(公寓住宅),杭州,二手房,"登云路,近通益路"
S3795550784021506,877705,世茂智慧之门,杭州,二手房,"江南大道,近风情大道"
S2771921427667983,596962,元成东盛家园,杭州,二手房,松乔街518号
S4189222934273029,475889,越秀星汇城后湾,杭州,二手房,大园路123号
S3502344005084173,369920,顺发康庄(公寓住宅),杭州,二手房,萧钱线
S4171864440430600,635803,景瑞御华府(公寓住宅),杭州,二手房,"世纪大道,近汀兰路"
S4593958192884741,1048139,江南之星,杭州,二手房,"博奥路,近金惠路"
S4520107718401039,385032,白鹭郡南,杭州,二手房,白鹭路
S2993084190448643,576119,融科瑷骊山,杭州,二手房,望江山路1号
S4009509460303880,160423,明辉花园,杭州,二手房,建设四路2713号
S3575952083917829,650518,朗诗花漫里,杭州,二手房,"乔中路,近南街"
S3236205483368458,369931,恒厚阳光城,杭州,二手房,杭泰路103号
S3654492805784578,826192,望江新园一园,杭州,二手房,映霞街81号
S2574188196945928,236886,西溪望庄,杭州,二手房,文二西路
S3195428135837710,825613,潘水苑(南区),杭州,二手房,潘水路
S3839445474700294,794091,滨兴西苑,杭州,二手房,"共鸣巷,近兴才路"
S4613874584282112,608131,保利罗兰香谷,杭州,二手房,华鹤路656号
S4230156914777101,826738,鼎湖未来云城天禧,杭州,二手房,新丰路
S4272637797587972,370072,德信北海公园,杭州,二手房,星桥街100号
S4015087234673668,190934,钱塘人家,杭州,二手房,清江路310号
S4489437463092233,160453,东方俊园(西区),杭州,二手房,新颜南路
S4616323220855811,778765,金隅学府,杭州,二手房,秋涛路
S4606849793860616,220796,天虹公寓,杭州,二手房,"天虹街,近紫荆花北路"
S4154960068206602,160582,昆仑水印城,杭州,二手房,滨盛路2242号
S4620598576782347,579336,龙湖春江彼岸,杭州,二手房,"扬帆路,近丹枫路"
S4526014384415756,614729,宝嘉誉峰,杭州,二手房,"石祥路,近东吴路"
R4479527895129102,171703,中南公寓,杭州,二手房,"滨盛路,近时代大道"
S3506951018831877,369932,绿都御景蓝湾(公寓住宅),杭州,二手房,时代大道6588号
S4559766091295750,826456,金色钱塘(南区),杭州,二手房,风情大道677号
S4312309368086536,861511,绿城兰园(公寓住宅),杭州,二手房,环城北路57号
S4429971383970821,607834,天阳尚城国际,杭州,二手房,"全福桥路,近机场路"
S3984278732663816,160551,之江公寓(公寓住宅),杭州,二手房,东信大道1221号
S4503467386479620,615137,复地黄龙和山(公寓住宅),杭州,二手房,西溪路957号
S4277085065814026,300522,新湖果岭(公寓住宅),杭州,二手房,文一西路
S4503496879465481,781708,新德佳苑,杭州,二手房,"胜南路,近杭氧街"
S4176436909793280,160342,定山家园(西区),杭州,二手房,"霞鸣街,近象山路"
S4295047163764749,656689,兴耀鑫都汇,杭州,二手房,滨康路
S3779999504475138,726989,中南白马湖壹号(公寓住宅),杭州,二手房,"时代大道,近天马路"
S4332377135049729,369928,德圣博奥城,杭州,二手房,建设二路528号
S4536037463090191,1047306,秀里华庭,杭州,二手房,紫荆花北路439号
S4188821908352001,296629,铭和苑柳翠坊,杭州,二手房,学源街1273号
S2952117587747842,173565,庭院深深(西区),杭州,二手房,东西大道
A7329514434,794143,万科容大金色家园,杭州,二手房,文采路180号
S3117255953506308,160550,同城印象(东区),杭州,二手房,狮山路432号
S4048683588886529,1107937,溪谷岚湾(公寓住宅),杭州,二手房,运溪路1100号
S4374488595096576,369945,方正荷塘月色,杭州,二手房,"总管路,近祥园路"
S3068025117351944,222230,缤纷北苑,杭州,二手房,"滨盛路,近西兴路"
S2805072452639744,178587,都市水乡水滟苑,杭州,二手房,广业街282号
S3846773532206094,863104,绿城桃源小镇东方苑,杭州,二手房,闲沈路
S4527166498806784,606332,世茂之西湖御涛轩,杭州,二手房,"江南大道,近西环路"
S3316086911722511,190451,栖溪名园,杭州,二手房,天目山路518号
S2674245831912449,995819,钱江彩虹府,杭州,二手房,科海路
S4520540816333829,160384,瑞立中央花城,杭州,二手房,滨河路796号
S4604987876862987,877975,万科溪望(公寓住宅),杭州,二手房,"文二西路,近环岛路"
S4085484674407425,370006,水岸枫庭,杭州,二手房,甬江路99号
S3561729298357260,913289,西溪润景,杭州,二手房,"创意二路,近邱桥路"
S4331081473973258,803535,宋都东郡之星,杭州,二手房,"银海街,近春新路"
S2693205710545928,160017,临江花园(公寓住宅),杭州,二手房,西环路33号
S4543292298206212,913289,西溪润景,杭州,二手房,"创意二路,近邱桥路"
A7440918144,766078,九龙仓雍景山(公寓住宅),杭州,二手房,万通路58号
S4161978966990855,826084,天阳棕榈湾(西区),杭州,二手房,棕榈路17号
S4160885803510796,826859,中国铁建江南国际城,杭州,二手房,"金城路,近风情大道"
S2593458589998093,995171,锦文雅苑(西区),杭州,二手房,永福路
S4125228989504525,160594,三江花园(公寓住宅),杭州,二手房,万达中路26号
S4057796354153485,826267,华盛星洲翠谷,杭州,二手房,福严路82号
S3754353941241860,160842,春波小区,杭州,二手房,春波路32号
S2769666709609481,160557,朝晖六小区,杭州,二手房,新市街64号
S2594910789000196,183555,近江苑,杭州,二手房,徐家埠路58号
S4171872562831361,260401,滨江阳光海岸,杭州,二手房,甬江路6号
S4190347507215371,370076,顺发堤香名苑,杭州,二手房,"金鸡路,近博学路"
S3990733426977798,628375,大华西溪风情澄品,杭州,二手房,文一西路
S4407080298404876,369943,玉都枫景名苑,杭州,二手房,"东西大道,近良平路"
S2769161475447812,160518,中江花园,杭州,二手房,环城东路313号
S3468595188212736,217995,银爵世纪公寓,杭州,二手房,浦沿路715号
S4613953230822406,826412,江南望庄,杭州,二手房,月明路983号
S2769824519922688,160223,白金海岸花园,杭州,二手房,香溢路88号
S3751471285658626,619856,新城山语院,杭州,二手房,"星光街,近顺达路"
S4173346831441920,188447,山水人家,杭州,二手房,天目山路396号
S4571080886920192,619585,滨江金色江南,杭州,二手房,飞虹路1757号
S4538567434544135,401653,春天华府,杭州,二手房,保锦路169号
S2574181620473869,615137,复地黄龙和山(公寓住宅),杭州,二手房,西溪路957号
S4040418173870081,346142,望江家园东园,杭州,二手房,钱江路483号
S4605544302685193,209262,世茂江滨花园瑞景湾,杭州,二手房,"16号大街,近23号大街"
S4616412505809929,217304,锦绣钱塘,杭州,二手房,科技大道
S4104233212369927,160841,同人春江时代,杭州,二手房,"长河路,近滨盛路"
S2573815013518350,781406,篁外(公寓住宅),杭州,二手房,"八角路,近鸡山路"
S3005393474595841,160841,同人春江时代,杭州,二手房,"长河路,近滨盛路"
A7312773389,826157,万科君望(公寓住宅),杭州,二手房,江滨东大道239号
S3276330261159950,369908,泰地北上新城,杭州,二手房,华中路229号
S4477910373329927,801402,丰北三苑,杭州,二手房,"金鸡路,近利丰路"
S3349809054391300,1025600,恒大水晶国际广场,杭州,二手房,"之浦路,近枫桦路"
A7317614263,1260783,银湖新语公寓,杭州,二手房,"美达路,近向阳路"
S4360265985547274,604862,白鹭郡南秋荷坊,杭州,二手房,玉鸟路
S4193048917303297,160229,亲亲家园一期,杭州,二手房,"古墩路,近董家路"
S2769457930644483,994908,闲林山水海棠苑,杭州,二手房,"闲林东路,近高教路"
S4355907200605192,1020699,仁良花苑,杭州,二手房,"东风路,近和平路"
S3974057111658499,160856,建国南苑(南3区),杭州,二手房,河坊街413号
S2632064122527759,943059,景瑞申花壹号院,杭州,二手房,"丰潭路,近申花路"
S3288953155755014,620117,理想银泰城(公寓住宅),杭州,二手房,世纪大道118号
S4608603340102659,788033,爵士风情韵沁苑,杭州,二手房,"天目山西路,近闲富北路"
S2574101656923147,910660,东方君悦,杭州,二手房,民心路88号
S2576568876834820,915870,钱塘航空大厦,杭州,二手房,市民街66号
S4536032363799553,260600,同人山庄,杭州,二手房,科技大道
S4595662771973135,315701,悦麒美寓(东区),杭州,二手房,杭乔路8号
S4435256190084102,826352,佳丰北苑,杭州,二手房,飞虹路1077号
S4476183046986764,628421,众安景海湾(公寓住宅),杭州,二手房,弘慧路
S2574308323336202,637906,黄龙金茂悦,杭州,二手房,"塘萍路,近拱苑路"
A7407117749,877738,富春壹号院(公寓住宅),杭州,二手房,大桥北路238号
S3876411750048773,826220,闻潮尚庭,杭州,二手房,"望江东路,近钱江路"
S4429963511604237,369936,江南铭庭,杭州,二手房,天官东路90号
S3948273930529793,221557,盛泰名都公寓,杭州,二手房,"5号大街,近4号大街"
S4277073278967820,861511,绿城兰园(公寓住宅),杭州,二手房,环城北路57号
S3718776757658635,786131,宝嘉誉府,杭州,二手房,"石祥西路,近紫金港路"
S4431375169692686,375304,保利东湾(东区公寓住宅),杭州,二手房,之江东路
S3451779257672710,177622,华宇家园,杭州,二手房,临平星光街957号
S3999152156830728,826691,玉城公寓,杭州,二手房,东西大道
S4096907599682562,877687,苕溪南湖人家,杭州,二手房,太炎路70号
S4509353848499211,408269,明华名港城,杭州,二手房,东灵南路2-60号
S2770074524558347,160100,东清苑,杭州,二手房,庆春路70-84号
S4547487977724932,528979,西溪海听海苑,杭州,二手房,"闲富北路,近上和路"
S4271194693102593,610236,滨江万家名城(北区),杭州,二手房,"锦江路,近通运路"
S2575829010295820,160147,滨江万家花城(一期),杭州,二手房,萍水街380号
S2574144238709771,995819,钱江彩虹府,杭州,二手房,科海路
S4020375997930510,1152948,花园府,杭州,二手房,"明月桥路,近环站北路"
R4596822435668993,423393,世纪花城,杭州,二手房,大奇山路650号
S4209192391306248,160430,浙报公寓,杭州,二手房,二圣庙前40号
S4077254652423181,208476,华元云水苑(公寓住宅),杭州,二手房,6号大街328号
S4570025105777670,481359,青枫墅园山语阁,杭州,二手房,"上仓路,近和睦路"
S3964089067318272,370076,顺发堤香名苑,杭州,二手房,"金鸡路,近博学路"
S4595051272889352,1033632,华元欢乐城(商住楼),杭州,二手房,"迎宾路,近望梅路"
S2589211572756484,520016,和谐嘉园东苑,杭州,二手房,江锦路176号
S3180931209683983,200064,逸居城,杭州,二手房,逸盛路183号
S4564378490199042,1071702,天阳蔚蓝,杭州,二手房,"天柱街,近灵鹤路"
S4291219239771145,792522,万科星空,杭州,二手房,文一西路
S4616699853810699,610923,莱蒙水榭春天,杭州,二手房,飞虹路208号
S4616515007110149,826308,中海寰宇天下C区,杭州,二手房,"滨盛路,近江陵路"
S2590963021307907,160086,闲林山水丹枫苑,杭州,二手房,闲林东路
S3991205247884299,369899,红景凯丽晶座(公寓住宅),杭州,二手房,通惠北路718号
S3599991181564937,1003246,景瑞阳光城法兰公园(公寓住宅),杭州,二手房,天荷路60号
S4279471881182215,160731,国都枫华府第,杭州,二手房,学院路129号
S4529045988303875,826394,湘湖人家(西区公寓住宅),杭州,二手房,闻兴路288号
S4206294386057216,160520,翰林花园,杭州,二手房,翰林街108号
S4618104944469001,210028,兰惠家园,杭州,二手房,东湖南路416-1号
S2575686831549441,369920,顺发康庄(公寓住宅),杭州,二手房,萧钱线
S3897578521468931,370078,建境巧克力公馆,杭州,二手房,鸿兴路338号
S3316098257527809,717456,中和北宸府,杭州,二手房,崇文街615号
S4090036141349894,785683,西溪华东园,杭州,二手房,"五常大道,近高教路"
S3381211188961288,628110,开元名郡,杭州,二手房,"向旭支路,近晨晖路"
S4491814379379721,826256,清水湾山水苑(公寓住宅),杭州,二手房,中泰路
S4513287938860035,607657,万科西庐,杭州,二手房,五常港路
S3272316851871751,370062,万和国际,杭州,二手房,皓月路188号
S3923007828828172,160420,建国公寓,杭州,二手房,建国北路218号
