community_id,community_name,city,price,build_year,nsh,nrp,greening_rate,plot_ratio,ownership_type,property_years,property_type,rent_sale_ratio,score_metro,score_school,score_hospital,score_shopping,score_dining,total_amenity_score,around_公交_count,around_地铁_count,around_学校_count,around_餐饮_count,around_购物_count,around_医院_count,around_银行_count
160298,绿城春江花月,杭州,64660.0,2006.0,90,51,37.0,2.11,纯商品住宅,70.0,住宅,0.5666666666666667,4.828313737302301,7.08303336014054,5.1298987149230735,4.103918971938459,3.430774528499836,24.57593931280421,15,4.0,16.0,13.0,12.0,12.0,11.0
160717,观巷小区,杭州,42288.0,1989.0,12,45,30.0,1.7,纯商品住宅,70.0,住宅,3.75,6.591673732008658,6.412373393653842,5.545177444479562,4.533141350489946,3.757483285265014,26.83984920589702,18,8.0,12.0,17.0,16.0,15.0,17.0
801402,丰北三苑,杭州,28835.0,2016.0,8,43,20.0,2.8,保障/政策类住宅,70.0,住宅,5.375,6.238324625039507,7.225929394740412,5.666426688112432,4.43614195558365,3.757483285265014,27.324305948741017,13,7.0,17.0,17.0,15.0,16.0,18.0
160940,北银公寓,杭州,21398.0,1995.0,28,25,30.0,1.5,纯商品住宅,70.0,住宅,0.8928571428571429,3.295836866004329,6.931471805599453,5.41610040220442,4.624594812633863,3.8277706729163725,24.09577455935844,15,2.0,15.0,18.0,17.0,14.0,20.0
791880,上实海上海(一期),杭州,26737.0,2018.0,49,63,30.0,2.3,纯商品住宅,70.0,住宅,1.2857142857142858,3.295836866004329,7.225929394740412,4.969813299576001,4.711102366666305,3.757483285265014,23.96016521225206,16,2.0,17.0,17.0,18.0,11.0,20.0
826753,林风花园沁林苑,杭州,64671.0,2007.0,20,15,40.0,1.9,纯商品住宅,70.0,住宅,0.75,5.375278407684165,6.931471805599453,5.666426688112432,4.332880321763536,2.7032740041837866,25.009331227343374,14,5.0,15.0,7.0,14.0,16.0,11.0
232438,严衙弄,杭州,38837.0,1996.0,17,40,25.0,2.5,纯商品住宅,70.0,住宅,2.3529411764705883,6.591673732008658,7.611306094308557,5.545177444479562,4.332880321763536,3.5204652614328733,27.60150285399319,18,8.0,20.0,14.0,14.0,15.0,17.0
786760,新城峯璟(公寓住宅),杭州,40111.0,2017.0,19,36,30.0,1.5,纯商品住宅,70.0,住宅,1.894736842105263,4.1588830833596715,7.361097447916101,2.1972245773362196,4.332880321763536,3.117263854637882,21.16734928501341,15,3.0,18.0,10.0,14.0,2.0,17.0
791714,招商雍泽府,杭州,43787.0,2017.0,48,71,30.0,2.4,纯商品住宅,70.0,住宅,1.4791666666666667,4.828313737302301,6.931471805599453,4.605170185988092,4.711102366666305,3.757483285265014,24.833541380821163,16,4.0,15.0,17.0,18.0,9.0,18.0
160856,建国南苑(南3区),杭州,32775.0,1995.0,34,87,14.0,2.5,纯商品住宅,70.0,住宅,2.5588235294117645,6.591673732008658,6.931471805599453,5.991464547107982,3.836632436477393,3.117263854637882,26.46850637583137,15,8.0,15.0,10.0,10.0,19.0,18.0
1152948,花园府,杭州,28900.0,2015.0,9,101,30.0,2.5,纯商品住宅,70.0,住宅,11.222222222222221,6.238324625039507,6.931471805599453,5.8888779583328805,4.332880321763536,3.757483285265014,27.14903799600039,14,7.0,15.0,17.0,14.0,18.0,18.0
802323,宋都丽郡国际,杭州,18665.0,2018.0,28,49,30.0,2.2,纯商品住宅,70.0,住宅,1.75,3.295836866004329,6.770125502755525,3.8918202981106265,4.871235900357477,3.9578791690404502,22.786897736268408,17,2.0,14.0,20.0,20.0,6.0,20.0
607368,绿城莲园(公寓住宅),杭州,18943.0,2016.0,19,48,30.0,2.2,纯商品住宅,70.0,住宅,2.526315789473684,3.295836866004329,7.489330683884977,5.41610040220442,4.332880321763536,3.430774528499836,23.964922802357098,15,2.0,19.0,13.0,14.0,14.0,10.0
1260783,银湖新语公寓,杭州,20338.0,2021.0,65,20,30.0,2.3,纯商品住宅,70.0,住宅,0.3076923076923077,0.0,7.361097447916101,1.3862943611198906,4.332880321763536,3.757483285265014,16.83775541606454,16,0.0,18.0,17.0,14.0,1.0,9.0
877759,东亚新干线,杭州,22226.0,2017.0,26,128,25.0,3.8,商办类,50.0,商住楼,4.923076923076923,5.375278407684165,7.361097447916101,5.780743515792329,4.533141350489946,3.8277706729163725,26.878031394798914,18,5.0,18.0,18.0,16.0,17.0,18.0
641300,乾成园,杭州,25441.0,2009.0,7,39,30.0,1.8,纯商品住宅,70.0,住宅,5.571428571428571,3.295836866004329,6.412373393653842,3.8918202981106265,4.43614195558365,3.6043653389117156,21.640537852264163,16,2.0,12.0,15.0,15.0,6.0,13.0
318496,都市水乡水月苑,杭州,23571.0,2008.0,15,11,25.0,2.1,纯商品住宅,70.0,住宅,0.7333333333333333,4.1588830833596715,7.225929394740412,6.089044875446846,4.332880321763536,3.757483285265014,25.56422096057548,15,3.0,17.0,17.0,14.0,20.0,19.0
160449,蚕花园永宁坊,杭州,23872.0,2000.0,24,12,30.0,1.2,纯商品住宅,70.0,住宅,0.5,5.375278407684165,7.489330683884977,5.8888779583328805,4.7931716376863855,3.6043653389117156,27.151024026500124,17,5.0,19.0,15.0,19.0,18.0,19.0
366123,高桥小区,杭州,22881.0,1995.0,28,91,35.0,1.3,纯商品住宅,70.0,住宅,3.25,3.295836866004329,7.489330683884977,5.8888779583328805,4.533141350489946,3.8277706729163725,25.034957531628503,19,2.0,19.0,18.0,16.0,18.0,19.0
943057,山水国际(公寓住宅),杭州,26930.0,2018.0,9,2,35.0,2.4,纯商品住宅,70.0,住宅,0.2222222222222222,0.0,5.994738181995927,1.3862943611198906,4.43614195558365,3.683177347273081,15.50035184597255,16,0.0,10.0,16.0,15.0,1.0,16.0
224503,百姓弄小区,杭州,13429.0,2000.0,6,7,33.0,2.29,纯商品住宅,70.0,住宅,1.1666666666666667,5.375278407684165,7.08303336014054,5.991464547107982,4.222491727384414,3.9578791690404502,26.63014721135755,18,5.0,16.0,20.0,13.0,19.0,18.0
190468,欣龙华府,杭州,19050.0,2000.0,13,14,30.0,1.8,纯商品住宅,70.0,住宅,1.0769230769230769,4.828313737302301,7.489330683884977,4.605170185988092,4.533141350489946,3.8277706729163725,25.283726630581686,13,4.0,19.0,18.0,16.0,9.0,18.0
780133,汀洲花苑(北区),杭州,14087.0,2015.0,9,57,30.0,3.5,纯商品住宅,70.0,住宅,6.333333333333333,4.1588830833596715,7.225929394740412,5.278114659230517,4.43614195558365,3.757483285265014,24.856552378179266,16,3.0,17.0,17.0,15.0,13.0,13.0
826313,西溪诚园致诚苑,杭州,62441.0,2015.0,39,11,40.0,2.1,纯商品住宅,70.0,住宅,0.28205128205128205,4.1588830833596715,7.489330683884977,3.58351893845611,4.533141350489946,3.6043653389117156,23.36923939510242,18,3.0,19.0,15.0,16.0,5.0,13.0
1062189,奥克斯时代未来之城,杭州,25287.0,2018.0,48,83,30.0,7.8,纯商品住宅,70.0,住宅,1.7291666666666667,4.828313737302301,6.770125502755525,4.605170185988092,4.871235900357477,3.8944519556201884,24.96929728202358,16,4.0,14.0,19.0,20.0,9.0,20.0
407118,广仁小区,杭州,19807.0,2001.0,12,6,10.0,3.0,纯商品住宅,70.0,住宅,0.5,4.1588830833596715,7.489330683884977,4.1588830833596715,4.533141350489946,3.2303786447244005,23.570616845818666,17,3.0,19.0,11.0,16.0,7.0,4.0
989973,佳源优优锦城,杭州,11540.0,2018.0,15,4,30.0,2.5,纯商品住宅,70.0,住宅,0.26666666666666666,2.0794415416798357,7.225929394740412,3.8918202981106265,4.624594812633863,3.430774528499836,21.252560575664575,16,1.0,17.0,13.0,17.0,6.0,15.0
207942,浪漫和山东溪苑,杭州,16388.0,2003.0,8,9,70.0,2.18,纯商品住宅,70.0,住宅,1.125,4.1588830833596715,7.08303336014054,2.772588722239781,4.7931716376863855,3.9578791690404502,22.765555972466828,20,3.0,16.0,20.0,19.0,3.0,1.0
864181,爵士风情日辉苑,杭州,13766.0,2011.0,4,9,35.0,1.03,纯商品住宅,70.0,住宅,2.25,0.0,7.08303336014054,3.2188758248682006,4.533141350489946,3.8277706729163725,18.66282120841506,18,0.0,16.0,18.0,16.0,4.0,11.0
531858,石榴派,杭州,18503.0,2014.0,6,15,30.0,2.0,纯商品住宅,70.0,住宅,2.5,3.295836866004329,7.361097447916101,3.2188758248682006,4.871235900357477,3.8277706729163725,22.574816712062482,17,2.0,18.0,18.0,20.0,4.0,16.0
368005,绿城紫桂公寓,杭州,17515.0,2016.0,49,19,35.0,1.85,纯商品住宅,70.0,住宅,0.3877551020408163,3.295836866004329,7.361097447916101,3.58351893845611,4.871235900357477,3.8277706729163725,22.93945982565039,17,2.0,18.0,18.0,20.0,5.0,9.0
803286,水韵康桥康泽苑,杭州,14916.0,2013.0,16,27,30.0,2.5,纯商品住宅,70.0,住宅,1.6875,4.828313737302301,6.212266624470001,3.8918202981106265,3.684136148790474,3.117263854637882,21.733800663311285,13,4.0,11.0,10.0,9.0,6.0,11.0
222279,正中尚品庭院,杭州,37996.0,2008.0,13,4,25.0,0.8,纯商品住宅,70.0,住宅,0.3076923076923077,5.8377304471659395,7.08303336014054,5.8888779583328805,4.711102366666305,3.8277706729163725,27.348514805222038,19,6.0,16.0,18.0,18.0,18.0,18.0
620329,铭都雅苑,杭州,24589.0,2014.0,20,44,30.0,2.5,纯商品住宅,70.0,住宅,2.2,4.1588830833596715,6.931471805599453,5.41610040220442,4.7931716376863855,3.9578791690404502,25.257506097890378,17,3.0,15.0,20.0,19.0,14.0,20.0
607300,兴耀星悦湾(公寓住宅),杭州,17512.0,2015.0,34,19,30.0,1.93,纯商品住宅,70.0,住宅,0.5588235294117647,2.0794415416798357,6.412373393653842,4.1588830833596715,4.7931716376863855,3.757483285265014,21.201352941644746,17,1.0,12.0,17.0,19.0,7.0,13.0
160811,艮园,杭州,32795.0,1998.0,41,58,15.0,2.1,纯商品住宅,70.0,住宅,1.4146341463414633,6.591673732008658,6.597643324038146,5.41610040220442,4.43614195558365,3.6043653389117156,26.64592475274659,14,8.0,13.0,15.0,15.0,14.0,17.0
1893012,杭与城,杭州,36044.0,2024.0,89,124,35.0,2.3,纯商品住宅,70.0,住宅,1.3932584269662922,4.828313737302301,7.611306094308557,3.58351893845611,4.533141350489946,3.8277706729163725,24.384050793473286,16,4.0,20.0,18.0,16.0,5.0,19.0
825576,滨康二苑,杭州,31224.0,2007.0,5,158,30.0,2.0,保障/政策类住宅,70.0,住宅,31.6,4.828313737302301,7.225929394740412,4.1588830833596715,4.43614195558365,3.117263854637882,23.766532025623917,16,4.0,17.0,10.0,15.0,7.0,17.0
860800,越秀星汇尚城,杭州,26921.0,2017.0,32,49,30.0,2.5,纯商品住宅,70.0,住宅,1.53125,4.1588830833596715,7.08303336014054,4.394449154672439,4.7931716376863855,3.5204652614328733,23.950002497291912,18,3.0,16.0,14.0,19.0,8.0,19.0
724866,坤和求是里,杭州,38965.0,2016.0,18,5,30.0,1.2,纯商品住宅,70.0,住宅,0.2777777777777778,4.1588830833596715,7.08303336014054,3.8918202981106265,4.43614195558365,2.5296831937719073,22.0995618909664,15,3.0,16.0,6.0,15.0,6.0,15.0
316145,顺丰家园,杭州,26697.0,2010.0,7,131,30.0,1.5,纯商品住宅,70.0,住宅,18.714285714285715,5.8377304471659395,6.597643324038146,5.278114659230517,4.533141350489946,3.5204652614328733,25.76709504235742,15,6.0,13.0,14.0,16.0,13.0,15.0
826864,绿都四季华庭,杭州,24941.0,2014.0,13,40,30.0,2.8,纯商品住宅,70.0,住宅,3.076923076923077,2.0794415416798357,7.361097447916101,4.795790545596741,4.533141350489946,3.683177347273081,22.452648232955703,15,1.0,18.0,16.0,16.0,10.0,19.0
826556,近江三园,杭州,41614.0,2000.0,9,12,30.0,0.63,纯商品住宅,70.0,住宅,1.3333333333333333,5.375278407684165,6.770125502755525,5.8888779583328805,3.684136148790474,3.8277706729163725,25.54618869047942,19,5.0,14.0,18.0,9.0,18.0,18.0
658597,湖墅观邸,杭州,61865.0,2016.0,22,12,30.0,2.5,纯商品住宅,70.0,住宅,0.5454545454545454,4.828313737302301,7.361097447916101,5.545177444479562,4.43614195558365,3.683177347273081,25.853907932554694,16,4.0,18.0,16.0,15.0,15.0,18.0
826554,近江九园,杭州,38620.0,2000.0,30,14,28.0,1.7,纯商品住宅,70.0,住宅,0.4666666666666667,6.907755278982138,6.597643324038146,5.41610040220442,3.684136148790474,3.6043653389117156,26.21000049292689,14,9.0,13.0,15.0,9.0,14.0,19.0
863121,宝龙城市广场,杭州,12438.0,2014.0,38,384,30.0,2.6,商办类,40.0,商住楼,10.105263157894736,4.1588830833596715,7.489330683884977,3.2188758248682006,4.7931716376863855,3.8277706729163725,23.48803190271561,18,3.0,19.0,18.0,19.0,4.0,15.0
1411532,众安顺源府,杭州,19403.0,2023.0,142,25,35.0,2.4,纯商品住宅,70.0,住宅,0.176056338028169,3.295836866004329,6.931471805599453,2.772588722239781,4.871235900357477,3.8277706729163725,21.698903967117413,15,2.0,15.0,18.0,20.0,3.0,18.0
446654,白鹭郡南探梅里(南区),杭州,22570.0,2013.0,33,13,30.1,1.05,纯商品住宅,70.0,住宅,0.3939393939393939,0.0,7.489330683884977,2.772588722239781,4.711102366666305,3.9578791690404502,18.930900941831514,19,0.0,19.0,20.0,18.0,3.0,3.0
1107937,溪谷岚湾(公寓住宅),杭州,20943.0,2022.0,101,35,30.0,1.46,纯商品住宅,70.0,住宅,0.3465346534653465,0.0,4.023594781085251,1.3862943611198906,4.624594812633863,3.334434164699998,13.368918119539002,9,0.0,4.0,12.0,17.0,1.0,0.0
160997,采荷绿萍,杭州,34715.0,1989.0,14,18,35.0,2.3,纯商品住宅,70.0,住宅,1.2857142857142858,6.907755278982138,6.931471805599453,5.666426688112432,3.684136148790474,3.8277706729163725,27.01756059440087,14,9.0,15.0,18.0,9.0,16.0,16.0
797049,采荷新村,杭州,45024.0,1988.0,45,103,33.0,1.6,纯商品住宅,70.0,住宅,2.2888888888888888,7.4547199493640015,7.361097447916101,5.8888779583328805,4.222491727384414,3.117263854637882,28.044450937635283,16,11.0,18.0,10.0,13.0,18.0,12.0
1038044,和家园御园,杭州,38654.0,2013.0,41,40,35.0,1.72,纯商品住宅,70.0,住宅,0.975609756097561,2.0794415416798357,7.08303336014054,4.605170185988092,4.43614195558365,2.7032740041837866,20.907061047575905,18,1.0,16.0,7.0,15.0,9.0,16.0
996468,中尚橄榄树花园南区(东区),杭州,15961.0,2005.0,31,9,36.0,1.55,纯商品住宅,70.0,住宅,0.2903225806451613,3.295836866004329,7.08303336014054,3.58351893845611,4.533141350489946,3.757483285265014,22.253013800355937,18,2.0,16.0,17.0,16.0,5.0,14.0
825583,滨兴小区(东区),杭州,35221.0,2000.0,2,32,10.0,1.2,保障/政策类住宅,70.0,住宅,16.0,5.8377304471659395,7.08303336014054,5.278114659230517,4.624594812633863,3.8944519556201884,26.717925234791046,18,6.0,16.0,19.0,17.0,13.0,18.0
370067,贝利珑昕泽第,杭州,18777.0,2013.0,20,9,30.0,2.29,纯商品住宅,70.0,住宅,0.45,4.828313737302301,6.931471805599453,5.545177444479562,4.711102366666305,3.757483285265014,25.773548639312633,16,4.0,15.0,17.0,18.0,15.0,20.0
877728,金地德圣中心(商住楼),杭州,21562.0,2017.0,17,81,30.0,2.0,商办类,50.0,商住楼,4.764705882352941,5.8377304471659395,7.08303336014054,5.278114659230517,4.43614195558365,3.6043653389117156,26.239385761032363,16,6.0,16.0,15.0,15.0,13.0,15.0
914217,颐和山庄(公寓住宅),杭州,9365.0,2018.0,14,11,30.0,0.67,纯商品住宅,70.0,住宅,0.7857142857142857,2.0794415416798357,1.7328679513998633,0.0,4.43614195558365,3.9578791690404502,12.206330617703799,17,1.0,1.0,20.0,15.0,0.0,0.0
1047306,秀里华庭,杭州,24699.0,2015.0,8,71,30.0,2.5,保障/政策类住宅,70.0,住宅,8.875,4.1588830833596715,7.08303336014054,5.545177444479562,4.711102366666305,3.757483285265014,25.255679539911096,14,3.0,16.0,17.0,18.0,15.0,17.0
826302,环桥花苑,杭州,12809.0,2016.0,12,102,30.0,1.2,纯商品住宅,70.0,住宅,8.5,2.0794415416798357,7.361097447916101,3.8918202981106265,4.624594812633863,3.8277706729163725,21.784724773256798,16,1.0,18.0,18.0,17.0,6.0,12.0
656442,合景叠彩园(公寓住宅),杭州,30313.0,2015.0,12,19,30.0,1.5,纯商品住宅,70.0,住宅,1.5833333333333333,4.1588830833596715,7.08303336014054,2.1972245773362196,4.332880321763536,2.8563919505370854,20.628413293137054,14,3.0,16.0,8.0,14.0,2.0,16.0
160807,夕照新村,杭州,43970.0,1986.0,61,69,35.0,1.2,纯商品住宅,70.0,住宅,1.1311475409836065,7.4547199493640015,7.225929394740412,5.666426688112432,4.103918971938459,3.5204652614328733,27.971460265588178,17,11.0,17.0,14.0,12.0,16.0,16.0
160828,福利新村,杭州,33523.0,1997.0,22,28,40.0,1.7,纯商品住宅,70.0,住宅,1.2727272727272727,6.591673732008658,7.361097447916101,5.780743515792329,3.9758506396608007,3.8277706729163725,27.537136008294265,17,8.0,18.0,18.0,11.0,17.0,16.0
1370265,盈二佳苑,杭州,24856.0,2015.0,4,46,30.0,2.5,保障/政策类住宅,70.0,住宅,11.5,2.0794415416798357,5.994738181995927,3.2188758248682006,3.9758506396608007,2.0922692861643304,17.361175474369094,12,1.0,10.0,4.0,11.0,4.0,7.0
369943,玉都枫景名苑,杭州,17162.0,2011.0,16,8,30.0,2.0,纯商品住宅,70.0,住宅,0.5,3.295836866004329,4.864775372638283,2.772588722239781,4.7931716376863855,3.757483285265014,19.483855883833794,18,2.0,6.0,17.0,19.0,3.0,16.0
370000,风华苑,杭州,16942.0,2008.0,43,24,41.0,2.4,纯商品住宅,70.0,住宅,0.5581395348837209,3.295836866004329,7.225929394740412,4.1588830833596715,4.624594812633863,3.6043653389117156,22.909609495649992,14,2.0,17.0,15.0,17.0,7.0,11.0
369824,中意名仕苑(公寓住宅),杭州,21717.0,2012.0,8,30,30.0,2.5,纯商品住宅,70.0,住宅,3.75,6.591673732008658,6.212266624470001,5.8888779583328805,4.711102366666305,3.9578791690404502,27.361799850518292,18,8.0,11.0,20.0,18.0,18.0,20.0
161140,胭脂新村,杭州,38243.0,1999.0,11,32,15.0,5.3,纯商品住宅,70.0,住宅,2.909090909090909,6.591673732008658,7.08303336014054,5.666426688112432,4.711102366666305,3.5204652614328733,27.572701408360807,16,8.0,16.0,14.0,18.0,16.0,16.0
798267,合景映月台(公寓住宅),杭州,35569.0,2018.0,56,57,30.0,1.5,纯商品住宅,70.0,住宅,1.0178571428571428,6.238324625039507,7.361097447916101,2.1972245773362196,4.332880321763536,3.6043653389117156,23.733892310967082,17,7.0,18.0,15.0,14.0,2.0,18.0
789605,佳兆业君汇上品,杭州,20813.0,2016.0,24,9,30.0,2.0,纯商品住宅,70.0,住宅,0.375,4.1588830833596715,6.770125502755525,3.58351893845611,4.43614195558365,3.683177347273081,22.63184682742804,13,3.0,14.0,16.0,15.0,5.0,14.0
1255003,三江名苑,杭州,16913.0,2019.0,4,86,30.0,2.5,保障/政策类住宅,70.0,住宅,21.5,4.1588830833596715,6.412373393653842,3.58351893845611,4.332880321763536,3.430774528499836,21.918430265732994,16,3.0,12.0,13.0,14.0,5.0,12.0
1038049,和家园紫园,杭州,42179.0,2013.0,7,4,35.0,1.72,纯商品住宅,70.0,住宅,0.5714285714285714,2.0794415416798357,7.225929394740412,4.605170185988092,4.103918971938459,2.5296831937719073,20.544143288118704,19,1.0,17.0,6.0,12.0,9.0,16.0
578903,金隅田员外,杭州,21585.0,2016.0,30,41,30.0,2.0,纯商品住宅,70.0,住宅,1.3666666666666667,2.0794415416798357,7.225929394740412,5.780743515792329,4.533141350489946,3.6043653389117156,23.223621141614238,15,1.0,17.0,15.0,16.0,17.0,13.0
178587,都市水乡水滟苑,杭州,22321.0,2008.0,22,23,25.0,2.1,纯商品住宅,70.0,住宅,1.0454545454545454,4.1588830833596715,7.08303336014054,5.666426688112432,4.533141350489946,3.8277706729163725,25.269255155018964,16,3.0,16.0,18.0,16.0,16.0,19.0
825574,南门江住宅区,杭州,19112.0,2000.0,4,3,30.0,2.0,纯商品住宅,70.0,住宅,0.75,4.828313737302301,7.08303336014054,5.545177444479562,4.103918971938459,3.757483285265014,25.317926799125875,17,4.0,16.0,17.0,12.0,15.0,18.0
909780,中天西城纪,杭州,21706.0,2014.0,19,187,30.0,2.79,商办类,50.0,商住楼,9.842105263157896,5.8377304471659395,7.489330683884977,5.545177444479562,4.43614195558365,3.683177347273081,26.99155787838721,17,6.0,19.0,16.0,15.0,15.0,16.0
161176,蚕花园永安坊,杭州,23528.0,2001.0,21,12,10.0,1.25,纯商品住宅,70.0,住宅,0.5714285714285714,5.375278407684165,7.361097447916101,5.8888779583328805,4.871235900357477,3.8277706729163725,27.324260387206994,18,5.0,18.0,18.0,20.0,18.0,18.0
659422,华惠家园,杭州,11291.0,2002.0,18,4,25.0,3.5,纯商品住宅,70.0,住宅,0.2222222222222222,0.0,6.931471805599453,3.8918202981106265,4.624594812633863,3.430774528499836,18.87866144484378,18,0.0,15.0,13.0,17.0,6.0,6.0
410316,广悦公寓,杭州,18119.0,2011.0,8,31,25.0,1.6,纯商品住宅,70.0,住宅,3.875,4.1588830833596715,6.597643324038146,5.41610040220442,4.7931716376863855,3.757483285265014,24.723281732553637,17,3.0,13.0,17.0,19.0,14.0,18.0
573503,梅和名府,杭州,25275.0,2013.0,2,5,30.0,3.55,纯商品住宅,70.0,住宅,2.5,3.295836866004329,7.225929394740412,5.780743515792329,4.871235900357477,3.8277706729163725,25.00151634981092,16,2.0,17.0,18.0,20.0,17.0,18.0
1020699,仁良花苑,杭州,10753.0,2013.0,17,20,30.0,2.5,保障/政策类住宅,70.0,住宅,1.1764705882352942,4.828313737302301,7.611306094308557,3.58351893845611,4.7931716376863855,3.8944519556201884,24.71076236337354,18,4.0,20.0,19.0,19.0,5.0,14.0
192131,东湖公寓,杭州,14167.0,2000.0,18,15,10.0,2.0,纯商品住宅,70.0,住宅,0.8333333333333334,5.8377304471659395,6.931471805599453,5.8888779583328805,4.43614195558365,3.9578791690404502,27.052101335722373,19,6.0,15.0,20.0,15.0,18.0,19.0
877705,世茂智慧之门,杭州,25993.0,2022.0,15,79,20.0,8.0,商办类,50.0,商住楼,5.266666666666667,4.828313737302301,6.931471805599453,4.605170185988092,4.43614195558365,3.757483285265014,24.55858096973851,19,4.0,15.0,17.0,15.0,9.0,17.0
202578,九龙一号,杭州,17993.0,2007.0,27,7,35.0,0.84,纯商品住宅,70.0,别墅,0.25925925925925924,3.295836866004329,6.212266624470001,2.1972245773362196,4.43614195558365,3.8944519556201884,20.035921979014386,18,2.0,11.0,19.0,15.0,2.0,17.0
370060,远洋大河宸章,杭州,71841.0,2013.0,21,7,30.0,2.33,纯商品住宅,70.0,住宅,0.3333333333333333,4.1588830833596715,6.931471805599453,5.41610040220442,4.624594812633863,3.5204652614328733,24.65151536523028,15,3.0,15.0,14.0,17.0,14.0,13.0
205425,银泰海威国际,杭州,56839.0,2009.0,27,38,50.0,3.5,纯商品住宅,70.0,住宅,1.4074074074074074,4.1588830833596715,5.493061443340549,5.278114659230517,4.7931716376863855,3.8944519556201884,23.61768277923731,17,3.0,8.0,19.0,19.0,13.0,18.0
160308,迎春北苑,杭州,42155.0,2005.0,7,24,35.0,1.0,纯商品住宅,70.0,住宅,3.4285714285714284,5.8377304471659395,7.489330683884977,5.545177444479562,4.624594812633863,3.6043653389117156,27.101198727076056,17,6.0,19.0,15.0,17.0,15.0,15.0
160102,近江八园,杭州,38277.0,2000.0,41,49,35.0,2.2,纯商品住宅,70.0,住宅,1.1951219512195121,6.591673732008658,6.597643324038146,5.278114659230517,4.103918971938459,3.334434164699998,25.90578485191578,15,8.0,13.0,12.0,12.0,13.0,17.0
826394,湘湖人家(西区公寓住宅),杭州,19885.0,2008.0,69,80,40.2,1.24,纯商品住宅,70.0,住宅,1.1594202898550725,4.828313737302301,6.412373393653842,4.1588830833596715,4.7931716376863855,3.9578791690404502,24.15062102104265,17,4.0,12.0,20.0,19.0,7.0,16.0
315701,悦麒美寓(东区),杭州,37864.0,2016.0,31,47,30.0,2.5,纯商品住宅,70.0,住宅,1.5161290322580645,4.1588830833596715,6.597643324038146,3.2188758248682006,4.533141350489946,3.5204652614328733,22.029008844188837,18,3.0,13.0,14.0,16.0,4.0,12.0
877977,保安桥河下小区,杭州,31330.0,1989.0,9,10,20.0,1.2,纯商品住宅,70.0,住宅,1.1111111111111112,5.8377304471659395,7.361097447916101,5.8888779583328805,4.43614195558365,3.5204652614328733,27.044313070431443,17,6.0,18.0,14.0,15.0,18.0,16.0
943028,新山水御园,杭州,36258.0,2013.0,4,4,30.0,1.8,纯商品住宅,70.0,住宅,1.0,0.0,5.994738181995927,1.3862943611198906,4.711102366666305,3.8277706729163725,15.919905582698494,19,0.0,10.0,18.0,18.0,1.0,16.0
229758,月雅苑,杭州,24171.0,2002.0,11,19,40.6,2.4,纯商品住宅,70.0,住宅,1.7272727272727273,3.295836866004329,7.489330683884977,4.1588830833596715,4.624594812633863,3.683177347273081,23.25182279315592,18,2.0,19.0,16.0,17.0,7.0,16.0
825673,春波南苑,杭州,30665.0,2006.0,8,236,30.0,1.0,纯商品住宅,70.0,住宅,29.5,5.8377304471659395,7.08303336014054,4.605170185988092,4.624594812633863,3.8277706729163725,25.978299478844807,16,6.0,16.0,18.0,17.0,9.0,12.0
160063,世纪坊,杭州,36491.0,1998.0,31,18,35.0,2.5,纯商品住宅,70.0,住宅,0.5806451612903226,5.8377304471659395,7.361097447916101,5.8888779583328805,4.711102366666305,3.8944519556201884,27.693260175701415,20,6.0,18.0,19.0,18.0,18.0,17.0
191413,白鹭郡东,杭州,30228.0,2000.0,19,9,35.0,1.76,纯商品住宅,70.0,住宅,0.47368421052631576,2.0794415416798357,7.611306094308557,1.3862943611198906,4.533141350489946,3.9578791690404502,19.56806251663868,16,1.0,20.0,20.0,16.0,1.0,1.0
160072,美政花苑(南区),杭州,32940.0,1999.0,52,50,35.0,2.0,纯商品住宅,70.0,住宅,0.9615384615384616,4.1588830833596715,7.225929394740412,5.1298987149230735,4.43614195558365,3.8277706729163725,24.77862382152318,16,3.0,17.0,18.0,15.0,12.0,19.0
782886,融创大家侯潮府,杭州,115076.0,2017.0,27,14,30.0,2.5,纯商品住宅,70.0,住宅,0.5185185185185185,6.238324625039507,7.361097447916101,5.8888779583328805,3.9758506396608007,2.7032740041837866,26.167424675133077,15,7.0,18.0,7.0,11.0,18.0,17.0
204866,茶厂宿舍,杭州,43767.0,1985.0,7,2,25.0,2.3,纯商品住宅,70.0,住宅,0.2857142857142857,7.193685818395112,7.361097447916101,5.780743515792329,4.533141350489946,3.430774528499836,28.299442661093323,15,10.0,18.0,13.0,16.0,17.0,12.0
160795,钱江时代公寓,杭州,47891.0,2007.0,45,57,40.0,2.3,纯商品住宅,70.0,住宅,1.2666666666666666,5.8377304471659395,6.931471805599453,5.41610040220442,4.624594812633863,3.683177347273081,26.493074814876756,18,6.0,15.0,16.0,17.0,14.0,17.0
221973,新绿园,杭州,83121.0,2007.0,26,22,30.0,3.0,纯商品住宅,70.0,住宅,0.8461538461538461,5.375278407684165,7.361097447916101,5.666426688112432,4.332880321763536,3.2303786447244005,25.966061510200632,17,5.0,18.0,11.0,14.0,16.0,11.0
160381,采荷小区洁莲邨,杭州,45165.0,1989.0,13,29,21.0,1.2,纯商品住宅,70.0,住宅,2.230769230769231,7.193685818395112,7.361097447916101,5.545177444479562,3.684136148790474,3.8277706729163725,27.61186753249762,17,10.0,18.0,18.0,9.0,15.0,15.0
1042415,梓树花苑(公寓住宅),杭州,10355.0,2019.0,25,35,30.0,2.5,保障/政策类住宅,70.0,住宅,1.4,3.295836866004329,7.489330683884977,1.3862943611198906,4.7931716376863855,3.8944519556201884,20.859085504315768,19,2.0,19.0,19.0,19.0,1.0,18.0
409606,平瑞瑞和园,杭州,18540.0,2014.0,5,16,30.0,2.0,纯商品住宅,70.0,住宅,3.2,3.295836866004329,5.994738181995927,3.2188758248682006,4.871235900357477,3.8277706729163725,21.208457446142308,18,2.0,10.0,18.0,20.0,4.0,16.0
160077,火炬小区,杭州,23102.0,2004.0,9,19,11.0,2.3,纯商品住宅,70.0,住宅,2.111111111111111,3.295836866004329,7.08303336014054,4.394449154672439,4.624594812633863,3.5204652614328733,22.918379454884047,17,2.0,16.0,14.0,17.0,8.0,9.0
877932,进修弄小区,杭州,14958.0,1999.0,4,13,30.0,1.5,纯商品住宅,70.0,住宅,3.25,4.828313737302301,7.361097447916101,5.780743515792329,4.332880321763536,3.8944519556201884,26.19748697839445,16,4.0,18.0,19.0,14.0,17.0,20.0
160610,现代印象广场,杭州,16732.0,2007.0,11,62,35.0,3.5,商办类,50.0,商住楼,5.636363636363637,4.1588830833596715,5.994738181995927,4.795790545596741,4.43614195558365,3.757483285265014,23.143037051801002,15,3.0,10.0,17.0,15.0,10.0,20.0
1153634,阳光城悦云邸,杭州,39524.0,2020.0,47,56,30.0,2.0,纯商品住宅,70.0,住宅,1.1914893617021276,5.375278407684165,7.361097447916101,3.8918202981106265,3.9758506396608007,2.8563919505370854,23.460438743908778,17,5.0,18.0,8.0,11.0,6.0,16.0
477595,嘉和银领时代(公寓住宅),杭州,17060.0,2016.0,52,18,35.0,1.5,纯商品住宅,70.0,住宅,0.34615384615384615,3.295836866004329,7.225929394740412,3.8918202981106265,4.533141350489946,3.8944519556201884,22.8411798649655,17,2.0,17.0,19.0,16.0,6.0,10.0
207449,金色阳光(淳安公寓住宅),杭州,8700.0,2017.0,0,4,44.8,1.4,纯商品住宅,70.0,住宅,1.3333333333333333,0.0,3.4657359027997265,2.1972245773362196,3.9758506396608007,3.757483285265014,13.396294405061761,11,0.0,3.0,17.0,11.0,2.0,5.0
826790,长江西苑,杭州,27964.0,2006.0,10,134,40.0,4.0,保障/政策类住宅,70.0,住宅,13.4,4.1588830833596715,6.597643324038146,4.795790545596741,3.836632436477393,3.2303786447244005,22.619328034196354,14,3.0,13.0,11.0,10.0,10.0,13.0
221630,江虹小区,杭州,37641.0,2006.0,3,75,35.0,1.7,纯商品住宅,70.0,住宅,25.0,5.375278407684165,7.361097447916101,5.41610040220442,4.871235900357477,3.8944519556201884,26.91816411378235,16,5.0,18.0,19.0,20.0,14.0,18.0
264956,西溪小筑,杭州,30007.0,2010.0,6,6,30.0,1.6,纯商品住宅,70.0,住宅,1.0,4.1588830833596715,7.361097447916101,4.394449154672439,4.7931716376863855,3.9578791690404502,24.665480492675044,19,3.0,18.0,20.0,19.0,8.0,18.0
217713,兴和公寓,杭州,37723.0,2000.0,9,2,30.0,1.4,纯商品住宅,70.0,住宅,0.2222222222222222,6.238324625039507,7.489330683884977,5.545177444479562,2.866815150764888,3.334434164699998,25.474082068868935,10,7.0,19.0,12.0,5.0,15.0,11.0
219874,丽景西苑,杭州,49200.0,2000.0,1,1,30.0,2.5,纯商品住宅,70.0,住宅,1.0,6.907755278982138,7.225929394740412,6.089044875446846,1.1090354888959124,3.430774528499836,24.76253956656514,13,9.0,17.0,13.0,1.0,20.0,17.0
161182,同方燕语林森,杭州,32778.0,2006.0,20,5,39.81,1.62,纯商品住宅,70.0,住宅,0.25,5.375278407684165,6.770125502755525,4.394449154672439,4.332880321763536,3.8277706729163725,24.70050405979204,18,5.0,14.0,18.0,14.0,8.0,18.0
223675,断河头小区,杭州,52685.0,1983.0,4,7,15.0,1.2,纯商品住宅,70.0,住宅,1.75,6.591673732008658,7.225929394740412,5.991464547107982,3.9758506396608007,3.430774528499836,27.21569284201769,16,8.0,17.0,13.0,11.0,19.0,18.0
160697,都市水乡水映苑,杭州,22120.0,2007.0,42,55,25.0,2.0,纯商品住宅,70.0,住宅,1.3095238095238095,3.295836866004329,6.931471805599453,5.780743515792329,4.533141350489946,3.683177347273081,24.224370885159136,16,2.0,15.0,16.0,16.0,17.0,18.0
826907,紫园,杭州,51150.0,2015.0,3,4,30.0,1.6,纯商品住宅,70.0,住宅,1.3333333333333333,7.193685818395112,7.225929394740412,6.089044875446846,4.533141350489946,3.117263854637882,28.1590652937102,14,10.0,17.0,10.0,16.0,20.0,13.0
994998,春波西苑,杭州,32270.0,2006.0,9,93,30.0,1.0,纯商品住宅,70.0,住宅,10.333333333333334,6.238324625039507,7.225929394740412,5.780743515792329,4.7931716376863855,3.683177347273081,27.72134652053171,16,7.0,17.0,16.0,19.0,17.0,18.0
995811,中栋国际(公寓住宅),杭州,30738.0,2016.0,15,7,30.0,4.2,纯商品住宅,70.0,住宅,0.4666666666666667,5.375278407684165,7.225929394740412,5.666426688112432,4.711102366666305,3.683177347273081,26.661914204476396,15,5.0,17.0,16.0,18.0,16.0,13.0
826742,联庄江涛阁,杭州,33173.0,2008.0,12,4,30.0,4.4,纯商品住宅,70.0,住宅,0.3333333333333333,4.828313737302301,7.361097447916101,4.394449154672439,4.43614195558365,3.430774528499836,24.450776823974326,15,4.0,18.0,13.0,15.0,8.0,18.0
190614,滨江家园,杭州,35252.0,1998.0,21,13,35.1,2.7,纯商品住宅,70.0,住宅,0.6190476190476191,5.375278407684165,7.225929394740412,5.780743515792329,4.533141350489946,3.757483285265014,26.672575953971865,16,5.0,17.0,17.0,16.0,17.0,18.0
994954,金色钱塘(北区),杭州,26556.0,2009.0,41,57,20.0,2.15,纯商品住宅,70.0,住宅,1.3902439024390243,4.828313737302301,7.08303336014054,5.1298987149230735,4.222491727384414,3.334434164699998,24.59817170445033,15,4.0,16.0,12.0,13.0,12.0,12.0
193733,柴校坊小区,杭州,47129.0,1997.0,8,16,15.0,1.2,纯商品住宅,70.0,住宅,2.0,5.375278407684165,7.225929394740412,5.41610040220442,4.533141350489946,3.5204652614328733,26.070914816551813,17,5.0,17.0,14.0,16.0,14.0,14.0
222230,缤纷北苑,杭州,42133.0,2006.0,14,114,34.0,2.31,保障/政策类住宅,70.0,住宅,8.142857142857142,4.828313737302301,7.361097447916101,3.8918202981106265,3.9758506396608007,2.7032740041837866,22.760356127173615,17,4.0,18.0,7.0,11.0,6.0,13.0
191004,滨江新苑,杭州,35741.0,1998.0,33,25,15.0,2.3,纯商品住宅,70.0,住宅,0.7575757575757576,6.238324625039507,6.931471805599453,5.8888779583328805,4.533141350489946,3.757483285265014,27.3492990247268,18,7.0,15.0,17.0,16.0,18.0,18.0
1299107,康悦香庄,杭州,31667.0,2015.0,3,59,30.0,2.5,保障/政策类住宅,70.0,住宅,19.666666666666668,4.1588830833596715,7.08303336014054,4.394449154672439,4.624594812633863,3.334434164699998,23.595394575506514,18,3.0,16.0,12.0,17.0,8.0,19.0
190934,钱塘人家,杭州,38609.0,2001.0,14,16,15.0,1.5,纯商品住宅,70.0,住宅,1.1428571428571428,6.591673732008658,7.08303336014054,6.089044875446846,4.103918971938459,3.6043653389117156,27.472036278446218,17,8.0,16.0,15.0,12.0,20.0,17.0
311707,钱塘滨和花园,杭州,46450.0,2008.0,2,8,35.0,1.5,纯商品住宅,70.0,住宅,4.0,4.828313737302301,6.931471805599453,5.545177444479562,4.533141350489946,3.6043653389117156,25.442469676782977,18,4.0,15.0,15.0,16.0,15.0,14.0
223348,南肖埠景和苑,杭州,39213.0,2000.0,15,8,35.0,2.7,纯商品住宅,70.0,住宅,0.5333333333333333,7.193685818395112,6.931471805599453,5.278114659230517,3.113456238488501,3.5204652614328733,26.037193783146456,17,10.0,15.0,14.0,6.0,13.0,14.0
160965,大家静安花苑,杭州,35570.0,2000.0,11,3,30.0,3.2,纯商品住宅,70.0,住宅,0.2727272727272727,7.193685818395112,7.225929394740412,5.41610040220442,4.711102366666305,0.0,24.546817982006246,17,10.0,17.0,0.0,18.0,14.0,15.0
369964,德信臻园,杭州,67600.0,2014.0,9,1,30.0,2.5,纯商品住宅,70.0,住宅,0.1111111111111111,4.828313737302301,6.770125502755525,5.8888779583328805,4.624594812633863,3.6043653389117156,25.716277349936284,17,4.0,14.0,15.0,17.0,18.0,16.0
215447,蔡马人家,杭州,33527.0,2003.0,8,229,30.0,2.5,保障/政策类住宅,70.0,住宅,28.625,5.375278407684165,7.225929394740412,5.8888779583328805,4.7931716376863855,3.8277706729163725,27.111028071360217,17,5.0,17.0,18.0,19.0,18.0,19.0
469002,广宇鼎悦府,杭州,28728.0,2015.0,4,10,30.0,2.4,纯商品住宅,70.0,住宅,2.5,0.0,2.7465307216702746,0.0,4.43614195558365,3.9578791690404502,11.140551846294375,5,0.0,2.0,20.0,15.0,0.0,1.0
240611,渡驾新村,杭州,31419.0,2006.0,7,9,35.0,1.8,纯商品住宅,70.0,住宅,1.2857142857142858,4.828313737302301,6.931471805599453,5.1298987149230735,4.43614195558365,3.8277706729163725,25.15359688632485,15,4.0,15.0,18.0,15.0,12.0,19.0
615137,复地黄龙和山(公寓住宅),杭州,35430.0,2017.0,26,13,30.0,1.6,纯商品住宅,70.0,住宅,0.5,4.1588830833596715,6.931471805599453,3.8918202981106265,4.871235900357477,3.6043653389117156,23.457776426338945,17,3.0,15.0,15.0,20.0,6.0,15.0
444534,东和云第,杭州,31024.0,2014.0,23,15,30.0,2.5,纯商品住宅,70.0,住宅,0.6521739130434783,4.828313737302301,7.611306094308557,4.1588830833596715,4.7931716376863855,3.8944519556201884,25.286126508277103,16,4.0,20.0,19.0,19.0,7.0,16.0
825760,德信银树湾,杭州,44523.0,2009.0,26,15,30.0,3.0,纯商品住宅,70.0,住宅,0.5769230769230769,3.295836866004329,6.770125502755525,5.545177444479562,4.533141350489946,3.8944519556201884,24.03873311934955,15,2.0,14.0,19.0,16.0,15.0,18.0
826454,金地自在城悦活轩,杭州,26793.0,2012.0,14,40,30.0,1.6,纯商品住宅,70.0,住宅,2.857142857142857,4.828313737302301,6.412373393653842,5.1298987149230735,4.624594812633863,3.8944519556201884,24.889632614133266,20,4.0,12.0,19.0,17.0,12.0,17.0
175744,小河下小区,杭州,33109.0,1992.0,7,41,30.0,1.3,纯商品住宅,70.0,住宅,5.857142857142857,6.591673732008658,7.08303336014054,5.780743515792329,4.43614195558365,3.8277706729163725,27.719363236441552,17,8.0,16.0,18.0,15.0,17.0,13.0
370062,万和国际,杭州,43517.0,2013.0,18,34,30.0,4.0,纯商品住宅,70.0,住宅,1.8888888888888888,5.375278407684165,6.931471805599453,5.41610040220442,4.7931716376863855,3.6043653389117156,26.12038759208614,16,5.0,15.0,15.0,19.0,14.0,18.0
369952,名城公馆(公寓住宅),杭州,60323.0,2013.0,13,17,30.0,2.5,纯商品住宅,70.0,住宅,1.3076923076923077,5.375278407684165,7.225929394740412,5.666426688112432,4.222491727384414,3.6043653389117156,26.094491556833137,15,5.0,17.0,15.0,13.0,16.0,9.0
160708,春丰苑,杭州,40145.0,1999.0,9,1,30.0,1.6,纯商品住宅,70.0,住宅,0.1111111111111111,6.238324625039507,6.770125502755525,5.545177444479562,4.222491727384414,3.5204652614328733,26.296584561091883,14,7.0,14.0,14.0,13.0,15.0,9.0
825713,大华海派风范茗园,杭州,27931.0,2014.0,15,63,31.6,2.3,纯商品住宅,70.0,住宅,4.2,3.295836866004329,7.611306094308557,5.1298987149230735,4.871235900357477,3.8277706729163725,24.736048248509807,17,2.0,20.0,18.0,20.0,12.0,20.0
161160,缤纷小区,杭州,47363.0,2000.0,13,71,30.0,1.3,保障/政策类住宅,70.0,住宅,5.461538461538462,4.828313737302301,7.225929394740412,3.8918202981106265,4.43614195558365,3.117263854637882,23.49946924037487,18,4.0,17.0,10.0,15.0,6.0,13.0
300676,南北西岸(公寓住宅),杭州,42485.0,2010.0,18,21,30.0,2.3,纯商品住宅,70.0,住宅,1.1666666666666667,3.295836866004329,6.931471805599453,5.8888779583328805,4.533141350489946,3.8277706729163725,24.47709865334298,18,2.0,15.0,18.0,16.0,18.0,18.0
160433,南班巷小区,杭州,35570.0,1994.0,23,74,30.0,1.7,纯商品住宅,70.0,住宅,3.217391304347826,6.591673732008658,7.611306094308557,5.780743515792329,4.332880321763536,3.5204652614328733,27.83706892530595,17,8.0,20.0,14.0,14.0,17.0,17.0
370089,大华海派风范沁园,杭州,28143.0,2014.0,12,22,31.6,2.3,纯商品住宅,70.0,住宅,1.8333333333333333,3.295836866004329,6.931471805599453,4.969813299576001,4.7931716376863855,3.757483285265014,23.74777689413118,19,2.0,15.0,17.0,19.0,11.0,20.0
160933,大营盘小区,杭州,33135.0,1996.0,4,4,10.0,1.0,纯商品住宅,70.0,住宅,1.0,7.4547199493640015,7.08303336014054,5.278114659230517,4.711102366666305,3.2303786447244005,27.757348980125766,16,11.0,16.0,11.0,18.0,13.0,14.0
183555,近江苑,杭州,34111.0,1996.0,14,29,30.0,2.6,纯商品住宅,70.0,住宅,2.0714285714285716,6.907755278982138,6.412373393653842,5.545177444479562,3.684136148790474,3.2303786447244005,25.779820910630416,17,9.0,12.0,11.0,9.0,15.0,16.0
626958,江畔云庐,杭州,24699.0,2010.0,2,72,30.0,2.4,纯商品住宅,70.0,住宅,36.0,5.375278407684165,7.08303336014054,4.969813299576001,4.7931716376863855,3.8944519556201884,26.11574866070728,18,5.0,16.0,19.0,19.0,11.0,18.0
160066,金都华府,杭州,48419.0,2006.0,27,18,32.0,1.7,纯商品住宅,70.0,住宅,0.6666666666666666,5.8377304471659395,7.225929394740412,5.991464547107982,4.222491727384414,3.5204652614328733,26.798081377831622,14,6.0,17.0,14.0,13.0,19.0,14.0
206392,望江新园二园,杭州,35428.0,2010.0,19,36,30.0,2.0,保障/政策类住宅,70.0,住宅,1.894736842105263,6.907755278982138,7.611306094308557,5.666426688112432,4.533141350489946,3.334434164699998,28.053063576593072,14,9.0,20.0,12.0,16.0,16.0,10.0
160451,温兴风情苑,杭州,29363.0,2005.0,45,51,35.0,2.0,纯商品住宅,70.0,住宅,1.1333333333333333,4.828313737302301,7.225929394740412,4.605170185988092,4.624594812633863,3.757483285265014,25.04149141592968,19,4.0,17.0,17.0,17.0,9.0,10.0
505314,逸天广场(公寓住宅),杭州,31509.0,2006.0,26,37,40.0,1.73,纯商品住宅,70.0,住宅,1.4230769230769231,4.1588830833596715,7.08303336014054,4.1588830833596715,4.533141350489946,3.430774528499836,23.364715405849665,15,3.0,16.0,13.0,16.0,7.0,12.0
160518,中江花园,杭州,34343.0,2001.0,18,10,25.0,1.7,纯商品住宅,70.0,住宅,0.5555555555555556,7.193685818395112,6.931471805599453,5.1298987149230735,4.222491727384414,3.5204652614328733,26.998013327734924,16,10.0,15.0,14.0,13.0,12.0,13.0
943050,绿城九龙仓桂语江南,杭州,54873.0,2020.0,21,7,30.0,3.9,纯商品住宅,70.0,住宅,0.3333333333333333,5.375278407684165,6.597643324038146,5.278114659230517,4.533141350489946,3.5204652614328733,25.30464300287565,13,5.0,13.0,14.0,16.0,13.0,14.0
405773,悦尚湾,杭州,27393.0,2016.0,9,15,30.0,3.2,纯商品住宅,70.0,住宅,1.6666666666666667,3.295836866004329,6.212266624470001,4.394449154672439,4.222491727384414,3.6043653389117156,21.7294097114429,16,2.0,11.0,15.0,13.0,8.0,20.0
626969,紫玉福邸,杭州,45809.0,2016.0,16,27,30.0,2.5,纯商品住宅,70.0,住宅,1.6875,6.591673732008658,7.611306094308557,5.41610040220442,4.332880321763536,3.9578791690404502,27.90983971932562,16,8.0,20.0,20.0,14.0,14.0,16.0
478833,金瑞城市风景,杭州,59596.0,2014.0,11,11,30.0,2.7,纯商品住宅,70.0,住宅,1.0,3.295836866004329,6.931471805599453,5.780743515792329,4.711102366666305,3.6043653389117156,24.32351989297413,16,2.0,15.0,15.0,18.0,17.0,11.0
161161,新白马公寓,杭州,27366.0,2008.0,21,38,38.28,2.8,纯商品住宅,70.0,住宅,1.8095238095238095,6.238324625039507,7.08303336014054,5.41610040220442,4.332880321763536,3.8944519556201884,26.96479066476819,14,7.0,16.0,19.0,14.0,14.0,18.0
160527,水岸帝景,杭州,63378.0,2005.0,12,14,31.2,4.91,纯商品住宅,70.0,住宅,1.1666666666666667,5.8377304471659395,6.770125502755525,4.394449154672439,4.533141350489946,3.334434164699998,24.86988061978385,9,6.0,14.0,12.0,16.0,8.0,11.0
161103,盛元慧谷(公寓住宅),杭州,47221.0,2007.0,37,39,40.0,4.8,纯商品住宅,70.0,住宅,1.054054054054054,4.828313737302301,6.212266624470001,4.795790545596741,4.711102366666305,3.8277706729163725,24.37524394695172,16,4.0,11.0,18.0,18.0,10.0,19.0
160517,树园小区,杭州,35557.0,1990.0,27,87,38.0,2.8,纯商品住宅,70.0,住宅,3.2222222222222223,6.907755278982138,6.931471805599453,5.41610040220442,4.43614195558365,3.334434164699998,27.02590360706966,12,9.0,15.0,12.0,15.0,14.0,16.0
160473,后市街小区,杭州,46616.0,1997.0,37,61,30.0,2.0,纯商品住宅,70.0,住宅,1.6486486486486487,6.591673732008658,7.489330683884977,5.991464547107982,4.332880321763536,3.8944519556201884,28.29980124038534,16,8.0,19.0,19.0,14.0,19.0,18.0
160906,平安居,杭州,46586.0,2005.0,5,20,16.0,1.3,纯商品住宅,70.0,住宅,4.0,6.591673732008658,6.931471805599453,5.666426688112432,4.7931716376863855,3.8944519556201884,27.87719581902712,19,8.0,15.0,19.0,19.0,16.0,18.0
182305,崇庆里,杭州,23398.0,2003.0,5,6,26.0,2.5,纯商品住宅,70.0,住宅,1.2,6.238324625039507,7.225929394740412,5.666426688112432,4.711102366666305,3.683177347273081,27.524960421831736,18,7.0,17.0,16.0,18.0,16.0,18.0
652450,融信蓝孔雀,杭州,45830.0,2016.0,8,32,30.0,3.2,纯商品住宅,70.0,住宅,4.0,5.375278407684165,6.412373393653842,5.780743515792329,4.711102366666305,2.8563919505370854,25.135889634333726,16,5.0,12.0,8.0,18.0,17.0,12.0
609162,保利梧桐语,杭州,34427.0,2015.0,29,60,30.0,2.4,纯商品住宅,70.0,住宅,2.0689655172413794,4.1588830833596715,7.225929394740412,4.969813299576001,4.711102366666305,3.334434164699998,24.400162309042386,16,3.0,17.0,12.0,18.0,11.0,19.0
204948,木材新村,杭州,44605.0,1990.0,17,22,35.0,3.0,纯商品住宅,70.0,住宅,1.2941176470588236,4.828313737302301,7.225929394740412,5.780743515792329,4.43614195558365,3.334434164699998,25.60556276811869,15,4.0,17.0,12.0,15.0,17.0,15.0
160210,滨兴家园,杭州,32738.0,2013.0,12,162,33.0,1.2,纯商品住宅,70.0,住宅,13.5,5.375278407684165,7.361097447916101,5.278114659230517,4.711102366666305,3.5204652614328733,26.24605814292996,17,5.0,18.0,14.0,18.0,13.0,15.0
877684,陆家桥新苑,杭州,15146.0,2006.0,14,75,30.0,2.3,纯商品住宅,70.0,住宅,5.357142857142857,3.295836866004329,7.08303336014054,3.58351893845611,4.711102366666305,3.9578791690404502,22.63137070030773,17,2.0,16.0,20.0,18.0,5.0,14.0
369956,星汇荣邸,杭州,32917.0,2011.0,25,35,32.0,2.2,纯商品住宅,70.0,住宅,1.4,5.375278407684165,7.611306094308557,5.1298987149230735,4.624594812633863,3.9578791690404502,26.698957198590108,15,5.0,20.0,20.0,17.0,12.0,20.0
183358,柳浪东苑,杭州,99309.0,2011.0,14,6,40.0,1.0,纯商品住宅,70.0,住宅,0.42857142857142855,4.1588830833596715,6.770125502755525,4.969813299576001,4.711102366666305,3.9578791690404502,24.56780342139795,15,3.0,14.0,20.0,18.0,11.0,15.0
1013054,盈一佳苑,杭州,26388.0,2016.0,12,129,30.0,2.0,保障/政策类住宅,70.0,住宅,10.75,2.0794415416798357,6.770125502755525,4.1588830833596715,4.43614195558365,3.5204652614328733,20.965057344811555,15,1.0,14.0,14.0,15.0,7.0,20.0
826151,和谐嘉园南苑,杭州,42610.0,2009.0,17,145,30.0,2.4,纯商品住宅,70.0,住宅,8.529411764705882,7.694848072384611,7.225929394740412,5.780743515792329,4.7931716376863855,3.8944519556201884,29.389144576223924,17,12.0,17.0,19.0,19.0,17.0,19.0
778888,富力十号朗悦居(公寓住宅),杭州,35213.0,2017.0,11,5,25.0,2.3,纯商品住宅,70.0,住宅,0.45454545454545453,6.238324625039507,7.08303336014054,2.772588722239781,4.711102366666305,3.8944519556201884,24.699501029706322,16,7.0,16.0,19.0,18.0,3.0,18.0
363841,潘水南苑,杭州,18781.0,2000.0,16,44,15.0,1.8,纯商品住宅,70.0,住宅,2.75,4.828313737302301,7.225929394740412,5.8888779583328805,4.222491727384414,3.5204652614328733,25.68607807919288,17,4.0,17.0,14.0,13.0,18.0,13.0
208476,华元云水苑(公寓住宅),杭州,23939.0,2005.0,6,11,35.0,2.0,纯商品住宅,70.0,住宅,1.8333333333333333,4.1588830833596715,7.489330683884977,3.2188758248682006,4.7931716376863855,3.9578791690404502,23.618140398839685,16,3.0,19.0,20.0,19.0,4.0,16.0
160374,木庵小区,杭州,30759.0,1998.0,3,5,30.0,2.5,纯商品住宅,70.0,住宅,1.6666666666666667,7.193685818395112,6.931471805599453,5.545177444479562,4.711102366666305,3.2303786447244005,27.611816079864834,15,10.0,15.0,11.0,18.0,15.0,13.0
160010,仙林苑(北区),杭州,47734.0,2002.0,14,49,30.0,2.28,纯商品住宅,70.0,住宅,3.5,6.238324625039507,7.225929394740412,5.545177444479562,4.533141350489946,3.8277706729163725,27.3703434876658,19,7.0,17.0,18.0,16.0,15.0,18.0
825501,美都良景学府,杭州,16669.0,2017.0,26,53,30.6,2.0,纯商品住宅,70.0,住宅,2.0384615384615383,0.0,5.994738181995927,2.772588722239781,4.7931716376863855,3.9578791690404502,17.518377710962543,13,0.0,10.0,20.0,19.0,3.0,9.0
779943,金星桃源居,杭州,19744.0,2015.0,41,78,20.0,2.1,纯商品住宅,70.0,住宅,1.9024390243902438,3.295836866004329,7.489330683884977,6.089044875446846,4.7931716376863855,3.757483285265014,25.42486734828755,20,2.0,19.0,17.0,19.0,20.0,17.0
863838,仓溢东苑,杭州,23508.0,2015.0,2,76,30.0,2.5,保障/政策类住宅,70.0,住宅,38.0,5.375278407684165,7.08303336014054,3.58351893845611,4.7931716376863855,3.9578791690404502,24.79288151300765,13,5.0,16.0,20.0,19.0,5.0,19.0
160712,东海未名园,杭州,24206.0,2005.0,21,71,35.0,2.3,纯商品住宅,70.0,住宅,3.380952380952381,3.295836866004329,7.225929394740412,3.8918202981106265,4.711102366666305,3.430774528499836,22.55546345402151,18,2.0,17.0,13.0,18.0,6.0,17.0
615993,顺发恒园(公寓住宅),杭州,43689.0,2016.0,26,36,30.0,2.5,纯商品住宅,70.0,住宅,1.3846153846153846,5.8377304471659395,6.770125502755525,5.278114659230517,4.533141350489946,3.5204652614328733,25.9395772210748,12,6.0,14.0,14.0,16.0,13.0,15.0
316964,慧仁家园北区,杭州,24182.0,2008.0,6,4,30.0,1.5,纯商品住宅,70.0,住宅,0.6666666666666666,4.828313737302301,6.597643324038146,5.41610040220442,4.624594812633863,3.683177347273081,25.14982962345181,12,4.0,13.0,16.0,17.0,14.0,16.0
799196,颐和山庄(别墅),杭州,31632.0,2018.0,13,8,30.0,1.06,纯商品住宅,70.0,别墅,0.6153846153846154,2.0794415416798357,1.7328679513998633,0.0,4.533141350489946,3.757483285265014,12.102934128834658,15,1.0,1.0,17.0,16.0,0.0,0.0
370048,飞虹丁香花园,杭州,12086.0,2007.0,11,20,30.0,2.0,纯商品住宅,70.0,住宅,1.8181818181818181,3.295836866004329,6.931471805599453,6.089044875446846,4.711102366666305,3.8277706729163725,24.855226586633307,18,2.0,15.0,18.0,18.0,20.0,17.0
408269,明华名港城,杭州,18730.0,2011.0,20,21,48.0,2.0,纯商品住宅,70.0,住宅,1.05,0.0,7.361097447916101,3.58351893845611,4.624594812633863,3.8277706729163725,19.396981871922446,19,0.0,18.0,18.0,17.0,5.0,20.0
825525,保亿风景蝶院观园,杭州,29678.0,2010.0,45,6,30.0,2.2,纯商品住宅,70.0,住宅,0.13333333333333333,4.828313737302301,7.361097447916101,4.394449154672439,4.711102366666305,3.757483285265014,25.052445991822157,18,4.0,18.0,17.0,18.0,8.0,16.0
160633,观音塘小区,杭州,36070.0,1994.0,13,18,35.0,2.5,纯商品住宅,70.0,住宅,1.3846153846153846,7.4547199493640015,7.361097447916101,5.545177444479562,4.711102366666305,3.334434164699998,28.406531373125972,14,11.0,18.0,12.0,18.0,15.0,18.0
610923,莱蒙水榭春天,杭州,57565.0,2015.0,40,19,30.0,4.0,纯商品住宅,70.0,住宅,0.475,4.1588830833596715,7.489330683884977,3.2188758248682006,4.222491727384414,2.8563919505370854,21.945973270034347,9,3.0,19.0,8.0,13.0,4.0,6.0
193195,碧天家园,杭州,14655.0,2004.0,14,4,35.0,1.29,纯商品住宅,70.0,住宅,0.2857142857142857,4.828313737302301,6.931471805599453,5.8888779583328805,4.7931716376863855,3.9578791690404502,26.399714307961467,17,4.0,15.0,20.0,19.0,18.0,20.0
191610,东城丽景,杭州,20309.0,2007.0,38,22,30.0,0.82,纯商品住宅,70.0,住宅,0.5789473684210527,4.1588830833596715,7.08303336014054,3.58351893845611,4.7931716376863855,3.9578791690404502,23.576486188683155,17,3.0,16.0,20.0,19.0,5.0,20.0
877721,杭州印,杭州,29568.0,2010.0,44,134,20.0,2.5,商办类,50.0,商住楼,3.0454545454545454,4.1588830833596715,7.08303336014054,4.795790545596741,4.533141350489946,3.683177347273081,24.25402568685998,12,3.0,16.0,16.0,16.0,10.0,16.0
160442,双菱小区,杭州,45054.0,1988.0,29,51,35.0,1.7,纯商品住宅,70.0,住宅,1.7586206896551724,7.4547199493640015,7.225929394740412,5.1298987149230735,4.222491727384414,3.757483285265014,27.790523071676912,12,11.0,17.0,17.0,13.0,12.0,13.0
228771,流水西苑住宅小区,杭州,29065.0,1998.0,51,64,15.0,2.5,纯商品住宅,70.0,住宅,1.2549019607843137,7.4547199493640015,7.225929394740412,5.991464547107982,4.533141350489946,3.2303786447244005,28.43563388642674,18,11.0,17.0,11.0,16.0,19.0,14.0
161128,民安苑,杭州,33878.0,2000.0,20,23,13.0,1.0,纯商品住宅,70.0,住宅,1.15,3.295836866004329,5.994738181995927,3.8918202981106265,3.9758506396608007,2.99336062089226,20.151606606663947,16,2.0,10.0,9.0,11.0,6.0,10.0
861512,绿城翡翠湾,杭州,30090.0,2015.0,13,4,30.11,2.1,纯商品住宅,70.0,住宅,0.3076923076923077,5.8377304471659395,7.225929394740412,4.605170185988092,4.7931716376863855,3.8944519556201884,26.356453621201016,15,6.0,17.0,19.0,19.0,9.0,11.0
826756,云都凤凰城,杭州,12679.0,2014.0,2,9,32.0,2.79,纯商品住宅,70.0,住宅,4.5,0.0,7.489330683884977,4.795790545596741,4.533141350489946,3.8944519556201884,20.71271453559185,13,0.0,19.0,19.0,16.0,10.0,20.0
943068,光明逸品春江,杭州,18011.0,2019.0,14,8,30.0,2.3,纯商品住宅,70.0,住宅,0.5714285714285714,0.0,5.994738181995927,1.3862943611198906,4.43614195558365,3.757483285265014,15.574657783964481,17,0.0,10.0,17.0,15.0,1.0,16.0
161051,德胜新村(北区),杭州,24962.0,1989.0,49,94,35.0,1.2,纯商品住宅,70.0,住宅,1.9183673469387754,5.375278407684165,6.770125502755525,5.666426688112432,4.624594812633863,3.6043653389117156,26.0407907500977,16,5.0,14.0,15.0,17.0,16.0,16.0
826603,景致公寓,杭州,27357.0,2017.0,17,49,30.0,1.8,纯商品住宅,70.0,住宅,2.8823529411764706,4.828313737302301,7.225929394740412,5.545177444479562,4.624594812633863,3.8944519556201884,26.118467344776324,13,4.0,17.0,19.0,17.0,15.0,15.0
1302937,融创微风之城(公寓住宅),杭州,15161.0,2020.0,287,15,30.0,1.2,纯商品住宅,70.0,住宅,0.05226480836236934,0.0,0.0,0.0,4.7931716376863855,3.8277706729163725,8.620942310602757,13,0.0,0.0,18.0,19.0,0.0,4.0
877696,萧山宝龙城市广场,杭州,16274.0,2016.0,19,82,15.0,3.5,商办类,50.0,商住楼,4.315789473684211,6.591673732008658,6.770125502755525,5.278114659230517,4.624594812633863,3.8944519556201884,27.158960662248752,12,8.0,14.0,19.0,17.0,13.0,15.0
789656,利二花苑,杭州,31184.0,2015.0,6,42,25.0,3.0,保障/政策类住宅,70.0,住宅,7.0,5.8377304471659395,6.597643324038146,4.394449154672439,4.7931716376863855,3.9578791690404502,25.580873732603358,19,6.0,13.0,20.0,19.0,8.0,19.0
160969,凤凰南苑(上城),杭州,42172.0,2000.0,40,81,20.0,1.0,纯商品住宅,70.0,住宅,2.025,5.375278407684165,7.361097447916101,5.545177444479562,4.222491727384414,3.683177347273081,26.187222374737324,16,5.0,18.0,16.0,13.0,15.0,13.0
160489,物华小康居住区,杭州,36625.0,1998.0,44,17,35.0,2.1,纯商品住宅,70.0,住宅,0.38636363636363635,5.375278407684165,7.08303336014054,5.41610040220442,4.43614195558365,3.5204652614328733,25.83101938704565,17,5.0,16.0,14.0,15.0,14.0,15.0
825862,都市阳光华苑,杭州,24181.0,2010.0,13,14,30.0,3.0,纯商品住宅,70.0,住宅,1.0769230769230769,4.828313737302301,7.08303336014054,4.795790545596741,4.103918971938459,3.683177347273081,24.49423396225112,16,4.0,16.0,16.0,12.0,10.0,13.0
160423,明辉花园,杭州,17324.0,2002.0,24,154,30.0,2.7,纯商品住宅,70.0,住宅,6.416666666666667,3.295836866004329,7.361097447916101,5.278114659230517,4.533141350489946,3.8277706729163725,24.295960996557266,19,2.0,18.0,18.0,16.0,13.0,18.0
161005,钱江三苑,杭州,51139.0,2000.0,19,81,35.0,1.8,纯商品住宅,70.0,住宅,4.2631578947368425,7.4547199493640015,6.931471805599453,5.666426688112432,4.332880321763536,3.8944519556201884,28.27995072045961,18,11.0,15.0,19.0,14.0,16.0,17.0
658236,钱江御府,杭州,82737.0,2017.0,30,28,30.0,2.8,纯商品住宅,70.0,住宅,0.9333333333333333,6.238324625039507,7.225929394740412,5.780743515792329,3.836632436477393,3.117263854637882,26.198893826687524,13,7.0,17.0,10.0,10.0,17.0,18.0
925737,长河商厦,杭州,19396.0,2011.0,8,7,30.4,2.2,商办类,50.0,商住楼,0.875,3.295836866004329,7.225929394740412,4.605170185988092,4.624594812633863,3.683177347273081,23.434708606639777,18,2.0,17.0,16.0,17.0,9.0,13.0
160053,宋都凯旋苑,杭州,47518.0,2002.0,21,8,36.0,2.2,纯商品住宅,70.0,住宅,0.38095238095238093,6.907755278982138,7.225929394740412,5.666426688112432,3.9758506396608007,3.117263854637882,26.893225856133665,16,9.0,17.0,10.0,11.0,16.0,14.0
160344,采荷东区,杭州,44468.0,1995.0,44,27,30.0,2.0,纯商品住宅,70.0,住宅,0.6136363636363636,7.4547199493640015,7.08303336014054,5.780743515792329,4.871235900357477,3.757483285265014,28.94721601091936,16,11.0,16.0,17.0,20.0,17.0,17.0
160049,蚕花园永庆坊,杭州,20646.0,2000.0,52,65,30.0,2.6,纯商品住宅,70.0,住宅,1.25,5.375278407684165,7.489330683884977,5.8888779583328805,4.7931716376863855,3.757483285265014,27.304141972853422,18,5.0,19.0,17.0,19.0,18.0,17.0
188696,北秀蓝湾,杭州,14073.0,2006.0,17,8,35.5,1.81,纯商品住宅,70.0,住宅,0.47058823529411764,3.295836866004329,7.225929394740412,2.772588722239781,4.7931716376863855,3.8277706729163725,21.91529729358728,18,2.0,17.0,18.0,19.0,3.0,16.0
221384,同和公寓,杭州,21016.0,2000.0,11,1,31.0,1.4,纯商品住宅,70.0,住宅,0.09090909090909091,5.8377304471659395,7.225929394740412,5.545177444479562,3.684136148790474,3.8277706729163725,26.120744108092758,17,6.0,17.0,18.0,9.0,15.0,13.0
910818,美都广场,杭州,17288.0,2004.0,8,53,25.1,2.8,商办类,50.0,商住楼,6.625,4.828313737302301,7.361097447916101,5.41610040220442,3.9758506396608007,3.757483285265014,25.338845512348637,14,4.0,18.0,17.0,11.0,14.0,12.0
160363,保元泽第(公寓住宅),杭州,21889.0,2000.0,16,9,35.0,1.52,纯商品住宅,70.0,住宅,0.5625,4.828313737302301,7.489330683884977,5.1298987149230735,4.43614195558365,3.6043653389117156,25.488050430605718,13,4.0,19.0,15.0,15.0,12.0,18.0
943047,金汇之星,杭州,24002.0,2020.0,17,3,30.0,2.0,纯商品住宅,70.0,住宅,0.17647058823529413,3.295836866004329,7.489330683884977,5.666426688112432,4.871235900357477,3.757483285265014,25.08031342362423,13,2.0,19.0,17.0,20.0,16.0,13.0
803350,绿都港汇中心,杭州,19495.0,2017.0,6,121,20.0,5.7,商办类,50.0,商住楼,20.166666666666668,3.295836866004329,6.931471805599453,5.666426688112432,4.43614195558365,3.5204652614328733,23.850342576732736,17,2.0,15.0,14.0,15.0,16.0,12.0
161064,钱塘景苑,杭州,35831.0,2006.0,10,18,35.0,2.18,纯商品住宅,70.0,住宅,1.8,4.828313737302301,7.361097447916101,4.1588830833596715,4.624594812633863,3.683177347273081,24.656066428485016,18,4.0,18.0,16.0,17.0,7.0,18.0
369807,财和湘域湾(公寓住宅),杭州,28196.0,2014.0,5,1,35.0,2.0,纯商品住宅,70.0,住宅,0.2,4.828313737302301,7.225929394740412,4.969813299576001,4.43614195558365,3.6043653389117156,25.06456372611408,16,4.0,17.0,15.0,15.0,11.0,10.0
469003,大美公寓,杭州,28131.0,2014.0,25,38,30.0,2.4,纯商品住宅,70.0,住宅,1.52,5.8377304471659395,6.412373393653842,5.278114659230517,4.624594812633863,3.8944519556201884,26.047265268304347,17,6.0,12.0,19.0,17.0,13.0,20.0
778406,滨江西溪之星(公寓住宅),杭州,44510.0,2016.0,20,7,30.0,1.3,纯商品住宅,70.0,住宅,0.35,0.0,5.756462732485115,1.3862943611198906,3.9758506396608007,3.683177347273081,14.801785080538888,12,0.0,9.0,16.0,11.0,1.0,4.0
369939,保利香槟国际,杭州,51563.0,2013.0,6,19,30.0,2.6,纯商品住宅,70.0,住宅,3.1666666666666665,5.375278407684165,6.931471805599453,5.666426688112432,4.43614195558365,3.8277706729163725,26.237089529896075,18,5.0,15.0,18.0,15.0,16.0,18.0
1035021,利一家园,杭州,30087.0,2015.0,8,106,30.0,2.5,保障/政策类住宅,70.0,住宅,13.25,6.591673732008658,7.361097447916101,5.545177444479562,4.711102366666305,3.8944519556201884,28.103502946690814,18,8.0,18.0,19.0,18.0,15.0,20.0
160205,锦绣江南(滨江),杭州,45938.0,2007.0,34,25,40.0,3.5,纯商品住宅,70.0,住宅,0.7352941176470589,3.295836866004329,6.770125502755525,5.278114659230517,4.43614195558365,3.757483285265014,23.537702268839038,15,2.0,14.0,17.0,15.0,13.0,13.0
574387,新安天苑,杭州,33744.0,2011.0,25,66,25.0,2.8,纯商品住宅,70.0,住宅,2.64,4.1588830833596715,7.08303336014054,5.991464547107982,4.711102366666305,3.6043653389117156,25.548848696186216,12,3.0,16.0,15.0,18.0,19.0,14.0
607424,溪悦宸府,杭州,26114.0,2015.0,15,7,31.7,2.36,纯商品住宅,70.0,住宅,0.4666666666666667,5.375278407684165,7.489330683884977,4.394449154672439,4.871235900357477,3.9578791690404502,26.08817331563951,16,5.0,19.0,20.0,20.0,8.0,10.0
825877,盛庐小区,杭州,37261.0,2008.0,8,60,30.0,1.5,纯商品住宅,70.0,住宅,7.5,3.295836866004329,7.08303336014054,4.605170185988092,4.711102366666305,3.8277706729163725,23.522913451715638,16,2.0,16.0,18.0,18.0,9.0,13.0
372524,相墅花园(公寓住宅),杭州,16101.0,2008.0,14,56,20.0,1.97,纯商品住宅,70.0,住宅,4.0,4.828313737302301,6.412373393653842,4.394449154672439,4.624594812633863,3.757483285265014,24.01721438352746,18,4.0,12.0,17.0,17.0,8.0,16.0
207765,三江新村,杭州,19627.0,1996.0,22,37,26.0,2.8,纯商品住宅,70.0,住宅,1.6818181818181819,4.1588830833596715,6.212266624470001,4.1588830833596715,4.7931716376863855,3.757483285265014,23.080687714140744,15,3.0,11.0,17.0,19.0,7.0,16.0
993920,欧美金融城西溪丽晶,杭州,34302.0,2016.0,57,122,30.0,3.0,纯商品住宅,70.0,住宅,2.1403508771929824,6.238324625039507,6.931471805599453,3.8918202981106265,4.871235900357477,3.8277706729163725,25.760623302023436,15,7.0,15.0,18.0,20.0,6.0,19.0
216723,红枫苑(临平),杭州,13339.0,2003.0,24,9,30.0,2.5,纯商品住宅,70.0,住宅,0.375,3.295836866004329,7.08303336014054,5.666426688112432,4.711102366666305,3.8277706729163725,24.584169953839975,19,2.0,16.0,18.0,18.0,16.0,19.0
528979,西溪海听海苑,杭州,21691.0,2016.0,23,14,33.95,2.0,纯商品住宅,70.0,住宅,0.6086956521739131,0.0,7.08303336014054,3.2188758248682006,4.624594812633863,3.8277706729163725,18.754274670558978,16,0.0,16.0,18.0,17.0,4.0,4.0
727345,经纬御贤府,杭州,18647.0,2016.0,5,3,30.0,2.0,纯商品住宅,70.0,住宅,0.6,4.1588830833596715,6.931471805599453,3.58351893845611,4.533141350489946,3.757483285265014,22.964498463170194,17,3.0,15.0,17.0,16.0,5.0,14.0
216452,华瑞湘湖林语,杭州,19959.0,2007.0,8,12,31.0,1.8,纯商品住宅,70.0,住宅,1.5,5.8377304471659395,7.361097447916101,5.780743515792329,3.836632436477393,3.8277706729163725,26.643974520268138,13,6.0,18.0,18.0,10.0,17.0,13.0
995171,锦文雅苑(西区),杭州,33981.0,2017.0,7,8,30.0,2.5,纯商品住宅,70.0,住宅,1.1428571428571428,4.1588830833596715,7.361097447916101,4.969813299576001,3.9758506396608007,3.683177347273081,24.148821817785656,15,3.0,18.0,16.0,11.0,11.0,11.0
469258,九悦江南,杭州,14645.0,2015.0,13,39,30.2,4.2,商办类,50.0,商住楼,3.0,4.828313737302301,6.412373393653842,5.278114659230517,4.533141350489946,3.6043653389117156,24.656308479588322,15,4.0,12.0,15.0,16.0,13.0,14.0
618884,美好桂花星座,杭州,16888.0,2016.0,21,8,35.5,1.96,纯商品住宅,70.0,住宅,0.38095238095238093,4.1588830833596715,7.225929394740412,3.8918202981106265,4.624594812633863,3.9578791690404502,23.859106757885023,17,3.0,17.0,20.0,17.0,6.0,10.0
912258,开元广场(公寓住宅),杭州,27681.0,2015.0,21,13,30.0,3.9,纯商品住宅,70.0,住宅,0.6190476190476191,5.375278407684165,6.212266624470001,5.41610040220442,4.624594812633863,3.6043653389117156,25.232605585904164,15,5.0,11.0,15.0,17.0,14.0,20.0
826340,慧仁家园南区,杭州,21916.0,2010.0,1,13,30.0,1.5,纯商品住宅,70.0,住宅,13.0,4.828313737302301,7.08303336014054,5.545177444479562,4.711102366666305,3.757483285265014,25.925110193853723,16,4.0,16.0,17.0,18.0,15.0,16.0
938894,宝龙云滨湾(公寓住宅),杭州,24039.0,2014.0,24,68,30.0,2.6,纯商品住宅,70.0,住宅,2.8333333333333335,4.1588830833596715,7.489330683884977,3.2188758248682006,4.624594812633863,3.8277706729163725,23.319455077663086,18,3.0,19.0,18.0,17.0,4.0,12.0
826661,印月尚庭,杭州,42920.0,2018.0,5,17,50.0,3.0,纯商品住宅,70.0,住宅,3.4,4.828313737302301,7.489330683884977,3.58351893845611,3.9758506396608007,2.99336062089226,22.87037462019645,15,4.0,19.0,9.0,11.0,5.0,12.0
260398,丽阳苑,杭州,59447.0,2009.0,11,9,30.0,0.9,纯商品住宅,70.0,住宅,0.8181818181818182,5.375278407684165,7.225929394740412,5.41610040220442,4.103918971938459,3.9578791690404502,26.079106345607904,17,5.0,17.0,20.0,12.0,14.0,16.0
586666,中交悦西溪(公寓住宅),杭州,42636.0,2015.0,8,7,30.0,1.2,纯商品住宅,70.0,住宅,0.875,6.238324625039507,7.08303336014054,3.58351893845611,4.871235900357477,3.5204652614328733,25.296578085426503,16,7.0,16.0,14.0,20.0,5.0,19.0
379779,五月花城,杭州,15686.0,2014.0,40,33,35.72,2.2,纯商品住宅,70.0,住宅,0.825,3.295836866004329,7.225929394740412,3.58351893845611,4.222491727384414,3.334434164699998,21.662211091285265,18,2.0,17.0,12.0,13.0,5.0,10.0
1133552,龙湖春江天越(公寓住宅),杭州,29950.0,2022.0,51,37,30.0,2.3,纯商品住宅,70.0,住宅,0.7254901960784313,0.0,7.489330683884977,2.1972245773362196,4.871235900357477,3.9578791690404502,18.515670330619123,18,0.0,19.0,20.0,20.0,2.0,1.0
717456,中和北宸府,杭州,19377.0,2015.0,23,18,30.0,2.5,纯商品住宅,70.0,住宅,0.782608695652174,3.295836866004329,7.489330683884977,4.1588830833596715,4.43614195558365,3.8277706729163725,23.207963261749,18,2.0,19.0,18.0,15.0,7.0,14.0
375266,康都紫轩,杭州,69336.0,2011.0,14,7,32.0,3.22,纯商品住宅,70.0,住宅,0.5,6.907755278982138,7.225929394740412,5.8888779583328805,3.836632436477393,3.2303786447244005,27.089573713257224,14,9.0,17.0,11.0,10.0,18.0,17.0
174648,北落马营,杭州,30195.0,1989.0,12,6,20.0,1.1,纯商品住宅,70.0,住宅,0.5,5.375278407684165,7.225929394740412,5.8888779583328805,4.43614195558365,3.430774528499836,26.357002244840945,16,5.0,17.0,13.0,15.0,18.0,15.0
299190,云龙十一景(公寓住宅),杭州,44872.0,2010.0,5,13,30.08,3.59,纯商品住宅,70.0,住宅,2.6,6.591673732008658,7.225929394740412,5.8888779583328805,3.9758506396608007,3.334434164699998,27.016765889442752,13,8.0,17.0,12.0,11.0,18.0,14.0
224307,联庄公寓,杭州,50888.0,2000.0,1,14,45.0,0.91,纯商品住宅,70.0,住宅,14.0,4.828313737302301,7.361097447916101,3.8918202981106265,4.711102366666305,3.683177347273081,24.47551119726841,18,4.0,18.0,16.0,18.0,6.0,19.0
637732,招商雍华府,杭州,40016.0,2015.0,31,47,30.0,2.4,纯商品住宅,70.0,住宅,1.5161290322580645,4.828313737302301,5.994738181995927,4.795790545596741,4.624594812633863,3.683177347273081,23.92661462480191,16,4.0,10.0,16.0,17.0,10.0,16.0
404541,仁苑,杭州,43254.0,2009.0,11,92,30.0,3.0,纯商品住宅,70.0,住宅,8.363636363636363,4.1588830833596715,7.225929394740412,4.605170185988092,4.711102366666305,3.430774528499836,24.131859559254316,17,3.0,17.0,13.0,18.0,9.0,10.0
652456,汀澜府,杭州,45382.0,2016.0,2,10,30.0,2.4,纯商品住宅,70.0,住宅,5.0,5.375278407684165,6.770125502755525,5.41610040220442,4.43614195558365,3.5204652614328733,25.518111529660636,15,5.0,14.0,14.0,15.0,14.0,15.0
825579,滨兴东苑,杭州,36656.0,2004.0,5,42,33.0,1.2,纯商品住宅,70.0,住宅,8.4,4.828313737302301,7.225929394740412,5.41610040220442,4.7931716376863855,3.8944519556201884,26.157967127553704,17,4.0,17.0,19.0,19.0,14.0,19.0
825902,风景大院,杭州,46182.0,2010.0,14,7,30.0,3.48,纯商品住宅,70.0,住宅,0.5,4.1588830833596715,7.08303336014054,5.545177444479562,4.871235900357477,3.683177347273081,25.341507135610332,14,3.0,16.0,16.0,20.0,15.0,11.0
219814,天汇园,杭州,17088.0,2006.0,3,57,20.0,3.0,纯商品住宅,70.0,住宅,19.0,6.238324625039507,7.225929394740412,5.1298987149230735,4.43614195558365,3.6043653389117156,26.634660029198358,18,7.0,17.0,15.0,15.0,12.0,19.0
1021780,绿城蓝庭(西区),杭州,19621.0,2010.0,35,19,40.0,1.2,纯商品住宅,70.0,住宅,0.5428571428571428,0.0,7.361097447916101,3.8918202981106265,4.624594812633863,3.9578791690404502,19.83539172770104,18,0.0,18.0,20.0,17.0,6.0,10.0
794775,地铁绿城杨柳郡,杭州,52745.0,2017.0,127,114,38.5,1.84,纯商品住宅,70.0,住宅,0.8976377952755905,4.828313737302301,7.225929394740412,5.278114659230517,4.7931716376863855,3.117263854637882,25.242793283597496,16,4.0,17.0,10.0,19.0,13.0,9.0
379780,泊悦府澜湾,杭州,22408.0,2013.0,5,5,30.0,2.0,纯商品住宅,70.0,住宅,1.0,2.0794415416798357,6.931471805599453,4.969813299576001,4.624594812633863,3.8277706729163725,22.433092132405523,17,1.0,15.0,18.0,17.0,11.0,19.0
952171,中赢康康谷(商住楼),杭州,26159.0,2016.0,22,101,25.0,3.5,商办类,50.0,商住楼,4.590909090909091,6.238324625039507,6.931471805599453,5.8888779583328805,4.533141350489946,3.430774528499836,27.022590267961622,15,7.0,15.0,13.0,16.0,18.0,15.0
575797,朗诗未来街区西园,杭州,20494.0,2015.0,41,36,30.0,2.6,纯商品住宅,70.0,住宅,0.8780487804878049,2.0794415416798357,7.361097447916101,3.58351893845611,4.222491727384414,3.2303786447244005,20.47692830016086,17,1.0,18.0,11.0,13.0,5.0,16.0
1218303,翡翠城梧桐郡,杭州,35169.0,2022.0,65,82,30.0,1.45,纯商品住宅,70.0,住宅,1.2615384615384615,5.375278407684165,6.770125502755525,4.1588830833596715,4.624594812633863,3.8277706729163725,24.756652479349597,16,5.0,14.0,18.0,17.0,7.0,8.0
369959,百家乐西园(公寓住宅),杭州,31176.0,2009.0,15,3,30.0,1.1,纯商品住宅,70.0,住宅,0.2,2.0794415416798357,7.225929394740412,2.1972245773362196,4.332880321763536,3.683177347273081,19.518653182793084,13,1.0,17.0,16.0,14.0,2.0,5.0
219944,南肖埠御景苑,杭州,52840.0,2007.0,6,3,40.0,2.3,纯商品住宅,70.0,住宅,0.5,7.193685818395112,7.08303336014054,5.278114659230517,3.3271064666877375,3.430774528499836,26.31271483295374,14,10.0,16.0,13.0,7.0,13.0,17.0
660200,雍荣华庭,杭州,42566.0,2017.0,37,66,30.0,3.0,纯商品住宅,70.0,住宅,1.7837837837837838,4.828313737302301,7.08303336014054,5.545177444479562,4.332880321763536,3.430774528499836,25.220179392185774,18,4.0,16.0,13.0,14.0,15.0,15.0
171703,中南公寓,杭州,35511.0,1996.0,6,1,30.0,1.8,纯商品住宅,70.0,住宅,0.16666666666666666,3.295836866004329,7.08303336014054,5.1298987149230735,4.43614195558365,3.430774528499836,23.375685425151428,16,2.0,16.0,13.0,15.0,12.0,14.0
781853,卓越蔚蓝领秀(一期),杭州,23642.0,2017.0,27,8,30.0,2.3,纯商品住宅,70.0,住宅,0.2962962962962963,4.1588830833596715,7.225929394740412,4.605170185988092,4.43614195558365,3.430774528499836,23.85689914817166,15,3.0,17.0,13.0,15.0,9.0,14.0
826150,和谐嘉园北苑,杭州,37557.0,2009.0,4,58,30.0,2.4,纯商品住宅,70.0,住宅,14.5,7.4547199493640015,7.08303336014054,5.780743515792329,4.871235900357477,3.9578791690404502,29.147611894694794,19,11.0,16.0,20.0,20.0,17.0,20.0
825865,都市阳光乐苑,杭州,20939.0,2010.0,12,21,30.0,3.0,纯商品住宅,70.0,住宅,1.75,4.828313737302301,7.08303336014054,4.969813299576001,4.533141350489946,3.8277706729163725,25.24207242042516,16,4.0,16.0,18.0,16.0,11.0,14.0
161178,星河景庭,杭州,26788.0,2003.0,12,19,35.0,1.9,纯商品住宅,70.0,住宅,1.5833333333333333,5.8377304471659395,6.931471805599453,5.545177444479562,4.533141350489946,3.6043653389117156,26.451886386646617,18,6.0,15.0,15.0,16.0,15.0,18.0
877690,西溪八方城,杭州,19826.0,2016.0,15,173,20.0,2.7,商办类,50.0,商住楼,11.533333333333333,3.295836866004329,7.225929394740412,3.2188758248682006,4.624594812633863,3.8277706729163725,22.19300757116318,17,2.0,17.0,18.0,17.0,4.0,18.0
573180,重汽嘉泽苑,杭州,14667.0,2013.0,24,5,31.0,2.39,纯商品住宅,70.0,住宅,0.20833333333333334,0.0,4.479398673070137,2.1972245773362196,4.7931716376863855,3.8944519556201884,15.36424684371293,13,0.0,5.0,19.0,19.0,2.0,4.0
610622,东田怡丰城(公寓住宅),杭州,19092.0,2017.0,22,82,30.0,3.0,纯商品住宅,70.0,住宅,3.727272727272727,2.0794415416798357,6.770125502755525,3.58351893845611,4.332880321763536,3.8944519556201884,20.660418260275193,16,1.0,14.0,19.0,14.0,5.0,8.0
160987,温馨人家,杭州,38269.0,2004.0,43,64,40.0,3.8,纯商品住宅,70.0,住宅,1.4883720930232558,5.375278407684165,7.08303336014054,5.666426688112432,4.43614195558365,3.6043653389117156,26.165245750432504,19,5.0,16.0,15.0,15.0,16.0,18.0
1035534,万科北宸之光拱宸,杭州,26472.0,2017.0,24,46,30.0,2.3,纯商品住宅,70.0,住宅,1.9166666666666667,3.295836866004329,6.597643324038146,4.605170185988092,4.222491727384414,3.757483285265014,22.478625388679994,16,2.0,13.0,17.0,13.0,9.0,20.0
160570,十亩田家园,杭州,32646.0,2003.0,22,40,30.0,1.7,纯商品住宅,70.0,住宅,1.8181818181818181,3.295836866004329,5.994738181995927,3.8918202981106265,3.9758506396608007,3.6043653389117156,20.7626113246834,16,2.0,10.0,15.0,11.0,6.0,12.0
160766,大学路新村,杭州,32538.0,1989.0,27,122,23.0,1.34,纯商品住宅,70.0,住宅,4.518518518518518,6.591673732008658,7.225929394740412,5.991464547107982,4.332880321763536,3.5204652614328733,27.66241325705346,14,8.0,17.0,14.0,14.0,19.0,17.0
160957,丰乐苑(8-12),杭州,28418.0,1999.0,14,15,30.0,2.5,纯商品住宅,70.0,住宅,1.0714285714285714,6.907755278982138,7.225929394740412,5.780743515792329,4.222491727384414,3.683177347273081,27.820097264172375,17,9.0,17.0,16.0,13.0,17.0,19.0
762457,北城枫景园(公寓住宅),杭州,18860.0,2012.0,50,35,30.0,2.88,纯商品住宅,70.0,住宅,0.7,3.295836866004329,6.770125502755525,4.605170185988092,4.43614195558365,3.6043653389117156,22.711639849243312,16,2.0,14.0,15.0,15.0,9.0,18.0
209018,中誉现代城(公寓住宅),杭州,21252.0,2003.0,54,42,35.0,1.2,纯商品住宅,70.0,住宅,0.7777777777777778,4.1588830833596715,7.08303336014054,5.780743515792329,4.43614195558365,3.683177347273081,25.14197926214927,20,3.0,16.0,16.0,15.0,17.0,19.0
224144,保利东湾(西区),杭州,20726.0,2010.0,93,138,35.0,2.09,纯商品住宅,70.0,住宅,1.4838709677419355,2.0794415416798357,7.489330683884977,1.3862943611198906,4.43614195558365,3.8277706729163725,19.218979215184724,16,1.0,19.0,18.0,15.0,1.0,0.0
160395,水陆寺巷小区,杭州,35351.0,1989.0,20,41,30.0,1.8,纯商品住宅,70.0,住宅,2.05,7.193685818395112,7.361097447916101,6.089044875446846,1.7577796618689758,3.8277706729163725,26.229378476543406,15,10.0,18.0,18.0,2.0,20.0,19.0
659567,惠都家园(东区),杭州,12644.0,2011.0,25,48,26.0,2.8,纯商品住宅,70.0,住宅,1.92,3.295836866004329,6.931471805599453,3.58351893845611,4.332880321763536,3.8277706729163725,21.9714786047398,14,2.0,15.0,18.0,14.0,5.0,10.0
721076,滨江东方海岸(萧山公寓住宅),杭州,28074.0,2017.0,37,87,30.0,1.8,纯商品住宅,70.0,住宅,2.3513513513513513,4.828313737302301,6.412373393653842,4.394449154672439,4.43614195558365,3.757483285265014,23.828761526477248,19,4.0,12.0,17.0,15.0,8.0,16.0
172313,定安苑,杭州,56372.0,2000.0,23,22,30.0,1.2,纯商品住宅,70.0,住宅,0.9565217391304348,5.8377304471659395,7.361097447916101,5.8888779583328805,4.7931716376863855,3.9578791690404502,27.838756660141755,16,6.0,18.0,20.0,19.0,18.0,18.0
369948,恒瑞名座,杭州,13212.0,2013.0,10,18,50.0,3.99,商办类,50.0,商住楼,1.8,2.0794415416798357,7.225929394740412,4.795790545596741,4.7931716376863855,3.334434164699998,22.228767284403375,17,1.0,17.0,12.0,19.0,10.0,16.0
223595,北庙北弄,杭州,12610.0,1996.0,6,9,10.0,1.5,纯商品住宅,70.0,住宅,1.5,4.828313737302301,7.489330683884977,5.991464547107982,4.711102366666305,3.9578791690404502,26.978090504002015,17,4.0,19.0,20.0,18.0,19.0,16.0
171723,滨文苑,杭州,24586.0,2006.0,15,21,32.0,2.8,纯商品住宅,70.0,住宅,1.4,3.295836866004329,7.361097447916101,4.795790545596741,4.533141350489946,3.757483285265014,23.74334949527213,16,2.0,18.0,17.0,16.0,10.0,9.0
1178779,定山西苑二区,杭州,19924.0,2012.0,4,56,30.0,1.5,保障/政策类住宅,70.0,住宅,14.0,4.828313737302301,6.212266624470001,3.8918202981106265,4.871235900357477,3.8277706729163725,23.63140723315678,18,4.0,11.0,18.0,20.0,6.0,14.0
806034,滨江华成大江之星,杭州,15207.0,2018.0,23,21,30.0,3.0,纯商品住宅,70.0,住宅,0.9130434782608695,2.0794415416798357,7.361097447916101,4.394449154672439,4.711102366666305,3.683177347273081,22.229267858207763,16,1.0,18.0,16.0,18.0,8.0,18.0
877779,奥体之星,杭州,17606.0,2016.0,6,5,30.0,1.5,商办类,50.0,商住楼,0.8333333333333334,2.0794415416798357,6.597643324038146,2.1972245773362196,4.43614195558365,3.757483285265014,19.067934683902866,19,1.0,13.0,17.0,15.0,2.0,1.0
160173,信余里小区,杭州,31442.0,1997.0,13,51,20.0,2.5,纯商品住宅,70.0,住宅,3.923076923076923,6.591673732008658,7.225929394740412,6.089044875446846,3.836632436477393,3.8277706729163725,27.571051111589682,16,8.0,17.0,18.0,10.0,20.0,19.0
825483,白马湖小区凤凰苑(南区),杭州,33198.0,2008.0,3,21,35.0,1.6,纯商品住宅,70.0,住宅,7.0,2.0794415416798357,6.597643324038146,4.1588830833596715,4.533141350489946,3.5204652614328733,20.889574561000472,17,1.0,13.0,14.0,16.0,7.0,9.0
1001251,阳光城檀悦,杭州,67300.0,2018.0,24,22,30.0,2.2,纯商品住宅,70.0,住宅,0.9166666666666666,5.8377304471659395,7.611306094308557,5.666426688112432,4.332880321763536,3.757483285265014,27.20582683661548,15,6.0,20.0,17.0,14.0,16.0,13.0
1440450,新力启云府(东区),杭州,16706.0,2022.0,4,25,30.0,1.5,纯商品住宅,70.0,住宅,6.25,0.0,7.611306094308557,4.1588830833596715,4.7931716376863855,3.8944519556201884,20.4578127709748,17,0.0,20.0,19.0,19.0,7.0,19.0
877975,万科溪望(公寓住宅),杭州,45163.0,2018.0,34,8,30.0,1.5,纯商品住宅,70.0,住宅,0.23529411764705882,4.828313737302301,7.08303336014054,1.3862943611198906,4.222491727384414,3.6043653389117156,21.12449852485886,16,4.0,16.0,15.0,13.0,1.0,17.0
825948,水榭花都,杭州,13459.0,2015.0,8,5,35.0,1.6,纯商品住宅,70.0,住宅,0.625,2.0794415416798357,7.611306094308557,4.1588830833596715,4.871235900357477,3.8944519556201884,22.615318575325727,20,1.0,20.0,19.0,20.0,7.0,20.0
369963,绿城钱王文化广场锦玉园,杭州,10000.0,2012.0,3,8,35.0,3.4,纯商品住宅,70.0,住宅,2.6666666666666665,0.0,7.611306094308557,5.666426688112432,4.624594812633863,3.8277706729163725,21.730098267971226,18,0.0,20.0,18.0,17.0,16.0,18.0
181250,三华园(公寓住宅),杭州,39316.0,1998.0,7,17,27.0,2.5,纯商品住宅,70.0,住宅,2.4285714285714284,6.907755278982138,7.225929394740412,6.089044875446846,4.711102366666305,3.9578791690404502,28.891711084876146,18,9.0,17.0,20.0,18.0,20.0,19.0
219771,勤远里,杭州,37630.0,1985.0,7,8,29.0,1.3,纯商品住宅,70.0,住宅,1.1428571428571428,5.375278407684165,7.08303336014054,5.545177444479562,4.533141350489946,3.8277706729163725,26.364401235710584,16,5.0,16.0,18.0,16.0,15.0,15.0
795071,贝利栖溪望府,杭州,14985.0,2015.0,12,19,30.13,2.5,纯商品住宅,70.0,住宅,1.5833333333333333,3.295836866004329,6.770125502755525,4.1588830833596715,4.624594812633863,3.8277706729163725,22.677210937669763,17,2.0,14.0,18.0,17.0,7.0,20.0
160619,柳营花园,杭州,50321.0,2000.0,12,3,30.0,2.9,纯商品住宅,70.0,住宅,0.25,6.238324625039507,7.489330683884977,5.780743515792329,2.218070977791825,3.8944519556201884,25.620921758128826,17,7.0,19.0,19.0,3.0,17.0,16.0
370076,顺发堤香名苑,杭州,32977.0,2013.0,14,32,30.0,2.5,纯商品住宅,70.0,住宅,2.2857142857142856,6.238324625039507,6.931471805599453,5.278114659230517,4.624594812633863,3.8277706729163725,26.900276575419714,17,7.0,15.0,18.0,17.0,13.0,14.0
910656,绿都百瑞广场,杭州,14761.0,2004.0,7,87,35.0,3.57,商办类,50.0,商住楼,12.428571428571429,5.375278407684165,5.994738181995927,4.969813299576001,4.43614195558365,3.430774528499836,24.206746373339577,14,5.0,10.0,13.0,15.0,11.0,14.0
610901,中海御道(公寓住宅),杭州,100099.0,2017.0,34,77,30.0,3.5,纯商品住宅,70.0,住宅,2.264705882352941,5.8377304471659395,6.931471805599453,3.8918202981106265,3.9758506396608007,3.117263854637882,23.754137045174705,12,6.0,15.0,10.0,11.0,6.0,13.0
826385,建华家苑,杭州,23388.0,2015.0,3,19,30.0,1.2,保障/政策类住宅,70.0,住宅,6.333333333333333,4.828313737302301,7.225929394740412,4.795790545596741,4.533141350489946,3.5204652614328733,24.90364028956227,17,4.0,17.0,14.0,16.0,10.0,12.0
779138,金地艺境,杭州,20539.0,2017.0,47,80,30.0,2.2,纯商品住宅,70.0,住宅,1.702127659574468,2.0794415416798357,6.770125502755525,4.1588830833596715,4.43614195558365,3.9578791690404502,21.402471252419133,16,1.0,14.0,20.0,15.0,7.0,16.0
926296,浙富桐城府,杭州,23716.0,2017.0,2,7,30.0,2.5,纯商品住宅,70.0,住宅,3.5,0.0,7.08303336014054,5.41610040220442,4.871235900357477,3.6043653389117156,20.974735001614153,16,0.0,16.0,15.0,20.0,14.0,8.0
1236386,上实海上海(二期),杭州,26627.0,2019.0,46,44,30.0,2.3,纯商品住宅,70.0,住宅,0.9565217391304348,4.1588830833596715,7.225929394740412,4.795790545596741,4.7931716376863855,3.8944519556201884,24.868226617003398,17,3.0,17.0,19.0,19.0,10.0,20.0
1201595,"沿山路138,198号小区",杭州,10890.0,1995.0,2,5,20.0,1.2,纯商品住宅,70.0,住宅,2.5,4.828313737302301,7.08303336014054,5.8888779583328805,4.624594812633863,3.8944519556201884,26.31927182402977,20,4.0,16.0,19.0,17.0,18.0,20.0
804912,东裕华庭,杭州,9493.0,2017.0,42,82,25.0,2.99,纯商品住宅,70.0,住宅,1.9523809523809523,0.0,4.023594781085251,2.772588722239781,4.7931716376863855,3.8944519556201884,15.483807096631605,17,0.0,4.0,19.0,19.0,3.0,1.0
657498,万马伊顿庄园(公寓住宅),杭州,10370.0,2014.0,4,4,30.1,1.6,纯商品住宅,70.0,住宅,1.0,2.0794415416798357,7.361097447916101,4.394449154672439,4.103918971938459,3.757483285265014,21.69639040147185,17,1.0,18.0,17.0,12.0,8.0,10.0
826055,广和美地兰庭,杭州,14579.0,2016.0,20,14,30.0,1.8,纯商品住宅,70.0,住宅,0.7,4.1588830833596715,7.225929394740412,4.1588830833596715,4.711102366666305,3.8277706729163725,24.082568601042432,15,3.0,17.0,18.0,18.0,7.0,16.0
160511,华藏寺巷,杭州,37170.0,1989.0,6,41,30.0,1.7,纯商品住宅,70.0,住宅,6.833333333333333,7.193685818395112,7.361097447916101,5.780743515792329,4.711102366666305,3.6043653389117156,28.65099448768156,17,10.0,18.0,15.0,18.0,17.0,14.0
160576,国都凤起都市花园,杭州,41670.0,2004.0,12,13,34.0,2.5,纯商品住宅,70.0,住宅,1.0833333333333333,7.193685818395112,7.08303336014054,6.089044875446846,1.7577796618689758,3.117263854637882,25.24080757048936,15,10.0,16.0,10.0,2.0,20.0,18.0
826009,泰和花园(西区),杭州,24834.0,2000.0,12,13,25.0,2.8,纯商品住宅,70.0,住宅,1.0833333333333333,4.1588830833596715,7.08303336014054,5.545177444479562,4.711102366666305,3.430774528499836,24.928970783145918,18,3.0,16.0,13.0,18.0,15.0,18.0
160613,清泰南苑,杭州,38367.0,2000.0,26,25,30.0,4.55,纯商品住宅,70.0,住宅,0.9615384615384616,6.591673732008658,7.225929394740412,5.780743515792329,3.3271064666877375,3.334434164699998,26.259887273929138,16,8.0,17.0,12.0,7.0,17.0,14.0
825828,东日晴好,杭州,26456.0,2016.0,32,12,30.0,1.5,纯商品住宅,70.0,住宅,0.375,2.0794415416798357,7.08303336014054,3.2188758248682006,3.113456238488501,3.2303786447244005,18.72518560990148,13,1.0,16.0,11.0,6.0,4.0,9.0
778765,金隅学府,杭州,85008.0,2018.0,14,16,30.0,2.8,纯商品住宅,70.0,住宅,1.1428571428571428,6.238324625039507,7.08303336014054,5.8888779583328805,3.5155593237379517,3.5204652614328733,26.246260528683756,15,7.0,16.0,14.0,8.0,18.0,17.0
160055,金厦公寓,杭州,26052.0,2000.0,10,15,25.0,2.0,纯商品住宅,70.0,住宅,1.5,4.1588830833596715,7.361097447916101,5.991464547107982,4.332880321763536,3.757483285265014,25.601808685412305,19,3.0,18.0,17.0,14.0,19.0,17.0
826363,仙林苑(南区),杭州,41098.0,2002.0,7,13,30.0,2.28,纯商品住宅,70.0,住宅,1.8571428571428572,6.591673732008658,7.489330683884977,5.780743515792329,2.866815150764888,3.757483285265014,26.486046367715865,17,8.0,19.0,17.0,5.0,17.0,19.0
370083,天阳云筑(公寓住宅),杭州,25868.0,2014.0,28,9,30.0,2.0,纯商品住宅,70.0,住宅,0.32142857142857145,4.828313737302301,6.931471805599453,3.58351893845611,4.624594812633863,3.8277706729163725,23.795669966908097,15,4.0,15.0,18.0,17.0,5.0,14.0
801400,丰北一苑,杭州,31728.0,2016.0,2,17,20.0,2.2,保障/政策类住宅,70.0,住宅,8.5,5.8377304471659395,6.770125502755525,5.780743515792329,4.332880321763536,3.757483285265014,26.478963072742346,14,6.0,14.0,17.0,14.0,17.0,19.0
219861,万科魅力之城(东区),杭州,23591.0,2009.0,31,36,30.0,2.3,纯商品住宅,70.0,住宅,1.1612903225806452,4.1588830833596715,7.08303336014054,4.795790545596741,4.43614195558365,3.8277706729163725,24.301619617596977,18,3.0,16.0,18.0,15.0,10.0,17.0
192435,万安城市花园西苑,杭州,41006.0,1999.0,5,1,25.0,1.8,纯商品住宅,70.0,住宅,0.2,7.193685818395112,7.08303336014054,5.780743515792329,4.624594812633863,3.757483285265014,28.439540792226857,17,10.0,16.0,17.0,17.0,17.0,17.0
179524,"小河路323,333,335,337号小区",杭州,39673.0,1994.0,2,11,35.0,1.2,纯商品住宅,70.0,住宅,5.5,5.8377304471659395,6.931471805599453,5.545177444479562,4.533141350489946,3.757483285265014,26.605004332999915,16,6.0,15.0,17.0,16.0,15.0,19.0
160162,水星阁西区,杭州,30196.0,1998.0,7,22,26.0,1.5,纯商品住宅,70.0,住宅,3.142857142857143,7.193685818395112,7.225929394740412,5.8888779583328805,4.624594812633863,3.8277706729163725,28.76085865701864,14,10.0,17.0,18.0,17.0,18.0,18.0
160431,留下西苑,杭州,23864.0,1995.0,15,33,35.0,1.8,纯商品住宅,70.0,住宅,2.2,4.1588830833596715,7.489330683884977,4.394449154672439,4.7931716376863855,3.8277706729163725,24.663605232519846,17,3.0,19.0,18.0,19.0,8.0,19.0
369972,泊林漫谷(公寓住宅),杭州,17252.0,2010.0,15,13,35.0,1.46,纯商品住宅,70.0,住宅,0.8666666666666667,4.1588830833596715,7.611306094308557,0.0,4.222491727384414,2.7032740041837866,18.69595490923643,15,3.0,20.0,7.0,13.0,0.0,0.0
1218290,越秀星汇花园西区,杭州,20784.0,2012.0,60,47,30.0,2.5,纯商品住宅,70.0,住宅,0.7833333333333333,2.0794415416798357,7.08303336014054,2.1972245773362196,4.871235900357477,3.757483285265014,19.988418664779086,16,1.0,16.0,17.0,20.0,2.0,16.0
201140,云雀苑,杭州,32336.0,1996.0,12,12,10.0,1.7,纯商品住宅,70.0,住宅,1.0,6.907755278982138,7.225929394740412,5.991464547107982,3.113456238488501,3.5204652614328733,26.759070720751907,15,9.0,17.0,14.0,6.0,19.0,14.0
160543,义井小区,杭州,37793.0,1993.0,10,12,30.0,2.3,纯商品住宅,70.0,住宅,1.2,6.591673732008658,7.225929394740412,5.545177444479562,4.222491727384414,3.8944519556201884,27.479724254233236,15,8.0,17.0,19.0,13.0,15.0,17.0
181423,袁井巷,杭州,39195.0,1993.0,8,8,30.0,1.8,纯商品住宅,70.0,住宅,1.0,6.238324625039507,7.225929394740412,5.991464547107982,3.9758506396608007,3.8277706729163725,27.259339879465074,18,7.0,17.0,18.0,11.0,19.0,19.0
219714,玄坛弄小区,杭州,37196.0,1989.0,7,33,30.0,2.6,纯商品住宅,70.0,住宅,4.714285714285714,6.591673732008658,7.08303336014054,5.8888779583328805,4.711102366666305,3.757483285265014,28.0321707024134,19,8.0,16.0,17.0,18.0,18.0,19.0
160506,新湖北国之春,杭州,33506.0,2004.0,7,11,30.0,2.4,纯商品住宅,70.0,住宅,1.5714285714285714,5.375278407684165,7.08303336014054,5.666426688112432,4.7931716376863855,3.683177347273081,26.601087440896602,17,5.0,16.0,16.0,19.0,16.0,17.0
160980,长兴苑小区,杭州,25767.0,2006.0,7,27,40.0,1.0,纯商品住宅,70.0,住宅,3.857142857142857,2.0794415416798357,6.412373393653842,4.1588830833596715,4.533141350489946,3.6043653389117156,20.78820470809501,15,1.0,12.0,15.0,16.0,7.0,14.0
219317,之江花园(公寓住宅),杭州,37497.0,2005.0,6,3,40.0,2.27,纯商品住宅,70.0,住宅,0.5,4.828313737302301,6.597643324038146,3.8918202981106265,4.533141350489946,3.683177347273081,23.5340960572141,14,4.0,13.0,16.0,16.0,6.0,18.0
160551,之江公寓(公寓住宅),杭州,34930.0,2005.0,7,8,40.0,2.27,纯商品住宅,70.0,住宅,1.1428571428571428,4.1588830833596715,6.412373393653842,3.58351893845611,4.7931716376863855,3.683177347273081,22.631124400429087,12,3.0,12.0,16.0,19.0,5.0,18.0
160251,长岛之春,杭州,26533.0,2005.0,29,14,40.0,2.0,纯商品住宅,70.0,住宅,0.4827586206896552,5.375278407684165,7.489330683884977,4.795790545596741,4.624594812633863,3.6043653389117156,25.889359788711463,15,5.0,19.0,15.0,17.0,10.0,15.0
826558,近江五园,杭州,45186.0,2000.0,19,21,35.0,1.7,纯商品住宅,70.0,住宅,1.105263157894737,6.238324625039507,7.08303336014054,5.8888779583328805,4.533141350489946,3.8944519556201884,27.63782924962306,18,7.0,16.0,19.0,16.0,18.0,18.0
911970,盛泰时代山,杭州,12083.0,2012.0,19,75,25.0,4.3,商办类,50.0,商住楼,3.9473684210526314,2.0794415416798357,6.770125502755525,3.8918202981106265,4.624594812633863,3.757483285265014,21.123465440444864,17,1.0,14.0,17.0,17.0,6.0,19.0
826220,闻潮尚庭,杭州,62915.0,2016.0,13,29,30.0,1.5,纯商品住宅,70.0,住宅,2.230769230769231,6.907755278982138,7.225929394740412,5.666426688112432,4.43614195558365,3.117263854637882,27.353517172056513,15,9.0,17.0,10.0,15.0,16.0,16.0
188962,宋浇造巷小区,杭州,50575.0,1992.0,1,15,20.0,1.0,纯商品住宅,70.0,住宅,15.0,6.238324625039507,7.361097447916101,5.780743515792329,4.7931716376863855,3.8277706729163725,28.001107899350693,16,7.0,18.0,18.0,19.0,17.0,19.0
497413,佳兆业玖珑山,杭州,31471.0,2014.0,31,11,30.0,1.77,纯商品住宅,70.0,住宅,0.3548387096774194,3.295836866004329,5.994738181995927,3.58351893845611,4.7931716376863855,3.5204652614328733,21.187730885575625,17,2.0,10.0,14.0,19.0,5.0,4.0
528704,湖漫雅筑,杭州,39840.0,2015.0,6,7,30.0,1.8,纯商品住宅,70.0,住宅,1.1666666666666667,4.1588830833596715,7.489330683884977,4.605170185988092,4.711102366666305,3.757483285265014,24.72196960516406,20,3.0,19.0,17.0,18.0,9.0,14.0
205375,观澜郡亭公寓(商住楼),杭州,37932.0,2008.0,3,22,31.0,4.09,商办类,50.0,商住楼,7.333333333333333,4.828313737302301,7.611306094308557,5.278114659230517,4.103918971938459,3.8944519556201884,25.716105418400023,17,4.0,20.0,19.0,12.0,13.0,19.0
191939,河畔花园,杭州,29755.0,2003.0,9,6,36.0,2.0,纯商品住宅,70.0,住宅,0.6666666666666666,4.828313737302301,7.08303336014054,4.605170185988092,4.222491727384414,3.683177347273081,24.422186358088425,15,4.0,16.0,16.0,13.0,9.0,15.0
190732,江枫苑,杭州,37586.0,2005.0,5,2,35.0,1.8,纯商品住宅,70.0,住宅,0.4,5.375278407684165,7.225929394740412,5.8888779583328805,4.624594812633863,3.683177347273081,26.797857920664402,18,5.0,17.0,16.0,17.0,18.0,16.0
217136,锦园小区,杭州,37194.0,1995.0,20,52,30.0,2.0,纯商品住宅,70.0,住宅,2.6,6.591673732008658,6.931471805599453,5.41610040220442,4.103918971938459,3.2303786447244005,26.273543556475392,12,8.0,15.0,11.0,12.0,14.0,15.0
826268,婺江家园一园,杭州,37308.0,2000.0,10,38,30.0,2.5,纯商品住宅,70.0,住宅,3.8,7.193685818395112,6.770125502755525,5.41610040220442,4.7931716376863855,3.5204652614328733,27.693548622474317,12,10.0,14.0,14.0,19.0,14.0,14.0
614569,金地申花里,杭州,35951.0,2016.0,10,3,30.0,2.3,纯商品住宅,70.0,住宅,0.3,4.1588830833596715,7.225929394740412,5.1298987149230735,4.7931716376863855,3.2303786447244005,24.53826147543394,15,3.0,17.0,11.0,19.0,12.0,13.0
265301,江南国美家园,杭州,43302.0,2007.0,2,6,38.0,2.1,纯商品住宅,70.0,住宅,3.0,4.1588830833596715,6.770125502755525,5.278114659230517,4.624594812633863,3.334434164699998,24.166152222679575,14,3.0,14.0,12.0,17.0,13.0,13.0
1100978,风荷锦庭(公寓住宅),杭州,17532.0,2021.0,68,67,30.0,2.0,纯商品住宅,70.0,住宅,0.9852941176470589,0.0,5.756462732485115,3.2188758248682006,4.7931716376863855,3.683177347273081,17.451687542312783,19,0.0,9.0,16.0,19.0,4.0,11.0
1274301,乐虹湾(公寓住宅),杭州,36977.0,2021.0,67,41,30.0,2.6,纯商品住宅,70.0,住宅,0.6119402985074627,3.295836866004329,5.756462732485115,3.8918202981106265,4.43614195558365,3.2303786447244005,20.610640496908122,11,2.0,9.0,11.0,15.0,6.0,8.0
793803,文澜雅苑,杭州,10900.0,2009.0,0,2,35.0,2.7,纯商品住宅,70.0,住宅,1.3333333333333333,3.295836866004329,6.931471805599453,5.666426688112432,4.871235900357477,3.8944519556201884,24.65942321569388,15,2.0,15.0,19.0,20.0,16.0,19.0
877750,滨江金茂府,杭州,104424.0,2016.0,66,17,35.0,2.5,纯商品住宅,70.0,住宅,0.25757575757575757,4.1588830833596715,6.770125502755525,4.394449154672439,4.43614195558365,3.430774528499836,23.19037422487112,13,3.0,14.0,13.0,15.0,8.0,12.0
346247,星桥桂花城,杭州,18363.0,2013.0,49,40,30.0,1.35,纯商品住宅,70.0,住宅,0.8163265306122449,3.295836866004329,6.412373393653842,3.58351893845611,4.222491727384414,3.757483285265014,21.271704210763705,17,2.0,12.0,17.0,13.0,5.0,10.0
1218302,上坤山语四季(公寓住宅),杭州,21507.0,2021.0,57,28,30.0,2.2,纯商品住宅,70.0,住宅,0.49122807017543857,3.295836866004329,7.489330683884977,3.8918202981106265,4.871235900357477,3.9578791690404502,23.506102917397858,17,2.0,19.0,20.0,20.0,6.0,8.0
1390348,滨江御滨府(公寓住宅),杭州,65171.0,2023.0,26,39,30.0,2.3,纯商品住宅,70.0,住宅,1.5,4.1588830833596715,7.361097447916101,4.795790545596741,4.533141350489946,3.6043653389117156,24.453277766274176,15,3.0,18.0,15.0,16.0,10.0,15.0
1003246,景瑞阳光城法兰公园(公寓住宅),杭州,17801.0,2020.0,65,41,30.0,2.2,纯商品住宅,70.0,住宅,0.6307692307692307,3.295836866004329,7.489330683884977,4.394449154672439,4.533141350489946,3.2303786447244005,22.94313669977609,14,2.0,19.0,11.0,16.0,8.0,9.0
826126,同仁家园金涛港,杭州,24400.0,2006.0,0,8,30.0,1.5,纯商品住宅,70.0,住宅,1.3333333333333333,5.375278407684165,7.225929394740412,5.545177444479562,4.43614195558365,3.6043653389117156,26.186892541399505,14,5.0,17.0,15.0,15.0,15.0,14.0
292253,清沁花苑,杭州,13113.0,2000.0,7,1,10.0,0.8,纯商品住宅,70.0,住宅,0.14285714285714285,4.828313737302301,7.489330683884977,5.780743515792329,4.332880321763536,3.8944519556201884,26.32572021436333,17,4.0,19.0,19.0,14.0,17.0,19.0
995819,钱江彩虹府,杭州,34212.0,2020.0,27,19,30.0,1.7,纯商品住宅,70.0,住宅,0.7037037037037037,4.1588830833596715,7.225929394740412,3.2188758248682006,4.711102366666305,3.8944519556201884,23.209242625254777,19,3.0,17.0,19.0,18.0,4.0,4.0
786761,万通时尚公馆(公寓住宅),杭州,29390.0,2017.0,22,34,30.0,3.0,纯商品住宅,70.0,住宅,1.5454545454545454,5.8377304471659395,7.361097447916101,3.8918202981106265,4.871235900357477,3.9578791690404502,25.919763262590592,16,6.0,18.0,20.0,20.0,6.0,16.0
938030,龙禧大酒店公寓,杭州,39706.0,2003.0,17,15,20.0,1.0,纯商品住宅,70.0,住宅,0.8823529411764706,4.828313737302301,7.361097447916101,4.969813299576001,4.624594812633863,3.8277706729163725,25.611589970344635,12,4.0,18.0,18.0,17.0,11.0,18.0
877715,美伦美郡(公寓住宅),杭州,12600.0,2013.0,0,1,30.0,2.0,纯商品住宅,70.0,住宅,1.3333333333333333,0.0,7.361097447916101,5.545177444479562,4.332880321763536,3.683177347273081,20.922332561432277,18,0.0,18.0,16.0,14.0,15.0,19.0
826831,绿城九龙仓柳岸晓风(公寓住宅),杭州,135892.0,2019.0,18,10,30.0,2.0,纯商品住宅,70.0,住宅,0.5555555555555556,4.1588830833596715,6.931471805599453,4.969813299576001,4.711102366666305,3.2303786447244005,24.001649199925833,14,3.0,15.0,11.0,18.0,11.0,9.0
621010,香山四季公馆,杭州,15453.0,2015.0,16,110,20.0,5.0,商办类,50.0,商住楼,6.875,3.295836866004329,7.08303336014054,3.58351893845611,4.332880321763536,3.2303786447244005,21.525648131088914,15,2.0,16.0,11.0,14.0,5.0,2.0
217621,苑中园,杭州,14260.0,2005.0,5,7,30.0,1.5,纯商品住宅,70.0,住宅,1.4,6.238324625039507,6.931471805599453,5.8888779583328805,4.711102366666305,3.9578791690404502,27.727655924678597,18,7.0,15.0,20.0,18.0,18.0,20.0
911967,新世界柏丽轩,杭州,11948.0,2000.0,14,10,30.0,1.9,商办类,50.0,商住楼,0.7142857142857143,4.1588830833596715,6.212266624470001,5.1298987149230735,4.332880321763536,2.5296831937719073,22.363611938288187,12,3.0,11.0,6.0,14.0,12.0,5.0
318424,新怡家园,杭州,21916.0,2000.0,6,6,36.0,2.5,纯商品住宅,70.0,住宅,1.0,3.295836866004329,7.225929394740412,4.795790545596741,4.7931716376863855,3.9578791690404502,24.068607613068316,17,2.0,17.0,20.0,19.0,10.0,13.0
826744,月欣花苑,杭州,7900.0,2009.0,1,46,30.0,1.2,纯商品住宅,70.0,住宅,46.0,2.0794415416798357,6.597643324038146,4.1588830833596715,4.624594812633863,3.9578791690404502,21.418441930751964,15,1.0,13.0,20.0,17.0,7.0,14.0
365466,绿城丁香公馆,杭州,18172.0,2011.0,8,8,50.0,1.56,纯商品住宅,70.0,住宅,1.0,4.1588830833596715,6.931471805599453,5.41610040220442,4.222491727384414,3.430774528499836,24.15972154704779,16,3.0,15.0,13.0,13.0,14.0,11.0
798570,北大资源未名府(公寓住宅),杭州,35218.0,2018.0,29,40,30.0,2.1,纯商品住宅,70.0,住宅,1.3793103448275863,4.1588830833596715,5.994738181995927,3.58351893845611,4.43614195558365,3.8944519556201884,22.067734115015547,18,3.0,10.0,19.0,15.0,5.0,19.0
160863,吴越山庄(公寓住宅),杭州,5500.0,2005.0,2,3,40.0,1.2,纯商品住宅,70.0,住宅,1.5,0.0,5.994738181995927,0.0,4.222491727384414,3.6043653389117156,13.821595248292056,13,0.0,10.0,15.0,13.0,0.0,4.0
825841,上石苑,杭州,19164.0,2000.0,9,4,30.0,2.0,纯商品住宅,70.0,住宅,0.4444444444444444,5.375278407684165,6.931471805599453,5.780743515792329,4.711102366666305,3.6043653389117156,26.402961434653964,17,5.0,15.0,15.0,18.0,17.0,20.0
826772,临平桂花城(南区公寓住宅),杭州,18183.0,2010.0,3,8,39.0,1.3,纯商品住宅,70.0,住宅,2.6666666666666665,4.828313737302301,7.361097447916101,4.969813299576001,4.222491727384414,3.117263854637882,24.4989800668167,15,4.0,18.0,10.0,13.0,11.0,16.0
825868,墩莳家园,杭州,18785.0,2015.0,17,21,30.0,2.0,保障/政策类住宅,70.0,住宅,1.2352941176470589,4.828313737302301,6.770125502755525,4.969813299576001,4.624594812633863,3.430774528499836,24.623621880767523,16,4.0,14.0,13.0,17.0,11.0,16.0
322364,新城花苑,杭州,17751.0,2005.0,14,10,20.0,1.47,纯商品住宅,70.0,住宅,0.7142857142857143,5.8377304471659395,7.08303336014054,5.666426688112432,4.7931716376863855,3.8277706729163725,27.208132806021666,17,6.0,16.0,18.0,19.0,16.0,20.0
826568,羊山公寓,杭州,11813.0,2012.0,3,47,35.0,2.0,纯商品住宅,70.0,住宅,15.666666666666666,0.0,5.493061443340549,3.8918202981106265,4.711102366666305,3.8944519556201884,17.99043606373767,18,0.0,8.0,19.0,18.0,6.0,10.0
802266,吉鸿家园东区和景苑,杭州,17479.0,1998.0,1,7,30.0,1.2,纯商品住宅,70.0,住宅,7.0,3.295836866004329,7.361097447916101,4.394449154672439,4.711102366666305,3.757483285265014,23.51996912052419,12,2.0,18.0,17.0,18.0,8.0,19.0
1055511,富力十号院,杭州,34194.0,2017.0,19,34,30.0,1.65,纯商品住宅,70.0,住宅,1.7894736842105263,4.1588830833596715,7.361097447916101,2.1972245773362196,4.222491727384414,2.7032740041837866,20.642970840180194,14,3.0,18.0,7.0,13.0,2.0,16.0
1189440,中城汇MIDTOWN(公寓住宅),杭州,48285.0,2021.0,21,15,30.0,2.6,纯商品住宅,70.0,住宅,0.7142857142857143,4.828313737302301,7.08303336014054,5.780743515792329,4.7931716376863855,3.9578791690404502,26.443141419962004,16,4.0,16.0,20.0,19.0,17.0,20.0
365132,学士桥小区,杭州,22820.0,2000.0,10,10,30.0,1.2,纯商品住宅,70.0,住宅,1.0,3.295836866004329,7.489330683884977,5.991464547107982,4.711102366666305,3.683177347273081,25.170911810936673,18,2.0,19.0,16.0,18.0,19.0,18.0
923735,恒鼎博邑郡,杭州,25562.0,2015.0,17,83,35.0,4.0,商办类,50.0,商住楼,4.882352941176471,3.295836866004329,6.597643324038146,3.8918202981106265,4.533141350489946,3.757483285265014,22.07592512390806,13,2.0,13.0,17.0,16.0,6.0,12.0
877764,之江家园四区,杭州,18622.0,2015.0,5,65,30.0,2.5,保障/政策类住宅,70.0,住宅,13.0,5.375278407684165,7.225929394740412,4.605170185988092,4.7931716376863855,3.8944519556201884,25.89400158171924,16,5.0,17.0,19.0,19.0,9.0,18.0
160147,滨江万家花城(一期),杭州,43737.0,2007.0,36,46,30.0,2.4,纯商品住宅,70.0,住宅,1.2777777777777777,5.375278407684165,6.770125502755525,5.545177444479562,4.222491727384414,3.9578791690404502,25.870952251344118,17,5.0,14.0,20.0,13.0,15.0,17.0
1216235,德信九溪云庄,杭州,81441.0,2021.0,16,7,30.0,1.5,纯商品住宅,70.0,住宅,0.4375,5.375278407684165,7.489330683884977,4.1588830833596715,4.711102366666305,3.8944519556201884,25.62904649721531,14,5.0,19.0,19.0,18.0,7.0,20.0
1315367,西溪永乐城(公寓住宅),杭州,31382.0,2016.0,6,28,30.0,2.5,纯商品住宅,70.0,住宅,4.666666666666667,5.8377304471659395,6.597643324038146,4.1588830833596715,4.711102366666305,3.757483285265014,25.062842506495077,18,6.0,13.0,17.0,18.0,7.0,19.0
1025599,西房余杭公馆,杭州,25830.0,2020.0,13,7,20.0,2.3,纯商品住宅,70.0,住宅,0.5384615384615384,2.0794415416798357,7.489330683884977,4.605170185988092,4.624594812633863,3.8277706729163725,22.62630789710314,19,1.0,19.0,18.0,17.0,9.0,15.0
825608,农药厂宿舍(闸弄口),杭州,27582.0,1986.0,0,3,20.0,2.5,纯商品住宅,70.0,住宅,1.3333333333333333,6.907755278982138,6.597643324038146,5.1298987149230735,4.624594812633863,3.757483285265014,27.017375415842235,11,9.0,13.0,17.0,17.0,12.0,12.0
659922,瑞达城市花苑,杭州,9354.0,2004.0,3,7,35.3,1.61,纯商品住宅,70.0,住宅,2.3333333333333335,0.0,7.489330683884977,3.2188758248682006,4.711102366666305,3.8944519556201884,19.31376083103967,17,0.0,19.0,19.0,18.0,4.0,19.0
1025606,融创金成江南府(公寓住宅),杭州,23118.0,2020.0,76,16,30.0,2.0,纯商品住宅,70.0,住宅,0.21052631578947367,2.0794415416798357,7.361097447916101,2.772588722239781,4.103918971938459,2.7032740041837866,19.020320687957962,12,1.0,18.0,7.0,12.0,3.0,2.0
1030045,嘉丰万悦城(南区),杭州,14771.0,2016.0,50,66,32.0,2.4,纯商品住宅,70.0,住宅,1.32,0.0,6.412373393653842,3.58351893845611,4.624594812633863,3.8277706729163725,18.44825781766019,17,0.0,12.0,18.0,17.0,5.0,12.0
826305,西溪北苑东区,杭州,21293.0,2008.0,5,10,26.0,2.5,保障/政策类住宅,70.0,住宅,2.0,4.1588830833596715,6.597643324038146,3.58351893845611,4.7931716376863855,3.683177347273081,22.81639433081339,18,3.0,13.0,16.0,19.0,5.0,18.0
173598,胡姬花园,杭州,21369.0,2005.0,18,11,36.0,2.2,纯商品住宅,70.0,住宅,0.6111111111111112,6.591673732008658,7.08303336014054,5.545177444479562,4.7931716376863855,3.8944519556201884,27.907508129935334,18,8.0,16.0,19.0,19.0,15.0,19.0
761437,凯文杭庄(公寓住宅),杭州,16034.0,2015.0,13,16,30.0,2.0,纯商品住宅,70.0,住宅,1.2307692307692308,3.295836866004329,7.361097447916101,5.41610040220442,4.711102366666305,3.757483285265014,24.54162036805617,17,2.0,18.0,17.0,18.0,14.0,14.0
1055900,和谐弄小区,杭州,22113.0,2000.0,5,2,30.0,1.2,纯商品住宅,70.0,住宅,0.4,4.1588830833596715,7.225929394740412,5.1298987149230735,4.871235900357477,3.683177347273081,25.069124440653713,19,3.0,17.0,16.0,20.0,12.0,19.0
826118,同城印象(西区),杭州,21938.0,2013.0,13,32,35.0,1.45,纯商品住宅,70.0,住宅,2.4615384615384617,2.0794415416798357,7.08303336014054,5.278114659230517,4.711102366666305,3.8277706729163725,22.979462600633568,19,1.0,16.0,18.0,18.0,13.0,20.0
409025,新都公园家,杭州,8759.0,2012.0,5,1,30.0,3.0,纯商品住宅,70.0,住宅,0.2,2.0794415416798357,7.225929394740412,5.278114659230517,3.9758506396608007,3.757483285265014,22.31681952057658,18,1.0,17.0,17.0,11.0,13.0,16.0
943059,景瑞申花壹号院,杭州,49919.0,2016.0,16,26,30.0,2.47,纯商品住宅,70.0,住宅,1.625,5.375278407684165,6.412373393653842,5.991464547107982,4.103918971938459,3.9578791690404502,25.840914489424897,16,5.0,12.0,20.0,12.0,19.0,18.0
913289,西溪润景,杭州,20238.0,2014.0,5,61,25.0,2.97,商办类,50.0,商住楼,12.2,3.295836866004329,6.597643324038146,3.58351893845611,4.43614195558365,3.5204652614328733,21.43360634551511,13,2.0,13.0,14.0,15.0,5.0,18.0
1074373,美丽春天府,杭州,14855.0,2017.0,7,9,30.0,2.5,纯商品住宅,70.0,住宅,1.2857142857142858,0.0,6.770125502755525,5.278114659230517,4.43614195558365,3.8277706729163725,20.312152790486063,16,0.0,14.0,18.0,15.0,13.0,16.0
1105919,国开东方凤凰台(公寓住宅),杭州,27022.0,2020.0,16,2,30.0,1.5,纯商品住宅,70.0,住宅,0.125,3.295836866004329,6.770125502755525,4.1588830833596715,4.103918971938459,3.6043653389117156,21.933129762969703,14,2.0,14.0,15.0,12.0,7.0,12.0
638484,上亿中央郡,杭州,18277.0,2016.0,8,10,20.0,3.0,纯商品住宅,70.0,住宅,1.25,4.1588830833596715,7.08303336014054,3.58351893845611,4.533141350489946,3.757483285265014,23.11606001771128,16,3.0,16.0,17.0,16.0,5.0,12.0
1201600,远洋路劲上河宸章,杭州,28080.0,2020.0,20,15,30.0,2.5,纯商品住宅,70.0,住宅,0.75,3.295836866004329,7.08303336014054,3.2188758248682006,4.533141350489946,3.9578791690404502,22.088766570543466,17,2.0,16.0,20.0,16.0,4.0,14.0
193433,花城名苑(西区),杭州,20726.0,2008.0,5,9,35.8,1.25,纯商品住宅,70.0,住宅,1.8,3.295836866004329,6.770125502755525,4.1588830833596715,4.711102366666305,3.683177347273081,22.619125166058915,18,2.0,14.0,16.0,18.0,7.0,14.0
1218280,碧桂园东旭府,杭州,18272.0,2020.0,76,68,30.0,2.5,纯商品住宅,70.0,住宅,0.8947368421052632,2.0794415416798357,4.023594781085251,3.8918202981106265,4.332880321763536,3.5204652614328733,17.848202204072123,11,1.0,4.0,14.0,14.0,6.0,3.0
877698,融创时代奥城,杭州,69877.0,2020.0,50,47,30.0,2.7,纯商品住宅,70.0,住宅,0.94,6.591673732008658,7.225929394740412,5.278114659230517,4.7931716376863855,3.8944519556201884,27.78334137928616,18,8.0,17.0,19.0,19.0,13.0,19.0
191637,力达易居时代,杭州,12914.0,2010.0,10,5,30.0,2.9,纯商品住宅,70.0,住宅,0.5,0.0,6.770125502755525,3.2188758248682006,4.533141350489946,3.8277706729163725,18.349913351030043,10,0.0,14.0,18.0,16.0,4.0,13.0
203165,良渚十六街区,杭州,11844.0,2006.0,3,2,27.8,2.56,商办类,50.0,商住楼,0.6666666666666666,3.295836866004329,7.225929394740412,2.772588722239781,4.711102366666305,3.430774528499836,21.43623187815066,17,2.0,17.0,13.0,18.0,3.0,16.0
189565,广德小区,杭州,23923.0,2002.0,20,24,40.0,1.7,纯商品住宅,70.0,住宅,1.2,5.375278407684165,7.08303336014054,5.666426688112432,4.711102366666305,3.6043653389117156,26.44020616151516,16,5.0,16.0,15.0,18.0,16.0,14.0
915870,钱塘航空大厦,杭州,25961.0,2012.0,13,13,40.0,2.8,商办类,50.0,商住楼,1.0,6.238324625039507,6.770125502755525,4.969813299576001,4.43614195558365,3.757483285265014,26.171888668219697,19,7.0,14.0,17.0,15.0,11.0,17.0
806475,万科江湾城,杭州,20576.0,2019.0,112,83,30.0,2.5,纯商品住宅,70.0,住宅,0.7410714285714286,2.0794415416798357,3.4657359027997265,3.2188758248682006,4.7931716376863855,3.757483285265014,17.31470819229916,10,1.0,3.0,17.0,19.0,4.0,3.0
1033632,华元欢乐城(商住楼),杭州,10252.0,2018.0,70,473,30.0,2.5,商办类,50.0,商住楼,6.757142857142857,0.0,2.7465307216702746,0.0,4.43614195558365,3.8944519556201884,11.077124632874114,5,0.0,2.0,19.0,15.0,0.0,1.0
1048398,红联九漾华庭西区,杭州,15671.0,2016.0,8,159,30.0,3.59,保障/政策类住宅,70.0,住宅,19.875,4.828313737302301,7.08303336014054,3.2188758248682006,4.711102366666305,3.8277706729163725,23.669095961893717,16,4.0,16.0,18.0,18.0,4.0,16.0
1017351,旭辉宝龙东湖城(公寓住宅),杭州,21605.0,2020.0,35,29,30.0,2.3,纯商品住宅,70.0,住宅,0.8285714285714286,3.295836866004329,5.994738181995927,3.2188758248682006,4.871235900357477,3.9578791690404502,21.338565942266385,18,2.0,10.0,20.0,20.0,4.0,11.0
916687,碧桂园深蓝国际中心,杭州,37643.0,2021.0,18,172,25.0,2.5,商办类,50.0,商住楼,9.555555555555555,5.375278407684165,6.597643324038146,3.58351893845611,4.711102366666305,3.757483285265014,24.025026322109742,15,5.0,13.0,17.0,18.0,5.0,11.0
825484,白马湖小区孔雀苑,杭州,23676.0,2009.0,9,47,35.0,1.6,纯商品住宅,70.0,住宅,5.222222222222222,2.0794415416798357,7.361097447916101,4.1588830833596715,4.624594812633863,3.8277706729163725,22.051787558505843,16,1.0,18.0,18.0,17.0,7.0,13.0
1187878,长吴公寓一区,杭州,17897.0,2005.0,1,21,30.0,2.5,纯商品住宅,70.0,住宅,21.0,4.828313737302301,7.08303336014054,3.58351893845611,4.43614195558365,3.683177347273081,23.614185338755682,17,4.0,16.0,16.0,15.0,5.0,15.0
792441,华元十六街区,杭州,12106.0,2006.0,18,195,19.0,4.0,商办类,50.0,商住楼,10.833333333333334,3.295836866004329,7.489330683884977,3.58351893845611,4.43614195558365,3.430774528499836,22.2356029724289,17,2.0,19.0,13.0,15.0,5.0,19.0
219224,燕子弄小区,杭州,36035.0,1989.0,5,37,26.0,1.5,纯商品住宅,70.0,住宅,7.4,7.193685818395112,7.611306094308557,5.8888779583328805,3.9758506396608007,3.334434164699998,28.004154675397352,11,10.0,20.0,12.0,11.0,18.0,14.0
1078509,北大资源颐和江南(公寓住宅),杭州,29429.0,2021.0,27,7,30.0,1.5,纯商品住宅,70.0,住宅,0.25925925925925924,2.0794415416798357,7.489330683884977,2.772588722239781,4.222491727384414,3.8944519556201884,20.458304630809195,15,1.0,19.0,19.0,13.0,3.0,10.0
369863,精欧荣寓,杭州,24250.0,2013.0,20,25,31.5,3.0,纯商品住宅,70.0,住宅,1.25,3.295836866004329,7.489330683884977,3.58351893845611,4.222491727384414,3.117263854637882,21.70844207036771,13,2.0,19.0,10.0,13.0,5.0,16.0
826738,鼎湖未来云城天禧,杭州,30769.0,2025.0,14,27,30.0,1.2,纯商品住宅,70.0,住宅,1.9285714285714286,5.8377304471659395,7.225929394740412,5.278114659230517,4.43614195558365,3.8277706729163725,26.60568712963689,18,6.0,17.0,18.0,15.0,13.0,19.0
191993,都市水乡水涟苑,杭州,24777.0,2008.0,5,23,25.0,1.6,纯商品住宅,70.0,住宅,4.6,4.1588830833596715,6.770125502755525,5.991464547107982,4.332880321763536,3.8277706729163725,25.081124127903088,16,3.0,14.0,18.0,14.0,19.0,17.0
218616,广瑞瑞城花园(公寓住宅),杭州,23525.0,2005.0,19,39,70.0,1.2,纯商品住宅,70.0,住宅,2.0526315789473686,3.295836866004329,7.08303336014054,2.1972245773362196,3.684136148790474,3.6043653389117156,19.86459629118328,14,2.0,16.0,15.0,9.0,2.0,8.0
826155,万科杭宸,杭州,34723.0,2018.0,57,37,30.0,2.2,纯商品住宅,70.0,住宅,0.6491228070175439,5.375278407684165,6.931471805599453,3.8918202981106265,4.7931716376863855,3.757483285265014,24.749225434345643,19,5.0,15.0,17.0,19.0,6.0,19.0
994879,新城都市丽景北苑(公寓住宅),杭州,20571.0,2001.0,12,3,35.0,1.5,纯商品住宅,70.0,住宅,0.25,4.828313737302301,7.611306094308557,5.41610040220442,4.711102366666305,3.8277706729163725,26.39459327339796,18,4.0,20.0,18.0,18.0,14.0,17.0
432261,名扬阁,杭州,19652.0,2009.0,5,17,31.0,1.2,纯商品住宅,70.0,住宅,3.4,2.0794415416798357,4.479398673070137,1.3862943611198906,3.684136148790474,3.6043653389117156,15.233636063572053,15,1.0,5.0,15.0,9.0,1.0,0.0
379783,和合财富中心佳苑,杭州,20726.0,2014.0,3,8,30.0,3.5,纯商品住宅,70.0,住宅,2.6666666666666665,5.8377304471659395,7.225929394740412,5.8888779583328805,4.624594812633863,3.8944519556201884,27.47158456849328,18,6.0,17.0,19.0,17.0,18.0,19.0
1076528,滨江碧桂园翡翠江南,杭州,45950.0,2021.0,35,12,30.0,2.5,纯商品住宅,70.0,住宅,0.34285714285714286,2.0794415416798357,7.361097447916101,4.795790545596741,4.624594812633863,3.757483285265014,22.618407633091554,18,1.0,18.0,17.0,17.0,10.0,14.0
160208,荣华里,杭州,23771.0,1986.0,24,14,10.0,0.4,纯商品住宅,70.0,住宅,0.5833333333333334,5.375278407684165,7.361097447916101,5.780743515792329,4.624594812633863,3.683177347273081,26.82489153129954,16,5.0,18.0,16.0,17.0,17.0,14.0
875368,北辰奥园(公寓住宅),杭州,23858.0,2018.0,50,31,30.0,2.8,纯商品住宅,70.0,住宅,0.62,4.1588830833596715,6.770125502755525,4.1588830833596715,4.43614195558365,2.99336062089226,22.51739424595078,15,3.0,14.0,9.0,15.0,7.0,5.0
189620,白鹭郡北,杭州,26562.0,2007.0,32,3,40.0,0.82,纯商品住宅,70.0,住宅,0.09375,0.0,6.412373393653842,1.3862943611198906,4.103918971938459,3.8277706729163725,15.730357399628563,18,0.0,12.0,18.0,12.0,1.0,1.0
826451,金地自在城栖霞居(公寓住宅),杭州,32509.0,2012.0,9,8,30.0,1.8,纯商品住宅,70.0,住宅,0.8888888888888888,4.1588830833596715,6.412373393653842,4.394449154672439,4.43614195558365,3.683177347273081,23.085024934542684,18,3.0,12.0,16.0,15.0,8.0,19.0
607407,金沙国际,杭州,13388.0,2016.0,23,84,25.0,4.7,商办类,50.0,商住楼,3.652173913043478,3.295836866004329,6.931471805599453,5.780743515792329,4.533141350489946,3.757483285265014,24.29867682315107,15,2.0,15.0,17.0,16.0,17.0,14.0
1071702,天阳蔚蓝,杭州,12195.0,2020.0,18,21,30.0,2.6,纯商品住宅,70.0,住宅,1.1666666666666667,2.0794415416798357,7.489330683884977,4.394449154672439,4.624594812633863,3.8277706729163725,22.415586865787485,20,1.0,19.0,18.0,17.0,8.0,16.0
178176,都市水乡水曲苑,杭州,22688.0,2008.0,24,13,25.0,2.1,纯商品住宅,70.0,住宅,0.5416666666666666,4.1588830833596715,6.931471805599453,6.089044875446846,4.624594812633863,3.8277706729163725,25.631765249956207,19,3.0,15.0,18.0,17.0,20.0,18.0
370094,金都西花庭,杭州,21735.0,2013.0,18,30,34.0,2.0,纯商品住宅,70.0,住宅,1.6666666666666667,2.0794415416798357,6.597643324038146,4.969813299576001,4.624594812633863,3.8277706729163725,22.099263650844218,17,1.0,13.0,18.0,17.0,11.0,17.0
160314,银河小区(公寓住宅),杭州,23686.0,1998.0,28,105,60.0,1.2,纯商品住宅,70.0,住宅,3.75,5.375278407684165,7.361097447916101,5.8888779583328805,4.533141350489946,3.8277706729163725,26.986165837339463,16,5.0,18.0,18.0,16.0,18.0,19.0
877972,融信学院府,杭州,53518.0,2017.0,33,35,30.0,2.6,纯商品住宅,70.0,住宅,1.0606060606060606,5.8377304471659395,6.412373393653842,5.8888779583328805,3.9758506396608007,3.757483285265014,25.872315724078476,17,6.0,12.0,17.0,11.0,18.0,19.0
1071963,万科玖望(公寓住宅),杭州,15455.0,2022.0,24,3,30.0,1.5,纯商品住宅,70.0,住宅,0.125,0.0,5.19860385419959,1.3862943611198906,4.533141350489946,3.8944519556201884,15.012491521429613,15,0.0,7.0,19.0,16.0,1.0,1.0
1024826,中庆润泽院,杭州,18169.0,2020.0,21,7,30.0,2.5,纯商品住宅,70.0,住宅,0.3333333333333333,3.295836866004329,7.08303336014054,5.1298987149230735,4.533141350489946,3.8277706729163725,23.86968096447426,17,2.0,16.0,18.0,16.0,12.0,14.0
825716,大家绿城金麟府,杭州,61852.0,2019.0,26,1,30.0,2.7,纯商品住宅,70.0,住宅,0.038461538461538464,5.8377304471659395,7.361097447916101,5.8888779583328805,4.7931716376863855,3.6043653389117156,27.48524283001302,19,6.0,18.0,15.0,19.0,18.0,17.0
1257872,宸铭府,杭州,32993.0,2006.0,6,104,30.0,2.5,保障/政策类住宅,70.0,住宅,17.333333333333332,6.238324625039507,7.611306094308557,5.8888779583328805,4.7931716376863855,3.334434164699998,27.866114480067328,18,7.0,20.0,12.0,19.0,18.0,18.0
825956,顺达花苑东区,杭州,14507.0,2012.0,18,223,26.0,3.7,纯商品住宅,70.0,住宅,12.38888888888889,3.295836866004329,7.361097447916101,4.394449154672439,4.624594812633863,3.5204652614328733,23.19644354265961,16,2.0,18.0,14.0,17.0,8.0,10.0
825613,潘水苑(南区),杭州,24374.0,2000.0,22,37,15.0,1.8,纯商品住宅,70.0,住宅,1.6818181818181819,4.828313737302301,6.931471805599453,5.666426688112432,4.222491727384414,3.8944519556201884,25.543155914018786,18,4.0,15.0,19.0,13.0,16.0,16.0
478837,公园城,杭州,11772.0,2013.0,1,10,30.0,2.0,纯商品住宅,70.0,住宅,10.0,0.0,7.611306094308557,1.3862943611198906,3.836632436477393,3.2303786447244005,16.06461153663024,15,0.0,20.0,11.0,10.0,1.0,1.0
369809,美好桂花溪园(北区),杭州,13587.0,2016.0,17,21,35.48,1.96,纯商品住宅,70.0,住宅,1.2352941176470589,0.0,6.212266624470001,2.1972245773362196,4.533141350489946,3.9578791690404502,16.900511721336617,15,0.0,11.0,20.0,16.0,2.0,7.0
178605,东田小城之春,杭州,18322.0,2008.0,10,15,30.5,1.5,纯商品住宅,70.0,住宅,1.5,3.295836866004329,7.225929394740412,5.1298987149230735,4.7931716376863855,3.8944519556201884,24.339288568974386,19,2.0,17.0,19.0,19.0,12.0,20.0
366286,西溪海悦海苑,杭州,22440.0,2016.0,8,6,33.95,2.0,纯商品住宅,70.0,住宅,0.75,0.0,6.931471805599453,3.2188758248682006,4.624594812633863,3.8944519556201884,18.669394398721703,16,0.0,15.0,19.0,17.0,4.0,4.0
609573,后珠辰秀嘉园(北区),杭州,17101.0,2008.0,16,12,30.0,2.73,保障/政策类住宅,70.0,住宅,0.75,2.0794415416798357,7.225929394740412,4.969813299576001,4.711102366666305,3.8277706729163725,22.814057275578925,18,1.0,17.0,18.0,18.0,11.0,17.0
433939,转塘家园(南区),杭州,18513.0,2010.0,2,42,48.0,2.0,保障/政策类住宅,70.0,住宅,21.0,5.375278407684165,7.611306094308557,3.58351893845611,4.7931716376863855,3.683177347273081,25.046452425408297,16,5.0,20.0,16.0,19.0,5.0,16.0
161011,蚕花园永兴坊,杭州,21126.0,2000.0,21,28,30.0,1.7,纯商品住宅,70.0,住宅,1.3333333333333333,5.375278407684165,7.08303336014054,5.8888779583328805,4.7931716376863855,3.683177347273081,26.823538711117052,19,5.0,16.0,16.0,19.0,18.0,19.0
477594,嘉信九悦印象,杭州,18995.0,2014.0,7,9,25.0,3.2,纯商品住宅,70.0,住宅,1.2857142857142858,5.8377304471659395,6.931471805599453,5.780743515792329,4.624594812633863,3.757483285265014,26.932023866456596,20,6.0,15.0,17.0,17.0,17.0,19.0
224210,中庆金沙学府,杭州,24341.0,2005.0,14,59,20.0,2.91,纯商品住宅,70.0,住宅,4.214285714285714,4.1588830833596715,7.489330683884977,3.2188758248682006,4.871235900357477,3.8944519556201884,23.632777448090515,16,3.0,19.0,19.0,20.0,4.0,20.0
826569,晶典公寓,杭州,21855.0,2000.0,8,19,30.0,1.2,纯商品住宅,70.0,住宅,2.375,2.0794415416798357,7.225929394740412,5.666426688112432,4.624594812633863,3.757483285265014,23.353875722431557,14,1.0,17.0,17.0,17.0,16.0,9.0
161179,新世纪花苑,杭州,22621.0,2002.0,24,15,35.0,1.2,纯商品住宅,70.0,住宅,0.625,4.1588830833596715,7.08303336014054,5.666426688112432,4.711102366666305,3.683177347273081,25.30262284555203,17,3.0,16.0,16.0,18.0,16.0,19.0
192159,钱神花苑,杭州,18900.0,2013.0,0,8,30.0,1.0,纯商品住宅,70.0,住宅,1.3333333333333333,5.8377304471659395,6.931471805599453,4.1588830833596715,4.871235900357477,3.757483285265014,25.556804521747555,16,6.0,15.0,17.0,20.0,7.0,18.0
825495,百合新城,杭州,12778.0,2017.0,5,5,38.0,2.5,纯商品住宅,70.0,住宅,1.0,0.0,6.412373393653842,4.605170185988092,4.43614195558365,3.6043653389117156,19.0580508741373,17,0.0,12.0,15.0,15.0,9.0,9.0
160707,三墩颐景园荷风苑(公寓住宅),杭州,29400.0,2005.0,1,2,33.0,1.3,纯商品住宅,70.0,住宅,2.0,5.375278407684165,7.225929394740412,5.780743515792329,4.7931716376863855,3.8944519556201884,27.06957491152348,18,5.0,17.0,19.0,19.0,17.0,18.0
826286,华源福临花苑,杭州,15272.0,2006.0,12,6,30.0,1.4,纯商品住宅,70.0,住宅,0.5,0.0,7.08303336014054,3.8918202981106265,4.711102366666305,3.757483285265014,19.443439310182484,18,0.0,16.0,17.0,18.0,6.0,17.0
160274,汇宇花园(公寓住宅),杭州,24739.0,2007.0,22,8,30.0,1.8,纯商品住宅,70.0,住宅,0.36363636363636365,2.0794415416798357,7.225929394740412,5.8888779583328805,4.7931716376863855,3.683177347273081,23.670597879712595,16,1.0,17.0,16.0,19.0,18.0,11.0
945744,融创未来海溪汀苑,杭州,30125.0,2019.0,22,8,30.0,2.0,纯商品住宅,70.0,住宅,0.36363636363636365,0.0,7.08303336014054,3.58351893845611,4.7931716376863855,3.8277706729163725,19.287494609199406,14,0.0,16.0,18.0,19.0,5.0,4.0
923412,禹洲滨之江,杭州,32926.0,2018.0,111,69,30.0,2.0,纯商品住宅,70.0,住宅,0.6216216216216216,3.295836866004329,5.19860385419959,2.1972245773362196,4.533141350489946,3.6043653389117156,18.8291719869418,15,2.0,7.0,15.0,16.0,2.0,1.0
160590,西溪锋尚,杭州,22190.0,2013.0,11,41,40.0,2.1,商办类,50.0,商住楼,3.727272727272727,4.1588830833596715,6.931471805599453,6.089044875446846,4.624594812633863,3.757483285265014,25.561477862304848,17,3.0,15.0,17.0,17.0,20.0,17.0
877755,迪凯运河印象,杭州,18760.0,2016.0,14,97,60.0,2.6,商办类,50.0,商住楼,6.928571428571429,4.1588830833596715,7.225929394740412,4.1588830833596715,4.7931716376863855,3.683177347273081,24.02004454641922,12,3.0,17.0,16.0,19.0,7.0,18.0
995993,东田怡丰城(商住楼),杭州,17575.0,2016.0,28,73,30.0,3.0,商办类,50.0,商住楼,2.607142857142857,4.828313737302301,6.770125502755525,3.58351893845611,4.332880321763536,3.8944519556201884,23.409290455897658,16,4.0,14.0,19.0,14.0,5.0,7.0
224920,京明凤凰家园,杭州,12529.0,2000.0,6,10,30.0,1.7,纯商品住宅,70.0,住宅,1.6666666666666667,2.0794415416798357,6.412373393653842,4.605170185988092,4.7931716376863855,3.9578791690404502,21.848035928048603,18,1.0,12.0,20.0,19.0,9.0,13.0
789465,南润名座,杭州,13547.0,2017.0,20,56,30.0,4.17,商办类,50.0,商住楼,2.8,3.295836866004329,7.08303336014054,3.8918202981106265,4.533141350489946,3.5204652614328733,22.324297136178316,16,2.0,16.0,14.0,16.0,6.0,6.0
160042,育才西苑,杭州,20904.0,2002.0,19,23,30.0,1.3,纯商品住宅,70.0,住宅,1.2105263157894737,4.828313737302301,7.08303336014054,5.991464547107982,4.871235900357477,3.8944519556201884,26.668499500528487,18,4.0,16.0,19.0,20.0,19.0,19.0
350909,九衡公寓,杭州,19012.0,2012.0,24,28,30.2,2.0,纯商品住宅,70.0,住宅,1.1666666666666667,3.295836866004329,7.225929394740412,3.2188758248682006,4.871235900357477,3.757483285265014,22.369361271235434,18,2.0,17.0,17.0,20.0,4.0,16.0
909732,蓝钻天成,杭州,27700.0,2015.0,5,369,25.0,4.0,商办类,50.0,商住楼,73.8,5.375278407684165,6.931471805599453,5.666426688112432,4.7931716376863855,3.8277706729163725,26.59411921199881,15,5.0,15.0,18.0,19.0,16.0,17.0
1424017,越秀景瑞悦见山,杭州,28657.0,2020.0,32,36,30.0,2.0,纯商品住宅,70.0,住宅,1.125,0.0,7.225929394740412,3.8918202981106265,4.332880321763536,3.6043653389117156,19.05499535352629,14,0.0,17.0,15.0,14.0,6.0,8.0
369827,水乡华庭,杭州,14610.0,2006.0,4,3,30.0,2.8,纯商品住宅,70.0,住宅,0.75,0.0,7.611306094308557,3.8918202981106265,4.871235900357477,3.683177347273081,20.05753964004974,19,0.0,20.0,16.0,20.0,6.0,20.0
1048135,海德公园,杭州,30224.0,2018.0,56,41,30.0,2.2,纯商品住宅,70.0,住宅,0.7321428571428571,4.1588830833596715,6.212266624470001,3.58351893845611,4.624594812633863,3.6043653389117156,22.18362879783136,16,3.0,11.0,15.0,17.0,5.0,14.0
800144,时间国际,杭州,21724.0,2016.0,13,78,25.0,3.0,商办类,50.0,商住楼,6.0,5.8377304471659395,6.931471805599453,5.780743515792329,4.624594812633863,3.8944519556201884,27.06899253681177,19,6.0,15.0,19.0,17.0,17.0,18.0
619462,中旅紫金名门,杭州,36230.0,2016.0,37,105,30.0,3.0,纯商品住宅,70.0,住宅,2.8378378378378377,4.1588830833596715,6.597643324038146,5.666426688112432,4.624594812633863,3.9578791690404502,25.005427077184564,16,3.0,13.0,20.0,17.0,16.0,16.0
993918,水韵康桥康盛苑,杭州,18107.0,2016.0,31,29,30.0,2.5,纯商品住宅,70.0,住宅,0.9354838709677419,4.828313737302301,6.770125502755525,3.58351893845611,4.103918971938459,3.6043653389117156,22.89024248936411,13,4.0,14.0,15.0,12.0,5.0,11.0
596962,元成东盛家园,杭州,20486.0,2012.0,17,14,15.6,4.52,纯商品住宅,70.0,住宅,0.8235294117647058,0.0,7.361097447916101,4.969813299576001,4.332880321763536,3.683177347273081,20.346968416528718,16,0.0,18.0,16.0,14.0,11.0,10.0
1025600,恒大水晶国际广场,杭州,36099.0,2018.0,96,84,30.0,2.0,纯商品住宅,70.0,住宅,0.875,4.1588830833596715,6.597643324038146,2.772588722239781,4.871235900357477,3.9578791690404502,22.358230199035525,19,3.0,13.0,20.0,20.0,3.0,6.0
191425,香榭里花园,杭州,23021.0,2003.0,17,21,35.0,3.0,纯商品住宅,70.0,住宅,1.2352941176470589,3.295836866004329,7.08303336014054,4.969813299576001,4.43614195558365,3.683177347273081,23.4680028285776,16,2.0,16.0,16.0,15.0,11.0,19.0
826323,西溪花园流芳苑,杭州,20060.0,2011.0,3,9,40.0,0.5,保障/政策类住宅,70.0,住宅,3.0,3.295836866004329,7.361097447916101,3.58351893845611,4.103918971938459,3.117263854637882,21.461636078952882,16,2.0,18.0,10.0,12.0,5.0,13.0
826691,玉城公寓,杭州,18523.0,2008.0,11,9,30.0,2.0,纯商品住宅,70.0,住宅,0.8181818181818182,3.295836866004329,7.489330683884977,2.772588722239781,4.711102366666305,3.683177347273081,21.952035986068474,17,2.0,19.0,16.0,18.0,3.0,16.0
488896,世纪嘉园,杭州,15945.0,2003.0,16,15,30.0,2.2,纯商品住宅,70.0,住宅,0.9375,0.0,0.0,0.0,4.871235900357477,3.8277706729163725,8.699006573273849,3,0.0,0.0,18.0,20.0,0.0,0.0
606218,莱茵知己(公寓住宅),杭州,16538.0,2015.0,23,7,30.0,2.0,纯商品住宅,70.0,住宅,0.30434782608695654,3.295836866004329,7.611306094308557,4.1588830833596715,4.533141350489946,3.757483285265014,23.356650679427517,14,2.0,20.0,17.0,16.0,7.0,9.0
1365370,中天珺府(北区公寓住宅),杭州,21541.0,2020.0,118,15,30.0,2.0,纯商品住宅,70.0,住宅,0.1271186440677966,2.0794415416798357,5.493061443340549,1.3862943611198906,4.43614195558365,3.9578791690404502,17.352818470764376,16,1.0,8.0,20.0,15.0,1.0,3.0
916691,集美岸上蓝山紫云苑,杭州,20762.0,2012.0,5,6,30.0,1.23,纯商品住宅,70.0,住宅,1.2,4.828313737302301,6.212266624470001,3.8918202981106265,4.624594812633863,3.6043653389117156,23.16136081142851,17,4.0,11.0,15.0,17.0,6.0,2.0
788033,爵士风情韵沁苑,杭州,12986.0,2011.0,8,35,35.0,1.03,纯商品住宅,70.0,住宅,4.375,0.0,7.225929394740412,3.58351893845611,4.7931716376863855,3.8277706729163725,19.430390643799278,20,0.0,17.0,18.0,19.0,5.0,15.0
825790,东岸嘉园二区,杭州,20283.0,2015.0,3,30,30.0,2.8,纯商品住宅,70.0,住宅,10.0,3.295836866004329,6.770125502755525,5.41610040220442,4.711102366666305,3.8277706729163725,24.020935810546952,17,2.0,14.0,18.0,18.0,14.0,17.0
995823,景瑞天赋,杭州,72184.0,2019.0,33,30,30.0,3.5,纯商品住宅,70.0,住宅,0.9090909090909091,6.238324625039507,7.611306094308557,5.545177444479562,4.624594812633863,3.6043653389117156,27.623768315373205,15,7.0,20.0,15.0,17.0,15.0,11.0
995004,东方俊园(东区),杭州,13111.0,2006.0,24,19,35.0,1.5,纯商品住宅,70.0,住宅,0.7916666666666666,4.1588830833596715,7.225929394740412,5.1298987149230735,4.624594812633863,3.2303786447244005,24.36968465038142,14,3.0,17.0,11.0,17.0,12.0,14.0
826803,龙潭小区,杭州,7100.0,2009.0,2,4,35.0,2.1,纯商品住宅,70.0,住宅,2.0,0.0,7.489330683884977,5.545177444479562,4.43614195558365,3.8277706729163725,21.298420756864562,19,0.0,19.0,18.0,15.0,15.0,15.0
225610,南江公寓,杭州,18645.0,2000.0,15,5,30.0,3.2,纯商品住宅,70.0,住宅,0.3333333333333333,4.828313737302301,6.770125502755525,5.545177444479562,4.624594812633863,3.757483285265014,25.525694782436265,16,4.0,14.0,17.0,17.0,15.0,18.0
160266,润达花园,杭州,21637.0,2000.0,26,32,29.0,2.7,纯商品住宅,70.0,住宅,1.2307692307692308,4.1588830833596715,7.08303336014054,5.991464547107982,4.533141350489946,3.5204652614328733,25.286987602531013,16,3.0,16.0,14.0,16.0,19.0,19.0
224958,广厦天都城天星苑,杭州,17166.0,2007.0,34,22,32.0,2.0,纯商品住宅,70.0,住宅,0.6470588235294118,4.828313737302301,6.597643324038146,3.8918202981106265,4.624594812633863,3.8277706729163725,23.77014284500131,17,4.0,13.0,18.0,17.0,6.0,4.0
1027548,紫云山庄(公寓住宅),杭州,18328.0,2005.0,36,4,60.0,1.2,纯商品住宅,70.0,住宅,0.1111111111111111,3.295836866004329,3.4657359027997265,1.3862943611198906,4.711102366666305,3.757483285265014,16.616452781855266,16,2.0,3.0,17.0,18.0,1.0,6.0
203873,建国南苑(北区),杭州,29620.0,1990.0,11,8,10.0,1.5,纯商品住宅,70.0,住宅,0.7272727272727273,6.907755278982138,7.361097447916101,5.8888779583328805,4.533141350489946,3.334434164699998,28.025306200421063,12,9.0,18.0,12.0,16.0,18.0,17.0
619140,元成时代中心(商住楼),杭州,13270.0,2013.0,15,94,28.0,4.0,商办类,50.0,商住楼,6.266666666666667,0.0,7.08303336014054,4.605170185988092,4.533141350489946,3.9578791690404502,20.179224065659028,16,0.0,16.0,20.0,16.0,9.0,9.0
303778,大成名座,杭州,16539.0,2010.0,8,122,35.4,1.79,商办类,50.0,商住楼,15.25,4.1588830833596715,6.931471805599453,5.41610040220442,4.222491727384414,3.6043653389117156,24.333312357459672,17,3.0,15.0,15.0,13.0,14.0,15.0
161151,书林苑,杭州,15056.0,2006.0,5,7,35.0,1.6,纯商品住宅,70.0,住宅,1.4,0.0,7.611306094308557,2.772588722239781,4.624594812633863,3.2303786447244005,18.2388682739066,14,0.0,20.0,11.0,17.0,3.0,15.0
177622,华宇家园,杭州,14552.0,2005.0,11,6,30.0,1.32,纯商品住宅,70.0,住宅,0.5454545454545454,3.295836866004329,7.361097447916101,5.991464547107982,4.332880321763536,3.8944519556201884,24.875731138412135,15,2.0,18.0,19.0,14.0,19.0,18.0
248058,宏丰家具城小区,杭州,10078.0,2008.0,9,54,35.0,1.5,商办类,50.0,商住楼,6.0,5.375278407684165,7.225929394740412,4.605170185988092,4.711102366666305,3.2303786447244005,25.147858999803372,15,5.0,17.0,11.0,18.0,9.0,10.0
795256,美丽湾,杭州,11537.0,1997.0,11,2,30.0,2.5,纯商品住宅,70.0,住宅,0.18181818181818182,2.0794415416798357,6.597643324038146,5.278114659230517,4.222491727384414,3.8277706729163725,22.005461925249286,16,1.0,13.0,18.0,13.0,13.0,17.0
826333,西溪庭院,杭州,16308.0,2007.0,3,30,35.0,1.6,保障/政策类住宅,70.0,住宅,10.0,5.375278407684165,7.08303336014054,3.8918202981106265,4.533141350489946,3.683177347273081,24.566450763698356,18,5.0,16.0,16.0,16.0,6.0,5.0
826304,西溪北苑北区,杭州,19206.0,2008.0,3,23,26.0,2.5,保障/政策类住宅,70.0,住宅,7.666666666666667,4.1588830833596715,6.597643324038146,3.2188758248682006,4.624594812633863,3.9578791690404502,22.557876213940332,18,3.0,13.0,20.0,17.0,4.0,19.0
217478,绿野春天家园(公寓住宅),杭州,16670.0,2009.0,17,22,35.2,1.47,纯商品住宅,70.0,住宅,1.2941176470588236,2.0794415416798357,6.412373393653842,1.3862943611198906,4.871235900357477,3.334434164699998,18.083779361511045,13,1.0,12.0,12.0,20.0,1.0,0.0
826455,新东名苑,杭州,22605.0,2011.0,5,11,30.0,2.0,纯商品住宅,70.0,住宅,2.2,3.295836866004329,6.770125502755525,3.8918202981106265,4.43614195558365,3.8944519556201884,22.28837657807432,17,2.0,14.0,19.0,15.0,6.0,15.0
410317,之江家园五区,杭州,19289.0,1999.0,4,23,12.0,1.2,保障/政策类住宅,70.0,住宅,5.75,5.375278407684165,7.361097447916101,3.8918202981106265,4.43614195558365,3.334434164699998,24.398772273994542,18,5.0,18.0,12.0,15.0,6.0,17.0
334770,亿丰蔚蓝郡,杭州,23539.0,2014.0,22,24,30.0,2.8,纯商品住宅,70.0,住宅,1.0909090909090908,3.295836866004329,5.19860385419959,3.2188758248682006,4.103918971938459,3.8277706729163725,19.645006189926953,17,2.0,7.0,18.0,12.0,4.0,10.0
938681,三花国际,杭州,16448.0,2019.0,4,120,15.0,3.5,商办类,50.0,商住楼,30.0,5.375278407684165,7.225929394740412,5.545177444479562,4.624594812633863,3.9578791690404502,26.72885922857845,17,5.0,17.0,20.0,17.0,15.0,17.0
826736,远东紫竹人家,杭州,17240.0,2000.0,10,28,37.0,1.58,纯商品住宅,70.0,住宅,2.8,3.295836866004329,6.770125502755525,4.969813299576001,4.624594812633863,3.8944519556201884,23.554822436589905,19,2.0,14.0,19.0,17.0,11.0,19.0
297940,云厦连园,杭州,38577.0,2010.0,25,56,30.6,1.8,纯商品住宅,70.0,住宅,2.24,5.375278407684165,6.931471805599453,4.394449154672439,4.103918971938459,3.9578791690404502,24.762997508934966,17,5.0,15.0,20.0,12.0,8.0,19.0
877850,绿城之江1号(西区),杭州,46794.0,2017.0,23,1,35.0,2.38,纯商品住宅,70.0,住宅,0.043478260869565216,2.0794415416798357,7.361097447916101,3.58351893845611,4.533141350489946,3.334434164699998,20.89163344324199,19,1.0,18.0,12.0,16.0,5.0,7.0
945745,西溪海星海苑,杭州,20872.0,2016.0,14,14,33.95,2.0,纯商品住宅,70.0,住宅,1.0,0.0,7.225929394740412,2.772588722239781,4.533141350489946,3.6043653389117156,18.136024806381855,17,0.0,17.0,15.0,16.0,3.0,5.0
826084,天阳棕榈湾(西区),杭州,16494.0,2006.0,38,9,35.0,1.32,纯商品住宅,70.0,住宅,0.23684210526315788,2.0794415416798357,6.770125502755525,4.1588830833596715,4.332880321763536,3.8277706729163725,21.16910112247494,15,1.0,14.0,18.0,14.0,7.0,8.0
826171,恒滕悦湖花苑,杭州,18407.0,2013.0,12,7,30.0,2.0,纯商品住宅,70.0,住宅,0.5833333333333334,4.1588830833596715,6.931471805599453,4.795790545596741,4.711102366666305,3.757483285265014,24.354731086487185,15,3.0,15.0,17.0,18.0,10.0,19.0
611820,山南人家,杭州,37649.0,2010.0,17,11,26.0,1.8,纯商品住宅,70.0,住宅,0.6470588235294118,4.1588830833596715,6.770125502755525,3.8918202981106265,4.711102366666305,3.757483285265014,23.289414536157143,17,3.0,14.0,17.0,18.0,6.0,18.0
232436,得力半岛花园(公寓住宅),杭州,24827.0,2009.0,18,24,40.13,1.6,纯商品住宅,70.0,住宅,1.3333333333333333,4.828313737302301,7.225929394740412,4.1588830833596715,4.624594812633863,3.5204652614328733,24.358186289469117,15,4.0,17.0,14.0,17.0,7.0,14.0
826557,近江四园,杭州,43906.0,2000.0,28,17,30.0,2.4,纯商品住宅,70.0,住宅,0.6071428571428571,5.375278407684165,6.931471805599453,5.8888779583328805,3.684136148790474,3.757483285265014,25.637247605671984,16,5.0,15.0,17.0,9.0,18.0,18.0
161121,金都雅苑(公寓住宅),杭州,25873.0,2006.0,9,9,43.0,0.8,纯商品住宅,70.0,住宅,1.0,4.828313737302301,6.412373393653842,4.605170185988092,4.871235900357477,3.9578791690404502,24.674972386342162,17,4.0,12.0,20.0,20.0,9.0,6.0
409035,金色时代,杭州,10343.0,2014.0,4,9,30.0,4.0,纯商品住宅,70.0,住宅,2.25,2.0794415416798357,6.931471805599453,5.545177444479562,4.533141350489946,3.9578791690404502,23.047111311289246,15,1.0,15.0,20.0,16.0,15.0,18.0
826447,金地自在城林溪里,杭州,30131.0,2012.0,16,11,30.0,1.8,纯商品住宅,70.0,住宅,0.6875,4.828313737302301,6.412373393653842,4.605170185988092,4.43614195558365,3.8944519556201884,24.17645122814807,20,4.0,12.0,19.0,15.0,9.0,16.0
826353,佳丰南苑,杭州,32566.0,2015.0,5,32,20.0,1.5,保障/政策类住宅,70.0,住宅,6.4,6.238324625039507,7.08303336014054,4.969813299576001,4.103918971938459,2.99336062089226,25.388450877586767,15,7.0,16.0,9.0,12.0,11.0,17.0
160733,皇亲苑,杭州,43484.0,1999.0,21,41,21.0,2.5,纯商品住宅,70.0,住宅,1.9523809523809523,6.591673732008658,7.08303336014054,5.545177444479562,4.624594812633863,3.8944519556201884,27.73893130488281,16,8.0,16.0,19.0,17.0,15.0,15.0
160534,凯旋新村(西区),杭州,46657.0,1993.0,6,30,30.0,0.78,纯商品住宅,70.0,住宅,5.0,7.193685818395112,7.361097447916101,5.991464547107982,3.9758506396608007,3.6043653389117156,28.12646379199171,15,10.0,18.0,15.0,11.0,19.0,14.0
161181,静怡花苑,杭州,29954.0,2003.0,20,16,30.0,1.5,纯商品住宅,70.0,住宅,0.8,7.4547199493640015,7.225929394740412,5.780743515792329,4.43614195558365,3.6043653389117156,28.501900154392107,17,11.0,17.0,15.0,15.0,17.0,17.0
160872,新华坊,杭州,35319.0,1997.0,15,69,26.0,2.3,纯商品住宅,70.0,住宅,4.6,6.907755278982138,7.225929394740412,5.8888779583328805,3.113456238488501,2.8563919505370854,25.992410821081013,12,9.0,17.0,8.0,6.0,18.0,19.0
659941,汉嘉申花郡,杭州,34754.0,2017.0,12,11,30.0,2.2,纯商品住宅,70.0,住宅,0.9166666666666666,5.375278407684165,7.361097447916101,5.8888779583328805,4.332880321763536,3.430774528499836,26.388908664196517,16,5.0,18.0,13.0,14.0,18.0,14.0
160094,官河公寓,杭州,25222.0,1996.0,8,14,20.0,2.5,纯商品住宅,70.0,住宅,1.75,4.1588830833596715,6.931471805599453,5.1298987149230735,4.624594812633863,3.8277706729163725,24.672619089432434,19,3.0,15.0,18.0,17.0,12.0,15.0
826027,瓜山佳苑,杭州,29882.0,2008.0,4,131,35.0,2.2,纯商品住宅,70.0,住宅,32.75,4.1588830833596715,7.225929394740412,5.41610040220442,4.624594812633863,3.334434164699998,24.759941857638367,17,3.0,17.0,12.0,17.0,14.0,16.0
178166,凤亭院,杭州,30247.0,1998.0,0,8,20.0,2.3,纯商品住宅,70.0,住宅,1.3333333333333333,5.8377304471659395,7.08303336014054,5.8888779583328805,4.871235900357477,3.8944519556201884,27.575329621617023,18,6.0,16.0,19.0,20.0,18.0,18.0
160891,拱宸新苑,杭州,29748.0,2005.0,12,24,60.0,1.8,纯商品住宅,70.0,住宅,2.0,5.8377304471659395,7.361097447916101,5.8888779583328805,4.711102366666305,3.6043653389117156,27.403173558992943,17,6.0,18.0,15.0,18.0,18.0,14.0
160359,通策广场(公寓住宅),杭州,39355.0,2005.0,18,19,40.0,2.2,纯商品住宅,70.0,住宅,1.0555555555555556,4.828313737302301,7.225929394740412,4.605170185988092,4.711102366666305,3.683177347273081,25.05369303197019,15,4.0,17.0,16.0,18.0,9.0,18.0
160079,铁岭花园,杭州,28379.0,2000.0,13,30,23.0,1.7,纯商品住宅,70.0,住宅,2.3076923076923075,5.375278407684165,6.931471805599453,4.795790545596741,4.222491727384414,3.6043653389117156,24.92939782517649,15,5.0,15.0,15.0,13.0,10.0,13.0
191861,天水巷小区,杭州,31000.0,1990.0,1,7,30.0,0.6,纯商品住宅,70.0,住宅,7.0,6.907755278982138,7.08303336014054,5.8888779583328805,4.624594812633863,3.683177347273081,28.1874387573625,17,9.0,16.0,16.0,17.0,18.0,17.0
346356,名仁家园,杭州,27834.0,2004.0,9,9,40.0,3.0,纯商品住宅,70.0,住宅,1.0,5.8377304471659395,7.08303336014054,5.41610040220442,4.103918971938459,3.6043653389117156,26.045148520361074,16,6.0,16.0,15.0,12.0,14.0,17.0
160557,朝晖六小区,杭州,31676.0,1986.0,28,175,30.0,2.0,纯商品住宅,70.0,住宅,6.25,6.238324625039507,7.225929394740412,5.41610040220442,3.5155593237379517,3.5204652614328733,25.916379007155165,13,7.0,17.0,14.0,8.0,14.0,12.0
794091,滨兴西苑,杭州,35767.0,2000.0,2,31,10.0,2.4,纯商品住宅,70.0,住宅,15.5,4.828313737302301,7.08303336014054,4.605170185988092,4.7931716376863855,3.430774528499836,24.740463449617152,17,4.0,16.0,13.0,19.0,9.0,14.0
785537,大同公寓,杭州,25918.0,2015.0,2,41,20.0,1.2,纯商品住宅,70.0,住宅,20.5,5.375278407684165,6.412373393653842,3.2188758248682006,3.9758506396608007,3.430774528499836,22.413152794366844,17,5.0,12.0,13.0,11.0,4.0,13.0
161028,采荷小区青莼邨,杭州,44430.0,1990.0,3,11,21.0,1.2,纯商品住宅,70.0,住宅,3.6666666666666665,7.4547199493640015,7.08303336014054,5.8888779583328805,4.7931716376863855,3.8944519556201884,29.114254861143994,15,11.0,16.0,19.0,19.0,18.0,15.0
191233,复兴东苑,杭州,33666.0,2003.0,16,12,27.0,1.2,纯商品住宅,70.0,住宅,0.75,4.1588830833596715,6.931471805599453,5.8888779583328805,4.7931716376863855,3.8944519556201884,25.666856440598576,17,3.0,15.0,19.0,19.0,18.0,19.0
170172,定安名都,杭州,86946.0,2005.0,5,1,20.0,1.2,纯商品住宅,70.0,住宅,0.2,5.8377304471659395,7.225929394740412,5.991464547107982,4.533141350489946,3.9578791690404502,27.546144908544726,18,6.0,17.0,20.0,16.0,19.0,19.0
177046,定海园,杭州,26555.0,2006.0,27,39,35.0,1.7,纯商品住宅,70.0,住宅,1.4444444444444444,5.375278407684165,7.08303336014054,5.780743515792329,4.624594812633863,3.8277706729163725,26.69142076916727,17,5.0,16.0,18.0,17.0,17.0,16.0
991988,美政花苑民航宿舍,杭州,40806.0,1999.0,4,16,35.0,2.0,纯商品住宅,70.0,住宅,4.0,3.295836866004329,6.931471805599453,4.969813299576001,4.624594812633863,3.8277706729163725,23.649487456730018,17,2.0,15.0,18.0,17.0,11.0,19.0
863448,世包国际中心,杭州,34246.0,2018.0,9,66,30.0,2.5,商办类,50.0,商住楼,7.333333333333333,6.238324625039507,6.770125502755525,5.545177444479562,4.103918971938459,3.683177347273081,26.340723891486135,17,7.0,14.0,16.0,12.0,15.0,17.0
808343,富力西溪悦墅,杭州,63624.0,2018.0,8,1,30.0,1.02,纯商品住宅,70.0,住宅,0.125,4.1588830833596715,7.361097447916101,2.1972245773362196,3.9758506396608007,2.8563919505370854,20.549447698809878,16,3.0,18.0,8.0,11.0,2.0,19.0
943026,祥生云浦新语,杭州,33283.0,2020.0,18,7,30.0,1.7,纯商品住宅,70.0,住宅,0.3888888888888889,4.1588830833596715,6.770125502755525,3.2188758248682006,4.533141350489946,3.8944519556201884,22.57547771709353,19,3.0,14.0,19.0,16.0,4.0,4.0
433822,迎春东苑,杭州,36061.0,2005.0,4,86,35.0,2.01,纯商品住宅,70.0,住宅,21.5,4.828313737302301,7.361097447916101,5.666426688112432,4.43614195558365,3.6043653389117156,25.8963451678262,18,4.0,18.0,15.0,15.0,16.0,17.0
160233,玄坛公寓,杭州,41337.0,2000.0,2,10,30.0,2.6,纯商品住宅,70.0,住宅,5.0,6.591673732008658,7.361097447916101,5.991464547107982,4.711102366666305,3.757483285265014,28.412821378964058,18,8.0,18.0,17.0,18.0,19.0,20.0
160729,怡静坊,杭州,36191.0,2000.0,6,7,30.0,1.8,纯商品住宅,70.0,住宅,1.1666666666666667,7.4547199493640015,7.361097447916101,5.1298987149230735,4.711102366666305,3.5204652614328733,28.177283740302357,17,11.0,18.0,14.0,18.0,12.0,17.0
249438,留和家苑,杭州,22801.0,2000.0,5,4,23.0,1.2,纯商品住宅,70.0,住宅,0.8,3.295836866004329,6.770125502755525,4.795790545596741,4.7931716376863855,3.8944519556201884,23.54937650766317,18,2.0,14.0,19.0,19.0,10.0,17.0
783119,绿城留香园,杭州,83341.0,2019.0,56,43,30.0,3.3,纯商品住宅,70.0,住宅,0.7678571428571429,6.238324625039507,7.225929394740412,5.1298987149230735,4.222491727384414,3.6043653389117156,26.42100980099912,13,7.0,17.0,15.0,13.0,12.0,12.0
825481,白马湖小区白鹤苑,杭州,26017.0,2008.0,3,83,30.0,1.8,纯商品住宅,70.0,住宅,27.666666666666668,4.1588830833596715,6.770125502755525,4.1588830833596715,4.43614195558365,3.334434164699998,22.858467789758517,16,3.0,14.0,12.0,15.0,7.0,11.0
1168984,婺江家园四园,杭州,44546.0,2013.0,2,1,30.0,2.5,纯商品住宅,70.0,住宅,0.5,6.907755278982138,6.412373393653842,5.666426688112432,4.222491727384414,3.430774528499836,26.639821616632663,17,9.0,12.0,13.0,13.0,16.0,16.0
781698,融科东南海,杭州,24295.0,2017.0,35,82,30.0,2.5,纯商品住宅,70.0,住宅,2.342857142857143,3.295836866004329,6.770125502755525,4.1588830833596715,4.711102366666305,3.9578791690404502,22.893826987826284,19,2.0,14.0,20.0,18.0,7.0,15.0
1218322,时代滨江悦,杭州,46308.0,2021.0,8,23,30.0,2.2,纯商品住宅,70.0,住宅,2.875,4.1588830833596715,6.770125502755525,5.1298987149230735,4.43614195558365,3.6043653389117156,24.099414595533638,15,3.0,14.0,15.0,15.0,12.0,19.0
296629,铭和苑柳翠坊,杭州,18940.0,2006.0,18,22,30.0,2.3,保障/政策类住宅,70.0,住宅,1.2222222222222223,3.295836866004329,7.225929394740412,5.8888779583328805,4.7931716376863855,3.9578791690404502,25.161695025804455,18,2.0,17.0,20.0,19.0,18.0,14.0
1078073,越秀星悦城(公寓住宅),杭州,11570.0,2020.0,99,134,30.0,2.5,纯商品住宅,70.0,住宅,1.3535353535353536,2.0794415416798357,6.597643324038146,2.1972245773362196,4.871235900357477,3.9578791690404502,19.703424512452127,17,1.0,13.0,20.0,20.0,2.0,11.0
370078,建境巧克力公馆,杭州,18433.0,2014.0,11,14,30.0,2.5,商办类,50.0,商住楼,1.2727272727272727,2.0794415416798357,6.412373393653842,3.58351893845611,4.7931716376863855,3.8944519556201884,20.76295746709636,14,1.0,12.0,19.0,19.0,5.0,2.0
524618,新南湖绿苑,杭州,12193.0,2012.0,8,27,38.0,1.8,纯商品住宅,70.0,住宅,3.375,2.0794415416798357,6.931471805599453,2.1972245773362196,4.222491727384414,3.2303786447244005,18.661008296724322,13,1.0,15.0,11.0,13.0,2.0,6.0
826739,远洋公馆(东区),杭州,62998.0,2000.0,18,4,30.0,2.6,纯商品住宅,70.0,住宅,0.2222222222222222,5.8377304471659395,6.770125502755525,5.666426688112432,4.533141350489946,3.8277706729163725,26.635194661440213,18,6.0,14.0,18.0,16.0,16.0,18.0
877904,小北门小区,杭州,35848.0,1992.0,5,28,20.0,1.2,纯商品住宅,70.0,住宅,5.6,6.907755278982138,7.08303336014054,5.991464547107982,4.533141350489946,3.683177347273081,28.198571883993683,16,9.0,16.0,16.0,16.0,19.0,16.0
205388,麒麟街小区,杭州,50500.0,1988.0,1,8,30.0,2.64,纯商品住宅,70.0,住宅,8.0,6.238324625039507,6.412373393653842,5.545177444479562,4.43614195558365,3.8277706729163725,26.459788091672934,19,7.0,12.0,18.0,15.0,15.0,18.0
952866,环秀府,杭州,42394.0,2019.0,56,29,30.0,2.4,纯商品住宅,70.0,住宅,0.5178571428571429,4.1588830833596715,7.08303336014054,3.2188758248682006,4.332880321763536,3.430774528499836,22.224447118631783,18,3.0,16.0,13.0,14.0,4.0,14.0
792522,万科星空,杭州,42759.0,2018.0,23,27,30.0,2.01,纯商品住宅,70.0,住宅,1.173913043478261,5.375278407684165,7.08303336014054,3.2188758248682006,4.7931716376863855,3.6043653389117156,24.074724569291007,18,5.0,16.0,15.0,19.0,4.0,17.0
911314,恒隆广场,杭州,13392.0,2018.0,9,33,30.0,4.4,商办类,50.0,商住楼,3.6666666666666665,5.8377304471659395,7.225929394740412,5.278114659230517,4.103918971938459,3.8944519556201884,26.340145428695514,13,6.0,17.0,19.0,12.0,13.0,19.0
943024,祥生群贤府(公寓住宅),杭州,23719.0,2019.0,59,31,30.0,2.0,纯商品住宅,70.0,住宅,0.5254237288135594,4.1588830833596715,7.225929394740412,2.1972245773362196,4.711102366666305,3.8277706729163725,22.12091009501898,11,3.0,17.0,18.0,18.0,2.0,10.0
160493,怡景花城(公寓住宅),杭州,17649.0,2004.0,9,15,40.0,1.0,纯商品住宅,70.0,住宅,1.6666666666666667,4.828313737302301,5.756462732485115,4.394449154672439,4.624594812633863,3.6043653389117156,23.208185776005433,14,4.0,9.0,15.0,17.0,8.0,7.0
994925,宋都东郡国际锦湾,杭州,19206.0,2016.0,14,33,30.0,2.2,纯商品住宅,70.0,住宅,2.357142857142857,2.0794415416798357,7.361097447916101,2.1972245773362196,4.711102366666305,3.683177347273081,20.03204328087154,16,1.0,18.0,16.0,18.0,2.0,1.0
1048132,东原印未来,杭州,48468.0,2019.0,25,27,30.0,2.2,纯商品住宅,70.0,住宅,1.08,5.375278407684165,7.08303336014054,3.8918202981106265,4.533141350489946,3.8277706729163725,24.711044089341648,19,5.0,16.0,18.0,16.0,6.0,19.0
613323,中大银泰城公寓,杭州,18013.0,2015.0,41,234,10.0,5.0,商办类,50.0,商住楼,5.7073170731707314,5.8377304471659395,7.08303336014054,5.8888779583328805,4.711102366666305,3.9578791690404502,27.478623301346115,18,6.0,16.0,20.0,18.0,18.0,17.0
160022,城南家园,杭州,34675.0,2003.0,27,25,30.0,2.5,纯商品住宅,70.0,住宅,0.9259259259259259,5.375278407684165,7.361097447916101,5.991464547107982,4.103918971938459,3.2303786447244005,26.062138019371105,17,5.0,18.0,11.0,12.0,19.0,16.0
825585,缤纷东苑,杭州,39784.0,2006.0,5,40,34.0,2.31,保障/政策类住宅,70.0,住宅,8.0,4.828313737302301,7.08303336014054,3.8918202981106265,4.103918971938459,3.430774528499836,23.337860895991763,17,4.0,16.0,13.0,12.0,6.0,12.0
216666,潮鸣苑,杭州,35570.0,1998.0,11,52,37.0,1.0,纯商品住宅,70.0,住宅,4.7272727272727275,6.591673732008658,7.225929394740412,5.780743515792329,3.684136148790474,3.5204652614328733,26.802948052764748,11,8.0,17.0,14.0,9.0,17.0,11.0
160116,采荷小区芙蓉邨,杭州,45793.0,1988.0,11,11,21.0,1.2,纯商品住宅,70.0,住宅,1.0,7.193685818395112,7.225929394740412,5.780743515792329,3.5155593237379517,3.6043653389117156,27.320283391577522,17,10.0,17.0,15.0,8.0,17.0,15.0
182210,滨河公寓,杭州,38557.0,2003.0,3,3,10.0,0.6,纯商品住宅,70.0,住宅,1.0,6.907755278982138,6.770125502755525,5.545177444479562,4.7931716376863855,3.430774528499836,27.447004392403446,16,9.0,14.0,13.0,19.0,15.0,18.0
160566,三坝雅苑,杭州,43397.0,2007.0,2,21,25.0,1.5,纯商品住宅,70.0,住宅,10.5,4.1588830833596715,6.597643324038146,5.666426688112432,4.43614195558365,3.9578791690404502,24.81697422013435,12,3.0,13.0,20.0,15.0,16.0,18.0
187215,凤凰北苑,杭州,44825.0,2009.0,40,33,30.0,1.22,纯商品住宅,70.0,住宅,0.825,4.828313737302301,6.770125502755525,5.545177444479562,4.332880321763536,3.430774528499836,24.90727153480076,15,4.0,14.0,13.0,14.0,15.0,16.0
160447,凤起苑,杭州,36821.0,1999.0,9,6,50.0,1.7,纯商品住宅,70.0,住宅,0.6666666666666666,6.238324625039507,6.597643324038146,5.8888779583328805,3.684136148790474,3.2303786447244005,25.639360700925405,11,7.0,13.0,11.0,9.0,18.0,13.0
193638,屏风苑小区,杭州,42277.0,1998.0,12,25,25.0,2.1,纯商品住宅,70.0,住宅,2.0833333333333335,6.591673732008658,7.225929394740412,5.780743515792329,4.711102366666305,3.683177347273081,27.992626356480784,18,8.0,17.0,16.0,18.0,17.0,20.0
160465,东河锦园,杭州,44698.0,2000.0,2,1,43.0,2.54,纯商品住宅,70.0,住宅,0.5,7.193685818395112,7.225929394740412,5.991464547107982,4.103918971938459,3.430774528499836,27.9457732606818,14,10.0,17.0,13.0,12.0,19.0,16.0
160971,清泰小区,杭州,43212.0,1997.0,15,5,20.0,1.3,纯商品住宅,70.0,住宅,0.3333333333333333,6.907755278982138,7.225929394740412,5.8888779583328805,4.103918971938459,3.6043653389117156,27.730846942905604,17,9.0,17.0,15.0,12.0,18.0,12.0
1260474,花园岗和苑(公寓住宅),杭州,24600.0,2012.0,1,2,30.0,1.2,保障/政策类住宅,70.0,住宅,2.0,4.828313737302301,7.361097447916101,5.545177444479562,4.533141350489946,3.8944519556201884,26.162181935808096,13,4.0,18.0,19.0,16.0,15.0,11.0
867356,百汇中心,杭州,14130.0,2000.0,12,10,35.0,1.36,商办类,50.0,商住楼,0.8333333333333334,2.0794415416798357,6.931471805599453,4.394449154672439,4.103918971938459,3.757483285265014,21.2667647591552,18,1.0,15.0,17.0,12.0,8.0,17.0
826099,汀洲花苑(南区),杭州,12484.0,2012.0,1,36,30.0,3.5,纯商品住宅,70.0,住宅,36.0,4.828313737302301,7.225929394740412,5.545177444479562,4.711102366666305,3.8944519556201884,26.204974898808768,16,4.0,17.0,19.0,18.0,15.0,12.0
790217,中天珺府(别墅),杭州,11364.0,2016.0,10,1,30.0,0.5,纯商品住宅,70.0,别墅,0.1,2.0794415416798357,5.994738181995927,1.3862943611198906,4.7931716376863855,3.8944519556201884,18.148097678102225,18,1.0,10.0,19.0,19.0,1.0,7.0
863105,绿城桃源小镇依云邨,杭州,17052.0,2008.0,20,22,30.0,2.5,纯商品住宅,70.0,住宅,1.1,0.0,6.412373393653842,3.2188758248682006,3.9758506396608007,3.757483285265014,17.364583143447856,16,0.0,12.0,17.0,11.0,4.0,4.0
160597,赞成荆山翠谷(公寓住宅),杭州,20816.0,2004.0,8,11,35.0,0.67,纯商品住宅,70.0,住宅,1.375,5.375278407684165,7.361097447916101,3.8918202981106265,4.222491727384414,2.7032740041837866,23.55396188527909,18,5.0,18.0,7.0,13.0,6.0,8.0
1218291,越秀星汇花园东区,杭州,9527.0,2012.0,37,56,30.0,2.5,纯商品住宅,70.0,住宅,1.5135135135135136,2.0794415416798357,6.412373393653842,2.1972245773362196,4.7931716376863855,3.8944519556201884,19.37666310597647,14,1.0,12.0,19.0,19.0,2.0,16.0
1027690,和家园翰园,杭州,33944.0,2013.0,6,9,35.0,1.72,纯商品住宅,70.0,住宅,1.5,2.0794415416798357,7.361097447916101,4.394449154672439,4.103918971938459,2.5296831937719073,20.468590309978744,19,1.0,18.0,6.0,12.0,8.0,16.0
807434,艺尚里,杭州,17641.0,2018.0,2,23,30.0,2.73,纯商品住宅,70.0,住宅,11.5,6.238324625039507,7.361097447916101,3.8918202981106265,4.332880321763536,3.683177347273081,25.50730004010285,16,7.0,18.0,16.0,14.0,6.0,18.0
641301,都市阳光嘉苑,杭州,20591.0,2010.0,33,31,30.0,3.0,纯商品住宅,70.0,住宅,0.9393939393939394,4.828313737302301,7.225929394740412,5.1298987149230735,4.332880321763536,3.8277706729163725,25.344792841645695,16,4.0,17.0,18.0,14.0,12.0,15.0
160812,郁金香岸(公寓住宅),杭州,25516.0,2009.0,48,64,35.0,1.52,纯商品住宅,70.0,住宅,1.3333333333333333,4.1588830833596715,4.479398673070137,2.772588722239781,4.533141350489946,3.8277706729163725,19.771782502075908,13,3.0,5.0,18.0,16.0,3.0,8.0
160951,万家花园,杭州,34494.0,2000.0,70,93,41.0,1.59,纯商品住宅,70.0,住宅,1.3285714285714285,6.907755278982138,7.361097447916101,5.666426688112432,4.711102366666305,3.334434164699998,27.98081594637697,15,9.0,18.0,12.0,18.0,16.0,18.0
234038,人和家园,杭州,16974.0,2005.0,28,33,50.0,1.42,保障/政策类住宅,70.0,住宅,1.1785714285714286,4.1588830833596715,7.08303336014054,4.969813299576001,4.711102366666305,3.8944519556201884,24.817284065362703,19,3.0,16.0,19.0,18.0,11.0,20.0
503874,复地上城,杭州,22392.0,2014.0,26,23,30.0,1.8,纯商品住宅,70.0,住宅,0.8846153846153846,4.1588830833596715,6.770125502755525,3.2188758248682006,3.9758506396608007,3.5204652614328733,21.644200312077075,12,3.0,14.0,14.0,11.0,4.0,10.0
369955,杭州碧桂园(公寓住宅),杭州,16870.0,2014.0,63,84,30.0,2.9,纯商品住宅,70.0,住宅,1.3333333333333333,0.0,4.023594781085251,0.0,3.3271064666877375,3.6043653389117156,10.955066586684705,10,0.0,4.0,15.0,7.0,0.0,0.0
528280,众安白马山庄(公寓住宅),杭州,19702.0,2015.0,11,10,30.13,1.29,纯商品住宅,70.0,住宅,0.9090909090909091,4.828313737302301,7.611306094308557,3.58351893845611,4.624594812633863,3.757483285265014,24.405216867965844,15,4.0,20.0,17.0,17.0,5.0,2.0
160453,东方俊园(西区),杭州,14019.0,2006.0,21,2,35.0,1.5,纯商品住宅,70.0,住宅,0.09523809523809523,4.1588830833596715,7.361097447916101,5.545177444479562,4.711102366666305,3.683177347273081,25.459437689694717,16,3.0,18.0,16.0,18.0,15.0,15.0
160372,奥兰多小镇(公寓住宅),杭州,23860.0,2006.0,21,56,27.0,0.55,纯商品住宅,70.0,住宅,2.6666666666666665,3.295836866004329,6.597643324038146,4.394449154672439,4.222491727384414,2.8563919505370854,21.36681302263641,15,2.0,13.0,8.0,13.0,8.0,6.0
470980,中铁逸都,杭州,17299.0,2014.0,43,87,30.0,2.2,纯商品住宅,70.0,住宅,2.0232558139534884,4.1588830833596715,7.361097447916101,5.545177444479562,3.9758506396608007,3.5204652614328733,24.561473876849007,16,3.0,18.0,14.0,11.0,15.0,14.0
826278,西房云溪香山(南区),杭州,24168.0,2008.0,39,26,35.0,1.8,纯商品住宅,70.0,住宅,0.6666666666666666,4.828313737302301,7.489330683884977,4.394449154672439,4.624594812633863,3.9578791690404502,25.29456755753403,17,4.0,19.0,20.0,17.0,8.0,13.0
806213,富春江南,杭州,8661.0,2016.0,2,7,30.0,2.5,纯商品住宅,70.0,住宅,3.5,0.0,6.931471805599453,2.772588722239781,4.624594812633863,3.9578791690404502,18.286534509513547,19,0.0,15.0,20.0,17.0,3.0,12.0
597679,富力西溪悦居(公寓住宅),杭州,33610.0,2016.0,25,13,30.0,2.0,纯商品住宅,70.0,住宅,0.52,6.238324625039507,6.931471805599453,3.58351893845611,4.871235900357477,3.683177347273081,25.307728616725626,14,7.0,15.0,16.0,20.0,5.0,18.0
826456,金色钱塘(南区),杭州,32653.0,2009.0,13,10,20.0,2.15,纯商品住宅,70.0,住宅,0.7692307692307693,5.375278407684165,7.08303336014054,5.278114659230517,4.103918971938459,3.334434164699998,25.17477956369368,15,5.0,16.0,12.0,12.0,13.0,15.0
369928,德圣博奥城,杭州,37820.0,2013.0,26,31,30.0,2.5,纯商品住宅,70.0,住宅,1.1923076923076923,5.375278407684165,6.412373393653842,5.278114659230517,4.43614195558365,3.5204652614328733,25.02237367758505,11,5.0,12.0,14.0,15.0,13.0,15.0
580034,玲珑府(公寓住宅),杭州,51873.0,2015.0,35,44,30.0,3.8,纯商品住宅,70.0,住宅,1.2571428571428571,4.828313737302301,6.770125502755525,4.969813299576001,4.624594812633863,3.757483285265014,24.9503306375327,17,4.0,14.0,17.0,17.0,11.0,17.0
952860,新城香悦公馆(公寓住宅),杭州,31018.0,2019.0,79,28,30.0,2.5,纯商品住宅,70.0,住宅,0.35443037974683544,4.1588830833596715,6.597643324038146,4.969813299576001,4.43614195558365,3.757483285265014,23.919964947822482,17,3.0,13.0,17.0,15.0,11.0,15.0
379788,赞成檀府(公寓住宅),杭州,18272.0,2014.0,50,47,30.0,2.2,纯商品住宅,70.0,住宅,0.94,3.295836866004329,7.489330683884977,5.1298987149230735,4.624594812633863,3.757483285265014,24.297144362711254,17,2.0,19.0,17.0,17.0,12.0,15.0
610236,滨江万家名城(北区),杭州,30118.0,2016.0,26,24,30.0,2.5,纯商品住宅,70.0,住宅,0.9230769230769231,4.1588830833596715,7.361097447916101,4.394449154672439,4.871235900357477,3.9578791690404502,24.743544755346136,16,3.0,18.0,20.0,20.0,8.0,19.0
369988,金帝海珀华庭,杭州,19452.0,2016.0,23,32,33.0,2.4,纯商品住宅,70.0,住宅,1.391304347826087,4.1588830833596715,7.08303336014054,5.41610040220442,4.624594812633863,3.8277706729163725,25.11038233125487,15,3.0,16.0,18.0,17.0,14.0,11.0
160901,翠苑三区(东区),杭州,29012.0,1990.0,80,145,30.0,0.8,纯商品住宅,70.0,住宅,1.8125,6.238324625039507,6.931471805599453,5.545177444479562,4.222491727384414,3.757483285265014,26.694948887767953,14,7.0,15.0,17.0,13.0,15.0,14.0
370110,理想康城一品,杭州,32429.0,2014.0,34,17,35.0,3.59,纯商品住宅,70.0,住宅,0.5,5.375278407684165,6.597643324038146,5.278114659230517,4.711102366666305,3.757483285265014,25.71962204288415,17,5.0,13.0,17.0,18.0,13.0,16.0
657466,莱茵传奇园,杭州,44947.0,2016.0,19,15,30.03,2.2,纯商品住宅,70.0,住宅,0.7894736842105263,5.8377304471659395,7.225929394740412,5.41610040220442,4.624594812633863,3.8277706729163725,26.932125729661006,17,6.0,17.0,18.0,17.0,14.0,16.0
369860,德信早城,杭州,30898.0,2011.0,61,106,30.0,2.8,纯商品住宅,70.0,住宅,1.7377049180327868,4.1588830833596715,6.597643324038146,5.41610040220442,4.7931716376863855,3.8944519556201884,24.86025040290881,16,3.0,13.0,19.0,19.0,14.0,14.0
619585,滨江金色江南,杭州,49723.0,2016.0,31,60,30.0,2.5,纯商品住宅,70.0,住宅,1.935483870967742,5.8377304471659395,7.08303336014054,5.780743515792329,4.103918971938459,3.757483285265014,26.562909580302282,15,6.0,16.0,17.0,12.0,17.0,18.0
650514,嘉丰万悦城(北区),杭州,13748.0,2016.0,28,84,32.0,2.4,纯商品住宅,70.0,住宅,3.0,0.0,6.412373393653842,3.58351893845611,4.533141350489946,3.9578791690404502,18.486912851640348,16,0.0,12.0,20.0,16.0,5.0,14.0
370090,湖山帝景湾(北苑公寓住宅),杭州,16525.0,2012.0,37,65,31.37,2.09,纯商品住宅,70.0,住宅,1.7567567567567568,3.295836866004329,5.994738181995927,4.1588830833596715,4.7931716376863855,3.683177347273081,21.925807116319394,15,2.0,10.0,16.0,19.0,7.0,18.0
1168536,新视界公寓,杭州,16459.0,2022.0,63,16,30.0,2.5,纯商品住宅,70.0,住宅,0.25396825396825395,3.295836866004329,6.770125502755525,2.772588722239781,4.7931716376863855,3.8944519556201884,21.52617468430621,18,2.0,14.0,19.0,19.0,3.0,6.0
868300,金帝海珀雅苑,杭州,19761.0,2016.0,47,28,33.0,2.4,纯商品住宅,70.0,住宅,0.5957446808510638,3.295836866004329,7.08303336014054,4.394449154672439,4.871235900357477,3.9578791690404502,23.602434450215235,14,2.0,16.0,20.0,20.0,8.0,10.0
476572,顺发江南丽锦,杭州,38841.0,2014.0,19,31,30.0,3.0,纯商品住宅,70.0,住宅,1.631578947368421,5.375278407684165,6.770125502755525,5.545177444479562,4.711102366666305,3.683177347273081,26.084861068858636,18,5.0,14.0,16.0,18.0,15.0,17.0
271325,金盛曼城,杭州,28563.0,2011.0,40,72,35.0,2.1,纯商品住宅,70.0,住宅,1.8,4.828313737302301,7.489330683884977,3.8918202981106265,4.533141350489946,3.8277706729163725,24.570376742704223,16,4.0,19.0,18.0,16.0,6.0,15.0
191502,九曲营小区,杭州,13039.0,2000.0,18,4,15.0,2.0,纯商品住宅,70.0,住宅,0.2222222222222222,4.828313737302301,7.361097447916101,5.666426688112432,4.624594812633863,3.9578791690404502,26.438311855005146,16,4.0,18.0,20.0,17.0,16.0,20.0
229269,四季风景苑,杭州,21808.0,2009.0,28,63,30.0,3.3,纯商品住宅,70.0,住宅,2.25,3.295836866004329,7.611306094308557,3.58351893845611,3.9758506396608007,3.430774528499836,21.897287066929632,14,2.0,20.0,13.0,11.0,5.0,16.0
401920,中兴景冉佳园,杭州,23190.0,2014.0,32,170,30.0,3.1,纯商品住宅,70.0,住宅,5.3125,4.1588830833596715,6.931471805599453,3.2188758248682006,4.7931716376863855,3.9578791690404502,23.06028152055416,16,3.0,15.0,20.0,19.0,4.0,10.0
401653,春天华府,杭州,12804.0,2015.0,7,1,40.0,3.1,纯商品住宅,70.0,住宅,0.14285714285714285,2.0794415416798357,7.225929394740412,5.545177444479562,4.624594812633863,3.2303786447244005,22.705521838258072,17,1.0,17.0,11.0,17.0,15.0,14.0
877699,融信澜天(公寓住宅),杭州,24919.0,2019.0,26,48,30.0,2.5,纯商品住宅,70.0,住宅,1.8461538461538463,3.295836866004329,7.08303336014054,2.772588722239781,4.624594812633863,3.9578791690404502,21.733932930058963,16,2.0,16.0,20.0,17.0,3.0,13.0
346142,望江家园东园,杭州,35470.0,2006.0,44,182,30.0,2.0,纯商品住宅,70.0,住宅,4.136363636363637,6.907755278982138,7.08303336014054,4.605170185988092,4.871235900357477,3.117263854637882,26.58445858010613,12,9.0,16.0,10.0,20.0,9.0,14.0
370101,宋都东郡国际嘉湾,杭州,19642.0,2016.0,34,23,30.0,2.2,纯商品住宅,70.0,住宅,0.6764705882352942,2.0794415416798357,7.489330683884977,2.1972245773362196,4.43614195558365,2.5296831937719073,18.73182195225659,14,1.0,19.0,6.0,15.0,2.0,1.0
411448,华润新鸿基之江九里(公寓住宅),杭州,40159.0,2015.0,61,11,30.0,2.0,纯商品住宅,70.0,住宅,0.18032786885245902,4.1588830833596715,5.994738181995927,3.2188758248682006,4.533141350489946,3.8944519556201884,21.800090396333932,19,3.0,10.0,19.0,16.0,4.0,12.0
379792,瑞立东方花城,杭州,39048.0,2015.0,44,81,30.0,2.2,纯商品住宅,70.0,住宅,1.8409090909090908,4.1588830833596715,7.225929394740412,5.1298987149230735,4.332880321763536,3.430774528499836,24.27836604328653,13,3.0,17.0,13.0,14.0,12.0,12.0
407707,金昌春和钱塘,杭州,45288.0,2015.0,27,81,35.0,2.8,纯商品住宅,70.0,住宅,3.0,5.8377304471659395,7.489330683884977,5.8888779583328805,4.222491727384414,3.683177347273081,27.12160816404129,16,6.0,19.0,16.0,13.0,18.0,19.0
825962,顺发和美家,杭州,49511.0,2011.0,28,66,35.0,2.39,纯商品住宅,70.0,住宅,2.357142857142857,5.375278407684165,6.931471805599453,5.41610040220442,4.7931716376863855,3.757483285265014,26.273505538439437,17,5.0,15.0,17.0,19.0,14.0,17.0
795637,广泽小区,杭州,18170.0,2011.0,19,75,20.0,1.2,纯商品住宅,70.0,住宅,3.9473684210526314,3.295836866004329,7.361097447916101,5.1298987149230735,3.5155593237379517,3.117263854637882,22.41965620721934,17,2.0,18.0,10.0,8.0,12.0,19.0
160621,西房云溪香山(北区),杭州,22295.0,2008.0,32,15,35.0,1.8,纯商品住宅,70.0,住宅,0.46875,4.828313737302301,7.489330683884977,4.1588830833596715,4.711102366666305,3.9578791690404502,25.145509040253703,16,4.0,19.0,20.0,18.0,7.0,18.0
217526,临平桂花城(北区),杭州,19508.0,2010.0,34,52,39.0,1.3,纯商品住宅,70.0,住宅,1.5294117647058822,4.828313737302301,7.08303336014054,5.666426688112432,4.533141350489946,3.683177347273081,25.7940924833183,16,4.0,16.0,16.0,16.0,16.0,16.0
659623,奥克斯缔逸城(公寓住宅),杭州,24461.0,2017.0,26,105,30.0,2.6,纯商品住宅,70.0,住宅,4.038461538461538,3.295836866004329,7.361097447916101,4.1588830833596715,4.332880321763536,3.757483285265014,22.906181004308653,18,2.0,18.0,17.0,14.0,7.0,10.0
637489,运河之星,杭州,26901.0,2016.0,36,20,30.0,2.5,纯商品住宅,70.0,住宅,0.5555555555555556,4.828313737302301,7.361097447916101,3.2188758248682006,4.43614195558365,3.683177347273081,23.52760631294333,18,4.0,18.0,16.0,15.0,4.0,7.0
161069,晴彩巴厘,杭州,16217.0,2005.0,39,48,36.6,2.2,纯商品住宅,70.0,住宅,1.2307692307692308,0.0,0.0,0.0,4.624594812633863,3.117263854637882,7.741858667271746,3,0.0,0.0,10.0,17.0,0.0,0.0
238045,都市水乡水秀苑,杭州,24576.0,2006.0,19,45,25.0,2.1,纯商品住宅,70.0,住宅,2.3684210526315788,4.1588830833596715,6.597643324038146,5.666426688112432,4.332880321763536,3.757483285265014,24.513316702538802,19,3.0,13.0,17.0,14.0,16.0,18.0
615545,郡望府,杭州,25164.0,2017.0,32,98,30.0,2.5,纯商品住宅,70.0,住宅,3.0625,3.295836866004329,6.770125502755525,4.1588830833596715,4.43614195558365,3.8944519556201884,22.555439363323366,18,2.0,14.0,19.0,15.0,7.0,14.0
174646,东方润园,杭州,139101.0,2006.0,16,31,40.0,2.8,纯商品住宅,70.0,住宅,1.9375,6.591673732008658,5.994738181995927,4.605170185988092,4.43614195558365,3.6043653389117156,25.232089394488046,15,8.0,10.0,15.0,15.0,9.0,13.0
638890,擎天半岛(公寓住宅),杭州,17609.0,2013.0,120,94,30.0,2.2,纯商品住宅,70.0,住宅,0.7833333333333333,3.295836866004329,6.931471805599453,3.8918202981106265,4.43614195558365,3.8277706729163725,22.383041598214433,16,2.0,15.0,18.0,15.0,6.0,10.0
160086,闲林山水丹枫苑,杭州,17791.0,2002.0,13,23,14.9,1.2,纯商品住宅,70.0,住宅,1.7692307692307692,4.828313737302301,6.212266624470001,4.795790545596741,4.624594812633863,3.757483285265014,24.21844900526792,16,4.0,11.0,17.0,17.0,10.0,7.0
913287,云溪印象,杭州,14991.0,2011.0,31,45,25.0,2.0,商办类,50.0,商住楼,1.4516129032258065,4.828313737302301,7.361097447916101,4.394449154672439,4.711102366666305,3.9578791690404502,25.252841875597593,17,4.0,18.0,20.0,18.0,8.0,17.0
179178,梅堰小区,杭州,13066.0,1997.0,38,28,26.0,1.5,纯商品住宅,70.0,住宅,0.7368421052631579,4.1588830833596715,7.225929394740412,5.8888779583328805,4.624594812633863,3.8277706729163725,25.7260559219832,15,3.0,17.0,18.0,17.0,18.0,18.0
826256,清水湾山水苑(公寓住宅),杭州,13223.0,2011.0,54,74,30.0,2.4,纯商品住宅,70.0,住宅,1.3703703703703705,2.0794415416798357,6.212266624470001,2.1972245773362196,4.711102366666305,3.9578791690404502,19.157914279192813,17,1.0,11.0,20.0,18.0,2.0,6.0
782005,崇邦余之城,杭州,22190.0,2017.0,32,76,47.0,3.2,纯商品住宅,70.0,住宅,2.375,6.591673732008658,7.225929394740412,3.8918202981106265,4.533141350489946,3.6043653389117156,25.846930114261358,18,8.0,17.0,15.0,16.0,6.0,19.0
611311,恒基旭辉府,杭州,17185.0,2015.0,55,31,30.0,2.5,纯商品住宅,70.0,住宅,0.5636363636363636,3.295836866004329,7.611306094308557,2.1972245773362196,4.533141350489946,3.8944519556201884,21.53196084375924,17,2.0,20.0,19.0,16.0,2.0,9.0
160324,新星小区,杭州,21843.0,1994.0,11,24,20.0,1.8,纯商品住宅,70.0,住宅,2.1818181818181817,3.295836866004329,7.361097447916101,5.545177444479562,4.624594812633863,3.5204652614328733,24.347171832466728,14,2.0,18.0,14.0,17.0,15.0,18.0
369876,金石华城,杭州,15241.0,2013.0,10,17,30.0,2.0,纯商品住宅,70.0,住宅,1.7,3.295836866004329,7.489330683884977,4.394449154672439,4.7931716376863855,3.9578791690404502,23.93066751128858,18,2.0,19.0,20.0,19.0,8.0,20.0
220070,滨康小区,杭州,49146.0,2004.0,5,85,40.0,2.7,保障/政策类住宅,70.0,住宅,17.0,4.828313737302301,6.597643324038146,4.1588830833596715,4.533141350489946,3.117263854637882,23.23524534982795,16,4.0,13.0,10.0,16.0,7.0,16.0
826797,龙湖春江悦茗,杭州,36530.0,2017.0,33,61,30.0,2.8,纯商品住宅,70.0,住宅,1.8484848484848484,5.375278407684165,6.412373393653842,4.969813299576001,4.624594812633863,3.8944519556201884,25.276511869168058,16,5.0,12.0,19.0,17.0,11.0,20.0
370025,滨江花园,杭州,7853.0,2011.0,3,9,48.0,1.46,纯商品住宅,70.0,住宅,3.0,0.0,7.611306094308557,5.1298987149230735,3.836632436477393,3.757483285265014,20.335320530974037,16,0.0,20.0,17.0,10.0,12.0,14.0
943040,中梁百悦城(公寓住宅),杭州,18616.0,2015.0,48,27,30.8,2.5,纯商品住宅,70.0,住宅,0.5625,3.295836866004329,7.225929394740412,3.58351893845611,4.332880321763536,3.8944519556201884,22.332617476584574,19,2.0,17.0,19.0,14.0,5.0,9.0
606332,世茂之西湖御涛轩,杭州,77001.0,2013.0,20,15,30.0,3.44,纯商品住宅,70.0,住宅,0.75,4.1588830833596715,6.597643324038146,3.8918202981106265,4.533141350489946,3.8944519556201884,23.075940011618577,18,3.0,13.0,19.0,16.0,6.0,17.0
205213,欣盛东方郡(西区),杭州,52426.0,2010.0,58,108,37.0,2.3,纯商品住宅,70.0,住宅,1.8620689655172413,5.375278407684165,7.489330683884977,5.991464547107982,4.624594812633863,3.683177347273081,27.163845798584067,17,5.0,19.0,16.0,17.0,19.0,17.0
160679,盛世嘉园(公寓住宅),杭州,17590.0,2007.0,78,149,35.5,1.42,纯商品住宅,70.0,住宅,1.9102564102564104,4.828313737302301,6.770125502755525,4.795790545596741,4.533141350489946,3.683177347273081,24.610548483417592,12,4.0,14.0,16.0,16.0,10.0,6.0
369832,恒逸金榈湾,杭州,17783.0,2013.0,20,13,25.0,1.64,纯商品住宅,70.0,住宅,0.65,0.0,7.611306094308557,4.969813299576001,4.7931716376863855,3.757483285265014,21.13177431683596,20,0.0,20.0,17.0,19.0,11.0,20.0
405245,保利霞飞郡(公寓住宅),杭州,38382.0,2013.0,14,20,30.0,2.2,纯商品住宅,70.0,住宅,1.4285714285714286,5.375278407684165,6.212266624470001,5.666426688112432,4.43614195558365,3.8277706729163725,25.51788434876662,18,5.0,11.0,18.0,15.0,16.0,15.0
223789,红街公寓,杭州,31669.0,2009.0,57,167,30.0,2.79,纯商品住宅,70.0,住宅,2.9298245614035086,6.238324625039507,7.361097447916101,5.780743515792329,4.624594812633863,3.9578791690404502,27.962639570422247,16,7.0,18.0,20.0,17.0,17.0,15.0
996154,富春硅谷麓园(公寓住宅),杭州,24819.0,2015.0,36,4,30.0,1.2,纯商品住宅,70.0,住宅,0.1111111111111111,3.295836866004329,6.212266624470001,2.1972245773362196,4.711102366666305,3.9578791690404502,20.374309603517304,18,2.0,11.0,20.0,18.0,2.0,17.0
725178,金成英特学府(公寓住宅),杭州,22356.0,2017.0,43,30,30.0,1.8,纯商品住宅,70.0,住宅,0.6976744186046512,3.295836866004329,7.489330683884977,3.58351893845611,4.624594812633863,3.8277706729163725,22.82105197389565,18,2.0,19.0,18.0,17.0,5.0,13.0
160842,春波小区,杭州,38461.0,2006.0,8,65,46.0,1.9,保障/政策类住宅,70.0,住宅,8.125,5.8377304471659395,7.225929394740412,5.1298987149230735,4.332880321763536,3.6043653389117156,26.130804217504675,15,6.0,17.0,15.0,14.0,12.0,15.0
160121,天都花园,杭州,13122.0,2000.0,14,10,35.0,2.4,纯商品住宅,70.0,住宅,0.7142857142857143,4.828313737302301,7.361097447916101,5.780743515792329,4.533141350489946,3.8944519556201884,26.39774800712086,17,4.0,18.0,19.0,16.0,17.0,19.0
217995,银爵世纪公寓,杭州,31230.0,2008.0,38,43,30.65,2.2,纯商品住宅,70.0,住宅,1.131578947368421,5.375278407684165,7.489330683884977,5.1298987149230735,4.624594812633863,3.683177347273081,26.30227996639916,17,5.0,19.0,16.0,17.0,12.0,17.0
1038258,银湖花苑(公寓住宅),杭州,16032.0,2018.0,15,39,30.0,2.5,保障/政策类住宅,70.0,住宅,2.6,3.295836866004329,5.19860385419959,2.1972245773362196,4.871235900357477,3.8944519556201884,19.457353153517804,19,2.0,7.0,19.0,20.0,2.0,17.0
343452,郡原相江公寓,杭州,24918.0,2012.0,53,49,40.0,3.0,纯商品住宅,70.0,住宅,0.9245283018867925,3.295836866004329,6.597643324038146,3.2188758248682006,4.332880321763536,2.99336062089226,20.438596957566475,18,2.0,13.0,9.0,14.0,4.0,16.0
639246,德信早安,杭州,16605.0,2014.0,13,6,30.0,2.2,纯商品住宅,70.0,住宅,0.46153846153846156,2.0794415416798357,6.931471805599453,2.1972245773362196,3.9758506396608007,1.8021826694558578,16.986171233732165,15,1.0,15.0,3.0,11.0,2.0,6.0
185133,毓秀家园,杭州,18515.0,2008.0,20,39,35.0,2.1,纯商品住宅,70.0,住宅,1.95,4.1588830833596715,7.361097447916101,5.41610040220442,4.7931716376863855,3.5204652614328733,25.24971783259945,14,3.0,18.0,14.0,19.0,14.0,14.0
160002,东海水漾人家,杭州,14431.0,2004.0,21,11,35.0,1.6,纯商品住宅,70.0,住宅,0.5238095238095238,4.1588830833596715,7.489330683884977,5.780743515792329,4.533141350489946,3.8277706729163725,25.789869306443297,16,3.0,19.0,18.0,16.0,17.0,15.0
236886,西溪望庄,杭州,36831.0,2010.0,4,5,37.5,1.0,纯商品住宅,70.0,住宅,1.25,2.0794415416798357,7.611306094308557,2.1972245773362196,4.533141350489946,3.683177347273081,20.104290911087638,14,1.0,20.0,16.0,16.0,2.0,6.0
346243,大华海派风景,杭州,26720.0,2011.0,26,56,30.0,2.2,纯商品住宅,70.0,住宅,2.1538461538461537,4.1588830833596715,7.225929394740412,4.1588830833596715,4.7931716376863855,3.757483285265014,24.094350484411155,17,3.0,17.0,17.0,19.0,7.0,19.0
216505,通和南岸花城(公寓住宅),杭州,21477.0,2007.0,67,52,41.6,0.76,纯商品住宅,70.0,住宅,0.7761194029850746,2.0794415416798357,3.4657359027997265,2.772588722239781,4.624594812633863,3.8277706729163725,16.77013165226958,12,1.0,3.0,18.0,17.0,3.0,0.0
379778,龙湖香醍溪岸(公寓住宅),杭州,12099.0,2013.0,59,56,30.0,2.4,纯商品住宅,70.0,住宅,0.9491525423728814,0.0,6.597643324038146,2.772588722239781,4.711102366666305,3.5204652614328733,17.601799674377105,15,0.0,13.0,14.0,18.0,3.0,4.0
369899,红景凯丽晶座(公寓住宅),杭州,24032.0,2012.0,9,17,35.0,3.5,纯商品住宅,70.0,住宅,1.8888888888888888,2.0794415416798357,6.597643324038146,4.795790545596741,4.533141350489946,3.8944519556201884,21.900468717424857,18,1.0,13.0,19.0,16.0,10.0,16.0
160571,湘湖家园,杭州,25440.0,2008.0,13,89,42.0,1.8,纯商品住宅,70.0,住宅,6.846153846153846,4.828313737302301,7.08303336014054,4.969813299576001,4.533141350489946,3.334434164699998,24.748735912208787,15,4.0,16.0,12.0,16.0,11.0,11.0
220591,君临天下,杭州,23316.0,2010.0,37,106,42.0,2.43,纯商品住宅,70.0,住宅,2.864864864864865,4.828313737302301,7.225929394740412,4.969813299576001,4.7931716376863855,3.8944519556201884,25.711680024925286,15,4.0,17.0,19.0,19.0,11.0,18.0
207422,中兴和园(公寓住宅),杭州,24988.0,2010.0,61,65,31.0,1.8,纯商品住宅,70.0,住宅,1.0655737704918034,3.295836866004329,7.225929394740412,4.1588830833596715,4.222491727384414,2.99336062089226,21.896501692381086,11,2.0,17.0,9.0,13.0,7.0,4.0
219250,开元加州阳光小区,杭州,23020.0,2005.0,17,20,40.0,2.5,纯商品住宅,70.0,住宅,1.1764705882352942,5.8377304471659395,7.361097447916101,5.41610040220442,4.332880321763536,3.683177347273081,26.630985966323077,17,6.0,18.0,16.0,14.0,14.0,13.0
200705,湖畔宽邸(公寓住宅),杭州,23870.0,2008.0,18,19,30.0,2.0,纯商品住宅,70.0,住宅,1.0555555555555556,4.1588830833596715,7.225929394740412,5.780743515792329,4.103918971938459,3.430774528499836,24.700249494330706,16,3.0,17.0,13.0,12.0,17.0,10.0
786131,宝嘉誉府,杭州,31982.0,2018.0,31,39,30.0,2.5,纯商品住宅,70.0,住宅,1.2580645161290323,3.295836866004329,6.412373393653842,5.41610040220442,4.624594812633863,3.8277706729163725,23.576676147412826,13,2.0,12.0,18.0,17.0,14.0,16.0
642230,赞成龙兴道一号,杭州,17800.0,2017.0,17,29,30.0,2.0,纯商品住宅,70.0,住宅,1.7058823529411764,4.1588830833596715,7.08303336014054,5.278114659230517,4.533141350489946,3.6043653389117156,24.65753779213239,15,3.0,16.0,15.0,16.0,13.0,14.0
825761,林之语(公寓住宅),杭州,18114.0,2012.0,43,22,35.5,1.64,纯商品住宅,70.0,住宅,0.5116279069767442,0.0,6.931471805599453,2.772588722239781,4.222491727384414,3.757483285265014,17.68403554048866,17,0.0,15.0,17.0,13.0,3.0,0.0
304199,西城美墅,杭州,65366.0,2008.0,60,18,30.0,2.2,纯商品住宅,70.0,住宅,0.3,5.375278407684165,6.412373393653842,5.780743515792329,4.332880321763536,3.8944519556201884,25.795727594514062,18,5.0,12.0,19.0,14.0,17.0,18.0
369882,远洋西溪公馆(公寓住宅),杭州,31206.0,2020.0,60,45,30.0,1.8,纯商品住宅,70.0,住宅,0.75,3.295836866004329,6.931471805599453,3.2188758248682006,4.711102366666305,3.757483285265014,21.914770148403303,14,2.0,15.0,17.0,18.0,4.0,16.0
160630,滨江金色海岸,杭州,118887.0,2008.0,9,6,35.2,2.45,纯商品住宅,70.0,住宅,0.6666666666666666,5.375278407684165,6.770125502755525,5.278114659230517,3.836632436477393,3.117263854637882,24.377414860785485,15,5.0,14.0,10.0,10.0,13.0,11.0
233921,绿城丽江公寓(北区),杭州,28063.0,2012.0,39,32,30.0,2.5,纯商品住宅,70.0,住宅,0.8205128205128205,3.295836866004329,6.770125502755525,3.8918202981106265,4.7931716376863855,2.8563919505370854,21.60734625509395,15,2.0,14.0,8.0,19.0,6.0,11.0
369817,恒安名座,杭州,14918.0,2012.0,5,13,30.0,1.9,商办类,40.0,商住楼,2.6,4.828313737302301,7.225929394740412,5.1298987149230735,4.624594812633863,3.6043653389117156,25.413101998511365,11,4.0,17.0,15.0,17.0,12.0,10.0
160263,和睦新村,杭州,25717.0,1988.0,48,91,30.0,2.5,纯商品住宅,70.0,住宅,1.8958333333333333,5.375278407684165,7.08303336014054,5.1298987149230735,4.332880321763536,3.6043653389117156,25.525456143423032,12,5.0,16.0,15.0,14.0,12.0,14.0
314429,荷花塘小区,杭州,13488.0,1999.0,30,52,30.0,1.35,纯商品住宅,70.0,住宅,1.7333333333333334,4.828313737302301,7.08303336014054,5.780743515792329,4.624594812633863,3.6043653389117156,25.921050764780748,18,4.0,16.0,15.0,17.0,17.0,18.0
160689,都市港湾,杭州,14724.0,2003.0,22,34,30.0,3.0,纯商品住宅,70.0,住宅,1.5454545454545454,2.0794415416798357,7.611306094308557,5.41610040220442,4.7931716376863855,3.8277706729163725,23.72779034879557,18,1.0,20.0,18.0,19.0,14.0,20.0
628421,众安景海湾(公寓住宅),杭州,20074.0,2012.0,51,48,45.0,1.2,纯商品住宅,70.0,住宅,0.9411764705882353,0.0,3.4657359027997265,1.3862943611198906,4.533141350489946,3.9578791690404502,13.343050783450014,7,0.0,3.0,20.0,16.0,1.0,0.0
607657,万科西庐,杭州,53532.0,2016.0,44,30,30.0,2.0,纯商品住宅,70.0,住宅,0.6818181818181818,4.1588830833596715,6.931471805599453,3.58351893845611,4.871235900357477,3.8277706729163725,23.372880400689084,16,3.0,15.0,18.0,20.0,5.0,18.0
322406,理想家园,杭州,18893.0,2011.0,16,15,35.0,1.9,纯商品住宅,70.0,住宅,0.9375,4.1588830833596715,7.225929394740412,5.991464547107982,4.711102366666305,3.8944519556201884,25.98183134749456,16,3.0,17.0,19.0,18.0,19.0,19.0
201741,三鑫君悦丽景,杭州,28533.0,2007.0,29,41,36.0,2.75,纯商品住宅,70.0,住宅,1.4137931034482758,5.8377304471659395,6.931471805599453,5.278114659230517,4.711102366666305,3.8277706729163725,26.58618995157859,17,6.0,15.0,18.0,18.0,13.0,19.0
635026,合景瑜翠园,杭州,26355.0,2016.0,18,12,30.0,3.5,纯商品住宅,70.0,住宅,0.6666666666666666,5.375278407684165,7.08303336014054,4.605170185988092,4.7931716376863855,3.8944519556201884,25.75110554711937,19,5.0,16.0,19.0,19.0,9.0,19.0
791599,竹径云山锦云坊(67-80),杭州,19741.0,2018.0,34,14,30.0,2.3,纯商品住宅,70.0,住宅,0.4117647058823529,0.0,5.493061443340549,2.772588722239781,4.332880321763536,3.5204652614328733,16.11899574877674,17,0.0,8.0,14.0,14.0,3.0,2.0
650521,钱塘之星,杭州,39168.0,2016.0,16,68,25.0,4.0,商办类,50.0,商住楼,4.25,4.828313737302301,6.770125502755525,4.394449154672439,4.332880321763536,3.6043653389117156,23.930134055405517,18,4.0,14.0,15.0,14.0,8.0,14.0
729169,融创瑷颐湾,杭州,30719.0,2016.0,41,55,30.03,2.5,纯商品住宅,70.0,住宅,1.3414634146341464,4.1588830833596715,6.770125502755525,4.795790545596741,4.711102366666305,3.683177347273081,24.119078845651323,14,3.0,14.0,16.0,18.0,10.0,19.0
318655,锦昌年华,杭州,19120.0,2012.0,66,44,30.0,2.0,纯商品住宅,70.0,住宅,0.6666666666666666,3.295836866004329,7.08303336014054,3.58351893845611,4.711102366666305,3.8277706729163725,22.501262204183654,19,2.0,16.0,18.0,18.0,5.0,14.0
630884,科尔世纪外滩(公寓住宅),杭州,25478.0,2017.0,37,26,45.0,1.3,纯商品住宅,70.0,住宅,0.7027027027027027,0.0,4.023594781085251,1.3862943611198906,4.624594812633863,3.430774528499836,13.46525848333884,9,0.0,4.0,13.0,17.0,1.0,0.0
475889,越秀星汇城后湾,杭州,20513.0,2019.0,46,56,30.0,1.8,纯商品住宅,70.0,住宅,1.2173913043478262,2.0794415416798357,6.597643324038146,2.1972245773362196,4.871235900357477,3.9578791690404502,19.703424512452127,18,1.0,13.0,20.0,20.0,2.0,11.0
992085,君豪御园,杭州,5070.0,2019.0,32,2,30.0,3.07,纯商品住宅,70.0,住宅,0.0625,0.0,3.4657359027997265,0.0,4.533141350489946,3.8944519556201884,11.893329208909861,12,0.0,3.0,19.0,16.0,0.0,6.0
175824,左岸花园,杭州,28168.0,2003.0,48,51,30.0,2.2,纯商品住宅,70.0,住宅,1.0625,5.375278407684165,6.597643324038146,5.8888779583328805,4.711102366666305,3.757483285265014,26.33038534198651,19,5.0,13.0,17.0,18.0,18.0,17.0
825526,保亿风景蝶院留园,杭州,29682.0,2010.0,43,9,30.0,2.2,纯商品住宅,70.0,住宅,0.20930232558139536,4.1588830833596715,7.361097447916101,4.394449154672439,4.711102366666305,3.8944519556201884,24.519984008234704,19,3.0,18.0,19.0,18.0,8.0,15.0
369931,恒厚阳光城,杭州,14827.0,2013.0,17,23,35.0,2.0,纯商品住宅,70.0,住宅,1.3529411764705883,2.0794415416798357,7.225929394740412,2.1972245773362196,4.332880321763536,2.5296831937719073,18.36515902929191,13,1.0,17.0,6.0,14.0,2.0,6.0
618739,金雅苑,杭州,20441.0,2009.0,31,159,36.0,3.4,保障/政策类住宅,70.0,住宅,5.129032258064516,4.1588830833596715,7.489330683884977,4.605170185988092,4.43614195558365,3.9578791690404502,24.647405077856842,19,3.0,19.0,20.0,15.0,9.0,19.0
807657,佳源未来府,杭州,18875.0,2018.0,19,45,20.0,3.6,纯商品住宅,70.0,住宅,2.3684210526315788,2.0794415416798357,6.412373393653842,4.394449154672439,4.103918971938459,3.8277706729163725,20.817953734860946,18,1.0,12.0,18.0,12.0,8.0,17.0
216293,金域三江(公寓住宅),杭州,15967.0,2010.0,57,60,30.0,2.39,纯商品住宅,70.0,住宅,1.0526315789473684,3.295836866004329,2.7465307216702746,3.2188758248682006,4.711102366666305,3.9578791690404502,17.93022494824956,10,2.0,2.0,20.0,18.0,4.0,2.0
369920,顺发康庄(公寓住宅),杭州,22083.0,2012.0,42,21,30.0,2.49,纯商品住宅,70.0,住宅,0.5,0.0,7.489330683884977,3.58351893845611,4.7931716376863855,3.8944519556201884,19.76047321564766,17,0.0,19.0,19.0,19.0,5.0,1.0
406023,绿城玉兰花园(临安),杭州,11333.0,2014.0,15,10,32.1,3.26,纯商品住宅,70.0,住宅,0.6666666666666666,2.0794415416798357,7.225929394740412,3.58351893845611,4.624594812633863,3.117263854637882,20.630748542148105,14,1.0,17.0,10.0,17.0,5.0,9.0
369858,华瑞湘湖美地,杭州,25119.0,2011.0,41,159,30.4,2.0,纯商品住宅,70.0,住宅,3.8780487804878048,6.238324625039507,7.361097447916101,5.1298987149230735,4.43614195558365,3.5204652614328733,26.685928004895203,15,7.0,18.0,14.0,15.0,12.0,13.0
604862,白鹭郡南秋荷坊,杭州,25579.0,2015.0,28,14,30.01,1.15,纯商品住宅,70.0,住宅,0.5,2.0794415416798357,7.611306094308557,2.1972245773362196,4.222491727384414,3.6043653389117156,19.71482927962074,16,1.0,20.0,15.0,13.0,2.0,3.0
214743,金沙阳光,杭州,23323.0,2011.0,30,43,22.0,3.44,纯商品住宅,70.0,住宅,1.4333333333333333,4.1588830833596715,7.225929394740412,5.1298987149230735,4.533141350489946,3.9578791690404502,25.00573171255355,15,3.0,17.0,20.0,16.0,12.0,20.0
369830,贝利栖溪公馆,杭州,17109.0,2012.0,12,25,30.3,2.5,纯商品住宅,70.0,住宅,2.0833333333333335,2.0794415416798357,7.611306094308557,4.1588830833596715,4.871235900357477,3.9578791690404502,22.67874578874599,18,1.0,20.0,20.0,20.0,7.0,20.0
160035,星海云庭,杭州,13500.0,2000.0,23,15,40.0,1.5,纯商品住宅,70.0,住宅,0.6521739130434783,3.295836866004329,6.931471805599453,3.2188758248682006,4.7931716376863855,3.9578791690404502,22.19723530319882,20,2.0,15.0,20.0,19.0,4.0,14.0
234643,金苑山庄,杭州,46070.0,2005.0,10,9,40.0,0.5,纯商品住宅,70.0,别墅,0.9,3.295836866004329,4.023594781085251,1.3862943611198906,3.684136148790474,3.117263854637882,15.507126011637826,15,2.0,4.0,10.0,9.0,1.0,3.0
369838,赞成香颂,杭州,19501.0,2013.0,39,28,30.0,2.4,纯商品住宅,70.0,住宅,0.717948717948718,2.0794415416798357,7.361097447916101,4.394449154672439,4.711102366666305,3.757483285265014,22.303573796199696,18,1.0,18.0,17.0,18.0,8.0,10.0
160866,三水一生(公寓住宅),杭州,13438.0,2006.0,47,19,42.0,1.17,纯商品住宅,70.0,住宅,0.40425531914893614,3.295836866004329,3.4657359027997265,3.2188758248682006,4.711102366666305,3.8944519556201884,18.58600291595875,12,2.0,3.0,19.0,18.0,4.0,2.0
161035,天元公寓(公寓住宅),杭州,14175.0,2005.0,14,68,35.0,4.8,纯商品住宅,70.0,住宅,4.857142857142857,4.1588830833596715,7.361097447916101,2.772588722239781,4.332880321763536,3.5204652614328733,22.145914836711967,12,3.0,18.0,14.0,14.0,3.0,20.0
160955,铭雅苑东区,杭州,21800.0,2002.0,40,86,30.0,1.6,纯商品住宅,70.0,住宅,2.15,4.1588830833596715,6.931471805599453,5.278114659230517,4.43614195558365,3.6043653389117156,24.408976842685007,15,3.0,15.0,15.0,15.0,13.0,19.0
160830,威尼斯水城,杭州,23898.0,2005.0,26,12,57.0,1.17,纯商品住宅,70.0,住宅,0.46153846153846156,3.295836866004329,5.994738181995927,4.605170185988092,4.533141350489946,3.334434164699998,21.763320749178295,16,2.0,10.0,12.0,16.0,9.0,6.0
370046,保利湾天地,杭州,10442.0,2014.0,42,122,30.0,3.5,商办类,50.0,商住楼,2.9047619047619047,0.0,7.611306094308557,1.3862943611198906,4.43614195558365,3.6043653389117156,17.038107749923814,17,0.0,20.0,15.0,15.0,1.0,0.0
628110,开元名郡,杭州,24671.0,2016.0,28,34,30.0,2.5,纯商品住宅,70.0,住宅,1.2142857142857142,4.1588830833596715,6.412373393653842,3.8918202981106265,4.533141350489946,3.2303786447244005,22.226596770338485,16,3.0,12.0,11.0,16.0,6.0,2.0
191426,大都文苑风情,杭州,23763.0,2004.0,24,74,35.0,2.58,纯商品住宅,70.0,住宅,3.0833333333333335,3.295836866004329,7.489330683884977,5.41610040220442,4.711102366666305,3.8944519556201884,24.80682227438022,14,2.0,19.0,19.0,18.0,14.0,20.0
160067,顺发佳境天城(公寓住宅),杭州,37915.0,2007.0,43,64,40.2,1.8,纯商品住宅,70.0,住宅,1.4883720930232558,4.1588830833596715,7.361097447916101,5.666426688112432,4.711102366666305,3.683177347273081,25.58068693332759,18,3.0,18.0,16.0,18.0,16.0,18.0
868158,金世纪运河丽园(公寓住宅),杭州,13735.0,2013.0,48,21,36.0,1.7,纯商品住宅,70.0,住宅,0.4375,0.0,6.770125502755525,4.1588830833596715,4.711102366666305,3.9578791690404502,19.59799012182195,20,0.0,14.0,20.0,18.0,7.0,9.0
397247,银杏汇(公寓住宅),杭州,109687.0,2021.0,13,5,30.0,3.16,纯商品住宅,70.0,住宅,0.38461538461538464,4.828313737302301,6.212266624470001,3.8918202981106265,4.533141350489946,3.8944519556201884,23.359993965993063,15,4.0,11.0,19.0,16.0,6.0,18.0
779966,顺发美哉美城,杭州,62068.0,2017.0,42,104,30.0,1.8,纯商品住宅,70.0,住宅,2.4761904761904763,5.8377304471659395,7.489330683884977,5.666426688112432,4.103918971938459,3.8944519556201884,26.991858746721995,13,6.0,19.0,19.0,12.0,16.0,17.0
826449,金地自在城东苑(公寓住宅),杭州,30793.0,2012.0,31,36,30.0,2.5,纯商品住宅,70.0,住宅,1.1612903225806452,5.375278407684165,7.361097447916101,5.780743515792329,4.332880321763536,3.6043653389117156,26.454365032067848,13,5.0,18.0,15.0,14.0,17.0,15.0
369839,协安紫郡,杭州,36434.0,2015.0,33,29,30.0,2.3,纯商品住宅,70.0,住宅,0.8787878787878788,4.828313737302301,7.361097447916101,5.278114659230517,4.624594812633863,3.8277706729163725,25.919891329999153,16,4.0,18.0,18.0,17.0,13.0,19.0
369907,泊林印象,杭州,30298.0,2014.0,57,77,30.0,2.36,纯商品住宅,70.0,住宅,1.3508771929824561,3.295836866004329,7.489330683884977,4.394449154672439,3.836632436477393,3.9578791690404502,22.97412831007959,16,2.0,19.0,20.0,10.0,8.0,19.0
485004,翡翠城(西南区),杭州,34733.0,2015.0,35,19,40.0,1.3,纯商品住宅,70.0,住宅,0.5428571428571428,5.8377304471659395,6.412373393653842,4.605170185988092,4.624594812633863,3.8277706729163725,25.307639512358108,18,6.0,12.0,18.0,17.0,9.0,9.0
825755,容大五环城市花园,杭州,10311.0,2006.0,25,24,40.0,2.0,纯商品住宅,70.0,住宅,0.96,3.295836866004329,7.225929394740412,5.8888779583328805,4.7931716376863855,3.757483285265014,24.96129914202902,18,2.0,17.0,17.0,19.0,18.0,16.0
369932,绿都御景蓝湾(公寓住宅),杭州,23307.0,2015.0,170,201,30.0,2.2,纯商品住宅,70.0,住宅,1.1823529411764706,2.0794415416798357,3.4657359027997265,3.58351893845611,4.222491727384414,3.334434164699998,16.685622275020084,8,1.0,3.0,12.0,13.0,5.0,3.0
826452,金地自在城求学里,杭州,31451.0,2012.0,19,34,30.0,2.1,纯商品住宅,70.0,住宅,1.7894736842105263,4.828313737302301,6.931471805599453,5.278114659230517,4.711102366666305,3.8944519556201884,25.64345452441876,20,4.0,15.0,19.0,18.0,13.0,18.0
780546,雅居乐国际花园,杭州,15441.0,2016.0,76,124,30.0,3.2,纯商品住宅,70.0,住宅,1.631578947368421,0.0,7.489330683884977,2.772588722239781,4.7931716376863855,3.9578791690404502,19.01297021285159,20,0.0,19.0,20.0,19.0,3.0,15.0
826859,中国铁建江南国际城,杭州,38950.0,2017.0,59,103,30.0,2.8,纯商品住宅,70.0,住宅,1.7457627118644068,5.375278407684165,7.08303336014054,5.41610040220442,4.103918971938459,3.430774528499836,25.40910567046742,17,5.0,16.0,13.0,12.0,14.0,12.0
161147,钱江湾花园,杭州,32927.0,2003.0,86,55,42.0,1.53,纯商品住宅,70.0,住宅,0.6395348837209303,3.295836866004329,6.931471805599453,4.1588830833596715,4.43614195558365,3.334434164699998,22.156767875247105,17,2.0,15.0,12.0,15.0,7.0,10.0
315025,绿城西子青山湖玫瑰园,杭州,38492.0,2017.0,34,13,45.0,2.0,纯商品住宅,70.0,别墅,0.38235294117647056,2.0794415416798357,4.479398673070137,0.0,3.5155593237379517,3.8944519556201884,13.968851494108112,17,1.0,5.0,19.0,8.0,0.0,0.0
1077675,飘鹰富春江花苑,杭州,9380.0,2018.0,5,27,30.0,2.5,纯商品住宅,70.0,住宅,5.4,0.0,7.611306094308557,1.3862943611198906,4.624594812633863,3.8277706729163725,17.449965940978682,17,0.0,20.0,18.0,17.0,1.0,1.0
369989,半岛国际,杭州,50243.0,2014.0,56,50,30.0,2.64,纯商品住宅,70.0,住宅,0.8928571428571429,4.1588830833596715,6.931471805599453,5.278114659230517,4.871235900357477,3.8944519556201884,25.134157404167304,18,3.0,15.0,19.0,20.0,13.0,18.0
628434,恒大帝景,杭州,23330.0,2016.0,62,50,38.0,2.5,纯商品住宅,70.0,住宅,0.8064516129032258,4.1588830833596715,7.489330683884977,5.278114659230517,4.332880321763536,3.6043653389117156,24.86357408715042,17,3.0,19.0,15.0,14.0,13.0,19.0
160574,风雅钱塘,杭州,44987.0,2007.0,53,109,55.0,3.0,纯商品住宅,70.0,住宅,2.056603773584906,5.375278407684165,7.611306094308557,5.545177444479562,4.871235900357477,3.8944519556201884,27.29744980244995,16,5.0,20.0,19.0,20.0,15.0,19.0
656371,佳兆业西溪璞园(公寓住宅),杭州,24338.0,2017.0,39,36,30.0,1.9,纯商品住宅,70.0,住宅,0.9230769230769231,5.375278407684165,7.489330683884977,4.605170185988092,4.624594812633863,3.334434164699998,25.4288082548911,15,5.0,19.0,12.0,17.0,9.0,9.0
726989,中南白马湖壹号(公寓住宅),杭州,35033.0,2017.0,42,23,30.0,2.0,纯商品住宅,70.0,住宅,0.5476190476190477,2.0794415416798357,7.361097447916101,2.1972245773362196,3.836632436477393,3.6043653389117156,19.078761342321265,16,1.0,18.0,15.0,10.0,2.0,1.0
659403,中天之江诚品,杭州,34598.0,2016.0,52,14,30.0,2.0,纯商品住宅,70.0,住宅,0.2692307692307692,4.828313737302301,7.08303336014054,3.8918202981106265,4.711102366666305,3.8944519556201884,24.40872171783996,15,4.0,16.0,19.0,18.0,6.0,17.0
800830,九龙仓世纪华府,杭州,14982.0,2015.0,31,17,30.0,2.5,纯商品住宅,70.0,住宅,0.5483870967741935,3.295836866004329,7.08303336014054,4.605170185988092,4.103918971938459,3.757483285265014,22.845442669336432,13,2.0,16.0,17.0,12.0,9.0,14.0
608131,保利罗兰香谷,杭州,21675.0,2015.0,89,19,30.0,2.4,纯商品住宅,70.0,住宅,0.21348314606741572,3.295836866004329,7.225929394740412,4.605170185988092,4.533141350489946,3.8944519556201884,23.554529752842967,19,2.0,17.0,19.0,16.0,9.0,4.0
272618,江南文苑,杭州,32701.0,2010.0,39,35,30.0,2.28,纯商品住宅,70.0,住宅,0.8974358974358975,5.375278407684165,7.489330683884977,4.969813299576001,4.624594812633863,3.683177347273081,26.142194551052086,15,5.0,19.0,16.0,17.0,11.0,17.0
826366,恒大名城博园,杭州,19475.0,2015.0,56,67,30.0,2.8,纯商品住宅,70.0,住宅,1.1964285714285714,3.295836866004329,4.479398673070137,1.3862943611198906,4.624594812633863,3.683177347273081,17.4693020601013,16,2.0,5.0,16.0,17.0,1.0,18.0
638889,金都夏宫(公寓住宅),杭州,15179.0,2011.0,95,68,30.0,1.6,纯商品住宅,70.0,住宅,0.7157894736842105,0.0,7.489330683884977,3.8918202981106265,4.711102366666305,3.8944519556201884,19.986705304282093,16,0.0,19.0,19.0,18.0,6.0,10.0
639013,万科金辰之光,杭州,37066.0,2017.0,57,79,30.0,2.8,纯商品住宅,70.0,住宅,1.3859649122807018,5.375278407684165,6.597643324038146,4.795790545596741,4.711102366666305,3.8944519556201884,25.374266599605544,17,5.0,13.0,19.0,18.0,10.0,20.0
172244,滨江倾城之恋,杭州,44701.0,2007.0,45,83,40.0,2.5,纯商品住宅,70.0,住宅,1.8444444444444446,5.375278407684165,7.225929394740412,5.780743515792329,4.711102366666305,3.8277706729163725,26.92082435779958,16,5.0,17.0,18.0,18.0,17.0,17.0
607827,万科璞悦湾,杭州,44956.0,2016.0,42,59,30.0,2.5,纯商品住宅,70.0,住宅,1.4047619047619047,4.1588830833596715,7.611306094308557,4.394449154672439,4.533141350489946,3.117263854637882,23.815043537468497,12,3.0,20.0,10.0,16.0,8.0,8.0
160388,中兴花园,杭州,41728.0,2004.0,30,92,35.0,2.31,纯商品住宅,70.0,住宅,3.066666666666667,5.375278407684165,7.361097447916101,5.41610040220442,4.7931716376863855,3.8944519556201884,26.84009985111126,18,5.0,18.0,19.0,19.0,14.0,19.0
181626,绿城蓝庭(东区),杭州,18051.0,2008.0,55,28,40.0,0.95,纯商品住宅,70.0,住宅,0.509090909090909,2.0794415416798357,7.489330683884977,4.1588830833596715,4.7931716376863855,3.9578791690404502,22.478706115651317,17,1.0,19.0,20.0,19.0,7.0,12.0
635788,赞成赞城,杭州,20322.0,2016.0,36,26,30.0,2.6,纯商品住宅,70.0,住宅,0.7222222222222222,3.295836866004329,4.479398673070137,1.3862943611198906,4.533141350489946,3.430774528499836,17.125445779184137,18,2.0,5.0,13.0,16.0,1.0,18.0
590405,万科北宸之光,杭州,25441.0,2015.0,87,106,30.0,2.54,纯商品住宅,70.0,住宅,1.2183908045977012,4.1588830833596715,7.08303336014054,4.605170185988092,4.711102366666305,3.757483285265014,24.315672281419623,19,3.0,16.0,17.0,18.0,9.0,19.0
370091,阳光郡,杭州,29242.0,2013.0,60,90,30.0,2.6,纯商品住宅,70.0,住宅,1.5,4.828313737302301,7.08303336014054,5.991464547107982,4.533141350489946,3.757483285265014,26.193436280305782,13,4.0,16.0,17.0,16.0,19.0,14.0
193730,富春泉水湾(别墅),杭州,31513.0,2020.0,20,2,30.0,1.25,纯商品住宅,70.0,别墅,0.1,0.0,4.864775372638283,0.0,4.711102366666305,3.8944519556201884,13.470329694924775,12,0.0,6.0,19.0,18.0,0.0,0.0
385032,白鹭郡南,杭州,24392.0,2008.0,36,30,30.1,1.05,纯商品住宅,70.0,住宅,0.8333333333333334,2.0794415416798357,7.361097447916101,1.3862943611198906,4.624594812633863,3.6043653389117156,19.055793502261405,17,1.0,18.0,15.0,17.0,1.0,1.0
779615,合景天峻,杭州,27564.0,2016.0,46,43,30.0,2.6,纯商品住宅,70.0,住宅,0.9347826086956522,5.375278407684165,7.225929394740412,4.1588830833596715,4.711102366666305,3.9578791690404502,25.429072421491004,13,5.0,17.0,20.0,18.0,7.0,18.0
370045,绿城富春玫瑰园(别墅),杭州,39772.0,2018.0,102,7,30.0,1.0,纯商品住宅,70.0,别墅,0.06862745098039216,0.0,2.7465307216702746,0.0,4.43614195558365,3.8277706729163725,11.010443350170297,13,0.0,2.0,18.0,15.0,0.0,0.0
607327,龙湖名景台(公寓住宅),杭州,28634.0,2015.0,53,51,30.0,2.2,纯商品住宅,70.0,住宅,0.9622641509433962,4.1588830833596715,7.08303336014054,4.969813299576001,4.103918971938459,3.8277706729163725,24.143419387931043,16,3.0,16.0,18.0,12.0,11.0,12.0
369926,嘉里桦枫居,杭州,23928.0,2013.0,79,89,35.0,2.4,纯商品住宅,70.0,住宅,1.1265822784810127,4.828313737302301,7.361097447916101,5.991464547107982,4.7931716376863855,3.8277706729163725,26.80181804292914,16,4.0,18.0,18.0,19.0,19.0,15.0
160801,贺田尚城(公寓住宅),杭州,33620.0,2013.0,61,107,30.0,1.63,纯商品住宅,70.0,住宅,1.7540983606557377,4.1588830833596715,6.597643324038146,4.1588830833596715,4.624594812633863,3.9578791690404502,23.497883472431802,19,3.0,13.0,20.0,17.0,7.0,16.0
160343,南岸晶都花园,杭州,29364.0,2007.0,56,90,40.0,2.4,纯商品住宅,70.0,住宅,1.6071428571428572,4.1588830833596715,6.931471805599453,4.1588830833596715,4.533141350489946,3.757483285265014,23.539862608073754,15,3.0,15.0,17.0,16.0,7.0,18.0
730320,万科大家世纪之光,杭州,43315.0,2018.0,102,105,30.0,2.0,纯商品住宅,70.0,住宅,1.0294117647058822,5.8377304471659395,7.361097447916101,5.780743515792329,4.533141350489946,3.8277706729163725,27.34048343428069,16,6.0,18.0,18.0,16.0,17.0,17.0
188447,山水人家,杭州,32500.0,2004.0,63,86,46.0,1.5,纯商品住宅,70.0,住宅,1.3650793650793651,5.8377304471659395,6.770125502755525,5.545177444479562,4.43614195558365,3.430774528499836,26.019949878484514,13,6.0,14.0,13.0,15.0,15.0,17.0
160720,钱塘春晓花园,杭州,40655.0,2005.0,34,63,48.0,2.5,纯商品住宅,70.0,住宅,1.8529411764705883,5.375278407684165,6.931471805599453,5.1298987149230735,4.533141350489946,3.683177347273081,25.652967625969715,19,5.0,15.0,16.0,16.0,12.0,19.0
610065,绿地旭辉城,杭州,62585.0,2015.0,124,78,30.0,4.5,纯商品住宅,70.0,住宅,0.6290322580645161,4.828313737302301,7.611306094308557,3.58351893845611,4.222491727384414,3.334434164699998,23.58006466215138,10,4.0,20.0,12.0,13.0,5.0,9.0
370036,逸城(别墅),杭州,26654.0,2019.0,57,1,41.0,0.5,纯商品住宅,70.0,别墅,0.017543859649122806,0.0,4.479398673070137,0.0,4.533141350489946,3.334434164699998,12.34697418826008,14,0.0,5.0,12.0,16.0,0.0,3.0
794144,富春和园(公寓住宅),杭州,21741.0,2013.0,43,5,30.0,2.1,纯商品住宅,70.0,住宅,0.11627906976744186,2.0794415416798357,6.931471805599453,5.666426688112432,4.7931716376863855,3.757483285265014,23.22799495834312,18,1.0,15.0,17.0,19.0,16.0,16.0
200326,华庭云顶,杭州,12865.0,2005.0,121,9,30.0,1.4,纯商品住宅,70.0,住宅,0.0743801652892562,3.295836866004329,1.7328679513998633,0.0,4.43614195558365,2.7032740041837866,12.168120777171628,6,2.0,1.0,7.0,15.0,0.0,1.0
766078,九龙仓雍景山(公寓住宅),杭州,15923.0,2018.0,263,24,30.0,1.1,纯商品住宅,70.0,住宅,0.09125475285171103,0.0,7.225929394740412,0.0,4.711102366666305,3.8944519556201884,15.831483717026906,10,0.0,17.0,19.0,18.0,0.0,1.0
202604,清源上林湖(别墅),杭州,30741.0,2013.0,173,14,40.0,0.47,纯商品住宅,70.0,别墅,0.08092485549132948,0.0,7.611306094308557,1.3862943611198906,4.533141350489946,2.99336062089226,16.524102426810654,16,0.0,20.0,9.0,16.0,1.0,12.0
479985,新华园,杭州,68851.0,2015.0,15,4,30.0,2.4,纯商品住宅,70.0,住宅,0.26666666666666666,5.8377304471659395,7.225929394740412,5.780743515792329,4.871235900357477,3.6043653389117156,27.320004596967873,16,6.0,17.0,15.0,20.0,17.0,17.0
634855,野风春晓,杭州,16364.0,2017.0,98,9,30.0,1.0,纯商品住宅,70.0,住宅,0.09183673469387756,3.295836866004329,5.994738181995927,2.1972245773362196,4.711102366666305,3.757483285265014,19.956385277267795,17,2.0,10.0,17.0,18.0,2.0,9.0
825720,大家小墅,杭州,21845.0,2017.0,27,2,30.0,2.0,纯商品住宅,70.0,住宅,0.07407407407407407,2.0794415416798357,7.225929394740412,5.545177444479562,4.7931716376863855,3.430774528499836,23.07449454708603,15,1.0,17.0,13.0,19.0,15.0,14.0
825885,翡翠城(东北区),杭州,27975.0,2011.0,47,71,40.0,1.3,纯商品住宅,70.0,住宅,1.5106382978723405,5.8377304471659395,7.489330683884977,4.795790545596741,4.871235900357477,3.8944519556201884,26.88853953262532,15,6.0,19.0,19.0,20.0,10.0,10.0
826101,庭院深深(东区),杭州,14385.0,2012.0,66,35,30.0,1.68,纯商品住宅,70.0,住宅,0.5303030303030303,2.0794415416798357,7.489330683884977,2.772588722239781,3.9758506396608007,3.334434164699998,19.651645752165393,8,1.0,19.0,12.0,11.0,3.0,5.0
909736,星耀城,杭州,33139.0,2014.0,9,53,25.0,4.0,商办类,50.0,商住楼,5.888888888888889,5.375278407684165,6.770125502755525,4.605170185988092,4.43614195558365,3.683177347273081,24.869893399284514,17,5.0,14.0,16.0,15.0,9.0,18.0
637906,黄龙金茂悦,杭州,53589.0,2016.0,37,52,35.0,2.8,纯商品住宅,70.0,住宅,1.4054054054054055,6.238324625039507,7.08303336014054,5.666426688112432,4.7931716376863855,3.757483285265014,27.53843959624388,16,7.0,16.0,17.0,19.0,16.0,16.0
476482,华瑞晴庐,杭州,29540.0,2016.0,50,72,30.0,2.8,纯商品住宅,70.0,住宅,1.44,4.1588830833596715,7.08303336014054,5.1298987149230735,4.624594812633863,3.757483285265014,24.75389325632216,14,3.0,16.0,17.0,17.0,12.0,16.0
825725,大家悦墅,杭州,18920.0,2016.0,10,3,30.0,2.0,纯商品住宅,70.0,住宅,0.3,3.295836866004329,6.212266624470001,5.666426688112432,4.7931716376863855,3.683177347273081,23.65087916354623,16,2.0,11.0,16.0,19.0,16.0,12.0
160017,临江花园(公寓住宅),杭州,32641.0,2003.0,51,37,35.0,2.7,纯商品住宅,70.0,住宅,0.7254901960784313,4.1588830833596715,6.770125502755525,4.394449154672439,4.7931716376863855,3.8944519556201884,24.011081334094207,19,3.0,14.0,19.0,19.0,8.0,20.0
785683,西溪华东园,杭州,28547.0,2014.0,51,20,30.0,0.7,纯商品住宅,70.0,住宅,0.39215686274509803,5.375278407684165,6.931471805599453,4.1588830833596715,4.533141350489946,3.8277706729163725,24.826545320049608,15,5.0,15.0,18.0,16.0,7.0,8.0
161133,钱江彩虹城,杭州,42554.0,2006.0,92,98,37.0,2.0,纯商品住宅,70.0,住宅,1.065217391304348,4.828313737302301,7.08303336014054,4.394449154672439,4.624594812633863,3.683177347273081,24.61356841202222,16,4.0,16.0,16.0,17.0,8.0,18.0
241020,久恒铭鹤花园,杭州,15634.0,2010.0,49,10,34.5,1.2,纯商品住宅,70.0,住宅,0.20408163265306123,3.295836866004329,6.597643324038146,1.3862943611198906,4.871235900357477,3.9578791690404502,20.10888962056029,19,2.0,13.0,20.0,20.0,1.0,18.0
579336,龙湖春江彼岸,杭州,60296.0,2015.0,78,86,30.1,3.2,纯商品住宅,70.0,住宅,1.1025641025641026,4.828313737302301,7.489330683884977,4.1588830833596715,4.533141350489946,2.99336062089226,24.003029475929157,15,4.0,19.0,9.0,16.0,7.0,15.0
336639,仓溢绿苑,杭州,18320.0,2009.0,9,77,30.0,1.8,纯商品住宅,70.0,住宅,8.555555555555555,5.8377304471659395,7.225929394740412,4.605170185988092,4.7931716376863855,3.8944519556201884,26.356453621201016,17,6.0,17.0,19.0,19.0,9.0,19.0
649983,龙湖春江郦城,杭州,66383.0,2015.0,39,59,30.1,3.2,纯商品住宅,70.0,住宅,1.5128205128205128,5.375278407684165,6.931471805599453,5.545177444479562,4.7931716376863855,3.757483285265014,26.40258258071458,15,5.0,15.0,17.0,19.0,15.0,17.0
160752,耀江文鼎苑,杭州,54490.0,2009.0,105,126,38.0,2.5,纯商品住宅,70.0,住宅,1.2,4.1588830833596715,6.931471805599453,5.666426688112432,4.43614195558365,3.6043653389117156,24.797288871566924,16,3.0,15.0,15.0,15.0,16.0,17.0
175739,观邸国际,杭州,36964.0,2008.0,70,59,45.0,2.5,纯商品住宅,70.0,住宅,0.8428571428571429,3.295836866004329,6.931471805599453,4.394449154672439,4.711102366666305,3.757483285265014,23.09034347820754,19,2.0,15.0,17.0,18.0,8.0,16.0
170497,万科西溪蝶园(北区),杭州,54446.0,2009.0,63,40,35.0,2.3,纯商品住宅,70.0,住宅,0.6349206349206349,4.1588830833596715,7.361097447916101,3.58351893845611,4.7931716376863855,3.8277706729163725,23.72444178033464,19,3.0,18.0,18.0,19.0,5.0,17.0
200064,逸居城,杭州,17918.0,2010.0,66,47,30.5,1.95,纯商品住宅,70.0,住宅,0.7121212121212122,3.295836866004329,3.4657359027997265,1.3862943611198906,4.624594812633863,3.6043653389117156,16.376827281469527,18,2.0,3.0,15.0,17.0,1.0,18.0
160553,新明半岛(公寓住宅),杭州,17001.0,2007.0,58,40,37.8,1.41,纯商品住宅,70.0,住宅,0.6896551724137931,2.0794415416798357,7.489330683884977,2.772588722239781,4.533141350489946,3.9578791690404502,20.83238146733499,15,1.0,19.0,20.0,16.0,3.0,9.0
826308,中海寰宇天下C区,杭州,51703.0,2015.0,34,41,50.0,2.5,纯商品住宅,70.0,住宅,1.2058823529411764,4.828313737302301,6.597643324038146,4.605170185988092,4.103918971938459,3.430774528499836,23.565820747766836,12,4.0,13.0,13.0,12.0,9.0,16.0
369850,东厦东港,杭州,14593.0,2013.0,59,48,31.6,1.8,纯商品住宅,70.0,住宅,0.8135593220338984,3.295836866004329,7.361097447916101,4.1588830833596715,4.7931716376863855,3.8277706729163725,23.43675970788286,16,2.0,18.0,18.0,19.0,7.0,13.0
193252,和家园(南区公寓住宅),杭州,37613.0,2013.0,38,50,35.0,1.72,纯商品住宅,70.0,住宅,1.3157894736842106,2.0794415416798357,7.611306094308557,4.394449154672439,4.222491727384414,2.7032740041837866,21.010962522229033,18,1.0,20.0,7.0,13.0,8.0,16.0
628433,德信泊林春天,杭州,25518.0,2017.0,35,162,25.0,3.0,纯商品住宅,70.0,住宅,4.628571428571429,2.0794415416798357,7.08303336014054,3.58351893845611,4.711102366666305,3.8277706729163725,21.284866879859166,19,1.0,16.0,18.0,18.0,5.0,3.0
370053,朗郡庭园(公寓住宅),杭州,29879.0,2011.0,86,22,30.0,2.0,纯商品住宅,70.0,住宅,0.2558139534883721,2.0794415416798357,7.225929394740412,3.2188758248682006,4.332880321763536,3.2303786447244005,20.087505727776385,16,1.0,17.0,11.0,14.0,4.0,7.0
179315,东海水景城(公寓住宅),杭州,23928.0,2010.0,109,82,35.0,2.15,纯商品住宅,70.0,住宅,0.7522935779816514,5.375278407684165,6.931471805599453,5.1298987149230735,4.711102366666305,3.8277706729163725,25.97552196778937,19,5.0,15.0,18.0,18.0,12.0,17.0
369856,宋都阳光国际观澜苑,杭州,28412.0,2013.0,33,30,30.0,2.58,纯商品住宅,70.0,住宅,0.9090909090909091,4.828313737302301,6.931471805599453,3.2188758248682006,4.332880321763536,3.334434164699998,22.64597585423349,17,4.0,15.0,12.0,14.0,4.0,11.0
369879,赞成美树,杭州,19336.0,2010.0,48,40,30.0,2.4,纯商品住宅,70.0,住宅,0.8333333333333334,5.375278407684165,5.19860385419959,3.58351893845611,4.533141350489946,3.8277706729163725,22.518313223746183,15,5.0,7.0,18.0,16.0,5.0,16.0
486928,野风海天城,杭州,19039.0,2007.0,60,174,33.7,2.65,纯商品住宅,70.0,住宅,2.9,4.828313737302301,7.361097447916101,3.2188758248682006,4.711102366666305,3.9578791690404502,24.077268545793356,18,4.0,18.0,20.0,18.0,4.0,12.0
369976,东海闲湖城(公寓住宅),杭州,18961.0,2018.0,86,123,35.0,1.25,纯商品住宅,70.0,住宅,1.430232558139535,0.0,7.489330683884977,2.1972245773362196,4.624594812633863,3.8277706729163725,18.138920746771433,19,0.0,19.0,18.0,17.0,2.0,15.0
370106,铂金名筑,杭州,37425.0,2014.0,26,66,40.0,2.0,纯商品住宅,70.0,住宅,2.5384615384615383,4.1588830833596715,7.225929394740412,4.394449154672439,4.533141350489946,3.757483285265014,24.069886268527483,17,3.0,17.0,17.0,16.0,8.0,16.0
160550,同城印象(东区),杭州,16914.0,2013.0,21,14,35.0,1.45,纯商品住宅,70.0,住宅,0.6666666666666666,3.295836866004329,7.08303336014054,5.278114659230517,4.711102366666305,3.8277706729163725,24.195857924958062,19,2.0,16.0,18.0,18.0,13.0,20.0
825861,都市阳光和苑,杭州,21129.0,2010.0,25,33,30.0,3.0,纯商品住宅,70.0,住宅,1.32,4.1588830833596715,7.225929394740412,4.605170185988092,4.624594812633863,3.757483285265014,24.372060761987054,14,3.0,17.0,17.0,17.0,9.0,11.0
369831,和达御观邸,杭州,41127.0,2013.0,30,29,30.0,2.8,纯商品住宅,70.0,住宅,0.9666666666666667,3.295836866004329,6.597643324038146,5.8888779583328805,4.533141350489946,3.8944519556201884,24.209951454485488,18,2.0,13.0,19.0,16.0,18.0,19.0
369934,金域兰庭,杭州,19294.0,2013.0,55,29,30.0,2.5,纯商品住宅,70.0,住宅,0.5272727272727272,2.0794415416798357,4.023594781085251,3.8918202981106265,3.5155593237379517,3.334434164699998,16.844850109313665,10,1.0,4.0,12.0,8.0,6.0,3.0
160558,六合天寓,杭州,44006.0,2006.0,62,27,40.0,3.5,纯商品住宅,70.0,住宅,0.43548387096774194,4.828313737302301,6.931471805599453,3.8918202981106265,4.711102366666305,3.683177347273081,24.045885554951766,15,4.0,15.0,16.0,18.0,6.0,20.0
269307,华元爱丁郡,杭州,28384.0,2012.0,22,32,30.0,1.8,纯商品住宅,70.0,住宅,1.4545454545454546,5.375278407684165,5.493061443340549,4.605170185988092,4.7931716376863855,3.5204652614328733,23.787146936132068,15,5.0,8.0,14.0,19.0,9.0,11.0
370104,城发云锦城,杭州,21592.0,2014.0,58,26,30.0,2.4,纯商品住宅,70.0,住宅,0.4482758620689655,2.0794415416798357,7.225929394740412,5.1298987149230735,4.624594812633863,3.8277706729163725,22.887635136893557,14,1.0,17.0,18.0,17.0,12.0,9.0
379785,九龙仓碧玺,杭州,55162.0,2015.0,12,26,30.0,2.1,纯商品住宅,70.0,住宅,2.1666666666666665,4.828313737302301,6.770125502755525,5.780743515792329,4.533141350489946,3.757483285265014,25.66980739160511,19,4.0,14.0,17.0,16.0,17.0,16.0
297363,中海紫藤苑,杭州,28753.0,2012.0,25,23,30.0,2.5,纯商品住宅,70.0,住宅,0.92,4.1588830833596715,6.770125502755525,4.394449154672439,4.624594812633863,3.8944519556201884,23.842504509041685,18,3.0,14.0,19.0,17.0,8.0,17.0
237901,青枫墅园林语阁(公寓住宅),杭州,26202.0,2015.0,13,17,41.0,1.35,纯商品住宅,70.0,住宅,1.3076923076923077,4.828313737302301,7.225929394740412,4.1588830833596715,4.533141350489946,3.8277706729163725,24.5740382388087,16,4.0,17.0,18.0,16.0,7.0,6.0
369852,绿城玉园,杭州,37719.0,2016.0,42,22,30.0,4.08,纯商品住宅,70.0,住宅,0.5238095238095238,6.238324625039507,6.770125502755525,5.278114659230517,4.711102366666305,3.683177347273081,26.680844500964938,19,7.0,14.0,16.0,18.0,13.0,20.0
369846,保利江语海(公寓住宅),杭州,32014.0,2013.0,66,92,30.4,2.6,纯商品住宅,70.0,住宅,1.393939393939394,3.295836866004329,7.361097447916101,2.772588722239781,4.7931716376863855,3.8944519556201884,22.117146629466784,16,2.0,18.0,19.0,19.0,3.0,6.0
781406,篁外(公寓住宅),杭州,26192.0,2013.0,91,47,30.0,2.0,纯商品住宅,70.0,住宅,0.5164835164835165,3.295836866004329,6.412373393653842,3.58351893845611,4.533141350489946,3.334434164699998,21.159304713304223,16,2.0,12.0,12.0,16.0,5.0,4.0
160524,天阳棕榈湾(东区),杭州,17107.0,2006.0,38,19,35.0,1.32,纯商品住宅,70.0,住宅,0.5,3.295836866004329,7.225929394740412,3.58351893845611,4.103918971938459,2.7032740041837866,20.912478175323095,13,2.0,17.0,7.0,12.0,5.0,7.0
370072,德信北海公园,杭州,35024.0,2011.0,27,22,30.0,2.3,纯商品住宅,70.0,住宅,0.8148148148148148,3.295836866004329,6.931471805599453,4.394449154672439,4.533141350489946,3.757483285265014,22.912382462031182,16,2.0,15.0,17.0,16.0,8.0,19.0
160587,紫云山庄(别墅),杭州,30145.0,2005.0,20,4,60.0,1.79,纯商品住宅,70.0,别墅,0.2,3.295836866004329,1.7328679513998633,1.3862943611198906,4.7931716376863855,3.9578791690404502,15.166049985250918,14,2.0,1.0,20.0,19.0,1.0,6.0
597681,景瑞御蓝湾,杭州,16939.0,2015.0,32,49,30.0,2.3,纯商品住宅,70.0,住宅,1.53125,3.295836866004329,7.08303336014054,4.605170185988092,4.7931716376863855,3.757483285265014,23.53469533508436,18,2.0,16.0,17.0,19.0,9.0,15.0
160935,翠苑一区,杭州,34036.0,1990.0,66,108,35.0,2.0,纯商品住宅,70.0,住宅,1.6363636363636365,5.8377304471659395,7.225929394740412,5.780743515792329,4.103918971938459,3.683177347273081,26.63149967691022,14,6.0,17.0,16.0,12.0,17.0,19.0
316460,浙地人家,杭州,18822.0,2010.0,7,9,30.0,1.0,纯商品住宅,70.0,住宅,1.2857142857142858,4.828313737302301,5.994738181995927,4.605170185988092,4.7931716376863855,3.334434164699998,23.555827907672704,16,4.0,10.0,12.0,19.0,9.0,10.0
369902,金地天逸,杭州,45231.0,2016.0,80,43,38.0,2.5,纯商品住宅,70.0,住宅,0.5375,4.828313737302301,7.489330683884977,5.278114659230517,4.711102366666305,3.8944519556201884,26.20131340270429,17,4.0,19.0,19.0,18.0,13.0,17.0
826425,欣盛东方郡(东区),杭州,51475.0,2010.0,70,101,37.0,2.3,纯商品住宅,70.0,住宅,1.4428571428571428,5.375278407684165,7.08303336014054,5.666426688112432,4.43614195558365,3.683177347273081,26.24405775879387,17,5.0,16.0,16.0,15.0,16.0,20.0
479412,天鸿香榭里,杭州,24709.0,2012.0,19,26,30.0,2.5,纯商品住宅,70.0,住宅,1.368421052631579,3.295836866004329,6.770125502755525,4.394449154672439,4.222491727384414,3.6043653389117156,22.287268589728424,14,2.0,14.0,15.0,13.0,8.0,19.0
160104,世纪新城,杭州,46362.0,2005.0,67,68,45.0,2.55,纯商品住宅,70.0,住宅,1.0149253731343284,6.238324625039507,6.931471805599453,5.41610040220442,4.7931716376863855,3.334434164699998,26.713502635229766,14,7.0,15.0,12.0,19.0,14.0,17.0
160297,三江鸣翠蓝湾(别墅),杭州,24342.0,2007.0,50,18,30.0,1.75,纯商品住宅,70.0,别墅,0.36,3.295836866004329,7.225929394740412,1.3862943611198906,4.871235900357477,3.8944519556201884,20.673748477842295,18,2.0,17.0,19.0,20.0,1.0,16.0
160594,三江花园(公寓住宅),杭州,19810.0,2008.0,70,88,35.2,1.59,纯商品住宅,70.0,住宅,1.2571428571428571,4.828313737302301,5.994738181995927,3.2188758248682006,4.624594812633863,3.8277706729163725,22.494293229716664,17,4.0,10.0,18.0,17.0,4.0,18.0
649613,融创河滨之城水澜轩,杭州,61068.0,2016.0,43,47,30.0,2.4,纯商品住宅,70.0,住宅,1.0930232558139534,3.295836866004329,7.361097447916101,3.2188758248682006,4.43614195558365,3.8277706729163725,22.139722767288653,17,2.0,18.0,18.0,15.0,4.0,20.0
160802,西城时代家园,杭州,19044.0,2012.0,21,68,31.0,1.8,纯商品住宅,70.0,住宅,3.238095238095238,4.1588830833596715,7.361097447916101,5.1298987149230735,4.7931716376863855,3.8944519556201884,25.33750283950542,19,3.0,18.0,19.0,19.0,12.0,20.0
576119,融科瑷骊山,杭州,30625.0,2014.0,82,46,30.0,1.86,纯商品住宅,70.0,住宅,0.5609756097560976,3.295836866004329,6.597643324038146,3.58351893845611,4.624594812633863,3.8944519556201884,21.996045896752634,14,2.0,13.0,19.0,17.0,5.0,14.0
160265,竹海水韵(公寓住宅),杭州,17059.0,2009.0,112,135,42.0,1.35,纯商品住宅,70.0,住宅,1.2053571428571428,0.0,6.412373393653842,3.2188758248682006,4.624594812633863,3.757483285265014,18.01332731642092,16,0.0,12.0,17.0,17.0,4.0,6.0
573718,德信东望,杭州,41837.0,2015.0,40,64,30.0,2.6,纯商品住宅,70.0,住宅,1.6,6.238324625039507,7.225929394740412,5.278114659230517,4.7931716376863855,3.8944519556201884,27.42999227231701,18,7.0,17.0,19.0,19.0,13.0,18.0
660197,昆仑华府,杭州,20525.0,2018.0,53,69,30.0,2.5,纯商品住宅,70.0,住宅,1.3018867924528301,3.295836866004329,7.489330683884977,2.772588722239781,4.533141350489946,3.8277706729163725,21.918668295535404,17,2.0,19.0,18.0,16.0,3.0,15.0
600730,绿城之江1号(东区),杭州,38902.0,2016.0,98,11,35.0,2.0,纯商品住宅,70.0,住宅,0.11224489795918367,2.0794415416798357,7.08303336014054,3.58351893845611,4.711102366666305,3.757483285265014,21.214579492207807,20,1.0,16.0,17.0,18.0,5.0,7.0
175855,复兴南苑,杭州,32351.0,1998.0,72,91,30.0,1.8,纯商品住宅,70.0,住宅,1.2638888888888888,4.1588830833596715,5.994738181995927,5.1298987149230735,4.711102366666305,3.8944519556201884,23.889074302565167,17,3.0,10.0,19.0,18.0,12.0,17.0
160445,江南豪园,杭州,43747.0,2006.0,56,110,38.0,2.5,纯商品住宅,70.0,住宅,1.9642857142857142,5.375278407684165,7.361097447916101,5.780743515792329,4.332880321763536,3.8277706729163725,26.677770366072505,19,5.0,18.0,18.0,14.0,17.0,19.0
785618,尚海湾(公寓住宅),杭州,24094.0,2016.0,35,78,30.0,2.5,纯商品住宅,70.0,住宅,2.2285714285714286,2.0794415416798357,7.361097447916101,5.1298987149230735,4.332880321763536,3.683177347273081,22.586495373555625,15,1.0,18.0,16.0,14.0,12.0,17.0
825931,福鼎家园,杭州,19925.0,2013.0,4,79,30.0,2.01,纯商品住宅,70.0,住宅,19.75,5.8377304471659395,6.412373393653842,3.58351893845611,4.711102366666305,3.757483285265014,24.30220843120721,18,6.0,12.0,17.0,18.0,5.0,18.0
217304,锦绣钱塘,杭州,29131.0,2012.0,49,17,65.0,0.28,纯商品住宅,70.0,别墅,0.3469387755102041,0.0,1.7328679513998633,1.3862943611198906,4.332880321763536,3.8277706729163725,11.279813307199662,17,0.0,1.0,18.0,14.0,1.0,0.0
160277,绿都湖滨花园(公寓住宅),杭州,34365.0,2008.0,35,17,38.0,1.7,纯商品住宅,70.0,住宅,0.4857142857142857,6.238324625039507,7.361097447916101,5.1298987149230735,4.332880321763536,3.757483285265014,26.81968439490723,18,7.0,18.0,17.0,14.0,12.0,18.0
584452,中海西溪华府,杭州,47038.0,2014.0,32,33,30.0,2.0,纯商品住宅,70.0,住宅,1.03125,4.1588830833596715,7.08303336014054,3.8918202981106265,4.7931716376863855,3.5204652614328733,23.4473736407301,16,3.0,16.0,14.0,19.0,6.0,19.0
160229,亲亲家园一期,杭州,22898.0,2005.0,69,53,35.0,1.2,纯商品住宅,70.0,住宅,0.7681159420289855,3.295836866004329,7.225929394740412,5.666426688112432,4.533141350489946,3.5204652614328733,24.241799560779988,18,2.0,17.0,14.0,16.0,16.0,19.0
160582,昆仑水印城,杭州,46103.0,2007.0,61,75,40.5,3.6,纯商品住宅,70.0,住宅,1.2295081967213115,4.1588830833596715,6.212266624470001,5.1298987149230735,4.624594812633863,3.8944519556201884,24.020095191006796,13,3.0,11.0,19.0,17.0,12.0,16.0
825999,通和戈雅公寓,杭州,21881.0,2014.0,82,96,35.0,1.59,纯商品住宅,70.0,住宅,1.170731707317073,3.295836866004329,4.864775372638283,2.1972245773362196,4.624594812633863,2.99336062089226,17.975792249504956,13,2.0,6.0,9.0,17.0,2.0,2.0
528981,众安理想湾(公寓住宅),杭州,13911.0,2015.0,78,170,30.0,2.5,纯商品住宅,70.0,住宅,2.1794871794871793,3.295836866004329,6.412373393653842,3.58351893845611,4.624594812633863,3.9578791690404502,21.87420317978859,20,2.0,12.0,20.0,17.0,5.0,10.0
173565,庭院深深(西区),杭州,13446.0,2012.0,41,31,30.0,1.68,纯商品住宅,70.0,住宅,0.7560975609756098,2.0794415416798357,7.489330683884977,2.772588722239781,3.9758506396608007,3.430774528499836,19.74798611596523,8,1.0,19.0,13.0,11.0,3.0,6.0
910832,欧美金融城,杭州,23579.0,2016.0,33,189,30.0,3.0,商办类,50.0,商住楼,5.7272727272727275,6.238324625039507,6.931471805599453,4.1588830833596715,4.871235900357477,3.9578791690404502,26.15779458339656,19,7.0,15.0,20.0,20.0,7.0,20.0
1000571,逸城(公寓住宅),杭州,13857.0,2019.0,143,3,41.0,2.02,纯商品住宅,70.0,住宅,0.02097902097902098,0.0,2.7465307216702746,0.0,4.624594812633863,3.6043653389117156,10.975490873215854,13,0.0,2.0,15.0,17.0,0.0,3.0
627593,万科良渚文化村未来城,杭州,21830.0,2016.0,25,43,30.0,2.5,纯商品住宅,70.0,住宅,1.72,3.295836866004329,6.770125502755525,2.772588722239781,4.711102366666305,3.8277706729163725,21.377424130582313,16,2.0,14.0,18.0,18.0,3.0,12.0
542544,七贤郡(1-50),杭州,18032.0,2014.0,60,9,30.0,1.3,纯商品住宅,70.0,住宅,0.15,0.0,4.864775372638283,2.772588722239781,4.711102366666305,3.683177347273081,16.03164380881745,18,0.0,6.0,16.0,18.0,3.0,2.0
160731,国都枫华府第,杭州,51887.0,2011.0,42,50,34.0,2.7,纯商品住宅,70.0,住宅,1.1904761904761905,6.238324625039507,7.361097447916101,5.666426688112432,4.332880321763536,3.683177347273081,27.28190643010466,14,7.0,18.0,16.0,14.0,16.0,19.0
160371,港湾家园,杭州,42979.0,2006.0,21,27,30.0,1.5,纯商品住宅,70.0,住宅,1.2857142857142858,4.1588830833596715,6.931471805599453,4.795790545596741,4.332880321763536,3.683177347273081,23.902203103592484,14,3.0,15.0,16.0,14.0,10.0,16.0
244215,朗诗国际街区,杭州,21829.0,2010.0,52,49,47.0,2.45,纯商品住宅,70.0,住宅,0.9423076923076923,4.1588830833596715,7.361097447916101,3.2188758248682006,4.711102366666305,3.6043653389117156,23.054324061721996,15,3.0,18.0,15.0,18.0,4.0,6.0
160492,银色港湾(公寓住宅),杭州,39864.0,2002.0,33,16,35.0,3.0,纯商品住宅,70.0,住宅,0.48484848484848486,4.828313737302301,7.361097447916101,4.795790545596741,4.533141350489946,3.683177347273081,25.201520428578167,14,4.0,18.0,16.0,16.0,10.0,19.0
650168,钱塘明月,杭州,51766.0,2016.0,40,7,30.0,2.7,纯商品住宅,70.0,住宅,0.175,4.828313737302301,7.489330683884977,5.780743515792329,4.711102366666305,3.683177347273081,26.49266765091899,16,4.0,19.0,16.0,18.0,17.0,17.0
578175,德信晓宸,杭州,37737.0,2015.0,22,26,30.0,2.2,纯商品住宅,70.0,住宅,1.1818181818181819,4.1588830833596715,7.08303336014054,4.795790545596741,4.711102366666305,3.6043653389117156,24.353174694674973,14,3.0,16.0,15.0,18.0,10.0,17.0
628375,大华西溪风情澄品,杭州,40840.0,2015.0,14,14,50.0,0.74,纯商品住宅,70.0,住宅,1.0,6.238324625039507,6.770125502755525,3.58351893845611,4.871235900357477,3.5204652614328733,24.98367022804149,17,7.0,14.0,14.0,20.0,5.0,18.0
209262,世茂江滨花园瑞景湾,杭州,21755.0,2010.0,64,71,40.3,2.18,纯商品住宅,70.0,住宅,1.109375,2.0794415416798357,7.489330683884977,2.1972245773362196,4.103918971938459,3.430774528499836,19.300690303339326,16,1.0,19.0,13.0,12.0,2.0,0.0
793798,阳光里,杭州,12300.0,2010.0,2,8,30.0,1.52,纯商品住宅,70.0,住宅,4.0,3.295836866004329,7.361097447916101,5.8888779583328805,4.871235900357477,3.9578791690404502,25.374927341651237,16,2.0,18.0,20.0,20.0,18.0,19.0
450266,近江六园,杭州,37050.0,2003.0,33,38,35.0,2.5,纯商品住宅,70.0,住宅,1.1515151515151516,6.907755278982138,6.412373393653842,5.780743515792329,3.836632436477393,3.5204652614328733,26.457969886338574,17,9.0,12.0,14.0,10.0,17.0,18.0
192354,铂金时代,杭州,39728.0,2009.0,27,45,40.0,3.0,纯商品住宅,70.0,住宅,1.6666666666666667,6.238324625039507,7.225929394740412,5.545177444479562,4.533141350489946,3.430774528499836,26.973347343249262,17,7.0,17.0,13.0,16.0,15.0,17.0
720940,新桃源,杭州,12705.0,2012.0,8,6,25.0,1.6,纯商品住宅,70.0,住宅,0.75,0.0,5.994738181995927,1.3862943611198906,3.9758506396608007,3.8944519556201884,15.251335138396808,15,0.0,10.0,19.0,11.0,1.0,16.0
369842,龙湖滟澜山(茗轩),杭州,31344.0,2013.0,44,68,30.0,2.8,纯商品住宅,70.0,住宅,1.5454545454545454,4.1588830833596715,7.225929394740412,5.991464547107982,4.711102366666305,3.8944519556201884,25.98183134749456,20,3.0,17.0,19.0,18.0,19.0,16.0
994908,闲林山水海棠苑,杭州,13750.0,2001.0,10,10,35.2,1.49,纯商品住宅,70.0,住宅,1.0,5.375278407684165,6.412373393653842,4.795790545596741,4.624594812633863,3.683177347273081,24.891214506841692,18,5.0,12.0,16.0,17.0,10.0,7.0
369953,绿城明月江南(东区),杭州,61996.0,2015.0,36,21,30.0,2.5,纯商品住宅,70.0,住宅,0.5833333333333334,4.828313737302301,6.597643324038146,5.545177444479562,4.43614195558365,3.6043653389117156,25.011641800315378,18,4.0,13.0,15.0,15.0,15.0,20.0
641638,富越香郡,杭州,42135.0,2015.0,18,53,30.0,3.0,纯商品住宅,70.0,住宅,2.9444444444444446,4.828313737302301,7.225929394740412,5.666426688112432,4.624594812633863,3.117263854637882,25.46252848742689,15,4.0,17.0,10.0,17.0,16.0,19.0
826412,江南望庄,杭州,57365.0,2014.0,23,25,30.0,2.5,纯商品住宅,70.0,住宅,1.0869565217391304,5.375278407684165,7.489330683884977,5.8888779583328805,4.533141350489946,3.8277706729163725,27.11439907330834,17,5.0,19.0,18.0,16.0,18.0,19.0
804783,白塔人家,杭州,37970.0,2012.0,29,40,20.0,1.8,纯商品住宅,70.0,住宅,1.3793103448275863,3.295836866004329,5.493061443340549,3.58351893845611,4.103918971938459,3.2303786447244005,19.706714864463848,14,2.0,8.0,11.0,12.0,5.0,4.0
793527,龙湖武林九里,杭州,28723.0,2018.0,53,46,30.0,2.3,纯商品住宅,70.0,住宅,0.8679245283018868,4.1588830833596715,7.361097447916101,4.1588830833596715,4.624594812633863,3.683177347273081,23.986635774542385,16,3.0,18.0,16.0,17.0,7.0,13.0
825510,美凯国际寓所,杭州,13582.0,2012.0,4,2,36.0,1.6,纯商品住宅,70.0,住宅,0.5,0.0,7.225929394740412,5.41610040220442,4.624594812633863,3.8277706729163725,21.094395282495068,16,0.0,17.0,18.0,17.0,14.0,10.0
224570,迎春南苑,杭州,34408.0,2000.0,11,146,33.0,4.5,纯商品住宅,70.0,住宅,13.272727272727273,4.828313737302301,7.225929394740412,4.969813299576001,3.9758506396608007,3.5204652614328733,24.52037233271239,14,4.0,17.0,14.0,11.0,11.0,12.0
863104,绿城桃源小镇东方苑,杭州,19292.0,2014.0,43,22,34.0,2.5,纯商品住宅,70.0,住宅,0.5116279069767442,0.0,6.597643324038146,3.2188758248682006,4.222491727384414,3.8944519556201884,17.933462831910948,15,0.0,13.0,19.0,13.0,4.0,4.0
909730,万象城悦玺,杭州,51156.0,2015.0,29,79,30.0,5.0,商办类,50.0,商住楼,2.7241379310344827,7.4547199493640015,6.770125502755525,5.41610040220442,4.624594812633863,3.757483285265014,28.023023952222825,17,11.0,14.0,17.0,17.0,14.0,18.0
656352,运河宸园(公寓住宅),杭州,69162.0,2016.0,27,15,30.0,2.1,纯商品住宅,70.0,住宅,0.5555555555555556,5.375278407684165,6.597643324038146,5.666426688112432,4.624594812633863,3.8944519556201884,26.158395188088797,19,5.0,13.0,19.0,17.0,16.0,17.0
658012,香悦郡国际公寓,杭州,27615.0,2016.0,46,47,30.0,2.8,纯商品住宅,70.0,住宅,1.0217391304347827,4.828313737302301,7.08303336014054,5.666426688112432,4.624594812633863,3.8277706729163725,26.030139271105508,18,4.0,16.0,18.0,17.0,16.0,19.0
608759,方正御星,杭州,37998.0,2016.0,17,10,30.0,2.3,纯商品住宅,70.0,住宅,0.5882352941176471,3.295836866004329,6.931471805599453,5.278114659230517,4.711102366666305,3.8277706729163725,24.04429637041698,16,2.0,15.0,18.0,18.0,13.0,19.0
299627,彩虹豪庭,杭州,73941.0,2011.0,18,23,30.0,2.0,纯商品住宅,70.0,住宅,1.2777777777777777,4.828313737302301,6.597643324038146,4.394449154672439,4.871235900357477,3.2303786447244005,23.922020761094764,17,4.0,13.0,11.0,20.0,8.0,18.0
193773,梦琴湾,杭州,18871.0,2007.0,61,56,35.0,3.5,纯商品住宅,70.0,住宅,0.9180327868852459,4.1588830833596715,7.489330683884977,3.2188758248682006,4.624594812633863,3.5204652614328733,23.01214966617959,15,3.0,19.0,14.0,17.0,4.0,6.0
369942,华盛达阅城,杭州,39646.0,2013.0,22,18,30.0,2.2,纯商品住宅,70.0,住宅,0.8181818181818182,4.1588830833596715,7.08303336014054,5.545177444479562,4.624594812633863,3.9578791690404502,25.369567869654087,17,3.0,16.0,20.0,17.0,15.0,19.0
369886,宋都晨光国际,杭州,25687.0,2013.0,82,62,30.0,2.8,纯商品住宅,70.0,住宅,0.7560975609756098,2.0794415416798357,7.611306094308557,1.3862943611198906,4.533141350489946,3.757483285265014,19.367666632863244,15,1.0,20.0,17.0,16.0,1.0,4.0
160186,闸弄口新村,杭州,29568.0,1989.0,30,143,17.0,1.6,纯商品住宅,70.0,住宅,4.766666666666667,7.193685818395112,7.08303336014054,5.8888779583328805,4.624594812633863,3.334434164699998,28.124626114202396,17,10.0,16.0,12.0,17.0,18.0,14.0
160181,南都江滨花园,杭州,47290.0,2003.0,25,18,45.0,1.18,纯商品住宅,70.0,住宅,0.72,4.828313737302301,7.08303336014054,4.605170185988092,4.533141350489946,3.8944519556201884,24.944110589541065,13,4.0,16.0,19.0,16.0,9.0,18.0
160360,泰和苑,杭州,32744.0,1998.0,7,2,30.0,5.4,纯商品住宅,70.0,住宅,0.2857142857142857,6.238324625039507,7.489330683884977,5.780743515792329,3.3271064666877375,3.5204652614328733,26.355970552837427,10,7.0,19.0,14.0,7.0,17.0,10.0
160903,长江小区,杭州,29276.0,2005.0,4,92,30.0,1.4,纯商品住宅,70.0,住宅,23.0,3.295836866004329,6.212266624470001,3.8918202981106265,4.332880321763536,3.430774528499836,21.16357863884833,12,2.0,11.0,13.0,14.0,6.0,11.0
160418,新城国际花园彩园,杭州,62954.0,2008.0,5,3,36.0,2.5,纯商品住宅,70.0,住宅,0.6,7.193685818395112,6.770125502755525,5.278114659230517,4.103918971938459,3.6043653389117156,26.95021029123133,15,10.0,14.0,15.0,12.0,13.0,13.0
626947,佳源名城,杭州,17059.0,2016.0,43,34,30.0,2.5,纯商品住宅,70.0,住宅,0.7906976744186046,3.295836866004329,7.08303336014054,3.58351893845611,4.711102366666305,3.8277706729163725,22.501262204183654,17,2.0,16.0,18.0,18.0,5.0,14.0
1036035,乾南嘉苑(南区),杭州,14721.0,2012.0,5,6,30.0,2.5,保障/政策类住宅,70.0,住宅,1.2,4.1588830833596715,7.225929394740412,2.1972245773362196,4.222491727384414,3.117263854637882,20.9217926374586,12,3.0,17.0,10.0,13.0,2.0,5.0
804630,龙湖水晶郦城,杭州,28608.0,2017.0,30,20,30.0,2.8,纯商品住宅,70.0,住宅,0.6666666666666666,4.1588830833596715,7.225929394740412,4.605170185988092,4.533141350489946,3.430774528499836,23.95389854307796,16,3.0,17.0,13.0,16.0,9.0,12.0
524207,古荡新村(东区),杭州,26935.0,1988.0,48,163,30.0,1.7,纯商品住宅,70.0,住宅,3.3958333333333335,6.238324625039507,7.08303336014054,5.41610040220442,4.871235900357477,3.683177347273081,27.291871635015024,13,7.0,16.0,16.0,20.0,14.0,17.0
186603,钱塘名都,杭州,36321.0,2011.0,12,11,30.0,2.5,纯商品住宅,70.0,住宅,0.9166666666666666,6.591673732008658,7.08303336014054,5.666426688112432,3.684136148790474,3.334434164699998,26.3597040937521,15,8.0,16.0,12.0,9.0,16.0,16.0
786883,水岸花苑,杭州,21404.0,2016.0,4,15,30.0,1.2,保障/政策类住宅,70.0,住宅,3.75,3.295836866004329,7.361097447916101,3.58351893845611,3.684136148790474,2.99336062089226,20.917950022059273,16,2.0,18.0,9.0,9.0,5.0,19.0
160342,定山家园(西区),杭州,16928.0,2000.0,6,53,22.0,2.1,保障/政策类住宅,70.0,住宅,8.833333333333334,4.1588830833596715,6.212266624470001,4.1588830833596715,4.7931716376863855,3.757483285265014,23.080687714140744,19,3.0,11.0,17.0,19.0,7.0,19.0
336446,瑞金华庭嘉苑,杭州,20467.0,2012.0,43,46,32.6,1.5,纯商品住宅,70.0,住宅,1.069767441860465,3.295836866004329,7.361097447916101,3.2188758248682006,4.43614195558365,3.8277706729163725,22.139722767288653,19,2.0,18.0,18.0,15.0,4.0,9.0
160893,闲林山水木兰苑,杭州,14206.0,2002.0,19,11,35.2,1.49,纯商品住宅,70.0,住宅,0.5789473684210527,4.828313737302301,6.597643324038146,4.1588830833596715,4.533141350489946,3.5204652614328733,23.63844675662294,16,4.0,13.0,14.0,16.0,7.0,4.0
791609,万科郡西澜山,杭州,28202.0,2017.0,25,2,31.4,1.31,纯商品住宅,70.0,住宅,0.08,0.0,7.361097447916101,2.772588722239781,4.711102366666305,3.9578791690404502,18.802667705862635,18,0.0,18.0,20.0,18.0,3.0,3.0
248839,中海钱塘山水(公寓住宅),杭州,46077.0,2010.0,52,40,30.0,2.5,纯商品住宅,70.0,住宅,0.7692307692307693,3.295836866004329,6.931471805599453,4.1588830833596715,4.711102366666305,3.334434164699998,22.431728286329758,14,2.0,15.0,12.0,18.0,7.0,10.0
616507,万泰城章,杭州,19368.0,2016.0,48,37,30.0,2.4,纯商品住宅,70.0,住宅,0.7708333333333334,5.8377304471659395,6.412373393653842,3.2188758248682006,4.871235900357477,3.8944519556201884,24.234667521665646,13,6.0,12.0,19.0,20.0,4.0,8.0
160393,天福花园,杭州,39522.0,2000.0,30,36,35.0,2.1,纯商品住宅,70.0,住宅,1.2,5.8377304471659395,6.931471805599453,5.780743515792329,4.533141350489946,3.6043653389117156,26.68745245795938,18,6.0,15.0,15.0,16.0,17.0,18.0
497412,中天官河锦庭(公寓住宅),杭州,41738.0,2015.0,58,83,30.0,2.4,纯商品住宅,70.0,住宅,1.4310344827586208,4.828313737302301,7.361097447916101,4.969813299576001,4.43614195558365,3.8277706729163725,25.423137113294423,16,4.0,18.0,18.0,15.0,11.0,18.0
801124,冠山小区,杭州,28938.0,2011.0,9,87,25.0,3.5,纯商品住宅,70.0,住宅,9.666666666666666,2.0794415416798357,7.225929394740412,4.1588830833596715,4.711102366666305,3.9578791690404502,22.133235555486674,16,1.0,17.0,20.0,18.0,7.0,9.0
655351,尚堂府,杭州,33022.0,2017.0,46,93,30.0,2.8,纯商品住宅,70.0,住宅,2.0217391304347827,4.828313737302301,7.08303336014054,5.991464547107982,4.624594812633863,3.334434164699998,25.861840621884685,18,4.0,16.0,12.0,17.0,19.0,15.0
160301,皮市巷小区,杭州,37903.0,1995.0,27,86,28.0,3.0,纯商品住宅,70.0,住宅,3.185185185185185,6.238324625039507,6.597643324038146,5.780743515792329,3.9758506396608007,3.8277706729163725,26.420332777447154,17,7.0,13.0,18.0,11.0,17.0,17.0
223697,滨江万家星城(西区),杭州,36406.0,2007.0,63,67,30.0,2.4,纯商品住宅,70.0,住宅,1.0634920634920635,5.375278407684165,7.08303336014054,5.991464547107982,4.7931716376863855,3.9578791690404502,27.200827121659522,17,5.0,16.0,20.0,19.0,19.0,15.0
826799,龙湖滟澜山(丽轩),杭州,32194.0,2013.0,44,12,30.0,2.8,纯商品住宅,70.0,住宅,0.2727272727272727,4.1588830833596715,7.08303336014054,5.8888779583328805,4.711102366666305,3.8277706729163725,25.66966744141577,19,3.0,16.0,18.0,18.0,18.0,16.0
825632,普金家园,杭州,31352.0,1994.0,21,24,50.0,1.4,纯商品住宅,70.0,住宅,1.1428571428571428,6.238324625039507,7.225929394740412,5.8888779583328805,4.7931716376863855,3.8277706729163725,27.974074288715556,17,7.0,17.0,18.0,19.0,18.0,19.0
826352,佳丰北苑,杭州,31669.0,2010.0,7,89,30.0,2.0,纯商品住宅,70.0,住宅,12.714285714285714,6.238324625039507,7.489330683884977,5.545177444479562,4.533141350489946,3.757483285265014,27.563457389159005,17,7.0,19.0,17.0,16.0,15.0,18.0
183101,凯旋金牛坊,杭州,37835.0,2007.0,13,31,35.0,2.6,纯商品住宅,70.0,住宅,2.3846153846153846,7.193685818395112,7.225929394740412,5.8888779583328805,4.624594812633863,3.334434164699998,28.267522148802268,14,10.0,17.0,12.0,17.0,18.0,14.0
300674,天鸿君邑(公寓住宅),杭州,33416.0,2011.0,42,87,38.0,2.5,纯商品住宅,70.0,住宅,2.0714285714285716,4.828313737302301,7.225929394740412,4.605170185988092,4.222491727384414,3.757483285265014,24.63938833068023,18,4.0,17.0,17.0,13.0,9.0,9.0
589478,望江府,杭州,82315.0,2014.0,20,43,30.0,2.9,纯商品住宅,70.0,住宅,2.15,6.591673732008658,7.225929394740412,5.780743515792329,4.624594812633863,3.117263854637882,27.340205309813147,9,8.0,17.0,10.0,17.0,17.0,15.0
201534,浙新小区,杭州,32847.0,2000.0,11,93,10.0,3.5,纯商品住宅,70.0,住宅,8.454545454545455,4.1588830833596715,7.489330683884977,4.795790545596741,4.222491727384414,3.6043653389117156,24.270861379137518,18,3.0,19.0,15.0,13.0,10.0,12.0
912477,丽晶国际中心,杭州,26229.0,2016.0,10,157,25.0,2.5,商办类,40.0,商住楼,15.7,5.8377304471659395,6.597643324038146,4.1588830833596715,4.624594812633863,3.8277706729163725,25.04662234011399,18,6.0,13.0,18.0,17.0,7.0,19.0
489385,三墩颐景园曲水苑,杭州,35207.0,2005.0,3,9,33.0,1.3,纯商品住宅,70.0,住宅,3.0,5.375278407684165,7.225929394740412,5.8888779583328805,4.7931716376863855,3.9578791690404502,27.241136567484293,18,5.0,17.0,20.0,19.0,18.0,19.0
370004,钱塘梧桐蓝山,杭州,22125.0,2013.0,69,90,30.0,2.8,纯商品住宅,70.0,住宅,1.3043478260869565,4.1588830833596715,7.225929394740412,3.8918202981106265,4.103918971938459,3.6043653389117156,22.984917087060886,11,3.0,17.0,15.0,12.0,6.0,10.0
370006,水岸枫庭,杭州,86074.0,2010.0,22,5,30.0,2.5,纯商品住宅,70.0,住宅,0.22727272727272727,5.8377304471659395,6.770125502755525,5.41610040220442,3.9758506396608007,3.2303786447244005,25.230185636511088,15,6.0,14.0,11.0,11.0,14.0,10.0
303624,东海柠檬郡,杭州,22226.0,2011.0,81,116,30.0,2.6,纯商品住宅,70.0,住宅,1.4320987654320987,3.295836866004329,7.611306094308557,4.605170185988092,4.222491727384414,3.757483285265014,23.492288158950405,17,2.0,20.0,17.0,13.0,9.0,16.0
370013,复城国际(公寓住宅),杭州,17875.0,2012.0,7,2,30.0,2.5,纯商品住宅,70.0,住宅,0.2857142857142857,3.295836866004329,7.08303336014054,5.991464547107982,4.7931716376863855,3.9578791690404502,25.121385579979684,18,2.0,16.0,20.0,19.0,19.0,16.0
825960,顺发富春峰景(公寓住宅),杭州,23328.0,2017.0,5,1,32.0,3.5,纯商品住宅,70.0,住宅,0.2,0.0,7.361097447916101,5.780743515792329,4.624594812633863,3.757483285265014,21.523919061607305,16,0.0,18.0,17.0,17.0,17.0,18.0
615708,金地格林格林,杭州,22383.0,2015.0,49,6,34.0,2.3,纯商品住宅,70.0,住宅,0.12244897959183673,3.295836866004329,6.597643324038146,4.605170185988092,4.533141350489946,3.8944519556201884,22.9262436821407,17,2.0,13.0,19.0,16.0,9.0,4.0
656439,德信大家钱江府,杭州,45910.0,2017.0,32,104,30.0,2.3,纯商品住宅,70.0,住宅,3.25,6.238324625039507,7.225929394740412,5.780743515792329,4.533141350489946,3.683177347273081,27.46131623333527,14,7.0,17.0,16.0,16.0,17.0,14.0
1029638,五月香山(公寓住宅),杭州,15352.0,2006.0,16,8,46.0,0.96,纯商品住宅,70.0,住宅,0.5,2.0794415416798357,2.7465307216702746,2.1972245773362196,4.624594812633863,3.8944519556201884,15.542243608940382,5,1.0,2.0,19.0,17.0,2.0,0.0
160420,建国公寓,杭州,37508.0,2003.0,3,2,25.0,2.0,纯商品住宅,70.0,住宅,0.6666666666666666,6.238324625039507,6.770125502755525,5.991464547107982,3.113456238488501,3.430774528499836,25.54414544189135,10,7.0,14.0,13.0,6.0,19.0,14.0
171201,大华西溪风情(公寓住宅),杭州,48825.0,2004.0,13,4,50.0,0.74,纯商品住宅,70.0,住宅,0.3076923076923077,5.375278407684165,7.08303336014054,3.58351893845611,4.533141350489946,2.99336062089226,23.568332677663022,18,5.0,16.0,9.0,16.0,5.0,19.0
593871,保亿风景晨园(公寓住宅),杭州,17856.0,2015.0,34,57,40.0,2.7,纯商品住宅,70.0,住宅,1.6764705882352942,4.828313737302301,6.931471805599453,3.8918202981106265,4.222491727384414,3.334434164699998,23.20853173309679,14,4.0,15.0,12.0,13.0,6.0,2.0
181169,康城国际,杭州,23626.0,2016.0,122,121,31.0,2.83,纯商品住宅,70.0,住宅,0.9918032786885246,5.375278407684165,6.412373393653842,4.969813299576001,4.624594812633863,3.683177347273081,25.06523726082095,18,5.0,12.0,16.0,17.0,11.0,14.0
217298,新江花园,杭州,22239.0,2009.0,40,80,30.0,2.26,纯商品住宅,70.0,住宅,2.0,4.828313737302301,6.412373393653842,4.795790545596741,3.5155593237379517,3.683177347273081,23.235214347563918,20,4.0,12.0,16.0,8.0,10.0,20.0
160299,国信嘉园(公寓住宅),杭州,39735.0,2006.0,22,13,45.0,1.0,纯商品住宅,70.0,住宅,0.5909090909090909,4.1588830833596715,7.489330683884977,4.605170185988092,4.871235900357477,3.757483285265014,24.882103138855232,12,3.0,19.0,17.0,20.0,9.0,18.0
826176,万星碧云天公寓,杭州,15464.0,2013.0,4,28,10.0,3.0,纯商品住宅,70.0,住宅,7.0,3.295836866004329,7.489330683884977,5.666426688112432,4.7931716376863855,3.8944519556201884,25.13921783130831,19,2.0,19.0,19.0,19.0,16.0,18.0
826498,新天地世嘉新座,杭州,26243.0,2015.0,16,66,30.0,2.51,商办类,50.0,商住楼,4.125,4.828313737302301,6.597643324038146,5.8888779583328805,4.533141350489946,3.8277706729163725,25.675747043079646,19,4.0,13.0,18.0,16.0,18.0,20.0
220193,圆乡名筑,杭州,24705.0,2013.0,14,9,30.0,1.8,纯商品住宅,70.0,住宅,0.6428571428571429,2.0794415416798357,7.08303336014054,4.969813299576001,4.624594812633863,3.8944519556201884,22.651334969650428,19,1.0,16.0,19.0,17.0,11.0,20.0
172587,浣纱路58-371号小区,杭州,53332.0,1995.0,5,27,35.0,1.5,纯商品住宅,70.0,住宅,5.4,6.238324625039507,7.225929394740412,5.8888779583328805,4.871235900357477,3.757483285265014,27.98185116373529,17,7.0,17.0,17.0,20.0,18.0,20.0
826838,绿城明月江南(西区),杭州,62822.0,2015.0,34,26,30.0,2.5,纯商品住宅,70.0,住宅,0.7647058823529411,4.828313737302301,6.770125502755525,5.41610040220442,4.533141350489946,3.8944519556201884,25.44213294837238,17,4.0,14.0,19.0,16.0,14.0,19.0
160838,近江二园,杭州,36184.0,2000.0,25,19,35.0,1.7,纯商品住宅,70.0,住宅,0.76,5.375278407684165,6.412373393653842,5.8888779583328805,4.103918971938459,3.6043653389117156,25.384814070521063,18,5.0,12.0,15.0,12.0,18.0,19.0
160166,竹竿巷小区,杭州,48342.0,1985.0,12,24,10.0,1.7,纯商品住宅,70.0,住宅,2.0,6.591673732008658,6.770125502755525,5.666426688112432,3.5155593237379517,3.757483285265014,26.301268531879582,18,8.0,14.0,17.0,8.0,16.0,19.0
611338,万科公园大道,杭州,35636.0,2016.0,75,55,30.0,2.2,纯商品住宅,70.0,住宅,0.7333333333333333,5.375278407684165,7.08303336014054,5.278114659230517,4.533141350489946,3.334434164699998,25.604001942245166,15,5.0,16.0,12.0,16.0,13.0,14.0
160688,东园小区,杭州,34391.0,1999.0,26,72,30.0,2.2,纯商品住宅,70.0,住宅,2.769230769230769,6.591673732008658,6.770125502755525,5.41610040220442,4.103918971938459,3.6043653389117156,26.48618394781878,14,8.0,14.0,15.0,12.0,14.0,14.0
794728,江滨澜廷,杭州,26273.0,2016.0,39,162,20.0,5.0,商办类,50.0,商住楼,4.153846153846154,4.828313737302301,6.597643324038146,4.605170185988092,4.103918971938459,3.5204652614328733,23.65551148069987,15,4.0,13.0,14.0,12.0,9.0,15.0
781708,新德佳苑,杭州,34008.0,2012.0,10,47,31.0,2.0,保障/政策类住宅,70.0,住宅,4.7,5.375278407684165,7.225929394740412,5.545177444479562,4.222491727384414,3.5204652614328733,25.88934223572143,16,5.0,17.0,14.0,13.0,15.0,13.0
877729,金久城市花园,杭州,11806.0,2012.0,2,7,29.8,1.7,纯商品住宅,70.0,住宅,3.5,0.0,7.225929394740412,4.605170185988092,4.533141350489946,3.757483285265014,20.121724216483464,15,0.0,17.0,17.0,16.0,9.0,10.0
160824,清水公寓,杭州,39683.0,2002.0,29,14,30.0,2.52,纯商品住宅,70.0,住宅,0.4827586206896552,5.8377304471659395,7.361097447916101,5.666426688112432,4.7931716376863855,3.8944519556201884,27.552878176501043,16,6.0,18.0,19.0,19.0,16.0,19.0
634849,西溪金座,杭州,21170.0,2013.0,9,24,25.0,2.8,商办类,50.0,商住楼,2.6666666666666665,4.1588830833596715,6.931471805599453,3.58351893845611,4.871235900357477,3.9578791690404502,23.50298889681316,18,3.0,15.0,20.0,20.0,5.0,19.0
911662,丰盛九玺,杭州,13700.0,2015.0,1,265,30.0,3.5,商办类,50.0,商住楼,265.0,4.1588830833596715,6.412373393653842,4.795790545596741,4.332880321763536,3.757483285265014,23.457410629638805,17,3.0,12.0,17.0,14.0,10.0,18.0
370092,保利玫瑰湾,杭州,23261.0,2013.0,57,34,45.0,2.5,纯商品住宅,70.0,住宅,0.5964912280701754,0.0,7.611306094308557,1.3862943611198906,4.7931716376863855,3.757483285265014,17.548255378379846,17,0.0,20.0,17.0,19.0,1.0,0.0
877687,苕溪南湖人家,杭州,12401.0,2014.0,8,4,30.0,1.2,纯商品住宅,70.0,住宅,0.5,0.0,6.770125502755525,3.58351893845611,4.43614195558365,3.6043653389117156,18.394151735707002,16,0.0,14.0,15.0,15.0,5.0,10.0
1319932,勾庄佳苑,杭州,21428.0,2018.0,11,73,30.0,2.5,保障/政策类住宅,70.0,住宅,6.636363636363637,3.295836866004329,7.489330683884977,4.795790545596741,4.332880321763536,3.117263854637882,23.031102271887466,19,2.0,19.0,10.0,14.0,10.0,12.0
628302,绿都南江壹号,杭州,35631.0,2016.0,4,15,30.0,1.6,纯商品住宅,70.0,住宅,3.75,4.1588830833596715,6.770125502755525,5.1298987149230735,4.43614195558365,3.6043653389117156,24.099414595533638,14,3.0,14.0,15.0,15.0,12.0,17.0
369877,众安嘉润公馆,杭州,26737.0,2020.0,31,172,35.0,6.1,商办类,50.0,商住楼,5.548387096774194,5.375278407684165,5.994738181995927,3.2188758248682006,4.533141350489946,3.683177347273081,22.80521111231132,15,5.0,10.0,16.0,16.0,4.0,12.0
910660,东方君悦,杭州,38938.0,2013.0,40,110,20.6,2.5,商办类,50.0,商住楼,2.75,6.238324625039507,6.597643324038146,4.394449154672439,3.836632436477393,3.5204652614328733,24.58751480166036,17,7.0,13.0,14.0,10.0,8.0,16.0
826192,望江新园一园,杭州,34580.0,2000.0,22,77,30.0,1.3,保障/政策类住宅,70.0,住宅,3.5,6.907755278982138,7.361097447916101,5.666426688112432,4.222491727384414,3.683177347273081,27.840948489668165,17,9.0,18.0,16.0,13.0,16.0,12.0
656248,首开国风美域,杭州,34381.0,2016.0,22,30,30.0,2.5,纯商品住宅,70.0,住宅,1.3636363636363635,4.1588830833596715,7.225929394740412,5.666426688112432,4.533141350489946,3.6043653389117156,25.18874585561418,17,3.0,17.0,15.0,16.0,16.0,14.0
160751,太阳国际公寓(公寓住宅),杭州,45289.0,2006.0,49,104,55.0,2.98,纯商品住宅,70.0,住宅,2.122448979591837,4.828313737302301,6.212266624470001,4.795790545596741,4.7931716376863855,3.430774528499836,24.060317073555264,17,4.0,11.0,13.0,19.0,10.0,18.0
304194,东方一品,杭州,34508.0,2011.0,9,3,45.0,2.2,纯商品住宅,70.0,住宅,0.3333333333333333,4.828313737302301,7.225929394740412,5.780743515792329,4.43614195558365,3.6043653389117156,25.875493942330408,17,4.0,17.0,15.0,15.0,17.0,17.0
331179,明怡花苑,杭州,26095.0,2000.0,9,151,30.0,1.8,纯商品住宅,70.0,住宅,16.77777777777778,4.828313737302301,7.225929394740412,5.545177444479562,4.43614195558365,3.8277706729163725,25.863333205022297,12,4.0,17.0,18.0,15.0,15.0,15.0
370021,西郊半岛(公寓住宅),杭州,19009.0,2012.0,97,50,35.0,2.5,纯商品住宅,70.0,住宅,0.5154639175257731,0.0,5.756462732485115,2.1972245773362196,4.222491727384414,3.2303786447244005,15.406557681930149,15,0.0,9.0,11.0,13.0,2.0,0.0
218032,吉如家园,杭州,35640.0,2009.0,29,62,30.0,2.5,纯商品住宅,70.0,住宅,2.1379310344827585,5.375278407684165,7.489330683884977,5.780743515792329,4.43614195558365,3.683177347273081,26.764671910218205,17,5.0,19.0,16.0,15.0,17.0,10.0
161107,翰墨香林苑,杭州,20748.0,2007.0,27,50,40.0,2.3,保障/政策类住宅,70.0,住宅,1.8518518518518519,4.1588830833596715,7.08303336014054,2.1972245773362196,4.871235900357477,3.9578791690404502,22.26825609023436,20,3.0,16.0,20.0,20.0,2.0,1.0
825992,高运高庄,杭州,23057.0,2017.0,15,8,30.0,2.5,纯商品住宅,70.0,住宅,0.5333333333333333,0.0,7.08303336014054,4.1588830833596715,4.533141350489946,3.117263854637882,18.89232164862804,16,0.0,16.0,10.0,16.0,7.0,9.0
206600,钱江水晶城,杭州,62530.0,2011.0,38,43,35.0,2.5,纯商品住宅,70.0,住宅,1.131578947368421,4.828313737302301,6.931471805599453,4.605170185988092,4.624594812633863,3.430774528499836,24.420325070023544,12,4.0,15.0,13.0,17.0,9.0,16.0
220790,庆春苑,杭州,37035.0,2000.0,15,10,38.0,1.67,纯商品住宅,70.0,住宅,0.6666666666666666,6.907755278982138,7.489330683884977,5.545177444479562,3.3271064666877375,3.430774528499836,26.70014440253425,9,9.0,19.0,13.0,7.0,15.0,15.0
160520,翰林花园,杭州,41138.0,2002.0,19,17,35.0,2.48,纯商品住宅,70.0,住宅,0.8947368421052632,6.907755278982138,7.361097447916101,5.780743515792329,4.624594812633863,3.757483285265014,28.431674340589446,14,9.0,18.0,17.0,17.0,17.0,12.0
220796,天虹公寓,杭州,23504.0,2010.0,12,40,27.0,1.3,纯商品住宅,70.0,住宅,3.3333333333333335,4.1588830833596715,6.597643324038146,5.780743515792329,4.43614195558365,3.430774528499836,24.40418640727363,12,3.0,13.0,13.0,15.0,17.0,13.0
188902,海月花园,杭州,40948.0,2001.0,10,2,42.0,4.3,纯商品住宅,70.0,住宅,0.2,3.295836866004329,5.994738181995927,3.8918202981106265,3.836632436477393,3.5204652614328733,20.53949304402115,15,2.0,10.0,14.0,10.0,6.0,10.0
236163,绿城蓝色钱江(公寓住宅),杭州,129394.0,2011.0,23,19,30.0,3.52,纯商品住宅,70.0,住宅,0.8260869565217391,4.828313737302301,7.361097447916101,5.1298987149230735,4.533141350489946,2.5296831937719073,24.382134444403327,17,4.0,18.0,6.0,16.0,12.0,10.0
785209,新湖菲林山,杭州,32747.0,2017.0,25,18,30.0,1.0,纯商品住宅,70.0,住宅,0.72,3.295836866004329,7.361097447916101,3.2188758248682006,4.43614195558365,3.430774528499836,21.742726622872116,15,2.0,18.0,13.0,15.0,4.0,4.0
369908,泰地北上新城,杭州,11869.0,2012.0,29,134,30.0,2.2,商办类,70.0,商住楼,4.620689655172414,4.1588830833596715,7.225929394740412,5.780743515792329,4.871235900357477,3.683177347273081,25.719969241522968,17,3.0,17.0,16.0,20.0,17.0,15.0
607288,赛丽绿城丽园,杭州,71300.0,2012.0,7,1,30.0,1.9,纯商品住宅,70.0,住宅,0.14285714285714285,4.828313737302301,7.489330683884977,5.8888779583328805,4.43614195558365,3.683177347273081,26.32584168237689,17,4.0,19.0,16.0,15.0,18.0,18.0
160331,云龙公寓(下城),杭州,38348.0,2002.0,13,5,30.0,3.2,纯商品住宅,70.0,住宅,0.38461538461538464,6.238324625039507,7.08303336014054,5.780743515792329,3.9758506396608007,3.6043653389117156,26.682317479544892,10,7.0,16.0,15.0,11.0,17.0,10.0
369835,协安蓝郡,杭州,28678.0,2014.0,24,24,30.0,2.5,纯商品住宅,70.0,住宅,1.0,4.828313737302301,7.08303336014054,5.278114659230517,4.624594812633863,3.757483285265014,25.571539854572233,18,4.0,16.0,17.0,17.0,13.0,20.0
585613,绿城巧园,杭州,38999.0,2015.0,6,8,30.0,2.7,纯商品住宅,70.0,住宅,1.3333333333333333,5.375278407684165,7.361097447916101,5.1298987149230735,4.711102366666305,3.9578791690404502,26.53525610623009,16,5.0,18.0,20.0,18.0,12.0,17.0
807880,阳光城上府(公寓住宅),杭州,35874.0,2017.0,59,101,30.0,3.0,纯商品住宅,70.0,住宅,1.7118644067796611,4.828313737302301,7.225929394740412,5.278114659230517,4.43614195558365,3.6043653389117156,25.372865085768595,17,4.0,17.0,15.0,15.0,13.0,16.0
826881,中兴花园百合苑,杭州,44026.0,2004.0,31,37,35.0,2.31,纯商品住宅,70.0,住宅,1.1935483870967742,5.375278407684165,7.611306094308557,5.41610040220442,4.711102366666305,3.9578791690404502,27.071666439903897,19,5.0,20.0,20.0,18.0,14.0,20.0
423393,世纪花城,杭州,11200.0,2005.0,3,7,35.0,1.82,纯商品住宅,70.0,住宅,2.3333333333333335,0.0,6.412373393653842,5.545177444479562,4.7931716376863855,3.6043653389117156,20.355087814731505,18,0.0,12.0,15.0,19.0,15.0,18.0
826248,星光国际广场,杭州,14655.0,2008.0,20,92,15.0,4.3,商办类,50.0,商住楼,4.6,5.375278407684165,6.412373393653842,5.278114659230517,4.711102366666305,3.8277706729163725,25.6046395001512,18,5.0,12.0,18.0,18.0,13.0,19.0
160944,兰韵天城,杭州,32279.0,2005.0,10,17,30.0,2.6,纯商品住宅,70.0,住宅,1.7,5.375278407684165,7.225929394740412,5.8888779583328805,4.711102366666305,3.8277706729163725,27.028958800340135,17,5.0,17.0,18.0,18.0,18.0,20.0
234966,白马尊邸(公寓住宅),杭州,27547.0,2009.0,17,44,30.0,1.9,纯商品住宅,70.0,住宅,2.588235294117647,4.828313737302301,7.225929394740412,5.8888779583328805,4.7931716376863855,3.8277706729163725,26.56406340097835,15,4.0,17.0,18.0,19.0,18.0,19.0
174019,锦绣文澜阁,杭州,39389.0,2003.0,23,38,35.0,2.4,纯商品住宅,70.0,住宅,1.6521739130434783,4.1588830833596715,6.931471805599453,5.991464547107982,4.533141350489946,3.683177347273081,25.298138133830133,15,3.0,15.0,16.0,16.0,19.0,15.0
1285005,卸紫家园,杭州,24924.0,2015.0,5,18,30.0,2.5,保障/政策类住宅,70.0,住宅,3.6,4.828313737302301,7.225929394740412,5.780743515792329,4.7931716376863855,3.334434164699998,25.962592450221425,18,4.0,17.0,12.0,19.0,17.0,19.0
787778,金地自在城鹭影轩,杭州,41404.0,2012.0,19,11,30.0,2.09,纯商品住宅,70.0,住宅,0.5789473684210527,4.828313737302301,6.597643324038146,4.394449154672439,4.533141350489946,3.757483285265014,24.111030851767847,17,4.0,13.0,17.0,16.0,8.0,18.0
160100,东清苑,杭州,28754.0,1994.0,4,10,10.0,1.3,纯商品住宅,70.0,住宅,2.5,7.193685818395112,7.08303336014054,5.991464547107982,1.1090354888959124,3.757483285265014,25.13470249980456,16,10.0,16.0,17.0,1.0,19.0,19.0
656689,兴耀鑫都汇,杭州,25647.0,2016.0,17,91,35.0,4.0,商办类,50.0,商住楼,5.352941176470588,4.828313737302301,7.489330683884977,4.394449154672439,4.43614195558365,3.8944519556201884,25.042687487063557,17,4.0,19.0,19.0,15.0,8.0,20.0
369834,多立方公寓,杭州,27491.0,2012.0,52,89,36.0,2.2,纯商品住宅,70.0,住宅,1.7115384615384615,5.375278407684165,6.770125502755525,4.605170185988092,4.332880321763536,3.8944519556201884,24.977906373811507,18,5.0,14.0,19.0,14.0,9.0,18.0
804721,富春新天地(公寓住宅),杭州,18668.0,2020.0,3,10,30.0,2.2,纯商品住宅,70.0,住宅,3.3333333333333335,3.295836866004329,7.08303336014054,4.795790545596741,4.332880321763536,3.334434164699998,22.841975258205146,15,2.0,16.0,12.0,14.0,10.0,15.0
657958,湘云雅苑,杭州,35762.0,2012.0,22,319,30.0,3.0,纯商品住宅,70.0,住宅,14.5,4.1588830833596715,7.489330683884977,5.278114659230517,4.43614195558365,3.5204652614328733,24.88293564349169,12,3.0,19.0,14.0,15.0,13.0,17.0
172735,尚农里小区,杭州,48961.0,1995.0,8,21,30.0,2.6,纯商品住宅,70.0,住宅,2.625,6.238324625039507,7.361097447916101,5.8888779583328805,4.871235900357477,3.757483285265014,28.11701921691098,17,7.0,18.0,17.0,20.0,18.0,19.0
420307,滨江曙光之城,杭州,41708.0,2012.0,45,23,35.0,2.9,纯商品住宅,70.0,住宅,0.5111111111111111,5.375278407684165,7.225929394740412,5.278114659230517,3.836632436477393,3.334434164699998,25.050389062832487,16,5.0,17.0,12.0,10.0,13.0,12.0
826860,中国铁建青秀城,杭州,40001.0,2015.0,42,48,30.0,2.2,纯商品住宅,70.0,住宅,1.1428571428571428,5.8377304471659395,7.611306094308557,5.41610040220442,4.533141350489946,3.8944519556201884,27.29273024978905,14,6.0,20.0,19.0,16.0,14.0,17.0
160192,景江苑,杭州,37567.0,2007.0,11,3,10.0,2.3,纯商品住宅,70.0,住宅,0.2727272727272727,4.1588830833596715,6.770125502755525,3.58351893845611,4.7931716376863855,3.6043653389117156,22.91006450116941,14,3.0,14.0,15.0,19.0,5.0,17.0
651236,万宝城,杭州,10712.0,2016.0,24,276,25.0,3.44,商办类,50.0,商住楼,11.5,3.295836866004329,6.931471805599453,4.795790545596741,4.43614195558365,3.683177347273081,23.142418520057255,15,2.0,15.0,16.0,15.0,10.0,11.0
160999,复兴北苑,杭州,34577.0,1998.0,31,30,10.0,1.8,纯商品住宅,70.0,住宅,0.967741935483871,4.1588830833596715,6.412373393653842,5.1298987149230735,4.533141350489946,3.757483285265014,23.991779827691545,18,3.0,12.0,17.0,16.0,12.0,19.0
825904,世茂江滨花园碧景湾,杭州,23659.0,2012.0,50,76,40.3,2.18,纯商品住宅,70.0,住宅,1.52,2.0794415416798357,6.412373393653842,2.1972245773362196,4.533141350489946,3.430774528499836,18.652955391659678,15,1.0,12.0,13.0,16.0,2.0,2.0
369940,新湖武林国际,杭州,67384.0,2015.0,11,3,30.0,3.2,纯商品住宅,70.0,住宅,0.2727272727272727,6.907755278982138,7.225929394740412,5.780743515792329,4.533141350489946,3.6043653389117156,28.05193487891654,14,9.0,17.0,15.0,16.0,17.0,15.0
300522,新湖果岭(公寓住宅),杭州,25950.0,2016.0,25,14,36.0,1.2,纯商品住宅,70.0,住宅,0.56,4.1588830833596715,7.611306094308557,3.2188758248682006,4.711102366666305,3.6043653389117156,23.30453270811445,12,3.0,20.0,15.0,18.0,4.0,4.0
160727,商教苑社区,杭州,41494.0,1995.0,20,60,25.0,1.2,纯商品住宅,70.0,住宅,3.0,7.193685818395112,6.770125502755525,5.991464547107982,3.9758506396608007,3.6043653389117156,27.535491846831135,14,10.0,14.0,15.0,11.0,19.0,12.0
481359,青枫墅园山语阁,杭州,20058.0,2015.0,27,44,41.0,1.35,纯商品住宅,70.0,住宅,1.6296296296296295,4.828313737302301,7.361097447916101,4.1588830833596715,4.533141350489946,3.2303786447244005,24.111814263792418,17,4.0,18.0,11.0,16.0,7.0,9.0
160316,青春坊小区(公寓住宅),杭州,36211.0,1997.0,63,55,30.0,3.5,纯商品住宅,70.0,住宅,0.873015873015873,6.238324625039507,7.08303336014054,5.991464547107982,2.218070977791825,3.8277706729163725,25.358664182996225,15,7.0,16.0,18.0,3.0,19.0,18.0
611340,万科大家钱塘府,杭州,61766.0,2016.0,38,20,30.0,2.6,纯商品住宅,70.0,住宅,0.5263157894736842,6.591673732008658,6.931471805599453,5.545177444479562,4.624594812633863,3.757483285265014,27.450401079986552,14,8.0,15.0,17.0,17.0,15.0,14.0
160841,同人春江时代,杭州,46316.0,2008.0,12,34,40.0,2.5,纯商品住宅,70.0,住宅,2.8333333333333335,4.1588830833596715,5.994738181995927,4.394449154672439,4.624594812633863,3.757483285265014,22.930148517926913,14,3.0,10.0,17.0,17.0,8.0,15.0
825088,超级星期天(公寓住宅),杭州,23183.0,2006.0,12,56,39.0,2.5,纯商品住宅,70.0,住宅,4.666666666666667,3.295836866004329,7.225929394740412,4.1588830833596715,4.624594812633863,3.757483285265014,23.06272744200329,18,2.0,17.0,17.0,17.0,7.0,16.0
369999,野风启城,杭州,14318.0,2006.0,24,40,30.0,2.1,纯商品住宅,70.0,住宅,1.6666666666666667,2.0794415416798357,7.225929394740412,2.1972245773362196,4.711102366666305,3.757483285265014,19.971181165687785,18,1.0,17.0,17.0,18.0,2.0,2.0
619856,新城山语院,杭州,19170.0,2015.0,26,17,30.0,2.3,纯商品住宅,70.0,住宅,0.6538461538461539,3.295836866004329,7.225929394740412,4.795790545596741,4.533141350489946,3.757483285265014,23.60818144209644,15,2.0,17.0,17.0,16.0,10.0,17.0
369965,北湖绿洲花园(公寓住宅),杭州,12157.0,2011.0,34,49,32.3,1.66,纯商品住宅,70.0,住宅,1.4411764705882353,0.0,6.770125502755525,2.772588722239781,4.711102366666305,3.9578791690404502,18.21169576070206,17,0.0,14.0,20.0,18.0,3.0,20.0
369924,金岸提香(公寓住宅),杭州,15007.0,2012.0,14,16,30.5,2.0,纯商品住宅,70.0,住宅,1.1428571428571428,2.0794415416798357,7.08303336014054,2.1972245773362196,4.43614195558365,2.3292873099964715,18.125128744736717,14,1.0,16.0,5.0,15.0,2.0,6.0
222976,清雅苑,杭州,17078.0,2003.0,27,148,35.0,2.64,纯商品住宅,70.0,住宅,5.481481481481482,3.295836866004329,6.931471805599453,2.772588722239781,4.43614195558365,3.5204652614328733,20.956504610860087,14,2.0,15.0,14.0,15.0,3.0,17.0
170154,良渚花苑(公寓住宅),杭州,15559.0,2017.0,9,20,30.0,2.5,纯商品住宅,70.0,住宅,2.2222222222222223,0.0,7.489330683884977,2.772588722239781,4.624594812633863,3.9578791690404502,18.84439338779907,19,0.0,19.0,20.0,17.0,3.0,10.0
826267,华盛星洲翠谷,杭州,13102.0,2006.0,20,29,35.0,1.49,纯商品住宅,70.0,住宅,1.45,0.0,7.611306094308557,1.3862943611198906,4.7931716376863855,3.8944519556201884,17.68522404873502,15,0.0,20.0,19.0,19.0,1.0,13.0
286709,邱山小区,杭州,15022.0,2000.0,21,26,33.0,2.3,纯商品住宅,70.0,住宅,1.2380952380952381,5.375278407684165,7.08303336014054,6.089044875446846,4.871235900357477,3.8277706729163725,27.2463632165454,18,5.0,16.0,18.0,20.0,20.0,18.0
797911,东安景苑,杭州,13548.0,2013.0,11,88,30.0,1.8,纯商品住宅,70.0,住宅,8.0,5.8377304471659395,6.597643324038146,5.8888779583328805,4.711102366666305,3.757483285265014,26.792837381468285,19,6.0,13.0,17.0,18.0,18.0,20.0
790322,新城香悦奥府,杭州,35155.0,2018.0,42,62,30.0,2.8,纯商品住宅,70.0,住宅,1.4761904761904763,4.828313737302301,7.08303336014054,5.41610040220442,4.43614195558365,3.5204652614328733,25.284054716663782,13,4.0,16.0,14.0,15.0,14.0,14.0
370057,嘉丰公馆,杭州,16395.0,2013.0,9,24,25.0,3.0,商办类,50.0,商住楼,2.6666666666666665,5.375278407684165,7.361097447916101,5.666426688112432,4.533141350489946,3.5204652614328733,26.456409155635512,16,5.0,18.0,14.0,16.0,16.0,13.0
292642,新州花苑东区,杭州,37249.0,2008.0,10,84,35.0,2.25,纯商品住宅,70.0,住宅,8.4,4.828313737302301,6.770125502755525,5.666426688112432,4.711102366666305,3.757483285265014,25.733451580101576,18,4.0,14.0,17.0,18.0,16.0,20.0
826482,新世界琅琴湾,杭州,17244.0,2016.0,31,83,30.5,2.8,纯商品住宅,70.0,住宅,2.6774193548387095,3.295836866004329,4.479398673070137,1.3862943611198906,4.624594812633863,3.9578791690404502,17.744003881868668,16,2.0,5.0,20.0,17.0,1.0,3.0
409778,玲珑香榭,杭州,11189.0,2016.0,19,34,30.0,2.5,纯商品住宅,70.0,住宅,1.7894736842105263,0.0,6.770125502755525,3.58351893845611,4.43614195558365,3.334434164699998,18.124220561495285,16,0.0,14.0,12.0,15.0,5.0,13.0
160223,白金海岸花园,杭州,43591.0,2004.0,33,42,40.0,2.3,纯商品住宅,70.0,住宅,1.2727272727272727,4.828313737302301,6.412373393653842,4.394449154672439,4.533141350489946,3.757483285265014,23.925760921383542,16,4.0,12.0,17.0,16.0,8.0,16.0
795344,钱塘玫瑰湾,杭州,40679.0,2016.0,24,32,30.0,2.2,纯商品住宅,70.0,住宅,1.3333333333333333,5.375278407684165,7.489330683884977,4.795790545596741,4.711102366666305,3.8944519556201884,26.26595395945238,15,5.0,19.0,19.0,18.0,10.0,20.0
370055,积家(公寓住宅),杭州,50937.0,2013.0,13,24,30.0,3.7,纯商品住宅,70.0,住宅,1.8461538461538463,5.375278407684165,7.08303336014054,4.969813299576001,4.533141350489946,3.5204652614328733,25.481731679323524,19,5.0,16.0,14.0,16.0,11.0,11.0
618928,耀达金鼎华庭,杭州,16529.0,2016.0,17,19,30.0,2.07,纯商品住宅,70.0,住宅,1.1176470588235294,4.1588830833596715,4.864775372638283,2.772588722239781,4.533141350489946,3.6043653389117156,19.933753867639396,15,3.0,6.0,15.0,16.0,3.0,4.0
790865,金域东方,杭州,16349.0,2017.0,35,20,30.0,1.6,纯商品住宅,70.0,住宅,0.5714285714285714,0.0,2.7465307216702746,3.2188758248682006,4.222491727384414,3.683177347273081,13.87107562119597,14,0.0,2.0,16.0,13.0,4.0,0.0
160039,东海花园,杭州,18766.0,1999.0,14,43,32.0,1.3,纯商品住宅,70.0,住宅,3.0714285714285716,5.375278407684165,7.611306094308557,5.991464547107982,4.7931716376863855,3.8944519556201884,27.665672642407277,18,5.0,20.0,19.0,19.0,19.0,20.0
910215,嘉富广场,杭州,17211.0,2009.0,6,14,35.0,2.2,商办类,70.0,商住楼,2.3333333333333335,4.1588830833596715,6.770125502755525,5.545177444479562,4.332880321763536,3.5204652614328733,24.327531613791166,16,3.0,14.0,14.0,14.0,15.0,15.0
826683,浪漫香槟(东区),杭州,12725.0,2011.0,10,4,30.0,2.0,纯商品住宅,70.0,住宅,0.4,2.0794415416798357,7.08303336014054,4.795790545596741,4.711102366666305,3.6043653389117156,22.27373315299514,19,1.0,16.0,15.0,18.0,10.0,18.0
220060,赞成岭上花苑(公寓住宅),杭州,20849.0,2009.0,41,10,30.0,4.0,纯商品住宅,70.0,住宅,0.24390243902439024,3.295836866004329,6.597643324038146,3.58351893845611,4.43614195558365,3.6043653389117156,21.51750642299395,16,2.0,13.0,15.0,15.0,5.0,4.0
789619,瑞麒时代(公寓住宅),杭州,21640.0,2015.0,5,16,25.0,2.5,纯商品住宅,70.0,住宅,3.2,4.1588830833596715,7.08303336014054,4.1588830833596715,4.533141350489946,3.430774528499836,23.364715405849665,15,3.0,16.0,13.0,16.0,7.0,14.0
210028,兰惠家园,杭州,16038.0,2009.0,24,7,30.0,1.96,纯商品住宅,70.0,住宅,0.2916666666666667,0.0,2.7465307216702746,0.0,4.871235900357477,3.9578791690404502,11.575645791068201,5,0.0,2.0,20.0,20.0,0.0,1.0
221557,盛泰名都公寓,杭州,24835.0,2011.0,26,40,30.0,2.5,纯商品住宅,70.0,住宅,1.5384615384615385,3.295836866004329,7.225929394740412,3.8918202981106265,4.533141350489946,3.757483285265014,22.704211194610327,14,2.0,17.0,17.0,16.0,6.0,17.0
369814,桂花星城,杭州,18409.0,2012.0,22,31,30.0,2.8,纯商品住宅,70.0,住宅,1.4090909090909092,4.828313737302301,7.225929394740412,4.795790545596741,4.533141350489946,3.6043653389117156,24.987540367041113,19,4.0,17.0,15.0,16.0,10.0,17.0
160438,山西园小区,杭州,20370.0,1988.0,6,7,35.0,1.8,纯商品住宅,70.0,住宅,1.1666666666666667,2.0794415416798357,7.361097447916101,4.795790545596741,4.711102366666305,3.8277706729163725,22.775202574775356,19,1.0,18.0,18.0,18.0,10.0,17.0
181625,名门天第,杭州,19440.0,2010.0,15,11,30.0,2.13,纯商品住宅,70.0,住宅,0.7333333333333333,4.828313737302301,7.225929394740412,5.8888779583328805,4.624594812633863,3.9578791690404502,26.525595072049903,19,4.0,17.0,20.0,17.0,18.0,18.0
877672,新时代城市家园,杭州,13756.0,2014.0,22,15,30.0,4.4,纯商品住宅,70.0,住宅,0.6818181818181818,0.0,7.489330683884977,2.1972245773362196,4.871235900357477,3.8944519556201884,18.45224311719886,20,0.0,19.0,19.0,20.0,2.0,15.0
160883,碧云阁,杭州,15076.0,2004.0,12,25,35.0,1.29,纯商品住宅,70.0,住宅,2.0833333333333335,4.828313737302301,6.931471805599453,5.780743515792329,4.624594812633863,3.8944519556201884,26.059575826948134,18,4.0,15.0,19.0,17.0,17.0,20.0
655397,朝阳8号(公寓住宅),杭州,28266.0,2017.0,22,55,30.0,2.77,纯商品住宅,70.0,住宅,2.5,4.1588830833596715,6.212266624470001,5.278114659230517,4.332880321763536,3.5204652614328733,23.5026099502566,15,3.0,11.0,14.0,14.0,13.0,15.0
659380,临东家园,杭州,12276.0,2015.0,9,93,10.0,2.0,纯商品住宅,70.0,住宅,10.333333333333334,2.0794415416798357,7.489330683884977,4.795790545596741,4.711102366666305,3.757483285265014,22.833148423092872,14,1.0,19.0,17.0,18.0,10.0,11.0
1296149,高桥花苑(东区),杭州,9079.0,2021.0,21,12,30.0,2.5,保障/政策类住宅,70.0,住宅,0.5714285714285714,3.295836866004329,5.493061443340549,3.2188758248682006,4.7931716376863855,3.9578791690404502,20.758824940939913,18,2.0,8.0,20.0,19.0,4.0,6.0
796956,众安学君里(公寓住宅),杭州,18089.0,2018.0,26,148,30.0,2.8,纯商品住宅,70.0,住宅,5.6923076923076925,3.295836866004329,7.225929394740412,2.772588722239781,3.836632436477393,3.430774528499836,20.561761947961752,10,2.0,17.0,13.0,10.0,3.0,6.0
260600,同人山庄,杭州,20973.0,2013.0,14,4,60.0,0.3,纯商品住宅,70.0,别墅,0.2857142857142857,3.295836866004329,0.0,0.0,4.871235900357477,3.8944519556201884,12.061524721981993,11,2.0,0.0,19.0,20.0,0.0,1.0
369894,欣盛东方福邸,杭州,59099.0,2013.0,36,35,30.0,2.6,纯商品住宅,70.0,住宅,0.9722222222222222,5.8377304471659395,6.931471805599453,5.666426688112432,3.836632436477393,3.8277706729163725,26.100032050271594,19,6.0,15.0,18.0,10.0,16.0,18.0
234513,翠紫苑,杭州,8233.0,2010.0,3,6,10.0,2.03,纯商品住宅,70.0,住宅,2.0,2.0794415416798357,7.611306094308557,4.394449154672439,4.871235900357477,3.8944519556201884,22.850884646638495,20,1.0,20.0,19.0,20.0,8.0,15.0
521873,世茂江滨花园峻景湾,杭州,18547.0,2011.0,68,63,40.3,2.18,纯商品住宅,70.0,住宅,0.9264705882352942,2.0794415416798357,7.611306094308557,2.1972245773362196,4.711102366666305,3.9578791690404502,20.55695374903137,15,1.0,20.0,20.0,18.0,2.0,0.0
161090,伊萨卡国际城(公寓住宅),杭州,20350.0,2008.0,104,141,46.7,1.64,纯商品住宅,70.0,住宅,1.3557692307692308,3.295836866004329,6.412373393653842,2.772588722239781,4.624594812633863,3.8277706729163725,20.933164467448186,14,2.0,12.0,18.0,17.0,3.0,6.0
573294,万和玺园,杭州,59107.0,2015.0,35,14,30.0,2.5,纯商品住宅,70.0,住宅,0.4,5.375278407684165,7.489330683884977,5.666426688112432,4.711102366666305,3.430774528499836,26.672912674847712,17,5.0,19.0,13.0,18.0,16.0,17.0
803535,宋都东郡之星,杭州,21716.0,2018.0,31,30,30.0,2.5,纯商品住宅,70.0,住宅,0.967741935483871,0.0,1.7328679513998633,0.0,4.871235900357477,3.9578791690404502,10.56198302079779,12,0.0,1.0,20.0,20.0,0.0,0.0
370066,南城景园,杭州,16224.0,2012.0,22,3,30.0,1.74,纯商品住宅,70.0,住宅,0.13636363636363635,2.0794415416798357,5.493061443340549,4.605170185988092,4.332880321763536,3.757483285265014,20.268036778037025,16,1.0,8.0,17.0,14.0,9.0,11.0
520016,和谐嘉园东苑,杭州,41173.0,1999.0,12,91,30.0,2.4,纯商品住宅,70.0,住宅,7.583333333333333,7.4547199493640015,7.225929394740412,5.41610040220442,4.871235900357477,3.8944519556201884,28.862437602286498,18,11.0,17.0,19.0,20.0,14.0,19.0
394496,南北乐章,杭州,14094.0,2014.0,41,90,36.24,2.0,纯商品住宅,70.0,住宅,2.1951219512195124,0.0,5.994738181995927,2.772588722239781,4.7931716376863855,3.9578791690404502,17.518377710962543,17,0.0,10.0,20.0,19.0,3.0,8.0
613792,阳光城普升,杭州,35186.0,2016.0,44,56,30.0,2.2,纯商品住宅,70.0,住宅,1.2727272727272727,3.295836866004329,6.931471805599453,5.278114659230517,4.43614195558365,3.6043653389117156,23.545930625329667,13,2.0,15.0,15.0,15.0,13.0,19.0
411253,九龙仓君廷(公寓住宅),杭州,13620.0,2014.0,49,60,30.0,1.66,纯商品住宅,70.0,住宅,1.2244897959183674,2.0794415416798357,6.212266624470001,2.1972245773362196,4.7931716376863855,3.8277706729163725,19.109875054088814,17,1.0,11.0,18.0,19.0,2.0,3.0
160736,江南摩卡小区,杭州,22209.0,2007.0,56,53,35.0,2.3,纯商品住宅,70.0,住宅,0.9464285714285714,4.828313737302301,5.994738181995927,3.2188758248682006,4.533141350489946,3.8944519556201884,22.469521050276562,16,4.0,10.0,19.0,16.0,4.0,18.0
160735,星火小区,杭州,14643.0,2000.0,10,6,25.0,2.0,纯商品住宅,70.0,住宅,0.6,5.375278407684165,7.361097447916101,6.089044875446846,4.624594812633863,3.9578791690404502,27.407894712721422,18,5.0,18.0,20.0,17.0,20.0,18.0
788323,东晖龙悦湾(公寓住宅),杭州,13601.0,2017.0,38,83,30.0,1.8,纯商品住宅,70.0,住宅,2.1842105263157894,0.0,6.597643324038146,2.1972245773362196,4.332880321763536,3.757483285265014,16.885231508402917,17,0.0,13.0,17.0,14.0,2.0,1.0
160006,恒泰御庭园,杭州,21633.0,2000.0,13,30,40.0,1.57,纯商品住宅,70.0,住宅,2.3076923076923075,3.295836866004329,7.08303336014054,5.278114659230517,4.533141350489946,3.8944519556201884,24.08457819148552,16,2.0,16.0,19.0,16.0,13.0,18.0
873008,丰东花苑,杭州,25475.0,2016.0,1,43,20.0,2.0,纯商品住宅,70.0,住宅,43.0,5.375278407684165,6.931471805599453,5.666426688112432,4.7931716376863855,3.5204652614328733,26.28681380051531,16,5.0,15.0,14.0,19.0,16.0,14.0
790318,广元公寓,杭州,18908.0,2004.0,8,65,30.0,1.2,纯商品住宅,70.0,住宅,8.125,5.375278407684165,7.225929394740412,5.1298987149230735,4.43614195558365,3.8277706729163725,25.995019145847674,15,5.0,17.0,18.0,15.0,12.0,18.0
654114,中港罗兰小镇(公寓住宅),杭州,17536.0,2016.0,27,33,30.0,1.8,纯商品住宅,70.0,住宅,1.2222222222222223,2.0794415416798357,6.412373393653842,2.1972245773362196,4.7931716376863855,3.9578791690404502,19.44009031939673,15,1.0,12.0,20.0,19.0,2.0,6.0
160474,盛世钱塘,杭州,68084.0,2007.0,68,42,35.0,3.0,纯商品住宅,70.0,住宅,0.6176470588235294,6.907755278982138,6.597643324038146,5.666426688112432,4.43614195558365,3.683177347273081,27.291144593989447,15,9.0,13.0,16.0,15.0,16.0,19.0
369958,青山鹤岭,杭州,8279.0,2013.0,16,13,31.0,2.03,纯商品住宅,70.0,住宅,0.8125,2.0794415416798357,6.412373393653842,4.1588830833596715,4.871235900357477,3.9578791690404502,21.479813088091273,17,1.0,12.0,20.0,20.0,7.0,13.0
826030,塘栖一小区,杭州,9878.0,1998.0,19,16,37.0,2.0,纯商品住宅,70.0,住宅,0.8421052631578947,2.0794415416798357,7.611306094308557,3.8918202981106265,4.871235900357477,3.8277706729163725,22.28157450737287,20,1.0,20.0,18.0,20.0,6.0,20.0
407976,大都尚澜,杭州,12727.0,2018.0,23,4,32.0,2.0,纯商品住宅,70.0,住宅,0.17391304347826086,0.0,7.225929394740412,3.8918202981106265,4.7931716376863855,3.8277706729163725,19.738692003453796,19,0.0,17.0,18.0,19.0,6.0,13.0
826862,中国铁建西湖国际城,杭州,34527.0,2018.0,46,37,30.0,2.9,纯商品住宅,70.0,住宅,0.8043478260869565,4.1588830833596715,7.08303336014054,4.394449154672439,4.43614195558365,3.683177347273081,23.755684901029383,16,3.0,16.0,16.0,15.0,8.0,18.0
825886,翡翠城(东南区),杭州,24655.0,2007.0,39,55,40.0,1.3,纯商品住宅,70.0,住宅,1.4102564102564104,5.8377304471659395,7.361097447916101,4.795790545596741,4.7931716376863855,3.757483285265014,26.54527336363018,17,6.0,18.0,17.0,19.0,10.0,10.0
782014,野风秋雅,杭州,17269.0,2017.0,69,6,30.0,2.06,纯商品住宅,70.0,住宅,0.08695652173913043,3.295836866004329,5.994738181995927,2.1972245773362196,4.43614195558365,3.2303786447244005,19.154320225644526,19,2.0,10.0,11.0,15.0,2.0,1.0
652463,越秀星汇悦城,杭州,24588.0,2016.0,31,54,30.0,2.3,纯商品住宅,70.0,住宅,1.7419354838709677,3.295836866004329,6.931471805599453,4.1588830833596715,4.222491727384414,3.8277706729163725,22.436454155264244,18,2.0,15.0,18.0,13.0,7.0,10.0
607834,天阳尚城国际,杭州,39073.0,2015.0,28,42,30.0,2.4,纯商品住宅,70.0,住宅,1.5,4.1588830833596715,6.931471805599453,5.780743515792329,4.332880321763536,3.5204652614328733,24.724443987947865,15,3.0,15.0,14.0,14.0,17.0,15.0
641202,赞成首府(公寓住宅),杭州,21178.0,2016.0,47,43,30.0,2.4,纯商品住宅,70.0,住宅,0.9148936170212766,6.238324625039507,7.225929394740412,2.772588722239781,4.624594812633863,3.8944519556201884,24.75588951027375,12,7.0,17.0,19.0,17.0,3.0,7.0
160377,德胜东村,杭州,26516.0,1995.0,67,86,29.0,2.5,保障/政策类住宅,70.0,住宅,1.2835820895522387,6.238324625039507,6.770125502755525,5.545177444479562,4.43614195558365,3.757483285265014,26.74725281312326,15,7.0,14.0,17.0,15.0,15.0,16.0
369945,方正荷塘月色,杭州,30622.0,2016.0,15,31,30.0,2.0,纯商品住宅,70.0,住宅,2.066666666666667,3.295836866004329,6.770125502755525,4.394449154672439,4.222491727384414,3.683177347273081,22.366080598089788,18,2.0,14.0,16.0,13.0,8.0,19.0
346144,望江家园西园,杭州,36407.0,2005.0,36,44,35.0,2.0,纯商品住宅,70.0,住宅,1.2222222222222223,6.907755278982138,7.225929394740412,5.41610040220442,4.103918971938459,2.99336062089226,26.64706466875769,14,9.0,17.0,9.0,12.0,14.0,14.0
160713,滨江金色家园,杭州,64508.0,2006.0,29,26,35.1,2.7,纯商品住宅,70.0,住宅,0.896551724137931,5.375278407684165,6.597643324038146,5.41610040220442,3.836632436477393,2.99336062089226,24.21901519129639,14,5.0,13.0,9.0,10.0,14.0,14.0
220251,蓝桥名苑,杭州,18643.0,2009.0,47,205,35.0,3.4,保障/政策类住宅,70.0,住宅,4.361702127659575,4.1588830833596715,7.361097447916101,4.795790545596741,4.533141350489946,3.683177347273081,24.53208977463554,17,3.0,18.0,16.0,16.0,10.0,17.0
468839,亲亲家园三期,杭州,23827.0,2006.0,48,41,45.0,2.1,纯商品住宅,70.0,住宅,0.8541666666666666,4.828313737302301,6.931471805599453,5.545177444479562,4.711102366666305,3.5204652614328733,25.536530615480494,17,4.0,15.0,14.0,18.0,15.0,18.0
467227,保利城市果岭,杭州,21411.0,2014.0,49,27,30.0,3.0,纯商品住宅,70.0,住宅,0.5510204081632653,0.0,4.023594781085251,0.0,4.222491727384414,2.99336062089226,11.239447129361924,10,0.0,4.0,9.0,13.0,0.0,0.0
160816,颐景山庄(公寓住宅),杭州,13880.0,2016.0,35,4,43.0,2.8,纯商品住宅,70.0,住宅,0.11428571428571428,2.0794415416798357,7.225929394740412,1.3862943611198906,4.222491727384414,3.757483285265014,18.671640310189566,16,1.0,17.0,17.0,13.0,1.0,11.0
863618,亲亲家园幸福里,杭州,24368.0,2008.0,23,21,36.0,2.3,纯商品住宅,70.0,住宅,0.9130434782608695,4.1588830833596715,7.08303336014054,5.780743515792329,4.533141350489946,3.683177347273081,25.238978657055565,20,3.0,16.0,16.0,16.0,17.0,18.0
160384,瑞立中央花城,杭州,50988.0,2008.0,41,72,40.0,2.8,纯商品住宅,70.0,住宅,1.7560975609756098,5.8377304471659395,7.08303336014054,5.780743515792329,4.43614195558365,3.683177347273081,26.82082662595554,20,6.0,16.0,16.0,15.0,17.0,20.0
160448,柳浪新苑,杭州,64239.0,1998.0,16,14,25.0,2.5,纯商品住宅,70.0,住宅,0.875,4.1588830833596715,6.931471805599453,4.969813299576001,4.222491727384414,3.8944519556201884,24.177111871539726,16,3.0,15.0,19.0,13.0,11.0,15.0
792396,湖山帝景湾南苑,杭州,17653.0,2015.0,38,29,31.37,2.09,纯商品住宅,70.0,住宅,0.7631578947368421,3.295836866004329,6.597643324038146,3.58351893845611,4.103918971938459,3.334434164699998,20.91535226513704,15,2.0,13.0,12.0,12.0,5.0,14.0
375304,保利东湾(东区公寓住宅),杭州,20682.0,2010.0,50,49,35.0,2.09,纯商品住宅,70.0,住宅,0.98,2.0794415416798357,7.611306094308557,1.3862943611198906,4.711102366666305,3.8944519556201884,19.682596319394776,20,1.0,20.0,19.0,18.0,1.0,0.0
650518,朗诗花漫里,杭州,30146.0,2016.0,48,47,30.0,1.5,纯商品住宅,70.0,住宅,0.9791666666666666,2.0794415416798357,7.08303336014054,3.58351893845611,4.624594812633863,3.8944519556201884,21.265040608530537,17,1.0,16.0,19.0,17.0,5.0,20.0
160791,古荡新村(西区),杭州,26342.0,1988.0,67,201,30.0,1.7,纯商品住宅,70.0,住宅,3.0,6.591673732008658,6.597643324038146,5.545177444479562,4.624594812633863,3.8277706729163725,27.186859986076602,13,8.0,13.0,18.0,17.0,15.0,18.0
160441,凤栖花园,杭州,46086.0,2003.0,17,1,41.0,2.4,纯商品住宅,70.0,住宅,0.058823529411764705,6.238324625039507,7.08303336014054,5.41610040220442,3.9758506396608007,3.6043653389117156,26.317674365956986,13,7.0,16.0,15.0,11.0,14.0,9.0
370071,钱塘帝景(公寓住宅),杭州,51354.0,1990.0,45,30,30.0,2.5,纯商品住宅,70.0,住宅,0.6666666666666666,4.1588830833596715,7.361097447916101,4.605170185988092,4.7931716376863855,3.683177347273081,24.60149970222333,12,3.0,18.0,16.0,19.0,9.0,17.0
218933,复地连城国际,杭州,17352.0,2011.0,71,84,30.0,2.2,纯商品住宅,70.0,住宅,1.1830985915492958,4.1588830833596715,7.361097447916101,3.58351893845611,4.624594812633863,3.8277706729163725,23.555864955282118,13,3.0,18.0,18.0,17.0,5.0,15.0
620117,理想银泰城(公寓住宅),杭州,21212.0,2016.0,59,118,50.0,5.5,纯商品住宅,70.0,住宅,2.0,5.8377304471659395,7.489330683884977,5.41610040220442,4.533141350489946,3.757483285265014,27.033786169010295,17,6.0,19.0,17.0,16.0,14.0,19.0
614729,宝嘉誉峰,杭州,32932.0,2016.0,15,36,30.0,2.5,纯商品住宅,70.0,住宅,2.4,4.1588830833596715,7.361097447916101,4.394449154672439,4.103918971938459,3.757483285265014,23.775831943151683,14,3.0,18.0,17.0,12.0,8.0,16.0
508113,望江新园三园,杭州,34458.0,2006.0,17,15,15.0,2.01,纯商品住宅,70.0,住宅,0.8823529411764706,6.907755278982138,7.361097447916101,5.780743515792329,4.533141350489946,3.683177347273081,28.265914940453595,15,9.0,18.0,16.0,16.0,17.0,10.0
369936,江南铭庭,杭州,25845.0,2012.0,40,21,30.0,2.2,纯商品住宅,70.0,住宅,0.525,4.828313737302301,7.08303336014054,4.394449154672439,4.624594812633863,3.757483285265014,24.687874350014155,17,4.0,16.0,17.0,17.0,8.0,16.0
995754,龙湖滟澜山(澜轩),杭州,31831.0,2013.0,81,147,30.0,2.8,纯商品住宅,70.0,住宅,1.8148148148148149,4.1588830833596715,6.597643324038146,5.780743515792329,4.7931716376863855,3.757483285265014,25.087924846141544,16,3.0,13.0,17.0,19.0,17.0,16.0
826367,闲林山水紫薇苑,杭州,17454.0,2010.0,31,61,35.2,1.5,纯商品住宅,70.0,住宅,1.967741935483871,4.828313737302301,5.994738181995927,4.795790545596741,4.624594812633863,3.5204652614328733,23.763902538961702,17,4.0,10.0,14.0,17.0,10.0,5.0
408735,阳光逸城,杭州,18970.0,2011.0,38,46,10.0,1.3,纯商品住宅,70.0,住宅,1.2105263157894737,3.295836866004329,7.08303336014054,4.394449154672439,4.711102366666305,3.9578791690404502,23.442300916524065,17,2.0,16.0,20.0,18.0,8.0,18.0
160284,广宇西城年华,杭州,57681.0,2008.0,80,64,30.0,2.6,纯商品住宅,70.0,住宅,0.8,5.375278407684165,6.597643324038146,5.545177444479562,4.332880321763536,3.8944519556201884,25.7454314535856,19,5.0,13.0,19.0,14.0,15.0,18.0
826791,白鹭郡南柳映坊,杭州,28252.0,2013.0,23,2,31.36,0.98,纯商品住宅,70.0,住宅,0.08695652173913043,2.0794415416798357,7.489330683884977,1.3862943611198906,4.103918971938459,3.6043653389117156,18.663350897534876,15,1.0,19.0,15.0,12.0,1.0,1.0
826446,新城国际花园和园,杭州,70096.0,2007.0,19,4,36.0,2.5,纯商品住宅,70.0,住宅,0.21052631578947367,7.4547199493640015,6.931471805599453,5.278114659230517,4.43614195558365,3.8277706729163725,27.928219042693996,17,11.0,15.0,18.0,15.0,13.0,15.0
611491,华元欢乐城(公寓住宅),杭州,17962.0,2017.0,56,139,20.0,3.0,纯商品住宅,70.0,住宅,2.482142857142857,6.591673732008658,7.225929394740412,4.795790545596741,4.7931716376863855,3.8944519556201884,27.301017265652384,17,8.0,17.0,19.0,19.0,10.0,16.0
1048139,江南之星,杭州,43292.0,2018.0,125,90,30.0,2.8,纯商品住宅,70.0,住宅,0.72,5.375278407684165,7.361097447916101,5.8888779583328805,4.43614195558365,3.6043653389117156,26.665761108428512,19,5.0,18.0,15.0,15.0,18.0,13.0
218507,万象城悦府,杭州,83082.0,2008.0,29,77,30.0,5.0,纯商品住宅,70.0,住宅,2.6551724137931036,6.907755278982138,6.597643324038146,5.545177444479562,4.624594812633863,3.683177347273081,27.358348207406788,17,9.0,13.0,16.0,17.0,15.0,18.0
160860,多蓝水岸,杭州,18824.0,2006.0,59,59,30.0,1.86,纯商品住宅,70.0,住宅,1.0,3.295836866004329,7.489330683884977,3.2188758248682006,4.624594812633863,3.430774528499836,22.059412715891206,18,2.0,19.0,13.0,17.0,4.0,6.0
608767,林溪闲庭,杭州,19829.0,2015.0,13,10,30.19,2.2,纯商品住宅,70.0,住宅,0.7692307692307693,0.0,7.361097447916101,2.772588722239781,4.871235900357477,3.757483285265014,18.762405355778373,20,0.0,18.0,17.0,20.0,3.0,15.0
880188,大园新城(公寓住宅),杭州,8860.0,2015.0,21,46,30.0,3.17,纯商品住宅,70.0,住宅,2.1904761904761907,2.0794415416798357,7.611306094308557,4.394449154672439,4.624594812633863,3.8944519556201884,22.60424355891488,18,1.0,20.0,19.0,17.0,8.0,16.0
794143,万科容大金色家园,杭州,21874.0,2012.0,21,26,30.0,2.0,纯商品住宅,70.0,住宅,1.2380952380952381,2.0794415416798357,7.08303336014054,5.1298987149230735,4.7931716376863855,3.9578791690404502,23.043424423470285,16,1.0,16.0,20.0,19.0,12.0,18.0
877703,山水美庐,杭州,25257.0,2013.0,6,2,30.0,2.2,纯商品住宅,70.0,住宅,0.3333333333333333,2.0794415416798357,7.08303336014054,5.666426688112432,3.684136148790474,3.683177347273081,22.196215085996364,18,1.0,16.0,16.0,9.0,16.0,18.0
370080,中粮云涛名苑(公寓住宅),杭州,23297.0,2013.0,26,29,32.0,2.5,纯商品住宅,70.0,住宅,1.1153846153846154,4.828313737302301,6.412373393653842,4.394449154672439,4.43614195558365,3.757483285265014,23.828761526477248,19,4.0,12.0,17.0,15.0,8.0,16.0
635214,赞成杭家,杭州,18771.0,2016.0,34,16,30.0,2.5,纯商品住宅,70.0,住宅,0.47058823529411764,3.295836866004329,7.225929394740412,3.8918202981106265,4.624594812633863,3.8944519556201884,22.932633327109418,18,2.0,17.0,19.0,17.0,6.0,14.0
994918,融创河滨之城雨澜轩,杭州,56949.0,2017.0,62,34,30.0,2.4,纯商品住宅,70.0,住宅,0.5483870967741935,4.1588830833596715,7.08303336014054,2.1972245773362196,4.533141350489946,3.757483285265014,21.729765656591393,17,3.0,16.0,17.0,16.0,2.0,13.0
216712,定安东苑,杭州,50313.0,1990.0,7,4,35.0,1.9,纯商品住宅,70.0,住宅,0.5714285714285714,6.591673732008658,7.489330683884977,5.8888779583328805,4.103918971938459,3.8944519556201884,27.96825330178516,17,8.0,19.0,19.0,12.0,18.0,17.0
160398,碧水豪园(公寓住宅),杭州,39337.0,2005.0,11,13,40.0,1.5,纯商品住宅,70.0,住宅,1.1818181818181819,4.1588830833596715,6.412373393653842,4.394449154672439,4.624594812633863,3.6043653389117156,23.19466578323153,16,3.0,12.0,15.0,17.0,8.0,20.0
652109,阳光城翡丽湾,杭州,26443.0,2016.0,32,28,30.0,2.5,纯商品住宅,70.0,住宅,0.875,4.1588830833596715,7.361097447916101,5.41610040220442,4.624594812633863,3.8944519556201884,25.45512770173424,17,3.0,18.0,19.0,17.0,14.0,14.0
369845,华元蒙卡岸,杭州,24298.0,2012.0,29,82,30.45,2.2,纯商品住宅,70.0,住宅,2.8275862068965516,5.375278407684165,6.597643324038146,4.605170185988092,4.711102366666305,3.9578791690404502,25.247073453417155,15,5.0,13.0,20.0,18.0,9.0,6.0
322058,江南明城,杭州,18840.0,2013.0,2,72,25.0,3.0,纯商品住宅,70.0,住宅,36.0,4.1588830833596715,7.225929394740412,5.545177444479562,4.533141350489946,3.430774528499836,24.893905801569428,15,3.0,17.0,13.0,16.0,15.0,15.0
314636,树兰书香名邸(公寓住宅),杭州,11974.0,2012.0,10,15,31.0,3.57,纯商品住宅,70.0,住宅,1.5,0.0,7.08303336014054,3.2188758248682006,4.43614195558365,3.683177347273081,18.42122848786547,17,0.0,16.0,16.0,15.0,4.0,8.0
201015,和平雅苑,杭州,16762.0,2009.0,19,28,33.0,1.4,纯商品住宅,70.0,住宅,1.4736842105263157,4.1588830833596715,7.611306094308557,3.58351893845611,4.533141350489946,3.8944519556201884,23.78130142223447,16,3.0,20.0,19.0,16.0,5.0,14.0
192750,顺昌花苑,杭州,14735.0,2000.0,13,26,42.0,1.8,纯商品住宅,70.0,住宅,2.0,4.828313737302301,7.225929394740412,5.991464547107982,4.533141350489946,3.9578791690404502,26.53672819868109,16,4.0,17.0,20.0,16.0,19.0,18.0
178249,景江城市花园(公寓住宅),杭州,59701.0,2007.0,3,13,30.0,4.8,纯商品住宅,70.0,住宅,4.333333333333333,5.375278407684165,7.361097447916101,5.278114659230517,4.711102366666305,3.8944519556201884,26.620044837117273,17,5.0,18.0,19.0,18.0,13.0,17.0
370070,赞成乐山红叶(公寓住宅),杭州,20536.0,2014.0,15,32,30.0,1.8,纯商品住宅,70.0,住宅,2.1333333333333333,0.0,7.225929394740412,3.2188758248682006,4.711102366666305,3.8944519556201884,19.050359541895105,15,0.0,17.0,19.0,18.0,4.0,15.0
826335,西溪雅苑(东区),杭州,18300.0,2000.0,1,11,30.0,1.5,纯商品住宅,70.0,住宅,11.0,4.1588830833596715,7.611306094308557,4.394449154672439,4.7931716376863855,3.9578791690404502,24.915689139067503,18,3.0,20.0,20.0,19.0,8.0,18.0
369819,滨江城市之星(公寓住宅),杭州,80656.0,2012.0,24,10,40.0,4.6,纯商品住宅,70.0,住宅,0.4166666666666667,6.907755278982138,6.931471805599453,5.545177444479562,4.332880321763536,3.6043653389117156,27.321650189736406,16,9.0,15.0,15.0,14.0,15.0,17.0
220572,亲亲家园二期,杭州,22743.0,2005.0,45,35,35.0,2.1,纯商品住宅,70.0,住宅,0.7777777777777778,3.295836866004329,7.08303336014054,5.666426688112432,4.533141350489946,3.5204652614328733,24.098903526180116,14,2.0,16.0,14.0,16.0,16.0,19.0
657913,嘉里云荷廷,杭州,45701.0,2017.0,68,11,30.0,1.7,纯商品住宅,70.0,住宅,0.16176470588235295,3.295836866004329,6.412373393653842,2.1972245773362196,4.7931716376863855,3.757483285265014,20.45608975994579,18,2.0,12.0,17.0,19.0,2.0,6.0
482573,顺发旺角城(公寓住宅),杭州,48422.0,2008.0,27,100,35.0,2.5,纯商品住宅,70.0,住宅,3.7037037037037037,5.375278407684165,6.931471805599453,5.545177444479562,4.222491727384414,3.683177347273081,25.757596732420673,16,5.0,15.0,16.0,13.0,15.0,17.0
635803,景瑞御华府(公寓住宅),杭州,16267.0,2015.0,47,28,30.0,2.7,纯商品住宅,70.0,住宅,0.5957446808510638,4.828313737302301,6.412373393653842,2.1972245773362196,4.624594812633863,3.5204652614328733,21.582971782359103,13,4.0,12.0,14.0,17.0,2.0,3.0
782578,得力名望府,杭州,23015.0,2017.0,51,89,30.0,2.0,纯商品住宅,70.0,住宅,1.7450980392156863,3.295836866004329,4.864775372638283,3.58351893845611,4.624594812633863,3.6043653389117156,19.9730913286443,16,2.0,6.0,15.0,17.0,5.0,5.0
160390,采荷人家,杭州,52740.0,2004.0,17,21,30.0,2.1,纯商品住宅,70.0,住宅,1.2352941176470589,7.4547199493640015,7.361097447916101,5.8888779583328805,4.871235900357477,3.8277706729163725,29.403701928886832,17,11.0,18.0,18.0,20.0,18.0,18.0
861511,绿城兰园(公寓住宅),杭州,74046.0,2014.0,15,5,30.0,2.8,纯商品住宅,70.0,住宅,0.3333333333333333,7.193685818395112,6.770125502755525,5.545177444479562,4.43614195558365,3.430774528499836,27.375905249713686,15,10.0,14.0,13.0,15.0,15.0,12.0
161154,国都公寓,杭州,52440.0,2002.0,21,34,35.0,3.1,纯商品住宅,70.0,住宅,1.619047619047619,6.591673732008658,6.770125502755525,5.780743515792329,4.332880321763536,3.8944519556201884,27.36987502794024,20,8.0,14.0,19.0,14.0,17.0,18.0
160199,金基晓庐,杭州,63631.0,2008.0,53,58,35.0,3.8,纯商品住宅,70.0,住宅,1.0943396226415094,6.907755278982138,6.597643324038146,5.780743515792329,4.103918971938459,3.6043653389117156,26.994426429662788,16,9.0,13.0,15.0,12.0,17.0,16.0
1275483,海兴雅苑,杭州,33576.0,2019.0,12,30,26.0,1.2,保障/政策类住宅,70.0,住宅,2.5,5.8377304471659395,7.08303336014054,3.2188758248682006,4.871235900357477,3.757483285265014,24.768358817797168,20,6.0,16.0,17.0,20.0,4.0,17.0
369888,滨江凯旋门,杭州,78446.0,2014.0,25,21,27.9,2.7,纯商品住宅,70.0,住宅,0.84,7.193685818395112,7.225929394740412,5.780743515792329,4.711102366666305,3.334434164699998,28.245895260294155,14,10.0,17.0,12.0,18.0,17.0,13.0
826130,桐庐碧桂园(公寓住宅),杭州,8400.0,2014.0,1,6,32.0,1.08,纯商品住宅,70.0,住宅,6.0,0.0,2.7465307216702746,2.1972245773362196,4.871235900357477,3.683177347273081,13.49816854663705,15,0.0,2.0,16.0,20.0,2.0,3.0
806214,澳海香樟苑,杭州,15527.0,2018.0,8,12,30.0,3.0,纯商品住宅,70.0,住宅,1.5,0.0,6.770125502755525,2.772588722239781,4.711102366666305,3.8944519556201884,18.1482685472818,19,0.0,14.0,19.0,18.0,3.0,12.0
418048,风雅乐府(公寓住宅),杭州,30949.0,2012.0,30,28,30.0,2.2,纯商品住宅,70.0,住宅,0.9333333333333333,4.1588830833596715,7.361097447916101,3.8918202981106265,4.533141350489946,3.8277706729163725,23.77271285279272,16,3.0,18.0,18.0,16.0,6.0,18.0
825570,滨江万家名城(南区),杭州,32139.0,2016.0,26,37,30.0,2.5,纯商品住宅,70.0,住宅,1.4230769230769231,4.828313737302301,7.225929394740412,4.605170185988092,4.711102366666305,3.8277706729163725,25.198286357613483,18,4.0,17.0,18.0,18.0,9.0,20.0
369929,昆仑公馆,杭州,56701.0,2013.0,17,11,30.0,3.2,纯商品住宅,70.0,住宅,0.6470588235294118,5.8377304471659395,7.08303336014054,5.780743515792329,4.43614195558365,3.757483285265014,26.895132563947474,16,6.0,16.0,17.0,15.0,17.0,14.0
