area,plot_ratio,greening_rate,house_age,unit_price,district_兰溪,district_婺城,district_武义县,district_永康,district_浦江县,district_金东,floor_type_低层,floor_type_地下,floor_type_未知,floor_type_高层,decoration_简单装修,decoration_精装修,decoration_豪华装修,property_type_别墅,property_type_商住楼,orientation_东北,orientation_东南,orientation_东西,orientation_北,orientation_南,orientation_南北,orientation_西,orientation_西北,orientation_西南
30.0,1.8,50.0,28.0,25.0,False,False,False,False,False,False,False,False,True,False,False,True,False,True,False,False,False,False,False,True,False,False,False,False
155.0,2.0,30.0,21.0,45.16129032258065,False,False,False,False,False,False,False,False,False,False,False,False,True,False,False,False,False,False,False,True,False,False,False,False
41.0,2.5,30.0,12.0,31.70731707317073,False,True,False,False,False,False,True,False,False,False,False,True,False,False,True,False,False,False,False,False,True,False,False,False
102.37,2.0,27.0,46.0,13.656344632216468,False,True,False,False,False,False,False,False,False,True,False,True,False,False,False,False,False,False,False,False,True,False,False,False
90.47,1.2,30.0,26.0,27.63346965845032,False,True,False,False,False,False,False,False,False,False,False,True,False,False,False,False,False,False,False,True,False,False,False,False
49.0,1.7,30.0,16.0,24.46938775510204,False,True,False,False,False,False,False,False,False,False,False,True,False,False,False,True,False,False,False,False,False,False,False,False
120.0,2.0,30.0,20.0,14.166666666666666,False,True,False,False,False,False,False,False,False,True,False,False,True,False,False,False,False,False,False,False,True,False,False,False
98.0,2.5,30.0,11.0,30.60204081632653,False,False,False,True,False,False,True,False,False,False,False,True,False,False,False,False,False,False,False,True,False,False,False,False
86.0,1.5,30.0,26.0,17.441860465116278,False,True,False,False,False,False,False,False,False,False,False,True,False,False,False,False,False,False,False,True,False,False,False,False
141.0,1.16,30.0,18.0,22.69503546099291,False,True,False,False,False,False,False,False,False,False,False,True,False,False,False,False,False,False,False,True,False,False,False,False
88.0,2.0,30.0,15.0,17.045454545454547,False,True,False,False,False,False,False,False,False,False,False,True,False,False,False,False,False,False,False,False,True,False,False,False
113.0,1.5,23.0,18.0,20.353982300884955,False,True,False,False,False,False,False,False,False,False,False,True,False,False,False,False,False,False,False,False,True,False,False,False
92.0,2.5,30.0,18.0,29.89130434782609,True,False,False,False,False,False,True,False,False,False,False,True,False,False,False,False,False,False,False,False,True,False,False,False
130.0,1.2,30.0,26.0,19.23076923076923,False,False,False,True,False,False,False,False,True,False,False,True,False,False,False,False,False,False,False,True,False,False,False,False
40.0,1.05,31.0,13.0,19.975,False,False,False,False,False,True,False,False,False,False,False,True,False,True,False,False,False,False,False,True,False,False,False,False
45.0,2.49,19.6,11.0,28.88888888888889,False,False,False,False,False,False,False,False,False,False,False,True,False,False,False,False,False,False,True,False,False,False,False,False
45.0,1.2,30.0,26.0,31.08888888888889,False,False,False,True,False,False,True,False,False,False,False,True,False,False,False,False,False,False,False,True,False,False,False,False
190.97,3.45,43.0,17.0,16.756558621773053,False,True,False,False,False,False,False,False,False,True,False,True,False,False,False,False,False,False,False,False,True,False,False,False
89.0,2.0,31.0,15.0,16.853932584269664,False,True,False,False,False,False,False,False,False,True,False,True,False,False,False,False,False,False,False,False,True,False,False,False
36.0,2.0,30.0,22.0,38.86111111111112,False,False,False,True,False,False,True,False,False,False,False,True,False,False,False,False,False,False,False,True,False,False,False,False
157.0,2.0,25.0,19.0,19.10828025477707,False,True,False,False,False,False,False,False,False,False,False,True,False,False,False,False,False,False,False,False,False,False,False,False
70.0,2.5,30.0,8.0,25.428571428571427,False,False,False,False,False,True,True,False,False,False,False,True,False,False,False,False,False,False,False,False,True,False,False,False
86.08,2.5,30.0,16.0,34.828066914498145,False,False,False,True,False,False,False,False,False,False,False,True,False,False,False,False,False,False,False,False,True,False,False,False
279.6403240575057,0.5,50.0,16.0,31.94333333333333,False,False,False,False,False,False,False,False,True,False,False,False,True,True,False,False,False,False,False,True,False,False,False,False
89.0,2.0,30.0,6.0,22.471910112359552,False,False,False,False,False,True,True,False,False,False,False,True,False,False,False,False,False,False,False,True,False,False,False,False
60.0,1.2,20.0,31.0,23.316666666666663,False,False,False,True,False,False,False,False,True,False,False,False,True,False,False,False,False,False,False,True,False,False,False,False
99.0,2.5,30.0,9.0,26.252525252525253,False,False,False,False,False,False,True,False,False,False,False,True,False,False,False,False,False,False,False,False,True,False,False,False
92.0,2.0,30.0,16.0,20.65217391304348,False,False,False,False,False,False,True,False,False,False,False,True,False,False,False,False,True,False,False,False,False,False,False,False
56.0,1.0,20.0,33.0,27.678571428571427,False,True,False,False,False,False,True,False,False,False,False,True,False,False,False,False,False,False,False,False,True,False,False,False
43.0,2.5,20.0,22.0,20.930232558139537,False,False,False,False,False,False,False,False,False,False,False,False,True,False,False,False,False,False,False,True,False,False,False,False
79.0,3.0,30.0,5.0,31.64556962025317,False,False,False,False,False,False,False,False,False,True,False,True,False,False,False,False,False,False,False,True,False,False,False,False
86.0,2.0,30.0,2.0,22.093023255813957,False,False,False,False,False,True,False,False,False,False,False,True,False,False,False,False,False,False,False,False,True,False,False,False
88.0,2.5,30.0,6.0,27.272727272727277,False,False,False,False,False,False,False,False,False,True,False,True,False,False,False,False,False,False,False,False,True,False,False,False
40.0,3.08,30.0,10.0,22.5,False,False,False,False,False,False,False,False,True,False,False,True,False,False,False,False,False,False,False,False,True,False,False,False
110.0,1.2,24.0,28.0,18.181818181818183,False,True,False,False,False,False,False,False,False,False,False,False,True,False,False,False,False,False,False,False,True,False,False,False
114.0,2.8,30.0,3.0,35.08771929824562,False,False,False,False,False,False,False,False,False,False,False,True,False,False,False,False,False,False,False,True,False,False,False,False
141.25,2.5,30.0,14.0,24.06371681415929,False,False,False,True,False,False,True,False,False,False,False,True,False,False,False,False,False,False,False,True,False,False,False,False
77.62,2.2,30.0,11.0,20.61324400927596,False,False,False,False,False,True,False,False,False,False,False,True,False,False,False,False,False,False,False,True,False,False,False,False
89.0,1.5,30.0,8.0,24.707865168539325,False,True,False,False,False,False,True,False,False,False,False,True,False,False,False,False,False,False,False,True,False,False,False,False
134.0,1.5,40.0,16.0,9.701492537313433,False,True,False,False,False,False,True,False,False,False,False,True,False,False,False,False,False,False,False,False,True,False,False,False
140.0,2.0,30.0,26.0,17.857142857142858,False,False,False,False,False,False,False,False,False,True,True,False,False,False,False,False,False,False,False,False,True,False,False,False
110.0,2.0,30.0,15.0,11.818181818181818,False,True,False,False,False,False,True,False,False,False,False,True,False,False,False,False,False,False,False,True,False,False,False,False
60.0,3.5,20.0,11.0,19.98333333333333,False,False,False,False,False,False,False,False,False,False,False,False,True,False,False,False,False,False,False,True,False,False,False,False
89.0,1.97,30.0,9.0,26.96629213483146,False,True,False,False,False,False,True,False,False,False,False,True,False,False,False,False,False,False,False,True,False,False,False,False
35.0,2.0,20.0,30.0,22.857142857142858,False,False,False,True,False,False,False,False,False,False,False,True,False,False,False,False,False,False,False,True,False,False,False,False
110.0,2.5,30.0,21.0,10.0,False,True,False,False,False,False,False,False,False,True,True,False,False,False,False,False,False,False,False,True,False,False,False,False
143.0,3.4,15.0,10.0,20.97902097902098,False,False,False,False,False,False,True,False,False,False,False,True,False,False,False,False,False,False,False,True,False,False,False,False
120.0,2.15,30.0,5.0,29.166666666666668,False,True,False,False,False,False,True,False,False,False,False,True,False,False,False,False,False,False,False,False,True,False,False,False
70.0,2.0,25.0,10.0,31.428571428571427,False,True,False,False,False,False,False,False,False,False,False,True,False,False,False,False,False,False,False,False,True,False,False,False
45.0,2.1,20.0,11.0,14.444444444444445,True,False,False,False,False,False,False,False,True,False,False,False,True,False,False,False,False,False,False,True,False,False,False,False
65.0,2.0,30.0,20.0,19.984615384615385,False,True,False,False,False,False,False,False,False,False,False,True,False,False,False,False,False,False,True,False,False,False,False,False
89.97,1.7,30.0,11.0,21.118150494609317,False,True,False,False,False,False,False,False,False,False,False,True,False,False,False,False,False,False,False,False,True,False,False,False
89.0,1.57,30.0,6.0,16.853932584269664,False,True,False,False,False,False,False,False,False,True,False,True,False,False,False,False,False,False,False,True,False,False,False,False
46.0,2.0,30.0,26.0,13.021739130434783,False,True,False,False,False,False,False,False,False,False,False,True,False,True,False,False,False,False,False,True,False,False,False,False
60.0,2.5,30.0,26.0,13.316666666666666,False,False,False,False,False,True,False,False,False,False,False,True,False,False,False,False,False,False,False,True,False,False,False,False
55.0,2.5,22.0,26.0,18.181818181818183,False,True,False,False,False,False,False,False,True,False,False,True,False,False,False,False,False,False,False,False,True,False,False,False
90.08,1.2,21.0,26.0,18.872113676731797,False,True,False,False,False,False,True,False,False,False,False,True,False,False,False,False,False,False,False,False,True,False,False,False
36.0,4.0,10.0,16.0,22.22222222222222,False,True,False,False,False,False,False,False,False,False,False,True,False,False,False,False,False,False,True,False,False,False,False,False
96.0,2.45,32.0,5.0,36.458333333333336,False,False,False,False,False,False,False,False,False,True,False,True,False,False,False,False,False,False,False,True,False,False,False,False
50.0,1.5,30.0,30.0,30.0,False,True,False,False,False,False,False,False,False,False,False,False,True,False,False,False,False,False,False,True,False,False,False,False
188.0,2.25,50.0,14.0,31.909574468085108,False,False,False,True,False,False,False,False,False,False,False,True,False,False,False,False,False,False,False,True,False,False,False,False
151.0,1.5,30.0,28.0,22.18543046357616,False,True,False,False,False,False,False,False,False,False,False,True,False,False,False,False,False,False,False,False,True,False,False,False
110.0,2.0,30.0,9.0,27.272727272727277,False,False,False,False,False,False,False,False,False,False,False,True,False,False,False,False,False,False,False,True,False,False,False,False
176.0,1.2,24.0,28.0,14.772727272727272,False,True,False,False,False,False,False,False,False,False,False,True,False,False,False,False,False,False,False,False,True,False,False,False
135.0,2.0,30.0,11.0,14.814814814814817,False,False,False,False,False,False,False,False,False,True,True,False,False,False,False,False,False,False,False,False,True,False,False,False
120.0,2.0,20.0,29.0,25.0,False,False,False,False,False,False,True,False,False,False,False,True,False,False,False,False,False,False,False,True,False,False,False,False
60.0,2.5,30.0,10.0,13.316666666666666,False,False,False,False,False,True,True,False,False,False,False,True,False,False,False,False,False,False,False,True,False,False,False,False
150.0,2.0,30.0,16.0,36.66666666666666,False,False,False,True,False,False,True,False,False,False,False,True,False,False,False,False,False,False,False,True,False,False,False,False
110.6,1.8,30.0,4.0,22.423146473779383,False,True,False,False,False,False,False,False,False,False,False,False,True,False,False,False,False,False,False,False,True,False,False,False
60.0,1.2,25.0,26.0,21.666666666666668,False,True,False,False,False,False,True,False,False,False,False,True,False,False,False,False,False,False,False,False,True,False,False,False
70.0,0.5,30.0,26.0,21.428571428571427,False,True,False,False,False,False,False,False,False,False,False,True,False,False,False,False,False,False,False,False,True,False,False,False
279.6403240575057,2.0,20.0,29.0,50.0,False,False,False,False,False,False,False,False,True,False,False,False,True,False,False,False,False,False,False,True,False,False,False,False
106.0,2.5,30.0,18.0,27.50943396226415,True,False,False,False,False,False,True,False,False,False,False,True,False,False,False,False,False,False,False,True,False,False,False,False
279.6403240575057,0.5,50.0,30.0,10.989010989010987,False,False,False,False,False,True,False,False,True,False,False,True,False,True,False,False,False,False,False,True,False,False,False,False
111.0,1.5,23.0,18.0,19.81981981981982,False,True,False,False,False,False,True,False,False,False,False,False,True,False,False,False,False,False,False,False,True,False,False,False
75.0,2.0,30.0,7.0,25.32,False,False,False,False,False,False,True,False,False,False,False,True,False,False,False,False,False,False,False,False,True,False,False,False
60.0,2.0,20.0,22.0,21.666666666666668,False,False,False,False,False,True,False,False,False,False,False,True,False,False,True,False,False,False,False,False,False,False,False,False
145.0,2.0,30.0,18.0,17.24137931034483,False,False,False,False,False,False,False,False,True,False,False,True,False,False,False,False,False,False,False,True,False,False,False,False
80.0,1.5,30.0,11.0,18.75,False,True,False,False,False,False,False,False,False,False,False,True,False,False,False,False,False,False,False,False,True,False,False,False
47.0,2.5,30.0,15.0,21.27659574468085,False,True,False,False,False,False,True,False,False,False,False,True,False,False,False,False,False,False,False,False,True,False,False,False
65.0,2.0,30.0,7.0,25.630769230769232,False,False,False,False,False,False,False,False,False,False,False,True,False,False,False,False,False,False,False,True,False,False,False,False
25.0,1.8,10.0,26.0,32.0,False,True,False,False,False,False,False,False,True,False,False,True,False,False,False,False,False,False,False,True,False,False,False,False
92.0,2.0,30.0,12.0,25.358695652173918,True,False,False,False,False,False,False,False,False,False,False,True,False,False,False,False,False,False,False,True,False,False,False,False
90.0,1.5,30.0,8.0,26.11111111111111,False,True,False,False,False,False,False,False,False,True,False,False,True,False,False,False,False,False,False,True,False,False,False,False
89.0,2.0,30.0,15.0,14.606741573033707,False,True,False,False,False,False,True,False,False,False,False,True,False,False,False,False,False,False,False,True,False,False,False,False
123.0,2.5,30.0,11.0,28.04878048780488,False,False,False,True,False,False,True,False,False,False,False,True,False,False,False,False,False,False,False,True,False,False,False,False
30.0,2.5,30.0,26.0,40.0,False,True,False,False,False,False,False,False,False,True,False,True,False,False,False,False,False,False,False,True,False,False,False,False
109.26,2.0,30.0,28.0,21.05070474098481,False,False,False,False,False,True,False,False,False,True,False,True,False,False,False,False,False,False,False,False,True,False,False,False
118.0,2.5,30.0,9.0,17.652542372881356,True,False,False,False,False,False,True,False,False,False,False,True,False,False,False,False,False,False,False,True,False,False,False,False
100.08,1.7,30.0,25.0,14.98800959232614,False,False,False,False,False,True,False,False,False,True,True,False,False,False,False,False,False,False,False,False,True,False,False,False
30.0,2.5,35.0,23.0,25.0,False,True,False,False,False,False,False,False,False,False,False,True,False,False,False,False,False,False,False,True,False,False,False,False
131.0,1.2,30.0,26.0,12.122137404580153,False,False,False,False,False,False,False,False,False,False,True,False,False,False,False,False,False,False,False,False,True,False,False,False
96.0,2.0,30.0,15.0,16.666666666666668,False,True,False,False,False,False,True,False,False,False,True,False,False,False,False,False,False,False,False,False,True,False,False,False
63.07,2.5,28.0,19.0,19.02647851593468,False,True,False,False,False,False,True,False,False,False,False,False,True,False,False,False,False,False,False,False,True,False,False,False
88.0,2.5,30.0,6.0,24.613636363636363,False,False,False,True,False,False,False,False,True,False,False,True,False,False,False,False,False,False,False,True,False,False,False,False
25.0,1.8,10.0,26.0,31.92,False,True,False,False,False,False,False,False,False,True,False,True,False,False,False,False,False,False,False,True,False,False,False,False
146.0,1.2,27.0,36.0,20.54794520547945,False,True,False,False,False,False,True,False,False,False,False,True,False,False,False,False,False,False,False,False,True,False,False,False
94.0,2.5,30.0,15.0,15.95744680851064,False,True,False,False,False,False,False,False,False,False,False,True,False,False,True,False,False,False,False,False,True,False,False,False
60.0,2.5,30.0,11.0,13.316666666666666,False,False,False,False,False,True,False,False,False,False,False,True,False,False,False,False,False,False,False,True,False,False,False,False
95.95,1.8,30.0,28.0,15.63314226159458,False,True,False,False,False,False,False,False,False,False,False,True,False,False,False,False,False,False,False,True,False,False,False,False
143.0,2.5,30.0,8.0,19.23076923076923,False,False,False,False,False,False,True,False,False,False,False,True,False,False,False,False,False,False,False,False,True,False,False,False
32.0,1.2,30.0,26.0,42.15625,False,False,False,True,False,False,False,False,True,False,False,True,False,False,False,False,False,False,False,True,False,False,False,False
168.0,3.0,30.0,8.0,18.84523809523809,False,False,False,False,False,False,False,False,False,False,False,True,False,False,False,False,False,False,False,False,True,False,False,False
80.0,2.5,30.0,5.0,25.0,False,False,False,False,False,True,False,False,False,True,False,False,True,False,False,False,False,False,False,True,False,False,False,False
77.9,1.5,36.07,14.0,15.404364569961489,False,False,False,False,False,True,True,False,False,False,True,False,False,False,False,False,False,False,False,True,False,False,False,False
95.0,3.3,30.0,20.0,20.84210526315789,False,True,False,False,False,False,False,False,False,True,False,True,False,False,False,False,False,False,False,True,False,False,False,False
49.89,1.8,28.0,24.0,32.07055522148727,False,True,False,False,False,False,False,False,False,True,False,False,True,False,False,False,False,False,False,True,False,False,False,False
63.0,2.0,31.0,22.0,15.873015873015872,False,True,False,False,False,False,False,False,False,False,False,True,False,False,False,False,False,False,False,False,True,False,False,False
111.0,3.5,30.0,11.0,26.11711711711712,False,False,False,False,False,False,True,False,False,False,False,False,True,False,False,False,False,False,False,True,False,False,False,False
118.19,1.3,30.0,11.0,18.61409594720365,False,False,False,False,False,True,False,False,False,True,False,True,False,False,False,False,False,False,False,True,False,False,False,False
116.0,2.5,30.0,11.0,28.448275862068964,False,False,False,False,False,False,True,False,False,False,False,True,False,False,False,False,False,False,False,False,True,False,False,False
140.0,2.5,30.0,22.0,25.0,False,True,False,False,False,False,False,False,False,False,False,False,True,False,False,False,False,False,False,True,False,False,False,False
55.0,2.0,30.0,11.0,19.63636363636364,False,False,False,True,False,False,True,False,False,False,False,True,False,False,False,False,False,False,False,True,False,False,False,False
180.18,1.5,30.0,21.0,13.32001332001332,False,False,False,False,False,True,False,False,False,True,False,True,False,False,False,False,False,False,False,False,True,False,False,False
30.0,2.0,30.0,15.0,23.33333333333333,False,False,False,False,False,True,True,False,False,False,False,True,False,False,False,False,False,False,False,True,False,False,False,False
115.0,2.45,32.0,5.0,34.78260869565217,False,False,False,False,False,False,True,False,False,False,False,True,False,False,False,False,False,False,False,False,True,False,False,False
143.0,2.0,30.0,4.0,32.16783216783217,False,True,False,False,False,False,False,False,False,True,False,False,True,False,False,False,False,False,False,True,False,False,False,False
279.6403240575057,0.5,50.0,30.0,16.50793650793651,False,False,False,False,False,True,False,False,True,False,False,True,False,True,False,False,False,False,False,False,True,False,False,False
143.0,2.0,30.0,11.0,16.783216783216783,False,False,False,False,False,False,False,False,False,True,False,True,False,False,False,False,False,False,False,True,False,False,False,False
46.0,1.8,30.0,4.0,14.130434782608695,False,True,False,False,False,False,False,False,True,False,False,True,False,False,False,False,False,False,False,True,False,False,False,False
142.14,1.2,30.0,6.0,23.21654706627269,False,True,False,False,False,False,False,False,False,False,False,True,False,False,False,False,False,False,False,True,False,False,False,False
60.0,2.0,20.0,30.0,13.316666666666666,False,True,False,False,False,False,True,False,False,False,False,True,False,False,False,False,False,False,False,True,False,False,False,False
90.3,2.2,30.0,19.0,22.1483942414175,False,False,False,False,False,True,False,False,False,True,False,True,False,False,False,False,False,False,False,False,True,False,False,False
100.0,2.5,30.0,6.0,26.66,False,False,False,False,False,False,True,False,False,False,False,True,False,False,False,False,False,False,False,False,True,False,False,False
96.0,2.5,30.0,6.0,26.03125,False,False,False,False,False,False,False,False,False,False,False,True,False,False,False,False,False,False,False,True,False,False,False,False
60.0,1.7,32.0,17.0,13.316666666666666,False,False,False,False,False,True,True,False,False,False,False,True,False,False,False,False,False,False,False,True,False,False,False,False
80.0,0.5,50.0,9.0,22.5,False,False,False,False,False,False,False,False,False,False,False,False,True,False,False,False,False,False,False,False,True,False,False,False
40.0,2.5,50.0,12.0,17.475,False,True,False,False,False,False,True,False,False,False,False,True,False,False,False,False,False,False,False,True,False,False,False,False
56.0,3.0,28.0,24.0,27.678571428571427,False,True,False,False,False,False,False,False,False,True,False,True,False,False,False,False,False,False,False,False,False,False,False,False
88.0,1.8,35.0,4.0,21.454545454545453,False,False,False,False,False,True,False,False,False,False,False,True,False,False,False,False,False,False,False,True,False,False,False,False
132.35,1.5,30.0,11.0,18.889308651303363,False,False,False,False,False,False,True,False,False,False,False,True,False,False,False,False,False,False,False,False,True,False,False,False
89.0,1.27,30.1,4.0,22.471910112359552,False,True,False,False,False,False,False,False,False,False,False,True,False,False,False,False,False,False,False,True,False,False,False,False
50.0,2.0,30.0,26.0,13.98,False,True,False,False,False,False,True,False,False,False,False,True,False,False,False,False,False,False,False,True,False,False,False,False
127.99,3.45,43.0,17.0,17.18884287834987,False,True,False,False,False,False,False,False,False,False,False,False,True,False,False,False,False,False,False,False,True,False,False,False
44.31,2.5,30.0,22.0,29.33874971789664,False,True,False,False,False,False,False,False,False,False,False,True,False,False,False,False,False,False,False,True,False,False,False,False
95.0,2.5,30.0,3.0,22.105263157894736,False,False,False,False,False,True,False,False,False,True,False,True,False,False,False,False,False,False,False,False,True,False,False,False
135.0,2.5,30.0,24.0,20.37037037037037,False,False,False,False,False,False,False,False,False,True,True,False,False,False,False,False,False,False,False,True,False,False,False,False
60.0,1.2,30.0,26.0,18.33333333333333,False,True,False,False,False,False,False,False,False,False,False,True,False,False,False,False,False,False,False,True,False,False,False,False
140.22,1.2,30.0,6.0,4.992155184709742,False,False,False,False,False,True,False,False,False,False,False,True,False,False,False,False,False,False,False,False,True,False,False,False
41.39,1.8,28.0,24.0,24.160425223483934,False,True,False,False,False,False,False,False,False,True,False,True,False,False,False,False,False,False,False,True,False,False,False,False
68.79,1.7,30.0,16.0,17.444395987788923,False,True,False,False,False,False,False,False,False,True,False,True,False,False,False,False,False,False,False,False,True,False,False,False
40.0,3.0,30.0,5.0,25.0,False,True,False,False,False,False,False,False,False,False,False,True,False,False,False,False,False,False,False,False,True,False,False,False
100.0,1.8,39.0,4.0,27.99,False,False,False,True,False,False,True,False,False,False,False,False,True,False,False,False,False,False,True,False,False,False,False,False
85.0,2.0,30.0,3.0,17.647058823529413,False,False,False,False,False,True,False,False,False,False,False,True,False,False,False,False,False,False,False,False,True,False,False,False
47.0,1.2,31.0,18.0,27.23404255319149,False,True,False,False,False,False,False,False,False,True,False,True,False,False,False,False,False,False,True,False,False,False,False,False
121.0,1.5,40.0,16.0,12.396694214876034,False,True,False,False,False,False,True,False,False,False,False,True,False,False,False,False,False,False,False,True,False,False,False,False
128.0,2.5,30.0,8.0,26.5546875,False,False,False,False,False,True,False,False,False,True,False,False,True,False,False,False,False,False,False,True,False,False,False,False
90.0,1.5,30.0,8.0,23.33333333333333,False,True,False,False,False,False,True,False,False,False,False,False,True,False,False,False,False,False,False,True,False,False,False,False
110.0,2.0,30.0,6.0,20.0,False,True,False,False,False,False,True,False,False,False,False,False,True,False,False,False,False,False,False,False,True,False,False,False
88.81,1.43,30.0,12.0,19.14198851480689,False,False,False,False,False,True,False,False,False,True,False,True,False,False,False,False,False,False,False,False,True,False,False,False
89.0,2.0,30.0,6.0,20.2247191011236,False,False,False,False,False,True,False,False,False,True,False,True,False,False,False,False,False,False,False,False,True,False,False,False
60.0,2.5,30.0,10.0,11.65,False,False,False,False,False,True,False,False,False,True,False,True,False,False,False,False,False,False,False,True,False,False,False,False
83.0,1.2,25.0,26.0,20.24096385542169,False,True,False,False,False,False,False,False,False,False,False,True,False,False,False,False,False,False,False,False,True,False,False,False
90.39,1.8,25.0,11.0,26.551609691337536,False,True,False,False,False,False,False,False,False,False,False,True,False,False,False,False,False,False,False,True,False,False,False,False
89.0,1.5,30.0,23.0,16.853932584269664,False,True,False,False,False,False,True,False,False,False,False,True,False,False,False,False,False,False,False,False,True,False,False,False
85.0,2.0,30.0,3.0,17.647058823529413,False,False,False,False,False,True,True,False,False,False,False,True,False,False,False,False,False,False,False,True,False,False,False,False
89.0,2.5,20.0,27.0,30.337078651685392,False,False,False,True,False,False,True,False,False,False,False,True,False,False,False,False,False,False,False,True,False,False,False,False
140.0,2.5,35.0,6.0,26.785714285714285,False,False,False,True,False,False,False,False,False,True,False,False,True,False,False,False,False,False,False,False,True,False,False,False
85.0,1.35,35.0,5.0,25.88235294117647,False,True,False,False,False,False,True,False,False,False,False,True,False,False,False,False,False,False,False,True,False,False,False,False
80.0,2.5,30.0,26.0,31.0,False,False,False,True,False,False,False,False,False,True,False,False,True,False,False,False,False,False,False,False,False,False,False,False
110.0,2.5,30.0,11.0,29.09090909090909,False,False,False,False,False,False,False,False,False,True,False,True,False,False,False,False,False,False,False,False,True,False,False,False
140.0,2.0,30.0,21.0,77.37857142857143,False,False,False,False,False,False,False,False,True,False,False,True,False,False,False,False,False,False,False,False,True,False,False,False
89.0,1.5,30.0,11.0,16.292134831460675,False,True,False,False,False,False,False,False,False,True,False,True,False,False,False,False,False,False,False,False,True,False,False,False
50.0,2.0,50.0,10.0,11.98,False,True,False,False,False,False,True,False,False,False,False,True,False,True,False,False,False,False,False,True,False,False,False,False
86.0,2.0,30.0,10.0,25.58139534883721,False,True,False,False,False,False,False,False,False,False,False,True,False,False,False,False,False,False,False,True,False,False,False,False
108.0,2.5,30.0,22.0,22.11111111111111,False,True,False,False,False,False,False,False,False,True,False,False,True,False,False,False,False,False,False,False,True,False,False,False
150.0,1.2,30.0,26.0,16.66,False,False,False,True,False,False,False,False,False,False,False,False,True,False,False,False,False,False,False,True,False,False,False,False
220.0,1.8,30.0,23.0,18.181818181818183,False,False,False,False,False,True,False,False,True,False,False,False,True,True,False,False,False,False,False,False,True,False,False,False
70.0,1.7,25.0,7.0,25.714285714285715,False,True,False,False,False,False,False,False,False,True,False,False,True,False,False,False,False,False,False,True,False,False,False,False
89.0,1.5,30.0,6.0,23.59550561797753,False,False,False,False,False,False,True,False,False,False,True,False,False,False,False,False,False,False,False,True,False,False,False,False
97.0,2.3,30.0,6.0,15.463917525773196,False,False,False,False,False,True,False,False,False,False,True,False,False,False,False,False,False,False,False,False,True,False,False,False
90.0,1.5,40.0,16.0,12.77777777777778,False,True,False,False,False,False,False,False,False,False,False,True,False,False,False,False,False,False,False,True,False,False,False,False
60.0,2.0,30.0,28.0,30.0,False,True,False,False,False,False,False,False,False,True,False,False,True,False,False,False,False,False,False,True,False,False,False,False
65.0,1.6,30.0,16.0,18.46153846153846,False,True,False,False,False,False,True,False,False,False,False,True,False,False,False,False,False,False,False,False,True,False,False,False
220.0,2.0,30.0,8.0,19.036363636363635,False,False,False,False,False,False,True,False,False,False,False,False,True,False,False,False,False,False,False,False,True,False,False,False
109.0,1.5,45.0,28.0,16.513761467889907,False,True,False,False,False,False,False,False,False,False,False,True,False,False,False,False,False,False,False,False,True,False,False,False
48.0,1.2,30.0,26.0,25.625,False,False,False,True,False,False,False,False,False,True,False,False,True,False,False,False,False,False,False,True,False,False,False,False
57.48,1.5,28.0,21.0,27.48782185107864,False,True,False,False,False,False,False,False,False,False,False,True,False,False,False,True,False,False,False,False,False,False,False,False
84.0,2.0,30.0,11.0,17.857142857142858,False,False,False,False,False,True,False,False,False,True,False,True,False,False,False,False,False,False,False,False,True,False,False,False
30.0,1.2,30.0,26.0,39.96666666666667,False,False,False,True,False,False,False,False,False,True,False,True,False,False,False,False,False,False,False,True,False,False,False,False
160.0,2.0,30.0,14.0,15.625,True,False,False,False,False,False,True,False,False,False,False,False,True,False,False,False,False,False,False,False,True,False,False,False
117.74,1.56,38.0,11.0,17.835909631391203,False,False,False,False,False,True,False,False,False,False,False,False,True,False,False,False,False,False,False,False,True,False,False,False
133.0,2.0,30.0,21.0,21.804511278195488,False,False,False,True,False,False,False,False,False,True,False,True,False,False,False,False,False,False,False,False,True,False,False,False
50.0,2.5,30.0,26.0,13.98,False,False,False,False,False,True,False,False,False,False,False,True,False,False,False,False,False,False,False,True,False,False,False,False
125.0,3.0,30.0,5.0,28.0,False,False,False,False,False,False,False,False,False,True,False,True,False,False,False,False,False,False,False,False,True,False,False,False
56.0,2.0,30.0,28.0,28.571428571428573,False,True,False,False,False,False,False,False,False,False,False,True,False,False,False,False,False,False,False,True,False,False,False,False
60.0,1.7,25.0,7.0,13.316666666666666,False,True,False,False,False,False,False,False,False,False,False,True,False,False,False,False,False,False,False,True,False,False,False,False
56.55,3.0,28.0,24.0,26.525198938992045,False,True,False,False,False,False,False,False,False,True,False,True,False,False,False,False,False,False,False,False,True,False,False,False
30.0,2.0,30.0,18.0,31.666666666666668,False,False,False,False,True,False,False,False,True,False,False,True,False,False,False,False,False,False,False,False,False,False,False,False
140.0,2.0,30.0,19.0,17.142857142857142,False,False,False,False,False,False,False,False,False,True,False,True,False,False,False,False,False,False,True,False,False,False,False,False
143.0,1.5,30.0,14.0,23.07692307692308,False,True,False,False,False,False,True,False,False,False,False,True,False,False,False,False,False,False,False,False,True,False,False,False
120.0,2.0,30.0,15.0,20.08333333333333,False,False,False,False,False,False,False,False,False,True,True,False,False,False,True,False,False,False,False,False,True,False,False,False
55.0,1.2,20.0,31.0,23.63636363636364,False,True,False,False,False,False,False,False,False,False,False,True,False,False,False,False,False,False,False,False,True,False,False,False
136.33,2.0,20.0,26.0,11.589525416269346,False,True,False,False,False,False,False,False,False,True,False,True,False,False,False,False,False,False,False,True,False,False,False,False
100.0,2.0,30.0,22.0,21.66,False,False,False,True,False,False,False,False,False,True,False,True,False,False,False,False,False,False,False,True,False,False,False,False
136.0,2.0,30.0,16.0,19.110294117647054,False,False,False,True,False,False,False,False,False,False,False,False,True,False,False,False,False,False,False,False,True,False,False,False
110.0,3.8,30.0,8.0,27.272727272727277,False,False,False,False,False,False,False,False,False,True,False,False,True,False,True,False,False,False,False,True,False,False,False,False
89.0,2.5,30.0,4.0,22.471910112359552,False,False,False,False,False,True,False,False,False,False,False,True,False,False,False,False,False,False,False,False,True,False,False,False
89.0,2.0,30.0,10.0,17.97752808988764,False,True,False,False,False,False,True,False,False,False,False,True,False,False,False,False,False,False,False,True,False,False,False,False
30.0,1.82,31.0,21.0,23.3,False,True,False,False,False,False,False,False,False,False,False,True,False,False,False,False,False,False,False,True,False,False,False,False
110.0,1.5,30.0,3.0,20.90909090909091,False,False,False,False,False,True,False,False,False,False,False,True,False,False,False,False,False,False,False,False,True,False,False,False
98.0,2.5,30.0,5.0,14.275510204081632,False,False,False,False,False,True,False,False,False,False,False,False,True,False,False,False,False,False,False,False,True,False,False,False
90.0,1.6,30.0,9.0,21.11111111111111,False,True,False,False,False,False,False,False,False,True,False,True,False,False,False,False,False,False,False,False,True,False,False,False
133.0,2.0,30.0,21.0,16.541353383458645,False,False,False,False,False,False,False,False,True,False,True,False,False,False,False,False,False,False,False,True,False,False,False,False
32.0,2.5,30.0,26.0,26.5625,False,False,False,False,False,False,True,False,False,False,False,True,False,False,False,False,False,False,False,False,True,False,False,False
41.0,2.0,20.0,19.0,20.73170731707317,False,True,False,False,False,False,False,False,False,False,False,True,False,False,True,False,False,False,False,False,True,False,False,False
85.0,2.5,30.0,5.0,21.176470588235293,False,False,False,False,False,True,False,False,False,True,False,True,False,False,False,False,False,False,False,True,False,False,False,False
160.0,2.0,30.0,12.0,13.75,False,False,False,False,False,False,True,False,False,False,False,True,False,False,False,False,False,False,False,False,True,False,False,False
70.0,1.0,20.0,31.0,25.0,False,True,False,False,False,False,True,False,False,False,False,True,False,False,False,False,False,False,False,False,True,False,False,False
82.0,2.0,30.0,14.0,31.463414634146343,True,False,False,False,False,False,False,False,False,True,False,True,False,False,False,False,False,False,False,True,False,False,False,False
68.0,2.5,22.0,26.0,14.705882352941176,False,True,False,False,False,False,True,False,False,False,False,True,False,False,False,False,False,False,False,False,True,False,False,False
92.0,2.5,20.0,22.0,21.73913043478261,False,False,False,False,False,False,False,False,False,False,False,False,True,False,False,False,False,False,False,True,False,False,False,False
248.56,2.0,30.0,19.0,31.380753138075317,False,True,False,False,False,False,False,False,True,False,False,False,True,False,False,False,False,False,False,True,False,False,False,False
89.0,1.6,30.0,17.0,17.97752808988764,False,False,False,False,False,True,False,False,False,True,False,True,False,False,False,False,False,False,False,True,False,False,False,False
60.5,2.0,30.0,18.0,24.793388429752067,False,False,True,False,False,False,False,False,False,True,False,True,False,False,False,False,False,False,False,True,False,False,False,False
117.0,1.2,30.0,21.0,19.65811965811966,False,False,False,False,False,False,True,False,False,False,False,True,False,False,False,False,False,False,False,False,True,False,False,False
83.2,2.0,30.2,28.0,19.83173076923077,False,True,False,False,False,False,False,False,False,False,False,False,True,False,False,False,False,False,False,True,False,False,False,False
89.51,2.0,30.0,12.0,25.695453022008717,False,True,False,False,False,False,False,False,False,True,False,False,True,False,False,False,False,False,False,True,False,False,False,False
45.0,2.5,30.0,7.0,15.533333333333331,False,True,False,False,False,False,True,False,False,False,False,True,False,False,False,False,False,False,False,True,False,False,False,False
279.6403240575057,0.5,50.0,16.0,34.24657534246575,False,False,False,False,False,False,False,False,True,False,False,True,False,True,False,False,False,False,False,False,True,False,False,False
37.38,1.8,28.0,24.0,24.07704654895666,False,True,False,False,False,False,False,False,False,False,False,True,False,False,False,False,False,False,False,True,False,False,False,False
101.47,2.0,30.0,28.0,19.21750271016064,False,True,False,False,False,False,False,False,False,False,False,True,False,False,False,False,False,False,False,True,False,False,False,False
52.0,2.0,30.0,3.0,25.0,False,True,False,False,False,False,False,False,False,True,False,True,False,False,False,False,False,False,False,True,False,False,False,False
98.0,1.5,30.0,31.0,16.122448979591837,False,True,False,False,False,False,False,False,False,True,False,True,False,False,False,False,False,False,False,True,False,False,False,False
120.0,2.0,30.0,26.0,16.666666666666668,False,True,False,False,False,False,False,False,False,False,False,True,False,False,False,False,False,False,False,True,False,False,False,False
108.0,2.6,30.0,5.0,33.22222222222222,False,False,False,False,False,False,False,False,True,False,False,True,False,False,False,False,False,False,False,True,False,False,False,False
123.0,2.5,30.0,9.0,27.235772357723576,False,False,False,False,False,False,False,False,False,False,False,True,False,False,False,False,False,False,False,False,True,False,False,False
139.0,1.2,20.0,31.0,12.949640287769784,False,False,False,True,False,False,True,False,False,False,False,True,False,False,False,False,False,False,False,False,True,False,False,False
130.0,2.5,30.0,5.0,16.923076923076923,False,True,False,False,False,False,True,False,False,False,False,True,False,False,False,False,False,False,False,False,True,False,False,False
69.3,2.5,30.0,26.0,21.645021645021647,False,True,False,False,False,False,False,False,False,False,False,True,False,False,False,False,False,False,False,False,True,False,False,False
79.0,3.3,30.0,20.0,26.582278481012654,False,True,False,False,False,False,False,False,False,False,False,False,True,False,False,False,False,False,False,True,False,False,False,False
55.0,1.4,29.0,21.0,11.818181818181818,False,True,False,False,False,False,False,False,True,False,False,True,False,False,False,False,False,False,False,True,False,False,False,False
66.0,1.2,30.0,26.0,19.696969696969692,False,True,False,False,False,False,True,False,False,False,False,True,False,False,False,False,False,False,False,False,True,False,False,False
89.95,2.0,25.0,10.0,25.569760978321288,False,True,False,False,False,False,True,False,False,False,False,True,False,False,False,False,False,False,False,False,True,False,False,False
39.0,2.5,30.0,26.0,30.76923076923077,False,True,False,False,False,False,True,False,False,False,False,True,False,False,False,False,False,False,True,False,False,False,False,False
102.0,2.0,30.0,5.0,24.50980392156863,False,False,False,False,False,False,False,False,False,False,False,True,False,False,True,False,False,False,False,True,False,False,False,False
115.0,1.5,30.0,3.0,21.73913043478261,False,False,False,False,False,True,False,False,False,False,False,False,True,False,False,False,False,False,False,True,False,False,False,False
89.0,2.1,27.0,8.0,20.2247191011236,False,True,False,False,False,False,False,False,False,False,False,True,False,False,False,False,False,False,False,True,False,False,False,False
88.0,2.0,30.0,6.0,20.454545454545453,False,False,False,False,False,True,False,False,False,True,False,True,False,False,False,False,False,False,False,False,True,False,False,False
120.0,1.8,35.0,4.0,23.33333333333333,False,False,False,False,False,True,False,False,False,True,False,True,False,False,False,False,False,False,False,False,True,False,False,False
58.0,2.5,30.0,26.0,23.27586206896552,False,False,False,True,False,False,False,False,False,False,True,False,False,False,False,False,False,False,False,True,False,False,False,False
180.0,2.0,30.0,21.0,44.44444444444444,False,False,False,False,False,False,False,False,False,True,False,True,False,False,False,False,False,False,False,False,True,False,False,False
77.0,1.8,30.0,6.0,20.77922077922078,False,False,False,False,False,True,True,False,False,False,False,True,False,False,False,False,False,False,False,False,True,False,False,False
89.0,3.0,30.0,4.0,22.471910112359552,False,True,False,False,False,False,True,False,False,False,False,True,False,False,False,False,False,False,False,False,True,False,False,False
136.0,1.6,30.0,17.0,16.176470588235293,False,False,False,False,False,True,False,False,False,False,False,True,False,False,False,False,False,False,False,False,True,False,False,False
88.0,2.0,31.0,22.0,18.181818181818183,False,True,False,False,False,False,False,False,False,True,False,True,False,False,False,False,False,False,False,True,False,False,False,False
40.0,1.2,30.0,26.0,24.925,False,False,False,True,False,False,False,False,False,False,False,False,True,False,False,False,False,False,False,True,False,False,False,False
40.0,2.0,30.0,28.0,15.0,False,True,False,False,False,False,False,False,False,False,False,True,False,False,False,False,False,False,False,True,False,False,False,False
89.0,2.0,30.0,5.0,22.471910112359552,False,True,False,False,False,False,False,False,False,True,False,True,False,False,False,False,False,False,False,False,True,False,False,False
40.0,3.0,30.0,5.0,27.5,False,True,False,False,False,False,False,False,False,False,False,True,False,False,False,False,False,False,False,True,False,False,False,False
80.32,1.8,30.0,28.0,26.14541832669323,False,True,False,False,False,False,False,False,False,True,False,True,False,False,False,False,False,False,False,True,False,False,False,False
115.0,2.0,35.0,2.0,19.130434782608692,False,True,False,False,False,False,False,False,False,False,False,False,True,False,False,False,False,False,False,True,False,False,False,False
125.0,1.2,27.0,36.0,24.0,False,True,False,False,False,False,True,False,False,False,False,True,False,False,False,False,False,False,False,False,True,False,False,False
93.5,1.2,30.0,16.0,16.0427807486631,False,True,False,False,False,False,True,False,False,False,False,False,True,False,False,False,False,False,False,False,True,False,False,False
32.0,2.5,25.0,8.0,31.21875,False,False,False,False,False,False,False,False,True,False,False,True,False,False,False,False,False,False,False,True,False,False,False,False
93.0,2.5,30.0,24.0,19.35483870967742,False,True,False,False,False,False,False,False,False,True,False,True,False,False,False,False,False,False,False,False,True,False,False,False
89.12,2.5,25.0,9.0,22.44165170556553,False,False,False,False,False,True,False,False,False,False,False,True,False,False,False,False,False,False,False,False,True,False,False,False
50.0,1.2,20.0,28.0,27.6,False,True,False,False,False,False,False,False,False,False,False,False,True,False,False,False,False,False,False,False,True,False,False,False
78.0,1.8,30.0,6.0,20.512820512820515,False,False,False,False,False,True,True,False,False,False,False,True,False,False,False,False,False,False,False,True,False,False,False,False
136.0,2.5,30.0,9.0,23.529411764705884,False,False,False,False,False,False,False,False,False,True,False,True,False,False,False,False,False,False,False,False,True,False,False,False
45.0,2.5,30.0,15.0,22.22222222222222,False,True,False,False,False,False,False,False,False,True,False,True,False,False,False,False,False,False,False,False,True,False,False,False
40.0,2.5,30.0,6.0,27.5,False,False,False,True,False,False,False,False,True,False,False,True,False,False,False,False,False,False,False,True,False,False,False,False
150.0,2.0,30.0,16.0,26.586666666666662,False,False,False,True,False,False,False,False,False,False,False,True,False,False,False,False,False,False,False,True,False,False,False,False
101.96,2.0,25.7,6.0,20.105923891722245,False,True,False,False,False,False,False,False,False,True,False,True,False,False,False,False,False,False,False,False,True,False,False,False
168.0,3.0,30.0,8.0,15.86904761904762,False,False,False,False,False,False,False,False,False,False,False,True,False,False,False,False,False,False,False,False,True,False,False,False
80.0,2.5,30.0,7.0,22.5,False,True,False,False,False,False,False,False,False,False,False,False,True,False,False,False,False,False,False,False,True,False,False,False
86.66,2.0,30.2,28.0,20.77082852527117,False,True,False,False,False,False,False,False,False,False,False,True,False,False,False,False,False,False,False,False,True,False,False,False
33.0,2.0,30.0,2.0,24.24242424242424,False,False,False,False,False,True,False,False,False,True,False,True,False,False,False,False,False,False,False,True,False,False,False,False
51.0,1.2,31.0,18.0,24.50980392156863,False,True,False,False,False,False,False,False,False,True,False,False,True,False,False,False,False,False,True,False,False,False,False,False
47.0,1.2,31.0,18.0,25.53191489361702,False,True,False,False,False,False,False,False,False,True,False,True,False,False,False,False,False,False,False,True,False,False,False,False
60.0,2.4,15.0,4.0,21.666666666666668,False,True,False,False,False,False,False,False,False,False,False,True,False,False,False,False,False,False,False,True,False,False,False,False
39.99,2.6,30.0,7.0,32.50812703175794,False,True,False,False,False,False,False,False,False,True,False,True,False,False,False,False,False,False,False,False,True,False,False,False
115.0,2.5,50.0,17.0,19.565217391304348,False,False,False,False,False,False,False,False,False,False,False,True,False,False,False,False,False,False,False,True,False,False,False,False
279.6403240575057,1.0,30.0,8.0,49.38271604938272,False,False,False,False,False,False,False,False,True,False,False,False,True,True,False,False,False,False,False,True,False,False,False,False
93.5,1.5,26.0,18.0,16.0427807486631,False,True,False,False,False,False,False,False,False,True,False,True,False,False,False,False,False,False,False,False,True,False,False,False
150.0,2.5,30.0,9.0,37.77333333333333,False,False,False,True,False,False,False,False,False,True,False,True,False,False,False,False,False,False,False,True,False,False,False,False
40.0,2.5,30.0,11.0,24.975,False,False,False,False,False,False,False,False,True,False,False,False,True,False,False,False,True,False,False,False,False,False,False,False
90.0,2.5,30.0,6.0,27.77777777777778,False,False,False,False,False,False,False,False,True,False,False,True,False,False,False,False,False,False,False,False,True,False,False,False
98.17,1.8,30.0,30.0,15.788937557298564,False,True,False,False,False,False,True,False,False,False,False,True,False,False,False,False,False,False,False,False,True,False,False,False
89.82,1.7,30.0,11.0,22.266755733689603,False,True,False,False,False,False,True,False,False,False,False,True,False,False,False,False,False,False,False,False,True,False,False,False
72.0,1.7,20.0,30.0,20.83333333333333,False,True,False,False,False,False,False,False,False,True,False,True,False,False,False,False,False,False,False,False,True,False,False,False
48.0,2.5,30.0,15.0,22.916666666666668,False,True,False,False,False,False,False,False,False,True,False,False,True,False,True,False,False,False,False,True,False,False,False,False
97.0,1.5,30.0,3.0,23.711340206185568,False,False,False,False,False,True,False,False,False,False,False,True,False,False,False,False,False,False,False,False,True,False,False,False
86.0,2.0,30.0,20.0,19.76744186046512,False,True,False,False,False,False,False,False,False,False,False,True,False,False,False,False,False,False,False,True,False,False,False,False
98.0,2.15,30.0,5.0,30.60204081632653,False,True,False,False,False,False,False,False,False,False,False,True,False,False,False,False,False,False,False,True,False,False,False,False
45.0,2.5,30.0,26.0,31.08888888888889,False,False,False,True,False,False,True,False,False,False,False,True,False,False,False,False,False,False,False,True,False,False,False,False
145.0,1.2,27.0,36.0,20.689655172413797,False,True,False,False,False,False,False,False,False,False,False,True,False,False,False,False,False,False,False,False,True,False,False,False
38.0,2.0,30.0,11.0,15.789473684210526,False,False,False,False,False,True,False,False,True,False,False,True,False,False,False,False,False,False,False,True,False,False,False,False
89.0,2.5,30.0,6.0,24.719101123595507,False,True,False,False,False,False,False,False,False,True,False,True,False,False,False,False,False,False,False,True,False,False,False,False
108.0,2.0,30.0,11.0,24.064814814814813,False,False,False,False,False,False,False,False,False,False,False,True,False,False,False,False,False,False,False,True,False,False,False,False
136.0,2.0,30.0,15.0,18.38235294117647,False,True,False,False,False,False,False,False,False,True,False,True,False,False,False,False,False,False,False,False,True,False,False,False
87.43,1.43,30.0,12.0,19.444126729955396,False,False,False,False,False,True,False,False,False,True,False,True,False,False,False,False,False,False,False,False,True,False,False,False
50.0,2.5,30.0,11.0,15.6,False,False,False,False,False,True,False,False,False,False,False,True,False,False,False,False,False,False,False,True,False,False,False,False
60.0,1.7,20.0,14.0,13.316666666666666,False,True,False,False,False,False,False,False,False,False,False,True,False,False,False,False,False,False,False,True,False,False,False,False
106.0,2.1,20.0,11.0,22.00943396226415,True,False,False,False,False,False,False,False,False,True,False,True,False,False,False,False,False,False,False,True,False,False,False,False
137.0,1.2,31.0,18.0,10.218978102189782,False,True,False,False,False,False,False,False,False,False,True,False,False,False,False,False,False,False,False,False,True,False,False,False
118.0,2.0,30.0,11.0,18.35593220338983,False,False,False,False,False,False,False,False,False,True,False,True,False,False,False,False,False,False,False,False,True,False,False,False
279.6403240575057,0.5,30.0,26.0,22.18430034129693,False,False,False,False,False,False,False,False,True,False,False,True,False,False,False,False,False,False,False,False,True,False,False,False
89.0,1.9,35.0,4.0,22.46067415730337,False,False,False,False,False,True,False,False,False,False,False,False,True,False,False,False,False,False,False,True,False,False,False,False
55.0,2.0,30.0,16.0,18.163636363636364,False,False,False,False,False,False,False,False,False,False,False,True,False,False,False,False,True,False,False,False,False,False,False,False
60.09,2.0,30.0,28.0,18.305874521551004,False,True,False,False,False,False,False,False,False,False,False,True,False,False,False,False,False,False,False,False,True,False,False,False
40.0,2.0,30.0,26.0,19.975,False,True,False,False,False,False,True,False,False,False,False,True,False,False,False,False,False,False,False,True,False,False,False,False
45.0,2.5,25.0,12.0,15.555555555555555,False,True,False,False,False,False,False,False,False,True,False,True,False,False,False,False,False,False,False,False,True,False,False,False
127.0,1.5,30.0,7.0,19.68503937007874,False,True,False,False,False,False,False,False,False,True,False,True,False,False,False,False,False,False,False,False,True,False,False,False
89.93,1.74,32.0,12.0,18.90359168241966,False,False,False,False,False,True,False,False,False,True,False,True,False,False,False,False,False,False,False,True,False,False,False,False
138.0,2.0,30.0,16.0,28.97826086956522,False,False,False,True,False,False,False,False,False,True,False,True,False,False,False,False,False,False,False,True,False,False,False,False
109.94,1.5,30.0,16.0,14.462434054939058,False,False,False,False,False,True,False,False,False,False,True,False,False,False,False,False,False,True,False,False,False,False,False,False
99.0,2.8,30.0,5.0,28.282828282828284,False,False,False,False,False,False,False,False,False,False,False,True,False,False,False,False,False,False,False,True,False,False,False,False
108.0,2.6,29.98,5.0,31.296296296296298,False,False,False,False,False,False,False,False,False,False,False,True,False,False,False,False,False,False,False,True,False,False,False,False
141.87,2.2,30.0,13.0,28.19482624938324,False,True,False,False,False,False,False,False,False,True,False,False,True,False,False,False,False,False,False,False,True,False,False,False
168.0,2.0,30.0,18.0,14.285714285714286,False,False,False,False,False,False,False,False,True,False,False,True,False,False,False,False,False,False,False,True,False,False,False,False
97.74,1.8,30.0,25.0,23.02025782688766,True,False,False,False,False,False,False,False,False,False,False,True,False,False,False,False,False,False,False,True,False,False,False,False
51.0,1.5,30.0,30.0,29.41176470588235,False,True,False,False,False,False,False,False,False,False,False,False,True,False,False,False,False,False,False,True,False,False,False,False
100.0,1.8,39.0,4.0,19.9,False,False,False,True,False,False,False,False,False,False,False,True,False,False,False,False,False,False,False,True,False,False,False,False
89.0,2.45,32.0,5.0,35.95505617977528,False,False,False,False,False,False,False,False,False,False,False,True,False,False,False,False,False,False,False,False,True,False,False,False
90.0,1.2,30.0,6.0,22.22222222222222,False,True,False,False,False,False,False,False,False,False,False,True,False,False,False,False,False,False,False,True,False,False,False,False
105.0,2.0,30.0,7.0,23.80952380952381,False,False,False,False,False,False,False,False,False,False,False,True,False,False,False,False,False,False,False,False,True,False,False,False
60.0,2.0,30.0,26.0,13.316666666666666,False,True,False,False,False,False,True,False,False,False,False,True,False,True,False,False,False,False,False,True,False,False,False,False
32.0,2.5,30.0,21.0,28.125,False,False,False,False,False,False,False,False,True,False,False,True,False,False,True,False,False,False,False,False,True,False,False,False
53.0,1.8,30.0,26.0,20.73584905660377,False,True,False,False,False,False,False,False,True,False,False,True,False,False,False,False,False,False,False,True,False,False,False,False
89.0,2.0,30.0,3.0,21.34831460674157,False,False,False,False,False,True,False,False,False,False,False,True,False,False,False,False,False,False,False,False,True,False,False,False
41.0,2.3,30.0,5.0,19.51219512195122,False,False,False,False,False,True,True,False,False,False,False,True,False,False,False,False,False,False,False,False,True,False,False,False
30.0,4.0,10.0,16.0,33.333333333333336,False,True,False,False,False,False,False,False,False,False,False,True,False,False,False,False,False,False,False,True,False,False,False,False
162.0,1.5,45.0,16.0,17.901234567901234,True,False,False,False,False,False,False,False,False,True,False,False,True,False,False,False,False,False,False,True,False,False,False,False
118.0,2.0,35.1,16.0,18.64406779661017,False,True,False,False,False,False,True,False,False,False,False,True,False,False,False,False,False,False,False,False,True,False,False,False
86.53,1.7,30.0,11.0,24.26903963943141,False,True,False,False,False,False,True,False,False,False,False,True,False,False,False,False,False,False,False,True,False,False,False,False
113.0,2.39,30.0,4.0,15.929203539823009,False,True,False,False,False,False,False,False,True,False,False,True,False,False,False,False,False,False,False,False,True,False,False,False
40.0,3.0,30.0,5.0,27.5,False,True,False,False,False,False,False,False,False,False,False,True,False,False,False,False,False,False,False,True,False,False,False,False
130.0,2.6,30.0,5.0,24.615384615384617,False,False,False,False,False,False,False,False,False,False,False,True,False,False,False,False,False,False,False,True,False,False,False,False
132.0,1.2,20.0,31.0,16.40909090909091,False,False,False,True,False,False,False,False,False,False,False,True,False,False,False,False,False,False,False,False,True,False,False,False
124.0,2.8,30.0,6.0,14.516129032258064,False,False,False,False,False,False,False,False,False,True,False,True,False,False,False,False,True,False,False,False,False,False,False,False
44.0,1.5,30.0,30.0,25.0,False,True,False,False,False,False,False,False,False,False,False,True,False,False,False,False,False,False,True,False,False,False,False,False
120.0,1.5,30.0,15.0,19.991666666666667,False,False,False,True,False,False,True,False,False,False,False,True,False,False,False,False,False,False,False,True,False,False,False,False
126.0,1.5,30.0,24.0,13.492063492063492,False,True,False,False,False,False,False,False,False,False,False,True,False,False,False,False,False,False,False,True,False,False,False,False
98.0,2.0,30.0,26.0,15.306122448979592,False,True,False,False,False,False,False,False,False,True,False,True,False,False,False,False,False,False,False,False,True,False,False,False
70.0,3.4,30.0,13.0,19.042857142857144,True,False,False,False,False,False,True,False,False,False,False,True,False,False,False,False,False,False,False,True,False,False,False,False
67.24,1.8,30.0,14.0,22.3081499107674,False,True,False,False,False,False,False,False,False,False,False,True,False,False,False,False,False,False,False,False,True,False,False,False
128.0,1.98,30.0,5.0,29.296875,False,False,False,False,False,False,True,False,False,False,False,True,False,False,False,False,False,False,False,False,True,False,False,False
117.0,1.5,30.0,23.0,11.11111111111111,False,True,False,False,False,False,True,False,False,False,False,True,False,False,False,False,False,False,False,False,True,False,False,False
90.0,1.5,30.0,25.0,25.55555555555556,False,True,False,False,False,False,False,False,False,True,False,False,True,False,False,False,False,False,False,False,True,False,False,False
89.0,1.5,30.0,25.0,24.719101123595507,False,True,False,False,False,False,False,False,False,True,False,False,True,False,False,False,False,False,False,False,True,False,False,False
99.0,1.82,31.0,21.0,10.090909090909092,False,True,False,False,False,False,False,False,False,False,False,True,False,False,False,False,False,False,False,True,False,False,False,False
89.0,2.0,30.0,11.0,20.59550561797753,True,False,False,False,False,False,False,False,False,False,False,True,False,False,False,False,False,False,False,True,False,False,False,False
100.0,2.5,30.0,8.0,18.0,False,True,False,False,False,False,True,False,False,False,False,False,True,False,False,False,False,False,False,False,True,False,False,False
108.0,2.5,30.0,22.0,20.37037037037037,False,True,False,False,False,False,False,False,False,False,False,True,False,False,False,False,False,False,False,False,True,False,False,False
142.0,1.6,30.0,17.0,16.8943661971831,False,False,False,False,False,True,False,False,False,False,False,True,False,False,False,False,False,False,False,True,False,False,False,False
113.0,2.5,30.0,22.0,26.460176991150444,False,False,False,True,False,False,False,False,False,True,False,False,True,False,False,False,False,False,False,True,False,False,False,False
60.0,3.4,25.0,16.0,16.65,False,True,False,False,False,False,False,False,False,False,False,True,False,False,True,False,False,False,False,False,True,False,False,False
40.0,4.0,10.0,16.0,37.5,False,True,False,False,False,False,False,False,False,False,False,True,False,False,False,False,False,False,False,True,False,False,False,False
118.0,2.5,30.0,7.0,24.56779661016949,False,False,False,True,False,False,False,False,False,False,False,True,False,False,False,False,False,False,False,True,False,False,False,False
90.0,2.0,30.0,16.0,16.666666666666668,False,False,True,False,False,False,True,False,False,False,True,False,False,False,False,False,False,False,False,True,False,False,False,False
88.76,2.0,25.0,10.0,22.532672374943665,False,True,False,False,False,False,False,False,False,True,False,True,False,False,False,False,False,False,False,True,False,False,False,False
100.0,1.6,30.0,28.0,16.8,False,True,False,False,False,False,True,False,False,False,False,True,False,False,False,False,False,False,False,True,False,False,False,False
105.0,2.5,30.0,11.0,30.152380952380952,False,False,False,False,False,False,False,False,False,True,False,True,False,False,False,False,False,False,False,False,True,False,False,False
72.0,1.8,20.0,36.0,22.22222222222222,False,True,False,False,False,False,False,False,False,True,False,False,True,False,False,False,False,False,False,False,True,False,False,False
129.6,1.38,35.0,19.0,20.061728395061728,False,False,False,False,False,True,False,False,False,False,False,True,False,False,False,False,False,False,False,False,True,False,False,False
122.0,1.8,30.0,5.0,26.229508196721312,False,True,False,False,False,False,False,False,False,False,False,False,True,False,False,False,False,False,False,True,False,False,False,False
43.0,2.5,30.0,26.0,38.372093023255815,False,False,False,False,False,False,False,False,False,False,False,False,True,False,True,False,False,False,True,False,False,False,False,False
69.54,2.0,40.0,10.0,31.63646821972965,False,True,False,False,False,False,False,False,False,True,False,True,False,False,False,False,False,False,False,True,False,False,False,False
91.0,2.4,30.0,8.0,30.76923076923077,False,True,False,False,False,False,True,False,False,False,False,True,False,False,False,False,False,False,False,False,True,False,False,False
50.0,2.0,30.0,28.0,22.6,False,False,False,False,False,True,False,False,False,False,False,True,False,False,False,False,False,False,False,True,False,False,False,False
120.0,2.5,30.0,6.0,24.15833333333333,False,False,False,True,False,False,False,False,False,True,False,True,False,False,False,False,False,False,False,True,False,False,False,False
105.0,2.5,30.0,7.0,23.80952380952381,False,False,False,False,False,True,False,False,False,True,False,True,False,False,False,False,False,False,False,False,True,False,False,False
88.37,2.2,30.0,19.0,22.63211497114405,False,False,False,False,False,True,False,False,False,False,False,False,True,False,False,False,False,False,False,True,False,False,False,False
56.0,2.2,30.0,11.0,17.839285714285715,False,False,False,False,False,True,False,False,False,True,False,False,True,False,False,False,False,False,False,True,False,False,False,False
60.0,2.5,20.0,22.0,30.0,False,False,False,False,False,False,False,False,False,False,False,True,False,False,False,False,False,False,False,True,False,False,False,False
140.08,2.9,30.0,11.0,17.84694460308395,False,False,False,False,False,True,False,False,False,True,False,False,True,False,False,False,False,False,False,True,False,False,False,False
89.0,1.08,30.0,13.0,17.97752808988764,False,True,False,False,False,False,False,False,False,False,False,True,False,False,False,False,False,False,False,False,True,False,False,False
70.0,2.5,30.0,26.0,25.7,False,False,False,True,False,False,False,False,False,False,False,True,False,False,False,False,False,False,False,True,False,False,False,False
87.0,1.6,25.0,7.0,19.54022988505747,False,False,False,False,False,True,False,False,False,False,False,True,False,False,False,False,False,False,False,False,True,False,False,False
131.0,1.5,30.0,22.0,15.267175572519085,False,True,False,False,False,False,True,False,False,False,False,True,False,False,False,False,False,False,False,False,True,False,False,False
89.0,2.0,28.2,8.0,24.719101123595507,True,False,False,False,False,False,False,False,False,False,False,True,False,False,False,False,False,False,False,True,False,False,False,False
30.0,2.0,30.0,18.0,38.333333333333336,False,False,False,False,True,False,False,False,True,False,False,True,False,False,False,False,False,False,False,False,False,False,False,False
122.0,2.4,15.0,4.0,16.39344262295082,False,True,False,False,False,False,False,False,False,False,False,True,False,False,False,False,False,False,False,True,False,False,False,False
147.0,2.0,30.0,15.0,20.40816326530612,False,False,False,False,False,False,False,False,False,False,False,True,False,False,True,False,False,False,False,False,True,False,False,False
57.0,2.5,30.0,5.0,35.08771929824562,False,False,False,False,False,False,True,False,False,False,False,True,False,False,False,False,False,False,False,False,True,False,False,False
90.0,2.0,30.0,4.0,33.333333333333336,False,True,False,False,False,False,False,False,False,True,False,False,True,False,False,False,False,False,False,False,True,False,False,False
89.0,2.5,30.0,11.0,23.370786516853933,False,False,False,False,False,True,False,False,False,False,False,False,True,False,False,False,False,False,False,True,False,False,False,False
92.44,1.5,24.0,28.0,18.39030722630896,False,True,False,False,False,False,False,False,False,False,False,True,False,False,False,False,False,False,False,False,True,False,False,False
68.0,1.2,30.0,22.0,22.058823529411764,False,True,False,False,False,False,False,False,False,False,False,True,False,False,False,False,False,False,False,False,True,False,False,False
97.0,2.5,30.0,10.0,19.75257731958763,True,False,False,False,False,False,False,False,False,False,False,True,False,False,False,False,False,False,False,True,False,False,False,False
130.0,2.0,30.0,5.0,21.53076923076923,False,False,False,False,False,False,False,False,False,False,False,True,False,False,False,False,False,False,False,True,False,False,False,False
279.6403240575057,0.5,35.0,19.0,13.419463087248324,False,False,False,False,False,True,False,False,True,False,False,True,False,True,False,False,False,False,False,True,False,False,False,False
91.0,2.0,25.0,10.0,19.78021978021978,False,True,False,False,False,False,False,False,False,True,False,False,True,False,False,False,False,False,False,True,False,False,False,False
107.0,1.6,25.0,7.0,23.36448598130841,False,False,False,False,False,True,True,False,False,False,False,True,False,False,False,False,False,False,False,True,False,False,False,False
126.18,2.5,31.0,13.0,12.680297987002694,False,True,False,False,False,False,False,False,False,True,False,False,True,False,False,False,False,False,False,False,True,False,False,False
130.0,2.5,20.0,27.0,21.53076923076923,False,False,False,True,False,False,False,False,False,False,False,True,False,False,False,False,False,False,False,True,False,False,False,False
132.0,2.0,30.0,3.0,19.696969696969692,False,False,False,False,False,True,False,False,False,False,False,False,True,False,False,False,False,False,False,False,True,False,False,False
101.0,2.0,25.0,25.0,21.77227722772277,False,True,False,False,False,False,False,False,False,True,False,True,False,False,False,False,False,False,False,False,True,False,False,False
40.0,1.2,30.0,22.0,11.25,False,True,False,False,False,False,False,False,False,False,False,True,False,False,False,False,False,False,False,True,False,False,False,False
89.0,2.0,25.0,10.0,22.471910112359552,False,True,False,False,False,False,False,False,False,False,False,False,True,False,False,False,False,False,False,True,False,False,False,False
60.0,2.5,30.0,10.0,23.0,True,False,False,False,False,False,True,False,False,False,False,True,False,False,False,False,False,False,False,True,False,False,False,False
116.0,1.8,20.0,6.0,18.103448275862068,False,True,False,False,False,False,True,False,False,False,False,True,False,False,False,False,False,False,False,False,True,False,False,False
85.0,2.0,30.0,3.0,20.58823529411765,False,True,False,False,False,False,False,False,False,True,False,True,False,False,False,False,False,False,False,False,True,False,False,False
150.0,2.0,30.0,16.0,27.773333333333333,False,False,False,True,False,False,False,False,False,True,False,True,False,False,False,False,False,False,False,True,False,False,False,False
110.0,2.5,30.0,11.0,30.0,False,False,False,False,False,False,False,False,False,False,False,True,False,False,False,False,False,False,False,False,True,False,False,False
55.0,1.8,20.0,6.0,12.727272727272728,False,True,False,False,False,False,True,False,False,False,False,True,False,False,False,False,False,False,False,True,False,False,False,False
60.76,2.0,25.0,10.0,13.15009874917709,False,True,False,False,False,False,True,False,False,False,False,True,False,False,False,False,False,False,False,True,False,False,False,False
101.0,1.5,30.0,22.0,27.712871287128717,False,False,False,True,False,False,True,False,False,False,False,True,False,False,False,False,False,False,False,True,False,False,False,False
128.0,1.98,30.0,5.0,31.25,False,False,False,False,False,False,False,False,False,False,False,True,False,False,False,False,False,False,False,False,True,False,False,False
89.0,1.97,30.0,9.0,29.21348314606741,False,True,False,False,False,False,False,False,False,False,False,True,False,False,False,False,False,False,False,True,False,False,False,False
180.0,2.5,30.0,12.0,3.327777777777778,False,False,False,False,False,False,False,False,True,False,True,False,False,False,False,False,False,False,False,True,False,False,False,False
113.8,1.5,28.0,21.0,13.884007029876978,False,True,False,False,False,False,False,False,False,False,False,True,False,False,False,False,False,False,False,True,False,False,False,False
143.0,1.8,30.0,3.0,38.46153846153846,False,True,False,False,False,False,False,False,False,False,False,True,False,False,False,False,False,False,False,False,True,False,False,False
92.0,2.0,30.0,16.0,21.73913043478261,False,False,False,False,False,False,False,False,False,False,False,True,False,False,False,False,False,False,False,False,True,False,False,False
142.0,2.5,30.0,14.0,26.408450704225352,False,False,False,True,False,False,False,False,False,False,False,True,False,False,False,False,False,False,False,False,True,False,False,False
45.0,2.5,30.0,5.0,37.77777777777778,False,False,False,False,False,False,False,False,False,False,False,True,False,False,False,False,False,False,False,True,False,False,False,False
89.0,2.0,30.0,2.0,21.34831460674157,False,False,False,False,False,True,False,False,False,False,False,True,False,False,False,False,False,False,False,True,False,False,False,False
89.14,1.8,30.0,14.0,21.31478573031187,False,True,False,False,False,False,False,False,False,True,False,False,True,False,False,False,False,False,False,False,True,False,False,False
89.0,1.8,30.0,5.0,17.97752808988764,False,True,False,False,False,False,False,False,False,True,False,True,False,False,False,False,False,False,False,False,True,False,False,False
89.0,1.3,38.0,12.0,33.70786516853933,False,True,False,False,False,False,True,False,False,False,False,False,True,False,False,False,False,False,False,False,True,False,False,False
121.0,1.8,35.0,4.0,16.520661157024794,False,False,False,False,False,True,True,False,False,False,False,False,True,False,False,False,False,False,False,True,False,False,False,False
150.0,2.0,25.0,14.0,5.333333333333333,False,True,False,False,False,False,False,False,False,True,False,True,False,False,False,False,False,False,False,True,False,False,False,False
55.0,2.0,30.0,11.0,21.8,False,False,False,False,False,True,True,False,False,False,False,True,False,False,False,False,False,False,False,True,False,False,False,False
96.0,2.5,30.0,7.0,15.625,False,False,False,False,False,True,True,False,False,False,True,False,False,False,False,False,False,False,False,True,False,False,False,False
41.0,2.0,30.0,28.0,24.390243902439025,False,True,False,False,False,False,True,False,False,False,False,True,False,False,False,False,False,False,False,True,False,False,False,False
137.0,2.0,30.0,9.0,36.496350364963504,False,False,False,False,False,False,False,False,False,False,False,True,False,False,False,False,False,False,False,False,True,False,False,False
40.0,2.0,30.0,14.0,17.475,False,False,False,False,False,False,False,False,True,False,False,True,False,False,False,False,False,False,False,True,False,False,False,False
60.0,2.5,30.0,6.0,28.33333333333333,False,False,False,True,False,False,False,False,False,True,False,True,False,False,False,False,False,False,False,False,True,False,False,False
89.0,2.5,35.0,13.0,23.59550561797753,True,False,False,False,False,False,False,False,False,False,False,True,False,False,False,False,False,False,False,True,False,False,False,False
120.08,2.0,35.0,19.0,6.662225183211192,False,False,False,False,False,True,True,False,False,False,False,True,False,False,False,False,False,True,False,False,False,False,False,False
90.0,2.5,30.0,11.0,21.11111111111111,False,True,False,False,False,False,False,False,False,False,False,False,True,False,False,False,False,False,False,False,True,False,False,False
60.0,1.2,30.0,23.0,13.316666666666666,False,True,False,False,False,False,False,False,False,False,False,True,False,False,False,False,False,False,False,True,False,False,False,False
140.0,1.5,30.0,14.0,16.785714285714285,False,False,False,False,False,False,False,False,False,False,True,False,False,False,False,False,False,False,False,True,False,False,False,False
45.0,1.2,30.0,16.0,15.533333333333331,False,True,False,False,False,False,False,False,False,False,False,True,False,False,False,False,False,False,False,True,False,False,False,False
82.0,2.5,30.0,8.0,25.60975609756097,False,True,False,False,False,False,False,False,False,False,False,True,False,False,False,False,False,False,False,True,False,False,False,False
65.0,2.0,30.0,7.0,25.630769230769232,False,False,False,False,False,False,False,False,False,False,False,True,False,False,False,False,False,False,False,False,True,False,False,False
139.0,1.5,30.0,7.0,20.863309352517987,False,True,False,False,False,False,False,False,False,True,False,True,False,False,False,False,False,False,False,False,True,False,False,False
47.68,2.5,25.0,9.0,16.75755033557047,False,False,False,False,False,True,True,False,False,False,False,True,False,False,False,False,False,False,False,True,False,False,False,False
40.0,2.0,30.0,15.0,17.475,False,False,False,False,False,True,True,False,False,False,False,True,False,False,False,False,False,False,False,True,False,False,False,False
40.0,0.5,30.0,17.0,19.975,False,False,False,False,False,True,False,False,False,False,False,True,False,True,False,False,False,False,False,True,False,False,False,False
53.0,2.5,30.0,8.0,33.9622641509434,False,False,False,False,False,False,False,False,False,False,False,True,False,False,True,False,False,False,False,True,False,False,False,False
105.0,3.4,15.0,10.0,23.80952380952381,False,False,False,False,False,False,False,False,False,True,False,True,False,False,False,False,False,False,False,True,False,False,False,False
58.0,2.5,22.0,26.0,17.24137931034483,False,True,False,False,False,False,False,False,True,False,False,True,False,False,False,False,False,False,False,False,True,False,False,False
110.0,2.0,30.0,28.0,19.545454545454547,False,True,False,False,False,False,False,False,False,False,False,True,False,False,False,False,False,False,False,True,False,False,False,False
80.0,1.0,25.0,26.0,18.75,False,True,False,False,False,False,False,False,False,False,False,True,False,False,False,False,False,False,False,True,False,False,False,False
109.95,2.0,30.0,28.0,17.17144156434743,False,False,False,False,False,True,True,False,False,False,False,True,False,False,False,False,False,False,False,True,False,False,False,False
279.6403240575057,0.5,30.0,26.0,1.9642857142857144,False,False,False,False,False,False,True,False,False,False,False,True,False,False,False,False,False,False,False,True,False,False,False,False
30.0,2.0,30.0,15.0,23.3,False,False,False,False,False,True,True,False,False,False,False,True,False,False,False,False,False,False,False,True,False,False,False,False
65.0,1.2,20.0,31.0,20.0,False,True,False,False,False,False,False,False,False,False,False,True,False,False,False,False,False,False,False,False,True,False,False,False
91.0,1.6,30.0,16.0,17.36263736263736,True,False,False,False,False,False,False,False,False,True,False,True,False,False,False,False,False,False,False,True,False,False,False,False
127.0,2.5,30.0,6.0,15.748031496062993,False,False,False,False,False,True,True,False,False,False,False,True,False,False,False,False,False,False,False,False,True,False,False,False
135.0,2.0,30.0,11.0,19.25925925925926,False,False,False,False,False,False,False,False,False,False,False,True,False,False,False,False,False,False,False,False,True,False,False,False
128.0,2.5,30.0,11.0,24.21875,False,False,False,False,False,False,False,False,False,True,False,True,False,False,False,False,False,False,False,True,False,False,False,False
82.0,1.2,22.0,26.0,20.73170731707317,False,True,False,False,False,False,False,False,True,False,False,True,False,False,False,False,False,False,False,False,True,False,False,False
155.0,1.5,25.0,13.0,35.483870967741936,False,False,False,True,False,False,False,False,False,True,False,True,False,False,False,False,False,False,False,True,False,False,False,False
121.0,1.2,31.0,18.0,17.355371900826448,False,True,False,False,False,False,False,False,False,True,False,True,False,False,False,False,False,False,False,False,True,False,False,False
87.0,1.6,30.0,17.0,18.39080459770115,False,False,False,False,False,True,False,False,False,False,False,True,False,False,False,False,False,False,False,True,False,False,False,False
143.0,3.4,15.0,10.0,23.307692307692307,False,False,False,False,False,False,False,False,False,True,False,True,False,False,False,False,False,False,False,False,True,False,False,False
130.0,1.2,30.0,11.0,30.76153846153846,False,True,False,False,False,False,True,False,False,False,False,True,False,False,False,False,False,False,False,True,False,False,False,False
89.0,2.0,30.0,6.0,28.08988764044944,False,True,False,False,False,False,False,False,False,False,False,True,False,False,False,False,False,False,False,False,True,False,False,False
93.0,2.0,30.0,8.0,21.50537634408602,False,False,False,False,False,False,False,False,False,False,False,True,False,False,False,False,False,False,False,False,True,False,False,False
136.0,2.0,30.0,11.0,18.375,False,False,False,True,False,False,False,False,False,False,False,True,False,False,False,False,False,False,False,True,False,False,False,False
58.0,3.0,28.0,24.0,22.41379310344828,False,True,False,False,False,False,False,False,False,True,False,True,False,False,False,False,False,False,False,True,False,False,False,False
50.0,2.5,50.0,12.0,13.98,False,True,False,False,False,False,True,False,False,False,False,True,False,False,False,False,False,False,False,True,False,False,False,False
88.1,1.5,24.0,28.0,18.161180476730987,False,True,False,False,False,False,False,False,False,False,False,True,False,False,False,False,False,False,False,False,True,False,False,False
103.0,2.5,30.0,4.0,19.40776699029126,False,False,False,False,False,True,False,False,False,False,False,True,False,False,False,False,False,False,False,False,True,False,False,False
279.6403240575057,2.5,35.0,38.0,21.324139238406676,False,True,False,False,False,False,False,False,False,False,False,True,False,False,False,False,False,False,False,True,False,False,False,False
143.0,2.0,30.0,11.0,26.804195804195803,False,False,False,True,False,False,False,False,False,True,False,False,True,False,False,False,False,False,False,True,False,False,False,False
110.0,2.5,30.0,11.0,22.727272727272727,False,False,False,False,False,False,False,False,False,False,False,True,False,False,False,False,False,False,False,True,False,False,False,False
30.0,2.0,30.0,5.0,36.63333333333333,False,False,False,False,False,False,False,False,True,False,False,True,False,False,True,False,False,False,False,True,False,False,False,False
63.0,1.6,30.0,16.0,20.63492063492064,False,True,False,False,False,False,True,False,False,False,False,True,False,False,False,False,False,False,False,False,True,False,False,False
38.0,2.5,30.0,26.0,22.36842105263158,False,True,False,False,False,False,False,False,False,False,False,True,False,False,False,False,False,False,False,True,False,False,False,False
56.47,2.0,40.0,10.0,35.399327076323715,False,True,False,False,False,False,False,False,False,True,False,True,False,False,False,False,False,False,False,False,True,False,False,False
100.0,1.82,31.0,21.0,19.0,False,True,False,False,False,False,False,False,False,False,False,True,False,False,False,False,False,False,False,False,True,False,False,False
123.0,2.5,30.0,9.0,26.82926829268293,False,False,False,False,False,False,False,False,False,True,False,True,False,False,False,False,False,False,False,False,True,False,False,False
143.0,0.5,50.0,19.0,18.88111888111888,False,True,False,False,False,False,True,False,False,False,False,True,False,True,False,False,False,False,False,True,False,False,False,False
89.92,1.08,30.0,13.0,17.793594306049823,False,True,False,False,False,False,False,False,False,True,False,True,False,False,False,False,False,False,False,False,True,False,False,False
108.0,2.5,30.0,21.0,27.76851851851852,False,False,False,False,False,False,False,False,False,False,False,False,True,False,True,False,False,False,False,True,False,False,False,False
51.35,2.0,25.0,14.0,23.369036027263878,False,True,False,False,False,False,False,False,False,False,False,True,False,False,False,False,False,False,False,False,True,False,False,False
115.0,2.1,35.0,3.0,24.347826086956523,False,False,False,False,False,True,True,False,False,False,False,False,True,False,False,False,False,False,False,False,True,False,False,False
75.0,2.0,30.0,3.0,24.0,False,True,False,False,False,False,False,False,False,True,False,True,False,False,False,False,False,False,False,False,True,False,False,False
35.0,2.5,30.0,14.0,45.68571428571428,False,False,False,True,False,False,False,False,False,True,False,True,False,False,False,False,False,False,False,True,False,False,False,False
73.84,2.0,30.0,15.0,20.99133261105092,False,True,False,False,False,False,False,False,False,True,False,True,False,False,False,False,False,False,False,True,False,False,False,False
117.0,2.5,30.0,15.0,12.82051282051282,False,True,False,False,False,False,False,False,False,True,False,True,False,False,False,False,False,False,False,False,True,False,False,False
55.0,2.0,30.0,3.0,23.63636363636364,False,True,False,False,False,False,False,False,False,True,False,True,False,False,False,False,False,False,False,True,False,False,False,False
89.0,2.0,30.0,10.0,23.59550561797753,False,True,False,False,False,False,False,False,False,False,False,True,False,False,False,False,False,False,False,False,True,False,False,False
125.0,2.5,30.0,6.0,26.4,False,False,False,False,False,False,False,False,False,False,False,True,False,False,False,False,False,False,False,False,True,False,False,False
40.0,3.8,30.0,8.0,18.75,False,False,False,False,False,False,True,False,False,False,False,True,False,False,True,False,False,False,False,False,True,False,False,False
55.0,1.8,28.0,24.0,24.545454545454547,False,True,False,False,False,False,False,False,False,True,False,True,False,False,False,False,False,False,False,True,False,False,False,False
55.0,4.0,10.0,16.0,23.63636363636364,False,True,False,False,False,False,False,False,False,True,False,True,False,False,False,False,False,False,False,True,False,False,False,False
107.0,2.5,30.0,6.0,29.90654205607477,False,False,False,False,False,False,False,False,False,False,False,True,False,False,False,False,False,False,False,False,True,False,False,False
91.98,2.5,50.0,12.0,23.918243096325288,False,True,False,False,False,False,False,False,False,False,False,False,True,False,False,False,False,False,False,False,True,False,False,False
58.0,2.5,30.0,5.0,31.89655172413793,False,False,False,False,False,False,True,False,False,False,False,True,False,False,False,False,False,False,False,True,False,False,False,False
110.36,3.45,43.0,17.0,15.40413193185937,False,True,False,False,False,False,False,False,False,False,False,True,False,False,False,False,False,False,False,True,False,False,False,False
135.0,2.25,50.0,14.0,20.37037037037037,False,False,False,True,False,False,False,False,False,True,False,True,False,False,False,False,False,False,False,True,False,False,False,False
101.0,2.0,30.0,28.0,17.326732673267326,False,True,False,False,False,False,False,False,False,True,False,True,False,False,False,False,False,False,False,True,False,False,False,False
105.0,2.0,30.0,26.0,16.19047619047619,False,True,False,False,False,False,False,False,False,True,False,True,False,False,False,False,False,False,False,False,True,False,False,False
101.0,1.5,30.0,11.0,26.73267326732673,False,False,False,False,False,False,False,False,False,True,False,True,False,False,False,False,False,False,False,True,False,False,False,False
138.0,2.5,30.0,5.0,28.98550724637681,False,False,False,False,False,False,False,False,False,False,False,True,False,False,False,False,False,False,False,True,False,False,False,False
279.6403240575057,0.5,30.0,26.0,2.6785714285714284,False,False,False,False,False,False,True,False,False,False,True,False,False,False,False,False,False,False,False,True,False,False,False,False
35.0,1.0,30.0,8.0,25.685714285714287,False,False,False,False,False,False,False,False,True,False,False,True,False,True,False,False,False,False,False,True,False,False,False,False
99.0,1.5,30.0,30.0,17.171717171717173,False,True,False,False,False,False,False,False,False,False,False,True,False,False,False,False,False,False,False,True,False,False,False,False
101.0,1.8,35.0,4.0,18.81188118811881,False,False,False,False,False,True,False,False,False,False,False,False,True,False,False,False,False,False,False,True,False,False,False,False
40.0,1.5,45.0,16.0,22.5,True,False,False,False,False,False,False,False,True,False,False,True,False,False,False,False,False,False,False,True,False,False,False,False
75.0,1.2,20.0,38.0,17.333333333333332,False,True,False,False,False,False,False,False,False,False,False,True,False,False,False,False,False,False,False,False,True,False,False,False
123.0,2.5,30.0,11.0,28.45528455284553,False,False,False,True,False,False,True,False,False,False,False,True,False,False,False,False,False,False,False,True,False,False,False,False
60.0,1.8,30.0,28.0,11.65,False,True,False,False,False,False,True,False,False,False,False,True,False,False,False,False,False,False,False,True,False,False,False,False
30.0,1.2,25.0,36.0,15.0,False,True,False,False,False,False,False,False,False,False,True,False,False,False,False,False,False,False,False,True,False,False,False,False
107.0,2.5,30.0,6.0,24.299065420560748,False,False,False,False,False,False,False,False,False,True,False,True,False,False,False,False,False,False,False,True,False,False,False,False
60.0,2.5,30.0,11.0,16.65,False,False,False,False,False,False,False,False,False,False,False,True,False,False,False,False,False,False,False,False,True,False,False,False
105.0,2.0,30.0,11.0,23.80952380952381,False,False,False,False,False,False,True,False,False,False,False,True,False,False,False,False,False,False,False,True,False,False,False,False
60.0,2.2,20.0,11.0,18.33333333333333,False,True,False,False,False,False,False,False,False,False,False,True,False,False,True,False,False,False,False,True,False,False,False,False
48.0,2.5,30.0,11.0,29.166666666666668,False,False,False,False,False,False,False,False,False,False,False,True,False,False,False,False,False,False,False,False,True,False,False,False
51.0,2.0,20.0,22.0,23.529411764705884,False,False,False,False,False,True,True,False,False,False,False,True,False,False,True,False,False,False,False,False,False,True,False,False
45.0,1.2,20.0,23.0,22.177777777777777,False,True,False,False,False,False,False,False,False,True,False,True,False,False,False,False,False,False,False,True,False,False,False,False
140.0,2.0,30.0,14.0,17.857142857142858,False,False,False,False,False,False,False,False,False,False,False,True,False,False,False,False,False,False,False,False,True,False,False,False
98.0,2.0,30.0,15.0,15.29591836734694,False,True,False,False,False,False,False,False,False,False,False,True,False,False,False,False,False,False,False,False,True,False,False,False
29.69,2.5,25.0,9.0,25.26103065005052,False,False,False,False,False,True,False,False,False,True,False,True,False,False,False,False,False,False,False,False,True,False,False,False
40.0,2.5,20.0,27.0,20.0,False,False,False,True,False,False,False,False,False,False,False,False,True,False,False,False,False,False,False,True,False,False,False,False
90.54,1.5,24.0,28.0,16.56726308813784,False,True,False,False,False,False,False,False,False,False,False,True,False,False,False,False,False,False,False,False,True,False,False,False
168.0,2.0,30.0,18.0,12.5,False,False,False,False,False,False,False,False,True,False,False,True,False,False,False,False,False,False,False,True,False,False,False,False
60.0,1.2,30.0,26.0,23.33333333333333,False,True,False,False,False,False,False,False,False,False,False,False,True,False,False,False,False,False,False,True,False,False,False,False
115.0,3.4,30.0,13.0,17.217391304347824,True,False,False,False,False,False,False,False,False,False,False,True,False,False,False,False,False,False,False,True,False,False,False,False
30.0,1.2,30.0,26.0,28.33333333333333,False,False,False,True,False,False,False,False,True,False,False,False,True,False,False,False,False,False,False,True,False,False,False,False
35.0,1.2,20.0,31.0,35.714285714285715,False,False,False,True,False,False,False,False,True,False,False,True,False,False,False,False,False,False,False,True,False,False,False,False
69.54,2.0,40.0,10.0,35.950532067874605,False,True,False,False,False,False,True,False,False,False,False,True,False,False,False,False,False,False,False,False,True,False,False,False
28.08,1.7,30.0,16.0,23.14814814814815,False,True,False,False,False,False,False,False,False,False,False,True,False,False,False,False,False,False,True,False,False,False,False,False
100.5,1.3,30.0,11.0,21.890547263681597,False,False,False,False,False,True,False,False,False,True,False,True,False,False,False,False,False,False,False,False,True,False,False,False
85.0,2.5,30.0,10.0,25.88235294117647,False,False,False,False,False,True,False,False,False,True,False,True,False,False,False,False,False,False,False,True,False,False,False,False
39.0,2.5,35.0,23.0,17.923076923076923,False,True,False,False,False,False,True,False,False,False,False,False,True,False,False,False,False,False,False,True,False,False,False,False
50.0,1.8,30.0,28.0,13.98,False,True,False,False,False,False,False,False,False,False,False,True,False,False,False,False,False,False,False,True,False,False,False,False
50.0,2.5,30.0,26.0,16.0,False,True,False,False,False,False,True,False,False,False,False,True,False,False,False,False,False,False,False,True,False,False,False,False
87.97,2.0,30.0,11.0,25.00852563373877,False,False,False,False,False,True,False,False,False,True,False,False,True,False,False,False,False,False,False,False,True,False,False,False
45.0,2.0,30.0,26.0,27.77777777777778,False,False,False,True,False,False,True,False,False,False,False,True,False,False,False,False,False,False,False,True,False,False,False,False
200.0,1.5,30.0,26.0,15.5,False,False,False,True,False,False,False,False,False,False,False,True,False,False,False,False,False,False,False,True,False,False,False,False
120.0,2.0,30.0,20.0,14.166666666666666,False,True,False,False,False,False,False,False,False,False,False,False,True,False,False,False,False,False,False,False,True,False,False,False
42.0,2.5,30.0,27.0,30.952380952380956,False,True,False,False,False,False,False,False,False,True,False,True,False,False,False,False,False,False,False,True,False,False,False,False
100.0,1.5,30.0,11.0,30.0,False,False,False,False,False,False,False,False,False,True,False,True,False,False,False,False,False,False,False,False,True,False,False,False
60.0,4.5,25.0,11.0,26.466666666666665,False,False,False,False,False,False,False,False,True,False,False,True,False,False,True,False,True,False,False,False,False,False,False,False
84.34,2.5,30.0,19.0,19.7533791795115,False,False,False,False,False,True,False,False,False,True,True,False,False,False,False,False,False,False,False,False,True,False,False,False
98.0,2.15,30.0,5.0,33.673469387755105,False,True,False,False,False,False,True,False,False,False,False,True,False,False,False,False,False,False,False,False,True,False,False,False
40.16,2.0,30.0,28.0,29.38247011952192,False,True,False,False,False,False,True,False,False,False,False,True,False,False,False,False,False,False,False,False,False,False,False,True
45.0,1.0,30.0,8.0,22.2,False,False,False,False,False,False,False,False,True,False,False,False,True,True,False,False,False,False,False,True,False,False,False,False
140.0,1.5,30.0,4.0,19.285714285714285,False,True,False,False,False,False,True,False,False,False,False,False,True,False,False,False,False,False,False,True,False,False,False,False
127.99,3.45,43.0,17.0,19.92343151808735,False,True,False,False,False,False,False,False,False,False,False,True,False,False,False,False,False,False,False,True,False,False,False,False
60.0,1.5,28.0,26.0,25.0,False,True,False,False,False,False,True,False,False,False,False,True,False,False,False,False,False,False,False,True,False,False,False,False
160.0,1.5,30.0,20.0,16.6625,False,False,False,True,False,False,True,False,False,False,False,True,False,False,False,False,False,False,False,True,False,False,False,False
90.0,1.8,30.0,30.0,16.22222222222222,False,True,False,False,False,False,False,False,False,False,False,True,False,False,False,False,False,False,False,False,True,False,False,False
135.0,2.5,30.0,24.0,21.48148148148148,False,False,False,False,False,False,True,False,False,False,False,True,False,False,False,False,True,False,False,False,False,False,False,False
146.0,1.2,30.0,20.0,10.95890410958904,False,True,False,False,False,False,False,False,False,False,True,False,False,False,False,False,False,False,False,False,True,False,False,False
85.0,1.6,30.0,9.0,23.294117647058822,False,True,False,False,False,False,False,False,False,True,False,True,False,False,False,False,False,False,False,False,True,False,False,False
120.0,2.8,30.0,3.0,26.575,False,False,False,False,False,False,False,False,False,False,False,True,False,False,False,False,False,False,False,True,False,False,False,False
45.0,2.5,30.0,18.0,28.444444444444443,True,False,False,False,False,False,False,False,False,False,False,True,False,False,False,False,False,True,False,False,False,False,False,False
46.0,1.0,30.0,26.0,23.91304347826087,False,True,False,False,False,False,False,False,False,False,False,True,False,False,False,False,False,False,False,True,False,False,False,False
55.0,1.0,20.0,33.0,24.545454545454547,False,True,False,False,False,False,False,False,False,False,False,True,False,False,False,False,False,False,False,False,True,False,False,False
158.7,0.5,30.0,28.0,15.75299306868305,False,True,False,False,False,False,False,False,False,True,False,True,False,False,False,False,False,False,False,False,True,False,False,False
39.99,2.6,30.0,7.0,37.50937734433608,False,True,False,False,False,False,True,False,False,False,False,False,True,False,False,False,False,False,False,False,True,False,False,False
98.23,2.3,30.0,6.0,20.360378703043875,False,False,False,False,False,True,False,False,False,False,False,True,False,False,False,False,False,False,False,False,True,False,False,False
139.0,2.5,30.0,11.0,25.179856115107917,False,False,False,False,False,False,False,False,False,True,False,True,False,False,False,False,False,False,False,False,True,False,False,False
72.0,1.5,30.0,11.0,19.444444444444443,False,False,True,False,False,False,False,False,False,False,True,False,False,False,False,False,False,False,True,False,False,False,False,False
72.0,1.6,35.0,16.0,20.83333333333333,False,True,False,False,False,False,False,False,False,False,False,True,False,True,False,False,False,False,False,False,True,False,False,False
119.61,2.2,30.0,11.0,15.048908954100828,False,False,False,False,False,True,False,False,False,True,False,True,False,False,False,False,False,False,False,False,True,False,False,False
80.0,2.0,30.0,26.0,25.0,False,True,False,False,False,False,False,False,False,False,False,False,True,False,False,False,False,False,False,False,True,False,False,False
126.0,1.5,30.0,24.0,14.285714285714286,False,True,False,False,False,False,True,False,False,False,False,True,False,False,False,False,False,False,False,False,True,False,False,False
96.0,2.5,30.0,7.0,19.791666666666668,False,False,False,False,False,True,False,False,False,False,False,True,False,False,False,False,False,False,False,False,True,False,False,False
41.0,2.0,30.0,26.0,13.414634146341465,False,True,False,False,False,False,False,False,False,False,False,True,False,False,False,False,False,False,False,True,False,False,False,False
138.0,2.0,30.0,11.0,15.217391304347826,False,False,False,False,False,True,False,False,False,True,False,True,False,False,False,False,False,False,False,True,False,False,False,False
150.67,4.7,20.0,13.0,14.601446870644455,False,False,False,False,False,True,False,False,False,False,False,True,False,False,False,False,False,False,False,False,True,False,False,False
124.0,2.8,30.0,6.0,16.129032258064516,False,False,False,False,False,False,False,False,False,False,False,True,False,False,False,False,False,False,False,False,True,False,False,False
120.0,2.5,50.0,12.0,18.33333333333333,False,True,False,False,False,False,False,False,False,True,False,False,True,False,False,False,False,False,False,True,False,False,False,False
55.0,1.3,30.0,10.0,12.727272727272728,False,False,False,False,False,True,False,False,False,False,False,True,False,False,False,False,False,False,False,True,False,False,False,False
108.0,1.8,30.0,3.0,20.185185185185187,False,True,False,False,False,False,False,False,False,True,False,False,True,False,False,False,False,False,False,False,True,False,False,False
97.0,1.5,30.0,3.0,22.68041237113402,False,False,False,False,False,True,False,False,False,False,False,True,False,False,False,False,False,False,False,False,True,False,False,False
127.0,2.6,29.98,5.0,27.551181102362204,False,False,False,False,False,False,False,False,False,True,False,False,True,False,False,False,False,False,False,False,True,False,False,False
140.19,3.45,43.0,17.0,14.266352806904916,False,True,False,False,False,False,False,False,False,False,False,True,False,False,False,False,False,False,False,True,False,False,False,False
98.0,1.2,20.0,31.0,15.306122448979592,True,False,False,False,False,False,False,False,True,False,True,False,False,False,False,False,False,False,False,True,False,False,False,False
127.0,2.0,30.0,6.0,27.55905511811024,False,False,False,False,False,True,False,False,False,True,False,True,False,False,False,False,False,False,False,True,False,False,False,False
40.0,2.0,30.0,21.0,15.0,False,True,False,False,False,False,True,False,False,False,False,True,False,False,False,False,False,False,False,True,False,False,False,False
39.0,2.5,30.0,27.0,40.51282051282051,False,True,False,False,False,False,False,False,False,True,False,True,False,False,False,False,False,False,False,True,False,False,False,False
89.66,2.0,30.0,18.0,22.306491188935983,False,True,False,False,False,False,False,False,False,True,False,True,False,False,False,False,False,False,False,False,True,False,False,False
130.0,2.0,30.0,22.0,23.06923076923077,False,False,False,True,False,False,False,False,False,False,False,True,False,False,False,False,False,False,False,True,False,False,False,False
143.0,2.0,30.0,18.0,18.88111888111888,False,False,False,False,False,False,False,False,False,False,False,True,False,False,False,False,False,False,False,False,True,False,False,False
80.0,1.5,30.0,11.0,18.75,False,True,False,False,False,False,False,False,False,False,False,True,False,False,False,False,False,False,False,True,False,False,False,False
50.0,2.0,20.0,31.0,19.98,False,False,False,True,False,False,False,False,False,False,False,True,False,False,False,False,False,False,False,True,False,False,False,False
98.0,2.5,30.0,10.0,22.10204081632653,True,False,False,False,False,False,False,False,False,False,False,True,False,False,False,False,False,False,False,True,False,False,False,False
120.0,1.5,30.0,6.0,22.916666666666668,False,False,False,True,False,False,True,False,False,False,False,True,False,False,False,False,False,False,False,False,True,False,False,False
101.0,1.5,25.0,7.0,24.752475247524757,False,True,False,False,False,False,False,False,False,True,False,True,False,False,False,False,False,False,False,True,False,False,False,False
120.0,2.0,30.0,11.0,25.0,False,False,False,False,False,False,False,False,False,False,False,False,True,False,False,False,False,False,False,True,False,False,False,False
39.0,2.5,30.0,26.0,25.615384615384617,False,True,False,False,False,False,False,False,False,False,False,True,False,False,False,False,False,False,True,False,False,False,False,False
136.8,2.5,30.0,13.0,17.543859649122805,False,False,False,False,False,False,True,False,False,False,True,False,False,False,False,False,False,False,False,False,True,False,False,False
35.0,0.5,30.0,13.0,31.428571428571427,False,False,False,False,False,False,False,False,False,False,False,True,False,True,False,False,False,False,False,True,False,False,False,False
279.6403240575057,0.5,35.0,19.0,13.88888888888889,False,False,False,False,False,True,False,False,True,False,False,True,False,True,False,False,False,False,False,True,False,False,False,False
177.3,2.5,30.0,26.0,5.640157924421883,False,True,False,False,False,False,True,False,False,False,False,False,True,False,False,False,False,False,False,True,False,False,False,False
100.0,1.5,30.0,3.0,20.0,False,False,False,False,False,True,True,False,False,False,False,False,True,False,False,False,False,False,False,False,True,False,False,False
95.0,1.27,30.1,4.0,24.210526315789476,False,True,False,False,False,False,False,False,False,False,False,False,True,False,False,False,False,False,False,True,False,False,False,False
80.0,1.0,20.0,31.0,20.0,False,True,False,False,False,False,True,False,False,False,False,False,True,False,False,False,False,False,False,False,True,False,False,False
138.26,4.7,20.0,13.0,14.465499783017504,False,False,False,False,False,True,True,False,False,False,False,True,False,False,False,False,False,False,False,False,True,False,False,False
73.84,2.0,30.0,15.0,25.731310942578546,False,True,False,False,False,False,False,False,False,False,False,True,False,False,False,False,False,False,False,False,True,False,False,False
112.0,1.2,30.1,12.0,26.607142857142858,False,True,False,False,False,False,False,False,False,True,False,True,False,False,False,False,False,False,False,True,False,False,False,False
60.5,0.5,30.0,28.0,22.8099173553719,False,True,False,False,False,False,True,False,False,False,False,False,True,False,False,False,False,False,False,False,True,False,False,False
55.0,1.8,30.0,28.0,14.527272727272727,False,True,False,False,False,False,False,False,False,True,False,True,False,False,False,False,False,False,False,True,False,False,False,False
45.81,1.5,30.0,17.0,24.012224405151716,False,True,False,False,False,False,False,False,False,True,False,True,False,False,False,False,False,False,False,True,False,False,False,False
95.0,3.5,30.0,11.0,34.73684210526316,False,False,False,False,False,False,False,False,False,False,False,False,True,False,False,False,False,False,False,True,False,False,False,False
156.0,1.2,30.0,24.0,14.102564102564102,False,True,False,False,False,False,False,False,False,False,False,True,False,False,False,False,False,False,False,True,False,False,False,False
123.0,2.5,30.0,11.0,28.45528455284553,False,False,False,True,False,False,True,False,False,False,False,True,False,False,False,False,False,False,False,True,False,False,False,False
93.0,2.5,30.0,24.0,19.35483870967742,False,True,False,False,False,False,False,False,False,True,False,False,True,False,False,False,True,False,False,False,False,False,False,False
130.0,2.0,30.0,16.0,25.37692307692308,False,False,False,True,False,False,False,False,False,True,False,True,False,False,False,False,False,False,False,True,False,False,False,False
53.0,2.0,30.0,3.0,24.52830188679245,False,True,False,False,False,False,True,False,False,False,False,True,False,False,False,False,False,False,False,False,True,False,False,False
125.0,2.5,31.0,11.0,25.592,False,False,False,True,False,False,False,False,False,True,False,False,True,False,False,False,False,False,False,True,False,False,False,False
144.0,1.2,20.0,31.0,14.46527777777778,False,False,False,True,False,False,False,False,False,False,False,False,True,False,False,False,False,False,False,True,False,False,False,False
130.0,2.5,35.0,6.0,22.692307692307693,False,False,False,True,False,False,True,False,False,False,False,False,True,False,False,False,False,False,False,True,False,False,False,False
30.0,1.2,25.0,26.0,21.666666666666668,False,True,False,False,False,False,True,False,False,False,False,True,False,False,False,False,False,False,False,True,False,False,False,False
139.0,1.5,28.0,26.0,13.66906474820144,False,True,False,False,False,False,True,False,False,False,True,False,False,False,False,False,False,False,False,True,False,False,False,False
30.0,2.5,23.0,26.0,16.0,False,True,False,False,False,False,False,False,True,False,True,False,False,False,False,False,False,False,False,True,False,False,False,False
70.0,1.8,30.0,6.0,24.285714285714285,False,False,False,False,False,True,True,False,False,False,False,True,False,False,False,False,False,False,False,False,True,False,False,False
123.0,2.0,30.0,11.0,24.390243902439025,False,False,False,False,False,False,True,False,False,False,False,True,False,False,False,False,False,False,False,False,True,False,False,False
60.0,2.0,25.0,10.0,23.83333333333333,False,True,False,False,False,False,True,False,False,False,False,True,False,False,False,False,False,False,False,True,False,False,False,False
50.0,2.5,30.0,26.0,47.6,False,False,False,False,False,False,False,False,False,False,False,True,False,False,False,False,False,False,False,True,False,False,False,False
35.0,2.0,30.0,14.0,22.857142857142858,False,False,False,True,False,False,False,False,True,False,False,True,False,False,False,False,False,False,False,False,True,False,False,False
86.0,1.5,40.0,16.0,13.953488372093023,False,True,False,False,False,False,False,False,False,False,False,True,False,False,False,False,False,False,False,False,True,False,False,False
89.26,1.8,30.0,26.0,20.16580775263276,False,True,False,False,False,False,True,False,False,False,False,True,False,False,False,False,False,False,False,True,False,False,False,False
125.0,2.0,20.0,30.0,18.4,False,True,False,False,False,False,False,False,False,False,False,True,False,False,False,False,False,False,False,False,True,False,False,False
92.0,2.4,30.0,8.0,22.82608695652174,False,True,False,False,False,False,False,False,False,False,False,True,False,False,False,False,False,False,False,False,True,False,False,False
35.0,1.2,30.0,26.0,28.542857142857144,False,False,False,True,False,False,False,False,True,False,False,False,True,False,False,False,False,False,False,True,False,False,False,False
160.0,0.5,35.0,19.0,15.625,False,False,False,False,False,True,False,False,True,False,False,True,False,True,False,False,False,False,False,False,True,False,False,False
99.0,1.56,38.0,11.0,18.68686868686869,False,False,False,False,False,True,False,False,False,False,False,False,True,False,False,False,False,False,False,False,True,False,False,False
118.0,2.0,30.0,21.0,21.1864406779661,False,False,False,False,False,False,False,False,False,True,False,True,False,False,False,False,False,False,False,False,True,False,False,False
128.0,1.8,30.0,23.0,11.71875,False,False,False,False,False,True,False,False,False,False,False,True,False,False,False,False,False,False,False,False,True,False,False,False
75.0,2.5,30.0,6.0,29.33333333333333,False,False,False,False,False,False,True,False,False,False,False,True,False,False,False,False,False,False,False,False,True,False,False,False
133.67,2.0,30.0,12.0,26.183885688636195,False,True,False,False,False,False,True,False,False,False,False,False,True,False,False,False,False,False,False,False,True,False,False,False
140.0,2.4,30.0,12.0,26.285714285714285,False,True,False,False,False,False,True,False,False,False,False,False,True,False,False,False,False,False,False,True,False,False,False,False
158.0,2.5,30.0,22.0,12.651898734177216,False,False,False,True,False,False,False,False,False,True,True,False,False,False,False,False,False,False,False,False,True,False,False,False
140.0,2.0,38.0,15.0,22.02142857142857,True,False,False,False,False,False,False,False,False,True,False,False,True,False,False,False,False,False,False,True,False,False,False,False
107.94,1.2,21.0,26.0,14.823049842505096,False,True,False,False,False,False,True,False,False,False,False,True,False,False,False,False,False,False,False,True,False,False,False,False
100.0,2.5,30.0,6.0,15.0,False,False,False,True,False,False,False,False,True,False,True,False,False,False,False,False,False,False,False,True,False,False,False,False
93.0,2.5,30.0,3.0,23.655913978494624,False,False,False,False,False,True,False,False,False,True,False,True,False,False,False,False,False,False,False,True,False,False,False,False
89.0,2.0,30.0,10.0,23.59550561797753,False,True,False,False,False,False,False,False,False,False,False,True,False,False,False,False,False,False,False,False,True,False,False,False
109.7,1.5,36.07,14.0,12.306289881494989,False,False,False,False,False,True,False,False,True,False,False,True,False,False,True,False,False,False,False,True,False,False,False,False
58.0,2.0,30.0,5.0,31.03448275862069,False,False,False,False,False,False,True,False,False,False,False,True,False,False,True,False,False,False,False,False,True,False,False,False
40.0,1.2,30.0,26.0,32.475,False,False,False,True,False,False,False,False,True,False,False,True,False,False,False,False,False,False,False,True,False,False,False,False
108.0,2.0,30.0,11.0,41.66666666666666,False,False,False,False,False,False,True,False,False,False,False,True,False,False,False,False,False,False,False,True,False,False,False,False
89.0,1.97,30.0,9.0,25.84269662921348,False,True,False,False,False,False,False,False,False,True,False,True,False,False,False,False,False,False,False,False,True,False,False,False
116.0,2.5,30.0,11.0,25.13793103448276,False,False,False,False,True,False,False,False,False,True,False,False,True,False,False,False,False,False,False,True,False,False,False,False
51.28,2.0,25.0,14.0,25.351014040561623,False,True,False,False,False,False,False,False,False,False,False,False,True,False,False,False,False,False,False,True,False,False,False,False
140.0,2.0,30.0,28.0,14.142857142857142,False,True,False,False,False,False,False,False,False,False,False,True,False,False,False,False,False,False,False,False,True,False,False,False
89.0,1.5,30.0,25.0,26.96629213483146,False,True,False,False,False,False,False,False,False,True,False,False,True,False,False,False,False,False,False,False,True,False,False,False
40.0,2.5,30.0,7.0,19.975,False,True,False,False,False,False,False,False,False,True,False,True,False,False,False,False,False,False,False,True,False,False,False,False
60.44,2.5,30.0,20.0,24.81800132362674,False,True,False,False,False,False,False,False,False,True,False,False,True,False,False,False,False,False,False,True,False,False,False,False
279.6403240575057,2.0,30.0,15.0,15.714285714285714,False,True,False,False,False,False,False,False,True,False,False,True,False,True,False,False,False,False,False,False,True,False,False,False
124.0,2.0,25.0,25.0,13.709677419354838,False,True,False,False,False,False,False,False,False,False,False,True,False,False,False,False,False,False,False,False,True,False,False,False
138.23,1.19,35.0,15.0,10.128047457136658,False,False,False,False,False,True,False,False,False,False,True,False,False,False,False,False,False,False,False,True,False,False,False,False
100.0,2.0,30.0,16.0,20.8,False,False,False,False,False,False,True,False,False,False,False,True,False,False,False,False,False,False,False,True,False,False,False,False
141.87,2.2,30.0,13.0,5.6319165433143015,False,True,False,False,False,False,False,False,False,True,False,True,False,False,False,False,False,False,False,True,False,False,False,False
150.0,2.0,30.0,15.0,21.066666666666663,False,False,False,False,False,False,False,False,False,True,False,True,False,False,True,False,False,False,False,False,True,False,False,False
130.0,2.0,30.0,3.0,23.07692307692308,False,False,False,False,False,False,True,False,False,False,False,True,False,False,False,False,False,False,False,True,False,False,False,False
76.0,1.8,20.0,36.0,20.789473684210527,False,True,False,False,False,False,False,False,False,True,False,True,False,False,False,False,False,False,False,True,False,False,False,False
57.0,2.0,30.0,18.0,23.385964912280706,False,False,True,False,False,False,False,False,False,False,False,True,False,False,False,False,False,False,False,True,False,False,False,False
60.0,1.2,30.0,26.0,21.666666666666668,False,False,False,False,False,True,False,False,False,False,False,False,True,False,False,False,False,False,False,True,False,False,False,False
127.0,2.0,30.0,9.0,18.89763779527559,False,False,False,False,False,True,False,False,False,True,False,True,False,False,True,False,False,False,False,True,False,False,False,False
142.83,3.0,40.0,15.0,21.003990758244065,True,False,False,False,False,False,False,False,False,True,False,True,False,False,False,False,False,False,False,True,False,False,False,False
52.0,1.8,30.0,26.0,28.846153846153847,False,True,False,False,False,False,False,False,False,False,False,True,False,False,False,False,False,False,False,True,False,False,False,False
99.0,2.6,29.98,5.0,35.35353535353536,False,False,False,False,False,False,False,False,False,False,False,True,False,False,False,True,False,False,False,False,False,False,False,False
176.0,2.5,30.0,21.0,28.40909090909091,False,False,False,False,False,False,False,False,False,True,False,False,True,False,False,False,False,False,False,True,False,False,False,False
46.0,2.5,35.0,23.0,20.65217391304348,False,True,False,False,False,False,False,False,False,False,False,False,True,False,False,False,False,False,False,True,False,False,False,False
260.0,0.5,30.0,18.0,12.884615384615383,False,False,False,False,False,True,False,False,True,False,False,True,False,True,False,False,False,False,False,False,True,False,False,False
96.88,2.0,23.0,11.0,19.40545004128819,False,True,False,False,False,False,True,False,False,False,False,False,True,False,False,False,False,False,False,False,True,False,False,False
89.17,2.0,30.0,18.0,22.98979477402714,False,True,False,False,False,False,True,False,False,False,False,True,False,False,False,False,False,False,False,False,True,False,False,False
40.0,0.5,30.0,17.0,19.975,False,False,False,False,False,True,False,False,False,False,False,True,False,True,False,False,False,False,False,True,False,False,False,False
43.0,2.5,30.0,15.0,25.58139534883721,False,True,False,False,False,False,False,False,False,True,False,True,False,False,False,False,False,False,False,True,False,False,False,False
105.0,2.15,30.0,5.0,23.80952380952381,False,True,False,False,False,False,True,False,False,False,False,True,False,False,False,False,False,False,False,True,False,False,False,False
144.0,2.0,20.0,6.0,24.30555555555556,False,False,False,True,False,False,False,False,False,False,False,True,False,False,False,False,False,False,False,True,False,False,False,False
47.64,2.5,30.0,19.0,27.2879932829555,False,False,False,False,False,True,False,False,False,True,False,True,False,False,False,False,False,False,True,False,False,False,False,False
279.6403240575057,2.0,30.0,16.0,20.214285714285715,False,False,False,True,False,False,False,False,False,True,False,False,True,False,False,False,False,False,False,True,False,False,False,False
89.0,2.5,30.0,11.0,30.337078651685392,False,True,False,False,False,False,True,False,False,False,False,False,True,False,False,False,False,False,False,True,False,False,False,False
48.0,2.0,30.0,26.0,14.166666666666666,False,True,False,False,False,False,True,False,False,False,False,True,False,False,False,False,False,False,False,True,False,False,False,False
124.87,1.8,30.0,28.0,21.62248738688236,False,True,False,False,False,False,False,False,False,True,False,True,False,False,False,False,False,False,False,False,True,False,False,False
45.0,2.5,30.0,15.0,26.666666666666668,False,True,False,False,False,False,False,False,False,True,False,True,False,False,True,False,False,False,False,False,True,False,False,False
110.0,2.5,30.0,10.0,31.363636363636363,False,False,False,True,False,False,False,False,False,True,False,True,False,False,False,False,False,False,False,False,True,False,False,False
57.81,2.0,30.0,15.0,27.676872513405986,False,True,False,False,False,False,True,False,False,False,False,False,True,False,False,False,False,False,False,True,False,False,False,False
105.0,2.5,30.0,7.0,28.561904761904763,False,False,False,True,False,False,False,False,False,False,False,False,True,False,False,False,False,False,False,True,False,False,False,False
158.0,2.5,30.0,9.0,34.49367088607595,False,False,False,True,False,False,False,False,False,True,False,False,True,False,False,False,False,False,False,False,True,False,False,False
188.0,2.0,30.0,26.0,14.893617021276595,False,False,False,False,False,False,True,False,False,False,False,True,False,False,False,False,False,False,False,False,True,False,False,False
70.0,2.5,30.0,11.0,10.0,False,False,False,False,False,True,True,False,False,False,False,True,False,False,False,False,False,False,False,True,False,False,False,False
100.0,1.5,25.0,13.0,18.99,False,False,False,True,False,False,False,False,False,False,False,True,False,False,False,False,False,False,False,True,False,False,False,False
87.97,2.0,30.0,11.0,23.87177446856883,False,False,False,False,False,True,False,False,False,False,False,False,True,False,False,False,False,False,False,False,True,False,False,False
91.26,2.0,30.2,28.0,24.10694718387026,False,True,False,False,False,False,False,False,False,False,False,True,False,False,False,False,False,False,False,False,True,False,False,False
128.0,1.8,30.0,23.0,14.0625,False,False,False,False,False,True,False,False,False,True,False,False,True,False,False,False,False,False,False,True,False,False,False,False
58.0,1.0,20.0,33.0,25.86206896551724,False,True,False,False,False,False,False,False,False,False,False,True,False,False,False,False,False,False,False,True,False,False,False,False
61.0,2.5,30.0,12.0,26.229508196721312,False,True,False,False,False,False,True,False,False,False,False,True,False,False,True,False,False,False,False,False,True,False,False,False
110.0,2.5,30.0,22.0,27.181818181818183,False,False,False,True,False,False,False,False,False,False,False,False,True,False,False,False,False,False,False,True,False,False,False,False
108.0,2.5,30.0,11.0,17.12962962962963,False,True,False,False,False,False,True,False,False,False,False,False,True,False,False,False,False,False,False,True,False,False,False,False
89.0,1.5,30.0,8.0,24.719101123595507,False,True,False,False,False,False,True,False,False,False,False,False,True,False,False,False,False,False,False,False,True,False,False,False
40.0,1.05,31.0,13.0,19.975,False,False,False,False,False,True,False,False,False,False,False,True,False,True,False,False,False,False,False,True,False,False,False,False
102.0,3.5,30.0,11.0,28.31372549019608,False,False,False,False,False,False,True,False,False,False,False,True,False,False,False,False,False,False,False,True,False,False,False,False
30.0,2.0,30.0,9.0,26.666666666666668,False,False,False,False,False,True,False,False,False,True,False,True,False,False,True,False,False,False,False,True,False,False,False,False
100.0,2.0,30.0,15.0,22.0,False,False,False,True,False,False,False,False,True,False,False,True,False,False,False,False,False,False,False,True,False,False,False,False
106.0,1.9,25.0,4.0,33.0188679245283,False,False,False,False,False,False,True,False,False,False,False,True,False,False,False,False,False,False,False,False,True,False,False,False
279.6403240575057,0.5,35.0,19.0,16.666666666666668,False,False,False,False,False,True,False,False,True,False,False,True,False,True,False,False,False,False,False,False,True,False,False,False
200.0,2.0,30.0,18.0,4.995,False,False,False,False,False,False,False,False,True,False,False,True,False,False,False,False,False,False,False,True,False,False,False,False
140.0,2.0,30.0,22.0,17.614285714285714,False,False,False,True,False,False,True,False,False,False,False,True,False,False,False,False,False,False,False,True,False,False,False,False
89.0,2.6,30.0,10.0,25.280898876404493,True,False,False,False,False,False,False,False,False,True,False,True,False,False,False,False,False,False,False,True,False,False,False,False
140.0,2.0,30.0,5.0,24.992857142857144,False,False,False,False,False,False,True,False,False,False,False,True,False,False,False,False,False,False,False,True,False,False,False,False
99.0,2.0,30.0,6.0,30.303030303030305,False,False,False,False,False,False,True,False,False,False,False,True,False,False,False,False,False,False,False,False,True,False,False,False
59.0,2.49,19.6,11.0,27.966101694915253,False,False,False,False,False,False,True,False,False,False,False,True,False,False,False,False,False,False,False,False,False,False,False,False
40.0,2.3,30.0,16.0,32.0,False,False,True,False,False,False,False,False,False,True,False,True,False,False,False,False,False,False,False,True,False,False,False,False
279.6403240575057,2.0,30.0,16.0,18.75,False,False,False,True,False,False,False,False,False,True,False,False,True,False,False,False,False,False,False,False,True,False,False,False
135.0,1.2,30.0,21.0,16.296296296296298,False,False,False,False,False,False,False,False,False,False,True,False,False,False,False,False,False,False,False,False,True,False,False,False
56.0,2.5,30.0,8.0,23.196428571428573,False,False,False,False,False,True,True,False,False,False,False,False,True,False,False,False,False,False,False,True,False,False,False,False
135.0,1.2,30.1,12.0,21.48148148148148,False,True,False,False,False,False,False,False,False,False,False,True,False,False,False,False,False,False,False,False,True,False,False,False
279.6403240575057,1.08,30.0,13.0,31.25,False,True,False,False,False,False,False,True,False,False,False,True,False,True,False,False,False,False,False,True,False,False,False,False
90.0,2.0,30.0,11.0,24.433333333333334,False,False,False,False,False,True,False,False,False,False,False,True,False,False,False,False,False,False,False,True,False,False,False,False
61.0,1.6,30.0,16.0,21.311475409836067,False,True,False,False,False,False,True,False,False,False,False,True,False,False,False,False,False,False,False,False,True,False,False,False
42.0,2.5,30.0,27.0,33.333333333333336,False,True,False,False,False,False,False,False,False,True,False,True,False,False,False,False,False,False,True,False,False,False,False,False
279.6403240575057,2.0,30.0,11.0,2.571428571428572,False,False,False,True,False,False,False,False,True,False,False,True,False,False,False,False,False,False,False,True,False,False,False,False
128.0,1.98,30.0,5.0,29.296875,False,False,False,False,False,False,False,False,False,False,False,True,False,False,False,False,False,False,False,False,False,False,False,False
105.0,2.0,20.0,31.0,15.866666666666667,False,False,False,True,False,False,False,False,False,False,False,False,True,False,False,False,False,False,False,True,False,False,False,False
95.5,1.8,30.0,28.0,13.612565445026178,False,True,False,False,False,False,False,False,False,False,False,True,False,False,False,False,False,False,False,True,False,False,False,False
175.0,2.5,30.0,21.0,25.714285714285715,False,False,False,True,False,False,False,False,False,True,False,False,True,False,False,False,False,False,False,False,True,False,False,False
71.31,1.34,35.0,16.0,25.24190155658393,False,True,False,False,False,False,False,False,False,False,False,False,True,False,False,False,False,False,False,True,False,False,False,False
109.0,2.8,30.0,5.0,27.522935779816518,False,False,False,False,False,False,False,False,False,False,False,True,False,False,False,False,False,False,False,True,False,False,False,False
105.0,2.5,20.0,27.0,28.552380952380958,False,False,False,True,False,False,True,False,False,False,False,False,True,False,False,False,False,False,False,True,False,False,False,False
85.0,1.2,20.0,31.0,17.058823529411764,False,True,False,False,False,False,False,False,False,False,False,False,True,False,False,False,False,False,False,False,True,False,False,False
101.0,1.5,30.0,22.0,33.0,False,False,False,True,False,False,False,False,False,False,False,True,False,False,False,False,False,False,False,False,True,False,False,False
141.0,1.5,30.0,5.0,22.45390070921986,False,False,False,False,False,False,False,False,False,True,False,True,False,False,False,False,False,False,False,False,True,False,False,False
48.0,2.2,20.0,11.0,25.0,False,True,False,False,False,False,False,False,False,True,False,True,False,False,True,False,False,False,False,True,False,False,False,False
127.0,1.2,30.0,11.0,25.19685039370079,False,True,False,False,False,False,False,False,False,True,False,False,True,False,False,False,False,False,False,True,False,False,False,False
39.99,2.6,30.0,7.0,30.007501875468865,False,True,False,False,False,False,True,False,False,False,False,True,False,False,False,False,False,False,False,False,True,False,False,False
55.0,2.5,30.0,11.0,30.90909090909091,False,False,False,True,False,False,False,False,False,False,False,True,False,False,False,False,False,False,False,True,False,False,False,False
79.0,3.3,30.0,20.0,24.050632911392405,False,True,False,False,False,False,False,False,False,False,False,True,False,False,False,False,False,False,False,False,True,False,False,False
156.0,1.2,24.0,28.0,16.025641025641026,False,True,False,False,False,False,True,False,False,False,False,True,False,False,False,False,False,False,False,False,True,False,False,False
60.0,2.5,30.0,8.0,26.65,False,False,False,False,False,True,True,False,False,False,False,False,True,False,False,False,False,False,False,True,False,False,False,False
89.0,2.5,30.0,9.0,24.337078651685392,True,False,False,False,False,False,True,False,False,False,False,True,False,False,False,False,False,False,False,True,False,False,False,False
80.0,2.2,20.0,9.0,15.0,False,True,False,False,False,False,False,False,False,False,False,True,False,False,True,False,False,False,False,True,False,False,False,False
48.14,1.5,21.0,22.0,22.85002077274616,False,True,False,False,False,False,True,False,False,False,False,True,False,False,False,False,False,False,False,True,False,False,False,False
45.0,2.5,30.0,26.0,44.422222222222224,False,False,False,True,False,False,False,False,True,False,False,True,False,False,False,False,False,False,False,True,False,False,False,False
92.0,2.5,35.0,6.0,33.69565217391305,False,False,False,True,False,False,True,False,False,False,False,False,True,False,False,False,False,False,False,True,False,False,False,False
168.0,3.5,30.0,11.0,17.851190476190474,False,False,False,False,False,False,False,False,False,True,False,True,False,False,False,False,False,False,False,True,False,False,False,False
279.6403240575057,1.05,31.0,13.0,7.0,False,False,False,False,False,True,False,False,True,False,False,False,False,True,False,False,False,False,False,True,False,False,False,False
80.0,0.5,50.0,9.0,27.5,False,False,False,False,False,False,False,False,False,False,False,True,False,False,False,False,False,False,False,False,False,False,False,False
130.31,1.2,30.0,6.0,25.324226843680453,False,True,False,False,False,False,True,False,False,False,False,False,True,False,False,False,False,False,False,False,True,False,False,False
48.0,4.5,25.0,11.0,31.25,False,False,False,False,False,False,False,False,False,False,False,True,False,False,True,False,False,False,False,True,False,False,False,False
99.0,2.5,30.0,9.0,25.252525252525253,False,False,False,False,False,False,False,False,False,False,False,True,False,False,False,False,False,False,False,False,True,False,False,False
90.05,2.0,30.0,18.0,22.198778456413105,False,False,False,True,False,False,False,False,False,False,False,False,True,False,False,False,False,False,False,True,False,False,False,False
95.0,2.0,30.0,3.0,28.94736842105263,True,False,False,False,False,False,False,False,False,False,False,True,False,False,False,False,False,False,False,True,False,False,False,False
89.0,2.5,30.0,8.0,22.471910112359552,False,True,False,False,False,False,False,False,False,True,False,False,True,False,False,False,False,False,False,False,True,False,False,False
67.24,1.8,30.0,14.0,25.133848899464606,False,True,False,False,False,False,True,False,False,False,False,False,True,False,False,False,False,False,False,True,False,False,False,False
89.66,2.0,30.0,18.0,20.075842070042384,False,True,False,False,False,False,False,False,False,True,False,True,False,False,False,False,False,False,False,True,False,False,False,False
279.6403240575057,1.74,32.0,10.0,7.8125,False,False,False,False,False,True,False,False,True,False,False,True,False,True,False,False,False,False,False,False,True,False,False,False
40.0,1.2,25.0,18.0,15.0,False,True,False,False,False,False,True,False,False,False,False,True,False,False,False,False,False,False,False,True,False,False,False,False
136.0,1.2,30.0,11.0,24.264705882352946,False,True,False,False,False,False,False,False,False,True,False,False,True,False,False,False,False,False,False,False,True,False,False,False
134.0,2.5,50.0,17.0,14.92537313432836,False,False,False,False,False,False,False,False,False,False,True,False,False,False,False,False,False,False,False,False,True,False,False,False
40.0,1.2,30.0,26.0,18.75,False,False,False,True,False,False,False,False,False,False,False,True,False,False,False,False,False,False,False,True,False,False,False,False
89.0,2.5,30.0,5.0,20.2247191011236,False,True,False,False,False,False,False,False,False,True,False,True,False,False,False,False,False,False,False,True,False,False,False,False
52.53,0.5,30.0,28.0,28.555111364934323,False,True,False,False,False,False,False,False,False,False,False,True,False,False,False,False,False,False,False,False,True,False,False,False
127.0,1.44,20.0,25.0,13.385826771653544,False,True,False,False,False,False,True,False,False,False,False,False,True,False,False,False,False,False,False,True,False,False,False,False
89.65,1.5,25.0,24.0,20.07808142777468,False,True,False,False,False,False,True,False,False,False,False,True,False,False,False,False,False,False,False,True,False,False,False,False
110.0,2.0,30.0,15.0,20.0,False,True,False,False,False,False,False,False,False,False,False,True,False,False,False,False,False,False,False,False,True,False,False,False
46.0,1.7,32.0,17.0,13.021739130434783,False,False,False,False,False,True,False,False,False,False,False,True,False,False,False,False,False,False,False,True,False,False,False,False
132.39,2.0,30.0,21.0,13.596193065941538,False,True,False,False,False,False,True,False,False,False,False,True,False,False,False,False,False,False,False,True,False,False,False,False
132.0,1.2,30.0,11.0,25.0,False,True,False,False,False,False,False,False,False,True,False,True,False,False,False,False,False,False,False,False,True,False,False,False
125.0,2.5,30.0,8.0,25.6,False,False,False,False,False,False,False,False,False,False,False,True,False,False,False,False,False,False,False,False,True,False,False,False
41.0,2.0,30.0,18.0,24.390243902439025,False,False,True,False,False,False,False,False,False,False,False,True,False,False,False,False,False,False,True,False,False,False,False,False
65.0,2.0,30.0,7.0,25.630769230769232,False,False,False,False,False,False,False,False,False,False,False,True,False,False,False,False,False,False,False,True,False,False,False,False
35.0,1.2,30.0,26.0,23.714285714285715,False,True,False,False,False,False,False,False,False,True,False,True,False,False,False,False,False,False,False,True,False,False,False,False
60.0,1.6,30.0,16.0,16.666666666666668,False,True,False,False,False,False,False,False,False,True,False,True,False,False,False,False,False,False,False,True,False,False,False,False
42.0,2.5,30.0,27.0,23.33333333333333,False,True,False,False,False,False,False,False,False,False,False,True,False,False,False,False,False,False,False,False,True,False,False,False
60.0,2.5,30.0,10.0,25.0,True,False,False,False,False,False,False,False,False,False,False,True,False,False,False,False,False,False,False,True,False,False,False,False
40.0,1.0,30.0,26.0,30.0,False,True,False,False,False,False,False,False,False,False,False,True,False,False,False,False,False,False,False,True,False,False,False,False
89.25,2.5,25.0,9.0,25.7703081232493,False,False,False,False,False,True,True,False,False,False,False,False,True,False,False,False,False,False,False,False,False,False,False,False
45.81,1.2,30.0,26.0,12.660991049989084,False,True,False,False,False,False,False,False,False,False,True,False,False,False,False,False,False,False,False,True,False,False,False,False
53.0,2.5,30.0,11.0,32.056603773584904,False,False,False,True,False,False,False,False,False,True,False,True,False,False,False,False,False,False,False,True,False,False,False,False
63.0,2.0,30.0,16.0,25.126984126984127,False,False,False,False,False,False,True,False,False,False,False,True,False,False,False,False,True,False,False,False,False,False,False,False
65.0,2.0,30.0,11.0,16.907692307692308,False,False,False,False,False,False,False,False,False,False,False,True,False,False,False,False,False,False,False,False,True,False,False,False
120.0,2.8,30.0,3.0,33.333333333333336,False,False,False,False,False,False,True,False,False,False,False,True,False,False,False,False,False,False,False,True,False,False,False,False
116.0,2.0,30.0,20.0,14.655172413793103,False,True,False,False,False,False,False,False,False,False,False,False,True,False,False,False,False,False,False,True,False,False,False,False
98.68,1.38,35.0,19.0,19.254154843940007,False,False,False,False,False,True,False,False,False,False,False,True,False,False,False,False,False,False,False,False,True,False,False,False
98.0,1.8,30.0,11.0,22.448979591836736,False,True,False,False,False,False,False,False,False,False,False,True,False,False,False,False,False,False,False,True,False,False,False,False
120.0,2.6,30.0,5.0,25.0,False,False,False,True,False,False,True,False,False,False,False,False,True,False,False,False,False,False,False,True,False,False,False,False
130.0,2.0,30.0,22.0,22.153846153846157,False,False,False,True,False,False,False,False,False,False,False,True,False,False,False,False,False,False,False,True,False,False,False,False
89.0,2.0,30.0,2.0,22.471910112359552,False,False,False,False,False,True,False,False,False,False,False,True,False,False,False,False,False,False,False,False,True,False,False,False
89.0,2.0,30.0,10.0,22.471910112359552,False,True,False,False,False,False,False,False,False,False,False,True,False,False,False,False,False,False,False,False,True,False,False,False
110.0,2.5,30.0,21.0,18.181818181818183,False,True,False,False,False,False,False,False,False,True,False,True,False,False,False,False,False,False,False,False,True,False,False,False
89.0,2.0,30.0,6.0,19.08988764044944,False,False,False,False,False,True,False,False,False,True,False,True,False,False,False,False,False,False,False,False,True,False,False,False
41.35,1.5,25.0,13.0,26.60217654171705,False,True,False,False,False,False,True,False,False,False,False,True,False,False,False,False,False,False,False,True,False,False,False,False
55.25,2.5,30.0,26.0,18.099547511312217,False,True,False,False,False,False,False,False,False,False,False,True,False,False,False,False,False,False,False,False,True,False,False,False
279.6403240575057,0.5,50.0,17.0,18.444444444444443,False,False,False,False,False,False,False,False,True,False,False,False,True,True,False,False,False,False,False,False,True,False,False,False
60.0,2.5,22.0,26.0,16.666666666666668,False,True,False,False,False,False,False,False,True,False,False,True,False,False,False,False,False,False,False,False,True,False,False,False
108.0,1.5,30.0,4.0,30.55555555555556,False,True,False,False,False,False,True,False,False,False,False,False,True,False,False,False,False,False,False,True,False,False,False,False
89.64,1.74,32.0,12.0,18.96474788041053,False,False,False,False,False,True,False,False,False,False,False,True,False,False,False,False,False,False,False,True,False,False,False,False
128.0,2.0,30.0,6.0,31.25,False,False,False,False,False,True,False,False,False,True,False,False,True,False,False,False,False,False,False,True,False,False,False,False
48.14,1.5,21.0,22.0,24.927295388450357,False,True,False,False,False,False,True,False,False,False,False,True,False,False,False,False,False,False,False,True,False,False,False,False
105.0,2.5,30.0,21.0,21.904761904761905,False,False,False,False,False,False,False,False,False,True,False,True,False,False,True,True,False,False,False,False,False,False,False,False
120.0,2.5,30.0,8.0,19.98333333333333,False,False,False,False,False,False,False,False,False,False,False,True,False,False,False,False,False,False,False,True,False,False,False,False
89.0,1.5,25.0,24.0,20.2247191011236,False,True,False,False,False,False,False,False,False,True,False,True,False,False,False,False,False,False,False,True,False,False,False,False
58.0,1.2,30.0,22.0,18.96551724137931,False,False,False,True,False,False,False,False,False,False,False,True,False,False,False,False,False,False,False,False,False,True,False,False
91.0,2.5,30.0,26.0,36.62637362637363,False,False,False,True,False,False,False,False,False,True,False,True,False,False,False,False,False,False,False,True,False,False,False,False
82.0,1.2,24.0,28.0,19.51219512195122,False,True,False,False,False,False,False,False,False,True,False,True,False,False,False,False,False,False,False,False,True,False,False,False
126.0,2.5,30.0,6.0,26.452380952380956,False,False,False,True,False,False,True,False,False,False,False,True,False,False,False,False,False,False,False,True,False,False,False,False
45.0,2.0,30.0,11.0,14.422222222222222,False,False,False,False,False,True,False,False,True,False,False,True,False,False,False,False,False,False,False,True,False,False,False,False
151.1,1.5,30.0,28.0,23.825281270681668,False,True,False,False,False,False,False,False,False,True,False,True,False,False,False,False,False,False,False,False,True,False,False,False
36.0,1.2,30.0,16.0,37.5,False,True,False,False,False,False,False,False,False,False,False,True,False,False,False,False,False,False,False,False,True,False,False,False
143.0,3.4,15.0,10.0,23.307692307692307,False,False,False,False,False,False,False,False,False,True,False,True,False,False,False,False,False,False,False,True,False,False,False,False
125.0,2.45,32.0,5.0,24.0,False,False,False,False,False,False,False,False,False,False,False,False,True,False,False,False,False,False,False,True,False,False,False,False
89.0,2.5,30.0,21.0,20.2247191011236,False,True,False,False,False,False,False,False,False,True,False,False,True,False,False,False,False,False,False,True,False,False,False,False
93.01,1.0,30.0,28.0,16.127298139984948,False,True,False,False,False,False,False,False,False,True,True,False,False,False,False,False,False,False,False,False,True,False,False,False
58.0,2.5,30.0,21.0,22.39655172413793,False,False,False,False,False,False,True,False,False,False,False,False,True,False,True,False,True,False,False,False,False,False,False,False
55.33,3.0,28.0,24.0,23.495391288631847,False,True,False,False,False,False,False,False,False,False,False,False,True,False,False,False,False,False,False,False,False,False,True,False
103.73,1.3,30.0,11.0,24.10103152414923,False,False,False,False,False,True,False,False,False,True,False,True,False,False,False,False,False,False,False,True,False,False,False,False
50.0,1.2,30.0,19.0,20.0,False,True,False,False,False,False,True,False,False,False,False,False,True,False,False,False,False,False,False,False,True,False,False,False
100.0,1.8,30.0,30.0,10.0,False,True,False,False,False,False,False,False,False,True,False,True,False,False,False,False,False,False,False,False,True,False,False,False
39.0,2.5,30.0,26.0,32.56410256410256,False,False,False,True,False,False,False,False,False,True,False,False,True,False,False,False,False,False,False,True,False,False,False,False
127.0,3.08,30.0,10.0,7.866141732283465,False,False,False,False,False,False,False,False,True,False,False,False,True,False,False,False,True,False,False,False,False,False,False,False
68.0,2.3,30.0,16.0,36.02941176470589,False,False,True,False,False,False,False,False,False,True,False,True,False,False,False,False,False,False,False,True,False,False,False,False
98.0,1.5,30.0,31.0,16.3265306122449,False,True,False,False,False,False,False,False,False,True,False,True,False,False,False,False,False,False,False,False,True,False,False,False
153.0,2.0,30.0,15.0,11.764705882352942,False,True,False,False,False,False,True,False,False,False,False,True,False,False,False,False,False,False,False,True,False,False,False,False
90.0,1.27,30.1,4.0,25.33333333333333,False,True,False,False,False,False,False,False,False,False,False,False,True,False,False,False,False,False,False,True,False,False,False,False
89.18,2.0,25.0,10.0,20.18389773491814,False,True,False,False,False,False,False,False,False,True,False,True,False,False,False,False,False,False,False,False,True,False,False,False
89.0,2.5,30.0,21.0,22.471910112359552,False,True,False,False,False,False,False,False,False,True,False,True,False,False,False,False,False,False,False,True,False,False,False,False
40.0,2.0,30.0,28.0,19.975,False,False,False,False,False,True,False,False,False,True,False,True,False,False,False,False,False,False,False,True,False,False,False,False
89.56,1.3,30.0,10.0,20.09825815096025,False,False,False,False,False,True,False,False,False,True,False,False,True,False,False,False,False,False,False,False,True,False,False,False
89.0,2.0,30.0,10.0,17.97752808988764,False,True,False,False,False,False,False,False,False,False,False,True,False,False,False,False,False,False,False,False,True,False,False,False
90.0,1.2,30.0,26.0,26.666666666666668,False,True,False,False,False,False,False,False,False,True,False,True,False,False,False,False,False,False,False,False,True,False,False,False
133.0,2.0,30.0,18.0,16.541353383458645,False,False,False,False,False,False,False,False,False,False,False,True,False,False,False,False,False,False,False,False,True,False,False,False
122.0,2.0,30.0,11.0,20.483606557377048,False,False,False,False,False,False,False,False,False,False,False,False,True,False,False,False,False,False,False,False,True,False,False,False
80.0,1.3,28.0,15.0,21.25,False,True,False,False,False,False,True,False,False,False,False,False,True,False,False,False,False,False,False,True,False,False,False,False
32.66,1.7,30.0,16.0,27.55664421310472,False,True,False,False,False,False,True,False,False,False,False,True,False,False,False,False,False,False,False,True,False,False,False,False
37.0,2.5,20.0,27.0,24.324324324324323,False,True,False,False,False,False,False,False,False,False,False,True,False,False,False,False,False,False,True,False,False,False,False,False
117.0,2.5,30.0,15.0,17.094017094017094,False,True,False,False,False,False,False,False,False,True,False,True,False,False,False,False,False,False,False,False,True,False,False,False
121.0,1.2,31.0,18.0,18.181818181818183,False,True,False,False,False,False,False,False,False,True,False,True,False,False,False,False,False,False,False,False,True,False,False,False
131.0,2.8,30.0,6.0,24.419847328244277,False,False,False,False,False,False,True,False,False,False,False,False,True,False,False,False,False,False,False,False,True,False,False,False
50.0,4.0,10.0,16.0,24.0,False,True,False,False,False,False,False,False,False,False,False,True,False,False,False,False,False,False,False,True,False,False,False,False
120.0,2.5,30.0,7.0,24.15833333333333,False,False,False,True,False,False,True,False,False,False,False,True,False,False,False,False,False,False,False,True,False,False,False,False
66.15,2.0,30.0,21.0,21.16402116402116,False,False,False,False,False,True,False,False,False,False,False,True,False,False,False,False,False,False,False,False,True,False,False,False
89.0,2.0,30.0,11.0,29.02247191011236,False,False,False,False,False,False,False,False,False,False,False,True,False,False,False,False,False,False,False,False,False,False,False,False
88.0,1.9,26.0,23.0,19.318181818181817,False,True,False,False,False,False,False,False,False,True,False,False,True,False,False,False,False,False,False,True,False,False,False,False
87.0,2.0,30.0,26.0,22.988505747126435,False,True,False,False,False,False,False,False,False,False,False,False,True,False,False,False,False,False,False,False,True,False,False,False
89.0,1.8,30.0,5.0,15.168539325842696,False,True,False,False,False,False,False,False,False,False,False,True,False,False,False,False,False,False,False,False,True,False,False,False
100.0,2.6,30.0,5.0,29.99,False,False,False,True,False,False,True,False,False,False,False,False,True,False,False,False,False,False,False,True,False,False,False,False
35.0,1.2,30.0,26.0,28.542857142857144,False,False,False,True,False,False,True,False,False,False,False,True,False,False,False,False,False,False,False,True,False,False,False,False
279.6403240575057,2.5,30.0,6.0,15.276666666666667,False,False,False,True,False,False,False,True,False,False,False,True,False,False,False,False,False,False,False,True,False,False,False,False
279.6403240575057,0.5,35.0,19.0,11.74496644295302,False,False,False,False,False,True,False,False,True,False,False,True,False,True,False,False,False,False,False,True,False,False,False,False
114.0,2.5,30.0,11.0,23.24561403508772,False,False,False,False,False,False,True,False,False,False,False,True,False,False,False,False,False,False,False,False,True,False,False,False
80.0,2.0,40.0,21.0,19.375,False,True,False,False,False,False,False,False,False,True,True,False,False,False,False,False,False,False,False,False,True,False,False,False
98.0,2.0,30.0,3.0,30.612244897959183,False,False,False,False,False,False,False,False,False,False,False,True,False,False,False,False,False,False,False,False,True,False,False,False
147.0,2.0,30.0,15.0,20.40816326530612,False,False,False,False,False,False,False,False,False,True,False,True,False,False,True,False,False,False,False,True,False,False,False,False
77.0,2.5,30.0,8.0,21.818181818181817,False,False,False,False,False,True,False,False,False,True,False,True,False,False,False,False,False,False,False,True,False,False,False,False
148.0,2.0,30.0,28.0,19.594594594594597,False,True,False,False,False,False,False,False,False,False,False,False,True,False,False,False,False,False,False,True,False,False,False,False
78.0,1.7,30.0,16.0,21.53846153846154,False,True,False,False,False,False,False,False,False,True,False,False,True,False,False,False,False,False,False,True,False,False,False,False
140.0,1.5,28.0,26.0,12.5,False,True,False,False,False,False,False,False,False,True,False,True,False,False,False,False,False,False,False,False,True,False,False,False
124.0,2.5,30.0,8.0,24.193548387096776,False,False,False,False,False,False,False,False,False,False,False,True,False,False,False,False,False,False,False,False,True,False,False,False
45.0,1.2,20.0,31.0,35.53333333333333,False,False,False,True,False,False,True,False,False,False,False,True,False,False,False,False,False,False,False,True,False,False,False,False
114.0,2.5,50.0,17.0,19.29824561403509,False,False,False,False,False,False,False,False,False,False,False,True,False,False,False,False,False,False,False,True,False,False,False,False
130.0,2.0,30.0,3.0,26.91538461538461,False,False,False,False,False,False,False,False,False,False,False,True,False,False,False,False,False,False,False,True,False,False,False,False
120.0,1.9,35.0,4.0,16.666666666666668,False,False,False,False,False,True,False,False,False,True,False,False,True,False,False,False,False,False,False,False,True,False,False,False
125.0,2.0,30.0,14.0,20.0,False,False,False,False,False,False,True,False,False,False,False,True,False,False,False,False,False,False,False,False,True,False,False,False
1.0,2.0,30.0,3.0,3300.0,False,False,False,False,False,False,False,False,False,False,False,False,True,False,False,False,False,False,False,False,True,False,False,False
40.0,2.0,30.0,18.0,43.75,False,False,False,True,False,False,False,False,False,True,False,True,False,False,False,False,False,False,False,True,False,False,False,False
89.0,2.0,30.0,6.0,19.662921348314608,False,False,False,False,False,True,False,False,False,True,False,True,False,False,False,False,False,False,False,False,True,False,False,False
69.52,2.0,40.0,10.0,38.83774453394707,False,True,False,False,False,False,False,False,False,True,False,False,True,False,False,False,False,False,False,True,False,False,False,False
42.0,2.1,20.0,11.0,23.80952380952381,True,False,False,False,False,False,False,False,False,False,False,True,False,False,False,False,False,False,False,False,False,False,False,False
89.9,1.7,30.0,11.0,26.14015572858732,False,True,False,False,False,False,False,False,False,True,False,True,False,False,False,False,False,False,False,True,False,False,False,False
100.0,2.6,30.0,5.0,31.0,False,False,False,True,False,False,True,False,False,False,False,True,False,False,False,False,False,False,False,True,False,False,False,False
108.0,2.5,30.0,22.0,20.37037037037037,False,True,False,False,False,False,False,False,False,True,False,True,False,False,False,False,False,False,False,False,True,False,False,False
58.0,2.5,30.0,8.0,37.93103448275862,False,False,False,False,False,False,False,False,False,False,False,True,False,False,True,False,False,False,False,False,True,False,False,False
50.0,2.0,20.0,28.0,18.0,False,False,False,False,False,False,False,False,False,False,False,False,True,False,False,False,False,False,False,False,True,False,False,False
60.0,2.5,30.0,21.0,24.666666666666668,False,False,False,False,False,False,False,False,False,False,False,True,False,False,True,False,False,False,False,False,False,False,False,True
69.3,2.5,30.0,26.0,21.63059163059163,False,True,False,False,False,False,False,False,False,False,False,False,True,False,False,False,False,False,False,True,False,False,False,False
40.0,2.0,30.0,26.0,17.5,False,True,False,False,False,False,False,False,False,False,False,True,False,False,False,False,False,False,False,True,False,False,False,False
100.0,1.5,25.0,13.0,20.0,False,True,False,False,False,False,True,False,False,False,False,True,False,False,False,False,False,False,False,True,False,False,False,False
89.84,2.0,30.0,26.0,18.54407836153161,False,True,False,False,False,False,True,False,False,False,False,True,False,False,False,False,False,False,False,True,False,False,False,False
35.0,1.2,30.0,26.0,35.714285714285715,False,False,False,True,False,False,False,False,True,False,False,True,False,False,False,False,False,False,False,True,False,False,False,False
40.0,2.0,30.0,26.0,37.475,False,False,False,True,False,False,False,False,True,False,False,True,False,False,False,False,False,False,False,True,False,False,False,False
117.0,1.5,30.0,23.0,9.401709401709402,False,True,False,False,False,False,False,False,False,False,False,True,False,False,False,False,False,False,False,True,False,False,False,False
150.0,2.0,30.0,26.0,21.326666666666668,False,False,False,True,False,False,False,False,False,False,False,True,False,False,False,False,False,False,False,True,False,False,False,False
100.0,1.9,25.0,4.0,26.0,False,False,False,False,False,False,False,False,False,False,False,True,False,False,False,False,False,False,False,False,True,False,False,False
49.94,1.5,20.0,29.0,26.03123748498198,False,True,False,False,False,False,False,False,False,False,False,False,True,False,False,False,False,False,False,True,False,False,False,False
113.0,2.5,30.0,6.0,40.70796460176991,False,False,False,False,False,False,False,False,False,True,False,True,False,False,False,False,False,False,False,False,True,False,False,False
279.6403240575057,0.5,30.0,26.0,14.583333333333334,False,False,False,False,False,False,False,False,True,False,False,False,True,False,False,False,False,False,False,True,False,False,False,False
120.0,1.8,20.0,28.0,18.33333333333333,False,True,False,False,False,False,False,False,False,False,False,True,False,False,False,False,False,False,False,True,False,False,False,False
95.0,1.2,28.0,24.0,16.63157894736842,False,True,False,False,False,False,False,False,False,False,False,True,False,False,False,False,False,False,False,False,True,False,False,False
125.0,2.8,30.0,14.0,18.0,False,False,False,True,False,False,False,False,False,False,False,True,False,False,False,False,False,False,False,True,False,False,False,False
60.0,2.6,30.0,7.0,24.166666666666668,False,True,False,False,False,False,False,False,False,False,False,True,False,False,False,False,False,False,False,False,True,False,False,False
36.0,1.2,30.0,26.0,27.75,False,False,False,True,False,False,False,False,True,False,False,True,False,False,False,False,False,False,False,True,False,False,False,False
89.81,1.7,30.0,11.0,26.72308206213117,False,True,False,False,False,False,True,False,False,False,False,True,False,False,False,False,False,False,False,False,True,False,False,False
112.0,2.0,30.0,20.0,15.178571428571429,False,True,False,False,False,False,False,False,False,True,False,False,True,False,False,False,False,False,False,True,False,False,False,False
79.0,3.0,30.0,5.0,30.37974683544304,False,False,False,False,False,False,False,False,False,False,False,True,False,False,False,False,False,False,False,True,False,False,False,False
65.0,1.9,26.0,23.0,23.07692307692308,False,True,False,False,False,False,False,False,False,False,False,True,False,False,False,False,False,False,False,True,False,False,False,False
133.0,1.2,30.0,26.0,24.81203007518797,False,False,False,False,False,False,False,False,False,True,False,False,True,False,False,False,False,False,False,False,True,False,False,False
113.74,1.7,30.0,18.0,14.06717074028486,False,False,False,False,False,True,False,False,False,False,False,True,False,False,False,False,False,False,False,False,True,False,False,False
207.3,1.75,38.0,14.0,5.301495417269657,False,False,False,True,False,False,False,False,True,False,False,True,False,False,False,False,False,False,False,True,False,False,False,False
89.0,2.0,30.0,6.0,21.21348314606741,False,True,False,False,False,False,False,False,False,True,False,False,True,False,False,False,False,False,False,False,True,False,False,False
60.0,2.0,25.7,6.0,25.0,False,True,False,False,False,False,False,False,False,True,False,False,True,False,False,False,False,False,False,False,True,False,False,False
103.0,2.0,30.0,16.0,25.24271844660194,False,False,False,False,False,True,True,False,False,False,False,False,True,False,False,False,False,False,False,True,False,False,False,False
127.0,2.0,30.0,28.0,22.04724409448819,False,True,False,False,False,False,True,False,False,False,False,True,False,False,False,False,False,False,False,True,False,False,False,False
89.0,1.5,30.0,25.0,23.59550561797753,False,True,False,False,False,False,False,False,False,True,False,True,False,False,False,False,False,False,False,False,True,False,False,False
35.0,1.2,30.0,26.0,34.25714285714286,False,False,False,True,False,False,False,False,False,False,False,True,False,False,False,False,False,False,False,True,False,False,False,False
120.0,2.6,29.98,5.0,25.0,False,False,False,False,False,False,False,False,False,True,False,True,False,False,False,False,False,False,False,True,False,False,False,False
47.0,1.2,31.0,18.0,23.404255319148938,False,True,False,False,False,False,False,False,False,False,False,True,False,False,False,False,False,False,False,True,False,False,False,False
102.6,2.0,20.0,22.0,15.584795321637428,False,True,False,False,False,False,False,False,False,True,False,True,False,False,False,False,False,False,False,False,True,False,False,False
120.0,2.0,20.0,29.0,22.491666666666667,False,False,False,False,False,False,True,False,False,False,False,False,True,False,False,False,False,False,False,True,False,False,False,False
98.83,2.0,30.0,8.0,22.05807953050693,False,True,False,False,False,False,True,False,False,False,False,False,True,False,False,False,False,False,False,False,True,False,False,False
60.0,2.0,40.0,10.0,39.66666666666666,False,True,False,False,False,False,False,False,False,False,False,False,True,False,False,False,False,False,False,False,True,False,False,False
130.0,1.5,30.0,15.0,18.453846153846158,False,False,False,True,False,False,False,False,False,True,False,True,False,False,False,False,False,False,False,True,False,False,False,False
143.0,2.25,50.0,14.0,26.223776223776223,False,False,False,True,False,False,False,False,False,False,False,True,False,False,False,False,False,False,False,False,True,False,False,False
50.0,2.5,30.0,15.0,24.0,False,True,False,False,False,False,True,False,False,False,False,True,False,False,True,False,False,False,False,True,False,False,False,False
90.0,2.0,40.0,21.0,20.0,False,True,False,False,False,False,False,False,False,True,False,True,False,False,False,False,False,False,False,False,True,False,False,False
40.0,1.6,30.0,13.0,20.5,False,True,False,False,False,False,True,False,False,False,False,True,False,False,False,False,False,False,False,True,False,False,False,False
42.72,2.0,23.0,26.0,21.06741573033708,False,True,False,False,False,False,False,False,False,True,False,True,False,False,False,False,False,False,False,True,False,False,False,False
176.0,2.5,30.0,21.0,29.545454545454547,False,False,False,False,False,False,False,False,False,False,False,True,False,False,False,False,False,False,False,True,False,False,False,False
133.0,1.2,31.0,18.0,12.526315789473683,False,True,False,False,False,False,False,False,False,True,False,True,False,False,False,False,False,False,False,False,True,False,False,False
137.54,1.2,30.0,6.0,5.816489748436819,False,False,False,False,False,True,False,False,True,False,False,False,True,False,False,False,False,False,False,True,False,False,False,False
35.0,2.3,30.0,16.0,42.285714285714285,False,False,True,False,False,False,False,False,False,True,False,True,False,False,False,False,False,False,False,True,False,False,False,False
35.0,1.74,32.0,12.0,25.714285714285715,False,False,False,False,False,True,False,False,False,True,False,False,True,False,False,False,False,False,True,False,False,False,False,False
92.51,1.7,30.0,25.0,21.619284401686304,False,False,False,False,False,True,False,False,False,False,False,True,False,False,False,False,False,False,False,True,False,False,False,False
45.0,1.8,30.0,28.0,15.555555555555555,False,True,False,False,False,False,True,False,False,False,False,True,False,False,False,False,False,False,False,True,False,False,False,False
150.0,2.0,30.0,16.0,25.0,False,False,False,True,False,False,False,False,False,True,False,False,True,False,False,False,False,False,False,False,True,False,False,False
128.0,2.0,31.0,22.0,12.5,False,True,False,False,False,False,True,False,False,False,False,True,False,False,False,False,False,False,False,False,True,False,False,False
89.0,2.5,30.0,5.0,16.853932584269664,False,True,False,False,False,False,False,False,False,True,False,True,False,False,False,False,False,False,False,False,True,False,False,False
72.0,1.5,30.0,11.0,20.83333333333333,False,False,True,False,False,False,False,False,False,False,True,False,False,False,False,False,False,False,True,False,False,False,False,False
105.0,2.15,30.0,5.0,23.80952380952381,False,True,False,False,False,False,True,False,False,False,False,True,False,False,False,False,False,False,False,False,True,False,False,False
88.1,1.5,24.0,28.0,18.161180476730987,False,True,False,False,False,False,False,False,False,False,False,True,False,False,False,False,False,False,False,True,False,False,False,False
143.0,1.5,30.0,11.0,22.377622377622377,False,False,False,False,False,False,False,False,False,True,False,True,False,False,False,False,False,False,False,True,False,False,False,False
150.0,1.2,20.0,31.0,13.333333333333334,False,False,False,True,False,False,False,False,False,False,False,True,False,False,False,False,False,False,False,True,False,False,False,False
53.0,2.5,30.0,22.0,22.641509433962263,False,False,False,False,False,True,False,False,False,False,False,True,False,False,True,False,False,False,False,True,False,False,False,False
127.0,1.8,30.0,6.0,17.322834645669293,False,False,False,False,False,True,True,False,False,False,False,True,False,False,False,False,False,False,False,True,False,False,False,False
92.99,1.5,26.0,18.0,16.13076674911281,False,True,False,False,False,False,False,False,False,True,False,True,False,False,False,False,False,False,False,True,False,False,False,False
133.0,2.0,20.0,29.0,21.05263157894737,False,False,False,False,False,False,True,False,False,False,False,True,False,False,False,False,False,False,False,False,True,False,False,False
279.6403240575057,0.5,50.0,17.0,24.350649350649352,False,False,False,False,False,False,False,False,True,False,False,True,False,True,False,False,False,False,False,False,True,False,False,False
117.0,2.0,30.0,11.0,19.23076923076923,True,False,False,False,False,False,False,False,False,False,False,True,False,False,False,False,False,False,False,True,False,False,False,False
134.0,1.2,25.0,17.0,18.65671641791045,False,True,False,False,False,False,False,False,False,True,False,True,False,False,False,False,False,False,False,False,True,False,False,False
59.95,2.0,30.0,28.0,26.68890742285237,False,True,False,False,False,False,False,False,False,True,False,False,True,False,False,False,False,False,False,True,False,False,False,False
219.03,2.5,35.0,38.0,20.54513080399945,False,True,False,False,False,False,False,False,False,True,False,True,False,False,False,False,False,False,False,True,False,False,False,False
120.0,2.0,30.0,10.0,20.83333333333333,False,True,False,False,False,False,False,False,False,True,False,False,True,False,False,False,False,False,False,False,True,False,False,False
60.0,1.5,30.0,6.0,14.983333333333333,False,False,False,False,False,True,False,False,False,False,False,True,False,False,False,False,False,False,False,True,False,False,False,False
43.0,2.49,19.6,11.0,25.58139534883721,False,False,False,False,False,False,True,False,False,False,False,True,False,False,False,False,False,False,False,False,True,False,False,False
108.0,1.2,31.0,18.0,16.555555555555557,False,True,False,False,False,False,True,False,False,False,False,True,False,False,False,False,False,False,False,False,True,False,False,False
171.0,2.0,30.0,21.0,25.14619883040936,False,False,False,False,False,False,True,False,False,False,False,True,False,False,False,False,False,False,False,False,True,False,False,False
85.0,2.5,30.0,5.0,21.176470588235293,False,False,False,False,False,True,False,False,False,True,False,False,True,False,False,False,False,False,False,True,False,False,False,False
29.05,2.5,30.0,22.0,30.6368330464716,False,True,False,False,False,False,False,False,False,True,False,False,True,False,False,False,False,False,False,True,False,False,False,False
128.0,2.0,25.0,25.0,18.7421875,False,True,False,False,False,False,True,False,False,False,False,True,False,False,False,False,False,False,False,False,True,False,False,False
118.19,1.3,30.0,11.0,16.921905406548778,False,False,False,False,False,True,False,False,False,True,False,True,False,False,False,False,False,False,False,False,True,False,False,False
98.74,2.0,27.0,46.0,12.132874215110393,False,True,False,False,False,False,False,False,False,False,False,True,False,False,False,False,False,False,False,False,True,False,False,False
1.0,0.5,50.0,6.0,8888.0,False,False,False,False,False,False,True,False,False,False,False,False,True,True,False,False,False,False,False,True,False,False,False,False
110.0,1.5,25.0,7.0,23.63636363636364,False,True,False,False,False,False,False,False,False,False,False,False,True,False,False,False,False,False,False,False,True,False,False,False
89.0,1.57,30.0,6.0,15.730337078651685,False,True,False,False,False,False,False,False,False,False,False,True,False,False,False,False,False,False,False,True,False,False,False,False
117.0,2.0,30.0,4.0,34.18803418803419,False,True,False,False,False,False,False,False,False,False,False,True,False,False,False,False,False,False,False,False,True,False,False,False
115.0,2.4,15.0,4.0,22.608695652173918,False,True,False,False,False,False,True,False,False,False,False,True,False,False,False,False,False,False,False,True,False,False,False,False
96.0,2.0,30.0,18.0,13.541666666666666,False,False,False,False,False,False,True,False,False,False,False,False,True,False,False,False,False,False,False,True,False,False,False,False
40.2,1.5,30.0,17.0,19.90049751243781,False,True,False,False,False,False,True,False,False,False,False,True,False,False,False,False,False,False,False,False,True,False,False,False
66.0,1.7,25.0,7.0,12.106060606060606,False,True,False,False,False,False,False,False,False,False,False,False,True,False,False,False,False,False,False,True,False,False,False,False
89.0,1.43,30.0,12.0,18.53932584269663,False,False,False,False,False,True,False,False,False,True,False,False,True,False,False,False,False,False,False,True,False,False,False,False
87.51,1.43,30.0,12.0,17.14089818306479,False,False,False,False,False,True,False,False,False,False,False,True,False,False,False,False,False,False,False,True,False,False,False,False
40.0,1.8,20.0,6.0,19.975,False,True,False,False,False,False,True,False,False,False,False,True,False,False,False,False,False,False,False,True,False,False,False,False
143.81,2.77,25.0,13.0,22.251581948404144,False,True,False,False,False,False,False,False,False,True,False,True,False,False,False,False,False,False,False,False,True,False,False,False
124.5,1.2,31.0,18.0,12.048192771084338,False,True,False,False,False,False,False,False,False,True,False,True,False,False,False,False,False,False,False,True,False,False,False,False
89.0,2.0,30.0,6.0,21.34831460674157,False,False,False,False,False,True,False,False,False,True,False,True,False,False,False,False,False,False,False,False,True,False,False,False
90.0,1.5,30.0,8.0,22.0,False,True,False,False,False,False,True,False,False,False,False,False,True,False,False,False,False,False,False,True,False,False,False,False
135.0,1.5,30.0,4.0,25.77777777777778,False,True,False,False,False,False,False,False,False,True,False,True,False,False,False,False,False,False,False,False,True,False,False,False
55.0,2.5,22.0,26.0,18.181818181818183,False,True,False,False,False,False,False,False,True,False,False,True,False,False,False,False,False,False,False,False,True,False,False,False
100.0,1.2,20.0,31.0,16.8,False,True,False,False,False,False,False,False,False,False,False,True,False,False,False,False,False,False,False,False,True,False,False,False
106.0,2.0,30.0,3.0,29.056603773584907,False,False,False,False,False,True,False,False,False,True,False,False,True,False,False,False,False,False,False,False,True,False,False,False
130.0,1.5,30.0,11.0,19.23076923076923,False,False,False,False,False,False,False,False,False,True,False,True,False,False,False,False,False,False,False,True,False,False,False,False
88.1,1.5,24.0,28.0,18.161180476730987,False,True,False,False,False,False,True,False,False,False,False,True,False,False,False,False,False,False,False,False,True,False,False,False
130.0,2.0,30.0,11.0,17.307692307692307,False,False,False,False,False,False,False,False,False,True,False,True,False,False,False,False,False,False,False,True,False,False,False,False
52.0,4.0,10.0,16.0,17.307692307692307,False,True,False,False,False,False,False,False,False,True,False,True,False,False,False,False,False,False,False,False,True,False,False,False
138.26,4.7,20.0,13.0,15.912049761319254,False,False,False,False,False,True,False,False,False,True,False,True,False,False,False,False,False,False,False,True,False,False,False,False
75.0,1.2,20.0,31.0,18.0,False,True,False,False,False,False,True,False,False,False,False,False,True,False,False,False,False,False,False,False,True,False,False,False
110.0,3.0,30.0,4.0,24.545454545454547,False,True,False,False,False,False,False,False,False,False,False,True,False,False,False,False,False,False,False,False,True,False,False,False
91.0,1.5,26.0,18.0,15.384615384615383,False,True,False,False,False,False,False,False,False,True,False,True,False,False,False,False,False,False,False,True,False,False,False,False
60.0,2.5,30.0,26.0,11.65,False,False,False,False,False,True,False,False,False,True,False,True,False,False,False,False,False,False,False,True,False,False,False,False
138.0,2.5,30.0,5.0,32.608695652173914,False,False,False,False,False,False,False,False,False,True,False,False,True,False,False,False,False,False,False,False,True,False,False,False
130.0,1.5,30.0,11.0,20.0,False,False,False,False,False,False,False,False,False,False,False,True,False,False,False,False,False,False,False,True,False,False,False,False
89.0,1.8,30.0,3.0,24.719101123595507,False,True,False,False,False,False,True,False,False,False,False,False,True,False,False,False,False,False,False,True,False,False,False,False
116.0,2.5,30.0,11.0,29.310344827586206,False,False,False,False,False,False,True,False,False,False,False,True,False,False,False,False,False,False,False,True,False,False,False,False
30.0,2.0,30.0,11.0,21.666666666666668,False,False,False,True,False,False,True,False,False,False,False,True,False,False,False,False,False,False,False,False,True,False,False,False
180.18,1.5,30.0,21.0,13.875013875013874,False,False,False,False,False,True,False,False,False,True,False,True,False,False,False,False,False,False,False,True,False,False,False,False
32.0,3.08,30.0,10.0,31.25,False,False,False,False,False,False,True,False,False,False,False,True,False,False,False,False,True,False,False,False,False,False,False,False
35.0,2.0,30.0,26.0,25.685714285714287,False,False,False,False,False,False,False,False,False,False,False,False,True,False,False,False,False,False,False,True,False,False,False,False
102.0,2.0,40.0,21.0,18.137254901960784,False,True,False,False,False,False,False,False,False,True,False,True,False,False,False,False,False,False,False,True,False,False,False,False
169.0,2.0,30.0,16.0,34.31360946745562,False,False,False,True,False,False,False,False,False,False,False,True,False,False,False,False,False,False,False,True,False,False,False,False
52.5,1.2,30.0,22.0,22.857142857142858,False,True,False,False,False,False,True,False,False,False,False,True,False,False,False,False,False,False,True,False,False,False,False,False
153.0,1.2,31.0,18.0,16.33986928104575,False,True,False,False,False,False,True,False,False,False,False,False,True,False,False,False,False,False,False,True,False,False,False,False
89.0,2.45,32.0,5.0,33.70786516853933,False,False,False,False,False,False,True,False,False,False,False,True,False,False,False,False,False,False,False,False,True,False,False,False
130.0,2.5,30.0,11.0,27.692307692307693,False,False,False,False,False,False,False,False,False,False,False,True,False,False,False,False,False,False,False,False,True,False,False,False
133.0,1.8,30.0,21.0,16.541353383458645,False,False,False,False,False,True,True,False,False,False,False,True,False,False,False,False,False,False,False,False,True,False,False,False
240.0,1.4,32.0,15.0,39.579166666666666,False,False,False,True,False,False,False,False,False,False,False,False,True,False,False,False,False,False,False,True,False,False,False,False
143.0,1.2,30.0,24.0,16.433566433566433,True,False,False,False,False,False,False,False,True,False,False,True,False,False,False,False,False,False,False,True,False,False,False,False
89.0,2.0,30.0,10.0,14.606741573033707,False,True,False,False,False,False,True,False,False,False,False,True,False,False,False,False,False,False,False,False,True,False,False,False
49.94,1.5,20.0,29.0,28.01361633960753,False,True,False,False,False,False,False,False,False,False,False,True,False,False,False,False,False,False,False,True,False,False,False,False
87.0,2.0,30.0,15.0,17.24137931034483,False,True,False,False,False,False,False,False,False,False,False,True,False,False,False,False,False,False,False,False,True,False,False,False
80.0,2.5,30.0,5.0,22.5,False,False,False,False,False,True,False,False,False,True,False,True,False,False,False,False,False,False,False,False,True,False,False,False
106.0,1.9,25.0,4.0,28.29245283018868,False,False,False,False,False,False,False,False,False,False,False,True,False,False,False,False,False,False,False,True,False,False,False,False
140.0,2.5,30.0,9.0,15.471428571428572,False,False,False,False,True,False,True,False,False,False,True,False,False,False,False,False,False,False,False,True,False,False,False,False
122.0,1.2,27.0,36.0,24.59016393442623,False,True,False,False,False,False,False,False,False,False,False,True,False,False,False,False,False,False,False,False,True,False,False,False
98.0,1.8,30.0,3.0,25.51020408163265,False,True,False,False,False,False,False,False,False,True,False,False,True,False,False,False,False,False,False,True,False,False,False,False
167.0,2.0,30.0,26.0,16.766467065868262,False,False,False,False,False,False,False,False,False,False,False,True,False,False,False,False,False,False,False,False,True,False,False,False
110.0,2.5,30.0,10.0,20.0,False,False,False,False,False,True,False,False,False,True,False,True,False,False,False,False,False,False,False,True,False,False,False,False
130.0,2.0,30.0,15.0,23.06923076923077,False,False,False,True,False,False,False,False,False,True,False,True,False,False,False,False,False,False,False,True,False,False,False,False
240.0,2.0,30.0,21.0,9.833333333333334,False,True,False,False,False,False,False,False,False,True,False,False,True,False,False,False,False,False,False,False,True,False,False,False
138.0,2.0,30.0,21.0,18.84057971014493,False,False,False,False,False,False,False,False,False,False,False,True,False,False,False,False,False,False,False,False,True,False,False,False
89.0,2.0,30.0,11.0,7.865168539325842,False,False,False,False,False,True,False,False,True,False,False,False,True,False,False,False,False,False,False,True,False,False,False,False
90.12,1.34,35.0,16.0,23.0803373280071,False,True,False,False,False,False,True,False,False,False,False,False,True,False,False,False,False,False,False,True,False,False,False,False
100.23,1.6,30.0,13.0,19.9541055572184,False,True,False,False,False,False,False,False,False,False,False,True,False,False,False,False,False,False,False,False,True,False,False,False
89.49,1.8,30.0,28.0,17.655603978098114,False,True,False,False,False,False,False,False,False,True,False,True,False,False,False,False,True,False,False,False,False,False,False,False
41.35,1.5,25.0,13.0,26.60217654171705,False,True,False,False,False,False,False,False,False,False,False,True,False,False,False,False,False,False,True,False,False,False,False,False
92.0,2.4,30.0,8.0,32.608695652173914,False,True,False,False,False,False,False,False,False,False,False,True,False,False,False,False,False,False,False,True,False,False,False,False
86.0,1.6,30.0,9.0,22.093023255813957,False,True,False,False,False,False,False,False,False,True,False,True,False,False,False,False,False,False,False,False,True,False,False,False
93.0,3.0,30.0,26.0,20.21505376344086,True,False,False,False,False,False,False,False,False,False,False,True,False,False,False,False,False,False,False,True,False,False,False,False
70.0,2.0,30.0,11.0,14.271428571428572,False,False,False,True,False,False,False,False,True,False,True,False,False,False,False,False,False,False,False,True,False,False,False,False
88.77,2.0,30.0,16.0,25.90965416244227,False,False,False,False,False,True,False,False,False,False,False,False,True,False,False,False,False,False,False,True,False,False,False,False
155.0,2.0,30.0,14.0,16.767741935483873,False,False,False,False,False,False,False,False,False,False,False,True,False,False,False,False,False,False,False,False,True,False,False,False
98.0,2.15,30.0,5.0,27.551020408163264,False,True,False,False,False,False,False,False,False,True,False,True,False,False,False,False,False,False,False,False,True,False,False,False
142.0,2.0,30.0,10.0,17.6056338028169,False,False,False,False,False,False,False,False,False,False,False,True,False,False,False,False,False,False,False,False,True,False,False,False
95.0,1.2,28.0,24.0,16.842105263157894,False,True,False,False,False,False,False,False,False,False,False,True,False,False,False,False,False,False,False,False,True,False,False,False
38.0,1.8,30.0,23.0,36.8421052631579,False,False,False,False,False,True,False,False,False,False,False,True,False,False,False,False,False,False,False,True,False,False,False,False
89.0,1.5,30.0,31.0,17.84269662921348,False,True,False,False,False,False,False,False,False,True,False,False,True,False,False,False,False,False,False,False,True,False,False,False
154.0,2.0,30.0,26.0,20.12987012987013,False,False,False,False,False,False,True,False,False,False,True,False,False,False,False,False,False,False,False,True,False,False,False,False
131.0,2.8,30.0,6.0,25.19083969465649,False,False,False,False,False,False,False,False,False,True,False,True,False,False,False,False,False,False,False,False,True,False,False,False
118.0,1.2,30.1,12.0,22.033898305084747,False,True,False,False,False,False,False,False,False,True,False,True,False,False,False,False,False,False,False,False,True,False,False,False
100.46,1.38,35.0,19.0,19.908421262193908,False,False,False,False,False,True,True,False,False,False,False,True,False,False,False,False,False,False,False,True,False,False,False,False
93.0,2.5,30.0,21.0,16.129032258064516,False,False,False,False,False,False,False,False,False,False,False,True,False,False,True,False,False,False,False,False,True,False,False,False
164.0,2.0,35.0,19.0,25.60975609756097,False,False,False,False,False,True,False,False,True,False,False,True,False,False,False,False,False,False,False,False,False,False,False,False
65.0,1.9,26.0,23.0,16.923076923076923,False,True,False,False,False,False,False,False,False,True,False,True,False,False,False,False,False,False,False,False,True,False,False,False
128.0,2.0,30.0,12.0,17.578125,True,False,False,False,False,False,False,False,False,False,False,True,False,False,False,False,False,False,False,True,False,False,False,False
40.0,1.2,30.0,26.0,34.975,False,False,False,True,False,False,False,False,False,False,False,True,False,False,False,False,False,False,False,True,False,False,False,False
200.0,0.5,35.0,19.0,15.0,False,False,False,False,False,True,False,False,True,False,False,True,False,True,False,False,False,False,False,True,False,False,False,False
100.0,1.5,25.0,19.0,18.0,False,True,False,False,False,False,True,False,False,False,False,False,True,False,False,False,False,False,False,True,False,False,False,False
75.0,2.5,30.0,6.0,22.666666666666668,False,False,False,True,False,False,False,False,True,False,False,True,False,False,False,False,False,False,False,False,True,False,False,False
40.0,2.5,30.0,20.0,21.25,False,False,False,False,False,False,False,False,False,True,False,False,True,False,False,False,False,False,False,False,True,False,False,False
142.0,2.0,38.0,15.0,17.6056338028169,True,False,False,False,False,False,False,False,False,True,False,True,False,False,False,False,False,False,False,True,False,False,False,False
100.0,2.0,30.0,26.0,21.99,False,False,False,True,False,False,False,False,True,False,False,False,True,False,True,False,False,False,False,False,True,False,False,False
135.0,2.5,30.0,24.0,21.48148148148148,False,False,False,False,False,False,False,False,False,False,False,True,False,False,False,False,False,False,False,False,True,False,False,False
116.0,2.5,30.0,26.0,28.73275862068965,False,False,False,True,False,False,False,False,False,True,False,True,False,False,False,False,False,False,False,False,True,False,False,False
46.71,1.5,30.0,17.0,27.617212588310853,False,True,False,False,False,False,False,False,False,True,False,True,False,False,False,False,False,False,False,False,True,False,False,False
42.0,2.0,20.0,19.0,21.428571428571427,False,True,False,False,False,False,False,False,False,True,False,True,False,False,True,False,False,False,True,False,False,False,False,False
58.0,2.5,30.0,10.0,24.13793103448276,True,False,False,False,False,False,False,False,False,False,False,True,False,False,False,False,False,False,False,True,False,False,False,False
99.0,2.0,30.0,14.0,25.252525252525253,False,False,False,False,False,False,False,False,False,False,False,True,False,False,False,False,False,False,False,False,True,False,False,False
53.0,1.2,30.0,28.0,22.641509433962263,False,True,False,False,False,False,False,False,False,False,False,True,False,False,False,False,False,False,False,False,False,True,False,False
42.0,1.2,30.0,22.0,19.047619047619047,False,True,False,False,False,False,True,False,False,False,False,False,True,False,False,False,False,False,False,False,True,False,False,False
65.0,1.9,26.0,23.0,23.07692307692308,False,True,False,False,False,False,False,False,False,True,False,True,False,False,False,False,False,False,False,False,False,False,False,False
60.0,2.5,30.0,11.0,38.333333333333336,False,False,False,True,False,False,False,False,False,True,True,False,False,False,False,False,False,False,False,True,False,False,False,False
45.0,2.6,30.0,7.0,28.88888888888889,False,True,False,False,False,False,False,False,False,False,False,True,False,False,False,False,False,False,False,True,False,False,False,False
99.0,2.0,30.0,21.0,33.333333333333336,False,False,False,False,False,False,True,False,False,False,False,True,False,False,False,False,False,False,False,True,False,False,False,False
46.0,2.0,30.0,26.0,13.021739130434783,False,True,False,False,False,False,True,False,False,False,False,True,False,True,False,False,False,False,False,True,False,False,False,False
120.0,2.5,30.0,9.0,23.325,False,False,False,False,False,False,True,False,False,False,False,False,True,False,False,False,False,False,False,False,True,False,False,False
130.0,2.5,30.0,6.0,23.838461538461537,False,False,False,True,False,False,False,False,False,False,False,True,False,False,False,False,False,False,False,True,False,False,False,False
130.0,2.0,30.0,22.0,19.223076923076924,False,False,False,True,False,False,True,False,False,False,False,True,False,False,False,False,False,False,False,True,False,False,False,False
96.0,1.9,35.0,4.0,19.791666666666668,False,False,False,False,False,True,False,False,False,False,False,False,True,False,False,False,False,False,False,True,False,False,False,False
86.0,2.0,30.0,2.0,22.093023255813957,False,False,False,False,False,True,False,False,False,True,False,True,False,False,False,False,False,False,False,True,False,False,False,False
110.0,1.5,25.0,7.0,23.63636363636364,False,True,False,False,False,False,False,False,False,False,False,False,True,False,False,False,False,False,False,False,True,False,False,False
148.0,2.0,30.0,16.0,14.18918918918919,False,False,False,False,False,False,False,False,False,False,False,True,False,False,False,False,False,False,False,False,True,False,False,False
200.85,1.8,30.0,28.0,18.91959173512572,False,True,False,False,False,False,False,False,False,True,False,False,True,False,False,False,False,False,False,False,True,False,False,False
115.0,2.5,30.0,26.0,28.017391304347825,False,False,False,True,False,False,True,False,False,False,False,False,True,False,False,False,False,False,False,True,False,False,False,False
144.0,2.5,30.0,11.0,17.354166666666668,False,True,False,False,False,False,False,False,False,True,False,True,False,False,False,False,False,False,False,True,False,False,False,False
40.0,2.5,30.0,12.0,27.5,False,True,False,False,False,False,False,False,False,False,False,True,False,False,True,False,False,False,False,False,True,False,False,False
135.0,2.5,30.0,11.0,22.20740740740741,False,False,False,True,False,False,False,False,False,True,False,True,False,False,False,False,False,False,False,True,False,False,False,False
87.0,1.6,25.0,7.0,20.689655172413797,False,False,False,False,False,True,False,False,False,False,False,True,False,False,False,False,False,False,False,True,False,False,False,False
110.0,1.5,30.0,8.0,22.727272727272727,False,True,False,False,False,False,True,False,False,False,False,True,False,False,False,False,False,False,False,False,True,False,False,False
115.0,2.5,20.0,27.0,18.25217391304348,False,False,False,True,False,False,False,False,True,False,False,True,False,False,False,False,False,False,False,True,False,False,False,False
160.48,1.1,27.0,32.0,16.824526420737786,False,True,False,False,False,False,False,False,False,True,False,True,False,False,False,False,False,False,False,True,False,False,False,False
141.0,2.0,30.0,11.0,18.865248226950357,False,False,False,False,False,False,False,False,False,False,False,True,False,False,False,False,True,False,False,False,False,False,False,False
103.0,4.7,20.0,13.0,19.41747572815534,False,False,False,False,False,True,False,False,False,False,False,True,False,False,False,False,False,False,False,True,False,False,False,False
57.0,2.0,30.0,5.0,33.333333333333336,False,False,False,False,False,False,True,False,False,False,False,True,False,False,True,False,True,False,False,False,False,False,False,False
30.0,0.5,30.0,26.0,33.333333333333336,False,False,False,False,False,False,True,False,False,False,False,True,False,False,False,False,False,False,False,True,False,False,False,False
128.0,2.0,30.0,6.0,23.4375,False,False,False,False,False,True,True,False,False,False,False,False,True,False,False,False,False,False,False,True,False,False,False,False
77.13,2.0,27.0,46.0,18.799429534552058,False,True,False,False,False,False,False,False,False,False,False,True,False,False,False,False,False,False,False,False,True,False,False,False
89.0,1.5,30.0,24.0,16.853932584269664,False,True,False,False,False,False,False,False,False,False,False,True,False,False,False,False,False,False,False,True,False,False,False,False
108.0,2.5,30.0,7.0,20.37037037037037,False,True,False,False,False,False,False,False,False,True,False,True,False,False,False,False,False,False,False,False,True,False,False,False
132.0,3.8,30.0,8.0,28.78030303030303,False,False,False,False,False,False,False,False,False,True,False,True,False,False,True,False,False,False,False,True,False,False,False,False
146.84,2.0,30.0,18.0,15.663307000817216,False,False,False,False,False,False,False,False,True,False,False,True,False,False,False,False,False,False,False,False,True,False,False,False
89.97,1.7,30.0,11.0,23.34111370456819,False,True,False,False,False,False,False,False,False,True,False,True,False,False,False,False,False,False,False,False,True,False,False,False
133.0,2.0,30.0,21.0,17.293233082706767,False,False,False,False,False,False,True,False,False,False,False,True,False,False,False,False,False,False,False,True,False,False,False,False
99.0,1.5,25.0,19.0,16.161616161616163,False,True,False,False,False,False,False,False,False,False,False,True,False,False,False,False,False,False,False,True,False,False,False,False
89.0,1.5,30.0,17.0,23.59550561797753,False,True,False,False,False,False,True,False,False,False,False,True,False,False,False,False,False,False,False,False,True,False,False,False
108.0,2.5,30.0,22.0,23.14814814814815,False,True,False,False,False,False,True,False,False,False,False,False,True,False,False,False,False,False,False,False,True,False,False,False
118.0,1.6,30.0,13.0,19.491525423728813,False,True,False,False,False,False,False,False,False,False,False,True,False,False,False,False,False,False,False,True,False,False,False,False
89.0,1.74,32.0,12.0,19.10112359550562,False,False,False,False,False,True,True,False,False,False,False,True,False,False,False,False,False,False,False,False,True,False,False,False
133.0,2.4,30.0,8.0,28.571428571428573,False,True,False,False,False,False,False,False,False,False,False,False,True,False,False,False,False,False,False,True,False,False,False,False
100.0,2.5,30.0,16.0,20.0,False,False,False,True,False,False,False,False,True,False,False,True,False,False,False,False,False,False,False,True,False,False,False,False
98.0,2.5,30.0,3.0,22.43877551020408,False,False,False,False,False,True,True,False,False,False,False,True,False,False,False,False,False,False,False,False,True,False,False,False
125.08,2.0,40.0,21.0,17.588743204349218,False,True,False,False,False,False,False,False,False,True,False,True,False,False,False,False,False,False,False,False,True,False,False,False
122.0,1.8,30.0,5.0,28.688524590163933,False,True,False,False,False,False,False,False,False,False,False,False,True,False,False,False,False,False,False,False,True,False,False,False
90.0,2.0,30.0,22.0,38.888888888888886,False,False,False,True,False,False,True,False,False,False,False,True,False,False,False,False,False,False,False,False,True,False,False,False
106.0,2.5,30.0,26.0,7.537735849056604,False,False,False,True,False,False,False,False,False,False,False,True,False,False,False,False,False,False,False,True,False,False,False,False
127.0,2.5,30.0,9.0,23.614173228346456,False,False,False,False,False,False,True,False,False,False,False,False,True,False,False,False,False,False,False,False,True,False,False,False
89.0,2.0,30.0,11.0,28.08988764044944,False,True,False,False,False,False,False,False,False,True,False,True,False,False,False,False,False,False,False,False,True,False,False,False
124.0,2.8,30.0,6.0,16.129032258064516,False,False,False,False,False,False,False,False,False,True,False,True,False,False,False,False,False,False,False,False,True,False,False,False
103.0,2.5,30.0,4.0,14.553398058252426,False,False,False,False,False,True,False,False,False,False,False,False,True,False,False,False,False,False,False,False,True,False,False,False
28.0,2.0,30.0,5.0,35.67857142857143,False,False,False,False,False,False,True,False,False,False,False,True,False,False,True,False,False,False,False,True,False,False,False,False
108.0,1.5,30.0,4.0,25.925925925925927,False,True,False,False,False,False,True,False,False,False,False,True,False,False,False,False,False,False,False,True,False,False,False,False
25.0,2.0,30.0,18.0,34.0,False,False,False,True,False,False,False,False,False,False,False,True,False,False,False,False,False,False,False,True,False,False,False,False
106.0,1.9,25.0,4.0,25.471698113207548,False,False,False,False,False,False,True,False,False,False,False,True,False,False,False,False,False,False,False,True,False,False,False,False
165.0,0.5,35.0,19.0,17.672727272727272,False,False,False,False,False,True,False,False,True,False,False,True,False,True,False,False,False,False,False,True,False,False,False,False
88.96,2.0,30.0,16.0,20.23381294964029,False,False,False,False,False,True,False,False,False,False,False,True,False,False,False,False,False,False,False,True,False,False,False,False
77.0,3.0,30.0,5.0,31.16883116883117,False,False,False,False,False,False,False,False,False,False,False,False,True,False,False,False,False,False,False,True,False,False,False,False
118.0,2.5,30.0,5.0,16.949152542372882,False,False,False,False,False,True,False,False,False,False,False,True,False,False,False,False,False,False,False,True,False,False,False,False
40.0,2.5,30.0,11.0,22.475,False,False,False,False,False,False,False,False,False,True,False,False,True,False,False,False,False,False,False,True,False,False,False,False
85.0,2.5,30.0,5.0,23.51764705882353,False,False,False,False,False,True,False,False,False,True,False,True,False,False,False,False,False,False,False,True,False,False,False,False
97.54,2.0,35.1,16.0,18.248923518556488,False,True,False,False,False,False,False,False,False,False,False,True,False,False,False,False,False,False,False,False,True,False,False,False
70.0,0.5,30.0,26.0,21.257142857142856,False,True,False,False,False,False,False,False,False,False,False,True,False,False,False,False,False,False,False,True,False,False,False,False
42.72,2.0,23.0,26.0,22.94007490636704,False,True,False,False,False,False,False,False,False,False,False,True,False,False,False,False,False,False,False,False,True,False,False,False
55.0,2.4,30.0,8.0,14.527272727272727,False,True,False,False,False,False,False,False,False,True,False,True,False,False,False,False,False,False,False,True,False,False,False,False
47.0,2.0,30.0,15.0,26.595744680851062,True,False,False,False,False,False,False,False,False,False,False,True,False,False,False,False,False,False,False,True,False,False,False,False
91.74,2.77,25.0,13.0,30.52103771528232,False,True,False,False,False,False,False,False,False,True,False,False,True,False,False,False,False,False,False,False,True,False,False,False
40.0,1.82,31.0,21.0,19.975,False,True,False,False,False,False,True,False,False,False,False,True,False,False,False,False,False,False,False,True,False,False,False,False
56.0,2.5,30.0,8.0,26.785714285714285,False,False,False,False,False,True,True,False,False,False,False,False,True,False,False,False,False,False,False,True,False,False,False,False
32.0,3.8,30.0,8.0,23.4375,False,False,False,False,False,False,False,False,True,False,False,True,False,False,True,False,False,False,False,False,True,False,False,False
45.46,2.0,23.0,26.0,17.59788825340959,False,True,False,False,False,False,False,False,False,False,False,True,False,False,False,False,False,False,False,True,False,False,False,False
90.33,1.4,30.0,10.0,13.28462304882099,False,True,False,False,False,False,False,False,False,True,False,True,False,False,False,False,False,False,False,True,False,False,False,False
180.0,2.5,30.0,21.0,25.0,False,False,False,True,False,False,True,False,False,False,False,True,False,False,False,False,False,False,False,True,False,False,False,False
56.97,2.0,30.0,15.0,21.063717746182203,False,True,False,False,False,False,False,False,False,True,False,True,False,False,False,False,False,False,False,False,True,False,False,False
30.0,1.2,30.0,26.0,26.666666666666668,False,False,False,True,False,False,True,False,False,False,False,True,False,False,False,False,False,False,False,True,False,False,False,False
60.0,2.0,30.0,28.0,21.666666666666668,False,True,False,False,False,False,False,False,False,True,False,True,False,False,False,False,False,False,False,True,False,False,False,False
80.0,1.3,28.0,15.0,25.0,False,True,False,False,False,False,True,False,False,False,False,True,False,False,False,False,False,False,False,False,True,False,False,False
40.0,1.2,30.0,26.0,16.25,False,True,False,False,False,False,False,False,False,True,False,True,False,False,False,False,False,False,False,True,False,False,False,False
60.0,1.2,30.0,16.0,11.65,False,True,False,False,False,False,True,False,False,False,False,True,False,False,False,False,False,False,False,True,False,False,False,False
126.0,2.0,30.0,5.0,23.67460317460317,False,False,False,False,True,False,True,False,False,False,True,False,False,False,False,False,False,False,False,True,False,False,False,False
35.0,1.2,30.0,26.0,27.714285714285715,False,False,False,True,False,False,False,False,False,False,False,False,True,False,False,False,False,False,False,True,False,False,False,False
91.0,2.4,30.0,8.0,32.967032967032964,False,True,False,False,False,False,True,False,False,False,False,False,True,False,False,False,False,False,False,False,True,False,False,False
50.0,2.5,30.0,22.0,22.0,False,True,False,False,False,False,False,False,False,False,False,True,False,False,False,False,False,False,False,True,False,False,False,False
91.52,2.0,30.2,28.0,6.446678321678322,False,True,False,False,False,False,False,False,True,False,False,True,False,False,False,False,False,False,False,True,False,False,False,False
86.28,2.4,30.0,12.0,20.86230876216968,False,True,False,False,False,False,False,False,False,False,True,False,False,False,False,False,False,False,False,False,True,False,False,False
89.0,1.6,30.0,17.0,20.2247191011236,False,True,False,False,False,False,True,False,False,False,False,True,False,False,False,False,False,False,False,True,False,False,False,False
86.0,2.0,30.0,2.0,22.093023255813957,False,False,False,False,False,True,False,False,False,False,False,True,False,False,False,False,False,False,False,True,False,False,False,False
89.0,2.0,30.0,12.0,17.97752808988764,False,True,False,False,False,False,False,False,False,True,False,True,False,False,False,False,False,False,False,True,False,False,False,False
36.0,2.5,30.0,11.0,27.75,False,False,False,False,False,False,False,False,False,False,True,False,False,False,False,False,True,False,False,False,False,False,False,False
73.62,1.8,30.0,14.0,22.819885900570497,False,True,False,False,False,False,False,False,False,True,False,True,False,False,False,False,False,False,False,False,False,False,True,False
86.27,2.4,30.0,12.0,19.7055755187203,False,True,False,False,False,False,False,False,False,True,False,True,False,False,False,False,False,False,False,False,True,False,False,False
86.75,1.43,30.0,12.0,17.29106628242075,False,False,False,False,False,True,True,False,False,False,False,True,False,False,False,False,False,False,False,False,False,True,False,False
123.0,1.5,30.0,11.0,21.13821138211382,False,False,False,False,False,False,True,False,False,False,False,True,False,False,False,False,False,False,False,True,False,False,False,False
116.0,2.0,31.0,15.0,19.82758620689655,True,False,False,False,False,False,False,False,False,False,False,True,False,False,False,False,False,False,False,True,False,False,False,False
143.28,2.0,30.0,11.0,18.606923506420998,False,False,False,False,False,False,False,False,False,False,False,True,False,False,False,False,False,False,False,False,True,False,False,False
108.0,1.5,30.0,6.0,20.37037037037037,False,True,False,False,False,False,True,False,False,False,False,True,False,False,False,False,False,False,False,False,True,False,False,False
86.0,2.5,30.0,5.0,32.55813953488372,False,False,False,False,False,False,False,False,False,False,False,False,True,False,False,False,False,False,False,True,False,False,False,False
89.0,1.5,30.0,31.0,20.2247191011236,False,True,False,False,False,False,False,False,False,True,False,True,False,False,False,False,False,False,False,True,False,False,False,False
80.0,2.0,30.0,3.0,22.5,False,True,False,False,False,False,False,False,False,False,False,True,False,False,False,False,False,False,False,False,True,False,False,False
110.0,2.5,30.0,22.0,20.90909090909091,False,True,False,False,False,False,False,False,False,False,False,False,True,False,False,False,False,False,False,True,False,False,False,False
30.0,2.5,30.0,26.0,26.666666666666668,False,True,False,False,False,False,False,False,False,False,False,True,False,False,False,False,False,False,False,True,False,False,False,False
39.0,2.5,30.0,27.0,33.333333333333336,False,True,False,False,False,False,False,False,False,False,False,True,False,False,False,False,False,False,False,True,False,False,False,False
125.0,1.5,30.0,24.0,14.4,False,True,False,False,False,False,False,False,False,False,False,True,False,False,False,False,False,False,False,False,True,False,False,False
50.0,2.4,15.0,4.0,15.0,False,True,False,False,False,False,False,False,False,False,False,True,False,False,False,False,False,False,False,True,False,False,False,False
90.0,1.3,38.0,12.0,27.77777777777778,False,True,False,False,False,False,True,False,False,False,False,True,False,False,False,False,False,False,False,False,True,False,False,False
120.0,2.0,30.0,20.0,14.166666666666666,False,True,False,False,False,False,False,False,False,True,False,False,True,False,False,False,False,False,False,True,False,False,False,False
108.0,2.5,30.0,8.0,23.14814814814815,False,True,False,False,False,False,False,False,False,True,False,False,True,False,False,False,False,False,False,True,False,False,False,False
40.0,1.2,30.0,22.0,15.0,False,True,False,False,False,False,False,False,False,False,False,True,False,False,False,False,False,False,False,True,False,False,False,False
85.0,2.0,30.0,11.0,22.352941176470587,True,False,False,False,False,False,False,False,False,True,False,True,False,False,False,False,False,False,False,True,False,False,False,False
89.11,2.0,30.0,18.0,26.933004152171478,False,True,False,False,False,False,True,False,False,False,False,True,False,False,False,False,False,False,False,True,False,False,False,False
99.0,1.5,30.0,23.0,15.151515151515152,False,True,False,False,False,False,False,False,True,False,False,True,False,False,False,False,False,False,False,True,False,False,False,False
137.0,2.0,30.0,8.0,23.35036496350365,False,False,False,False,False,False,False,False,False,True,False,False,True,False,False,False,False,False,False,False,True,False,False,False
133.0,2.15,30.0,5.0,28.195488721804512,False,True,False,False,False,False,True,False,False,False,False,True,False,False,False,False,False,False,False,True,False,False,False,False
88.0,1.2,31.0,18.0,18.045454545454547,False,True,False,False,False,False,False,False,False,False,False,True,False,False,False,False,False,False,False,False,True,False,False,False
50.0,2.5,30.0,21.0,16.0,False,True,False,False,False,False,True,False,False,False,False,True,False,False,False,False,False,False,False,True,False,False,False,False
42.0,2.0,30.0,18.0,26.19047619047619,False,False,False,False,False,False,False,False,False,False,False,False,True,False,False,False,False,False,False,True,False,False,False,False
130.0,1.8,30.0,14.0,23.838461538461537,False,False,False,True,False,False,True,False,False,False,False,True,False,False,False,False,False,False,False,True,False,False,False,False
125.0,2.5,20.0,31.0,14.4,True,False,False,False,False,False,False,False,False,True,False,True,False,False,False,False,False,False,False,True,False,False,False,False
46.0,2.0,30.0,21.0,27.17391304347826,False,False,False,False,False,False,True,False,False,False,False,True,False,False,False,False,False,False,False,True,False,False,False,False
240.0,1.6,35.0,16.0,52.5,False,True,False,False,False,False,False,False,True,False,False,False,True,True,False,False,False,False,False,True,False,False,False,False
90.0,2.0,30.0,22.0,33.32222222222222,False,False,False,True,False,False,True,False,False,False,False,True,False,False,False,False,False,False,False,True,False,False,False,False
106.36,1.2,30.0,26.0,7.512222640090259,False,False,False,False,False,True,False,False,False,False,False,True,False,False,False,False,False,False,False,True,False,False,False,False
100.6,2.0,30.0,15.0,15.904572564612328,False,True,False,False,False,False,False,False,False,False,False,False,True,False,False,False,False,False,False,False,True,False,False,False
78.0,2.0,30.0,7.0,25.64102564102564,False,False,False,False,False,False,False,False,False,True,False,True,False,False,False,False,False,False,False,False,True,False,False,False
30.0,1.5,30.0,5.0,19.933333333333334,False,False,False,False,False,True,False,False,True,False,False,True,False,False,True,False,False,False,False,True,False,False,False,False
38.46,1.7,30.0,18.0,26.001040041601662,False,False,False,False,False,True,False,False,False,True,False,True,False,False,False,False,False,False,True,False,False,False,False,False
100.0,2.5,30.0,5.0,30.0,False,False,False,False,False,False,False,False,False,False,False,True,False,False,False,False,False,False,False,False,True,False,False,False
115.0,1.9,35.0,4.0,24.347826086956523,False,False,False,False,False,True,False,False,False,True,False,True,False,False,False,False,False,False,False,True,False,False,False,False
85.0,1.5,30.0,24.0,21.176470588235293,False,True,False,False,False,False,False,False,False,False,False,True,False,False,False,False,False,False,False,True,False,False,False,False
106.0,1.5,20.0,31.0,19.81132075471698,False,True,False,False,False,False,True,False,False,False,False,True,False,False,False,False,False,False,False,False,True,False,False,False
100.0,2.0,30.0,6.0,30.8,False,False,False,False,False,False,True,False,False,False,False,True,False,False,False,False,False,False,False,True,False,False,False,False
129.87,1.5,30.0,21.0,13.09001309001309,False,False,False,False,False,True,False,False,False,False,False,True,False,False,False,False,False,False,False,False,True,False,False,False
86.0,1.57,30.0,6.0,18.6046511627907,False,True,False,False,False,False,False,False,False,True,False,True,False,False,False,False,False,False,False,False,True,False,False,False
90.0,2.0,20.0,31.0,16.11111111111111,False,True,False,False,False,False,False,False,False,False,False,True,False,False,False,False,False,False,False,False,True,False,False,False
67.87,1.8,28.0,24.0,22.1010755856785,False,True,False,False,False,False,False,False,False,True,False,True,False,False,False,False,False,False,False,True,False,False,False,False
60.0,2.5,30.0,15.0,21.666666666666668,False,True,False,False,False,False,False,False,False,False,False,True,False,False,True,False,False,False,False,True,False,False,False,False
126.0,2.0,31.0,22.0,17.46031746031746,False,True,False,False,False,False,True,False,False,False,False,True,False,False,False,False,False,False,False,False,True,False,False,False
86.21,2.5,25.0,12.0,15.079457139542978,False,True,False,False,False,False,False,False,False,True,False,True,False,False,False,False,False,False,False,False,True,False,False,False
89.97,2.0,30.0,15.0,23.34111370456819,False,True,False,False,False,False,True,False,False,False,False,True,False,False,False,False,False,False,False,True,False,False,False,False
35.0,2.0,30.0,16.0,31.37142857142857,False,False,False,False,False,False,False,False,False,False,False,True,False,False,False,False,False,False,False,True,False,False,False,False
138.0,1.38,35.0,19.0,15.217391304347826,False,False,False,False,False,True,False,False,False,False,False,True,False,False,False,False,False,False,False,False,True,False,False,False
108.0,1.5,25.0,28.0,16.666666666666668,False,True,False,False,False,False,True,False,False,False,False,True,False,False,False,False,False,False,False,False,True,False,False,False
87.95,2.4,30.0,12.0,19.897669130187605,False,True,False,False,False,False,False,False,False,True,False,False,True,False,False,False,False,False,False,True,False,False,False,False
52.69,2.5,30.0,19.0,20.876826722338205,False,False,False,False,False,True,True,False,False,False,False,False,True,False,False,False,False,False,False,True,False,False,False,False
30.0,2.5,20.0,22.0,28.33333333333333,False,False,False,False,False,False,False,False,False,False,False,False,True,False,False,False,False,False,False,True,False,False,False,False
176.0,1.2,24.0,28.0,15.909090909090908,False,True,False,False,False,False,False,False,False,False,False,True,False,False,False,False,False,False,False,False,True,False,False,False
138.0,2.1,27.0,8.0,11.594202898550725,False,True,False,False,False,False,False,False,False,False,False,True,False,False,False,False,False,False,False,False,True,False,False,False
89.0,1.57,30.0,6.0,17.415730337078653,False,True,False,False,False,False,False,False,False,True,False,False,True,False,False,False,False,False,False,False,True,False,False,False
100.12,1.4,29.0,21.0,18.857371154614462,False,True,False,False,False,False,False,False,True,False,False,True,False,False,False,False,False,False,False,True,False,False,False,False
138.0,2.0,30.0,21.0,18.83333333333333,False,False,False,False,False,False,False,False,False,False,False,True,False,False,False,False,False,False,False,False,True,False,False,False
107.0,2.0,30.0,3.0,27.093457943925237,False,False,False,False,False,False,True,False,False,False,False,True,False,False,False,False,False,False,False,False,True,False,False,False
75.0,2.0,35.0,2.0,26.666666666666668,False,True,False,False,False,False,False,False,False,False,False,True,False,False,False,False,False,False,False,True,False,False,False,False
142.83,3.0,40.0,15.0,20.303857732969263,True,False,False,False,False,False,False,False,False,True,False,True,False,False,False,False,False,False,False,True,False,False,False,False
87.0,1.6,40.0,9.0,21.83908045977012,False,False,False,False,False,True,False,False,False,False,False,True,False,False,False,False,False,False,False,False,True,False,False,False
33.0,2.0,30.0,22.0,23.939393939393938,False,False,False,False,False,False,False,False,True,False,False,True,False,False,False,False,False,False,False,True,False,False,False,False
145.0,2.0,30.0,16.0,13.79310344827586,False,False,False,True,False,False,True,False,False,False,False,False,True,False,False,False,False,False,False,True,False,False,False,False
39.99,2.6,30.0,7.0,37.4843710927732,False,True,False,False,False,False,True,False,False,False,False,True,False,False,False,False,False,False,False,False,True,False,False,False
160.0,2.0,30.0,21.0,15.0,False,False,False,False,False,False,False,False,True,False,False,True,False,False,False,False,False,False,False,True,False,False,False,False
45.0,2.5,23.0,26.0,13.333333333333334,False,True,False,False,False,False,False,False,False,False,True,False,False,False,False,False,False,False,False,True,False,False,False,False
79.0,2.0,25.0,14.0,11.379746835443038,False,True,False,False,False,False,True,False,False,False,False,True,False,False,False,False,False,False,False,True,False,False,False,False
58.0,2.0,30.0,5.0,41.37931034482759,False,False,False,False,False,False,True,False,False,False,False,True,False,False,True,False,False,False,False,True,False,False,False,False
89.0,2.0,30.0,18.0,26.40449438202247,False,True,False,False,False,False,True,False,False,False,False,True,False,False,False,False,False,False,False,False,True,False,False,False
106.0,1.5,30.0,3.0,31.60377358490566,False,False,False,False,False,True,False,False,False,False,False,False,True,False,False,False,False,False,False,False,True,False,False,False
50.0,2.0,25.0,8.0,17.0,False,True,False,False,False,False,True,False,False,False,False,True,False,False,False,False,False,False,False,True,False,False,False,False
30.0,1.0,30.0,8.0,23.3,False,False,False,False,False,False,False,False,True,False,False,True,False,True,False,False,False,False,False,True,False,False,False,False
45.0,1.2,30.0,16.0,27.77777777777778,False,True,False,False,False,False,False,False,False,False,False,False,True,False,False,False,False,False,False,True,False,False,False,False
98.0,2.0,30.0,16.0,16.3265306122449,False,False,True,False,False,False,False,False,False,False,False,True,False,False,False,False,False,False,False,True,False,False,False,False
98.0,2.5,30.0,8.0,26.53061224489796,False,True,False,False,False,False,False,False,False,True,False,True,False,False,False,False,False,False,False,False,True,False,False,False
94.0,2.0,20.0,30.0,14.361702127659576,False,False,False,True,False,False,True,False,False,False,False,True,False,False,False,False,True,False,False,False,False,False,False,False
50.0,3.0,30.0,26.0,22.0,True,False,False,False,False,False,True,False,False,False,False,True,False,False,False,False,False,False,False,True,False,False,False,False
105.0,1.5,30.0,17.0,24.761904761904763,False,True,False,False,False,False,False,False,False,True,False,True,False,False,False,False,False,False,False,True,False,False,False,False
170.86,1.2,30.0,6.0,29.26372468687814,False,True,False,False,False,False,False,False,False,False,False,False,True,False,False,False,False,False,False,False,True,False,False,False
124.0,2.5,30.0,6.0,17.741935483870968,False,False,False,False,False,True,True,False,False,False,True,False,False,False,False,False,False,False,False,True,False,False,False,False
87.91,2.0,20.0,10.0,20.475486292799456,False,True,False,False,False,False,False,False,False,False,False,True,False,False,False,False,False,False,False,False,True,False,False,False
89.0,2.45,32.0,5.0,35.95505617977528,False,False,False,False,False,False,False,False,False,True,False,True,False,False,False,False,False,False,False,True,False,False,False,False
43.0,2.2,20.0,11.0,20.930232558139537,False,True,False,False,False,False,True,False,False,False,False,True,False,False,True,False,False,False,False,True,False,False,False,False
56.0,1.2,20.0,31.0,17.857142857142858,True,False,False,False,False,False,False,False,True,False,False,True,False,False,False,False,False,False,False,True,False,False,False,False
55.0,2.5,30.0,26.0,14.527272727272727,False,True,False,False,False,False,False,False,False,False,False,True,False,False,False,False,False,False,False,True,False,False,False,False
125.55,2.5,30.0,11.0,7.964954201513342,False,False,False,True,False,False,False,False,False,True,False,True,False,False,False,False,False,False,False,True,False,False,False,False
146.84,2.0,30.0,18.0,15.663307000817216,False,False,False,False,False,False,False,False,True,False,False,True,False,False,False,False,False,False,False,True,False,False,False,False
65.0,1.2,25.0,26.0,22.76923076923077,False,True,False,False,False,False,True,False,False,False,False,True,False,False,False,False,False,False,False,False,True,False,False,False
50.0,2.0,30.0,15.0,22.0,True,False,False,False,False,False,False,False,False,False,False,True,False,False,False,False,False,False,False,True,False,False,False,False
39.0,1.2,10.0,21.0,25.64102564102564,False,True,False,False,False,False,False,False,False,False,False,True,False,False,False,False,False,False,True,False,False,False,False,False
105.0,2.0,35.0,6.0,19.047619047619047,False,False,False,False,False,True,True,False,False,False,False,True,False,False,False,False,False,False,False,True,False,False,False,False
145.0,2.0,20.0,6.0,19.917241379310344,False,False,False,True,False,False,True,False,False,False,False,True,False,False,False,False,False,False,False,True,False,False,False,False
30.0,1.2,25.0,36.0,16.0,False,True,False,False,False,False,False,False,True,False,True,False,False,False,False,False,False,False,False,True,False,False,False,False
110.0,2.5,30.0,5.0,18.181818181818183,False,False,False,False,False,True,False,False,False,False,False,True,False,False,False,False,False,False,False,False,True,False,False,False
143.0,2.5,30.0,4.0,25.174825174825173,False,False,False,False,False,True,False,False,False,False,False,False,True,False,False,False,False,False,False,True,False,False,False,False
93.0,2.5,30.0,7.0,19.35483870967742,False,False,False,False,False,True,True,False,False,False,False,True,False,False,False,False,False,False,False,True,False,False,False,False
52.0,2.5,30.0,22.0,23.07692307692308,False,False,False,False,False,True,False,False,False,False,False,True,False,False,True,False,False,False,False,True,False,False,False,False
25.0,1.04,30.0,14.0,27.96,False,False,False,False,False,True,False,False,True,False,False,True,False,True,False,False,False,False,False,False,True,False,False,False
60.0,2.5,30.0,11.0,23.133333333333333,False,False,False,False,False,True,False,False,False,True,False,True,False,False,False,False,False,False,False,True,False,False,False,False
108.0,2.0,30.0,11.0,29.314814814814813,False,False,False,False,False,False,True,False,False,False,False,False,True,False,False,False,False,False,False,False,True,False,False,False
109.0,1.5,45.0,16.0,21.40366972477064,True,False,False,False,False,False,False,False,False,False,False,True,False,False,False,False,False,False,False,True,False,False,False,False
178.0,2.5,30.0,9.0,14.044943820224718,True,False,False,False,False,False,False,False,False,True,False,True,False,False,False,False,False,False,False,True,False,False,False,False
105.0,1.9,35.0,4.0,17.142857142857142,False,False,False,False,False,True,False,False,False,True,False,True,False,False,False,False,False,False,False,False,True,False,False,False
134.0,1.2,25.0,17.0,19.402985074626866,False,True,False,False,False,False,False,False,False,True,False,True,False,False,False,False,False,False,False,True,False,False,False,False
148.0,2.5,30.0,26.0,16.89189189189189,False,False,False,True,False,False,False,False,False,True,False,False,True,False,False,False,False,False,False,False,True,False,False,False
89.0,2.5,30.0,7.0,19.10112359550562,False,False,False,False,False,True,False,False,False,False,False,True,False,False,False,False,False,False,False,True,False,False,False,False
68.0,2.0,31.0,22.0,16.176470588235293,False,True,False,False,False,False,False,False,False,False,False,True,False,False,False,False,False,False,False,False,True,False,False,False
88.51,2.2,30.0,13.0,18.07705344028923,False,True,False,False,False,False,False,False,False,True,False,True,False,False,False,False,False,False,False,False,True,False,False,False
209.88,2.2,30.0,19.0,32.39946636173051,False,False,False,False,False,True,False,True,False,False,False,False,True,False,False,False,False,False,False,True,False,False,False,False
134.16,1.5,30.0,11.0,19.37984496124031,False,False,False,False,False,False,True,False,False,False,False,True,False,False,False,False,False,False,False,False,True,False,False,False
133.0,2.0,30.0,19.0,18.79699248120301,False,True,False,False,False,False,False,False,False,False,False,True,False,False,False,False,False,False,False,True,False,False,False,False
140.0,2.0,30.0,22.0,26.785714285714285,False,False,False,True,False,False,False,False,False,False,False,False,True,False,False,False,False,False,False,True,False,False,False,False
86.6,2.5,31.0,13.0,21.93995381062356,False,True,False,False,False,False,True,False,False,False,False,True,False,False,False,False,False,False,False,True,False,False,False,False
240.0,2.0,30.0,20.0,10.416666666666666,False,False,False,False,False,False,False,False,True,False,False,True,False,False,False,False,False,False,False,True,False,False,False,False
120.0,2.0,30.0,22.0,22.216666666666665,False,False,False,True,False,False,False,False,False,False,False,True,False,False,False,False,False,False,False,True,False,False,False,False
173.0,2.0,30.0,16.0,13.965317919075144,False,False,False,False,False,False,False,False,False,False,False,True,False,False,False,False,False,False,False,False,False,False,False,True
130.0,2.0,30.0,4.0,21.53846153846154,False,True,False,False,False,False,False,False,False,False,False,False,True,False,False,False,False,False,False,True,False,False,False,False
42.0,1.8,30.0,21.0,23.80952380952381,False,False,False,False,False,True,False,False,False,True,False,True,False,False,False,False,False,False,False,True,False,False,False,False
45.0,2.5,30.0,11.0,17.755555555555556,False,False,False,False,False,True,False,False,False,True,False,True,False,False,False,False,False,False,False,True,False,False,False,False
108.0,2.49,19.6,11.0,27.76851851851852,False,False,False,False,False,False,False,False,True,False,False,False,True,False,False,False,True,False,False,False,False,False,False,False
130.0,1.5,30.0,11.0,15.376923076923076,False,False,False,False,False,False,False,False,False,True,False,True,False,False,False,False,False,False,False,True,False,False,False,False
105.0,2.15,30.0,5.0,23.80952380952381,False,True,False,False,False,False,False,False,False,False,False,False,True,False,False,False,False,False,False,True,False,False,False,False
126.0,1.98,30.0,5.0,29.761904761904763,False,False,False,False,False,False,False,False,False,True,False,False,True,False,False,False,False,False,False,False,True,False,False,False
112.0,2.5,30.0,5.0,34.82142857142857,False,False,False,False,False,False,False,False,False,False,False,True,False,False,False,False,False,False,False,False,True,False,False,False
135.0,2.8,30.0,5.0,24.43703703703704,False,False,False,False,False,False,True,False,False,False,False,True,False,False,False,False,False,False,False,False,True,False,False,False
95.0,2.0,35.0,6.0,20.0,False,False,False,False,False,True,False,False,False,True,False,True,False,False,False,False,False,False,False,True,False,False,False,False
68.0,1.4,32.0,15.0,58.794117647058826,False,False,False,True,False,False,True,False,False,False,False,True,False,False,False,False,False,False,False,False,True,False,False,False
90.0,1.5,25.0,13.0,26.655555555555555,False,False,False,True,False,False,False,False,False,False,False,True,False,False,False,False,False,False,False,True,False,False,False,False
50.0,1.2,30.0,26.0,13.98,False,True,False,False,False,False,False,False,False,False,False,True,False,False,False,False,False,False,False,True,False,False,False,False
127.0,1.8,30.0,6.0,18.11023622047244,False,False,False,False,False,True,False,False,False,False,False,False,True,False,False,False,False,False,False,True,False,False,False,False
115.0,1.5,28.0,26.0,11.73913043478261,False,True,False,False,False,False,False,False,False,False,False,True,False,False,False,False,False,False,False,True,False,False,False,False
86.21,2.5,25.0,12.0,15.079457139542978,False,True,False,False,False,False,False,False,False,True,False,True,False,False,False,False,False,False,False,False,True,False,False,False
94.74,1.6,35.0,16.0,17.943846316233905,False,True,False,False,False,False,False,False,False,False,True,False,False,False,False,False,False,False,False,False,True,False,False,False
142.0,3.45,43.0,17.0,16.197183098591548,False,True,False,False,False,False,True,False,False,False,False,True,False,False,False,False,False,False,False,False,True,False,False,False
127.0,2.0,30.0,6.0,19.68503937007874,False,False,False,False,False,True,True,False,False,False,False,True,False,False,False,False,False,False,False,False,True,False,False,False
140.0,2.5,30.0,16.0,24.992857142857144,False,False,False,True,False,False,True,False,False,False,False,True,False,False,False,False,False,False,False,True,False,False,False,False
93.0,2.0,30.0,14.0,19.35483870967742,True,False,False,False,False,False,False,False,False,False,False,True,False,False,False,False,False,False,False,True,False,False,False,False
89.0,2.1,27.0,8.0,22.471910112359552,False,True,False,False,False,False,False,False,False,False,False,True,False,False,False,False,False,False,False,False,True,False,False,False
89.0,1.97,30.0,9.0,23.59550561797753,False,True,False,False,False,False,False,False,False,True,False,True,False,False,False,False,False,False,False,False,True,False,False,False
30.0,1.2,30.0,26.0,36.66666666666666,False,False,False,True,False,False,False,False,True,False,False,True,False,False,False,False,False,False,False,True,False,False,False,False
128.0,2.6,30.0,5.0,29.25,False,False,False,True,False,False,False,False,False,False,False,False,True,False,False,False,False,False,False,True,False,False,False,False
35.0,1.2,27.0,36.0,19.97142857142857,False,True,False,False,False,False,False,False,True,False,False,True,False,False,False,False,False,False,False,True,False,False,False,False
145.0,2.0,30.0,22.0,22.986206896551725,False,False,False,True,False,False,False,False,False,True,False,False,True,False,False,False,False,False,False,False,True,False,False,False
48.0,0.5,50.0,9.0,16.645833333333332,False,False,False,False,False,False,False,False,False,True,False,True,False,False,False,False,False,False,False,False,True,False,False,False
120.0,2.0,30.0,21.0,16.5,False,True,False,False,False,False,False,False,False,False,False,True,False,False,False,False,False,False,False,False,True,False,False,False
70.72,2.5,20.0,27.0,15.554298642533936,False,False,False,True,False,False,False,False,True,False,False,True,False,False,False,False,False,False,False,True,False,False,False,False
155.9,2.77,25.0,13.0,19.24310455420141,False,True,False,False,False,False,False,False,False,False,False,False,True,False,False,False,False,False,False,False,True,False,False,False
88.53,2.5,50.0,12.0,9.601265107873036,False,True,False,False,False,False,True,False,False,False,False,True,False,False,False,False,False,False,False,True,False,False,False,False
90.0,2.0,40.0,21.0,16.666666666666668,False,True,False,False,False,False,False,False,False,True,False,True,False,False,False,False,False,False,False,True,False,False,False,False
45.0,1.2,30.0,26.0,30.666666666666668,False,False,False,False,False,True,False,False,False,False,False,True,False,False,False,False,False,False,False,True,False,False,False,False
92.77,2.0,30.0,26.0,21.558693543171284,False,False,False,False,False,True,False,False,False,False,False,True,False,False,False,False,False,False,False,True,False,False,False,False
134.6,1.2,30.0,16.0,11.887072808320951,False,True,False,False,False,False,False,False,False,True,False,True,False,False,False,False,False,False,False,False,True,False,False,False
115.28,1.2,30.0,6.0,26.0235947258848,False,True,False,False,False,False,False,False,False,True,False,False,True,False,False,False,False,False,False,False,True,False,False,False
150.0,2.5,30.0,9.0,37.77333333333333,False,False,False,True,False,False,False,False,False,True,False,True,False,False,False,False,False,False,False,True,False,False,False,False
130.0,2.0,30.0,11.0,19.99230769230769,False,False,False,True,False,False,False,False,False,False,False,True,False,False,False,False,False,False,False,True,False,False,False,False
140.0,2.0,30.0,16.0,27.142857142857142,False,False,False,True,False,False,True,False,False,False,False,True,False,False,False,False,False,False,False,False,True,False,False,False
134.6,1.2,30.0,16.0,14.851411589895989,False,True,False,False,False,False,False,False,False,False,False,True,False,False,False,False,False,False,False,False,True,False,False,False
81.5,2.5,20.0,34.0,24.52760736196319,False,True,False,False,False,False,False,False,False,True,False,False,True,False,False,False,False,False,False,False,True,False,False,False
60.0,2.0,20.0,31.0,20.0,False,True,False,False,False,False,False,False,False,False,False,True,False,False,False,False,False,False,False,False,True,False,False,False
75.0,1.2,20.0,31.0,20.0,False,True,False,False,False,False,False,False,False,False,False,True,False,False,False,False,False,False,False,False,True,False,False,False
105.0,2.5,30.0,20.0,26.19047619047619,False,False,False,False,True,False,False,False,False,False,False,True,False,False,False,False,False,False,False,True,False,False,False,False
55.0,1.5,30.0,6.0,12.709090909090907,False,False,False,False,False,True,True,False,False,False,False,True,False,False,False,False,False,False,False,True,False,False,False,False
120.0,2.0,30.0,14.0,24.166666666666668,False,False,False,False,False,False,True,False,False,False,False,True,False,False,False,False,True,False,False,False,False,False,False,False
30.0,2.5,25.0,9.0,26.633333333333333,False,False,False,False,False,True,False,False,False,True,False,True,False,False,False,False,False,False,False,True,False,False,False,False
97.0,2.3,30.0,5.0,17.175257731958762,False,False,False,False,False,True,True,False,False,False,False,True,False,False,False,False,False,False,False,False,True,False,False,False
69.0,0.5,30.0,26.0,21.73913043478261,False,True,False,False,False,False,False,False,False,False,False,False,True,False,False,False,False,False,False,True,False,False,False,False
70.0,1.5,30.0,26.0,21.428571428571427,False,True,False,False,False,False,True,False,False,False,False,False,True,False,False,False,False,False,False,True,False,False,False,False
136.0,1.2,30.0,11.0,23.529411764705884,False,True,False,False,False,False,True,False,False,False,False,True,False,False,False,False,False,False,False,False,True,False,False,False
141.0,2.0,30.0,11.0,15.319148936170214,False,False,False,False,False,False,False,False,False,False,True,False,False,False,False,False,False,False,False,True,False,False,False,False
90.4,2.0,30.0,16.0,36.86946902654867,False,False,False,False,False,True,False,True,False,False,False,False,True,False,False,False,False,False,False,True,False,False,False,False
110.0,1.8,30.0,4.0,22.71818181818182,False,True,False,False,False,False,False,False,False,True,False,False,True,False,False,False,False,False,False,True,False,False,False,False
43.0,1.2,30.0,19.0,23.25581395348837,False,True,False,False,False,False,True,False,False,False,False,False,True,False,False,False,False,False,False,False,False,False,False,True
105.0,1.2,20.0,31.0,14.285714285714286,True,False,False,False,False,False,False,False,False,False,False,True,False,False,False,False,False,False,False,True,False,False,False,False
80.0,1.2,20.0,31.0,15.625,False,True,False,False,False,False,False,False,False,False,False,True,False,False,False,False,False,False,False,False,True,False,False,False
88.92,2.0,25.7,6.0,22.49212775528565,False,True,False,False,False,False,False,False,False,True,False,True,False,False,False,False,False,False,False,True,False,False,False,False
36.0,1.2,30.0,16.0,38.888888888888886,False,True,False,False,False,False,False,False,False,False,False,False,True,False,False,False,False,False,True,False,False,False,False,False
42.72,2.0,23.0,26.0,21.06741573033708,False,True,False,False,False,False,False,False,False,False,False,True,False,False,False,False,False,False,False,True,False,False,False,False
130.02,1.5,30.0,21.0,13.84402399630826,False,False,False,False,False,True,False,False,False,False,False,True,False,False,False,False,False,False,False,False,True,False,False,False
74.0,1.6,28.0,9.0,17.56756756756757,False,True,False,False,False,False,False,False,False,False,False,True,False,False,False,False,False,False,False,False,True,False,False,False
89.63,1.5,30.0,12.0,22.313957380341403,False,True,False,False,False,False,False,False,False,False,False,False,True,False,False,False,False,False,False,True,False,False,False,False
89.0,1.5,30.0,6.0,25.84269662921348,False,False,False,False,False,True,False,False,False,True,False,False,True,False,False,False,False,False,False,False,True,False,False,False
86.0,2.0,30.0,18.0,27.8953488372093,False,False,False,False,False,False,True,False,False,False,False,True,False,False,False,False,False,False,False,False,True,False,False,False
40.0,1.6,30.0,26.0,15.0,False,True,False,False,False,False,True,False,False,False,False,True,False,False,False,False,False,False,False,True,False,False,False,False
113.74,1.7,30.0,18.0,13.8913311060313,False,False,False,False,False,True,False,False,False,False,False,True,False,False,False,False,False,False,False,False,True,False,False,False
35.0,2.0,20.0,31.0,34.25714285714286,False,False,False,True,False,False,False,False,True,False,False,True,False,False,False,False,False,False,False,True,False,False,False,False
86.0,2.5,30.0,19.0,17.441860465116278,False,False,False,False,False,True,False,False,False,False,False,True,False,False,False,False,False,False,False,False,True,False,False,False
100.0,2.0,20.0,31.0,16.66,False,False,False,True,False,False,False,False,True,False,False,True,False,False,False,False,False,False,False,True,False,False,False,False
97.0,2.5,30.0,6.0,24.742268041237114,False,True,False,False,False,False,True,False,False,False,False,True,False,False,False,False,False,False,False,True,False,False,False,False
45.0,2.5,30.0,26.0,15.533333333333331,False,False,False,False,False,True,False,False,False,False,False,True,False,False,False,False,False,False,False,True,False,False,False,False
127.0,2.0,20.0,15.0,18.11023622047244,False,False,False,False,False,False,True,False,False,False,False,True,False,False,False,False,False,False,False,False,True,False,False,False
120.0,2.0,30.0,21.0,20.83333333333333,False,False,False,True,False,False,False,False,False,False,False,False,True,False,False,False,False,False,False,True,False,False,False,False
129.0,1.5,30.0,23.0,9.30232558139535,False,True,False,False,False,False,False,False,False,False,False,True,False,False,False,False,False,False,False,True,False,False,False,False
92.99,1.5,26.0,18.0,16.13076674911281,False,True,False,False,False,False,False,False,False,True,False,True,False,False,False,False,False,False,False,True,False,False,False,False
38.0,2.0,20.0,31.0,26.31578947368421,False,False,False,True,False,False,False,False,True,False,False,True,False,False,False,False,False,False,False,False,True,False,False,False
40.0,1.3,30.0,15.0,17.5,False,False,False,False,False,True,False,False,False,False,False,True,False,True,False,False,False,False,False,True,False,False,False,False
146.09,0.5,30.0,28.0,17.797248271613388,False,True,False,False,False,False,True,False,False,False,False,False,True,False,False,False,False,False,False,False,True,False,False,False
248.56,2.0,30.0,19.0,31.380753138075317,False,True,False,False,False,False,False,True,False,False,False,False,True,False,False,False,False,False,False,True,False,False,False,False
66.0,1.8,20.0,36.0,22.727272727272727,False,True,False,False,False,False,False,False,False,False,False,True,False,False,False,False,False,False,False,False,True,False,False,False
100.0,2.0,30.0,16.0,26.0,False,False,False,False,False,False,True,False,False,False,False,True,False,False,False,False,False,False,False,False,True,False,False,False
165.0,2.0,30.0,20.0,12.727272727272728,False,False,False,False,False,False,False,False,False,False,False,True,False,False,False,False,False,False,False,False,True,False,False,False
70.0,2.0,30.0,9.0,21.428571428571427,False,False,False,False,False,True,False,False,True,False,False,True,False,False,True,False,False,False,False,False,True,False,False,False
42.89,1.0,30.0,28.0,20.98391233387736,False,True,False,False,False,False,False,False,False,False,False,True,False,False,False,False,False,False,False,True,False,False,False,False
89.0,2.0,30.0,6.0,22.471910112359552,False,False,False,False,False,True,False,False,False,False,False,True,False,False,False,False,False,False,False,False,True,False,False,False
100.0,2.5,30.0,11.0,31.66,False,False,False,False,False,False,False,False,False,True,False,True,False,False,False,False,False,False,False,False,True,False,False,False
45.0,2.6,30.0,7.0,31.11111111111111,False,True,False,False,False,False,False,False,False,False,False,True,False,False,False,False,False,False,False,True,False,False,False,False
108.0,2.5,30.0,5.0,41.66666666666666,False,False,False,False,False,False,False,False,False,False,False,False,True,False,False,False,False,False,False,True,False,False,False,False
70.0,1.4,32.0,15.0,49.98571428571429,False,False,False,True,False,False,True,False,False,False,False,True,False,False,False,False,False,False,False,True,False,False,False,False
75.0,1.5,30.0,22.0,25.066666666666663,False,True,False,False,False,False,False,False,False,True,False,False,True,False,False,False,False,False,False,False,True,False,False,False
130.0,2.0,30.0,16.0,19.99230769230769,False,False,False,True,False,False,True,False,False,False,False,True,False,False,False,False,False,False,False,True,False,False,False,False
145.0,2.0,30.0,21.0,17.24137931034483,False,False,False,False,False,False,False,False,False,False,False,True,False,False,False,False,False,False,False,False,True,False,False,False
279.6403240575057,2.0,30.0,7.0,20.710714285714285,False,False,False,False,False,False,False,False,False,True,False,False,True,False,False,False,False,False,False,True,False,False,False,False
116.2,1.2,30.0,6.0,36.57487091222031,False,True,False,False,False,False,False,False,False,False,False,False,True,False,False,False,False,False,False,True,False,False,False,False
86.0,2.8,30.0,14.0,21.313953488372093,False,False,False,True,False,False,False,False,False,True,False,True,False,False,False,False,False,False,False,False,False,False,False,False
143.0,1.2,30.0,24.0,16.783216783216783,True,False,False,False,False,False,False,False,True,False,False,True,False,False,False,False,False,False,False,False,True,False,False,False
40.0,2.0,30.0,14.0,17.5,False,False,False,True,False,False,False,False,True,False,False,False,True,False,False,False,False,False,False,True,False,False,False,False
160.0,2.0,30.0,12.0,12.5,False,False,False,False,False,False,True,False,False,False,False,True,False,False,False,False,False,False,False,True,False,False,False,False
124.0,2.8,30.0,6.0,16.129032258064516,False,False,False,False,False,False,False,False,False,True,False,True,False,False,False,False,False,False,False,True,False,False,False,False
104.0,2.5,30.0,4.0,20.192307692307693,False,False,False,False,False,True,False,False,False,True,False,True,False,False,False,False,False,False,False,True,False,False,False,False
124.0,2.0,30.0,11.0,24.18548387096774,False,False,False,False,False,False,False,False,False,False,False,True,False,False,False,False,False,False,False,False,True,False,False,False
60.0,2.5,30.0,26.0,28.33333333333333,False,True,False,False,False,False,False,False,False,True,False,True,False,False,False,False,False,False,False,True,False,False,False,False
41.0,2.0,20.0,22.0,23.170731707317078,False,False,False,False,False,True,False,False,False,True,False,True,False,False,True,False,False,False,False,True,False,False,False,False
132.77,1.7,30.0,18.0,12.804097311139564,False,False,False,False,False,True,False,False,True,False,False,True,False,False,False,False,False,False,False,True,False,False,False,False
101.0,1.5,25.0,7.0,22.77227722772277,False,True,False,False,False,False,False,False,False,False,False,False,True,False,False,False,False,False,False,False,True,False,False,False
114.0,2.8,30.0,3.0,35.08771929824562,False,False,False,False,False,False,False,False,False,True,False,True,False,False,False,False,False,False,False,False,True,False,False,False
166.18,2.0,30.0,21.0,9.026356962330004,False,True,False,False,False,False,False,False,False,False,False,True,False,False,False,False,False,False,False,False,True,False,False,False
65.0,1.5,25.0,13.0,23.846153846153847,False,True,False,False,False,False,False,False,False,True,False,True,False,False,False,False,False,False,False,True,False,False,False,False
80.0,2.0,25.0,14.0,13.625,False,True,False,False,False,False,True,False,False,False,False,True,False,False,False,False,False,False,False,True,False,False,False,False
100.0,2.5,25.0,8.0,23.0,False,False,False,False,False,False,False,False,False,True,False,True,False,False,False,False,False,False,False,False,True,False,False,False
38.0,1.2,30.0,26.0,24.473684210526315,False,True,False,False,False,False,False,False,False,True,False,False,True,False,False,False,False,False,False,False,True,False,False,False
89.0,2.0,30.0,11.0,26.96629213483146,False,True,False,False,False,False,False,False,False,False,False,True,False,False,False,False,False,False,False,False,True,False,False,False
40.0,2.0,30.0,14.0,20.0,False,False,False,True,False,False,False,False,False,False,False,True,False,False,False,False,False,False,False,True,False,False,False,False
53.0,2.5,30.0,22.0,24.52830188679245,False,False,False,False,False,True,True,False,False,False,False,True,False,False,True,False,False,False,False,False,True,False,False,False
88.0,1.2,20.0,23.0,14.318181818181818,False,True,False,False,False,False,False,False,False,False,False,True,False,False,False,False,False,False,False,True,False,False,False,False
109.0,3.8,30.0,8.0,26.605504587155963,False,False,False,False,False,False,False,False,False,False,False,True,False,False,True,False,False,False,False,False,True,False,False,False
49.0,2.0,20.0,22.0,20.40816326530612,False,False,False,False,False,True,False,False,False,True,False,True,False,False,True,False,False,False,False,True,False,False,False,False
135.0,2.0,30.0,26.0,18.51851851851852,False,True,False,False,False,False,False,False,False,False,False,False,True,False,False,False,False,False,False,False,True,False,False,False
118.53,2.0,35.1,16.0,15.186028853454822,False,True,False,False,False,False,False,False,False,False,False,True,False,False,False,False,False,False,False,True,False,False,False,False
76.0,1.8,30.0,30.0,10.526315789473683,False,True,False,False,False,False,False,False,False,True,False,True,False,False,False,False,False,False,False,False,True,False,False,False
51.26,2.0,25.0,14.0,23.410066328521264,False,True,False,False,False,False,False,False,False,False,False,True,False,False,False,False,False,False,False,True,False,False,False,False
159.64,1.5,30.0,21.0,12.528188423953898,False,False,False,False,False,True,False,False,False,False,True,False,False,False,False,False,False,False,False,False,False,False,False,False
120.0,2.0,30.0,3.0,24.991666666666667,False,False,False,False,False,False,True,False,False,False,False,True,False,False,False,False,False,False,False,False,True,False,False,False
60.0,3.3,30.0,20.0,20.0,False,True,False,False,False,False,True,False,False,False,False,True,False,False,False,False,False,True,False,False,False,False,False,False
66.0,0.5,30.0,18.0,15.136363636363637,False,False,False,False,False,True,True,False,False,False,False,False,True,True,False,False,False,False,False,True,False,False,False,False
40.0,2.1,20.0,11.0,20.0,True,False,False,False,False,False,False,False,True,False,False,True,False,False,False,False,False,False,False,True,False,False,False,False
114.88,1.3,30.0,10.0,15.668523676880223,False,False,False,False,False,True,False,False,False,True,False,False,True,False,False,False,False,False,False,True,False,False,False,False
117.0,1.5,30.0,23.0,9.401709401709402,False,True,False,False,False,False,False,False,False,False,False,True,False,False,False,False,False,False,False,True,False,False,False,False
128.21,1.8,30.0,28.0,17.939318305904376,False,True,False,False,False,False,False,False,False,True,False,True,False,False,False,False,False,False,False,False,True,False,False,False
91.0,2.0,30.0,26.0,25.263736263736263,False,False,False,True,False,False,False,False,True,False,False,False,True,False,False,False,False,False,False,True,False,False,False,False
60.0,3.4,25.0,16.0,16.666666666666668,False,True,False,False,False,False,False,False,False,True,False,True,False,False,True,False,False,False,False,False,True,False,False,False
60.0,2.0,31.0,19.0,11.65,False,True,False,False,False,False,False,False,False,False,False,True,False,False,False,False,False,False,False,True,False,False,False,False
90.0,1.3,31.0,4.0,19.988888888888887,False,False,False,False,False,True,False,False,False,False,False,False,True,False,False,False,False,False,False,True,False,False,False,False
70.0,2.5,30.0,11.0,24.27142857142857,False,False,False,False,False,False,True,False,False,False,False,False,True,False,False,False,False,False,False,True,False,False,False,False
75.0,2.0,40.0,10.0,32.0,False,True,False,False,False,False,False,False,False,True,False,False,True,False,False,False,False,False,False,False,True,False,False,False
130.0,2.6,30.0,5.0,37.6,False,False,False,False,False,False,True,False,False,False,False,False,True,False,False,False,False,False,False,True,False,False,False,False
219.03,2.5,35.0,38.0,22.371364653243848,False,True,False,False,False,False,False,False,False,True,False,False,True,False,False,False,False,False,False,False,True,False,False,False
60.0,1.2,20.0,31.0,19.166666666666668,False,True,False,False,False,False,True,False,False,False,False,True,False,False,False,False,False,False,False,False,True,False,False,False
89.0,1.74,32.0,12.0,16.853932584269664,False,False,False,False,False,True,False,False,False,True,True,False,False,False,False,False,False,False,False,False,True,False,False,False
96.0,2.0,30.0,6.0,22.90625,False,False,False,False,False,True,False,False,False,True,False,False,True,False,False,False,False,False,False,False,True,False,False,False
89.5,1.5,30.0,3.0,24.201117318435752,True,False,False,False,False,False,True,False,False,False,False,True,False,False,False,False,False,False,False,True,False,False,False,False
163.42,2.5,35.0,38.0,22.02912740178681,False,True,False,False,False,False,False,False,False,False,False,False,True,False,False,False,False,False,False,False,True,False,False,False
140.47,2.5,30.0,11.0,25.628248024489213,False,False,False,False,False,False,False,False,False,False,False,True,False,False,False,False,False,False,False,False,True,False,False,False
50.0,2.5,30.0,26.0,15.0,False,True,False,False,False,False,False,False,False,True,False,True,False,False,False,False,False,False,False,True,False,False,False,False
120.0,2.0,30.0,21.0,21.65833333333333,False,False,False,True,False,False,False,False,False,False,False,False,True,False,False,False,False,False,False,True,False,False,False,False
40.0,1.05,31.0,13.0,19.975,False,False,False,False,False,True,False,False,False,False,False,True,False,True,False,False,False,False,False,True,False,False,False,False
149.0,1.7,30.0,6.0,38.02684563758389,False,False,False,False,False,True,True,False,False,False,False,False,True,False,False,False,False,False,False,True,False,False,False,False
178.0,2.5,30.0,21.0,28.08988764044944,False,False,False,False,False,False,False,False,False,True,False,True,False,False,False,False,False,False,False,True,False,False,False,False
132.0,2.4,30.0,8.0,27.272727272727277,False,True,False,False,False,False,False,False,False,True,False,False,True,False,False,False,False,False,False,False,True,False,False,False
138.0,1.5,25.0,19.0,21.014492753623188,False,True,False,False,False,False,False,False,False,True,False,True,False,False,False,False,False,False,False,False,True,False,False,False
127.0,2.5,30.0,6.0,19.68503937007874,False,False,False,False,False,True,False,False,False,True,False,True,False,False,False,False,False,False,False,True,False,False,False,False
99.0,2.1,35.0,3.0,26.262626262626263,False,False,False,False,False,True,False,False,False,True,False,True,False,False,False,False,False,False,False,False,True,False,False,False
143.0,2.15,30.0,5.0,34.96503496503497,False,True,False,False,False,False,False,False,False,False,False,True,False,False,False,False,False,False,False,False,True,False,False,False
92.0,1.2,31.0,18.0,16.304347826086957,False,True,False,False,False,False,False,False,False,False,False,True,False,False,False,False,False,False,False,True,False,False,False,False
165.0,0.5,35.0,19.0,15.151515151515152,False,False,False,False,False,True,False,False,True,False,False,True,False,True,False,False,False,False,False,True,False,False,False,False
42.0,1.2,30.0,22.0,20.23809523809524,False,True,False,False,False,False,False,False,False,False,False,True,False,False,False,False,False,False,False,True,False,False,False,False
100.0,1.5,30.0,11.0,24.0,False,False,False,False,False,False,False,False,False,False,False,True,False,False,False,False,False,False,False,True,False,False,False,False
95.0,1.9,35.0,4.0,18.94736842105263,False,False,False,False,False,True,False,False,False,False,False,True,False,False,False,False,False,False,False,False,True,False,False,False
140.0,2.0,30.0,11.0,23.807142857142857,False,False,False,True,False,False,False,False,False,True,False,True,False,False,False,False,False,False,False,False,True,False,False,False
50.0,1.2,30.0,26.0,23.98,False,False,False,True,False,False,False,False,False,False,False,True,False,False,False,False,False,False,False,True,False,False,False,False
60.0,2.4,15.0,4.0,13.316666666666666,False,True,False,False,False,False,False,False,False,False,False,True,False,False,False,False,False,False,False,True,False,False,False,False
145.0,2.5,30.0,14.0,23.44137931034483,False,False,False,True,False,False,False,False,False,False,False,True,False,False,False,False,False,False,False,True,False,False,False,False
89.0,1.9,35.0,4.0,21.34831460674157,False,False,False,False,False,True,False,False,False,False,False,True,False,False,False,False,False,False,False,False,True,False,False,False
40.0,1.2,30.0,26.0,30.0,False,False,False,False,False,True,False,False,False,True,False,True,False,False,False,False,False,False,False,True,False,False,False,False
80.0,1.4,32.0,15.0,46.125,False,False,False,True,False,False,False,False,False,False,False,False,True,False,False,False,False,False,False,False,True,False,False,False
53.0,2.5,30.0,22.0,18.867924528301888,False,False,False,False,False,True,False,False,False,False,False,False,True,False,True,False,False,False,True,False,False,False,False,False
128.0,1.8,20.0,28.0,17.1796875,False,True,False,False,False,False,True,False,False,False,False,False,True,False,False,False,False,False,False,False,True,False,False,False
116.0,1.9,25.0,4.0,27.58620689655172,False,False,False,False,False,False,False,False,False,False,False,True,False,False,False,False,False,False,False,True,False,False,False,False
147.0,2.5,30.0,5.0,23.80952380952381,False,False,False,False,False,False,False,False,False,True,False,True,False,False,False,False,False,False,False,False,True,False,False,False
98.0,2.6,30.0,10.0,21.255102040816325,True,False,False,False,False,False,False,False,False,True,False,True,False,False,False,False,False,False,False,True,False,False,False,False
56.08,2.0,30.0,28.0,23.1811697574893,False,True,False,False,False,False,False,False,False,False,False,True,False,False,False,False,False,False,False,True,False,False,False,False
58.0,2.5,30.0,10.0,23.27586206896552,True,False,False,False,False,False,False,False,False,False,False,True,False,False,False,False,False,False,False,True,False,False,False,False
135.0,2.5,30.0,5.0,22.22222222222222,False,False,False,False,False,False,False,False,False,True,False,True,False,False,False,False,False,False,False,True,False,False,False,False
97.0,2.5,30.0,7.0,15.463917525773196,False,False,False,False,False,True,False,False,False,False,False,True,False,False,False,False,False,False,False,False,False,True,False,False
135.0,2.0,30.0,6.0,32.58518518518518,False,False,False,False,False,False,False,False,False,False,False,False,True,False,False,False,False,False,False,True,False,False,False,False
88.51,2.0,50.0,13.0,17.851090272285617,False,True,False,False,False,False,False,False,False,True,False,True,False,False,False,False,False,False,False,False,True,False,False,False
91.08,1.5,24.0,28.0,16.458058849363198,False,True,False,False,False,False,True,False,False,False,False,True,False,False,False,False,False,False,False,True,False,False,False,False
108.0,1.8,30.0,5.0,25.0,False,True,False,False,False,False,False,False,False,True,False,True,False,False,False,False,False,False,False,True,False,False,False,False
73.0,2.0,30.0,5.0,31.506849315068493,False,False,False,False,False,False,False,False,False,False,False,True,False,False,True,False,False,False,False,False,False,False,False,False
52.8,2.0,25.0,14.0,20.833333333333336,False,True,False,False,False,False,False,False,False,False,False,False,True,False,False,False,False,False,False,False,True,False,False,False
28.0,2.0,30.0,22.0,28.214285714285715,False,False,False,False,False,False,False,False,True,False,False,True,False,False,False,False,False,False,False,True,False,False,False,False
128.0,1.8,30.0,14.0,23.421875,False,False,False,True,False,False,True,False,False,False,False,False,True,False,False,False,False,False,False,True,False,False,False,False
100.0,1.5,30.0,11.0,25.0,False,False,False,False,False,False,False,False,False,False,False,True,False,False,False,False,False,False,False,False,True,False,False,False
104.0,2.5,30.0,8.0,26.442307692307693,False,False,False,False,False,False,True,False,False,False,False,True,False,False,False,False,False,False,False,False,True,False,False,False
68.0,1.9,26.0,23.0,17.647058823529413,False,True,False,False,False,False,False,False,False,True,False,True,False,False,False,False,False,False,False,False,True,False,False,False
143.0,2.5,30.0,6.0,48.95104895104895,False,False,False,False,False,False,False,False,False,True,False,False,True,False,False,False,False,False,False,False,True,False,False,False
130.0,2.0,30.0,18.0,18.453846153846158,False,False,False,True,False,False,False,False,False,True,False,True,False,False,False,False,False,False,False,True,False,False,False,False
135.0,2.8,30.0,3.0,25.91851851851852,False,False,False,False,False,False,False,False,False,False,False,True,False,False,False,False,False,False,False,True,False,False,False,False
112.0,1.2,30.1,12.0,22.321428571428573,False,True,False,False,False,False,True,False,False,False,False,True,False,False,False,False,False,False,False,False,True,False,False,False
123.0,2.5,30.0,11.0,27.634146341463413,False,False,False,True,False,False,True,False,False,False,False,True,False,False,False,False,False,False,False,True,False,False,False,False
130.26,2.5,30.0,11.0,21.495470597267005,False,False,False,False,False,False,False,False,False,True,False,True,False,False,False,False,False,False,False,False,True,False,False,False
40.0,2.5,30.0,11.0,27.5,False,False,False,True,False,False,False,False,False,False,False,True,False,False,False,False,False,False,False,True,False,False,False,False
52.5,1.2,30.0,22.0,22.857142857142858,False,True,False,False,False,False,True,False,False,False,False,True,False,False,False,False,False,False,False,True,False,False,False,False
135.0,2.5,30.0,24.0,21.48148148148148,False,False,False,False,False,False,True,False,False,False,False,True,False,False,False,False,False,False,False,False,True,False,False,False
68.0,1.2,28.0,24.0,19.852941176470587,False,True,False,False,False,False,False,False,False,False,False,True,False,False,False,False,False,False,False,True,False,False,False,False
100.0,1.3,30.0,11.0,15.0,False,False,False,False,False,True,False,False,True,False,False,True,False,False,False,False,False,False,False,False,True,False,False,False
100.0,2.5,30.0,8.0,27.5,False,False,False,False,False,False,False,False,False,False,False,True,False,False,False,False,False,False,False,False,True,False,False,False
55.0,3.0,30.0,26.0,23.272727272727277,True,False,False,False,False,False,False,False,False,True,False,True,False,False,False,False,False,False,False,True,False,False,False,False
128.0,2.6,30.0,5.0,24.2109375,False,False,False,False,False,False,False,False,False,True,False,True,False,False,False,False,False,False,False,True,False,False,False,False
100.0,2.5,30.0,10.0,20.0,False,False,False,False,False,True,False,False,False,True,False,False,True,False,False,False,False,False,False,False,True,False,False,False
44.0,1.2,30.0,21.0,27.272727272727277,False,False,False,False,False,False,False,False,False,False,False,True,False,False,False,False,False,False,False,True,False,False,False,False
132.0,0.5,50.0,9.0,18.939393939393938,False,False,False,False,False,False,False,False,False,False,False,True,False,False,False,False,False,False,False,False,True,False,False,False
109.87,1.4,30.0,10.0,8.182397378720305,False,True,False,False,False,False,False,False,False,True,False,True,False,False,False,False,False,False,False,True,False,False,False,False
91.0,3.0,30.0,26.0,20.32967032967033,True,False,False,False,False,False,False,False,False,False,False,True,False,False,False,False,False,False,False,True,False,False,False,False
90.3,2.2,30.0,19.0,23.25581395348837,False,False,False,False,False,True,False,False,False,True,False,True,False,False,False,False,False,False,False,False,True,False,False,False
130.0,2.0,30.0,8.0,23.07692307692308,False,False,False,False,False,False,False,False,False,False,False,True,False,False,False,False,False,False,False,True,False,False,False,False
89.0,1.8,30.0,26.0,24.719101123595507,False,True,False,False,False,False,False,False,False,True,False,False,True,False,False,False,False,False,False,False,True,False,False,False
135.0,2.0,20.0,6.0,18.511111111111116,False,False,False,True,False,False,False,False,False,False,False,True,False,False,False,False,False,False,False,True,False,False,False,False
89.97,1.7,30.0,11.0,21.118150494609317,False,True,False,False,False,False,False,False,False,True,False,True,False,False,False,False,False,False,False,False,True,False,False,False
30.0,1.5,30.0,25.0,43.3,False,True,False,False,False,False,False,False,False,True,False,True,False,False,True,False,False,False,False,True,False,False,False,False
110.0,3.0,30.0,14.0,22.71818181818182,False,False,False,False,False,False,False,False,False,True,False,True,False,False,False,False,False,False,False,True,False,False,False,False
140.0,2.0,30.0,26.0,17.857142857142858,False,True,False,False,False,False,True,False,False,False,False,True,False,False,False,False,False,False,False,False,True,False,False,False
40.0,3.0,30.0,5.0,32.5,False,True,False,False,False,False,False,False,False,True,False,True,False,False,False,False,False,False,False,True,False,False,False,False
100.0,2.0,30.0,26.0,19.0,False,True,False,False,False,False,False,False,False,True,False,True,False,False,False,False,False,False,False,True,False,False,False,False
60.0,2.5,30.0,7.0,11.65,False,True,False,False,False,False,False,False,False,True,False,True,False,False,False,False,False,False,False,True,False,False,False,False
116.0,1.19,35.0,15.0,11.89655172413793,False,False,False,False,False,True,True,False,False,False,False,True,False,False,False,False,False,False,False,False,True,False,False,False
95.0,1.2,28.0,24.0,13.68421052631579,False,True,False,False,False,False,False,False,False,False,False,True,False,False,False,False,False,False,False,True,False,False,False,False
48.0,2.2,20.0,11.0,18.75,False,True,False,False,False,False,False,False,False,True,False,True,False,False,True,False,False,False,False,False,False,True,False,False
133.0,2.0,30.0,19.0,20.30075187969925,False,True,False,False,False,False,True,False,False,False,False,True,False,False,False,False,False,False,False,False,True,False,False,False
48.0,2.0,20.0,19.0,16.666666666666668,False,True,False,False,False,False,True,False,False,False,False,True,False,False,True,False,False,False,False,True,False,False,False,False
250.0,2.5,30.0,22.0,18.332,False,False,False,False,False,False,False,False,False,True,False,True,False,False,False,False,False,False,False,True,False,False,False,False
81.82,2.0,20.0,10.0,20.77731605964312,False,True,False,False,False,False,False,False,False,False,False,True,False,False,False,False,False,False,False,False,True,False,False,False
125.0,2.5,30.0,8.0,26.4,False,False,False,False,False,True,False,False,False,False,False,False,True,False,False,False,False,False,False,False,True,False,False,False
164.0,0.5,35.0,19.0,17.682926829268293,False,False,False,False,False,True,False,False,True,False,False,True,False,True,False,False,False,False,False,False,True,False,False,False
87.85,2.0,30.0,15.0,20.48947068867388,False,True,False,False,False,False,False,False,False,True,False,True,False,False,False,False,False,False,False,True,False,False,False,False
90.0,2.0,30.0,11.0,18.666666666666668,True,False,False,False,False,False,False,False,True,False,False,True,False,False,False,False,False,False,False,True,False,False,False,False
132.35,1.5,25.0,24.0,26.44503211182471,False,True,False,False,False,False,True,False,False,False,False,False,True,False,False,False,False,False,False,False,True,False,False,False
100.0,2.5,23.0,26.0,12.0,False,True,False,False,False,False,False,False,False,True,True,False,False,False,False,False,False,False,False,False,True,False,False,False
89.0,2.0,30.0,10.0,28.08988764044944,False,True,False,False,False,False,True,False,False,False,False,True,False,False,False,False,False,False,False,False,True,False,False,False
87.0,2.5,30.0,26.0,24.89655172413793,False,False,False,False,False,False,False,False,False,True,False,True,False,False,True,True,False,False,False,False,False,False,False,False
128.0,2.5,30.0,16.0,17.8125,False,True,False,False,False,False,False,False,False,False,False,False,True,False,False,False,False,False,False,False,True,False,False,False
40.0,2.0,30.0,21.0,15.0,False,True,False,False,False,False,True,False,False,False,False,True,False,False,False,False,False,False,False,True,False,False,False,False
104.0,1.2,10.0,21.0,19.23076923076923,False,True,False,False,False,False,False,False,False,False,False,True,False,False,False,False,False,False,False,True,False,False,False,False
100.0,3.0,28.0,24.0,22.0,False,True,False,False,False,False,True,False,False,False,False,True,False,False,False,False,False,False,False,True,False,False,False,False
127.99,3.45,43.0,17.0,17.18884287834987,False,True,False,False,False,False,False,False,False,False,False,True,False,False,False,False,False,False,False,False,True,False,False,False
90.0,2.5,30.0,13.0,23.33333333333333,False,False,False,False,False,False,False,False,False,True,False,True,False,False,False,False,False,False,False,True,False,False,False,False
117.0,2.5,30.0,24.0,22.07692307692308,False,False,False,False,False,False,False,False,False,False,False,True,False,False,False,False,False,False,False,False,True,False,False,False
143.0,3.4,15.0,10.0,20.95804195804196,False,False,False,False,False,False,False,False,False,False,False,True,False,False,False,False,False,False,False,True,False,False,False,False
115.0,2.5,50.0,17.0,18.83478260869565,False,False,False,False,False,False,False,False,False,False,False,True,False,False,False,False,False,False,False,True,False,False,False,False
120.0,2.5,30.0,14.0,15.0,False,True,False,False,False,False,True,False,False,False,False,True,False,False,False,False,False,False,False,True,False,False,False,False
127.0,2.0,30.0,6.0,32.28346456692913,False,False,False,False,False,True,False,False,False,True,False,False,True,False,False,False,False,False,False,False,True,False,False,False
40.0,2.0,30.0,18.0,22.5,False,False,False,True,False,False,False,False,False,False,False,True,False,False,False,False,False,False,False,True,False,False,False,False
59.78,2.5,30.0,20.0,25.092004014720644,False,True,False,False,False,False,False,False,False,True,False,True,False,False,False,False,False,False,False,True,False,False,False,False
89.65,2.0,30.0,12.0,18.96263245956497,False,True,False,False,False,False,False,False,False,False,False,True,False,False,False,False,False,False,False,False,True,False,False,False
126.0,2.0,30.0,26.0,14.285714285714286,False,False,False,False,False,False,True,False,False,False,True,False,False,False,False,False,False,False,False,False,True,False,False,False
140.0,1.7,25.0,7.0,21.42142857142857,False,True,False,False,False,False,False,False,False,False,False,False,True,False,False,False,False,False,False,True,False,False,False,False
120.0,1.2,31.0,18.0,16.566666666666666,False,True,False,False,False,False,False,False,False,False,False,True,False,False,False,False,False,False,False,False,True,False,False,False
169.0,2.0,30.0,16.0,34.514792899408285,False,False,False,True,False,False,False,False,False,False,False,True,False,False,False,False,False,False,False,False,False,False,False,False
106.8,2.0,30.0,28.0,19.662921348314608,False,False,False,False,False,True,True,False,False,False,False,True,False,False,False,False,False,False,False,True,False,False,False,False
121.0,2.5,30.0,9.0,32.22314049586777,False,False,False,False,False,False,False,False,False,False,False,False,True,False,False,False,False,False,False,True,False,False,False,False
89.23,1.4,30.0,10.0,23.534685643841755,False,True,False,False,False,False,False,False,False,True,False,True,False,False,False,False,False,False,False,True,False,False,False,False
131.12,1.6,30.0,28.0,19.066503965832823,False,True,False,False,False,False,True,False,False,False,False,False,True,False,False,False,False,False,False,False,True,False,False,False
47.0,2.5,30.0,15.0,21.27659574468085,False,True,False,False,False,False,False,False,False,True,False,True,False,False,False,False,False,False,False,False,True,False,False,False
100.0,1.8,39.0,4.0,21.66,False,False,False,True,False,False,False,False,False,False,False,True,False,False,False,False,False,False,False,True,False,False,False,False
49.0,2.0,30.0,18.0,34.0,False,False,True,False,False,False,False,False,False,False,False,True,False,False,False,False,False,False,False,True,False,False,False,False
129.14,1.5,30.0,21.0,13.938361468174076,False,False,False,False,False,True,False,False,False,False,False,True,False,False,False,False,False,False,False,True,False,False,False,False
90.0,1.3,38.0,12.0,31.11111111111111,False,True,False,False,False,False,False,False,False,False,False,True,False,False,False,False,False,False,False,False,True,False,False,False
150.0,3.0,30.0,11.0,27.773333333333333,False,False,False,True,False,False,False,False,False,True,False,False,True,False,False,False,False,False,False,False,True,False,False,False
100.0,2.0,30.0,16.0,21.0,True,False,False,False,False,False,False,False,False,True,False,True,False,False,False,False,False,False,False,True,False,False,False,False
86.0,1.8,35.0,4.0,19.627906976744185,False,False,False,False,False,True,False,False,False,False,False,True,False,False,False,False,False,False,False,False,True,False,False,False
115.0,2.1,35.0,3.0,21.73913043478261,False,False,False,False,False,True,False,False,False,True,False,False,True,False,False,False,False,False,False,True,False,False,False,False
98.0,1.5,30.0,3.0,25.51020408163265,False,False,False,False,False,True,False,False,False,False,False,False,True,False,False,False,False,False,False,False,True,False,False,False
88.0,2.0,30.0,16.0,26.13636363636364,False,False,False,False,False,True,False,False,False,False,False,True,False,False,False,False,False,False,False,True,False,False,False,False
40.0,2.0,30.0,26.0,15.0,False,True,False,False,False,False,False,False,False,False,False,True,False,False,False,False,False,False,False,True,False,False,False,False
141.0,1.16,30.0,18.0,22.69503546099291,False,True,False,False,False,False,False,False,False,False,False,True,False,False,False,False,False,False,False,True,False,False,False,False
30.0,2.5,30.0,6.0,36.63333333333333,False,False,False,True,False,False,False,False,False,False,False,False,True,False,False,False,False,False,False,True,False,False,False,False
165.0,2.0,30.0,26.0,21.206060606060607,False,False,False,False,False,False,False,False,False,False,False,True,False,False,False,False,False,False,False,False,True,False,False,False
89.0,2.5,25.0,12.0,13.48314606741573,False,True,False,False,False,False,False,False,False,True,False,True,False,False,False,False,False,False,False,False,True,False,False,False
57.81,2.0,30.0,15.0,24.19996540390936,False,True,False,False,False,False,False,False,False,True,False,True,False,False,False,False,False,False,False,False,True,False,False,False
122.0,2.5,30.0,8.0,24.59016393442623,False,False,False,False,False,False,False,False,False,False,False,True,False,False,False,False,False,False,False,False,True,False,False,False
46.0,2.0,30.0,26.0,13.021739130434783,False,True,False,False,False,False,True,False,False,False,False,True,False,True,False,False,False,False,False,True,False,False,False,False
142.14,1.2,30.0,6.0,26.73420571267765,False,True,False,False,False,False,False,False,False,True,False,False,True,False,False,False,False,False,False,False,True,False,False,False
63.0,2.5,30.0,26.0,19.047619047619047,False,True,False,False,False,False,False,False,False,False,False,True,False,False,False,False,False,False,False,True,False,False,False,False
89.0,2.1,27.0,8.0,26.40449438202247,False,True,False,False,False,False,False,False,False,False,False,True,False,False,False,False,False,False,False,False,True,False,False,False
55.0,2.0,30.0,5.0,40.0,False,False,False,False,False,False,False,False,False,False,False,True,False,False,True,False,False,False,False,True,False,False,False,False
153.0,2.0,30.0,21.0,71.89542483660131,False,False,False,False,False,False,False,False,False,False,False,True,False,False,False,False,False,False,False,True,False,False,False,False
117.0,4.7,20.0,13.0,16.23931623931624,False,False,False,False,False,True,False,False,False,False,False,True,False,False,False,False,False,False,False,True,False,False,False,False
279.6403240575057,0.5,35.0,19.0,13.419463087248324,False,False,False,False,False,True,False,False,True,False,False,True,False,True,False,False,False,False,False,True,False,False,False,False
80.0,2.25,50.0,14.0,23.125,False,False,False,True,False,False,False,False,False,True,False,True,False,False,False,False,False,False,False,True,False,False,False,False
120.0,2.0,30.0,11.0,25.0,False,False,False,False,False,False,True,False,False,False,False,True,False,False,False,False,False,False,False,True,False,False,False,False
55.25,2.5,30.0,26.0,19.90950226244344,False,True,False,False,False,False,False,False,False,False,False,True,False,False,False,False,False,False,False,False,True,False,False,False
136.33,2.0,20.0,26.0,12.469742536492332,False,True,False,False,False,False,False,False,False,True,False,True,False,False,False,False,False,False,False,False,True,False,False,False
88.02,1.08,30.0,13.0,17.041581458759374,False,True,False,False,False,False,True,False,False,False,False,True,False,False,False,False,False,False,False,False,True,False,False,False
58.0,2.6,29.98,5.0,20.67241379310345,False,False,False,False,False,False,True,False,False,False,False,False,True,False,False,False,False,False,False,True,False,False,False,False
120.0,2.5,30.0,6.0,24.15833333333333,False,False,False,True,False,False,False,False,False,False,False,True,False,False,False,False,False,False,False,True,False,False,False,False
77.0,1.8,30.0,6.0,25.97402597402597,False,False,False,False,False,True,True,False,False,False,False,True,False,False,False,False,False,False,False,False,False,False,False,False
88.51,2.0,50.0,13.0,19.771777200316347,False,True,False,False,False,False,False,False,False,True,False,True,False,False,False,False,False,False,False,False,True,False,False,False
96.0,2.0,30.0,15.0,15.625,False,True,False,False,False,False,False,False,False,False,False,True,False,False,False,False,False,False,False,False,True,False,False,False
66.15,2.0,30.0,21.0,21.16402116402116,False,False,False,False,False,True,False,False,False,False,False,True,False,False,False,False,False,False,False,True,False,False,False,False
107.0,2.5,30.0,18.0,24.11214953271028,True,False,False,False,False,False,True,False,False,False,False,True,False,False,False,False,False,False,False,True,False,False,False,False
142.35,1.5,30.0,17.0,19.58552862662452,False,True,False,False,False,False,False,True,False,False,False,False,True,False,False,False,False,False,False,False,True,False,False,False
120.0,1.3,30.0,10.0,11.666666666666666,False,False,False,False,False,True,False,False,False,True,False,True,False,False,False,False,False,False,False,True,False,False,False,False
47.0,2.0,30.0,16.0,25.53191489361702,False,False,True,False,False,False,False,False,False,False,True,False,False,False,False,False,False,False,False,True,False,False,False,False
108.0,1.5,30.0,6.0,20.37037037037037,False,True,False,False,False,False,False,False,False,False,False,True,False,False,False,False,False,False,False,False,True,False,False,False
132.0,2.6,29.98,5.0,23.477272727272727,False,False,False,False,False,False,False,False,False,False,False,True,False,False,False,False,False,False,False,True,False,False,False,False
88.0,1.6,40.0,9.0,21.59090909090909,False,False,False,False,False,True,False,False,False,True,False,True,False,False,False,False,False,False,False,True,False,False,False,False
87.68,1.8,25.0,11.0,19.38868613138686,False,True,False,False,False,False,False,False,False,True,False,False,True,False,False,False,False,False,False,False,True,False,False,False
126.0,2.3,30.0,12.0,18.253968253968253,False,True,False,False,False,False,False,False,False,False,False,False,True,False,False,False,False,False,False,False,True,False,False,False
120.0,1.5,30.0,14.0,22.491666666666667,False,False,False,True,False,False,False,False,False,False,False,True,False,False,False,False,False,False,False,True,False,False,False,False
91.26,2.0,30.2,28.0,21.915406530791145,False,True,False,False,False,False,False,False,False,False,False,False,True,False,False,False,False,False,False,False,True,False,False,False
35.0,2.5,20.0,22.0,18.571428571428573,False,False,False,False,False,False,False,False,True,False,False,True,False,False,False,False,False,False,False,False,True,False,False,False
60.44,2.5,30.0,20.0,18.199867637326275,False,True,False,False,False,False,False,False,False,False,False,True,False,False,False,False,False,False,False,False,True,False,False,False
279.6403240575057,2.5,35.0,38.0,18.482974337101016,False,True,False,False,False,False,True,False,False,False,False,False,True,False,False,False,False,False,False,False,True,False,False,False
90.0,2.0,30.0,4.0,32.21111111111111,False,True,False,False,False,False,False,False,False,False,False,False,True,False,False,False,False,False,False,False,True,False,False,False
135.55,1.7,30.0,18.0,13.648100331980816,False,False,False,False,False,True,False,False,False,False,False,True,False,False,False,False,False,False,False,True,False,False,False,False
89.0,2.5,30.0,6.0,20.2247191011236,False,False,False,False,False,True,False,False,False,False,False,True,False,False,False,False,False,False,False,True,False,False,False,False
108.0,1.5,30.0,5.0,29.62962962962963,False,False,False,False,False,False,False,False,False,True,False,True,False,False,False,False,False,False,False,False,True,False,False,False
42.0,2.5,30.0,15.0,23.80952380952381,False,True,False,False,False,False,False,False,False,True,False,True,False,False,False,False,False,False,False,False,True,False,False,False
89.0,1.6,40.0,9.0,21.34831460674157,False,False,False,False,False,True,False,False,False,True,False,True,False,False,False,False,False,False,False,False,True,False,False,False
123.0,2.5,30.0,9.0,25.1869918699187,False,False,False,False,False,False,False,False,False,True,False,True,False,False,False,False,False,False,False,False,True,False,False,False
118.0,2.5,30.0,9.0,29.65254237288136,False,False,False,False,False,False,False,False,False,True,False,True,False,False,False,False,False,False,False,True,False,False,False,False
108.0,2.5,30.0,6.0,30.55555555555556,False,False,False,False,False,False,True,False,False,False,False,True,False,False,False,False,False,False,False,True,False,False,False,False
180.18,1.5,30.0,21.0,14.43001443001443,False,False,False,False,False,True,False,False,False,True,False,True,False,False,False,False,False,False,False,False,True,False,False,False
55.0,0.5,50.0,9.0,27.272727272727277,False,False,False,False,False,False,False,False,False,True,False,True,False,False,False,False,False,False,False,False,True,False,False,False
100.0,2.77,25.0,13.0,28.0,False,True,False,False,False,False,False,False,False,True,False,False,True,False,False,False,False,False,False,True,False,False,False,False
60.0,1.2,30.0,22.0,26.65,False,False,False,True,False,False,False,False,False,True,False,True,False,False,False,False,False,False,False,True,False,False,False,False
130.0,2.5,30.0,16.0,26.923076923076923,False,False,False,True,False,False,False,False,False,True,False,True,False,False,False,False,False,False,False,True,False,False,False,False
106.0,2.1,27.0,8.0,23.57547169811321,False,True,False,False,False,False,False,False,False,False,False,True,False,False,False,False,False,False,False,False,True,False,False,False
50.0,1.2,30.0,26.0,11.98,False,True,False,False,False,False,False,False,False,True,True,False,False,False,False,False,False,False,False,True,False,False,False,False
140.6,2.4,30.0,12.0,20.27027027027027,False,True,False,False,False,False,False,False,False,False,False,False,True,False,False,False,False,False,False,False,True,False,False,False
279.6403240575057,1.2,30.0,10.0,65.625,False,True,False,False,False,False,False,False,True,False,False,False,True,True,False,False,False,False,False,False,True,False,False,False
130.0,1.98,30.0,5.0,26.923076923076923,False,False,False,False,False,False,False,False,False,True,False,True,False,False,False,False,False,False,False,False,True,False,False,False
46.0,1.8,30.0,30.0,14.347826086956522,False,True,False,False,False,False,False,False,False,True,False,True,False,False,False,False,False,False,False,True,False,False,False,False
89.65,2.0,30.0,12.0,18.96263245956497,False,True,False,False,False,False,False,False,False,False,False,True,False,False,False,False,False,False,False,True,False,False,False,False
53.0,2.0,30.0,3.0,28.30188679245283,False,True,False,False,False,False,True,False,False,False,False,False,True,False,False,False,False,False,False,True,False,False,False,False
55.0,1.2,30.0,9.0,47.27272727272727,False,False,False,False,False,False,False,False,True,False,False,True,False,False,True,False,False,False,False,True,False,False,False,False
62.0,1.6,30.0,16.0,25.806451612903224,False,True,False,False,False,False,False,False,False,True,False,True,False,False,False,False,False,False,False,True,False,False,False,False
126.62,2.3,30.0,6.0,20.53388090349076,False,False,False,False,False,True,False,False,False,False,False,True,False,False,False,False,False,False,False,True,False,False,False,False
130.0,2.0,20.0,6.0,26.923076923076923,False,False,False,True,False,False,False,False,False,False,False,False,True,False,False,False,False,False,False,True,False,False,False,False
89.67,1.3,30.0,10.0,22.30400356864057,False,False,False,False,False,True,False,False,False,False,False,True,False,False,False,False,False,False,False,False,True,False,False,False
98.0,1.5,30.0,31.0,17.142857142857142,False,True,False,False,False,False,False,False,False,True,False,True,False,False,False,False,False,False,False,False,True,False,False,False
35.0,2.5,30.0,26.0,34.25714285714286,False,False,False,True,False,False,False,False,True,False,False,True,False,False,False,False,False,False,False,True,False,False,False,False
45.0,2.5,30.0,26.0,26.666666666666668,False,True,False,False,False,False,True,False,False,False,False,True,False,False,False,False,False,False,False,True,False,False,False,False
110.0,1.8,30.0,4.0,21.818181818181817,False,True,False,False,False,False,False,False,False,True,False,False,True,False,False,False,False,False,False,True,False,False,False,False
140.0,1.5,30.0,14.0,26.785714285714285,False,False,False,True,False,False,False,False,False,False,False,True,False,False,False,False,False,False,False,False,True,False,False,False
63.0,2.5,30.0,11.0,36.507936507936506,False,False,False,True,False,False,True,False,False,False,False,True,False,False,False,False,False,False,False,False,True,False,False,False
121.98,2.9,30.0,11.0,14.756517461878996,False,False,False,False,False,True,True,False,False,False,False,True,False,False,False,False,False,False,False,True,False,False,False,False
80.0,2.5,30.0,6.0,30.0,False,False,False,False,False,False,False,False,False,True,False,True,False,False,False,False,True,False,False,False,False,False,False,False
97.15,2.3,30.0,6.0,20.58672156459084,False,False,False,False,False,True,False,False,False,False,False,False,True,False,False,False,False,False,False,False,True,False,False,False
130.0,2.5,30.0,6.0,27.6,False,True,False,False,False,False,True,False,False,False,False,False,True,False,False,False,False,False,False,False,True,False,False,False
147.0,2.0,30.0,15.0,19.72108843537415,False,False,False,True,False,False,False,False,False,False,False,True,False,False,False,False,False,False,False,True,False,False,False,False
132.77,1.7,30.0,18.0,13.80582963018754,False,False,False,False,False,True,False,False,False,False,False,True,False,False,False,False,False,False,False,False,True,False,False,False
88.0,2.5,30.0,9.0,31.806818181818183,False,False,False,True,False,False,True,False,False,False,False,False,True,False,False,False,False,False,False,True,False,False,False,False
36.0,1.5,30.0,6.0,20.83333333333333,False,False,False,False,False,False,False,False,True,False,False,True,False,False,False,False,False,False,False,False,True,False,False,False
99.0,1.8,30.0,25.0,21.91919191919192,True,False,False,False,False,False,True,False,False,False,False,True,False,False,False,False,False,False,False,True,False,False,False,False
101.0,1.5,40.0,16.0,9.9009900990099,False,True,False,False,False,False,False,False,False,False,False,True,False,False,False,False,False,False,False,False,True,False,False,False
42.0,2.2,20.0,11.0,23.80952380952381,False,True,False,False,False,False,False,False,False,True,False,True,False,False,True,False,False,False,False,True,False,False,False,False
90.33,1.4,30.0,10.0,14.391674969556073,False,True,False,False,False,False,False,False,False,True,True,False,False,False,False,False,False,False,False,False,True,False,False,False
65.0,1.2,25.0,26.0,15.076923076923077,False,True,False,False,False,False,False,False,False,True,False,True,False,False,False,False,False,False,False,True,False,False,False,False
279.6403240575057,0.5,50.0,17.0,22.641509433962263,False,False,False,False,False,False,False,False,True,False,False,False,True,True,False,False,False,False,False,False,True,False,False,False
110.0,2.5,30.0,26.0,19.09090909090909,False,True,False,False,False,False,True,False,False,False,False,True,False,False,False,False,False,False,False,True,False,False,False,False
110.0,2.0,30.0,9.0,33.63636363636363,False,False,False,False,False,False,False,False,False,True,False,True,False,False,False,False,False,False,False,False,True,False,False,False
125.0,2.3,30.0,12.0,14.4,False,True,False,False,False,False,False,False,False,True,False,True,False,False,False,False,False,False,False,True,False,False,False,False
100.0,3.35,30.0,17.0,25.0,False,False,False,False,False,False,False,False,False,True,False,True,False,False,False,False,False,False,False,False,True,False,False,False
87.0,1.6,25.0,7.0,20.689655172413797,False,False,False,False,False,True,False,False,False,True,False,True,False,False,False,False,False,False,False,False,True,False,False,False
136.0,2.0,30.0,15.0,15.441176470588236,False,True,False,False,False,False,False,False,False,True,False,True,False,False,False,False,False,False,False,True,False,False,False,False
80.0,2.5,30.0,22.0,27.4875,False,False,False,True,False,False,False,False,False,True,False,True,False,False,False,False,False,False,False,True,False,False,False,False
54.0,2.5,22.0,26.0,14.814814814814817,False,True,False,False,False,False,False,False,True,False,False,True,False,False,False,False,False,False,False,False,True,False,False,False
80.0,2.0,30.0,5.0,20.0,False,True,False,False,False,False,False,False,False,False,False,True,False,False,False,False,False,False,False,False,True,False,False,False
96.0,2.5,30.0,6.0,19.791666666666668,False,False,False,False,False,True,True,False,False,False,False,True,False,False,False,False,False,False,False,False,True,False,False,False
89.0,1.8,35.0,4.0,23.59550561797753,False,False,False,False,False,True,False,False,False,False,False,True,False,False,False,False,False,False,False,False,True,False,False,False
40.0,1.2,30.0,18.0,15.0,False,True,False,False,False,False,False,False,False,False,False,True,False,False,False,False,False,False,False,True,False,False,False,False
40.0,3.0,30.0,5.0,25.0,False,True,False,False,False,False,False,False,False,False,False,True,False,False,False,False,False,False,False,False,True,False,False,False
96.66,1.5,36.07,14.0,17.23567142561556,False,False,False,False,False,True,False,False,False,True,False,False,True,False,False,False,False,False,False,True,False,False,False,False
198.18,2.5,30.0,17.0,12.110202845897668,False,False,False,False,False,True,False,False,False,False,False,True,False,False,False,False,False,False,False,False,True,False,False,False
39.99,2.6,30.0,7.0,36.25906476619154,False,True,False,False,False,False,False,False,False,False,False,True,False,False,False,False,False,False,False,False,True,False,False,False
39.0,2.0,30.0,11.0,17.923076923076923,False,False,False,False,False,True,False,False,True,False,False,True,False,False,False,False,False,False,False,True,False,False,False,False
48.0,2.0,30.0,15.0,26.041666666666668,True,False,False,False,False,False,True,False,False,False,False,True,False,False,False,False,False,False,True,False,False,False,False,False
43.0,2.0,30.0,15.0,18.6046511627907,False,True,False,False,False,False,False,False,False,True,False,True,False,False,False,False,False,False,False,False,True,False,False,False
93.0,3.3,30.0,20.0,24.731182795698924,False,True,False,False,False,False,False,False,False,False,False,True,False,False,False,False,False,False,False,False,True,False,False,False
120.0,1.2,30.0,26.0,19.991666666666667,False,False,False,True,False,False,False,False,False,False,False,False,True,False,False,False,False,False,False,True,False,False,False,False
96.0,2.5,30.0,8.0,27.08333333333333,False,True,False,False,False,False,False,False,False,True,False,False,True,False,False,False,False,False,False,False,True,False,False,False
87.51,1.43,30.0,12.0,18.283624728602444,False,False,False,False,False,True,False,False,False,True,False,True,False,False,False,False,False,False,False,True,False,False,False,False
279.6403240575057,0.5,50.0,30.0,16.774193548387096,False,False,False,False,False,True,False,False,True,False,False,False,True,True,False,False,False,False,False,False,True,False,False,False
125.0,1.5,40.0,16.0,10.4,False,True,False,False,False,False,True,False,False,False,False,True,False,False,False,False,False,False,False,False,True,False,False,False
90.4,2.0,30.0,16.0,22.11283185840708,False,False,False,False,False,True,True,False,False,False,False,False,True,False,False,False,False,False,False,False,True,False,False,False
56.0,2.5,30.0,8.0,23.196428571428573,False,False,False,False,False,True,False,False,False,True,False,False,True,False,False,False,False,False,False,False,False,True,False,False
113.0,2.5,30.0,22.0,22.11504424778761,False,False,False,True,False,False,True,False,False,False,False,True,False,False,False,False,False,False,False,True,False,False,False,False
60.0,2.5,30.0,5.0,28.33333333333333,False,False,False,False,False,False,True,False,False,False,False,True,False,False,False,False,False,False,False,True,False,False,False,False
98.0,1.2,30.0,23.0,22.6734693877551,False,True,False,False,False,False,True,False,False,False,False,False,True,False,False,False,False,False,False,False,True,False,False,False
40.0,1.2,30.0,26.0,16.25,False,True,False,False,False,False,True,False,False,False,False,True,False,False,False,False,False,False,False,True,False,False,False,False
120.0,2.0,30.0,4.0,33.325,False,True,False,False,False,False,False,False,False,False,False,False,True,False,False,False,False,False,False,True,False,False,False,False
129.14,1.5,30.0,21.0,13.009137370295804,False,False,False,False,False,True,False,False,True,False,False,True,False,False,False,False,False,False,False,True,False,False,False,False
143.0,2.0,30.0,16.0,17.832167832167833,True,False,False,False,False,False,True,False,False,False,False,True,False,False,False,False,False,False,False,True,False,False,False,False
49.94,1.5,20.0,29.0,26.011213456147377,False,True,False,False,False,False,False,False,False,True,False,False,True,False,False,False,False,False,False,True,False,False,False,False
80.0,2.5,30.0,6.0,18.75,False,False,False,True,False,False,False,False,True,False,False,False,True,False,False,False,False,False,False,True,False,False,False,False
98.0,4.5,25.0,11.0,28.06122448979592,False,False,False,False,False,False,False,False,False,False,False,True,False,False,True,False,False,False,False,False,True,False,False,False
89.0,2.0,30.0,16.0,21.34831460674157,False,False,False,False,False,True,False,False,False,True,False,False,True,False,False,False,False,False,False,True,False,False,False,False
108.0,2.0,30.0,5.0,17.59259259259259,False,True,False,False,False,False,False,False,False,True,False,True,False,False,False,False,False,False,False,False,True,False,False,False
89.0,3.0,30.0,4.0,25.84269662921348,False,True,False,False,False,False,False,False,False,True,False,True,False,False,False,False,False,False,False,False,True,False,False,False
110.0,2.0,30.0,28.0,18.181818181818183,False,True,False,False,False,False,False,False,False,False,False,True,False,False,False,False,False,False,False,True,False,False,False,False
80.0,2.5,30.0,15.0,13.125,False,True,False,False,False,False,True,False,False,False,False,True,False,False,True,False,False,False,False,False,True,False,False,False
89.0,2.0,30.0,10.0,15.168539325842696,False,True,False,False,False,False,False,False,False,True,True,False,False,False,False,False,False,False,False,False,True,False,False,False
105.0,3.4,15.0,10.0,23.80952380952381,False,False,False,False,False,False,False,False,False,False,False,True,False,False,True,False,False,False,False,False,True,False,False,False
96.0,2.5,30.0,7.0,20.83333333333333,False,False,False,False,False,True,False,False,False,False,False,True,False,False,False,False,False,False,False,True,False,False,False,False
120.0,2.0,30.0,6.0,24.991666666666667,False,False,False,False,False,False,False,False,False,True,False,False,True,False,False,False,False,False,False,True,False,False,False,False
89.0,1.5,30.0,17.0,21.123595505617978,False,True,False,False,False,False,False,False,False,False,False,True,False,False,False,False,False,False,False,True,False,False,False,False
136.0,3.0,28.0,24.0,18.38235294117647,False,True,False,False,False,False,False,False,False,True,False,False,True,False,False,False,False,False,False,True,False,False,False,False
90.0,1.2,30.0,26.0,25.55555555555556,False,True,False,False,False,False,True,False,False,False,False,True,False,False,False,False,False,False,False,False,True,False,False,False
70.0,2.0,30.0,3.0,19.714285714285715,False,True,False,False,False,False,False,False,False,False,False,True,False,False,False,False,False,False,False,True,False,False,False,False
130.0,2.0,20.0,29.0,22.21538461538461,False,False,False,False,False,False,True,False,False,False,False,False,True,False,False,False,False,False,False,True,False,False,False,False
98.0,1.5,30.0,31.0,18.26530612244898,False,True,False,False,False,False,False,False,False,True,False,True,False,False,False,False,False,False,False,True,False,False,False,False
147.0,2.0,30.0,14.0,25.51020408163265,False,False,False,False,False,False,True,False,False,False,False,True,False,False,False,False,False,False,False,False,True,False,False,False
89.0,1.8,30.0,5.0,16.629213483146067,False,True,False,False,False,False,False,False,False,False,False,True,False,False,False,False,False,False,False,True,False,False,False,False
120.0,2.0,30.0,20.0,16.666666666666668,False,False,False,False,False,False,False,False,True,False,True,False,False,False,False,False,False,False,False,True,False,False,False,False
130.0,2.0,30.0,22.0,23.0,False,False,False,True,False,False,False,False,False,True,False,False,True,False,False,False,False,False,False,True,False,False,False,False
35.0,1.0,20.0,31.0,17.142857142857142,False,True,False,False,False,False,False,False,False,False,False,True,False,False,False,False,False,False,False,True,False,False,False,False
96.66,1.5,36.07,14.0,17.587419822056695,False,False,False,False,False,True,False,False,False,True,False,True,False,False,False,False,False,False,False,False,True,False,False,False
89.0,2.0,30.0,11.0,28.08988764044944,False,False,False,False,False,False,True,False,False,False,False,True,False,False,False,False,False,False,False,False,True,False,False,False
89.0,2.0,30.0,6.0,20.2247191011236,False,False,False,False,False,True,True,False,False,False,False,True,False,False,False,False,False,False,False,True,False,False,False,False
38.0,2.0,20.0,31.0,23.657894736842103,False,False,False,True,False,False,False,False,True,False,False,True,False,False,False,False,False,False,False,False,True,False,False,False
106.0,2.0,30.0,7.0,21.22641509433962,False,False,False,False,False,False,False,False,False,False,False,True,False,False,False,False,False,False,False,True,False,False,False,False
96.0,2.0,30.0,2.0,20.83333333333333,False,False,False,False,False,True,False,False,False,True,False,True,False,False,False,False,False,False,False,True,False,False,False,False
198.0,2.5,30.0,17.0,11.616161616161616,False,False,False,False,False,True,False,False,False,False,False,True,False,False,False,False,False,False,False,False,True,False,False,False
40.0,2.0,35.1,16.0,15.0,False,True,False,False,False,False,False,False,False,False,False,True,False,False,False,False,False,False,False,True,False,False,False,False
60.0,1.2,30.0,16.0,11.65,False,True,False,False,False,False,True,False,False,False,False,True,False,False,False,False,False,False,False,True,False,False,False,False
99.97,2.0,23.0,11.0,25.0075022506752,False,True,False,False,False,False,False,False,False,False,False,False,True,False,False,False,False,False,False,True,False,False,False,False
138.0,2.0,30.0,5.0,23.18840579710145,False,False,False,False,False,False,False,False,False,False,False,False,True,False,False,False,False,False,False,True,False,False,False,False
40.0,2.1,20.0,11.0,20.0,True,False,False,False,False,False,False,False,True,False,False,True,False,False,False,False,False,False,False,True,False,False,False,False
60.0,3.4,25.0,16.0,13.333333333333334,False,True,False,False,False,False,False,False,False,False,False,True,False,False,True,False,False,False,False,False,True,False,False,False
55.0,2.5,30.0,22.0,24.181818181818183,False,False,False,True,False,False,False,False,False,False,False,False,True,False,False,False,False,False,False,True,False,False,False,False
57.22,2.5,30.0,27.0,23.593149248514507,False,True,False,False,False,False,False,False,False,True,False,True,False,False,False,False,False,False,False,True,False,False,False,False
90.0,2.0,30.0,26.0,25.544444444444444,False,False,False,True,False,False,False,False,True,False,False,False,True,False,False,False,False,False,False,True,False,False,False,False
80.0,2.5,30.0,8.0,31.25,False,False,False,False,False,False,True,False,False,False,False,True,False,False,True,False,False,False,False,True,False,False,False,False
147.0,2.5,30.0,5.0,23.80952380952381,False,False,False,False,False,False,False,False,False,True,False,True,False,False,False,False,False,False,False,False,True,False,False,False
87.0,1.5,30.0,16.0,17.24137931034483,False,True,False,False,False,False,False,False,False,False,False,True,False,False,False,False,False,False,False,False,True,False,False,False
110.0,1.2,30.0,20.0,20.0,False,False,False,False,False,False,False,False,False,False,True,False,False,False,False,False,False,False,False,True,False,False,False,False
59.0,1.8,20.0,36.0,22.033898305084747,False,True,False,False,False,False,False,False,False,True,False,True,False,False,False,False,False,False,False,False,False,False,True,False
91.38,2.5,50.0,12.0,21.667760998030204,False,True,False,False,False,False,True,False,False,False,False,True,False,False,False,False,False,False,False,False,True,False,False,False
50.0,1.8,30.0,28.0,13.98,False,True,False,False,False,False,True,False,False,False,False,True,False,False,False,False,False,False,False,True,False,False,False,False
81.86,1.5,30.0,24.0,19.545565599804544,False,True,False,False,False,False,False,False,False,False,False,True,False,False,False,False,False,False,False,False,True,False,False,False
60.0,1.2,30.0,26.0,16.633333333333333,False,False,False,False,False,True,False,False,False,False,False,False,True,False,False,False,False,False,False,False,True,False,False,False
90.0,1.5,30.0,23.0,15.555555555555555,False,True,False,False,False,False,True,False,False,False,False,True,False,False,False,False,False,False,False,False,True,False,False,False
130.0,2.5,30.0,6.0,23.06923076923077,False,False,False,True,False,False,False,False,False,False,False,True,False,False,False,False,False,False,False,True,False,False,False,False
143.1,1.2,20.0,23.0,4.542278127183788,False,True,False,False,False,False,False,False,True,False,False,True,False,False,False,False,False,False,False,True,False,False,False,False
140.0,2.0,30.0,11.0,21.42142857142857,False,False,False,False,False,False,False,False,False,True,False,True,False,False,False,False,False,False,False,False,True,False,False,False
45.0,2.49,19.6,11.0,28.88888888888889,False,False,False,False,False,False,False,False,False,True,False,True,False,False,False,False,False,False,False,False,True,False,False,False
75.0,1.0,20.0,31.0,19.33333333333333,False,True,False,False,False,False,True,False,False,False,False,False,True,False,False,False,False,False,False,False,True,False,False,False
53.0,2.5,30.0,11.0,32.056603773584904,False,False,False,True,False,False,True,False,False,False,False,False,True,False,False,False,False,False,False,True,False,False,False,False
50.0,2.5,30.0,6.0,17.76,False,False,False,False,False,False,False,False,True,False,False,False,True,False,False,False,False,False,False,False,True,False,False,False
40.0,1.6,30.0,12.0,19.975,False,False,False,False,False,True,False,False,False,False,False,True,False,True,False,False,False,False,False,True,False,False,False,False
99.0,1.8,30.0,30.0,22.22222222222222,False,True,False,False,False,False,False,False,False,True,False,False,True,False,False,False,False,False,False,False,True,False,False,False
48.0,2.0,30.0,26.0,31.229166666666668,False,False,False,True,False,False,False,False,False,True,False,False,True,False,False,False,False,False,False,False,True,False,False,False
90.0,2.5,30.0,9.0,33.333333333333336,False,False,False,False,False,False,True,False,False,False,False,False,True,False,False,False,False,False,False,True,False,False,False,False
100.4,2.5,30.0,5.0,31.87250996015936,False,False,False,False,False,False,False,False,False,True,False,True,False,False,False,False,False,False,False,False,True,False,False,False
133.0,2.0,30.0,26.0,17.954887218045112,False,True,False,False,False,False,False,False,False,False,False,True,False,False,False,False,False,False,False,True,False,False,False,False
89.16,2.0,30.0,18.0,28.03947958725886,False,True,False,False,False,False,True,False,False,False,False,False,True,False,False,False,False,False,False,False,True,False,False,False
143.0,2.5,30.0,9.0,23.307692307692307,True,False,False,False,False,False,False,False,False,False,False,True,False,False,False,False,False,False,False,True,False,False,False,False
78.0,4.5,25.0,11.0,30.97435897435897,False,False,False,False,False,False,True,False,False,False,False,True,False,False,True,False,False,False,False,False,True,False,False,False
60.0,1.5,30.0,25.0,20.0,False,True,False,False,False,False,False,False,False,False,False,True,False,False,True,False,False,False,False,True,False,False,False,False
108.0,2.5,30.0,11.0,20.37037037037037,False,True,False,False,False,False,False,False,False,False,False,True,False,False,False,False,False,False,False,True,False,False,False,False
92.0,1.6,30.0,17.0,21.630434782608692,False,True,False,False,False,False,True,False,False,False,False,True,False,False,False,False,False,False,False,False,True,False,False,False
40.0,1.2,30.0,8.0,25.0,False,False,False,False,False,True,True,False,False,False,False,True,False,False,False,False,False,False,True,False,False,False,False,False
42.0,0.5,50.0,9.0,23.80952380952381,False,False,False,False,False,False,False,False,True,False,False,True,False,False,False,False,False,False,False,False,True,False,False,False
79.16,1.6,30.0,17.0,21.475492673067208,False,False,False,False,False,True,False,False,False,False,False,True,False,False,False,False,False,False,False,False,True,False,False,False
87.0,2.0,30.0,10.0,16.666666666666668,False,True,False,False,False,False,True,False,False,False,False,True,False,False,False,False,False,False,False,True,False,False,False,False
174.0,2.0,30.0,14.0,17.816091954022987,False,False,False,False,False,False,True,False,False,False,False,True,False,False,False,False,False,False,False,False,True,False,False,False
115.0,1.8,10.0,26.0,13.043478260869565,False,True,False,False,False,False,False,False,False,False,False,True,False,False,False,False,False,False,False,False,True,False,False,False
89.49,1.8,30.0,28.0,17.87909263604872,False,True,False,False,False,False,False,False,False,True,False,True,False,False,False,False,False,False,False,True,False,False,False,False
89.0,2.0,30.0,13.0,17.97752808988764,False,False,False,False,False,True,False,False,False,False,False,True,False,False,False,False,False,False,False,False,True,False,False,False
40.0,2.5,25.0,12.0,25.0,False,True,False,False,False,False,False,False,False,False,False,True,False,False,False,False,False,False,False,False,True,False,False,False
113.0,2.0,30.0,18.0,19.469026548672566,False,False,False,False,False,False,False,False,True,False,False,True,False,False,False,False,False,False,False,False,True,False,False,False
126.0,2.5,30.0,6.0,17.46031746031746,False,False,False,False,False,True,True,False,False,False,False,True,False,False,False,False,False,False,False,True,False,False,False,False
100.0,2.5,30.0,11.0,24.99,False,False,False,False,False,False,True,False,False,False,False,True,False,False,False,False,False,False,False,True,False,False,False,False
56.0,2.0,30.0,9.0,44.642857142857146,False,False,False,False,False,False,False,False,True,False,False,True,False,False,False,False,False,False,False,False,True,False,False,False
48.0,4.5,25.0,11.0,31.25,False,False,False,False,False,False,False,False,False,False,True,False,False,False,True,False,False,False,False,True,False,False,False,False
87.0,2.0,30.0,15.0,17.24137931034483,False,True,False,False,False,False,False,False,False,False,False,True,False,False,False,False,False,False,False,True,False,False,False,False
57.77,0.5,30.0,28.0,22.485719231435,False,True,False,False,False,False,False,False,False,True,False,True,False,False,False,False,False,False,False,True,False,False,False,False
130.0,1.5,30.0,4.0,25.384615384615383,False,True,False,False,False,False,False,False,False,True,False,True,False,False,False,False,False,False,False,True,False,False,False,False
129.0,2.0,30.0,16.0,23.25581395348837,False,False,False,True,False,False,True,False,False,False,False,True,False,False,False,False,False,False,False,True,False,False,False,False
130.0,2.0,30.0,5.0,23.07692307692308,False,False,False,False,False,False,False,False,False,True,False,True,False,False,False,False,False,False,False,True,False,False,False,False
117.65,2.0,30.0,15.0,15.97960050998725,False,True,False,False,False,False,False,False,False,False,False,True,False,False,False,False,False,False,False,False,True,False,False,False
29.0,3.8,30.0,8.0,27.55172413793104,False,False,False,False,False,False,False,False,False,True,False,True,False,False,True,False,False,False,False,False,True,False,False,False
130.0,1.2,30.0,11.0,30.76923076923077,False,True,False,False,False,False,True,False,False,False,False,True,False,False,False,False,False,False,False,True,False,False,False,False
81.0,3.0,30.0,4.0,24.69135802469136,False,True,False,False,False,False,False,False,False,False,False,True,False,False,False,False,False,False,False,False,True,False,False,False
60.0,2.5,30.0,26.0,13.316666666666666,False,True,False,False,False,False,False,False,False,False,False,True,False,False,False,False,False,False,False,True,False,False,False,False
40.0,1.5,30.0,26.0,17.475,False,True,False,False,False,False,False,False,False,False,False,True,False,False,False,False,False,False,False,True,False,False,False,False
248.56,2.0,30.0,19.0,31.380753138075317,False,True,False,False,False,False,False,False,True,False,False,True,False,False,False,False,False,False,False,False,True,False,False,False
108.0,2.0,30.0,22.0,26.85185185185185,False,False,False,True,False,False,True,False,False,False,False,False,True,False,False,False,False,False,False,True,False,False,False,False
93.0,1.2,30.1,12.0,21.50537634408602,False,True,False,False,False,False,False,False,False,False,False,True,False,False,False,False,False,False,False,True,False,False,False,False
40.0,2.4,15.0,4.0,19.7,False,True,False,False,False,False,False,False,True,False,False,True,False,False,False,False,False,False,False,True,False,False,False,False
117.0,1.3,30.0,11.0,6.829059829059829,False,False,False,False,False,True,False,False,False,True,False,True,False,False,False,False,False,False,False,True,False,False,False,False
99.0,2.5,30.0,11.0,25.252525252525253,False,False,False,False,False,False,False,False,False,False,False,True,False,False,False,False,False,False,False,True,False,False,False,False
95.0,2.5,30.0,3.0,17.894736842105264,False,False,False,False,False,True,False,False,False,False,False,True,False,False,False,False,False,False,False,True,False,False,False,False
40.0,2.0,23.0,22.0,15.0,False,True,False,False,False,False,False,False,False,False,False,True,False,False,False,False,False,False,False,True,False,False,False,False
120.0,2.2,30.0,11.0,20.0,False,False,False,False,False,True,True,False,False,False,False,True,False,False,False,False,False,False,False,False,True,False,False,False
130.0,1.8,30.0,21.0,20.0,False,False,False,False,False,True,False,False,False,False,False,False,True,False,False,False,False,False,False,False,True,False,False,False
90.0,2.5,50.0,17.0,22.22222222222222,False,False,False,False,False,False,True,False,False,False,False,True,False,False,False,False,False,False,False,True,False,False,False,False
40.0,1.5,45.0,16.0,22.5,True,False,False,False,False,False,False,False,True,False,False,True,False,False,False,False,False,False,False,True,False,False,False,False
107.0,1.8,30.0,3.0,25.233644859813083,False,True,False,False,False,False,False,False,False,False,False,True,False,False,False,False,False,False,False,False,True,False,False,False
122.0,2.0,30.0,11.0,23.68032786885246,False,False,False,False,False,False,False,False,False,False,False,True,False,False,False,False,False,False,False,True,False,False,False,False
108.0,1.5,30.0,8.0,25.0,False,True,False,False,False,False,False,False,False,False,False,True,False,False,False,False,False,False,False,True,False,False,False,False
50.0,1.8,20.0,6.0,15.98,False,True,False,False,False,False,True,False,False,False,False,True,False,False,False,False,False,False,False,True,False,False,False,False
130.0,2.5,30.0,8.0,11.53076923076923,False,False,False,False,False,True,False,False,False,True,False,False,True,False,False,False,False,False,False,False,True,False,False,False
40.0,1.8,30.0,16.0,28.75,False,False,False,False,False,True,False,False,False,True,False,True,False,False,False,False,False,False,False,False,True,False,False,False
61.0,1.0,20.0,33.0,26.229508196721312,False,True,False,False,False,False,False,False,False,False,False,True,False,False,False,False,False,False,False,False,True,False,False,False
99.0,1.5,25.0,13.0,25.24242424242424,False,False,False,True,False,False,True,False,False,False,False,True,False,False,False,False,False,False,False,True,False,False,False,False
40.0,3.0,30.0,5.0,30.0,False,True,False,False,False,False,False,False,False,False,False,True,False,False,False,False,False,False,False,True,False,False,False,False
89.0,2.0,30.0,16.0,17.97752808988764,False,False,False,False,False,True,False,False,False,True,False,False,True,False,False,False,False,False,False,True,False,False,False,False
52.53,0.5,30.0,28.0,28.53607462402437,False,True,False,False,False,False,False,False,True,False,False,True,False,False,False,False,False,False,False,True,False,False,False,False
83.0,2.0,30.0,11.0,19.27710843373494,False,False,False,False,False,True,False,False,False,False,False,True,False,False,False,False,False,False,False,True,False,False,False,False
40.0,2.5,30.0,5.0,17.5,False,False,False,False,False,True,False,False,False,False,False,True,False,False,False,False,False,False,False,True,False,False,False,False
110.0,2.0,30.0,6.0,33.45454545454545,False,False,False,False,False,False,False,False,False,True,False,True,False,False,False,False,False,False,False,True,False,False,False,False
114.0,2.0,30.0,18.0,21.92982456140351,False,False,False,False,False,False,False,False,False,False,False,True,False,False,False,False,False,False,False,True,False,False,False,False
88.0,2.5,30.0,26.0,22.727272727272727,False,False,False,False,False,False,False,False,False,True,False,True,False,False,True,False,False,False,False,False,True,False,False,False
1.0,2.0,30.0,11.0,3750.0,False,False,False,False,False,False,False,False,False,False,False,True,False,False,False,False,False,False,False,False,True,False,False,False
157.0,2.0,30.0,14.0,19.10828025477707,False,False,False,False,False,False,False,False,False,True,False,True,False,False,False,False,False,False,False,False,True,False,False,False
45.0,2.0,30.0,15.0,24.444444444444443,True,False,False,False,False,False,False,False,False,True,False,True,False,False,False,False,False,False,False,True,False,False,False,False
40.0,2.0,30.0,28.0,20.0,False,True,False,False,False,False,False,False,False,False,False,True,False,False,False,False,False,False,True,False,False,False,False,False
131.0,1.5,30.0,17.0,20.610687022900763,False,True,False,False,False,False,False,False,False,True,False,True,False,False,False,False,False,False,False,False,True,False,False,False
40.0,1.05,31.0,13.0,19.975,False,False,False,False,False,True,False,False,False,False,False,True,False,True,False,False,False,False,False,True,False,False,False,False
28.0,0.5,30.0,26.0,28.535714285714285,False,False,False,False,False,False,True,False,False,False,False,True,False,False,False,False,True,False,False,False,False,False,False,False
100.0,2.5,23.0,26.0,12.8,False,True,False,False,False,False,False,False,False,True,False,True,False,False,False,False,False,False,False,False,True,False,False,False
28.0,1.5,30.0,6.0,24.964285714285715,False,False,False,False,False,False,False,False,False,False,False,True,False,False,False,False,True,False,False,False,False,False,False,False
126.69,2.3,30.0,6.0,17.36522219591128,False,False,False,False,False,True,False,False,False,False,False,True,False,False,False,False,False,False,False,True,False,False,False,False
89.97,1.08,30.0,13.0,22.229632099588752,False,True,False,False,False,False,False,False,False,False,False,False,True,False,False,False,False,False,False,False,True,False,False,False
150.0,2.5,30.0,26.0,27.773333333333333,False,False,False,True,False,False,False,False,False,False,False,True,False,False,False,False,False,False,False,True,False,False,False,False
3.0,1.98,30.0,5.0,1266.6666666666667,False,False,False,False,False,False,False,False,True,False,False,True,False,False,False,False,False,False,False,False,True,False,False,False
45.0,2.0,30.0,28.0,24.444444444444443,False,True,False,False,False,False,False,False,False,True,False,False,True,False,False,False,False,False,False,True,False,False,False,False
89.75,1.74,32.0,12.0,20.3899721448468,False,False,False,False,False,True,False,False,False,True,False,True,False,False,False,False,False,False,False,False,True,False,False,False
52.53,0.5,30.0,28.0,30.458785455929945,False,True,False,False,False,False,False,False,False,False,False,False,True,False,False,False,False,False,False,True,False,False,False,False
138.0,2.5,30.0,9.0,23.18840579710145,False,False,False,False,False,False,False,False,False,True,False,True,False,False,False,False,False,False,False,False,True,False,False,False
56.0,2.5,30.0,27.0,27.678571428571427,False,True,False,False,False,False,False,False,False,True,False,True,False,False,False,False,False,False,False,True,False,False,False,False
130.0,1.2,30.0,26.0,21.53846153846154,False,False,False,True,False,False,False,False,True,False,False,True,False,False,False,False,False,False,False,False,True,False,False,False
49.0,2.5,30.0,26.0,17.346938775510203,False,True,False,False,False,False,False,False,False,False,False,True,False,False,False,False,False,False,False,True,False,False,False,False
143.0,3.4,15.0,10.0,22.377622377622377,False,False,False,False,False,False,False,False,False,True,False,True,False,False,False,False,False,False,False,False,True,False,False,False
40.0,2.0,30.0,16.0,19.975,False,False,False,False,False,True,False,False,False,True,False,True,False,False,False,False,False,False,False,True,False,False,False,False
35.0,2.0,30.0,23.0,22.82857142857143,False,False,False,False,False,False,False,False,False,False,False,True,False,False,False,False,False,False,False,False,True,False,False,False
122.0,1.2,30.0,23.0,16.39344262295082,False,True,False,False,False,False,False,False,False,False,False,True,False,False,False,False,False,False,False,False,True,False,False,False
109.0,2.0,30.0,28.0,16.513761467889907,False,False,False,False,False,True,False,False,False,False,False,False,True,False,False,False,False,False,False,False,True,False,False,False
135.0,2.5,30.0,5.0,29.62962962962963,False,False,False,False,False,False,False,False,False,True,False,True,False,False,False,False,False,False,False,True,False,False,False,False
94.08,2.9,30.0,11.0,22.321428571428573,False,False,False,False,False,True,True,False,False,False,False,True,False,False,False,False,False,False,False,False,False,False,False,False
40.4,2.2,20.0,11.0,19.8019801980198,False,True,False,False,False,False,False,False,False,False,False,True,False,False,True,False,False,False,False,False,True,False,False,False
98.53,2.0,20.0,30.0,15.223789708718156,False,True,False,False,False,False,False,False,False,False,False,True,False,False,False,False,False,False,False,True,False,False,False,False
87.0,1.6,28.0,9.0,22.988505747126435,False,True,False,False,False,False,True,False,False,False,False,True,False,False,False,False,False,False,False,False,True,False,False,False
80.32,1.8,30.0,28.0,27.390438247011957,False,True,False,False,False,False,False,False,False,False,False,True,False,False,False,False,False,False,False,False,True,False,False,False
133.0,2.6,30.0,5.0,26.22556390977444,False,False,False,True,False,False,True,False,False,False,False,True,False,False,False,False,False,False,False,True,False,False,False,False
85.72,1.5,30.0,24.0,18.665422305179654,False,True,False,False,False,False,False,False,True,False,False,True,False,False,False,False,False,False,False,True,False,False,False,False
92.0,2.5,35.0,6.0,32.59782608695652,False,False,False,True,False,False,False,False,False,True,False,True,False,False,False,False,False,False,False,True,False,False,False,False
120.0,2.15,30.0,5.0,30.0,False,True,False,False,False,False,False,False,False,True,False,False,True,False,False,False,False,False,False,True,False,False,False,False
90.0,2.5,30.0,26.0,28.88888888888889,False,False,False,False,False,False,True,False,False,False,False,True,False,False,False,False,False,False,False,True,False,False,False,False
60.0,2.5,30.0,15.0,16.666666666666668,False,True,False,False,False,False,False,False,False,True,True,False,False,False,True,False,False,False,False,True,False,False,False,False
86.0,0.5,50.0,9.0,25.569767441860463,False,False,False,False,False,False,False,False,False,True,False,True,False,False,False,False,False,False,False,True,False,False,False,False
139.0,2.5,50.0,17.0,16.784172661870503,False,False,False,False,False,False,False,False,False,True,False,True,False,False,False,False,False,False,False,True,False,False,False,False
97.0,2.0,30.0,26.0,18.55670103092784,False,True,False,False,False,False,True,False,False,False,False,True,False,False,False,False,False,False,False,False,True,False,False,False
89.95,2.0,25.0,10.0,27.79321845469705,False,True,False,False,False,False,True,False,False,False,False,True,False,False,False,False,False,False,False,False,True,False,False,False
180.0,1.2,22.0,26.0,16.666666666666668,False,True,False,False,False,False,False,False,False,False,False,True,False,False,False,False,False,False,False,False,True,False,False,False
108.0,2.5,30.0,6.0,27.77777777777778,False,False,False,False,False,False,False,False,False,True,False,True,False,False,False,False,False,False,False,False,True,False,False,False
133.0,1.8,30.0,21.0,14.285714285714286,False,False,False,False,False,True,True,False,False,False,False,True,False,False,False,False,False,False,False,False,True,False,False,False
89.0,1.74,32.0,12.0,20.2247191011236,False,False,False,False,False,True,True,False,False,False,False,True,False,False,False,False,False,False,False,False,True,False,False,False
73.0,0.5,50.0,9.0,24.65753424657534,False,False,False,False,False,False,False,False,False,False,False,True,False,False,False,False,True,False,False,False,False,False,False,False
98.0,1.5,30.0,31.0,15.306122448979592,False,True,False,False,False,False,True,False,False,False,False,True,False,False,False,False,False,False,False,False,True,False,False,False
99.22,1.6,30.0,28.0,18.14150372908688,False,True,False,False,False,False,True,False,False,False,False,True,False,False,False,False,False,False,False,False,True,False,False,False
50.0,2.0,25.0,8.0,14.0,False,True,False,False,False,False,True,False,False,False,False,True,False,False,False,False,False,False,False,True,False,False,False,False
47.33,2.5,30.0,26.0,28.52313543207268,False,True,False,False,False,False,False,False,False,False,False,True,False,False,False,False,False,False,False,True,False,False,False,False
87.0,2.0,30.0,26.0,22.977011494252874,False,True,False,False,False,False,False,False,False,False,False,True,False,False,False,False,False,False,False,False,True,False,False,False
80.32,1.8,30.0,28.0,26.14541832669323,False,True,False,False,False,False,False,False,False,True,False,True,False,False,False,False,False,False,False,True,False,False,False,False
160.0,2.5,30.0,21.0,28.125,False,False,False,True,False,False,False,False,False,False,False,False,True,False,False,False,False,False,False,False,True,False,False,False
110.0,2.5,30.0,7.0,20.0,False,True,False,False,False,False,False,False,False,True,False,False,True,False,False,False,False,False,False,False,True,False,False,False
120.0,2.5,30.0,9.0,29.166666666666668,False,False,False,False,False,False,False,False,False,True,False,True,False,False,False,False,False,False,False,True,False,False,False,False
101.0,2.5,30.0,5.0,31.683168316831683,False,False,False,False,False,False,True,False,False,False,False,True,False,False,False,False,False,False,False,False,True,False,False,False
30.0,2.5,30.0,22.0,26.666666666666668,False,True,False,False,False,False,False,False,False,True,False,True,False,False,False,False,False,False,False,False,True,False,False,False
136.0,2.5,20.0,22.0,20.580882352941178,False,False,False,False,False,False,False,False,False,True,False,True,False,False,False,False,False,False,False,False,True,False,False,False
140.27,1.6,35.0,28.0,13.901760889712696,False,True,False,False,False,False,True,False,False,False,False,True,False,False,False,False,False,False,False,False,True,False,False,False
90.0,2.0,30.0,16.0,25.55555555555556,False,False,False,True,False,False,False,False,False,False,False,True,False,False,False,False,False,False,False,True,False,False,False,False
30.0,2.5,30.0,26.0,33.333333333333336,False,True,False,False,False,False,False,False,False,True,False,True,False,False,False,False,False,False,False,True,False,False,False,False
87.0,1.3,30.0,26.0,16.091954022988507,False,True,False,False,False,False,False,False,False,True,False,True,False,False,False,False,False,False,False,False,True,False,False,False
89.0,2.5,30.0,6.0,25.84269662921348,False,True,False,False,False,False,False,False,False,True,False,False,True,False,False,False,False,False,False,True,False,False,False,False
53.0,2.0,30.0,21.0,22.641509433962263,False,False,False,False,False,True,False,False,False,False,False,True,False,False,False,False,False,False,False,False,False,False,True,False
98.0,2.0,30.0,22.0,26.520408163265305,False,False,False,True,False,False,False,False,False,False,False,False,True,False,False,False,False,False,False,True,False,False,False,False
90.0,1.5,20.0,31.0,21.11111111111111,False,True,False,False,False,False,True,False,False,False,False,True,False,False,False,False,False,False,False,True,False,False,False,False
30.0,2.5,30.0,26.0,30.0,False,True,False,False,False,False,False,False,False,True,False,True,False,False,False,False,False,False,False,True,False,False,False,False
89.81,1.74,32.0,12.0,17.81538804142078,False,False,False,False,False,True,False,False,False,False,False,True,False,False,False,False,False,False,False,False,True,False,False,False
62.0,2.5,28.0,19.0,26.61290322580645,False,True,False,False,False,False,False,False,False,False,False,True,False,False,False,False,False,False,False,False,False,False,False,True
48.0,2.0,30.0,14.0,22.89583333333333,False,False,False,False,False,False,False,False,True,False,False,True,False,False,False,False,False,False,False,False,True,False,False,False
89.0,1.57,30.0,6.0,16.853932584269664,False,True,False,False,False,False,False,False,False,True,False,True,False,False,False,False,False,False,False,False,True,False,False,False
89.0,2.6,30.0,10.0,26.21348314606741,True,False,False,False,False,False,False,False,False,False,False,True,False,False,False,False,False,False,False,True,False,False,False,False
279.6403240575057,0.5,50.0,17.0,13.332,False,False,False,False,False,False,False,False,True,False,False,True,False,True,False,False,False,False,False,False,True,False,False,False
125.0,2.3,30.0,12.0,14.4,False,True,False,False,False,False,False,False,False,True,False,True,False,False,False,False,False,False,False,False,True,False,False,False
100.0,1.5,25.0,19.0,17.0,False,True,False,False,False,False,False,False,False,False,False,True,False,False,False,False,False,False,False,True,False,False,False,False
50.0,2.5,35.0,13.0,25.0,True,False,False,False,False,False,False,False,False,False,False,True,False,False,False,False,False,False,False,True,False,False,False,False
126.0,1.7,30.0,6.0,34.12698412698413,False,False,False,False,False,True,False,False,False,False,False,False,True,False,False,False,False,False,False,False,True,False,False,False
117.0,1.8,20.0,6.0,12.82051282051282,False,True,False,False,False,False,True,False,False,False,False,True,False,False,False,False,False,False,False,False,True,False,False,False
88.0,1.2,30.0,28.0,20.454545454545453,False,True,False,False,False,False,False,False,False,False,False,True,False,False,False,False,False,False,False,False,True,False,False,False
76.0,2.5,30.0,8.0,28.94736842105263,False,True,False,False,False,False,False,False,False,False,False,True,False,False,False,False,False,False,False,False,True,False,False,False
60.0,2.0,30.0,14.0,19.8,False,False,False,False,False,False,False,False,False,True,False,True,False,False,False,False,False,False,False,False,True,False,False,False
50.0,2.5,30.0,14.0,33.32,False,False,False,True,False,False,False,False,False,False,False,True,False,False,False,False,False,False,False,True,False,False,False,False
130.0,2.0,30.0,21.0,16.923076923076923,False,False,False,False,False,True,False,False,False,True,False,True,False,False,False,False,False,False,False,False,True,False,False,False
133.0,1.5,30.0,6.0,6.7593984962406015,False,False,False,False,False,True,True,False,False,False,False,True,False,False,False,False,False,False,False,True,False,False,False,False
150.0,2.0,30.0,16.0,26.66,False,False,False,True,False,False,False,False,False,False,False,True,False,False,False,False,False,False,False,True,False,False,False,False
87.0,2.0,30.0,8.0,10.333333333333334,False,True,False,False,False,False,False,False,False,True,False,True,False,False,False,False,False,False,False,False,True,False,False,False
40.0,2.5,30.0,8.0,45.0,False,False,False,False,False,False,False,False,False,True,False,True,False,False,True,False,False,False,False,True,False,False,False,False
150.0,1.2,30.0,24.0,15.553333333333333,True,False,False,False,False,False,True,False,False,False,False,True,False,False,False,False,False,False,False,True,False,False,False,False
143.39,1.0,25.0,28.0,14.638398772578284,False,True,False,False,False,False,False,False,False,False,False,True,False,False,False,False,False,False,False,False,True,False,False,False
160.0,2.0,30.0,16.0,18.1875,False,False,False,False,False,False,False,False,False,False,False,True,False,False,False,False,True,False,False,False,False,False,False,False
1.0,0.5,50.0,16.0,25000.0,False,False,False,False,False,False,False,True,False,False,True,False,False,True,False,False,False,False,False,False,True,False,False,False
180.0,1.5,30.0,12.0,11.105555555555556,False,True,False,False,False,False,False,False,False,True,False,False,True,False,False,False,False,False,False,False,True,False,False,False
56.0,1.5,30.0,30.0,23.214285714285715,False,True,False,False,False,False,True,False,False,False,False,False,True,False,False,False,False,False,False,True,False,False,False,False
130.0,1.8,39.0,4.0,22.29230769230769,False,False,False,True,False,False,False,False,False,False,False,True,False,False,False,False,False,False,False,True,False,False,False,False
123.0,1.6,30.0,28.0,20.32520325203252,False,True,False,False,False,False,False,False,False,False,False,False,True,False,False,False,False,False,False,False,True,False,False,False
120.0,1.5,30.0,14.0,16.666666666666668,False,True,False,False,False,False,True,False,False,False,False,True,False,False,False,False,False,False,False,False,True,False,False,False
35.0,2.5,25.0,12.0,19.97142857142857,False,True,False,False,False,False,False,False,False,False,False,True,False,False,False,False,False,False,False,False,True,False,False,False
60.0,2.5,30.0,26.0,11.666666666666666,False,False,False,False,False,True,False,False,False,True,False,True,False,False,False,False,False,False,False,True,False,False,False,False
41.0,2.0,30.0,21.0,29.26829268292683,False,False,False,False,False,False,False,False,False,True,True,False,False,False,False,False,False,False,True,False,False,False,False,False
35.0,1.2,30.0,26.0,34.285714285714285,False,False,False,True,False,False,True,False,False,False,False,True,False,False,False,False,False,False,False,False,True,False,False,False
20.0,1.2,30.0,26.0,37.5,False,False,False,True,False,False,False,False,True,False,False,False,True,False,False,False,False,False,False,True,False,False,False,False
130.0,2.0,20.0,6.0,26.91538461538461,False,False,False,True,False,False,False,False,False,False,False,False,True,False,False,False,False,False,False,True,False,False,False,False
43.0,2.5,30.0,26.0,27.906976744186046,False,True,False,False,False,False,False,False,False,False,False,False,True,False,False,False,False,False,False,True,False,False,False,False
87.0,0.5,30.0,13.0,22.988505747126435,False,False,False,False,False,False,False,False,False,False,False,True,False,True,False,False,False,False,False,False,True,False,False,False
53.85,1.2,30.0,22.0,19.498607242339837,False,True,False,False,False,False,False,False,False,True,False,True,False,False,False,False,False,False,False,True,False,False,False,False
88.0,2.5,30.0,9.0,31.806818181818183,False,False,False,True,False,False,False,False,False,True,False,False,True,False,False,False,False,False,False,True,False,False,False,False
128.0,2.5,30.0,5.0,14.0625,False,True,False,False,False,False,True,False,False,False,False,False,True,False,False,False,False,False,False,False,True,False,False,False
128.22,1.8,30.0,23.0,11.69864295741694,False,False,False,False,False,True,False,False,False,True,False,False,True,False,False,False,False,False,False,False,True,False,False,False
80.0,2.5,30.0,11.0,8.7375,False,True,False,False,False,False,False,False,False,False,False,True,False,False,False,False,False,False,False,True,False,False,False,False
59.0,2.5,30.0,11.0,22.033898305084747,False,False,False,False,False,False,True,False,False,False,False,False,True,False,False,False,False,False,False,True,False,False,False,False
49.0,2.5,20.0,27.0,20.40816326530612,False,True,False,False,False,False,False,False,False,True,False,True,False,False,False,False,False,False,False,True,False,False,False,False
100.0,2.0,30.0,26.0,19.0,False,True,False,False,False,False,False,False,False,True,False,True,False,False,False,False,False,False,False,False,True,False,False,False
110.0,1.5,30.0,6.0,27.26363636363636,False,False,False,True,False,False,False,False,False,False,False,True,False,False,False,False,False,False,False,True,False,False,False,False
48.0,2.0,30.0,9.0,18.75,False,False,False,False,False,True,False,False,False,True,False,True,False,False,True,False,False,False,False,False,False,False,False,False
80.0,2.0,30.0,5.0,19.75,False,True,False,False,False,False,True,False,False,False,False,False,True,False,False,False,False,False,False,True,False,False,False,False
60.0,1.8,30.0,28.0,13.316666666666666,False,True,False,False,False,False,False,False,False,True,False,True,False,False,False,False,False,False,False,True,False,False,False,False
75.0,1.2,30.0,26.0,21.33333333333333,False,True,False,False,False,False,True,False,False,False,False,False,True,False,False,False,False,False,False,False,True,False,False,False
90.08,1.2,21.0,26.0,18.65008880994672,False,True,False,False,False,False,True,False,False,False,False,True,False,False,False,False,False,False,False,False,True,False,False,False
52.69,2.5,30.0,19.0,17.08104004554944,False,False,False,False,False,True,False,False,False,True,False,True,False,False,False,False,False,False,False,True,False,False,False,False
105.0,2.0,30.0,6.0,22.38095238095238,False,False,False,False,False,True,False,False,False,False,False,True,False,False,False,False,False,False,False,True,False,False,False,False
92.0,2.0,30.0,12.0,22.64130434782609,True,False,False,False,False,False,False,False,True,False,False,True,False,False,False,False,False,False,False,True,False,False,False,False
120.0,2.0,30.0,11.0,22.216666666666665,False,False,False,False,False,False,False,False,False,True,False,True,False,False,False,False,False,False,False,True,False,False,False,False
46.5,1.8,30.0,23.0,18.27956989247312,False,False,False,False,False,True,False,False,False,False,False,True,False,False,False,False,False,False,False,False,False,False,False,False
115.0,2.5,30.0,13.0,23.469565217391303,False,False,False,False,False,False,True,False,False,False,False,True,False,False,False,False,False,False,False,False,True,False,False,False
106.65,2.2,30.0,13.0,26.25410220346929,False,True,False,False,False,False,False,False,False,False,False,False,True,False,False,False,False,False,False,False,True,False,False,False
98.23,2.3,30.0,6.0,21.22569479792324,False,False,False,False,False,True,False,False,False,False,False,True,False,False,False,False,False,False,False,True,False,False,False,False
93.0,1.7,20.0,30.0,17.204301075268816,False,True,False,False,False,False,False,False,False,True,False,True,False,False,False,False,False,False,False,False,True,False,False,False
102.0,1.2,30.0,24.0,19.607843137254903,False,True,False,False,False,False,False,False,False,False,False,True,False,False,False,False,False,False,False,False,True,False,False,False
98.0,2.5,30.0,6.0,23.46938775510204,False,True,False,False,False,False,False,False,False,True,False,True,False,False,False,False,False,False,False,False,True,False,False,False
123.0,2.0,30.0,26.0,5.682926829268292,False,False,False,True,False,False,False,False,True,False,False,False,True,False,False,False,False,False,False,True,False,False,False,False
115.0,1.8,30.0,4.0,19.82608695652174,False,True,False,False,False,False,False,False,False,True,False,False,True,False,False,False,False,False,False,True,False,False,False,False
90.0,1.3,30.0,26.0,15.555555555555555,False,True,False,False,False,False,False,False,False,False,False,False,True,False,False,False,False,False,False,False,True,False,False,False
279.6403240575057,0.5,50.0,17.0,27.776666666666667,False,False,False,False,False,False,False,True,False,False,False,True,False,True,False,False,False,False,False,False,True,False,False,False
98.0,2.15,30.0,5.0,35.714285714285715,False,True,False,False,False,False,True,False,False,False,False,True,False,False,False,False,False,False,False,False,True,False,False,False
230.0,2.5,30.0,6.0,20.43478260869565,False,False,False,True,False,False,True,False,False,False,False,False,True,False,False,False,False,False,False,True,False,False,False,False
98.0,2.25,50.0,14.0,28.56122448979592,False,False,False,True,False,False,True,False,False,False,False,False,True,False,False,False,False,False,False,True,False,False,False,False
150.0,2.0,30.0,22.0,27.773333333333333,False,False,False,True,False,False,False,False,False,True,False,False,True,False,False,False,False,False,False,False,True,False,False,False
89.98,2.0,25.0,10.0,26.67259390975772,False,True,False,False,False,False,False,False,False,False,False,True,False,False,False,False,False,False,False,False,True,False,False,False
127.74,1.7,30.0,18.0,13.699702520745264,False,False,False,False,False,True,False,False,False,False,True,False,False,False,False,False,False,False,False,False,True,False,False,False
132.0,2.0,30.0,15.0,18.939393939393938,True,False,False,False,False,False,False,False,False,False,False,True,False,False,False,False,False,False,False,True,False,False,False,False
30.0,1.04,30.0,14.0,25.0,False,False,False,False,False,True,False,False,True,False,False,True,False,True,False,False,False,False,False,True,False,False,False,False
90.0,2.0,30.0,8.0,24.444444444444443,False,False,False,False,False,False,True,False,False,False,False,True,False,False,False,False,False,False,False,True,False,False,False,False
91.74,2.77,25.0,13.0,30.52103771528232,False,True,False,False,False,False,False,False,False,False,False,True,False,False,False,False,False,False,False,False,True,False,False,False
96.64,2.3,30.0,6.0,20.68501655629139,False,False,False,False,False,True,False,False,False,True,False,True,False,False,False,False,False,False,False,False,True,False,False,False
138.0,2.0,30.0,21.0,15.942028985507246,False,False,False,False,False,False,False,False,False,True,False,True,False,False,False,False,False,False,False,False,True,False,False,False
40.0,2.5,30.0,11.0,27.475,False,False,False,False,False,False,True,False,False,False,False,False,True,False,False,False,False,False,False,True,False,False,False,False
90.0,2.5,30.0,21.0,22.22222222222222,False,True,False,False,False,False,False,False,False,True,False,True,False,False,False,False,False,False,False,True,False,False,False,False
163.42,2.5,35.0,38.0,25.088728429812758,False,True,False,False,False,False,False,False,False,False,False,True,False,False,False,False,False,False,False,True,False,False,False,False
85.69,1.5,30.0,24.0,21.00595168631112,False,True,False,False,False,False,False,False,False,False,False,True,False,False,False,False,False,False,False,True,False,False,False,False
87.0,1.6,30.0,17.0,19.149425287356323,False,False,False,False,False,True,False,False,False,False,False,True,False,False,False,False,False,False,False,True,False,False,False,False
131.0,1.7,30.0,6.0,39.69465648854962,False,False,False,False,False,True,False,False,False,True,False,False,True,False,False,False,False,False,False,True,False,False,False,False
92.0,2.0,40.0,21.0,16.847826086956523,False,True,False,False,False,False,False,False,False,True,False,True,False,False,False,False,False,False,False,False,True,False,False,False
131.0,2.5,30.0,6.0,29.00763358778626,False,False,False,False,False,False,False,False,False,True,False,True,False,False,False,False,False,False,False,True,False,False,False,False
108.0,2.5,30.0,3.0,12.962962962962964,False,False,False,False,False,True,True,False,False,False,False,True,False,False,False,False,False,False,False,False,True,False,False,False
91.7,2.5,35.0,6.0,32.70447110141767,False,False,False,True,False,False,False,False,False,True,False,False,True,False,False,False,False,False,False,True,False,False,False,False
60.0,1.2,30.0,26.0,18.33333333333333,False,True,False,False,False,False,False,False,False,False,False,True,False,False,False,False,False,False,False,False,True,False,False,False
141.0,2.0,30.0,14.0,17.72340425531915,False,False,False,False,False,False,False,False,False,True,False,True,False,False,False,False,False,False,False,False,True,False,False,False
75.0,1.0,20.0,31.0,18.666666666666668,False,True,False,False,False,False,True,False,False,False,False,True,False,False,False,False,False,False,False,False,True,False,False,False
45.0,2.5,23.0,26.0,13.333333333333334,False,True,False,False,False,False,False,False,True,False,True,False,False,False,False,False,False,False,False,True,False,False,False,False
110.0,1.9,25.0,4.0,27.272727272727277,False,False,False,False,False,False,False,False,False,False,False,True,False,False,False,False,False,False,False,False,True,False,False,False
143.87,3.45,43.0,17.0,15.291582678807256,False,True,False,False,False,False,False,False,False,True,False,False,True,False,False,False,False,False,False,False,True,False,False,False
112.86,1.6,30.0,28.0,16.835016835016834,False,True,False,False,False,False,False,False,False,False,False,True,False,False,False,False,False,False,False,False,True,False,False,False
41.0,2.0,20.0,19.0,21.951219512195124,False,True,False,False,False,False,False,False,False,False,False,True,False,False,True,False,False,False,False,False,True,False,False,False
220.0,1.8,30.0,23.0,16.363636363636363,False,False,False,False,False,True,False,False,True,False,False,False,True,True,False,False,False,False,False,False,True,False,False,False
90.0,1.0,20.0,31.0,17.766666666666666,False,True,False,False,False,False,False,False,False,False,False,False,True,False,False,False,False,False,False,False,True,False,False,False
142.0,2.0,30.0,16.0,14.084507042253522,True,False,False,False,False,False,False,False,False,True,False,True,False,False,False,False,False,False,False,True,False,False,False,False
129.06,2.6,30.0,5.0,35.64233689756702,False,False,False,False,False,False,False,False,False,True,False,True,False,False,False,False,False,False,False,True,False,False,False,False
100.0,2.5,30.0,11.0,35.0,False,False,False,False,False,False,True,False,False,False,False,True,False,False,False,False,False,False,False,True,False,False,False,False
120.0,2.0,30.0,21.0,24.991666666666667,False,False,False,True,False,False,False,False,False,True,False,True,False,False,False,False,False,False,False,False,True,False,False,False
89.0,2.0,30.0,3.0,25.84269662921348,False,False,False,False,False,True,False,False,False,False,False,True,False,False,False,False,False,False,False,True,False,False,False,False
99.0,2.0,30.0,16.0,22.727272727272727,True,False,False,False,False,False,False,False,False,True,False,True,False,False,False,False,False,False,False,True,False,False,False,False
60.0,1.5,30.0,6.0,13.316666666666666,False,False,False,False,False,True,False,False,False,False,False,True,False,False,False,False,False,False,False,True,False,False,False,False
105.0,2.0,30.0,3.0,27.60952380952381,False,False,False,False,False,True,False,False,False,True,False,False,True,False,False,False,False,False,False,True,False,False,False,False
151.0,2.0,30.0,10.0,17.748344370860927,False,False,False,True,False,False,True,False,False,False,True,False,False,False,False,False,False,False,False,False,True,False,False,False
35.0,2.0,20.0,31.0,25.714285714285715,False,False,False,True,False,False,False,False,True,False,False,True,False,False,False,False,False,False,False,False,True,False,False,False
60.0,1.2,30.0,26.0,19.98333333333333,False,False,False,True,False,False,False,False,False,True,False,True,False,False,False,False,False,False,False,True,False,False,False,False
118.0,2.5,30.0,6.0,24.56779661016949,False,False,False,True,False,False,False,False,False,False,False,False,True,False,False,False,False,False,False,False,True,False,False,False
127.0,2.0,30.0,6.0,35.43307086614173,False,False,False,False,False,True,False,False,False,True,False,False,True,False,False,False,False,False,False,False,True,False,False,False
93.5,1.8,20.0,36.0,17.754010695187166,False,True,False,False,False,False,False,False,False,True,False,True,False,False,False,False,False,False,False,True,False,False,False,False
40.0,1.5,30.0,20.0,22.5,False,False,False,True,False,False,False,False,True,False,False,True,False,False,False,False,False,False,False,True,False,False,False,False
120.0,2.0,30.0,4.0,25.83333333333333,False,True,False,False,False,False,False,False,False,False,False,True,False,False,False,False,False,False,False,False,True,False,False,False
54.0,2.0,30.0,4.0,26.53703703703704,True,False,False,False,False,False,False,False,False,True,False,True,False,False,False,True,False,False,False,False,False,False,False,False
107.0,1.5,25.0,28.0,16.822429906542055,False,True,False,False,False,False,True,False,False,False,False,True,False,False,False,False,False,False,False,True,False,False,False,False
89.0,1.8,30.0,26.0,23.59550561797753,False,True,False,False,False,False,False,False,False,True,False,True,False,False,False,False,False,False,False,True,False,False,False,False
117.78,2.9,30.0,11.0,18.67889285107828,False,False,False,False,False,True,False,False,False,False,False,False,True,False,False,False,False,False,False,False,False,False,False,False
88.49,2.0,40.0,21.0,18.985196067352245,False,True,False,False,False,False,False,False,False,False,False,True,False,False,False,False,False,False,False,False,True,False,False,False
50.0,1.82,31.0,21.0,15.98,False,True,False,False,False,False,False,False,False,False,False,True,False,False,False,False,False,False,False,True,False,False,False,False
91.0,2.0,25.0,10.0,19.78021978021978,False,True,False,False,False,False,False,False,False,False,False,True,False,False,False,False,False,False,False,False,True,False,False,False
35.0,1.2,30.0,26.0,17.142857142857142,False,False,False,False,False,True,True,False,False,False,False,True,False,False,False,False,False,False,False,False,False,False,False,False
89.0,2.5,30.0,3.0,20.21348314606741,False,False,False,False,False,True,False,False,False,True,False,True,False,False,False,False,False,False,False,True,False,False,False,False
95.0,3.0,30.0,26.0,19.789473684210527,True,False,False,False,False,False,True,False,False,False,True,False,False,False,False,False,False,False,False,True,False,False,False,False
235.0,2.5,30.0,6.0,20.0,False,False,False,True,False,False,True,False,False,False,False,False,True,False,False,False,False,False,False,True,False,False,False,False
40.0,1.7,20.0,14.0,12.0,False,True,False,False,False,False,False,False,False,True,False,True,False,False,False,False,False,False,False,True,False,False,False,False
89.0,2.45,32.0,5.0,35.95505617977528,False,False,False,False,False,False,False,False,False,True,False,True,False,False,False,False,False,False,False,False,True,False,False,False
40.0,1.5,36.07,14.0,17.475,False,False,False,False,False,True,True,False,False,False,False,True,False,False,True,False,False,False,False,True,False,False,False,False
89.0,2.5,30.0,26.0,22.471910112359552,False,False,False,False,False,True,True,False,False,False,False,False,True,False,False,False,False,False,False,True,False,False,False,False
91.1,1.2,30.0,26.0,17.56311745334797,False,True,False,False,False,False,False,False,False,False,False,True,False,False,False,False,False,False,False,False,True,False,False,False
112.0,1.2,30.1,12.0,26.785714285714285,False,True,False,False,False,False,False,False,False,False,False,False,True,False,False,False,False,False,False,False,True,False,False,False
89.97,1.08,30.0,13.0,20.00666888962988,False,True,False,False,False,False,False,False,False,False,False,True,False,False,False,False,False,False,False,True,False,False,False,False
137.0,2.0,30.0,21.0,29.197080291970803,False,False,False,False,False,False,False,False,False,True,False,True,False,False,False,False,True,False,False,False,False,False,False,False
36.0,1.2,30.0,16.0,40.27777777777778,False,True,False,False,False,False,False,False,False,False,False,False,True,False,False,False,False,False,False,False,False,False,False,False
52.8,2.0,25.0,14.0,28.40909090909091,False,True,False,False,False,False,False,False,False,False,False,True,False,False,False,False,False,False,False,True,False,False,False,False
118.0,2.0,30.0,11.0,25.406779661016948,False,False,False,True,False,False,False,False,False,True,False,True,False,False,False,False,False,False,False,True,False,False,False,False
40.0,1.2,30.0,26.0,29.95,False,False,False,True,False,False,False,False,False,False,False,False,True,False,False,False,False,False,False,True,False,False,False,False
87.29,2.0,20.0,10.0,20.62091877649215,False,True,False,False,False,False,False,False,False,True,False,True,False,False,False,False,False,False,False,True,False,False,False,False
89.0,1.6,40.0,9.0,21.34831460674157,False,False,False,False,False,True,False,False,False,False,False,True,False,False,False,False,False,False,False,False,True,False,False,False
58.0,1.2,27.0,36.0,27.58620689655172,False,True,False,False,False,False,False,False,False,True,False,True,False,False,False,False,False,False,False,True,False,False,False,False
98.0,1.8,39.0,4.0,29.59183673469388,False,False,False,True,False,False,True,False,False,False,False,False,True,False,False,False,False,False,False,True,False,False,False,False
137.0,2.8,30.0,5.0,24.08029197080292,False,False,False,False,False,False,False,False,False,False,False,True,False,False,False,False,False,False,False,True,False,False,False,False
127.0,1.8,30.0,6.0,18.89763779527559,False,False,False,False,False,True,True,False,False,False,False,True,False,False,False,False,False,False,False,True,False,False,False,False
90.0,3.0,30.0,14.0,35.55555555555556,False,False,False,False,False,False,True,False,False,False,False,True,False,False,False,False,False,False,False,False,True,False,False,False
48.0,2.0,30.0,9.0,29.166666666666668,False,False,False,False,False,False,False,False,True,False,False,True,False,False,False,False,False,False,False,True,False,False,False,False
130.0,2.0,30.0,20.0,23.07692307692308,False,False,False,False,False,False,False,False,False,True,False,True,False,False,False,False,False,False,False,True,False,False,False,False
40.0,1.5,30.0,26.0,18.0,False,True,False,False,False,False,False,False,True,False,False,True,False,False,False,False,False,False,False,True,False,False,False,False
43.69,2.5,30.0,22.0,29.755092698558023,False,True,False,False,False,False,False,False,False,True,False,True,False,False,False,False,False,False,False,False,True,False,False,False
50.0,1.2,10.0,21.0,22.0,False,True,False,False,False,False,False,False,False,True,False,True,False,False,False,False,False,False,False,False,True,False,False,False
60.0,1.2,30.0,26.0,21.65,False,False,False,True,False,False,False,False,True,False,False,False,True,False,False,False,False,False,False,True,False,False,False,False
100.0,2.5,20.0,22.0,7.5,False,False,False,False,False,False,False,False,True,False,False,True,False,False,False,False,False,False,False,False,True,False,False,False
45.0,1.2,30.0,26.0,18.88888888888889,False,False,False,True,False,False,False,False,False,False,False,True,False,False,False,False,False,False,False,False,True,False,False,False
100.2,1.9,26.0,23.0,11.976047904191615,False,True,False,False,False,False,False,False,False,False,False,True,False,False,False,False,False,False,False,False,True,False,False,False
120.0,2.0,30.0,6.0,24.991666666666667,False,False,False,False,False,False,False,False,False,False,False,True,False,False,False,False,False,False,False,False,True,False,False,False
180.0,2.0,30.0,18.0,16.11111111111111,False,False,False,True,False,False,False,False,False,True,False,False,True,False,False,False,False,False,False,False,True,False,False,False
47.0,2.5,30.0,15.0,21.27659574468085,False,True,False,False,False,False,False,False,False,False,False,True,False,False,False,False,False,False,False,False,True,False,False,False
50.0,3.4,15.0,10.0,30.0,False,False,False,False,False,False,False,False,False,False,False,True,False,False,True,False,False,False,False,False,False,False,False,False
120.0,2.0,30.0,20.0,14.166666666666666,False,True,False,False,False,False,True,False,False,False,False,False,True,False,False,False,False,False,False,False,True,False,False,False
134.0,1.2,25.0,17.0,19.402985074626866,False,True,False,False,False,False,False,False,False,False,False,True,False,False,False,False,False,False,False,False,True,False,False,False
113.8,1.5,28.0,21.0,14.0597539543058,False,True,False,False,False,False,False,False,False,False,False,True,False,False,False,False,False,False,False,False,True,False,False,False
80.0,1.8,39.0,4.0,23.6,False,False,False,True,False,False,False,False,False,True,False,True,False,False,False,False,False,False,False,True,False,False,False,False
45.0,2.5,35.0,23.0,17.755555555555556,False,True,False,False,False,False,True,False,False,False,False,False,True,False,False,False,False,False,False,False,False,True,False,False
58.0,2.49,19.6,11.0,25.86206896551724,False,False,False,False,False,False,True,False,False,False,False,True,False,False,False,False,False,False,False,True,False,False,False,False
180.18,1.5,30.0,21.0,13.098013098013098,False,False,False,False,False,True,False,False,False,True,False,True,False,False,False,False,False,False,False,True,False,False,False,False
132.0,2.0,30.0,15.0,21.21212121212121,False,False,False,False,False,False,False,False,False,True,False,False,True,False,True,False,False,False,False,True,False,False,False,False
100.0,2.0,30.0,11.0,27.99,False,False,False,False,False,False,False,False,False,True,False,True,False,False,False,False,False,False,False,False,True,False,False,False
96.66,1.5,36.07,14.0,16.552865714876887,False,False,False,False,False,True,False,False,False,False,False,True,False,False,False,False,False,False,False,True,False,False,False,False
100.0,2.0,30.0,26.0,20.0,False,True,False,False,False,False,False,False,False,True,False,True,False,False,False,False,False,False,False,False,True,False,False,False
66.0,2.5,30.0,11.0,33.31818181818182,False,False,False,True,False,False,False,False,False,True,False,True,False,False,False,False,False,False,False,True,False,False,False,False
115.0,2.0,30.0,2.0,19.130434782608692,False,False,False,False,False,True,False,False,False,True,False,True,False,False,False,False,False,False,False,True,False,False,False,False
40.0,1.5,36.07,14.0,17.5,False,False,False,False,False,True,True,False,False,False,False,True,False,False,True,False,False,False,False,True,False,False,False,False
101.0,2.5,30.0,8.0,27.22772277227723,False,False,False,False,False,False,False,False,False,False,False,True,False,False,False,False,False,False,False,True,False,False,False,False
29.05,2.5,30.0,22.0,34.42340791738382,False,True,False,False,False,False,False,False,False,False,False,True,False,False,False,False,False,False,False,False,False,False,True,False
35.0,2.1,20.0,11.0,22.857142857142858,True,False,False,False,False,False,False,False,False,False,False,True,False,False,False,False,False,False,False,True,False,False,False,False
77.0,3.0,30.0,5.0,28.571428571428573,False,False,False,False,False,False,False,False,False,False,False,False,True,False,False,False,False,False,False,True,False,False,False,False
135.0,2.9,30.0,11.0,14.807407407407409,False,False,False,False,False,True,True,False,False,False,False,True,False,False,False,False,False,False,False,True,False,False,False,False
96.0,2.5,30.0,7.0,17.708333333333332,False,False,False,False,False,True,False,False,False,False,False,True,False,False,False,False,False,False,False,True,False,False,False,False
110.0,2.5,30.0,26.0,26.354545454545452,False,False,False,False,False,False,True,False,False,False,False,True,False,False,False,False,False,False,False,True,False,False,False,False
57.0,2.0,30.0,5.0,31.57894736842105,False,False,False,False,False,False,False,False,False,False,False,True,False,False,True,False,False,False,False,True,False,False,False,False
86.0,2.0,30.0,2.0,17.441860465116278,False,False,False,False,False,True,True,False,False,False,False,True,False,False,False,False,False,False,False,True,False,False,False,False
53.38,1.8,28.0,24.0,25.8523791682278,False,True,False,False,False,False,False,False,False,True,False,True,False,False,False,False,False,False,False,True,False,False,False,False
120.0,2.2,30.0,13.0,6.666666666666667,False,True,False,False,False,False,False,False,False,False,False,True,False,False,False,False,False,False,False,True,False,False,False,False
115.0,2.1,35.0,3.0,24.347826086956523,False,False,False,False,False,True,False,False,False,False,False,False,True,False,False,False,False,False,False,True,False,False,False,False
133.0,2.0,30.0,18.0,17.293233082706767,False,False,False,False,False,False,False,False,False,False,False,True,False,False,False,False,False,False,False,False,True,False,False,False
95.0,2.0,30.0,15.0,21.05263157894737,True,False,False,False,False,False,True,False,False,False,False,True,False,False,False,False,False,False,False,True,False,False,False,False
129.0,1.5,30.0,11.0,18.6046511627907,False,False,False,False,False,False,False,False,False,True,False,True,False,False,False,False,False,False,False,True,False,False,False,False
150.0,2.6,30.0,5.0,23.99333333333333,False,False,False,True,False,False,False,False,False,False,False,True,False,False,False,False,False,False,False,True,False,False,False,False
142.0,2.0,30.0,14.0,29.5774647887324,False,False,False,False,False,False,False,False,False,True,False,True,False,False,False,False,False,False,False,False,True,False,False,False
89.0,2.5,30.0,6.0,22.471910112359552,False,True,False,False,False,False,False,False,False,True,False,True,False,False,False,False,False,False,False,True,False,False,False,False
130.0,2.0,30.0,21.0,16.923076923076923,False,False,False,False,False,False,False,False,False,True,False,True,False,False,False,False,False,False,False,True,False,False,False,False
30.68,1.8,28.0,24.0,26.07561929595828,False,True,False,False,False,False,True,False,False,False,False,True,False,False,False,False,False,False,False,False,True,False,False,False
50.0,3.4,15.0,10.0,31.6,False,False,False,False,False,False,False,False,False,True,False,True,False,False,True,False,False,False,False,True,False,False,False,False
120.0,2.8,30.0,5.0,27.775,False,False,False,False,False,False,False,False,False,False,False,True,False,False,False,False,False,False,False,True,False,False,False,False
124.69,1.5,25.0,24.0,20.04972331381827,False,True,False,False,False,False,True,False,False,False,False,True,False,False,False,False,False,False,False,False,True,False,False,False
89.0,1.6,40.0,9.0,21.34831460674157,False,False,False,False,False,True,False,False,False,False,False,True,False,False,False,False,False,False,False,False,True,False,False,False
75.0,1.5,36.07,14.0,17.32,False,False,False,False,False,True,True,False,False,False,False,False,True,False,True,False,False,False,False,False,True,False,False,False
89.0,3.0,30.0,4.0,24.719101123595507,False,True,False,False,False,False,False,False,False,False,False,True,False,False,False,False,False,False,False,True,False,False,False,False
47.0,1.2,31.0,18.0,21.27659574468085,False,True,False,False,False,False,True,False,False,False,False,True,False,False,False,False,False,False,False,True,False,False,False,False
81.0,3.0,30.0,4.0,24.69135802469136,False,True,False,False,False,False,False,False,False,False,False,True,False,False,False,False,False,False,False,False,True,False,False,False
128.0,1.5,30.0,11.0,23.4375,False,False,False,False,False,False,False,False,False,False,False,True,False,False,False,False,False,False,False,True,False,False,False,False
60.0,1.2,30.0,26.0,20.0,False,True,False,False,False,False,True,False,False,False,False,True,False,False,False,False,False,False,False,False,True,False,False,False
84.0,3.4,25.0,16.0,17.857142857142858,False,True,False,False,False,False,True,False,False,False,False,True,False,False,True,False,False,False,False,True,False,False,False,False
89.0,1.5,30.0,8.0,25.84269662921348,False,True,False,False,False,False,False,False,False,False,False,True,False,False,False,False,False,False,False,False,True,False,False,False
93.0,2.1,20.0,11.0,21.50537634408602,True,False,False,False,False,False,True,False,False,False,False,True,False,False,False,False,False,False,False,True,False,False,False,False
99.0,2.5,30.0,9.0,29.29292929292929,False,False,False,False,False,False,False,False,False,False,False,True,False,False,False,False,False,False,False,True,False,False,False,False
138.0,2.0,30.0,6.0,21.731884057971016,False,False,False,False,False,False,False,False,False,True,False,False,True,False,False,False,False,False,False,False,True,False,False,False
125.0,2.0,25.0,25.0,12.8,False,True,False,False,False,False,False,False,False,True,False,True,False,False,False,False,False,False,False,False,True,False,False,False
127.0,2.0,30.0,18.0,21.10236220472441,False,False,False,False,False,False,False,False,False,False,False,True,False,False,False,False,False,False,False,False,True,False,False,False
140.0,2.0,30.0,26.0,14.278571428571428,False,False,False,False,False,False,True,False,False,False,False,True,False,False,False,False,False,False,False,False,True,False,False,False
40.0,2.3,30.0,16.0,32.0,False,False,True,False,False,False,True,False,False,False,False,True,False,False,False,False,False,False,False,True,False,False,False,False
89.0,1.5,30.0,24.0,16.292134831460675,False,True,False,False,False,False,True,False,False,False,False,True,False,False,False,False,False,False,False,False,True,False,False,False
110.0,2.5,30.0,21.0,27.272727272727277,False,True,False,False,False,False,False,False,False,True,False,False,True,False,False,False,False,False,False,True,False,False,False,False
127.73,1.6,30.0,28.0,16.440930086902057,False,True,False,False,False,False,True,False,False,False,False,True,False,False,False,False,False,False,False,False,True,False,False,False
127.0,2.5,30.0,6.0,20.47244094488189,False,False,False,False,False,True,True,False,False,False,False,False,True,False,False,False,False,False,False,True,False,False,False,False
133.41,2.0,31.0,15.0,14.991379956524998,False,True,False,False,False,False,False,False,False,False,False,True,False,False,False,False,False,False,False,True,False,False,False,False
140.0,1.5,30.0,7.0,23.571428571428573,False,True,False,False,False,False,False,False,False,True,False,True,False,False,False,False,False,False,False,True,False,False,False,False
72.0,1.5,20.0,31.0,19.444444444444443,False,True,False,False,False,False,True,False,False,False,False,True,False,False,False,False,False,False,False,True,False,False,False,False
133.0,2.0,30.0,4.0,23.30827067669173,False,True,False,False,False,False,False,False,False,True,False,False,True,False,False,False,False,False,False,False,True,False,False,False
127.0,1.5,30.0,7.0,22.04724409448819,False,True,False,False,False,False,False,False,False,True,False,True,False,False,False,False,False,False,False,False,True,False,False,False
62.0,2.0,30.0,18.0,19.35483870967742,False,False,False,False,False,False,True,False,False,False,False,False,True,False,False,False,False,False,False,True,False,False,False,False
119.0,3.0,30.0,14.0,24.361344537815125,False,False,False,False,False,False,False,False,False,False,False,True,False,False,False,False,False,False,False,False,True,False,False,False
80.93,2.5,30.0,24.0,24.71271469170888,False,True,False,False,False,False,False,False,False,True,False,False,True,False,False,True,False,False,False,False,False,False,False,False
129.41,2.5,30.0,9.0,21.636658681709296,False,False,False,False,False,False,False,False,False,True,False,True,False,False,False,False,False,False,False,False,True,False,False,False
117.0,1.5,30.04,7.0,23.93162393162393,False,False,False,False,False,True,True,False,False,False,False,True,False,False,False,False,False,False,False,True,False,False,False,False
100.0,2.0,30.0,18.0,30.0,False,False,False,False,False,False,False,False,False,True,False,False,True,False,False,False,False,False,False,False,True,False,False,False
48.0,2.0,30.0,15.0,25.0,False,True,False,False,False,False,False,False,False,False,False,True,False,True,False,False,False,False,False,True,False,False,False,False
118.0,2.5,30.0,11.0,25.41525423728813,False,False,False,True,False,False,True,False,False,False,False,True,False,False,False,False,False,False,False,False,True,False,False,False
156.0,2.0,30.0,16.0,25.628205128205128,False,False,False,True,False,False,False,False,False,False,False,False,True,False,False,False,False,False,False,True,False,False,False,False
139.0,2.0,30.0,11.0,12.949640287769784,False,False,False,False,False,True,False,False,False,True,False,True,False,False,False,False,False,False,False,False,True,False,False,False
95.0,1.5,30.0,23.0,13.68421052631579,False,True,False,False,False,False,False,False,False,True,False,True,False,False,False,False,False,False,False,False,True,False,False,False
89.0,2.0,30.0,7.0,20.2247191011236,False,False,False,False,False,True,False,False,False,True,True,False,False,False,False,False,False,False,False,False,True,False,False,False
90.08,1.2,21.0,26.0,18.872113676731797,False,True,False,False,False,False,True,False,False,False,False,True,False,False,False,False,False,False,False,False,True,False,False,False
126.0,2.5,30.0,6.0,26.19047619047619,False,False,False,False,False,False,False,False,False,True,False,True,False,False,False,False,True,False,False,False,False,False,False,False
89.0,2.5,35.0,13.0,24.15730337078652,True,False,False,False,False,False,False,False,False,False,False,True,False,False,False,False,False,False,False,True,False,False,False,False
50.0,2.0,25.0,8.0,13.98,False,True,False,False,False,False,True,False,False,False,False,True,False,False,False,False,False,False,False,True,False,False,False,False
110.0,2.0,30.0,6.0,22.272727272727277,False,True,False,False,False,False,True,False,False,False,False,True,False,False,False,False,False,False,False,False,True,False,False,False
96.0,2.0,30.0,2.0,20.83333333333333,False,False,False,False,False,True,True,False,False,False,True,False,False,False,False,False,False,False,False,True,False,False,False,False
111.58,1.8,30.0,26.0,13.44326940311884,False,True,False,False,False,False,False,False,False,True,False,True,False,False,False,False,False,False,False,True,False,False,False,False
109.0,2.0,30.0,14.0,25.229357798165136,False,False,False,False,False,False,True,False,False,False,False,True,False,False,False,False,False,False,False,True,False,False,False,False
91.0,2.5,30.0,26.0,36.62637362637363,False,False,False,True,False,False,False,False,False,False,False,True,False,False,False,False,False,False,False,True,False,False,False,False
88.0,2.3,30.0,12.0,20.454545454545453,False,True,False,False,False,False,False,False,False,True,False,True,False,False,False,False,False,False,False,False,True,False,False,False
120.0,2.8,30.0,5.0,26.65833333333333,False,False,False,False,False,False,False,False,False,False,False,True,False,False,False,False,False,False,False,False,True,False,False,False
279.6403240575057,0.5,30.0,25.0,24.40357142857143,False,False,False,False,False,True,False,False,True,False,False,True,False,True,False,False,False,False,False,False,False,False,False,False
90.0,2.5,30.0,6.0,24.433333333333334,False,False,False,False,False,False,False,False,False,False,False,True,False,False,False,False,False,False,False,True,False,False,False,False
98.0,1.5,30.0,3.0,24.489795918367346,False,False,False,False,False,True,False,False,False,False,False,True,False,False,False,False,False,False,False,True,False,False,False,False
119.51,2.0,23.0,11.0,18.408501380637603,False,True,False,False,False,False,False,False,False,False,False,True,False,False,False,False,False,False,False,False,True,False,False,False
153.0,1.2,31.0,18.0,18.30065359477124,False,True,False,False,False,False,False,False,False,False,False,True,False,False,False,False,False,False,False,False,True,False,False,False
78.0,2.5,30.0,7.0,22.435897435897434,False,True,False,False,False,False,False,False,False,False,False,False,True,False,False,False,False,False,False,True,False,False,False,False
140.0,1.5,30.0,7.0,20.714285714285715,False,True,False,False,False,False,False,False,False,True,False,True,False,False,False,False,False,False,False,False,True,False,False,False
142.35,1.5,30.0,17.0,19.52932911837021,False,True,False,False,False,False,True,False,False,False,False,True,False,False,False,False,False,False,False,False,True,False,False,False
158.0,2.5,30.0,9.0,34.17088607594937,False,False,False,True,False,False,False,False,False,False,False,False,True,False,False,False,False,False,False,True,False,False,False,False
142.0,2.5,30.0,8.0,23.239436619718308,False,False,False,False,False,False,False,False,False,False,False,True,False,False,False,False,False,False,False,False,True,False,False,False
37.0,1.2,30.0,16.0,37.83783783783784,False,True,False,False,False,False,True,False,False,False,False,True,False,False,False,False,False,False,False,False,True,False,False,False
70.0,1.2,10.0,21.0,18.571428571428573,False,True,False,False,False,False,False,False,False,False,False,True,False,False,False,False,False,False,False,True,False,False,False,False
40.0,2.0,20.0,30.0,31.25,False,False,False,True,False,False,False,False,False,True,False,True,False,False,False,False,False,False,False,False,False,False,False,False
114.0,2.0,30.0,18.0,21.92982456140351,False,False,False,False,False,False,False,False,False,False,True,False,False,False,False,False,False,False,False,False,True,False,False,False
100.0,0.5,50.0,16.0,18.0,False,False,False,False,False,False,False,False,False,False,False,True,False,True,False,False,False,False,False,True,False,False,False,False
60.0,1.5,30.0,25.0,20.0,False,True,False,False,False,False,False,False,False,False,False,True,False,False,True,False,False,False,False,False,True,False,False,False
81.82,2.0,20.0,10.0,22.610608653141043,False,True,False,False,False,False,False,False,False,False,False,True,False,False,False,False,False,False,False,False,True,False,False,False
120.0,2.0,30.0,16.0,13.333333333333334,False,False,True,False,False,False,False,False,False,False,True,False,False,False,False,False,False,False,False,True,False,False,False,False
70.0,2.5,30.0,22.0,24.27142857142857,False,False,False,True,False,False,False,False,False,False,False,False,True,False,False,False,False,False,False,True,False,False,False,False
176.0,2.5,30.0,21.0,31.25,False,False,False,False,False,False,False,False,False,True,False,False,True,False,False,False,False,False,False,False,False,False,False,True
45.0,1.2,30.0,16.0,28.88888888888889,False,True,False,False,False,False,False,False,False,True,False,True,False,False,False,False,False,False,False,True,False,False,False,False
108.0,1.2,20.0,31.0,16.944444444444443,True,False,False,False,False,False,True,False,False,False,False,True,False,False,False,False,False,False,False,False,False,True,False,False
88.34,1.0,20.0,31.0,18.11184061580258,False,True,False,False,False,False,False,False,False,True,False,False,True,False,False,False,False,False,False,True,False,False,False,False
120.21,1.2,30.0,16.0,9.150653023874886,False,True,False,False,False,False,True,False,False,False,False,True,False,False,False,False,False,False,False,True,False,False,False,False
88.0,1.8,30.0,5.0,19.88636363636364,False,True,False,False,False,False,False,False,False,False,False,True,False,False,False,False,False,False,False,True,False,False,False,False
65.0,1.2,30.0,26.0,24.615384615384617,False,False,False,True,False,False,False,False,True,False,False,True,False,False,False,False,False,False,False,False,True,False,False,False
98.0,1.98,30.0,5.0,32.6530612244898,False,False,False,False,False,False,True,False,False,False,False,True,False,False,False,False,False,False,False,False,True,False,False,False
92.0,2.0,30.0,21.0,13.91304347826087,False,False,False,False,False,True,True,False,False,False,False,True,False,False,False,False,False,False,False,True,False,False,False,False
99.0,1.5,25.0,19.0,20.2020202020202,False,True,False,False,False,False,False,False,False,True,False,True,False,False,False,False,False,False,False,False,True,False,False,False
100.0,2.6,30.0,5.0,29.99,False,False,False,True,False,False,False,False,False,True,False,False,True,False,False,False,False,False,False,True,False,False,False,False
143.85,2.77,25.0,13.0,26.41640597844977,False,True,False,False,False,False,False,False,False,False,False,False,True,False,False,False,False,False,False,False,True,False,False,False
55.0,2.5,30.0,8.0,32.70909090909091,False,False,False,False,False,True,True,False,False,False,False,True,False,False,False,False,False,False,False,False,False,False,False,False
28.0,2.5,30.0,13.0,32.107142857142854,False,False,False,False,False,False,False,False,False,False,False,True,False,False,False,False,True,False,False,False,False,False,False,False
86.35,1.5,25.0,24.0,32.42617255356109,False,True,False,False,False,False,True,False,False,False,False,False,True,False,False,False,False,False,False,True,False,False,False,False
40.0,1.05,31.0,13.0,19.975,False,False,False,False,False,True,False,False,False,False,False,True,False,True,False,False,False,False,False,True,False,False,False,False
106.0,2.5,30.0,18.0,24.52830188679245,True,False,False,False,False,False,True,False,False,False,False,True,False,False,False,False,False,False,False,True,False,False,False,False
80.0,2.5,30.0,8.0,32.5,False,False,False,False,False,False,True,False,False,False,False,True,False,False,True,False,False,False,False,False,True,False,False,False
28.0,2.0,30.0,11.0,21.392857142857142,False,False,False,False,False,True,False,False,True,False,False,False,True,False,False,False,False,False,False,True,False,False,False,False
130.0,2.5,30.0,5.0,16.923076923076923,False,True,False,False,False,False,True,False,False,False,False,True,False,False,False,False,False,False,False,False,True,False,False,False
75.0,2.5,30.0,5.0,15.986666666666666,False,True,False,False,False,False,False,False,False,False,False,True,False,False,False,False,False,False,False,False,True,False,False,False
65.0,2.0,30.0,7.0,29.476923076923075,False,False,False,False,False,False,False,False,False,True,False,True,False,False,False,False,False,False,False,True,False,False,False,False
88.28,2.0,28.0,24.0,19.030357951971,False,True,False,False,False,False,False,False,False,False,False,True,False,False,False,False,False,False,False,True,False,False,False,False
110.0,2.5,30.0,5.0,18.90909090909091,False,False,False,False,False,True,False,False,False,True,False,True,False,False,False,False,False,False,False,True,False,False,False,False
108.0,1.5,30.0,30.0,16.666666666666668,False,True,False,False,False,False,False,False,False,True,False,False,True,False,False,False,False,False,False,False,True,False,False,False
88.0,2.0,40.0,21.0,19.318181818181817,False,True,False,False,False,False,False,False,False,True,False,True,False,False,False,False,False,False,False,False,True,False,False,False
140.0,2.8,30.0,5.0,22.857142857142858,False,False,False,False,False,False,False,False,False,False,False,True,False,False,False,False,False,False,False,True,False,False,False,False
60.0,2.0,30.0,26.0,13.3,False,True,False,False,False,False,False,False,False,False,False,True,False,True,False,False,False,False,False,True,False,False,False,False
40.73,2.5,20.0,27.0,24.551927326295115,False,True,False,False,False,False,False,False,False,False,False,True,False,False,False,False,False,False,False,True,False,False,False,False
89.22,2.0,30.0,26.0,20.163640439363373,False,True,False,False,False,False,False,False,False,False,False,True,False,False,False,False,False,False,False,False,True,False,False,False
58.0,1.2,30.0,26.0,41.3448275862069,False,False,False,True,False,False,False,False,False,False,False,False,True,False,False,False,False,False,False,True,False,False,False,False
50.0,2.5,35.0,23.0,15.0,False,True,False,False,False,False,True,False,False,False,False,True,False,False,False,False,False,False,False,True,False,False,False,False
97.74,1.8,30.0,25.0,23.02025782688766,True,False,False,False,False,False,False,False,False,False,False,True,False,False,False,False,False,False,False,True,False,False,False,False
83.85,2.0,30.2,28.0,26.23732856290996,False,True,False,False,False,False,True,False,False,False,False,True,False,False,False,False,False,False,False,False,True,False,False,False
68.0,2.5,30.0,26.0,25.735294117647054,False,True,False,False,False,False,False,False,False,True,False,False,True,False,False,False,False,False,False,True,False,False,False,False
101.96,2.0,25.7,6.0,19.615535504119265,False,True,False,False,False,False,False,False,False,True,False,True,False,False,False,False,False,False,False,False,True,False,False,False
99.0,2.5,30.0,9.0,29.29292929292929,False,False,False,False,False,False,False,False,False,True,False,False,True,False,False,False,False,False,False,True,False,False,False,False
45.0,2.8,30.0,14.0,26.64444444444445,False,False,False,True,False,False,False,False,False,False,False,True,False,False,False,False,False,False,False,True,False,False,False,False
41.0,2.0,20.0,19.0,20.73170731707317,False,True,False,False,False,False,True,False,False,False,False,True,False,False,True,False,False,False,False,True,False,False,False,False
103.0,2.5,30.0,7.0,23.300970873786408,False,True,False,False,False,False,False,False,False,False,False,True,False,False,False,False,False,False,False,False,True,False,False,False
89.0,1.5,30.0,12.0,24.719101123595507,False,True,False,False,False,False,True,False,False,False,False,True,False,False,False,False,False,False,False,False,True,False,False,False
90.0,1.8,30.0,14.0,35.18888888888889,False,False,False,True,False,False,False,False,False,False,False,True,False,False,False,False,False,False,False,False,True,False,False,False
90.0,2.0,31.0,22.0,18.33333333333333,False,True,False,False,False,False,False,False,False,True,False,True,False,False,False,False,False,False,False,False,True,False,False,False
122.0,2.5,30.0,8.0,24.59016393442623,False,False,False,False,False,False,False,False,False,True,False,True,False,False,False,False,False,False,False,False,True,False,False,False
86.0,2.5,30.0,7.0,19.76744186046512,False,False,False,False,False,True,False,False,False,True,False,True,False,False,False,False,False,False,False,True,False,False,False,False
131.96,1.2,30.0,18.0,12.88269172476508,False,False,False,False,False,True,False,False,False,False,False,True,False,False,False,False,False,False,False,False,False,False,False,False
142.0,2.0,30.0,11.0,17.598591549295776,False,False,False,True,False,False,False,False,False,True,False,False,True,False,False,False,False,False,False,False,True,False,False,False
81.4,1.7,30.0,16.0,18.427518427518425,False,True,False,False,False,False,False,False,False,False,False,True,False,False,False,False,False,False,False,True,False,False,False,False
169.97,1.2,30.0,6.0,29.41695593340001,False,True,False,False,False,False,False,False,False,False,False,False,True,False,False,False,False,False,False,True,False,False,False,False
83.04,2.0,30.2,28.0,26.493256262042387,False,True,False,False,False,False,True,False,False,False,False,False,True,False,False,False,False,False,False,True,False,False,False,False
90.0,2.5,50.0,12.0,23.33333333333333,False,True,False,False,False,False,False,False,False,False,False,True,False,False,False,False,False,False,False,True,False,False,False,False
100.0,1.2,30.0,22.0,23.33,False,False,False,True,False,False,False,False,False,True,False,False,True,False,False,False,False,False,False,False,True,False,False,False
143.0,2.6,29.98,5.0,22.937062937062937,False,False,False,False,False,False,False,False,False,False,False,True,False,False,False,False,False,False,False,False,True,False,False,False
128.0,1.5,30.0,5.0,23.4375,False,False,False,False,False,False,False,False,False,False,False,True,False,False,False,False,False,False,False,False,True,False,False,False
45.0,0.5,30.0,13.0,44.44444444444444,False,False,False,False,False,False,False,False,True,False,False,True,False,True,False,False,False,False,False,False,True,False,False,False
120.0,2.5,30.0,8.0,14.166666666666666,False,False,False,False,False,True,False,False,False,True,False,True,False,False,False,False,False,False,False,True,False,False,False,False
143.93,1.5,36.07,14.0,14.590425901479886,False,False,False,False,False,True,False,False,False,True,False,True,False,False,False,False,False,False,False,True,False,False,False,False
118.0,2.0,35.1,16.0,17.796610169491526,False,True,False,False,False,False,True,False,False,False,False,True,False,False,False,False,False,False,False,False,True,False,False,False
90.34,2.0,30.0,11.0,22.13858755811379,False,False,False,False,False,True,False,False,False,False,False,False,True,False,False,False,False,False,False,False,True,False,False,False
116.37,2.5,30.0,11.0,21.47460685743748,False,False,False,False,False,False,False,False,False,False,False,True,False,False,False,False,False,False,False,True,False,False,False,False
133.0,2.15,30.0,5.0,27.81954887218045,False,True,False,False,False,False,False,False,False,False,False,True,False,False,False,False,False,False,False,False,True,False,False,False
40.0,0.5,30.0,17.0,19.975,False,False,False,False,False,True,False,False,False,False,False,True,False,True,False,False,False,False,False,True,False,False,False,False
62.0,1.8,20.0,36.0,24.193548387096776,False,True,False,False,False,False,False,False,False,False,False,True,False,False,False,False,False,False,False,True,False,False,False,False
100.12,1.7,30.0,25.0,19.97602876548142,False,False,False,False,False,True,False,False,False,True,False,True,False,False,False,False,False,False,False,False,True,False,False,False
115.0,2.1,35.0,3.0,17.391304347826086,False,False,False,False,False,True,False,False,False,False,False,False,True,False,False,False,False,False,False,True,False,False,False,False
40.0,2.0,30.0,26.0,19.975,False,True,False,False,False,False,True,False,False,False,False,True,False,False,False,False,False,False,False,True,False,False,False,False
125.0,2.3,30.0,12.0,17.6,False,True,False,False,False,False,False,False,False,True,False,True,False,False,False,False,False,False,False,True,False,False,False,False
105.0,2.5,35.0,6.0,28.561904761904763,False,False,False,True,False,False,False,False,False,False,False,True,False,False,False,False,False,False,False,True,False,False,False,False
30.0,1.2,25.0,26.0,21.666666666666668,False,True,False,False,False,False,True,False,False,False,False,True,False,False,False,False,False,False,False,True,False,False,False,False
59.0,2.4,15.0,4.0,25.42372881355932,False,True,False,False,False,False,False,False,False,True,False,True,False,False,False,False,False,False,False,True,False,False,False,False
135.0,2.5,30.0,24.0,21.48148148148148,False,False,False,False,False,False,True,False,False,False,False,True,False,False,False,False,False,False,False,False,True,False,False,False
87.0,1.6,30.0,17.0,17.24137931034483,False,False,False,False,False,True,False,False,False,False,False,True,False,False,False,False,False,False,False,False,True,False,False,False
133.41,2.0,31.0,15.0,11.24353496739375,False,True,False,False,False,False,False,False,False,False,True,False,False,False,False,False,False,False,False,True,False,False,False,False
110.0,2.5,35.0,6.0,26.818181818181817,False,False,False,True,False,False,False,False,False,False,False,False,True,False,False,False,False,False,False,True,False,False,False,False
60.0,2.0,30.0,26.0,13.3,False,True,False,False,False,False,False,False,False,False,False,True,False,True,False,False,False,False,False,True,False,False,False,False
40.0,2.3,30.0,16.0,37.0,False,False,True,False,False,False,False,False,False,True,False,True,False,False,False,False,False,False,False,True,False,False,False,False
95.0,2.0,30.0,18.0,22.105263157894736,False,False,False,False,False,False,False,False,False,False,False,True,False,False,False,False,False,False,False,True,False,False,False,False
132.0,2.0,20.0,29.0,19.696969696969692,False,False,False,False,False,False,False,False,False,False,False,True,False,False,False,False,False,False,False,False,True,False,False,False
89.0,1.2,22.0,26.0,19.10112359550562,False,True,False,False,False,False,False,False,True,False,False,False,True,False,False,False,False,False,False,False,True,False,False,False
50.0,2.0,30.0,28.0,13.98,False,False,False,False,False,True,False,False,False,True,False,True,False,False,False,False,False,False,False,True,False,False,False,False
160.0,2.5,30.0,21.0,28.125,False,False,False,True,False,False,False,False,False,True,False,True,False,False,False,False,False,False,False,True,False,False,False,False
120.0,2.5,30.0,8.0,23.33333333333333,False,True,False,False,False,False,True,False,False,False,False,False,True,False,False,False,False,False,False,True,False,False,False,False
75.0,2.0,20.0,31.0,18.133333333333333,False,True,False,False,False,False,True,False,False,False,False,True,False,False,False,False,False,False,False,False,True,False,False,False
80.0,2.0,30.0,21.0,18.7375,False,False,False,True,False,False,False,False,False,True,False,True,False,False,False,False,False,False,False,False,False,True,False,False
98.0,1.2,30.0,26.0,15.306122448979592,False,False,False,True,False,False,False,False,True,False,True,False,False,False,False,False,False,True,False,False,False,False,False,False
148.0,2.0,30.0,18.0,14.864864864864863,False,False,False,False,False,False,False,False,True,False,True,False,False,False,False,False,False,False,False,True,False,False,False,False
40.0,2.5,30.0,6.0,19.975,False,False,False,False,False,False,False,False,False,True,False,True,False,False,False,False,False,False,False,False,True,False,False,False
88.0,1.6,25.0,7.0,20.454545454545453,False,False,False,False,False,True,True,False,False,False,False,True,False,False,False,False,False,False,False,False,True,False,False,False
89.0,2.5,30.0,3.0,23.59550561797753,False,False,False,False,False,True,True,False,False,False,False,False,True,False,False,False,False,False,False,False,True,False,False,False
39.0,2.5,30.0,21.0,51.282051282051285,False,False,False,False,False,False,False,False,True,False,False,False,True,False,True,False,False,False,False,True,False,False,False,False
48.5,1.8,30.0,23.0,22.68041237113402,False,False,False,False,False,True,False,False,False,False,False,True,False,False,False,False,False,False,False,False,False,False,False,False
100.0,2.0,30.0,10.0,20.0,False,False,False,True,False,False,False,False,False,True,False,False,True,False,False,False,False,False,False,False,True,False,False,False
130.0,1.5,30.0,15.0,19.223076923076924,False,False,False,True,False,False,False,False,False,False,False,True,False,False,False,False,False,False,False,True,False,False,False,False
130.0,2.0,30.0,18.0,22.3,False,False,False,True,False,False,False,False,False,False,False,True,False,False,False,False,False,False,False,True,False,False,False,False
279.6403240575057,0.5,35.0,19.0,14.059375,False,False,False,False,False,True,False,False,True,False,False,True,False,True,False,False,False,False,False,False,True,False,False,False
45.0,2.5,30.0,7.0,15.555555555555555,False,True,False,False,False,False,False,False,False,False,False,True,False,False,False,False,False,False,False,True,False,False,False,False
143.44,1.19,35.0,15.0,11.154489682097044,False,False,False,False,False,True,False,False,True,False,False,True,False,False,False,False,False,False,False,True,False,False,False,False
35.0,1.5,30.0,5.0,17.114285714285714,False,False,False,False,False,True,False,False,True,False,False,True,False,False,True,False,False,False,False,True,False,False,False,False
139.0,2.0,30.0,28.0,8.633093525179856,False,False,False,False,False,True,False,False,False,False,False,True,False,False,False,False,False,False,False,True,False,False,False,False
63.0,2.0,31.0,22.0,15.857142857142858,False,True,False,False,False,False,False,False,False,False,False,True,False,False,False,False,False,False,False,False,True,False,False,False
35.0,2.5,30.0,22.0,38.57142857142857,False,False,False,True,False,False,False,False,False,False,False,True,False,False,False,False,False,False,False,True,False,False,False,False
138.0,2.0,30.0,21.0,18.108695652173918,False,False,False,False,False,False,True,False,False,False,False,True,False,False,False,False,False,False,False,False,True,False,False,False
89.0,2.5,30.0,4.0,21.34831460674157,False,False,False,False,False,True,False,False,False,False,False,False,True,False,False,False,False,False,False,False,True,False,False,False
125.0,2.0,30.0,11.0,25.328,False,False,False,False,False,False,False,False,False,True,False,True,False,False,False,False,False,False,False,False,False,False,False,False
98.0,1.8,30.0,3.0,28.571428571428573,False,True,False,False,False,False,False,False,False,True,False,True,False,False,False,False,False,False,False,False,True,False,False,False
90.53,1.5,24.0,28.0,18.778305534077106,False,True,False,False,False,False,False,False,False,True,False,True,False,False,False,False,False,False,False,True,False,False,False,False
95.0,3.3,30.0,20.0,20.0,False,True,False,False,False,False,False,False,False,True,False,True,False,False,False,False,False,False,False,True,False,False,False,False
100.0,2.5,30.0,22.0,30.0,False,False,False,True,False,False,True,False,False,False,False,True,False,False,False,False,False,False,False,True,False,False,False,False
113.8,1.5,28.0,21.0,14.0597539543058,False,True,False,False,False,False,False,False,False,False,False,True,False,False,False,False,False,False,False,True,False,False,False,False
139.0,2.0,30.0,11.0,13.58273381294964,False,False,False,False,False,False,False,False,True,False,False,False,True,False,False,False,True,False,False,False,False,False,False,False
2.0,2.5,30.0,9.0,1083.0,True,False,False,False,False,False,True,False,False,False,False,True,False,False,False,False,False,False,False,True,False,False,False,False
88.0,1.8,30.0,5.0,19.88636363636364,False,True,False,False,False,False,False,False,False,False,False,False,True,False,False,False,False,False,False,False,True,False,False,False
130.0,1.5,30.0,15.0,18.46153846153846,False,False,False,True,False,False,False,False,False,False,False,True,False,False,False,False,False,False,False,True,False,False,False,False
36.0,1.8,10.0,26.0,25.0,False,True,False,False,False,False,False,False,False,False,False,True,False,False,False,False,False,False,False,False,False,True,False,False
80.0,2.2,20.0,9.0,15.0,False,True,False,False,False,False,False,False,False,False,False,True,False,False,True,False,False,False,False,True,False,False,False,False
133.0,2.0,30.0,19.0,18.79699248120301,False,True,False,False,False,False,False,False,False,True,False,False,True,False,False,False,False,False,False,True,False,False,False,False
148.0,2.5,30.0,26.0,22.52027027027027,False,False,False,True,False,False,False,False,False,False,False,True,False,False,False,False,False,False,False,True,False,False,False,False
40.0,1.8,30.0,23.0,17.475,False,False,False,False,False,True,False,False,False,False,False,True,False,False,False,False,False,False,False,True,False,False,False,False
109.0,2.5,30.0,7.0,21.55963302752293,False,True,False,False,False,False,False,False,False,False,False,True,False,False,False,False,False,False,False,False,True,False,False,False
30.0,1.5,30.0,26.0,21.633333333333333,False,True,False,False,False,False,True,False,False,False,False,True,False,False,False,False,False,False,False,True,False,False,False,False
130.0,2.25,50.0,14.0,24.607692307692307,False,False,False,True,False,False,True,False,False,False,False,True,False,False,False,False,False,False,False,True,False,False,False,False
106.0,2.5,30.0,18.0,25.150943396226417,True,False,False,False,False,False,True,False,False,False,False,True,False,False,False,False,False,False,False,False,True,False,False,False
113.0,2.5,30.0,6.0,39.823008849557525,False,False,False,False,False,False,False,False,False,False,False,True,False,False,False,False,False,False,False,False,True,False,False,False
35.0,2.5,30.0,26.0,28.571428571428573,False,True,False,False,False,False,False,False,False,True,False,True,False,False,False,False,False,False,False,True,False,False,False,False
109.7,1.5,36.07,14.0,11.850501367365542,False,False,False,False,False,True,False,False,True,False,False,False,True,False,True,False,False,False,False,False,True,False,False,False
89.0,2.0,30.0,3.0,19.10112359550562,False,False,False,False,False,True,False,False,False,True,False,False,True,False,False,False,False,False,False,False,True,False,False,False
45.0,1.2,30.0,26.0,14.444444444444445,False,True,False,False,False,False,False,False,False,False,True,False,False,False,False,False,False,False,False,True,False,False,False,False
198.0,2.5,30.0,17.0,11.616161616161616,False,False,False,False,False,True,False,False,False,False,False,True,False,False,False,False,False,False,False,True,False,False,False,False
77.0,2.5,30.0,22.0,23.363636363636363,False,True,False,False,False,False,False,False,False,False,False,False,True,False,False,False,False,False,False,True,False,False,False,False
160.0,2.0,30.0,21.0,18.75,False,False,False,False,False,False,False,False,True,False,False,True,False,False,False,False,False,False,False,True,False,False,False,False
29.69,2.5,25.0,9.0,47.153923880094304,False,False,False,False,False,True,False,False,False,True,False,True,False,False,False,False,False,False,False,False,True,False,False,False
128.0,1.2,20.0,31.0,19.53125,False,False,False,True,False,False,False,False,True,False,False,False,True,False,False,False,False,False,False,False,True,False,False,False
45.0,1.2,30.0,22.0,22.2,False,False,False,True,False,False,False,False,False,False,False,True,False,False,False,False,False,False,False,True,False,False,False,False
127.0,1.5,30.0,7.0,27.55905511811024,False,True,False,False,False,False,False,False,False,True,False,False,True,False,False,False,False,False,False,False,True,False,False,False
110.0,1.5,30.0,12.0,16.363636363636363,False,True,False,False,False,False,False,False,False,True,False,True,False,False,False,False,False,False,False,True,False,False,False,False
89.0,2.0,30.0,4.0,23.59550561797753,True,False,False,False,False,False,True,False,False,False,False,True,False,False,False,False,False,False,False,True,False,False,False,False
43.0,1.0,30.0,26.0,25.58139534883721,False,True,False,False,False,False,True,False,False,False,False,False,True,False,False,False,False,False,False,False,True,False,False,False
70.0,3.5,20.0,11.0,24.27142857142857,False,False,False,False,False,False,False,False,False,False,False,False,True,False,False,False,False,False,False,True,False,False,False,False
65.25,2.5,30.0,21.0,16.85823754789272,False,True,False,False,False,False,False,False,False,False,False,True,False,False,False,False,False,False,False,False,True,False,False,False
110.0,2.5,30.0,10.0,25.454545454545453,False,False,False,False,False,True,False,False,False,False,False,False,True,False,False,False,False,False,False,False,True,False,False,False
130.9,1.5,30.0,11.0,25.210084033613445,False,False,False,False,False,False,False,False,False,False,False,True,False,False,False,False,False,False,False,False,True,False,False,False
70.52,1.5,36.07,14.0,21.270561542824733,False,False,False,False,False,True,False,False,False,True,False,True,False,False,False,False,False,False,False,True,False,False,False,False
89.0,2.6,30.0,10.0,25.280898876404493,True,False,False,False,False,False,False,False,False,False,False,True,False,False,False,False,False,False,False,True,False,False,False,False
35.0,1.5,30.0,5.0,12.857142857142858,False,False,False,False,False,True,False,False,True,False,False,True,False,False,True,False,False,False,False,True,False,False,False,False
60.0,3.0,30.0,14.0,24.98333333333333,False,False,False,False,False,False,False,False,True,False,False,False,True,False,False,False,False,False,False,True,False,False,False,False
125.0,2.5,30.0,21.0,23.992,False,False,False,True,False,False,False,False,False,False,False,True,False,False,False,False,False,False,False,True,False,False,False,False
79.0,1.0,25.0,26.0,17.72151898734177,False,True,False,False,False,False,False,False,False,False,False,True,False,False,False,False,False,False,False,False,True,False,False,False
36.0,2.5,20.0,27.0,27.77777777777778,False,True,False,False,False,False,False,False,False,True,False,True,False,False,False,False,False,False,True,False,False,False,False,False
140.0,1.5,30.0,14.0,19.285714285714285,False,True,False,False,False,False,False,False,False,False,False,True,False,False,False,False,False,False,False,False,True,False,False,False
137.25,2.5,35.0,38.0,26.95810564663024,False,True,False,False,False,False,False,False,False,False,False,False,True,False,False,False,False,False,False,True,False,False,False,False
207.0,1.2,21.0,26.0,10.144927536231885,False,True,False,False,False,False,False,False,False,True,False,True,False,False,False,False,False,False,False,True,False,False,False,False
40.0,1.7,20.0,14.0,17.5,False,True,False,False,False,False,False,False,False,False,False,True,False,False,False,False,False,False,False,True,False,False,False,False
58.0,2.5,30.0,22.0,18.96551724137931,False,False,False,False,False,True,False,False,False,False,False,True,False,False,True,False,False,False,False,True,False,False,False,False
279.6403240575057,1.8,50.0,28.0,13.026052104208416,False,False,False,False,False,False,False,False,True,False,False,True,False,True,False,False,False,False,False,False,True,False,False,False
90.0,2.0,30.0,11.0,23.33333333333333,False,False,False,False,False,True,False,False,False,True,False,True,False,False,False,False,False,False,False,True,False,False,False,False
86.28,2.4,30.0,12.0,19.30922577654149,False,True,False,False,False,False,False,False,False,True,False,True,False,False,False,False,False,False,False,False,True,False,False,False
106.0,1.9,25.0,4.0,31.132075471698112,False,False,False,False,False,False,False,False,False,True,False,True,False,False,False,False,False,False,False,False,True,False,False,False
133.0,2.0,30.0,19.0,17.293233082706767,False,True,False,False,False,False,False,False,False,True,False,True,False,False,False,False,False,False,False,False,True,False,False,False
117.0,2.0,30.0,26.0,12.811965811965813,False,False,False,True,False,False,False,False,False,False,False,True,False,False,False,False,False,False,False,True,False,False,False,False
91.74,2.77,25.0,13.0,30.52103771528232,False,True,False,False,False,False,False,False,False,True,False,False,True,False,False,False,False,False,False,False,True,False,False,False
89.0,2.0,30.0,12.0,21.34831460674157,False,True,False,False,False,False,False,False,False,True,False,True,False,False,False,False,False,False,False,False,True,False,False,False
150.0,2.5,30.0,13.0,23.33333333333333,False,False,False,False,False,False,False,False,False,False,False,False,True,False,False,False,False,False,False,False,True,False,False,False
60.0,3.5,20.0,11.0,19.98333333333333,False,False,False,False,False,False,False,False,False,True,False,False,True,False,False,False,False,False,False,True,False,False,False,False
94.0,1.2,30.0,14.0,20.21276595744681,False,False,False,False,True,False,True,False,False,False,True,False,False,False,False,False,False,False,False,True,False,False,False,False
105.0,2.0,30.0,6.0,20.952380952380956,False,False,False,False,False,True,False,False,False,True,False,True,False,False,False,False,False,False,False,False,True,False,False,False
144.0,2.0,30.0,22.0,28.47222222222222,False,False,False,True,False,False,False,False,False,True,False,True,False,False,False,False,False,False,False,True,False,False,False,False
43.0,1.8,30.0,23.0,25.813953488372093,False,False,False,False,False,True,False,False,False,False,False,False,True,False,False,False,False,False,False,False,True,False,False,False
139.0,2.0,30.0,18.0,21.58273381294964,False,False,False,False,False,False,False,False,False,True,False,True,False,False,False,False,False,False,False,False,True,False,False,False
129.77,1.38,35.0,19.0,17.723664945673114,False,False,False,False,False,True,False,False,False,True,False,True,False,False,False,False,False,False,False,True,False,False,False,False
78.0,4.5,25.0,11.0,29.91025641025641,False,False,False,False,False,False,False,False,False,False,False,True,False,False,True,False,False,False,False,False,True,False,False,False
180.18,1.5,30.0,21.0,13.875013875013874,False,False,False,False,False,True,False,False,False,True,False,False,True,False,False,False,False,False,False,False,True,False,False,False
89.0,1.5,30.0,17.0,24.719101123595507,False,True,False,False,False,False,False,False,False,True,False,True,False,False,False,False,False,False,False,False,True,False,False,False
86.72,1.5,30.0,24.0,20.525830258302584,False,True,False,False,False,False,False,False,False,True,False,True,False,False,False,False,False,False,False,False,True,False,False,False
122.0,2.5,30.0,8.0,23.22131147540984,False,False,False,False,False,False,True,False,False,False,False,True,False,False,False,False,False,False,False,True,False,False,False,False
279.6403240575057,0.5,30.0,26.0,1.6071428571428572,False,False,False,False,False,False,True,False,False,False,False,True,False,False,False,False,False,False,False,True,False,False,False,False
75.41,1.8,25.0,11.0,23.869513327144944,False,True,False,False,False,False,False,False,False,True,False,True,False,False,False,False,False,False,False,False,True,False,False,False
140.0,2.0,30.0,21.0,17.857142857142858,False,False,False,False,False,False,False,False,True,False,False,True,False,False,False,False,False,False,False,False,True,False,False,False
124.86,2.5,31.0,13.0,15.21704308825885,False,True,False,False,False,False,False,False,False,True,False,True,False,False,False,False,False,False,False,False,True,False,False,False
39.0,1.2,31.6,18.0,15.333333333333334,False,False,False,False,False,True,True,False,False,False,False,True,False,False,False,False,False,False,False,True,False,False,False,False
97.0,2.5,30.0,14.0,40.08247422680412,False,False,False,True,False,False,True,False,False,False,False,True,False,False,False,False,False,False,False,False,True,False,False,False
88.29,1.5,30.0,16.0,12.266394835202174,False,False,False,False,False,True,False,False,False,False,True,False,False,False,False,False,False,False,False,False,True,False,False,False
110.0,2.5,30.0,11.0,24.545454545454547,False,False,False,False,False,False,False,False,False,True,False,True,False,False,False,False,False,False,False,True,False,False,False,False
105.0,1.2,27.0,36.0,19.047619047619047,False,True,False,False,False,False,False,False,False,True,False,True,False,False,False,False,False,False,False,False,True,False,False,False
45.0,2.3,30.0,16.0,32.888888888888886,False,False,True,False,False,False,False,False,False,False,False,True,False,False,False,False,False,False,False,True,False,False,False,False
190.0,2.0,30.0,8.0,22.894736842105264,False,False,False,False,False,False,True,False,False,False,False,False,True,False,False,False,False,False,False,False,True,False,False,False
50.0,2.0,30.0,26.0,11.98,False,True,False,False,False,False,True,False,False,False,False,True,False,True,False,False,False,False,False,True,False,False,False,False
110.6,2.5,30.0,7.0,16.998191681735985,False,True,False,False,False,False,False,False,False,False,False,False,True,False,False,False,False,False,False,False,True,False,False,False
75.0,1.2,25.0,36.0,9.333333333333334,False,True,False,False,False,False,False,False,False,True,True,False,False,False,False,False,False,False,False,True,False,False,False,False
130.0,2.0,30.0,5.0,33.84615384615385,False,False,False,False,False,False,False,False,False,True,False,True,False,False,False,False,False,False,False,True,False,False,False,False
104.0,2.0,30.0,16.0,18.423076923076923,False,False,False,False,False,False,False,False,False,True,True,False,False,False,False,False,True,False,False,False,False,False,False,False
120.0,2.6,29.98,5.0,29.991666666666667,False,False,False,False,False,False,True,False,False,False,False,True,False,False,False,False,False,False,False,False,True,False,False,False
48.0,2.0,20.0,19.0,18.75,False,True,False,False,False,False,False,False,False,False,False,True,False,False,True,False,False,False,False,True,False,False,False,False
40.0,1.5,30.0,17.0,17.0,False,True,False,False,False,False,False,False,False,True,False,True,False,False,False,False,False,False,False,True,False,False,False,False
45.0,3.08,30.0,10.0,19.977777777777774,False,False,False,False,False,False,False,False,False,False,False,True,False,False,False,False,False,False,False,False,True,False,False,False
89.0,2.0,30.0,6.0,22.46067415730337,False,False,False,False,False,True,False,False,False,False,False,True,False,False,False,False,False,False,False,False,True,False,False,False
65.0,1.2,25.0,26.0,29.23076923076923,False,True,False,False,False,False,False,False,False,False,False,False,True,False,False,False,False,False,False,False,True,False,False,False
43.0,2.5,50.0,12.0,16.25581395348837,False,True,False,False,False,False,False,False,False,False,False,True,False,False,False,False,False,False,False,True,False,False,False,False
60.0,2.3,30.0,16.0,28.0,False,False,True,False,False,False,True,False,False,False,False,True,False,False,False,False,False,False,False,True,False,False,False,False
153.93,0.5,30.0,28.0,16.234652114597544,False,True,False,False,False,False,False,False,False,False,False,False,True,False,False,False,False,False,False,True,False,False,False,False
121.0,2.8,30.0,5.0,28.925619834710744,False,False,False,False,False,False,False,False,False,True,False,True,False,False,False,False,False,False,False,False,True,False,False,False
98.0,1.5,30.0,31.0,17.857142857142858,False,True,False,False,False,False,False,False,False,True,False,True,False,False,False,False,False,False,False,False,True,False,False,False
47.38,2.0,25.0,14.0,25.32714225411566,False,True,False,False,False,False,False,False,False,False,False,True,False,False,False,False,False,False,False,False,True,False,False,False
112.0,2.5,30.0,5.0,33.035714285714285,False,False,False,False,False,False,False,False,False,True,False,True,False,False,False,False,False,False,False,False,True,False,False,False
95.0,2.5,30.0,18.0,29.473684210526315,True,False,False,False,False,False,False,False,False,False,False,True,False,False,False,False,False,False,False,False,True,False,False,False
130.0,2.0,30.0,4.0,20.0,False,True,False,False,False,False,False,False,False,False,False,True,False,False,False,False,False,False,False,False,True,False,False,False
60.0,1.2,30.0,26.0,26.666666666666668,False,True,False,False,False,False,False,False,True,False,False,True,False,False,False,False,False,False,False,False,True,False,False,False
90.0,2.5,30.0,3.0,28.88888888888889,False,False,False,False,False,True,False,False,False,True,False,False,True,False,False,False,False,False,False,False,True,False,False,False
106.0,2.5,30.0,18.0,26.22641509433962,True,False,False,False,False,False,True,False,False,False,False,True,False,False,False,False,False,False,False,True,False,False,False,False
105.0,1.2,10.0,21.0,18.857142857142858,False,True,False,False,False,False,False,False,False,False,False,True,False,False,False,False,False,False,False,True,False,False,False,False
178.0,2.0,30.0,14.0,15.617977528089888,True,False,False,False,False,False,False,False,False,True,True,False,False,False,False,False,False,False,False,True,False,False,False,False
30.0,2.5,30.0,20.0,28.33333333333333,False,False,False,False,False,False,False,False,True,False,False,True,False,False,False,False,False,False,False,True,False,False,False,False
93.0,2.5,30.0,10.0,23.64516129032258,False,False,False,False,False,False,False,False,False,False,False,True,False,False,False,False,False,False,False,False,True,False,False,False
126.0,4.5,25.0,11.0,21.15873015873016,False,False,False,False,False,False,False,False,False,True,False,True,False,False,True,False,False,False,False,False,False,False,False,True
157.14,2.77,25.0,13.0,36.90976199567265,False,True,False,False,False,False,False,False,False,False,False,False,True,False,False,False,False,False,False,True,False,False,False,False
40.0,2.5,20.0,27.0,32.5,False,False,False,True,False,False,False,False,True,False,False,True,False,False,False,False,False,False,False,False,True,False,False,False
190.0,2.25,50.0,14.0,28.210526315789476,False,False,False,True,False,False,False,False,False,False,False,True,False,False,False,False,False,False,False,False,True,False,False,False
62.0,2.5,30.0,12.0,25.806451612903224,False,True,False,False,False,False,True,False,False,False,False,True,False,False,True,False,False,False,True,False,False,False,False,False
108.0,1.8,30.0,5.0,32.407407407407405,False,True,False,False,False,False,False,False,False,False,False,True,False,False,False,False,False,False,False,True,False,False,False,False
132.0,2.0,30.0,11.0,17.416666666666668,False,False,False,True,False,False,True,False,False,False,False,True,False,False,False,False,False,False,False,True,False,False,False,False
105.0,1.5,30.0,17.0,28.571428571428573,False,True,False,False,False,False,False,False,False,False,False,False,True,False,False,False,False,False,False,True,False,False,False,False
67.87,1.8,28.0,24.0,22.08634153528805,False,True,False,False,False,False,False,False,False,True,False,True,False,False,False,False,False,False,False,False,True,False,False,False
45.0,1.5,45.0,28.0,21.11111111111111,False,True,False,False,False,False,False,False,False,False,False,True,False,True,False,False,False,False,False,True,False,False,False,False
71.0,1.34,35.0,16.0,23.943661971830984,False,True,False,False,False,False,False,False,False,False,False,True,False,False,False,False,False,False,False,False,True,False,False,False
89.22,2.0,30.0,26.0,19.054023761488452,False,True,False,False,False,False,False,False,False,False,False,True,False,False,False,False,False,False,False,True,False,False,False,False
130.0,1.5,30.0,4.0,29.23076923076923,False,True,False,False,False,False,False,False,False,True,False,True,False,False,False,False,False,False,False,False,True,False,False,False
279.6403240575057,2.5,30.0,13.0,13.776,False,False,False,False,False,False,False,False,False,False,False,True,False,False,False,False,False,False,False,False,True,False,False,False
60.0,2.0,30.0,22.0,24.433333333333334,False,False,False,False,False,False,False,False,False,False,False,True,False,False,False,False,False,False,False,False,True,False,False,False
40.0,1.2,25.0,26.0,16.25,False,True,False,False,False,False,False,False,True,False,False,True,False,False,False,False,False,False,False,True,False,False,False,False
89.0,1.5,30.0,31.0,16.853932584269664,False,True,False,False,False,False,True,False,False,False,False,True,False,False,False,False,False,False,False,True,False,False,False,False
130.0,2.5,30.0,8.0,16.76923076923077,False,False,False,False,False,True,False,False,False,True,False,True,False,False,False,False,False,False,False,True,False,False,False,False
50.6,2.0,30.0,28.0,25.296442687747035,False,True,False,False,False,False,False,False,False,False,False,False,True,False,False,False,False,False,False,False,True,False,False,False
136.92,2.2,30.2,21.0,16.798130295062812,False,False,False,False,False,True,True,False,False,False,False,True,False,False,False,False,False,False,False,False,True,False,False,False
81.25,1.7,30.0,25.0,20.307692307692307,False,False,False,False,False,True,False,False,False,True,False,True,False,False,False,False,False,False,False,False,True,False,False,False
31.0,2.0,30.0,11.0,25.774193548387096,False,False,False,False,False,False,False,False,False,False,False,True,False,False,False,False,False,False,False,False,True,False,False,False
140.0,2.0,30.0,11.0,29.285714285714285,False,False,False,False,False,False,True,False,False,False,False,True,False,False,False,False,False,False,False,False,True,False,False,False
110.0,2.1,35.0,3.0,22.727272727272727,False,False,False,False,False,True,False,False,False,False,False,False,True,False,False,False,False,False,False,True,False,False,False,False
45.0,2.0,30.0,26.0,26.622222222222224,False,False,False,True,False,False,False,False,False,False,False,False,True,False,False,False,False,False,False,True,False,False,False,False
89.0,2.0,30.0,6.0,21.34831460674157,False,True,False,False,False,False,False,False,False,True,False,True,False,False,False,False,False,False,False,False,True,False,False,False
135.0,2.0,20.0,30.0,16.74074074074074,False,True,False,False,False,False,True,False,False,False,False,True,False,False,False,False,False,False,False,False,True,False,False,False
137.0,2.6,30.0,5.0,23.35036496350365,False,False,False,False,False,False,False,False,False,False,False,False,True,False,False,False,False,False,False,True,False,False,False,False
108.0,2.0,30.0,5.0,16.666666666666668,False,True,False,False,False,False,False,False,False,False,False,True,False,False,False,False,False,False,False,False,True,False,False,False
91.98,2.5,50.0,12.0,27.179821700369644,False,True,False,False,False,False,False,False,False,True,False,True,False,False,False,False,False,False,False,False,True,False,False,False
108.0,2.6,30.0,5.0,32.407407407407405,False,False,False,False,False,False,True,False,False,False,False,True,False,False,False,False,False,False,False,False,True,False,False,False
62.0,1.2,24.0,28.0,25.806451612903224,False,True,False,False,False,False,True,False,False,False,False,True,False,False,False,False,False,False,False,True,False,False,False,False
142.3,2.0,25.0,10.0,22.487702037947997,False,True,False,False,False,False,True,False,False,False,False,True,False,False,False,False,False,False,False,False,True,False,False,False
52.0,1.8,30.0,26.0,23.07692307692308,False,True,False,False,False,False,False,False,False,True,False,True,False,False,False,False,False,False,False,True,False,False,False,False
143.0,2.0,30.0,21.0,20.972027972027973,False,False,False,True,False,False,False,False,False,False,False,True,False,False,False,False,False,False,False,True,False,False,False,False
41.0,2.5,30.0,27.0,31.70731707317073,False,True,False,False,False,False,False,False,False,True,False,False,True,False,False,False,False,False,False,False,True,False,False,False
144.0,1.5,25.0,19.0,19.444444444444443,False,True,False,False,False,False,False,False,False,False,False,False,True,False,False,False,False,False,False,False,True,False,False,False
60.0,2.0,30.0,26.0,28.0,False,True,False,False,False,False,False,False,False,True,False,True,False,True,False,False,False,False,False,True,False,False,False,False
99.97,2.0,23.0,11.0,18.005401620486147,False,True,False,False,False,False,False,False,False,False,False,True,False,False,False,False,False,False,False,False,True,False,False,False
91.0,1.6,30.0,17.0,23.065934065934066,False,True,False,False,False,False,False,False,False,False,False,True,False,False,False,False,False,False,False,False,True,False,False,False
88.51,2.0,50.0,13.0,21.466500960343463,False,True,False,False,False,False,False,False,False,True,False,True,False,False,False,False,False,False,False,False,True,False,False,False
142.0,2.0,30.0,16.0,14.669014084507042,True,False,False,False,False,False,False,False,False,True,False,True,False,False,False,False,False,False,False,True,False,False,False,False
99.0,2.1,35.0,3.0,21.21212121212121,False,False,False,False,False,True,False,False,False,False,False,False,True,False,False,False,False,False,False,True,False,False,False,False
98.0,1.5,30.0,31.0,18.367346938775512,False,True,False,False,False,False,False,False,False,True,False,False,True,False,False,False,False,False,False,False,True,False,False,False
83.34,2.0,40.0,21.0,18.59851211903048,False,True,False,False,False,False,True,False,False,False,False,True,False,False,False,False,False,False,False,False,True,False,False,False
66.0,2.5,30.0,14.0,25.74242424242424,False,False,False,True,False,False,False,False,False,False,False,True,False,False,False,False,False,False,False,True,False,False,False,False
140.0,2.0,30.0,9.0,25.0,False,False,False,False,False,False,False,False,False,True,False,True,False,False,False,False,False,False,False,True,False,False,False,False
147.0,1.2,31.0,28.0,13.605442176870747,False,True,False,False,False,False,True,False,False,False,False,True,False,False,False,False,False,False,False,True,False,False,False,False
83.0,1.5,36.07,14.0,15.662650602409638,False,False,False,False,False,True,False,False,True,False,False,True,False,False,True,False,False,False,False,True,False,False,False,False
105.0,3.4,15.0,10.0,24.761904761904763,False,False,False,False,False,False,False,False,False,False,False,True,False,False,True,False,False,False,False,True,False,False,False,False
113.0,3.0,30.0,5.0,22.12389380530973,False,False,False,False,False,False,False,False,False,True,False,True,False,False,False,False,False,False,False,True,False,False,False,False
88.0,2.0,30.0,10.0,18.181818181818183,False,True,False,False,False,False,False,False,False,False,False,True,False,False,False,False,False,False,False,True,False,False,False,False
50.0,1.2,30.0,26.0,16.0,False,True,False,False,False,False,False,False,False,True,False,True,False,False,False,False,False,False,False,True,False,False,False,False
126.0,3.08,30.0,10.0,11.11111111111111,False,False,False,False,False,False,False,False,False,False,False,True,False,False,False,False,True,False,False,False,False,False,False,False
279.6403240575057,1.5,30.0,5.0,13.998,False,False,False,False,False,False,False,False,True,False,True,False,False,False,False,False,False,False,False,False,False,False,False,False
36.69,2.5,30.0,22.0,23.984736985554648,False,True,False,False,False,False,False,False,False,False,False,False,True,False,False,False,False,False,False,True,False,False,False,False
180.0,1.8,30.0,23.0,4.444444444444445,False,False,False,False,False,True,False,False,True,False,False,True,False,False,False,False,False,False,False,True,False,False,False,False
80.0,2.0,30.0,3.0,17.5,False,True,False,False,False,False,True,False,False,False,False,True,False,False,False,False,False,False,False,True,False,False,False,False
80.0,1.3,28.0,15.0,25.0,False,True,False,False,False,False,True,False,False,False,False,True,False,False,False,False,False,False,False,True,False,False,False,False
65.0,1.2,20.0,31.0,23.07692307692308,False,True,False,False,False,False,False,False,False,False,False,True,False,False,False,False,False,False,False,False,True,False,False,False
99.0,2.1,35.0,3.0,22.22222222222222,False,False,False,False,False,True,False,False,False,True,False,False,True,False,False,False,False,False,False,False,True,False,False,False
140.0,2.5,30.0,11.0,24.992857142857144,False,False,False,True,False,False,True,False,False,False,False,False,True,False,False,False,False,False,False,True,False,False,False,False
132.0,1.2,30.0,11.0,26.51515151515152,False,True,False,False,False,False,False,False,False,True,False,True,False,False,False,False,False,False,False,False,True,False,False,False
89.0,1.6,40.0,9.0,19.10112359550562,False,False,False,False,False,True,False,False,False,True,False,True,False,False,False,False,False,False,False,True,False,False,False,False
113.0,2.5,30.0,6.0,44.24778761061947,False,False,False,False,False,False,False,False,False,True,False,True,False,False,False,False,False,False,False,False,True,False,False,False
80.0,2.0,40.0,10.0,22.5,False,True,False,False,False,False,False,False,False,False,False,False,True,False,False,False,False,False,False,False,True,False,False,False
86.0,1.7,25.0,7.0,29.069767441860463,False,True,False,False,False,False,True,False,False,False,False,False,True,False,False,False,False,False,False,True,False,False,False,False
89.0,1.5,30.0,17.0,25.93258426966292,False,True,False,False,False,False,False,False,False,False,False,True,False,False,False,False,False,False,False,True,False,False,False,False
90.0,2.6,30.0,10.0,25.33333333333333,True,False,False,False,False,False,False,False,False,False,False,True,False,False,False,False,False,False,False,True,False,False,False,False
98.0,2.0,30.0,22.0,30.60204081632653,False,False,False,True,False,False,True,False,False,False,False,False,True,False,False,False,False,False,False,True,False,False,False,False
62.0,1.6,30.0,16.0,17.741935483870968,False,True,False,False,False,False,True,False,False,False,False,True,False,False,False,False,False,False,False,True,False,False,False,False
115.28,1.2,30.0,6.0,33.726578764746705,False,True,False,False,False,False,False,False,False,False,False,False,True,False,False,False,False,False,False,False,True,False,False,False
86.0,2.5,30.0,5.0,34.88372093023256,False,False,False,False,False,False,False,False,False,False,False,True,False,False,False,False,False,False,False,False,True,False,False,False
92.0,2.0,30.0,11.0,23.543478260869566,True,False,False,False,False,False,False,False,False,True,False,True,False,False,False,False,False,False,False,True,False,False,False,False
78.0,1.2,20.0,28.0,20.256410256410252,False,True,False,False,False,False,True,False,False,False,False,False,True,False,False,False,False,False,False,False,True,False,False,False
118.0,2.0,30.0,22.0,23.720338983050848,False,False,False,True,False,False,False,False,False,True,False,False,True,False,False,False,False,False,False,False,True,False,False,False
40.0,2.0,30.0,3.0,22.475,True,False,False,False,False,False,False,False,True,False,False,True,False,False,False,False,False,False,False,True,False,False,False,False
39.0,2.0,30.0,11.0,15.35897435897436,False,False,False,False,False,True,False,False,True,False,False,True,False,False,False,False,False,False,False,True,False,False,False,False
30.0,1.5,30.0,25.0,40.0,False,True,False,False,False,False,True,False,False,False,False,True,False,False,True,False,False,False,False,True,False,False,False,False
82.0,1.2,30.0,26.0,24.390243902439025,False,False,False,False,False,False,False,False,True,False,False,True,False,False,False,False,False,False,False,True,False,False,False,False
41.0,2.3,30.0,5.0,32.51219512195122,False,False,False,False,False,True,False,False,False,False,False,True,False,False,False,False,False,False,False,False,True,False,False,False
279.6403240575057,0.5,50.0,14.0,29.454545454545453,False,False,False,True,False,False,False,False,True,False,False,False,True,True,False,False,False,False,False,False,True,False,False,False
58.0,2.49,19.6,11.0,28.448275862068964,False,False,False,False,False,False,True,False,False,False,False,True,False,False,False,False,False,False,False,True,False,False,False,False
95.0,3.4,15.0,10.0,31.568421052631574,False,False,False,False,False,False,True,False,False,False,False,False,True,False,False,False,False,False,False,False,True,False,False,False
100.0,2.6,30.0,10.0,24.0,True,False,False,False,False,False,False,False,False,False,False,True,False,False,False,False,False,False,False,True,False,False,False,False
45.0,1.2,30.0,26.0,28.866666666666667,False,False,False,True,False,False,False,False,False,False,False,True,False,False,False,False,False,False,False,True,False,False,False,False
105.0,3.4,15.0,10.0,24.571428571428573,False,False,False,False,False,False,True,False,False,False,False,True,False,False,True,False,False,False,False,True,False,False,False,False
113.0,1.2,31.0,18.0,17.699115044247787,False,True,False,False,False,False,True,False,False,False,False,False,True,False,False,False,False,False,False,True,False,False,False,False
141.32,3.45,43.0,17.0,13.444664590999151,False,True,False,False,False,False,False,False,False,True,False,True,False,False,False,False,False,False,False,True,False,False,False,False
130.0,1.8,39.0,4.0,21.53076923076923,False,False,False,True,False,False,False,False,False,False,False,True,False,False,False,False,False,False,False,True,False,False,False,False
86.08,2.5,30.0,16.0,34.828066914498145,False,False,False,True,False,False,False,False,False,False,False,False,True,False,False,False,False,False,False,True,False,False,False,False
42.0,1.2,30.0,22.0,29.761904761904763,False,True,False,False,False,False,False,False,False,True,False,True,False,False,False,False,False,False,False,True,False,False,False,False
76.22,2.0,30.0,15.0,24.927840461821045,False,True,False,False,False,False,False,False,False,True,False,True,False,False,False,False,False,False,False,True,False,False,False,False
133.11,1.7,30.0,25.0,15.776425512733828,False,False,False,False,False,True,False,False,False,True,False,True,False,False,False,False,False,False,False,False,True,False,False,False
132.0,2.0,31.0,15.0,15.151515151515152,False,True,False,False,False,False,False,False,False,True,False,True,False,False,False,False,False,False,False,False,True,False,False,False
105.0,2.5,30.0,5.0,33.333333333333336,False,False,False,False,False,False,False,False,False,True,False,True,False,False,False,False,False,False,False,True,False,False,False,False
89.0,2.0,30.0,11.0,29.21348314606741,False,True,False,False,False,False,False,False,False,True,False,True,False,False,False,False,False,False,False,False,True,False,False,False
136.0,2.2,30.0,11.0,16.91176470588235,False,False,False,False,False,True,True,False,False,False,False,False,True,False,False,False,False,False,False,True,False,False,False,False
1.0,0.5,50.0,9.0,900.0,False,False,False,False,False,False,False,False,True,False,False,True,False,False,False,False,False,False,False,False,True,False,False,False
108.0,2.5,30.0,7.0,17.12962962962963,False,True,False,False,False,False,False,False,False,True,False,False,True,False,False,False,False,False,False,True,False,False,False,False
130.83,1.7,30.0,18.0,12.734082397003744,False,False,False,False,False,True,False,False,False,True,False,True,False,False,False,False,False,False,False,False,True,False,False,False
150.0,2.0,30.0,16.0,17.333333333333332,False,False,False,False,False,False,False,False,True,False,False,True,False,False,False,False,False,False,False,True,False,False,False,False
89.0,1.6,40.0,9.0,20.2247191011236,False,False,False,False,False,True,False,False,False,False,False,True,False,False,False,False,False,False,False,True,False,False,False,False
129.0,2.0,30.0,5.0,34.10852713178294,False,False,False,False,False,False,False,False,False,True,False,False,True,False,False,False,False,False,False,False,True,False,False,False
96.0,1.2,30.1,12.0,20.83333333333333,False,True,False,False,False,False,False,False,False,False,False,True,False,False,False,False,False,False,False,True,False,False,False,False
142.0,2.0,20.0,29.0,19.718309859154928,False,False,False,False,False,False,True,False,False,False,False,True,False,False,False,False,False,False,False,False,True,False,False,False
88.1,1.5,24.0,28.0,15.891032917139617,False,True,False,False,False,False,False,False,False,False,False,True,False,False,False,False,False,False,False,False,True,False,False,False
97.0,2.5,30.0,6.0,23.711340206185568,False,True,False,False,False,False,False,False,False,True,False,True,False,False,False,False,False,False,False,True,False,False,False,False
279.6403240575057,0.5,30.0,13.0,39.62264150943396,False,False,False,False,False,False,False,False,True,False,False,True,False,True,False,False,False,False,False,False,True,False,False,False
30.0,1.2,25.0,36.0,15.0,False,True,False,False,False,False,False,False,False,False,True,False,False,False,False,False,False,False,False,True,False,False,False,False
279.6403240575057,0.7,49.0,18.0,21.5625,False,True,False,False,False,False,False,False,True,False,False,True,False,True,False,False,False,False,False,False,True,False,False,False
89.0,2.6,30.0,10.0,25.50561797752809,True,False,False,False,False,False,False,False,False,False,False,True,False,False,False,False,False,False,False,True,False,False,False,False
20.0,2.0,30.0,11.0,29.95,False,False,False,False,False,False,True,False,False,False,False,True,False,False,False,False,True,False,False,False,False,False,False,False
87.97,2.0,30.0,11.0,18.188018642719108,False,False,False,False,False,True,False,False,False,True,False,True,False,False,False,False,False,False,False,False,True,False,False,False
149.0,1.2,24.0,28.0,17.449664429530202,False,True,False,False,False,False,True,False,False,False,False,False,True,False,False,False,False,False,False,True,False,False,False,False
56.0,2.0,30.0,9.0,28.571428571428573,False,False,False,False,False,False,False,False,True,False,False,True,False,False,False,False,False,False,False,True,False,False,False,False
41.39,1.8,28.0,24.0,24.160425223483934,False,True,False,False,False,False,False,False,False,True,False,True,False,False,False,False,False,False,False,True,False,False,False,False
96.66,1.5,36.07,14.0,16.552865714876887,False,False,False,False,False,True,False,False,False,False,False,True,False,False,False,False,False,False,False,True,False,False,False,False
89.04,2.0,30.0,16.0,22.461814914645103,False,False,False,False,False,True,False,False,False,False,False,False,True,False,False,False,False,False,False,False,True,False,False,False
89.0,2.0,30.0,22.0,32.764044943820224,False,False,False,True,False,False,False,False,False,True,False,False,True,False,False,False,False,False,False,False,True,False,False,False
160.0,3.0,30.0,8.0,19.7875,False,False,False,False,False,False,False,False,False,False,False,True,False,False,False,False,True,False,False,False,False,False,False,False
89.0,2.5,30.0,5.0,37.07865168539326,False,False,False,False,False,False,False,False,False,True,False,True,False,False,False,False,False,False,False,True,False,False,False,False
135.0,2.5,22.0,26.0,14.814814814814817,False,True,False,False,False,False,True,False,False,False,False,True,False,False,False,False,False,False,False,False,True,False,False,False
90.0,2.0,30.0,16.0,17.744444444444444,False,False,False,True,False,False,False,False,False,False,False,False,True,False,False,False,False,False,False,True,False,False,False,False
45.0,1.2,30.0,26.0,39.977777777777774,False,False,False,True,False,False,True,False,False,False,False,True,False,False,False,False,False,False,False,True,False,False,False,False
88.44,1.68,30.0,11.0,10.176390773405698,False,True,False,False,False,False,False,False,False,False,False,True,False,False,False,False,False,False,False,False,True,False,False,False
89.0,2.0,30.0,5.0,28.08988764044944,False,False,False,False,True,False,True,False,False,False,False,True,False,False,False,False,False,False,False,True,False,False,False,False
40.0,1.2,30.0,26.0,17.5,False,False,False,False,False,True,False,False,False,False,False,True,False,False,False,False,False,False,False,True,False,False,False,False
125.0,2.45,32.0,5.0,28.0,False,False,False,False,False,False,True,False,False,False,False,True,False,False,False,False,False,False,False,False,True,False,False,False
126.0,2.0,30.0,22.0,23.73015873015873,False,False,False,True,False,False,True,False,False,False,False,False,True,False,False,False,False,False,False,True,False,False,False,False
125.0,2.5,30.0,6.0,30.4,False,False,False,False,False,False,False,False,False,False,False,True,False,False,False,False,False,False,False,True,False,False,False,False
86.35,1.5,25.0,24.0,32.42617255356109,False,True,False,False,False,False,True,False,False,False,False,False,True,False,False,False,False,False,False,True,False,False,False,False
88.0,1.8,30.0,5.0,19.88636363636364,False,True,False,False,False,False,False,False,False,False,False,True,False,False,False,False,False,False,False,False,True,False,False,False
123.0,1.0,20.0,31.0,13.658536585365852,False,True,False,False,False,False,False,False,False,True,False,False,True,False,False,False,False,False,False,True,False,False,False,False
143.6,2.5,30.0,8.0,26.114206128133706,False,False,False,False,False,False,True,False,False,False,False,True,False,False,False,False,False,False,False,False,True,False,False,False
158.0,2.5,30.0,9.0,35.44303797468354,False,False,False,True,False,False,False,False,False,True,False,True,False,False,False,False,False,False,False,True,False,False,False,False
28.08,1.7,30.0,16.0,38.46153846153847,False,True,False,False,False,False,True,False,False,False,False,False,True,False,False,False,False,False,False,True,False,False,False,False
131.0,1.7,30.0,6.0,39.083969465648856,False,False,False,False,False,True,False,False,False,True,False,False,True,False,False,False,False,False,False,True,False,False,False,False
89.39,2.0,30.0,11.0,19.57713390759593,False,False,False,False,False,True,True,False,False,False,False,True,False,False,False,False,False,False,False,False,True,False,False,False
35.0,1.82,31.0,21.0,19.97142857142857,False,True,False,False,False,False,True,False,False,False,False,True,False,False,False,False,False,False,False,True,False,False,False,False
128.0,2.5,30.0,8.0,17.96875,False,False,False,False,False,False,False,False,False,False,True,False,False,False,False,False,False,False,False,False,True,False,False,False
35.0,1.5,30.0,5.0,14.285714285714286,False,False,False,False,False,True,False,False,False,False,False,True,False,False,True,False,False,False,False,True,False,False,False,False
46.01,2.46,40.0,7.0,32.55813953488372,False,False,False,True,False,False,False,False,False,False,False,True,False,False,False,False,False,False,False,True,False,False,False,False
139.0,2.3,30.0,5.0,16.18705035971223,False,False,False,False,False,True,False,False,False,True,False,True,False,False,False,False,False,False,False,False,True,False,False,False
88.0,2.0,30.0,15.0,18.181818181818183,False,True,False,False,False,False,False,False,False,False,False,True,False,False,False,False,False,False,False,True,False,False,False,False
89.0,2.1,27.0,8.0,23.59550561797753,False,True,False,False,False,False,False,False,False,False,True,False,False,False,False,False,False,False,False,False,True,False,False,False
143.0,2.5,30.0,4.0,25.874125874125877,False,False,False,False,False,True,False,False,False,True,False,False,True,False,False,False,False,False,False,True,False,False,False,False
120.94,1.19,35.0,15.0,13.643128824210352,False,False,False,False,False,True,False,False,False,False,False,True,False,False,False,False,False,False,False,False,True,False,False,False
130.0,2.0,30.0,6.0,30.76153846153846,False,False,False,False,False,False,False,False,False,False,False,True,False,False,False,False,False,False,False,False,True,False,False,False
143.0,2.0,30.0,11.0,16.783216783216783,False,False,False,False,False,False,False,False,False,True,True,False,False,False,False,False,False,False,False,False,True,False,False,False
35.0,1.5,30.0,20.0,28.542857142857144,False,False,False,True,False,False,False,False,False,False,False,True,False,False,False,False,False,False,False,True,False,False,False,False
90.0,2.0,30.0,6.0,21.11111111111111,False,True,False,False,False,False,False,False,False,True,False,True,False,False,False,False,False,False,False,False,True,False,False,False
114.0,1.9,35.0,4.0,13.157894736842104,False,False,False,False,False,True,True,False,False,False,False,False,True,False,False,False,False,False,False,False,True,False,False,False
40.0,2.5,30.0,26.0,20.0,False,True,False,False,False,False,False,False,False,False,False,True,False,False,False,False,False,False,False,True,False,False,False,False
35.0,2.0,30.0,26.0,34.22857142857143,False,False,False,True,False,False,True,False,False,False,False,True,False,False,False,False,False,False,False,True,False,False,False,False
90.0,2.0,30.0,19.0,26.666666666666668,False,False,False,False,False,False,False,False,False,True,False,True,False,False,False,False,False,False,False,True,False,False,False,False
90.0,3.0,30.0,14.0,37.55555555555556,False,False,False,False,False,False,True,False,False,False,False,True,False,False,False,False,False,False,False,True,False,False,False,False
50.0,2.0,30.0,11.0,17.76,False,False,False,False,False,False,False,False,True,False,False,False,True,False,False,False,True,False,False,False,False,False,False,False
131.0,1.7,30.0,6.0,39.69465648854962,False,False,False,False,False,True,False,False,False,True,False,False,True,False,False,False,False,False,False,True,False,False,False,False
46.0,1.0,30.0,26.0,21.73913043478261,False,True,False,False,False,False,True,False,False,False,False,True,False,False,False,False,False,False,False,True,False,False,False,False
48.0,2.2,30.0,11.0,14.375,False,False,False,False,False,True,False,False,False,False,False,True,False,False,False,False,False,False,False,False,False,False,False,False
78.0,4.5,25.0,11.0,32.05128205128205,False,False,False,False,False,False,False,False,False,True,False,True,False,False,True,False,True,False,False,False,False,False,False,False
2.0,2.5,30.0,26.0,649.0,False,False,False,True,False,False,False,False,False,False,False,False,True,False,False,False,False,False,False,True,False,False,False,False
36.0,0.5,50.0,14.0,27.75,False,False,False,True,False,False,False,False,True,False,False,True,False,True,False,False,False,False,True,False,False,False,False,False
247.0,1.2,30.0,21.0,20.242914979757085,False,False,False,False,False,False,False,False,False,True,False,True,False,False,False,False,False,False,False,False,True,False,False,False
60.0,1.2,20.0,31.0,17.5,False,True,False,False,False,False,False,False,False,False,False,True,False,False,False,False,False,False,False,False,True,False,False,False
40.0,3.08,30.0,10.0,21.25,False,False,False,False,False,False,False,False,True,False,False,True,False,False,False,False,False,False,False,False,True,False,False,False
100.0,3.4,15.0,10.0,20.0,False,False,False,False,False,False,False,False,False,True,True,False,False,False,True,False,False,False,False,True,False,False,False,False
1.0,2.5,30.0,26.0,799.0,False,False,False,False,False,False,True,False,False,False,False,True,False,False,False,False,False,False,False,False,True,False,False,False
45.0,2.0,30.0,15.0,26.666666666666668,True,False,False,False,False,False,False,False,False,False,False,True,False,False,False,False,False,False,False,True,False,False,False,False
45.0,1.5,30.0,30.0,20.0,False,True,False,False,False,False,False,False,False,True,False,True,False,False,False,False,False,False,False,False,True,False,False,False
89.0,1.8,30.0,14.0,36.853932584269664,False,False,False,True,False,False,False,False,False,True,False,False,True,False,False,False,False,False,False,True,False,False,False,False
126.0,2.0,30.0,6.0,17.46031746031746,False,False,False,False,False,True,True,False,False,False,False,True,False,False,False,False,False,False,False,True,False,False,False,False
42.0,2.0,30.0,16.0,28.571428571428573,False,False,False,False,False,False,True,False,False,False,False,True,False,False,False,False,False,False,False,False,True,False,False,False
110.0,1.2,31.0,4.0,20.90909090909091,False,True,False,False,False,False,False,False,False,False,False,False,True,False,False,False,False,False,False,False,True,False,False,False
116.0,2.5,30.0,11.0,24.98275862068965,False,False,False,False,False,False,False,False,False,True,False,True,False,False,False,False,False,False,False,True,False,False,False,False
86.0,2.5,30.0,5.0,34.88372093023256,False,False,False,False,False,False,False,False,False,True,False,True,False,False,False,False,False,False,False,True,False,False,False,False
70.0,1.2,30.0,24.0,23.814285714285717,False,True,False,False,False,False,False,False,False,False,False,False,True,False,False,False,False,False,False,False,True,False,False,False
35.0,1.74,32.0,12.0,24.285714285714285,False,False,False,False,False,True,False,False,False,True,False,True,False,False,False,False,False,False,False,False,True,False,False,False
104.0,1.2,10.0,21.0,20.192307692307693,False,True,False,False,False,False,False,False,False,False,False,False,True,False,False,False,False,True,False,False,False,False,False,False
89.0,1.8,30.0,5.0,16.853932584269664,False,True,False,False,False,False,False,False,False,False,False,True,False,False,False,False,False,False,False,True,False,False,False,False
120.0,2.0,30.0,8.0,16.666666666666668,False,False,False,False,False,False,True,False,False,False,False,False,True,False,False,False,False,False,False,True,False,False,False,False
50.0,0.5,30.0,13.0,32.0,False,False,False,False,False,False,True,False,False,False,False,True,False,True,False,False,False,False,False,True,False,False,False,False
89.0,2.0,30.0,5.0,28.08988764044944,False,False,False,False,True,False,True,False,False,False,False,True,False,False,False,False,False,False,False,True,False,False,False,False
108.0,1.2,30.0,21.0,18.51851851851852,False,False,False,False,False,False,False,False,True,False,False,True,False,False,False,False,False,False,False,True,False,False,False,False
90.0,1.8,30.0,30.0,16.11111111111111,False,True,False,False,False,False,False,False,False,False,False,True,False,False,False,False,False,False,False,False,True,False,False,False
118.0,2.5,30.0,4.0,21.1864406779661,False,False,False,False,False,True,False,False,False,False,False,True,False,False,False,False,False,False,False,True,False,False,False,False
138.0,3.8,30.0,8.0,20.92753623188406,False,False,False,False,False,False,False,False,False,True,False,False,True,False,True,False,False,False,False,False,True,False,False,False
32.8,2.5,30.0,22.0,33.53658536585366,False,True,False,False,False,False,False,False,False,True,False,True,False,False,False,False,False,False,False,False,False,True,False,False
119.0,2.0,35.1,16.0,14.285714285714286,False,True,False,False,False,False,True,False,False,False,False,True,False,False,False,False,False,False,False,False,True,False,False,False
46.0,2.45,32.0,5.0,25.82608695652174,False,False,False,False,False,False,False,False,False,True,False,False,True,False,False,False,False,False,False,False,True,False,False,False
89.26,1.8,30.0,26.0,22.40645305848084,False,True,False,False,False,False,True,False,False,False,False,True,False,False,False,False,False,False,False,True,False,False,False,False
95.0,2.5,30.0,3.0,30.51578947368421,False,False,False,False,False,True,True,False,False,False,False,False,True,False,False,False,False,False,False,True,False,False,False,False
136.0,2.0,30.0,11.0,20.22058823529412,True,False,False,False,False,False,False,False,False,True,False,True,False,False,False,False,False,False,False,True,False,False,False,False
100.0,1.8,35.0,4.0,21.0,False,False,False,False,False,True,False,False,False,False,False,True,False,False,False,False,False,False,False,False,True,False,False,False
65.0,0.5,30.0,13.0,32.30769230769231,False,False,False,False,False,False,True,False,False,False,False,True,False,True,False,False,False,False,False,False,False,False,False,False
88.51,2.0,50.0,13.0,20.336685120325384,False,True,False,False,False,False,False,False,False,True,False,True,False,False,False,False,False,False,False,False,True,False,False,False
89.0,1.5,30.0,14.0,19.10112359550562,False,True,False,False,False,False,False,False,False,False,False,True,False,False,False,False,False,False,False,False,True,False,False,False
25.0,2.0,30.0,28.0,32.0,False,True,False,False,False,False,False,False,False,False,False,True,False,False,False,False,False,True,False,False,False,False,False,False
30.0,3.5,20.0,11.0,26.633333333333333,False,False,False,False,False,False,False,False,False,False,False,False,True,False,False,False,False,False,False,True,False,False,False,False
103.0,2.0,30.0,16.0,19.41747572815534,True,False,False,False,False,False,False,False,True,False,False,True,False,False,False,False,False,False,False,True,False,False,False,False
67.0,1.6,30.0,16.0,19.402985074626866,False,True,False,False,False,False,False,False,False,True,False,True,False,False,False,False,False,False,False,True,False,False,False,False
33.0,2.0,20.0,22.0,21.21212121212121,False,False,False,False,False,True,False,False,False,True,False,True,False,False,True,False,False,False,False,True,False,False,False,False
66.0,2.5,30.0,5.0,30.303030303030305,False,False,False,False,False,False,False,False,False,True,False,True,False,False,False,False,False,False,False,True,False,False,False,False
142.0,2.0,38.0,15.0,17.6056338028169,True,False,False,False,False,False,False,False,False,True,False,True,False,False,False,False,False,False,False,True,False,False,False,False
60.0,3.4,25.0,16.0,20.0,False,True,False,False,False,False,False,False,False,True,False,True,False,False,True,False,False,False,False,True,False,False,False,False
65.0,2.0,25.0,19.0,23.06153846153846,False,False,False,False,False,False,False,False,False,False,False,False,True,False,False,False,False,False,False,True,False,False,False,False
41.0,1.6,30.0,13.0,15.365853658536585,False,True,False,False,False,False,False,False,True,False,False,True,False,False,False,False,False,False,False,True,False,False,False,False
128.0,1.5,30.0,5.0,23.4375,False,False,False,False,False,False,False,False,False,False,False,True,False,False,False,False,False,False,False,False,True,False,False,False
116.7,1.44,20.0,25.0,16.281062553556126,False,True,False,False,False,False,True,False,False,False,False,True,False,False,False,False,False,False,False,False,True,False,False,False
106.0,1.9,25.0,4.0,31.132075471698112,False,False,False,False,False,False,False,False,False,True,False,True,False,False,False,False,False,False,False,True,False,False,False,False
82.84,4.7,20.0,13.0,19.917914051183004,False,False,False,False,False,True,False,False,False,True,True,False,False,False,False,False,False,False,False,True,False,False,False,False
100.0,2.5,30.0,8.0,28.5,False,False,False,False,False,False,False,False,False,False,False,True,False,False,False,False,False,False,False,False,True,False,False,False
125.0,2.0,20.0,31.0,7.2,False,False,False,True,False,False,False,False,True,False,False,True,False,False,False,False,False,False,False,True,False,False,False,False
180.0,1.27,30.1,4.0,22.22222222222222,False,True,False,False,False,False,True,False,False,False,False,True,False,False,False,False,False,False,False,False,True,False,False,False
89.0,1.27,30.1,4.0,23.584269662921347,False,True,False,False,False,False,True,False,False,False,False,True,False,False,False,False,False,False,False,True,False,False,False,False
110.0,2.0,30.0,11.0,21.20909090909091,True,False,False,False,False,False,True,False,False,False,False,True,False,False,False,False,False,False,False,True,False,False,False,False
108.0,1.2,31.0,18.0,16.666666666666668,False,True,False,False,False,False,False,False,False,True,False,True,False,False,False,False,False,False,False,False,True,False,False,False
118.0,2.0,30.0,11.0,18.5,True,False,False,False,False,False,False,False,False,True,False,True,False,False,False,False,False,False,False,True,False,False,False,False
86.0,3.4,25.0,16.0,20.930232558139537,False,True,False,False,False,False,False,False,False,True,False,True,False,False,True,False,False,False,False,True,False,False,False,False
131.0,1.7,30.0,6.0,38.01526717557252,False,False,False,False,False,True,False,False,False,False,False,False,True,False,False,False,False,False,False,False,True,False,False,False
38.35,1.7,30.0,18.0,26.07561929595828,False,False,False,False,False,True,False,False,False,False,False,True,False,False,False,False,False,False,False,True,False,False,False,False
89.0,2.45,32.0,5.0,35.95505617977528,False,False,False,False,False,False,False,False,False,False,False,False,True,False,False,False,False,False,False,True,False,False,False,False
268.0,0.5,35.0,19.0,16.791044776119403,False,False,False,False,False,True,False,False,True,False,False,True,False,True,False,False,False,False,False,False,True,False,False,False
45.0,2.0,20.0,19.0,18.88888888888889,False,True,False,False,False,False,True,False,False,False,False,True,False,False,True,False,False,False,False,True,False,False,False,False
130.0,1.2,30.0,21.0,22.307692307692307,False,False,False,False,False,False,False,False,True,False,False,True,False,False,False,False,False,False,False,True,False,False,False,False
89.0,1.5,30.0,24.0,16.853932584269664,False,True,False,False,False,False,False,False,False,False,False,True,False,False,False,False,False,False,False,True,False,False,False,False
120.0,1.2,30.0,21.0,20.83333333333333,False,False,False,False,False,False,False,False,False,False,False,True,False,False,False,False,False,False,False,True,False,False,False,False
30.0,1.2,30.0,24.0,36.66666666666666,False,False,False,True,False,False,False,False,False,False,False,False,True,False,False,False,False,False,False,True,False,False,False,False
40.0,3.0,30.0,4.0,27.5,False,True,False,False,False,False,False,False,False,False,False,True,False,False,False,False,False,False,False,True,False,False,False,False
40.0,2.0,20.0,30.0,15.0,False,True,False,False,False,False,False,False,False,False,False,True,False,False,False,False,False,False,False,True,False,False,False,False
57.0,1.0,20.0,33.0,26.31578947368421,False,True,False,False,False,False,True,False,False,False,False,False,True,False,False,False,False,False,False,False,True,False,False,False
92.01,1.7,30.0,25.0,7.607868709922834,False,False,False,False,False,True,False,False,False,True,False,True,False,False,False,False,False,False,False,False,True,False,False,False
80.0,2.5,30.0,22.0,16.1,False,True,False,False,False,False,False,False,False,False,False,True,False,False,False,False,False,False,False,True,False,False,False,False
89.91,1.43,30.0,12.0,18.907796685574464,False,False,False,False,False,True,True,False,False,False,False,True,False,False,False,False,False,False,False,False,True,False,False,False
104.0,2.0,30.0,16.0,17.625,False,False,False,False,False,False,False,False,False,False,False,True,False,False,False,False,False,False,False,False,False,False,False,True
138.0,4.7,20.0,13.0,16.666666666666668,False,False,False,False,False,True,True,False,False,False,False,True,False,False,False,False,False,False,False,False,True,False,False,False
107.94,1.2,21.0,26.0,14.359829534926812,False,True,False,False,False,False,True,False,False,False,False,True,False,False,False,False,False,False,False,False,True,False,False,False
106.0,2.5,30.0,14.0,33.0188679245283,False,False,False,True,False,False,False,False,False,False,False,False,True,False,False,False,False,False,False,True,False,False,False,False
80.0,1.8,30.0,6.0,21.25,False,False,False,False,False,True,False,False,False,False,False,True,False,False,False,False,False,False,False,True,False,False,False,False
1.0,0.5,30.0,26.0,15000.0,False,False,False,False,False,False,False,False,True,False,False,True,False,False,False,False,False,False,False,False,True,False,False,False
279.6403240575057,1.0,30.0,8.0,33.49282296650718,False,False,False,False,False,False,False,False,True,False,False,False,True,True,False,False,False,False,False,True,False,False,False,False
80.0,2.5,30.0,11.0,17.35,False,False,False,False,False,True,False,False,False,False,False,True,False,False,False,False,False,False,False,True,False,False,False,False
45.0,2.5,30.0,12.0,26.666666666666668,False,True,False,False,False,False,True,False,False,False,False,True,False,False,True,False,False,False,False,True,False,False,False,False
80.0,1.5,30.0,24.0,21.0,False,True,False,False,False,False,False,False,False,False,False,True,False,False,False,False,False,False,False,True,False,False,False,False
40.0,2.5,30.0,13.0,32.475,False,False,False,False,False,False,False,False,False,False,False,True,False,False,False,False,False,False,False,True,False,False,False,False
110.0,2.5,30.0,26.0,25.454545454545453,False,False,False,False,False,False,True,False,False,False,False,True,False,False,False,False,False,False,False,True,False,False,False,False
99.97,2.0,23.0,11.0,19.005701710513154,False,True,False,False,False,False,False,False,False,True,False,True,False,False,False,False,False,False,False,True,False,False,False,False
63.0,1.6,30.0,16.0,20.63492063492064,False,True,False,False,False,False,True,False,False,False,False,True,False,False,False,False,False,False,False,False,True,False,False,False
140.0,2.0,30.0,11.0,16.071428571428573,False,False,False,False,False,False,False,False,False,True,False,True,False,False,False,False,False,False,False,False,True,False,False,False
122.0,1.2,27.0,36.0,16.39344262295082,False,True,False,False,False,False,True,False,False,False,False,True,False,False,False,False,False,False,False,False,True,False,False,False
126.0,2.0,30.0,6.0,19.84126984126984,False,False,False,False,False,True,True,False,False,False,False,False,True,False,False,False,False,False,False,False,True,False,False,False
40.0,2.0,40.0,10.0,37.0,False,True,False,False,False,False,False,False,False,False,False,False,True,False,False,False,False,False,False,True,False,False,False,False
99.0,2.5,30.0,10.0,20.2020202020202,False,False,False,False,False,False,True,False,False,False,False,True,False,False,False,False,False,False,False,False,True,False,False,False
87.0,2.5,30.0,7.0,22.988505747126435,False,True,False,False,False,False,False,False,False,True,False,True,False,False,False,False,False,False,False,False,True,False,False,False
126.0,1.6,25.0,7.0,18.23809523809524,False,False,False,False,False,True,False,False,False,False,False,True,False,False,False,False,False,False,False,True,False,False,False,False
79.0,1.8,30.0,6.0,18.9873417721519,False,False,False,False,False,True,True,False,False,False,False,True,False,False,False,False,False,False,False,True,False,False,False,False
140.0,2.0,23.0,11.0,15.714285714285714,False,True,False,False,False,False,False,False,False,False,False,True,False,False,False,False,False,False,False,True,False,False,False,False
127.0,2.5,30.0,6.0,31.496062992125985,False,False,False,False,False,False,False,False,False,False,False,False,True,False,False,False,False,False,False,True,False,False,False,False
180.0,1.8,30.0,14.0,24.994444444444444,False,False,False,True,False,False,False,False,False,False,False,True,False,False,False,False,False,False,False,True,False,False,False,False
65.0,2.5,30.0,5.0,12.292307692307691,False,False,False,False,False,True,False,False,False,True,False,True,False,False,False,False,False,False,False,True,False,False,False,False
109.0,1.5,30.0,8.0,22.93577981651376,False,True,False,False,False,False,False,False,False,False,False,False,True,False,False,False,False,False,False,False,True,False,False,False
80.0,1.8,20.0,36.0,18.75,False,True,False,False,False,False,False,False,False,False,False,True,False,False,False,False,False,False,False,False,True,False,False,False
131.0,1.5,30.0,17.0,19.083969465648856,False,True,False,False,False,False,False,False,False,False,False,True,False,False,False,False,False,False,False,False,True,False,False,False
98.0,2.0,35.0,6.0,17.857142857142858,False,False,False,False,False,True,False,False,False,True,False,True,False,False,False,False,False,False,False,True,False,False,False,False
50.0,1.2,30.0,26.0,20.0,False,False,False,False,False,False,False,False,False,True,False,True,False,False,False,False,False,False,False,False,True,False,False,False
30.0,2.5,30.0,11.0,26.666666666666668,False,False,False,True,False,False,False,False,False,True,False,True,False,False,False,False,False,False,False,True,False,False,False,False
126.0,1.8,30.0,21.0,14.285714285714286,False,False,False,False,False,True,False,False,False,False,False,True,False,False,False,False,False,False,False,False,True,False,False,False
130.0,2.0,30.0,26.0,19.23076923076923,False,False,False,False,False,False,False,False,False,True,False,True,False,False,False,False,False,False,False,False,True,False,False,False
103.6,2.0,30.0,18.0,24.13127413127413,False,False,False,False,False,False,True,False,False,False,False,False,True,False,False,False,False,False,False,True,False,False,False,False
143.6,2.5,30.0,8.0,26.114206128133706,False,False,False,False,False,False,False,False,False,False,False,True,False,False,False,False,False,False,False,False,True,False,False,False
89.0,2.0,30.0,6.0,20.2247191011236,False,False,False,False,False,True,False,False,False,False,False,True,False,False,False,False,False,False,False,True,False,False,False,False
87.0,2.0,30.0,14.0,22.988505747126435,True,False,False,False,False,False,False,False,False,False,False,True,False,False,False,False,False,False,False,False,True,False,False,False
63.5,1.6,30.0,17.0,24.40944881889764,False,True,False,False,False,False,False,False,False,False,False,False,True,False,False,False,False,False,False,False,True,False,False,False
40.0,1.0,20.0,33.0,12.5,False,True,False,False,False,False,False,False,False,True,False,True,False,False,False,False,False,False,False,True,False,False,False,False
110.0,2.5,30.0,5.0,22.727272727272727,False,False,False,False,False,True,False,False,False,False,False,True,False,False,False,False,False,False,False,False,True,False,False,False
89.0,1.97,30.0,9.0,24.719101123595507,False,True,False,False,False,False,False,False,False,False,False,True,False,False,False,False,False,False,False,False,True,False,False,False
60.0,2.5,30.0,18.0,27.766666666666666,True,False,False,False,False,False,True,False,False,False,True,False,False,False,False,False,False,False,False,True,False,False,False,False
53.0,2.0,30.0,3.0,24.52830188679245,False,True,False,False,False,False,True,False,False,False,False,True,False,False,False,False,False,False,False,False,True,False,False,False
279.6403240575057,2.5,35.0,38.0,21.39749411568912,False,True,False,False,False,False,False,False,False,False,False,False,True,False,False,False,False,False,False,True,False,False,False,False
58.0,1.5,30.0,30.0,25.86206896551724,False,True,False,False,False,False,False,False,False,False,False,True,False,False,False,False,False,False,False,True,False,False,False,False
104.0,2.0,30.0,16.0,19.23076923076923,False,False,False,False,False,False,True,False,False,False,False,True,False,False,False,False,True,False,False,False,False,False,False,False
47.33,2.5,30.0,26.0,23.241073315022184,False,True,False,False,False,False,False,False,False,False,False,True,False,False,False,False,False,False,False,False,True,False,False,False
125.0,2.0,20.0,30.0,17.6,False,True,False,False,False,False,False,False,False,False,False,True,False,False,False,False,False,False,False,False,True,False,False,False
60.0,1.5,45.0,16.0,25.0,True,False,False,False,False,False,False,False,False,False,False,True,False,False,False,False,False,False,True,False,False,False,False,False
108.0,1.8,30.0,14.0,29.314814814814813,False,False,False,True,False,False,True,False,False,False,False,False,True,False,False,False,False,False,False,False,True,False,False,False
137.39,1.38,35.0,19.0,16.740665259480313,False,False,False,False,False,True,False,False,False,True,False,True,False,False,False,False,False,False,False,True,False,False,False,False
30.0,2.5,35.0,23.0,26.0,False,True,False,False,False,False,False,False,False,False,False,True,False,False,False,False,False,False,False,True,False,False,False,False
30.0,1.2,25.0,26.0,20.0,False,True,False,False,False,False,True,False,False,False,False,True,False,False,False,False,False,False,False,True,False,False,False,False
93.01,1.0,30.0,28.0,18.266853026556284,False,True,False,False,False,False,False,False,False,False,False,True,False,False,False,False,False,False,False,False,True,False,False,False
130.0,2.5,30.0,5.0,29.23076923076923,False,False,False,False,False,False,False,False,False,False,False,True,False,False,False,False,False,False,False,True,False,False,False,False
59.56,2.0,30.0,28.0,25.167897918065812,False,True,False,False,False,False,False,False,False,True,False,False,True,False,False,False,False,False,False,True,False,False,False,False
93.59,2.5,30.0,15.0,16.02735334971685,False,True,False,False,False,False,False,False,False,False,False,True,False,False,False,False,False,False,False,False,True,False,False,False
143.0,2.0,30.0,11.0,16.783216783216783,False,False,False,False,False,False,False,False,False,True,True,False,False,False,False,False,False,False,False,True,False,False,False,False
93.0,1.6,28.0,9.0,23.118279569892472,False,True,False,False,False,False,False,False,False,False,False,True,False,False,False,False,False,False,False,False,True,False,False,False
100.0,2.5,30.0,5.0,35.0,False,False,False,False,False,False,False,False,False,True,False,True,False,False,False,False,False,False,False,False,True,False,False,False
99.0,1.5,25.0,19.0,19.19191919191919,False,True,False,False,False,False,False,False,False,True,False,True,False,False,False,False,False,False,False,False,True,False,False,False
100.12,1.7,30.0,25.0,15.980823012385136,False,False,False,False,False,True,True,False,False,False,False,True,False,False,False,False,False,False,False,False,True,False,False,False
57.12,2.5,30.0,27.0,22.759103641456583,False,True,False,False,False,False,False,False,False,True,False,False,True,False,False,False,False,False,False,True,False,False,False,False
116.0,1.8,20.0,6.0,17.24137931034483,False,True,False,False,False,False,True,False,False,False,False,True,False,False,False,False,False,False,False,False,True,False,False,False
120.0,1.2,24.0,28.0,16.666666666666668,False,True,False,False,False,False,False,False,False,False,False,True,False,False,False,False,False,False,False,True,False,False,False,False
120.0,1.2,20.0,31.0,14.066666666666666,False,True,False,False,False,False,False,False,False,False,False,True,False,False,False,False,False,False,False,False,True,False,False,False
91.0,2.4,30.0,8.0,35.16483516483517,False,True,False,False,False,False,True,False,False,False,False,True,False,False,False,False,False,False,False,False,True,False,False,False
45.0,2.0,30.0,18.0,28.88888888888889,False,False,False,False,True,False,False,False,True,False,False,True,False,False,False,False,False,False,False,False,False,False,False,False
58.0,1.2,20.0,31.0,17.24137931034483,False,True,False,False,False,False,False,False,False,False,False,True,False,False,False,False,False,False,False,False,True,False,False,False
96.0,2.0,30.0,18.0,23.95833333333333,False,False,False,False,False,False,False,False,False,False,False,True,False,False,False,False,False,False,False,True,False,False,False,False
90.0,1.97,30.0,9.0,24.444444444444443,False,True,False,False,False,False,True,False,False,False,False,True,False,False,False,False,False,False,False,True,False,False,False,False
99.0,1.2,30.0,26.0,23.232323232323232,False,True,False,False,False,False,False,False,False,True,False,False,True,False,False,False,False,False,False,False,True,False,False,False
105.0,3.4,15.0,10.0,19.83809523809524,False,False,False,False,False,False,False,False,False,True,False,True,False,False,True,False,False,False,False,False,True,False,False,False
89.0,1.5,30.0,6.0,24.719101123595507,False,False,False,False,False,True,False,False,False,True,False,False,True,False,False,False,False,False,False,False,True,False,False,False
60.0,3.4,25.0,16.0,16.666666666666668,False,True,False,False,False,False,False,False,False,False,False,True,False,False,True,False,False,False,False,True,False,False,False,False
100.0,2.5,30.0,8.0,20.83,False,False,False,False,False,False,True,False,False,False,False,True,False,False,False,False,False,False,False,True,False,False,False,False
72.0,1.5,40.0,16.0,15.97222222222222,False,True,False,False,False,False,False,False,False,False,False,True,False,False,False,False,False,False,False,True,False,False,False,False
279.6403240575057,1.8,50.0,28.0,20.72538860103627,False,False,False,False,False,False,False,False,True,False,False,False,True,True,False,False,False,False,False,False,True,False,False,False
45.46,2.0,23.0,26.0,16.49802023757149,False,True,False,False,False,False,True,False,False,False,False,True,False,False,False,False,False,False,False,True,False,False,False,False
144.0,1.8,26.0,37.0,15.97222222222222,False,True,False,False,False,False,False,False,False,False,False,True,False,False,False,False,False,False,False,False,True,False,False,False
42.0,2.5,30.0,11.0,30.928571428571427,False,False,False,False,False,False,True,False,False,False,False,True,False,False,False,False,False,False,False,True,False,False,False,False
66.0,2.5,30.0,11.0,34.84848484848485,False,False,False,True,False,False,False,False,False,True,False,True,False,False,False,False,False,False,False,True,False,False,False,False
279.6403240575057,1.0,30.0,8.0,24.15458937198068,False,False,False,False,False,False,False,False,True,False,False,False,True,True,False,False,False,False,False,False,True,False,False,False
133.0,2.0,30.0,21.0,18.79699248120301,False,False,False,False,False,False,False,False,True,False,False,True,False,False,False,False,False,False,False,False,True,False,False,False
128.31,2.5,30.0,26.0,17.925337074273244,False,True,False,False,False,False,False,False,False,True,False,True,False,False,False,False,False,False,False,False,True,False,False,False
55.0,1.2,30.0,26.0,25.418181818181814,False,False,False,True,False,False,False,False,True,False,False,False,True,False,False,False,False,False,False,True,False,False,False,False
121.0,1.2,31.0,18.0,13.057851239669422,False,True,False,False,False,False,False,False,False,True,False,True,False,False,False,False,False,False,False,True,False,False,False,False
117.0,2.0,31.0,19.0,6.829059829059829,False,True,False,False,False,False,False,False,True,False,False,True,False,False,False,False,False,False,False,True,False,False,False,False
114.0,1.2,31.0,18.0,17.54385964912281,False,True,False,False,False,False,True,False,False,False,False,True,False,False,False,False,False,False,False,False,True,False,False,False
125.0,2.0,20.0,30.0,18.4,False,True,False,False,False,False,False,False,False,False,False,True,False,False,False,False,False,False,False,False,True,False,False,False
46.0,1.8,25.0,9.0,17.369565217391305,False,False,False,False,False,True,False,False,False,False,False,True,False,False,False,False,False,False,False,True,False,False,False,False
141.0,2.5,30.0,6.0,53.191489361702125,False,False,False,False,False,False,False,False,False,True,False,False,True,False,False,False,False,False,False,False,True,False,False,False
110.6,2.5,30.0,26.0,18.80650994575045,False,True,False,False,False,False,True,False,False,False,False,False,True,False,False,False,False,False,False,False,True,False,False,False
40.0,1.6,30.0,28.0,20.0,False,True,False,False,False,False,False,False,False,False,False,True,False,False,False,False,False,False,False,True,False,False,False,False
89.0,2.0,30.0,6.0,22.247191011235955,False,True,False,False,False,False,False,False,False,True,False,True,False,False,False,False,False,False,False,True,False,False,False,False
90.0,1.7,25.0,7.0,25.55555555555556,False,True,False,False,False,False,False,False,False,False,False,True,False,False,False,False,False,False,False,False,True,False,False,False
55.0,2.5,30.0,7.0,12.727272727272728,False,True,False,False,False,False,True,False,False,False,False,True,False,False,False,False,False,False,False,True,False,False,False,False
130.0,1.5,30.0,4.0,26.923076923076923,False,True,False,False,False,False,False,False,False,True,False,False,True,False,False,False,False,False,False,True,False,False,False,False
80.0,1.5,30.0,11.0,17.5,False,True,False,False,False,False,False,False,False,False,False,True,False,False,False,False,False,False,False,True,False,False,False,False
98.0,2.0,30.0,26.0,18.367346938775512,False,True,False,False,False,False,True,False,False,False,False,True,False,False,False,False,False,False,False,False,True,False,False,False
47.0,2.0,30.0,21.0,23.404255319148938,False,False,False,False,False,False,False,False,False,True,False,True,False,False,False,True,False,False,False,False,False,False,False,False
89.0,1.3,31.0,4.0,25.84269662921348,False,False,False,False,False,True,False,False,False,False,False,False,True,False,False,False,False,False,False,True,False,False,False,False
48.0,2.5,25.0,9.0,16.645833333333332,False,False,False,False,False,True,True,False,False,False,False,True,False,False,False,False,False,False,False,True,False,False,False,False
145.0,2.5,35.0,6.0,25.517241379310345,False,False,False,True,False,False,False,False,False,False,False,True,False,False,False,False,False,False,False,True,False,False,False,False
30.0,2.0,30.0,22.0,29.966666666666665,False,False,False,True,False,False,False,False,True,False,False,True,False,False,False,False,False,False,False,True,False,False,False,False
143.0,2.0,30.0,11.0,16.783216783216783,False,False,False,False,False,False,False,False,False,True,False,True,False,False,False,False,False,False,False,False,True,False,False,False
80.0,1.3,28.0,15.0,25.0,False,True,False,False,False,False,True,False,False,False,False,True,False,False,False,False,False,False,False,True,False,False,False,False
48.0,2.5,20.0,34.0,22.916666666666668,False,True,False,False,False,False,False,False,False,True,False,True,False,False,False,False,False,False,False,True,False,False,False,False
279.6403240575057,2.5,35.0,38.0,17.772090708750977,False,True,False,False,False,False,True,False,False,False,False,False,True,False,False,False,False,False,False,False,True,False,False,False
120.0,2.0,30.0,10.0,19.166666666666668,False,True,False,False,False,False,False,False,False,True,False,False,True,False,False,False,False,False,False,False,True,False,False,False
70.0,2.0,20.0,31.0,14.285714285714286,False,True,False,False,False,False,False,False,False,True,False,True,False,False,False,False,False,False,False,False,True,False,False,False
113.0,0.5,50.0,16.0,17.699115044247787,False,False,False,False,False,False,True,False,False,False,False,False,True,True,False,False,False,False,False,True,False,False,False,False
110.0,2.0,35.0,2.0,23.63636363636364,False,True,False,False,False,False,True,False,False,False,False,True,False,False,False,False,False,False,False,True,False,False,False,False
80.0,1.5,30.0,11.0,30.0,False,False,False,False,False,False,False,False,False,True,False,True,False,False,False,False,False,False,False,True,False,False,False,False
126.0,2.5,30.0,24.0,19.84126984126984,False,False,False,False,False,False,False,False,False,False,False,True,False,False,False,False,False,False,False,True,False,False,False,False
115.0,2.5,30.0,7.0,14.782608695652174,False,True,False,False,False,False,False,False,False,False,False,False,True,False,False,False,False,False,False,True,False,False,False,False
36.0,1.2,30.0,16.0,34.72222222222222,False,True,False,False,False,False,False,False,False,True,False,True,False,False,False,False,False,False,False,False,True,False,False,False
123.0,2.5,30.0,24.0,20.97560975609756,False,False,False,False,False,False,False,False,False,False,True,False,False,False,False,False,False,False,False,True,False,False,False,False
60.0,1.2,20.0,38.0,20.0,False,True,False,False,False,False,False,False,False,True,False,False,True,False,False,False,False,False,False,False,True,False,False,False
145.0,3.0,30.0,8.0,20.689655172413797,False,False,False,False,False,False,False,False,False,False,False,True,False,False,False,False,False,False,False,True,False,False,False,False
156.0,2.0,30.0,18.0,16.666666666666668,False,False,False,False,False,False,False,False,False,False,False,True,False,False,False,False,False,False,False,False,True,False,False,False
128.0,3.5,30.0,11.0,23.4375,False,False,False,False,False,False,False,False,False,True,False,False,True,False,False,False,False,False,False,False,True,False,False,False
279.6403240575057,1.2,30.0,23.0,25.0,False,False,False,True,False,False,False,False,True,False,False,False,True,False,False,False,False,False,False,False,True,False,False,False
130.0,2.0,31.0,19.0,14.615384615384617,False,True,False,False,False,False,False,False,False,False,False,True,False,False,False,False,False,False,False,True,False,False,False,False
115.28,1.2,30.0,6.0,23.42123525329632,False,True,False,False,False,False,False,False,False,True,False,True,False,False,False,False,False,False,False,False,True,False,False,False
47.0,2.0,30.0,15.0,23.404255319148938,True,False,False,False,False,False,True,False,False,False,False,True,False,False,False,False,False,False,True,False,False,False,False,False
42.0,2.5,30.0,26.0,19.02380952380953,False,True,False,False,False,False,False,False,False,False,False,True,False,False,False,False,False,False,False,True,False,False,False,False
72.0,1.0,20.0,31.0,17.77777777777778,False,True,False,False,False,False,False,False,False,True,False,True,False,False,False,False,False,False,False,False,True,False,False,False
115.0,1.2,30.0,5.0,23.469565217391303,False,True,False,False,False,False,False,False,False,False,False,False,True,False,False,False,False,False,False,False,True,False,False,False
89.0,2.3,30.0,12.0,22.471910112359552,False,True,False,False,False,False,False,False,False,False,False,True,False,False,False,False,False,False,False,False,True,False,False,False
125.0,2.0,30.0,15.0,24.64,False,False,False,False,False,False,False,False,False,False,False,True,False,False,True,False,True,False,False,False,False,False,False,False
77.0,2.5,30.0,7.0,24.415584415584416,False,True,False,False,False,False,True,False,False,False,False,False,True,False,False,False,False,False,False,False,True,False,False,False
89.0,1.97,30.0,9.0,24.719101123595507,False,True,False,False,False,False,False,False,False,True,False,True,False,False,False,False,False,False,False,False,True,False,False,False
131.0,1.7,30.0,6.0,39.69465648854962,False,False,False,False,False,True,False,False,False,True,False,False,True,False,False,False,False,False,False,False,True,False,False,False
88.4,2.0,25.7,6.0,22.62443438914027,False,True,False,False,False,False,False,False,False,True,False,True,False,False,False,False,False,False,False,True,False,False,False,False
55.0,1.5,30.0,6.0,12.709090909090907,False,False,False,False,False,True,True,False,False,False,False,True,False,False,False,False,False,False,False,True,False,False,False,False
94.0,2.5,30.0,15.0,15.95744680851064,False,True,False,False,False,False,False,False,False,True,False,True,False,False,True,False,False,False,False,True,False,False,False,False
53.0,2.5,30.0,11.0,33.0188679245283,False,False,False,True,False,False,False,False,False,True,False,True,False,False,False,False,False,False,False,True,False,False,False,False
85.0,2.0,30.0,10.0,21.176470588235293,False,True,False,False,False,False,False,False,False,True,False,True,False,False,False,False,False,False,False,False,True,False,False,False
89.0,2.0,30.0,11.0,20.2247191011236,False,False,False,False,False,True,False,False,False,True,False,False,True,False,False,False,False,False,False,False,True,False,False,False
103.0,2.0,30.0,21.0,33.980582524271846,False,False,False,False,False,False,False,False,False,True,False,True,False,False,False,True,False,False,False,False,False,False,False,False
30.0,1.5,30.0,5.0,26.666666666666668,False,False,False,False,False,False,False,False,True,False,False,True,False,False,False,False,False,True,False,False,False,False,False,False
61.0,2.5,30.0,24.0,24.59016393442623,False,True,False,False,False,False,False,False,False,False,False,True,False,False,False,False,False,False,False,False,True,False,False,False
126.0,1.98,30.0,5.0,29.761904761904763,False,False,False,False,False,False,False,False,False,True,False,True,False,False,False,False,False,False,False,False,False,False,False,False
45.0,2.5,50.0,12.0,15.555555555555555,False,True,False,False,False,False,True,False,False,False,False,True,False,False,False,False,False,False,False,True,False,False,False,False
54.0,2.5,30.0,5.0,29.62962962962963,False,False,False,False,False,False,False,False,True,False,False,True,False,False,False,False,False,False,False,True,False,False,False,False
45.0,1.8,20.0,6.0,15.533333333333331,False,True,False,False,False,False,True,False,False,False,False,True,False,False,False,False,False,False,False,True,False,False,False,False
118.0,1.5,30.0,6.0,25.41525423728813,False,False,False,True,False,False,False,False,False,True,False,False,True,False,False,False,False,False,False,True,False,False,False,False
40.0,1.2,30.0,26.0,20.75,False,True,False,False,False,False,False,False,False,False,False,True,False,False,False,False,False,False,False,True,False,False,False,False
148.76,2.0,30.0,19.0,14.788921753159451,False,True,False,False,False,False,False,False,False,False,False,True,False,False,False,False,False,False,False,True,False,False,False,False
50.0,2.5,30.0,21.0,23.98,False,False,False,False,False,False,False,False,False,True,False,True,False,False,True,False,False,False,False,False,False,False,False,False
89.0,2.5,30.0,5.0,20.2247191011236,False,True,False,False,False,False,False,False,False,True,False,True,False,False,False,False,False,False,False,True,False,False,False,False
89.12,2.4,30.0,12.0,19.63644524236984,False,True,False,False,False,False,False,False,False,True,False,False,True,False,False,False,False,False,False,False,True,False,False,False
138.0,1.6,25.0,7.0,18.115942028985508,False,False,False,False,False,True,True,False,False,False,False,True,False,False,False,False,False,False,False,True,False,False,False,False
89.0,1.2,30.0,26.0,20.2247191011236,False,True,False,False,False,False,False,False,True,False,False,True,False,False,False,False,False,False,False,False,True,False,False,False
88.58,2.0,40.0,21.0,20.32061413411605,False,True,False,False,False,False,False,False,False,True,False,True,False,False,False,False,False,False,False,True,False,False,False,False
148.0,2.0,30.0,8.0,22.52027027027027,False,False,False,False,False,False,False,False,False,False,False,False,True,False,False,False,False,False,False,False,True,False,False,False
122.0,2.0,30.0,22.0,20.49180327868853,False,False,False,False,False,False,False,False,False,False,False,True,False,False,False,False,False,False,False,False,True,False,False,False
45.0,2.0,30.0,26.0,15.533333333333331,False,True,False,False,False,False,True,False,False,False,False,True,False,False,False,False,False,False,False,True,False,False,False,False
106.0,1.9,25.0,4.0,31.132075471698112,False,False,False,False,False,False,False,False,False,True,False,True,False,False,False,False,False,False,False,False,True,False,False,False
131.0,1.6,30.0,17.0,20.99236641221374,False,False,False,False,False,True,False,False,False,False,False,True,False,False,False,False,False,False,False,True,False,False,False,False
125.0,2.0,30.0,8.0,22.4,False,True,False,False,False,False,True,False,False,False,False,False,True,False,False,False,False,False,False,False,True,False,False,False
55.0,1.5,30.0,6.0,14.545454545454543,False,False,False,False,False,True,True,False,False,False,False,True,False,False,False,False,False,False,False,True,False,False,False,False
120.0,1.8,35.0,4.0,20.0,False,False,False,False,False,True,True,False,False,False,False,True,False,False,False,False,False,False,False,False,True,False,False,False
115.28,1.2,30.0,6.0,33.830673143650245,False,True,False,False,False,False,False,False,False,False,False,False,True,False,False,False,False,False,False,False,True,False,False,False
98.0,1.8,30.0,3.0,28.571428571428573,False,True,False,False,False,False,True,False,False,False,False,False,True,False,False,False,True,False,False,False,False,False,False,False
85.0,2.5,25.0,12.0,14.117647058823527,False,True,False,False,False,False,False,False,False,True,False,True,False,False,False,False,False,False,False,True,False,False,False,False
70.0,2.5,30.0,5.0,17.142857142857142,False,True,False,False,False,False,False,False,False,False,False,True,False,False,False,False,False,False,False,True,False,False,False,False
106.0,2.5,30.0,7.0,16.9811320754717,False,True,False,False,False,False,False,False,False,False,False,False,True,False,False,False,False,False,False,True,False,False,False,False
56.1,2.0,30.0,28.0,28.5204991087344,False,True,False,False,False,False,False,False,False,False,False,True,False,False,False,False,False,False,False,True,False,False,False,False
138.73,2.2,30.0,11.0,14.416492467382689,False,False,False,False,False,True,False,False,False,True,False,True,False,False,False,False,False,False,False,True,False,False,False,False
145.0,1.2,30.0,26.0,19.310344827586206,False,True,False,False,False,False,False,False,False,True,False,True,False,False,False,False,False,False,False,False,True,False,False,False
55.0,2.5,35.0,13.0,39.38181818181818,True,False,False,False,False,False,False,False,True,False,False,True,False,False,False,False,False,False,False,True,False,False,False,False
110.0,1.75,38.0,14.0,18.181818181818183,False,False,False,True,False,False,False,False,True,False,False,True,False,False,False,False,False,False,False,False,True,False,False,False
279.6403240575057,1.0,30.0,8.0,44.44444444444444,False,False,False,False,False,False,False,False,True,False,False,False,True,True,False,False,False,False,False,False,True,False,False,False
133.0,2.0,30.0,19.0,17.293233082706767,False,True,False,False,False,False,True,False,False,False,False,True,False,False,False,False,False,False,False,False,True,False,False,False
51.0,3.0,30.0,26.0,25.49019607843137,True,False,False,False,False,False,False,False,False,False,False,True,False,False,False,False,False,False,False,True,False,False,False,False
40.0,0.5,30.0,17.0,19.975,False,False,False,False,False,True,False,False,False,False,False,True,False,True,False,False,False,False,False,True,False,False,False,False
98.4,1.5,30.0,30.0,17.27642276422764,False,True,False,False,False,False,True,False,False,False,False,True,False,False,False,False,True,False,False,False,False,False,False,False
170.0,1.2,30.0,6.0,26.47058823529412,False,True,False,False,False,False,False,False,False,True,False,False,True,False,False,False,False,False,False,True,False,False,False,False
47.0,2.0,30.0,15.0,23.404255319148938,True,False,False,False,False,False,True,False,False,False,False,True,False,False,False,False,False,False,False,False,False,False,False,False
279.6403240575057,0.5,50.0,16.0,6.818181818181818,False,False,False,False,False,False,False,False,True,False,False,False,False,True,False,False,False,False,False,True,False,False,False,False
113.0,1.2,30.1,12.0,22.12389380530973,False,True,False,False,False,False,False,False,False,False,False,False,True,False,False,False,False,False,False,False,True,False,False,False
40.0,2.5,30.0,26.0,20.0,False,True,False,False,False,False,False,False,False,False,False,True,False,False,False,False,False,False,False,True,False,False,False,False
60.0,0.5,30.0,28.0,23.33333333333333,False,True,False,False,False,False,False,False,False,False,False,True,False,False,False,False,False,False,False,True,False,False,False,False
100.0,1.8,39.0,4.0,28.99,False,False,False,True,False,False,True,False,False,False,False,False,True,False,False,False,False,False,False,True,False,False,False,False
60.44,2.5,30.0,20.0,27.299801455989414,False,True,False,False,False,False,False,False,False,False,False,False,True,False,False,False,False,False,False,True,False,False,False,False
96.0,2.0,30.0,6.0,20.822916666666668,False,False,False,False,False,True,True,False,False,False,False,True,False,False,False,False,False,False,False,True,False,False,False,False
99.0,1.9,26.0,23.0,12.12121212121212,False,True,False,False,False,False,False,False,False,False,False,True,False,False,False,False,False,False,False,False,True,False,False,False
86.08,2.5,30.0,16.0,34.63057620817844,False,False,False,True,False,False,False,False,False,False,False,True,False,False,False,False,False,False,False,True,False,False,False,False
88.51,2.0,50.0,13.0,18.980906112303693,False,True,False,False,False,False,False,False,False,True,False,True,False,False,False,False,True,False,False,False,False,False,False,False
38.88,2.5,30.0,26.0,28.292181069958847,False,True,False,False,False,False,False,False,False,False,False,True,False,False,False,False,False,False,False,False,False,False,False,False
58.0,3.4,25.0,16.0,17.24137931034483,False,True,False,False,False,False,False,False,False,False,False,True,False,False,True,False,False,False,False,False,True,False,False,False
60.0,2.0,20.0,22.0,18.33333333333333,False,False,False,False,False,True,False,False,False,False,False,True,False,False,True,False,True,False,False,False,False,False,False,False
80.0,2.5,30.0,11.0,9.9875,False,True,False,False,False,False,False,False,False,False,False,True,False,False,False,False,False,False,False,True,False,False,False,False
75.0,1.35,35.0,5.0,20.0,False,True,False,False,False,False,False,False,False,False,False,True,False,False,False,False,False,False,False,False,True,False,False,False
46.0,1.2,31.0,18.0,21.73913043478261,False,True,False,False,False,False,False,False,False,False,False,True,False,False,False,False,False,False,False,True,False,False,False,False
32.0,0.5,30.0,13.0,29.6875,False,False,False,False,False,False,False,False,False,False,False,True,False,True,False,False,False,False,False,True,False,False,False,False
100.0,2.5,30.0,9.0,43.88,False,False,False,False,False,False,False,False,False,False,False,True,False,False,False,False,False,False,False,True,False,False,False,False
30.0,1.7,25.0,7.0,26.666666666666668,False,True,False,False,False,False,False,False,True,False,False,False,True,False,False,False,False,False,False,True,False,False,False,False
105.0,2.0,30.0,3.0,25.714285714285715,False,False,False,False,False,True,False,False,False,False,False,False,True,False,False,False,False,False,False,True,False,False,False,False
110.0,2.0,35.0,2.0,20.0,False,True,False,False,False,False,False,False,False,True,False,False,True,False,False,False,False,False,False,False,True,False,False,False
85.41,1.7,40.0,23.0,29.270577215782694,False,True,False,False,False,False,False,False,False,True,False,False,True,False,False,False,False,False,False,False,True,False,False,False
135.0,2.5,30.0,6.0,18.51851851851852,False,False,False,False,False,False,False,False,False,True,False,True,False,False,False,False,False,False,False,False,True,False,False,False
136.92,2.2,30.2,21.0,16.067776803973125,False,False,False,False,False,True,True,False,False,False,False,True,False,False,False,False,False,False,False,True,False,False,False,False
160.0,2.5,30.0,14.0,31.125,False,False,False,True,False,False,False,False,False,True,False,True,False,False,False,False,False,False,False,False,True,False,False,False
