house_id,community_id,community_name,city,house_type,location
A7467002777,972617,东方御景(郯城),临沂,二手房,马陵路3号
A7374729807,676876,泰和花园(北区),临沂,二手房,沂蒙路
A7356214227,1012121,环球新界,临沂,二手房,"沂蒙北路,近武汉路"
A7479287827,677755,开元美郡,临沂,二手房,双月湖路
A7460968130,1431486,鲁商万科城,临沂,二手房,金雀山路154号
A7230404900,972644,翰林庄园,临沂,二手房,"聚才七路,近临西九路"
A7477696017,766640,北园春天(兰山),临沂,二手房,北园路299号
A7397533848,864061,皇山华府,临沂,二手房,滨河东路
A7473832085,972644,翰林庄园,临沂,二手房,"聚才七路,近临西九路"
A7425768045,677006,泰美花园,临沂,二手房,"沂蒙路,近南昌路"
A7442586280,677920,慧谷领御(公寓住宅),临沂,二手房,人民大街1599号
A7479389494,766115,太子湖花园,临沂,二手房,通达路
A7291785029,972997,锦绣华庭(罗庄)(一期),临沂,二手房,清河南路
A7459837544,945721,东方名城,临沂,二手房,沂蒙山路
A7409061824,1189792,旭辉银盛泰公元锦里(公寓住宅),临沂,二手房,琅琊王路
A7458300092,1195633,房源印象东城,临沂,二手房,巩村路
A7282458682,1230528,龙盛幸福居,临沂,二手房,涑河北街
A7221510744,1088814,沂州古城,临沂,二手房,南京路
A7450409503,1068765,恒基上城,临沂,二手房,佳园路
R3225382343270407,1102639,银光福源广场,临沂,二手房,建设东路
A7479389277,1023774,恒大中央广场,临沂,二手房,"通达路,近桃园路"
A7474834426,1179508,古城社区刘庄,临沂,二手房,南昌路
A7338091357,973076,清华园(兰陵),临沂,二手房,金盾路
A7320801831,972681,康桥公馆,临沂,二手房,"通达南路,近湖北路"
A7460028969,913066,旭洋城市风景,临沂,二手房,通达路
A7437228566,973106,世纪家园(沂南),临沂,二手房,花山路81号
A7407591720,677225,威特天元广场,临沂,二手房,金雀山路1号
A7258225458,1177721,昌辰御泽苑,临沂,二手房,北一环路
A7366261041,676631,颐龙恒泰,临沂,二手房,金源路32号
A7425712891,1002817,后园馨园彼岸,临沂,二手房,"育才路,近滨河大道"
A7448937626,677786,贵和花园(河东),临沂,二手房,安居街136号
A7469558734,677911,伊丽莎白东岸,临沂,二手房,滨河东路
A7395106332,677674,悦澜山,临沂,二手房,通达南路
A7443698039,1038557,三孔桥小区,临沂,二手房,"颜巷口街,近兰山路"
A7317714608,945157,翰林华府(沂水),临沂,二手房,双成路
A7225501927,1226038,德馨园(河东),临沂,二手房,合肥路
A7399214116,972868,大成家苑,临沂,二手房,化武路
A7464332249,972722,清怡居,临沂,二手房,"广州路,近柳清河东路"
A7459933141,991357,颐和嘉园,临沂,二手房,"书圣路,近北京东路"
A7433796052,993477,南马社区,临沂,二手房,银花路
A7095920135,1226038,德馨园(河东),临沂,二手房,合肥路
A7412413713,1087445,水韵华苑,临沂,二手房,北京路
A7405692387,972709,明苑花园,临沂,二手房,人民路273号
A7443756948,713723,奥斯卡上品公馆,临沂,二手房,新华路
A7467858360,945164,东泰河东岸,临沂,二手房,红城路7号
A7385428909,1030902,富林小镇,临沂,二手房,"化武路,近琅琊王路"
A7402571348,972703,贵和美景华庭,临沂,二手房,"双月园路,近通达南路"
A7467569097,973088,如意家园(沂水),临沂,二手房,中心街
A7100283307,1027242,馨景花园,临沂,二手房,上海路65号
A7416114189,1316365,鲁地德慧苑,临沂,二手房,师郯路
A7254308936,972692,领秀豪庭,临沂,二手房,"解放东路,近滨河东路"
A7183114442,678230,沂龙湾龙园,临沂,二手房,北京路
A7427604363,1473465,创远金樾府,临沂,二手房,"聚才路,近王庄路"
A7430062323,1082964,名仕温泉国际城(别墅),临沂,二手房,滨河东路
A7386677348,941535,新东关,临沂,二手房,"解放路,近沂州路"
R3502298643996687,676691,翔龙第一国际,临沂,二手房,"通达路,近金雀山路"
A7385514974,676857,昆仑花园,临沂,二手房,"沂蒙路,近南昌路"
A7310277508,676904,沂龙湾清园,临沂,二手房,广州路
A7445332171,945213,御龙湾,临沂,二手房,小沂河北路
A7401470808,973243,永富御景城,临沂,二手房,俄黄路
A7312738542,945212,沂河明珠,临沂,二手房,"正阳路,近小沂河南路"
A7440761794,1102641,裕原凤凰诚,临沂,二手房,南外环路
A7385319461,923070,正直花园,临沂,二手房,"孝友路,近人民大街"
A7461627645,1162421,浮来春公馆(别墅),临沂,二手房,北京路
A7356355779,864374,舒格兰(一期),临沂,二手房,"南京路,近沭河路"
A7457265871,972630,丰泽缇香府,临沂,二手房,"通达南路,近双月北路"
A7468929935,993480,河湾社区,临沂,二手房,蒙阳路
A7479393904,677822,御景东方,临沂,二手房,北京东路
A7447297277,1108461,金桥花园板桥社区,临沂,二手房,板桥路
A7473053423,1007305,东方御景小区,临沂,二手房,"顺和路,近抱犊崮路"
A7322255461,1008631,宝丽未来城,临沂,二手房,"清河南路,近电厂路"
A7387295303,677986,北城花园,临沂,二手房,沭河大街
A7456447943,1205347,阳都凤凰城,临沂,二手房,历山路
A7449855159,1108801,盛德御园,临沂,二手房,光明北路
A7462630944,1526906,鲁邦华府(罗庄区),临沂,二手房,"双月园路,近湖西路"
A7392445708,923541,拉菲公馆,临沂,二手房,"沭河路,近长沙路"
A7371387424,677200,银河湾3号院,临沂,二手房,工业大道
A7472090692,677063,荣盛沂河郡府,临沂,二手房,智圣路
A7479347884,678263,柳青齐鲁园,临沂,二手房,兰亭路
A7472906350,766522,永恒华源,临沂,二手房,通达路
A7444440382,1187551,大名城(北区),临沂,二手房,"双城路,近滨河东路"
A7429434522,926232,魅力之城,临沂,二手房,沃尔沃路
A7406984329,1187591,明德兴水湾,临沂,二手房,"温凉河路,近327省道"
A7381125830,677551,御园金顶,临沂,二手房,沂州路
A7445409881,940354,凌云花园,临沂,二手房,八一路
A7264644945,938887,金域华府,临沂,二手房,温凉河路
A7310098440,678331,祥园,临沂,二手房,黄白河路
A7442647943,792845,沂龙湾慧园,临沂,二手房,北京路
A7476372773,1028359,鲁洲清华园,临沂,二手房,鲁洲路18号
A7465562113,678246,警察花园,临沂,二手房,"汤河路,近广州路"
A7454903872,973132,天河景苑,临沂,二手房,秀水路
A7444326402,1059632,御龙府,临沂,二手房,涑河南街47号
R4489583280514051,939719,水岸文庭东区,临沂,二手房,"滨河路,近沂蒙街"
A7450617419,677063,荣盛沂河郡府,临沂,二手房,智圣路
A7441679367,945212,沂河明珠,临沂,二手房,"正阳路,近小沂河南路"
A7364876809,792845,沂龙湾慧园,临沂,二手房,北京路
A7352149397,677157,兴盛小区,临沂,二手房,银雀山路
A7416327922,973090,润地玉苑,临沂,二手房,西外环路
A7476890763,1186410,临沭景城花园,临沂,二手房,光明北路188号
A7297961061,912584,龙腾华景,临沂,二手房,青杨路39号
A7398361193,1073550,伊顿公馆,临沂,二手房,莲旺街
A7417849853,1380498,豪森铂悦,临沂,二手房,"人民大街,近华龙路"
A7475626358,678193,开元瑞都(西区),临沂,二手房,迎宾路
A7457568148,678210,曲沂社区(D区),临沂,二手房,"济南路,近大青山路"
A7435994746,678326,英伦名嘉,临沂,二手房,"卧虎山路,近马陵山路"
A7403501886,677162,天和花园,临沂,二手房,银雀山路6号
A7478501899,972702,毛纺厂家属院,临沂,二手房,"自由路,近光明路"
R4476815598169094,677632,宝丽盛世华庭,临沂,二手房,火炬路
A7446078936,676852,冠蒙六合御庭,临沂,二手房,"沂蒙路,近涑河北街"
A7466093454,678230,沂龙湾龙园,临沂,二手房,北京路
A7447897149,677986,北城花园,临沂,二手房,沭河大街
A7422092151,972755,香缇郡,临沂,二手房,"滨河东路,近桃源街"
A7437034340,1008635,三众阳光100小区,临沂,二手房,"沂博路,近北一环路"
A7471521115,973080,清水湾花园,临沂,二手房,滨河路
A7378046939,676883,金茂花园,临沂,二手房,上海路
A7453375524,1312734,德居一品(东区),临沂,二手房,"兵圣路,近算圣路"
A7443819678,1647258,十里春风,临沂,二手房,"东一环路,近富春江路"
A7451586006,676697,锦绣蓝山,临沂,二手房,通达路375号
R3466786025135116,973128,郯城花苑,临沂,二手房,建设路32号
A7418594685,678303,鼎峰英伦花园,临沂,二手房,书圣路
A7321538975,713709,金润花园,临沂,二手房,蒙河路
A7449687266,1187601,宝馨嘉园,临沂,二手房,宗盛路
A7477847319,972597,安嘉花雨馨,临沂,二手房,"朝阳路,近滨河东路"
A7055403191,1190487,金泰华府(南区),临沂,二手房,"金坛路,近沂州路"
A7425454066,1030741,东方明珠(费县),临沂,二手房,"健康路,近和平路"
A7459130678,972674,荣盛塞纳荣府,临沂,二手房,智圣路
A7366967209,678309,京韵园,临沂,二手房,沭河路
A7395288871,1088115,荣盛凯恩花园,临沂,二手房,蒙山大道
A7457637153,1386532,史丹利景城花园(莒南),临沂,二手房,"洪石路,近天桥路"
A7415058192,676994,中德华尔兹,临沂,二手房,"沂蒙路,近滨河路"
A6887371368,677843,盛世花城,临沂,二手房,滨河东路
A7446273743,1388623,学府名苑,临沂,二手房,"新二路,近黑龙潭路"
A7020326106,863541,致远翡翠园,临沂,二手房,"滨河路,近聚才八路"
A7234967166,1160573,奥正诚园,临沂,二手房,滨河东路
R3754365353141254,1102639,银光福源广场,临沂,二手房,建设东路
R4491960513866763,1108599,天翔雅苑,临沂,二手房,李公街
A7425570690,992369,中意家园,临沂,二手房,卧龙山路
A7369743822,923076,永尚润城,临沂,二手房,涑河南街
A7425011342,1176406,龙海国际,临沂,二手房,淮海路
A7449429122,677210,金阳花园,临沂,二手房,金雀山路
A7390964666,678247,桃园,临沂,二手房,"天津路,近广州路"
A7456608265,928011,阳光国际,临沂,二手房,"裕丰路,近东一环路"
R3606130638282765,677556,诚德清华俊景,临沂,二手房,解放路19号
A7475778342,677805,莱茵国际,临沂,二手房,李公河路
A7451375253,677604,沂州阳光花园,临沂,二手房,新华路
A7462573707,913066,旭洋城市风景,临沂,二手房,通达路
A7421420244,972997,锦绣华庭(罗庄)(一期),临沂,二手房,清河南路
A7402328206,1183678,锦绣华庭(罗庄)(二期),临沂,二手房,清河南路
A7344415914,677225,威特天元广场,临沂,二手房,金雀山路1号
A7460897385,677019,诚德桑提亚纳,临沂,二手房,中丘路
A7210047769,938887,金域华府,临沂,二手房,温凉河路
A7116088818,973260,月亮湾社区,临沂,二手房,香港路
A7439870700,995205,淮海御景湾(别墅),临沂,二手房,滨河路2号
R4373066852541445,972959,金榜龙城,临沂,二手房,临工路
A7461554242,1022352,恒大华府(商住楼),临沂,二手房,"孝河路,近成都路"
A7425762983,973090,润地玉苑,临沂,二手房,西外环路
A7436585092,1042464,北方明珠,临沂,二手房,沂博路39号
A7364461358,972947,惠民新苑,临沂,二手房,南外环路
A7355494601,1854246,天元锦都上府,临沂,二手房,"东兴路,近海棠街"
A7429880571,1088124,掌舵龙湖,临沂,二手房,湖北路
A7073984471,677050,龙河湾,临沂,二手房,清河北路
A7472261712,677937,墨泉世家,临沂,二手房,文化路
A7368130810,678247,桃园,临沂,二手房,"天津路,近广州路"
A7453444092,676732,城市主人,临沂,二手房,北京路
A7459307846,972853,滨河绿洲,临沂,二手房,沂河大道
A6915437680,973208,一品观园(别墅),临沂,二手房,滨河东路
A7380482796,676885,广田悦城,临沂,二手房,沂蒙路9号
A7428714407,1507632,鑫星秀水湾,临沂,二手房,"蒙山路,近温河东路"
A7297830989,924678,宝丽盛世阳光,临沂,二手房,"罗六路,近湖北路"
A7455657488,1186429,同心花园,临沂,二手房,顺和街
A7479271614,677030,香榭丽舍,临沂,二手房,中丘路8号
A7472386708,677018,卧龙嘉苑,临沂,二手房,大青山路93号
A7430768185,972684,蓝色港湾小区,临沂,二手房,"和平路,近健康路"
A7332109451,1002818,房源印象,临沂,二手房,开源路152号
A7234798554,1066633,金泰瑞府(别墅),临沂,二手房,南京路
A7479298978,677961,中央华庭,临沂,二手房,文化路
A7469494126,944812,天成家园,临沂,二手房,"沂蒙山路,近莲旺街"
A6819597985,677228,豪情花园,临沂,二手房,平安路
R4409100163132427,1127640,金檀花苑,临沂,二手房,沭河路
A7456643470,1012033,伊丽莎白花漾,临沂,二手房,"合肥路,近滨河东路"
A7444619856,945206,山水文园,临沂,二手房,荆山路
A7439724628,1135226,花溪樾,临沂,二手房,湖北路
A7455925448,677664,宝丽一号,临沂,二手房,通达南路
A7385477769,940357,香港城(兰山),临沂,二手房,"顺河街,近蒙山大道"
A7291889943,1478318,房源西岸公园,临沂,二手房,"临西十路,近聚才八路"
A7442970189,678205,开元香舍里,临沂,二手房,天津路
A7226597785,677546,金道御园,临沂,二手房,临西九路
A7407963701,1259484,儒辰观澜府,临沂,二手房,科教路
R3448885674730500,677973,常林御园,临沂,二手房,常林西大街
A7475420553,789055,蓝钻庄园(兰山),临沂,二手房,南京路
A7471565749,713732,百联华府,临沂,二手房,府左路
R4066341567028233,676630,金鹰花园,临沂,二手房,八一路
A7422509589,973240,银星华府,临沂,二手房,富民路16号
A7479185462,677970,阳光上城,临沂,二手房,建设路
A7209178194,1012121,环球新界,临沂,二手房,"沂蒙北路,近武汉路"
A7438988558,1376776,宝德熙园,临沂,二手房,"兴隆路,近清河北路"
A7461688405,973144,外滩明珠,临沂,二手房,滨河路
A7444504555,677831,水岸澜庭,临沂,二手房,顺和路
A7406152822,973224,致远翡翠传奇,临沂,二手房,"科技大道,近湖北路"
A7237667244,863541,致远翡翠园,临沂,二手房,"滨河路,近聚才八路"
A7363877894,677250,银雀尚城,临沂,二手房,琅琊王路
A7456805530,972841,百联华府(别墅),临沂,二手房,府左路
A7444397380,1019748,莲花新城,临沂,二手房,"莲花山路,近北岭街"
A7461574053,973016,兰山小区,临沂,二手房,顺和街
A7465254482,766264,北园小区(兰山),临沂,二手房,北园路289号
A7401336307,1012033,伊丽莎白花漾,临沂,二手房,"合肥路,近滨河东路"
A7416302309,1018520,金鼎国际(兰山),临沂,二手房,"红旗路,近沂蒙路"
A7461898286,678163,明珠新城,临沂,二手房,泉山路
A7182649715,973131,陶然华庭,临沂,二手房,银雀山路
A7464294370,1102641,裕原凤凰诚,临沂,二手房,南外环路
A7256738598,863269,荣盛华府,临沂,二手房,滨河路
A7475667028,972818,圣兰菲诺(别墅),临沂,二手房,"算圣路,近书圣路"
A7455821402,676719,金坛花园,临沂,二手房,金坛路
A7430709252,972894,翡翠星城小区,临沂,二手房,苍山北路
A7362001048,1197979,儒辰玉兰公馆,临沂,二手房,清河北路
A7418631155,944812,天成家园,临沂,二手房,"沂蒙山路,近莲旺街"
A7397585124,1087476,诚德翰林园,临沂,二手房,清河南路
A7454758003,864365,恒大绿洲,临沂,二手房,"华夏路,近香港路"
A7387645802,678196,蓝湖国际,临沂,二手房,泉山路
A7438215238,973116,水榭华庭,临沂,二手房,清河北路
A7460895288,713807,五大道,临沂,二手房,中丘路
A7447212107,1008633,山水龙城(莒南),临沂,二手房,"天桥路,近洪石路"
A7478500283,973146,万基幸福小镇,临沂,二手房,"沂河路,近香港路"
A7320468828,1073544,金穗花园,临沂,二手房,"大青山路,近北京路"
A7475664511,923070,正直花园,临沂,二手房,"孝友路,近人民大街"
A7439036633,1371575,和园首府,临沂,二手房,"建设路,近西外环路"
A7460961933,677910,祥和家园(平邑),临沂,二手房,"莲花山路,近西环一路"
A7466273580,1081718,朝阳家园,临沂,二手房,建设路
A7417014679,1236475,宝丽世纪城,临沂,二手房,湖北路
A7404007401,677902,豪森华府,临沂,二手房,人民大街999号
A7397456167,677050,龙河湾,临沂,二手房,清河北路
A7352826853,1410673,房源君悦华府,临沂,二手房,"祝丘路,近沂河路"
A7458267191,1433003,莒南史丹利文慧园,临沂,二手房,"西一路,近北疏港公路"
A7334476188,1217088,水景苑,临沂,二手房,温凉河路
A7385386039,677606,韵皓金桂园,临沂,二手房,罗六路
A7465335572,1276601,铂樾府,临沂,二手房,"沂蒙路,近金七路"
A7418438082,972630,丰泽缇香府,临沂,二手房,"通达南路,近双月北路"
A7457491749,1189792,旭辉银盛泰公元锦里(公寓住宅),临沂,二手房,琅琊王路
R3312722935356422,1002819,阳光城香麓园,临沂,二手房,"中昇街,近智圣路"
A7406593301,1238498,翰林府,临沂,二手房,东升路
A7285111630,973047,罗欣之家,临沂,二手房,湖东路56号
A7364391492,1289921,广厦兰都,临沂,二手房,人民路老体委
A7431771831,945158,大名城(南区),临沂,二手房,"鑫华路,近莲旺街"
A7204278038,714085,中国铁建东来尚城,临沂,二手房,滨河东路
A7444203623,1005125,颐高上海街(二期),临沂,二手房,"沂蒙北路,近上海路"
A7435930421,972764,星空喜园,临沂,二手房,"文明路,近文化路"
A7445214057,972678,国鑫爱琴海,临沂,二手房,"黄海路,近东环路"
A7366967755,678309,京韵园,临沂,二手房,沭河路
A7232853578,713709,金润花园,临沂,二手房,蒙河路
A7466713609,1010264,安泰金升华府,临沂,二手房,"长沙路,近沂蒙路"
A7331247245,1007304,檀都,临沂,二手房,文化路11号
A7443664970,676876,泰和花园(北区),临沂,二手房,沂蒙路
A7441853114,677616,景泰金湖明珠,临沂,二手房,罗六路
A7440745825,1187601,宝馨嘉园,临沂,二手房,宗盛路
A7437202346,677623,罗湖观天下花园,临沂,二手房,沂河路
A7369100428,677795,东旭第一城,临沂,二手房,金雀山东路
A7440213140,1088815,宝馨嘉苑,临沂,二手房,蒙阳路
A7273622505,996451,诚德碧海方舟,临沂,二手房,"武汉路,近北京路"
A7479346177,789054,圣兰菲诺(公寓住宅),临沂,二手房,算圣路
A7475001787,945157,翰林华府(沂水),临沂,二手房,双成路
A7414720724,1491600,金都上城,临沂,二手房,淮海路
A7447165540,1190505,华前广场富华小区(B区),临沂,二手房,通达路161号
A7478633361,973144,外滩明珠,临沂,二手房,滨河路
A7103169697,973089,瑞腾优卡空间,临沂,二手房,蒙山大道
A7443686840,938789,滨河润城,临沂,二手房,"中丘路,近五号路"
A7438290717,1187593,泺源小区,临沂,二手房,蒙阳路70号
A7442572484,783033,德居一品(西区),临沂,二手房,府前巷1号
A7473083100,973236,银河湾(别墅),临沂,二手房,算圣路
A7478391977,972761,鑫和园小区,临沂,二手房,"建设路,西外环路"
A7134241871,1008631,宝丽未来城,临沂,二手房,"清河南路,近电厂路"
A7340383908,1647258,十里春风,临沂,二手房,"东一环路,近富春江路"
A7463373130,1177721,昌辰御泽苑,临沂,二手房,北一环路
R4627944884444165,945728,东皋小区,临沂,二手房,双成东路12-25号
R3696673768942605,1043414,城建涑堤春晓,临沂,二手房,涑河北街
A7443708829,677646,永福苑,临沂,二手房,新华路
A7455637080,676993,石油小区(A区),临沂,二手房,"涑河南街,近兰山路"
A7438894393,972757,新区绿城,临沂,二手房,"文峰路,近桃李路"
A7469636187,1386545,利城首府,临沂,二手房,"利城大街,近中山北路"
A7448914269,1388623,学府名苑,临沂,二手房,"新二路,近黑龙潭路"
R4531993044610062,1046633,临沂大学宿舍区(南),临沂,二手房,启阳路72号
R4197933377772544,677927,西城印象小区,临沂,二手房,昌盛路
A7396421852,1049385,奥德海棠,临沂,二手房,北京路
A7356964872,767016,联安现代城,临沂,二手房,沂州路
A7432028397,677030,香榭丽舍,临沂,二手房,中丘路8号
A7422085610,1512644,蓝钻瑞府,临沂,二手房,"金花路,近蒙山大道"
A7329905701,1179519,史丹利四季长安(公寓住宅),临沂,二手房,长安路
A7323802914,1054214,掌舵东岸日月城{公寓住宅),临沂,二手房,"长安路,近滨河东路"
A7421240830,677898,御山河,临沂,二手房,滨河东路
R4288349591658503,973223,怡景绿洲,临沂,二手房,清河南路
A7457314728,1186453,埠东家园(西区),临沂,二手房,"陶然路,近中丘路"
A7347362961,676858,杏坛中心城,临沂,二手房,沂蒙路
A7453514836,1059632,御龙府,临沂,二手房,涑河南街47号
A7340558313,677801,幸福花城(C区),临沂,二手房,东兴路
A7471365293,678344,名仕雅苑,临沂,二手房,香港路
A7290948860,973043,鲁商凤凰城(二期别墅),临沂,二手房,涑河北街3号
A7458609813,1186461,开元瑞都东区,临沂,二手房,文峰路
A7403583928,678001,颐和御园,临沂,二手房,光明北路
R2711650670208004,677525,曹家王庄小区(东区),临沂,二手房,"工业大道,近水田路"
A7435778629,1030902,富林小镇,临沂,二手房,"化武路,近琅琊王路"
A6839703170,677801,幸福花城(C区),临沂,二手房,东兴路
A7455050882,1005126,颐高上海街(三期),临沂,二手房,"沂蒙北路,近天津路"
A7390348809,677755,开元美郡,临沂,二手房,双月湖路
A7381065565,972818,圣兰菲诺(别墅),临沂,二手房,"算圣路,近书圣路"
A6626720800,678258,光耀陶朱公,临沂,二手房,滨河路
A7378173032,943526,桃源明德花园,临沂,二手房,羲之路262号
A7357009550,677599,美华新村,临沂,二手房,罗七路26号
A7252909362,973224,致远翡翠传奇,临沂,二手房,"科技大道,近湖北路"
A7431026568,1432984,贵人铂悦府,临沂,二手房,"兴大东街,近薛疃路"
A7473077311,1008630,银座中心,临沂,二手房,解放路66号
A7443659978,677646,永福苑,临沂,二手房,新华路
A7284154462,677599,美华新村,临沂,二手房,罗七路26号
R3924524247801858,677996,景钰嘉园(西区),临沂,二手房,苍山北路
A7479390001,677970,阳光上城,临沂,二手房,建设路
A7443821059,1016428,惟一斋上府,临沂,二手房,"成才路,近通达路"
A7467723228,1186476,滨河嘉园,临沂,二手房,站前路
A7364389452,1040965,盛通红郡,临沂,二手房,香港路
A7452235765,972845,宝丽阳光国际,临沂,二手房,双月湖路
A7388816431,1289921,广厦兰都,临沂,二手房,人民路老体委
A7413798096,972831,爱琴海(临沭),临沂,二手房,光明北路
A7445157364,972666,金水河畔,临沂,二手房,"广州路,近温凉河路"
A7423927873,1191772,东泰花园,临沂,二手房,西一路
A7384161308,940147,恒大翡翠华庭,临沂,二手房,"长沙路,近沂蒙路"
A7388155467,973230,邑博园,临沂,二手房,西环一路
A7309256015,1127034,儒辰丹枫园,临沂,二手房,前十街
A7159991309,1014919,宝德新里程,临沂,二手房,"琅琊王路,近金雀山路"
A7442915759,678173,东方丽景,临沂,二手房,文峰路
A7457497019,1075586,南湖尚城,临沂,二手房,科技大道
A7436602922,1002818,房源印象,临沂,二手房,开源路152号
A7394354165,943526,桃源明德花园,临沂,二手房,羲之路262号
A7476937428,766264,北园小区(兰山),临沂,二手房,北园路289号
A7460089863,973235,银河龙门花园,临沂,二手房,滨河东路
A7448102825,1667757,碧桂园翡丽之光景悦,临沂,二手房,军民路
A7383328670,1088814,沂州古城,临沂,二手房,南京路
A7389274206,1590886,青啤御棠府,临沂,二手房,"滨河路,近湖北路"
A7422021726,677074,银凤花园,临沂,二手房,金源路
A7444650569,972982,金泰华府(北区),临沂,二手房,"沂州路,近平安路"
A7278650737,923076,永尚润城,临沂,二手房,涑河南街
A7368153008,973219,沂兰文园,临沂,二手房,沂蒙路
A7382384957,678272,金达华府,临沂,二手房,张南路
A7447344795,1386532,史丹利景城花园(莒南),临沂,二手房,"洪石路,近天桥路"
A7461059458,1087445,水韵华苑,临沂,二手房,北京路
A7441705273,677071,嘉益台北新城,临沂,二手房,启阳路
A7467940749,864367,柳溪美庐,临沂,二手房,南京路
A7456707540,1087460,龙湾一品,临沂,二手房,鑫华西路
A7473932211,1040965,盛通红郡,临沂,二手房,香港路
A7402015460,766265,纽约上城,临沂,二手房,北园路
A7462858932,678033,怡嘉苑,临沂,二手房,汉阙路
A7433330594,972885,东方小区,临沂,二手房,裕丰路
A7442717568,972939,华信浅水湾,临沂,二手房,滨河东路
A7408863258,1590886,青啤御棠府,临沂,二手房,"滨河路,近湖北路"
A7472268475,972903,傅屯嘉园,临沂,二手房,清河北路
A7205957188,945875,海博长安府(公寓住宅),临沂,二手房,"长安路,近海关路"
A7469649440,787992,凯润滨湖花园(公寓住宅),临沂,二手房,兰亭路
A7462444297,766733,天泰华府(南区),临沂,二手房,天津路
A7478492412,677785,乐泰花苑,临沂,二手房,正阳路
A7446406722,939719,水岸文庭东区,临沂,二手房,"滨河路,近沂蒙街"
A7360246076,972617,东方御景(郯城),临沂,二手房,马陵路3号
A7370592082,923076,永尚润城,临沂,二手房,涑河南街
A7473863248,972632,福町花园,临沂,二手房,"光明北路,近沭河西大街"
A7407987172,676739,华前广场富华小区A区,临沂,二手房,通达路161号
A7437197715,677623,罗湖观天下花园,临沂,二手房,沂河路
A7427676892,790445,深莞城,临沂,二手房,沂河路19号
A7427756608,1088982,金联上府,临沂,二手房,板桥路
A7445270196,1667235,龙樾府,临沂,二手房,"湖北路,近火炬路"
A7431149676,972839,白鹭金岸,临沂,二手房,滨河路
A7260415232,1259484,儒辰观澜府,临沂,二手房,科教路
A7401360772,972909,富民小区(郯城),临沂,二手房,建设路81号
A7430968728,912502,宝鼎花园,临沂,二手房,开阳路207号
A7409285408,1161011,凤凰郡,临沂,二手房,正大街
A7459948176,677609,阳光新苑,临沂,二手房,双月湖路
A7419504770,1063834,蒙山花园,临沂,二手房,永安路
A7445749315,945728,东皋小区,临沂,二手房,双成东路12-25号
A7378867662,766560,皇山城,临沂,二手房,皇山路
A7429297170,972926,红盾花园,临沂,二手房,大青山路
A7382349797,713715,华强领秀城,临沂,二手房,解放路
A6604988419,677909,皇山别墅,临沂,二手房,长安路
A7348791809,1217086,润泰书香郡,临沂,二手房,"通达南路,近湖北路"
R2965583956651021,972924,恒弘城,临沂,二手房,双岭路
A7475511135,766640,北园春天(兰山),临沂,二手房,北园路299号
A7406670318,1410671,宝德集美东方(公寓住宅),临沂,二手房,"沂河路,近祝丘路"
A7479476566,767015,天元名筑,临沂,二手房,金沙路2号
A7397494480,1190481,国华新城,临沂,二手房,通达南路
A7464219161,972671,锦城花园,临沂,二手房,"工业北路,近湖东街"
A7314376152,792842,林庄御园B区,临沂,二手房,林丰街
A7416646097,973176,新华苑(兰山),临沂,二手房,海关路94号
A7096596216,1008631,宝丽未来城,临沂,二手房,"清河南路,近电厂路"
A7467532527,1059633,开元阳光里,临沂,二手房,金坛路
A7183296892,1066632,金泰瑞府,临沂,二手房,南京路
R2737064209277953,676996,杏花水岸(公寓住宅),临沂,二手房,沂蒙路
A7344496227,1073554,三合里润园,临沂,二手房,济南路
A7285149050,1388609,天怡嘉园,临沂,二手房,"通达南路,近工业路"
A7232748321,677250,银雀尚城,临沂,二手房,琅琊王路
A7323799438,973218,沂景华庭,临沂,二手房,滨河路
A7362001472,1446810,桃园社区,临沂,二手房,"中昇大街,近智圣路"
A7467043902,1082975,东方御龙佳园,临沂,二手房,郯东路
A7363891280,1005126,颐高上海街(三期),临沂,二手房,"沂蒙北路,近天津路"
A7478532683,677200,银河湾3号院,临沂,二手房,工业大道
A7321377613,1376769,润地新城(公寓住宅),临沂,二手房,"科技路,近沂河路"
A7409028633,972688,丽都小区,临沂,二手房,"朝阳路,近蒙山大道"
A7451300765,1008635,三众阳光100小区,临沂,二手房,"沂博路,近北一环路"
A7466808297,1195820,翰林丽都(A区),临沂,二手房,崇文路
A7194510567,1010268,孟园馨苑,临沂,二手房,"湖东路,近化武路"
A7277756333,677629,十里洋房,临沂,二手房,清河南路
R4586982300785672,1082964,名仕温泉国际城(别墅),临沂,二手房,滨河东路
A7395354333,1316365,鲁地德慧苑,临沂,二手房,师郯路
A7477805211,938790,博雅新苑,临沂,二手房,中丘路23号
A7238917618,1052574,焦庄佳园,临沂,二手房,清河北路
A7426521690,1233783,泰盛广场,临沂,二手房,解放路88号
A6833916116,801999,白鹭金岸(别墅),临沂,二手房,"滨河路,近沂河路"
A7466788417,1295651,城投首府,临沂,二手房,西城三路
A7207445674,940905,翰林华府(莒南),临沂,二手房,"上海路,近公园路"
A7469772825,973225,怡景园(平邑),临沂,二手房,银花路
A7272560196,972614,钓鱼台一号院,临沂,二手房,"滨河路,近祝丘路"
A7449684008,972868,大成家苑,临沂,二手房,化武路
A7412315630,1179519,史丹利四季长安(公寓住宅),临沂,二手房,长安路
A7464802688,1235217,壹号公馆(别墅),临沂,二手房,宗圣路
A7443798195,940354,凌云花园,临沂,二手房,八一路
A7170068826,676994,中德华尔兹,临沂,二手房,"沂蒙路,近滨河路"
A7441895093,1018019,意林公馆,临沂,二手房,秀水路
A7459386988,676742,五里堡苹果园小区,临沂,二手房,开阳路71号
A7477885668,973152,万图海德公馆,临沂,二手房,文峰路
A7385200026,677920,慧谷领御(公寓住宅),临沂,二手房,人民大街1599号
A7479174288,972610,城开首府,临沂,二手房,"长沙路,近茶山路"
A7478199564,677614,美澳花园,临沂,二手房,滨河南路8号
A7406001053,909611,泷璟,临沂,二手房,"卧虎山路,近沂山路"
A7459157476,1054214,掌舵东岸日月城{公寓住宅),临沂,二手房,"长安路,近滨河东路"
A7385517431,678059,明德花园南区(平邑),临沂,二手房,西环一路
A7459348996,1483586,九州悦府,临沂,二手房,"天桥路,近民主路"
A7354218762,1190503,涑河国际城B区,临沂,二手房,涑河北街
R3047678549516300,972723,群星家园,临沂,二手房,"中心南街,近腾飞路"
A7414274794,1488221,文博城,临沂,二手房,"通达路,近文化二路"
A7462806582,676996,杏花水岸(公寓住宅),临沂,二手房,沂蒙路
A7459966653,1647258,十里春风,临沂,二手房,"东一环路,近富春江路"
A7459388011,1281661,北坛新区,临沂,二手房,沂博路780号
A7427646447,677603,天顺家园,临沂,二手房,新华路
A7300465753,789055,蓝钻庄园(兰山),临沂,二手房,南京路
A7400372565,677627,宝丽凤凰城,临沂,二手房,科技大道
A7453337253,973254,裕隆嘉园(平邑),临沂,二手房,西环一路
A7262592789,678230,沂龙湾龙园,临沂,二手房,北京路
A7466821377,1195820,翰林丽都(A区),临沂,二手房,崇文路
A7473770697,1088814,沂州古城,临沂,二手房,南京路
A7401540363,676702,盛世春晖,临沂,二手房,平安路203号
A7397485244,676642,金玉山世纪花园,临沂,二手房,陶然路115号
A7452525526,972721,青啤早安时区,临沂,二手房,"滨河路,近沂河路"
A7326512534,713732,百联华府,临沂,二手房,府左路
A7458466101,677605,汇铭华府,临沂,二手房,湖北路
A7457602338,1380499,万城瑞府,临沂,二手房,"西五路,近北环路"
A7457659876,678246,警察花园,临沂,二手房,"汤河路,近广州路"
A7407850161,676730,开元花半里,临沂,二手房,成都路
A7253375347,677555,金雀新城(A区),临沂,二手房,金源路9号
R4452039639264257,972770,雅禾华侨城,临沂,二手房,"十泉路,近西一路"
A7369658989,1410682,碧桂园翡丽澜庭,临沂,二手房,"清河东路,近清河路"
A7422107796,972972,金联华府,临沂,二手房,银花路
A7478537965,1014918,和润香堤,临沂,二手房,"文峰山路,近北京路"
A7442780591,973187,信合家园(沂水),临沂,二手房,裕丰路
A7475610789,1419891,天润香墅湾一号(公寓住宅),临沂,二手房,通达路
A7453465276,792845,沂龙湾慧园,临沂,二手房,北京路
R4428155576298499,1176406,龙海国际,临沂,二手房,淮海路
A7439038850,994769,翔宇三江领秀,临沂,二手房,"兰亭路,近李公街"
A7382510138,972872,迪尚御园,临沂,二手房,沃尔沃路
A7368145762,1010262,翰邻福城,临沂,二手房,"金山路,近育才路"
A7452249752,677724,阳光翠湖嘉园,临沂,二手房,双月园路
A7479247844,1010264,安泰金升华府,临沂,二手房,"长沙路,近沂蒙路"
A7455971359,909865,十二星城,临沂,二手房,"文峰山路,近北京路"
A7452437771,945158,大名城(南区),临沂,二手房,"鑫华路,近莲旺街"
A7262470995,1073567,香醍荣府(别墅),临沂,二手房,广州路1号
A7290933817,972924,恒弘城,临沂,二手房,双岭路
A7446450940,677627,宝丽凤凰城,临沂,二手房,科技大道
A7437355277,1187589,桃花源小区,临沂,二手房,"莲花山路,近327省道"
A7417853813,676857,昆仑花园,临沂,二手房,"沂蒙路,近南昌路"
A7457634182,678173,东方丽景,临沂,二手房,文峰路
R4509444710554639,1005755,宝德花园,临沂,二手房,银雀山路182号
A7411711327,677555,金雀新城(A区),临沂,二手房,金源路9号
A7411631013,1624497,房源君澜凤凰城,临沂,二手房,"凤仪街,近温泉路"
A7438532423,972882,东方佳园(平邑),临沂,二手房,蒙阳路
A7404951019,783033,德居一品(西区),临沂,二手房,府前巷1号
A7323042202,1054214,掌舵东岸日月城{公寓住宅),临沂,二手房,"长安路,近滨河东路"
A7420361757,678161,家天下(兰陵),临沂,二手房,滨河西路
A7462718792,1195820,翰林丽都(A区),临沂,二手房,崇文路
A7427557715,1087482,幸福华庭,临沂,二手房,幸福路
A7437351783,677225,威特天元广场,临沂,二手房,金雀山路1号
A7472314027,1023774,恒大中央广场,临沂,二手房,"通达路,近桃园路"
R3207863773488143,973089,瑞腾优卡空间,临沂,二手房,蒙山大道
A7363175115,864365,恒大绿洲,临沂,二手房,"华夏路,近香港路"
A7340518750,1195827,明德花园(平邑),临沂,二手房,明德路
A7445214247,973112,水岸名城(费县),临沂,二手房,自由路
A7443828201,1028359,鲁洲清华园,临沂,二手房,鲁洲路18号
A7455816948,677600,怡景天鹅湖,临沂,二手房,科技大道115号
A7466811977,1195820,翰林丽都(A区),临沂,二手房,崇文路
A7370346240,995828,奥正诚园(别墅),临沂,二手房,"滨河东路,近中晟街"
A7370550033,972843,宝德书香苑,临沂,二手房,中丘路
A7403331294,767015,天元名筑,临沂,二手房,金沙路2号
A7331206096,1002818,房源印象,临沂,二手房,开源路152号
A7427552213,909866,龙凤花园,临沂,二手房,大青山路
A7374372469,1127034,儒辰丹枫园,临沂,二手房,前十街
A7371385795,676631,颐龙恒泰,临沂,二手房,金源路32号
A7392958294,1446810,桃园社区,临沂,二手房,"中昇大街,近智圣路"
A7363385179,678333,朗润苑,临沂,二手房,上海路
A7461628846,677599,美华新村,临沂,二手房,罗七路26号
A7462818353,677938,平安悦城(郯城),临沂,二手房,郯东路112号
A7412108923,1543010,书香檀悦,临沂,二手房,北环路165号
R1850927033719815,677607,金地华府,临沂,二手房,湖北路
A7296579271,1180816,儒辰含章园,临沂,二手房,临西十二路
A7416096946,1066633,金泰瑞府(别墅),临沂,二手房,南京路
A7442732327,973039,龙泉花园(莒南),临沂,二手房,西环路
A7202516595,972818,圣兰菲诺(别墅),临沂,二手房,"算圣路,近书圣路"
A7437954259,1187592,明德花园北区,临沂,二手房,"明德路,近兴水路"
A7452501816,1477427,鲁邦华府(平邑),临沂,二手房,"温凉河路,近红山路"
A7356236949,713723,奥斯卡上品公馆,临沂,二手房,新华路
A7362752910,972654,环球金水湾,临沂,二手房,"长沙路,近温良河路"
A7412344603,973086,荣盛沂河馨苑(B区),临沂,二手房,智圣路
A7380104437,864374,舒格兰(一期),临沂,二手房,"南京路,近沭河路"
A7450348540,1625065,儒辰金邑樾府,临沂,二手房,"滨河东路,近黄金路"
A7386295965,1388610,泰鲁禧玥,临沂,二手房,"机场路,近东兴路"
A7460769991,677957,一品澜湾小区,临沂,二手房,郯东路172号
A7372828238,1214944,相公奥达花园,临沂,二手房,北京东路
A7436418899,678342,月澜锦程,临沂,二手房,沭河路58号
A7417003155,677623,罗湖观天下花园,临沂,二手房,沂河路
A7478702901,1008633,山水龙城(莒南),临沂,二手房,"天桥路,近洪石路"
A7401314235,1087443,银丰公馆,临沂,二手房,清河南路
A7336035794,766560,皇山城,临沂,二手房,皇山路
A7470375188,928011,阳光国际,临沂,二手房,"裕丰路,近东一环路"
A7474564632,1007303,鼎峰新立方,临沂,二手房,"沂蒙路,近北京路"
A7469776506,1088982,金联上府,临沂,二手房,板桥路
R4351743144209423,1014918,和润香堤,临沂,二手房,"文峰山路,近北京路"
A7427382946,677005,环球国际广场,临沂,二手房,沂蒙路1号
A7472109846,678059,明德花园南区(平邑),临沂,二手房,西环一路
A7406913400,677805,莱茵国际,临沂,二手房,李公河路
A7389979977,1372657,儒辰璟宸府,临沂,二手房,"西安路,近沂蒙北路"
A7458423736,713737,四季春天(沂蒙路),临沂,二手房,沂蒙路
A6941735746,1433004,六中家属院,临沂,二手房,"红旗路,近羲之路"
A7448652970,677728,幸福嘉园(罗庄),临沂,二手房,化武路
A7427501026,1033355,新城吾悦广场,临沂,二手房,"东兴路,近安居街"
A7397367155,1061521,书香尚城,临沂,二手房,陶然北路
A7407769049,677531,银杏花园,临沂,二手房,和平路
A7473971453,1263238,慧谷星岸,临沂,二手房,"人民大街,近滨河东路"
A7353605822,1217088,水景苑,临沂,二手房,温凉河路
A7419536966,972708,明瑞华庭,临沂,二手房,"蒙山路,近建设路"
A7168487629,1190483,商谷智慧城(商住楼),临沂,二手房,临西十路
A7450469424,972747,万和丽景园,临沂,二手房,"淮海路,近东环路"
A7476311040,1042464,北方明珠,临沂,二手房,沂博路39号
A7423143940,677641,金湖新村,临沂,二手房,开元路
A7446173282,973284,海润尚东国际(北区),临沂,二手房,"青援路,近北一环路"
A7430026683,973232,银城花园,临沂,二手房,南外环路
A7428702441,713747,临沂金世纪新城,临沂,二手房,青年路39号
A7453370418,678056,汇源城,临沂,二手房,327国道
A7439805151,1187600,滨河家园,临沂,二手房,"金花路,近滨河西路"
A7182462548,1384911,宝丽天樾,临沂,二手房,"双月园路,近湖东二路"
A7466902766,677641,金湖新村,临沂,二手房,开元路
R4580267159151622,677097,涑河国际城A区,临沂,二手房,涑河北街
A7446418025,1440367,儒辰逸品公馆,临沂,二手房,"正阳路,近玉泉路"
A7318141522,1310586,普村清河园A区,临沂,二手房,清河路
A7472918786,792466,凤凰水城,临沂,二手房,"成都路,近沭河路"
A7473119960,677981,金明寓育源华庭,临沂,二手房,振兴北路
A7473091775,677741,龙泽国际,临沂,二手房,科技大道132号
R4577184849716228,1186410,临沭景城花园,临沂,二手房,光明北路188号
A7454759739,676985,开阳名居,临沂,二手房,开阳路
A7457617424,1187595,蓝钻浚河郡,临沂,二手房,新枣路
A7306688359,1312734,德居一品(东区),临沂,二手房,"兵圣路,近算圣路"
A7341343010,801999,白鹭金岸(别墅),临沂,二手房,"滨河路,近沂河路"
A7364447391,1393748,明悦郡,临沂,二手房,"罗六路,近双月湖前路"
A7254168821,1433004,六中家属院,临沂,二手房,"红旗路,近羲之路"
A7410723699,1190483,商谷智慧城(商住楼),临沂,二手房,临西十路
A7479133491,1127034,儒辰丹枫园,临沂,二手房,前十街
A7478401699,972903,傅屯嘉园,临沂,二手房,清河北路
A7467990828,676642,金玉山世纪花园,临沂,二手房,陶然路115号
R2397219334691852,1239939,君道蔚蓝海岸,临沂,二手房,金升路
R3450012218795015,677333,天元国际,临沂,二手房,金雀山路
R4410991939118091,1088118,双创智汇城,临沂,二手房,连菏线
A7407714635,678062,金碧花园,临沂,二手房,黄海西路119号
A7473202653,1127034,儒辰丹枫园,临沂,二手房,前十街
A7470716248,792842,林庄御园B区,临沂,二手房,林丰街
A7479206576,1194102,灏园,临沂,二手房,蒙河路
A7479493693,972604,北坛社区,临沂,二手房,沂博路780号
A7306495334,972645,和美苑花园,临沂,二手房,"人民大街,近孝友路"
A7467043214,871695,华创金桂园,临沂,二手房,沂州路
A7396473722,677772,滨江中央华府(罗庄),临沂,二手房,清河南路
R3860523155336200,1002819,阳光城香麓园,临沂,二手房,"中昇街,近智圣路"
A6837310153,676662,北园花苑,临沂,二手房,北园路260号
A7372498519,1087458,城市花园C区,临沂,二手房,佳园路
A7435649456,1076518,林庄御园澜庭,临沂,二手房,涑河北街
A7396217781,676876,泰和花园(北区),临沂,二手房,沂蒙路
A7416852024,863541,致远翡翠园,临沂,二手房,"滨河路,近聚才八路"
A7332996383,678342,月澜锦程,临沂,二手房,沭河路58号
A7391191080,1214935,金升社区B区(北区),临沂,二手房,茶山路
A7472997285,940905,翰林华府(莒南),临沂,二手房,"上海路,近公园路"
A7405699526,1370909,御尊尚府御富园,临沂,二手房,"雪山河路,近东二环路"
A7462384976,973232,银城花园,临沂,二手房,南外环路
R4174658114560001,972702,毛纺厂家属院,临沂,二手房,"自由路,近光明路"
A7312715361,945157,翰林华府(沂水),临沂,二手房,双成路
A7398374989,1410673,房源君悦华府,临沂,二手房,"祝丘路,近沂河路"
A7472773791,940905,翰林华府(莒南),临沂,二手房,"上海路,近公园路"
R3193742847549449,915851,天基云蒙庄园,临沂,二手房,叠翠路
A7432571522,972665,金茂印象,临沂,二手房,"西一路,近十泉路"
A7466974612,1388610,泰鲁禧玥,临沂,二手房,"机场路,近东兴路"
A7424145116,973220,沂龙湾曦园,临沂,二手房,北京路
A7427325701,1054214,掌舵东岸日月城{公寓住宅),临沂,二手房,"长安路,近滨河东路"
A7425787671,1195827,明德花园(平邑),临沂,二手房,明德路
A7448752197,1491600,金都上城,临沂,二手房,淮海路
A7467071889,677646,永福苑,临沂,二手房,新华路
A7433362194,1235216,壹号公馆,临沂,二手房,宗圣路
A7441062502,678222,世纪新筑,临沂,二手房,兰陵路
A7431060612,677525,曹家王庄小区(东区),临沂,二手房,"工业大道,近水田路"
A7397403915,678333,朗润苑,临沂,二手房,上海路
A7407766232,1370909,御尊尚府御富园,临沂,二手房,"雪山河路,近东二环路"
A7389117031,678209,秀水湾,临沂,二手房,济南路
A7458404428,677157,兴盛小区,临沂,二手房,银雀山路
A7215006061,678321,澜泊湾(三期),临沂,二手房,"祊河路,近柳青河西路"
A7412936528,677555,金雀新城(A区),临沂,二手房,金源路9号
A7467914660,1256982,九州唐樾,临沂,二手房,静海路
A7344361425,1431486,鲁商万科城,临沂,二手房,金雀山路154号
A7470816766,677912,君悦兰亭,临沂,二手房,东兴路
A7468015510,1046633,临沂大学宿舍区(南),临沂,二手房,启阳路72号
A7419667457,972986,金信融城,临沂,二手房,"成都路,近沂蒙路"
A7365341663,1382671,东方悦澜湾,临沂,二手房,"北环路,近郯东路"
A7404279508,677910,祥和家园(平邑),临沂,二手房,"莲花山路,近西环一路"
A7458191043,1187595,蓝钻浚河郡,临沂,二手房,新枣路
A7454770243,1401078,盛世华府(郯城),临沂,二手房,师郯路155号
A7464263578,1073554,三合里润园,临沂,二手房,济南路
A7453418904,1281661,北坛新区,临沂,二手房,沂博路780号
A7479380528,973157,裕隆文博苑,临沂,二手房,李公河路
A7433546625,1312734,德居一品(东区),临沂,二手房,"兵圣路,近算圣路"
A7476307208,972761,鑫和园小区,临沂,二手房,"建设路,西外环路"
A7282158431,1050117,中梁壹号院,临沂,二手房,智圣路
A7384238299,779965,高尔夫庄园,临沂,二手房,滨河路
A7444593733,1008633,山水龙城(莒南),临沂,二手房,"天桥路,近洪石路"
A7397583965,923540,环球掌舵,临沂,二手房,"长沙路,近温凉河路"
A7295023311,973088,如意家园(沂水),临沂,二手房,中心街
A7419668589,1410672,韵皓圣廷苑,临沂,二手房,"湖北路,近湖东二路"
A7364455197,1088814,沂州古城,临沂,二手房,南京路
A7444189006,678056,汇源城,临沂,二手房,327国道
A7417775581,1303120,沂河璟城,临沂,二手房,科技大道
A7419552949,767135,中科印象,临沂,二手房,海关路
A7478611401,766640,北园春天(兰山),临沂,二手房,北园路299号
A7418465226,1087441,史丹利皇山景城花园(公寓住宅),临沂,二手房,皇山路
A7454325445,973151,万通盛世馨园,临沂,二手房,通达南路
A7442810171,972766,杏林御园,临沂,二手房,"振兴北路,近沭河西大街"
A7365411479,1081110,佳怡书香苑,临沂,二手房,工业大道
A7382446375,940147,恒大翡翠华庭,临沂,二手房,"长沙路,近沂蒙路"
A7228227150,1181325,开元上郡,临沂,二手房,中央大街
A7344259636,972999,锦绣御珑湾,临沂,二手房,清河北路
R2327487952364558,1018520,金鼎国际(兰山),临沂,二手房,"红旗路,近沂蒙路"
A7465367528,678323,爱伦坡,临沂,二手房,"广州路,近马陵山路"
R3542001343716360,677599,美华新村,临沂,二手房,罗七路26号
A7292580492,972882,东方佳园(平邑),临沂,二手房,蒙阳路
A7427703556,972972,金联华府,临沂,二手房,银花路
A7462718705,912584,龙腾华景,临沂,二手房,青杨路39号
A7375997236,678225,曲沂社区(C区),临沂,二手房,"大青山路,近济南路"
A7461941638,1370377,三众十里阳光,临沂,二手房,长安南路33号
A7441095807,973239,银雀苑,临沂,二手房,沂蒙路
R4303804031265800,1220714,永尚润城(商住楼),临沂,二手房,涑河南街
A7470807286,1267290,鲁商万科新都会,临沂,二手房,"解放东路,近正阳路"
A7447213463,872660,盛德桂园,临沂,二手房,"沂河路,近海关路"
A7464087087,972735,十里阳光,临沂,二手房,"沂河路,近祝丘路"
A7373702502,1235215,杜三岗幸福社区,临沂,二手房,工业大道
A7460141625,972793,邑城一品,临沂,二手房,"金花路,近板桥路"
A7425154652,1205294,世纪豪庭,临沂,二手房,文峰路
A7388991487,677819,刘村社区,临沂,二手房,兰亭路
A7265525640,972823,澜泊湾(二期),临沂,二手房,"祊河路,近柳青河西路"
A7474536251,1384911,宝丽天樾,临沂,二手房,"双月园路,近湖东二路"
A7423879334,972997,锦绣华庭(罗庄)(一期),临沂,二手房,清河南路
A7298842172,678310,荣昌绿园,临沂,二手房,"孝河路,近武汉路"
A7118688712,1514577,紫云府,临沂,二手房,"临工路,近李公河路"
A7449836802,1220705,费县清华园,临沂,二手房,自由西路
A7420378160,1088124,掌舵龙湖,临沂,二手房,湖北路
R2893795314871300,1154053,远洋城大家,临沂,二手房,蒙山北路
A7479168311,1046907,沂景花园,临沂,二手房,建设西路
A7210761858,1187593,泺源小区,临沂,二手房,蒙阳路70号
A7466378017,1186476,滨河嘉园,临沂,二手房,站前路
A7354302415,1012033,伊丽莎白花漾,临沂,二手房,"合肥路,近滨河东路"
A7458334553,678333,朗润苑,临沂,二手房,上海路
A7382281544,1281225,元沃御景苑,临沂,二手房,金华路
A7390148785,677678,营子小区,临沂,二手房,永盛路
A7456478664,677600,怡景天鹅湖,临沂,二手房,科技大道115号
A7470357778,677772,滨江中央华府(罗庄),临沂,二手房,清河南路
R4617134553621519,713737,四季春天(沂蒙路),临沂,二手房,沂蒙路
A7477170947,792467,滨河阳光(兰山),临沂,二手房,兰陵路
A7423221734,676995,富雅小区,临沂,二手房,东岳庙街
A7440800241,945146,颐兴园,临沂,二手房,"桃源街,近智圣路"
A7423307372,973161,五洲华府天著(公寓住宅),临沂,二手房,孝圣路
A7476991306,1203464,奥德天玺,临沂,二手房,北京东路
A7462561584,1087497,瑞沂蓝山,临沂,二手房,通达路
A7431884285,1183683,城开水岸,临沂,二手房,金雀山路
A7466863455,1060274,泰鑫东望府,临沂,二手房,中昇大街
A7439886679,972845,宝丽阳光国际,临沂,二手房,双月湖路
A7434960896,972702,毛纺厂家属院,临沂,二手房,"自由路,近光明路"
A7415953720,676642,金玉山世纪花园,临沂,二手房,陶然路115号
A7462590211,676697,锦绣蓝山,临沂,二手房,通达路375号
A7407930197,767015,天元名筑,临沂,二手房,金沙路2号
A7377288405,1437434,开元尚城,临沂,二手房,"育才路,近迎宾路"
A7214661135,973160,五洲华府天著(别墅),临沂,二手房,孝圣路
A7405080577,1082956,万开世纪城,临沂,二手房,文明路
R4423878471986184,1198619,临沂中心,临沂,二手房,上海路
R4326657761418246,1205347,阳都凤凰城,临沂,二手房,历山路
A7451247159,713827,兰亭凤栖苑,临沂,二手房,金雀山路
A7427277451,1192381,中晟学府美地,临沂,二手房,科教路
A7444679449,678239,沂州花园(兰山),临沂,二手房,沭河路
A7388530662,677932,尚城嘉苑,临沂,二手房,北环路157号
A7303179428,1239939,君道蔚蓝海岸,临沂,二手房,金升路
A7429499323,1187601,宝馨嘉园,临沂,二手房,宗盛路
A7438683755,676642,金玉山世纪花园,临沂,二手房,陶然路115号
R4597190092399616,972750,史丹利文慧园(临沭),临沂,二手房,常林西大街48号
A7447382235,1008633,山水龙城(莒南),临沂,二手房,"天桥路,近洪石路"
A7402279828,1033014,保利堂悦,临沂,二手房,"长沙路,近马陵山路"
A7282002079,792843,城建时代庄园,临沂,二手房,北园路323号
A7401432770,1664010,鲁商万科城如园,临沂,二手房,"平安路,近蒙山大道"
A7460900796,973161,五洲华府天著(公寓住宅),临沂,二手房,孝圣路
A7479461300,678233,沂龙湾御园,临沂,二手房,北京路
A7472895482,676910,环球香樟园,临沂,二手房,"沂蒙路,近武汉路"
A7429385982,678222,世纪新筑,临沂,二手房,兰陵路
A7438894981,678342,月澜锦程,临沂,二手房,沭河路58号
A7418563941,995204,华创金桂园(别墅),临沂,二手房,"沂州路,近沂河路"
A7441025485,1187594,蓝钻香醍,临沂,二手房,新枣路
A7427810272,1276601,铂樾府,临沂,二手房,"沂蒙路,近金七路"
A7437985604,972692,领秀豪庭,临沂,二手房,"解放东路,近滨河东路"
A7422972113,1007905,怡和国际,临沂,二手房,沂河路23号
A7454728068,1214941,康城花园,临沂,二手房,金花路
A7039724942,1190483,商谷智慧城(商住楼),临沂,二手房,临西十路
A7389298159,943321,荣盛沂河馨苑(A区),临沂,二手房,凤仪街
A7303266673,1187593,泺源小区,临沂,二手房,蒙阳路70号
A7455692482,1008631,宝丽未来城,临沂,二手房,"清河南路,近电厂路"
A7459367663,1483586,九州悦府,临沂,二手房,"天桥路,近民主路"
A7429411703,766560,皇山城,临沂,二手房,皇山路
A7475000701,973206,阳光丽景(沂水),临沂,二手房,裕丰路
A7464458101,1486235,海博望江府,临沂,二手房,"滨河东路,近厦门路"
R3836751877414919,1376380,城开御府,临沂,二手房,"朝阳路,近北环路"
A7448250055,676631,颐龙恒泰,临沂,二手房,金源路32号
A7400664328,677910,祥和家园(平邑),临沂,二手房,"莲花山路,近西环一路"
A7222228569,1425393,致远天宸府,临沂,二手房,湖东路
A7458449528,1000617,世纪新筑(别墅),临沂,二手房,兰陵路
A7435063957,997764,外滩香格里拉,临沂,二手房,聚才路2号
A7430836614,678161,家天下(兰陵),临沂,二手房,滨河西路
A7425735903,973209,一品尚都,临沂,二手房,郯东路
A7453143423,973218,沂景华庭,临沂,二手房,滨河路
A7423430974,1437434,开元尚城,临沂,二手房,"育才路,近迎宾路"
A7407948902,1087445,水韵华苑,临沂,二手房,北京路
A7475808131,972604,北坛社区,临沂,二手房,沂博路780号
A7473866335,678193,开元瑞都(西区),临沂,二手房,迎宾路
R3499626742161416,1009145,华润凯旋门,临沂,二手房,开阳路19号
A7391988685,1382689,史丹利文慧园(郯城),临沂,二手房,孔望山路17号
A7477762874,1187594,蓝钻香醍,临沂,二手房,新枣路
A7452247843,973076,清华园(兰陵),临沂,二手房,金盾路
A7231830932,677795,东旭第一城,临沂,二手房,金雀山东路
A7477901145,995828,奥正诚园(别墅),临沂,二手房,"滨河东路,近中晟街"
A7416008831,972617,东方御景(郯城),临沂,二手房,马陵路3号
A7416744365,1269239,金明寓世纪名筑,临沂,二手房,青云山路
A7467912461,973270,竹林桥南区,临沂,二手房,八腊庙街
A7447260886,972703,贵和美景华庭,临沂,二手房,"双月园路,近通达南路"
A7251905251,677909,皇山别墅,临沂,二手房,长安路
A7413192483,1190481,国华新城,临沂,二手房,通达南路
A7457465651,678196,蓝湖国际,临沂,二手房,泉山路
A7291061331,1127034,儒辰丹枫园,临沂,二手房,前十街
A7408074524,945721,东方名城,临沂,二手房,沂蒙山路
A7440063530,973225,怡景园(平邑),临沂,二手房,银花路
A7415168018,972654,环球金水湾,临沂,二手房,"长沙路,近温良河路"
A7464650498,1007303,鼎峰新立方,临沂,二手房,"沂蒙路,近北京路"
A7442541434,1050889,阳光花园(平邑),临沂,二手房,蒙阳路
A7463746538,678331,祥园,临沂,二手房,黄白河路
A7454792960,677019,诚德桑提亚纳,临沂,二手房,中丘路
A7458458531,713737,四季春天(沂蒙路),临沂,二手房,沂蒙路
A7473901415,972703,贵和美景华庭,临沂,二手房,"双月园路,近通达南路"
A7470411474,1010846,丰源新区,临沂,二手房,聚才八路
A7475001296,944812,天成家园,临沂,二手房,"沂蒙山路,近莲旺街"
A7236911640,676794,东方花苑(兰山),临沂,二手房,通达路4号
A7453159216,677842,褚庄小区汇银苑,临沂,二手房,解放东路
A7443284991,1205347,阳都凤凰城,临沂,二手房,历山路
R2272226016109579,1082964,名仕温泉国际城(别墅),临沂,二手房,滨河东路
A7477143861,1410682,碧桂园翡丽澜庭,临沂,二手房,"清河东路,近清河路"
A7261520604,713721,福源家园,临沂,二手房,滨河路
A7380473503,972747,万和丽景园,临沂,二手房,"淮海路,近东环路"
A7468480428,1033355,新城吾悦广场,临沂,二手房,"东兴路,近安居街"
A6877445293,676893,蓝湾国际A区,临沂,二手房,东岳庙街56号
R4604271556914183,1176406,龙海国际,临沂,二手房,淮海路
A7445497070,677064,皇山花园(一期),临沂,二手房,滨河东路
A7443869320,996451,诚德碧海方舟,临沂,二手房,"武汉路,近北京路"
A7386297613,678202,金猴北城名居,临沂,二手房,天津路
A7462568387,677158,淮海御景湾,临沂,二手房,滨河路2号
R4435682383782922,677986,北城花园,临沂,二手房,沭河大街
A7291610720,1183682,于泉尚城,临沂,二手房,通达路
A7407675153,1188339,城投柳青玺悦(别墅),临沂,二手房,汤河路
A7358936151,1087443,银丰公馆,临沂,二手房,清河南路
A7337672876,1386545,利城首府,临沂,二手房,"利城大街,近中山北路"
A7043263144,676851,金泰华城,临沂,二手房,北园路399号
A7470525327,993480,河湾社区,临沂,二手房,蒙阳路
A7460056047,1214941,康城花园,临沂,二手房,金花路
A7445400830,1055573,玉龙园,临沂,二手房,东一环路
A7355031847,677225,威特天元广场,临沂,二手房,金雀山路1号
A7449624426,972673,锦泰国际,临沂,二手房,"金花路,近204省道"
A7472110158,677912,君悦兰亭,临沂,二手房,东兴路
A7438211193,1187589,桃花源小区,临沂,二手房,"莲花山路,近327省道"
A7463396024,677634,地王豪庭,临沂,二手房,双月湖路107号
A7319708829,973236,银河湾(别墅),临沂,二手房,算圣路
A7382305110,1380500,城建锦绣府,临沂,二手房,"中丘路,近五号路"
A7417163958,973152,万图海德公馆,临沂,二手房,文峰路
A7477830071,1194102,灏园,临沂,二手房,蒙河路
A7446172262,973002,景城花园(费县),临沂,二手房,政通路251号
A7452521895,991341,汇通天下,临沂,二手房,兰山北园路313号
A7442713343,972748,万象阳光城,临沂,二手房,"利民街,近阳光北路"
A7477879397,972699,鲁商金悦城,临沂,二手房,金雀山路154号
A7473681296,1244288,新城福邸,临沂,二手房,会宝路
A7451377214,972755,香缇郡,临沂,二手房,"滨河东路,近桃源街"
A7245066510,993478,大南泉社区,临沂,二手房,蒙阳路
A7427602093,1194102,灏园,临沂,二手房,蒙河路
A7368292482,677345,苗庄小区,临沂,二手房,金雀山路
A7441065337,1187593,泺源小区,临沂,二手房,蒙阳路70号
A7455548538,1186475,锦程华府,临沂,二手房,鲁公路
A7441171707,1179513,克拉国际广场,临沂,二手房,兰陵路
A7462422145,678196,蓝湖国际,临沂,二手房,泉山路
A7437447021,972634,阜丰时代城曦园,临沂,二手房,"隆山路,近鸡龙河北路"
A7441769055,678356,盛世沂城(公寓住宅),临沂,二手房,双月湖路
A7422179705,1314668,中国院子(别墅),临沂,二手房,滨河东路
A7473569307,714048,东墩花园,临沂,二手房,启阳路
A7336871973,1014919,宝德新里程,临沂,二手房,"琅琊王路,近金雀山路"
A7117612064,972720,青年宜居,临沂,二手房,"南京路,近孝河路"
A7312562306,678202,金猴北城名居,临沂,二手房,天津路
A7190566295,1048407,龙盛乾园,临沂,二手房,卧虎山路
A7231114712,1303120,沂河璟城,临沂,二手房,科技大道
A7433400289,972614,钓鱼台一号院,临沂,二手房,"滨河路,近祝丘路"
A7189902516,1043745,致远翡翠湾,临沂,二手房,湖北路
A7404266790,678168,城市花园A区,临沂,二手房,文峰路
A7418581014,1217086,润泰书香郡,临沂,二手房,"通达南路,近湖北路"
A7396044252,1186472,阜丰时代城悦府,临沂,二手房,北二路
A7442696878,1295651,城投首府,临沂,二手房,西城三路
A7443753881,972634,阜丰时代城曦园,临沂,二手房,"隆山路,近鸡龙河北路"
A7476327891,1488221,文博城,临沂,二手房,"通达路,近文化二路"
A7475380681,678262,爱琴海(兰山),临沂,二手房,"广州路,近成都路"
A7423982854,938791,城建锦绣城,临沂,二手房,中丘路
R2391625168559109,972996,锦绣华庭(莒南),临沂,二手房,西一路
A7193869990,941535,新东关,临沂,二手房,"解放路,近沂州路"
R4468924340724741,972770,雅禾华侨城,临沂,二手房,"十泉路,近西一路"
A7448113545,1666655,碧桂园翡丽之光都荟,临沂,二手房,沂州路
A7454910582,676846,诚德盛世华庭,临沂,二手房,金源路174号
A7440208889,1147503,明德新城,临沂,二手房,新枣路
A7443478922,1202239,天祥家园,临沂,二手房,莲花山路
A7425409294,943526,桃源明德花园,临沂,二手房,羲之路262号
A7446512547,972782,教育家园,临沂,二手房,"人民路,近温泉路"
A6889681643,972823,澜泊湾(二期),临沂,二手房,"祊河路,近柳青河西路"
A7414939908,1401078,盛世华府(郯城),临沂,二手房,师郯路155号
A7455589701,1401078,盛世华府(郯城),临沂,二手房,师郯路155号
A7437351137,1187589,桃花源小区,临沂,二手房,"莲花山路,近327省道"
A7248205271,713745,久隆奥斯卡,临沂,二手房,解放路130号
A7475676088,873700,宝德新领域,临沂,二手房,"兰陵路,近府左路"
A7475551919,677674,悦澜山,临沂,二手房,通达南路
A7219935868,676630,金鹰花园,临沂,二手房,八一路
A7361554762,972779,中暨沂河一英里,临沂,二手房,东兴路
A7456713531,676873,兰亭水岸,临沂,二手房,滨河路
A7425865102,792845,沂龙湾慧园,临沂,二手房,北京路
A7454189888,678347,浙景玫瑰园,临沂,二手房,沃尔沃路
A7422495426,676630,金鹰花园,临沂,二手房,八一路
A7473103935,1088123,新天华府,临沂,二手房,兴大西街
A7473974236,972703,贵和美景华庭,临沂,二手房,"双月园路,近通达南路"
A7475711313,1030235,城开景悦,临沂,二手房,"清河北路,近沂州路"
A7470402814,1005127,外滩龙庭帝景,临沂,二手房,"滨河大道,近涑河南街"
A7419562661,1189605,郯子湖小区,临沂,二手房,环湖南路6号
A6935965122,677842,褚庄小区汇银苑,临沂,二手房,解放东路
A7466093968,941014,江泉国际,临沂,二手房,通达南路
A7432541051,1244288,新城福邸,临沂,二手房,会宝路
A7386461117,767015,天元名筑,临沂,二手房,金沙路2号
R2442715126277134,1082964,名仕温泉国际城(别墅),临沂,二手房,滨河东路
A7476003638,992364,金海岸,临沂,二手房,郯东路167号
R1811569034436615,677071,嘉益台北新城,临沂,二手房,启阳路
A7433742661,678222,世纪新筑,临沂,二手房,兰陵路
A7422523063,677478,荣华园(兰山区),临沂,二手房,银雀山路
A7354161449,677909,皇山别墅,临沂,二手房,长安路
A7468557932,1625065,儒辰金邑樾府,临沂,二手房,"滨河东路,近黄金路"
A7365333634,1087444,翔龙清河苑,临沂,二手房,清河南路
A7387496090,1446810,桃园社区,临沂,二手房,"中昇大街,近智圣路"
A7459122903,972769,史丹利学府名苑,临沂,二手房,"沭河东大街,近冠山路"
A7402157147,677597,美华园,临沂,二手房,湖北路240号
A7475289776,677660,宝翠园,临沂,二手房,罗六路
A7463877032,1063207,阳光尚府,临沂,二手房,护台路13号
A7460044526,923071,豪森名邸,临沂,二手房,成都路
A7467972147,1204250,阜丰澜岸,临沂,二手房,上海路
R4235967042264074,973135,天元城市绿洲,临沂,二手房,工业大道
A7198597802,1049385,奥德海棠,临沂,二手房,北京路
A7472981964,972741,天基黄金水岸,临沂,二手房,"滨河路,近银雀山路"
R4541377468161028,862842,香江时代华庭,临沂,二手房,聚才路81号
A7445546816,678233,沂龙湾御园,临沂,二手房,北京路
A7450631436,1514577,紫云府,临沂,二手房,"临工路,近李公河路"
A7469826482,1625065,儒辰金邑樾府,临沂,二手房,"滨河东路,近黄金路"
A7473689459,973037,柳青家园,临沂,二手房,天津路
A7469911900,677678,营子小区,临沂,二手房,永盛路
A7437886637,677664,宝丽一号,临沂,二手房,通达南路
A7404954883,972654,环球金水湾,临沂,二手房,"长沙路,近温良河路"
A7424208967,972792,颐景恒泰,临沂,二手房,祝丘路23号
A7466767522,1483586,九州悦府,临沂,二手房,"天桥路,近民主路"
A7366971891,678211,朴园,临沂,二手房,"沭河路,近济南路交回"
A7460718811,1239939,君道蔚蓝海岸,临沂,二手房,金升路
A7461862797,926232,魅力之城,临沂,二手房,沃尔沃路
A7477137019,677965,建馨嘉苑,临沂,二手房,马陵路1号
A7374653167,1669440,润地新城(商住楼),临沂,二手房,科教路
A7472803586,972674,荣盛塞纳荣府,临沂,二手房,智圣路
A7300446082,972994,锦绣花园(沂南),临沂,二手房,正阳路
A7462593910,676743,双龙花园,临沂,二手房,茶山路
A7291822855,1186417,砚台岭社区B区,临沂,二手房,临西十路
A7460987355,1160573,奥正诚园,临沂,二手房,滨河东路
A7455967066,973016,兰山小区,临沂,二手房,顺和街
A7410888302,1280431,中南林樾,临沂,二手房,"西安路,近沂蒙路"
R3533413923709956,1380615,绿地紫峰公馆,临沂,二手房,"雄安大道,近汤河路"
A7444799750,676874,金叶花园(兰山),临沂,二手房,"北京路,近上海路"
A7456484700,1059283,荣盛沂河馨苑C区,临沂,二手房,智诚路
A7464421803,677019,诚德桑提亚纳,临沂,二手房,中丘路
A7448679751,940147,恒大翡翠华庭,临沂,二手房,"长沙路,近沂蒙路"
A7476285996,945213,御龙湾,临沂,二手房,小沂河北路
A7418647260,678334,理想家,临沂,二手房,"成都路,近沂蒙路"
R4279500312914955,972977,金明寓育秀家苑,临沂,二手房,沭河西大街
A7423249809,1018520,金鼎国际(兰山),临沂,二手房,"红旗路,近沂蒙路"
A7475000094,972853,滨河绿洲,临沂,二手房,沂河大道
A7445138072,973112,水岸名城(费县),临沂,二手房,自由路
R3961609735937033,677097,涑河国际城A区,临沂,二手房,涑河北街
A7448148408,1666655,碧桂园翡丽之光都荟,临沂,二手房,沂州路
A7436476409,973283,玉兰山庄,临沂,二手房,"府兴路,近蒙山路"
A7459912251,1276601,铂樾府,临沂,二手房,"沂蒙路,近金七路"
A7446149440,973002,景城花园(费县),临沂,二手房,政通路251号
A7393151890,1066633,金泰瑞府(别墅),临沂,二手房,南京路
A7447304864,972986,金信融城,临沂,二手房,"成都路,近沂蒙路"
A7470314563,1187587,新盛家园,临沂,二手房,蒙山大道123号
A7243654493,972671,锦城花园,临沂,二手房,"工业北路,近湖东街"
R3139972222624775,677074,银凤花园,临沂,二手房,金源路
A7423409518,912502,宝鼎花园,临沂,二手房,开阳路207号
A7464420306,1081718,朝阳家园,临沂,二手房,建设路
R3822790185970694,1059283,荣盛沂河馨苑C区,临沂,二手房,智诚路
A7459303486,1042464,北方明珠,临沂,二手房,沂博路39号
A7468622054,1154053,远洋城大家,临沂,二手房,蒙山北路
A7477692425,713691,嘉益香槟城,临沂,二手房,兰山清河南路
A7465026933,940905,翰林华府(莒南),临沂,二手房,"上海路,近公园路"
A7442676414,1061521,书香尚城,临沂,二手房,陶然北路
A7454962454,677210,金阳花园,临沂,二手房,金雀山路
A7469431120,1310586,普村清河园A区,临沂,二手房,清河路
A7459260186,1102641,裕原凤凰诚,临沂,二手房,南外环路
A7347962208,713732,百联华府,临沂,二手房,府左路
A7393210995,678356,盛世沂城(公寓住宅),临沂,二手房,双月湖路
A7467665379,677724,阳光翠湖嘉园,临沂,二手房,双月园路
A7407970346,972909,富民小区(郯城),临沂,二手房,建设路81号
A7407019638,678034,莲花园小区,临沂,二手房,蒙山大道
A7432055768,713715,华强领秀城,临沂,二手房,解放路
A7135852451,1162421,浮来春公馆(别墅),临沂,二手房,北京路
A7466982765,991357,颐和嘉园,临沂,二手房,"书圣路,近北京东路"
A7427343319,677724,阳光翠湖嘉园,临沂,二手房,双月园路
A7451373360,678167,桃李花园,临沂,二手房,育才路
A7401273091,1410673,房源君悦华府,临沂,二手房,"祝丘路,近沂河路"
A7479122817,677741,龙泽国际,临沂,二手房,科技大道132号
A7443594057,676730,开元花半里,临沂,二手房,成都路
A7444801139,909866,龙凤花园,临沂,二手房,大青山路
A7385132310,1419891,天润香墅湾一号(公寓住宅),临沂,二手房,通达路
R4353025003691010,1380615,绿地紫峰公馆,临沂,二手房,"雄安大道,近汤河路"
A7450513364,1052574,焦庄佳园,临沂,二手房,清河北路
A7437937999,1001590,银盛泰博观新城(一期),临沂,二手房,"沂蒙路,近西安路"
A7444381447,1088103,宝德领航城,临沂,二手房,汤河路
A7464638635,677795,东旭第一城,临沂,二手房,金雀山东路
A7458272048,973231,邑东福邸,临沂,二手房,浚河路
A7286936320,1012033,伊丽莎白花漾,临沂,二手房,"合肥路,近滨河东路"
A7430175876,1183682,于泉尚城,临沂,二手房,通达路
A7405968827,1042472,中山名都,临沂,二手房,鸡龙河北路
A7404123795,973176,新华苑(兰山),临沂,二手房,海关路94号
A7425622435,677625,美华润景,临沂,二手房,工业街
A7467024344,677067,龙盛幸福里,临沂,二手房,宏大路
A7413109281,1087476,诚德翰林园,临沂,二手房,清河南路
A7397555384,940357,香港城(兰山),临沂,二手房,"顺河街,近蒙山大道"
A7476248968,1014919,宝德新里程,临沂,二手房,"琅琊王路,近金雀山路"
A7475443084,1440367,儒辰逸品公馆,临沂,二手房,"正阳路,近玉泉路"
A7479281255,677009,滨河国际,临沂,二手房,滨河路
A7451756327,1088115,荣盛凯恩花园,临沂,二手房,蒙山大道
A7467916894,1256982,九州唐樾,临沂,二手房,静海路
A7445227824,945165,长安国际,临沂,二手房,长安中路210号
A7454130428,1198619,临沂中心,临沂,二手房,上海路
A7332962126,677072,祥和家园(兰山),临沂,二手房,王庄路3号
A7457283246,1382671,东方悦澜湾,临沂,二手房,"北环路,近郯东路"
A7453882312,713729,三阳地产清华园,临沂,二手房,开阳路
A7473757297,678158,世纪福城A区,临沂,二手房,佳园路
A7413814679,677090,西张庄小区,临沂,二手房,育才路
A7459127387,713723,奥斯卡上品公馆,临沂,二手房,新华路
A7391884774,792843,城建时代庄园,临沂,二手房,北园路323号
A7088799213,1316365,鲁地德慧苑,临沂,二手房,师郯路
A7308403202,997935,沂河高都,临沂,二手房,"湖北路,近滨河路"
A7476200946,1384318,滨河阳光(兰陵),临沂,二手房,"文峰路,近滨河东路"
A7456653197,677971,龙门豪庭,临沂,二手房,和平路
A7464326030,1419891,天润香墅湾一号(公寓住宅),临沂,二手房,通达路
A7436519913,1275627,碧桂园凤凰壹品,临沂,二手房,"南京路,近沂蒙路"
A7467942440,1011242,荣盛蓝山郡,临沂,二手房,"金雀山路,近工业大道"
A7478410201,1048407,龙盛乾园,临沂,二手房,卧虎山路
A7083914401,766264,北园小区(兰山),临沂,二手房,北园路289号
A7344233976,713691,嘉益香槟城,临沂,二手房,兰山清河南路
A7421318229,992363,金盾中央公园,临沂,二手房,人民路11-1号
A7436630647,676731,新港龙庭,临沂,二手房,祝丘路
A7413147569,972695,龙泉嘉园,临沂,二手房,"人民路,近古城路"
A7302999815,677210,金阳花园,临沂,二手房,金雀山路
A7453532904,677097,涑河国际城A区,临沂,二手房,涑河北街
A7441018539,1052507,星河城,临沂,二手房,沂河路
A7383264503,1474255,御澜九府,临沂,二手房,"滨河路,近通达路"
A7461566130,677167,同心华府,临沂,二手房,水田路
A7450574022,677238,沂城花园,临沂,二手房,金雀山路
A7446519545,678344,名仕雅苑,临沂,二手房,香港路
A7479244051,792468,恒大华府,临沂,二手房,"孝河路,近成都路"
A7387650387,1059633,开元阳光里,临沂,二手房,金坛路
A7477676600,1470216,福宽广场,临沂,二手房,"浚河路,近龙石路"
R2902755059196929,1173647,鲁南新国际,临沂,二手房,蒙山大道
R3062827505688578,941707,豪森丽都,临沂,二手房,通达路
A7479522188,1491229,碧桂园城投翡翠外滩,临沂,二手房,滨河东路
A7479312093,676852,冠蒙六合御庭,临沂,二手房,"沂蒙路,近涑河北街"
A7476314407,676732,城市主人,临沂,二手房,北京路
A7371322502,1059283,荣盛沂河馨苑C区,临沂,二手房,智诚路
A7403505519,676846,诚德盛世华庭,临沂,二手房,金源路174号
A7455590881,1410671,宝德集美东方(公寓住宅),临沂,二手房,"沂河路,近祝丘路"
R1530783957394438,864367,柳溪美庐,临沂,二手房,南京路
R3495576910980103,1198609,天泰沂州府(别墅),临沂,二手房,滨河路
A7408889790,1194102,灏园,临沂,二手房,蒙河路
A7423102608,1050117,中梁壹号院,临沂,二手房,智圣路
A7314668522,713850,清馨家园,临沂,二手房,成才路149号
A7413808875,1233781,史丹利河东岸,临沂,二手房,延彦大街
A7447952123,1244288,新城福邸,临沂,二手房,会宝路
A7443755595,1008635,三众阳光100小区,临沂,二手房,"沂博路,近北一环路"
R3566033794638856,945721,东方名城,临沂,二手房,沂蒙山路
A7452400620,871671,阜丰康桥郡,临沂,二手房,汤河路
A7478506286,1187042,兰亭上城,临沂,二手房,苍山北路
A7467545225,678062,金碧花园,临沂,二手房,黄海西路119号
A7477890484,1008632,名仕佳苑,临沂,二手房,"隆山路,近洪石路"
A7273753783,972779,中暨沂河一英里,临沂,二手房,东兴路
A7474891099,678233,沂龙湾御园,临沂,二手房,北京路
A7425564544,1161326,新华府,临沂,二手房,新建路155号
A7478609269,972735,十里阳光,临沂,二手房,"沂河路,近祝丘路"
A7281160389,792467,滨河阳光(兰山),临沂,二手房,兰陵路
A7443726149,1854246,天元锦都上府,临沂,二手房,"东兴路,近海棠街"
A7324619344,973210,一品御墅,临沂,二手房,恒昌路
A7452117836,972903,傅屯嘉园,临沂,二手房,清河北路
A7476220479,1038557,三孔桥小区,临沂,二手房,"颜巷口街,近兰山路"
A7477793050,1008632,名仕佳苑,临沂,二手房,"隆山路,近洪石路"
A7471313425,1312734,德居一品(东区),临沂,二手房,"兵圣路,近算圣路"
A7444592848,1024247,开元华银四季城,临沂,二手房,"解放路,近工业大道"
A7286045413,972764,星空喜园,临沂,二手房,"文明路,近文化路"
A7389155413,678001,颐和御园,临沂,二手房,光明北路
A7449589940,1075586,南湖尚城,临沂,二手房,科技大道
A7462630113,1256982,九州唐樾,临沂,二手房,静海路
A7468698580,678234,新方嘉园,临沂,二手房,卧虎山路3号
A7438980993,1419891,天润香墅湾一号(公寓住宅),临沂,二手房,通达路
A7464627631,972770,雅禾华侨城,临沂,二手房,"十泉路,近西一路"
A7006886309,1054214,掌舵东岸日月城{公寓住宅),临沂,二手房,"长安路,近滨河东路"
R4139859385737227,1198609,天泰沂州府(别墅),临沂,二手房,滨河路
A7450854769,973238,银桥金居,临沂,二手房,解放东路
A7467205221,1479147,林庄御园D区,临沂,二手房,林安街
A7470405067,677772,滨江中央华府(罗庄),临沂,二手房,清河南路
A7458289068,972674,荣盛塞纳荣府,临沂,二手房,智圣路
A7449805111,1011242,荣盛蓝山郡,临沂,二手房,"金雀山路,近工业大道"
A7435500402,972665,金茂印象,临沂,二手房,"西一路,近十泉路"
A7133773106,972645,和美苑花园,临沂,二手房,"人民大街,近孝友路"
A7455968406,789054,圣兰菲诺(公寓住宅),临沂,二手房,算圣路
A7463768831,912584,龙腾华景,临沂,二手房,青杨路39号
A7478490909,677706,康桥丽都,临沂,二手房,宝泉路
A7386767043,973237,银河湾小区(费县),临沂,二手房,站前路
A7456554474,1425393,致远天宸府,临沂,二手房,湖东路
A7458503896,1204250,阜丰澜岸,临沂,二手房,上海路
A7434398523,1193511,舒格兰(二期),临沂,二手房,南京路
A7394278833,677588,鼓楼台小区,临沂,二手房,兰山路19号
A7418527897,1187583,雍和园,临沂,二手房,327国道
A7475462741,677007,水岸华庭(兰山),临沂,二手房,聚才路2号
A7427575345,973040,龙泉花园(兰陵),临沂,二手房,迎宾路
A7432584641,1073549,水岸华庭(沂水),临沂,二手房,腾飞路
A6981993416,993480,河湾社区,临沂,二手房,蒙阳路
A7333883505,677555,金雀新城(A区),临沂,二手房,金源路9号
A7474062806,1055338,金苑新都,临沂,二手房,东一环路
A7467696086,1186461,开元瑞都东区,临沂,二手房,文峰路
A7418367696,1314669,中国院子(公寓住宅),临沂,二手房,滨河东路
A7272738853,972720,青年宜居,临沂,二手房,"南京路,近孝河路"
A7444637967,972982,金泰华府(北区),临沂,二手房,"沂州路,近平安路"
A7300317564,678063,裕隆嘉园(黄海路),临沂,二手房,黄海路
A7385576950,973152,万图海德公馆,临沂,二手房,文峰路
A7468561843,1179519,史丹利四季长安(公寓住宅),临沂,二手房,长安路
A7417605070,678344,名仕雅苑,临沂,二手房,香港路
A7400434956,1186475,锦程华府,临沂,二手房,鲁公路
A7467086174,1393748,明悦郡,临沂,二手房,"罗六路,近双月湖前路"
A7443466391,1384318,滨河阳光(兰陵),临沂,二手房,"文峰路,近滨河东路"
A7416977183,1131057,滨河名邸,临沂,二手房,香港路
A7339818329,678063,裕隆嘉园(黄海路),临沂,二手房,黄海路
A7412290645,676836,恒基佳园,临沂,二手房,绣花城路
A7301289946,1087486,万图水岸经典,临沂,二手房,229省道
A7467640727,973086,荣盛沂河馨苑(B区),临沂,二手房,智圣路
A7449775766,909611,泷璟,临沂,二手房,"卧虎山路,近沂山路"
A7410798671,1161011,凤凰郡,临沂,二手房,正大街
A7386656023,1376776,宝德熙园,临沂,二手房,"兴隆路,近清河北路"
A7373420385,678161,家天下(兰陵),临沂,二手房,滨河西路
A7419596934,677625,美华润景,临沂,二手房,工业街
A6974825355,677625,美华润景,临沂,二手房,工业街
A7326250051,678042,滨水雅园,临沂,二手房,金花路
A7391277408,678063,裕隆嘉园(黄海路),临沂,二手房,黄海路
A7420068923,676888,金鼎花园,临沂,二手房,沂蒙路
A7458555065,1179514,市委大院,临沂,二手房,沂蒙路219号
A7473788093,677843,盛世花城,临沂,二手房,滨河东路
A7439910695,1048407,龙盛乾园,临沂,二手房,卧虎山路
A7476924062,678331,祥园,临沂,二手房,黄白河路
A7448791154,973218,沂景华庭,临沂,二手房,滨河路
A7478475706,972597,安嘉花雨馨,临沂,二手房,"朝阳路,近滨河东路"
A7336170874,678272,金达华府,临沂,二手房,张南路
A7479268429,678263,柳青齐鲁园,临沂,二手房,兰亭路
A7463757388,1082967,京汇菁华园,临沂,二手房,科技大道
A7448169905,1188338,城投柳青玺悦,临沂,二手房,汤河路
A7448183415,677546,金道御园,临沂,二手房,临西九路
A7428420231,972630,丰泽缇香府,临沂,二手房,"通达南路,近双月北路"
A7471245379,676895,泰和花园(东区),临沂,二手房,涑河北街
A7471283331,954714,华润书香府,临沂,二手房,沂河路
A7458187607,1179509,古城社区南B区,临沂,二手房,南昌路
A7385640284,677902,豪森华府,临沂,二手房,人民大街999号
A7393472511,1178661,文创园,临沂,二手房,连荷线
A7427581139,677157,兴盛小区,临沂,二手房,银雀山路
A7427448529,972654,环球金水湾,临沂,二手房,"长沙路,近温良河路"
R4441315596708875,1432984,贵人铂悦府,临沂,二手房,"兴大东街,近薛疃路"
A6765558432,1441014,史丹利十里江湾,临沂,二手房,"沈阳路,近滨河东路"
A7446122711,1186473,阜丰时代城锦园,临沂,二手房,北二路
R4474976254338054,973109,书香佳园,临沂,二手房,叠翠路80号
A7371634958,677525,曹家王庄小区(东区),临沂,二手房,"工业大道,近水田路"
A7289754310,972796,盈科嘉园,临沂,二手房,"长沙路,近温凉河路"
A7464804699,973232,银城花园,临沂,二手房,南外环路
A7338942995,945146,颐兴园,临沂,二手房,"桃源街,近智圣路"
A7459998361,1295651,城投首府,临沂,二手房,西城三路
A7477794530,1008632,名仕佳苑,临沂,二手房,"隆山路,近洪石路"
A7405771428,1023774,恒大中央广场,临沂,二手房,"通达路,近桃园路"
A7454779756,972721,青啤早安时区,临沂,二手房,"滨河路,近沂河路"
R2185972069850120,973209,一品尚都,临沂,二手房,郯东路
A7223132396,790445,深莞城,临沂,二手房,沂河路19号
A7437947098,1005125,颐高上海街(二期),临沂,二手房,"沂蒙北路,近上海路"
A7473904308,972703,贵和美景华庭,临沂,二手房,"双月园路,近通达南路"
A7479360716,973284,海润尚东国际(北区),临沂,二手房,"青援路,近北一环路"
A7420397053,677996,景钰嘉园(西区),临沂,二手房,苍山北路
A7083847390,973116,水榭华庭,临沂,二手房,清河北路
A7479291912,1061521,书香尚城,临沂,二手房,陶然北路
A7256691400,1160573,奥正诚园,临沂,二手房,滨河东路
A7478626928,1386545,利城首府,临沂,二手房,"利城大街,近中山北路"
A7363864685,677706,康桥丽都,临沂,二手房,宝泉路
A7473635405,973240,银星华府,临沂,二手房,富民路16号
A7468557424,1081718,朝阳家园,临沂,二手房,建设路
R3755997402308622,677097,涑河国际城A区,临沂,二手房,涑河北街
A7459852958,972637,广夏兰都,临沂,二手房,"朝阳路,近人民路"
R4547698351463431,1052165,文心园,临沂,二手房,正阳路
A7422124071,1410672,韵皓圣廷苑,临沂,二手房,"湖北路,近湖东二路"
A7447558724,677660,宝翠园,临沂,二手房,罗六路
A7479451544,940147,恒大翡翠华庭,临沂,二手房,"长沙路,近沂蒙路"
A7430079488,1007303,鼎峰新立方,临沂,二手房,"沂蒙路,近北京路"
A7440142614,676842,阳光高第,临沂,二手房,金源路159号
A7440268605,973225,怡景园(平邑),临沂,二手房,银花路
A7449525507,677995,临沭第一城,临沂,二手房,苍山南路
A7283217947,713708,万阅城,临沂,二手房,新华路
A7440111994,972986,金信融城,临沂,二手房,"成都路,近沂蒙路"
R3480321327996932,973016,兰山小区,临沂,二手房,顺和街
A7223156368,972645,和美苑花园,临沂,二手房,"人民大街,近孝友路"
A7478574831,677609,阳光新苑,临沂,二手房,双月湖路
A7470370849,1198336,金麟嘉园,临沂,二手房,湖北路
A7466991348,972838,八一小区,临沂,二手房,解放路167号
A7385443685,1066632,金泰瑞府,临沂,二手房,南京路
A7328882114,997935,沂河高都,临沂,二手房,"湖北路,近滨河路"
A7365423011,677927,西城印象小区,临沂,二手房,昌盛路
A7442887413,678196,蓝湖国际,临沂,二手房,泉山路
A7408890034,1194102,灏园,临沂,二手房,蒙河路
A7448097728,972674,荣盛塞纳荣府,临沂,二手房,智圣路
A7435024333,972740,天宝花园,临沂,二手房,"金花路,近蒙阳路"
A7445138327,1527674,临矿玖府,临沂,二手房,"罗程路,近罗三路"
A7148572271,972666,金水河畔,临沂,二手房,"广州路,近温凉河路"
A7422096301,1082975,东方御龙佳园,临沂,二手房,郯东路
A7458413420,1202239,天祥家园,临沂,二手房,莲花山路
A7444409472,677546,金道御园,临沂,二手房,临西九路
A7451319164,1019748,莲花新城,临沂,二手房,"莲花山路,近北岭街"
A7422057841,713691,嘉益香槟城,临沂,二手房,兰山清河南路
R4330387964386319,972697,泷璟(别墅),临沂,二手房,"卧虎山路,近沂山路"
A7439055614,677167,同心华府,临沂,二手房,水田路
A7479305410,973190,星河上城,临沂,二手房,朝阳路
A7330765061,1214944,相公奥达花园,临沂,二手房,北京东路
A7435182727,972634,阜丰时代城曦园,临沂,二手房,"隆山路,近鸡龙河北路"
A7449103302,1156542,理工学府(A区)(1-9号楼),临沂,二手房,东外环1号
A7467636287,677798,阳光水岸,临沂,二手房,滨河东路
A7475349201,1303120,沂河璟城,临沂,二手房,科技大道
A7445285524,1047679,恒德湖光山色,临沂,二手房,通达南路267号
A7348658433,678210,曲沂社区(D区),临沂,二手房,"济南路,近大青山路"
A7465423303,972723,群星家园,临沂,二手房,"中心南街,近腾飞路"
A7429172564,1486371,泰鲁时代城(公寓住宅),临沂,二手房,"双岭路,近王庄路"
A7469760463,676858,杏坛中心城,临沂,二手房,沂蒙路
A7449812280,1514577,紫云府,临沂,二手房,"临工路,近李公河路"
A7437388602,912196,地王银雀华府,临沂,二手房,琅琊王路
A7283568491,678230,沂龙湾龙园,临沂,二手房,北京路
A7318849221,1263238,慧谷星岸,临沂,二手房,"人民大街,近滨河东路"
A7082967302,1474255,御澜九府,临沂,二手房,"滨河路,近通达路"
A7479361046,945727,华信国际,临沂,二手房,"北一环路,近沂博路"
A7447165634,872660,盛德桂园,临沂,二手房,"沂河路,近海关路"
A7477826100,973039,龙泉花园(莒南),临沂,二手房,西环路
A7336148352,972830,爱伦坡(别墅),临沂,二手房,广州路
A7391822805,1187551,大名城(北区),临沂,二手房,"双城路,近滨河东路"
A7364921317,973088,如意家园(沂水),临沂,二手房,中心街
A7445599761,1473465,创远金樾府,临沂,二手房,"聚才路,近王庄路"
A7454789562,677019,诚德桑提亚纳,临沂,二手房,中丘路
A7463640702,1667757,碧桂园翡丽之光景悦,临沂,二手房,军民路
A7416865839,1047679,恒德湖光山色,临沂,二手房,通达南路267号
A7454867195,677641,金湖新村,临沂,二手房,开元路
A7395216025,945206,山水文园,临沂,二手房,荆山路
A7459329204,1386532,史丹利景城花园(莒南),临沂,二手房,"洪石路,近天桥路"
A7473977264,972723,群星家园,临沂,二手房,"中心南街,近腾飞路"
A7438103274,1376769,润地新城(公寓住宅),临沂,二手房,"科技路,近沂河路"
A7438040986,678258,光耀陶朱公,临沂,二手房,滨河路
A7461509735,676858,杏坛中心城,临沂,二手房,沂蒙路
A7356907058,1000617,世纪新筑(别墅),临沂,二手房,兰陵路
A7442505139,1187583,雍和园,临沂,二手房,327国道
A7465117192,676842,阳光高第,临沂,二手房,金源路159号
A7429354254,973094,山水绿城,临沂,二手房,南外环路
A7403432309,1135225,宜居花园,临沂,二手房,临西十二路
A7441069270,973239,银雀苑,临沂,二手房,沂蒙路
A7426370719,677012,意林小镇,临沂,二手房,秀水路
A7403070048,1183678,锦绣华庭(罗庄)(二期),临沂,二手房,清河南路
A7478665717,783035,浮来春公馆,临沂,二手房,北京路
A7450482838,864367,柳溪美庐,临沂,二手房,南京路
R4374694520728578,677567,桃花涧小区,临沂,二手房,沂州路177号
A7457631642,1179507,阜丰时代城荣园,临沂,二手房,隆山路
R2878244221985804,677167,同心华府,临沂,二手房,水田路
A7369568143,1008630,银座中心,临沂,二手房,解放路66号
A7457688708,713715,华强领秀城,临沂,二手房,解放路
R2504336112133125,677986,北城花园,临沂,二手房,沭河大街
A7439802698,1024247,开元华银四季城,临沂,二手房,"解放路,近工业大道"
A7423212442,1233781,史丹利河东岸,临沂,二手房,延彦大街
A7370625737,713690,后园小区(B区),临沂,二手房,巴腊庙街
A7479402696,923072,万城花开(兰山),临沂,二手房,"南京路,近马陵山路"
A7466134835,924678,宝丽盛世阳光,临沂,二手房,"罗六路,近湖北路"
A7405985821,677965,建馨嘉苑,临沂,二手房,马陵路1号
A7392353570,1066633,金泰瑞府(别墅),临沂,二手房,南京路
A7479164194,1046907,沂景花园,临沂,二手房,建设西路
A7470241387,766265,纽约上城,临沂,二手房,北园路
A7460930351,945726,兴沂金梦圆,临沂,二手房,健康路6号
R4618470470474766,938439,冠蒙阳光新城,临沂,二手房,开阳路
A7436514604,1050117,中梁壹号院,临沂,二手房,智圣路
A7462452759,972947,惠民新苑,临沂,二手房,南外环路
A7475212988,945165,长安国际,临沂,二手房,长安中路210号
A7455614215,972637,广夏兰都,临沂,二手房,"朝阳路,近人民路"
A7421269543,1009145,华润凯旋门,临沂,二手房,开阳路19号
A7478553498,1045640,冠蒙时代花园,临沂,二手房,解放路
A7370531845,993480,河湾社区,临沂,二手房,蒙阳路
A7442735321,1010846,丰源新区,临沂,二手房,聚才八路
A7039718210,1190483,商谷智慧城(商住楼),临沂,二手房,临西十路
R4414078905412611,993480,河湾社区,临沂,二手房,蒙阳路
A7403306004,1088814,沂州古城,临沂,二手房,南京路
A7451626863,1187592,明德花园北区,临沂,二手房,"明德路,近兴水路"
A7340528013,676861,鲁商凤凰城,临沂,二手房,涑河北街3号
A7470670989,1410687,阜丰时代广场,临沂,二手房,"新建路,近华鲁街"
A7465558220,1073549,水岸华庭(沂水),临沂,二手房,腾飞路
A7459355800,1187584,银都府邸,临沂,二手房,"银花路,近滨河西路"
A6788603965,1010266,鸿儒国际,临沂,二手房,"双岭路,近工业大道"
A7371252592,781049,秀水雅苑小区,临沂,二手房,"秀水路,近济南路"
A7460746782,1382689,史丹利文慧园(郯城),临沂,二手房,孔望山路17号
A7431184661,972757,新区绿城,临沂,二手房,"文峰路,近桃李路"
A7128076350,992363,金盾中央公园,临沂,二手房,人民路11-1号
A7473653184,1190503,涑河国际城B区,临沂,二手房,涑河北街
A7445749255,1073565,教授花园(沂水),临沂,二手房,沂河大道82号
A7131715434,1108599,天翔雅苑,临沂,二手房,李公街
A7447505515,1244288,新城福邸,临沂,二手房,会宝路
A7382283118,676642,金玉山世纪花园,临沂,二手房,陶然路115号
R1967947050951691,676985,开阳名居,临沂,二手房,开阳路
A7460753544,954714,华润书香府,临沂,二手房,沂河路
A7426569864,676631,颐龙恒泰,临沂,二手房,金源路32号
A7418303497,1030902,富林小镇,临沂,二手房,"化武路,近琅琊王路"
A7458335096,1054478,海联江山里,临沂,二手房,长安路
A7456732765,1139266,阳光滨河尚都,临沂,二手房,罗程路
A7363892258,1005126,颐高上海街(三期),临沂,二手房,"沂蒙北路,近天津路"
A7399390454,767016,联安现代城,临沂,二手房,沂州路
A7436589030,1180815,开元状元府,临沂,二手房,东升路
A7416946612,1087454,翰林国府,临沂,二手房,佳园路
R2017275484496897,1173555,宝丽财富广场,临沂,二手房,开元路
A7446296236,1062982,兰苑小区,临沂,二手房,银雀山路190号
A7462481258,993481,浚东社区,临沂,二手房,滨河西路
A7332781596,945146,颐兴园,临沂,二手房,"桃源街,近智圣路"
A7455749135,677961,中央华庭,临沂,二手房,文化路
A7426621056,767016,联安现代城,临沂,二手房,沂州路
A7390277017,678263,柳青齐鲁园,临沂,二手房,兰亭路
R4616338690352136,1190502,双和花园里,临沂,二手房,清河南路
A7465385718,973230,邑博园,临沂,二手房,西环一路
A7313473795,677250,银雀尚城,临沂,二手房,琅琊王路
A7328424537,678344,名仕雅苑,临沂,二手房,香港路
A7437130068,1590886,青啤御棠府,临沂,二手房,"滨河路,近湖北路"
A7429392892,1244288,新城福邸,临沂,二手房,会宝路
A7429431041,926232,魅力之城,临沂,二手房,沃尔沃路
A7432768558,972699,鲁商金悦城,临沂,二手房,金雀山路154号
A7458215748,677932,尚城嘉苑,临沂,二手房,北环路157号
A7442049013,677616,景泰金湖明珠,临沂,二手房,罗六路
A7329911915,678211,朴园,临沂,二手房,"沭河路,近济南路交回"
A7472923862,677741,龙泽国际,临沂,二手房,科技大道132号
A7458410189,1054478,海联江山里,临沂,二手房,长安路
A7475208100,677612,美华金地嘉园,临沂,二手房,工业路
R2755083174878212,1010266,鸿儒国际,临沂,二手房,"双岭路,近工业大道"
R2524168389877773,792842,林庄御园B区,临沂,二手房,林丰街
A7462709943,1052574,焦庄佳园,临沂,二手房,清河北路
A7449667331,677108,涑河城邦,临沂,二手房,顺和街
A6946092809,1159018,宝德和园,临沂,二手房,南坪街
A7458130852,973076,清华园(兰陵),临沂,二手房,金盾路
A7427977492,677603,天顺家园,临沂,二手房,新华路
A7425581333,972626,盛世嘉苑小区,临沂,二手房,"西外环路,近建设路"
A7356941571,678309,京韵园,临沂,二手房,沭河路
A7465499903,972986,金信融城,临沂,二手房,"成都路,近沂蒙路"
A7434342774,676851,金泰华城,临沂,二手房,北园路399号
A7477884039,676890,富民小区(兰山),临沂,二手房,兰山路121号
A7450617021,677478,荣华园(兰山区),临沂,二手房,银雀山路
A7339665299,972845,宝丽阳光国际,临沂,二手房,双月湖路
A7451342310,1380499,万城瑞府,临沂,二手房,"西五路,近北环路"
A7406685889,1188339,城投柳青玺悦(别墅),临沂,二手房,汤河路
A7368236788,972654,环球金水湾,临沂,二手房,"长沙路,近温良河路"
A6835753142,677036,开元帕缇欧,临沂,二手房,祝丘路30号
A7371195811,1067582,福润家园,临沂,二手房,临西九路
A7260383326,943321,荣盛沂河馨苑(A区),临沂,二手房,凤仪街
A7406050681,972720,青年宜居,临沂,二手房,"南京路,近孝河路"
A7445463072,1265103,碧桂园滨江学府,临沂,二手房,合肥路
A7463296655,677937,墨泉世家,临沂,二手房,文化路
A7155972472,923071,豪森名邸,临沂,二手房,成都路
A7392105233,938791,城建锦绣城,临沂,二手房,中丘路
A7477933520,973152,万图海德公馆,临沂,二手房,文峰路
A7431667817,677241,金雀花苑,临沂,二手房,金雀山路
A7198941936,677627,宝丽凤凰城,临沂,二手房,科技大道
A7451595994,993481,浚东社区,临沂,二手房,滨河西路
A7449750658,1289921,广厦兰都,临沂,二手房,人民路老体委
A7464521770,1055573,玉龙园,临沂,二手房,东一环路
R2973045730106368,713684,金雀山小区(北区),临沂,二手房,陵园前街
A6784493522,1011242,荣盛蓝山郡,临沂,二手房,"金雀山路,近工业大道"
A7457535872,972755,香缇郡,临沂,二手房,"滨河东路,近桃源街"
A7445330039,973187,信合家园(沂水),临沂,二手房,裕丰路
A7382140514,1107255,和谐家园(罗庄),临沂,二手房,湖北路
A7463495871,1009145,华润凯旋门,临沂,二手房,开阳路19号
A7428344749,1380500,城建锦绣府,临沂,二手房,"中丘路,近五号路"
A7432434559,972665,金茂印象,临沂,二手房,"西一路,近十泉路"
A7425525628,1204250,阜丰澜岸,临沂,二手房,上海路
A7373681487,1380500,城建锦绣府,临沂,二手房,"中丘路,近五号路"
A7370396678,1087460,龙湾一品,临沂,二手房,鑫华西路
A7420657143,1047679,恒德湖光山色,临沂,二手房,通达南路267号
A7382366305,713721,福源家园,临沂,二手房,滨河路
A6873364010,1198609,天泰沂州府(别墅),临沂,二手房,滨河路
A7397555243,677795,东旭第一城,临沂,二手房,金雀山东路
A7454840403,676890,富民小区(兰山),临沂,二手房,兰山路121号
A7393079348,677015,致远海上传奇,临沂,二手房,滨河东路18号
A7462456830,1088103,宝德领航城,临沂,二手房,汤河路
A7372023294,677108,涑河城邦,临沂,二手房,顺和街
R4171994329340942,1477427,鲁邦华府(平邑),临沂,二手房,"温凉河路,近红山路"
A7306489305,1073568,香醍荣府,临沂,二手房,广州路1号
A7360927546,677241,金雀花苑,临沂,二手房,金雀山路
A7232182548,1190502,双和花园里,临沂,二手房,清河南路
A7422053045,909866,龙凤花园,临沂,二手房,大青山路
A7477761576,676893,蓝湾国际A区,临沂,二手房,东岳庙街56号
A7308166716,1491600,金都上城,临沂,二手房,淮海路
A7478537260,940147,恒大翡翠华庭,临沂,二手房,"长沙路,近沂蒙路"
A7288916755,766733,天泰华府(南区),临沂,二手房,天津路
A7468837888,676883,金茂花园,临沂,二手房,上海路
A7427377971,1088103,宝德领航城,临沂,二手房,汤河路
A7458302144,677842,褚庄小区汇银苑,临沂,二手房,解放东路
A7438238695,972602,宝丽悦府,临沂,二手房,"宝泉路,近开元路"
A7440160559,713732,百联华府,临沂,二手房,府左路
A7378307092,677695,圣奥名门,临沂,二手房,湖东路
A7434463956,1380498,豪森铂悦,临沂,二手房,"人民大街,近华龙路"
A7425786410,973128,郯城花苑,临沂,二手房,建设路32号
A7283177874,676630,金鹰花园,临沂,二手房,八一路
A7416966561,1667235,龙樾府,临沂,二手房,"湖北路,近火炬路"
A7398207233,1087448,绿地佳园,临沂,二手房,顺和路
A7473690059,1386545,利城首府,临沂,二手房,"利城大街,近中山北路"
A7478385991,676964,银河湾,临沂,二手房,算圣路
A7440973899,713679,后园馨园D区,临沂,二手房,滨河路
A7412318448,678062,金碧花园,临沂,二手房,黄海西路119号
A7445332163,945213,御龙湾,临沂,二手房,小沂河北路
A7357018086,1388617,城开尚苑,临沂,二手房,"工业大道,近解放路"
A7451625656,943576,鸿润佳园,临沂,二手房,罗三路
A7442893577,1020108,园丁福城(B区),临沂,二手房,佳园路
A7381195505,972845,宝丽阳光国际,临沂,二手房,双月湖路
A7458278539,1380499,万城瑞府,临沂,二手房,"西五路,近北环路"
A7444351897,973144,外滩明珠,临沂,二手房,滨河路
A7428472096,677637,护台小区,临沂,二手房,护台路3号
A7474494076,1235215,杜三岗幸福社区,临沂,二手房,工业大道
A7286810873,1235215,杜三岗幸福社区,临沂,二手房,工业大道
A7396298270,1625065,儒辰金邑樾府,临沂,二手房,"滨河东路,近黄金路"
A7479339062,1186417,砚台岭社区B区,临沂,二手房,临西十路
A7203167398,677909,皇山别墅,临沂,二手房,长安路
R2710173131250701,713740,鼎鑫佳园,临沂,二手房,顺和街4号
A7444627317,972785,阳光新城(沂水),临沂,二手房,"东一环路,近沂蒙山东路"
A7346447536,677741,龙泽国际,临沂,二手房,科技大道132号
A7477864756,1008634,杏坛书香,临沂,二手房,鑫河路
A7425585616,923071,豪森名邸,临沂,二手房,成都路
A7466148058,676742,五里堡苹果园小区,临沂,二手房,开阳路71号
A7382622165,1102641,裕原凤凰诚,临沂,二手房,南外环路
A7393794338,1077760,杨庄社区滨河金苑D区,临沂,二手房,顺和路
A7456364718,972748,万象阳光城,临沂,二手房,"利民街,近阳光北路"
A7477244705,676831,生资小区(兰山区),临沂,二手房,洗砚池街
A7384405926,678030,美丽园,临沂,二手房,朝阳路
A7474795659,945720,绿城花园,临沂,二手房,"长安北路,近北一环路"
A7366966747,678309,京韵园,临沂,二手房,沭河路
A7456516615,677772,滨江中央华府(罗庄),临沂,二手房,清河南路
A7456536565,1198336,金麟嘉园,临沂,二手房,湖北路
A7391115208,1042472,中山名都,临沂,二手房,鸡龙河北路
R3928616834853888,676860,观蒙雅园,临沂,二手房,涑河北街89号
A7442700599,1233781,史丹利河东岸,临沂,二手房,延彦大街
R4560986828381184,973210,一品御墅,临沂,二手房,恒昌路
A7439073081,1010264,安泰金升华府,临沂,二手房,"长沙路,近沂蒙路"
A7406795455,973146,万基幸福小镇,临沂,二手房,"沂河路,近香港路"
A7400438287,973144,外滩明珠,临沂,二手房,滨河路
A7426581455,677599,美华新村,临沂,二手房,罗七路26号
R4066397837499398,1230528,龙盛幸福居,临沂,二手房,涑河北街
A7474767662,1204250,阜丰澜岸,临沂,二手房,上海路
A7278434983,677015,致远海上传奇,临沂,二手房,滨河东路18号
A7474648416,1512644,蓝钻瑞府,临沂,二手房,"金花路,近蒙山大道"
A7368682717,677957,一品澜湾小区,临沂,二手房,郯东路172号
A7443805383,945720,绿城花园,临沂,二手房,"长安北路,近北一环路"
A7439692295,973268,中央华府(公寓住宅),临沂,二手房,浚河路86号
A7458505078,973231,邑东福邸,临沂,二手房,浚河路
A7464539326,678347,浙景玫瑰园,临沂,二手房,沃尔沃路
A7463496751,943576,鸿润佳园,临沂,二手房,罗三路
A7175012981,678202,金猴北城名居,临沂,二手房,天津路
A7352110417,1399780,万城春暖花开(公寓住宅),临沂,二手房,"滨河西路滨河西路,近湖北路"
A7428515897,677588,鼓楼台小区,临沂,二手房,兰山路19号
R2556952895708164,973125,泰亨花园,临沂,二手房,银雀山路
A7432818054,1002818,房源印象,临沂,二手房,开源路152号
A7458584372,972674,荣盛塞纳荣府,临沂,二手房,智圣路
A7460800891,973237,银河湾小区(费县),临沂,二手房,站前路
A7430039202,972711,平安华府,临沂,二手房,羲之路159-1号
A7358278111,677044,沂河花园(兰山),临沂,二手房,中丘路4号
A7422184555,677603,天顺家园,临沂,二手房,新华路
A7457496111,1067126,远州杰座,临沂,二手房,"香港路,近沈阳路"
A7438939710,1201149,汇铭文苑,临沂,二手房,湖北路
A7409800577,1667757,碧桂园翡丽之光景悦,临沂,二手房,军民路
A7358912015,923075,开元上府,临沂,二手房,"即丘路,近平安路"
A7478637581,677938,平安悦城(郯城),临沂,二手房,郯东路112号
A7304094894,1181325,开元上郡,临沂,二手房,中央大街
A7405806174,713746,临沂铁路新村,临沂,二手房,八一路239号
A7254071389,1088124,掌舵龙湖,临沂,二手房,湖北路
A7432450555,677843,盛世花城,临沂,二手房,滨河东路
A7456458196,993477,南马社区,临沂,二手房,银花路
A7467583546,1045640,冠蒙时代花园,临沂,二手房,解放路
A7408083515,1314667,海博壹江阅,临沂,二手房,"临工路,近滨河东路"
A7406042599,792843,城建时代庄园,临沂,二手房,北园路323号
R1706197298307072,1156542,理工学府(A区)(1-9号楼),临沂,二手房,东外环1号
A7271101364,677050,龙河湾,临沂,二手房,清河北路
A7449042568,677843,盛世花城,临沂,二手房,滨河东路
A7400362868,678173,东方丽景,临沂,二手房,文峰路
A7445422313,1179519,史丹利四季长安(公寓住宅),临沂,二手房,长安路
A7472222505,678059,明德花园南区(平邑),临沂,二手房,西环一路
A7406872377,678028,万家福花园,临沂,二手房,银花路
A7478780303,972825,东方御景(沂南),临沂,二手房,历山路99号
A7425571008,973268,中央华府(公寓住宅),临沂,二手房,浚河路86号
A7458291718,677971,龙门豪庭,临沂,二手房,和平路
A7243473738,677158,淮海御景湾,临沂,二手房,滨河路2号
A7453539060,1432984,贵人铂悦府,临沂,二手房,"兴大东街,近薛疃路"
A7407693390,973019,蓝钻庄园(平邑),临沂,二手房,新枣路
A7460959061,991357,颐和嘉园,临沂,二手房,"书圣路,近北京东路"
A7311845798,677067,龙盛幸福里,临沂,二手房,宏大路
A7375354221,713709,金润花园,临沂,二手房,蒙河路
A7356859051,972830,爱伦坡(别墅),临沂,二手房,广州路
A7275695666,863269,荣盛华府,临沂,二手房,滨河路
A7460100785,677938,平安悦城(郯城),临沂,二手房,郯东路112号
A7472165763,973240,银星华府,临沂,二手房,富民路16号
A7433328430,1401078,盛世华府(郯城),临沂,二手房,师郯路155号
A7362831837,1018018,金润商务大厦,临沂,二手房,"解放路,近开源路"
A7381172337,1471075,卢浮公馆,临沂,二手房,"滨河路,近沂河路"
R4516652953494534,1370377,三众十里阳光,临沂,二手房,长安南路33号
R4539839095172097,973216,青啤沂河美域,临沂,二手房,滨河路
R4268505847799809,677228,豪情花园,临沂,二手房,平安路
A7440836307,1018019,意林公馆,临沂,二手房,秀水路
A7475394176,1046907,沂景花园,临沂,二手房,建设西路
A7403168453,972943,皇山花园(三期),临沂,二手房,四平路
A7473801548,972741,天基黄金水岸,临沂,二手房,"滨河路,近银雀山路"
A7464297238,1501445,儒辰璟宸御园,临沂,二手房,"双月湖路,龙腾路"
A7443639727,945212,沂河明珠,临沂,二手房,"正阳路,近小沂河南路"
A7410858883,973094,山水绿城,临沂,二手房,南外环路
A7476328782,1087443,银丰公馆,临沂,二手房,清河南路
A7444780732,972926,红盾花园,临沂,二手房,大青山路
A7469670486,676848,泉府公馆,临沂,二手房,沂蒙路
A7444646051,1085915,天元锦都上城,临沂,二手房,北京东路
A7471619040,1046633,临沂大学宿舍区(南),临沂,二手房,启阳路72号
A7474817337,1527674,临矿玖府,临沂,二手房,"罗程路,近罗三路"
A7458982568,677843,盛世花城,临沂,二手房,滨河东路
A7338929093,1007303,鼎峰新立方,临沂,二手房,"沂蒙路,近北京路"
A7349486439,677831,水岸澜庭,临沂,二手房,顺和路
A7386949899,677902,豪森华府,临沂,二手房,人民大街999号
A7392316907,1010264,安泰金升华府,临沂,二手房,"长沙路,近沂蒙路"
A7474224229,972885,东方小区,临沂,二手房,裕丰路
A7436621191,677122,金巍小区,临沂,二手房,育才路
R1811697131347977,997764,外滩香格里拉,临沂,二手房,聚才路2号
A7473939912,1001590,银盛泰博观新城(一期),临沂,二手房,"沂蒙路,近西安路"
A7475777572,677071,嘉益台北新城,临沂,二手房,启阳路
A7387634139,1376776,宝德熙园,临沂,二手房,"兴隆路,近清河北路"
A7467023170,677831,水岸澜庭,临沂,二手房,顺和路
A7319032581,1052574,焦庄佳园,临沂,二手房,清河北路
A7478661882,1074582,书苑府邸(一期东区),临沂,二手房,师郯路6号
A7428227260,1132508,滨河花苑,临沂,二手房,合肥路
A7459391214,677625,美华润景,临沂,二手房,工业街
A7437887116,677012,意林小镇,临沂,二手房,秀水路
A7457390242,1437434,开元尚城,临沂,二手房,"育才路,近迎宾路"
A7440728763,713827,兰亭凤栖苑,临沂,二手房,金雀山路
A7477136503,677965,建馨嘉苑,临沂,二手房,马陵路1号
A7313548439,1187039,香水郡,临沂,二手房,清河南路1号
A7452179886,1425393,致远天宸府,临沂,二手房,湖东路
A7477772724,972924,恒弘城,临沂,二手房,双岭路
A7413220370,1020107,园丁福城(A区),临沂,二手房,兰陵路
A7380180962,1203464,奥德天玺,临沂,二手房,北京东路
A7453549608,972885,东方小区,临沂,二手房,裕丰路
A7374523944,677559,清泉小区,临沂,二手房,沂州路
A7403061207,677067,龙盛幸福里,临沂,二手房,宏大路
A7413002261,973151,万通盛世馨园,临沂,二手房,通达南路
A7340561945,678258,光耀陶朱公,临沂,二手房,滨河路
A7388966513,973283,玉兰山庄,临沂,二手房,"府兴路,近蒙山路"
A7425747722,973269,中苑小区,临沂,二手房,清河北路
A7467890818,972644,翰林庄园,临沂,二手房,"聚才七路,近临西九路"
A7386292833,973002,景城花园(费县),临沂,二手房,政通路251号
A7406931058,972766,杏林御园,临沂,二手房,"振兴北路,近沭河西大街"
A7440175112,973225,怡景园(平邑),临沂,二手房,银花路
A7413969065,1314668,中国院子(别墅),临沂,二手房,滨河东路
A7467900250,1189605,郯子湖小区,临沂,二手房,环湖南路6号
A7368138767,678331,祥园,临沂,二手房,黄白河路
A7447506949,1190505,华前广场富华小区(B区),临沂,二手房,通达路161号
A7461844578,677936,龙域中央小区,临沂,二手房,郯东路
A7469393154,1178661,文创园,临沂,二手房,连荷线
A7429514504,677122,金巍小区,临沂,二手房,育才路
A7401456623,1521317,中海熙园,临沂,二手房,"沂蒙路,近沂河路"
A7477860767,1440367,儒辰逸品公馆,临沂,二手房,"正阳路,近玉泉路"
A7464365324,1087472,恒通佳园,临沂,二手房,"蒙山北路,近武汉路"
A7336966517,678257,齐鲁园,临沂,二手房,天津路
A7467033786,1496459,郯城第一中学家属楼,临沂,二手房,郯西路18号
A7425808208,677973,常林御园,临沂,二手房,常林西大街
A7317847208,1505467,绿地玉晖公馆,临沂,二手房,"汤河路,近文化路"
A7455629895,1171691,莒南阳光国际小区,临沂,二手房,镇中路
A7404148306,1854246,天元锦都上府,临沂,二手房,"东兴路,近海棠街"
A7260507671,938790,博雅新苑,临沂,二手房,中丘路23号
A7449379355,677210,金阳花园,临沂,二手房,金雀山路
A7462526017,913066,旭洋城市风景,临沂,二手房,通达路
A6957013615,972822,澜泊湾御玺(澜泊湾四期),临沂,二手房,"祊河路,近柳青河西路"
A7439696883,677927,西城印象小区,临沂,二手房,昌盛路
A7472435472,1033014,保利堂悦,临沂,二手房,"长沙路,近马陵山路"
A7431905723,1087448,绿地佳园,临沂,二手房,顺和路
A7403344608,972712,平等花园,临沂,二手房,烟墩街99号
A7426720596,1019748,莲花新城,临沂,二手房,"莲花山路,近北岭街"
R2592643455573007,677933,景都国际,临沂,二手房,郯东路
A7470430160,972924,恒弘城,临沂,二手房,双岭路
A7348702659,1088106,费县书香雅苑,临沂,二手房,东外环路
A7477646233,677030,香榭丽舍,临沂,二手房,中丘路8号
A7474635126,1190502,双和花园里,临沂,二手房,清河南路
A7408887749,1073568,香醍荣府,临沂,二手房,广州路1号
A7458453317,713737,四季春天(沂蒙路),临沂,二手房,沂蒙路
A7045580324,1198609,天泰沂州府(别墅),临沂,二手房,滨河路
A6877169350,972841,百联华府(别墅),临沂,二手房,府左路
A7397385527,972817,柳溪美庐(别墅),临沂,二手房,"南京路,近汤河路"
A7382490197,1410673,房源君悦华府,临沂,二手房,"祝丘路,近沂河路"
A7366971611,678211,朴园,临沂,二手房,"沭河路,近济南路交回"
R2987565016114185,1154053,远洋城大家,临沂,二手房,蒙山北路
A7430052117,677606,韵皓金桂园,临沂,二手房,罗六路
A7475453194,767135,中科印象,临沂,二手房,海关路
A7471213290,973086,荣盛沂河馨苑(B区),临沂,二手房,智圣路
A7469488047,1050889,阳光花园(平邑),临沂,二手房,蒙阳路
A7450887835,1437434,开元尚城,临沂,二手房,"育才路,近迎宾路"
A7419544581,1488221,文博城,临沂,二手房,"通达路,近文化二路"
A7439111270,973161,五洲华府天著(公寓住宅),临沂,二手房,孝圣路
A7475644695,1410682,碧桂园翡丽澜庭,临沂,二手房,"清河东路,近清河路"
R3636055228032001,1470216,福宽广场,临沂,二手房,"浚河路,近龙石路"
A7467750053,1179507,阜丰时代城荣园,临沂,二手房,隆山路
A7473650445,1024247,开元华银四季城,临沂,二手房,"解放路,近工业大道"
A7372428316,1667235,龙樾府,临沂,二手房,"湖北路,近火炬路"
A7418641798,1008635,三众阳光100小区,临沂,二手房,"沂博路,近北一环路"
A7329713574,972753,溪苑兰亭,临沂,二手房,"工业大道,近解放路"
A7425492517,972630,丰泽缇香府,临沂,二手房,"通达南路,近双月北路"
A7329526133,678257,齐鲁园,临沂,二手房,天津路
A7475441092,1048407,龙盛乾园,临沂,二手房,卧虎山路
A7419303208,972610,城开首府,临沂,二手房,"长沙路,近茶山路"
A7410855430,923072,万城花开(兰山),临沂,二手房,"南京路,近马陵山路"
A7319740965,678257,齐鲁园,临沂,二手房,天津路
A7431957003,677072,祥和家园(兰山),临沂,二手房,王庄路3号
A7392126540,864061,皇山华府,临沂,二手房,滨河东路
A7404313834,945875,海博长安府(公寓住宅),临沂,二手房,"长安路,近海关路"
A7470596125,1204250,阜丰澜岸,临沂,二手房,上海路
A7466929124,1376380,城开御府,临沂,二手房,"朝阳路,近北环路"
A7385073144,1087486,万图水岸经典,临沂,二手房,229省道
A7418559993,972754,先河御景,临沂,二手房,"罗六路,近迎宾大道"
A7454937731,972609,城开东岸,临沂,二手房,"南京东路,近滨河东路"
A7371820664,1010846,丰源新区,临沂,二手房,聚才八路
A7414921999,1401078,盛世华府(郯城),临沂,二手房,师郯路155号
A7433709362,677627,宝丽凤凰城,临沂,二手房,科技大道
A7414133148,676994,中德华尔兹,临沂,二手房,"沂蒙路,近滨河路"
A7459948884,678323,爱伦坡,临沂,二手房,"广州路,近马陵山路"
A7476323603,1303120,沂河璟城,临沂,二手房,科技大道
A7161737425,1005755,宝德花园,临沂,二手房,银雀山路182号
A7065986687,676731,新港龙庭,临沂,二手房,祝丘路
A7479304288,766114,阜丰大成郡,临沂,二手房,广州路
A7453555152,713745,久隆奥斯卡,临沂,二手房,解放路130号
A7467734590,678033,怡嘉苑,临沂,二手房,汉阙路
A7177860778,713709,金润花园,临沂,二手房,蒙河路
A7388822937,972964,金鼎国际(兰陵),临沂,二手房,"育才路,近开阳路"
A7300270025,1410687,阜丰时代广场,临沂,二手房,"新建路,近华鲁街"
A7464257111,1082967,京汇菁华园,临沂,二手房,科技大道
A7415098998,678030,美丽园,临沂,二手房,朝阳路
A7436593224,1076518,林庄御园澜庭,临沂,二手房,涑河北街
A7445579926,1087495,史丹利沂景花园,临沂,二手房,四平路
R4098449428110336,1135229,莲花园北区,临沂,二手房,平顺路
A7466786705,972853,滨河绿洲,临沂,二手房,沂河大道
A7477120095,1496459,郯城第一中学家属楼,临沂,二手房,郯西路18号
A7453161516,1312734,德居一品(东区),临沂,二手房,"兵圣路,近算圣路"
A7454149563,1020108,园丁福城(B区),临沂,二手房,佳园路
A7415737449,678030,美丽园,临沂,二手房,朝阳路
A7324654640,992363,金盾中央公园,临沂,二手房,人民路11-1号
A7373736192,677044,沂河花园(兰山),临沂,二手房,中丘路4号
A7469678492,1012032,盛源华府,临沂,二手房,"通达南路,近双月园路"
A7419728858,972665,金茂印象,临沂,二手房,"西一路,近十泉路"
A7034327976,1393748,明悦郡,临沂,二手房,"罗六路,近双月湖前路"
R4490623363947525,972754,先河御景,临沂,二手房,"罗六路,近迎宾大道"
A7441173085,1069146,西城鑫苑,临沂,二手房,西外环路
A7423878015,713708,万阅城,临沂,二手房,新华路
A7268662231,1512644,蓝钻瑞府,临沂,二手房,"金花路,近蒙山大道"
A7441707210,972741,天基黄金水岸,临沂,二手房,"滨河路,近银雀山路"
R3271410201173003,1186408,临沭金盾花园,临沂,二手房,光明北路
A7448036175,973074,前园花园(C区),临沂,二手房,北园路
A7368139233,678331,祥园,临沂,二手房,黄白河路
A7478710917,1127034,儒辰丹枫园,临沂,二手房,前十街
A7460767026,678066,华泉苑,临沂,二手房,十泉东路
A7478420441,676873,兰亭水岸,临沂,二手房,滨河路
A7467962667,678062,金碧花园,临沂,二手房,黄海西路119号
A7452262476,1043414,城建涑堤春晓,临沂,二手房,涑河北街
A7456616497,678173,东方丽景,临沂,二手房,文峰路
A7441774622,1217088,水景苑,临沂,二手房,温凉河路
A7414922400,677005,环球国际广场,临沂,二手房,沂蒙路1号
A7427325009,1514577,紫云府,临沂,二手房,"临工路,近李公河路"
A7394202250,676794,东方花苑(兰山),临沂,二手房,通达路4号
A7449657558,677108,涑河城邦,临沂,二手房,顺和街
A7357762259,1280431,中南林樾,临沂,二手房,"西安路,近沂蒙路"
A7476302961,1066942,东华都市阳光,临沂,二手房,"长安路,近香港路"
A7358957410,677555,金雀新城(A区),临沂,二手房,金源路9号
A7443835034,973161,五洲华府天著(公寓住宅),临沂,二手房,孝圣路
A7467080954,871695,华创金桂园,临沂,二手房,沂州路
A7402310488,677798,阳光水岸,临沂,二手房,滨河东路
A7454828572,1082956,万开世纪城,临沂,二手房,文明路
A7307049646,677599,美华新村,临沂,二手房,罗七路26号
R3293100116403210,678063,裕隆嘉园(黄海路),临沂,二手房,黄海路
A7404397679,767015,天元名筑,临沂,二手房,金沙路2号
A7210084461,1073544,金穗花园,临沂,二手房,"大青山路,近北京路"
A7479427897,677986,北城花园,临沂,二手房,沭河大街
A7463482859,864365,恒大绿洲,临沂,二手房,"华夏路,近香港路"
R3567438559764482,945080,观河苑,临沂,二手房,聚才路
A7404190262,1038557,三孔桥小区,临沂,二手房,"颜巷口街,近兰山路"
A7472874457,1087448,绿地佳园,临沂,二手房,顺和路
A7447391916,678161,家天下(兰陵),临沂,二手房,滨河西路
A7407826654,1259484,儒辰观澜府,临沂,二手房,科教路
A7469783002,677074,银凤花园,临沂,二手房,金源路
A7473829677,1108801,盛德御园,临沂,二手房,光明北路
A7448257615,678205,开元香舍里,临沂,二手房,天津路
A7470745059,973230,邑博园,临沂,二手房,西环一路
A7386623250,909610,中元御桂园,临沂,二手房,卧虎山路
A7459914789,972700,鲁商印象城,临沂,二手房,"苍山北路,近沭河西大街"
A7478645837,1507632,鑫星秀水湾,临沂,二手房,"蒙山路,近温河东路"
A7471555040,972617,东方御景(郯城),临沂,二手房,马陵路3号
A7466278527,972901,福泰御河湾,临沂,二手房,长安路3号
A7437099344,1496459,郯城第一中学家属楼,临沂,二手房,郯西路18号
R1955635365732362,677567,桃花涧小区,临沂,二手房,沂州路177号
A7452219201,1060274,泰鑫东望府,临沂,二手房,中昇大街
A7451817278,1195827,明德花园(平邑),临沂,二手房,明德路
A7236874621,972818,圣兰菲诺(别墅),临沂,二手房,"算圣路,近书圣路"
A7082140299,713690,后园小区(B区),临沂,二手房,巴腊庙街
R3257883436425226,972810,泽润园,临沂,二手房,郯东路188号
A7428413448,1314669,中国院子(公寓住宅),临沂,二手房,滨河东路
A7386259221,923071,豪森名邸,临沂,二手房,成都路
A7245051062,713737,四季春天(沂蒙路),临沂,二手房,沂蒙路
A7420207199,1082956,万开世纪城,临沂,二手房,文明路
A7443734095,973284,海润尚东国际(北区),临沂,二手房,"青援路,近北一环路"
A7450754041,1187592,明德花园北区,临沂,二手房,"明德路,近兴水路"
A7230398521,676739,华前广场富华小区A区,临沂,二手房,通达路161号
A7438909751,1220705,费县清华园,临沂,二手房,自由西路
A7396180067,1005126,颐高上海街(三期),临沂,二手房,"沂蒙北路,近天津路"
A7350236761,766733,天泰华府(南区),临沂,二手房,天津路
A7447269886,676994,中德华尔兹,临沂,二手房,"沂蒙路,近滨河路"
A7415938140,677015,致远海上传奇,临沂,二手房,滨河东路18号
A7445376841,678028,万家福花园,临沂,二手房,银花路
A7255853660,1037611,城市魔方,临沂,二手房,银雀山路211号
A7474770756,766117,滨河新天地,临沂,二手房,"卧虎山路,近蒙山北路"
A6723660612,1082967,京汇菁华园,临沂,二手房,科技大道
A7444524683,1087495,史丹利沂景花园,临沂,二手房,四平路
A7445556545,1087495,史丹利沂景花园,临沂,二手房,四平路
A7422264887,1432987,桂花丽舍,临沂,二手房,"光明南路,近惠民街"
A7388591980,1005125,颐高上海街(二期),临沂,二手房,"沂蒙北路,近上海路"
A7426322602,973141,同心御园小区,临沂,二手房,水田路
A7448769460,678272,金达华府,临沂,二手房,张南路
A7414105186,923541,拉菲公馆,临沂,二手房,"沭河路,近长沙路"
A7283268185,941535,新东关,临沂,二手房,"解放路,近沂州路"
A7308311690,678272,金达华府,临沂,二手房,张南路
A7419773029,678158,世纪福城A区,临沂,二手房,佳园路
A7067844737,677858,天翔花园(B区),临沂,二手房,兰亭路
A7478499011,1667757,碧桂园翡丽之光景悦,临沂,二手房,军民路
A7476797893,1667757,碧桂园翡丽之光景悦,临沂,二手房,军民路
A7436580703,1479147,林庄御园D区,临沂,二手房,林安街
A7354239788,938887,金域华府,临沂,二手房,温凉河路
A7461641626,972841,百联华府(别墅),临沂,二手房,府左路
A7374726684,1005125,颐高上海街(二期),临沂,二手房,"沂蒙北路,近上海路"
A7402541473,677597,美华园,临沂,二手房,湖北路240号
A7429325928,993478,大南泉社区,临沂,二手房,蒙阳路
A7410814988,924678,宝丽盛世阳光,临沂,二手房,"罗六路,近湖北路"
A7435080055,912196,地王银雀华府,临沂,二手房,琅琊王路
A7463689618,973152,万图海德公馆,临沂,二手房,文峰路
A7441040787,972757,新区绿城,临沂,二手房,"文峰路,近桃李路"
A7477873823,1010268,孟园馨苑,临沂,二手房,"湖东路,近化武路"
A6996990491,677228,豪情花园,临沂,二手房,平安路
A7477796954,676890,富民小区(兰山),临沂,二手房,兰山路121号
A7397518426,789055,蓝钻庄园(兰山),临沂,二手房,南京路
A7467497274,972673,锦泰国际,临沂,二手房,"金花路,近204省道"
A7096768044,677623,罗湖观天下花园,临沂,二手房,沂河路
A7362158390,676893,蓝湾国际A区,临沂,二手房,东岳庙街56号
A7423834394,1071826,华恒香榭里,临沂,二手房,十泉路
A7029802851,1052165,文心园,临沂,二手房,正阳路
A7472320779,677805,莱茵国际,临沂,二手房,李公河路
A7472187903,1007900,红星国际广场,临沂,二手房,"济南路,近孝河路"
A7463763267,781049,秀水雅苑小区,临沂,二手房,"秀水路,近济南路"
A7391176535,792849,汀香郡,临沂,二手房,成都路
R3983452622920707,677826,清华苑(河东),临沂,二手房,临工路
A7363768538,677064,皇山花园(一期),临沂,二手房,滨河东路
A7477052751,973230,邑博园,临沂,二手房,西环一路
A7404051848,676731,新港龙庭,临沂,二手房,祝丘路
A7443393427,1155308,府东佳园,临沂,二手房,白马河路
R4516449003299848,677796,杨庄社区滨河金苑(B区),临沂,二手房,顺和路
A7454079896,1192381,中晟学府美地,临沂,二手房,科教路
A7386359705,1002816,后园馨园小区(BC区),临沂,二手房,成才路59号
A7047560502,972999,锦绣御珑湾,临沂,二手房,清河北路
R4003470003593221,1173555,宝丽财富广场,临沂,二手房,开元路
A7423912797,713737,四季春天(沂蒙路),临沂,二手房,沂蒙路
A7456600822,972901,福泰御河湾,临沂,二手房,长安路3号
A7381241866,1446810,桃园社区,临沂,二手房,"中昇大街,近智圣路"
A7468613525,677200,银河湾3号院,临沂,二手房,工业大道
A7309251168,1384911,宝丽天樾,临沂,二手房,"双月园路,近湖东二路"
A7425526145,1310586,普村清河园A区,临沂,二手房,清河路
A7478430829,1566293,银盛泰博观新城(二期),临沂,二手房,"大青山路,近南昌路"
A7400226640,938791,城建锦绣城,临沂,二手房,中丘路
A7363388170,676883,金茂花园,临沂,二手房,上海路
A7261420397,1193511,舒格兰(二期),临沂,二手房,南京路
R3031653140425742,1489179,碧桂园云顶,临沂,二手房,"孝河路,近武汉路"
A7456796059,1220714,永尚润城(商住楼),临沂,二手房,涑河南街
A7415862006,1066632,金泰瑞府,临沂,二手房,南京路
A7473741864,766522,永恒华源,临沂,二手房,通达路
A7475731420,973080,清水湾花园,临沂,二手房,滨河路
R4472783893191683,1187583,雍和园,临沂,二手房,327国道
A7446311097,677535,银雀溪园,临沂,二手房,琅琊王路142号
A7363383564,972666,金水河畔,临沂,二手房,"广州路,近温凉河路"
R3696312221232142,678201,文轩苑,临沂,二手房,"东升路,近开阳路"
A7392160785,783035,浮来春公馆,临沂,二手房,北京路
A7384400672,972664,金龙湾小区,临沂,二手房,"小沂河北路,近文诚路"
A7394540501,678196,蓝湖国际,临沂,二手房,泉山路
A7432024920,1087479,中南鲁商樾府,临沂,二手房,"长沙路,近孝河路"
A7456503085,766262,银丰雅园,临沂,二手房,武汉路
A7433870195,789055,蓝钻庄园(兰山),临沂,二手房,南京路
A7452198260,1052165,文心园,临沂,二手房,正阳路
A7423858194,973232,银城花园,临沂,二手房,南外环路
A7396270452,1131057,滨河名邸,临沂,二手房,香港路
A7419595910,676630,金鹰花园,临沂,二手房,八一路
A7433498263,1505467,绿地玉晖公馆,临沂,二手房,"汤河路,近文化路"
A7362706316,972796,盈科嘉园,临沂,二手房,"长沙路,近温凉河路"
A7470804887,677625,美华润景,临沂,二手房,工业街
A7020956173,676893,蓝湾国际A区,临沂,二手房,东岳庙街56号
A7361412361,1446810,桃园社区,临沂,二手房,"中昇大街,近智圣路"
A7076363761,677228,豪情花园,临沂,二手房,平安路
A7475667663,677898,御山河,临沂,二手房,滨河东路
A7430974324,972839,白鹭金岸,临沂,二手房,滨河路
A7418419292,1316363,儒辰金邑首府,临沂,二手房,"金花路,近文化路"
A7389973405,677755,开元美郡,临沂,二手房,双月湖路
A7460790242,1066633,金泰瑞府(别墅),临沂,二手房,南京路
A7413087704,1314667,海博壹江阅,临沂,二手房,"临工路,近滨河东路"
R1539594523778058,677975,瓯龙现代城,临沂,二手房,涑河东大街
A7476343822,677798,阳光水岸,临沂,二手房,滨河东路
A7393862482,1087454,翰林国府,临沂,二手房,佳园路
A7414654145,676904,沂龙湾清园,临沂,二手房,广州路
A7460873044,1521317,中海熙园,临沂,二手房,"沂蒙路,近沂河路"
A7134322179,1388609,天怡嘉园,临沂,二手房,"通达南路,近工业路"
A7454027619,973139,汀香郡(别墅),临沂,二手房,成都路
A7469864068,677559,清泉小区,临沂,二手房,沂州路
A7402537522,1316365,鲁地德慧苑,临沂,二手房,师郯路
R3734455969901569,678124,上海花苑,临沂,二手房,上海路
A7444359082,677822,御景东方,临沂,二手房,北京东路
A7428489382,872660,盛德桂园,临沂,二手房,"沂河路,近海关路"
A7467844173,677009,滨河国际,临沂,二手房,滨河路
A7464527492,973268,中央华府(公寓住宅),临沂,二手房,浚河路86号
A7227350653,676718,交通局家属院(兰山),临沂,二手房,平安路
R3733719217398784,1179513,克拉国际广场,临沂,二手房,兰陵路
A7474170288,972786,沂水长虹小区,临沂,二手房,"东一环路,近鑫华路"
A7403372634,972999,锦绣御珑湾,临沂,二手房,清河北路
A7081557828,972609,城开东岸,临沂,二手房,"南京东路,近滨河东路"
A7477791571,677957,一品澜湾小区,临沂,二手房,郯东路172号
A6890188444,1029249,明德花苑,临沂,二手房,"临工路,近香港路"
A7449746010,1477427,鲁邦华府(平邑),临沂,二手房,"温凉河路,近红山路"
A7475687109,1265103,碧桂园滨江学府,临沂,二手房,合肥路
A7390056810,1155308,府东佳园,临沂,二手房,白马河路
A7474995697,945165,长安国际,临沂,二手房,长安中路210号
A7446483059,1087443,银丰公馆,临沂,二手房,清河南路
A7404152078,972943,皇山花园(三期),临沂,二手房,四平路
A7335301153,1384908,滨河万达一方上河府,临沂,二手房,"王庄路,近滨河路"
A7449551390,678167,桃李花园,临沂,二手房,育才路
A7439058317,1189605,郯子湖小区,临沂,二手房,环湖南路6号
A7420473479,973271,卓新天悦城,临沂,二手房,华夏路
A7365896521,677858,天翔花园(B区),临沂,二手房,兰亭路
A7369545715,1425393,致远天宸府,临沂,二手房,湖东路
A7384354630,863271,书香门第,临沂,二手房,工业大道16号
A7472847695,1087465,旷园小区,临沂,二手房,银雀山路181号
R2586603354562572,676993,石油小区(A区),临沂,二手房,"涑河南街,近兰山路"
A7459990128,779965,高尔夫庄园,临沂,二手房,滨河路
R3999736787279872,1158431,慧谷小镇,临沂,二手房,海关路
A7328979250,1190505,华前广场富华小区(B区),临沂,二手房,通达路161号
A7358330851,973284,海润尚东国际(北区),临沂,二手房,"青援路,近北一环路"
A7407622762,972730,三和家园,临沂,二手房,"四平路,近南湖路"
A7417823982,676851,金泰华城,临沂,二手房,北园路399号
A7360775938,678239,沂州花园(兰山),临沂,二手房,沭河路
A7309354833,1382689,史丹利文慧园(郯城),临沂,二手房,孔望山路17号
A7474777355,1014919,宝德新里程,临沂,二手房,"琅琊王路,近金雀山路"
A7410648770,973233,银丰佳园(东区),临沂,二手房,东兴路4857号
A7469656284,972959,金榜龙城,临沂,二手房,临工路
A7445154494,973112,水岸名城(费县),临沂,二手房,自由路
A7369608146,1161011,凤凰郡,临沂,二手房,正大街
A7457773473,1380615,绿地紫峰公馆,临沂,二手房,"雄安大道,近汤河路"
A7449036615,677241,金雀花苑,临沂,二手房,金雀山路
A7474744025,1045640,冠蒙时代花园,临沂,二手房,解放路
A7402585214,972712,平等花园,临沂,二手房,烟墩街99号
A7466861572,1410672,韵皓圣廷苑,临沂,二手房,"湖北路,近湖东二路"
A7453091079,864374,舒格兰(一期),临沂,二手房,"南京路,近沭河路"
A7447198640,677250,银雀尚城,临沂,二手房,琅琊王路
A7474739813,1186472,阜丰时代城悦府,临沂,二手房,北二路
A7417647845,864374,舒格兰(一期),临沂,二手房,"南京路,近沭河路"
A7415857892,972882,东方佳园(平邑),临沂,二手房,蒙阳路
A7402351872,1038557,三孔桥小区,临沂,二手房,"颜巷口街,近兰山路"
A7460053141,678331,祥园,临沂,二手房,黄白河路
A7441072228,973239,银雀苑,临沂,二手房,沂蒙路
A7451622766,972986,金信融城,临沂,二手房,"成都路,近沂蒙路"
A7432059094,940354,凌云花园,临沂,二手房,八一路
A7408905926,973146,万基幸福小镇,临沂,二手房,"沂河路,近香港路"
A7471302743,676842,阳光高第,临沂,二手房,金源路159号
A7454183565,1179514,市委大院,临沂,二手房,沂蒙路219号
A7478420432,972903,傅屯嘉园,临沂,二手房,清河北路
R2088344134378505,923074,水岸名城(兰山),临沂,二手房,涑河南街
A7478640014,1188338,城投柳青玺悦,临沂,二手房,汤河路
A7245516569,1001590,银盛泰博观新城(一期),临沂,二手房,"沂蒙路,近西安路"
A7479548697,1491229,碧桂园城投翡翠外滩,临沂,二手房,滨河东路
A7462537792,945164,东泰河东岸,临沂,二手房,红城路7号
A7445487463,1491229,碧桂园城投翡翠外滩,临沂,二手房,滨河东路
A7479503115,941014,江泉国际,临沂,二手房,通达南路
A7451702674,972644,翰林庄园,临沂,二手房,"聚才七路,近临西九路"
A7450866767,863140,慧谷倾城,临沂,二手房,沂州路169号
A7360878525,1010266,鸿儒国际,临沂,二手房,"双岭路,近工业大道"
A7393003909,1236475,宝丽世纪城,临沂,二手房,湖北路
A7464318009,1161011,凤凰郡,临沂,二手房,正大街
A7464518191,1007900,红星国际广场,临沂,二手房,"济南路,近孝河路"
A7103697157,1082971,凤凰家园(二期),临沂,二手房,智圣路
A7457500712,972740,天宝花园,临沂,二手房,"金花路,近蒙阳路"
A7251883059,1127034,儒辰丹枫园,临沂,二手房,前十街
A7348962872,973222,怡海国际新城,临沂,二手房,东兴路
A7478431468,923072,万城花开(兰山),临沂,二手房,"南京路,近马陵山路"
A7446175860,1235216,壹号公馆,临沂,二手房,宗圣路
A7444354069,996451,诚德碧海方舟,临沂,二手房,"武汉路,近北京路"
A7451554515,677911,伊丽莎白东岸,临沂,二手房,滨河东路
A7460741575,678196,蓝湖国际,临沂,二手房,泉山路
A7459967789,1052507,星河城,临沂,二手房,沂河路
A7410756496,1014918,和润香堤,临沂,二手房,"文峰山路,近北京路"
A7373502324,973236,银河湾(别墅),临沂,二手房,算圣路
R2373158631433229,713807,五大道,临沂,二手房,中丘路
A7433969254,1479147,林庄御园D区,临沂,二手房,林安街
A7332962006,678258,光耀陶朱公,临沂,二手房,滨河路
A7469501759,973271,卓新天悦城,临沂,二手房,华夏路
A7432666271,1278453,春城里(公寓住宅),临沂,二手房,工业路
A7261394033,678303,鼎峰英伦花园,临沂,二手房,书圣路
A7478654321,1267290,鲁商万科新都会,临沂,二手房,"解放东路,近正阳路"
A7444797567,973284,海润尚东国际(北区),临沂,二手房,"青援路,近北一环路"
A7313633412,783035,浮来春公馆,临沂,二手房,北京路
A7265391265,678321,澜泊湾(三期),临沂,二手房,"祊河路,近柳青河西路"
A7461441948,1008632,名仕佳苑,临沂,二手房,"隆山路,近洪石路"
A7377985900,973224,致远翡翠传奇,临沂,二手房,"科技大道,近湖北路"
A7418742414,923074,水岸名城(兰山),临沂,二手房,涑河南街
A7460036333,781049,秀水雅苑小区,临沂,二手房,"秀水路,近济南路"
A7459276223,973254,裕隆嘉园(平邑),临沂,二手房,西环一路
A7404426120,973177,新筑璞园,临沂,二手房,兰陵路1号
A7293785032,1087444,翔龙清河苑,临沂,二手房,清河南路
A7272770433,766114,阜丰大成郡,临沂,二手房,广州路
A7473662768,1510560,儒辰金水湾,临沂,二手房,"西三路,近顺河路"
A7379959192,792843,城建时代庄园,临沂,二手房,北园路323号
A7459153345,1187584,银都府邸,临沂,二手房,"银花路,近滨河西路"
A7347267002,1054478,海联江山里,临沂,二手房,长安路
A7438322708,792466,凤凰水城,临沂,二手房,"成都路,近沭河路"
A7345690191,1203464,奥德天玺,临沂,二手房,北京东路
A7450823026,973019,蓝钻庄园(平邑),临沂,二手房,新枣路
A7229404116,1190502,双和花园里,临沂,二手房,清河南路
A7327533988,973132,天河景苑,临沂,二手房,秀水路
A7479202846,676730,开元花半里,临沂,二手房,成都路
A7462414349,677660,宝翠园,临沂,二手房,罗六路
A7468681472,676851,金泰华城,临沂,二手房,北园路399号
A7373688062,766265,纽约上城,临沂,二手房,北园路
A7450454371,1042464,北方明珠,临沂,二手房,沂博路39号
A7463753839,1087472,恒通佳园,临沂,二手房,"蒙山北路,近武汉路"
A7182582675,972903,傅屯嘉园,临沂,二手房,清河北路
A7447480555,909610,中元御桂园,临沂,二手房,卧虎山路
A7469697121,1156542,理工学府(A区)(1-9号楼),临沂,二手房,东外环1号
A7235207641,973236,银河湾(别墅),临沂,二手房,算圣路
A7456534330,997935,沂河高都,临沂,二手房,"湖北路,近滨河路"
A7356863015,972730,三和家园,临沂,二手房,"四平路,近南湖路"
A7381193855,767015,天元名筑,临沂,二手房,金沙路2号
A7319695461,677345,苗庄小区,临沂,二手房,金雀山路
A7475517600,972723,群星家园,临沂,二手房,"中心南街,近腾飞路"
A7475410962,1566293,银盛泰博观新城(二期),临沂,二手房,"大青山路,近南昌路"
A7477845040,973230,邑博园,临沂,二手房,西环一路
A7441072216,945206,山水文园,临沂,二手房,荆山路
A7398295507,677937,墨泉世家,临沂,二手房,文化路
A7426688028,676827,百合园,临沂,二手房,金坛路179号
A7378270332,972723,群星家园,临沂,二手房,"中心南街,近腾飞路"
A7422259824,1624497,房源君澜凤凰城,临沂,二手房,"凤仪街,近温泉路"
R3644308720394247,1180816,儒辰含章园,临沂,二手房,临西十二路
A7404988949,1187595,蓝钻浚河郡,临沂,二手房,新枣路
A7164694893,677842,褚庄小区汇银苑,临沂,二手房,解放东路
A7433951662,677672,罗兰花园,临沂,二手房,清河南路
A6965415914,677067,龙盛幸福里,临沂,二手房,宏大路
A7428339360,973088,如意家园(沂水),临沂,二手房,中心街
A7474610046,1074582,书苑府邸(一期东区),临沂,二手房,师郯路6号
A7433410100,972678,国鑫爱琴海,临沂,二手房,"黄海路,近东环路"
A7446178853,923076,永尚润城,临沂,二手房,涑河南街
A7404293711,1008633,山水龙城(莒南),临沂,二手房,"天桥路,近洪石路"
A7357572655,1054214,掌舵东岸日月城{公寓住宅),临沂,二手房,"长安路,近滨河东路"
A7371404409,1067582,福润家园,临沂,二手房,临西九路
A7054369129,677030,香榭丽舍,临沂,二手房,中丘路8号
A7393172774,1501445,儒辰璟宸御园,临沂,二手房,"双月湖路,龙腾路"
A7419749458,713746,临沂铁路新村,临沂,二手房,八一路239号
A7395461438,1018019,意林公馆,临沂,二手房,秀水路
A7422981544,973232,银城花园,临沂,二手房,南外环路
A7401215719,973232,银城花园,临沂,二手房,南外环路
R4588343191739404,972924,恒弘城,临沂,二手房,双岭路
A7407874223,1040965,盛通红郡,临沂,二手房,香港路
A7317902546,923540,环球掌舵,临沂,二手房,"长沙路,近温凉河路"
A7362682750,678239,沂州花园(兰山),临沂,二手房,沭河路
A7479530300,677200,银河湾3号院,临沂,二手房,工业大道
A7456265117,677646,永福苑,临沂,二手房,新华路
A7451541715,801999,白鹭金岸(别墅),临沂,二手房,"滨河路,近沂河路"
A7447211251,678259,沂龙湾润园,临沂,二手房,济南路
A7372297208,676904,沂龙湾清园,临沂,二手房,广州路
R4188816452742146,1186410,临沭景城花园,临沂,二手房,光明北路188号
A6780399483,677909,皇山别墅,临沂,二手房,长安路
A7370566836,1043745,致远翡翠湾,临沂,二手房,湖北路
A7392163687,924678,宝丽盛世阳光,临沂,二手房,"罗六路,近湖北路"
A7391024602,945164,东泰河东岸,临沂,二手房,红城路7号
A7448762652,1384908,滨河万达一方上河府,临沂,二手房,"王庄路,近滨河路"
R4282815063268358,972961,金城溪园,临沂,二手房,冠山路
A7469471715,1055573,玉龙园,临沂,二手房,东一环路
A7412935926,1376769,润地新城(公寓住宅),临沂,二手房,"科技路,近沂河路"
A7454033732,1001590,银盛泰博观新城(一期),临沂,二手房,"沂蒙路,近西安路"
A7437863977,677798,阳光水岸,临沂,二手房,滨河东路
A7478620799,1386545,利城首府,临沂,二手房,"利城大街,近中山北路"
A7470230695,713729,三阳地产清华园,临沂,二手房,开阳路
A7397510897,1389246,银雀公馆,临沂,二手房,"银雀山路,近通达路"
A7478414999,972903,傅屯嘉园,临沂,二手房,清河北路
A7446116174,909611,泷璟,临沂,二手房,"卧虎山路,近沂山路"
A7302259155,713708,万阅城,临沂,二手房,新华路
A7475492565,677786,贵和花园(河东),临沂,二手房,安居街136号
A7478377451,1474255,御澜九府,临沂,二手房,"滨河路,近通达路"
A7439695378,973040,龙泉花园(兰陵),临沂,二手房,迎宾路
A7467003876,972684,蓝色港湾小区,临沂,二手房,"和平路,近健康路"
A6926871994,1159018,宝德和园,临沂,二手房,南坪街
A7469497810,767016,联安现代城,临沂,二手房,沂州路
A7362673136,973135,天元城市绿洲,临沂,二手房,工业大道
A7457605603,1314667,海博壹江阅,临沂,二手房,"临工路,近滨河东路"
A7439820604,1180815,开元状元府,临沂,二手房,东升路
A7460027549,973254,裕隆嘉园(平邑),临沂,二手房,西环一路
A7206873641,972776,依云小镇,临沂,二手房,"沂州路,近清河南路"
A7395328816,1186453,埠东家园(西区),临沂,二手房,"陶然路,近中丘路"
A7393039342,1236475,宝丽世纪城,临沂,二手房,湖北路
A7463632703,1203464,奥德天玺,临沂,二手房,北京东路
R3445701864579074,1158431,慧谷小镇,临沂,二手房,海关路
A7473678921,972856,昌辰御园,临沂,二手房,长安南路
R2637378955467780,677786,贵和花园(河东),临沂,二手房,安居街136号
A7429227968,1186473,阜丰时代城锦园,临沂,二手房,北二路
A7478782742,677044,沂河花园(兰山),临沂,二手房,中丘路4号
R3577550882758656,1022352,恒大华府(商住楼),临沂,二手房,"孝河路,近成都路"
A7427397246,1488221,文博城,临沂,二手房,"通达路,近文化二路"
A7479288136,1075586,南湖尚城,临沂,二手房,科技大道
A7170009976,713709,金润花园,临沂,二手房,蒙河路
A7401966583,973222,怡海国际新城,临沂,二手房,东兴路
A7368129300,678231,三和园(B区),临沂,二手房,汤河路
A7410000925,1316363,儒辰金邑首府,临沂,二手房,"金花路,近文化路"
A7478775060,972695,龙泉嘉园,临沂,二手房,"人民路,近古城路"
A7331211490,945158,大名城(南区),临沂,二手房,"鑫华路,近莲旺街"
R4390387313943558,972792,颐景恒泰,临沂,二手房,祝丘路23号
A7428482815,973094,山水绿城,临沂,二手房,南外环路
A7445533969,677909,皇山别墅,临沂,二手房,长安路
A7437929183,1046907,沂景花园,临沂,二手房,建设西路
A7474512219,1186408,临沭金盾花园,临沂,二手房,光明北路
A7355472758,676836,恒基佳园,临沂,二手房,绣花城路
A7436571789,1376769,润地新城(公寓住宅),临沂,二手房,"科技路,近沂河路"
A7420285559,1024247,开元华银四季城,临沂,二手房,"解放路,近工业大道"
R4482023960144909,1107255,和谐家园(罗庄),临沂,二手房,湖北路
A7313705952,909866,龙凤花园,临沂,二手房,大青山路
R4571193263219719,1012121,环球新界,临沂,二手房,"沂蒙北路,近武汉路"
A7476915054,1008634,杏坛书香,临沂,二手房,鑫河路
A7436397423,677567,桃花涧小区,临沂,二手房,沂州路177号
A7360366360,676751,石油小区,临沂,二手房,涑河南街
A7459294306,1186461,开元瑞都东区,临沂,二手房,文峰路
A7447305416,1071826,华恒香榭里,临沂,二手房,十泉路
A7376846963,972630,丰泽缇香府,临沂,二手房,"通达南路,近双月北路"
A7356293998,1183683,城开水岸,临沂,二手房,金雀山路
A7456328927,1491600,金都上城,临沂,二手房,淮海路
A7459340204,1498808,泰鑫御园,临沂,二手房,"东夷大街,近华龙路"
A7478462548,766522,永恒华源,临沂,二手房,通达路
A7479497929,972778,沂河观邸,临沂,二手房,"凤翔街,近智圣路"
R3968571250351110,972722,清怡居,临沂,二手房,"广州路,近柳清河东路"
R2625377266461711,972843,宝德书香苑,临沂,二手房,中丘路
R2683163471832077,972831,爱琴海(临沭),临沂,二手房,光明北路
A7404805543,1187039,香水郡,临沂,二手房,清河南路1号
A7465346529,1376771,瑞祥家园,临沂,二手房,"温泉路,近凤凰大街"
A7472248611,1186419,书院小区(北区),临沂,二手房,沂蒙路
A7433542229,941535,新东关,临沂,二手房,"解放路,近沂州路"
A7474761218,1372657,儒辰璟宸府,临沂,二手房,"西安路,近沂蒙北路"
A7468747309,1005125,颐高上海街(二期),临沂,二手房,"沂蒙北路,近上海路"
A7467733013,1108801,盛德御园,临沂,二手房,光明北路
A7455783729,1192381,中晟学府美地,临沂,二手房,科教路
A7419507799,1044983,枣园小镇,临沂,二手房,永安路77号
A7464571706,678262,爱琴海(兰山),临沂,二手房,"广州路,近成都路"
R4297087656782859,713701,教授花园(兰山),临沂,二手房,滨河路
A7470546968,1433003,莒南史丹利文慧园,临沂,二手房,"西一路,近北疏港公路"
A7471380029,713729,三阳地产清华园,临沂,二手房,开阳路
A7460803177,1012032,盛源华府,临沂,二手房,"通达南路,近双月园路"
A7456490642,1201149,汇铭文苑,临沂,二手房,湖北路
A7457413466,677646,永福苑,临沂,二手房,新华路
A7453355752,1195827,明德花园(平邑),临沂,二手房,明德路
A7456540556,997935,沂河高都,临沂,二手房,"湖北路,近滨河路"
A7470654680,1440367,儒辰逸品公馆,临沂,二手房,"正阳路,近玉泉路"
A7394094365,973080,清水湾花园,临沂,二手房,滨河路
A7466792664,1483586,九州悦府,临沂,二手房,"天桥路,近民主路"
A7479359166,1195827,明德花园(平邑),临沂,二手房,明德路
A7396203588,1382689,史丹利文慧园(郯城),临沂,二手房,孔望山路17号
A7397370812,1087445,水韵华苑,临沂,二手房,北京路
A7479208737,783035,浮来春公馆,临沂,二手房,北京路
A7475634341,1660606,城建锦绣里,临沂,二手房,通达路365号
A7467797141,1664010,鲁商万科城如园,临沂,二手房,"平安路,近蒙山大道"
R3436248909553672,1067126,远州杰座,临沂,二手房,"香港路,近沈阳路"
A7236765519,1050117,中梁壹号院,临沂,二手房,智圣路
A7366972333,678257,齐鲁园,临沂,二手房,天津路
A7445345757,972964,金鼎国际(兰陵),临沂,二手房,"育才路,近开阳路"
A7373606443,863269,荣盛华府,临沂,二手房,滨河路
A7473939603,1008633,山水龙城(莒南),临沂,二手房,"天桥路,近洪石路"
A7314448697,1085915,天元锦都上城,临沂,二手房,北京东路
A7360559598,1424470,宝信龙港,临沂,二手房,"建设东路,近滨河东路"
A7435088579,1235216,壹号公馆,临沂,二手房,宗圣路
A7452457937,1195827,明德花园(平邑),临沂,二手房,明德路
A7442558452,972943,皇山花园(三期),临沂,二手房,四平路
A7421550950,677108,涑河城邦,临沂,二手房,顺和街
A7455672877,678210,曲沂社区(D区),临沂,二手房,"济南路,近大青山路"
A7459375544,1380498,豪森铂悦,临沂,二手房,"人民大街,近华龙路"
A7255797467,1186429,同心花园,临沂,二手房,顺和街
A7473035357,972982,金泰华府(北区),临沂,二手房,"沂州路,近平安路"
A7449669809,677615,欧罗花园,临沂,二手房,护台路5号
A7380502123,1102639,银光福源广场,临沂,二手房,建设东路
A7469788172,1386532,史丹利景城花园(莒南),临沂,二手房,"洪石路,近天桥路"
A7322451300,973218,沂景华庭,临沂,二手房,滨河路
A7478343308,972740,天宝花园,临沂,二手房,"金花路,近蒙阳路"
A7475805062,945720,绿城花园,临沂,二手房,"长安北路,近北一环路"
A7385445840,1001590,银盛泰博观新城(一期),临沂,二手房,"沂蒙路,近西安路"
A7461023546,1190481,国华新城,临沂,二手房,通达南路
A7427605414,972977,金明寓育秀家苑,临沂,二手房,沭河西大街
A7369718768,923075,开元上府,临沂,二手房,"即丘路,近平安路"
A7376698239,938887,金域华府,临沂,二手房,温凉河路
A7347906111,945213,御龙湾,临沂,二手房,小沂河北路
A7424210961,1008635,三众阳光100小区,临沂,二手房,"沂博路,近北一环路"
A7424167584,677858,天翔花园(B区),临沂,二手房,兰亭路
A7458249762,1033014,保利堂悦,临沂,二手房,"长沙路,近马陵山路"
A7450008682,713721,福源家园,临沂,二手房,滨河路
A7461076673,713813,金坛小区,临沂,二手房,平安路
A7471208919,678222,世纪新筑,临沂,二手房,兰陵路
A7412944665,972617,东方御景(郯城),临沂,二手房,马陵路3号
A7322949893,713981,汇鑫小区,临沂,二手房,张南路
A7405887020,1187039,香水郡,临沂,二手房,清河南路1号
A7158946828,676794,东方花苑(兰山),临沂,二手房,通达路4号
A7340384044,1187584,银都府邸,临沂,二手房,"银花路,近滨河西路"
A7461741743,792468,恒大华府,临沂,二手房,"孝河路,近成都路"
A7388700223,972831,爱琴海(临沭),临沂,二手房,光明北路
A7441887332,1590886,青啤御棠府,临沂,二手房,"滨河路,近湖北路"
A7463423431,1011242,荣盛蓝山郡,临沂,二手房,"金雀山路,近工业大道"
A7407960695,1514577,紫云府,临沂,二手房,"临工路,近李公河路"
A7451639217,1441014,史丹利十里江湾,临沂,二手房,"沈阳路,近滨河东路"
A7462830184,677936,龙域中央小区,临沂,二手房,郯东路
A7476952411,873700,宝德新领域,临沂,二手房,"兰陵路,近府左路"
A7192366569,972644,翰林庄园,临沂,二手房,"聚才七路,近临西九路"
A7399127687,713747,临沂金世纪新城,临沂,二手房,青年路39号
A7418450957,1087441,史丹利皇山景城花园(公寓住宅),临沂,二手房,皇山路
A7464305042,677681,中晟世纪城(公寓住宅),临沂,二手房,双月园路
A7454096865,1005125,颐高上海街(二期),临沂,二手房,"沂蒙北路,近上海路"
A7343806200,678309,京韵园,临沂,二手房,沭河路
A7467033765,677215,龙城雅苑,临沂,二手房,通达路
A7409735914,972855,财源小区,临沂,二手房,财源路
A7462698293,677006,泰美花园,临沂,二手房,"沂蒙路,近南昌路"
A7370595444,676631,颐龙恒泰,临沂,二手房,金源路32号
A7474971719,677755,开元美郡,临沂,二手房,双月湖路
A7378219042,677627,宝丽凤凰城,临沂,二手房,科技大道
A7468056595,677623,罗湖观天下花园,临沂,二手房,沂河路
A7429956623,972684,蓝色港湾小区,临沂,二手房,"和平路,近健康路"
A7478481446,973080,清水湾花园,临沂,二手房,滨河路
A7476345215,677798,阳光水岸,临沂,二手房,滨河东路
A7286224013,1512644,蓝钻瑞府,临沂,二手房,"金花路,近蒙山大道"
A7352214550,909866,龙凤花园,临沂,二手房,大青山路
A7479473196,973151,万通盛世馨园,临沂,二手房,通达南路
A7425867637,1023774,恒大中央广场,临沂,二手房,"通达路,近桃园路"
A7421195573,1018520,金鼎国际(兰山),临沂,二手房,"红旗路,近沂蒙路"
A7401470210,1486235,海博望江府,临沂,二手房,"滨河东路,近厦门路"
A7458433870,1386532,史丹利景城花园(莒南),临沂,二手房,"洪石路,近天桥路"
A7465290932,1044983,枣园小镇,临沂,二手房,永安路77号
A7476967086,1314669,中国院子(公寓住宅),临沂,二手房,滨河东路
A7416924903,972752,西山小区,临沂,二手房,"振兴路,近历山路"
A7335175443,972763,鑫源尚城(平邑),临沂,二手房,"蒙阳路,近朝阳路"
A7383952066,1012032,盛源华府,临沂,二手房,"通达南路,近双月园路"
A7477865881,677531,银杏花园,临沂,二手房,和平路
A7399549240,677090,西张庄小区,临沂,二手房,育才路
R4497184028222471,972722,清怡居,临沂,二手房,"广州路,近柳清河东路"
A7360932195,1376776,宝德熙园,临沂,二手房,"兴隆路,近清河北路"
A7473548634,973088,如意家园(沂水),临沂,二手房,中心街
A7205806001,973146,万基幸福小镇,临沂,二手房,"沂河路,近香港路"
A7204967172,677796,杨庄社区滨河金苑(B区),临沂,二手房,顺和路
A7450452995,973076,清华园(兰陵),临沂,二手房,金盾路
A7446311462,1267290,鲁商万科新都会,临沂,二手房,"解放东路,近正阳路"
A7189762232,1183683,城开水岸,临沂,二手房,金雀山路
A7365814374,677250,银雀尚城,临沂,二手房,琅琊王路
A7406706804,1082971,凤凰家园(二期),临沂,二手房,智圣路
A7460705954,973220,沂龙湾曦园,临沂,二手房,北京路
A7435184912,1217088,水景苑,临沂,二手房,温凉河路
A7368274047,676718,交通局家属院(兰山),临沂,二手房,平安路
A7457787457,1183683,城开水岸,临沂,二手房,金雀山路
A7433787474,972597,安嘉花雨馨,临沂,二手房,"朝阳路,近滨河东路"
A7462551646,973112,水岸名城(费县),临沂,二手房,自由路
A7456411619,677970,阳光上城,临沂,二手房,建设路
A7368664520,923075,开元上府,临沂,二手房,"即丘路,近平安路"
A7462679658,1195820,翰林丽都(A区),临沂,二手房,崇文路
R1811572521344009,1018520,金鼎国际(兰山),临沂,二手房,"红旗路,近沂蒙路"
A7223138363,972645,和美苑花园,临沂,二手房,"人民大街,近孝友路"
A7447436086,676985,开阳名居,临沂,二手房,开阳路
A7336800206,1014919,宝德新里程,临沂,二手房,"琅琊王路,近金雀山路"
A7459360711,973231,邑东福邸,临沂,二手房,浚河路
A7477173182,677929,龙泉新村花园小区,临沂,二手房,人民路
A7065081686,973235,银河龙门花园,临沂,二手房,滨河东路
A7443654782,678323,爱伦坡,临沂,二手房,"广州路,近马陵山路"
R4421169814807561,1167890,辰坤国际,临沂,二手房,蒙山北路63号
A7342775262,1669440,润地新城(商住楼),临沂,二手房,科教路
A7459982284,1179519,史丹利四季长安(公寓住宅),临沂,二手房,长安路
A7456609854,1382689,史丹利文慧园(郯城),临沂,二手房,孔望山路17号
A7405141555,1007905,怡和国际,临沂,二手房,沂河路23号
A7472201609,972810,泽润园,临沂,二手房,郯东路188号
A7456715604,1256982,九州唐樾,临沂,二手房,静海路
A7416700737,1666655,碧桂园翡丽之光都荟,临沂,二手房,沂州路
A7468558926,1042472,中山名都,临沂,二手房,鸡龙河北路
A7456430058,678028,万家福花园,临沂,二手房,银花路
A7461486786,972763,鑫源尚城(平邑),临沂,二手房,"蒙阳路,近朝阳路"
A7446388470,1180815,开元状元府,临沂,二手房,东升路
A7474999050,973187,信合家园(沂水),临沂,二手房,裕丰路
A7435875754,678233,沂龙湾御园,临沂,二手房,北京路
A7429169733,972740,天宝花园,临沂,二手房,"金花路,近蒙阳路"
A7461667081,1289921,广厦兰都,临沂,二手房,人民路老体委
A7360249965,792849,汀香郡,临沂,二手房,成都路
A7465280842,1380499,万城瑞府,临沂,二手房,"西五路,近北环路"
A7454011998,972845,宝丽阳光国际,临沂,二手房,双月湖路
A7332211290,972972,金联华府,临沂,二手房,银花路
A7445366209,677064,皇山花园(一期),临沂,二手房,滨河东路
A7459240319,677097,涑河国际城A区,临沂,二手房,涑河北街
A7417760523,676732,城市主人,临沂,二手房,北京路
A7478771684,677211,开元上城,临沂,二手房,中丘路
A7453548092,1479147,林庄御园D区,临沂,二手房,林安街
A7437908955,863271,书香门第,临沂,二手房,工业大道16号
A7381022232,1008632,名仕佳苑,临沂,二手房,"隆山路,近洪石路"
A7300442742,972703,贵和美景华庭,临沂,二手房,"双月园路,近通达南路"
A7461015457,1281661,北坛新区,临沂,二手房,沂博路780号
A7475683010,972818,圣兰菲诺(别墅),临沂,二手房,"算圣路,近书圣路"
A7455889137,713718,金域兰园,临沂,二手房,成才路
A7380313567,676848,泉府公馆,临沂,二手房,沂蒙路
A7316280466,677627,宝丽凤凰城,临沂,二手房,科技大道
A7232818454,871671,阜丰康桥郡,临沂,二手房,汤河路
A7447200156,972939,华信浅水湾,临沂,二手房,滨河东路
A6938900819,676731,新港龙庭,临沂,二手房,祝丘路
A7420501985,677623,罗湖观天下花园,临沂,二手房,沂河路
A7464454737,713721,福源家园,临沂,二手房,滨河路
R3453138669839375,973152,万图海德公馆,临沂,二手房,文峰路
A7088563554,972872,迪尚御园,临沂,二手房,沃尔沃路
A7416137964,1510765,儒辰海棠樾府,临沂,二手房,"沂河路,清河东路"
A7275746832,678323,爱伦坡,临沂,二手房,"广州路,近马陵山路"
A7416694552,1187594,蓝钻香醍,临沂,二手房,新枣路
A7397455567,678321,澜泊湾(三期),临沂,二手房,"祊河路,近柳青河西路"
A7401119842,677912,君悦兰亭,临沂,二手房,东兴路
A7463498589,766115,太子湖花园,临沂,二手房,通达路
A7439172749,677936,龙域中央小区,临沂,二手房,郯东路
A7457566472,1187584,银都府邸,临沂,二手房,"银花路,近滨河西路"
A7308501041,1088118,双创智汇城,临沂,二手房,连菏线
A7467207876,677080,宋家王庄小区,临沂,二手房,王庄路
A7442442549,1061521,书香尚城,临沂,二手房,陶然北路
A7474790146,1428070,东泰幸福里(公寓住宅),临沂,二手房,"莲旺街,近双成路"
R2954492613354506,713735,广田悦园,临沂,二手房,"宏大路,近大山路"
A7231137426,1303117,致远翡翠湖,临沂,二手房,科技大道115号
A7436568110,1076518,林庄御园澜庭,临沂,二手房,涑河北街
A7470300108,973128,郯城花苑,临沂,二手房,建设路32号
A7425806349,1030235,城开景悦,临沂,二手房,"清河北路,近沂州路"
A7471414669,1235216,壹号公馆,临沂,二手房,宗圣路
A7464405855,972750,史丹利文慧园(临沭),临沂,二手房,常林西大街48号
A7476237832,1173647,鲁南新国际,临沂,二手房,蒙山大道
A7295001356,1543010,书香檀悦,临沂,二手房,北环路165号
A7442893112,1160573,奥正诚园,临沂,二手房,滨河东路
A7385532874,941535,新东关,临沂,二手房,"解放路,近沂州路"
A7442548657,972755,香缇郡,临沂,二手房,"滨河东路,近桃源街"
A7395410827,1087476,诚德翰林园,临沂,二手房,清河南路
R2387250872392718,677157,兴盛小区,临沂,二手房,银雀山路
A7164646904,1186473,阜丰时代城锦园,临沂,二手房,北二路
A7435086519,783035,浮来春公馆,临沂,二手房,北京路
A7384328918,1370377,三众十里阳光,临沂,二手房,长安南路33号
A7386441033,1162421,浮来春公馆(别墅),临沂,二手房,北京路
A7462557436,678196,蓝湖国际,临沂,二手房,泉山路
A7475504031,677911,伊丽莎白东岸,临沂,二手房,滨河东路
A7447474929,924678,宝丽盛世阳光,临沂,二手房,"罗六路,近湖北路"
A7421159475,1082069,天泽华府,临沂,二手房,郯东路60号
R3988678989753351,677996,景钰嘉园(西区),临沂,二手房,苍山北路
A7433478857,1147503,明德新城,临沂,二手房,新枣路
A7437925963,787992,凯润滨湖花园(公寓住宅),临沂,二手房,兰亭路
A7236995839,1501445,儒辰璟宸御园,临沂,二手房,"双月湖路,龙腾路"
A7136673766,972911,港湾新里程,临沂,二手房,沂河路
A7412984804,972617,东方御景(郯城),临沂,二手房,马陵路3号
A7424804633,678259,沂龙湾润园,临沂,二手房,济南路
A7435874798,678209,秀水湾,临沂,二手房,济南路
A7449865846,677957,一品澜湾小区,临沂,二手房,郯东路172号
A7457522526,1033355,新城吾悦广场,临沂,二手房,"东兴路,近安居街"
A7471299582,1432987,桂花丽舍,临沂,二手房,"光明南路,近惠民街"
A7470536804,677912,君悦兰亭,临沂,二手房,东兴路
A7435128890,1088815,宝馨嘉苑,临沂,二手房,蒙阳路
A7397484205,766262,银丰雅园,临沂,二手房,武汉路
R3352868013072397,1186410,临沭景城花园,临沂,二手房,光明北路188号
A7417936847,766115,太子湖花园,临沂,二手房,通达路
R4354637912596485,1380615,绿地紫峰公馆,临沂,二手房,"雄安大道,近汤河路"
A7464303709,1161011,凤凰郡,临沂,二手房,正大街
A7462475059,1521317,中海熙园,临沂,二手房,"沂蒙路,近沂河路"
A7453265978,1316363,儒辰金邑首府,临沂,二手房,"金花路,近文化路"
A7420137596,676689,华苑中天,临沂,二手房,北园路168号
A7335293290,1030235,城开景悦,临沂,二手房,"清河北路,近沂州路"
A7329666418,678211,朴园,临沂,二手房,"沭河路,近济南路交回"
A7241662518,1380498,豪森铂悦,临沂,二手房,"人民大街,近华龙路"
A7472287191,1195633,房源印象东城,临沂,二手房,巩村路
A7438179201,1314669,中国院子(公寓住宅),临沂,二手房,滨河东路
A7262554765,997764,外滩香格里拉,临沂,二手房,聚才路2号
A7425639566,972776,依云小镇,临沂,二手房,"沂州路,近清河南路"
A7364448955,766733,天泰华府(南区),临沂,二手房,天津路
A7423882637,677801,幸福花城(C区),临沂,二手房,东兴路
A7464787373,1019748,莲花新城,临沂,二手房,"莲花山路,近北岭街"
A7453789946,943321,荣盛沂河馨苑(A区),临沂,二手房,凤仪街
A7421089497,972695,龙泉嘉园,临沂,二手房,"人民路,近古城路"
A7475770523,1187551,大名城(北区),临沂,二手房,"双城路,近滨河东路"
A7415154585,1189605,郯子湖小区,临沂,二手房,环湖南路6号
A7312683960,678259,沂龙湾润园,临沂,二手房,济南路
A7476491543,972769,史丹利学府名苑,临沂,二手房,"沭河东大街,近冠山路"
A7415928084,1388611,海联芳华,临沂,二手房,"蒙山高架路,近化武路"
A7474604782,1007303,鼎峰新立方,临沂,二手房,"沂蒙路,近北京路"
A7479271265,1473465,创远金樾府,临沂,二手房,"聚才路,近王庄路"
A7420286308,972752,西山小区,临沂,二手房,"振兴路,近历山路"
A7405011340,973222,怡海国际新城,临沂,二手房,东兴路
A7381337530,677018,卧龙嘉苑,临沂,二手房,大青山路93号
R3593628236766220,1007901,齐鲁园广场,临沂,二手房,"济南路,近孝河路"
A7325566493,676895,泰和花园(东区),临沂,二手房,涑河北街
A7387885408,973237,银河湾小区(费县),临沂,二手房,站前路
A7432799674,676873,兰亭水岸,临沂,二手房,滨河路
A7418436857,677525,曹家王庄小区(东区),临沂,二手房,"工业大道,近水田路"
A7429245280,864365,恒大绿洲,临沂,二手房,"华夏路,近香港路"
A7456667248,1082971,凤凰家园(二期),临沂,二手房,智圣路
A7379370797,677634,地王豪庭,临沂,二手房,双月湖路107号
A7100102446,973089,瑞腾优卡空间,临沂,二手房,蒙山大道
A7455615517,677007,水岸华庭(兰山),临沂,二手房,聚才路2号
A7317708282,1183685,桂龙学府,临沂,二手房,沃尔沃路
A7455706671,938791,城建锦绣城,临沂,二手房,中丘路
A7388936027,1066632,金泰瑞府,临沂,二手房,南京路
A7474999526,973187,信合家园(沂水),临沂,二手房,裕丰路
A7478660636,678234,新方嘉园,临沂,二手房,卧虎山路3号
A7447332837,1188339,城投柳青玺悦(别墅),临沂,二手房,汤河路
A7262465659,912584,龙腾华景,临沂,二手房,青杨路39号
A7428562347,1042472,中山名都,临沂,二手房,鸡龙河北路
A7463801851,677005,环球国际广场,临沂,二手房,沂蒙路1号
A7474661650,676846,诚德盛世华庭,临沂,二手房,金源路174号
A7459280836,713708,万阅城,临沂,二手房,新华路
A7440822864,909611,泷璟,临沂,二手房,"卧虎山路,近沂山路"
A7470812851,678059,明德花园南区(平邑),临沂,二手房,西环一路
A7396255776,1147503,明德新城,临沂,二手房,新枣路
A7458475559,972868,大成家苑,临沂,二手房,化武路
A7433195937,972688,丽都小区,临沂,二手房,"朝阳路,近蒙山大道"
A7439681630,1019750,鲁商中心,临沂,二手房,"广州路,近孝河路"
A7423239775,678258,光耀陶朱公,临沂,二手房,滨河路
A7463684668,1204250,阜丰澜岸,临沂,二手房,上海路
A7461542572,1244288,新城福邸,临沂,二手房,会宝路
A7453895619,972709,明苑花园,临沂,二手房,人民路273号
A7404273367,1190503,涑河国际城B区,临沂,二手房,涑河北街
A7464763440,972688,丽都小区,临沂,二手房,"朝阳路,近蒙山大道"
R2385780265197572,1009145,华润凯旋门,临沂,二手房,开阳路19号
A7451746289,677559,清泉小区,临沂,二手房,沂州路
A7478487607,677706,康桥丽都,临沂,二手房,宝泉路
A7470329885,1505467,绿地玉晖公馆,临沂,二手房,"汤河路,近文化路"
A7388905705,677811,凤舞明珠,临沂,二手房,凤凰大街
A7425030692,972711,平安华府,临沂,二手房,羲之路159-1号
A7430098656,938887,金域华府,临沂,二手房,温凉河路
A7472147256,972617,东方御景(郯城),临沂,二手房,马陵路3号
A7455783021,992364,金海岸,临沂,二手房,郯东路167号
R3660945439712260,677064,皇山花园(一期),临沂,二手房,滨河东路
A7240460622,792116,荣盛花语馨苑,临沂,二手房,"武汉路,近马陵山路"
A7456615492,973076,清华园(兰陵),临沂,二手房,金盾路
A7401502754,1106425,园丁公寓,临沂,二手房,顺和路
A7462426284,973002,景城花园(费县),临沂,二手房,政通路251号
A7296739662,1176406,龙海国际,临沂,二手房,淮海路
A7434261696,1316365,鲁地德慧苑,临沂,二手房,师郯路
A7454846711,973043,鲁商凤凰城(二期别墅),临沂,二手房,涑河北街3号
A7450679186,1188339,城投柳青玺悦(别墅),临沂,二手房,汤河路
A7363379590,972926,红盾花园,临沂,二手房,大青山路
A7466863151,1384908,滨河万达一方上河府,临沂,二手房,"王庄路,近滨河路"
A7312681750,677008,澜泊湾(一期),临沂,二手房,"祊河路,近柳青河西路"
A7425787521,938789,滨河润城,临沂,二手房,"中丘路,近五号路"
A7458198059,1193511,舒格兰(二期),临沂,二手房,南京路
R3536558884412431,972825,东方御景(沂南),临沂,二手房,历山路99号
A7430873337,1194102,灏园,临沂,二手房,蒙河路
A7466302555,676794,东方花苑(兰山),临沂,二手房,通达路4号
A7468788661,677552,焦庄花园,临沂,二手房,沂州路
A7381416987,1158431,慧谷小镇,临沂,二手房,海关路
A7310105537,1030902,富林小镇,临沂,二手房,"化武路,近琅琊王路"
A7431189024,677157,兴盛小区,临沂,二手房,银雀山路
A7429985796,1265101,青棠湾小区(公寓住宅),临沂,二手房,滨河东路
A7416846619,972671,锦城花园,临沂,二手房,"工业北路,近湖东街"
A7416085320,1269239,金明寓世纪名筑,临沂,二手房,青云山路
A7432967871,676731,新港龙庭,临沂,二手房,祝丘路
A7455600396,972740,天宝花园,临沂,二手房,"金花路,近蒙阳路"
A7454778852,945158,大名城(南区),临沂,二手房,"鑫华路,近莲旺街"
R2578437307392005,1018018,金润商务大厦,临沂,二手房,"解放路,近开源路"
A7433496329,1380500,城建锦绣府,临沂,二手房,"中丘路,近五号路"
A7451398647,678323,爱伦坡,临沂,二手房,"广州路,近马陵山路"
A7457612582,678323,爱伦坡,临沂,二手房,"广州路,近马陵山路"
A7180772242,790445,深莞城,临沂,二手房,沂河路19号
A7467680104,1088123,新天华府,临沂,二手房,兴大西街
A7342887665,1510765,儒辰海棠樾府,临沂,二手房,"沂河路,清河东路"
A7479382724,1088124,掌舵龙湖,临沂,二手房,湖北路
A7460937626,928011,阳光国际,临沂,二手房,"裕丰路,近东一环路"
A7406651336,1016431,水岸华庭(兰陵),临沂,二手房,"顺和路,近滨河西路"
A7464386423,1276601,铂樾府,临沂,二手房,"沂蒙路,近金七路"
A7189130976,1082967,京汇菁华园,临沂,二手房,科技大道
A7388105021,973224,致远翡翠传奇,临沂,二手房,"科技大道,近湖北路"
A7458579294,1060274,泰鑫东望府,临沂,二手房,中昇大街
A7475679210,766640,北园春天(兰山),临沂,二手房,北园路299号
R4443847120591878,972855,财源小区,临沂,二手房,财源路
R3802457656437763,1087498,亲和家源颐和源(公寓住宅),临沂,二手房,滨河西路
A7452491039,1281661,北坛新区,临沂,二手房,沂博路780号
A7469470533,1082957,天桥名城,临沂,二手房,洪石路39号
R3969452833664007,1027242,馨景花园,临沂,二手房,上海路65号
A7475690973,676630,金鹰花园,临沂,二手房,八一路
A7383538939,1102641,裕原凤凰诚,临沂,二手房,南外环路
A7425773220,1214941,康城花园,临沂,二手房,金花路
R2852261485734924,677551,御园金顶,临沂,二手房,沂州路
A7262383959,677005,环球国际广场,临沂,二手房,沂蒙路1号
A7478301905,1488221,文博城,临沂,二手房,"通达路,近文化二路"
A7458268207,1020108,园丁福城(B区),临沂,二手房,佳园路
A7464614865,972770,雅禾华侨城,临沂,二手房,"十泉路,近西一路"
A7466926732,678202,金猴北城名居,临沂,二手房,天津路
A7470271021,1009145,华润凯旋门,临沂,二手房,开阳路19号
A7441010586,1187592,明德花园北区,临沂,二手房,"明德路,近兴水路"
A7377997767,678206,澜泊湾天玺(别墅),临沂,二手房,"祊河路,近柳青河西路"
A7395188231,973090,润地玉苑,临沂,二手房,西外环路
A7305622798,1473465,创远金樾府,临沂,二手房,"聚才路,近王庄路"
A7439686688,1074582,书苑府邸(一期东区),临沂,二手房,师郯路6号
A7307486480,973239,银雀苑,临沂,二手房,沂蒙路
A7441135574,1186453,埠东家园(西区),临沂,二手房,"陶然路,近中丘路"
R2630782408072197,1187045,新东关凤翔苑,临沂,二手房,"考棚街,近东关街"
A7465612763,945720,绿城花园,临沂,二手房,"长安北路,近北一环路"
A7472006592,1028359,鲁洲清华园,临沂,二手房,鲁洲路18号
A7451340848,1088115,荣盛凯恩花园,临沂,二手房,蒙山大道
A7445252497,973076,清华园(兰陵),临沂,二手房,金盾路
A7348024026,677805,莱茵国际,临沂,二手房,李公河路
A7438163678,677674,悦澜山,临沂,二手房,通达南路
A7452219397,864374,舒格兰(一期),临沂,二手房,"南京路,近沭河路"
A7454197110,678001,颐和御园,临沂,二手房,光明北路
A7479390966,766115,太子湖花园,临沂,二手房,通达路
A7381213952,1066942,东华都市阳光,临沂,二手房,"长安路,近香港路"
A7358249913,677632,宝丽盛世华庭,临沂,二手房,火炬路
A7354240772,676994,中德华尔兹,临沂,二手房,"沂蒙路,近滨河路"
R2391396348926981,1198335,宝来新天地,临沂,二手房,中山北路29号
A7409860858,1085915,天元锦都上城,临沂,二手房,北京东路
A7414761345,973080,清水湾花园,临沂,二手房,滨河路
A7222380442,1187039,香水郡,临沂,二手房,清河南路1号
A7439692863,1410672,韵皓圣廷苑,临沂,二手房,"湖北路,近湖东二路"
R3464247362690056,972769,史丹利学府名苑,临沂,二手房,"沭河东大街,近冠山路"
A7332912737,1194102,灏园,临沂,二手房,蒙河路
A7475407599,677995,临沭第一城,临沂,二手房,苍山南路
A7438873204,972692,领秀豪庭,临沂,二手房,"解放东路,近滨河东路"
A7449796016,973223,怡景绿洲,临沂,二手房,清河南路
A7477912445,972763,鑫源尚城(平邑),临沂,二手房,"蒙阳路,近朝阳路"
A7472983294,972947,惠民新苑,临沂,二手房,南外环路
A7479490840,972597,安嘉花雨馨,临沂,二手房,"朝阳路,近滨河东路"
A7352374533,1470216,福宽广场,临沂,二手房,"浚河路,近龙石路"
A7424837757,1033355,新城吾悦广场,临沂,二手房,"东兴路,近安居街"
A7455133232,713747,临沂金世纪新城,临沂,二手房,青年路39号
A7458716338,1664010,鲁商万科城如园,临沂,二手房,"平安路,近蒙山大道"
A7463389419,1380499,万城瑞府,临沂,二手房,"西五路,近北环路"
A7454720860,1087448,绿地佳园,临沂,二手房,顺和路
R4314200642527232,862842,香江时代华庭,临沂,二手房,聚才路81号
A7467593208,1195827,明德花园(平邑),临沂,二手房,明德路
A7421548685,677108,涑河城邦,临沂,二手房,顺和街
A7463460845,677241,金雀花苑,临沂,二手房,金雀山路
A7426488901,1108461,金桥花园板桥社区,临沂,二手房,板桥路
A7169373164,1183682,于泉尚城,临沂,二手房,通达路
A7472243063,973240,银星华府,临沂,二手房,富民路16号
A7478410920,713807,五大道,临沂,二手房,中丘路
A7201846217,677015,致远海上传奇,临沂,二手房,滨河东路18号
A7383292318,945157,翰林华府(沂水),临沂,二手房,双成路
A7391252125,767015,天元名筑,临沂,二手房,金沙路2号
A7180777784,676844,蓝湾国际(C区),临沂,二手房,东岳庙街41号
A7465275854,1180815,开元状元府,临沂,二手房,东升路
A7468698860,678234,新方嘉园,临沂,二手房,卧虎山路3号
A7347436451,973067,金升社区A区(西区),临沂,二手房,"武汉路,近茶山路"
A7449704176,972735,十里阳光,临沂,二手房,"沂河路,近祝丘路"
A7314525507,792467,滨河阳光(兰山),临沂,二手房,兰陵路
A7471259404,972757,新区绿城,临沂,二手房,"文峰路,近桃李路"
A7238706621,1198609,天泰沂州府(别墅),临沂,二手房,滨河路
A7450784468,972757,新区绿城,临沂,二手房,"文峰路,近桃李路"
R4591554374474756,677609,阳光新苑,临沂,二手房,双月湖路
R4124583217569799,678193,开元瑞都(西区),临沂,二手房,迎宾路
A7477252751,792116,荣盛花语馨苑,临沂,二手房,"武汉路,近马陵山路"
A7457494261,972752,西山小区,临沂,二手房,"振兴路,近历山路"
A7467827621,1088106,费县书香雅苑,临沂,二手房,东外环路
A7430283233,1190505,华前广场富华小区(B区),临沂,二手房,通达路161号
R4525066197265411,993481,浚东社区,临沂,二手房,滨河西路
R2536164719193092,1007308,金盾家园(西区),临沂,二手房,"文峰路,近迎宾路"
A7451356299,991341,汇通天下,临沂,二手房,兰山北园路313号
A7457266009,677971,龙门豪庭,临沂,二手房,和平路
A7400618379,677238,沂城花园,临沂,二手房,金雀山路
A7468605544,677238,沂城花园,临沂,二手房,金雀山路
A7450686952,677556,诚德清华俊景,临沂,二手房,解放路19号
A7360884029,1527674,临矿玖府,临沂,二手房,"罗程路,近罗三路"
A7471620946,678033,怡嘉苑,临沂,二手房,汉阙路
A7232036872,1205347,阳都凤凰城,临沂,二手房,历山路
R2600529549925377,1007901,齐鲁园广场,临沂,二手房,"济南路,近孝河路"
A7381614695,677772,滨江中央华府(罗庄),临沂,二手房,清河南路
A7363239558,677238,沂城花园,临沂,二手房,金雀山路
R3178646278937609,1171691,莒南阳光国际小区,临沂,二手房,镇中路
A7430801704,1388335,城建未来城,临沂,二手房,红石崖路16号
A7432774332,1088124,掌舵龙湖,临沂,二手房,湖北路
A7437906932,1046907,沂景花园,临沂,二手房,建设西路
A7413980290,1066942,东华都市阳光,临沂,二手房,"长安路,近香港路"
A7445244694,677615,欧罗花园,临沂,二手房,护台路5号
A7313541735,1052585,阳光新城(罗庄),临沂,二手房,龙潭路
A7216315783,1008632,名仕佳苑,临沂,二手房,"隆山路,近洪石路"
A7468773075,676985,开阳名居,临沂,二手房,开阳路
A7470445196,678310,荣昌绿园,临沂,二手房,"孝河路,近武汉路"
A7454011546,678239,沂州花园(兰山),临沂,二手房,沭河路
A7430170704,1108461,金桥花园板桥社区,临沂,二手房,板桥路
A7439729909,1135226,花溪樾,临沂,二手房,湖北路
A7417961067,677012,意林小镇,临沂,二手房,秀水路
A7416060240,677211,开元上城,临沂,二手房,中丘路
A7469360534,972936,华润佳园(罗庄),临沂,二手房,湖北路
A7422547926,973232,银城花园,临沂,二手房,南外环路
R4459882767506435,1187587,新盛家园,临沂,二手房,蒙山大道123号
A7475645622,991341,汇通天下,临沂,二手房,兰山北园路313号
A7477873972,677531,银杏花园,临沂,二手房,和平路
A7404074003,871671,阜丰康桥郡,临沂,二手房,汤河路
A7460081997,678056,汇源城,临沂,二手房,327国道
A6980950330,993480,河湾社区,临沂,二手房,蒙阳路
A7298628404,1388610,泰鲁禧玥,临沂,二手房,"机场路,近东兴路"
A7438859115,1179514,市委大院,临沂,二手房,沂蒙路219号
A7416044275,973218,沂景华庭,临沂,二手房,滨河路
A7452264435,1312734,德居一品(东区),临沂,二手房,"兵圣路,近算圣路"
A7341372082,713723,奥斯卡上品公馆,临沂,二手房,新华路
A7444392570,1384318,滨河阳光(兰陵),临沂,二手房,"文峰路,近滨河东路"
A7476314436,1075586,南湖尚城,临沂,二手房,科技大道
A7474761128,973238,银桥金居,临沂,二手房,解放东路
A7405033030,677090,西张庄小区,临沂,二手房,育才路
A7387712573,1226038,德馨园(河东),临沂,二手房,合肥路
A7393852662,676689,华苑中天,临沂,二手房,北园路168号
A7447991657,678042,滨水雅园,临沂,二手房,金花路
A7459290271,1030741,东方明珠(费县),临沂,二手房,"健康路,近和平路"
A7477771136,1380500,城建锦绣府,临沂,二手房,"中丘路,近五号路"
A7442093113,1410672,韵皓圣廷苑,临沂,二手房,"湖北路,近湖东二路"
R4302382021763076,973089,瑞腾优卡空间,临沂,二手房,蒙山大道
A7434307122,1187594,蓝钻香醍,临沂,二手房,新枣路
A7475434314,1147500,银泰景苑,临沂,二手房,陶然路
A7425752801,972839,白鹭金岸,临沂,二手房,滨河路
A7467123506,1186473,阜丰时代城锦园,临沂,二手房,北二路
A7309997355,972877,东城社区(郯城),临沂,二手房,白马河路
A7144919322,677646,永福苑,临沂,二手房,新华路
A7409667479,1236475,宝丽世纪城,临沂,二手房,湖北路
A7347279830,1054478,海联江山里,临沂,二手房,长安路
A7429567274,912196,地王银雀华府,临沂,二手房,琅琊王路
A6835809979,1431486,鲁商万科城,临沂,二手房,金雀山路154号
A7185010920,1033014,保利堂悦,临沂,二手房,"长沙路,近马陵山路"
A7458456474,677605,汇铭华府,临沂,二手房,湖北路
A7478791864,1410687,阜丰时代广场,临沂,二手房,"新建路,近华鲁街"
A7409938656,972720,青年宜居,临沂,二手房,"南京路,近孝河路"
A7445144925,713684,金雀山小区(北区),临沂,二手房,陵园前街
A7473025660,972810,泽润园,临沂,二手房,郯东路188号
A7373552427,677632,宝丽盛世华庭,临沂,二手房,火炬路
A7401238963,1033014,保利堂悦,临沂,二手房,"长沙路,近马陵山路"
A7464350149,677009,滨河国际,临沂,二手房,滨河路
A7052254343,678342,月澜锦程,临沂,二手房,沭河路58号
A7467733797,1388611,海联芳华,临沂,二手房,"蒙山高架路,近化武路"
A7408901970,1187551,大名城(北区),临沂,二手房,"双城路,近滨河东路"
A7475465959,1388335,城建未来城,临沂,二手房,红石崖路16号
A7450629146,1510765,儒辰海棠樾府,临沂,二手房,"沂河路,清河东路"
A7393348950,1388609,天怡嘉园,临沂,二手房,"通达南路,近工业路"
A7476466088,972778,沂河观邸,临沂,二手房,"凤翔街,近智圣路"
A7412900039,1183682,于泉尚城,临沂,二手房,通达路
A7416042336,1314668,中国院子(别墅),临沂,二手房,滨河东路
A7382284596,677603,天顺家园,临沂,二手房,新华路
A7428196390,973218,沂景华庭,临沂,二手房,滨河路
A7456539145,677588,鼓楼台小区,临沂,二手房,兰山路19号
A7435691659,991357,颐和嘉园,临沂,二手房,"书圣路,近北京东路"
A7423915318,676739,华前广场富华小区A区,临沂,二手房,通达路161号
A7314715903,677801,幸福花城(C区),临沂,二手房,东兴路
A7418012757,1486235,海博望江府,临沂,二手房,"滨河东路,近厦门路"
R4512886365330441,1178661,文创园,临沂,二手房,连荷线
A7467915704,973270,竹林桥南区,临沂,二手房,八腊庙街
A7470779143,973284,海润尚东国际(北区),临沂,二手房,"青援路,近北一环路"
A7406946296,767015,天元名筑,临沂,二手房,金沙路2号
A7463841506,677241,金雀花苑,临沂,二手房,金雀山路
A7473109167,1186408,临沭金盾花园,临沂,二手房,光明北路
A7477873041,766115,太子湖花园,临沂,二手房,通达路
A7389265932,676874,金叶花园(兰山),临沂,二手房,"北京路,近上海路"
A7359519180,1669440,润地新城(商住楼),临沂,二手房,科教路
A7475767881,945165,长安国际,临沂,二手房,长安中路210号
A7425734672,1399780,万城春暖花开(公寓住宅),临沂,二手房,"滨河西路滨河西路,近湖北路"
A7219054593,1131057,滨河名邸,临沂,二手房,香港路
R4179541367577603,972702,毛纺厂家属院,临沂,二手房,"自由路,近光明路"
A7418630806,972853,滨河绿洲,临沂,二手房,沂河大道
A7413997073,1176406,龙海国际,临沂,二手房,淮海路
A7474758648,678262,爱琴海(兰山),临沂,二手房,"广州路,近成都路"
R4174907773414408,973216,青啤沂河美域,临沂,二手房,滨河路
A7457738333,972597,安嘉花雨馨,临沂,二手房,"朝阳路,近滨河东路"
A7461370011,678356,盛世沂城(公寓住宅),临沂,二手房,双月湖路
A7379100965,783033,德居一品(西区),临沂,二手房,府前巷1号
A7472852393,1376380,城开御府,临沂,二手房,"朝阳路,近北环路"
A7282233588,1183678,锦绣华庭(罗庄)(二期),临沂,二手房,清河南路
A7382485457,1179507,阜丰时代城荣园,临沂,二手房,隆山路
A7465923835,1178661,文创园,临沂,二手房,连荷线
A7467003747,1388610,泰鲁禧玥,临沂,二手房,"机场路,近东兴路"
A7234647211,677614,美澳花园,临沂,二手房,滨河南路8号
A7287895252,1380498,豪森铂悦,临沂,二手房,"人民大街,近华龙路"
A7198853140,713747,临沂金世纪新城,临沂,二手房,青年路39号
A7424859003,909610,中元御桂园,临沂,二手房,卧虎山路
A7477704422,972831,爱琴海(临沭),临沂,二手房,光明北路
A7344920087,678033,怡嘉苑,临沂,二手房,汉阙路
A7478713366,1033355,新城吾悦广场,临沂,二手房,"东兴路,近安居街"
A7458448663,678333,朗润苑,临沂,二手房,上海路
A7437135903,1667757,碧桂园翡丽之光景悦,临沂,二手房,军民路
A7478660309,677786,贵和花园(河东),临沂,二手房,安居街136号
A7447250786,972709,明苑花园,临沂,二手房,人民路273号
A7413049947,973094,山水绿城,临沂,二手房,南外环路
A7475001945,944812,天成家园,临沂,二手房,"沂蒙山路,近莲旺街"
A7198307597,676702,盛世春晖,临沂,二手房,平安路203号
A7473036246,973074,前园花园(C区),临沂,二手房,北园路
A7457303295,792849,汀香郡,临沂,二手房,成都路
A7440748254,676861,鲁商凤凰城,临沂,二手房,涑河北街3号
A7455024401,677898,御山河,临沂,二手房,滨河东路
A7311678105,972699,鲁商金悦城,临沂,二手房,金雀山路154号
A7421352418,677333,天元国际,临沂,二手房,金雀山路
A7467908796,972741,天基黄金水岸,临沂,二手房,"滨河路,近银雀山路"
A7436510261,677755,开元美郡,临沂,二手房,双月湖路
A7473005370,1198336,金麟嘉园,临沂,二手房,湖北路
A7394380016,1042472,中山名都,临沂,二手房,鸡龙河北路
A7479281736,923075,开元上府,临沂,二手房,"即丘路,近平安路"
A7435713871,713708,万阅城,临沂,二手房,新华路
A7412367897,1667757,碧桂园翡丽之光景悦,临沂,二手房,军民路
A7457548370,973135,天元城市绿洲,临沂,二手房,工业大道
A7470510993,678160,龙凤御景,临沂,二手房,塔山路
A7469636501,677961,中央华庭,临沂,二手房,文化路
A7430200428,676631,颐龙恒泰,临沂,二手房,金源路32号
A7478553767,940147,恒大翡翠华庭,临沂,二手房,"长沙路,近沂蒙路"
A7420456069,677637,护台小区,临沂,二手房,护台路3号
A7477703580,677811,凤舞明珠,临沂,二手房,凤凰大街
A7450532793,871671,阜丰康桥郡,临沂,二手房,汤河路
A7366966956,678309,京韵园,临沂,二手房,沭河路
A7470447663,677772,滨江中央华府(罗庄),临沂,二手房,清河南路
A7449055433,1082957,天桥名城,临沂,二手房,洪石路39号
A7464456404,677898,御山河,临沂,二手房,滨河东路
A7381641548,678066,华泉苑,临沂,二手房,十泉东路
A7444542033,677637,护台小区,临沂,二手房,护台路3号
A7449841108,972665,金茂印象,临沂,二手房,"西一路,近十泉路"
A7470388167,993478,大南泉社区,临沂,二手房,蒙阳路
A7403981087,1005755,宝德花园,临沂,二手房,银雀山路182号
A7408753075,713807,五大道,临沂,二手房,中丘路
A7420214206,1505985,一方中梁和府,临沂,二手房,"蒙山北路,近西安路"
A7413959928,973055,美多商贸城,临沂,二手房,前十街
A7336088870,677805,莱茵国际,临沂,二手房,李公河路
A7454275771,1087460,龙湾一品,临沂,二手房,鑫华西路
A7444410102,713827,兰亭凤栖苑,临沂,二手房,金雀山路
A7416641833,973176,新华苑(兰山),临沂,二手房,海关路94号
A7345912351,678206,澜泊湾天玺(别墅),临沂,二手房,"祊河路,近柳青河西路"
A7232997919,1198609,天泰沂州府(别墅),临沂,二手房,滨河路
A7461661187,677158,淮海御景湾,临沂,二手房,滨河路2号
A7439827991,1187589,桃花源小区,临沂,二手房,"莲花山路,近327省道"
A7453418462,677724,阳光翠湖嘉园,临沂,二手房,双月园路
A7458518526,678356,盛世沂城(公寓住宅),临沂,二手房,双月湖路
A7463743352,938887,金域华府,临沂,二手房,温凉河路
A6768933132,1410691,城投华皓城,临沂,二手房,"沂河路,近沃尔沃路"
A7405808760,713746,临沂铁路新村,临沂,二手房,八一路239号
A7449868468,996451,诚德碧海方舟,临沂,二手房,"武汉路,近北京路"
A7310120706,1018019,意林公馆,临沂,二手房,秀水路
A7425647347,973144,外滩明珠,临沂,二手房,滨河路
A7476881847,677015,致远海上传奇,临沂,二手房,滨河东路18号
A7466893952,1512644,蓝钻瑞府,临沂,二手房,"金花路,近蒙山大道"
A7456437852,677531,银杏花园,临沂,二手房,和平路
A7381385678,973232,银城花园,临沂,二手房,南外环路
A7343681389,767016,联安现代城,临沂,二手房,沂州路
A7459329325,945164,东泰河东岸,临沂,二手房,红城路7号
A7353796073,713771,永恒华府,临沂,二手房,解放路1号
A7382478857,792849,汀香郡,临沂,二手房,成都路
A7446174532,1510560,儒辰金水湾,临沂,二手房,"西三路,近顺河路"
A7458276648,1265102,万城祥云大院,临沂,二手房,通达南路
A7475689642,972818,圣兰菲诺(别墅),临沂,二手房,"算圣路,近书圣路"
A7290896302,943576,鸿润佳园,临沂,二手房,罗三路
R4524609695523847,676844,蓝湾国际(C区),临沂,二手房,东岳庙街41号
R4570004269949960,676662,北园花苑,临沂,二手房,北园路260号
R4365295233736714,676995,富雅小区,临沂,二手房,东岳庙街
A7426505995,954714,华润书香府,临沂,二手房,沂河路
A7417681496,1432987,桂花丽舍,临沂,二手房,"光明南路,近惠民街"
A7385411055,972610,城开首府,临沂,二手房,"长沙路,近茶山路"
A7444725267,973086,荣盛沂河馨苑(B区),临沂,二手房,智圣路
A7409771431,972748,万象阳光城,临沂,二手房,"利民街,近阳光北路"
A7446527048,972782,教育家园,临沂,二手房,"人民路,近温泉路"
A6545073046,678258,光耀陶朱公,临沂,二手房,滨河路
R4552745031590920,677097,涑河国际城A区,临沂,二手房,涑河北街
A7413198306,972674,荣盛塞纳荣府,临沂,二手房,智圣路
A7451267849,972709,明苑花园,临沂,二手房,人民路273号
A7453222772,1087458,城市花园C区,临沂,二手房,佳园路
A7475730753,677614,美澳花园,临沂,二手房,滨河南路8号
A7342764061,1669440,润地新城(商住楼),临沂,二手房,科教路
A7403135728,1147500,银泰景苑,临沂,二手房,陶然路
A7433439026,1067126,远州杰座,临沂,二手房,"香港路,近沈阳路"
A7373310051,1667235,龙樾府,临沂,二手房,"湖北路,近火炬路"
A7201827218,1147500,银泰景苑,临沂,二手房,陶然路
R4575599195315213,1520533,杏林花园,临沂,二手房,人民路6号
A7445242155,1491229,碧桂园城投翡翠外滩,临沂,二手房,滨河东路
A7303028255,676893,蓝湾国际A区,临沂,二手房,东岳庙街56号
A7461026113,1127640,金檀花苑,临沂,二手房,沭河路
A7443535573,1239939,君道蔚蓝海岸,临沂,二手房,金升路
A7453971802,677071,嘉益台北新城,临沂,二手房,启阳路
A7168977595,972644,翰林庄园,临沂,二手房,"聚才七路,近临西九路"
A7428463897,713747,临沂金世纪新城,临沂,二手房,青年路39号
A7466864218,1314669,中国院子(公寓住宅),临沂,二手房,滨河东路
R3655289525216267,972894,翡翠星城小区,临沂,二手房,苍山北路
A7479477420,766115,太子湖花园,临沂,二手房,通达路
A7295671723,1186473,阜丰时代城锦园,临沂,二手房,北二路
A7349459057,678206,澜泊湾天玺(别墅),临沂,二手房,"祊河路,近柳青河西路"
R4574084200852484,1063207,阳光尚府,临沂,二手房,护台路13号
A7407755842,923070,正直花园,临沂,二手房,"孝友路,近人民大街"
A7274593690,677008,澜泊湾(一期),临沂,二手房,"祊河路,近柳青河西路"
A7458627335,1171691,莒南阳光国际小区,临沂,二手房,镇中路
R3416241608499200,713729,三阳地产清华园,临沂,二手房,开阳路
A7460650086,972750,史丹利文慧园(临沭),临沂,二手房,常林西大街48号
A7398365357,713885,汇通天下(别墅),临沂,二手房,北园路313号
A7321564657,677012,意林小镇,临沂,二手房,秀水路
A7418370395,677525,曹家王庄小区(东区),临沂,二手房,"工业大道,近水田路"
A7452266113,909610,中元御桂园,临沂,二手房,卧虎山路
A7345109919,678163,明珠新城,临沂,二手房,泉山路
A7450306572,1081718,朝阳家园,临沂,二手房,建设路
A7432882395,678209,秀水湾,临沂,二手房,济南路
A7478513648,677938,平安悦城(郯城),临沂,二手房,郯东路112号
A7449892188,678056,汇源城,临沂,二手房,327国道
A7473933072,1190481,国华新城,临沂,二手房,通达南路
A7479383938,678186,开元名都(东区),临沂,二手房,抱犊崮路
A7452444899,1008633,山水龙城(莒南),临沂,二手房,"天桥路,近洪石路"
A7398378326,677755,开元美郡,临沂,二手房,双月湖路
A7467029466,792116,荣盛花语馨苑,临沂,二手房,"武汉路,近马陵山路"
A7381177914,940391,德馨苑,临沂,二手房,内环北路
A7431889279,923540,环球掌舵,临沂,二手房,"长沙路,近温凉河路"
A7301348470,972924,恒弘城,临沂,二手房,双岭路
A7253354733,1186417,砚台岭社区B区,临沂,二手房,临西十路
A7402293150,973220,沂龙湾曦园,临沂,二手房,北京路
A7379432505,714048,东墩花园,临沂,二手房,启阳路
A7276683208,1187039,香水郡,临沂,二手房,清河南路1号
R4595200783508495,1316363,儒辰金邑首府,临沂,二手房,"金花路,近文化路"
A7445269307,1016431,水岸华庭(兰陵),临沂,二手房,"顺和路,近滨河西路"
A7465401003,1521317,中海熙园,临沂,二手房,"沂蒙路,近沂河路"
A7433871268,789055,蓝钻庄园(兰山),临沂,二手房,南京路
A7457328940,677607,金地华府,临沂,二手房,湖北路
A7476958324,714085,中国铁建东来尚城,临沂,二手房,滨河东路
A7419558072,1179519,史丹利四季长安(公寓住宅),临沂,二手房,长安路
A7364880357,678222,世纪新筑,临沂,二手房,兰陵路
R4517887407563786,677796,杨庄社区滨河金苑(B区),临沂,二手房,顺和路
A7096521219,1087444,翔龙清河苑,临沂,二手房,清河南路
A7401342821,677838,府东花园,临沂,二手房,华阳路
A7369653412,1566293,银盛泰博观新城(二期),临沂,二手房,"大青山路,近南昌路"
R4289431782202382,1007308,金盾家园(西区),临沂,二手房,"文峰路,近迎宾路"
A7452307824,677843,盛世花城,临沂,二手房,滨河东路
A7141541241,1088118,双创智汇城,临沂,二手房,连菏线
A7467046886,677215,龙城雅苑,临沂,二手房,通达路
A7379396942,676731,新港龙庭,临沂,二手房,祝丘路
A7395917855,766115,太子湖花园,临沂,二手房,通达路
A7453470214,973139,汀香郡(别墅),临沂,二手房,成都路
A7464728563,972673,锦泰国际,临沂,二手房,"金花路,近204省道"
A7433365150,972747,万和丽景园,临沂,二手房,"淮海路,近东环路"
A7443681163,871671,阜丰康桥郡,临沂,二手房,汤河路
A7468440958,1050889,阳光花园(平邑),临沂,二手房,蒙阳路
A7460956022,1505467,绿地玉晖公馆,临沂,二手房,"汤河路,近文化路"
A7449820780,1020105,史丹利景城花园(沂水)(公寓住宅),临沂,二手房,中心南街21号
A7427523597,677636,华润佳园东区(罗庄),临沂,二手房,湖北路
A7449033016,676890,富民小区(兰山),临沂,二手房,兰山路121号
A7228274554,945080,观河苑,临沂,二手房,聚才路
R4585553702087691,973216,青啤沂河美域,临沂,二手房,滨河路
A7461475904,1281661,北坛新区,临沂,二手房,沂博路780号
A7397421558,1281225,元沃御景苑,临沂,二手房,金华路
A7395434029,1486371,泰鲁时代城(公寓住宅),临沂,二手房,"双岭路,近王庄路"
A7479345508,1059633,开元阳光里,临沂,二手房,金坛路
A7280244380,678310,荣昌绿园,临沂,二手房,"孝河路,近武汉路"
A7396414919,677834,奥德紫荆城,临沂,二手房,"北京东路,近孝友路"
A7461700023,677985,华丰现代城,临沂,二手房,沭河东大街
A7478474114,1008634,杏坛书香,临沂,二手房,鑫河路
A7378910857,1049385,奥德海棠,临沂,二手房,北京路
A6999072106,973271,卓新天悦城,临沂,二手房,华夏路
A7382565815,676732,城市主人,临沂,二手房,北京路
A7257935545,678196,蓝湖国际,临沂,二手房,泉山路
A7400505946,792468,恒大华府,临沂,二手房,"孝河路,近成都路"
A7451412624,1073549,水岸华庭(沂水),临沂,二手房,腾飞路
A7457648753,1156542,理工学府(A区)(1-9号楼),临沂,二手房,东外环1号
A7368145554,1010262,翰邻福城,临沂,二手房,"金山路,近育才路"
A7439710505,1410672,韵皓圣廷苑,临沂,二手房,"湖北路,近湖东二路"
R2167742660927499,676996,杏花水岸(公寓住宅),临沂,二手房,沂蒙路
R2255777870143489,1102639,银光福源广场,临沂,二手房,建设东路
A7414946612,1514577,紫云府,临沂,二手房,"临工路,近李公河路"
A7276949665,1019904,怡和花园,临沂,二手房,"临工路,近昆明路"
A7460896106,1510765,儒辰海棠樾府,临沂,二手房,"沂河路,清河东路"
A7460179790,677831,水岸澜庭,临沂,二手房,顺和路
A7395573290,1167890,辰坤国际,临沂,二手房,蒙山北路63号
A7477164976,677210,金阳花园,临沂,二手房,金雀山路
A7464763150,1217086,润泰书香郡,临沂,二手房,"通达南路,近湖北路"
A7433455101,677630,金台名府,临沂,二手房,双月园路120号
A7442895103,676702,盛世春晖,临沂,二手房,平安路203号
A7414772707,677603,天顺家园,临沂,二手房,新华路
A7473771150,1066942,东华都市阳光,临沂,二手房,"长安路,近香港路"
A7423200971,678356,盛世沂城(公寓住宅),临沂,二手房,双月湖路
A7465307496,972841,百联华府(别墅),临沂,二手房,府左路
A7404401966,678280,兴冠园,临沂,二手房,天津路6号
A7414927961,713813,金坛小区,临沂,二手房,平安路
A7350849449,677672,罗兰花园,临沂,二手房,清河南路
A7444499439,1088103,宝德领航城,临沂,二手房,汤河路
A7430042558,678161,家天下(兰陵),临沂,二手房,滨河西路
A7432526069,923070,正直花园,临沂,二手房,"孝友路,近人民大街"
A7455762867,972602,宝丽悦府,临沂,二手房,"宝泉路,近开元路"
A7444771691,677994,鼎钰华居,临沂,二手房,中山路
A7425588981,1014919,宝德新里程,临沂,二手房,"琅琊王路,近金雀山路"
A7402190999,972684,蓝色港湾小区,临沂,二手房,"和平路,近健康路"
A7478351942,766114,阜丰大成郡,临沂,二手房,广州路
A7296670388,1162421,浮来春公馆(别墅),临沂,二手房,北京路
A7453324034,1316363,儒辰金邑首府,临沂,二手房,"金花路,近文化路"
A7460120073,972637,广夏兰都,临沂,二手房,"朝阳路,近人民路"
A7432128933,945728,东皋小区,临沂,二手房,双成东路12-25号
A7477897056,1008634,杏坛书香,临沂,二手房,鑫河路
A7479252126,676861,鲁商凤凰城,临沂,二手房,涑河北街3号
A7389984256,1370909,御尊尚府御富园,临沂,二手房,"雪山河路,近东二环路"
A7442645203,1052973,东方帝景,临沂,二手房,白马河路18号
A7387916035,1147503,明德新城,临沂,二手房,新枣路
A7404043581,1088121,万兴都公寓,临沂,二手房,涑河南街22号
A7416088136,973112,水岸名城(费县),临沂,二手房,自由路
A7035515615,1180816,儒辰含章园,临沂,二手房,临西十二路
A7471250347,973223,怡景绿洲,临沂,二手房,清河南路
A7467015232,676910,环球香樟园,临沂,二手房,"沂蒙路,近武汉路"
A7323068865,941014,江泉国际,临沂,二手房,通达南路
A7473052146,972614,钓鱼台一号院,临沂,二手房,"滨河路,近祝丘路"
A7450304923,1030902,富林小镇,临沂,二手房,"化武路,近琅琊王路"
A7445448371,972939,华信浅水湾,临沂,二手房,滨河东路
A7476933862,1263238,慧谷星岸,临沂,二手房,"人民大街,近滨河东路"
A7379141668,972926,红盾花园,临沂,二手房,大青山路
A7314308846,973016,兰山小区,临沂,二手房,顺和街
A7405793061,972738,联泰中心城,临沂,二手房,北环路52号
A7472295709,1054478,海联江山里,临沂,二手房,长安路
A7452252891,973019,蓝钻庄园(平邑),临沂,二手房,新枣路
A7445050093,995828,奥正诚园(别墅),临沂,二手房,"滨河东路,近中晟街"
A7441960452,1052973,东方帝景,临沂,二手房,白马河路18号
R2344981088903173,941707,豪森丽都,临沂,二手房,通达路
A7434383816,923541,拉菲公馆,临沂,二手房,"沭河路,近长沙路"
A7423911713,1030741,东方明珠(费县),临沂,二手房,"健康路,近和平路"
A7408777631,677050,龙河湾,临沂,二手房,清河北路
A7449805867,1147503,明德新城,临沂,二手房,新枣路
A7343665300,677044,沂河花园(兰山),临沂,二手房,中丘路4号
R3740456829854723,677333,天元国际,临沂,二手房,金雀山路
R4386696906155022,677551,御园金顶,临沂,二手房,沂州路
A7456504471,1038557,三孔桥小区,临沂,二手房,"颜巷口街,近兰山路"
A7442757594,1276601,铂樾府,临沂,二手房,"沂蒙路,近金七路"
A7453505521,678331,祥园,临沂,二手房,黄白河路
A7336951908,973208,一品观园(别墅),临沂,二手房,滨河东路
A7246282475,677755,开元美郡,临沂,二手房,双月湖路
R4525102372611080,1198335,宝来新天地,临沂,二手房,中山北路29号
A7370318883,1382684,府佑书院(公寓住宅),临沂,二手房,"海关路,近长安路"
A7411423053,677609,阳光新苑,临沂,二手房,双月湖路
A7307406735,1087441,史丹利皇山景城花园(公寓住宅),临沂,二手房,皇山路
A7218306157,779965,高尔夫庄园,临沂,二手房,滨河路
A7464401387,909865,十二星城,临沂,二手房,"文峰山路,近北京路"
R1963462744809480,1233783,泰盛广场,临沂,二手房,解放路88号
A7366586397,1087448,绿地佳园,临沂,二手房,顺和路
R4534278244969472,713708,万阅城,临沂,二手房,新华路
A7400880374,1199089,金雀新城(B区),临沂,二手房,金坛路
A7478461555,676994,中德华尔兹,临沂,二手房,"沂蒙路,近滨河路"
A7456607586,972614,钓鱼台一号院,临沂,二手房,"滨河路,近祝丘路"
A7398460935,676836,恒基佳园,临沂,二手房,绣花城路
A7405063155,677211,开元上城,临沂,二手房,中丘路
A7403110773,676642,金玉山世纪花园,临沂,二手房,陶然路115号
A7191971673,678202,金猴北城名居,临沂,二手房,天津路
A7417872207,913066,旭洋城市风景,临沂,二手房,通达路
R4297109600050187,676996,杏花水岸(公寓住宅),临沂,二手房,沂蒙路
R3458808858764289,677228,豪情花园,临沂,二手房,平安路
A7445433133,1180816,儒辰含章园,临沂,二手房,临西十二路
A7445694104,973224,致远翡翠传奇,临沂,二手房,"科技大道,近湖北路"
A7162213189,1063207,阳光尚府,临沂,二手房,护台路13号
A7396151891,1063207,阳光尚府,临沂,二手房,护台路13号
A7448995072,677157,兴盛小区,临沂,二手房,银雀山路
A7443608070,872660,盛德桂园,临沂,二手房,"沂河路,近海关路"
A7324492574,1005125,颐高上海街(二期),临沂,二手房,"沂蒙北路,近上海路"
A7479419582,972720,青年宜居,临沂,二手房,"南京路,近孝河路"
A7442638203,677741,龙泽国际,临沂,二手房,科技大道132号
A7305629060,1473465,创远金樾府,临沂,二手房,"聚才路,近王庄路"
A7467058216,972778,沂河观邸,临沂,二手房,"凤翔街,近智圣路"
A7386402881,1393748,明悦郡,临沂,二手房,"罗六路,近双月湖前路"
A7434162962,1087454,翰林国府,临沂,二手房,佳园路
A7396347215,1087495,史丹利沂景花园,临沂,二手房,四平路
A7456537113,1198336,金麟嘉园,临沂,二手房,湖北路
A7312783503,678257,齐鲁园,临沂,二手房,天津路
A7236755186,941014,江泉国际,临沂,二手房,通达南路
A7460209737,1088117,石油小区b区,临沂,二手房,东岳庙街
A7473714347,1478318,房源西岸公园,临沂,二手房,"临西十路,近聚才八路"
A7444371640,1410687,阜丰时代广场,临沂,二手房,"新建路,近华鲁街"
A7366620551,713732,百联华府,临沂,二手房,府左路
A7174172175,1073554,三合里润园,临沂,二手房,济南路
A7415934400,972882,东方佳园(平邑),临沂,二手房,蒙阳路
A7434447018,1380498,豪森铂悦,临沂,二手房,"人民大街,近华龙路"
A7468906713,973131,陶然华庭,临沂,二手房,银雀山路
A7410614041,1127640,金檀花苑,临沂,二手房,沭河路
R3091744032007168,677840,东华花园,临沂,二手房,沂河路
A7454906840,973132,天河景苑,临沂,二手房,秀水路
A7386409002,678323,爱伦坡,临沂,二手房,"广州路,近马陵山路"
A7438769777,1590886,青啤御棠府,临沂,二手房,"滨河路,近湖北路"
A7425425418,676842,阳光高第,临沂,二手房,金源路159号
A7414563164,1060274,泰鑫东望府,临沂,二手房,中昇大街
A7445300545,1371575,和园首府,临沂,二手房,"建设路,近西外环路"
A7455541387,1265101,青棠湾小区(公寓住宅),临沂,二手房,滨河东路
A7457419755,973220,沂龙湾曦园,临沂,二手房,北京路
A7396564779,676689,华苑中天,临沂,二手房,北园路168号
A7361621095,1186408,临沭金盾花园,临沂,二手房,光明北路
A7220731402,1376772,中粮壹号院(别墅),临沂,二手房,"智圣路,近凤临街"
A7402157789,1624497,房源君澜凤凰城,临沂,二手房,"凤仪街,近温泉路"
A6711439631,972827,银河龙门花园(别墅),临沂,二手房,"滨河东路,近临江路"
A7467116280,1190503,涑河国际城B区,临沂,二手房,涑河北街
A7076604720,713735,广田悦园,临沂,二手房,"宏大路,近大山路"
A7352770615,1059283,荣盛沂河馨苑C区,临沂,二手房,智诚路
R4512309069374479,676827,百合园,临沂,二手房,金坛路179号
A7403280032,1002816,后园馨园小区(BC区),临沂,二手房,成才路59号
A7445205087,713715,华强领秀城,临沂,二手房,解放路
A7400234495,938791,城建锦绣城,临沂,二手房,中丘路
A7413687867,1220705,费县清华园,临沂,二手房,自由西路
A7441818721,973172,新城花园(河东),临沂,二手房,解放东路
A7406699743,676857,昆仑花园,临沂,二手房,"沂蒙路,近南昌路"
A7473570513,678233,沂龙湾御园,临沂,二手房,北京路
A7374884804,1010266,鸿儒国际,临沂,二手房,"双岭路,近工业大道"
A7442564446,713746,临沂铁路新村,临沂,二手房,八一路239号
A7464271995,678033,怡嘉苑,临沂,二手房,汉阙路
A7425857867,1187591,明德兴水湾,临沂,二手房,"温凉河路,近327省道"
A7427786697,1016431,水岸华庭(兰陵),临沂,二手房,"顺和路,近滨河西路"
A7453175505,713745,久隆奥斯卡,临沂,二手房,解放路130号
A7373450307,1074582,书苑府邸(一期东区),临沂,二手房,师郯路6号
A7359522836,1087497,瑞沂蓝山,临沂,二手房,通达路
A7438842483,766560,皇山城,临沂,二手房,皇山路
A7470628796,677927,西城印象小区,临沂,二手房,昌盛路
A7283375309,1314667,海博壹江阅,临沂,二手房,"临工路,近滨河东路"
A7363291502,677902,豪森华府,临沂,二手房,人民大街999号
A7464547509,1010262,翰邻福城,临沂,二手房,"金山路,近育才路"
A7473690188,926232,魅力之城,临沂,二手房,沃尔沃路
A7464474864,1082975,东方御龙佳园,临沂,二手房,郯东路
A7466729267,1108801,盛德御园,临沂,二手房,光明北路
A7429986729,790445,深莞城,临沂,二手房,沂河路19号
A7462935078,1087495,史丹利沂景花园,临沂,二手房,四平路
A7467729629,972972,金联华府,临沂,二手房,银花路
A7399302713,1002816,后园馨园小区(BC区),临沂,二手房,成才路59号
A7427536302,972692,领秀豪庭,临沂,二手房,"解放东路,近滨河东路"
A7472146273,993478,大南泉社区,临沂,二手房,蒙阳路
A7474546976,677843,盛世花城,临沂,二手房,滨河东路
A7457580189,1486235,海博望江府,临沂,二手房,"滨河东路,近厦门路"
A7478681177,1510765,儒辰海棠樾府,临沂,二手房,"沂河路,清河东路"
A7470974711,678211,朴园,临沂,二手房,"沭河路,近济南路交回"
A7422257648,973271,卓新天悦城,临沂,二手房,华夏路
A7461851807,676739,华前广场富华小区A区,临沂,二手房,通达路161号
R3384875874640906,677556,诚德清华俊景,临沂,二手房,解放路19号
A7459376903,1380498,豪森铂悦,临沂,二手房,"人民大街,近华龙路"
A7468743640,1087454,翰林国府,临沂,二手房,佳园路
A7139200140,677780,皇山社区,临沂,二手房,香港路
A7436678769,1388617,城开尚苑,临沂,二手房,"工业大道,近解放路"
A7479376340,972734,胜利花园,临沂,二手房,"振兴路,近恒泰路"
R4620759851822085,678034,莲花园小区,临沂,二手房,蒙山大道
A7322277770,941014,江泉国际,临沂,二手房,通达南路
A7403271651,973139,汀香郡(别墅),临沂,二手房,成都路
A7468757559,676985,开阳名居,临沂,二手房,开阳路
A7449879114,991341,汇通天下,临沂,二手房,兰山北园路313号
A7427778820,1156542,理工学府(A区)(1-9号楼),临沂,二手房,东外环1号
A7323068724,1082971,凤凰家园(二期),临沂,二手房,智圣路
A7432954585,972678,国鑫爱琴海,临沂,二手房,"黄海路,近东环路"
A7470700833,991341,汇通天下,临沂,二手房,兰山北园路313号
A7400648446,1002816,后园馨园小区(BC区),临沂,二手房,成才路59号
A7467062688,676842,阳光高第,临沂,二手房,金源路159号
A7477865555,1187594,蓝钻香醍,临沂,二手房,新枣路
A7479157152,676994,中德华尔兹,临沂,二手房,"沂蒙路,近滨河路"
R1640563185721357,941707,豪森丽都,临沂,二手房,通达路
A7442829721,677932,尚城嘉苑,临沂,二手房,北环路157号
A7327397220,1566293,银盛泰博观新城(二期),临沂,二手房,"大青山路,近南昌路"
R3614384640925697,1087498,亲和家源颐和源(公寓住宅),临沂,二手房,滨河西路
R4548437347738632,864367,柳溪美庐,临沂,二手房,南京路
A7448894894,678201,文轩苑,临沂,二手房,"东升路,近开阳路"
A7442954182,676883,金茂花园,临沂,二手房,上海路
A7478505517,1002816,后园馨园小区(BC区),临沂,二手房,成才路59号
A7477811593,945875,海博长安府(公寓住宅),临沂,二手房,"长安路,近海关路"
A7478548758,1087460,龙湾一品,临沂,二手房,鑫华西路
A7405025118,713746,临沂铁路新村,临沂,二手房,八一路239号
A7470312368,973055,美多商贸城,临沂,二手房,前十街
A7476305620,945727,华信国际,临沂,二手房,"北一环路,近沂博路"
R3757921916952588,972709,明苑花园,临沂,二手房,人民路273号
R3350854241983493,677559,清泉小区,临沂,二手房,沂州路
A6771545464,678206,澜泊湾天玺(别墅),临沂,二手房,"祊河路,近柳青河西路"
A7479245146,1187591,明德兴水湾,临沂,二手房,"温凉河路,近327省道"
A7475661038,1187589,桃花源小区,临沂,二手房,"莲花山路,近327省道"
A7479301401,1473465,创远金樾府,临沂,二手房,"聚才路,近王庄路"
A7312659447,1061521,书香尚城,临沂,二手房,陶然北路
A7456610157,1399780,万城春暖花开(公寓住宅),临沂,二手房,"滨河西路滨河西路,近湖北路"
A7474971472,972741,天基黄金水岸,临沂,二手房,"滨河路,近银雀山路"
A7439090479,994769,翔宇三江领秀,临沂,二手房,"兰亭路,近李公街"
A7387771008,676876,泰和花园(北区),临沂,二手房,沂蒙路
A7459855952,677811,凤舞明珠,临沂,二手房,凤凰大街
A7449542414,973040,龙泉花园(兰陵),临沂,二手房,迎宾路
A7455904447,676749,中侨阳光濠庭,临沂,二手房,通达路50号
A7422399586,863140,慧谷倾城,临沂,二手房,沂州路169号
A7466954923,678172,金海湾,临沂,二手房,桃李路
R2885773433691140,677795,东旭第一城,临沂,二手房,金雀山东路
A7440864929,1189792,旭辉银盛泰公元锦里(公寓住宅),临沂,二手房,琅琊王路
A7386312210,1087460,龙湾一品,临沂,二手房,鑫华西路
A7332809379,973002,景城花园(费县),临沂,二手房,政通路251号
R2170459803182094,676996,杏花水岸(公寓住宅),临沂,二手房,沂蒙路
A7414935247,1401078,盛世华府(郯城),临沂,二手房,师郯路155号
A7442711728,972645,和美苑花园,临沂,二手房,"人民大街,近孝友路"
A7467034066,677215,龙城雅苑,临沂,二手房,通达路
A7408791532,1371570,凤临新城1号社区,临沂,二手房,"清河南路,近罗六路"
A7332868576,972761,鑫和园小区,临沂,二手房,"建设路,西外环路"
A7474995571,972723,群星家园,临沂,二手房,"中心南街,近腾飞路"
A7370512020,677834,奥德紫荆城,临沂,二手房,"北京东路,近孝友路"
A7206046246,973254,裕隆嘉园(平邑),临沂,二手房,西环一路
A7436405204,992363,金盾中央公园,临沂,二手房,人民路11-1号
A7429226316,677007,水岸华庭(兰山),临沂,二手房,聚才路2号
R3740416483109894,677567,桃花涧小区,临沂,二手房,沂州路177号
A7447919539,945726,兴沂金梦圆,临沂,二手房,健康路6号
A7408983873,677937,墨泉世家,临沂,二手房,文化路
A7446209888,1155308,府东佳园,临沂,二手房,白马河路
A7404318515,972747,万和丽景园,临沂,二手房,"淮海路,近东环路"
R1971151300287499,1019750,鲁商中心,临沂,二手房,"广州路,近孝河路"
A7450624757,1073568,香醍荣府,临沂,二手房,广州路1号
A7399536196,1010264,安泰金升华府,临沂,二手房,"长沙路,近沂蒙路"
A7323053190,1018019,意林公馆,临沂,二手房,秀水路
A7431732614,1309979,荣盛塞纳荣府(别墅),临沂,二手房,凤仪街1999号
A7412964365,871671,阜丰康桥郡,临沂,二手房,汤河路
A7456411686,1088103,宝德领航城,临沂,二手房,汤河路
A7362064711,972752,西山小区,临沂,二手房,"振兴路,近历山路"
A7425738746,1088814,沂州古城,临沂,二手房,南京路
A7431994699,678222,世纪新筑,临沂,二手房,兰陵路
A7360204998,678042,滨水雅园,临沂,二手房,金花路
A7450662888,1008635,三众阳光100小区,临沂,二手房,"沂博路,近北一环路"
R3185265741291526,938789,滨河润城,临沂,二手房,"中丘路,近五号路"
A7473729470,1088814,沂州古城,临沂,二手房,南京路
A7409295281,972855,财源小区,临沂,二手房,财源路
A7462489789,924678,宝丽盛世阳光,临沂,二手房,"罗六路,近湖北路"
R4633748252877827,677957,一品澜湾小区,临沂,二手房,郯东路172号
A7363330208,677050,龙河湾,临沂,二手房,清河北路
A7479230148,766522,永恒华源,临沂,二手房,通达路
A7428404213,1147500,银泰景苑,临沂,二手房,陶然路
A7391216315,972720,青年宜居,临沂,二手房,"南京路,近孝河路"
A7453236454,945206,山水文园,临沂,二手房,荆山路
A7341355709,973149,万泰新城花园,临沂,二手房,郯东路79号
A7474744838,973238,银桥金居,临沂,二手房,解放东路
A7298636143,1388610,泰鲁禧玥,临沂,二手房,"机场路,近东兴路"
A7461485488,973225,怡景园(平邑),临沂,二手房,银花路
A7018382725,714048,东墩花园,临沂,二手房,启阳路
A7433854635,972943,皇山花园(三期),临沂,二手房,四平路
A7314473589,677478,荣华园(兰山区),临沂,二手房,银雀山路
A7459881392,677811,凤舞明珠,临沂,二手房,凤凰大街
R4575863772242952,1005755,宝德花园,临沂,二手房,银雀山路182号
A7399348011,972610,城开首府,临沂,二手房,"长沙路,近茶山路"
A7444363153,678263,柳青齐鲁园,临沂,二手房,兰亭路
A7474041223,1007305,东方御景小区,临沂,二手房,"顺和路,近抱犊崮路"
A7477738780,678186,开元名都(东区),临沂,二手房,抱犊崮路
A7384015055,972681,康桥公馆,临沂,二手房,"通达南路,近湖北路"
R4459000105544717,1186404,壹号学府,临沂,二手房,336省道
A7446179785,678186,开元名都(东区),临沂,二手房,抱犊崮路
A7476377005,1042464,北方明珠,临沂,二手房,沂博路39号
A7368696095,1190502,双和花园里,临沂,二手房,清河南路
A7447187450,676642,金玉山世纪花园,临沂,二手房,陶然路115号
A7427426418,1187039,香水郡,临沂,二手房,清河南路1号
A7223820990,677345,苗庄小区,临沂,二手房,金雀山路
A7414164185,713729,三阳地产清华园,临沂,二手房,开阳路
A7408913726,1016431,水岸华庭(兰陵),临沂,二手房,"顺和路,近滨河西路"
A7430255635,677672,罗兰花园,临沂,二手房,清河南路
A7465458785,1179507,阜丰时代城荣园,临沂,二手房,隆山路
A7437171846,1087482,幸福华庭,临沂,二手房,幸福路
A7473914311,1256982,九州唐樾,临沂,二手房,静海路
A7328974538,1195633,房源印象东城,临沂,二手房,巩村路
A7393091912,940391,德馨苑,临沂,二手房,内环北路
A7447528281,792843,城建时代庄园,临沂,二手房,北园路323号
A7445432287,677681,中晟世纪城(公寓住宅),临沂,二手房,双月园路
A7414045909,1088115,荣盛凯恩花园,临沂,二手房,蒙山大道
A7293564053,677630,金台名府,临沂,二手房,双月园路120号
A7352077695,677637,护台小区,临沂,二手房,护台路3号
A7399375984,972614,钓鱼台一号院,临沂,二手房,"滨河路,近祝丘路"
R3181770420117515,972599,安信现代城,临沂,二手房,团结路64号
A7462495978,1526906,鲁邦华府(罗庄区),临沂,二手房,"双月园路,近湖西路"
A7401412998,1527674,临矿玖府,临沂,二手房,"罗程路,近罗三路"
A7460764918,677795,东旭第一城,临沂,二手房,金雀山东路
A7476287337,677973,常林御园,临沂,二手房,常林西大街
A7255094129,972753,溪苑兰亭,临沂,二手房,"工业大道,近解放路"
A7468039891,677605,汇铭华府,临沂,二手房,湖北路
A7439871977,943321,荣盛沂河馨苑(A区),临沂,二手房,凤仪街
A7450541372,923076,永尚润城,临沂,二手房,涑河南街
A7469643780,972936,华润佳园(罗庄),临沂,二手房,湖北路
A7441059560,713715,华强领秀城,临沂,二手房,解放路
A7471199408,676846,诚德盛世华庭,临沂,二手房,金源路174号
A7409788510,972796,盈科嘉园,临沂,二手房,"长沙路,近温凉河路"
A7428209074,713745,久隆奥斯卡,临沂,二手房,解放路130号
A7468962840,972838,八一小区,临沂,二手房,解放路167号
A7445246356,677615,欧罗花园,临沂,二手房,护台路5号
A7149938710,781049,秀水雅苑小区,临沂,二手房,"秀水路,近济南路"
A7407943745,713735,广田悦园,临沂,二手房,"宏大路,近大山路"
A7430854999,1410671,宝德集美东方(公寓住宅),临沂,二手房,"沂河路,近祝丘路"
A7355464580,1190505,华前广场富华小区(B区),临沂,二手房,通达路161号
A7466737456,1186476,滨河嘉园,临沂,二手房,站前路
A7446211434,1001590,银盛泰博观新城(一期),临沂,二手房,"沂蒙路,近西安路"
A7470305602,973149,万泰新城花园,临沂,二手房,郯东路79号
A7478473043,678331,祥园,临沂,二手房,黄白河路
A7473667261,1176406,龙海国际,临沂,二手房,淮海路
R3443483685920781,713684,金雀山小区(北区),临沂,二手房,陵园前街
A7366212355,1664010,鲁商万科城如园,临沂,二手房,"平安路,近蒙山大道"
A7291865735,677555,金雀新城(A区),临沂,二手房,金源路9号
A7429422912,972943,皇山花园(三期),临沂,二手房,四平路
R4363013341027328,1376380,城开御府,临沂,二手房,"朝阳路,近北环路"
A7473569934,973284,海润尚东国际(北区),临沂,二手房,"青援路,近北一环路"
A7464255145,972831,爱琴海(临沭),临沂,二手房,光明北路
A7464305704,677681,中晟世纪城(公寓住宅),临沂,二手房,双月园路
R1811406666767372,1156542,理工学府(A区)(1-9号楼),临沂,二手房,东外环1号
R4593016093172739,678210,曲沂社区(D区),临沂,二手房,"济南路,近大青山路"
A7465247794,1478318,房源西岸公园,临沂,二手房,"临西十路,近聚才八路"
A7292753710,1005125,颐高上海街(二期),临沂,二手房,"沂蒙北路,近上海路"
A7471371038,1075586,南湖尚城,临沂,二手房,科技大道
R2186299923013646,1187551,大名城(北区),临沂,二手房,"双城路,近滨河东路"
A7459992539,779965,高尔夫庄园,临沂,二手房,滨河路
A7447264640,972982,金泰华府(北区),临沂,二手房,"沂州路,近平安路"
A7439217234,972695,龙泉嘉园,临沂,二手房,"人民路,近古城路"
A7399294095,872660,盛德桂园,临沂,二手房,"沂河路,近海关路"
A7428250239,972882,东方佳园(平邑),临沂,二手房,蒙阳路
A7323272542,1388617,城开尚苑,临沂,二手房,"工业大道,近解放路"
A7400429898,1193511,舒格兰(二期),临沂,二手房,南京路
R3638641175896066,973268,中央华府(公寓住宅),临沂,二手房,浚河路86号
A7316950903,1102641,裕原凤凰诚,临沂,二手房,南外环路
A7357648082,1214941,康城花园,临沂,二手房,金花路
A7317246824,972823,澜泊湾(二期),临沂,二手房,"祊河路,近柳青河西路"
A7467002775,972684,蓝色港湾小区,临沂,二手房,"和平路,近健康路"
A7408839775,1201149,汇铭文苑,临沂,二手房,湖北路
A6863467412,1425393,致远天宸府,临沂,二手房,湖东路
A7186618563,678262,爱琴海(兰山),临沂,二手房,"广州路,近成都路"
R4374676807998471,677567,桃花涧小区,临沂,二手房,沂州路177号
A7436621618,678056,汇源城,临沂,二手房,327国道
R4149559602293770,1154053,远洋城大家,临沂,二手房,蒙山北路
R4388765777290250,678168,城市花园A区,临沂,二手房,文峰路
A7257535386,1491229,碧桂园城投翡翠外滩,临沂,二手房,滨河东路
A7427342583,677724,阳光翠湖嘉园,临沂,二手房,双月园路
A7410069953,973149,万泰新城花园,临沂,二手房,郯东路79号
A7473098393,973236,银河湾(别墅),临沂,二手房,算圣路
A7468572818,678333,朗润苑,临沂,二手房,上海路
A7479427930,912502,宝鼎花园,临沂,二手房,开阳路207号
A7417769585,1501445,儒辰璟宸御园,临沂,二手房,"双月湖路,龙腾路"
A7467701690,678356,盛世沂城(公寓住宅),临沂,二手房,双月湖路
A7463482062,972616,东方嘉苑小区,临沂,二手房,"银杏路,近钟山路"
A7419665373,678062,金碧花园,临沂,二手房,黄海西路119号
A7462472944,1198335,宝来新天地,临沂,二手房,中山北路29号
A7416851242,676904,沂龙湾清园,临沂,二手房,广州路
A7065891963,973157,裕隆文博苑,临沂,二手房,李公河路
A7453431497,792845,沂龙湾慧园,临沂,二手房,北京路
A7478495784,1087458,城市花园C区,临沂,二手房,佳园路
A7457512181,972688,丽都小区,临沂,二手房,"朝阳路,近蒙山大道"
A7381282063,677971,龙门豪庭,临沂,二手房,和平路
A7459348876,713721,福源家园,临沂,二手房,滨河路
A7443776692,1019904,怡和花园,临沂,二手房,"临工路,近昆明路"
A7408043711,1190488,华前广场富华小区(C区),临沂,二手房,通达路161号
A7470462831,972721,青啤早安时区,临沂,二手房,"滨河路,近沂河路"
A7421173480,1002816,后园馨园小区(BC区),临沂,二手房,成才路59号
R3886333900890114,1190483,商谷智慧城(商住楼),临沂,二手房,临西十路
A7356261617,1088124,掌舵龙湖,临沂,二手房,湖北路
A7462609237,714085,中国铁建东来尚城,临沂,二手房,滨河东路
A7330521111,677681,中晟世纪城(公寓住宅),临沂,二手房,双月园路
A7419525510,973074,前园花园(C区),临沂,二手房,北园路
A7320480612,1052574,焦庄佳园,临沂,二手房,清河北路
R4129711877971973,992364,金海岸,临沂,二手房,郯东路167号
A7458557769,1002819,阳光城香麓园,临沂,二手房,"中昇街,近智圣路"
A7428436263,1190488,华前广场富华小区(C区),临沂,二手房,通达路161号
A7454282991,1187593,泺源小区,临沂,二手房,蒙阳路70号
A7040288765,1280431,中南林樾,临沂,二手房,"西安路,近沂蒙路"
A7476199772,1186460,开元四季,临沂,二手房,兰陵路
A7319615378,1376772,中粮壹号院(别墅),临沂,二手房,"智圣路,近凤临街"
R3298413653729289,677122,金巍小区,临沂,二手房,育才路
A7476841111,945164,东泰河东岸,临沂,二手房,红城路7号
A7413914899,993478,大南泉社区,临沂,二手房,蒙阳路
A7461488961,1069146,西城鑫苑,临沂,二手房,西外环路
A7428509217,677801,幸福花城(C区),临沂,二手房,东兴路
A7465538656,1188338,城投柳青玺悦,临沂,二手房,汤河路
A7432648865,972839,白鹭金岸,临沂,二手房,滨河路
A7467542500,973235,银河龙门花园,临沂,二手房,滨河东路
A7340549098,1161011,凤凰郡,临沂,二手房,正大街
A7353103800,677678,营子小区,临沂,二手房,永盛路
A7461934789,972823,澜泊湾(二期),临沂,二手房,"祊河路,近柳青河西路"
A7316285755,1061521,书香尚城,临沂,二手房,陶然北路
A7439999477,972882,东方佳园(平邑),临沂,二手房,蒙阳路
A6997548584,677911,伊丽莎白东岸,临沂,二手房,滨河东路
A7354258853,677546,金道御园,临沂,二手房,临西九路
A7461411903,972754,先河御景,临沂,二手房,"罗六路,近迎宾大道"
A7381007555,1049385,奥德海棠,临沂,二手房,北京路
A7437208865,972961,金城溪园,临沂,二手房,冠山路
A7479179285,945727,华信国际,临沂,二手房,"北一环路,近沂博路"
A7460760216,972793,邑城一品,临沂,二手房,"金花路,近板桥路"
A7470520447,678209,秀水湾,临沂,二手房,济南路
A7228259928,1190483,商谷智慧城(商住楼),临沂,二手房,临西十路
A7473687516,792468,恒大华府,临沂,二手房,"孝河路,近成都路"
A7457383555,972755,香缇郡,临沂,二手房,"滨河东路,近桃源街"
A7429254574,1441014,史丹利十里江湾,临沂,二手房,"沈阳路,近滨河东路"
A7084010496,1088115,荣盛凯恩花园,临沂,二手房,蒙山大道
A7469499919,972602,宝丽悦府,临沂,二手房,"宝泉路,近开元路"
A7457672799,973239,银雀苑,临沂,二手房,沂蒙路
A7470632703,1177721,昌辰御泽苑,临沂,二手房,北一环路
R4451928086928399,678001,颐和御园,临沂,二手房,光明北路
A7417005876,713732,百联华府,临沂,二手房,府左路
A7462586518,1267290,鲁商万科新都会,临沂,二手房,"解放东路,近正阳路"
A7273740034,972661,北城新区金殿社区,临沂,二手房,"沂蒙路,近327国道"
A7429008693,677832,赵庄社区,临沂,二手房,凤凰大街
A6672536169,676739,华前广场富华小区A区,临沂,二手房,通达路161号
A7475000844,973206,阳光丽景(沂水),临沂,二手房,裕丰路
A7460706868,863140,慧谷倾城,临沂,二手房,沂州路169号
A7459159023,713732,百联华府,临沂,二手房,府左路
R3962958636212237,973269,中苑小区,临沂,二手房,清河北路
A7437303838,1510560,儒辰金水湾,临沂,二手房,"西三路,近顺河路"
A7323229130,1135229,莲花园北区,临沂,二手房,平顺路
A7432473148,766117,滨河新天地,临沂,二手房,"卧虎山路,近蒙山北路"
A7462724243,677724,阳光翠湖嘉园,临沂,二手房,双月园路
A7471302550,677912,君悦兰亭,临沂,二手房,东兴路
A7333874252,1371575,和园首府,临沂,二手房,"建设路,近西外环路"
A7456760901,972982,金泰华府(北区),临沂,二手房,"沂州路,近平安路"
A7422198007,677605,汇铭华府,临沂,二手房,湖北路
A7381185555,1471075,卢浮公馆,临沂,二手房,"滨河路,近沂河路"
A7435006355,972654,环球金水湾,临沂,二手房,"长沙路,近温良河路"
A7185766399,1082971,凤凰家园(二期),临沂,二手房,智圣路
A7453203881,1177716,绣花美景华庭,临沂,二手房,绣花城路
A7440658365,678028,万家福花园,临沂,二手房,银花路
A7404190164,1281661,北坛新区,临沂,二手房,沂博路780号
A7414959774,676718,交通局家属院(兰山),临沂,二手房,平安路
A7471473054,972700,鲁商印象城,临沂,二手房,"苍山北路,近沭河西大街"
A7420501761,677623,罗湖观天下花园,临沂,二手房,沂河路
R2381521750498318,1198619,临沂中心,临沂,二手房,上海路
A7469684253,676848,泉府公馆,临沂,二手房,沂蒙路
A7432733038,1278453,春城里(公寓住宅),临沂,二手房,工业路
A7268665169,972681,康桥公馆,临沂,二手房,"通达南路,近湖北路"
A7479280000,783035,浮来春公馆,临沂,二手房,北京路
A7472957506,972760,鑫福源花园,临沂,二手房,"抱犊崮路,近兰陵路"
A7478623575,677938,平安悦城(郯城),临沂,二手房,郯东路112号
A7410696317,1388611,海联芳华,临沂,二手房,"蒙山高架路,近化武路"
A7424859174,909610,中元御桂园,临沂,二手房,卧虎山路
A7456603742,972748,万象阳光城,临沂,二手房,"利民街,近阳光北路"
A7477753448,1854246,天元锦都上府,临沂,二手房,"东兴路,近海棠街"
A7461637149,677616,景泰金湖明珠,临沂,二手房,罗六路
A7255984599,972609,城开东岸,临沂,二手房,"南京东路,近滨河东路"
R3430448833567752,972996,锦绣华庭(莒南),临沂,二手房,西一路
R3958372080885767,1067126,远州杰座,临沂,二手房,"香港路,近沈阳路"
A7460036749,1428070,东泰幸福里(公寓住宅),临沂,二手房,"莲旺街,近双成路"
A7463608830,677018,卧龙嘉苑,临沂,二手房,大青山路93号
A7459352494,1498808,泰鑫御园,临沂,二手房,"东夷大街,近华龙路"
R3562197750815754,677333,天元国际,临沂,二手房,金雀山路
A7478752994,792468,恒大华府,临沂,二手房,"孝河路,近成都路"
A7354994436,677834,奥德紫荆城,临沂,二手房,"北京东路,近孝友路"
A7469889351,677559,清泉小区,临沂,二手房,沂州路
A7451237514,972769,史丹利学府名苑,临沂,二手房,"沭河东大街,近冠山路"
A7407880652,1312734,德居一品(东区),临沂,二手房,"兵圣路,近算圣路"
A7439889457,972845,宝丽阳光国际,临沂,二手房,双月湖路
A7399518009,677995,临沭第一城,临沂,二手房,苍山南路
A7419357158,1410682,碧桂园翡丽澜庭,临沂,二手房,"清河东路,近清河路"
A7126091802,1854246,天元锦都上府,临沂,二手房,"东兴路,近海棠街"
A7463407930,1267290,鲁商万科新都会,临沂,二手房,"解放东路,近正阳路"
A7428723106,1087498,亲和家源颐和源(公寓住宅),临沂,二手房,滨河西路
A7443800978,973135,天元城市绿洲,临沂,二手房,工业大道
A7382365837,943321,荣盛沂河馨苑(A区),临沂,二手房,凤仪街
A7358235327,973167,香榭丽墅,临沂,二手房,中丘路
A7461763092,676794,东方花苑(兰山),临沂,二手房,通达路4号
A7423154770,1047679,恒德湖光山色,临沂,二手房,通达南路267号
A7427271214,972823,澜泊湾(二期),临沂,二手房,"祊河路,近柳青河西路"
A7439929726,1624497,房源君澜凤凰城,临沂,二手房,"凤仪街,近温泉路"
A7433307983,1479147,林庄御园D区,临沂,二手房,林安街
A7464359461,1073549,水岸华庭(沂水),临沂,二手房,腾飞路
A7304179439,678326,英伦名嘉,临沂,二手房,"卧虎山路,近马陵山路"
R2044693848351751,938789,滨河润城,临沂,二手房,"中丘路,近五号路"
A7459364351,1187584,银都府邸,临沂,二手房,"银花路,近滨河西路"
R4597957405469711,972605,北园佳园,临沂,二手房,"北园路,近沂蒙路"
A7432097648,972634,阜丰时代城曦园,临沂,二手房,"隆山路,近鸡龙河北路"
A7473583134,938887,金域华府,临沂,二手房,温凉河路
A7356213497,1410671,宝德集美东方(公寓住宅),临沂,二手房,"沂河路,近祝丘路"
A7332168403,1087441,史丹利皇山景城花园(公寓住宅),临沂,二手房,皇山路
A7195930879,713747,临沂金世纪新城,临沂,二手房,青年路39号
A7444564353,1376776,宝德熙园,临沂,二手房,"兴隆路,近清河北路"
A7368655996,1388617,城开尚苑,临沂,二手房,"工业大道,近解放路"
A7446334233,940391,德馨苑,临沂,二手房,内环北路
A7442769025,1007905,怡和国际,临沂,二手房,沂河路23号
A7266494458,1226038,德馨园(河东),临沂,二手房,合肥路
R2903736705887234,1154053,远洋城大家,临沂,二手房,蒙山北路
A7408724170,678001,颐和御园,临沂,二手房,光明北路
A7361629490,1190487,金泰华府(南区),临沂,二手房,"金坛路,近沂州路"
A7468575525,1187583,雍和园,临沂,二手房,327国道
A7470701027,677614,美澳花园,临沂,二手房,滨河南路8号
A7458196552,1187595,蓝钻浚河郡,临沂,二手房,新枣路
A7447552829,1069146,西城鑫苑,临沂,二手房,西外环路
A7479481764,678233,沂龙湾御园,临沂,二手房,北京路
A7467888285,1303117,致远翡翠湖,临沂,二手房,科技大道115号
A7445548647,972665,金茂印象,临沂,二手房,"西一路,近十泉路"
A7405110035,1087479,中南鲁商樾府,临沂,二手房,"长沙路,近孝河路"
A7448835818,1002818,房源印象,临沂,二手房,开源路152号
A7454879216,713745,久隆奥斯卡,临沂,二手房,解放路130号
R4486086032172045,1316363,儒辰金邑首府,临沂,二手房,"金花路,近文化路"
A7456704998,993477,南马社区,临沂,二手房,银花路
A7477864383,676890,富民小区(兰山),临沂,二手房,兰山路121号
A7393137676,1066633,金泰瑞府(别墅),临沂,二手房,南京路
A7455777439,1382684,府佑书院(公寓住宅),临沂,二手房,"海关路,近长安路"
A7443698882,1038557,三孔桥小区,临沂,二手房,"颜巷口街,近兰山路"
A7447217711,972688,丽都小区,临沂,二手房,"朝阳路,近蒙山大道"
A7429453682,973019,蓝钻庄园(平邑),临沂,二手房,新枣路
A7444344698,1410682,碧桂园翡丽澜庭,临沂,二手房,"清河东路,近清河路"
A7426603471,1190488,华前广场富华小区(C区),临沂,二手房,通达路161号
A7441827842,1088815,宝馨嘉苑,临沂,二手房,蒙阳路
A7451299543,972909,富民小区(郯城),临沂,二手房,建设路81号
A7443720724,1666655,碧桂园翡丽之光都荟,临沂,二手房,沂州路
A7464546286,678342,月澜锦程,临沂,二手房,沭河路58号
A7446198945,678280,兴冠园,临沂,二手房,天津路6号
A7430763611,1187600,滨河家园,临沂,二手房,"金花路,近滨河西路"
A7351559430,677044,沂河花园(兰山),临沂,二手房,中丘路4号
A7458137454,713718,金域兰园,临沂,二手房,成才路
A7360227048,1087445,水韵华苑,临沂,二手房,北京路
A7474816548,1060275,泰鑫东望府(别墅),临沂,二手房,中昇大街
A7479513481,678062,金碧花园,临沂,二手房,黄海西路119号
A7467826642,1446314,翡翠郡,临沂,二手房,"向阳路,近澳柯玛大道"
A7444522555,678239,沂州花园(兰山),临沂,二手房,沭河路
A7408718514,973177,新筑璞园,临沂,二手房,兰陵路1号
A7154549639,972822,澜泊湾御玺(澜泊湾四期),临沂,二手房,"祊河路,近柳青河西路"
A7219621368,973208,一品观园(别墅),临沂,二手房,滨河东路
A7430229626,1486371,泰鲁时代城(公寓住宅),临沂,二手房,"双岭路,近王庄路"
A7441085209,973152,万图海德公馆,临沂,二手房,文峰路
A7460906254,973238,银桥金居,临沂,二手房,解放东路
A7256796408,1236475,宝丽世纪城,临沂,二手房,湖北路
A7459156264,923075,开元上府,临沂,二手房,"即丘路,近平安路"
A7410870050,1186472,阜丰时代城悦府,临沂,二手房,北二路
A7466994290,678342,月澜锦程,临沂,二手房,沭河路58号
A7419570474,677965,建馨嘉苑,临沂,二手房,马陵路1号
R2549666352439303,941707,豪森丽都,临沂,二手房,通达路
A7370638009,1048407,龙盛乾园,临沂,二手房,卧虎山路
A7286994031,945212,沂河明珠,临沂,二手房,"正阳路,近小沂河南路"
A7462331672,677970,阳光上城,临沂,二手房,建设路
A7297922068,972604,北坛社区,临沂,二手房,沂博路780号
A7419556922,972692,领秀豪庭,临沂,二手房,"解放东路,近滨河东路"
A7442735399,1187592,明德花园北区,临沂,二手房,"明德路,近兴水路"
A7366569796,1074582,书苑府邸(一期东区),临沂,二手房,师郯路6号
A7385427309,676630,金鹰花园,临沂,二手房,八一路
A7266667337,972892,范家沟(B区),临沂,二手房,厦门路
A7459269225,1005127,外滩龙庭帝景,临沂,二手房,"滨河大道,近涑河南街"
A7366166284,1498808,泰鑫御园,临沂,二手房,"东夷大街,近华龙路"
A7460997056,972723,群星家园,临沂,二手房,"中心南街,近腾飞路"
A7160824259,1052973,东方帝景,临沂,二手房,白马河路18号
A7408974541,677211,开元上城,临沂,二手房,中丘路
R4168271210569728,972885,东方小区,临沂,二手房,裕丰路
A7341947318,972872,迪尚御园,临沂,二手房,沃尔沃路
A7467004223,1082975,东方御龙佳园,临沂,二手房,郯东路
A7447384499,945213,御龙湾,临沂,二手房,小沂河北路
A7332238586,677609,阳光新苑,临沂,二手房,双月湖路
A7427540001,677063,荣盛沂河郡府,临沂,二手房,智圣路
A7371663763,677007,水岸华庭(兰山),临沂,二手房,聚才路2号
A7425046403,945728,东皋小区,临沂,二手房,双成东路12-25号
A7472882394,677555,金雀新城(A区),临沂,二手房,金源路9号
A7472948560,1303117,致远翡翠湖,临沂,二手房,科技大道115号
A7404114032,1854246,天元锦都上府,临沂,二手房,"东兴路,近海棠街"
A7334489618,1177721,昌辰御泽苑,临沂,二手房,北一环路
A7444332735,787992,凯润滨湖花园(公寓住宅),临沂,二手房,兰亭路
A7428364084,1278453,春城里(公寓住宅),临沂,二手房,工业路
A7413956272,677008,澜泊湾(一期),临沂,二手房,"祊河路,近柳青河西路"
A7441665223,940391,德馨苑,临沂,二手房,内环北路
A7417864923,972959,金榜龙城,临沂,二手房,临工路
A7443660038,943321,荣盛沂河馨苑(A区),临沂,二手房,凤仪街
A7332951383,1526906,鲁邦华府(罗庄区),临沂,二手房,"双月园路,近湖西路"
A7348635121,677772,滨江中央华府(罗庄),临沂,二手房,清河南路
A7418427416,972610,城开首府,临沂,二手房,"长沙路,近茶山路"
A7473763546,1187040,格林小镇,临沂,二手房,北外环路
A7450775616,676732,城市主人,临沂,二手房,北京路
A7473751765,972684,蓝色港湾小区,临沂,二手房,"和平路,近健康路"
A7323059854,1314667,海博壹江阅,临沂,二手房,"临工路,近滨河东路"
A7329002882,677632,宝丽盛世华庭,临沂,二手房,火炬路
A7463618088,1066633,金泰瑞府(别墅),临沂,二手房,南京路
A7447123314,1074582,书苑府邸(一期东区),临沂,二手房,师郯路6号
A7288886978,677525,曹家王庄小区(东区),临沂,二手房,"工业大道,近水田路"
A7415246424,787992,凯润滨湖花园(公寓住宅),临沂,二手房,兰亭路
A7310177790,863269,荣盛华府,临沂,二手房,滨河路
A7323877235,945165,长安国际,临沂,二手房,长安中路210号
A7417698472,1054214,掌舵东岸日月城{公寓住宅),临沂,二手房,"长安路,近滨河东路"
A7408892799,676846,诚德盛世华庭,临沂,二手房,金源路174号
A7386296664,713690,后园小区(B区),临沂,二手房,巴腊庙街
A7450701139,677556,诚德清华俊景,临沂,二手房,解放路19号
A7468029264,1186408,临沭金盾花园,临沂,二手房,光明北路
A7475001828,1028359,鲁洲清华园,临沂,二手房,鲁洲路18号
A7383178215,677822,御景东方,临沂,二手房,北京东路
A7428432910,972734,胜利花园,临沂,二手房,"振兴路,近恒泰路"
A6622068439,678321,澜泊湾(三期),临沂,二手房,"祊河路,近柳青河西路"
A7405851570,1446810,桃园社区,临沂,二手房,"中昇大街,近智圣路"
A7388893457,972817,柳溪美庐(别墅),临沂,二手房,"南京路,近汤河路"
A7439258950,792466,凤凰水城,临沂,二手房,"成都路,近沭河路"
A7471644720,677971,龙门豪庭,临沂,二手房,和平路
A7373552429,1052507,星河城,临沂,二手房,沂河路
A7440827425,676852,冠蒙六合御庭,临沂,二手房,"沂蒙路,近涑河北街"
A7460776556,923074,水岸名城(兰山),临沂,二手房,涑河南街
A7387334393,678063,裕隆嘉园(黄海路),临沂,二手房,黄海路
A7440865247,1161011,凤凰郡,临沂,二手房,正大街
A7433415658,972769,史丹利学府名苑,临沂,二手房,"沭河东大街,近冠山路"
A7468508227,1050889,阳光花园(平邑),临沂,二手房,蒙阳路
A7456737272,1159018,宝德和园,临沂,二手房,南坪街
A7453338186,973254,裕隆嘉园(平邑),临沂,二手房,西环一路
A7439821305,1180815,开元状元府,临沂,二手房,东升路
A7414157749,941707,豪森丽都,临沂,二手房,通达路
A7455914385,1197979,儒辰玉兰公馆,临沂,二手房,清河北路
A7440790094,995826,德兴雅苑,临沂,二手房,"泰和路,近沂蒙路"
A7441771819,678030,美丽园,临沂,二手房,朝阳路
A7338203286,973231,邑东福邸,临沂,二手房,浚河路
A6796350684,678342,月澜锦程,临沂,二手房,沭河路58号
R3614337879302151,863140,慧谷倾城,临沂,二手房,沂州路169号
R2980017991834627,1007901,齐鲁园广场,临沂,二手房,"济南路,近孝河路"
A7456556035,863541,致远翡翠园,临沂,二手房,"滨河路,近聚才八路"
A7163030477,973039,龙泉花园(莒南),临沂,二手房,西环路
A7219842505,1198609,天泰沂州府(别墅),临沂,二手房,滨河路
A7404093979,767135,中科印象,临沂,二手房,海关路
A7446070948,1008633,山水龙城(莒南),临沂,二手房,"天桥路,近洪石路"
A7363832165,677600,怡景天鹅湖,临沂,二手房,科技大道115号
A7471475801,1127640,金檀花苑,临沂,二手房,沭河路
A7432206953,676885,广田悦城,临沂,二手房,沂蒙路9号
A7453167953,678271,金盾花园东区(兰山),临沂,二手房,上海路
R2404533217303558,676719,金坛花园,临沂,二手房,金坛路
A7249941041,972961,金城溪园,临沂,二手房,冠山路
A7435867955,1399780,万城春暖花开(公寓住宅),临沂,二手房,"滨河西路滨河西路,近湖北路"
A7408053421,1370909,御尊尚府御富园,临沂,二手房,"雪山河路,近东二环路"
A7389118906,972630,丰泽缇香府,临沂,二手房,"通达南路,近双月北路"
A7445325373,945157,翰林华府(沂水),临沂,二手房,双成路
A7383209414,1010262,翰邻福城,临沂,二手房,"金山路,近育才路"
A7366574630,1008633,山水龙城(莒南),临沂,二手房,"天桥路,近洪石路"
A7341254634,993477,南马社区,临沂,二手房,银花路
A7466784181,1186476,滨河嘉园,临沂,二手房,站前路
A7478463724,923540,环球掌舵,临沂,二手房,"长沙路,近温凉河路"
A7452417149,1195827,明德花园(平邑),临沂,二手房,明德路
A7475849903,766640,北园春天(兰山),临沂,二手房,北园路299号
A7446216465,1076518,林庄御园澜庭,临沂,二手房,涑河北街
A7413887774,1486371,泰鲁时代城(公寓住宅),临沂,二手房,"双岭路,近王庄路"
A7416850528,972720,青年宜居,临沂,二手房,"南京路,近孝河路"
A7474550216,1263238,慧谷星岸,临沂,二手房,"人民大街,近滨河东路"
A7262226400,1275627,碧桂园凤凰壹品,临沂,二手房,"南京路,近沂蒙路"
A7469364001,677981,金明寓育源华庭,临沂,二手房,振兴北路
A7352181783,973131,陶然华庭,临沂,二手房,银雀山路
A7454079464,1192381,中晟学府美地,临沂,二手房,科教路
A7447392677,972737,沭河花园,临沂,二手房,"光明北路,近沭河西大街"
A7279393241,1042472,中山名都,临沂,二手房,鸡龙河北路
A7457532873,1024247,开元华银四季城,临沂,二手房,"解放路,近工业大道"
A7449677579,972939,华信浅水湾,临沂,二手房,滨河东路
A7455696501,677167,同心华府,临沂,二手房,水田路
A7373444421,972634,阜丰时代城曦园,临沂,二手房,"隆山路,近鸡龙河北路"
A7473074798,940905,翰林华府(莒南),临沂,二手房,"上海路,近公园路"
A7447388132,1087486,万图水岸经典,临沂,二手房,229省道
A7475000558,928011,阳光国际,临沂,二手房,"裕丰路,近东一环路"
R4145176296188941,1186410,临沭景城花园,临沂,二手房,光明北路188号
A7372705513,677938,平安悦城(郯城),临沂,二手房,郯东路112号
A7440009008,1155308,府东佳园,临沂,二手房,白马河路
A7404281096,1187042,兰亭上城,临沂,二手房,苍山北路
A7402508320,1410687,阜丰时代广场,临沂,二手房,"新建路,近华鲁街"
R4492326460828686,1007308,金盾家园(西区),临沂,二手房,"文峰路,近迎宾路"
A7456387761,972780,沂华名都,临沂,二手房,"长安中路,近沂蒙山东路"
A7395520478,1289921,广厦兰都,临沂,二手房,人民路老体委
A7473719788,1012121,环球新界,临沂,二手房,"沂蒙北路,近武汉路"
A7451343283,972709,明苑花园,临沂,二手房,人民路273号
A7442881415,678160,龙凤御景,临沂,二手房,塔山路
A7390179181,1478318,房源西岸公园,临沂,二手房,"临西十路,近聚才八路"
A7464211279,973088,如意家园(沂水),临沂,二手房,中心街
A7474479270,1043745,致远翡翠湾,临沂,二手房,湖北路
A7381156507,676848,泉府公馆,临沂,二手房,沂蒙路
A7336812803,973040,龙泉花园(兰陵),临沂,二手房,迎宾路
A7384398221,972999,锦绣御珑湾,临沂,二手房,清河北路
A7399503087,1410670,泰合城,临沂,二手房,"清河南路,近湖东路"
A7386483634,1000617,世纪新筑(别墅),临沂,二手房,兰陵路
A7427262186,972630,丰泽缇香府,临沂,二手房,"通达南路,近双月北路"
A7462495440,677724,阳光翠湖嘉园,临沂,二手房,双月园路
A7466826061,972972,金联华府,临沂,二手房,银花路
A7432582681,1154053,远洋城大家,临沂,二手房,蒙山北路
A7412374400,1388623,学府名苑,临沂,二手房,"新二路,近黑龙潭路"
A7393115835,677588,鼓楼台小区,临沂,二手房,兰山路19号
A7282372243,678342,月澜锦程,临沂,二手房,沭河路58号
A7474967488,863271,书香门第,临沂,二手房,工业大道16号
R3204281725182980,1154053,远洋城大家,临沂,二手房,蒙山北路
A7376827936,792843,城建时代庄园,临沂,二手房,北园路323号
A7436623721,766265,纽约上城,临沂,二手房,北园路
A7459252082,1189792,旭辉银盛泰公元锦里(公寓住宅),临沂,二手房,琅琊王路
A7371093375,677019,诚德桑提亚纳,临沂,二手房,中丘路
A7415089005,972901,福泰御河湾,临沂,二手房,长安路3号
A7439874049,995205,淮海御景湾(别墅),临沂,二手房,滨河路2号
A7435845423,1187600,滨河家园,临沂,二手房,"金花路,近滨河西路"
A7361468868,678206,澜泊湾天玺(别墅),临沂,二手房,"祊河路,近柳青河西路"
A7162901758,1108801,盛德御园,临沂,二手房,光明北路
A7479288317,1028359,鲁洲清华园,临沂,二手房,鲁洲路18号
A7427598005,1376380,城开御府,临沂,二手房,"朝阳路,近北环路"
A7444350948,787992,凯润滨湖花园(公寓住宅),临沂,二手房,兰亭路
A7434385070,972602,宝丽悦府,临沂,二手房,"宝泉路,近开元路"
A7456746426,1159018,宝德和园,临沂,二手房,南坪街
A7440959965,1047679,恒德湖光山色,临沂,二手房,通达南路267号
R2987729901626373,1526906,鲁邦华府(罗庄区),临沂,二手房,"双月园路,近湖西路"
A7391175718,972711,平安华府,临沂,二手房,羲之路159-1号
A7428501417,1187600,滨河家园,临沂,二手房,"金花路,近滨河西路"
A7427653105,973039,龙泉花园(莒南),临沂,二手房,西环路
A7474878436,677612,美华金地嘉园,临沂,二手房,工业路
A7472764702,1178661,文创园,临沂,二手房,连荷线
A7461898312,1179513,克拉国际广场,临沂,二手房,兰陵路
A7444420396,766264,北园小区(兰山),临沂,二手房,北园路289号
A7265629735,1177716,绣花美景华庭,临沂,二手房,绣花城路
A7422078163,972755,香缇郡,临沂,二手房,"滨河东路,近桃源街"
A7477117812,1295651,城投首府,临沂,二手房,西城三路
A7431051066,1088117,石油小区b区,临沂,二手房,东岳庙街
R4625068597881869,973144,外滩明珠,临沂,二手房,滨河路
A7418388193,677215,龙城雅苑,临沂,二手房,通达路
A7427310538,1372657,儒辰璟宸府,临沂,二手房,"西安路,近沂蒙北路"
R2156473007235083,972737,沭河花园,临沂,二手房,"光明北路,近沭河西大街"
A7364516866,972999,锦绣御珑湾,临沂,二手房,清河北路
A7417606723,972853,滨河绿洲,临沂,二手房,沂河大道
A7385490174,992363,金盾中央公园,临沂,二手房,人民路11-1号
A7385077958,1388610,泰鲁禧玥,临沂,二手房,"机场路,近东兴路"
A7414048915,972695,龙泉嘉园,临沂,二手房,"人民路,近古城路"
A7470666674,677614,美澳花园,临沂,二手房,滨河南路8号
A7418625303,945164,东泰河东岸,临沂,二手房,红城路7号
A7444591375,1376776,宝德熙园,临沂,二手房,"兴隆路,近清河北路"
A7369589426,1410690,陶然雅苑,临沂,二手房,陶然东路
A7396207397,677811,凤舞明珠,临沂,二手房,凤凰大街
A7446418535,1195633,房源印象东城,临沂,二手房,巩村路
A7458188678,677932,尚城嘉苑,临沂,二手房,北环路157号
A7476191414,923070,正直花园,临沂,二手房,"孝友路,近人民大街"
A7460222253,1505467,绿地玉晖公馆,临沂,二手房,"汤河路,近文化路"
A7388829505,1087486,万图水岸经典,临沂,二手房,229省道
A7473759467,676697,锦绣蓝山,临沂,二手房,通达路375号
A7435137946,676852,冠蒙六合御庭,临沂,二手房,"沂蒙路,近涑河北街"
A7206782124,973146,万基幸福小镇,临沂,二手房,"沂河路,近香港路"
A7467202973,973270,竹林桥南区,临沂,二手房,八腊庙街
A7479136953,1256982,九州唐樾,临沂,二手房,静海路
A7174773675,972838,八一小区,临沂,二手房,解放路167号
A7423250995,1087454,翰林国府,临沂,二手房,佳园路
R2044467600008204,713737,四季春天(沂蒙路),临沂,二手房,沂蒙路
A7478628658,676730,开元花半里,临沂,二手房,成都路
A7477616207,1280431,中南林樾,临沂,二手房,"西安路,近沂蒙路"
A7455915199,676742,五里堡苹果园小区,临沂,二手房,开阳路71号
A7471260860,1073544,金穗花园,临沂,二手房,"大青山路,近北京路"
A7348101590,940357,香港城(兰山),临沂,二手房,"顺河街,近蒙山大道"
A7266799408,1388609,天怡嘉园,临沂,二手房,"通达南路,近工业路"
A7179189577,678202,金猴北城名居,临沂,二手房,天津路
A7429442668,1244288,新城福邸,临沂,二手房,会宝路
A7137533959,792116,荣盛花语馨苑,临沂,二手房,"武汉路,近马陵山路"
A7468414343,972763,鑫源尚城(平邑),临沂,二手房,"蒙阳路,近朝阳路"
A7460883301,945726,兴沂金梦圆,临沂,二手房,健康路6号
A7439849403,1161326,新华府,临沂,二手房,新建路155号
R3687780082966536,1018520,金鼎国际(兰山),临沂,二手房,"红旗路,近沂蒙路"
A7451561076,1410691,城投华皓城,临沂,二手房,"沂河路,近沃尔沃路"
A7038478177,713746,临沂铁路新村,临沂,二手房,八一路239号
A7446497584,909611,泷璟,临沂,二手房,"卧虎山路,近沂山路"
A7437938980,677664,宝丽一号,临沂,二手房,通达南路
A7459345260,973231,邑东福邸,临沂,二手房,浚河路
A7437367857,1187589,桃花源小区,临沂,二手房,"莲花山路,近327省道"
A7364950475,1007900,红星国际广场,临沂,二手房,"济南路,近孝河路"
A6991379227,1160573,奥正诚园,临沂,二手房,滨河东路
A7427523682,972926,红盾花园,临沂,二手房,大青山路
A7332164805,766560,皇山城,临沂,二手房,皇山路
A7476287108,972657,汇源雅居,临沂,二手房,"长安南路,近长安南路"
A7414939907,973218,沂景华庭,临沂,二手房,滨河路
A7277630160,1186417,砚台岭社区B区,临沂,二手房,临西十路
R2660056662436877,1180816,儒辰含章园,临沂,二手房,临西十二路
A7424012805,972830,爱伦坡(别墅),临沂,二手房,广州路
A7414108210,677213,金阳大厦,临沂,二手房,金雀山路159号
A7361460860,767016,联安现代城,临沂,二手房,沂州路
A7360296313,1158431,慧谷小镇,临沂,二手房,海关路
A7467076263,1314668,中国院子(别墅),临沂,二手房,滨河东路
A7400641962,1667757,碧桂园翡丽之光景悦,临沂,二手房,军民路
A7476455131,1263238,慧谷星岸,临沂,二手房,"人民大街,近滨河东路"
A7467682106,972616,东方嘉苑小区,临沂,二手房,"银杏路,近钟山路"
A7402320964,678247,桃园,临沂,二手房,"天津路,近广州路"
A7466115123,1087498,亲和家源颐和源(公寓住宅),临沂,二手房,滨河西路
A7478476487,972597,安嘉花雨馨,临沂,二手房,"朝阳路,近滨河东路"
A7392319649,973080,清水湾花园,临沂,二手房,滨河路
A7479343154,1059633,开元阳光里,临沂,二手房,金坛路
A7465354260,972779,中暨沂河一英里,临沂,二手房,东兴路
A7234011053,1314667,海博壹江阅,临沂,二手房,"临工路,近滨河东路"
A7477050743,1190516,御尊尚府御开园,临沂,二手房,"雪山河路,近东一环路"
A7452320215,1198619,临沂中心,临沂,二手房,上海路
A7440119944,1171691,莒南阳光国际小区,临沂,二手房,镇中路
A7473186517,923070,正直花园,临沂,二手房,"孝友路,近人民大街"
A7424006321,1087441,史丹利皇山景城花园(公寓住宅),临沂,二手房,皇山路
A7461592470,1022352,恒大华府(商住楼),临沂,二手房,"孝河路,近成都路"
A7305643234,864061,皇山华府,临沂,二手房,滨河东路
A7433539492,973084,仁德家园,临沂,二手房,财源路
A7469042383,972687,金矿家属院,临沂,二手房,"财源路,近财金路"
A7467104241,677158,淮海御景湾,临沂,二手房,滨河路2号
A7222287356,766560,皇山城,临沂,二手房,皇山路
A7479293538,676848,泉府公馆,临沂,二手房,沂蒙路
A7462587832,1054214,掌舵东岸日月城{公寓住宅),临沂,二手房,"长安路,近滨河东路"
A7370283810,993481,浚东社区,临沂,二手房,滨河西路
A7463504696,1424470,宝信龙港,临沂,二手房,"建设东路,近滨河东路"
A7452265448,713745,久隆奥斯卡,临沂,二手房,解放路130号
A7431708510,1087454,翰林国府,临沂,二手房,佳园路
R4504817128956936,972752,西山小区,临沂,二手房,"振兴路,近历山路"
R4474854329117699,1102639,银光福源广场,临沂,二手房,建设东路
A7373718888,1187594,蓝钻香醍,临沂,二手房,新枣路
A7389020966,676719,金坛花园,临沂,二手房,金坛路
A7473783529,1043745,致远翡翠湾,临沂,二手房,湖北路
A7433724713,973223,怡景绿洲,临沂,二手房,清河南路
A7444565000,972632,福町花园,临沂,二手房,"光明北路,近沭河西大街"
A7432755742,1059632,御龙府,临沂,二手房,涑河南街47号
A7371254570,677615,欧罗花园,临沂,二手房,护台路5号
A7384130167,1010268,孟园馨苑,临沂,二手房,"湖东路,近化武路"
A7368663398,713715,华强领秀城,临沂,二手房,解放路
A7389134056,767015,天元名筑,临沂,二手房,金沙路2号
A7453142081,676874,金叶花园(兰山),临沂,二手房,"北京路,近上海路"
A7234224871,940357,香港城(兰山),临沂,二手房,"顺河街,近蒙山大道"
A7437376106,677664,宝丽一号,临沂,二手房,通达南路
A7474379391,1014919,宝德新里程,临沂,二手房,"琅琊王路,近金雀山路"
A7457385747,864367,柳溪美庐,临沂,二手房,南京路
A7479298412,972964,金鼎国际(兰陵),临沂,二手房,"育才路,近开阳路"
A7472864017,972838,八一小区,临沂,二手房,解放路167号
A7476399957,1376769,润地新城(公寓住宅),临沂,二手房,"科技路,近沂河路"
A7451579063,1265103,碧桂园滨江学府,临沂,二手房,合肥路
R3668437678808074,972855,财源小区,临沂,二手房,财源路
R3699446133923845,1043414,城建涑堤春晓,临沂,二手房,涑河北街
A7458302946,677724,阳光翠湖嘉园,临沂,二手房,双月园路
A7442529661,714000,怡馨佳苑,临沂,二手房,通达路371号
R2058673860355080,1230537,天使文化小区,临沂,二手房,人民大街
A7275842982,677067,龙盛幸福里,临沂,二手房,宏大路
A7440834242,713745,久隆奥斯卡,临沂,二手房,解放路130号
A7391337267,972720,青年宜居,临沂,二手房,"南京路,近孝河路"
A7422115308,678173,东方丽景,临沂,二手房,文峰路
A7082977253,677486,后西北园小区,临沂,二手房,北园路73-2号
A7478500845,1073568,香醍荣府,临沂,二手房,广州路1号
A7440001200,1314669,中国院子(公寓住宅),临沂,二手房,滨河东路
A7440927043,940357,香港城(兰山),临沂,二手房,"顺河街,近蒙山大道"
A7421211523,678173,东方丽景,临沂,二手房,文峰路
A7444765116,1380499,万城瑞府,临沂,二手房,"西五路,近北环路"
A7473032574,1303117,致远翡翠湖,临沂,二手房,科技大道115号
A7419320326,1047679,恒德湖光山色,临沂,二手房,通达南路267号
A7383329582,1088814,沂州古城,临沂,二手房,南京路
A7460756394,913066,旭洋城市风景,临沂,二手房,通达路
R3133331447881743,972996,锦绣华庭(莒南),临沂,二手房,西一路
A7421403153,972997,锦绣华庭(罗庄)(一期),临沂,二手房,清河南路
A7404293809,678124,上海花苑,临沂,二手房,上海路
A7478639337,676860,观蒙雅园,临沂,二手房,涑河北街89号
A7463396695,1372657,儒辰璟宸府,临沂,二手房,"西安路,近沂蒙北路"
A7392244893,677920,慧谷领御(公寓住宅),临沂,二手房,人民大街1599号
A7407129504,972855,财源小区,临沂,二手房,财源路
A7472387083,792849,汀香郡,临沂,二手房,成都路
A7413107131,787992,凯润滨湖花园(公寓住宅),临沂,二手房,兰亭路
A7301325192,1205347,阳都凤凰城,临沂,二手房,历山路
R3591917302127616,1088117,石油小区b区,临沂,二手房,东岳庙街
A7438770122,973086,荣盛沂河馨苑(B区),临沂,二手房,智圣路
A7472977969,676844,蓝湾国际(C区),临沂,二手房,东岳庙街41号
A7439096450,1496459,郯城第一中学家属楼,临沂,二手房,郯西路18号
A7477104956,678231,三和园(B区),临沂,二手房,汤河路
A7393116126,872660,盛德桂园,临沂,二手房,"沂河路,近海关路"
A7373519371,713690,后园小区(B区),临沂,二手房,巴腊庙街
A7440705046,677122,金巍小区,临沂,二手房,育才路
A7142898077,677741,龙泽国际,临沂,二手房,科技大道132号
A7357494000,1186408,临沭金盾花园,临沂,二手房,光明北路
A7469693215,1156542,理工学府(A区)(1-9号楼),临沂,二手房,东外环1号
R1594636241085447,678272,金达华府,临沂,二手房,张南路
A7387884974,1189792,旭辉银盛泰公元锦里(公寓住宅),临沂,二手房,琅琊王路
A7468407168,677238,沂城花园,临沂,二手房,金雀山路
A7243475775,863269,荣盛华府,临沂,二手房,滨河路
A7478489362,678231,三和园(B区),临沂,二手房,汤河路
A7450682837,713746,临沂铁路新村,临沂,二手房,八一路239号
A7435098402,972644,翰林庄园,临沂,二手房,"聚才七路,近临西九路"
A7463824243,1059283,荣盛沂河馨苑C区,临沂,二手房,智诚路
A7463664976,973230,邑博园,临沂,二手房,西环一路
R4572795967101961,972702,毛纺厂家属院,临沂,二手房,"自由路,近光明路"
A7443405339,677225,威特天元广场,临沂,二手房,金雀山路1号
A7400467792,677929,龙泉新村花园小区,临沂,二手房,人民路
A7461497194,972630,丰泽缇香府,临沂,二手房,"通达南路,近双月北路"
A7349499109,678239,沂州花园(兰山),临沂,二手房,沭河路
A7196295341,677623,罗湖观天下花园,临沂,二手房,沂河路
A7256031017,677606,韵皓金桂园,临沂,二手房,罗六路
A7478800749,676730,开元花半里,临沂,二手房,成都路
A7405802292,792849,汀香郡,临沂,二手房,成都路
A7247119745,1388617,城开尚苑,临沂,二手房,"工业大道,近解放路"
A7475604839,1030741,东方明珠(费县),临沂,二手房,"健康路,近和平路"
R3035047484206093,677786,贵和花园(河东),临沂,二手房,安居街136号
R4372820973640704,973133,天弘苑,临沂,二手房,解放东路
A6452801698,678271,金盾花园东区(兰山),临沂,二手房,上海路
A7445293114,1188338,城投柳青玺悦,临沂,二手房,汤河路
R4429631352138752,677218,江南映象,临沂,二手房,八一路74号
A7296633470,1082956,万开世纪城,临沂,二手房,文明路
A7385548071,1181325,开元上郡,临沂,二手房,中央大街
A7470425251,676749,中侨阳光濠庭,临沂,二手房,通达路50号
A7431098440,1186475,锦程华府,临沂,二手房,鲁公路
A7376916867,677108,涑河城邦,临沂,二手房,顺和街
A7442619593,677603,天顺家园,临沂,二手房,新华路
A7478346317,973207,阳光维也纳,临沂,二手房,湖北路
A7439690641,1410672,韵皓圣廷苑,临沂,二手房,"湖北路,近湖东二路"
A7439227823,1278453,春城里(公寓住宅),临沂,二手房,工业路
A7380110889,1062350,明坡社区,临沂,二手房,"南京路,近孝河路"
A7475382910,1055573,玉龙园,临沂,二手房,东一环路
A7468433288,972764,星空喜园,临沂,二手房,"文明路,近文化路"
A7413131232,973271,卓新天悦城,临沂,二手房,华夏路
A7444366763,677843,盛世花城,临沂,二手房,滨河东路
A7362671077,678042,滨水雅园,临沂,二手房,金花路
R4441507967360004,972702,毛纺厂家属院,临沂,二手房,"自由路,近光明路"
A7478651833,972823,澜泊湾(二期),临沂,二手房,"祊河路,近柳青河西路"
A7336142288,1380498,豪森铂悦,临沂,二手房,"人民大街,近华龙路"
A7311734754,678259,沂龙湾润园,临沂,二手房,济南路
A7340458722,1217088,水景苑,临沂,二手房,温凉河路
A7461481116,1030741,东方明珠(费县),临沂,二手房,"健康路,近和平路"
A7467993595,677605,汇铭华府,临沂,二手房,湖北路
A7470410528,1088982,金联上府,临沂,二手房,板桥路
A7440100803,972939,华信浅水湾,临沂,二手房,滨河东路
A7450657960,923076,永尚润城,临沂,二手房,涑河南街
A7427046758,677345,苗庄小区,临沂,二手房,金雀山路
A7398449777,923540,环球掌舵,临沂,二手房,"长沙路,近温凉河路"
A7379099306,1664010,鲁商万科城如园,临沂,二手房,"平安路,近蒙山大道"
A6980162489,1203464,奥德天玺,临沂,二手房,北京东路
R3014577360313345,1018520,金鼎国际(兰山),临沂,二手房,"红旗路,近沂蒙路"
R3624590204773390,945080,观河苑,临沂,二手房,聚才路
A7413856523,1187551,大名城(北区),临沂,二手房,"双城路,近滨河东路"
A7387822708,1486235,海博望江府,临沂,二手房,"滨河东路,近厦门路"
A7404194667,1486235,海博望江府,临沂,二手房,"滨河东路,近厦门路"
A7463358092,1187595,蓝钻浚河郡,临沂,二手房,新枣路
A7407767316,1265102,万城祥云大院,临沂,二手房,通达南路
A7423239171,678258,光耀陶朱公,临沂,二手房,滨河路
A7338214373,1526906,鲁邦华府(罗庄区),临沂,二手房,"双月园路,近湖西路"
R1717003976564746,973084,仁德家园,临沂,二手房,财源路
A7402816597,973067,金升社区A区(西区),临沂,二手房,"武汉路,近茶山路"
A7469549920,677603,天顺家园,临沂,二手房,新华路
A7468817903,972972,金联华府,临沂,二手房,银花路
A7434315414,1186429,同心花园,临沂,二手房,顺和街
A7419556558,923541,拉菲公馆,临沂,二手房,"沭河路,近长沙路"
A7301234916,677672,罗兰花园,临沂,二手房,清河南路
A7407607327,1201149,汇铭文苑,临沂,二手房,湖北路
A7405888079,766560,皇山城,临沂,二手房,皇山路
A7470469066,678326,英伦名嘉,临沂,二手房,"卧虎山路,近马陵山路"
A7410133135,792116,荣盛花语馨苑,临沂,二手房,"武汉路,近马陵山路"
A7463238661,677660,宝翠园,临沂,二手房,罗六路
A7455558337,1388609,天怡嘉园,临沂,二手房,"通达南路,近工业路"
A7373881806,1259484,儒辰观澜府,临沂,二手房,科教路
A7470654934,678168,城市花园A区,临沂,二手房,文峰路
A7452511577,972763,鑫源尚城(平邑),临沂,二手房,"蒙阳路,近朝阳路"
A7279370768,676851,金泰华城,临沂,二手房,北园路399号
A7459104874,678259,沂龙湾润园,临沂,二手房,济南路
A7451607936,678030,美丽园,临沂,二手房,朝阳路
A7464336864,1419891,天润香墅湾一号(公寓住宅),临沂,二手房,通达路
A7448904316,1386532,史丹利景城花园(莒南),临沂,二手房,"洪石路,近天桥路"
A7450491241,973220,沂龙湾曦园,临沂,二手房,北京路
A7434422429,972678,国鑫爱琴海,临沂,二手房,"黄海路,近东环路"
A7418642113,1380500,城建锦绣府,临沂,二手房,"中丘路,近五号路"
A7374335175,677695,圣奥名门,临沂,二手房,湖东路
A7447255299,973268,中央华府(公寓住宅),临沂,二手房,浚河路86号
A7329735818,676702,盛世春晖,临沂,二手房,平安路203号
A7403342692,676836,恒基佳园,临沂,二手房,绣花城路
A7461038990,677937,墨泉世家,临沂,二手房,文化路
R4318163696999437,973106,世纪家园(沂南),临沂,二手房,花山路81号
A7273740290,1259484,儒辰观澜府,临沂,二手房,科教路
A7444392990,1047679,恒德湖光山色,临沂,二手房,通达南路267号
A7471484321,993481,浚东社区,临沂,二手房,滨河西路
A7469707406,1088106,费县书香雅苑,临沂,二手房,东外环路
A7425089614,678205,开元香舍里,临沂,二手房,天津路
A7344982875,1087458,城市花园C区,临沂,二手房,佳园路
A7479161853,1046907,沂景花园,临沂,二手房,建设西路
A7395319966,1203464,奥德天玺,临沂,二手房,北京东路
A7429927384,1005125,颐高上海街(二期),临沂,二手房,"沂蒙北路,近上海路"
A7449761661,766264,北园小区(兰山),临沂,二手房,北园路289号
A7411557246,677269,齐鲁公寓,临沂,二手房,金雀山路
A6943268746,973208,一品观园(别墅),临沂,二手房,滨河东路
A7416956467,863271,书香门第,临沂,二手房,工业大道16号
R4228896302472193,677567,桃花涧小区,临沂,二手房,沂州路177号
A7435031015,1187589,桃花源小区,临沂,二手房,"莲花山路,近327省道"
A7469677616,1187600,滨河家园,临沂,二手房,"金花路,近滨河西路"
A7419343377,713708,万阅城,临沂,二手房,新华路
A7444277355,677269,齐鲁公寓,临沂,二手房,金雀山路
A7444598235,1388611,海联芳华,临沂,二手房,"蒙山高架路,近化武路"
A7253226375,864374,舒格兰(一期),临沂,二手房,"南京路,近沭河路"
A7445333223,677898,御山河,临沂,二手房,滨河东路
A7381105246,972657,汇源雅居,临沂,二手房,"长安南路,近长安南路"
A7424711424,972942,环球丹桂园,临沂,二手房,北京路
A7428267009,678205,开元香舍里,临沂,二手房,天津路
A7463681731,1263238,慧谷星岸,临沂,二手房,"人民大街,近滨河东路"
A7317700388,678042,滨水雅园,临沂,二手房,金花路
A7457453983,973132,天河景苑,临沂,二手房,秀水路
A7430966738,1376769,润地新城(公寓住宅),临沂,二手房,"科技路,近沂河路"
A7415120967,1014919,宝德新里程,临沂,二手房,"琅琊王路,近金雀山路"
A7422009023,973090,润地玉苑,临沂,二手房,西外环路
A7463627521,1316363,儒辰金邑首府,临沂,二手房,"金花路,近文化路"
A7253434481,1087476,诚德翰林园,临沂,二手房,清河南路
A7386301623,677937,墨泉世家,临沂,二手房,文化路
A7470293961,677970,阳光上城,临沂,二手房,建设路
A7431690161,1275627,碧桂园凤凰壹品,临沂,二手房,"南京路,近沂蒙路"
A7416106991,1088124,掌舵龙湖,临沂,二手房,湖北路
A7478506596,923070,正直花园,临沂,二手房,"孝友路,近人民大街"
A7427531617,972926,红盾花园,临沂,二手房,大青山路
A7427584732,973055,美多商贸城,临沂,二手房,前十街
A7324569211,1201149,汇铭文苑,临沂,二手房,湖北路
A7454952177,1190502,双和花园里,临沂,二手房,清河南路
A7169373218,909610,中元御桂园,临沂,二手房,卧虎山路
A7441899455,1020105,史丹利景城花园(沂水)(公寓住宅),临沂,二手房,中心南街21号
A7469006400,1371575,和园首府,临沂,二手房,"建设路,近西外环路"
A7469604243,1192381,中晟学府美地,临沂,二手房,科教路
A7447518917,676662,北园花苑,临沂,二手房,北园路260号
A7416054763,677965,建馨嘉苑,临沂,二手房,马陵路1号
A7406555613,972712,平等花园,临沂,二手房,烟墩街99号
A7431165222,909610,中元御桂园,临沂,二手房,卧虎山路
A7406920302,1371575,和园首府,临沂,二手房,"建设路,近西外环路"
A7478466349,938439,冠蒙阳光新城,临沂,二手房,开阳路
A7428351092,1073544,金穗花园,临沂,二手房,"大青山路,近北京路"
A7458354777,1054478,海联江山里,临沂,二手房,长安路
A7437952476,1230381,绿城春江明月(别墅),临沂,二手房,滨河东路
A7384429125,973231,邑东福邸,临沂,二手房,浚河路
A7459163889,993477,南马社区,临沂,二手房,银花路
A7390972499,678247,桃园,临沂,二手房,"天津路,近广州路"
A7422056362,713691,嘉益香槟城,临沂,二手房,兰山清河南路
A7447266232,677535,银雀溪园,临沂,二手房,琅琊王路142号
A7467039527,792116,荣盛花语馨苑,临沂,二手房,"武汉路,近马陵山路"
A7406653269,972637,广夏兰都,临沂,二手房,"朝阳路,近人民路"
A7352876942,678222,世纪新筑,临沂,二手房,兰陵路
A7362628119,1008635,三众阳光100小区,临沂,二手房,"沂博路,近北一环路"
A7356218080,1410671,宝德集美东方(公寓住宅),临沂,二手房,"沂河路,近祝丘路"
A7352140798,1010268,孟园馨苑,临沂,二手房,"湖东路,近化武路"
A7428338894,972757,新区绿城,临沂,二手房,"文峰路,近桃李路"
A7402153776,972699,鲁商金悦城,临沂,二手房,金雀山路154号
A7453229986,1314668,中国院子(别墅),临沂,二手房,滨河东路
A7341963733,1410673,房源君悦华府,临沂,二手房,"祝丘路,近沂河路"
A7361005156,863140,慧谷倾城,临沂,二手房,沂州路169号
A7270055719,677929,龙泉新村花园小区,临沂,二手房,人民路
A7386387741,1205347,阳都凤凰城,临沂,二手房,历山路
A7435114453,713737,四季春天(沂蒙路),临沂,二手房,沂蒙路
A7469427779,1179508,古城社区刘庄,临沂,二手房,南昌路
A7466981050,1309979,荣盛塞纳荣府(别墅),临沂,二手房,凤仪街1999号
A7470821957,714085,中国铁建东来尚城,临沂,二手房,滨河东路
A7448823045,923071,豪森名邸,临沂,二手房,成都路
A7467078256,677811,凤舞明珠,临沂,二手房,凤凰大街
A7410028244,1025061,泰和花园(河东),临沂,二手房,"人民大街,近华阳路"
A7238756949,1082964,名仕温泉国际城(别墅),临沂,二手房,滨河东路
A7478296174,1401078,盛世华府(郯城),临沂,二手房,师郯路155号
A7456588260,676910,环球香樟园,临沂,二手房,"沂蒙路,近武汉路"
A7405121251,677238,沂城花园,临沂,二手房,金雀山路
A7368685859,713735,广田悦园,临沂,二手房,"宏大路,近大山路"
A7453266134,972964,金鼎国际(兰陵),临沂,二手房,"育才路,近开阳路"
A7332882839,972786,沂水长虹小区,临沂,二手房,"东一环路,近鑫华路"
A7431014132,678246,警察花园,临沂,二手房,"汤河路,近广州路"
A7477828185,972817,柳溪美庐(别墅),临沂,二手房,"南京路,近汤河路"
A7408597030,677811,凤舞明珠,临沂,二手房,凤凰大街
A7422030373,677961,中央华庭,临沂,二手房,文化路
A7459201422,1214935,金升社区B区(北区),临沂,二手房,茶山路
A7470525275,792467,滨河阳光(兰山),临沂,二手房,兰陵路
A7443143939,1190505,华前广场富华小区(B区),临沂,二手房,通达路161号
A7419579458,713723,奥斯卡上品公馆,临沂,二手房,新华路
A7465313710,972793,邑城一品,临沂,二手房,"金花路,近板桥路"
A7472225743,973270,竹林桥南区,临沂,二手房,八腊庙街
A7427350546,1183685,桂龙学府,临沂,二手房,沃尔沃路
A7448167682,1199089,金雀新城(B区),临沂,二手房,金坛路
A7454978139,1192381,中晟学府美地,临沂,二手房,科教路
A7292565715,973016,兰山小区,临沂,二手房,顺和街
A7473685900,973037,柳青家园,临沂,二手房,天津路
A7474597887,973243,永富御景城,临沂,二手房,俄黄路
A7459345977,1498808,泰鑫御园,临沂,二手房,"东夷大街,近华龙路"
A7453408135,1189605,郯子湖小区,临沂,二手房,环湖南路6号
A7468449602,1108801,盛德御园,临沂,二手房,光明北路
A7447211214,677535,银雀溪园,临沂,二手房,琅琊王路142号
A7413205744,972856,昌辰御园,临沂,二手房,长安南路
A7452250358,1501445,儒辰璟宸御园,临沂,二手房,"双月湖路,龙腾路"
A7355503560,973232,银城花园,临沂,二手房,南外环路
R3550894991188999,1191772,东泰花园,临沂,二手房,西一路
A7448783190,945206,山水文园,临沂,二手房,荆山路
A7444646650,677985,华丰现代城,临沂,二手房,沭河东大街
A7146262454,972688,丽都小区,临沂,二手房,"朝阳路,近蒙山大道"
A7467157550,714000,怡馨佳苑,临沂,二手房,通达路371号
A7418638642,973144,外滩明珠,临沂,二手房,滨河路
A7463495789,1187591,明德兴水湾,临沂,二手房,"温凉河路,近327省道"
A7411570163,792466,凤凰水城,临沂,二手房,"成都路,近沭河路"
A7429271887,1244288,新城福邸,临沂,二手房,会宝路
R3608662661063690,676996,杏花水岸(公寓住宅),临沂,二手房,沂蒙路
A7436476456,972614,钓鱼台一号院,临沂,二手房,"滨河路,近祝丘路"
A7426455420,1023774,恒大中央广场,临沂,二手房,"通达路,近桃园路"
A7391238302,1419891,天润香墅湾一号(公寓住宅),临沂,二手房,通达路
A7451521354,940357,香港城(兰山),临沂,二手房,"顺河街,近蒙山大道"
A7277498278,1521317,中海熙园,临沂,二手房,"沂蒙路,近沂河路"
A7392326456,1410682,碧桂园翡丽澜庭,临沂,二手房,"清河东路,近清河路"
A7470656892,713691,嘉益香槟城,临沂,二手房,兰山清河南路
A7440011194,677970,阳光上城,临沂,二手房,建设路
A7473735141,972999,锦绣御珑湾,临沂,二手房,清河北路
A7399533456,792467,滨河阳光(兰山),临沂,二手房,兰陵路
A7448013431,972609,城开东岸,临沂,二手房,"南京东路,近滨河东路"
A7462551676,678222,世纪新筑,临沂,二手房,兰陵路
A7460903311,972753,溪苑兰亭,临沂,二手房,"工业大道,近解放路"
A7438949160,1384908,滨河万达一方上河府,临沂,二手房,"王庄路,近滨河路"
A7405856761,677556,诚德清华俊景,临沂,二手房,解放路19号
R4486577375355911,1187583,雍和园,临沂,二手房,327国道
A7473737305,678066,华泉苑,临沂,二手房,十泉东路
A7414609333,677975,瓯龙现代城,临沂,二手房,涑河东大街
A7371152107,972753,溪苑兰亭,临沂,二手房,"工业大道,近解放路"
A7397406757,973157,裕隆文博苑,临沂,二手房,李公河路
A7445230360,713747,临沂金世纪新城,临沂,二手房,青年路39号
A7459304652,677961,中央华庭,临沂,二手房,文化路
A7423424231,997764,外滩香格里拉,临沂,二手房,聚才路2号
A7447129256,676731,新港龙庭,临沂,二手房,祝丘路
R4139989978275853,1082964,名仕温泉国际城(别墅),临沂,二手房,滨河东路
A7475430519,677556,诚德清华俊景,临沂,二手房,解放路19号
A7455094345,713802,七里家园小康人家,临沂,二手房,金坛路
A7470337574,864374,舒格兰(一期),临沂,二手房,"南京路,近沭河路"
A7427435952,677007,水岸华庭(兰山),临沂,二手房,聚才路2号
A7473684247,973037,柳青家园,临沂,二手房,天津路
A7460948290,972700,鲁商印象城,临沂,二手房,"苍山北路,近沭河西大街"
A7433602895,973254,裕隆嘉园(平邑),临沂,二手房,西环一路
A7451447256,677006,泰美花园,临沂,二手房,"沂蒙路,近南昌路"
A7425492872,972654,环球金水湾,临沂,二手房,"长沙路,近温良河路"
R2868519907597317,677840,东华花园,临沂,二手房,沂河路
A7437447838,1386532,史丹利景城花园(莒南),临沂,二手房,"洪石路,近天桥路"
A7384206702,972827,银河龙门花园(别墅),临沂,二手房,"滨河东路,近临江路"
A7457349577,1197979,儒辰玉兰公馆,临沂,二手房,清河北路
A7442725015,677009,滨河国际,临沂,二手房,滨河路
A7315414678,779965,高尔夫庄园,临沂,二手房,滨河路
A7453121187,713729,三阳地产清华园,临沂,二手房,开阳路
A7347930578,972810,泽润园,临沂,二手房,郯东路188号
A7458297286,1382671,东方悦澜湾,临沂,二手房,"北环路,近郯东路"
A7475639865,677805,莱茵国际,临沂,二手房,李公河路
A7471271616,973071,平安悦城(兰陵),临沂,二手房,文峰路
A7399488875,1135226,花溪樾,临沂,二手房,湖北路
A7461736794,972785,阳光新城(沂水),临沂,二手房,"东一环路,近沂蒙山东路"
A7464325690,677996,景钰嘉园(西区),临沂,二手房,苍山北路
A7340423935,973222,怡海国际新城,临沂,二手房,东兴路
A7438863733,1179514,市委大院,临沂,二手房,沂蒙路219号
A7394139939,766114,阜丰大成郡,临沂,二手房,广州路
R3481435207902221,972748,万象阳光城,临沂,二手房,"利民街,近阳光北路"
A7413732211,678263,柳青齐鲁园,临沂,二手房,兰亭路
A7423178685,1087476,诚德翰林园,临沂,二手房,清河南路
A7468670380,1188339,城投柳青玺悦(别墅),临沂,二手房,汤河路
A7399561445,1437406,华润中心,临沂,二手房,"八一路,近启阳路"
A7386925966,677785,乐泰花苑,临沂,二手房,正阳路
A7034829228,676842,阳光高第,临沂,二手房,金源路159号
A7454172737,972671,锦城花园,临沂,二手房,"工业北路,近湖东街"
A7462692797,973216,青啤沂河美域,临沂,二手房,滨河路
A7464401943,1081718,朝阳家园,临沂,二手房,建设路
A7463492105,1372657,儒辰璟宸府,临沂,二手房,"西安路,近沂蒙北路"
A7406023058,677910,祥和家园(平邑),临沂,二手房,"莲花山路,近西环一路"
A7233716542,676691,翔龙第一国际,临沂,二手房,"通达路,近金雀山路"
A7432654665,676860,观蒙雅园,临沂,二手房,涑河北街89号
A7440932493,1521317,中海熙园,临沂,二手房,"沂蒙路,近沂河路"
A7445280598,1087486,万图水岸经典,临沂,二手房,229省道
A7392971921,1155308,府东佳园,临沂,二手房,白马河路
A7446334275,973128,郯城花苑,临沂,二手房,建设路32号
A7379435395,713715,华强领秀城,临沂,二手房,解放路
A7470436353,677772,滨江中央华府(罗庄),临沂,二手房,清河南路
A7081591948,972796,盈科嘉园,临沂,二手房,"长沙路,近温凉河路"
A7466936926,972738,联泰中心城,临沂,二手房,北环路52号
R4408986199270404,1186475,锦程华府,临沂,二手房,鲁公路
A6888812205,792849,汀香郡,临沂,二手房,成都路
A7459226707,678124,上海花苑,临沂,二手房,上海路
A7420340429,1624497,房源君澜凤凰城,临沂,二手房,"凤仪街,近温泉路"
A7478382288,863269,荣盛华府,临沂,二手房,滨河路
A7445190021,972739,万泰丽景华都,临沂,二手房,建设路138号
A7347373666,945721,东方名城,临沂,二手房,沂蒙山路
A7463705655,1186476,滨河嘉园,临沂,二手房,站前路
A7458532535,945146,颐兴园,临沂,二手房,"桃源街,近智圣路"
A7069473253,779965,高尔夫庄园,临沂,二手房,滨河路
A7438934926,1491229,碧桂园城投翡翠外滩,临沂,二手房,滨河东路
A7473049273,1625065,儒辰金邑樾府,临沂,二手房,"滨河东路,近黄金路"
R2120538568074241,677559,清泉小区,临沂,二手房,沂州路
A7441830616,1488221,文博城,临沂,二手房,"通达路,近文化二路"
A7436732635,973131,陶然华庭,临沂,二手房,银雀山路
A7404941927,972764,星空喜园,临沂,二手房,"文明路,近文化路"
A7455780638,1000617,世纪新筑(别墅),临沂,二手房,兰陵路
A7394479886,972972,金联华府,临沂,二手房,银花路
A7474880797,1187040,格林小镇,临沂,二手房,北外环路
A7324616403,801999,白鹭金岸(别墅),临沂,二手房,"滨河路,近沂河路"
A7455846578,973239,银雀苑,临沂,二手房,沂蒙路
A7472267836,1186419,书院小区(北区),临沂,二手房,沂蒙路
A7294933865,973106,世纪家园(沂南),临沂,二手房,花山路81号
A7207517652,972827,银河龙门花园(别墅),临沂,二手房,"滨河东路,近临江路"
A7423203357,678030,美丽园,临沂,二手房,朝阳路
A7470199007,1082957,天桥名城,临沂,二手房,洪石路39号
A7387620274,1446810,桃园社区,临沂,二手房,"中昇大街,近智圣路"
A7389749000,1189792,旭辉银盛泰公元锦里(公寓住宅),临沂,二手房,琅琊王路
A7444602779,973112,水岸名城(费县),临沂,二手房,自由路
A7134972402,973160,五洲华府天著(别墅),临沂,二手房,孝圣路
A7473891610,972741,天基黄金水岸,临沂,二手房,"滨河路,近银雀山路"
A7427228501,676846,诚德盛世华庭,临沂,二手房,金源路174号
A7183554310,997935,沂河高都,临沂,二手房,"湖北路,近滨河路"
A7470547927,1566293,银盛泰博观新城(二期),临沂,二手房,"大青山路,近南昌路"
A7462714323,912584,龙腾华景,临沂,二手房,青杨路39号
A7374701838,1388611,海联芳华,临沂,二手房,"蒙山高架路,近化武路"
A7393261314,1063834,蒙山花园,临沂,二手房,永安路
A7400684531,678059,明德花园南区(平邑),临沂,二手房,西环一路
A7394094775,1025061,泰和花园(河东),临沂,二手房,"人民大街,近华阳路"
A7425589881,972630,丰泽缇香府,临沂,二手房,"通达南路,近双月北路"
A7462893437,678246,警察花园,临沂,二手房,"汤河路,近广州路"
R4243031772307457,678225,曲沂社区(C区),临沂,二手房,"大青山路,近济南路"
A7439978107,972936,华润佳园(罗庄),临沂,二手房,湖北路
R3245567783166987,678124,上海花苑,临沂,二手房,上海路
A7474999952,972853,滨河绿洲,临沂,二手房,沂河大道
A6824227480,972827,银河龙门花园(别墅),临沂,二手房,"滨河东路,近临江路"
A7475732557,677614,美澳花园,临沂,二手房,滨河南路8号
A7449522583,972695,龙泉嘉园,临沂,二手房,"人民路,近古城路"
A7397236639,973155,魏三岗社区,临沂,二手房,化武路
R4477736766696450,972671,锦城花园,临沂,二手房,"工业北路,近湖东街"
A7427557542,973080,清水湾花园,临沂,二手房,滨河路
R3547647181808652,678124,上海花苑,临沂,二手房,上海路
R3621238764527618,972750,史丹利文慧园(临沭),临沂,二手房,常林西大街48号
A7468813447,1147503,明德新城,临沂,二手房,新枣路
A7430850153,1233782,平安里(一期),临沂,二手房,兰陵路
A7476978159,973243,永富御景城,临沂,二手房,俄黄路
A7268682821,677050,龙河湾,临沂,二手房,清河北路
A7296703338,1162421,浮来春公馆(别墅),临沂,二手房,北京路
A7302362774,1410690,陶然雅苑,临沂,二手房,陶然东路
A7363306855,1199089,金雀新城(B区),临沂,二手房,金坛路
A7395718559,1186472,阜丰时代城悦府,临沂,二手房,北二路
A7476437495,677213,金阳大厦,临沂,二手房,金雀山路159号
A7445308094,677071,嘉益台北新城,临沂,二手房,启阳路
A7449819861,1050889,阳光花园(平邑),临沂,二手房,蒙阳路
A7363928517,991341,汇通天下,临沂,二手房,兰山北园路313号
R4395942782280716,1190516,御尊尚府御开园,临沂,二手房,"雪山河路,近东一环路"
A7472302392,677063,荣盛沂河郡府,临沂,二手房,智圣路
A7336889348,1238498,翰林府,临沂,二手房,东升路
A7479443874,677531,银杏花园,临沂,二手房,和平路
A7432479316,677706,康桥丽都,临沂,二手房,宝泉路
A7442484484,1155308,府东佳园,临沂,二手房,白马河路
A7401303816,1012033,伊丽莎白花漾,临沂,二手房,"合肥路,近滨河东路"
A7363341273,1437406,华润中心,临沂,二手房,"八一路,近启阳路"
A7446344126,677612,美华金地嘉园,临沂,二手房,工业路
A7455135383,1505467,绿地玉晖公馆,临沂,二手房,"汤河路,近文化路"
A6695928249,1186417,砚台岭社区B区,临沂,二手房,临西十路
A7227395345,792468,恒大华府,临沂,二手房,"孝河路,近成都路"
R3567329999642626,1446314,翡翠郡,临沂,二手房,"向阳路,近澳柯玛大道"
A7479243225,1010264,安泰金升华府,临沂,二手房,"长沙路,近沂蒙路"
R3553579510080518,676702,盛世春晖,临沂,二手房,平安路203号
A7286016603,973236,银河湾(别墅),临沂,二手房,算圣路
A7429128822,1278453,春城里(公寓住宅),临沂,二手房,工业路
A7475584214,1019750,鲁商中心,临沂,二手房,"广州路,近孝河路"
A7407816089,678157,平安苑,临沂,二手房,育才路
A7446315799,677795,东旭第一城,临沂,二手房,金雀山东路
R2153913668740103,863271,书香门第,临沂,二手房,工业大道16号
A7461613412,678230,沂龙湾龙园,临沂,二手房,北京路
A7255856311,677200,银河湾3号院,临沂,二手房,工业大道
A7449600692,1512989,裕隆国际B区,临沂,二手房,"镇中路,近人民路"
A7407898250,1372657,儒辰璟宸府,临沂,二手房,"西安路,近沂蒙北路"
A7467743183,1388611,海联芳华,临沂,二手房,"蒙山高架路,近化武路"
A7292769036,909610,中元御桂园,临沂,二手房,卧虎山路
A7465348872,972779,中暨沂河一英里,临沂,二手房,东兴路
A7477087038,792116,荣盛花语馨苑,临沂,二手房,"武汉路,近马陵山路"
A7425550167,678205,开元香舍里,临沂,二手房,天津路
A7433737720,676691,翔龙第一国际,临沂,二手房,"通达路,近金雀山路"
A7470597598,972831,爱琴海(临沭),临沂,二手房,光明北路
A7449811616,1187601,宝馨嘉园,临沂,二手房,宗盛路
A7347349791,766560,皇山城,临沂,二手房,皇山路
A7450308822,677728,幸福嘉园(罗庄),临沂,二手房,化武路
A7360157143,1087479,中南鲁商樾府,临沂,二手房,"长沙路,近孝河路"
A7438036978,678239,沂州花园(兰山),临沂,二手房,沭河路
A7441978002,1388617,城开尚苑,临沂,二手房,"工业大道,近解放路"
A7397458549,677050,龙河湾,临沂,二手房,清河北路
R2984659472669701,973207,阳光维也纳,临沂,二手房,湖北路
A7435871878,677012,意林小镇,临沂,二手房,秀水路
A7323766775,909865,十二星城,临沂,二手房,"文峰山路,近北京路"
A7470557374,945726,兴沂金梦圆,临沂,二手房,健康路6号
A7355094340,972738,联泰中心城,临沂,二手房,北环路52号
A7397416112,766114,阜丰大成郡,临沂,二手房,广州路
A7456662141,677695,圣奥名门,临沂,二手房,湖东路
A7475526384,1666655,碧桂园翡丽之光都荟,临沂,二手房,沂州路
A7456633573,677629,十里洋房,临沂,二手房,清河南路
A7454857174,678259,沂龙湾润园,临沂,二手房,济南路
R3140083552034831,945156,阳光馨苑,临沂,二手房,"东一环路,近雪山河路"
R4524520662279182,972687,金矿家属院,临沂,二手房,"财源路,近财金路"
A7428954777,1062982,兰苑小区,临沂,二手房,银雀山路190号
A7479546007,972602,宝丽悦府,临沂,二手房,"宝泉路,近开元路"
A7478384417,1507632,鑫星秀水湾,临沂,二手房,"蒙山路,近温河东路"
A7464502864,792466,凤凰水城,临沂,二手房,"成都路,近沭河路"
A7447334388,972699,鲁商金悦城,临沂,二手房,金雀山路154号
R4281194523499523,972831,爱琴海(临沭),临沂,二手房,光明北路
A7426497849,1389246,银雀公馆,临沂,二手房,"银雀山路,近通达路"
A7460029179,1186429,同心花园,临沂,二手房,顺和街
A7254133210,973270,竹林桥南区,临沂,二手房,八腊庙街
R4389938424491011,1276601,铂樾府,临沂,二手房,"沂蒙路,近金七路"
A7466185857,972737,沭河花园,临沂,二手房,"光明北路,近沭河西大街"
A7376014160,676885,广田悦城,临沂,二手房,沂蒙路9号
R4012307385216010,676691,翔龙第一国际,临沂,二手房,"通达路,近金雀山路"
A7433496296,862842,香江时代华庭,临沂,二手房,聚才路81号
A7459893805,713827,兰亭凤栖苑,临沂,二手房,金雀山路
A7450412886,973076,清华园(兰陵),临沂,二手房,金盾路
A7455070121,1177721,昌辰御泽苑,临沂,二手房,北一环路
A7178383450,1002816,后园馨园小区(BC区),临沂,二手房,成才路59号
R4428903464526851,1176406,龙海国际,临沂,二手房,淮海路
A7273665006,973271,卓新天悦城,临沂,二手房,华夏路
A7459157744,1198619,临沂中心,临沂,二手房,上海路
A7473973885,1263238,慧谷星岸,临沂,二手房,"人民大街,近滨河东路"
A7477151636,1008632,名仕佳苑,临沂,二手房,"隆山路,近洪石路"
A7466181059,677599,美华新村,临沂,二手房,罗七路26号
R3767440711606285,677074,银凤花园,临沂,二手房,金源路
A7424954713,1433003,莒南史丹利文慧园,临沂,二手房,"西一路,近北疏港公路"
R3184361181684743,678163,明珠新城,临沂,二手房,泉山路
A7442945813,1180816,儒辰含章园,临沂,二手房,临西十二路
A7442919637,713709,金润花园,临沂,二手房,蒙河路
A7458353571,1054478,海联江山里,临沂,二手房,长安路
A7342853541,1082971,凤凰家园(二期),临沂,二手房,智圣路
A7470408707,677957,一品澜湾小区,临沂,二手房,郯东路172号
A7424904252,792845,沂龙湾慧园,临沂,二手房,北京路
R2615376734822403,677826,清华苑(河东),临沂,二手房,临工路
A7440758366,1059283,荣盛沂河馨苑C区,临沂,二手房,智诚路
A7464578497,678334,理想家,临沂,二手房,"成都路,近沂蒙路"
A7479471473,677210,金阳花园,临沂,二手房,金雀山路
A7454721339,1186476,滨河嘉园,临沂,二手房,站前路
A7360133370,677535,银雀溪园,临沂,二手房,琅琊王路142号
A7464419054,677345,苗庄小区,临沂,二手房,金雀山路
A7408914795,1372657,儒辰璟宸府,临沂,二手房,"西安路,近沂蒙北路"
A7406684896,1437406,华润中心,临沂,二手房,"八一路,近启阳路"
A6994607246,972961,金城溪园,临沂,二手房,冠山路
A7467727284,1045640,冠蒙时代花园,临沂,二手房,解放路
A7416056141,766114,阜丰大成郡,临沂,二手房,广州路
A7442775560,713690,后园小区(B区),临沂,二手房,巴腊庙街
A7421533529,1382671,东方悦澜湾,临沂,二手房,"北环路,近郯东路"
A7466783241,1178661,文创园,临沂,二手房,连荷线
A7401353420,973240,银星华府,临沂,二手房,富民路16号
A7469769848,993478,大南泉社区,临沂,二手房,蒙阳路
A7369559964,1008630,银座中心,临沂,二手房,解放路66号
A7449678559,677681,中晟世纪城(公寓住宅),临沂,二手房,双月园路
A6504487020,789054,圣兰菲诺(公寓住宅),临沂,二手房,算圣路
A7428327287,1088115,荣盛凯恩花园,临沂,二手房,蒙山大道
A7341269251,1432984,贵人铂悦府,临沂,二手房,"兴大东街,近薛疃路"
A7360997770,972657,汇源雅居,临沂,二手房,"长安南路,近长安南路"
A7450833035,972769,史丹利学府名苑,临沂,二手房,"沭河东大街,近冠山路"
A7231263496,1371570,凤临新城1号社区,临沂,二手房,"清河南路,近罗六路"
A7389011487,1382689,史丹利文慧园(郯城),临沂,二手房,孔望山路17号
A7461481300,677567,桃花涧小区,临沂,二手房,沂州路177号
A7313615929,676858,杏坛中心城,临沂,二手房,沂蒙路
A7405997186,972855,财源小区,临沂,二手房,财源路
R4398396112301071,766262,银丰雅园,临沂,二手房,武汉路
A7386410707,677478,荣华园(兰山区),临沂,二手房,银雀山路
A7433787156,1470216,福宽广场,临沂,二手房,"浚河路,近龙石路"
A7376722151,676739,华前广场富华小区A区,临沂,二手房,通达路161号
A7451233307,1510560,儒辰金水湾,临沂,二手房,"西三路,近顺河路"
A7465320348,677957,一品澜湾小区,临沂,二手房,郯东路172号
A7381093958,1187039,香水郡,临沂,二手房,清河南路1号
A7437274444,972664,金龙湾小区,临沂,二手房,"小沂河北路,近文诚路"
A7442812922,972748,万象阳光城,临沂,二手房,"利民街,近阳光北路"
A7423415931,677706,康桥丽都,临沂,二手房,宝泉路
A7382511838,1230528,龙盛幸福居,临沂,二手房,涑河北街
A7473228222,677623,罗湖观天下花园,临沂,二手房,沂河路
A7408966272,1190487,金泰华府(南区),临沂,二手房,"金坛路,近沂州路"
R3211147013463048,677995,临沭第一城,临沂,二手房,苍山南路
A7478566328,1666655,碧桂园翡丽之光都荟,临沂,二手房,沂州路
A7366968199,678246,警察花园,临沂,二手房,"汤河路,近广州路"
A7412993645,972997,锦绣华庭(罗庄)(一期),临沂,二手房,清河南路
A7399298329,1012033,伊丽莎白花漾,临沂,二手房,"合肥路,近滨河东路"
A7457287916,1087486,万图水岸经典,临沂,二手房,229省道
A7462525621,676861,鲁商凤凰城,临沂,二手房,涑河北街3号
R4503161542274048,677995,临沭第一城,临沂,二手房,苍山南路
A7457797553,973040,龙泉花园(兰陵),临沂,二手房,迎宾路
A7366204468,677241,金雀花苑,临沂,二手房,金雀山路
A7287790769,1380498,豪森铂悦,临沂,二手房,"人民大街,近华龙路"
A7211798669,1102641,裕原凤凰诚,临沂,二手房,南外环路
A7395276348,678246,警察花园,临沂,二手房,"汤河路,近广州路"
A7425796131,972909,富民小区(郯城),临沂,二手房,建设路81号
A7304165784,1186417,砚台岭社区B区,临沂,二手房,临西十路
A7470673905,677588,鼓楼台小区,临沂,二手房,兰山路19号
A7377126505,940357,香港城(兰山),临沂,二手房,"顺河街,近蒙山大道"
A7463718315,972868,大成家苑,临沂,二手房,化武路
A7479198721,1088103,宝德领航城,临沂,二手房,汤河路
A7391028952,1052165,文心园,临沂,二手房,正阳路
A7467051277,677995,临沭第一城,临沂,二手房,苍山南路
A7399433620,676630,金鹰花园,临沂,二手房,八一路
A7477009833,972702,毛纺厂家属院,临沂,二手房,"自由路,近光明路"
A7475336694,677961,中央华庭,临沂,二手房,文化路
A7041349055,973224,致远翡翠传奇,临沂,二手房,"科技大道,近湖北路"
A7401489233,973243,永富御景城,临沂,二手房,俄黄路
A7454999788,992364,金海岸,临沂,二手房,郯东路167号
A7458409886,779965,高尔夫庄园,临沂,二手房,滨河路
A7469531004,972763,鑫源尚城(平邑),临沂,二手房,"蒙阳路,近朝阳路"
A7470403925,1005127,外滩龙庭帝景,临沂,二手房,"滨河大道,近涑河南街"
A7442963913,1073544,金穗花园,临沂,二手房,"大青山路,近北京路"
A7456569229,781049,秀水雅苑小区,临沂,二手房,"秀水路,近济南路"
A7467022715,1478318,房源西岸公园,临沂,二手房,"临西十路,近聚才八路"
A7429263328,677606,韵皓金桂园,临沂,二手房,罗六路
A7475637251,1410682,碧桂园翡丽澜庭,临沂,二手房,"清河东路,近清河路"
A7471288214,1161011,凤凰郡,临沂,二手房,正大街
A7245969546,677786,贵和花园(河东),临沂,二手房,安居街136号
A7404041176,972712,平等花园,临沂,二手房,烟墩街99号
A7363351816,1314669,中国院子(公寓住宅),临沂,二手房,滨河东路
A7397655371,677678,营子小区,临沂,二手房,永盛路
A7479391203,972673,锦泰国际,临沂,二手房,"金花路,近204省道"
R3431540474897414,972734,胜利花园,临沂,二手房,"振兴路,近恒泰路"
A7475670576,972818,圣兰菲诺(别墅),临沂,二手房,"算圣路,近书圣路"
A7475001859,972780,沂华名都,临沂,二手房,"长安中路,近沂蒙山东路"
A7455005485,992364,金海岸,临沂,二手房,郯东路167号
A7478665927,1267290,鲁商万科新都会,临沂,二手房,"解放东路,近正阳路"
A7479596211,1073549,水岸华庭(沂水),临沂,二手房,腾飞路
A7468716407,945156,阳光馨苑,临沂,二手房,"东一环路,近雪山河路"
A7391213355,676794,东方花苑(兰山),临沂,二手房,通达路4号
A7429176375,972740,天宝花园,临沂,二手房,"金花路,近蒙阳路"
A7457476513,677228,豪情花园,临沂,二手房,平安路
A7466302042,676794,东方花苑(兰山),临沂,二手房,通达路4号
A6979175479,1190502,双和花园里,临沂,二手房,清河南路
A7412231603,713813,金坛小区,临沂,二手房,平安路
A7407748495,972754,先河御景,临沂,二手房,"罗六路,近迎宾大道"
A7471177073,991357,颐和嘉园,临沂,二手房,"书圣路,近北京东路"
A7441822344,1425393,致远天宸府,临沂,二手房,湖东路
A7458951285,1477427,鲁邦华府(平邑),临沂,二手房,"温凉河路,近红山路"
A7479200758,1303117,致远翡翠湖,临沂,二手房,科技大道115号
A7422547435,1005126,颐高上海街(三期),临沂,二手房,"沂蒙北路,近天津路"
A7440995106,1238498,翰林府,临沂,二手房,东升路
A7204068423,973224,致远翡翠传奇,临沂,二手房,"科技大道,近湖北路"
A7103226144,972645,和美苑花园,临沂,二手房,"人民大街,近孝友路"
A7459211171,1491229,碧桂园城投翡翠外滩,临沂,二手房,滨河东路
A7444175774,713723,奥斯卡上品公馆,临沂,二手房,新华路
A7456561064,1082963,南楼子小区,临沂,二手房,厦门路
A7204219707,972644,翰林庄园,临沂,二手房,"聚才七路,近临西九路"
A7394000987,676857,昆仑花园,临沂,二手房,"沂蒙路,近南昌路"
A7413863139,1087486,万图水岸经典,临沂,二手房,229省道
R3263449304784908,677556,诚德清华俊景,临沂,二手房,解放路19号
A7374602756,1310586,普村清河园A区,临沂,二手房,清河路
A7455543605,973019,蓝钻庄园(平邑),临沂,二手房,新枣路
A7474517137,1189605,郯子湖小区,临沂,二手房,环湖南路6号
R4612354518035469,1190483,商谷智慧城(商住楼),临沂,二手房,临西十路
A7276924675,996451,诚德碧海方舟,临沂,二手房,"武汉路,近北京路"
A7460045520,1428070,东泰幸福里(公寓住宅),临沂,二手房,"莲旺街,近双成路"
A7476340157,972939,华信浅水湾,临沂,二手房,滨河东路
A7429547792,677637,护台小区,临沂,二手房,护台路3号
R4101265693794307,995205,淮海御景湾(别墅),临沂,二手房,滨河路2号
A7383187188,677072,祥和家园(兰山),临沂,二手房,王庄路3号
A7471441267,1441014,史丹利十里江湾,临沂,二手房,"沈阳路,近滨河东路"
A7423852245,766733,天泰华府(南区),临沂,二手房,天津路
A7077300825,1303117,致远翡翠湖,临沂,二手房,科技大道115号
A7464577844,912196,地王银雀华府,临沂,二手房,琅琊王路
A7450688522,1491600,金都上城,临沂,二手房,淮海路
R1712314716512264,677840,东华花园,临沂,二手房,沂河路
A7477000456,972738,联泰中心城,临沂,二手房,北环路52号
A7385110097,1388610,泰鲁禧玥,临沂,二手房,"机场路,近东兴路"
A7464296008,1501445,儒辰璟宸御园,临沂,二手房,"双月湖路,龙腾路"
A7478399804,1043414,城建涑堤春晓,临沂,二手房,涑河北街
A7407035838,993481,浚东社区,临沂,二手房,滨河西路
A7438911922,973151,万通盛世馨园,临沂,二手房,通达南路
A7227335349,1012121,环球新界,临沂,二手房,"沂蒙北路,近武汉路"
A7330719477,678309,京韵园,临沂,二手房,沭河路
A7478671483,677970,阳光上城,临沂,二手房,建设路
A7461883273,678168,城市花园A区,临沂,二手房,文峰路
A7472448666,972700,鲁商印象城,临沂,二手房,"苍山北路,近沭河西大街"
A7450605587,1073568,香醍荣府,临沂,二手房,广州路1号
A7474506823,677842,褚庄小区汇银苑,临沂,二手房,解放东路
A7445563778,1087495,史丹利沂景花园,临沂,二手房,四平路
A7407574390,1190503,涑河国际城B区,临沂,二手房,涑河北街
A7457344811,972823,澜泊湾(二期),临沂,二手房,"祊河路,近柳青河西路"
A7419385761,1186419,书院小区(北区),临沂,二手房,沂蒙路
A7431893451,677609,阳光新苑,临沂,二手房,双月湖路
A7441801931,1410673,房源君悦华府,临沂,二手房,"祝丘路,近沂河路"
A7474434681,972723,群星家园,临沂,二手房,"中心南街,近腾飞路"
A7430177598,678028,万家福花园,临沂,二手房,银花路
A7442584933,1505467,绿地玉晖公馆,临沂,二手房,"汤河路,近文化路"
A7399086138,713746,临沂铁路新村,临沂,二手房,八一路239号
A7398567415,972982,金泰华府(北区),临沂,二手房,"沂州路,近平安路"
A7253161669,713691,嘉益香槟城,临沂,二手房,兰山清河南路
A7477781703,945212,沂河明珠,临沂,二手房,"正阳路,近小沂河南路"
A7417142913,1071638,泉山国际,临沂,二手房,泉山路
R3141953163764739,677795,东旭第一城,临沂,二手房,金雀山东路
A7472315710,713721,福源家园,临沂,二手房,滨河路
A7463308898,1010264,安泰金升华府,临沂,二手房,"长沙路,近沂蒙路"
A7418766905,1028359,鲁洲清华园,临沂,二手房,鲁洲路18号
A7366973238,678257,齐鲁园,临沂,二手房,天津路
R4504920625126414,677975,瓯龙现代城,临沂,二手房,涑河东大街
A7413892096,1088106,费县书香雅苑,临沂,二手房,东外环路
A7421075802,1214944,相公奥达花园,临沂,二手房,北京东路
A7413140870,766262,银丰雅园,临沂,二手房,武汉路
A7340571958,678026,丰华苑(平邑),临沂,二手房,温凉河路
A7464775693,677831,水岸澜庭,临沂,二手房,顺和路
A7477018925,972801,育才第二小区,临沂,二手房,"沂蒙路,近文昌路"
R3215723836023817,973238,银桥金居,临沂,二手房,解放东路
A7463390093,677609,阳光新苑,临沂,二手房,双月湖路
A7431875979,677597,美华园,临沂,二手房,湖北路240号
R4090350962355208,1173647,鲁南新国际,临沂,二手房,蒙山大道
A7328146098,1066632,金泰瑞府,临沂,二手房,南京路
A7390016416,973155,魏三岗社区,临沂,二手房,化武路
A7446253255,1087445,水韵华苑,临沂,二手房,北京路
A7353550326,1388623,学府名苑,临沂,二手房,"新二路,近黑龙潭路"
A7462531814,994769,翔宇三江领秀,临沂,二手房,"兰亭路,近李公街"
A7368131239,766733,天泰华府(南区),临沂,二手房,天津路
A7305660659,1437406,华润中心,临沂,二手房,"八一路,近启阳路"
A7477993444,973235,银河龙门花园,临沂,二手房,滨河东路
A7369158061,676885,广田悦城,临沂,二手房,沂蒙路9号
A7103370454,1132508,滨河花苑,临沂,二手房,合肥路
A7466122699,940391,德馨苑,临沂,二手房,内环北路
A7475473273,1147500,银泰景苑,临沂,二手房,陶然路
A7448146244,678164,蓝湖名邸(北区),临沂,二手房,兰陵路99号
A7478391928,677009,滨河国际,临沂,二手房,滨河路
A7478770192,677030,香榭丽舍,临沂,二手房,中丘路8号
A7123000301,909866,龙凤花园,临沂,二手房,大青山路
A7477628824,1199089,金雀新城(B区),临沂,二手房,金坛路
A7474978287,678193,开元瑞都(西区),临沂,二手房,迎宾路
A7427427196,1001590,银盛泰博观新城(一期),临沂,二手房,"沂蒙路,近西安路"
A7350916620,676993,石油小区(A区),临沂,二手房,"涑河南街,近兰山路"
A7466395385,678310,荣昌绿园,临沂,二手房,"孝河路,近武汉路"
A7427794780,1214944,相公奥达花园,临沂,二手房,北京东路
A7433570273,1217086,润泰书香郡,临沂,二手房,"通达南路,近湖北路"
R2820690464746504,1087458,城市花园C区,临沂,二手房,佳园路
A7213177024,909610,中元御桂园,临沂,二手房,卧虎山路
A7404953753,972752,西山小区,临沂,二手房,"振兴路,近历山路"
A7463640294,1419891,天润香墅湾一号(公寓住宅),临沂,二手房,通达路
A7478655446,677018,卧龙嘉苑,临沂,二手房,大青山路93号
A7364385091,1087460,龙湾一品,临沂,二手房,鑫华西路
R3242212147125254,677599,美华新村,临沂,二手房,罗七路26号
A7461783814,1156542,理工学府(A区)(1-9号楼),临沂,二手房,东外环1号
A7475823066,1190502,双和花园里,临沂,二手房,清河南路
R4317620184968198,1019904,怡和花园,临沂,二手房,"临工路,近昆明路"
A7470561189,1401078,盛世华府(郯城),临沂,二手房,师郯路155号
A7449669829,864061,皇山华府,临沂,二手房,滨河东路
A7369057319,1020108,园丁福城(B区),临沂,二手房,佳园路
A7238805062,1082964,名仕温泉国际城(别墅),临沂,二手房,滨河东路
A7256573071,678303,鼎峰英伦花园,临沂,二手房,书圣路
A7479299843,1521317,中海熙园,临沂,二手房,"沂蒙路,近沂河路"
A7451372292,1188339,城投柳青玺悦(别墅),临沂,二手房,汤河路
A7427461587,676993,石油小区(A区),临沂,二手房,"涑河南街,近兰山路"
A7311647959,677588,鼓楼台小区,临沂,二手房,兰山路19号
A7419706165,1431486,鲁商万科城,临沂,二手房,金雀山路154号
A7473718663,1050889,阳光花园(平邑),临沂,二手房,蒙阳路
R4427108199293956,1376380,城开御府,临沂,二手房,"朝阳路,近北环路"
A7447984193,1432984,贵人铂悦府,临沂,二手房,"兴大东街,近薛疃路"
A7422110087,1108461,金桥花园板桥社区,临沂,二手房,板桥路
A7479436781,912502,宝鼎花园,临沂,二手房,开阳路207号
A7398346354,677018,卧龙嘉苑,临沂,二手房,大青山路93号
A7404164280,1131057,滨河名邸,临沂,二手房,香港路
A7433707004,792849,汀香郡,临沂,二手房,成都路
A7463797873,1424470,宝信龙港,临沂,二手房,"建设东路,近滨河东路"
A7443336861,1590886,青啤御棠府,临沂,二手房,"滨河路,近湖北路"
A7475449797,972597,安嘉花雨馨,临沂,二手房,"朝阳路,近滨河东路"
A7249835037,678334,理想家,临沂,二手房,"成都路,近沂蒙路"
A7467916567,678042,滨水雅园,临沂,二手房,金花路
A7454135557,677097,涑河国际城A区,临沂,二手房,涑河北街
A7453425954,941535,新东关,临沂,二手房,"解放路,近沂州路"
A7405050840,677902,豪森华府,临沂,二手房,人民大街999号
A7476929365,973131,陶然华庭,临沂,二手房,银雀山路
R4112851952541710,677995,临沭第一城,临沂,二手房,苍山南路
A7479166309,972779,中暨沂河一英里,临沂,二手房,东兴路
A7475571287,1087443,银丰公馆,临沂,二手房,清河南路
A7408962975,972855,财源小区,临沂,二手房,财源路
A7455861643,972853,滨河绿洲,临沂,二手房,沂河大道
A7336102532,677911,伊丽莎白东岸,临沂,二手房,滨河东路
A7407834802,677755,开元美郡,临沂,二手房,双月湖路
A7449045837,676985,开阳名居,临沂,二手房,开阳路
A7417012109,1316365,鲁地德慧苑,临沂,二手房,师郯路
A7415120380,792467,滨河阳光(兰山),临沂,二手房,兰陵路
A7445254723,972634,阜丰时代城曦园,临沂,二手房,"隆山路,近鸡龙河北路"
A7460222196,1059283,荣盛沂河馨苑C区,临沂,二手房,智诚路
A7451714911,766265,纽约上城,临沂,二手房,北园路
A7479250020,994769,翔宇三江领秀,临沂,二手房,"兰亭路,近李公街"
A7146247749,1314668,中国院子(别墅),临沂,二手房,滨河东路
A7441121162,677660,宝翠园,临沂,二手房,罗六路
A7478546197,677044,沂河花园(兰山),临沂,二手房,中丘路4号
A7289894873,677157,兴盛小区,临沂,二手房,银雀山路
A7313452930,994769,翔宇三江领秀,临沂,二手房,"兰亭路,近李公街"
A7473985593,1187594,蓝钻香醍,临沂,二手房,新枣路
A6991123128,972776,依云小镇,临沂,二手房,"沂州路,近清河南路"
R4390430088666125,1135226,花溪樾,临沂,二手房,湖北路
A7417847992,1008631,宝丽未来城,临沂,二手房,"清河南路,近电厂路"
A7439756711,677071,嘉益台北新城,临沂,二手房,启阳路
A7417665003,1195633,房源印象东城,临沂,二手房,巩村路
A7471494240,676985,开阳名居,临沂,二手房,开阳路
R3096689375140874,1180816,儒辰含章园,临沂,二手房,临西十二路
A7425829249,677345,苗庄小区,临沂,二手房,金雀山路
A7419585890,677936,龙域中央小区,临沂,二手房,郯东路
A7305610143,783033,德居一品(西区),临沂,二手房,府前巷1号
A7403075130,1002816,后园馨园小区(BC区),临沂,二手房,成才路59号
A7473186247,714048,东墩花园,临沂,二手房,启阳路
A7095732656,945875,海博长安府(公寓住宅),临沂,二手房,"长安路,近海关路"
A7428233718,787992,凯润滨湖花园(公寓住宅),临沂,二手房,兰亭路
A7469617075,1008631,宝丽未来城,临沂,二手房,"清河南路,近电厂路"
A7453235636,941014,江泉国际,临沂,二手房,通达南路
A7468514968,972734,胜利花园,临沂,二手房,"振兴路,近恒泰路"
R4232032226421766,1025061,泰和花园(河东),临沂,二手房,"人民大街,近华阳路"
A7474572011,713827,兰亭凤栖苑,临沂,二手房,金雀山路
A7066675057,1179509,古城社区南B区,临沂,二手房,南昌路
A7287997133,678347,浙景玫瑰园,临沂,二手房,沃尔沃路
A7459324776,972708,明瑞华庭,临沂,二手房,"蒙山路,近建设路"
A7409014155,1042464,北方明珠,临沂,二手房,沂博路39号
A7403479640,1008631,宝丽未来城,临沂,二手房,"清河南路,近电厂路"
A7454759503,1088124,掌舵龙湖,临沂,二手房,湖北路
A7374660549,766264,北园小区(兰山),临沂,二手房,北园路289号
A7406748022,863271,书香门第,临沂,二手房,工业大道16号
A7281276824,1265102,万城祥云大院,临沂,二手房,通达南路
A7408847163,1424470,宝信龙港,临沂,二手房,"建设东路,近滨河东路"
A7393803138,1077760,杨庄社区滨河金苑D区,临沂,二手房,顺和路
A7417874732,972909,富民小区(郯城),临沂,二手房,建设路81号
A7419383322,1008633,山水龙城(莒南),临沂,二手房,"天桥路,近洪石路"
A7443691380,972673,锦泰国际,临沂,二手房,"金花路,近204省道"
A7199674924,973176,新华苑(兰山),临沂,二手房,海关路94号
A7395451916,1624497,房源君澜凤凰城,临沂,二手房,"凤仪街,近温泉路"
A7462824960,1660606,城建锦绣里,临沂,二手房,通达路365号
A7406188476,1088106,费县书香雅苑,临沂,二手房,东外环路
A7394392195,1077760,杨庄社区滨河金苑D区,临沂,二手房,顺和路
A7413819590,677785,乐泰花苑,临沂,二手房,正阳路
A7376765106,792843,城建时代庄园,临沂,二手房,北园路323号
A7435898248,676851,金泰华城,临沂,二手房,北园路399号
A7357647750,1088982,金联上府,临沂,二手房,板桥路
A7460194450,1088815,宝馨嘉苑,临沂,二手房,蒙阳路
A7427059165,1483586,九州悦府,临沂,二手房,"天桥路,近民主路"
A7478469758,677822,御景东方,临沂,二手房,北京东路
A7427583170,676732,城市主人,临沂,二手房,北京路
A7415079012,678161,家天下(兰陵),临沂,二手房,滨河西路
A7435806874,1520533,杏林花园,临沂,二手房,人民路6号
A7477042627,676888,金鼎花园,临沂,二手房,沂蒙路
A7468573930,1512989,裕隆国际B区,临沂,二手房,"镇中路,近人民路"
A7423269789,1187594,蓝钻香醍,临沂,二手房,新枣路
A7176742869,1159018,宝德和园,临沂,二手房,南坪街
R4580928334457864,973223,怡景绿洲,临沂,二手房,清河南路
A7464353983,676904,沂龙湾清园,临沂,二手房,广州路
A7460111701,1187601,宝馨嘉园,临沂,二手房,宗盛路
A7452450439,1007905,怡和国际,临沂,二手房,沂河路23号
A7456628687,1040965,盛通红郡,临沂,二手房,香港路
A7458654158,1483586,九州悦府,临沂,二手房,"天桥路,近民主路"
A7478657359,995204,华创金桂园(别墅),临沂,二手房,"沂州路,近沂河路"
A7470498618,676691,翔龙第一国际,临沂,二手房,"通达路,近金雀山路"
A7471159057,677007,水岸华庭(兰山),临沂,二手房,聚才路2号
A7473872807,677556,诚德清华俊景,临沂,二手房,解放路19号
A7466328333,1477427,鲁邦华府(平邑),临沂,二手房,"温凉河路,近红山路"
R2519931506991104,1014918,和润香堤,临沂,二手房,"文峰山路,近北京路"
A7455043536,1050117,中梁壹号院,临沂,二手房,智圣路
R4308016024920066,713735,广田悦园,临沂,二手房,"宏大路,近大山路"
A7439058448,678201,文轩苑,临沂,二手房,"东升路,近开阳路"
A7427577373,1388617,城开尚苑,临沂,二手房,"工业大道,近解放路"
A7422150782,973209,一品尚都,临沂,二手房,郯东路
A7445429195,1176406,龙海国际,临沂,二手房,淮海路
A7390004791,973155,魏三岗社区,临沂,二手房,化武路
R2613666810028034,1186419,书院小区(北区),临沂,二手房,沂蒙路
A7303164699,678205,开元香舍里,临沂,二手房,天津路
A7396205951,1289921,广厦兰都,临沂,二手房,人民路老体委
A7398246220,676702,盛世春晖,临沂,二手房,平安路203号
R3317286144648206,676662,北园花苑,临沂,二手房,北园路260号
A7375422675,677597,美华园,临沂,二手房,湖北路240号
A7417723362,1432987,桂花丽舍,临沂,二手房,"光明南路,近惠民街"
A7435705780,676852,冠蒙六合御庭,临沂,二手房,"沂蒙路,近涑河北街"
A7294791946,1424470,宝信龙港,临沂,二手房,"建设东路,近滨河东路"
A7286895085,995205,淮海御景湾(别墅),临沂,二手房,滨河路2号
A7423141666,1527674,临矿玖府,临沂,二手房,"罗程路,近罗三路"
A7459065831,1486235,海博望江府,临沂,二手房,"滨河东路,近厦门路"
R3691286417220617,992364,金海岸,临沂,二手房,郯东路167号
A7405010341,973139,汀香郡(别墅),临沂,二手房,成都路
A7402331326,1183678,锦绣华庭(罗庄)(二期),临沂,二手房,清河南路
A7260691455,972645,和美苑花园,临沂,二手房,"人民大街,近孝友路"
A7444600875,973112,水岸名城(费县),临沂,二手房,自由路
A7477719854,973152,万图海德公馆,临沂,二手房,文峰路
A7366957640,1179513,克拉国际广场,临沂,二手房,兰陵路
A7286078884,972752,西山小区,临沂,二手房,"振兴路,近历山路"
A7473548596,972734,胜利花园,临沂,二手房,"振兴路,近恒泰路"
A7392116211,864061,皇山华府,临沂,二手房,滨河东路
A7323029708,1380615,绿地紫峰公馆,临沂,二手房,"雄安大道,近汤河路"
A7431053656,1038557,三孔桥小区,临沂,二手房,"颜巷口街,近兰山路"
A7354237275,1259484,儒辰观澜府,临沂,二手房,科教路
A7472827074,972856,昌辰御园,临沂,二手房,长安南路
A7469412885,677798,阳光水岸,临沂,二手房,滨河东路
A7444680945,972747,万和丽景园,临沂,二手房,"淮海路,近东环路"
A7478599065,677986,北城花园,临沂,二手房,沭河大街
A7476922514,1510560,儒辰金水湾,临沂,二手房,"西三路,近顺河路"
A7369573948,678056,汇源城,临沂,二手房,327国道
A7453318620,972998,锦绣嘉园(郯城),临沂,二手房,郯东路177号
A7467929486,1235216,壹号公馆,临沂,二手房,宗圣路
A7454147692,1002818,房源印象,临沂,二手房,开源路152号
A7443520480,972711,平安华府,临沂,二手房,羲之路159-1号
A7431797437,1265102,万城祥云大院,临沂,二手房,通达南路
A7443297984,973139,汀香郡(别墅),临沂,二手房,成都路
A7448743535,1380499,万城瑞府,临沂,二手房,"西五路,近北环路"
A7474464405,678222,世纪新筑,临沂,二手房,兰陵路
A7303904528,972616,东方嘉苑小区,临沂,二手房,"银杏路,近钟山路"
A7406863495,676993,石油小区(A区),临沂,二手房,"涑河南街,近兰山路"
A7397377946,1108599,天翔雅苑,临沂,二手房,李公街
A7370320038,1384911,宝丽天樾,临沂,二手房,"双月园路,近湖东二路"
A7476885938,1384318,滨河阳光(兰陵),临沂,二手房,"文峰路,近滨河东路"
A7415786322,1087443,银丰公馆,临沂,二手房,清河南路
A7412244769,1186453,埠东家园(西区),临沂,二手房,"陶然路,近中丘路"
A7469359200,677531,银杏花园,临沂,二手房,和平路
A7455922508,676742,五里堡苹果园小区,临沂,二手房,开阳路71号
A7337513299,678034,莲花园小区,临沂,二手房,蒙山大道
A7440066479,972827,银河龙门花园(别墅),临沂,二手房,"滨河东路,近临江路"
A7417727208,972740,天宝花园,临沂,二手房,"金花路,近蒙阳路"
A7445302264,678310,荣昌绿园,临沂,二手房,"孝河路,近武汉路"
A7464439739,678262,爱琴海(兰山),临沂,二手房,"广州路,近成都路"
A7428248988,766265,纽约上城,临沂,二手房,北园路
A7419637101,1543010,书香檀悦,临沂,二手房,北环路165号
A7439967553,1052507,星河城,临沂,二手房,沂河路
A7394403868,972684,蓝色港湾小区,临沂,二手房,"和平路,近健康路"
A7473915146,973160,五洲华府天著(别墅),临沂,二手房,孝圣路
A7474749083,1045640,冠蒙时代花园,临沂,二手房,解放路
R3444922044686344,973016,兰山小区,临沂,二手房,顺和街
A7456600956,1410691,城投华皓城,临沂,二手房,"沂河路,近沃尔沃路"
A7410667020,1187591,明德兴水湾,临沂,二手房,"温凉河路,近327省道"
A7467717786,863271,书香门第,临沂,二手房,工业大道16号
R4154901118884870,992363,金盾中央公园,临沂,二手房,人民路11-1号
A7391419298,676689,华苑中天,临沂,二手房,北园路168号
A7385467409,1001590,银盛泰博观新城(一期),临沂,二手房,"沂蒙路,近西安路"
A7374632342,1410670,泰合城,临沂,二手房,"清河南路,近湖东路"
A7418620661,945212,沂河明珠,临沂,二手房,"正阳路,近小沂河南路"
R3561771187313679,1198335,宝来新天地,临沂,二手房,中山北路29号
A7432961639,1177716,绣花美景华庭,临沂,二手房,绣花城路
A7450522378,1371575,和园首府,临沂,二手房,"建设路,近西外环路"
A7348085676,1050117,中梁壹号院,临沂,二手房,智圣路
A7467702102,972855,财源小区,临沂,二手房,财源路
A7469527614,1050889,阳光花园(平邑),临沂,二手房,蒙阳路
A7282155449,1050117,中梁壹号院,临沂,二手房,智圣路
A7413188090,972654,环球金水湾,临沂,二手房,"长沙路,近温良河路"
A7401412874,676910,环球香樟园,临沂,二手房,"沂蒙路,近武汉路"
A7473686145,972856,昌辰御园,临沂,二手房,长安南路
A7443915618,972673,锦泰国际,临沂,二手房,"金花路,近204省道"
A7449647438,973112,水岸名城(费县),临沂,二手房,自由路
A7396518518,973084,仁德家园,临沂,二手房,财源路
A6998509519,1512644,蓝钻瑞府,临沂,二手房,"金花路,近蒙山大道"
A7469349369,677981,金明寓育源华庭,临沂,二手房,振兴北路
A7390201005,1265102,万城祥云大院,临沂,二手房,通达南路
A7076369162,1025551,皇亭花苑B区,临沂,二手房,郯中路195号
A7468777132,1496459,郯城第一中学家属楼,临沂,二手房,郯西路18号
A7444428286,1479147,林庄御园D区,临沂,二手房,林安街
A7305656916,1183682,于泉尚城,临沂,二手房,通达路
A7417058791,973222,怡海国际新城,临沂,二手房,东兴路
R2726543381294089,973209,一品尚都,临沂,二手房,郯东路
A7415811182,972645,和美苑花园,临沂,二手房,"人民大街,近孝友路"
A7214672337,973160,五洲华府天著(别墅),临沂,二手房,孝圣路
A7362169680,677678,营子小区,临沂,二手房,永盛路
A7315302942,938432,金域国际,临沂,二手房,湖西路116号
A7446512221,972720,青年宜居,临沂,二手房,"南京路,近孝河路"
A6912507494,783035,浮来春公馆,临沂,二手房,北京路
A7474708074,677981,金明寓育源华庭,临沂,二手房,振兴北路
A7415962860,676861,鲁商凤凰城,临沂,二手房,涑河北街3号
R4152769822895108,1019750,鲁商中心,临沂,二手房,"广州路,近孝河路"
A7459472689,1010268,孟园馨苑,临沂,二手房,"湖东路,近化武路"
A7336078542,677805,莱茵国际,临沂,二手房,李公河路
A7463732186,677971,龙门豪庭,临沂,二手房,和平路
A7464406825,677018,卧龙嘉苑,临沂,二手房,大青山路93号
A7477109141,676846,诚德盛世华庭,临沂,二手房,金源路174号
R2245937313538055,677218,江南映象,临沂,二手房,八一路74号
A7431146639,972868,大成家苑,临沂,二手房,化武路
A7423865051,1521317,中海熙园,临沂,二手房,"沂蒙路,近沂河路"
A7458323012,863541,致远翡翠园,临沂,二手房,"滨河路,近聚才八路"
A7370249766,1425393,致远天宸府,临沂,二手房,湖东路
R4053424990694410,677228,豪情花园,临沂,二手房,平安路
A7446130729,1073549,水岸华庭(沂水),临沂,二手房,腾飞路
A7272710397,678280,兴冠园,临沂,二手房,天津路6号
A7469839880,1054478,海联江山里,临沂,二手房,长安路
A7384478947,1088117,石油小区b区,临沂,二手房,东岳庙街
A7467027916,945720,绿城花园,临沂,二手房,"长安北路,近北一环路"
A7272377827,1087479,中南鲁商樾府,临沂,二手房,"长沙路,近孝河路"
A7451508192,973055,美多商贸城,临沂,二手房,前十街
A7433812999,1187594,蓝钻香醍,临沂,二手房,新枣路
A7473114033,678326,英伦名嘉,临沂,二手房,"卧虎山路,近马陵山路"
A7474589270,1067126,远州杰座,临沂,二手房,"香港路,近沈阳路"
A7478633383,1664010,鲁商万科城如园,临沂,二手房,"平安路,近蒙山大道"
A7474516802,1384911,宝丽天樾,临沂,二手房,"双月园路,近湖东二路"
A7046121786,1183682,于泉尚城,临沂,二手房,通达路
A7454259105,1156542,理工学府(A区)(1-9号楼),临沂,二手房,东外环1号
R2775045135821829,677213,金阳大厦,临沂,二手房,金雀山路159号
A7478774742,1042464,北方明珠,临沂,二手房,沂博路39号
A7469603766,1256982,九州唐樾,临沂,二手房,静海路
A7398538435,1410670,泰合城,临沂,二手房,"清河南路,近湖东路"
R4617052559809551,1187042,兰亭上城,临沂,二手房,苍山北路
R4067987114531845,972599,安信现代城,临沂,二手房,团结路64号
A7466917823,1192381,中晟学府美地,临沂,二手房,科教路
A7478384446,1507632,鑫星秀水湾,临沂,二手房,"蒙山路,近温河东路"
A7451349046,1177721,昌辰御泽苑,临沂,二手房,北一环路
A7449801397,678026,丰华苑(平邑),临沂,二手房,温凉河路
A7471421314,1005127,外滩龙庭帝景,临沂,二手房,"滨河大道,近涑河南街"
A7473928834,676689,华苑中天,临沂,二手房,北园路168号
A7394057612,1507632,鑫星秀水湾,临沂,二手房,"蒙山路,近温河东路"
A7301307432,973252,御山河(别墅),临沂,二手房,滨河东路
A7464797555,1087495,史丹利沂景花园,临沂,二手房,四平路
A7470423702,1220705,费县清华园,临沂,二手房,自由西路
A7463658385,1501445,儒辰璟宸御园,临沂,二手房,"双月湖路,龙腾路"
A7248611605,677615,欧罗花园,临沂,二手房,护台路5号
A7473925555,972665,金茂印象,临沂,二手房,"西一路,近十泉路"
A7397532625,972827,银河龙门花园(别墅),临沂,二手房,"滨河东路,近临江路"
A7245139852,1491600,金都上城,临沂,二手房,淮海路
A7439830091,1187589,桃花源小区,临沂,二手房,"莲花山路,近327省道"
A7444407080,972942,环球丹桂园,临沂,二手房,北京路
A7395694825,677072,祥和家园(兰山),临沂,二手房,王庄路3号
A7468816687,1474255,御澜九府,临沂,二手房,"滨河路,近通达路"
A7436757845,713709,金润花园,临沂,二手房,蒙河路
A7408994783,677006,泰美花园,临沂,二手房,"沂蒙路,近南昌路"
A7473707539,1195820,翰林丽都(A区),临沂,二手房,崇文路
A7477936949,678231,三和园(B区),临沂,二手房,汤河路
A7468467360,1066632,金泰瑞府,临沂,二手房,南京路
A7368130021,678247,桃园,临沂,二手房,"天津路,近广州路"
A7466093430,1022352,恒大华府(商住楼),临沂,二手房,"孝河路,近成都路"
A7478497312,677822,御景东方,临沂,二手房,北京东路
A7342064026,676895,泰和花园(东区),临沂,二手房,涑河北街
A7465640082,973230,邑博园,临沂,二手房,西环一路
A7424933196,792845,沂龙湾慧园,临沂,二手房,北京路
A7476427083,1033355,新城吾悦广场,临沂,二手房,"东兴路,近安居街"
A7433315900,1303120,沂河璟城,临沂,二手房,科技大道
A7371247957,1188339,城投柳青玺悦(别墅),临沂,二手房,汤河路
A7408991812,973019,蓝钻庄园(平邑),临沂,二手房,新枣路
A7473743282,1187039,香水郡,临沂,二手房,清河南路1号
A7476917248,676883,金茂花园,临沂,二手房,上海路
A7473187179,1016431,水岸华庭(兰陵),临沂,二手房,"顺和路,近滨河西路"
A7435744227,1045640,冠蒙时代花园,临沂,二手房,解放路
A7449005936,972747,万和丽景园,临沂,二手房,"淮海路,近东环路"
A7305538235,676883,金茂花园,临沂,二手房,上海路
R3839246558718983,972599,安信现代城,临沂,二手房,团结路64号
A7458418869,1667235,龙樾府,临沂,二手房,"湖北路,近火炬路"
A7448210418,973225,怡景园(平邑),临沂,二手房,银花路
R3595090029487109,973016,兰山小区,临沂,二手房,顺和街
A7463495216,972778,沂河观邸,临沂,二手房,"凤翔街,近智圣路"
A7465493268,945165,长安国际,临沂,二手房,长安中路210号
A7398276177,864365,恒大绿洲,临沂,二手房,"华夏路,近香港路"
A7398262810,1087454,翰林国府,临沂,二手房,佳园路
A7452446096,973216,青啤沂河美域,临沂,二手房,滨河路
A7396204349,1265101,青棠湾小区(公寓住宅),临沂,二手房,滨河东路
A7440783023,1187601,宝馨嘉园,临沂,二手房,宗盛路
A7310973823,1044983,枣园小镇,临沂,二手房,永安路77号
A7405856166,973210,一品御墅,临沂,二手房,恒昌路
A7384012888,1087441,史丹利皇山景城花园(公寓住宅),临沂,二手房,皇山路
A7407104306,972810,泽润园,临沂,二手房,郯东路188号
A7461543876,973151,万通盛世馨园,临沂,二手房,通达南路
A7405979733,909611,泷璟,临沂,二手房,"卧虎山路,近沂山路"
A7380217292,1008630,银座中心,临沂,二手房,解放路66号
A7430119136,972810,泽润园,临沂,二手房,郯东路188号
A7417830117,677898,御山河,临沂,二手房,滨河东路
A7468763670,1372657,儒辰璟宸府,临沂,二手房,"西安路,近沂蒙北路"
A7446124159,1384318,滨河阳光(兰陵),临沂,二手房,"文峰路,近滨河东路"
A7406645719,1010266,鸿儒国际,临沂,二手房,"双岭路,近工业大道"
A7255052243,1217088,水景苑,临沂,二手房,温凉河路
A7403239784,1087444,翔龙清河苑,临沂,二手房,清河南路
A7463556242,972936,华润佳园(罗庄),临沂,二手房,湖北路
A7479493036,1187594,蓝钻香醍,临沂,二手房,新枣路
A7417354611,973237,银河湾小区(费县),临沂,二手房,站前路
A7392252221,1077760,杨庄社区滨河金苑D区,临沂,二手房,顺和路
A7440908425,677811,凤舞明珠,临沂,二手房,凤凰大街
A7478501237,1310586,普村清河园A区,临沂,二手房,清河路
A7452258651,972688,丽都小区,临沂,二手房,"朝阳路,近蒙山大道"
A7474548044,938789,滨河润城,临沂,二手房,"中丘路,近五号路"
A7279482999,1276601,铂樾府,临沂,二手房,"沂蒙路,近金七路"
A7441823783,1425393,致远天宸府,临沂,二手房,湖东路
A7461390486,972793,邑城一品,临沂,二手房,"金花路,近板桥路"
A7478771009,972982,金泰华府(北区),临沂,二手房,"沂州路,近平安路"
A7445248137,1664010,鲁商万科城如园,临沂,二手房,"平安路,近蒙山大道"
R1929777658584068,973161,五洲华府天著(公寓住宅),临沂,二手房,孝圣路
A7407126376,1180816,儒辰含章园,临沂,二手房,临西十二路
A7446324993,1293481,高尔夫庄园(商住楼),临沂,二手房,滨河路
A7470349984,1009145,华润凯旋门,临沂,二手房,开阳路19号
A7373485694,713721,福源家园,临沂,二手房,滨河路
A7307503178,1088120,双庄清华园社区,临沂,二手房,长春路
A7439716268,676730,开元花半里,临沂,二手房,成都路
A7432760319,972843,宝德书香苑,临沂,二手房,中丘路
A7464484032,678271,金盾花园东区(兰山),临沂,二手房,上海路
A7418622569,1073549,水岸华庭(沂水),临沂,二手房,腾飞路
A7448308687,1410691,城投华皓城,临沂,二手房,"沂河路,近沃尔沃路"
A7445647823,1025061,泰和花园(河东),临沂,二手房,"人民大街,近华阳路"
A7470664288,1432984,贵人铂悦府,临沂,二手房,"兴大东街,近薛疃路"
A7276547354,677067,龙盛幸福里,临沂,二手房,宏大路
A7449565877,973071,平安悦城(兰陵),临沂,二手房,文峰路
A7427709095,678263,柳青齐鲁园,临沂,二手房,兰亭路
A7318138593,1052574,焦庄佳园,临沂,二手房,清河北路
R4243915563163650,1088121,万兴都公寓,临沂,二手房,涑河南街22号
A7463700050,1187595,蓝钻浚河郡,临沂,二手房,新枣路
A7447393670,677840,东华花园,临沂,二手房,沂河路
A7444667124,972755,香缇郡,临沂,二手房,"滨河东路,近桃源街"
A7466130117,1012032,盛源华府,临沂,二手房,"通达南路,近双月园路"
A7384002038,678209,秀水湾,临沂,二手房,济南路
A7408989347,1030902,富林小镇,临沂,二手房,"化武路,近琅琊王路"
A7313750716,792845,沂龙湾慧园,临沂,二手房,北京路
A7424929298,1259484,儒辰观澜府,临沂,二手房,科教路
A7239529824,1647258,十里春风,临沂,二手房,"东一环路,近富春江路"
A7470545271,972809,源泉小区,临沂,二手房,"南外环路,近正义路"
A7468729697,792116,荣盛花语馨苑,临沂,二手房,"武汉路,近马陵山路"
A7425785942,1190502,双和花园里,临沂,二手房,清河南路
A7181557721,790445,深莞城,临沂,二手房,沂河路19号
A7445564049,1664010,鲁商万科城如园,临沂,二手房,"平安路,近蒙山大道"
A7443838326,973086,荣盛沂河馨苑(B区),临沂,二手房,智圣路
A7455903539,1477427,鲁邦华府(平邑),临沂,二手房,"温凉河路,近红山路"
A7442916493,677760,阳光花园(东区),临沂,二手房,新华路
A7388754343,787992,凯润滨湖花园(公寓住宅),临沂,二手房,兰亭路
A7412927425,676876,泰和花园(北区),临沂,二手房,沂蒙路
A7469398048,767135,中科印象,临沂,二手房,海关路
A7476483918,1011242,荣盛蓝山郡,临沂,二手房,"金雀山路,近工业大道"
A7477740021,973235,银河龙门花园,临沂,二手房,滨河东路
A7428108763,678222,世纪新筑,临沂,二手房,兰陵路
A7385531675,676742,五里堡苹果园小区,临沂,二手房,开阳路71号
A7456577232,1410691,城投华皓城,临沂,二手房,"沂河路,近沃尔沃路"
A7431198394,1028359,鲁洲清华园,临沂,二手房,鲁洲路18号
A7440848883,1189605,郯子湖小区,临沂,二手房,环湖南路6号
A7395479387,678303,鼎峰英伦花园,临沂,二手房,书圣路
A7309261179,945157,翰林华府(沂水),临沂,二手房,双成路
A7400624038,1045640,冠蒙时代花园,临沂,二手房,解放路
R4414477948527628,973089,瑞腾优卡空间,临沂,二手房,蒙山大道
A7409585072,1187591,明德兴水湾,临沂,二手房,"温凉河路,近327省道"
A7456782758,973132,天河景苑,临沂,二手房,秀水路
A7424164428,1235215,杜三岗幸福社区,临沂,二手房,工业大道
A7327468962,783033,德居一品(西区),临沂,二手房,府前巷1号
A7413078664,973207,阳光维也纳,临沂,二手房,湖北路
A7433790233,973019,蓝钻庄园(平邑),临沂,二手房,新枣路
A7424772902,973222,怡海国际新城,临沂,二手房,东兴路
A7249721189,1195633,房源印象东城,临沂,二手房,巩村路
A7425766346,973269,中苑小区,临沂,二手房,清河北路
A7479460241,677531,银杏花园,临沂,二手房,和平路
A7471601458,973176,新华苑(兰山),临沂,二手房,海关路94号
A7451416462,713771,永恒华府,临沂,二手房,解放路1号
A7365414603,713771,永恒华府,临沂,二手房,解放路1号
A7384337715,972986,金信融城,临沂,二手房,"成都路,近沂蒙路"
A7378302398,713715,华强领秀城,临沂,二手房,解放路
A7478888159,972604,北坛社区,临沂,二手房,沂博路780号
A7455828893,1033355,新城吾悦广场,临沂,二手房,"东兴路,近安居街"
A7404353692,1371570,凤临新城1号社区,临沂,二手房,"清河南路,近罗六路"
A7450561001,1198336,金麟嘉园,临沂,二手房,湖北路
A7409224325,1437434,开元尚城,临沂,二手房,"育才路,近迎宾路"
A7459177586,1382671,东方悦澜湾,临沂,二手房,"北环路,近郯东路"
A7446328809,677660,宝翠园,临沂,二手房,罗六路
A7348877803,912196,地王银雀华府,临沂,二手房,琅琊王路
A7439788081,1063207,阳光尚府,临沂,二手房,护台路13号
A7368161982,783035,浮来春公馆,临沂,二手房,北京路
A7426703831,1437406,华润中心,临沂,二手房,"八一路,近启阳路"
A7445532994,676888,金鼎花园,临沂,二手房,沂蒙路
A7449788323,1514577,紫云府,临沂,二手房,"临工路,近李公河路"
A7241684869,1376771,瑞祥家园,临沂,二手房,"温泉路,近凤凰大街"
A7409114568,923075,开元上府,临沂,二手房,"即丘路,近平安路"
A7451525527,972939,华信浅水湾,临沂,二手房,滨河东路
R4513743715884042,1370909,御尊尚府御富园,临沂,二手房,"雪山河路,近东二环路"
A7461456313,1012032,盛源华府,临沂,二手房,"通达南路,近双月园路"
A7423097721,972632,福町花园,临沂,二手房,"光明北路,近沭河西大街"
A7471432342,678257,齐鲁园,临沂,二手房,天津路
A7476984379,973243,永富御景城,临沂,二手房,俄黄路
A7455674359,676964,银河湾,临沂,二手房,算圣路
A7451624884,1087479,中南鲁商樾府,临沂,二手房,"长沙路,近孝河路"
A7447476221,1062982,兰苑小区,临沂,二手房,银雀山路190号
A7465191319,677623,罗湖观天下花园,临沂,二手房,沂河路
A7478411818,1048407,龙盛乾园,临沂,二手房,卧虎山路
A7310281345,792845,沂龙湾慧园,临沂,二手房,北京路
A7456725132,1195633,房源印象东城,临沂,二手房,巩村路
A7424802448,923540,环球掌舵,临沂,二手房,"长沙路,近温凉河路"
A7451467928,677090,西张庄小区,临沂,二手房,育才路
A7344374469,1431486,鲁商万科城,临沂,二手房,金雀山路154号
A7446128078,676964,银河湾,临沂,二手房,算圣路
A7464208120,1102641,裕原凤凰诚,临沂,二手房,南外环路
A7413204516,713807,五大道,临沂,二手房,中丘路
A7468431677,1186408,临沭金盾花园,临沂,二手房,光明北路
A7262524628,766117,滨河新天地,临沂,二手房,"卧虎山路,近蒙山北路"
A7456833094,1075586,南湖尚城,临沂,二手房,科技大道
A7473092624,941535,新东关,临沂,二手房,"解放路,近沂州路"
A7311773339,678206,澜泊湾天玺(别墅),临沂,二手房,"祊河路,近柳青河西路"
A7462718224,1087482,幸福华庭,临沂,二手房,幸福路
A7458226933,1265103,碧桂园滨江学府,临沂,二手房,合肥路
A7434434568,972688,丽都小区,临沂,二手房,"朝阳路,近蒙山大道"
A7321499739,1063207,阳光尚府,临沂,二手房,护台路13号
A7323005184,676994,中德华尔兹,临沂,二手房,"沂蒙路,近滨河路"
A7325533390,973219,沂兰文园,临沂,二手房,沂蒙路
A7478749579,1188338,城投柳青玺悦,临沂,二手房,汤河路
A7386344808,677225,威特天元广场,临沂,二手房,金雀山路1号
A7382464746,928011,阳光国际,临沂,二手房,"裕丰路,近东一环路"
A7403418687,972712,平等花园,临沂,二手房,烟墩街99号
A7433363327,678062,金碧花园,临沂,二手房,黄海西路119号
A7221554434,972644,翰林庄园,临沂,二手房,"聚才七路,近临西九路"
A7438337403,678323,爱伦坡,临沂,二手房,"广州路,近马陵山路"
A7468811888,1316365,鲁地德慧苑,临沂,二手房,师郯路
A7385375634,1433003,莒南史丹利文慧园,临沂,二手房,"西一路,近北疏港公路"
A7469837186,1371570,凤临新城1号社区,临沂,二手房,"清河南路,近罗六路"
A7436366843,714085,中国铁建东来尚城,临沂,二手房,滨河东路
A6723863775,678206,澜泊湾天玺(别墅),临沂,二手房,"祊河路,近柳青河西路"
A7475779328,940354,凌云花园,临沂,二手房,八一路
A7172405344,677478,荣华园(兰山区),临沂,二手房,银雀山路
A7412352072,1158431,慧谷小镇,临沂,二手房,海关路
R3798788468925443,678186,开元名都(东区),临沂,二手房,抱犊崮路
A7477999485,1147500,银泰景苑,临沂,二手房,陶然路
A7397653901,1437434,开元尚城,临沂,二手房,"育才路,近迎宾路"
A7463513166,1263238,慧谷星岸,临沂,二手房,"人民大街,近滨河东路"
A7407985847,1002819,阳光城香麓园,临沂,二手房,"中昇街,近智圣路"
A7452202307,1055573,玉龙园,临沂,二手房,东一环路
A7253085533,1040965,盛通红郡,临沂,二手房,香港路
A7434453926,1187589,桃花源小区,临沂,二手房,"莲花山路,近327省道"
R3034440177721346,677986,北城花园,临沂,二手房,沭河大街
R4515659497348111,1183685,桂龙学府,临沂,二手房,沃尔沃路
A7416864845,1047679,恒德湖光山色,临沂,二手房,通达南路267号
A7317757350,678202,金猴北城名居,临沂,二手房,天津路
A7478697470,1188338,城投柳青玺悦,临沂,二手房,汤河路
A7353644207,677741,龙泽国际,临沂,二手房,科技大道132号
A7453145379,1854246,天元锦都上府,临沂,二手房,"东兴路,近海棠街"
A7413334451,945720,绿城花园,临沂,二手房,"长安北路,近北一环路"
A7462474183,913066,旭洋城市风景,临沂,二手房,通达路
A7444544545,1195827,明德花园(平邑),临沂,二手房,明德路
A7250438558,972753,溪苑兰亭,临沂,二手房,"工业大道,近解放路"
A7465495158,972822,澜泊湾御玺(澜泊湾四期),临沂,二手房,"祊河路,近柳青河西路"
A7446614557,972617,东方御景(郯城),临沂,二手房,马陵路3号
A7406773854,973146,万基幸福小镇,临沂,二手房,"沂河路,近香港路"
A7479270929,766265,纽约上城,临沂,二手房,北园路
A7467082964,915851,天基云蒙庄园,临沂,二手房,叠翠路
A7405777847,1669440,润地新城(商住楼),临沂,二手房,科教路
A7425094332,973151,万通盛世馨园,临沂,二手房,通达南路
A7147872256,973047,罗欣之家,临沂,二手房,湖东路56号
A7403314500,677597,美华园,临沂,二手房,湖北路240号
A7359087922,677927,西城印象小区,临沂,二手房,昌盛路
A7444370714,1190488,华前广场富华小区(C区),临沂,二手房,通达路161号
A7468060624,973231,邑东福邸,临沂,二手房,浚河路
A7454046098,677071,嘉益台北新城,临沂,二手房,启阳路
A7405153994,1007303,鼎峰新立方,临沂,二手房,"沂蒙路,近北京路"
A7420441648,1011242,荣盛蓝山郡,临沂,二手房,"金雀山路,近工业大道"
A7399626366,677215,龙城雅苑,临沂,二手房,通达路
A7411427648,1190487,金泰华府(南区),临沂,二手房,"金坛路,近沂州路"
A7426830295,677985,华丰现代城,临沂,二手房,沭河东大街
A7080258883,1309979,荣盛塞纳荣府(别墅),临沂,二手房,凤仪街1999号
A7462419084,972780,沂华名都,临沂,二手房,"长安中路,近沂蒙山东路"
A7362062147,676858,杏坛中心城,临沂,二手房,沂蒙路
A7426619944,767016,联安现代城,临沂,二手房,沂州路
A7202489844,677911,伊丽莎白东岸,临沂,二手房,滨河东路
A7347169312,713701,教授花园(兰山),临沂,二手房,滨河路
A7470601144,1087482,幸福华庭,临沂,二手房,幸福路
A7409257965,677961,中央华庭,临沂,二手房,文化路
A7424171416,677050,龙河湾,临沂,二手房,清河北路
A7473060446,713721,福源家园,临沂,二手房,滨河路
A7478405339,1479147,林庄御园D区,临沂,二手房,林安街
A7429187252,972926,红盾花园,临沂,二手房,大青山路
A7442925446,678162,天龙花园,临沂,二手房,中兴路
A7399462064,1190481,国华新城,临沂,二手房,通达南路
A7398453769,997764,外滩香格里拉,临沂,二手房,聚才路2号
A7412913254,1033014,保利堂悦,临沂,二手房,"长沙路,近马陵山路"
A7463403952,713732,百联华府,临沂,二手房,府左路
A7433337904,1470216,福宽广场,临沂,二手房,"浚河路,近龙石路"
R3737631104740353,972894,翡翠星城小区,临沂,二手房,苍山北路
A7036321411,1235215,杜三岗幸福社区,临沂,二手房,工业大道
R4490465517284367,678059,明德花园南区(平邑),临沂,二手房,西环一路
A7435859418,992363,金盾中央公园,临沂,二手房,人民路11-1号
A7477177164,938791,城建锦绣城,临沂,二手房,中丘路
A7421630504,1382671,东方悦澜湾,临沂,二手房,"北环路,近郯东路"
A7419648458,972654,环球金水湾,临沂,二手房,"长沙路,近温良河路"
A7407860466,945212,沂河明珠,临沂,二手房,"正阳路,近小沂河南路"
A7445292662,677798,阳光水岸,临沂,二手房,滨河东路
A7434335998,1371575,和园首府,临沂,二手房,"建设路,近西外环路"
A7407697049,1477427,鲁邦华府(平邑),临沂,二手房,"温凉河路,近红山路"
A7436665472,972752,西山小区,临沂,二手房,"振兴路,近历山路"
A7385260938,1088815,宝馨嘉苑,临沂,二手房,蒙阳路
A7105195732,677838,府东花园,临沂,二手房,华阳路
A7465386461,1012032,盛源华府,临沂,二手房,"通达南路,近双月园路"
A7467175509,972737,沭河花园,临沂,二手房,"光明北路,近沭河西大街"
A7374529537,677559,清泉小区,临沂,二手房,沂州路
A7212548076,676858,杏坛中心城,临沂,二手房,沂蒙路
A7400506771,973238,银桥金居,临沂,二手房,解放东路
A7439963165,677936,龙域中央小区,临沂,二手房,郯东路
A7447343238,1190502,双和花园里,临沂,二手房,清河南路
A7414829084,972681,康桥公馆,临沂,二手房,"通达南路,近湖北路"
A7363892446,1314668,中国院子(别墅),临沂,二手房,滨河东路
A7455000694,912584,龙腾华景,临沂,二手房,青杨路39号
A7371407246,972609,城开东岸,临沂,二手房,"南京东路,近滨河东路"
A7474586459,1190503,涑河国际城B区,临沂,二手房,涑河北街
A7430704883,1217086,润泰书香郡,临沂,二手房,"通达南路,近湖北路"
A7240601613,938791,城建锦绣城,临沂,二手房,中丘路
R4089745477213186,678042,滨水雅园,临沂,二手房,金花路
A7427488127,1281225,元沃御景苑,临沂,二手房,金华路
A7333882202,1183683,城开水岸,临沂,二手房,金雀山路
A7459183221,678231,三和园(B区),临沂,二手房,汤河路
A7475285653,944812,天成家园,临沂,二手房,"沂蒙山路,近莲旺街"
A7411624553,1624497,房源君澜凤凰城,临沂,二手房,"凤仪街,近温泉路"
R3438606840079361,1187045,新东关凤翔苑,临沂,二手房,"考棚街,近东关街"
A7425622680,1527674,临矿玖府,临沂,二手房,"罗程路,近罗三路"
A7479511273,678056,汇源城,临沂,二手房,327国道
R3082153630933002,677218,江南映象,临沂,二手房,八一路74号
A7350853659,677674,悦澜山,临沂,二手房,通达南路
A7473165655,972778,沂河观邸,临沂,二手房,"凤翔街,近智圣路"
A7413056821,864367,柳溪美庐,临沂,二手房,南京路
A7401281378,972747,万和丽景园,临沂,二手房,"淮海路,近东环路"
A7423288210,973161,五洲华府天著(公寓住宅),临沂,二手房,孝圣路
A7226538652,1189792,旭辉银盛泰公元锦里(公寓住宅),临沂,二手房,琅琊王路
R4532892163286027,972671,锦城花园,临沂,二手房,"工业北路,近湖东街"
A7477200744,1014919,宝德新里程,临沂,二手房,"琅琊王路,近金雀山路"
A7415528177,678233,沂龙湾御园,临沂,二手房,北京路
A7472288357,973151,万通盛世馨园,临沂,二手房,通达南路
A7424835884,678205,开元香舍里,临沂,二手房,天津路
A7445155169,677973,常林御园,临沂,二手房,常林西大街
A7426374147,677627,宝丽凤凰城,临沂,二手房,科技大道
A7428234326,677588,鼓楼台小区,临沂,二手房,兰山路19号
A7287958194,678202,金猴北城名居,临沂,二手房,天津路
A7422028663,1082971,凤凰家园(二期),临沂,二手房,智圣路
A7450009774,1625065,儒辰金邑樾府,临沂,二手房,"滨河东路,近黄金路"
A7399564197,972856,昌辰御园,临沂,二手房,长安南路
A7425031150,945728,东皋小区,临沂,二手房,双成东路12-25号
A7384168851,1667235,龙樾府,临沂,二手房,"湖北路,近火炬路"
A7444383697,1071826,华恒香榭里,临沂,二手房,十泉路
A7458201711,912196,地王银雀华府,临沂,二手房,琅琊王路
A7439889527,972711,平安华府,临沂,二手房,羲之路159-1号
A7456405932,1388335,城建未来城,临沂,二手房,红石崖路16号
A7470612430,1187587,新盛家园,临沂,二手房,蒙山大道123号
A7462714272,677936,龙域中央小区,临沂,二手房,郯东路
A7472967590,1127640,金檀花苑,临沂,二手房,沭河路
A7442456183,1647258,十里春风,临沂,二手房,"东一环路,近富春江路"
A7418514155,677007,水岸华庭(兰山),临沂,二手房,聚才路2号
A7454979346,972692,领秀豪庭,临沂,二手房,"解放东路,近滨河东路"
A7318804769,973157,裕隆文博苑,临沂,二手房,李公河路
A7447482973,954714,华润书香府,临沂,二手房,沂河路
A7415003509,1127640,金檀花苑,临沂,二手房,沭河路
A7476966747,973243,永富御景城,临沂,二手房,俄黄路
A7402010633,972712,平等花园,临沂,二手房,烟墩街99号
A7479214351,676964,银河湾,临沂,二手房,算圣路
A7464700243,714085,中国铁建东来尚城,临沂,二手房,滨河东路
A7411623705,676858,杏坛中心城,临沂,二手房,沂蒙路
A7415853900,789055,蓝钻庄园(兰山),临沂,二手房,南京路
A7478514122,766733,天泰华府(南区),临沂,二手房,天津路
A7417164697,677108,涑河城邦,临沂,二手房,顺和街
A7467076165,1303120,沂河璟城,临沂,二手房,科技大道
A7459473884,1410687,阜丰时代广场,临沂,二手房,"新建路,近华鲁街"
A7437258617,677630,金台名府,临沂,二手房,双月园路120号
A7458277193,789054,圣兰菲诺(公寓住宅),临沂,二手房,算圣路
A7474817597,1527674,临矿玖府,临沂,二手房,"罗程路,近罗三路"
A7478370896,972740,天宝花园,临沂,二手房,"金花路,近蒙阳路"
A7456633262,677911,伊丽莎白东岸,临沂,二手房,滨河东路
A7241586333,972776,依云小镇,临沂,二手房,"沂州路,近清河南路"
A7446418079,1023774,恒大中央广场,临沂,二手房,"通达路,近桃园路"
A7430821045,1077760,杨庄社区滨河金苑D区,临沂,二手房,顺和路
A7371571431,972810,泽润园,临沂,二手房,郯东路188号
A7472871679,940478,香榭丽都(兰山),临沂,二手房,中丘路4号
A7458313200,1042472,中山名都,临沂,二手房,鸡龙河北路
A7469848211,1059633,开元阳光里,临沂,二手房,金坛路
A7415101370,766265,纽约上城,临沂,二手房,北园路
A7467140412,1186473,阜丰时代城锦园,临沂,二手房,北二路
A7478517518,973039,龙泉花园(莒南),临沂,二手房,西环路
A7410064785,1265101,青棠湾小区(公寓住宅),临沂,二手房,滨河东路
A7449722945,677612,美华金地嘉园,临沂,二手房,工业路
R4344647976479747,1135229,莲花园北区,临沂,二手房,平顺路
A7470357247,1471075,卢浮公馆,临沂,二手房,"滨河路,近沂河路"
A7469415694,1007305,东方御景小区,临沂,二手房,"顺和路,近抱犊崮路"
A7267480412,677531,银杏花园,临沂,二手房,和平路
R4401533301908484,677973,常林御园,临沂,二手房,常林西大街
A7333815113,766733,天泰华府(南区),临沂,二手房,天津路
A7448712162,677269,齐鲁公寓,临沂,二手房,金雀山路
A7449743407,1047679,恒德湖光山色,临沂,二手房,通达南路267号
A7432760745,972776,依云小镇,临沂,二手房,"沂州路,近清河南路"
A7469685592,1160573,奥正诚园,临沂,二手房,滨河东路
A7447027432,973055,美多商贸城,临沂,二手房,前十街
A7116732214,972770,雅禾华侨城,临沂,二手房,"十泉路,近西一路"
A7479376551,1042464,北方明珠,临沂,二手房,沂博路39号
A7399343153,1012033,伊丽莎白花漾,临沂,二手房,"合肥路,近滨河东路"
A7442455294,1061521,书香尚城,临沂,二手房,陶然北路
A7473104325,677063,荣盛沂河郡府,临沂,二手房,智圣路
A7454353610,676890,富民小区(兰山),临沂,二手房,兰山路121号
A7446497833,1087443,银丰公馆,临沂,二手房,清河南路
A7479511531,1410690,陶然雅苑,临沂,二手房,陶然东路
A7423135951,1191772,东泰花园,临沂,二手房,西一路
A7317770301,972872,迪尚御园,临沂,二手房,沃尔沃路
A7467006501,1002816,后园馨园小区(BC区),临沂,二手房,成才路59号
A7456532225,997935,沂河高都,临沂,二手房,"湖北路,近滨河路"
A7336850416,677018,卧龙嘉苑,临沂,二手房,大青山路93号
A7471497549,1082957,天桥名城,临沂,二手房,洪石路39号
A7475794142,713771,永恒华府,临沂,二手房,解放路1号
A7455751740,789054,圣兰菲诺(公寓住宅),临沂,二手房,算圣路
A7466123154,973206,阳光丽景(沂水),临沂,二手房,裕丰路
A7477241122,678172,金海湾,临沂,二手房,桃李路
A7387774009,1007900,红星国际广场,临沂,二手房,"济南路,近孝河路"
A7375465877,973220,沂龙湾曦园,临沂,二手房,北京路
A7408835043,1190488,华前广场富华小区(C区),临沂,二手房,通达路161号
A7387713944,973269,中苑小区,临沂,二手房,清河北路
A7444383010,943526,桃源明德花园,临沂,二手房,羲之路262号
A7464793287,676732,城市主人,临沂,二手房,北京路
A7307508309,678062,金碧花园,临沂,二手房,黄海西路119号
A7324634354,1008630,银座中心,临沂,二手房,解放路66号
A7411381462,972708,明瑞华庭,临沂,二手房,"蒙山路,近建设路"
A7470634513,1432987,桂花丽舍,临沂,二手房,"光明南路,近惠民街"
A7444419480,1376776,宝德熙园,临沂,二手房,"兴隆路,近清河北路"
A7444665302,1066942,东华都市阳光,临沂,二手房,"长安路,近香港路"
A7454826539,1088118,双创智汇城,临沂,二手房,连菏线
A7292649182,677637,护台小区,临沂,二手房,护台路3号
A7151917926,938887,金域华府,临沂,二手房,温凉河路
A7445240462,1186429,同心花园,临沂,二手房,顺和街
A7228343745,1190483,商谷智慧城(商住楼),临沂,二手房,临西十路
A7404297242,1063834,蒙山花园,临沂,二手房,永安路
A7445540395,677535,银雀溪园,临沂,二手房,琅琊王路142号
A7385599064,1025061,泰和花园(河东),临沂,二手房,"人民大街,近华阳路"
A7459073068,677843,盛世花城,临沂,二手房,滨河东路
A7438948605,1478318,房源西岸公园,临沂,二手房,"临西十路,近聚才八路"
A7439044872,1371575,和园首府,临沂,二手房,"建设路,近西外环路"
A7469635216,678310,荣昌绿园,临沂,二手房,"孝河路,近武汉路"
A7467017369,972699,鲁商金悦城,临沂,二手房,金雀山路154号
R4314983228416011,973043,鲁商凤凰城(二期别墅),临沂,二手房,涑河北街3号
A7144832329,676938,金盾花园西区(兰山),临沂,二手房,北京路
A7474568956,1477427,鲁邦华府(平邑),临沂,二手房,"温凉河路,近红山路"
A7442634232,1187601,宝馨嘉园,临沂,二手房,宗盛路
A7444194898,973151,万通盛世馨园,临沂,二手房,通达南路
A7257424806,938887,金域华府,临沂,二手房,温凉河路
A7442857021,1054214,掌舵东岸日月城{公寓住宅),临沂,二手房,"长安路,近滨河东路"
A7338085269,1195820,翰林丽都(A区),临沂,二手房,崇文路
A7451704146,1281661,北坛新区,临沂,二手房,沂博路780号
A7373917027,1371570,凤临新城1号社区,临沂,二手房,"清河南路,近罗六路"
A7436558101,676731,新港龙庭,临沂,二手房,祝丘路
R3614331647581197,972761,鑫和园小区,临沂,二手房,"建设路,西外环路"
A7362047612,972637,广夏兰都,临沂,二手房,"朝阳路,近人民路"
A7438031322,1011242,荣盛蓝山郡,临沂,二手房,"金雀山路,近工业大道"
A7446563846,677015,致远海上传奇,临沂,二手房,滨河东路18号
A7359549826,1008631,宝丽未来城,临沂,二手房,"清河南路,近电厂路"
A7479163359,677970,阳光上城,临沂,二手房,建设路
A7142086736,1239939,君道蔚蓝海岸,临沂,二手房,金升路
A7393380590,972757,新区绿城,临沂,二手房,"文峰路,近桃李路"
A7447046819,973002,景城花园(费县),临沂,二手房,政通路251号
A7393414562,676873,兰亭水岸,临沂,二手房,滨河路
A7256826827,993481,浚东社区,临沂,二手房,滨河西路
A7375382792,939719,水岸文庭东区,临沂,二手房,"滨河路,近沂蒙街"
A7473048949,1195633,房源印象东城,临沂,二手房,巩村路
A7452334766,1410670,泰合城,临沂,二手房,"清河南路,近湖东路"
A7467002064,972684,蓝色港湾小区,临沂,二手房,"和平路,近健康路"
A7417889853,1187591,明德兴水湾,临沂,二手房,"温凉河路,近327省道"
A7458590997,1087472,恒通佳园,临沂,二手房,"蒙山北路,近武汉路"
A7450686481,973254,裕隆嘉园(平邑),临沂,二手房,西环一路
A7459883181,1197979,儒辰玉兰公馆,临沂,二手房,清河北路
A7450413021,676642,金玉山世纪花园,临沂,二手房,陶然路115号
A7459204237,1088103,宝德领航城,临沂,二手房,汤河路
A7445330046,973187,信合家园(沂水),临沂,二手房,裕丰路
A7450478943,923076,永尚润城,临沂,二手房,涑河南街
A7471401141,1179507,阜丰时代城荣园,临沂,二手房,隆山路
A7433608905,677211,开元上城,临沂,二手房,中丘路
A7439704454,1388335,城建未来城,临沂,二手房,红石崖路16号
A7427471812,676697,锦绣蓝山,临沂,二手房,通达路375号
A7412985168,678247,桃园,临沂,二手房,"天津路,近广州路"
A7464732589,713729,三阳地产清华园,临沂,二手房,开阳路
A7450533981,1483586,九州悦府,临沂,二手房,"天桥路,近民主路"
A7476985141,766522,永恒华源,临沂,二手房,通达路
A7460924264,972753,溪苑兰亭,临沂,二手房,"工业大道,近解放路"
A7440915749,677071,嘉益台北新城,临沂,二手房,启阳路
R4054881971003402,1135229,莲花园北区,临沂,二手房,平顺路
A7137596339,1069146,西城鑫苑,临沂,二手房,西外环路
A7392287662,677478,荣华园(兰山区),临沂,二手房,银雀山路
A7463160561,1410687,阜丰时代广场,临沂,二手房,"新建路,近华鲁街"
A7438764944,994769,翔宇三江领秀,临沂,二手房,"兰亭路,近李公街"
A7461470424,972830,爱伦坡(别墅),临沂,二手房,广州路
A7455756201,972779,中暨沂河一英里,临沂,二手房,东兴路
A7438097825,1187551,大名城(北区),临沂,二手房,"双城路,近滨河东路"
A7360849681,1446810,桃园社区,临沂,二手房,"中昇大街,近智圣路"
A7469749516,677630,金台名府,临沂,二手房,双月园路120号
A7364922718,1195820,翰林丽都(A区),临沂,二手房,崇文路
A7414068921,1233781,史丹利河东岸,临沂,二手房,延彦大街
A7450470719,677525,曹家王庄小区(东区),临沂,二手房,"工业大道,近水田路"
A7455829433,973116,水榭华庭,临沂,二手房,清河北路
A7473082665,676660,泰鼎花园,临沂,二手房,北园路297号
A7444999730,1187584,银都府邸,临沂,二手房,"银花路,近滨河西路"
A7430078803,678034,莲花园小区,临沂,二手房,蒙山大道
A7458260340,766733,天泰华府(南区),临沂,二手房,天津路
A7397517572,1265102,万城祥云大院,临沂,二手房,通达南路
A7454358731,1087486,万图水岸经典,临沂,二手房,229省道
A7445370635,972982,金泰华府(北区),临沂,二手房,"沂州路,近平安路"
A7429435899,972943,皇山花园(三期),临沂,二手房,四平路
A7022191059,1192381,中晟学府美地,临沂,二手房,科教路
A7433633939,792843,城建时代庄园,临沂,二手房,北园路323号
A7446347902,1437434,开元尚城,临沂,二手房,"育才路,近迎宾路"
A7452433847,973086,荣盛沂河馨苑(B区),临沂,二手房,智圣路
A7388640357,1010844,宏宸欧缘,临沂,二手房,"厦门路,近昆明路"
A7368247244,676873,兰亭水岸,临沂,二手房,滨河路
R4180648215666694,972792,颐景恒泰,临沂,二手房,祝丘路23号
R2714215671536643,1007900,红星国际广场,临沂,二手房,"济南路,近孝河路"
A7218860950,973208,一品观园(别墅),临沂,二手房,滨河东路
A7338984061,781049,秀水雅苑小区,临沂,二手房,"秀水路,近济南路"
A7216544538,972911,港湾新里程,临沂,二手房,沂河路
A7407138297,1082957,天桥名城,临沂,二手房,洪石路39号
A7342742909,1478318,房源西岸公园,临沂,二手房,"临西十路,近聚才八路"
A7179831607,792468,恒大华府,临沂,二手房,"孝河路,近成都路"
A7417168007,972845,宝丽阳光国际,临沂,二手房,双月湖路
A7477612909,972761,鑫和园小区,临沂,二手房,"建设路,西外环路"
A7479383669,1432987,桂花丽舍,临沂,二手房,"光明南路,近惠民街"
A7438198296,926232,魅力之城,临沂,二手房,沃尔沃路
A7418558954,1071638,泉山国际,临沂,二手房,泉山路
A7457184685,676993,石油小区(A区),临沂,二手房,"涑河南街,近兰山路"
A7431855079,972665,金茂印象,临沂,二手房,"西一路,近十泉路"
A7393042280,678202,金猴北城名居,临沂,二手房,天津路
A7474586962,945165,长安国际,临沂,二手房,长安中路210号
A7461755782,676697,锦绣蓝山,临沂,二手房,通达路375号
A7368659480,1371570,凤临新城1号社区,临沂,二手房,"清河南路,近罗六路"
A7478768869,677019,诚德桑提亚纳,临沂,二手房,中丘路
A7456865292,1186472,阜丰时代城悦府,临沂,二手房,北二路
R3627087167037455,973039,龙泉花园(莒南),临沂,二手房,西环路
A7470383303,1424470,宝信龙港,临沂,二手房,"建设东路,近滨河东路"
A7461725198,1233781,史丹利河东岸,临沂,二手房,延彦大街
A7460943255,1179507,阜丰时代城荣园,临沂,二手房,隆山路
A7421421639,1214944,相公奥达花园,临沂,二手房,北京东路
A7451656346,1244288,新城福邸,临沂,二手房,会宝路
A7479110345,1256982,九州唐樾,临沂,二手房,静海路
A7382452393,923072,万城花开(兰山),临沂,二手房,"南京路,近马陵山路"
A7467894246,676910,环球香樟园,临沂,二手房,"沂蒙路,近武汉路"
A7417680532,1647258,十里春风,临沂,二手房,"东一环路,近富春江路"
A7432455295,1486371,泰鲁时代城(公寓住宅),临沂,二手房,"双岭路,近王庄路"
A7262442332,1073567,香醍荣府(别墅),临沂,二手房,广州路1号
A7461425232,1082957,天桥名城,临沂,二手房,洪石路39号
A7457763342,1380615,绿地紫峰公馆,临沂,二手房,"雄安大道,近汤河路"
A7449631169,1376776,宝德熙园,临沂,二手房,"兴隆路,近清河北路"
A7369731881,792843,城建时代庄园,临沂,二手房,北园路323号
A7472981901,676844,蓝湾国际(C区),临沂,二手房,东岳庙街41号
A7338861210,973055,美多商贸城,临沂,二手房,前十街
A7393316462,677822,御景东方,临沂,二手房,北京东路
A7474907578,677612,美华金地嘉园,临沂,二手房,工业路
A7461762279,864061,皇山华府,临沂,二手房,滨河东路
A7377906141,1265103,碧桂园滨江学府,临沂,二手房,合肥路
A7419648532,972986,金信融城,临沂,二手房,"成都路,近沂蒙路"
A7355070968,973106,世纪家园(沂南),临沂,二手房,花山路81号
R3268097066998795,1009145,华润凯旋门,临沂,二手房,开阳路19号
A7450764966,677927,西城印象小区,临沂,二手房,昌盛路
A7421209834,677902,豪森华府,临沂,二手房,人民大街999号
A7467638418,973284,海润尚东国际(北区),临沂,二手房,"青援路,近北一环路"
A7387879960,864367,柳溪美庐,临沂,二手房,南京路
A7387868078,1527674,临矿玖府,临沂,二手房,"罗程路,近罗三路"
A7106730343,1060275,泰鑫东望府(别墅),临沂,二手房,中昇大街
A7462716617,912584,龙腾华景,临沂,二手房,青杨路39号
A7472538434,973151,万通盛世馨园,临沂,二手房,通达南路
R2934772454251521,1154053,远洋城大家,临沂,二手房,蒙山北路
A7389900380,972770,雅禾华侨城,临沂,二手房,"十泉路,近西一路"
A7438124547,1388617,城开尚苑,临沂,二手房,"工业大道,近解放路"
A7407763312,873700,宝德新领域,临沂,二手房,"兰陵路,近府左路"
A7459194114,940391,德馨苑,临沂,二手房,内环北路
A7429294754,677606,韵皓金桂园,临沂,二手房,罗六路
R1710916731755529,938789,滨河润城,临沂,二手房,"中丘路,近五号路"
A7468437562,972764,星空喜园,临沂,二手房,"文明路,近文化路"
A7453348767,973254,裕隆嘉园(平邑),临沂,二手房,西环一路
A7388824067,677238,沂城花园,临沂,二手房,金雀山路
A7450604490,1171691,莒南阳光国际小区,临沂,二手房,镇中路
A7427288915,677795,东旭第一城,临沂,二手房,金雀山东路
A7468871219,1030235,城开景悦,临沂,二手房,"清河北路,近沂州路"
A7434262547,1312734,德居一品(东区),临沂,二手房,"兵圣路,近算圣路"
A7385500756,676857,昆仑花园,临沂,二手房,"沂蒙路,近南昌路"
A7305618719,766117,滨河新天地,临沂,二手房,"卧虎山路,近蒙山北路"
A7476917220,676848,泉府公馆,临沂,二手房,沂蒙路
A7407667116,1187601,宝馨嘉园,临沂,二手房,宗盛路
R4476684226536449,1139266,阳光滨河尚都,临沂,二手房,罗程路
A7478008482,1269239,金明寓世纪名筑,临沂,二手房,青云山路
A7331190540,677843,盛世花城,临沂,二手房,滨河东路
A7420170788,676851,金泰华城,临沂,二手房,北园路399号
A7363816034,1276601,铂樾府,临沂,二手房,"沂蒙路,近金七路"
A7430191090,677971,龙门豪庭,临沂,二手房,和平路
A7375897392,766560,皇山城,临沂,二手房,皇山路
A7410889158,1127640,金檀花苑,临沂,二手房,沭河路
A7442085117,676702,盛世春晖,临沂,二手房,平安路203号
A7440804943,1388335,城建未来城,临沂,二手房,红石崖路16号
A7458252596,1647258,十里春风,临沂,二手房,"东一环路,近富春江路"
A7460871293,1179507,阜丰时代城荣园,临沂,二手房,隆山路
A7462595309,677158,淮海御景湾,临沂,二手房,滨河路2号
A7409954881,678231,三和园(B区),临沂,二手房,汤河路
A7383319359,972614,钓鱼台一号院,临沂,二手房,"滨河路,近祝丘路"
A7426363326,1049385,奥德海棠,临沂,二手房,北京路
A7444537599,973284,海润尚东国际(北区),临沂,二手房,"青援路,近北一环路"
A7474627179,1007303,鼎峰新立方,临沂,二手房,"沂蒙路,近北京路"
A7130103375,972868,大成家苑,临沂,二手房,化武路
A7471502789,972697,泷璟(别墅),临沂,二手房,"卧虎山路,近沂山路"
A7431074223,677641,金湖新村,临沂,二手房,开元路
A7470346121,1388623,学府名苑,临沂,二手房,"新二路,近黑龙潭路"
A7443794949,940354,凌云花园,临沂,二手房,八一路
A7295650056,973269,中苑小区,临沂,二手房,清河北路
A7446356031,677606,韵皓金桂园,临沂,二手房,罗六路
A7390068739,1314667,海博壹江阅,临沂,二手房,"临工路,近滨河东路"
A7385111620,1188339,城投柳青玺悦(别墅),临沂,二手房,汤河路
A7467775211,1267290,鲁商万科新都会,临沂,二手房,"解放东路,近正阳路"
A7457420915,1265103,碧桂园滨江学府,临沂,二手房,合肥路
A7319847044,923074,水岸名城(兰山),临沂,二手房,涑河南街
A7422378217,678262,爱琴海(兰山),临沂,二手房,"广州路,近成都路"
A7230207047,676691,翔龙第一国际,临沂,二手房,"通达路,近金雀山路"
A7329906726,1179519,史丹利四季长安(公寓住宅),临沂,二手房,长安路
A7404390781,972609,城开东岸,临沂,二手房,"南京东路,近滨河东路"
A7440737858,677167,同心华府,临沂,二手房,水田路
A7072119266,1044983,枣园小镇,临沂,二手房,永安路77号
A7470190124,1186453,埠东家园(西区),临沂,二手房,"陶然路,近中丘路"
A7444038734,1108599,天翔雅苑,临沂,二手房,李公街
A7472861630,1005127,外滩龙庭帝景,临沂,二手房,"滨河大道,近涑河南街"
A7341420513,973090,润地玉苑,临沂,二手房,西外环路
A7439105814,1214935,金升社区B区(北区),临沂,二手房,茶山路
R4362947300367375,1376380,城开御府,临沂,二手房,"朝阳路,近北环路"
A7102703905,677478,荣华园(兰山区),临沂,二手房,银雀山路
A7341142539,938432,金域国际,临沂,二手房,湖西路116号
A7447184427,676731,新港龙庭,临沂,二手房,祝丘路
A7329127300,1187045,新东关凤翔苑,临沂,二手房,"考棚街,近东关街"
A7418684563,1190516,御尊尚府御开园,临沂,二手房,"雪山河路,近东一环路"
A7459341254,1382684,府佑书院(公寓住宅),临沂,二手房,"海关路,近长安路"
A7317189398,713735,广田悦园,临沂,二手房,"宏大路,近大山路"
A7414713995,677603,天顺家园,临沂,二手房,新华路
A7428461944,1088815,宝馨嘉苑,临沂,二手房,蒙阳路
A7385116691,1265101,青棠湾小区(公寓住宅),临沂,二手房,滨河东路
A7440848295,676852,冠蒙六合御庭,临沂,二手房,"沂蒙路,近涑河北街"
A7447164430,1496459,郯城第一中学家属楼,临沂,二手房,郯西路18号
A7404237142,678234,新方嘉园,临沂,二手房,卧虎山路3号
A7479283306,972839,白鹭金岸,临沂,二手房,滨河路
A7426757612,677664,宝丽一号,临沂,二手房,通达南路
A7381374203,792467,滨河阳光(兰山),临沂,二手房,兰陵路
A7473751270,991341,汇通天下,临沂,二手房,兰山北园路313号
A7413971067,996451,诚德碧海方舟,临沂,二手房,"武汉路,近北京路"
A7366186713,1024247,开元华银四季城,临沂,二手房,"解放路,近工业大道"
A7404185959,1446810,桃园社区,临沂,二手房,"中昇大街,近智圣路"
A7352296317,973071,平安悦城(兰陵),临沂,二手房,文峰路
A7352647022,864374,舒格兰(一期),临沂,二手房,"南京路,近沭河路"
A7427583778,972755,香缇郡,临沂,二手房,"滨河东路,近桃源街"
A7478495623,678231,三和园(B区),临沂,二手房,汤河路
A7451914932,1073565,教授花园(沂水),临沂,二手房,沂河大道82号
A7464620399,972942,环球丹桂园,临沂,二手房,北京路
A7413890654,713813,金坛小区,临沂,二手房,平安路
A7473053962,1074582,书苑府邸(一期东区),临沂,二手房,师郯路6号
A7437278384,1410671,宝德集美东方(公寓住宅),临沂,二手房,"沂河路,近祝丘路"
A7467885405,1082975,东方御龙佳园,临沂,二手房,郯东路
A7329682139,1052585,阳光新城(罗庄),临沂,二手房,龙潭路
A7477947456,973230,邑博园,临沂,二手房,西环一路
A7394309905,1197979,儒辰玉兰公馆,临沂,二手房,清河北路
A7459183858,677555,金雀新城(A区),临沂,二手房,金源路9号
A7170872620,677072,祥和家园(兰山),临沂,二手房,王庄路3号
A7435777312,1024247,开元华银四季城,临沂,二手房,"解放路,近工业大道"
A7413954436,1590886,青啤御棠府,临沂,二手房,"滨河路,近湖北路"
A7378304753,676836,恒基佳园,临沂,二手房,绣花城路
A7404420576,677616,景泰金湖明珠,临沂,二手房,罗六路
A7425776405,676876,泰和花园(北区),临沂,二手房,沂蒙路
A7376847140,997764,外滩香格里拉,临沂,二手房,聚才路2号
A7477152008,973177,新筑璞园,临沂,二手房,兰陵路1号
A7479403742,1190488,华前广场富华小区(C区),临沂,二手房,通达路161号
A7452485336,973176,新华苑(兰山),临沂,二手房,海关路94号
A7458508429,972801,育才第二小区,临沂,二手房,"沂蒙路,近文昌路"
A7457450504,972602,宝丽悦府,临沂,二手房,"宝泉路,近开元路"
A7440639814,972748,万象阳光城,临沂,二手房,"利民街,近阳光北路"
A7479545941,973144,外滩明珠,临沂,二手房,滨河路
A7448819186,1198609,天泰沂州府(别墅),临沂,二手房,滨河路
A7474110025,1088106,费县书香雅苑,临沂,二手房,东外环路
A7325535737,864061,皇山华府,临沂,二手房,滨河东路
A7467657259,972678,国鑫爱琴海,临沂,二手房,"黄海路,近东环路"
R4463423175713801,972770,雅禾华侨城,临沂,二手房,"十泉路,近西一路"
A7450478199,678328,杏园,临沂,二手房,"黄白河路,近兰亭路"
A7296645950,1161326,新华府,临沂,二手房,新建路155号
A7364471989,1040965,盛通红郡,临沂,二手房,香港路
R4017822482377733,766262,银丰雅园,临沂,二手房,武汉路
A7318888844,713735,广田悦园,临沂,二手房,"宏大路,近大山路"
A7365738768,863541,致远翡翠园,临沂,二手房,"滨河路,近聚才八路"
A7379026540,677007,水岸华庭(兰山),临沂,二手房,聚才路2号
A7445418791,677674,悦澜山,临沂,二手房,通达南路
A7478423175,972695,龙泉嘉园,临沂,二手房,"人民路,近古城路"
A7396373663,972817,柳溪美庐(别墅),临沂,二手房,"南京路,近汤河路"
A7440195629,973187,信合家园(沂水),临沂,二手房,裕丰路
A7456568263,1431486,鲁商万科城,临沂,二手房,金雀山路154号
A7274534612,677607,金地华府,临沂,二手房,湖北路
A7363308947,1160573,奥正诚园,临沂,二手房,滨河东路
R4264612055145475,677995,临沭第一城,临沂,二手房,苍山南路
A7405096948,1386532,史丹利景城花园(莒南),临沂,二手房,"洪石路,近天桥路"
A7231948208,864365,恒大绿洲,临沂,二手房,"华夏路,近香港路"
A7447405061,909611,泷璟,临沂,二手房,"卧虎山路,近沂山路"
A7461594094,1183685,桂龙学府,临沂,二手房,沃尔沃路
A7460045861,676732,城市主人,临沂,二手房,北京路
A7473679668,1433003,莒南史丹利文慧园,临沂,二手房,"西一路,近北疏港公路"
A7419428165,941535,新东关,临沂,二手房,"解放路,近沂州路"
R3205409507075082,973131,陶然华庭,临沂,二手房,银雀山路
A7459322681,913066,旭洋城市风景,临沂,二手房,通达路
A7461026168,973038,龙城华庭小区(西区),临沂,二手房,人民路38号
A7441228553,1370909,御尊尚府御富园,临沂,二手房,"雪山河路,近东二环路"
A7449882783,972903,傅屯嘉园,临沂,二手房,清河北路
A7412285763,973220,沂龙湾曦园,临沂,二手房,北京路
A7395490330,1135229,莲花园北区,临沂,二手房,平顺路
A7449832893,1220705,费县清华园,临沂,二手房,自由西路
A7459931351,991357,颐和嘉园,临沂,二手房,"书圣路,近北京东路"
A7428539294,871695,华创金桂园,临沂,二手房,沂州路
A7374510337,677090,西张庄小区,临沂,二手房,育才路
A7243673826,713708,万阅城,临沂,二手房,新华路
A7476348997,1180815,开元状元府,临沂,二手房,东升路
A7304070250,1181325,开元上郡,临沂,二手房,中央大街
A7394356160,678230,沂龙湾龙园,临沂,二手房,北京路
A7433614971,678246,警察花园,临沂,二手房,"汤河路,近广州路"
A7071196820,678321,澜泊湾(三期),临沂,二手房,"祊河路,近柳青河西路"
A7416081897,923072,万城花开(兰山),临沂,二手房,"南京路,近马陵山路"
A7407818211,1236475,宝丽世纪城,临沂,二手房,湖北路
A7449520535,676631,颐龙恒泰,临沂,二手房,金源路32号
A7454846866,973132,天河景苑,临沂,二手房,秀水路
A7460793454,945157,翰林华府(沂水),临沂,二手房,双成路
A7462526542,677632,宝丽盛世华庭,临沂,二手房,火炬路
A7468634967,677605,汇铭华府,临沂,二手房,湖北路
A7439261068,792466,凤凰水城,临沂,二手房,"成都路,近沭河路"
A7426517367,792466,凤凰水城,临沂,二手房,"成都路,近沭河路"
A7472032900,972997,锦绣华庭(罗庄)(一期),临沂,二手房,清河南路
A7471100824,993481,浚东社区,临沂,二手房,滨河西路
A7441887282,1214941,康城花园,临沂,二手房,金花路
A7477241991,678059,明德花园南区(平邑),临沂,二手房,西环一路
A7310170278,1073554,三合里润园,临沂,二手房,济南路
A7418610157,973131,陶然华庭,临沂,二手房,银雀山路
A7455854406,677006,泰美花园,临沂,二手房,"沂蒙路,近南昌路"
R4549979164843010,678116,金城国际,临沂,二手房,天桥南路18号
A7463680049,1233781,史丹利河东岸,临沂,二手房,延彦大街
A7365363709,676836,恒基佳园,临沂,二手房,绣花城路
A7351653242,676846,诚德盛世华庭,临沂,二手房,金源路174号
A7438872088,678178,华瑞新天地,临沂,二手房,兰陵路
A7475292156,1055338,金苑新都,临沂,二手房,东一环路
R4410446839094276,973074,前园花园(C区),临沂,二手房,北园路
A7220676624,677672,罗兰花园,临沂,二手房,清河南路
A7479543126,923540,环球掌舵,临沂,二手房,"长沙路,近温凉河路"
A7466897054,677632,宝丽盛世华庭,临沂,二手房,火炬路
A7455731341,678328,杏园,临沂,二手房,"黄白河路,近兰亭路"
A7444650687,1239939,君道蔚蓝海岸,临沂,二手房,金升路
A7438156247,678178,华瑞新天地,临沂,二手房,兰陵路
A7441081863,677912,君悦兰亭,临沂,二手房,东兴路
R3205488456819722,678066,华泉苑,临沂,二手房,十泉东路
R3204317967836163,677981,金明寓育源华庭,临沂,二手房,振兴北路
R4617866319358986,1102639,银光福源广场,临沂,二手房,建设东路
A7458316483,677724,阳光翠湖嘉园,临沂,二手房,双月园路
A7477131407,789054,圣兰菲诺(公寓住宅),临沂,二手房,算圣路
A7425776696,912584,龙腾华景,临沂,二手房,青杨路39号
A7194613598,973040,龙泉花园(兰陵),临沂,二手房,迎宾路
A7420321491,973090,润地玉苑,临沂,二手房,西外环路
A7363311971,766115,太子湖花园,临沂,二手房,通达路
A7360097317,1010268,孟园馨苑,临沂,二手房,"湖东路,近化武路"
A7464326465,972753,溪苑兰亭,临沂,二手房,"工业大道,近解放路"
A7478382281,1507632,鑫星秀水湾,临沂,二手房,"蒙山路,近温河东路"
A7446335486,1190481,国华新城,临沂,二手房,通达南路
A7476214607,1050889,阳光花园(平邑),临沂,二手房,蒙阳路
A7460603881,677937,墨泉世家,临沂,二手房,文化路
A7337531708,677009,滨河国际,临沂,二手房,滨河路
A7454972499,676964,银河湾,临沂,二手房,算圣路
A7459364248,792466,凤凰水城,临沂,二手房,"成都路,近沭河路"
A7425758274,972810,泽润园,临沂,二手房,郯东路188号
A7261627550,1177716,绣花美景华庭,临沂,二手房,绣花城路
A7429948581,972796,盈科嘉园,临沂,二手房,"长沙路,近温凉河路"
A7434225875,1433003,莒南史丹利文慧园,临沂,二手房,"西一路,近北疏港公路"
A7479141223,943321,荣盛沂河馨苑(A区),临沂,二手房,凤仪街
A7417939668,783033,德居一品(西区),临沂,二手房,府前巷1号
A7474490686,972760,鑫福源花园,临沂,二手房,"抱犊崮路,近兰陵路"
A7409807707,972801,育才第二小区,临沂,二手房,"沂蒙路,近文昌路"
A7444519147,677606,韵皓金桂园,临沂,二手房,罗六路
A7425635815,923540,环球掌舵,临沂,二手房,"长沙路,近温凉河路"
A7420322632,677600,怡景天鹅湖,临沂,二手房,科技大道115号
A7383209788,677030,香榭丽舍,临沂,二手房,中丘路8号
A7364897093,972959,金榜龙城,临沂,二手房,临工路
A7439966074,1190505,华前广场富华小区(B区),临沂,二手房,通达路161号
A7471447233,943321,荣盛沂河馨苑(A区),临沂,二手房,凤仪街
A7452212326,1310586,普村清河园A区,临沂,二手房,清河路
A7435830331,1543010,书香檀悦,临沂,二手房,北环路165号
A7435166327,972734,胜利花园,临沂,二手房,"振兴路,近恒泰路"
A7461352568,1183683,城开水岸,临沂,二手房,金雀山路
A7407985406,973237,银河湾小区(费县),临沂,二手房,站前路
A7207358972,1179519,史丹利四季长安(公寓住宅),临沂,二手房,长安路
A7395541377,972709,明苑花园,临沂,二手房,人民路273号
A7456649940,1012033,伊丽莎白花漾,临沂,二手房,"合肥路,近滨河东路"
A7459865763,677811,凤舞明珠,临沂,二手房,凤凰大街
A7313708670,909866,龙凤花园,临沂,二手房,大青山路
A7362113527,1082975,东方御龙佳园,临沂,二手房,郯东路
A7340559952,678258,光耀陶朱公,临沂,二手房,滨河路
A7087708938,713740,鼎鑫佳园,临沂,二手房,顺和街4号
A7443652276,766117,滨河新天地,临沂,二手房,"卧虎山路,近蒙山北路"
A7398317338,1001590,银盛泰博观新城(一期),临沂,二手房,"沂蒙路,近西安路"
A7476867640,972692,领秀豪庭,临沂,二手房,"解放东路,近滨河东路"
A7478357681,1010264,安泰金升华府,临沂,二手房,"长沙路,近沂蒙路"
A7472744771,1082957,天桥名城,临沂,二手房,洪石路39号
A7457350117,677695,圣奥名门,临沂,二手房,湖东路
A7385616236,1171691,莒南阳光国际小区,临沂,二手房,镇中路
A7479283619,1384908,滨河万达一方上河府,临沂,二手房,"王庄路,近滨河路"
A7425810299,1087476,诚德翰林园,临沂,二手房,清河南路
R3222037216714763,677567,桃花涧小区,临沂,二手房,沂州路177号
A7396550459,1147503,明德新城,临沂,二手房,新枣路
A7376797632,676842,阳光高第,临沂,二手房,金源路159号
A7371671707,1082967,京汇菁华园,临沂,二手房,科技大道
A7462534592,677063,荣盛沂河郡府,临沂,二手房,智圣路
A7440970743,972959,金榜龙城,临沂,二手房,临工路
A7368683573,766560,皇山城,临沂,二手房,皇山路
A7469459464,1007305,东方御景小区,临沂,二手房,"顺和路,近抱犊崮路"
A7390074954,1186429,同心花园,临沂,二手房,顺和街
A7418768801,766115,太子湖花园,临沂,二手房,通达路
A7439716537,1063207,阳光尚府,临沂,二手房,护台路13号
A7461772825,1162421,浮来春公馆(别墅),临沂,二手房,北京路
A7412320830,972674,荣盛塞纳荣府,临沂,二手房,智圣路
A7460854812,972750,史丹利文慧园(临沭),临沂,二手房,常林西大街48号
R4521559923745797,972856,昌辰御园,临沂,二手房,长安南路
A7467794521,714048,东墩花园,临沂,二手房,启阳路
A7476320952,1081718,朝阳家园,临沂,二手房,建设路
A7401697284,1478318,房源西岸公园,临沂,二手房,"临西十路,近聚才八路"
A7123748250,1018019,意林公馆,临沂,二手房,秀水路
A7257559496,1009145,华润凯旋门,临沂,二手房,开阳路19号
A7461941479,945727,华信国际,临沂,二手房,"北一环路,近沂博路"
A7469680947,1012032,盛源华府,临沂,二手房,"通达南路,近双月园路"
A7475649830,678056,汇源城,临沂,二手房,327国道
A7427261478,1303117,致远翡翠湖,临沂,二手房,科技大道115号
A7397560440,1023774,恒大中央广场,临沂,二手房,"通达路,近桃园路"
A7427620429,676885,广田悦城,临沂,二手房,沂蒙路9号
A7466171787,677834,奥德紫荆城,临沂,二手房,"北京东路,近孝友路"
A7322987793,1071638,泉山国际,临沂,二手房,泉山路
A7299454714,973240,银星华府,临沂,二手房,富民路16号
A7234196329,677599,美华新村,临沂,二手房,罗七路26号
A7374525186,940357,香港城(兰山),临沂,二手房,"顺河街,近蒙山大道"
A7449876575,973152,万图海德公馆,临沂,二手房,文峰路
R3486844811255812,677157,兴盛小区,临沂,二手房,银雀山路
A7415920350,972882,东方佳园(平邑),临沂,二手房,蒙阳路
A7454753624,677782,新东方花园,临沂,二手房,滨河东路
A7457655313,678239,沂州花园(兰山),临沂,二手房,沭河路
A7417723701,995204,华创金桂园(别墅),临沂,二手房,"沂州路,近沂河路"
A7423986225,677064,皇山花园(一期),临沂,二手房,滨河东路
A7456541604,1007905,怡和国际,临沂,二手房,沂河路23号
R4462249280314368,676662,北园花苑,临沂,二手房,北园路260号
A7425456033,972610,城开首府,临沂,二手房,"长沙路,近茶山路"
A7444464348,1428070,东泰幸福里(公寓住宅),临沂,二手房,"莲旺街,近双成路"
A7415953509,1179514,市委大院,临沂,二手房,沂蒙路219号
A7473072838,1161326,新华府,临沂,二手房,新建路155号
A7333785814,1159018,宝德和园,临沂,二手房,南坪街
A7408639151,677909,皇山别墅,临沂,二手房,长安路
A7468839347,1432987,桂花丽舍,临沂,二手房,"光明南路,近惠民街"
R4544704118350852,677122,金巍小区,临沂,二手房,育才路
A7456651668,677609,阳光新苑,临沂,二手房,双月湖路
A7274794717,1186417,砚台岭社区B区,临沂,二手房,临西十路
A7213945609,677556,诚德清华俊景,临沂,二手房,解放路19号
A7441081533,1399780,万城春暖花开(公寓住宅),临沂,二手房,"滨河西路滨河西路,近湖北路"
A7429211700,1204250,阜丰澜岸,临沂,二手房,上海路
A7308617876,1187039,香水郡,临沂,二手房,清河南路1号
A7447388735,909610,中元御桂园,临沂,二手房,卧虎山路
A7478413468,1008634,杏坛书香,临沂,二手房,鑫河路
R3351110907763725,1082975,东方御龙佳园,临沂,二手房,郯东路
A7469354430,1030741,东方明珠(费县),临沂,二手房,"健康路,近和平路"
A7437858505,1505467,绿地玉晖公馆,临沂,二手房,"汤河路,近文化路"
A7450636129,1514577,紫云府,临沂,二手房,"临工路,近李公河路"
A7427303561,1082956,万开世纪城,临沂,二手房,文明路
A7442535428,1624497,房源君澜凤凰城,临沂,二手房,"凤仪街,近温泉路"
R4338846509984776,972599,安信现代城,临沂,二手房,团结路64号
A7430841396,1486371,泰鲁时代城(公寓住宅),临沂,二手房,"双岭路,近王庄路"
R2961663957855245,1380499,万城瑞府,临沂,二手房,"西五路,近北环路"
R4067091882318850,1198335,宝来新天地,临沂,二手房,中山北路29号
A7344339539,1376772,中粮壹号院(别墅),临沂,二手房,"智圣路,近凤临街"
R3426502637297676,713807,五大道,临沂,二手房,中丘路
A7213411786,1183682,于泉尚城,临沂,二手房,通达路
A7370390409,1230381,绿城春江明月(别墅),临沂,二手房,滨河东路
A7470624836,1087443,银丰公馆,临沂,二手房,清河南路
A7439909206,972961,金城溪园,临沂,二手房,冠山路
A7446537524,1189605,郯子湖小区,临沂,二手房,环湖南路6号
A7347123680,972810,泽润园,临沂,二手房,郯东路188号
A7468038782,677614,美澳花园,临沂,二手房,滨河南路8号
A7403128096,1433003,莒南史丹利文慧园,临沂,二手房,"西一路,近北疏港公路"
R3621424610485262,972843,宝德书香苑,临沂,二手房,中丘路
A7426646949,767016,联安现代城,临沂,二手房,沂州路
R2544269808033796,1370909,御尊尚府御富园,临沂,二手房,"雪山河路,近东二环路"
A7472108637,677912,君悦兰亭,临沂,二手房,东兴路
A7456509408,972723,群星家园,临沂,二手房,"中心南街,近腾飞路"
A7408925939,1108599,天翔雅苑,临沂,二手房,李公街
R2900750331943945,992369,中意家园,临沂,二手房,卧龙山路
A7409865634,1018019,意林公馆,临沂,二手房,秀水路
A7418030530,972947,惠民新苑,临沂,二手房,南外环路
A7451446936,677920,慧谷领御(公寓住宅),临沂,二手房,人民大街1599号
A7216749998,972901,福泰御河湾,临沂,二手房,长安路3号
A7443781158,1190487,金泰华府(南区),临沂,二手房,"金坛路,近沂州路"
A7477937589,677614,美澳花园,临沂,二手房,滨河南路8号
A7477762350,972939,华信浅水湾,临沂,二手房,滨河东路
A7472819642,973086,荣盛沂河馨苑(B区),临沂,二手房,智圣路
A7457518108,973038,龙城华庭小区(西区),临沂,二手房,人民路38号
A7474778745,678328,杏园,临沂,二手房,"黄白河路,近兰亭路"
A7397426516,972817,柳溪美庐(别墅),临沂,二手房,"南京路,近汤河路"
A7447331398,678344,名仕雅苑,临沂,二手房,香港路
A7138267506,677097,涑河国际城A区,临沂,二手房,涑河北街
A7273737352,1259484,儒辰观澜府,临沂,二手房,科教路
A7445293391,677535,银雀溪园,临沂,二手房,琅琊王路142号
A7191615994,940357,香港城(兰山),临沂,二手房,"顺河街,近蒙山大道"
A7381255630,677840,东华花园,临沂,二手房,沂河路
A7467870228,1275627,碧桂园凤凰壹品,临沂,二手房,"南京路,近沂蒙路"
A7428486469,1088120,双庄清华园社区,临沂,二手房,长春路
A7363225657,912196,地王银雀华府,临沂,二手房,琅琊王路
A7445332864,1384908,滨河万达一方上河府,临沂,二手房,"王庄路,近滨河路"
R4186071402471424,1081718,朝阳家园,临沂,二手房,建设路
A7470509660,1087476,诚德翰林园,临沂,二手房,清河南路
R3710210888723462,1022352,恒大华府(商住楼),临沂,二手房,"孝河路,近成都路"
A7199160193,972853,滨河绿洲,临沂,二手房,沂河大道
R4264015292292107,677826,清华苑(河东),临沂,二手房,临工路
A7366929185,676873,兰亭水岸,临沂,二手房,滨河路
A7451262069,678280,兴冠园,临沂,二手房,天津路6号
A7428393200,923541,拉菲公馆,临沂,二手房,"沭河路,近长沙路"
R2515087404310541,1066942,东华都市阳光,临沂,二手房,"长安路,近香港路"
A7472850982,1178661,文创园,临沂,二手房,连荷线
A7451387504,945212,沂河明珠,临沂,二手房,"正阳路,近小沂河南路"
R3990903628930052,1187551,大名城(北区),临沂,二手房,"双城路,近滨河东路"
A7335319014,676794,东方花苑(兰山),临沂,二手房,通达路4号
R4354754420272140,1135229,莲花园北区,临沂,二手房,平顺路
A7404119567,767135,中科印象,临沂,二手房,海关路
A7420543165,677772,滨江中央华府(罗庄),临沂,二手房,清河南路
A7256782325,713746,临沂铁路新村,临沂,二手房,八一路239号
A7460019995,779965,高尔夫庄园,临沂,二手房,滨河路
A7432697030,678310,荣昌绿园,临沂,二手房,"孝河路,近武汉路"
A7384222076,1388609,天怡嘉园,临沂,二手房,"通达南路,近工业路"
A7342846013,677005,环球国际广场,临沂,二手房,沂蒙路1号
A7393979677,1526906,鲁邦华府(罗庄区),临沂,二手房,"双月园路,近湖西路"
A7395097421,1077760,杨庄社区滨河金苑D区,临沂,二手房,顺和路
A7447198378,676851,金泰华城,临沂,二手房,北园路399号
A7456651670,1087479,中南鲁商樾府,临沂,二手房,"长沙路,近孝河路"
A7474535982,972776,依云小镇,临沂,二手房,"沂州路,近清河南路"
A7473861561,678193,开元瑞都(西区),临沂,二手房,迎宾路
A7414900582,677607,金地华府,临沂,二手房,湖北路
A7458498819,1171691,莒南阳光国际小区,临沂,二手房,镇中路
A7461100310,1410687,阜丰时代广场,临沂,二手房,"新建路,近华鲁街"
A7458445046,1183678,锦绣华庭(罗庄)(二期),临沂,二手房,清河南路
R3926253701554187,677975,瓯龙现代城,临沂,二手房,涑河东大街
A7429107355,1082964,名仕温泉国际城(别墅),临沂,二手房,滨河东路
A7475001845,972780,沂华名都,临沂,二手房,"长安中路,近沂蒙山东路"
A7468510943,1108461,金桥花园板桥社区,临沂,二手房,板桥路
A7469422435,972960,金城社区,临沂,二手房,"西安路,近孝河路"
A7403107318,972712,平等花园,临沂,二手房,烟墩街99号
A7391999938,941014,江泉国际,临沂,二手房,通达南路
A7390004530,677965,建馨嘉苑,临沂,二手房,马陵路1号
A7371535889,792843,城建时代庄园,临沂,二手房,北园路323号
A7459355296,1187584,银都府邸,临沂,二手房,"银花路,近滨河西路"
A7430887748,1073544,金穗花园,临沂,二手房,"大青山路,近北京路"
A7326436337,1214941,康城花园,临沂,二手房,金花路
A7460095783,909865,十二星城,临沂,二手房,"文峰山路,近北京路"
A7324734333,1410671,宝德集美东方(公寓住宅),临沂,二手房,"沂河路,近祝丘路"
A7447168790,973167,香榭丽墅,临沂,二手房,中丘路
A7479369230,1382689,史丹利文慧园(郯城),临沂,二手房,孔望山路17号
A7454001091,1186474,星河湾(费县),临沂,二手房,鲁公路
A7475825224,677200,银河湾3号院,临沂,二手房,工业大道
A7444535932,1233781,史丹利河东岸,临沂,二手房,延彦大街
A7446503891,1410672,韵皓圣廷苑,临沂,二手房,"湖北路,近湖东二路"
A7435843495,973243,永富御景城,临沂,二手房,俄黄路
A7434990010,1235216,壹号公馆,临沂,二手房,宗圣路
A7420539304,1289921,广厦兰都,临沂,二手房,人民路老体委
A7468914712,1108461,金桥花园板桥社区,临沂,二手房,板桥路
A7455953152,972632,福町花园,临沂,二手房,"光明北路,近沭河西大街"
A7357553839,783033,德居一品(西区),临沂,二手房,府前巷1号
A7231099356,678321,澜泊湾(三期),临沂,二手房,"祊河路,近柳青河西路"
R2541236191666181,713737,四季春天(沂蒙路),临沂,二手房,沂蒙路
A7459334144,972766,杏林御园,临沂,二手房,"振兴北路,近沭河西大街"
A7422326489,713691,嘉益香槟城,临沂,二手房,兰山清河南路
A7287729597,972943,皇山花园(三期),临沂,二手房,四平路
A7339731685,677072,祥和家园(兰山),临沂,二手房,王庄路3号
A7370580771,677067,龙盛幸福里,临沂,二手房,宏大路
A7474846503,677215,龙城雅苑,临沂,二手房,通达路
A7450713845,1189792,旭辉银盛泰公元锦里(公寓住宅),临沂,二手房,琅琊王路
A7279460140,972986,金信融城,临沂,二手房,"成都路,近沂蒙路"
A7186565887,1062982,兰苑小区,临沂,二手房,银雀山路190号
R3268515174587395,973219,沂兰文园,临沂,二手房,沂蒙路
A7315517999,1087445,水韵华苑,临沂,二手房,北京路
A7473622750,972695,龙泉嘉园,临沂,二手房,"人民路,近古城路"
R4135148845817857,677973,常林御园,临沂,二手房,常林西大街
A7453498752,678328,杏园,临沂,二手房,"黄白河路,近兰亭路"
A7445246372,677615,欧罗花园,临沂,二手房,护台路5号
A7476978421,873700,宝德新领域,临沂,二手房,"兰陵路,近府左路"
R4186068849172488,1088815,宝馨嘉苑,临沂,二手房,蒙阳路
A7435816317,676885,广田悦城,临沂,二手房,沂蒙路9号
A7473055237,676883,金茂花园,临沂,二手房,上海路
A7192153506,1183683,城开水岸,临沂,二手房,金雀山路
A7468973335,677672,罗兰花园,临沂,二手房,清河南路
A7455613939,973187,信合家园(沂水),临沂,二手房,裕丰路
A7411702451,1233782,平安里(一期),临沂,二手房,兰陵路
A7464656393,954714,华润书香府,临沂,二手房,沂河路
R2919722075008001,1190488,华前广场富华小区(C区),临沂,二手房,通达路161号
A7468779019,1192381,中晟学府美地,临沂,二手房,科教路
A7434432924,872660,盛德桂园,临沂,二手房,"沂河路,近海关路"
A7369566107,1002818,房源印象,临沂,二手房,开源路152号
A7442030126,1186404,壹号学府,临沂,二手房,336省道
A6799645311,972868,大成家苑,临沂,二手房,化武路
A7396536792,677625,美华润景,临沂,二手房,工业街
A7403294413,972750,史丹利文慧园(临沭),临沂,二手房,常林西大街48号
A7457557678,1002819,阳光城香麓园,临沂,二手房,"中昇街,近智圣路"
A7464124267,972735,十里阳光,临沂,二手房,"沂河路,近祝丘路"
A7395426057,1127034,儒辰丹枫园,临沂,二手房,前十街
A7453222220,973106,世纪家园(沂南),临沂,二手房,花山路81号
A7327288086,1280431,中南林樾,临沂,二手房,"西安路,近沂蒙路"
A7470584936,1314668,中国院子(别墅),临沂,二手房,滨河东路
A7413063037,1052973,东方帝景,临沂,二手房,白马河路18号
A7457329727,972737,沭河花园,临沂,二手房,"光明北路,近沭河西大街"
A7255050365,713679,后园馨园D区,临沂,二手房,滨河路
A7426323410,973055,美多商贸城,临沂,二手房,前十街
A7368748369,677838,府东花园,临沂,二手房,华阳路
A7384099548,1158431,慧谷小镇,临沂,二手房,海关路
A7477716903,677785,乐泰花苑,临沂,二手房,正阳路
A7307522535,676985,开阳名居,临沂,二手房,开阳路
A7477853009,766640,北园春天(兰山),临沂,二手房,北园路299号
A7478380797,677909,皇山别墅,临沂,二手房,长安路
A7455132113,1505467,绿地玉晖公馆,临沂,二手房,"汤河路,近文化路"
A7472057397,1102639,银光福源广场,临沂,二手房,建设东路
A7387804448,1314667,海博壹江阅,临沂,二手房,"临工路,近滨河东路"
A7399413094,972702,毛纺厂家属院,临沂,二手房,"自由路,近光明路"
A7439881319,1183683,城开水岸,临沂,二手房,金雀山路
R2731042348391427,677840,东华花园,临沂,二手房,沂河路
A7440699825,1155308,府东佳园,临沂,二手房,白马河路
A7409014993,677006,泰美花园,临沂,二手房,"沂蒙路,近南昌路"
A7433517199,1087482,幸福华庭,临沂,二手房,幸福路
A7406917321,1010846,丰源新区,临沂,二手房,聚才八路
R4160871117971471,1082964,名仕温泉国际城(别墅),临沂,二手房,滨河东路
A7460042440,1187601,宝馨嘉园,临沂,二手房,宗盛路
A7466185697,1269239,金明寓世纪名筑,临沂,二手房,青云山路
A7468665734,973239,银雀苑,临沂,二手房,沂蒙路
A7460878337,1087460,龙湾一品,临沂,二手房,鑫华西路
A7478656338,677200,银河湾3号院,临沂,二手房,工业大道
A7395438779,713709,金润花园,临沂,二手房,蒙河路
A7449562453,1437434,开元尚城,临沂,二手房,"育才路,近迎宾路"
A7417768815,713827,兰亭凤栖苑,临沂,二手房,金雀山路
A7394109480,1025061,泰和花园(河东),临沂,二手房,"人民大街,近华阳路"
A7315295504,676642,金玉山世纪花园,临沂,二手房,陶然路115号
A7039142571,945875,海博长安府(公寓住宅),临沂,二手房,"长安路,近海关路"
A7385202454,1007304,檀都,临沂,二手房,文化路11号
A7470484961,1002819,阳光城香麓园,临沂,二手房,"中昇街,近智圣路"
A7307370719,677008,澜泊湾(一期),临沂,二手房,"祊河路,近柳青河西路"
A7442602384,1082963,南楼子小区,临沂,二手房,厦门路
A7352087621,973270,竹林桥南区,临沂,二手房,八腊庙街
A7408960266,923540,环球掌舵,临沂,二手房,"长沙路,近温凉河路"
A7438012598,972666,金水河畔,临沂,二手房,"广州路,近温凉河路"
A7429415167,1002818,房源印象,临沂,二手房,开源路152号
A7475796663,1660606,城建锦绣里,临沂,二手房,通达路365号
A7243446847,713747,临沂金世纪新城,临沂,二手房,青年路39号
R2391981472443398,923074,水岸名城(兰山),临沂,二手房,涑河南街
A7447158065,1428070,东泰幸福里(公寓住宅),临沂,二手房,"莲旺街,近双成路"
A7464616524,1082975,东方御龙佳园,临沂,二手房,郯东路
A7334502008,873700,宝德新领域,临沂,二手房,"兰陵路,近府左路"
A7418368316,1566293,银盛泰博观新城(二期),临沂,二手房,"大青山路,近南昌路"
A7422023188,677912,君悦兰亭,临沂,二手房,东兴路
A7390157222,678211,朴园,临沂,二手房,"沭河路,近济南路交回"
A7464782591,1217086,润泰书香郡,临沂,二手房,"通达南路,近湖北路"
A7478371138,1008634,杏坛书香,临沂,二手房,鑫河路
R2721519566562309,1020105,史丹利景城花园(沂水)(公寓住宅),临沂,二手房,中心南街21号
A7388078153,972868,大成家苑,临沂,二手房,化武路
A7434455156,972700,鲁商印象城,临沂,二手房,"苍山北路,近沭河西大街"
A7455859752,677007,水岸华庭(兰山),临沂,二手房,聚才路2号
A7443818049,945206,山水文园,临沂,二手房,荆山路
A7423844552,713735,广田悦园,临沂,二手房,"宏大路,近大山路"
A7475394535,1087497,瑞沂蓝山,临沂,二手房,通达路
A7321362518,973141,同心御园小区,临沂,二手房,水田路
A7473686481,973037,柳青家园,临沂,二手房,天津路
A7438102779,766264,北园小区(兰山),临沂,二手房,北园路289号
A7446274970,1440367,儒辰逸品公馆,临沂,二手房,"正阳路,近玉泉路"
A7472942358,972982,金泰华府(北区),临沂,二手房,"沂州路,近平安路"
A7455764620,1195820,翰林丽都(A区),临沂,二手房,崇文路
A7475662053,677015,致远海上传奇,临沂,二手房,滨河东路18号
A7467207698,973112,水岸名城(费县),临沂,二手房,自由路
A7476177757,972761,鑫和园小区,临沂,二手房,"建设路,西外环路"
R4614409179339784,973190,星河上城,临沂,二手房,朝阳路
A7454022692,1265101,青棠湾小区(公寓住宅),临沂,二手房,滨河东路
A7066029659,972942,环球丹桂园,临沂,二手房,北京路
A7097567231,1087497,瑞沂蓝山,临沂,二手房,通达路
A7446245777,1071826,华恒香榭里,临沂,二手房,十泉路
A7371277772,1158431,慧谷小镇,临沂,二手房,海关路
A7460759177,972959,金榜龙城,临沂,二手房,临工路
A7227159954,1193511,舒格兰(二期),临沂,二手房,南京路
R3298562422463501,676996,杏花水岸(公寓住宅),临沂,二手房,沂蒙路
A7471275441,972942,环球丹桂园,临沂,二手房,北京路
A7231836035,1066632,金泰瑞府,临沂,二手房,南京路
A7438912328,1085915,天元锦都上城,临沂,二手房,北京东路
A7405095882,676883,金茂花园,临沂,二手房,上海路
A7317756456,973157,裕隆文博苑,临沂,二手房,李公河路
A7461484588,1069146,西城鑫苑,临沂,二手房,西外环路
A7467088380,972763,鑫源尚城(平邑),临沂,二手房,"蒙阳路,近朝阳路"
A7450697198,973088,如意家园(沂水),临沂,二手房,中心街
A7356417861,973222,怡海国际新城,临沂,二手房,东兴路
A7467087793,677158,淮海御景湾,临沂,二手房,滨河路2号
A7442664948,973139,汀香郡(别墅),临沂,二手房,成都路
A7463653654,1187595,蓝钻浚河郡,临沂,二手房,新枣路
A7413107247,678326,英伦名嘉,临沂,二手房,"卧虎山路,近马陵山路"
A7404296571,1012121,环球新界,临沂,二手房,"沂蒙北路,近武汉路"
A7473717990,677018,卧龙嘉苑,临沂,二手房,大青山路93号
A7458298292,923541,拉菲公馆,临沂,二手房,"沭河路,近长沙路"
A7405064575,1127640,金檀花苑,临沂,二手房,沭河路
A7427419520,1488221,文博城,临沂,二手房,"通达路,近文化二路"
A7478487075,972761,鑫和园小区,临沂,二手房,"建设路,西外环路"
A7430777562,972721,青啤早安时区,临沂,二手房,"滨河路,近沂河路"
A7471497145,676985,开阳名居,临沂,二手房,开阳路
A7451398262,972827,银河龙门花园(别墅),临沂,二手房,"滨河东路,近临江路"
A7341989546,1010844,宏宸欧缘,临沂,二手房,"厦门路,近昆明路"
A7372811281,678169,龙泉庄园,临沂,二手房,文化路
A7374679524,973231,邑东福邸,临沂,二手房,浚河路
R1691976042127363,972780,沂华名都,临沂,二手房,"长安中路,近沂蒙山东路"
R4412519908125708,1187587,新盛家园,临沂,二手房,蒙山大道123号
R4373184546790408,1187045,新东关凤翔苑,临沂,二手房,"考棚街,近东关街"
A7459368634,1380498,豪森铂悦,临沂,二手房,"人民大街,近华龙路"
A7466906124,678262,爱琴海(兰山),临沂,二手房,"广州路,近成都路"
A7455152147,676964,银河湾,临沂,二手房,算圣路
A7441012789,1190487,金泰华府(南区),临沂,二手房,"金坛路,近沂州路"
A7466982511,1082069,天泽华府,临沂,二手房,郯东路60号
A7439001723,1108599,天翔雅苑,临沂,二手房,李公街
A7419627229,677996,景钰嘉园(西区),临沂,二手房,苍山北路
A7479411149,972610,城开首府,临沂,二手房,"长沙路,近茶山路"
A7036864884,995204,华创金桂园(别墅),临沂,二手房,"沂州路,近沂河路"
A6931091091,973160,五洲华府天著(别墅),临沂,二手房,孝圣路
A7314554432,677012,意林小镇,临沂,二手房,秀水路
A7469723574,1386532,史丹利景城花园(莒南),临沂,二手房,"洪石路,近天桥路"
A7353754073,766262,银丰雅园,临沂,二手房,武汉路
A7411543204,1131057,滨河名邸,临沂,二手房,香港路
A7478463626,994769,翔宇三江领秀,临沂,二手房,"兰亭路,近李公街"
A7473007550,1043745,致远翡翠湾,临沂,二手房,湖北路
A7426680427,1486371,泰鲁时代城(公寓住宅),临沂,二手房,"双岭路,近王庄路"
A7323130002,767016,联安现代城,临沂,二手房,沂州路
A7404113636,1199089,金雀新城(B区),临沂,二手房,金坛路
A7337617797,1220705,费县清华园,临沂,二手房,自由西路
A7447396239,677840,东华花园,临沂,二手房,沂河路
A7429568190,1566293,银盛泰博观新城(二期),临沂,二手房,"大青山路,近南昌路"
A7288071308,1388335,城建未来城,临沂,二手房,红石崖路16号
A7366037062,1082956,万开世纪城,临沂,二手房,文明路
A7432803891,1432984,贵人铂悦府,临沂,二手房,"兴大东街,近薛疃路"
A7430016164,678161,家天下(兰陵),临沂,二手房,滨河西路
A7271796560,677478,荣华园(兰山区),临沂,二手房,银雀山路
A7429408534,713771,永恒华府,临沂,二手房,解放路1号
A7462521977,678344,名仕雅苑,临沂,二手房,香港路
A7476277939,1028359,鲁洲清华园,临沂,二手房,鲁洲路18号
A7425756071,973269,中苑小区,临沂,二手房,清河北路
A7470433610,972924,恒弘城,临沂,二手房,双岭路
R2755077402962945,1010266,鸿儒国际,临沂,二手房,"双岭路,近工业大道"
R3552753817477125,1238498,翰林府,临沂,二手房,东升路
A7450858728,1030902,富林小镇,临沂,二手房,"化武路,近琅琊王路"
A7477240484,677215,龙城雅苑,临沂,二手房,通达路
R4387103648574467,677551,御园金顶,临沂,二手房,沂州路
A7268846632,677597,美华园,临沂,二手房,湖北路240号
A7417775436,766114,阜丰大成郡,临沂,二手房,广州路
A7399339923,713827,兰亭凤栖苑,临沂,二手房,金雀山路
A7473806976,677612,美华金地嘉园,临沂,二手房,工业路
A7467047589,1186408,临沭金盾花园,临沂,二手房,光明北路
A7239644232,677805,莱茵国际,临沂,二手房,李公河路
A7419557173,972764,星空喜园,临沂,二手房,"文明路,近文化路"
A7386177701,1625065,儒辰金邑樾府,临沂,二手房,"滨河东路,近黄金路"
A7473034673,676660,泰鼎花园,临沂,二手房,北园路297号
A7442738377,677637,护台小区,临沂,二手房,护台路3号
A7436558292,1275627,碧桂园凤凰壹品,临沂,二手房,"南京路,近沂蒙路"
A7479105324,676842,阳光高第,临沂,二手房,金源路159号
A7400442748,1082069,天泽华府,临沂,二手房,郯东路60号
A7395367044,678323,爱伦坡,临沂,二手房,"广州路,近马陵山路"
A7464287054,677345,苗庄小区,临沂,二手房,金雀山路
R3846680431389703,1190483,商谷智慧城(商住楼),临沂,二手房,临西十路
A7463599646,864365,恒大绿洲,临沂,二手房,"华夏路,近香港路"
A7451683551,677975,瓯龙现代城,临沂,二手房,涑河东大街
A7467647588,1014917,和润香堤(别墅),临沂,二手房,"文峰山路,近北京路"
A7194684586,677641,金湖新村,临沂,二手房,开元路
A7467047910,995204,华创金桂园(别墅),临沂,二手房,"沂州路,近沂河路"
A7456716550,713732,百联华府,临沂,二手房,府左路
A7443538477,945721,东方名城,临沂,二手房,沂蒙山路
A7478413965,1428070,东泰幸福里(公寓住宅),临沂,二手房,"莲旺街,近双成路"
A7461719992,1062982,兰苑小区,临沂,二手房,银雀山路190号
A7208338985,972605,北园佳园,临沂,二手房,"北园路,近沂蒙路"
A7448865939,972711,平安华府,临沂,二手房,羲之路159-1号
A7459292815,677634,地王豪庭,临沂,二手房,双月湖路107号
A7446340260,972766,杏林御园,临沂,二手房,"振兴北路,近沭河西大街"
A7417878850,677369,三合园,临沂,二手房,开源路159号
A7460900067,677009,滨河国际,临沂,二手房,滨河路
A7478621283,1171691,莒南阳光国际小区,临沂,二手房,镇中路
A7415768479,676719,金坛花园,临沂,二手房,金坛路
A7448757386,973089,瑞腾优卡空间,临沂,二手房,蒙山大道
A7479533935,677616,景泰金湖明珠,临沂,二手房,罗六路
A7458496088,677535,银雀溪园,临沂,二手房,琅琊王路142号
A7478296941,1010268,孟园馨苑,临沂,二手房,"湖东路,近化武路"
A7438012150,1510765,儒辰海棠樾府,临沂,二手房,"沂河路,清河东路"
A7440951483,677036,开元帕缇欧,临沂,二手房,祝丘路30号
A7442626882,677831,水岸澜庭,临沂,二手房,顺和路
A7477755764,677612,美华金地嘉园,临沂,二手房,工业路
A7441907480,678272,金达华府,临沂,二手房,张南路
A7468441921,972764,星空喜园,临沂,二手房,"文明路,近文化路"
A7469649073,678310,荣昌绿园,临沂,二手房,"孝河路,近武汉路"
A7354320749,1388617,城开尚苑,临沂,二手房,"工业大道,近解放路"
A7460167846,1187595,蓝钻浚河郡,临沂,二手房,新枣路
A7469588265,972721,青啤早安时区,临沂,二手房,"滨河路,近沂河路"
A7404945469,678280,兴冠园,临沂,二手房,天津路6号
A7416954231,1316365,鲁地德慧苑,临沂,二手房,师郯路
A7446155509,973002,景城花园(费县),临沂,二手房,政通路251号
A7419292038,972708,明瑞华庭,临沂,二手房,"蒙山路,近建设路"
A7102867371,1474255,御澜九府,临沂,二手房,"滨河路,近通达路"
A7326420990,972666,金水河畔,临沂,二手房,"广州路,近温凉河路"
A7464643136,923541,拉菲公馆,临沂,二手房,"沭河路,近长沙路"
A7415745758,1376772,中粮壹号院(别墅),临沂,二手房,"智圣路,近凤临街"
R3715093417500675,676718,交通局家属院(兰山),临沂,二手房,平安路
R4372121569715208,863140,慧谷倾城,临沂,二手房,沂州路169号
A7469901138,790445,深莞城,临沂,二手房,沂河路19号
A7298403561,677600,怡景天鹅湖,临沂,二手房,科技大道115号
R3765926003125249,973252,御山河(别墅),临沂,二手房,滨河东路
A7422240004,938887,金域华府,临沂,二手房,温凉河路
A7458388355,678033,怡嘉苑,临沂,二手房,汉阙路
A7423430732,677625,美华润景,临沂,二手房,工业街
A7470545601,677936,龙域中央小区,临沂,二手房,郯东路
A7472074583,972911,港湾新里程,临沂,二手房,沂河路
A7451322977,676697,锦绣蓝山,临沂,二手房,通达路375号
A7475396070,1566293,银盛泰博观新城(二期),临沂,二手房,"大青山路,近南昌路"
A7477724341,909865,十二星城,临沂,二手房,"文峰山路,近北京路"
A7437037978,1190487,金泰华府(南区),临沂,二手房,"金坛路,近沂州路"
A7432992095,972681,康桥公馆,临沂,二手房,"通达南路,近湖北路"
A7457578166,1197979,儒辰玉兰公馆,临沂,二手房,清河北路
A7413945900,1590886,青啤御棠府,临沂,二手房,"滨河路,近湖北路"
R2378909551140871,938789,滨河润城,临沂,二手房,"中丘路,近五号路"
A7195546798,677706,康桥丽都,临沂,二手房,宝泉路
R4593854559542275,677961,中央华庭,临沂,二手房,文化路
A7248543599,972901,福泰御河湾,临沂,二手房,长安路3号
R4410431493987329,973074,前园花园(C区),临沂,二手房,北园路
A7467060818,713885,汇通天下(别墅),临沂,二手房,北园路313号
A7445247893,972939,华信浅水湾,临沂,二手房,滨河东路
A7458094992,973080,清水湾花园,临沂,二手房,滨河路
A7405734111,1088106,费县书香雅苑,临沂,二手房,东外环路
A7469765804,713691,嘉益香槟城,临沂,二手房,兰山清河南路
A7415942404,1236475,宝丽世纪城,临沂,二手房,湖北路
A7472869979,1226038,德馨园(河东),临沂,二手房,合肥路
R4511672121355272,1489179,碧桂园云顶,临沂,二手房,"孝河路,近武汉路"
A7376783003,1473465,创远金樾府,临沂,二手房,"聚才路,近王庄路"
A7445332179,945213,御龙湾,临沂,二手房,小沂河北路
A7438039515,678258,光耀陶朱公,临沂,二手房,滨河路
A7478800228,676938,金盾花园西区(兰山),临沂,二手房,北京路
A7450558302,713746,临沂铁路新村,临沂,二手房,八一路239号
A7472283083,677241,金雀花苑,临沂,二手房,金雀山路
A7441894406,678030,美丽园,临沂,二手房,朝阳路
A7470595387,972737,沭河花园,临沂,二手房,"光明北路,近沭河西大街"
A7375701444,678246,警察花园,临沂,二手房,"汤河路,近广州路"
A7097550671,678343,曲沂社区(A区B区),临沂,二手房,广州路
R4496729955818507,1186474,星河湾(费县),临沂,二手房,鲁公路
A6859106991,972822,澜泊湾御玺(澜泊湾四期),临沂,二手房,"祊河路,近柳青河西路"
A7471281828,677015,致远海上传奇,临沂,二手房,滨河东路18号
A6871575971,1073567,香醍荣府(别墅),临沂,二手房,广州路1号
A7347376103,1388623,学府名苑,临沂,二手房,"新二路,近黑龙潭路"
A7441010345,1275627,碧桂园凤凰壹品,临沂,二手房,"南京路,近沂蒙路"
A7463433826,1187591,明德兴水湾,临沂,二手房,"温凉河路,近327省道"
A7407950839,713735,广田悦园,临沂,二手房,"宏大路,近大山路"
A7404285224,972712,平等花园,临沂,二手房,烟墩街99号
A7446499096,1471075,卢浮公馆,临沂,二手房,"滨河路,近沂河路"
A7477830418,1087472,恒通佳园,临沂,二手房,"蒙山北路,近武汉路"
A7456836197,1139266,阳光滨河尚都,临沂,二手房,罗程路
A7255983043,676994,中德华尔兹,临沂,二手房,"沂蒙路,近滨河路"
A7411468052,1410682,碧桂园翡丽澜庭,临沂,二手房,"清河东路,近清河路"
A7466844307,676852,冠蒙六合御庭,临沂,二手房,"沂蒙路,近涑河北街"
A7408886622,1190503,涑河国际城B区,临沂,二手房,涑河北街
A7478764921,972825,东方御景(沂南),临沂,二手房,历山路99号
A7374737915,1074582,书苑府邸(一期东区),临沂,二手房,师郯路6号
A7478533785,678230,沂龙湾龙园,临沂,二手房,北京路
A7427510093,973055,美多商贸城,临沂,二手房,前十街
A7430831562,1060274,泰鑫东望府,临沂,二手房,中昇大街
A7343625203,1022352,恒大华府(商住楼),临沂,二手房,"孝河路,近成都路"
A7209159471,1052973,东方帝景,临沂,二手房,白马河路18号
A7448190567,677215,龙城雅苑,临沂,二手房,通达路
A7398542512,1669440,润地新城(商住楼),临沂,二手房,科教路
A7470291021,676985,开阳名居,临沂,二手房,开阳路
A7370596300,677646,永福苑,临沂,二手房,新华路
A7392151298,678206,澜泊湾天玺(别墅),临沂,二手房,"祊河路,近柳青河西路"
A7388938372,972994,锦绣花园(沂南),临沂,二手房,正阳路
A7445387044,973252,御山河(别墅),临沂,二手房,滨河东路
A7459943660,1073549,水岸华庭(沂水),临沂,二手房,腾飞路
A7134251132,1007901,齐鲁园广场,临沂,二手房,"济南路,近孝河路"
A7405217205,1018520,金鼎国际(兰山),临沂,二手房,"红旗路,近沂蒙路"
A7385265002,676857,昆仑花园,临沂,二手房,"沂蒙路,近南昌路"
A7429331556,940391,德馨苑,临沂,二手房,内环北路
A7455632279,973152,万图海德公馆,临沂,二手房,文峰路
A7477172245,678209,秀水湾,临沂,二手房,济南路
A7263476664,1393748,明悦郡,临沂,二手房,"罗六路,近双月湖前路"
A6971751069,973271,卓新天悦城,临沂,二手房,华夏路
A7479406122,1046907,沂景花园,临沂,二手房,建设西路
A7418635146,1380500,城建锦绣府,临沂,二手房,"中丘路,近五号路"
A7472402121,973002,景城花园(费县),临沂,二手房,政通路251号
A7474535277,973243,永富御景城,临沂,二手房,俄黄路
A7475508957,923070,正直花园,临沂,二手房,"孝友路,近人民大街"
R4074578491596813,972996,锦绣华庭(莒南),临沂,二手房,西一路
A7407983741,1147500,银泰景苑,临沂,二手房,陶然路
A7425690116,676895,泰和花园(东区),临沂,二手房,涑河北街
A7230398096,677599,美华新村,临沂,二手房,罗七路26号
A7470536109,1087476,诚德翰林园,临沂,二手房,清河南路
A7349006972,973055,美多商贸城,临沂,二手房,前十街
A7466724505,1204250,阜丰澜岸,临沂,二手房,上海路
A7429359875,1233782,平安里(一期),临沂,二手房,兰陵路
A7448836347,1384908,滨河万达一方上河府,临沂,二手房,"王庄路,近滨河路"
A7429215431,1191772,东泰花园,临沂,二手房,西一路
A7410546032,973094,山水绿城,临沂,二手房,南外环路
A7459274774,1189792,旭辉银盛泰公元锦里(公寓住宅),临沂,二手房,琅琊王路
R2909885388463112,677074,银凤花园,临沂,二手房,金源路
A7319608427,1376772,中粮壹号院(别墅),临沂,二手房,"智圣路,近凤临街"
A7459300376,945158,大名城(南区),临沂,二手房,"鑫华路,近莲旺街"
A7442886252,678163,明珠新城,临沂,二手房,泉山路
R1484069989243907,1018018,金润商务大厦,临沂,二手房,"解放路,近开源路"
A7462663334,1256982,九州唐樾,临沂,二手房,静海路
A7436303455,972738,联泰中心城,临沂,二手房,北环路52号
A7194724031,677072,祥和家园(兰山),临沂,二手房,王庄路3号
A7466078958,677660,宝翠园,临沂,二手房,罗六路
A7443466741,943576,鸿润佳园,临沂,二手房,罗三路
A7401363555,713691,嘉益香槟城,临沂,二手房,兰山清河南路
A7340433406,1019750,鲁商中心,临沂,二手房,"广州路,近孝河路"
A7362745291,1473465,创远金樾府,临沂,二手房,"聚才路,近王庄路"
A7463458103,864365,恒大绿洲,临沂,二手房,"华夏路,近香港路"
A7451397102,923072,万城花开(兰山),临沂,二手房,"南京路,近马陵山路"
A7218429721,1389246,银雀公馆,临沂,二手房,"银雀山路,近通达路"
A7414051344,767135,中科印象,临沂,二手房,海关路
A7393167817,792842,林庄御园B区,临沂,二手房,林丰街
A7310851545,677225,威特天元广场,临沂,二手房,金雀山路1号
A7454785525,972688,丽都小区,临沂,二手房,"朝阳路,近蒙山大道"
A7451373080,1087460,龙湾一品,临沂,二手房,鑫华西路
A7430836434,1028359,鲁洲清华园,临沂,二手房,鲁洲路18号
A7430904590,1410671,宝德集美东方(公寓住宅),临沂,二手房,"沂河路,近祝丘路"
A7441775252,1159018,宝德和园,临沂,二手房,南坪街
R4482381507240960,677074,银凤花园,临沂,二手房,金源路
A7236773145,972830,爱伦坡(别墅),临沂,二手房,广州路
A7445765213,972780,沂华名都,临沂,二手房,"长安中路,近沂蒙山东路"
A7427582509,1087497,瑞沂蓝山,临沂,二手房,通达路
A7444738762,973235,银河龙门花园,临沂,二手房,滨河东路
A7471305370,973157,裕隆文博苑,临沂,二手房,李公河路
A7452231269,1087479,中南鲁商樾府,临沂,二手房,"长沙路,近孝河路"
A7429875929,972699,鲁商金悦城,临沂,二手房,金雀山路154号
A7408785403,1008630,银座中心,临沂,二手房,解放路66号
A7462701690,1187593,泺源小区,临沂,二手房,蒙阳路70号
A7475595208,1045640,冠蒙时代花园,临沂,二手房,解放路
A7196269356,972839,白鹭金岸,临沂,二手房,滨河路
A7456669221,676857,昆仑花园,临沂,二手房,"沂蒙路,近南昌路"
A7444461995,973225,怡景园(平邑),临沂,二手房,银花路
A7413989632,945206,山水文园,临沂,二手房,荆山路
