序号,小区名称,小区ID,详情页URL,tags,状态
1,白鹭金岸,972839,https://liny.zu.anjuke.com/fangyuan/4595273466502144,3室2厅|整租|精装修|中层(共32层),已爬取
2,白鹭金岸,972839,https://liny.zu.anjuke.com/fangyuan/4515873241357319,3室2厅|整租|精装修|低层(共6层),已爬取
3,白鹭金岸,972839,https://liny.zu.anjuke.com/fangyuan/4619588421524489,4室2厅|整租|精装修|高层(共7层),已爬取
4,白鹭金岸,972839,https://liny.zu.anjuke.com/fangyuan/4549906260978698,3室2厅|整租|精装修|低层(共32层),已爬取
5,白鹭金岸,972839,https://liny.zu.anjuke.com/fangyuan/4544229419428871,3室2厅|整租|精装修|低层(共7层),已爬取
6,白鹭金岸,972839,https://liny.zu.anjuke.com/fangyuan/4610665939903491,3室2厅|整租|精装修|中层(共6层),已爬取
7,白鹭金岸,972839,https://liny.zu.anjuke.com/fangyuan/4615314494254082,3室2厅|整租|精装修|低层(共6层),已爬取
8,白鹭金岸,972839,https://liny.zu.anjuke.com/fangyuan/4539955300162566,3室2厅|整租|精装修|低层(共11层),已爬取
9,白鹭金岸,972839,https://liny.zu.anjuke.com/fangyuan/4571060230335501,4室2厅|整租|精装修|低层(共7层),已爬取
10,白鹭金岸,972839,https://liny.zu.anjuke.com/fangyuan/4575742276477956,4室3厅|整租|豪华装修|高层(共7层),已爬取
11,新东关,941535,https://liny.zu.anjuke.com/fangyuan/4623513724754948,4室1厅|合租|精装修|低层(共26层),已爬取
12,新东关,941535,https://liny.zu.anjuke.com/fangyuan/4545670017850378,3室1厅|合租|精装修|中层(共6层),已爬取
13,新东关,941535,https://liny.zu.anjuke.com/fangyuan/4589784145044486,3室1厅|合租|精装修|低层(共28层),已爬取
14,新东关,941535,https://liny.zu.anjuke.com/fangyuan/4491939490229254,3室1厅|合租|精装修|中层(共11层),已爬取
15,新东关,941535,https://liny.zu.anjuke.com/fangyuan/4619218982857743,4室2厅|合租|精装修|中层(共28层),已爬取
16,新东关,941535,https://liny.zu.anjuke.com/fangyuan/4606437551873027,4室1厅|合租|精装修|低层(共18层),已爬取
17,新东关,941535,https://liny.zu.anjuke.com/fangyuan/4547347716365319,3室2厅|合租|精装修|中层(共20层),已爬取
18,新东关,941535,https://liny.zu.anjuke.com/fangyuan/4530394184866823,3室1厅|合租|精装修|低层(共25层),已爬取
19,新东关,941535,https://liny.zu.anjuke.com/fangyuan/4351636646423565,3室2厅|合租|精装修|低层(共32层),已爬取
20,新东关,941535,https://liny.zu.anjuke.com/fangyuan/4520686806821899,3室1厅|合租|精装修|中层(共11层),已爬取
21,环球掌舵,923540,https://liny.zu.anjuke.com/fangyuan/4629536192670725,3室1厅|合租|精装修|中层(共16层),已爬取
22,环球掌舵,923540,https://liny.zu.anjuke.com/fangyuan/4602119719988238,1室1厅|合租|精装修|低层(共9层),已爬取
23,环球掌舵,923540,https://liny.zu.anjuke.com/fangyuan/4576726547782666,3室2厅|整租|精装修|中层(共32层),已爬取
24,环球掌舵,923540,https://liny.zu.anjuke.com/fangyuan/4500347507141639,3室2厅|整租|精装修|中层(共28层),已爬取
25,环球掌舵,923540,https://liny.zu.anjuke.com/fangyuan/4626726699639815,3室1厅|整租|精装修|高层(共23层),已爬取
26,环球掌舵,923540,https://liny.zu.anjuke.com/fangyuan/4611495171253258,3室2厅|整租|精装修|中层(共23层),已爬取
27,环球掌舵,923540,https://liny.zu.anjuke.com/fangyuan/4599427592428556,3室2厅|整租|精装修|低层(共18层),已爬取
28,环球掌舵,923540,https://liny.zu.anjuke.com/fangyuan/4572500663397384,3室2厅|整租|精装修|中层(共32层),已爬取
29,环球掌舵,923540,https://liny.zu.anjuke.com/fangyuan/4633334456556544,1室1厅|合租|精装修|低层(共26层),已爬取
30,环球掌舵,923540,https://liny.zu.anjuke.com/fangyuan/4596525704883211,1室1厅|合租|精装修|共5层,已爬取
31,汀香郡,792849,https://liny.zu.anjuke.com/fangyuan/4565743962336263,4室2厅|整租|精装修|中层(共32层),已爬取
32,汀香郡,792849,https://liny.zu.anjuke.com/fangyuan/4614248994872335,3室2厅|整租|精装修|高层(共32层),已爬取
33,汀香郡,792849,https://liny.zu.anjuke.com/fangyuan/4268521928187907,3室2厅|整租|精装修|中层(共32层),已爬取
34,汀香郡,792849,https://liny.zu.anjuke.com/fangyuan/4613682944924687,4室2厅|整租|精装修|高层(共32层),已爬取
35,汀香郡,792849,https://liny.zu.anjuke.com/fangyuan/4554119529896969,3室2厅|整租|精装修|高层(共32层),已爬取
36,汀香郡,792849,https://liny.zu.anjuke.com/fangyuan/4547511019791373,3室2厅|整租|精装修|中层(共32层),已爬取
37,汀香郡,792849,https://liny.zu.anjuke.com/fangyuan/4565760849976327,3室2厅|整租|精装修|中层(共32层),已爬取
38,汀香郡,792849,https://liny.zu.anjuke.com/fangyuan/4561604150651918,3室2厅|整租|精装修|中层(共17层),已爬取
39,汀香郡,792849,https://liny.zu.anjuke.com/fangyuan/4633544841358348,2室2厅|整租|简单装修|中层(共18层),已爬取
40,汀香郡,792849,https://liny.zu.anjuke.com/fangyuan/4557054323336196,4室2厅|整租|精装修|中层(共32层),已爬取
41,致远海上传奇,677015,https://liny.zu.anjuke.com/fangyuan/4608213138334720,4室2厅|整租|精装修|低层(共16层),已爬取
42,致远海上传奇,677015,https://liny.zu.anjuke.com/fangyuan/4633264448580623,1室1厅|合租|精装修|低层(共11层),已爬取
43,致远海上传奇,677015,https://liny.zu.anjuke.com/fangyuan/4633436790516740,2室2厅|整租|精装修|低层(共17层),已爬取
44,致远海上传奇,677015,https://liny.zu.anjuke.com/fangyuan/4603876598164483,3室2厅|整租|简单装修|中层(共7层),已爬取
45,致远海上传奇,677015,https://liny.zu.anjuke.com/fangyuan/4589874799434762,2室2厅|整租|精装修|高层(共11层),已爬取
46,致远海上传奇,677015,https://liny.zu.anjuke.com/fangyuan/4611208476515340,3室1厅|合租|精装修|中层(共16层),已爬取
47,致远海上传奇,677015,https://liny.zu.anjuke.com/fangyuan/4588349805865995,2室2厅|整租|精装修|低层(共16层),已爬取
48,致远海上传奇,677015,https://liny.zu.anjuke.com/fangyuan/4622028426585093,2室2厅|整租|简单装修|中层(共18层),已爬取
49,致远海上传奇,677015,https://liny.zu.anjuke.com/fangyuan/4592394882636813,2室2厅|整租|简单装修|中层(共17层),已爬取
50,致远海上传奇,677015,https://liny.zu.anjuke.com/fangyuan/4596545191472140,3室2厅|整租|精装修|共5层,已爬取
51,凤凰水城,792466,https://liny.zu.anjuke.com/fangyuan/4529279532049421,3室1厅|合租|精装修|中层(共9层),已爬取
52,凤凰水城,792466,https://liny.zu.anjuke.com/fangyuan/4609424217697287,3室2厅|合租|精装修|低层(共19层),已爬取
53,凤凰水城,792466,https://liny.zu.anjuke.com/fangyuan/4616337169210374,3室2厅|整租|简单装修|高层(共32层),已爬取
54,凤凰水城,792466,https://liny.zu.anjuke.com/fangyuan/4603626362477574,2室2厅|整租|简单装修|中层(共32层),已爬取
55,凤凰水城,792466,https://liny.zu.anjuke.com/fangyuan/4632302733368331,3室2厅|整租|精装修|高层(共32层),已爬取
56,凤凰水城,792466,https://liny.zu.anjuke.com/fangyuan/4398650279175170,2室2厅|整租|精装修|中层(共30层),已爬取
57,凤凰水城,792466,https://liny.zu.anjuke.com/fangyuan/4606468470529031,3室2厅|整租|精装修|低层(共27层),已爬取
58,凤凰水城,792466,https://liny.zu.anjuke.com/fangyuan/4608068972553231,3室2厅|整租|精装修|低层(共30层),已爬取
59,凤凰水城,792466,https://liny.zu.anjuke.com/fangyuan/4609753263039503,2室2厅|整租|精装修|中层(共11层),已爬取
60,凤凰水城,792466,https://liny.zu.anjuke.com/fangyuan/4599855861672973,1室1厅|合租|精装修|高层(共16层),已爬取
61,安泰金升华府,1010264,https://liny.zu.anjuke.com/fangyuan/4617737121147911,4室2厅|整租|精装修|低层(共25层),已爬取
62,安泰金升华府,1010264,https://liny.zu.anjuke.com/fangyuan/4614902592101383,4室2厅|整租|精装修|中层(共24层),已爬取
63,安泰金升华府,1010264,https://liny.zu.anjuke.com/fangyuan/4620634422780938,4室2厅|整租|精装修|低层(共25层),已爬取
64,安泰金升华府,1010264,https://liny.zu.anjuke.com/fangyuan/4359047963614208,3室2厅|整租|精装修|中层(共25层),已爬取
65,安泰金升华府,1010264,https://liny.zu.anjuke.com/fangyuan/4516372946215937,3室2厅|整租|精装修|中层(共6层),已爬取
66,安泰金升华府,1010264,https://liny.zu.anjuke.com/fangyuan/4576912758318092,3室2厅|整租|精装修|中层(共10层),已爬取
67,安泰金升华府,1010264,https://liny.zu.anjuke.com/fangyuan/4629045396022278,4室2厅|整租|精装修|中层(共25层),已爬取
68,安泰金升华府,1010264,https://liny.zu.anjuke.com/fangyuan/4618119198401549,3室2厅|整租|精装修|中层(共25层),已爬取
69,安泰金升华府,1010264,https://liny.zu.anjuke.com/fangyuan/4625248464788490,4室2厅|整租|精装修|中层(共25层),已爬取
70,安泰金升华府,1010264,https://liny.zu.anjuke.com/fangyuan/4613526978681867,3室2厅|整租|精装修|中层(共25层),已爬取
71,恒大翡翠华庭,940147,https://liny.zu.anjuke.com/fangyuan/4595087537939457,3室1厅|整租|精装修|高层(共33层),已爬取
72,恒大翡翠华庭,940147,https://liny.zu.anjuke.com/fangyuan/4493403275959296,3室2厅|整租|精装修|中层(共33层),已爬取
73,恒大翡翠华庭,940147,https://liny.zu.anjuke.com/fangyuan/4489246983644161,4室2厅|整租|精装修|高层(共33层),已爬取
74,恒大翡翠华庭,940147,https://liny.zu.anjuke.com/fangyuan/4617822731201544,3室2厅|整租|精装修|中层(共33层),已爬取
75,恒大翡翠华庭,940147,https://liny.zu.anjuke.com/fangyuan/4535683155123215,3室2厅|整租|简单装修|中层(共33层),已爬取
76,恒大翡翠华庭,940147,https://liny.zu.anjuke.com/fangyuan/4493327503027209,3室1厅|整租|精装修|高层(共32层),已爬取
77,恒大翡翠华庭,940147,https://liny.zu.anjuke.com/fangyuan/4613619113206795,3室2厅|整租|精装修|低层(共33层),已爬取
78,恒大翡翠华庭,940147,https://liny.zu.anjuke.com/fangyuan/4623429817953291,4室2厅|整租|精装修|低层(共33层),已爬取
79,恒大翡翠华庭,940147,https://liny.zu.anjuke.com/fangyuan/4588386139483147,4室2厅|整租|精装修|中层(共33层),已爬取
80,恒大翡翠华庭,940147,https://liny.zu.anjuke.com/fangyuan/4602380988605452,3室2厅|整租|精装修|低层(共33层),已爬取
81,永恒华府,713771,https://liny.zu.anjuke.com/fangyuan/4625266781821964,3室1厅|合租|精装修|中层(共16层),已爬取
82,永恒华府,713771,https://liny.zu.anjuke.com/fangyuan/4619250506488842,4室2厅|合租|精装修|中层(共26层),已爬取
83,永恒华府,713771,https://liny.zu.anjuke.com/fangyuan/4622184208854024,3室2厅|合租|豪华装修|低层(共32层),已爬取
84,永恒华府,713771,https://liny.zu.anjuke.com/fangyuan/4520722964833293,3室1厅|合租|精装修|中层(共30层),已爬取
85,永恒华府,713771,https://liny.zu.anjuke.com/fangyuan/4088366366203907,3室2厅|合租|精装修|低层(共32层),已爬取
86,永恒华府,713771,https://liny.zu.anjuke.com/fangyuan/4535797702482954,3室2厅|合租|精装修|低层(共30层),已爬取
87,永恒华府,713771,https://liny.zu.anjuke.com/fangyuan/4472865113285643,3室2厅|合租|精装修|中层(共27层),已爬取
88,永恒华府,713771,https://liny.zu.anjuke.com/fangyuan/4622042470935561,3室2厅|合租|精装修|中层(共25层),已爬取
89,永恒华府,713771,https://liny.zu.anjuke.com/fangyuan/4611340177925125,2室2厅|合租|豪华装修|低层(共32层),已爬取
90,永恒华府,713771,https://liny.zu.anjuke.com/fangyuan/4496061912673280,3室2厅|合租|简单装修|低层(共20层),已爬取
91,伊丽莎白东岸,677911,https://liny.zu.anjuke.com/fangyuan/4581016279393280,3室2厅|合租|精装修|低层(共28层),已爬取
92,伊丽莎白东岸,677911,https://liny.zu.anjuke.com/fangyuan/4493298277444611,3室2厅|合租|精装修|中层(共24层),已爬取
93,伊丽莎白东岸,677911,https://liny.zu.anjuke.com/fangyuan/4612551423239180,1室1厅|合租|精装修|中层(共16层),已爬取
94,伊丽莎白东岸,677911,https://liny.zu.anjuke.com/fangyuan/4629453020945411,3室2厅|整租|精装修|高层(共22层),已爬取
95,伊丽莎白东岸,677911,https://liny.zu.anjuke.com/fangyuan/4629486999350286,3室2厅|整租|精装修|高层(共22层),已爬取
96,伊丽莎白东岸,677911,https://liny.zu.anjuke.com/fangyuan/4603976647549958,1室1厅|整租|精装修|中层(共16层),已爬取
97,伊丽莎白东岸,677911,https://liny.zu.anjuke.com/fangyuan/4619815477287950,2室2厅|整租|精装修|高层(共22层),已爬取
98,伊丽莎白东岸,677911,https://liny.zu.anjuke.com/fangyuan/4610688794225675,1室1厅|合租|精装修|中层(共26层),已爬取
99,伊丽莎白东岸,677911,https://liny.zu.anjuke.com/fangyuan/4615061125962756,1室1厅|合租|精装修|中层(共22层),已爬取
100,伊丽莎白东岸,677911,https://liny.zu.anjuke.com/fangyuan/4632577340040192,2室1厅|整租|精装修|高层(共22层),已爬取
101,城市主人,676732,https://liny.zu.anjuke.com/fangyuan/4526481053559822,3室1厅|合租|精装修|低层(共16层),已爬取
102,城市主人,676732,https://liny.zu.anjuke.com/fangyuan/4574499792432139,2室1厅|整租|精装修|高层(共23层),已爬取
103,城市主人,676732,https://liny.zu.anjuke.com/fangyuan/4623720810343424,2室2厅|整租|精装修|中层(共30层),已爬取
104,城市主人,676732,https://liny.zu.anjuke.com/fangyuan/4603672067269635,3室2厅|整租|精装修|低层(共32层),已爬取
105,城市主人,676732,https://liny.zu.anjuke.com/fangyuan/4633370132847629,3室2厅|整租|精装修|低层(共33层),已爬取
106,城市主人,676732,https://liny.zu.anjuke.com/fangyuan/4612516407094277,2室1厅|整租|精装修|中层(共33层),已爬取
107,城市主人,676732,https://liny.zu.anjuke.com/fangyuan/4569660704662530,3室2厅|整租|精装修|中层(共24层),已爬取
108,城市主人,676732,https://liny.zu.anjuke.com/fangyuan/4619524182825986,2室2厅|整租|精装修|中层(共32层),已爬取
109,城市主人,676732,https://liny.zu.anjuke.com/fangyuan/4547029706861581,3室1厅|整租|精装修|低层(共32层),已爬取
110,城市主人,676732,https://liny.zu.anjuke.com/fangyuan/4594348811197447,2室2厅|整租|精装修|高层(共6层),已爬取
111,金阳花园,677210,https://liny.zu.anjuke.com/fangyuan/4630895460703244,1室1厅|整租|简单装修|高层(共14层),已爬取
112,金阳花园,677210,https://liny.zu.anjuke.com/fangyuan/4609344690678795,1室1厅|整租|简单装修|中层(共16层),已爬取
113,金阳花园,677210,https://liny.zu.anjuke.com/fangyuan/4625097043139597,1室1厅|整租|精装修|中层(共22层),已爬取
114,金阳花园,677210,https://liny.zu.anjuke.com/fangyuan/4631047791651852,1室1厅|整租|精装修|高层(共22层),已爬取
115,金阳花园,677210,https://liny.zu.anjuke.com/fangyuan/4603597084929026,3室2厅|合租|精装修|中层(共19层),已爬取
116,金阳花园,677210,https://liny.zu.anjuke.com/fangyuan/4631892214815756,2室2厅|整租|精装修|高层(共22层),已爬取
117,金阳花园,677210,https://liny.zu.anjuke.com/fangyuan/4632071466818570,2室2厅|整租|精装修|中层(共11层),已爬取
118,金阳花园,677210,https://liny.zu.anjuke.com/fangyuan/4513123738100747,1室1厅|整租|简单装修|中层(共22层),已爬取
119,金阳花园,677210,https://liny.zu.anjuke.com/fangyuan/4633228741125126,2室2厅|整租|精装修|中层(共24层),已爬取
120,金阳花园,677210,https://liny.zu.anjuke.com/fangyuan/4500653417098245,3室2厅|整租|精装修|高层(共24层),已爬取
121,环球香樟园,676910,https://liny.zu.anjuke.com/fangyuan/4602203505548291,3室2厅|合租|精装修|中层(共22层),已爬取
122,环球香樟园,676910,https://liny.zu.anjuke.com/fangyuan/4626284983770117,3室2厅|整租|精装修|中层(共24层),已爬取
123,环球香樟园,676910,https://liny.zu.anjuke.com/fangyuan/4561608142070791,3室2厅|合租|精装修|中层(共23层),已爬取
124,环球香樟园,676910,https://liny.zu.anjuke.com/fangyuan/4605353172853773,3室2厅|合租|精装修|中层(共14层),已爬取
125,环球香樟园,676910,https://liny.zu.anjuke.com/fangyuan/4571335458315275,1室1厅|整租|精装修|中层(共24层),已爬取
126,环球香樟园,676910,https://liny.zu.anjuke.com/fangyuan/4586924712320001,4室2厅|整租|精装修|低层(共11层),已爬取
127,环球香樟园,676910,https://liny.zu.anjuke.com/fangyuan/4534718120451072,3室2厅|整租|精装修|低层(共11层),已爬取
128,环球香樟园,676910,https://liny.zu.anjuke.com/fangyuan/4347777675963403,1室1厅|整租|精装修|低层(共25层),已爬取
129,环球香樟园,676910,https://liny.zu.anjuke.com/fangyuan/4622382504487949,3室1厅|整租|简单装修|高层(共20层),已爬取
130,环球香樟园,676910,https://liny.zu.anjuke.com/fangyuan/4620702375746560,1室1厅|整租|精装修|低层(共25层),已爬取
131,阜丰大成郡,766114,https://liny.zu.anjuke.com/fangyuan/4622157770251269,2室1厅|整租|精装修|高层(共28层),已爬取
132,阜丰大成郡,766114,https://liny.zu.anjuke.com/fangyuan/4592424667196419,4室2厅|整租|精装修|中层(共8层),已爬取
133,阜丰大成郡,766114,https://liny.zu.anjuke.com/fangyuan/4607816288394253,3室2厅|整租|精装修|低层(共8层),已爬取
134,阜丰大成郡,766114,https://liny.zu.anjuke.com/fangyuan/4464925535366144,2室2厅|整租|精装修|高层(共28层),已爬取
135,阜丰大成郡,766114,https://liny.zu.anjuke.com/fangyuan/4573935030131722,3室2厅|整租|精装修|高层(共32层),已爬取
136,阜丰大成郡,766114,https://liny.zu.anjuke.com/fangyuan/4507779609011200,2室2厅|整租|精装修|高层(共26层),已爬取
137,阜丰大成郡,766114,https://liny.zu.anjuke.com/fangyuan/4623685220850694,3室2厅|整租|简单装修|高层(共18层),已爬取
138,阜丰大成郡,766114,https://liny.zu.anjuke.com/fangyuan/4621034942852108,2室2厅|整租|精装修|高层(共28层),已爬取
139,阜丰大成郡,766114,https://liny.zu.anjuke.com/fangyuan/4569586306001922,2室2厅|整租|精装修|中层(共30层),已爬取
140,阜丰大成郡,766114,https://liny.zu.anjuke.com/fangyuan/4624957084621832,3室2厅|整租|精装修|高层(共28层),已爬取
141,银河湾,676964,https://liny.zu.anjuke.com/fangyuan/4578412469378057,3室1厅|合租|精装修|中层(共24层),已爬取
142,银河湾,676964,https://liny.zu.anjuke.com/fangyuan/4557529084406787,4室1厅|合租|精装修|中层(共15层),已爬取
143,银河湾,676964,https://liny.zu.anjuke.com/fangyuan/4632713020484609,3室2厅|合租|精装修|高层(共32层),已爬取
144,银河湾,676964,https://liny.zu.anjuke.com/fangyuan/4542749622836229,4室1厅|合租|精装修|中层(共19层),已爬取
145,银河湾,676964,https://liny.zu.anjuke.com/fangyuan/4542834721612801,4室1厅|合租|精装修|中层(共19层),已爬取
146,银河湾,676964,https://liny.zu.anjuke.com/fangyuan/4490371560217600,3室2厅|合租|精装修|中层(共20层),已爬取
147,银河湾,676964,https://liny.zu.anjuke.com/fangyuan/4557536194534415,4室1厅|合租|精装修|低层(共15层),已爬取
148,银河湾,676964,https://liny.zu.anjuke.com/fangyuan/4429505106666501,3室2厅|合租|精装修|中层(共30层),已爬取
149,银河湾,676964,https://liny.zu.anjuke.com/fangyuan/4542804713284609,4室1厅|合租|精装修|中层(共19层),已爬取
150,银河湾,676964,https://liny.zu.anjuke.com/fangyuan/3930134248596484,3室1厅|合租|精装修|中层(共31层),已爬取
151,御山河,677898,https://liny.zu.anjuke.com/fangyuan/4575885048128523,3室2厅|整租|精装修|低层(共7层),已爬取
152,御山河,677898,https://liny.zu.anjuke.com/fangyuan/4625266446050308,3室2厅|整租|精装修|低层(共6层),已爬取
153,御山河,677898,https://liny.zu.anjuke.com/fangyuan/4284238570774537,3室2厅|整租|精装修|低层(共6层),已爬取
154,御山河,677898,https://liny.zu.anjuke.com/fangyuan/4624906533346312,3室2厅|整租|精装修|低层(共6层),已爬取
155,御山河,677898,https://liny.zu.anjuke.com/fangyuan/4623857495694346,4室2厅|整租|精装修|低层(共6层),已爬取
156,御山河,677898,https://liny.zu.anjuke.com/fangyuan/4632079993924611,3室2厅|整租|精装修|高层(共8层),已爬取
157,御山河,677898,https://liny.zu.anjuke.com/fangyuan/4534583657131012,3室2厅|整租|精装修|低层(共6层),已爬取
158,御山河,677898,https://liny.zu.anjuke.com/fangyuan/4578527317974020,3室2厅|整租|简单装修|高层(共6层),已爬取
159,御山河,677898,https://liny.zu.anjuke.com/fangyuan/4626709521523725,3室2厅|整租|简单装修|中层(共6层),已爬取
160,御山河,677898,https://liny.zu.anjuke.com/fangyuan/4624883721856015,3室2厅|整租|精装修|低层(共7层),已爬取
161,鲁商金悦城,972699,https://liny.zu.anjuke.com/fangyuan/4624158857436164,1室1厅|整租|精装修|低层(共11层),已爬取
162,鲁商金悦城,972699,https://liny.zu.anjuke.com/fangyuan/4467967350168580,3室2厅|整租|精装修|低层(共33层),已爬取
163,鲁商金悦城,972699,https://liny.zu.anjuke.com/fangyuan/4616796908577797,1室1厅|整租|精装修|低层(共12层),已爬取
164,鲁商金悦城,972699,https://liny.zu.anjuke.com/fangyuan/4424179952509962,1室1厅|整租|精装修|低层(共12层),已爬取
165,鲁商金悦城,972699,https://liny.zu.anjuke.com/fangyuan/4617850127653900,2室2厅|整租|精装修|高层(共32层),已爬取
166,鲁商金悦城,972699,https://liny.zu.anjuke.com/fangyuan/4582708201219072,1室1厅|整租|精装修|高层(共12层),已爬取
167,鲁商金悦城,972699,https://liny.zu.anjuke.com/fangyuan/4588094063930369,3室2厅|整租|精装修|中层(共26层),已爬取
168,鲁商金悦城,972699,https://liny.zu.anjuke.com/fangyuan/4496340940282882,1室1厅|整租|精装修|低层(共12层),已爬取
169,鲁商金悦城,972699,https://liny.zu.anjuke.com/fangyuan/4633255975070734,3室2厅|整租|精装修|高层(共34层),已爬取
170,鲁商金悦城,972699,https://liny.zu.anjuke.com/fangyuan/4492177261812745,2室2厅|整租|精装修|中层(共12层),已爬取
171,奥正诚园,1160573,https://liny.zu.anjuke.com/fangyuan/4545920419585039,3室2厅|整租|精装修|低层(共7层),已爬取
172,奥正诚园,1160573,https://liny.zu.anjuke.com/fangyuan/4545950795033602,3室2厅|整租|精装修|低层(共6层),已爬取
173,奥正诚园,1160573,https://liny.zu.anjuke.com/fangyuan/4603981814098947,3室2厅|整租|精装修|低层(共7层),已爬取
174,奥正诚园,1160573,https://liny.zu.anjuke.com/fangyuan/4606401097769989,3室2厅|整租|精装修|低层(共6层),已爬取
175,世纪新筑,678222,https://liny.zu.anjuke.com/fangyuan/4578171442654209,3室1厅|合租|精装修|中层(共30层),已爬取
176,世纪新筑,678222,https://liny.zu.anjuke.com/fangyuan/4590924653667336,3室1厅|合租|精装修|高层(共25层),已爬取
177,世纪新筑,678222,https://liny.zu.anjuke.com/fangyuan/4590906121313288,3室1厅|合租|精装修|中层(共22层),已爬取
178,世纪新筑,678222,https://liny.zu.anjuke.com/fangyuan/4613869806935044,3室2厅|整租|精装修|中层(共7层),已爬取
179,世纪新筑,678222,https://liny.zu.anjuke.com/fangyuan/4537448201675777,3室2厅|整租|精装修|中层(共6层),已爬取
180,世纪新筑,678222,https://liny.zu.anjuke.com/fangyuan/4619608670102529,3室2厅|整租|精装修|中层(共6层),已爬取
181,世纪新筑,678222,https://liny.zu.anjuke.com/fangyuan/4483355422288907,3室2厅|整租|精装修|高层(共7层),已爬取
182,世纪新筑,678222,https://liny.zu.anjuke.com/fangyuan/4583884445641730,3室2厅|整租|精装修|中层(共6层),已爬取
183,世纪新筑,678222,https://liny.zu.anjuke.com/fangyuan/4565527562462212,3室2厅|整租|精装修|中层(共6层),已爬取
184,世纪新筑,678222,https://liny.zu.anjuke.com/fangyuan/4626263491175438,3室2厅|整租|精装修|低层(共30层),已爬取
185,齐鲁园,678257,https://liny.zu.anjuke.com/fangyuan/4273056693165062,3室1厅|合租|精装修|中层(共18层),已爬取
186,齐鲁园,678257,https://liny.zu.anjuke.com/fangyuan/4626306349423627,3室1厅|合租|精装修|高层(共22层),已爬取
187,齐鲁园,678257,https://liny.zu.anjuke.com/fangyuan/4555960878013453,4室1厅|合租|精装修|低层(共13层),已爬取
188,齐鲁园,678257,https://liny.zu.anjuke.com/fangyuan/4316278933646350,3室2厅|合租|精装修|低层(共20层),已爬取
189,齐鲁园,678257,https://liny.zu.anjuke.com/fangyuan/4599341332046854,3室2厅|合租|精装修|中层(共13层),已爬取
190,齐鲁园,678257,https://liny.zu.anjuke.com/fangyuan/4621977216314369,3室1厅|合租|精装修|中层(共19层),已爬取
191,齐鲁园,678257,https://liny.zu.anjuke.com/fangyuan/4428382842170370,3室2厅|合租|精装修|中层(共20层),已爬取
192,齐鲁园,678257,https://liny.zu.anjuke.com/fangyuan/4510584555383809,3室2厅|合租|精装修|低层(共18层),已爬取
193,齐鲁园,678257,https://liny.zu.anjuke.com/fangyuan/4557165319150598,4室1厅|合租|精装修|中层(共19层),已爬取
194,齐鲁园,678257,https://liny.zu.anjuke.com/fangyuan/4555955475573762,4室1厅|合租|精装修|中层(共13层),已爬取
195,涑河城邦,677108,https://liny.zu.anjuke.com/fangyuan/4625582226533384,3室1厅|合租|精装修|低层(共16层),已爬取
196,涑河城邦,677108,https://liny.zu.anjuke.com/fangyuan/4520755508667401,3室1厅|合租|精装修|低层(共20层),已爬取
197,涑河城邦,677108,https://liny.zu.anjuke.com/fangyuan/4623306160020486,4室1厅|合租|精装修|中层(共20层),已爬取
198,涑河城邦,677108,https://liny.zu.anjuke.com/fangyuan/4535741962218500,3室2厅|合租|精装修|低层(共6层),已爬取
199,涑河城邦,677108,https://liny.zu.anjuke.com/fangyuan/4630790046409728,3室2厅|合租|精装修|低层(共30层),已爬取
200,涑河城邦,677108,https://liny.zu.anjuke.com/fangyuan/4472817329482752,3室2厅|合租|精装修|中层(共26层),已爬取
201,涑河城邦,677108,https://liny.zu.anjuke.com/fangyuan/4230250131123207,3室1厅|合租|精装修|低层(共19层),已爬取
202,涑河城邦,677108,https://liny.zu.anjuke.com/fangyuan/4602851396459529,3室1厅|合租|精装修|低层(共16层),已爬取
203,涑河城邦,677108,https://liny.zu.anjuke.com/fangyuan/4486225369836547,3室2厅|合租|精装修|低层(共20层),已爬取
204,涑河城邦,677108,https://liny.zu.anjuke.com/fangyuan/4619486823998465,3室2厅|合租|精装修|中层(共15层),已爬取
205,舒格兰(二期),1193511,https://liny.zu.anjuke.com/fangyuan/4633380992150539,3室2厅|整租|精装修|高层(共33层),已爬取
206,舒格兰(二期),1193511,https://liny.zu.anjuke.com/fangyuan/4629522311472140,3室2厅|整租|精装修|高层(共33层),已爬取
207,舒格兰(二期),1193511,https://liny.zu.anjuke.com/fangyuan/4625401212738565,3室2厅|整租|精装修|中层(共33层),已爬取
208,舒格兰(二期),1193511,https://liny.zu.anjuke.com/fangyuan/4530431897836559,3室2厅|整租|精装修|低层(共18层),已爬取
209,舒格兰(二期),1193511,https://liny.zu.anjuke.com/fangyuan/4604397157346315,3室2厅|整租|精装修|高层(共18层),已爬取
210,舒格兰(二期),1193511,https://liny.zu.anjuke.com/fangyuan/4507892204002306,3室2厅|整租|精装修|高层(共18层),已爬取
211,舒格兰(二期),1193511,https://liny.zu.anjuke.com/fangyuan/4527347998858242,3室2厅|整租|精装修|高层(共33层),已爬取
212,舒格兰(二期),1193511,https://liny.zu.anjuke.com/fangyuan/4465248874191874,3室2厅|整租|精装修|中层(共7层),已爬取
213,舒格兰(二期),1193511,https://liny.zu.anjuke.com/fangyuan/4624936095816715,3室2厅|整租|精装修|高层(共33层),已爬取
214,舒格兰(二期),1193511,https://liny.zu.anjuke.com/fangyuan/4633757797671951,3室2厅|整租|精装修|高层(共31层),已爬取
215,沂龙湾御园,678233,https://liny.zu.anjuke.com/fangyuan/4296497632731148,4室1厅|合租|精装修|中层(共19层),已爬取
216,沂龙湾御园,678233,https://liny.zu.anjuke.com/fangyuan/4633336155040772,4室2厅|整租|精装修|高层(共6层),已爬取
217,沂龙湾御园,678233,https://liny.zu.anjuke.com/fangyuan/4499239338370059,2室2厅|整租|精装修|中层(共17层),已爬取
218,沂龙湾御园,678233,https://liny.zu.anjuke.com/fangyuan/4571598608002059,3室2厅|整租|精装修|中层(共17层),已爬取
219,沂龙湾御园,678233,https://liny.zu.anjuke.com/fangyuan/4122789354957830,3室2厅|整租|精装修|高层(共30层),已爬取
220,沂龙湾御园,678233,https://liny.zu.anjuke.com/fangyuan/4564362719421455,4室2厅|整租|豪华装修|高层(共6层),已爬取
221,沂龙湾御园,678233,https://liny.zu.anjuke.com/fangyuan/4605448861639686,2室2厅|整租|精装修|高层(共11层),已爬取
222,沂龙湾御园,678233,https://liny.zu.anjuke.com/fangyuan/4631993230697486,3室2厅|整租|精装修|中层(共18层),已爬取
223,沂龙湾御园,678233,https://liny.zu.anjuke.com/fangyuan/4599819127331843,3室2厅|整租|精装修|低层(共11层),已爬取
224,沂龙湾御园,678233,https://liny.zu.anjuke.com/fangyuan/4632143180489732,3室2厅|整租|精装修|高层(共6层),已爬取
225,金域华府,938887,https://liny.zu.anjuke.com/fangyuan/4547412948198405,4室2厅|整租|精装修|高层(共18层),已爬取
226,金域华府,938887,https://liny.zu.anjuke.com/fangyuan/4489222014954503,3室2厅|整租|简单装修|高层(共6层),已爬取
227,金域华府,938887,https://liny.zu.anjuke.com/fangyuan/4633387810855945,3室2厅|整租|精装修|中层(共18层),已爬取
228,金域华府,938887,https://liny.zu.anjuke.com/fangyuan/4566875428103181,4室2厅|整租|精装修|共1层,已爬取
229,金域华府,938887,https://liny.zu.anjuke.com/fangyuan/4597226463142913,4室2厅|整租|精装修|高层(共18层),已爬取
230,金域华府,938887,https://liny.zu.anjuke.com/fangyuan/4593995607301132,3室2厅|整租|精装修|中层(共18层),已爬取
231,金域华府,938887,https://liny.zu.anjuke.com/fangyuan/4633397202658310,4室2厅|整租|精装修|低层(共18层),已爬取
232,金水河畔,972666,https://liny.zu.anjuke.com/fangyuan/4586668595438600,3室2厅|整租|精装修|中层(共31层),已爬取
233,金水河畔,972666,https://liny.zu.anjuke.com/fangyuan/4586737327203328,3室2厅|整租|精装修|中层(共31层),已爬取
234,金水河畔,972666,https://liny.zu.anjuke.com/fangyuan/4599740426185728,3室2厅|整租|精装修|低层(共11层),已爬取
235,金水河畔,972666,https://liny.zu.anjuke.com/fangyuan/4585588256564224,4室2厅|整租|豪华装修|高层(共31层),已爬取
236,金水河畔,972666,https://liny.zu.anjuke.com/fangyuan/4606758419684360,4室2厅|整租|精装修|高层(共30层),已爬取
237,金水河畔,972666,https://liny.zu.anjuke.com/fangyuan/4464040608148485,3室2厅|整租|豪华装修|高层(共30层),已爬取
238,金水河畔,972666,https://liny.zu.anjuke.com/fangyuan/4619465096094731,3室2厅|整租|精装修|中层(共31层),已爬取
239,金水河畔,972666,https://liny.zu.anjuke.com/fangyuan/4630835880731650,3室2厅|整租|精装修|低层(共30层),已爬取
240,金水河畔,972666,https://liny.zu.anjuke.com/fangyuan/4589536069135360,3室2厅|整租|精装修|中层(共29层),已爬取
241,金水河畔,972666,https://liny.zu.anjuke.com/fangyuan/4582746607887374,3室2厅|整租|精装修|低层(共10层),已爬取
242,兴冠园,678280,https://liny.zu.anjuke.com/fangyuan/4585406689813511,3室2厅|整租|精装修|高层(共17层),已爬取
243,兴冠园,678280,https://liny.zu.anjuke.com/fangyuan/4605086063488000,4室2厅|整租|简单装修|中层(共11层),已爬取
244,兴冠园,678280,https://liny.zu.anjuke.com/fangyuan/4472244442063872,3室2厅|整租|精装修|高层(共11层),已爬取
245,兴冠园,678280,https://liny.zu.anjuke.com/fangyuan/4525785284275206,3室2厅|整租|精装修|高层(共11层),已爬取
246,兴冠园,678280,https://liny.zu.anjuke.com/fangyuan/4601061505623045,3室2厅|整租|精装修|高层(共17层),已爬取
247,兴冠园,678280,https://liny.zu.anjuke.com/fangyuan/4534564712684559,3室2厅|整租|精装修|高层(共11层),已爬取
248,翔宇三江领秀,994769,https://liny.zu.anjuke.com/fangyuan/4630783922658305,3室2厅|整租|精装修|低层(共7层),已爬取
249,翔宇三江领秀,994769,https://liny.zu.anjuke.com/fangyuan/4592301757357069,3室2厅|整租|精装修|低层(共17层),已爬取
250,翔宇三江领秀,994769,https://liny.zu.anjuke.com/fangyuan/4479432036541445,2室2厅|整租|精装修|中层(共30层),已爬取
251,翔宇三江领秀,994769,https://liny.zu.anjuke.com/fangyuan/4607921513094153,2室2厅|整租|简单装修|中层(共32层),已爬取
252,翔宇三江领秀,994769,https://liny.zu.anjuke.com/fangyuan/4615121130398728,3室2厅|整租|精装修|低层(共6层),已爬取
253,翔宇三江领秀,994769,https://liny.zu.anjuke.com/fangyuan/4585542583397376,3室1厅|整租|精装修|低层(共17层),已爬取
254,翔宇三江领秀,994769,https://liny.zu.anjuke.com/fangyuan/4229800529502208,3室2厅|整租|精装修|中层(共25层),已爬取
255,翔宇三江领秀,994769,https://liny.zu.anjuke.com/fangyuan/4540119659011073,3室2厅|整租|精装修|高层(共33层),已爬取
256,翔宇三江领秀,994769,https://liny.zu.anjuke.com/fangyuan/4605501173246990,2室1厅|整租|简单装修|高层(共10层),已爬取
257,翔宇三江领秀,994769,https://liny.zu.anjuke.com/fangyuan/4613739213120517,3室2厅|整租|精装修|低层(共17层),已爬取
258,万城花开(兰山),923072,https://liny.zu.anjuke.com/fangyuan/4633837921786890,3室1厅|合租|精装修|中层(共16层),已爬取
259,万城花开(兰山),923072,https://liny.zu.anjuke.com/fangyuan/4464916387472390,3室2厅|整租|精装修|高层(共28层),已爬取
260,万城花开(兰山),923072,https://liny.zu.anjuke.com/fangyuan/4633449903037444,3室2厅|整租|精装修|高层(共30层),已爬取
261,万城花开(兰山),923072,https://liny.zu.anjuke.com/fangyuan/4602385702444039,4室2厅|整租|精装修|高层(共30层),已爬取
262,万城花开(兰山),923072,https://liny.zu.anjuke.com/fangyuan/4618376093932550,3室2厅|合租|精装修|中层(共9层),已爬取
263,万城花开(兰山),923072,https://liny.zu.anjuke.com/fangyuan/4320774380101637,3室2厅|整租|精装修|低层(共31层),已爬取
264,万城花开(兰山),923072,https://liny.zu.anjuke.com/fangyuan/4624859498048522,3室2厅|整租|豪华装修|低层(共28层),已爬取
265,万城花开(兰山),923072,https://liny.zu.anjuke.com/fangyuan/4626369739414532,4室3厅|整租|精装修|高层(共7层),已爬取
266,万城花开(兰山),923072,https://liny.zu.anjuke.com/fangyuan/4627749270019079,4室2厅|整租|精装修|低层(共16层),已爬取
267,万城花开(兰山),923072,https://liny.zu.anjuke.com/fangyuan/4554043320572937,3室2厅|整租|精装修|低层(共26层),已爬取
268,滨河阳光(兰山),792467,https://liny.zu.anjuke.com/fangyuan/4517331604171790,3室2厅|合租|精装修|低层(共20层),已爬取
269,滨河阳光(兰山),792467,https://liny.zu.anjuke.com/fangyuan/4507365150123019,3室2厅|合租|精装修|低层(共20层),已爬取
270,滨河阳光(兰山),792467,https://liny.zu.anjuke.com/fangyuan/4632321005251584,3室2厅|整租|豪华装修|中层(共18层),已爬取
271,滨河阳光(兰山),792467,https://liny.zu.anjuke.com/fangyuan/4488949108546564,3室2厅|合租|精装修|低层(共24层),已爬取
272,滨河阳光(兰山),792467,https://liny.zu.anjuke.com/fangyuan/4469155263945738,3室2厅|合租|精装修|低层(共20层),已爬取
273,滨河阳光(兰山),792467,https://liny.zu.anjuke.com/fangyuan/4582918967714823,3室2厅|合租|精装修|中层(共30层),已爬取
274,滨河阳光(兰山),792467,https://liny.zu.anjuke.com/fangyuan/4583209406522376,3室1厅|合租|精装修|中层(共32层),已爬取
275,滨河阳光(兰山),792467,https://liny.zu.anjuke.com/fangyuan/4591299618122755,3室2厅|合租|精装修|低层(共20层),已爬取
276,滨河阳光(兰山),792467,https://liny.zu.anjuke.com/fangyuan/4633667374377999,3室2厅|合租|豪华装修|低层(共18层),已爬取
277,滨河阳光(兰山),792467,https://liny.zu.anjuke.com/fangyuan/4609678266854401,3室2厅|整租|精装修|低层(共31层),已爬取
278,恒大华府,792468,https://liny.zu.anjuke.com/fangyuan/4604400933610511,4室2厅|整租|精装修|高层(共33层),已爬取
279,恒大华府,792468,https://liny.zu.anjuke.com/fangyuan/4565468466652164,3室2厅|整租|精装修|高层(共32层),已爬取
280,恒大华府,792468,https://liny.zu.anjuke.com/fangyuan/4388510514734092,3室2厅|整租|精装修|高层(共32层),已爬取
281,恒大华府,792468,https://liny.zu.anjuke.com/fangyuan/4592687207195651,4室2厅|整租|豪华装修|中层(共26层),已爬取
282,恒大华府,792468,https://liny.zu.anjuke.com/fangyuan/4512013540666374,3室2厅|整租|精装修|中层(共25层),已爬取
283,恒大华府,792468,https://liny.zu.anjuke.com/fangyuan/4541958321499148,4室2厅|整租|精装修|高层(共25层),已爬取
284,恒大华府,792468,https://liny.zu.anjuke.com/fangyuan/4620921243704335,3室2厅|整租|豪华装修|中层(共29层),已爬取
285,恒大华府,792468,https://liny.zu.anjuke.com/fangyuan/4510940847352834,3室2厅|整租|精装修|低层(共32层),已爬取
286,恒大华府,792468,https://liny.zu.anjuke.com/fangyuan/4563993700490250,4室2厅|整租|精装修|中层(共29层),已爬取
287,恒大华府,792468,https://liny.zu.anjuke.com/fangyuan/4583910635447300,4室2厅|整租|精装修|高层(共32层),已爬取
288,掌舵东岸日月城{公寓住宅),1054214,https://liny.zu.anjuke.com/fangyuan/4578443101465606,3室2厅|整租|简单装修|中层(共9层),已爬取
289,掌舵东岸日月城{公寓住宅),1054214,https://liny.zu.anjuke.com/fangyuan/4586520208780290,2室1厅|整租|简单装修|高层(共11层),已爬取
290,掌舵东岸日月城{公寓住宅),1054214,https://liny.zu.anjuke.com/fangyuan/4565804110062593,3室2厅|整租|精装修|低层(共16层),已爬取
291,掌舵东岸日月城{公寓住宅),1054214,https://liny.zu.anjuke.com/fangyuan/4601061221899269,3室2厅|整租|简单装修|低层(共17层),已爬取
292,掌舵东岸日月城{公寓住宅),1054214,https://liny.zu.anjuke.com/fangyuan/4613555149202432,3室1厅|合租|精装修|中层(共16层),已爬取
293,掌舵东岸日月城{公寓住宅),1054214,https://liny.zu.anjuke.com/fangyuan/4516108258829327,3室2厅|整租|精装修|低层(共6层),已爬取
294,掌舵东岸日月城{公寓住宅),1054214,https://liny.zu.anjuke.com/fangyuan/4598251903769601,3室2厅|整租|精装修|中层(共8层),已爬取
295,掌舵东岸日月城{公寓住宅),1054214,https://liny.zu.anjuke.com/fangyuan/4606840260664335,3室2厅|整租|精装修|低层(共15层),已爬取
296,掌舵东岸日月城{公寓住宅),1054214,https://liny.zu.anjuke.com/fangyuan/4602631808773126,3室2厅|整租|精装修|中层(共7层),已爬取
297,掌舵东岸日月城{公寓住宅),1054214,https://liny.zu.anjuke.com/fangyuan/4597984944806926,3室2厅|整租|精装修|高层(共17层),已爬取
298,德馨园(河东),1226038,https://liny.zu.anjuke.com/fangyuan/4626695496866824,2室1厅|整租|精装修|低层(共16层),已爬取
299,德馨园(河东),1226038,https://liny.zu.anjuke.com/fangyuan/4624144702448645,3室2厅|整租|精装修|低层(共6层),已爬取
300,德馨园(河东),1226038,https://liny.zu.anjuke.com/fangyuan/4632374717817866,3室2厅|整租|精装修|高层(共15层),已爬取
301,德馨园(河东),1226038,https://liny.zu.anjuke.com/fangyuan/4588309583604742,2室2厅|整租|精装修|高层(共15层),已爬取
302,德馨园(河东),1226038,https://liny.zu.anjuke.com/fangyuan/4616697844685833,3室2厅|整租|精装修|低层(共7层),已爬取
303,德馨园(河东),1226038,https://liny.zu.anjuke.com/fangyuan/4517317259861007,3室2厅|整租|精装修|低层(共12层),已爬取
304,德馨园(河东),1226038,https://liny.zu.anjuke.com/fangyuan/4585364365126669,3室2厅|整租|精装修|中层(共9层),已爬取
305,德馨园(河东),1226038,https://liny.zu.anjuke.com/fangyuan/4619348909710340,3室2厅|整租|简单装修|高层(共15层),已爬取
306,德馨园(河东),1226038,https://liny.zu.anjuke.com/fangyuan/4619254576045056,3室2厅|整租|简单装修|低层(共15层),已爬取
307,德馨园(河东),1226038,https://liny.zu.anjuke.com/fangyuan/4602385480752134,3室2厅|整租|精装修|高层(共11层),已爬取
308,金泰华府(南区),1190487,https://liny.zu.anjuke.com/fangyuan/4599755749794823,3室2厅|合租|精装修|低层(共11层),已爬取
309,金泰华府(南区),1190487,https://liny.zu.anjuke.com/fangyuan/4483421127271439,3室2厅|合租|精装修|低层(共12层),已爬取
310,金泰华府(南区),1190487,https://liny.zu.anjuke.com/fangyuan/4385023067530245,3室2厅|合租|精装修|中层(共19层),已爬取
311,金泰华府(南区),1190487,https://liny.zu.anjuke.com/fangyuan/4474833920273416,3室2厅|合租|精装修|中层(共17层),已爬取
312,金泰华府(南区),1190487,https://liny.zu.anjuke.com/fangyuan/4626303428420620,3室2厅|整租|精装修|中层(共34层),已爬取
313,金泰华府(南区),1190487,https://liny.zu.anjuke.com/fangyuan/4565711218387982,4室2厅|整租|豪华装修|低层(共29层),已爬取
314,金泰华府(南区),1190487,https://liny.zu.anjuke.com/fangyuan/4615435648248832,3室2厅|整租|精装修|中层(共26层),已爬取
315,金泰华府(南区),1190487,https://liny.zu.anjuke.com/fangyuan/4615061205183496,3室2厅|整租|精装修|高层(共34层),已爬取
316,金泰华府(南区),1190487,https://liny.zu.anjuke.com/fangyuan/4520174248944640,3室2厅|整租|精装修|高层(共34层),已爬取
317,金泰华府(南区),1190487,https://liny.zu.anjuke.com/fangyuan/4619697129335816,3室2厅|整租|精装修|高层(共33层),已爬取
318,香榭丽舍,677030,https://liny.zu.anjuke.com/fangyuan/4625157558262788,3室2厅|合租|精装修|低层(共20层),已爬取
319,香榭丽舍,677030,https://liny.zu.anjuke.com/fangyuan/4633382107655170,3室2厅|整租|精装修|共5层,已爬取
320,香榭丽舍,677030,https://liny.zu.anjuke.com/fangyuan/4516169027558414,3室2厅|整租|简单装修|高层(共12层),已爬取
321,香榭丽舍,677030,https://liny.zu.anjuke.com/fangyuan/4219997902364682,4室2厅|整租|简单装修|低层(共6层),已爬取
322,香榭丽舍,677030,https://liny.zu.anjuke.com/fangyuan/4498915326092297,3室2厅|整租|精装修|高层(共12层),已爬取
323,香榭丽舍,677030,https://liny.zu.anjuke.com/fangyuan/4578468397720576,3室2厅|整租|精装修|中层(共11层),已爬取
324,香榭丽舍,677030,https://liny.zu.anjuke.com/fangyuan/4517569234361353,4室2厅|整租|精装修|共5层,已爬取
325,香榭丽舍,677030,https://liny.zu.anjuke.com/fangyuan/4633386022528008,3室2厅|整租|精装修|共5层,已爬取
326,香榭丽舍,677030,https://liny.zu.anjuke.com/fangyuan/4633401839559693,3室2厅|整租|精装修|共5层,已爬取
327,香榭丽舍,677030,https://liny.zu.anjuke.com/fangyuan/4633343726169090,3室2厅|整租|精装修|中层(共12层),已爬取
328,豪森华府,677902,https://liny.zu.anjuke.com/fangyuan/4595604041051145,1室1厅|整租|精装修|中层(共20层),已爬取
329,豪森华府,677902,https://liny.zu.anjuke.com/fangyuan/4632272708693004,3室2厅|整租|精装修|共5层,已爬取
330,豪森华府,677902,https://liny.zu.anjuke.com/fangyuan/4599328661545992,2室2厅|整租|精装修|高层(共21层),已爬取
331,豪森华府,677902,https://liny.zu.anjuke.com/fangyuan/4632330118192138,4室2厅|整租|精装修|共5层,已爬取
332,豪森华府,677902,https://liny.zu.anjuke.com/fangyuan/4633349040888847,1室1厅|整租|精装修|高层(共17层),已爬取
333,豪森华府,677902,https://liny.zu.anjuke.com/fangyuan/4521611842036744,3室2厅|整租|精装修|共5层,已爬取
334,豪森华府,677902,https://liny.zu.anjuke.com/fangyuan/4626248826870793,1室1厅|整租|简单装修|高层(共17层),已爬取
335,豪森华府,677902,https://liny.zu.anjuke.com/fangyuan/4597996693285896,1室1厅|整租|精装修|中层(共20层),已爬取
336,豪森华府,677902,https://liny.zu.anjuke.com/fangyuan/4609707143867393,1室1厅|整租|简单装修|中层(共17层),已爬取
337,豪森华府,677902,https://liny.zu.anjuke.com/fangyuan/4583901047071755,1室4厅|整租|精装修|高层(共17层),已爬取
338,金玉山世纪花园,676642,https://liny.zu.anjuke.com/fangyuan/4459863888210959,1室1厅|整租|精装修|中层(共30层),已爬取
339,金玉山世纪花园,676642,https://liny.zu.anjuke.com/fangyuan/4629879588430851,2室1厅|整租|精装修|低层(共36层),已爬取
340,金玉山世纪花园,676642,https://liny.zu.anjuke.com/fangyuan/3782913676353545,3室2厅|合租|精装修|中层(共26层),已爬取
341,金玉山世纪花园,676642,https://liny.zu.anjuke.com/fangyuan/4583820024931329,2室1厅|整租|精装修|低层(共36层),已爬取
342,金玉山世纪花园,676642,https://liny.zu.anjuke.com/fangyuan/4630622309540864,1室1厅|整租|精装修|高层(共14层),已爬取
343,金玉山世纪花园,676642,https://liny.zu.anjuke.com/fangyuan/4622099549742086,2室1厅|整租|精装修|高层(共35层),已爬取
344,金玉山世纪花园,676642,https://liny.zu.anjuke.com/fangyuan/4613708720120846,2室1厅|整租|精装修|低层(共32层),已爬取
345,金玉山世纪花园,676642,https://liny.zu.anjuke.com/fangyuan/4614929936868366,3室2厅|合租|豪华装修|中层(共15层),已爬取
346,金玉山世纪花园,676642,https://liny.zu.anjuke.com/fangyuan/4627010669587463,1室1厅|整租|精装修|高层(共29层),已爬取
347,金玉山世纪花园,676642,https://liny.zu.anjuke.com/fangyuan/4577149610994691,1室1厅|整租|精装修|高层(共16层),已爬取
348,银盛泰博观新城(一期),1001590,https://liny.zu.anjuke.com/fangyuan/4594162949921795,3室2厅|整租|精装修|中层(共17层),已爬取
349,银盛泰博观新城(一期),1001590,https://liny.zu.anjuke.com/fangyuan/4606578163149829,3室2厅|整租|精装修|高层(共17层),已爬取
350,银盛泰博观新城(一期),1001590,https://liny.zu.anjuke.com/fangyuan/4599829370940419,3室1厅|整租|精装修|低层(共34层),已爬取
351,银盛泰博观新城(一期),1001590,https://liny.zu.anjuke.com/fangyuan/4625298645328908,3室2厅|整租|精装修|高层(共17层),已爬取
352,银盛泰博观新城(一期),1001590,https://liny.zu.anjuke.com/fangyuan/4391753899140096,3室2厅|整租|精装修|低层(共17层),已爬取
353,银盛泰博观新城(一期),1001590,https://liny.zu.anjuke.com/fangyuan/4337743507233800,4室2厅|整租|豪华装修|低层(共17层),已爬取
354,银盛泰博观新城(一期),1001590,https://liny.zu.anjuke.com/fangyuan/4606428499405839,4室2厅|整租|精装修|中层(共9层),已爬取
355,银盛泰博观新城(一期),1001590,https://liny.zu.anjuke.com/fangyuan/4614977846877184,3室2厅|整租|简单装修|高层(共18层),已爬取
356,银盛泰博观新城(一期),1001590,https://liny.zu.anjuke.com/fangyuan/4589471739784204,3室2厅|整租|精装修|低层(共18层),已爬取
357,银盛泰博观新城(一期),1001590,https://liny.zu.anjuke.com/fangyuan/4244170278920203,3室2厅|整租|精装修|中层(共17层),已爬取
358,致远翡翠传奇,973224,https://liny.zu.anjuke.com/fangyuan/4480586298289152,3室2厅|整租|简单装修|低层(共17层),已爬取
359,致远翡翠传奇,973224,https://liny.zu.anjuke.com/fangyuan/4626450911112195,3室1厅|整租|简单装修|中层(共21层),已爬取
360,致远翡翠传奇,973224,https://liny.zu.anjuke.com/fangyuan/4595684517307401,1室1厅|整租|简单装修|低层(共18层),已爬取
361,致远翡翠传奇,973224,https://liny.zu.anjuke.com/fangyuan/4631910079831050,1室1厅|整租|精装修|低层(共21层),已爬取
362,致远翡翠传奇,973224,https://liny.zu.anjuke.com/fangyuan/4515944343755786,3室2厅|整租|精装修|中层(共15层),已爬取
363,致远翡翠传奇,973224,https://liny.zu.anjuke.com/fangyuan/4609755713168398,3室2厅|整租|精装修|中层(共6层),已爬取
364,致远翡翠传奇,973224,https://liny.zu.anjuke.com/fangyuan/4593911913995278,3室2厅|整租|精装修|低层(共21层),已爬取
365,致远翡翠传奇,973224,https://liny.zu.anjuke.com/fangyuan/4595602626698243,2室2厅|整租|简单装修|中层(共14层),已爬取
366,致远翡翠传奇,973224,https://liny.zu.anjuke.com/fangyuan/4614094136368137,1室1厅|整租|精装修|低层(共18层),已爬取
367,致远翡翠传奇,973224,https://liny.zu.anjuke.com/fangyuan/4557326611438597,1室1厅|整租|精装修|中层(共21层),已爬取
368,书香尚城,1061521,https://liny.zu.anjuke.com/fangyuan/4596568694629378,1室1厅|整租|精装修|中层(共9层),已爬取
369,书香尚城,1061521,https://liny.zu.anjuke.com/fangyuan/4622206967163914,3室2厅|整租|精装修|中层(共13层),已爬取
370,书香尚城,1061521,https://liny.zu.anjuke.com/fangyuan/4598182693972998,1室0厅|合租|精装修|低层(共20层),已爬取
371,书香尚城,1061521,https://liny.zu.anjuke.com/fangyuan/4622222116281356,3室2厅|整租|精装修|中层(共13层),已爬取
372,书香尚城,1061521,https://liny.zu.anjuke.com/fangyuan/4632394518010882,3室2厅|合租|精装修|中层(共9层),已爬取
373,书香尚城,1061521,https://liny.zu.anjuke.com/fangyuan/4563965769311240,3室2厅|合租|精装修|低层(共24层),已爬取
374,书香尚城,1061521,https://liny.zu.anjuke.com/fangyuan/4616756042853389,3室1厅|合租|精装修|高层(共6层),已爬取
375,书香尚城,1061521,https://liny.zu.anjuke.com/fangyuan/4616653585636364,1室0厅|合租|精装修|低层(共20层),已爬取
376,书香尚城,1061521,https://liny.zu.anjuke.com/fangyuan/4622182996272131,3室2厅|整租|精装修|中层(共13层),已爬取
377,书香尚城,1061521,https://liny.zu.anjuke.com/fangyuan/4568234336689153,1室1厅|合租|精装修|低层(共15层),已爬取
378,开元香舍里,678205,https://liny.zu.anjuke.com/fangyuan/4603925607226380,3室2厅|整租|精装修|高层(共11层),已爬取
379,开元香舍里,678205,https://liny.zu.anjuke.com/fangyuan/4617074451082252,3室2厅|整租|精装修|共5层,已爬取
380,开元香舍里,678205,https://liny.zu.anjuke.com/fangyuan/4601314423188485,3室2厅|整租|精装修|中层(共6层),已爬取
381,开元香舍里,678205,https://liny.zu.anjuke.com/fangyuan/4612243714862086,3室2厅|整租|简单装修|中层(共6层),已爬取
382,开元香舍里,678205,https://liny.zu.anjuke.com/fangyuan/4467876824247299,3室2厅|合租|精装修|中层(共6层),已爬取
383,开元香舍里,678205,https://liny.zu.anjuke.com/fangyuan/4593773056912393,2室2厅|整租|简单装修|高层(共11层),已爬取
384,开元香舍里,678205,https://liny.zu.anjuke.com/fangyuan/4589982876953615,3室2厅|整租|精装修|高层(共11层),已爬取
385,开元香舍里,678205,https://liny.zu.anjuke.com/fangyuan/4576814124557325,2室2厅|整租|精装修|高层(共11层),已爬取
386,开元香舍里,678205,https://liny.zu.anjuke.com/fangyuan/4617831215750159,3室2厅|整租|精装修|高层(共11层),已爬取
387,开元香舍里,678205,https://liny.zu.anjuke.com/fangyuan/4603631752195087,3室2厅|整租|精装修|中层(共11层),已爬取
388,浮来春公馆,783035,https://liny.zu.anjuke.com/fangyuan/4603661711957002,3室2厅|合租|精装修|中层(共6层),已爬取
389,浮来春公馆,783035,https://liny.zu.anjuke.com/fangyuan/4397118049643522,3室2厅|合租|精装修|中层(共6层),已爬取
390,浮来春公馆,783035,https://liny.zu.anjuke.com/fangyuan/4620689194378255,3室1厅|整租|精装修|中层(共29层),已爬取
391,浮来春公馆,783035,https://liny.zu.anjuke.com/fangyuan/4614264207268868,3室2厅|整租|精装修|高层(共26层),已爬取
392,浮来春公馆,783035,https://liny.zu.anjuke.com/fangyuan/4610423618923528,3室2厅|整租|精装修|高层(共28层),已爬取
393,浮来春公馆,783035,https://liny.zu.anjuke.com/fangyuan/4623433418941448,3室2厅|整租|精装修|低层(共28层),已爬取
394,浮来春公馆,783035,https://liny.zu.anjuke.com/fangyuan/4464299368737802,3室2厅|整租|精装修|中层(共27层),已爬取
395,浮来春公馆,783035,https://liny.zu.anjuke.com/fangyuan/4538759791139850,3室2厅|整租|简单装修|高层(共28层),已爬取
396,浮来春公馆,783035,https://liny.zu.anjuke.com/fangyuan/4623435605795846,2室2厅|整租|精装修|高层(共28层),已爬取
397,浮来春公馆,783035,https://liny.zu.anjuke.com/fangyuan/4576752084163596,2室2厅|整租|精装修|高层(共28层),已爬取
398,联泰中心城,972738,https://liny.zu.anjuke.com/fangyuan/4618057642089480,3室2厅|整租|精装修|高层(共20层),已爬取
399,联泰中心城,972738,https://liny.zu.anjuke.com/fangyuan/4625371292216320,3室2厅|整租|精装修|中层(共26层),已爬取
400,联泰中心城,972738,https://liny.zu.anjuke.com/fangyuan/4602853165128716,3室2厅|整租|简单装修|中层(共23层),已爬取
401,联泰中心城,972738,https://liny.zu.anjuke.com/fangyuan/4623812580682752,3室2厅|整租|简单装修|高层(共27层),已爬取
402,联泰中心城,972738,https://liny.zu.anjuke.com/fangyuan/4621323899853825,3室2厅|整租|精装修|高层(共26层),已爬取
403,联泰中心城,972738,https://liny.zu.anjuke.com/fangyuan/4623807212989455,3室2厅|整租|简单装修|高层(共27层),已爬取
404,联泰中心城,972738,https://liny.zu.anjuke.com/fangyuan/4616720984138766,3室2厅|整租|精装修|低层(共18层),已爬取
405,联泰中心城,972738,https://liny.zu.anjuke.com/fangyuan/4613497080079364,3室2厅|整租|精装修|中层(共7层),已爬取
406,联泰中心城,972738,https://liny.zu.anjuke.com/fangyuan/4619418581212160,3室2厅|整租|精装修|高层(共23层),已爬取
407,联泰中心城,972738,https://liny.zu.anjuke.com/fangyuan/4568664167029771,3室2厅|整租|精装修|低层(共26层),已爬取
408,滨河国际,677009,https://liny.zu.anjuke.com/fangyuan/4626178075321353,1室1厅|合租|精装修|低层(共22层),已爬取
409,滨河国际,677009,https://liny.zu.anjuke.com/fangyuan/4556214720275457,3室2厅|整租|精装修|低层(共27层),已爬取
410,滨河国际,677009,https://liny.zu.anjuke.com/fangyuan/4572523111521283,1室1厅|合租|精装修|低层(共15层),已爬取
411,滨河国际,677009,https://liny.zu.anjuke.com/fangyuan/3903384436780035,3室2厅|整租|精装修|中层(共17层),已爬取
412,滨河国际,677009,https://liny.zu.anjuke.com/fangyuan/4595586975032326,1室1厅|合租|精装修|低层(共16层),已爬取
413,滨河国际,677009,https://liny.zu.anjuke.com/fangyuan/4537589879858184,1室1厅|合租|精装修|低层(共20层),已爬取
414,滨河国际,677009,https://liny.zu.anjuke.com/fangyuan/4596641784945679,1室0厅|合租|精装修|低层(共20层),已爬取
415,滨河国际,677009,https://liny.zu.anjuke.com/fangyuan/4578707054058509,3室2厅|整租|精装修|低层(共28层),已爬取
416,滨河国际,677009,https://liny.zu.anjuke.com/fangyuan/4616974212783104,3室2厅|合租|精装修|低层(共28层),已爬取
417,滨河国际,677009,https://liny.zu.anjuke.com/fangyuan/4603502114286594,1室1厅|合租|精装修|中层(共11层),已爬取
418,锦绣蓝山,676697,https://liny.zu.anjuke.com/fangyuan/4364425394217995,1室1厅|合租|精装修|中层(共11层),已爬取
419,锦绣蓝山,676697,https://liny.zu.anjuke.com/fangyuan/4474877488096262,1室1厅|合租|精装修|共4层,已爬取
420,锦绣蓝山,676697,https://liny.zu.anjuke.com/fangyuan/4604448291838991,3室2厅|合租|豪华装修|高层(共21层),已爬取
421,锦绣蓝山,676697,https://liny.zu.anjuke.com/fangyuan/4269519269440516,3室2厅|合租|精装修|中层(共11层),已爬取
422,锦绣蓝山,676697,https://liny.zu.anjuke.com/fangyuan/4625136149521414,3室2厅|合租|精装修|低层(共17层),已爬取
423,锦绣蓝山,676697,https://liny.zu.anjuke.com/fangyuan/4622031588961283,1室1厅|整租|精装修|中层(共18层),已爬取
424,锦绣蓝山,676697,https://liny.zu.anjuke.com/fangyuan/4589694979922958,1室1厅|整租|精装修|高层(共18层),已爬取
425,锦绣蓝山,676697,https://liny.zu.anjuke.com/fangyuan/4625249144757253,1室1厅|整租|精装修|中层(共18层),已爬取
426,锦绣蓝山,676697,https://liny.zu.anjuke.com/fangyuan/4384329058118665,2室2厅|整租|精装修|高层(共11层),已爬取
427,锦绣蓝山,676697,https://liny.zu.anjuke.com/fangyuan/4568267741993989,1室1厅|整租|精装修|中层(共18层),已爬取
428,杏坛中心城,676858,https://liny.zu.anjuke.com/fangyuan/4306646732562432,3室2厅|合租|精装修|低层(共20层),已爬取
429,杏坛中心城,676858,https://liny.zu.anjuke.com/fangyuan/4575251523398669,1室1厅|合租|精装修|高层(共22层),已爬取
430,杏坛中心城,676858,https://liny.zu.anjuke.com/fangyuan/4578402432003074,3室1厅|合租|精装修|高层(共30层),已爬取
431,杏坛中心城,676858,https://liny.zu.anjuke.com/fangyuan/4626311440294919,3室1厅|合租|精装修|中层(共20层),已爬取
432,杏坛中心城,676858,https://liny.zu.anjuke.com/fangyuan/4575788928459785,3室1厅|合租|精装修|高层(共30层),已爬取
433,杏坛中心城,676858,https://liny.zu.anjuke.com/fangyuan/4089701509880835,4室1厅|合租|精装修|低层(共21层),已爬取
434,杏坛中心城,676858,https://liny.zu.anjuke.com/fangyuan/4557279722480642,4室1厅|合租|精装修|中层(共13层),已爬取
435,杏坛中心城,676858,https://liny.zu.anjuke.com/fangyuan/4612073762415627,3室2厅|合租|精装修|低层(共18层),已爬取
436,杏坛中心城,676858,https://liny.zu.anjuke.com/fangyuan/4557195241217036,4室1厅|合租|精装修|高层(共13层),已爬取
437,杏坛中心城,676858,https://liny.zu.anjuke.com/fangyuan/4557266849459214,4室1厅|合租|精装修|中层(共19层),已爬取
438,舒格兰(一期),864374,https://liny.zu.anjuke.com/fangyuan/4608140720053248,3室2厅|整租|精装修|中层(共32层),已爬取
439,舒格兰(一期),864374,https://liny.zu.anjuke.com/fangyuan/4485061169093635,2室2厅|整租|精装修|中层(共26层),已爬取
440,舒格兰(一期),864374,https://liny.zu.anjuke.com/fangyuan/4564657653326854,3室2厅|整租|精装修|中层(共28层),已爬取
441,舒格兰(一期),864374,https://liny.zu.anjuke.com/fangyuan/4633494790827013,4室2厅|整租|精装修|低层(共6层),已爬取
442,舒格兰(一期),864374,https://liny.zu.anjuke.com/fangyuan/4633734981020684,3室2厅|整租|精装修|中层(共28层),已爬取
443,舒格兰(一期),864374,https://liny.zu.anjuke.com/fangyuan/4511732416769034,3室2厅|整租|精装修|中层(共23层),已爬取
444,舒格兰(一期),864374,https://liny.zu.anjuke.com/fangyuan/4602642830990349,2室2厅|整租|精装修|中层(共26层),已爬取
445,舒格兰(一期),864374,https://liny.zu.anjuke.com/fangyuan/4606533780120587,2室2厅|整租|精装修|中层(共28层),已爬取
446,恒大绿洲,864365,https://liny.zu.anjuke.com/fangyuan/4632230654503950,3室2厅|整租|豪华装修|低层(共27层),已爬取
447,恒大绿洲,864365,https://liny.zu.anjuke.com/fangyuan/4632243993601029,3室2厅|整租|精装修|高层(共28层),已爬取
448,恒大绿洲,864365,https://liny.zu.anjuke.com/fangyuan/4632259710147585,3室2厅|整租|精装修|高层(共27层),已爬取
449,恒大绿洲,864365,https://liny.zu.anjuke.com/fangyuan/4632009394873347,3室2厅|整租|精装修|中层(共27层),已爬取
450,恒大绿洲,864365,https://liny.zu.anjuke.com/fangyuan/4633447633546249,3室2厅|整租|精装修|中层(共27层),已爬取
451,恒大绿洲,864365,https://liny.zu.anjuke.com/fangyuan/4633460980390924,3室2厅|整租|精装修|低层(共27层),已爬取
452,恒大绿洲,864365,https://liny.zu.anjuke.com/fangyuan/4574231290895371,2室2厅|整租|精装修|中层(共28层),已爬取
453,恒大绿洲,864365,https://liny.zu.anjuke.com/fangyuan/4579616225123332,2室2厅|整租|精装修|中层(共27层),已爬取
454,恒大绿洲,864365,https://liny.zu.anjuke.com/fangyuan/4514757176730635,3室2厅|整租|精装修|中层(共27层),已爬取
455,恒大绿洲,864365,https://liny.zu.anjuke.com/fangyuan/4581426604975110,3室2厅|整租|精装修|高层(共27层),已爬取
456,宝丽未来城,1008631,https://liny.zu.anjuke.com/fangyuan/4534767048453126,1室1厅|整租|精装修|中层(共30层),已爬取
457,宝丽未来城,1008631,https://liny.zu.anjuke.com/fangyuan/4534803027682312,3室2厅|整租|精装修|中层(共30层),已爬取
458,宝丽未来城,1008631,https://liny.zu.anjuke.com/fangyuan/4594229109660673,3室2厅|整租|精装修|低层(共25层),已爬取
459,宝丽未来城,1008631,https://liny.zu.anjuke.com/fangyuan/4632421639347203,3室2厅|整租|精装修|高层(共24层),已爬取
460,宝丽未来城,1008631,https://liny.zu.anjuke.com/fangyuan/4546945100145664,2室2厅|整租|简单装修|中层(共27层),已爬取
461,宝丽未来城,1008631,https://liny.zu.anjuke.com/fangyuan/4409937078037509,1室2厅|整租|精装修|低层(共27层),已爬取
462,宝丽未来城,1008631,https://liny.zu.anjuke.com/fangyuan/4262959096077321,1室2厅|整租|精装修|高层(共25层),已爬取
463,宝丽未来城,1008631,https://liny.zu.anjuke.com/fangyuan/4534689196108802,3室2厅|整租|精装修|中层(共30层),已爬取
464,宝丽未来城,1008631,https://liny.zu.anjuke.com/fangyuan/4620707890490371,3室2厅|整租|简单装修|中层(共24层),已爬取
465,宝丽未来城,1008631,https://liny.zu.anjuke.com/fangyuan/4555507873127425,3室2厅|整租|精装修|低层(共27层),已爬取
466,阜丰康桥郡,871671,https://liny.zu.anjuke.com/fangyuan/4585077083874310,3室2厅|整租|精装修|中层(共17层),已爬取
467,阜丰康桥郡,871671,https://liny.zu.anjuke.com/fangyuan/4558539215004673,3室2厅|整租|精装修|高层(共7层),已爬取
468,阜丰康桥郡,871671,https://liny.zu.anjuke.com/fangyuan/4615390313901060,4室2厅|整租|精装修|高层(共6层),已爬取
469,阜丰康桥郡,871671,https://liny.zu.anjuke.com/fangyuan/4629387891614732,3室2厅|整租|精装修|低层(共11层),已爬取
470,阜丰康桥郡,871671,https://liny.zu.anjuke.com/fangyuan/4554167164724224,3室2厅|整租|简单装修|高层(共11层),已爬取
471,阜丰康桥郡,871671,https://liny.zu.anjuke.com/fangyuan/4583881783569410,3室2厅|整租|精装修|中层(共17层),已爬取
472,阜丰康桥郡,871671,https://liny.zu.anjuke.com/fangyuan/4619505281670145,3室2厅|整租|精装修|低层(共11层),已爬取
473,阜丰康桥郡,871671,https://liny.zu.anjuke.com/fangyuan/4584122364419077,3室2厅|整租|精装修|中层(共17层),已爬取
474,阜丰康桥郡,871671,https://liny.zu.anjuke.com/fangyuan/4586624457104394,3室2厅|整租|豪华装修|中层(共17层),已爬取
475,阜丰康桥郡,871671,https://liny.zu.anjuke.com/fangyuan/4605264803408909,3室2厅|整租|精装修|中层(共11层),已爬取
476,中元御桂园,909610,https://liny.zu.anjuke.com/fangyuan/4630980274269196,3室1厅|整租|简单装修|低层(共30层),已爬取
477,中元御桂园,909610,https://liny.zu.anjuke.com/fangyuan/4616739728088070,3室2厅|整租|精装修|高层(共31层),已爬取
478,中元御桂园,909610,https://liny.zu.anjuke.com/fangyuan/4624981097094156,3室2厅|整租|精装修|高层(共31层),已爬取
479,中元御桂园,909610,https://liny.zu.anjuke.com/fangyuan/4515105680436237,3室2厅|整租|豪华装修|中层(共28层),已爬取
480,中元御桂园,909610,https://liny.zu.anjuke.com/fangyuan/4599835363206148,3室2厅|整租|精装修|高层(共31层),已爬取
481,中元御桂园,909610,https://liny.zu.anjuke.com/fangyuan/4623728645172231,2室2厅|整租|精装修|高层(共16层),已爬取
482,中元御桂园,909610,https://liny.zu.anjuke.com/fangyuan/4618181763066895,2室2厅|整租|精装修|低层(共18层),已爬取
483,中元御桂园,909610,https://liny.zu.anjuke.com/fangyuan/4607884816690180,3室2厅|整租|简单装修|高层(共24层),已爬取
484,中元御桂园,909610,https://liny.zu.anjuke.com/fangyuan/4630837256694792,3室2厅|整租|精装修|高层(共30层),已爬取
485,中元御桂园,909610,https://liny.zu.anjuke.com/fangyuan/4628148619697162,3室2厅|整租|精装修|低层(共19层),已爬取
486,沂龙湾曦园,973220,https://liny.zu.anjuke.com/fangyuan/4573928143068165,3室2厅|合租|精装修|中层(共12层),已爬取
487,沂龙湾曦园,973220,https://liny.zu.anjuke.com/fangyuan/4484002774932482,3室2厅|合租|精装修|中层(共6层),已爬取
488,沂龙湾曦园,973220,https://liny.zu.anjuke.com/fangyuan/4574562065849349,3室1厅|合租|精装修|中层(共14层),已爬取
489,沂龙湾曦园,973220,https://liny.zu.anjuke.com/fangyuan/4591422243400715,3室2厅|合租|精装修|低层(共12层),已爬取
490,沂龙湾曦园,973220,https://liny.zu.anjuke.com/fangyuan/4469171140930563,3室2厅|合租|精装修|低层(共22层),已爬取
491,沂龙湾曦园,973220,https://liny.zu.anjuke.com/fangyuan/4543499323581444,3室2厅|合租|精装修|中层(共12层),已爬取
492,沂龙湾曦园,973220,https://liny.zu.anjuke.com/fangyuan/4606521475525636,3室2厅|合租|精装修|低层(共14层),已爬取
493,沂龙湾曦园,973220,https://liny.zu.anjuke.com/fangyuan/4619587071992840,3室2厅|合租|精装修|低层(共32层),已爬取
494,沂龙湾曦园,973220,https://liny.zu.anjuke.com/fangyuan/4572665369893902,3室2厅|整租|精装修|高层(共9层),已爬取
495,沂龙湾曦园,973220,https://liny.zu.anjuke.com/fangyuan/4588391377970178,3室2厅|整租|精装修|高层(共6层),已爬取
496,淮海御景湾,677158,https://liny.zu.anjuke.com/fangyuan/4632017835826183,3室2厅|合租|精装修|中层(共11层),已爬取
497,淮海御景湾,677158,https://liny.zu.anjuke.com/fangyuan/4633221302938635,1室1厅|合租|精装修|高层(共15层),已爬取
498,淮海御景湾,677158,https://liny.zu.anjuke.com/fangyuan/4431003726554121,3室2厅|整租|精装修|中层(共33层),已爬取
499,淮海御景湾,677158,https://liny.zu.anjuke.com/fangyuan/4564367519460355,4室2厅|整租|精装修|中层(共11层),已爬取
500,淮海御景湾,677158,https://liny.zu.anjuke.com/fangyuan/4627792616479748,1室0厅|合租|精装修|中层(共20层),已爬取
501,淮海御景湾,677158,https://liny.zu.anjuke.com/fangyuan/4490448935099407,1室0厅|合租|精装修|高层(共15层),已爬取
502,淮海御景湾,677158,https://liny.zu.anjuke.com/fangyuan/4592650484327433,3室2厅|整租|精装修|低层(共25层),已爬取
503,淮海御景湾,677158,https://liny.zu.anjuke.com/fangyuan/4606526584429578,1室1厅|合租|精装修|高层(共16层),已爬取
504,淮海御景湾,677158,https://liny.zu.anjuke.com/fangyuan/4547313718811651,3室2厅|整租|精装修|中层(共6层),已爬取
505,淮海御景湾,677158,https://liny.zu.anjuke.com/fangyuan/4535991468579854,3室2厅|整租|精装修|低层(共18层),已爬取
506,依云小镇,972776,https://liny.zu.anjuke.com/fangyuan/4596530439609351,1室1厅|整租|精装修|中层(共17层),已爬取
507,金信融城,972986,https://liny.zu.anjuke.com/fangyuan/4271661613788175,3室1厅|合租|精装修|低层(共17层),已爬取
508,金信融城,972986,https://liny.zu.anjuke.com/fangyuan/4486149092875278,3室2厅|合租|精装修|中层(共24层),已爬取
509,金信融城,972986,https://liny.zu.anjuke.com/fangyuan/4469767500344328,3室2厅|合租|精装修|中层(共22层),已爬取
510,金信融城,972986,https://liny.zu.anjuke.com/fangyuan/4613584146738177,3室2厅|合租|精装修|中层(共20层),已爬取
511,金信融城,972986,https://liny.zu.anjuke.com/fangyuan/4489431803751428,3室2厅|合租|精装修|中层(共20层),已爬取
512,金信融城,972986,https://liny.zu.anjuke.com/fangyuan/4624832164682764,3室2厅|合租|精装修|中层(共12层),已爬取
513,金信融城,972986,https://liny.zu.anjuke.com/fangyuan/4623452495946756,2室2厅|整租|精装修|低层(共18层),已爬取
514,金信融城,972986,https://liny.zu.anjuke.com/fangyuan/4527417502245898,3室2厅|整租|精装修|中层(共24层),已爬取
515,金信融城,972986,https://liny.zu.anjuke.com/fangyuan/4469748918807554,3室2厅|合租|精装修|高层(共32层),已爬取
516,金信融城,972986,https://liny.zu.anjuke.com/fangyuan/4617813273275395,2室2厅|整租|简单装修|低层(共24层),已爬取
517,泉府公馆,676848,https://liny.zu.anjuke.com/fangyuan/4618103341624330,3室2厅|合租|精装修|低层(共24层),已爬取
518,泉府公馆,676848,https://liny.zu.anjuke.com/fangyuan/4384275732833282,3室2厅|合租|精装修|中层(共13层),已爬取
519,泉府公馆,676848,https://liny.zu.anjuke.com/fangyuan/4619593213832207,3室2厅|合租|精装修|低层(共16层),已爬取
520,泉府公馆,676848,https://liny.zu.anjuke.com/fangyuan/4576734220708868,3室2厅|合租|精装修|中层(共20层),已爬取
521,泉府公馆,676848,https://liny.zu.anjuke.com/fangyuan/4468473195406348,3室2厅|合租|精装修|中层(共24层),已爬取
522,泉府公馆,676848,https://liny.zu.anjuke.com/fangyuan/4623774890058763,2室2厅|整租|精装修|高层(共32层),已爬取
523,泉府公馆,676848,https://liny.zu.anjuke.com/fangyuan/4596627346447367,2室1厅|整租|精装修|低层(共33层),已爬取
524,泉府公馆,676848,https://liny.zu.anjuke.com/fangyuan/4609282079677443,3室2厅|整租|精装修|中层(共24层),已爬取
525,泉府公馆,676848,https://liny.zu.anjuke.com/fangyuan/4627756655094795,1室0厅|合租|精装修|高层(共20层),已爬取
526,泉府公馆,676848,https://liny.zu.anjuke.com/fangyuan/4625183647570959,2室2厅|整租|精装修|低层(共20层),已爬取
527,富民小区(兰山),676890,https://liny.zu.anjuke.com/fangyuan/4625300880944135,3室1厅|合租|精装修|低层(共16层),已爬取
528,富民小区(兰山),676890,https://liny.zu.anjuke.com/fangyuan/4631552484060169,3室1厅|合租|精装修|低层(共10层),已爬取
529,富民小区(兰山),676890,https://liny.zu.anjuke.com/fangyuan/4622210312657933,3室2厅|合租|豪华装修|低层(共30层),已爬取
530,富民小区(兰山),676890,https://liny.zu.anjuke.com/fangyuan/4629472418702338,3室1厅|合租|精装修|低层(共12层),已爬取
531,富民小区(兰山),676890,https://liny.zu.anjuke.com/fangyuan/4616724120542213,2室2厅|合租|精装修|中层(共6层),已爬取
532,富民小区(兰山),676890,https://liny.zu.anjuke.com/fangyuan/4629744863407118,3室2厅|合租|精装修|中层(共8层),已爬取
533,富民小区(兰山),676890,https://liny.zu.anjuke.com/fangyuan/4623901365492746,3室2厅|合租|精装修|低层(共6层),已爬取
534,富民小区(兰山),676890,https://liny.zu.anjuke.com/fangyuan/4520680742315020,3室1厅|合租|精装修|中层(共10层),已爬取
535,富民小区(兰山),676890,https://liny.zu.anjuke.com/fangyuan/4622218168001545,3室1厅|合租|精装修|高层(共30层),已爬取
536,富民小区(兰山),676890,https://liny.zu.anjuke.com/fangyuan/4613678271962124,3室2厅|合租|精装修|中层(共6层),已爬取
537,万家福花园,678028,https://liny.zu.anjuke.com/fangyuan/4617800084167688,3室2厅|整租|简单装修|中层(共17层),已爬取
538,万家福花园,678028,https://liny.zu.anjuke.com/fangyuan/4600012440988677,3室2厅|整租|简单装修|共5层,已爬取
539,荣盛塞纳荣府,972674,https://liny.zu.anjuke.com/fangyuan/4585407401600007,3室2厅|整租|精装修|中层(共11层),已爬取
540,荣盛塞纳荣府,972674,https://liny.zu.anjuke.com/fangyuan/4633415658581001,3室2厅|整租|精装修|高层(共11层),已爬取
541,荣盛塞纳荣府,972674,https://liny.zu.anjuke.com/fangyuan/4633347248053259,3室2厅|整租|精装修|中层(共16层),已爬取
542,荣盛塞纳荣府,972674,https://liny.zu.anjuke.com/fangyuan/4561298697331717,3室2厅|整租|精装修|高层(共16层),已爬取
543,荣盛塞纳荣府,972674,https://liny.zu.anjuke.com/fangyuan/4626578822931463,2室2厅|整租|精装修|低层(共16层),已爬取
544,荣盛塞纳荣府,972674,https://liny.zu.anjuke.com/fangyuan/4615295419589643,3室2厅|整租|简单装修|中层(共16层),已爬取
545,荣盛塞纳荣府,972674,https://liny.zu.anjuke.com/fangyuan/4609368560690182,3室2厅|整租|简单装修|低层(共6层),已爬取
546,荣盛塞纳荣府,972674,https://liny.zu.anjuke.com/fangyuan/4617982398180355,3室2厅|整租|精装修|高层(共16层),已爬取
547,荣盛塞纳荣府,972674,https://liny.zu.anjuke.com/fangyuan/4623979116239887,3室2厅|整租|精装修|高层(共11层),已爬取
548,荣盛塞纳荣府,972674,https://liny.zu.anjuke.com/fangyuan/4585597425394701,3室2厅|整租|精装修|中层(共11层),已爬取
549,颐龙恒泰,676631,https://liny.zu.anjuke.com/fangyuan/4280628097358861,3室2厅|合租|精装修|低层(共31层),已爬取
550,颐龙恒泰,676631,https://liny.zu.anjuke.com/fangyuan/4619515994516487,2室2厅|整租|精装修|低层(共25层),已爬取
551,颐龙恒泰,676631,https://liny.zu.anjuke.com/fangyuan/4625160869899279,3室2厅|合租|精装修|低层(共25层),已爬取
552,颐龙恒泰,676631,https://liny.zu.anjuke.com/fangyuan/4622241180378114,1室1厅|整租|精装修|高层(共27层),已爬取
553,颐龙恒泰,676631,https://liny.zu.anjuke.com/fangyuan/4603465921324037,1室1厅|整租|精装修|中层(共25层),已爬取
554,颐龙恒泰,676631,https://liny.zu.anjuke.com/fangyuan/4620639363834894,1室1厅|整租|精装修|高层(共31层),已爬取
555,颐龙恒泰,676631,https://liny.zu.anjuke.com/fangyuan/4582705236892672,3室2厅|整租|精装修|中层(共28层),已爬取
556,颐龙恒泰,676631,https://liny.zu.anjuke.com/fangyuan/4572517811840010,1室1厅|整租|精装修|中层(共24层),已爬取
557,颐龙恒泰,676631,https://liny.zu.anjuke.com/fangyuan/4503417111882759,1室1厅|整租|精装修|中层(共25层),已爬取
558,颐龙恒泰,676631,https://liny.zu.anjuke.com/fangyuan/4599778329484293,1室1厅|整租|精装修|低层(共25层),已爬取
559,诚德碧海方舟,996451,https://liny.zu.anjuke.com/fangyuan/3985367614136325,3室2厅|合租|精装修|中层(共26层),已爬取
560,诚德碧海方舟,996451,https://liny.zu.anjuke.com/fangyuan/4489227666856965,3室2厅|整租|精装修|低层(共32层),已爬取
561,诚德碧海方舟,996451,https://liny.zu.anjuke.com/fangyuan/4553026311646222,2室2厅|整租|简单装修|低层(共33层),已爬取
562,诚德碧海方舟,996451,https://liny.zu.anjuke.com/fangyuan/4604940410530828,3室2厅|整租|精装修|高层(共25层),已爬取
563,诚德碧海方舟,996451,https://liny.zu.anjuke.com/fangyuan/4596567495040010,3室2厅|整租|精装修|高层(共33层),已爬取
564,诚德碧海方舟,996451,https://liny.zu.anjuke.com/fangyuan/4626568954784782,3室2厅|整租|精装修|高层(共25层),已爬取
565,诚德碧海方舟,996451,https://liny.zu.anjuke.com/fangyuan/4633615390088199,2室2厅|整租|精装修|中层(共24层),已爬取
566,诚德碧海方舟,996451,https://liny.zu.anjuke.com/fangyuan/4609330475424777,3室2厅|整租|精装修|中层(共22层),已爬取
567,诚德碧海方舟,996451,https://liny.zu.anjuke.com/fangyuan/4589829573942273,3室1厅|整租|精装修|中层(共17层),已爬取
568,诚德碧海方舟,996451,https://liny.zu.anjuke.com/fangyuan/4615335079697409,2室2厅|整租|精装修|中层(共30层),已爬取
569,房源印象,1002818,https://liny.zu.anjuke.com/fangyuan/4582670051912712,3室1厅|合租|精装修|高层(共15层),已爬取
570,房源印象,1002818,https://liny.zu.anjuke.com/fangyuan/4570350775444495,4室2厅|整租|精装修|低层(共31层),已爬取
571,房源印象,1002818,https://liny.zu.anjuke.com/fangyuan/4466407277620232,3室2厅|合租|精装修|中层(共18层),已爬取
572,房源印象,1002818,https://liny.zu.anjuke.com/fangyuan/4494675865639950,4室2厅|整租|精装修|低层(共9层),已爬取
573,房源印象,1002818,https://liny.zu.anjuke.com/fangyuan/4624763540579329,4室2厅|整租|简单装修|低层(共9层),已爬取
574,冠蒙时代花园,1045640,https://liny.zu.anjuke.com/fangyuan/4631987077784576,3室2厅|合租|精装修|低层(共24层),已爬取
575,冠蒙时代花园,1045640,https://liny.zu.anjuke.com/fangyuan/4475656176032777,3室2厅|合租|精装修|低层(共6层),已爬取
576,冠蒙时代花园,1045640,https://liny.zu.anjuke.com/fangyuan/4631989435210767,3室2厅|整租|精装修|中层(共6层),已爬取
577,冠蒙时代花园,1045640,https://liny.zu.anjuke.com/fangyuan/4621023193197580,1室1厅|整租|简单装修|高层(共19层),已爬取
578,冠蒙时代花园,1045640,https://liny.zu.anjuke.com/fangyuan/4602419376610307,3室2厅|整租|简单装修|高层(共6层),已爬取
579,冠蒙时代花园,1045640,https://liny.zu.anjuke.com/fangyuan/4631097887550471,3室2厅|合租|精装修|低层(共6层),已爬取
580,冠蒙时代花园,1045640,https://liny.zu.anjuke.com/fangyuan/4626302714010625,3室1厅|合租|精装修|低层(共6层),已爬取
581,冠蒙时代花园,1045640,https://liny.zu.anjuke.com/fangyuan/4617753361886220,3室2厅|整租|精装修|低层(共6层),已爬取
582,冠蒙时代花园,1045640,https://liny.zu.anjuke.com/fangyuan/4628123600018433,1室1厅|合租|精装修|低层(共7层),已爬取
583,冠蒙时代花园,1045640,https://liny.zu.anjuke.com/fangyuan/4593824898016258,3室2厅|整租|精装修|中层(共6层),已爬取
584,爱琴海(兰山),678262,https://liny.zu.anjuke.com/fangyuan/4632228838515727,2室1厅|整租|精装修|低层(共23层),已爬取
585,爱琴海(兰山),678262,https://liny.zu.anjuke.com/fangyuan/4606566675325954,3室2厅|整租|精装修|中层(共28层),已爬取
586,爱琴海(兰山),678262,https://liny.zu.anjuke.com/fangyuan/4621236575120386,4室2厅|整租|精装修|低层(共11层),已爬取
587,爱琴海(兰山),678262,https://liny.zu.anjuke.com/fangyuan/4626379821882383,3室2厅|整租|精装修|中层(共27层),已爬取
588,爱琴海(兰山),678262,https://liny.zu.anjuke.com/fangyuan/4562662927197199,3室2厅|整租|精装修|中层(共30层),已爬取
589,爱琴海(兰山),678262,https://liny.zu.anjuke.com/fangyuan/4606575336774656,3室2厅|整租|豪华装修|中层(共17层),已爬取
590,爱琴海(兰山),678262,https://liny.zu.anjuke.com/fangyuan/4567239266982921,2室2厅|整租|精装修|高层(共30层),已爬取
591,爱琴海(兰山),678262,https://liny.zu.anjuke.com/fangyuan/4628022418531339,2室2厅|整租|精装修|低层(共23层),已爬取
592,爱琴海(兰山),678262,https://liny.zu.anjuke.com/fangyuan/4503712951573515,3室2厅|整租|精装修|高层(共11层),已爬取
593,爱琴海(兰山),678262,https://liny.zu.anjuke.com/fangyuan/4607853525146634,3室2厅|整租|精装修|中层(共30层),已爬取
594,澜泊湾(一期),677008,https://liny.zu.anjuke.com/fangyuan/4024868568424459,3室1厅|合租|精装修|低层(共26层),已爬取
595,澜泊湾(一期),677008,https://liny.zu.anjuke.com/fangyuan/4620693465590797,2室2厅|整租|简单装修|低层(共22层),已爬取
596,澜泊湾(一期),677008,https://liny.zu.anjuke.com/fangyuan/4242991999163392,2室2厅|整租|精装修|低层(共30层),已爬取
597,澜泊湾(一期),677008,https://liny.zu.anjuke.com/fangyuan/4504907662058505,4室2厅|整租|精装修|中层(共26层),已爬取
598,澜泊湾(一期),677008,https://liny.zu.anjuke.com/fangyuan/4544445623053318,2室2厅|整租|精装修|高层(共33层),已爬取
599,澜泊湾(一期),677008,https://liny.zu.anjuke.com/fangyuan/4525923334106120,3室2厅|整租|精装修|中层(共32层),已爬取
600,澜泊湾(一期),677008,https://liny.zu.anjuke.com/fangyuan/4327591167077378,3室2厅|合租|精装修|低层(共20层),已爬取
601,澜泊湾(一期),677008,https://liny.zu.anjuke.com/fangyuan/4525971564030984,4室2厅|整租|精装修|中层(共32层),已爬取
602,澜泊湾(一期),677008,https://liny.zu.anjuke.com/fangyuan/4620690417134597,2室2厅|整租|精装修|低层(共30层),已爬取
603,澜泊湾(一期),677008,https://liny.zu.anjuke.com/fangyuan/4544241432241159,2室2厅|整租|精装修|高层(共32层),已爬取
604,荣昌绿园,678310,https://liny.zu.anjuke.com/fangyuan/4620731633069064,1室1厅|整租|豪华装修|中层(共27层),已爬取
605,荣昌绿园,678310,https://liny.zu.anjuke.com/fangyuan/4569657051769868,1室1厅|整租|精装修|中层(共26层),已爬取
606,荣昌绿园,678310,https://liny.zu.anjuke.com/fangyuan/4619292656212995,3室2厅|整租|精装修|低层(共26层),已爬取
607,荣昌绿园,678310,https://liny.zu.anjuke.com/fangyuan/4594011550477320,2室1厅|整租|精装修|低层(共24层),已爬取
608,荣昌绿园,678310,https://liny.zu.anjuke.com/fangyuan/4602586317396999,3室2厅|整租|精装修|中层(共30层),已爬取
609,荣昌绿园,678310,https://liny.zu.anjuke.com/fangyuan/4505948162663427,1室1厅|整租|精装修|低层(共15层),已爬取
610,荣昌绿园,678310,https://liny.zu.anjuke.com/fangyuan/4521583421299713,1室1厅|整租|精装修|高层(共24层),已爬取
611,荣昌绿园,678310,https://liny.zu.anjuke.com/fangyuan/4507675257908232,3室2厅|整租|精装修|中层(共30层),已爬取
612,荣昌绿园,678310,https://liny.zu.anjuke.com/fangyuan/4526071639235597,3室2厅|整租|简单装修|中层(共33层),已爬取
613,荣昌绿园,678310,https://liny.zu.anjuke.com/fangyuan/4585438014516235,2室1厅|整租|精装修|中层(共20层),已爬取
614,房源西岸公园,1478318,https://liny.zu.anjuke.com/fangyuan/4616659923051533,4室2厅|整租|精装修|中层(共8层),已爬取
615,房源西岸公园,1478318,https://liny.zu.anjuke.com/fangyuan/4620624708611074,3室2厅|整租|精装修|中层(共26层),已爬取
616,房源西岸公园,1478318,https://liny.zu.anjuke.com/fangyuan/4512395900394503,3室2厅|整租|精装修|中层(共32层),已爬取
617,房源西岸公园,1478318,https://liny.zu.anjuke.com/fangyuan/4633731355139083,3室2厅|整租|简单装修|中层(共24层),已爬取
618,房源西岸公园,1478318,https://liny.zu.anjuke.com/fangyuan/4591628387261455,3室2厅|整租|精装修|中层(共28层),已爬取
619,房源西岸公园,1478318,https://liny.zu.anjuke.com/fangyuan/4602918754692103,3室2厅|整租|精装修|中层(共22层),已爬取
620,房源西岸公园,1478318,https://liny.zu.anjuke.com/fangyuan/4606728838882315,3室2厅|整租|精装修|中层(共26层),已爬取
621,房源西岸公园,1478318,https://liny.zu.anjuke.com/fangyuan/4602589227916293,3室2厅|整租|精装修|中层(共26层),已爬取
622,房源西岸公园,1478318,https://liny.zu.anjuke.com/fangyuan/4617885089291267,3室2厅|整租|精装修|中层(共23层),已爬取
623,房源西岸公园,1478318,https://liny.zu.anjuke.com/fangyuan/4621010212725767,3室2厅|整租|精装修|低层(共27层),已爬取
624,永尚润城,923076,https://liny.zu.anjuke.com/fangyuan/4598455489981450,3室2厅|整租|精装修|高层(共26层),已爬取
625,永尚润城,923076,https://liny.zu.anjuke.com/fangyuan/4605398551342084,3室2厅|整租|精装修|中层(共18层),已爬取
626,永尚润城,923076,https://liny.zu.anjuke.com/fangyuan/4109870660496397,2室2厅|整租|精装修|中层(共18层),已爬取
627,永尚润城,923076,https://liny.zu.anjuke.com/fangyuan/4592288018721795,2室2厅|整租|精装修|中层(共30层),已爬取
628,永尚润城,923076,https://liny.zu.anjuke.com/fangyuan/4479335040736257,3室2厅|整租|精装修|低层(共30层),已爬取
629,永尚润城,923076,https://liny.zu.anjuke.com/fangyuan/4585704731192335,2室2厅|整租|精装修|高层(共30层),已爬取
630,永尚润城,923076,https://liny.zu.anjuke.com/fangyuan/4620684476279810,3室2厅|整租|精装修|高层(共30层),已爬取
631,永尚润城,923076,https://liny.zu.anjuke.com/fangyuan/4474920463852556,3室2厅|整租|简单装修|高层(共26层),已爬取
632,永尚润城,923076,https://liny.zu.anjuke.com/fangyuan/4227786203966470,3室2厅|整租|豪华装修|中层(共22层),已爬取
633,永尚润城,923076,https://liny.zu.anjuke.com/fangyuan/4525760749970436,2室2厅|整租|精装修|低层(共18层),已爬取
634,宝德新领域,873700,https://liny.zu.anjuke.com/fangyuan/4599683294929928,3室2厅|整租|精装修|低层(共26层),已爬取
635,宝德新领域,873700,https://liny.zu.anjuke.com/fangyuan/4585666519079950,3室2厅|整租|精装修|高层(共26层),已爬取
636,宝德新领域,873700,https://liny.zu.anjuke.com/fangyuan/4584081949907980,2室1厅|整租|精装修|高层(共16层),已爬取
637,宝德新领域,873700,https://liny.zu.anjuke.com/fangyuan/4509960790584329,3室2厅|整租|精装修|低层(共9层),已爬取
638,宝德新领域,873700,https://liny.zu.anjuke.com/fangyuan/4578441158827018,4室2厅|整租|精装修|中层(共9层),已爬取
639,宝德新领域,873700,https://liny.zu.anjuke.com/fangyuan/4605220295695362,2室1厅|整租|精装修|高层(共16层),已爬取
640,宝德新领域,873700,https://liny.zu.anjuke.com/fangyuan/4584164242648065,3室2厅|整租|精装修|高层(共26层),已爬取
641,宝德新领域,873700,https://liny.zu.anjuke.com/fangyuan/4612491142962177,4室2厅|整租|精装修|低层(共6层),已爬取
642,宝德新领域,873700,https://liny.zu.anjuke.com/fangyuan/4605242511862786,1室1厅|整租|精装修|中层(共20层),已爬取
643,宝德新领域,873700,https://liny.zu.anjuke.com/fangyuan/4596723947248640,4室2厅|整租|精装修|中层(共26层),已爬取
644,盈科嘉园,972796,https://liny.zu.anjuke.com/fangyuan/4596545290361865,3室2厅|整租|精装修|中层(共27层),已爬取
645,盈科嘉园,972796,https://liny.zu.anjuke.com/fangyuan/4624900511816708,3室2厅|整租|精装修|中层(共27层),已爬取
646,盈科嘉园,972796,https://liny.zu.anjuke.com/fangyuan/4539924901731343,3室2厅|整租|精装修|低层(共27层),已爬取
647,盈科嘉园,972796,https://liny.zu.anjuke.com/fangyuan/4572727306054666,3室2厅|整租|精装修|中层(共17层),已爬取
648,盈科嘉园,972796,https://liny.zu.anjuke.com/fangyuan/4344320086285321,3室2厅|整租|豪华装修|高层(共28层),已爬取
649,盈科嘉园,972796,https://liny.zu.anjuke.com/fangyuan/4624901606237198,3室2厅|整租|精装修|中层(共27层),已爬取
650,盈科嘉园,972796,https://liny.zu.anjuke.com/fangyuan/4596545165634570,3室2厅|整租|精装修|中层(共27层),已爬取
651,盈科嘉园,972796,https://liny.zu.anjuke.com/fangyuan/4624913883094028,3室2厅|整租|精装修|中层(共27层),已爬取
652,盈科嘉园,972796,https://liny.zu.anjuke.com/fangyuan/4490646242384897,3室2厅|整租|精装修|中层(共27层),已爬取
653,京韵园,678309,https://liny.zu.anjuke.com/fangyuan/4421018726882317,4室2厅|合租|精装修|低层(共20层),已爬取
654,京韵园,678309,https://liny.zu.anjuke.com/fangyuan/4585539313490954,4室2厅|整租|精装修|中层(共16层),已爬取
655,京韵园,678309,https://liny.zu.anjuke.com/fangyuan/4568543888415752,5室2厅|整租|简单装修|中层(共11层),已爬取
656,京韵园,678309,https://liny.zu.anjuke.com/fangyuan/4565805653371910,3室2厅|整租|精装修|中层(共11层),已爬取
657,京韵园,678309,https://liny.zu.anjuke.com/fangyuan/4519067911005185,3室2厅|整租|精装修|低层(共11层),已爬取
658,京韵园,678309,https://liny.zu.anjuke.com/fangyuan/4585631998780420,4室2厅|整租|简单装修|中层(共16层),已爬取
659,金雀花苑,677241,https://liny.zu.anjuke.com/fangyuan/4630529464802304,3室2厅|合租|精装修|中层(共30层),已爬取
660,金雀花苑,677241,https://liny.zu.anjuke.com/fangyuan/4541387689942019,3室2厅|合租|精装修|中层(共22层),已爬取
661,金雀花苑,677241,https://liny.zu.anjuke.com/fangyuan/4102444161047560,3室2厅|合租|精装修|共1层,已爬取
662,金雀花苑,677241,https://liny.zu.anjuke.com/fangyuan/4499549209324556,3室2厅|合租|精装修|中层(共21层),已爬取
663,金雀花苑,677241,https://liny.zu.anjuke.com/fangyuan/4616889440836618,3室2厅|合租|精装修|中层(共16层),已爬取
664,金雀花苑,677241,https://liny.zu.anjuke.com/fangyuan/4633443236011023,3室2厅|合租|精装修|低层(共30层),已爬取
665,金雀花苑,677241,https://liny.zu.anjuke.com/fangyuan/4633276762582019,3室2厅|合租|精装修|低层(共30层),已爬取
666,金雀花苑,677241,https://liny.zu.anjuke.com/fangyuan/4622280747932679,2室1厅|整租|精装修|高层(共30层),已爬取
667,金雀花苑,677241,https://liny.zu.anjuke.com/fangyuan/4578175167472648,1室1厅|合租|精装修|高层(共29层),已爬取
668,金雀花苑,677241,https://liny.zu.anjuke.com/fangyuan/4629189460388878,3室1厅|整租|精装修|高层(共35层),已爬取
669,锦绣御珑湾,972999,https://liny.zu.anjuke.com/fangyuan/4598189198711815,3室2厅|整租|简单装修|高层(共17层),已爬取
670,锦绣御珑湾,972999,https://liny.zu.anjuke.com/fangyuan/3903390157512715,3室2厅|整租|精装修|高层(共16层),已爬取
671,锦绣御珑湾,972999,https://liny.zu.anjuke.com/fangyuan/4633445196278798,3室2厅|整租|精装修|低层(共11层),已爬取
672,锦绣御珑湾,972999,https://liny.zu.anjuke.com/fangyuan/4605275738221583,3室2厅|整租|精装修|高层(共18层),已爬取
673,锦绣御珑湾,972999,https://liny.zu.anjuke.com/fangyuan/4609252923825158,3室2厅|整租|简单装修|高层(共18层),已爬取
674,锦绣御珑湾,972999,https://liny.zu.anjuke.com/fangyuan/4576729466248202,3室2厅|整租|简单装修|中层(共18层),已爬取
675,锦绣御珑湾,972999,https://liny.zu.anjuke.com/fangyuan/4577014398854150,3室2厅|整租|精装修|低层(共9层),已爬取
676,锦绣御珑湾,972999,https://liny.zu.anjuke.com/fangyuan/4577014660783105,3室2厅|整租|精装修|低层(共6层),已爬取
677,青棠湾小区(公寓住宅),1265101,https://liny.zu.anjuke.com/fangyuan/4630635995192335,1室1厅|整租|精装修|中层(共15层),已爬取
678,青棠湾小区(公寓住宅),1265101,https://liny.zu.anjuke.com/fangyuan/4624176708756484,2室1厅|整租|精装修|中层(共17层),已爬取
679,青棠湾小区(公寓住宅),1265101,https://liny.zu.anjuke.com/fangyuan/4619745231281158,3室2厅|整租|精装修|中层(共26层),已爬取
680,青棠湾小区(公寓住宅),1265101,https://liny.zu.anjuke.com/fangyuan/4631104083239944,3室2厅|合租|精装修|中层(共28层),已爬取
681,青棠湾小区(公寓住宅),1265101,https://liny.zu.anjuke.com/fangyuan/4499321101147137,3室2厅|整租|精装修|中层(共28层),已爬取
682,青棠湾小区(公寓住宅),1265101,https://liny.zu.anjuke.com/fangyuan/4534385636713485,1室1厅|整租|精装修|低层(共26层),已爬取
683,青棠湾小区(公寓住宅),1265101,https://liny.zu.anjuke.com/fangyuan/4128364483976198,2室1厅|整租|精装修|中层(共21层),已爬取
684,青棠湾小区(公寓住宅),1265101,https://liny.zu.anjuke.com/fangyuan/4605388075965444,1室1厅|整租|精装修|高层(共17层),已爬取
685,青棠湾小区(公寓住宅),1265101,https://liny.zu.anjuke.com/fangyuan/4615090482093064,1室1厅|合租|精装修|中层(共22层),已爬取
686,青棠湾小区(公寓住宅),1265101,https://liny.zu.anjuke.com/fangyuan/4564360534877184,1室1厅|合租|精装修|共1层,已爬取
687,滨江中央华府(罗庄),677772,https://liny.zu.anjuke.com/fangyuan/4632331074448384,2室2厅|整租|精装修|中层(共29层),已爬取
688,滨江中央华府(罗庄),677772,https://liny.zu.anjuke.com/fangyuan/4568577399970829,3室2厅|整租|精装修|高层(共26层),已爬取
689,滨江中央华府(罗庄),677772,https://liny.zu.anjuke.com/fangyuan/4133844837592065,2室2厅|整租|精装修|中层(共11层),已爬取
690,滨江中央华府(罗庄),677772,https://liny.zu.anjuke.com/fangyuan/4627905196680197,2室2厅|整租|精装修|中层(共11层),已爬取
691,滨江中央华府(罗庄),677772,https://liny.zu.anjuke.com/fangyuan/4585459145808906,3室1厅|整租|精装修|高层(共11层),已爬取
692,滨江中央华府(罗庄),677772,https://liny.zu.anjuke.com/fangyuan/4613683751590921,3室2厅|整租|精装修|中层(共11层),已爬取
693,滨江中央华府(罗庄),677772,https://liny.zu.anjuke.com/fangyuan/4612400420531205,2室1厅|整租|简单装修|中层(共28层),已爬取
694,滨江中央华府(罗庄),677772,https://liny.zu.anjuke.com/fangyuan/4551291330501637,3室2厅|整租|简单装修|中层(共28层),已爬取
695,滨江中央华府(罗庄),677772,https://liny.zu.anjuke.com/fangyuan/4600850811214858,2室1厅|整租|精装修|高层(共28层),已爬取
696,滨江中央华府(罗庄),677772,https://liny.zu.anjuke.com/fangyuan/4592512646241287,2室1厅|整租|简单装修|中层(共16层),已爬取
697,开元华银四季城,1024247,https://liny.zu.anjuke.com/fangyuan/4631580635159557,3室1厅|合租|精装修|低层(共10层),已爬取
698,开元华银四季城,1024247,https://liny.zu.anjuke.com/fangyuan/4173356129479694,3室2厅|合租|精装修|低层(共25层),已爬取
699,开元华银四季城,1024247,https://liny.zu.anjuke.com/fangyuan/4520772265876495,3室1厅|合租|精装修|低层(共32层),已爬取
700,开元华银四季城,1024247,https://liny.zu.anjuke.com/fangyuan/4535732033285123,3室2厅|合租|精装修|低层(共30层),已爬取
701,开元华银四季城,1024247,https://liny.zu.anjuke.com/fangyuan/4626568914099200,3室1厅|合租|精装修|中层(共16层),已爬取
702,开元华银四季城,1024247,https://liny.zu.anjuke.com/fangyuan/4439963370578958,1室1厅|整租|精装修|高层(共28层),已爬取
703,开元华银四季城,1024247,https://liny.zu.anjuke.com/fangyuan/4630795126598662,4室2厅|合租|精装修|低层(共28层),已爬取
704,开元华银四季城,1024247,https://liny.zu.anjuke.com/fangyuan/4548446785547274,3室2厅|合租|豪华装修|低层(共12层),已爬取
705,开元华银四季城,1024247,https://liny.zu.anjuke.com/fangyuan/4616610042289167,3室2厅|合租|精装修|低层(共30层),已爬取
706,开元华银四季城,1024247,https://liny.zu.anjuke.com/fangyuan/4629725250100232,3室1厅|合租|精装修|低层(共18层),已爬取
707,蓝钻庄园(兰山),789055,https://liny.zu.anjuke.com/fangyuan/4519082986728461,2室2厅|整租|精装修|高层(共24层),已爬取
708,蓝钻庄园(兰山),789055,https://liny.zu.anjuke.com/fangyuan/4595220805049350,3室2厅|整租|精装修|低层(共24层),已爬取
709,蓝钻庄园(兰山),789055,https://liny.zu.anjuke.com/fangyuan/4616779557334024,3室2厅|整租|精装修|低层(共33层),已爬取
710,蓝钻庄园(兰山),789055,https://liny.zu.anjuke.com/fangyuan/4616401760279564,3室2厅|整租|精装修|共4层,已爬取
711,蓝钻庄园(兰山),789055,https://liny.zu.anjuke.com/fangyuan/4479886827496460,2室2厅|整租|精装修|高层(共24层),已爬取
712,蓝钻庄园(兰山),789055,https://liny.zu.anjuke.com/fangyuan/4497757911784463,3室2厅|整租|精装修|高层(共24层),已爬取
713,蓝钻庄园(兰山),789055,https://liny.zu.anjuke.com/fangyuan/4604326712468486,2室2厅|整租|精装修|中层(共24层),已爬取
714,蓝钻庄园(兰山),789055,https://liny.zu.anjuke.com/fangyuan/4582575651138564,1室0厅|合租|精装修|高层(共30层),已爬取
715,蓝钻庄园(兰山),789055,https://liny.zu.anjuke.com/fangyuan/4628184850916358,3室2厅|整租|精装修|中层(共33层),已爬取
716,蓝钻庄园(兰山),789055,https://liny.zu.anjuke.com/fangyuan/4548769938611209,3室2厅|整租|简单装修|中层(共33层),已爬取
717,杏园,678328,https://liny.zu.anjuke.com/fangyuan/4573957541768199,3室2厅|整租|精装修|低层(共17层),已爬取
718,杏园,678328,https://liny.zu.anjuke.com/fangyuan/4486806226574347,3室2厅|整租|精装修|低层(共11层),已爬取
719,水岸澜庭,677831,https://liny.zu.anjuke.com/fangyuan/3959749352169477,1室1厅|整租|精装修|中层(共22层),已爬取
720,水岸澜庭,677831,https://liny.zu.anjuke.com/fangyuan/4537576695178250,1室1厅|整租|精装修|高层(共23层),已爬取
721,水岸澜庭,677831,https://liny.zu.anjuke.com/fangyuan/4630771781854223,1室1厅|合租|精装修|高层(共16层),已爬取
722,水岸澜庭,677831,https://liny.zu.anjuke.com/fangyuan/4285230590615552,2室2厅|整租|精装修|中层(共27层),已爬取
723,水岸澜庭,677831,https://liny.zu.anjuke.com/fangyuan/4623809551328269,2室2厅|整租|精装修|高层(共27层),已爬取
724,水岸澜庭,677831,https://liny.zu.anjuke.com/fangyuan/4547150057806848,1室1厅|整租|精装修|低层(共27层),已爬取
725,水岸澜庭,677831,https://liny.zu.anjuke.com/fangyuan/3651190995557379,1室1厅|整租|精装修|低层(共23层),已爬取
726,水岸澜庭,677831,https://liny.zu.anjuke.com/fangyuan/4622200420867084,3室1厅|合租|精装修|中层(共20层),已爬取
727,水岸澜庭,677831,https://liny.zu.anjuke.com/fangyuan/4617768712578053,3室2厅|整租|精装修|中层(共28层),已爬取
728,水岸澜庭,677831,https://liny.zu.anjuke.com/fangyuan/4621873267221514,1室1厅|合租|精装修|中层(共22层),已爬取
729,意林小镇,677012,https://liny.zu.anjuke.com/fangyuan/4613937084619781,3室2厅|整租|精装修|高层(共6层),已爬取
730,意林小镇,677012,https://liny.zu.anjuke.com/fangyuan/4338993992130569,3室2厅|整租|精装修|低层(共6层),已爬取
731,意林小镇,677012,https://liny.zu.anjuke.com/fangyuan/4595495564305409,4室2厅|整租|豪华装修|高层(共6层),已爬取
732,意林小镇,677012,https://liny.zu.anjuke.com/fangyuan/4498969189884932,5室2厅|整租|精装修|高层(共6层),已爬取
733,意林小镇,677012,https://liny.zu.anjuke.com/fangyuan/4498951869115407,5室2厅|整租|豪华装修|高层(共6层),已爬取
734,意林小镇,677012,https://liny.zu.anjuke.com/fangyuan/4538890134526986,3室2厅|整租|精装修|高层(共6层),已爬取
735,意林小镇,677012,https://liny.zu.anjuke.com/fangyuan/4622279484480524,4室2厅|整租|精装修|高层(共6层),已爬取
736,意林小镇,677012,https://liny.zu.anjuke.com/fangyuan/4595508765092868,3室2厅|整租|豪华装修|高层(共6层),已爬取
737,意林小镇,677012,https://liny.zu.anjuke.com/fangyuan/4614982749334531,3室2厅|整租|精装修|高层(共6层),已爬取
738,意林小镇,677012,https://liny.zu.anjuke.com/fangyuan/4622258357836802,3室2厅|整租|精装修|高层(共6层),已爬取
739,鲁商凤凰城,676861,https://liny.zu.anjuke.com/fangyuan/4586647216282624,2室2厅|整租|精装修|中层(共32层),已爬取
740,鲁商凤凰城,676861,https://liny.zu.anjuke.com/fangyuan/4609385174346758,3室2厅|整租|精装修|中层(共26层),已爬取
741,鲁商凤凰城,676861,https://liny.zu.anjuke.com/fangyuan/4524596855434240,2室2厅|整租|精装修|中层(共33层),已爬取
742,鲁商凤凰城,676861,https://liny.zu.anjuke.com/fangyuan/4572792545762314,5室2厅|整租|精装修|高层(共33层),已爬取
743,鲁商凤凰城,676861,https://liny.zu.anjuke.com/fangyuan/4633733760130051,2室2厅|整租|简单装修|低层(共33层),已爬取
744,鲁商凤凰城,676861,https://liny.zu.anjuke.com/fangyuan/4633406116244481,4室2厅|整租|精装修|高层(共33层),已爬取
745,鲁商凤凰城,676861,https://liny.zu.anjuke.com/fangyuan/4605557101339648,4室2厅|整租|精装修|低层(共33层),已爬取
746,鲁商凤凰城,676861,https://liny.zu.anjuke.com/fangyuan/4539950673208328,2室2厅|整租|简单装修|中层(共33层),已爬取
747,鲁商凤凰城,676861,https://liny.zu.anjuke.com/fangyuan/4623484021971969,5室2厅|整租|精装修|高层(共33层),已爬取
748,鲁商凤凰城,676861,https://liny.zu.anjuke.com/fangyuan/4552693409178625,3室2厅|整租|简单装修|中层(共26层),已爬取
749,滨河新天地,766117,https://liny.zu.anjuke.com/fangyuan/4627701632785420,3室2厅|合租|精装修|高层(共19层),已爬取
750,滨河新天地,766117,https://liny.zu.anjuke.com/fangyuan/4630333642746884,3室1厅|合租|精装修|中层(共16层),已爬取
751,滨河新天地,766117,https://liny.zu.anjuke.com/fangyuan/4320494053223431,3室2厅|合租|精装修|中层(共20层),已爬取
752,滨河新天地,766117,https://liny.zu.anjuke.com/fangyuan/4630341575402510,3室1厅|合租|精装修|低层(共13层),已爬取
753,滨河新天地,766117,https://liny.zu.anjuke.com/fangyuan/4630327505611781,4室1厅|合租|精装修|中层(共25层),已爬取
754,滨河新天地,766117,https://liny.zu.anjuke.com/fangyuan/4631942393455625,4室1厅|合租|精装修|中层(共20层),已爬取
755,滨河新天地,766117,https://liny.zu.anjuke.com/fangyuan/4631939979570184,4室1厅|合租|精装修|高层(共20层),已爬取
756,滨河新天地,766117,https://liny.zu.anjuke.com/fangyuan/4632019031745547,3室2厅|整租|精装修|低层(共18层),已爬取
757,滨河新天地,766117,https://liny.zu.anjuke.com/fangyuan/4626296149371916,3室2厅|整租|精装修|中层(共7层),已爬取
758,滨河新天地,766117,https://liny.zu.anjuke.com/fangyuan/4633362564393998,3室2厅|合租|精装修|高层(共19层),已爬取
759,国鑫爱琴海,972678,https://liny.zu.anjuke.com/fangyuan/4562995355247622,3室2厅|整租|简单装修|高层(共21层),已爬取
760,国鑫爱琴海,972678,https://liny.zu.anjuke.com/fangyuan/4558433679088644,3室2厅|整租|简单装修|高层(共21层),已爬取
761,国鑫爱琴海,972678,https://liny.zu.anjuke.com/fangyuan/4613867602979853,3室2厅|整租|简单装修|高层(共12层),已爬取
762,国鑫爱琴海,972678,https://liny.zu.anjuke.com/fangyuan/4619418845799432,3室2厅|整租|精装修|高层(共22层),已爬取
763,国鑫爱琴海,972678,https://liny.zu.anjuke.com/fangyuan/4633738685441032,3室2厅|整租|简单装修|低层(共17层),已爬取
764,国鑫爱琴海,972678,https://liny.zu.anjuke.com/fangyuan/4624772432309256,3室2厅|整租|精装修|高层(共21层),已爬取
765,国鑫爱琴海,972678,https://liny.zu.anjuke.com/fangyuan/4624893589396487,3室2厅|整租|精装修|高层(共22层),已爬取
766,国鑫爱琴海,972678,https://liny.zu.anjuke.com/fangyuan/4602588644273155,3室2厅|整租|精装修|高层(共10层),已爬取
767,国鑫爱琴海,972678,https://liny.zu.anjuke.com/fangyuan/4613436934906886,3室2厅|整租|简单装修|共5层,已爬取
768,国鑫爱琴海,972678,https://liny.zu.anjuke.com/fangyuan/4616689687456779,3室2厅|整租|简单装修|中层(共17层),已爬取
769,盛世沂城(公寓住宅),678356,https://liny.zu.anjuke.com/fangyuan/4629793059167238,3室2厅|整租|精装修|中层(共11层),已爬取
770,盛世沂城(公寓住宅),678356,https://liny.zu.anjuke.com/fangyuan/4630862680255497,1室1厅|整租|精装修|中层(共17层),已爬取
771,盛世沂城(公寓住宅),678356,https://liny.zu.anjuke.com/fangyuan/4462046937867267,3室2厅|整租|精装修|中层(共18层),已爬取
772,盛世沂城(公寓住宅),678356,https://liny.zu.anjuke.com/fangyuan/4619611993316354,1室1厅|整租|精装修|高层(共12层),已爬取
773,盛世沂城(公寓住宅),678356,https://liny.zu.anjuke.com/fangyuan/4527393747299336,3室2厅|整租|精装修|高层(共18层),已爬取
774,盛世沂城(公寓住宅),678356,https://liny.zu.anjuke.com/fangyuan/4610626838371338,3室2厅|整租|简单装修|中层(共17层),已爬取
775,盛世沂城(公寓住宅),678356,https://liny.zu.anjuke.com/fangyuan/4580977599441926,1室1厅|整租|精装修|高层(共12层),已爬取
776,盛世沂城(公寓住宅),678356,https://liny.zu.anjuke.com/fangyuan/4611357096485895,1室1厅|整租|精装修|中层(共12层),已爬取
777,盛世沂城(公寓住宅),678356,https://liny.zu.anjuke.com/fangyuan/4592726076763146,3室2厅|整租|精装修|高层(共18层),已爬取
778,盛世沂城(公寓住宅),678356,https://liny.zu.anjuke.com/fangyuan/4613906937125899,3室2厅|整租|精装修|高层(共11层),已爬取
779,沂景华庭,973218,https://liny.zu.anjuke.com/fangyuan/4632028766579725,3室2厅|合租|精装修|低层(共16层),已爬取
780,沂景华庭,973218,https://liny.zu.anjuke.com/fangyuan/4631932779963407,1室1厅|合租|精装修|低层(共15层),已爬取
781,沂景华庭,973218,https://liny.zu.anjuke.com/fangyuan/4380609940675585,3室2厅|整租|简单装修|低层(共28层),已爬取
782,沂景华庭,973218,https://liny.zu.anjuke.com/fangyuan/4631828939385857,1室1厅|合租|精装修|低层(共11层),已爬取
783,沂景华庭,973218,https://liny.zu.anjuke.com/fangyuan/4620556321612802,1室1厅|整租|精装修|高层(共17层),已爬取
784,沂景华庭,973218,https://liny.zu.anjuke.com/fangyuan/4612245349456905,1室1厅|整租|简单装修|高层(共32层),已爬取
785,沂景华庭,973218,https://liny.zu.anjuke.com/fangyuan/4623463848502284,1室1厅|整租|精装修|高层(共32层),已爬取
786,沂景华庭,973218,https://liny.zu.anjuke.com/fangyuan/4612261223668736,1室1厅|整租|简单装修|低层(共17层),已爬取
787,沂景华庭,973218,https://liny.zu.anjuke.com/fangyuan/4494970688857093,1室1厅|整租|简单装修|高层(共17层),已爬取
788,沂景华庭,973218,https://liny.zu.anjuke.com/fangyuan/4617790436647945,1室1厅|合租|精装修|低层(共18层),已爬取
789,开元上府,923075,https://liny.zu.anjuke.com/fangyuan/4583775710045193,3室1厅|合租|简单装修|中层(共6层),已爬取
790,开元上府,923075,https://liny.zu.anjuke.com/fangyuan/3791856502680589,3室2厅|合租|豪华装修|低层(共20层),已爬取
791,开元上府,923075,https://liny.zu.anjuke.com/fangyuan/4476246678006794,3室2厅|合租|精装修|中层(共10层),已爬取
792,开元上府,923075,https://liny.zu.anjuke.com/fangyuan/4411094367511565,3室2厅|合租|精装修|中层(共16层),已爬取
793,开元上府,923075,https://liny.zu.anjuke.com/fangyuan/4605437234568201,4室2厅|整租|精装修|中层(共10层),已爬取
794,开元上府,923075,https://liny.zu.anjuke.com/fangyuan/4548456565943298,3室2厅|整租|简单装修|中层(共29层),已爬取
795,开元上府,923075,https://liny.zu.anjuke.com/fangyuan/4608285031685124,4室2厅|整租|精装修|中层(共10层),已爬取
796,开元上府,923075,https://liny.zu.anjuke.com/fangyuan/4619496222006280,4室2厅|整租|豪华装修|中层(共9层),已爬取
797,开元上府,923075,https://liny.zu.anjuke.com/fangyuan/4605431412089857,4室2厅|整租|豪华装修|中层(共10层),已爬取
798,开元上府,923075,https://liny.zu.anjuke.com/fangyuan/4622475390657542,3室2厅|整租|精装修|中层(共17层),已爬取
799,贵和美景华庭,972703,https://liny.zu.anjuke.com/fangyuan/4609613166472206,2室1厅|整租|精装修|中层(共10层),已爬取
800,贵和美景华庭,972703,https://liny.zu.anjuke.com/fangyuan/4541732224736268,3室2厅|整租|精装修|中层(共10层),已爬取
801,贵和美景华庭,972703,https://liny.zu.anjuke.com/fangyuan/4602171479038989,1室1厅|整租|精装修|高层(共12层),已爬取
802,贵和美景华庭,972703,https://liny.zu.anjuke.com/fangyuan/4606453343937541,1室1厅|整租|精装修|中层(共13层),已爬取
803,贵和美景华庭,972703,https://liny.zu.anjuke.com/fangyuan/4572577715299328,1室1厅|整租|简单装修|高层(共13层),已爬取
804,贵和美景华庭,972703,https://liny.zu.anjuke.com/fangyuan/4626753441735682,3室2厅|整租|简单装修|高层(共11层),已爬取
805,贵和美景华庭,972703,https://liny.zu.anjuke.com/fangyuan/4609185598626826,1室1厅|整租|简单装修|低层(共11层),已爬取
806,贵和美景华庭,972703,https://liny.zu.anjuke.com/fangyuan/4515758506222602,1室1厅|整租|精装修|中层(共13层),已爬取
807,贵和美景华庭,972703,https://liny.zu.anjuke.com/fangyuan/4548724786142212,1室1厅|整租|简单装修|高层(共13层),已爬取
808,贵和美景华庭,972703,https://liny.zu.anjuke.com/fangyuan/4607153488931853,1室1厅|整租|精装修|高层(共13层),已爬取
809,怡海国际新城,973222,https://liny.zu.anjuke.com/fangyuan/4558673614644238,2室2厅|整租|精装修|高层(共30层),已爬取
810,怡海国际新城,973222,https://liny.zu.anjuke.com/fangyuan/4576040732126211,2室2厅|整租|精装修|低层(共11层),已爬取
811,怡海国际新城,973222,https://liny.zu.anjuke.com/fangyuan/4598430938688523,3室2厅|整租|精装修|中层(共33层),已爬取
812,怡海国际新城,973222,https://liny.zu.anjuke.com/fangyuan/4515979959823371,3室2厅|整租|精装修|高层(共27层),已爬取
813,怡海国际新城,973222,https://liny.zu.anjuke.com/fangyuan/4611396030917640,2室2厅|整租|精装修|高层(共30层),已爬取
814,怡海国际新城,973222,https://liny.zu.anjuke.com/fangyuan/4521489875788810,1室1厅|整租|精装修|低层(共28层),已爬取
815,怡海国际新城,973222,https://liny.zu.anjuke.com/fangyuan/4517815164951565,3室2厅|整租|精装修|中层(共31层),已爬取
816,怡海国际新城,973222,https://liny.zu.anjuke.com/fangyuan/4603989010181134,3室2厅|整租|精装修|中层(共30层),已爬取
817,怡海国际新城,973222,https://liny.zu.anjuke.com/fangyuan/4586957862349834,3室2厅|整租|简单装修|高层(共31层),已爬取
818,怡海国际新城,973222,https://liny.zu.anjuke.com/fangyuan/4605452750824460,3室2厅|整租|精装修|低层(共30层),已爬取
819,泷璟,909611,https://liny.zu.anjuke.com/fangyuan/4632026242903045,3室1厅|合租|精装修|中层(共16层),已爬取
820,泷璟,909611,https://liny.zu.anjuke.com/fangyuan/4542767052315659,1室1厅|合租|精装修|中层(共30层),已爬取
821,泷璟,909611,https://liny.zu.anjuke.com/fangyuan/4616818788213766,3室1厅|合租|精装修|中层(共30层),已爬取
822,泷璟,909611,https://liny.zu.anjuke.com/fangyuan/4602184592190469,1室1厅|合租|精装修|高层(共22层),已爬取
823,泷璟,909611,https://liny.zu.anjuke.com/fangyuan/4599399882566660,1室1厅|合租|精装修|中层(共33层),已爬取
824,泷璟,909611,https://liny.zu.anjuke.com/fangyuan/4594025980943368,3室2厅|整租|精装修|中层(共30层),已爬取
825,泷璟,909611,https://liny.zu.anjuke.com/fangyuan/4548736489561099,3室2厅|合租|精装修|中层(共24层),已爬取
826,泷璟,909611,https://liny.zu.anjuke.com/fangyuan/4598276234732554,2室2厅|整租|精装修|中层(共32层),已爬取
827,泷璟,909611,https://liny.zu.anjuke.com/fangyuan/4609509260796929,4室2厅|整租|精装修|中层(共8层),已爬取
828,泷璟,909611,https://liny.zu.anjuke.com/fangyuan/4554089595694094,1室1厅|整租|精装修|中层(共23层),已爬取
829,沂龙湾润园,678259,https://liny.zu.anjuke.com/fangyuan/4535719732159498,3室2厅|整租|精装修|低层(共26层),已爬取
830,沂龙湾润园,678259,https://liny.zu.anjuke.com/fangyuan/4475063043021824,3室2厅|整租|精装修|低层(共32层),已爬取
831,沂龙湾润园,678259,https://liny.zu.anjuke.com/fangyuan/4531641849799690,2室2厅|整租|简单装修|高层(共30层),已爬取
832,沂龙湾润园,678259,https://liny.zu.anjuke.com/fangyuan/4533079884702724,3室2厅|整租|精装修|中层(共6层),已爬取
833,沂龙湾润园,678259,https://liny.zu.anjuke.com/fangyuan/4582453322376197,2室2厅|整租|精装修|高层(共30层),已爬取
834,沂龙湾润园,678259,https://liny.zu.anjuke.com/fangyuan/4582778568481794,2室2厅|整租|精装修|高层(共33层),已爬取
835,沂龙湾润园,678259,https://liny.zu.anjuke.com/fangyuan/4569728525577220,2室2厅|整租|精装修|低层(共17层),已爬取
836,沂龙湾润园,678259,https://liny.zu.anjuke.com/fangyuan/4559887507725327,2室1厅|整租|简单装修|中层(共33层),已爬取
837,沂龙湾润园,678259,https://liny.zu.anjuke.com/fangyuan/4602211618153482,3室2厅|整租|精装修|中层(共6层),已爬取
838,沂龙湾润园,678259,https://liny.zu.anjuke.com/fangyuan/4515846908107777,3室2厅|整租|精装修|中层(共18层),已爬取
839,泰鑫东望府,1060274,https://liny.zu.anjuke.com/fangyuan/4479302829992966,3室2厅|整租|精装修|高层(共11层),已爬取
840,泰鑫东望府,1060274,https://liny.zu.anjuke.com/fangyuan/4515958443301897,3室2厅|整租|精装修|高层(共11层),已爬取
841,泰鑫东望府,1060274,https://liny.zu.anjuke.com/fangyuan/4516290413603847,3室2厅|整租|精装修|高层(共12层),已爬取
842,泰鑫东望府,1060274,https://liny.zu.anjuke.com/fangyuan/4516320684551168,3室2厅|整租|精装修|高层(共11层),已爬取
843,泰鑫东望府,1060274,https://liny.zu.anjuke.com/fangyuan/4596820566793223,3室2厅|整租|简单装修|高层(共11层),已爬取
844,泰鑫东望府,1060274,https://liny.zu.anjuke.com/fangyuan/4523228218858510,3室2厅|整租|精装修|高层(共11层),已爬取
845,泰鑫东望府,1060274,https://liny.zu.anjuke.com/fangyuan/4531695691539471,3室2厅|整租|精装修|高层(共11层),已爬取
846,泰鑫东望府,1060274,https://liny.zu.anjuke.com/fangyuan/4463678197392388,3室2厅|整租|精装修|高层(共11层),已爬取
847,泰鑫东望府,1060274,https://liny.zu.anjuke.com/fangyuan/4514562817106958,3室2厅|整租|精装修|高层(共13层),已爬取
848,泰鑫东望府,1060274,https://liny.zu.anjuke.com/fangyuan/4391666908277764,3室2厅|整租|精装修|高层(共15层),已爬取
849,天元国际,677333,https://liny.zu.anjuke.com/fangyuan/4493335440206858,1室0厅|整租|精装修|中层(共30层),已爬取
850,天元国际,677333,https://liny.zu.anjuke.com/fangyuan/4560940243624963,1室1厅|整租|简单装修|高层(共22层),已爬取
851,天元国际,677333,https://liny.zu.anjuke.com/fangyuan/3935865291793409,1室1厅|整租|精装修|中层(共29层),已爬取
852,天元国际,677333,https://liny.zu.anjuke.com/fangyuan/4633365098554378,1室1厅|整租|精装修|中层(共26层),已爬取
853,天元国际,677333,https://liny.zu.anjuke.com/fangyuan/4527548203572225,2室2厅|整租|精装修|中层(共17层),已爬取
854,天元国际,677333,https://liny.zu.anjuke.com/fangyuan/4480934085647363,1室1厅|整租|精装修|中层(共29层),已爬取
855,天元国际,677333,https://liny.zu.anjuke.com/fangyuan/3938658577425423,1室1厅|整租|豪华装修|高层(共31层),已爬取
856,天元国际,677333,https://liny.zu.anjuke.com/fangyuan/3542292467490825,1室1厅|整租|精装修|中层(共26层),已爬取
857,天元国际,677333,https://liny.zu.anjuke.com/fangyuan/4328310063964168,1室1厅|整租|精装修|中层(共22层),已爬取
858,天元国际,677333,https://liny.zu.anjuke.com/fangyuan/4095465233473538,1室1厅|整租|精装修|中层(共31层),已爬取
859,卧龙嘉苑,677018,https://liny.zu.anjuke.com/fangyuan/4439413945654286,3室2厅|整租|精装修|中层(共17层),已爬取
860,卧龙嘉苑,677018,https://liny.zu.anjuke.com/fangyuan/4541846440221705,3室2厅|整租|精装修|中层(共17层),已爬取
861,卧龙嘉苑,677018,https://liny.zu.anjuke.com/fangyuan/4585639289887754,3室1厅|整租|精装修|高层(共11层),已爬取
862,卧龙嘉苑,677018,https://liny.zu.anjuke.com/fangyuan/4584084647422985,3室2厅|整租|精装修|高层(共11层),已爬取
863,御景苑,972725,https://liny.zu.anjuke.com/fangyuan/4524353948511243,3室2厅|整租|精装修|高层(共26层),已爬取
864,御景苑,972725,https://liny.zu.anjuke.com/fangyuan/4625215286406149,3室2厅|整租|精装修|中层(共11层),已爬取
865,御景苑,972725,https://liny.zu.anjuke.com/fangyuan/4537204453940228,3室2厅|整租|精装修|高层(共28层),已爬取
866,御景苑,972725,https://liny.zu.anjuke.com/fangyuan/4537168195103751,3室2厅|整租|精装修|高层(共17层),已爬取
867,御景苑,972725,https://liny.zu.anjuke.com/fangyuan/3506851237485579,4室2厅|整租|精装修|高层(共11层),已爬取
868,御景苑,972725,https://liny.zu.anjuke.com/fangyuan/4514994589047809,4室2厅|合租|精装修|中层(共24层),已爬取
869,御景苑,972725,https://liny.zu.anjuke.com/fangyuan/4633407725792270,3室2厅|整租|简单装修|中层(共11层),已爬取
870,御景苑,972725,https://liny.zu.anjuke.com/fangyuan/4618100853038085,3室2厅|合租|精装修|高层(共16层),已爬取
871,御景苑,972725,https://liny.zu.anjuke.com/fangyuan/4531768524106756,3室2厅|整租|精装修|中层(共11层),已爬取
872,御景苑,972725,https://liny.zu.anjuke.com/fangyuan/4572777580551180,4室2厅|整租|精装修|低层(共18层),已爬取
873,祥园,678331,https://liny.zu.anjuke.com/fangyuan/4329367895874573,4室2厅|整租|简单装修|高层(共18层),已爬取
874,祥园,678331,https://liny.zu.anjuke.com/fangyuan/4511710156008463,3室2厅|整租|精装修|低层(共26层),已爬取
875,秀水雅苑小区,781049,https://liny.zu.anjuke.com/fangyuan/4443978937017349,2室2厅|整租|精装修|高层(共26层),已爬取
876,秀水雅苑小区,781049,https://liny.zu.anjuke.com/fangyuan/4526117594356747,3室2厅|整租|精装修|中层(共10层),已爬取
877,秀水雅苑小区,781049,https://liny.zu.anjuke.com/fangyuan/4592330933869577,2室2厅|整租|精装修|高层(共26层),已爬取
878,秀水雅苑小区,781049,https://liny.zu.anjuke.com/fangyuan/4592328257414159,3室2厅|整租|精装修|高层(共26层),已爬取
879,秀水雅苑小区,781049,https://liny.zu.anjuke.com/fangyuan/4615005343591439,2室2厅|整租|精装修|低层(共26层),已爬取
880,秀水雅苑小区,781049,https://liny.zu.anjuke.com/fangyuan/4608263400907783,3室2厅|整租|精装修|高层(共30层),已爬取
881,秀水雅苑小区,781049,https://liny.zu.anjuke.com/fangyuan/4609314672962563,2室2厅|整租|简单装修|中层(共26层),已爬取
882,秀水雅苑小区,781049,https://liny.zu.anjuke.com/fangyuan/4592313258025996,3室1厅|整租|精装修|高层(共26层),已爬取
883,秀水雅苑小区,781049,https://liny.zu.anjuke.com/fangyuan/4592317193825282,3室1厅|整租|精装修|高层(共26层),已爬取
884,秀水雅苑小区,781049,https://liny.zu.anjuke.com/fangyuan/4585482348583948,3室2厅|整租|精装修|中层(共10层),已爬取
885,拉菲公馆,923541,https://liny.zu.anjuke.com/fangyuan/4633247922349070,1室1厅|合租|精装修|低层(共19层),已爬取
886,拉菲公馆,923541,https://liny.zu.anjuke.com/fangyuan/4618070357877773,3室2厅|整租|豪华装修|高层(共32层),已爬取
887,拉菲公馆,923541,https://liny.zu.anjuke.com/fangyuan/4591174811278343,1室1厅|合租|精装修|低层(共33层),已爬取
888,拉菲公馆,923541,https://liny.zu.anjuke.com/fangyuan/4609367132253188,3室2厅|整租|精装修|中层(共33层),已爬取
889,拉菲公馆,923541,https://liny.zu.anjuke.com/fangyuan/4608079752029191,3室2厅|整租|精装修|高层(共33层),已爬取
890,拉菲公馆,923541,https://liny.zu.anjuke.com/fangyuan/4631019202653191,3室1厅|合租|精装修|中层(共23层),已爬取
891,拉菲公馆,923541,https://liny.zu.anjuke.com/fangyuan/4555969709415434,3室2厅|整租|精装修|中层(共30层),已爬取
892,拉菲公馆,923541,https://liny.zu.anjuke.com/fangyuan/4529323603827720,3室2厅|整租|简单装修|低层(共30层),已爬取
893,拉菲公馆,923541,https://liny.zu.anjuke.com/fangyuan/4598044867109898,3室2厅|整租|精装修|高层(共33层),已爬取
894,拉菲公馆,923541,https://liny.zu.anjuke.com/fangyuan/4595450540776462,3室2厅|整租|精装修|中层(共33层),已爬取
895,致远翡翠园,863541,https://liny.zu.anjuke.com/fangyuan/4595399761566730,2室1厅|整租|精装修|中层(共9层),已爬取
896,致远翡翠园,863541,https://liny.zu.anjuke.com/fangyuan/4578589238764552,3室2厅|整租|豪华装修|高层(共8层),已爬取
897,荣盛华府,863269,https://liny.zu.anjuke.com/fangyuan/4622214678094850,3室2厅|合租|豪华装修|低层(共30层),已爬取
898,荣盛华府,863269,https://liny.zu.anjuke.com/fangyuan/4522260367744002,2室0厅|合租|精装修|低层(共38层),已爬取
899,荣盛华府,863269,https://liny.zu.anjuke.com/fangyuan/4552706951062543,3室1厅|合租|精装修|低层(共26层),已爬取
900,荣盛华府,863269,https://liny.zu.anjuke.com/fangyuan/4412525320563718,3室2厅|合租|精装修|中层(共20层),已爬取
901,荣盛华府,863269,https://liny.zu.anjuke.com/fangyuan/4394225317063689,3室1厅|合租|精装修|中层(共20层),已爬取
902,荣盛华府,863269,https://liny.zu.anjuke.com/fangyuan/4354717529234445,3室2厅|合租|精装修|中层(共30层),已爬取
903,荣盛华府,863269,https://liny.zu.anjuke.com/fangyuan/4486135234702349,3室2厅|合租|精装修|中层(共30层),已爬取
904,荣盛华府,863269,https://liny.zu.anjuke.com/fangyuan/4631994196798476,3室2厅|合租|精装修|中层(共30层),已爬取
905,荣盛华府,863269,https://liny.zu.anjuke.com/fangyuan/4384477456866305,3室2厅|合租|精装修|中层(共15层),已爬取
906,荣盛华府,863269,https://liny.zu.anjuke.com/fangyuan/4542797468359693,3室2厅|合租|精装修|中层(共23层),已爬取
907,昆仑花园,676857,https://liny.zu.anjuke.com/fangyuan/4631957182080003,3室2厅|整租|精装修|高层(共6层),已爬取
908,昆仑花园,676857,https://liny.zu.anjuke.com/fangyuan/4483348963826692,3室2厅|整租|简单装修|高层(共6层),已爬取
909,昆仑花园,676857,https://liny.zu.anjuke.com/fangyuan/4629708177187842,3室2厅|整租|简单装修|低层(共6层),已爬取
910,昆仑花园,676857,https://liny.zu.anjuke.com/fangyuan/4482054352493582,3室2厅|整租|精装修|中层(共6层),已爬取
911,昆仑花园,676857,https://liny.zu.anjuke.com/fangyuan/4556922419422211,3室2厅|整租|简单装修|中层(共6层),已爬取
912,昆仑花园,676857,https://liny.zu.anjuke.com/fangyuan/4483601531710471,3室2厅|整租|简单装修|高层(共6层),已爬取
913,昆仑花园,676857,https://liny.zu.anjuke.com/fangyuan/4602692310182921,3室2厅|整租|简单装修|低层(共6层),已爬取
914,昆仑花园,676857,https://liny.zu.anjuke.com/fangyuan/4483426557111307,3室2厅|整租|简单装修|高层(共6层),已爬取
915,昆仑花园,676857,https://liny.zu.anjuke.com/fangyuan/4584209352338434,3室2厅|整租|简单装修|高层(共6层),已爬取
916,昆仑花园,676857,https://liny.zu.anjuke.com/fangyuan/4483612144722945,3室1厅|整租|简单装修|中层(共6层),已爬取
917,龙盛幸福里,677067,https://liny.zu.anjuke.com/fangyuan/4597126075180044,1室1厅|整租|精装修|低层(共23层),已爬取
918,龙盛幸福里,677067,https://liny.zu.anjuke.com/fangyuan/4633400125238286,3室2厅|整租|精装修|共5层,已爬取
919,龙盛幸福里,677067,https://liny.zu.anjuke.com/fangyuan/4470729155877897,3室2厅|整租|简单装修|高层(共6层),已爬取
920,龙盛幸福里,677067,https://liny.zu.anjuke.com/fangyuan/4591014899739657,3室2厅|整租|精装修|低层(共6层),已爬取
921,龙盛幸福里,677067,https://liny.zu.anjuke.com/fangyuan/4617735660856333,3室2厅|整租|精装修|中层(共6层),已爬取
922,龙盛幸福里,677067,https://liny.zu.anjuke.com/fangyuan/4620646834969613,1室1厅|整租|简单装修|高层(共23层),已爬取
923,龙盛幸福里,677067,https://liny.zu.anjuke.com/fangyuan/4541344709176331,3室2厅|整租|精装修|高层(共6层),已爬取
924,龙盛幸福里,677067,https://liny.zu.anjuke.com/fangyuan/4564191277491203,3室2厅|整租|精装修|低层(共6层),已爬取
925,龙盛幸福里,677067,https://liny.zu.anjuke.com/fangyuan/4626468917767173,3室2厅|整租|精装修|低层(共6层),已爬取
926,龙盛幸福里,677067,https://liny.zu.anjuke.com/fangyuan/4616438278171659,3室1厅|整租|精装修|低层(共6层),已爬取
927,邑东福邸,973231,https://liny.zu.anjuke.com/fangyuan/4582676502078474,4室2厅|整租|精装修|高层(共17层),已爬取
928,邑东福邸,973231,https://liny.zu.anjuke.com/fangyuan/4593848636959752,3室2厅|整租|精装修|高层(共20层),已爬取
929,邑东福邸,973231,https://liny.zu.anjuke.com/fangyuan/4513420022144008,3室2厅|整租|精装修|高层(共31层),已爬取
930,邑东福邸,973231,https://liny.zu.anjuke.com/fangyuan/4548769391881230,1室1厅|合租|简单装修|共3层,已爬取
931,邑东福邸,973231,https://liny.zu.anjuke.com/fangyuan/4592255396682757,3室2厅|整租|精装修|高层(共32层),已爬取
932,邑东福邸,973231,https://liny.zu.anjuke.com/fangyuan/4585983481392137,3室2厅|整租|精装修|高层(共17层),已爬取
933,邑东福邸,973231,https://liny.zu.anjuke.com/fangyuan/4582923169096710,3室2厅|整租|精装修|高层(共31层),已爬取
934,邑东福邸,973231,https://liny.zu.anjuke.com/fangyuan/4572348637064206,3室2厅|整租|精装修|高层(共32层),已爬取
935,怡和国际,1007905,https://liny.zu.anjuke.com/fangyuan/4612156080270345,3室2厅|整租|精装修|中层(共27层),已爬取
936,怡和国际,1007905,https://liny.zu.anjuke.com/fangyuan/4616854049907721,2室2厅|整租|精装修|高层(共30层),已爬取
937,怡和国际,1007905,https://liny.zu.anjuke.com/fangyuan/4595676501810187,3室2厅|整租|精装修|高层(共24层),已爬取
938,怡和国际,1007905,https://liny.zu.anjuke.com/fangyuan/4585473752671241,2室2厅|整租|精装修|中层(共20层),已爬取
939,怡和国际,1007905,https://liny.zu.anjuke.com/fangyuan/4295123573812225,4室2厅|整租|精装修|高层(共9层),已爬取
940,怡和国际,1007905,https://liny.zu.anjuke.com/fangyuan/4464995561104387,2室2厅|整租|精装修|高层(共28层),已爬取
941,怡和国际,1007905,https://liny.zu.anjuke.com/fangyuan/4577120960719882,3室2厅|整租|简单装修|中层(共9层),已爬取
942,怡和国际,1007905,https://liny.zu.anjuke.com/fangyuan/4612141975202826,2室1厅|整租|精装修|高层(共27层),已爬取
943,怡和国际,1007905,https://liny.zu.anjuke.com/fangyuan/4588328488573963,3室2厅|整租|精装修|中层(共28层),已爬取
944,怡和国际,1007905,https://liny.zu.anjuke.com/fangyuan/4626888507319306,2室1厅|整租|精装修|中层(共28层),已爬取
945,华强领秀城,713715,https://liny.zu.anjuke.com/fangyuan/4582945599036418,3室2厅|合租|精装修|中层(共7层),已爬取
946,华强领秀城,713715,https://liny.zu.anjuke.com/fangyuan/4235728073711628,3室1厅|合租|精装修|中层(共28层),已爬取
947,华强领秀城,713715,https://liny.zu.anjuke.com/fangyuan/4585194783351809,3室2厅|合租|精装修|中层(共18层),已爬取
948,华强领秀城,713715,https://liny.zu.anjuke.com/fangyuan/4620652362652680,2室2厅|合租|精装修|中层(共32层),已爬取
949,华强领秀城,713715,https://liny.zu.anjuke.com/fangyuan/4568422658663429,4室2厅|合租|精装修|高层(共8层),已爬取
950,华强领秀城,713715,https://liny.zu.anjuke.com/fangyuan/4366137054716941,3室2厅|合租|精装修|高层(共17层),已爬取
951,华强领秀城,713715,https://liny.zu.anjuke.com/fangyuan/4588220664978440,3室2厅|合租|精装修|低层(共30层),已爬取
952,华强领秀城,713715,https://liny.zu.anjuke.com/fangyuan/4309964495449096,3室2厅|合租|精装修|中层(共30层),已爬取
953,华强领秀城,713715,https://liny.zu.anjuke.com/fangyuan/4513010812593162,3室1厅|整租|精装修|高层(共31层),已爬取
954,华强领秀城,713715,https://liny.zu.anjuke.com/fangyuan/4512137331448836,2室2厅|整租|精装修|中层(共32层),已爬取
955,威特天元广场,677225,https://liny.zu.anjuke.com/fangyuan/4489440551642123,3室2厅|合租|精装修|低层(共32层),已爬取
956,威特天元广场,677225,https://liny.zu.anjuke.com/fangyuan/4632699113808903,3室2厅|合租|精装修|中层(共32层),已爬取
957,威特天元广场,677225,https://liny.zu.anjuke.com/fangyuan/4565380414446606,3室2厅|合租|精装修|高层(共14层),已爬取
958,威特天元广场,677225,https://liny.zu.anjuke.com/fangyuan/4605357056484361,3室2厅|合租|精装修|中层(共30层),已爬取
959,威特天元广场,677225,https://liny.zu.anjuke.com/fangyuan/4278000729369615,3室2厅|合租|精装修|中层(共22层),已爬取
960,威特天元广场,677225,https://liny.zu.anjuke.com/fangyuan/4573909724079109,3室2厅|整租|精装修|低层(共29层),已爬取
961,威特天元广场,677225,https://liny.zu.anjuke.com/fangyuan/4588581166361607,3室2厅|整租|精装修|低层(共29层),已爬取
962,威特天元广场,677225,https://liny.zu.anjuke.com/fangyuan/4569755986600960,2室2厅|整租|精装修|中层(共30层),已爬取
963,威特天元广场,677225,https://liny.zu.anjuke.com/fangyuan/4517863157165061,2室2厅|整租|精装修|中层(共31层),已爬取
964,威特天元广场,677225,https://liny.zu.anjuke.com/fangyuan/4534161561623567,2室2厅|整租|精装修|高层(共31层),已爬取
965,金泰华府(北区),972982,https://liny.zu.anjuke.com/fangyuan/4531741741736970,3室2厅|合租|精装修|中层(共25层),已爬取
966,金泰华府(北区),972982,https://liny.zu.anjuke.com/fangyuan/4483417037167623,3室2厅|合租|精装修|中层(共10层),已爬取
967,金泰华府(北区),972982,https://liny.zu.anjuke.com/fangyuan/4620611286737923,3室2厅|合租|精装修|中层(共30层),已爬取
968,金泰华府(北区),972982,https://liny.zu.anjuke.com/fangyuan/4554066706373642,3室2厅|合租|精装修|中层(共19层),已爬取
969,金泰华府(北区),972982,https://liny.zu.anjuke.com/fangyuan/4538994299724814,3室2厅|合租|精装修|高层(共20层),已爬取
970,金泰华府(北区),972982,https://liny.zu.anjuke.com/fangyuan/4596976652837888,3室2厅|整租|精装修|中层(共34层),已爬取
971,金泰华府(北区),972982,https://liny.zu.anjuke.com/fangyuan/4594026910526477,2室2厅|整租|精装修|中层(共34层),已爬取
972,金泰华府(北区),972982,https://liny.zu.anjuke.com/fangyuan/4623640265436161,3室2厅|整租|精装修|中层(共21层),已爬取
973,金泰华府(北区),972982,https://liny.zu.anjuke.com/fangyuan/4548825412019200,3室2厅|整租|精装修|高层(共34层),已爬取
974,金泰华府(北区),972982,https://liny.zu.anjuke.com/fangyuan/4612183086062601,3室2厅|整租|精装修|低层(共18层),已爬取
975,青啤早安时区,972721,https://liny.zu.anjuke.com/fangyuan/4603863566492686,3室2厅|整租|精装修|高层(共26层),已爬取
976,青啤早安时区,972721,https://liny.zu.anjuke.com/fangyuan/4614219578698758,3室2厅|整租|精装修|高层(共18层),已爬取
977,青啤早安时区,972721,https://liny.zu.anjuke.com/fangyuan/4578685792332811,3室2厅|整租|精装修|中层(共26层),已爬取
978,青啤早安时区,972721,https://liny.zu.anjuke.com/fangyuan/4625312282024965,3室2厅|整租|简单装修|中层(共6层),已爬取
979,青啤早安时区,972721,https://liny.zu.anjuke.com/fangyuan/4528963338066957,3室2厅|整租|简单装修|低层(共11层),已爬取
980,青啤早安时区,972721,https://liny.zu.anjuke.com/fangyuan/4623590105703431,3室2厅|整租|精装修|高层(共26层),已爬取
981,青啤早安时区,972721,https://liny.zu.anjuke.com/fangyuan/4605059444567053,3室2厅|整租|简单装修|中层(共7层),已爬取
982,青啤早安时区,972721,https://liny.zu.anjuke.com/fangyuan/4619282756611081,3室2厅|整租|精装修|中层(共17层),已爬取
983,青啤早安时区,972721,https://liny.zu.anjuke.com/fangyuan/4517805067971587,3室2厅|整租|精装修|高层(共26层),已爬取
984,青啤早安时区,972721,https://liny.zu.anjuke.com/fangyuan/4565745164086278,3室2厅|整租|精装修|低层(共18层),已爬取
985,意林公馆,1018019,https://liny.zu.anjuke.com/fangyuan/4633590773406720,3室2厅|整租|精装修|中层(共26层),已爬取
986,意林公馆,1018019,https://liny.zu.anjuke.com/fangyuan/4622542891066378,4室2厅|整租|豪华装修|中层(共30层),已爬取
987,意林公馆,1018019,https://liny.zu.anjuke.com/fangyuan/4606533083603970,2室2厅|整租|豪华装修|高层(共32层),已爬取
988,意林公馆,1018019,https://liny.zu.anjuke.com/fangyuan/4593940418010112,3室2厅|整租|精装修|高层(共26层),已爬取
989,意林公馆,1018019,https://liny.zu.anjuke.com/fangyuan/4626585909238788,2室1厅|整租|精装修|高层(共30层),已爬取
990,意林公馆,1018019,https://liny.zu.anjuke.com/fangyuan/4538927595234304,4室2厅|整租|精装修|高层(共34层),已爬取
991,意林公馆,1018019,https://liny.zu.anjuke.com/fangyuan/4493631927100430,4室2厅|整租|精装修|中层(共26层),已爬取
992,意林公馆,1018019,https://liny.zu.anjuke.com/fangyuan/4578490761108483,2室2厅|整租|精装修|高层(共31层),已爬取
993,意林公馆,1018019,https://liny.zu.anjuke.com/fangyuan/4500996544015371,3室2厅|整租|精装修|高层(共30层),已爬取
994,意林公馆,1018019,https://liny.zu.anjuke.com/fangyuan/4626505953453058,2室2厅|整租|精装修|低层(共30层),已爬取
995,同心花园,1186429,https://liny.zu.anjuke.com/fangyuan/4629672071097354,3室1厅|合租|精装修|低层(共17层),已爬取
996,同心花园,1186429,https://liny.zu.anjuke.com/fangyuan/4631585891884035,3室1厅|合租|精装修|低层(共10层),已爬取
997,同心花园,1186429,https://liny.zu.anjuke.com/fangyuan/4613584309754889,3室2厅|整租|简单装修|高层(共6层),已爬取
998,同心花园,1186429,https://liny.zu.anjuke.com/fangyuan/4605442496078863,1室1厅|整租|简单装修|低层(共24层),已爬取
999,同心花园,1186429,https://liny.zu.anjuke.com/fangyuan/4599737526232073,1室1厅|整租|精装修|低层(共24层),已爬取
1000,同心花园,1186429,https://liny.zu.anjuke.com/fangyuan/4592676071400449,2室1厅|整租|简单装修|高层(共26层),已爬取
1001,同心花园,1186429,https://liny.zu.anjuke.com/fangyuan/4633358361175049,1室0厅|整租|简单装修|低层(共23层),已爬取
1002,同心花园,1186429,https://liny.zu.anjuke.com/fangyuan/4576812397456390,1室1厅|整租|精装修|高层(共23层),已爬取
1003,同心花园,1186429,https://liny.zu.anjuke.com/fangyuan/4557426392488973,2室2厅|整租|精装修|高层(共20层),已爬取
1004,同心花园,1186429,https://liny.zu.anjuke.com/fangyuan/4572868465058822,2室2厅|整租|简单装修|高层(共23层),已爬取
1005,盛世花城,677843,https://liny.zu.anjuke.com/fangyuan/4092544620699650,2室2厅|整租|精装修|低层(共11层),已爬取
1006,盛世花城,677843,https://liny.zu.anjuke.com/fangyuan/4587076371506191,4室2厅|整租|精装修|共5层,已爬取
1007,盛世花城,677843,https://liny.zu.anjuke.com/fangyuan/4587052034595847,3室2厅|整租|精装修|高层(共17层),已爬取
1008,盛世花城,677843,https://liny.zu.anjuke.com/fangyuan/4620581494238210,2室2厅|整租|精装修|中层(共17层),已爬取
1009,盛世花城,677843,https://liny.zu.anjuke.com/fangyuan/4606794346671110,3室2厅|整租|精装修|高层(共17层),已爬取
1010,盛世花城,677843,https://liny.zu.anjuke.com/fangyuan/4595880464690184,2室2厅|整租|简单装修|高层(共11层),已爬取
1011,盛世花城,677843,https://liny.zu.anjuke.com/fangyuan/4572853716872202,2室2厅|整租|精装修|中层(共18层),已爬取
1012,盛世花城,677843,https://liny.zu.anjuke.com/fangyuan/4623544394228744,3室2厅|整租|精装修|中层(共17层),已爬取
1013,盛世花城,677843,https://liny.zu.anjuke.com/fangyuan/4581468451204110,2室1厅|整租|精装修|中层(共17层),已爬取
1014,盛世花城,677843,https://liny.zu.anjuke.com/fangyuan/4363463791812617,2室2厅|整租|精装修|高层(共17层),已爬取
1015,中南林樾,1280431,https://liny.zu.anjuke.com/fangyuan/4608297930218499,3室2厅|整租|精装修|高层(共26层),已爬取
1016,中南林樾,1280431,https://liny.zu.anjuke.com/fangyuan/4464380534828044,3室2厅|整租|精装修|高层(共29层),已爬取
1017,中南林樾,1280431,https://liny.zu.anjuke.com/fangyuan/4633733545647118,3室2厅|整租|精装修|高层(共25层),已爬取
1018,中南林樾,1280431,https://liny.zu.anjuke.com/fangyuan/4487579722490890,3室2厅|整租|精装修|低层(共26层),已爬取
1019,中南林樾,1280431,https://liny.zu.anjuke.com/fangyuan/4630882240191499,3室2厅|整租|精装修|低层(共24层),已爬取
1020,中南林樾,1280431,https://liny.zu.anjuke.com/fangyuan/4602424417133574,3室2厅|整租|精装修|中层(共26层),已爬取
1021,中南林樾,1280431,https://liny.zu.anjuke.com/fangyuan/4560136281498624,3室2厅|整租|精装修|高层(共26层),已爬取
1022,中南林樾,1280431,https://liny.zu.anjuke.com/fangyuan/4498890259684352,4室2厅|整租|豪华装修|中层(共30层),已爬取
1023,中南林樾,1280431,https://liny.zu.anjuke.com/fangyuan/4466774501809163,3室2厅|整租|豪华装修|中层(共30层),已爬取
1024,中南林樾,1280431,https://liny.zu.anjuke.com/fangyuan/4573203955985409,3室2厅|整租|豪华装修|低层(共26层),已爬取
1025,柳青齐鲁园,678263,https://liny.zu.anjuke.com/fangyuan/4612159021327368,3室2厅|整租|精装修|中层(共23层),已爬取
1026,柳青齐鲁园,678263,https://liny.zu.anjuke.com/fangyuan/4516118768397313,3室2厅|整租|精装修|高层(共17层),已爬取
1027,柳青齐鲁园,678263,https://liny.zu.anjuke.com/fangyuan/4609630763705344,3室2厅|整租|精装修|高层(共17层),已爬取
1028,柳青齐鲁园,678263,https://liny.zu.anjuke.com/fangyuan/4622426413147141,3室2厅|整租|简单装修|高层(共11层),已爬取
1029,柳青齐鲁园,678263,https://liny.zu.anjuke.com/fangyuan/4586720644803592,2室2厅|整租|精装修|低层(共17层),已爬取
1030,柳青齐鲁园,678263,https://liny.zu.anjuke.com/fangyuan/4509172098132995,4室2厅|整租|精装修|高层(共11层),已爬取
1031,柳青齐鲁园,678263,https://liny.zu.anjuke.com/fangyuan/4630898134690818,3室2厅|整租|精装修|高层(共11层),已爬取
1032,柳青齐鲁园,678263,https://liny.zu.anjuke.com/fangyuan/4577152369615882,2室2厅|整租|精装修|低层(共17层),已爬取
1033,城建时代庄园,792843,https://liny.zu.anjuke.com/fangyuan/4471183989990407,3室2厅|整租|精装修|低层(共6层),已爬取
1034,城建时代庄园,792843,https://liny.zu.anjuke.com/fangyuan/4530549841980422,3室2厅|整租|精装修|共5层,已爬取
1035,城建时代庄园,792843,https://liny.zu.anjuke.com/fangyuan/4287952989233153,3室2厅|整租|精装修|低层(共6层),已爬取
1036,城建时代庄园,792843,https://liny.zu.anjuke.com/fangyuan/4622690475516942,3室2厅|整租|精装修|中层(共6层),已爬取
1037,汇通天下,991341,https://liny.zu.anjuke.com/fangyuan/4623925462227979,1室1厅|整租|精装修|低层(共22层),已爬取
1038,汇通天下,991341,https://liny.zu.anjuke.com/fangyuan/4411101623512072,3室1厅|合租|精装修|中层(共11层),已爬取
1039,汇通天下,991341,https://liny.zu.anjuke.com/fangyuan/4618045548583947,3室1厅|合租|精装修|中层(共14层),已爬取
1040,汇通天下,991341,https://liny.zu.anjuke.com/fangyuan/4230243876039686,3室1厅|合租|精装修|高层(共32层),已爬取
1041,汇通天下,991341,https://liny.zu.anjuke.com/fangyuan/4612306460453901,1室1厅|合租|精装修|中层(共22层),已爬取
1042,汇通天下,991341,https://liny.zu.anjuke.com/fangyuan/4607319517473806,3室2厅|合租|精装修|中层(共22层),已爬取
1043,汇通天下,991341,https://liny.zu.anjuke.com/fangyuan/4626027561376768,3室2厅|合租|精装修|低层(共19层),已爬取
1044,汇通天下,991341,https://liny.zu.anjuke.com/fangyuan/4612311934540801,1室1厅|合租|精装修|高层(共22层),已爬取
1045,汇通天下,991341,https://liny.zu.anjuke.com/fangyuan/4537264341376004,1室1厅|整租|精装修|中层(共27层),已爬取
1046,汇通天下,991341,https://liny.zu.anjuke.com/fangyuan/3657079423067149,1室1厅|整租|精装修|中层(共25层),已爬取
1047,檀都,1007304,https://liny.zu.anjuke.com/fangyuan/4564192097364994,2室2厅|整租|简单装修|高层(共6层),已爬取
1048,檀都,1007304,https://liny.zu.anjuke.com/fangyuan/4601279559640069,4室2厅|整租|精装修|高层(共11层),已爬取
1049,檀都,1007304,https://liny.zu.anjuke.com/fangyuan/4612412753814534,4室2厅|整租|简单装修|高层(共11层),已爬取
1050,檀都,1007304,https://liny.zu.anjuke.com/fangyuan/4633326688134153,3室2厅|整租|精装修|共5层,已爬取
1051,檀都,1007304,https://liny.zu.anjuke.com/fangyuan/4623723641773066,3室2厅|整租|精装修|共5层,已爬取
1052,檀都,1007304,https://liny.zu.anjuke.com/fangyuan/4581016266368013,3室2厅|整租|精装修|共5层,已爬取
1053,檀都,1007304,https://liny.zu.anjuke.com/fangyuan/4623568517520386,3室2厅|整租|精装修|中层(共11层),已爬取
1054,檀都,1007304,https://liny.zu.anjuke.com/fangyuan/4524391077407748,3室2厅|整租|简单装修|共5层,已爬取
1055,檀都,1007304,https://liny.zu.anjuke.com/fangyuan/4623758577572873,3室2厅|整租|简单装修|低层(共6层),已爬取
1056,檀都,1007304,https://liny.zu.anjuke.com/fangyuan/4290715091525641,2室2厅|整租|简单装修|高层(共6层),已爬取
1057,金茂花园,676883,https://liny.zu.anjuke.com/fangyuan/4619546842622986,3室2厅|整租|精装修|低层(共15层),已爬取
1058,金茂花园,676883,https://liny.zu.anjuke.com/fangyuan/4612131420531713,3室2厅|整租|简单装修|低层(共32层),已爬取
1059,金茂花园,676883,https://liny.zu.anjuke.com/fangyuan/4611131817204743,3室2厅|整租|精装修|低层(共17层),已爬取
1060,金茂花园,676883,https://liny.zu.anjuke.com/fangyuan/4626307402048516,3室2厅|整租|精装修|低层(共15层),已爬取
1061,金茂花园,676883,https://liny.zu.anjuke.com/fangyuan/4632368800947214,3室2厅|整租|精装修|共1层,已爬取
1062,金茂花园,676883,https://liny.zu.anjuke.com/fangyuan/4531831345441801,4室2厅|整租|简单装修|中层(共17层),已爬取
1063,金茂花园,676883,https://liny.zu.anjuke.com/fangyuan/4624252949568514,3室2厅|整租|精装修|高层(共17层),已爬取
1064,金茂花园,676883,https://liny.zu.anjuke.com/fangyuan/4612485412711426,3室2厅|整租|精装修|低层(共15层),已爬取
1065,金茂花园,676883,https://liny.zu.anjuke.com/fangyuan/4565876349905932,4室2厅|整租|简单装修|中层(共16层),已爬取
1066,金茂花园,676883,https://liny.zu.anjuke.com/fangyuan/4622705174944778,3室2厅|整租|简单装修|高层(共15层),已爬取
1067,裕隆文博苑,973157,https://liny.zu.anjuke.com/fangyuan/4578693672180738,3室2厅|整租|精装修|低层(共7层),已爬取
1068,裕隆文博苑,973157,https://liny.zu.anjuke.com/fangyuan/4605365978618886,3室2厅|整租|精装修|中层(共7层),已爬取
1069,裕隆文博苑,973157,https://liny.zu.anjuke.com/fangyuan/4599771537169415,3室2厅|整租|精装修|中层(共7层),已爬取
1070,裕隆文博苑,973157,https://liny.zu.anjuke.com/fangyuan/4561404339577860,4室2厅|整租|简单装修|低层(共7层),已爬取
1071,裕隆文博苑,973157,https://liny.zu.anjuke.com/fangyuan/4599748691143691,3室2厅|整租|精装修|中层(共7层),已爬取
1072,裕隆文博苑,973157,https://liny.zu.anjuke.com/fangyuan/4491168374758403,3室2厅|整租|精装修|低层(共8层),已爬取
1073,爱伦坡,678323,https://liny.zu.anjuke.com/fangyuan/4384293535407110,3室2厅|合租|精装修|中层(共17层),已爬取
1074,爱伦坡,678323,https://liny.zu.anjuke.com/fangyuan/4624863353052165,3室2厅|合租|精装修|中层(共21层),已爬取
1075,爱伦坡,678323,https://liny.zu.anjuke.com/fangyuan/4584192523463687,2室2厅|整租|精装修|中层(共32层),已爬取
1076,爱伦坡,678323,https://liny.zu.anjuke.com/fangyuan/4614896299846664,3室2厅|整租|简单装修|高层(共30层),已爬取
1077,爱伦坡,678323,https://liny.zu.anjuke.com/fangyuan/4599456201387012,2室2厅|整租|精装修|低层(共32层),已爬取
1078,爱伦坡,678323,https://liny.zu.anjuke.com/fangyuan/4584161242342411,2室1厅|整租|精装修|高层(共32层),已爬取
1079,爱伦坡,678323,https://liny.zu.anjuke.com/fangyuan/4496451272125442,3室2厅|整租|豪华装修|中层(共30层),已爬取
1080,爱伦坡,678323,https://liny.zu.anjuke.com/fangyuan/4572517475621898,3室2厅|整租|精装修|中层(共31层),已爬取
1081,爱伦坡,678323,https://liny.zu.anjuke.com/fangyuan/4579909511113732,2室1厅|整租|精装修|高层(共32层),已爬取
1082,爱伦坡,678323,https://liny.zu.anjuke.com/fangyuan/4619185406565379,3室2厅|合租|精装修|中层(共20层),已爬取
1083,沂河观邸,972778,https://liny.zu.anjuke.com/fangyuan/4624828869813260,3室2厅|整租|精装修|高层(共16层),已爬取
1084,沂河观邸,972778,https://liny.zu.anjuke.com/fangyuan/4626949898365955,3室2厅|整租|简单装修|中层(共16层),已爬取
1085,沂河观邸,972778,https://liny.zu.anjuke.com/fangyuan/4624951418477580,3室2厅|整租|精装修|高层(共16层),已爬取
1086,沂河观邸,972778,https://liny.zu.anjuke.com/fangyuan/4616709280275470,3室2厅|整租|精装修|低层(共16层),已爬取
1087,沂河观邸,972778,https://liny.zu.anjuke.com/fangyuan/4554110263733250,3室2厅|整租|精装修|高层(共16层),已爬取
1088,沂河观邸,972778,https://liny.zu.anjuke.com/fangyuan/4615446133218310,2室2厅|整租|精装修|中层(共16层),已爬取
1089,沂河观邸,972778,https://liny.zu.anjuke.com/fangyuan/4609379103890446,3室2厅|整租|精装修|高层(共16层),已爬取
1090,沂河观邸,972778,https://liny.zu.anjuke.com/fangyuan/4576693526604808,3室2厅|整租|精装修|高层(共16层),已爬取
1091,沂河观邸,972778,https://liny.zu.anjuke.com/fangyuan/4633728875535365,3室2厅|整租|精装修|低层(共16层),已爬取
1092,沂河观邸,972778,https://liny.zu.anjuke.com/fangyuan/4618179110265862,2室2厅|整租|精装修|低层(共16层),已爬取
1093,纽约上城,766265,https://liny.zu.anjuke.com/fangyuan/4622473737018381,3室2厅|整租|精装修|中层(共28层),已爬取
1094,纽约上城,766265,https://liny.zu.anjuke.com/fangyuan/4048511817866242,3室2厅|整租|精装修|高层(共28层),已爬取
1095,纽约上城,766265,https://liny.zu.anjuke.com/fangyuan/4628293237007375,3室2厅|整租|精装修|中层(共29层),已爬取
1096,纽约上城,766265,https://liny.zu.anjuke.com/fangyuan/4625300094852109,3室2厅|整租|精装修|中层(共30层),已爬取
1097,纽约上城,766265,https://liny.zu.anjuke.com/fangyuan/4625256420715534,3室2厅|整租|精装修|中层(共29层),已爬取
1098,纽约上城,766265,https://liny.zu.anjuke.com/fangyuan/4617944246526980,3室2厅|整租|精装修|中层(共29层),已爬取
1099,纽约上城,766265,https://liny.zu.anjuke.com/fangyuan/4630942717635585,3室2厅|整租|精装修|中层(共27层),已爬取
1100,纽约上城,766265,https://liny.zu.anjuke.com/fangyuan/4633679718718467,3室2厅|整租|精装修|中层(共30层),已爬取
1101,纽约上城,766265,https://liny.zu.anjuke.com/fangyuan/4595697814989825,3室2厅|整租|精装修|中层(共27层),已爬取
1102,纽约上城,766265,https://liny.zu.anjuke.com/fangyuan/4584440012385295,3室2厅|整租|精装修|高层(共28层),已爬取
1103,广田悦城,676885,https://liny.zu.anjuke.com/fangyuan/4602180080802816,3室2厅|整租|精装修|中层(共23层),已爬取
1104,广田悦城,676885,https://liny.zu.anjuke.com/fangyuan/4581185090790404,1室1厅|整租|精装修|低层(共24层),已爬取
1105,广田悦城,676885,https://liny.zu.anjuke.com/fangyuan/4577122571299852,1室1厅|整租|精装修|高层(共31层),已爬取
1106,广田悦城,676885,https://liny.zu.anjuke.com/fangyuan/4487720906861583,2室2厅|整租|精装修|高层(共31层),已爬取
1107,广田悦城,676885,https://liny.zu.anjuke.com/fangyuan/4629536956525581,2室1厅|整租|精装修|中层(共32层),已爬取
1108,广田悦城,676885,https://liny.zu.anjuke.com/fangyuan/4431335361438725,1室1厅|整租|精装修|中层(共24层),已爬取
1109,广田悦城,676885,https://liny.zu.anjuke.com/fangyuan/4568849039830019,2室2厅|整租|精装修|中层(共32层),已爬取
1110,广田悦城,676885,https://liny.zu.anjuke.com/fangyuan/4514517877238785,3室2厅|整租|精装修|中层(共24层),已爬取
1111,广田悦城,676885,https://liny.zu.anjuke.com/fangyuan/4463745120347145,2室2厅|整租|精装修|高层(共28层),已爬取
1112,广田悦城,676885,https://liny.zu.anjuke.com/fangyuan/4487714033099779,2室2厅|整租|精装修|高层(共31层),已爬取
1113,高尔夫庄园,779965,https://liny.zu.anjuke.com/fangyuan/4598277868739591,3室2厅|合租|精装修|中层(共32层),已爬取
1114,高尔夫庄园,779965,https://liny.zu.anjuke.com/fangyuan/4619050969963521,3室1厅|合租|精装修|高层(共24层),已爬取
1115,高尔夫庄园,779965,https://liny.zu.anjuke.com/fangyuan/4604458057081867,3室2厅|合租|豪华装修|高层(共21层),已爬取
1116,高尔夫庄园,779965,https://liny.zu.anjuke.com/fangyuan/3812599735164942,3室2厅|合租|精装修|低层(共32层),已爬取
1117,高尔夫庄园,779965,https://liny.zu.anjuke.com/fangyuan/4631959824391178,3室2厅|合租|精装修|高层(共6层),已爬取
1118,高尔夫庄园,779965,https://liny.zu.anjuke.com/fangyuan/4633611281933313,3室2厅|合租|精装修|中层(共29层),已爬取
1119,高尔夫庄园,779965,https://liny.zu.anjuke.com/fangyuan/4617925848017923,2室2厅|整租|精装修|低层(共32层),已爬取
1120,高尔夫庄园,779965,https://liny.zu.anjuke.com/fangyuan/4516043477214212,5室5厅|合租|精装修|高层(共7层),已爬取
1121,高尔夫庄园,779965,https://liny.zu.anjuke.com/fangyuan/4535965893157902,3室2厅|整租|精装修|中层(共31层),已爬取
1122,高尔夫庄园,779965,https://liny.zu.anjuke.com/fangyuan/4013627599576065,3室2厅|整租|豪华装修|低层(共7层),已爬取
1123,旭洋城市风景,913066,https://liny.zu.anjuke.com/fangyuan/3846810894083072,3室2厅|合租|精装修|中层(共33层),已爬取
1124,旭洋城市风景,913066,https://liny.zu.anjuke.com/fangyuan/4602266234711051,1室1厅|整租|精装修|高层(共12层),已爬取
1125,旭洋城市风景,913066,https://liny.zu.anjuke.com/fangyuan/4631958999374849,3室1厅|整租|精装修|高层(共32层),已爬取
1126,旭洋城市风景,913066,https://liny.zu.anjuke.com/fangyuan/4531832420099082,1室1厅|整租|精装修|高层(共33层),已爬取
1127,旭洋城市风景,913066,https://liny.zu.anjuke.com/fangyuan/4408312806665227,2室2厅|整租|精装修|低层(共32层),已爬取
1128,旭洋城市风景,913066,https://liny.zu.anjuke.com/fangyuan/4571045009464321,1室1厅|整租|精装修|高层(共32层),已爬取
1129,旭洋城市风景,913066,https://liny.zu.anjuke.com/fangyuan/3921245515244557,1室1厅|整租|精装修|低层(共32层),已爬取
1130,旭洋城市风景,913066,https://liny.zu.anjuke.com/fangyuan/4631977927306250,3室2厅|整租|精装修|高层(共32层),已爬取
1131,旭洋城市风景,913066,https://liny.zu.anjuke.com/fangyuan/4598333523078150,1室1厅|整租|精装修|高层(共33层),已爬取
1132,旭洋城市风景,913066,https://liny.zu.anjuke.com/fangyuan/4598295476759553,1室1厅|整租|精装修|高层(共32层),已爬取
1133,澜泊湾(三期),678321,https://liny.zu.anjuke.com/fangyuan/3907705570533391,3室2厅|合租|精装修|高层(共6层),已爬取
1134,澜泊湾(三期),678321,https://liny.zu.anjuke.com/fangyuan/4508973276388352,3室2厅|合租|精装修|低层(共18层),已爬取
1135,澜泊湾(三期),678321,https://liny.zu.anjuke.com/fangyuan/4510289597062156,3室2厅|合租|精装修|低层(共24层),已爬取
1136,澜泊湾(三期),678321,https://liny.zu.anjuke.com/fangyuan/4591296286663687,2室2厅|合租|精装修|低层(共18层),已爬取
1137,澜泊湾(三期),678321,https://liny.zu.anjuke.com/fangyuan/4615274844070927,2室2厅|整租|精装修|高层(共33层),已爬取
1138,澜泊湾(三期),678321,https://liny.zu.anjuke.com/fangyuan/4533290329072642,2室1厅|整租|精装修|低层(共30层),已爬取
1139,澜泊湾(三期),678321,https://liny.zu.anjuke.com/fangyuan/4605361811006465,3室2厅|整租|精装修|低层(共28层),已爬取
1140,澜泊湾(三期),678321,https://liny.zu.anjuke.com/fangyuan/4620753926136842,2室2厅|整租|精装修|中层(共31层),已爬取
1141,澜泊湾(三期),678321,https://liny.zu.anjuke.com/fangyuan/4558451473685513,3室2厅|整租|精装修|高层(共20层),已爬取
1142,澜泊湾(三期),678321,https://liny.zu.anjuke.com/fangyuan/4544435084076047,2室2厅|整租|精装修|低层(共33层),已爬取
1143,朴园,678211,https://liny.zu.anjuke.com/fangyuan/4627962651630597,3室2厅|整租|精装修|低层(共11层),已爬取
1144,朴园,678211,https://liny.zu.anjuke.com/fangyuan/4565401156836365,3室2厅|整租|精装修|低层(共17层),已爬取
1145,朴园,678211,https://liny.zu.anjuke.com/fangyuan/4614091268189187,3室2厅|整租|精装修|低层(共11层),已爬取
1146,朴园,678211,https://liny.zu.anjuke.com/fangyuan/4624951302185996,3室2厅|整租|精装修|低层(共11层),已爬取
1147,朴园,678211,https://liny.zu.anjuke.com/fangyuan/4598338236361735,3室2厅|整租|精装修|低层(共17层),已爬取
1148,朴园,678211,https://liny.zu.anjuke.com/fangyuan/4534639486692360,3室2厅|整租|精装修|低层(共17层),已爬取
1149,朴园,678211,https://liny.zu.anjuke.com/fangyuan/4625280327113742,3室2厅|合租|精装修|低层(共16层),已爬取
1150,朴园,678211,https://liny.zu.anjuke.com/fangyuan/4606794352352271,2室2厅|整租|简单装修|低层(共16层),已爬取
1151,朴园,678211,https://liny.zu.anjuke.com/fangyuan/4563993055747077,3室2厅|整租|精装修|中层(共11层),已爬取
1152,朴园,678211,https://liny.zu.anjuke.com/fangyuan/4624937425263624,3室2厅|整租|精装修|低层(共11层),已爬取
1153,明德花园北区,1187592,https://liny.zu.anjuke.com/fangyuan/4629220705917958,3室2厅|整租|精装修|高层(共17层),已爬取
1154,明德花园北区,1187592,https://liny.zu.anjuke.com/fangyuan/4617854009779203,3室2厅|整租|简单装修|高层(共17层),已爬取
1155,明德花园北区,1187592,https://liny.zu.anjuke.com/fangyuan/4613554090009606,3室2厅|整租|精装修|高层(共17层),已爬取
1156,钓鱼台一号院,972614,https://liny.zu.anjuke.com/fangyuan/4531702982142986,3室2厅|整租|精装修|高层(共26层),已爬取
1157,钓鱼台一号院,972614,https://liny.zu.anjuke.com/fangyuan/4603785155587082,3室2厅|整租|精装修|高层(共32层),已爬取
1158,钓鱼台一号院,972614,https://liny.zu.anjuke.com/fangyuan/4627930651945989,3室2厅|整租|精装修|高层(共6层),已爬取
1159,钓鱼台一号院,972614,https://liny.zu.anjuke.com/fangyuan/4616796049058818,3室2厅|整租|精装修|低层(共30层),已爬取
1160,钓鱼台一号院,972614,https://liny.zu.anjuke.com/fangyuan/4603828306488323,3室2厅|整租|精装修|高层(共7层),已爬取
1161,钓鱼台一号院,972614,https://liny.zu.anjuke.com/fangyuan/4623634623278082,3室2厅|整租|精装修|低层(共32层),已爬取
1162,钓鱼台一号院,972614,https://liny.zu.anjuke.com/fangyuan/4489000192613388,3室2厅|整租|精装修|低层(共33层),已爬取
1163,钓鱼台一号院,972614,https://liny.zu.anjuke.com/fangyuan/4541510660746255,3室2厅|整租|精装修|高层(共33层),已爬取
1164,钓鱼台一号院,972614,https://liny.zu.anjuke.com/fangyuan/4633389130836992,3室2厅|整租|豪华装修|中层(共32层),已爬取
1165,钓鱼台一号院,972614,https://liny.zu.anjuke.com/fangyuan/4605803396752394,3室2厅|整租|精装修|低层(共33层),已爬取
1166,沂河明珠,945212,https://liny.zu.anjuke.com/fangyuan/4629081838134278,3室2厅|整租|简单装修|中层(共6层),已爬取
1167,沂河明珠,945212,https://liny.zu.anjuke.com/fangyuan/4477729351736335,2室2厅|整租|精装修|低层(共25层),已爬取
1168,沂河明珠,945212,https://liny.zu.anjuke.com/fangyuan/4608213309402116,3室2厅|整租|简单装修|中层(共6层),已爬取
1169,沂河明珠,945212,https://liny.zu.anjuke.com/fangyuan/4629075233762308,2室2厅|合租|简单装修|高层(共27层),已爬取
1170,沂河明珠,945212,https://liny.zu.anjuke.com/fangyuan/3948119976766474,2室2厅|整租|豪华装修|中层(共33层),已爬取
1171,沂河明珠,945212,https://liny.zu.anjuke.com/fangyuan/4609321478644737,3室2厅|整租|精装修|高层(共30层),已爬取
1172,沂河明珠,945212,https://liny.zu.anjuke.com/fangyuan/4588405831459851,3室2厅|整租|简单装修|低层(共6层),已爬取
1173,沂河明珠,945212,https://liny.zu.anjuke.com/fangyuan/4515053845945345,3室2厅|合租|精装修|中层(共32层),已爬取
1174,沂河明珠,945212,https://liny.zu.anjuke.com/fangyuan/4608032114402319,3室2厅|整租|精装修|中层(共31层),已爬取
1175,沂河明珠,945212,https://liny.zu.anjuke.com/fangyuan/4582504202202126,4室2厅|整租|精装修|中层(共16层),已爬取
1176,十二星城,909865,https://liny.zu.anjuke.com/fangyuan/4633899375027212,3室2厅|整租|精装修|中层(共26层),已爬取
1177,十二星城,909865,https://liny.zu.anjuke.com/fangyuan/4536035322274823,2室2厅|整租|精装修|中层(共21层),已爬取
1178,十二星城,909865,https://liny.zu.anjuke.com/fangyuan/4449680661670916,3室2厅|整租|精装修|中层(共21层),已爬取
1179,十二星城,909865,https://liny.zu.anjuke.com/fangyuan/4632565587549190,3室2厅|整租|精装修|中层(共22层),已爬取
1180,十二星城,909865,https://liny.zu.anjuke.com/fangyuan/4443825316439052,3室2厅|整租|精装修|中层(共32层),已爬取
1181,十二星城,909865,https://liny.zu.anjuke.com/fangyuan/4624936354290689,3室2厅|整租|精装修|高层(共34层),已爬取
1182,十二星城,909865,https://liny.zu.anjuke.com/fangyuan/4633369634024449,3室2厅|整租|豪华装修|中层(共22层),已爬取
1183,十二星城,909865,https://liny.zu.anjuke.com/fangyuan/4569741222632459,3室2厅|整租|精装修|高层(共21层),已爬取
1184,十二星城,909865,https://liny.zu.anjuke.com/fangyuan/4606294240930829,3室2厅|整租|简单装修|中层(共18层),已爬取
1185,十二星城,909865,https://liny.zu.anjuke.com/fangyuan/4632230012857344,3室2厅|整租|豪华装修|中层(共22层),已爬取
1186,天顺家园,677603,https://liny.zu.anjuke.com/fangyuan/4621025983081476,3室2厅|整租|精装修|中层(共6层),已爬取
1187,天顺家园,677603,https://liny.zu.anjuke.com/fangyuan/4616540403280909,3室2厅|整租|精装修|高层(共6层),已爬取
1188,天顺家园,677603,https://liny.zu.anjuke.com/fangyuan/4621032307336198,2室2厅|整租|精装修|高层(共6层),已爬取
1189,天顺家园,677603,https://liny.zu.anjuke.com/fangyuan/4592418147916815,2室2厅|整租|精装修|高层(共6层),已爬取
1190,城开东岸,972609,https://liny.zu.anjuke.com/fangyuan/4626287736237061,3室2厅|整租|精装修|中层(共30层),已爬取
1191,城开东岸,972609,https://liny.zu.anjuke.com/fangyuan/4609370188964865,3室2厅|整租|精装修|中层(共29层),已爬取
1192,城开东岸,972609,https://liny.zu.anjuke.com/fangyuan/4530269780270089,2室2厅|整租|精装修|高层(共31层),已爬取
1193,城开东岸,972609,https://liny.zu.anjuke.com/fangyuan/4611041760797699,3室2厅|整租|精装修|高层(共16层),已爬取
1194,城开东岸,972609,https://liny.zu.anjuke.com/fangyuan/4619266437508109,3室2厅|整租|精装修|中层(共11层),已爬取
1195,城开东岸,972609,https://liny.zu.anjuke.com/fangyuan/4617848905638920,3室2厅|整租|精装修|高层(共11层),已爬取
1196,城开东岸,972609,https://liny.zu.anjuke.com/fangyuan/4554408439323649,3室2厅|整租|精装修|中层(共17层),已爬取
1197,城开东岸,972609,https://liny.zu.anjuke.com/fangyuan/4623553817158664,3室2厅|整租|精装修|中层(共11层),已爬取
1198,城开东岸,972609,https://liny.zu.anjuke.com/fangyuan/4527656847303694,2室1厅|整租|精装修|高层(共26层),已爬取
1199,城开东岸,972609,https://liny.zu.anjuke.com/fangyuan/4585508550044672,3室2厅|整租|简单装修|高层(共11层),已爬取
1200,书香门第,863271,https://liny.zu.anjuke.com/fangyuan/4522221633559560,3室1厅|合租|精装修|低层(共15层),已爬取
1201,书香门第,863271,https://liny.zu.anjuke.com/fangyuan/4602213256260621,3室2厅|合租|精装修|中层(共22层),已爬取
1202,书香门第,863271,https://liny.zu.anjuke.com/fangyuan/4624851467316237,4室1厅|合租|精装修|高层(共6层),已爬取
1203,书香门第,863271,https://liny.zu.anjuke.com/fangyuan/4626348391048198,3室1厅|合租|精装修|低层(共30层),已爬取
1204,书香门第,863271,https://liny.zu.anjuke.com/fangyuan/4579542304121856,3室2厅|合租|精装修|中层(共6层),已爬取
1205,书香门第,863271,https://liny.zu.anjuke.com/fangyuan/4623478375640077,3室2厅|合租|简单装修|低层(共30层),已爬取
1206,书香门第,863271,https://liny.zu.anjuke.com/fangyuan/4486139838753806,3室2厅|合租|精装修|低层(共9层),已爬取
1207,书香门第,863271,https://liny.zu.anjuke.com/fangyuan/4482288936807428,3室2厅|合租|精装修|低层(共16层),已爬取
1208,书香门第,863271,https://liny.zu.anjuke.com/fangyuan/4323475491740676,3室1厅|合租|精装修|中层(共13层),已爬取
1209,书香门第,863271,https://liny.zu.anjuke.com/fangyuan/4489411353979913,3室2厅|合租|精装修|中层(共6层),已爬取
1210,英伦名嘉,678326,https://liny.zu.anjuke.com/fangyuan/4619199084815371,1室2厅|整租|精装修|低层(共28层),已爬取
1211,英伦名嘉,678326,https://liny.zu.anjuke.com/fangyuan/4598370756240395,2室2厅|整租|豪华装修|中层(共17层),已爬取
1212,英伦名嘉,678326,https://liny.zu.anjuke.com/fangyuan/4535619759383560,5室2厅|整租|精装修|高层(共28层),已爬取
1213,英伦名嘉,678326,https://liny.zu.anjuke.com/fangyuan/4616304094669824,1室2厅|整租|精装修|低层(共28层),已爬取
1214,英伦名嘉,678326,https://liny.zu.anjuke.com/fangyuan/4506357197122568,2室2厅|整租|精装修|高层(共21层),已爬取
1215,英伦名嘉,678326,https://liny.zu.anjuke.com/fangyuan/4467862279543818,3室2厅|合租|精装修|低层(共20层),已爬取
1216,英伦名嘉,678326,https://liny.zu.anjuke.com/fangyuan/4601172551623684,4室2厅|整租|精装修|低层(共21层),已爬取
1217,英伦名嘉,678326,https://liny.zu.anjuke.com/fangyuan/4626031965084672,3室2厅|整租|精装修|高层(共21层),已爬取
1218,英伦名嘉,678326,https://liny.zu.anjuke.com/fangyuan/4571070923611150,3室2厅|合租|精装修|低层(共20层),已爬取
1219,英伦名嘉,678326,https://liny.zu.anjuke.com/fangyuan/4609829162331138,4室2厅|整租|精装修|低层(共20层),已爬取
1220,香缇郡,972755,https://liny.zu.anjuke.com/fangyuan/4612130182016009,1室1厅|整租|精装修|中层(共17层),已爬取
1221,香缇郡,972755,https://liny.zu.anjuke.com/fangyuan/4630892519760910,3室2厅|整租|精装修|高层(共17层),已爬取
1222,香缇郡,972755,https://liny.zu.anjuke.com/fangyuan/4612113061157902,4室2厅|整租|精装修|低层(共17层),已爬取
1223,香缇郡,972755,https://liny.zu.anjuke.com/fangyuan/4609671353115658,1室1厅|整租|精装修|中层(共17层),已爬取
1224,香缇郡,972755,https://liny.zu.anjuke.com/fangyuan/4632222428683271,4室2厅|整租|精装修|高层(共17层),已爬取
1225,香缇郡,972755,https://liny.zu.anjuke.com/fangyuan/4580022443535361,4室2厅|整租|精装修|低层(共17层),已爬取
1226,冠蒙六合御庭,676852,https://liny.zu.anjuke.com/fangyuan/4600731628706830,3室1厅|合租|精装修|低层(共20层),已爬取
1227,冠蒙六合御庭,676852,https://liny.zu.anjuke.com/fangyuan/4600742655026181,3室1厅|合租|精装修|低层(共20层),已爬取
1228,冠蒙六合御庭,676852,https://liny.zu.anjuke.com/fangyuan/4626395013966853,3室1厅|合租|精装修|低层(共20层),已爬取
1229,冠蒙六合御庭,676852,https://liny.zu.anjuke.com/fangyuan/4575255452965894,3室1厅|合租|精装修|中层(共20层),已爬取
1230,冠蒙六合御庭,676852,https://liny.zu.anjuke.com/fangyuan/4572869936964612,3室1厅|合租|精装修|中层(共21层),已爬取
1231,冠蒙六合御庭,676852,https://liny.zu.anjuke.com/fangyuan/4428537920445447,3室2厅|合租|精装修|中层(共32层),已爬取
1232,冠蒙六合御庭,676852,https://liny.zu.anjuke.com/fangyuan/4579802013522945,3室2厅|整租|精装修|低层(共6层),已爬取
1233,冠蒙六合御庭,676852,https://liny.zu.anjuke.com/fangyuan/2980487501341705,2室2厅|整租|精装修|中层(共30层),已爬取
1234,冠蒙六合御庭,676852,https://liny.zu.anjuke.com/fangyuan/3757118161231872,3室2厅|合租|精装修|低层(共28层),已爬取
1235,冠蒙六合御庭,676852,https://liny.zu.anjuke.com/fangyuan/4547032292828163,2室2厅|整租|精装修|中层(共30层),已爬取
1236,沂龙湾慧园,792845,https://liny.zu.anjuke.com/fangyuan/4240230743288835,4室1厅|合租|精装修|低层(共25层),已爬取
1237,沂龙湾慧园,792845,https://liny.zu.anjuke.com/fangyuan/4428342958433282,3室2厅|合租|精装修|中层(共30层),已爬取
1238,沂龙湾慧园,792845,https://liny.zu.anjuke.com/fangyuan/4428530015464450,3室2厅|合租|精装修|中层(共27层),已爬取
1239,沂龙湾慧园,792845,https://liny.zu.anjuke.com/fangyuan/4578201955609604,3室1厅|合租|精装修|低层(共20层),已爬取
1240,沂龙湾慧园,792845,https://liny.zu.anjuke.com/fangyuan/4239178197117958,3室2厅|合租|精装修|低层(共12层),已爬取
1241,沂龙湾慧园,792845,https://liny.zu.anjuke.com/fangyuan/4130863351192577,3室2厅|整租|精装修|高层(共17层),已爬取
1242,沂龙湾慧园,792845,https://liny.zu.anjuke.com/fangyuan/4605453465984011,3室2厅|整租|精装修|中层(共26层),已爬取
1243,沂龙湾慧园,792845,https://liny.zu.anjuke.com/fangyuan/4612089568648206,3室2厅|整租|精装修|高层(共28层),已爬取
1244,沂龙湾慧园,792845,https://liny.zu.anjuke.com/fangyuan/4622128070763530,1室1厅|整租|精装修|高层(共28层),已爬取
1245,沂龙湾慧园,792845,https://liny.zu.anjuke.com/fangyuan/4540067214124042,2室1厅|整租|精装修|低层(共27层),已爬取
1246,江泉国际,941014,https://liny.zu.anjuke.com/fangyuan/4548747102088206,2室2厅|整租|精装修|高层(共17层),已爬取
1247,江泉国际,941014,https://liny.zu.anjuke.com/fangyuan/4592329258544135,3室2厅|整租|精装修|中层(共17层),已爬取
1248,江泉国际,941014,https://liny.zu.anjuke.com/fangyuan/4575669023616015,3室2厅|整租|精装修|低层(共17层),已爬取
1249,江泉国际,941014,https://liny.zu.anjuke.com/fangyuan/4527562772458500,3室2厅|整租|精装修|中层(共17层),已爬取
1250,江泉国际,941014,https://liny.zu.anjuke.com/fangyuan/4575878475916303,3室2厅|整租|精装修|低层(共17层),已爬取
1251,江泉国际,941014,https://liny.zu.anjuke.com/fangyuan/4543158154718223,3室2厅|整租|简单装修|中层(共16层),已爬取
1252,江泉国际,941014,https://liny.zu.anjuke.com/fangyuan/4591405625058309,3室2厅|整租|精装修|低层(共25层),已爬取
1253,江泉国际,941014,https://liny.zu.anjuke.com/fangyuan/4554148051690501,2室2厅|整租|精装修|高层(共17层),已爬取
1254,江泉国际,941014,https://liny.zu.anjuke.com/fangyuan/4600101412301835,3室2厅|整租|精装修|低层(共26层),已爬取
1255,江泉国际,941014,https://liny.zu.anjuke.com/fangyuan/4619678810711052,1室1厅|合租|精装修|低层(共15层),已爬取
1256,荣华园(兰山区),677478,https://liny.zu.anjuke.com/fangyuan/4633416758027266,1室1厅|整租|精装修|中层(共24层),已爬取
1257,荣华园(兰山区),677478,https://liny.zu.anjuke.com/fangyuan/3984838518808587,1室1厅|整租|精装修|高层(共17层),已爬取
1258,荣华园(兰山区),677478,https://liny.zu.anjuke.com/fangyuan/4599295059209217,1室1厅|整租|精装修|低层(共17层),已爬取
1259,荣华园(兰山区),677478,https://liny.zu.anjuke.com/fangyuan/4613507080072198,2室1厅|整租|精装修|高层(共24层),已爬取
1260,荣华园(兰山区),677478,https://liny.zu.anjuke.com/fangyuan/4429722465264641,1室1厅|整租|精装修|低层(共24层),已爬取
1261,荣华园(兰山区),677478,https://liny.zu.anjuke.com/fangyuan/4007740296568839,2室1厅|整租|精装修|高层(共19层),已爬取
1262,荣华园(兰山区),677478,https://liny.zu.anjuke.com/fangyuan/4593822426899463,1室1厅|整租|简单装修|低层(共17层),已爬取
1263,荣华园(兰山区),677478,https://liny.zu.anjuke.com/fangyuan/4542741860836360,3室2厅|合租|精装修|低层(共20层),已爬取
1264,荣华园(兰山区),677478,https://liny.zu.anjuke.com/fangyuan/4603955005957120,2室1厅|整租|精装修|高层(共25层),已爬取
1265,荣华园(兰山区),677478,https://liny.zu.anjuke.com/fangyuan/4326145689362439,2室1厅|整租|精装修|低层(共18层),已爬取
1266,金润花园,713709,https://liny.zu.anjuke.com/fangyuan/4632093347390465,3室1厅|合租|精装修|低层(共10层),已爬取
1267,金润花园,713709,https://liny.zu.anjuke.com/fangyuan/4631285477221382,3室1厅|合租|精装修|高层(共20层),已爬取
1268,金润花园,713709,https://liny.zu.anjuke.com/fangyuan/4626421532093441,3室1厅|合租|精装修|低层(共16层),已爬取
1269,金润花园,713709,https://liny.zu.anjuke.com/fangyuan/4317975861239809,3室2厅|合租|精装修|中层(共21层),已爬取
1270,金润花园,713709,https://liny.zu.anjuke.com/fangyuan/4622240142582799,3室2厅|合租|简单装修|中层(共15层),已爬取
1271,金润花园,713709,https://liny.zu.anjuke.com/fangyuan/4631753396902924,3室1厅|合租|精装修|中层(共6层),已爬取
1272,金润花园,713709,https://liny.zu.anjuke.com/fangyuan/4621211551048719,3室2厅|整租|精装修|高层(共11层),已爬取
1273,金润花园,713709,https://liny.zu.anjuke.com/fangyuan/4595353056160779,3室2厅|合租|精装修|低层(共30层),已爬取
1274,金润花园,713709,https://liny.zu.anjuke.com/fangyuan/4630870069275661,4室2厅|合租|精装修|中层(共30层),已爬取
1275,金润花园,713709,https://liny.zu.anjuke.com/fangyuan/3791264556539917,2室2厅|合租|精装修|低层(共15层),已爬取
1276,香醍荣府,1073568,https://liny.zu.anjuke.com/fangyuan/4499320573453315,3室2厅|整租|精装修|低层(共18层),已爬取
1277,香醍荣府,1073568,https://liny.zu.anjuke.com/fangyuan/4499203157974027,3室2厅|整租|精装修|中层(共18层),已爬取
1278,香醍荣府,1073568,https://liny.zu.anjuke.com/fangyuan/4581052420496396,3室2厅|整租|精装修|共5层,已爬取
1279,香醍荣府,1073568,https://liny.zu.anjuke.com/fangyuan/4629642294404098,3室2厅|整租|精装修|高层(共11层),已爬取
1280,香醍荣府,1073568,https://liny.zu.anjuke.com/fangyuan/4613800714036235,3室2厅|整租|精装修|中层(共18层),已爬取
1281,香醍荣府,1073568,https://liny.zu.anjuke.com/fangyuan/4544664819162113,3室2厅|整租|精装修|低层(共18层),已爬取
1282,香醍荣府,1073568,https://liny.zu.anjuke.com/fangyuan/4610972637293581,3室2厅|整租|精装修|中层(共18层),已爬取
1283,香醍荣府,1073568,https://liny.zu.anjuke.com/fangyuan/4622454193005572,3室2厅|整租|简单装修|高层(共11层),已爬取
1284,理想家,678334,https://liny.zu.anjuke.com/fangyuan/4514677531386884,2室2厅|整租|精装修|高层(共18层),已爬取
1285,理想家,678334,https://liny.zu.anjuke.com/fangyuan/4624826838903810,3室2厅|整租|精装修|高层(共18层),已爬取
1286,理想家,678334,https://liny.zu.anjuke.com/fangyuan/3930278517793801,4室1厅|合租|精装修|低层(共19层),已爬取
1287,理想家,678334,https://liny.zu.anjuke.com/fangyuan/3970031845895179,4室1厅|合租|精装修|低层(共19层),已爬取
1288,理想家,678334,https://liny.zu.anjuke.com/fangyuan/4633319851338765,2室2厅|整租|精装修|中层(共11层),已爬取
1289,理想家,678334,https://liny.zu.anjuke.com/fangyuan/4624774989030415,2室2厅|整租|精装修|中层(共11层),已爬取
1290,理想家,678334,https://liny.zu.anjuke.com/fangyuan/4537111121783816,2室2厅|整租|精装修|中层(共30层),已爬取
1291,理想家,678334,https://liny.zu.anjuke.com/fangyuan/4598287741066241,3室2厅|整租|精装修|中层(共6层),已爬取
1292,理想家,678334,https://liny.zu.anjuke.com/fangyuan/4510767169856519,2室1厅|整租|精装修|低层(共18层),已爬取
1293,理想家,678334,https://liny.zu.anjuke.com/fangyuan/4633284299680769,2室2厅|整租|精装修|高层(共18层),已爬取
1294,和美苑花园,972645,https://liny.zu.anjuke.com/fangyuan/4625180822809606,3室2厅|合租|精装修|中层(共14层),已爬取
1295,和美苑花园,972645,https://liny.zu.anjuke.com/fangyuan/4612186915677193,2室2厅|整租|简单装修|中层(共17层),已爬取
1296,和美苑花园,972645,https://liny.zu.anjuke.com/fangyuan/4486110751386633,3室2厅|合租|精装修|低层(共24层),已爬取
1297,和美苑花园,972645,https://liny.zu.anjuke.com/fangyuan/4575569391232012,3室3厅|合租|精装修|中层(共32层),已爬取
1298,和美苑花园,972645,https://liny.zu.anjuke.com/fangyuan/4547411090332673,3室2厅|合租|简单装修|中层(共15层),已爬取
1299,和美苑花园,972645,https://liny.zu.anjuke.com/fangyuan/4605223275715596,2室2厅|整租|精装修|低层(共17层),已爬取
1300,和美苑花园,972645,https://liny.zu.anjuke.com/fangyuan/4623710537294856,2室2厅|整租|精装修|中层(共17层),已爬取
1301,和美苑花园,972645,https://liny.zu.anjuke.com/fangyuan/4630800748538883,3室2厅|整租|精装修|高层(共17层),已爬取
1302,和美苑花园,972645,https://liny.zu.anjuke.com/fangyuan/4614976526574602,3室2厅|整租|精装修|中层(共17层),已爬取
1303,和美苑花园,972645,https://liny.zu.anjuke.com/fangyuan/4557225512328203,3室2厅|整租|精装修|中层(共17层),已爬取
1304,皇山城,766560,https://liny.zu.anjuke.com/fangyuan/4543060419765259,3室2厅|整租|精装修|高层(共7层),已爬取
1305,皇山城,766560,https://liny.zu.anjuke.com/fangyuan/4578296971357196,4室2厅|整租|精装修|高层(共10层),已爬取
1306,皇山城,766560,https://liny.zu.anjuke.com/fangyuan/4578282272627721,3室2厅|整租|简单装修|高层(共10层),已爬取
1307,皇山城,766560,https://liny.zu.anjuke.com/fangyuan/4631967646309381,4室2厅|整租|精装修|中层(共6层),已爬取
1308,皇山城,766560,https://liny.zu.anjuke.com/fangyuan/4578538486406147,3室2厅|整租|简单装修|高层(共7层),已爬取
1309,皇山城,766560,https://liny.zu.anjuke.com/fangyuan/4578505339087886,3室2厅|整租|毛坯|高层(共10层),已爬取
1310,皇山城,766560,https://liny.zu.anjuke.com/fangyuan/4617852689312779,1室1厅|整租|精装修|中层(共7层),已爬取
1311,皇山城,766560,https://liny.zu.anjuke.com/fangyuan/4439896930558982,4室2厅|整租|简单装修|中层(共10层),已爬取
1312,皇山城,766560,https://liny.zu.anjuke.com/fangyuan/4622278499478533,3室2厅|整租|精装修|低层(共6层),已爬取
1313,皇山城,766560,https://liny.zu.anjuke.com/fangyuan/4618145081043980,3室2厅|整租|精装修|低层(共6层),已爬取
1314,溪苑兰亭,972753,https://liny.zu.anjuke.com/fangyuan/4593847424363534,3室1厅|合租|精装修|低层(共30层),已爬取
1315,溪苑兰亭,972753,https://liny.zu.anjuke.com/fangyuan/4594914399312906,3室2厅|合租|精装修|低层(共30层),已爬取
1316,溪苑兰亭,972753,https://liny.zu.anjuke.com/fangyuan/4564285101681674,3室2厅|合租|精装修|中层(共11层),已爬取
1317,溪苑兰亭,972753,https://liny.zu.anjuke.com/fangyuan/4595332187008000,3室2厅|合租|精装修|中层(共30层),已爬取
1318,溪苑兰亭,972753,https://liny.zu.anjuke.com/fangyuan/4344511366684686,3室2厅|合租|精装修|中层(共20层),已爬取
1319,溪苑兰亭,972753,https://liny.zu.anjuke.com/fangyuan/4615256248394754,3室2厅|整租|精装修|低层(共23层),已爬取
1320,溪苑兰亭,972753,https://liny.zu.anjuke.com/fangyuan/4355119719555073,3室2厅|整租|精装修|中层(共26层),已爬取
1321,溪苑兰亭,972753,https://liny.zu.anjuke.com/fangyuan/4500821561957379,3室2厅|整租|简单装修|高层(共25层),已爬取
1322,溪苑兰亭,972753,https://liny.zu.anjuke.com/fangyuan/4588121571322895,3室1厅|整租|精装修|低层(共28层),已爬取
1323,溪苑兰亭,972753,https://liny.zu.anjuke.com/fangyuan/4588039547544588,3室2厅|整租|精装修|低层(共25层),已爬取
1324,荣盛沂河郡府,677063,https://liny.zu.anjuke.com/fangyuan/4629156232766465,2室1厅|整租|精装修|低层(共16层),已爬取
1325,荣盛沂河郡府,677063,https://liny.zu.anjuke.com/fangyuan/4586712588033039,2室1厅|整租|精装修|高层(共6层),已爬取
1326,荣盛沂河郡府,677063,https://liny.zu.anjuke.com/fangyuan/4608236461564938,2室2厅|整租|精装修|低层(共16层),已爬取
1327,荣盛沂河郡府,677063,https://liny.zu.anjuke.com/fangyuan/4632259577127946,2室1厅|整租|精装修|高层(共16层),已爬取
1328,荣盛沂河郡府,677063,https://liny.zu.anjuke.com/fangyuan/4625299166831620,2室2厅|整租|精装修|高层(共11层),已爬取
1329,荣盛沂河郡府,677063,https://liny.zu.anjuke.com/fangyuan/4599733814043658,2室2厅|整租|简单装修|低层(共16层),已爬取
1330,荣盛沂河郡府,677063,https://liny.zu.anjuke.com/fangyuan/4632337713835021,2室2厅|整租|精装修|高层(共16层),已爬取
1331,荣盛沂河郡府,677063,https://liny.zu.anjuke.com/fangyuan/4391708464864260,3室2厅|整租|精装修|低层(共16层),已爬取
1332,荣盛沂河郡府,677063,https://liny.zu.anjuke.com/fangyuan/4607032753413120,2室2厅|整租|精装修|高层(共16层),已爬取
1333,荣盛沂河郡府,677063,https://liny.zu.anjuke.com/fangyuan/4603844179958790,2室1厅|整租|精装修|低层(共16层),已爬取
1334,宝翠园,677660,https://liny.zu.anjuke.com/fangyuan/4612188468896770,3室2厅|整租|精装修|中层(共6层),已爬取
1335,宝翠园,677660,https://liny.zu.anjuke.com/fangyuan/4278147726629903,2室1厅|整租|简单装修|高层(共28层),已爬取
1336,宝翠园,677660,https://liny.zu.anjuke.com/fangyuan/4611113422707715,3室2厅|整租|精装修|中层(共30层),已爬取
1337,宝翠园,677660,https://liny.zu.anjuke.com/fangyuan/3646755080314894,2室2厅|整租|简单装修|低层(共28层),已爬取
1338,宝翠园,677660,https://liny.zu.anjuke.com/fangyuan/4334662843689998,3室2厅|整租|精装修|中层(共28层),已爬取
1339,宝翠园,677660,https://liny.zu.anjuke.com/fangyuan/4169405764246540,3室2厅|整租|精装修|高层(共29层),已爬取
1340,宝翠园,677660,https://liny.zu.anjuke.com/fangyuan/4579919145786370,3室2厅|整租|精装修|低层(共26层),已爬取
1341,宝翠园,677660,https://liny.zu.anjuke.com/fangyuan/4629082512876550,3室2厅|整租|精装修|中层(共6层),已爬取
1342,宝翠园,677660,https://liny.zu.anjuke.com/fangyuan/4428462109549574,3室1厅|整租|简单装修|中层(共28层),已爬取
1343,宝翠园,677660,https://liny.zu.anjuke.com/fangyuan/4490618044245007,3室2厅|整租|精装修|低层(共28层),已爬取
1344,罗湖观天下花园,677623,https://liny.zu.anjuke.com/fangyuan/4332132582088710,4室2厅|整租|精装修|高层(共30层),已爬取
1345,罗湖观天下花园,677623,https://liny.zu.anjuke.com/fangyuan/4596540042173442,3室2厅|整租|精装修|中层(共7层),已爬取
1346,罗湖观天下花园,677623,https://liny.zu.anjuke.com/fangyuan/4586621804669966,3室2厅|整租|精装修|高层(共31层),已爬取
1347,罗湖观天下花园,677623,https://liny.zu.anjuke.com/fangyuan/4519356709364751,3室2厅|整租|精装修|共5层,已爬取
1348,罗湖观天下花园,677623,https://liny.zu.anjuke.com/fangyuan/4621305825516545,2室2厅|整租|精装修|高层(共31层),已爬取
1349,罗湖观天下花园,677623,https://liny.zu.anjuke.com/fangyuan/4529013107448839,3室2厅|整租|精装修|低层(共23层),已爬取
1350,罗湖观天下花园,677623,https://liny.zu.anjuke.com/fangyuan/4592540058283010,2室1厅|整租|精装修|高层(共27层),已爬取
1351,罗湖观天下花园,677623,https://liny.zu.anjuke.com/fangyuan/4592412874140675,2室2厅|整租|精装修|共5层,已爬取
1352,罗湖观天下花园,677623,https://liny.zu.anjuke.com/fangyuan/4562761804358657,2室2厅|整租|精装修|中层(共27层),已爬取
1353,罗湖观天下花园,677623,https://liny.zu.anjuke.com/fangyuan/4622686746631176,2室2厅|整租|精装修|低层(共30层),已爬取
1354,万通盛世馨园,973151,https://liny.zu.anjuke.com/fangyuan/4574257341572108,2室2厅|整租|精装修|中层(共6层),已爬取
1355,万通盛世馨园,973151,https://liny.zu.anjuke.com/fangyuan/4625050292153352,3室2厅|整租|精装修|中层(共6层),已爬取
1356,万通盛世馨园,973151,https://liny.zu.anjuke.com/fangyuan/4244219487526914,3室2厅|整租|精装修|高层(共6层),已爬取
1357,万通盛世馨园,973151,https://liny.zu.anjuke.com/fangyuan/4602307175898127,2室2厅|整租|精装修|中层(共6层),已爬取
1358,万通盛世馨园,973151,https://liny.zu.anjuke.com/fangyuan/4612124369775622,3室2厅|整租|精装修|高层(共11层),已爬取
1359,万通盛世馨园,973151,https://liny.zu.anjuke.com/fangyuan/4574477354933254,2室2厅|整租|精装修|低层(共6层),已爬取
1360,万通盛世馨园,973151,https://liny.zu.anjuke.com/fangyuan/4583062505298949,2室2厅|整租|精装修|中层(共6层),已爬取
1361,万通盛世馨园,973151,https://liny.zu.anjuke.com/fangyuan/4602311641129993,2室2厅|整租|简单装修|中层(共6层),已爬取
1362,万通盛世馨园,973151,https://liny.zu.anjuke.com/fangyuan/4546046291532811,2室2厅|整租|精装修|共5层,已爬取
1363,万通盛世馨园,973151,https://liny.zu.anjuke.com/fangyuan/4613986982517762,2室2厅|整租|简单装修|低层(共6层),已爬取
1364,龙凤花园,909866,https://liny.zu.anjuke.com/fangyuan/4508994775016462,1室1厅|整租|简单装修|中层(共30层),已爬取
1365,龙凤花园,909866,https://liny.zu.anjuke.com/fangyuan/4622430884047872,2室1厅|整租|精装修|高层(共30层),已爬取
1366,龙凤花园,909866,https://liny.zu.anjuke.com/fangyuan/4576744043570184,2室2厅|整租|精装修|高层(共30层),已爬取
1367,龙凤花园,909866,https://liny.zu.anjuke.com/fangyuan/4632162274335758,2室2厅|整租|精装修|低层(共30层),已爬取
1368,龙凤花园,909866,https://liny.zu.anjuke.com/fangyuan/4617999574180865,2室2厅|整租|精装修|高层(共31层),已爬取
1369,龙凤花园,909866,https://liny.zu.anjuke.com/fangyuan/4632159269461007,2室1厅|整租|精装修|中层(共15层),已爬取
1370,龙凤花园,909866,https://liny.zu.anjuke.com/fangyuan/4534732424551428,2室1厅|整租|精装修|高层(共30层),已爬取
1371,龙凤花园,909866,https://liny.zu.anjuke.com/fangyuan/4517524416715791,1室1厅|整租|精装修|中层(共33层),已爬取
1372,龙凤花园,909866,https://liny.zu.anjuke.com/fangyuan/4626832377439235,2室1厅|整租|精装修|高层(共30层),已爬取
1373,龙凤花园,909866,https://liny.zu.anjuke.com/fangyuan/4616309156862989,2室2厅|整租|精装修|高层(共28层),已爬取
1374,中国铁建东来尚城,714085,https://liny.zu.anjuke.com/fangyuan/4633533399655427,2室2厅|整租|精装修|中层(共11层),已爬取
1375,中国铁建东来尚城,714085,https://liny.zu.anjuke.com/fangyuan/4520180253142023,3室2厅|整租|精装修|低层(共28层),已爬取
1376,中国铁建东来尚城,714085,https://liny.zu.anjuke.com/fangyuan/4596952020933640,3室2厅|整租|精装修|高层(共23层),已爬取
1377,中国铁建东来尚城,714085,https://liny.zu.anjuke.com/fangyuan/4564387029543944,1室1厅|整租|精装修|高层(共22层),已爬取
1378,中国铁建东来尚城,714085,https://liny.zu.anjuke.com/fangyuan/4578584587086856,2室2厅|整租|精装修|中层(共10层),已爬取
1379,中国铁建东来尚城,714085,https://liny.zu.anjuke.com/fangyuan/4617783923780611,2室2厅|整租|精装修|中层(共28层),已爬取
1380,中国铁建东来尚城,714085,https://liny.zu.anjuke.com/fangyuan/4545967406111751,3室2厅|整租|精装修|中层(共27层),已爬取
1381,中国铁建东来尚城,714085,https://liny.zu.anjuke.com/fangyuan/4599417373678602,3室2厅|整租|精装修|高层(共23层),已爬取
1382,中国铁建东来尚城,714085,https://liny.zu.anjuke.com/fangyuan/4591147865056268,2室2厅|整租|精装修|中层(共23层),已爬取
1383,中国铁建东来尚城,714085,https://liny.zu.anjuke.com/fangyuan/4606462202289160,2室2厅|整租|精装修|低层(共27层),已爬取
1384,伊丽莎白花漾,1012033,https://liny.zu.anjuke.com/fangyuan/4574233259486211,4室2厅|整租|精装修|高层(共9层),已爬取
1385,伊丽莎白花漾,1012033,https://liny.zu.anjuke.com/fangyuan/4243207986392072,5室2厅|整租|精装修|低层(共16层),已爬取
1386,伊丽莎白花漾,1012033,https://liny.zu.anjuke.com/fangyuan/4589441099146245,4室2厅|整租|精装修|高层(共16层),已爬取
1387,伊丽莎白花漾,1012033,https://liny.zu.anjuke.com/fangyuan/4538927072123912,3室2厅|整租|精装修|高层(共9层),已爬取
1388,伊丽莎白花漾,1012033,https://liny.zu.anjuke.com/fangyuan/4629163358903297,4室2厅|整租|精装修|高层(共7层),已爬取
1389,伊丽莎白花漾,1012033,https://liny.zu.anjuke.com/fangyuan/4513773713546245,3室2厅|整租|精装修|低层(共22层),已爬取
1390,伊丽莎白花漾,1012033,https://liny.zu.anjuke.com/fangyuan/4633448343673857,4室2厅|整租|精装修|中层(共9层),已爬取
1391,伊丽莎白花漾,1012033,https://liny.zu.anjuke.com/fangyuan/4629251564545037,4室2厅|整租|精装修|中层(共9层),已爬取
1392,伊丽莎白花漾,1012033,https://liny.zu.anjuke.com/fangyuan/4632304601963527,3室2厅|整租|精装修|中层(共9层),已爬取
1393,伊丽莎白花漾,1012033,https://liny.zu.anjuke.com/fangyuan/4602294140578816,5室2厅|整租|豪华装修|低层(共16层),已爬取
1394,泰和花园(西区),676971,https://liny.zu.anjuke.com/fangyuan/4513038711938059,2室2厅|整租|精装修|中层(共16层),已爬取
1395,泰和花园(西区),676971,https://liny.zu.anjuke.com/fangyuan/4572529650342926,2室2厅|整租|精装修|高层(共24层),已爬取
1396,泰和花园(西区),676971,https://liny.zu.anjuke.com/fangyuan/4567250163491853,2室2厅|整租|精装修|低层(共24层),已爬取
1397,泰和花园(西区),676971,https://liny.zu.anjuke.com/fangyuan/4582956602858504,2室2厅|整租|精装修|高层(共24层),已爬取
1398,泰和花园(西区),676971,https://liny.zu.anjuke.com/fangyuan/4603975675948044,2室2厅|整租|精装修|低层(共20层),已爬取
1399,泰和花园(西区),676971,https://liny.zu.anjuke.com/fangyuan/4568762922933261,2室2厅|整租|精装修|低层(共24层),已爬取
1400,泰和花园(西区),676971,https://liny.zu.anjuke.com/fangyuan/4429609957434382,2室2厅|整租|精装修|中层(共16层),已爬取
1401,泰和花园(西区),676971,https://liny.zu.anjuke.com/fangyuan/3755182722719753,2室2厅|整租|精装修|高层(共19层),已爬取
1402,泰和花园(西区),676971,https://liny.zu.anjuke.com/fangyuan/4605330597452808,3室2厅|整租|精装修|高层(共24层),已爬取
1403,泰和花园(西区),676971,https://liny.zu.anjuke.com/fangyuan/4568851918971906,3室2厅|整租|精装修|高层(共24层),已爬取
1404,水岸名城(费县),973112,https://liny.zu.anjuke.com/fangyuan/4586667397258246,4室2厅|整租|精装修|中层(共17层),已爬取
1405,水岸名城(费县),973112,https://liny.zu.anjuke.com/fangyuan/4567773597195266,1室1厅|整租|精装修|低层(共17层),已爬取
1406,水岸名城(费县),973112,https://liny.zu.anjuke.com/fangyuan/4469849226910733,1室0厅|整租|简单装修|低层(共17层),已爬取
1407,水岸名城(费县),973112,https://liny.zu.anjuke.com/fangyuan/4598297575826435,1室1厅|整租|精装修|低层(共18层),已爬取
1408,水岸名城(费县),973112,https://liny.zu.anjuke.com/fangyuan/4476368826215437,3室2厅|整租|精装修|高层(共11层),已爬取
1409,金泰华城,676851,https://liny.zu.anjuke.com/fangyuan/4626686930136071,1室1厅|整租|简单装修|高层(共29层),已爬取
1410,金泰华城,676851,https://liny.zu.anjuke.com/fangyuan/4633908317723660,3室2厅|整租|精装修|高层(共7层),已爬取
1411,金泰华城,676851,https://liny.zu.anjuke.com/fangyuan/4615481112075266,3室2厅|整租|精装修|低层(共22层),已爬取
1412,金泰华城,676851,https://liny.zu.anjuke.com/fangyuan/4579598292179982,3室2厅|整租|精装修|低层(共23层),已爬取
1413,金泰华城,676851,https://liny.zu.anjuke.com/fangyuan/4578615949646853,3室1厅|整租|精装修|中层(共13层),已爬取
1414,金泰华城,676851,https://liny.zu.anjuke.com/fangyuan/4560169765397516,3室2厅|整租|精装修|低层(共11层),已爬取
1415,金泰华城,676851,https://liny.zu.anjuke.com/fangyuan/4383622072458247,1室1厅|整租|豪华装修|中层(共17层),已爬取
1416,金泰华城,676851,https://liny.zu.anjuke.com/fangyuan/4626671861376005,1室1厅|整租|精装修|低层(共29层),已爬取
1417,金泰华城,676851,https://liny.zu.anjuke.com/fangyuan/4626258382285836,3室2厅|整租|简单装修|中层(共24层),已爬取
1418,金泰华城,676851,https://liny.zu.anjuke.com/fangyuan/4523459915783169,2室2厅|整租|精装修|高层(共10层),已爬取
1419,金玉祥和,972669,https://liny.zu.anjuke.com/fangyuan/4595284414012418,2室2厅|整租|精装修|中层(共17层),已爬取
1420,金玉祥和,972669,https://liny.zu.anjuke.com/fangyuan/4609336220738572,1室1厅|整租|精装修|中层(共19层),已爬取
1421,金玉祥和,972669,https://liny.zu.anjuke.com/fangyuan/4606293420108811,1室1厅|整租|精装修|中层(共19层),已爬取
1422,金玉祥和,972669,https://liny.zu.anjuke.com/fangyuan/4531400493163533,1室1厅|整租|精装修|中层(共19层),已爬取
1423,金玉祥和,972669,https://liny.zu.anjuke.com/fangyuan/4571409885602819,1室1厅|整租|精装修|高层(共18层),已爬取
1424,金玉祥和,972669,https://liny.zu.anjuke.com/fangyuan/4618100794467336,1室1厅|整租|精装修|高层(共19层),已爬取
1425,金玉祥和,972669,https://liny.zu.anjuke.com/fangyuan/4633645272751106,1室1厅|整租|精装修|中层(共19层),已爬取
1426,金玉祥和,972669,https://liny.zu.anjuke.com/fangyuan/4518774317050894,1室1厅|整租|精装修|中层(共29层),已爬取
1427,金玉祥和,972669,https://liny.zu.anjuke.com/fangyuan/4632322883001357,1室1厅|整租|精装修|中层(共32层),已爬取
1428,金玉祥和,972669,https://liny.zu.anjuke.com/fangyuan/4633657659843596,1室1厅|整租|精装修|低层(共19层),已爬取
1429,清水湾花园,973080,https://liny.zu.anjuke.com/fangyuan/4558416937315330,4室2厅|整租|精装修|低层(共26层),已爬取
1430,清水湾花园,973080,https://liny.zu.anjuke.com/fangyuan/4596544881826823,4室2厅|整租|精装修|低层(共27层),已爬取
1431,清水湾花园,973080,https://liny.zu.anjuke.com/fangyuan/4527953760541707,1室1厅|整租|简单装修|高层(共26层),已爬取
1432,清水湾花园,973080,https://liny.zu.anjuke.com/fangyuan/4620628931208200,2室1厅|整租|精装修|高层(共32层),已爬取
1433,清水湾花园,973080,https://liny.zu.anjuke.com/fangyuan/4418020634991618,2室2厅|整租|简单装修|中层(共30层),已爬取
1434,清水湾花园,973080,https://liny.zu.anjuke.com/fangyuan/4493719086294023,2室2厅|整租|精装修|中层(共25层),已爬取
1435,清水湾花园,973080,https://liny.zu.anjuke.com/fangyuan/4605795479641094,2室2厅|整租|精装修|高层(共30层),已爬取
1436,清水湾花园,973080,https://liny.zu.anjuke.com/fangyuan/4623722162318350,3室2厅|整租|精装修|中层(共26层),已爬取
1437,清水湾花园,973080,https://liny.zu.anjuke.com/fangyuan/4552849844382727,1室1厅|整租|精装修|中层(共31层),已爬取
1438,清水湾花园,973080,https://liny.zu.anjuke.com/fangyuan/4467995217406982,3室2厅|整租|精装修|中层(共8层),已爬取
1439,开元花半里,676730,https://liny.zu.anjuke.com/fangyuan/4284440323648522,3室1厅|合租|精装修|中层(共15层),已爬取
1440,开元花半里,676730,https://liny.zu.anjuke.com/fangyuan/4605293884435458,2室2厅|整租|精装修|高层(共26层),已爬取
1441,开元花半里,676730,https://liny.zu.anjuke.com/fangyuan/4598288324516876,2室2厅|整租|精装修|中层(共26层),已爬取
1442,开元花半里,676730,https://liny.zu.anjuke.com/fangyuan/4574271812525062,3室2厅|整租|精装修|中层(共7层),已爬取
1443,开元花半里,676730,https://liny.zu.anjuke.com/fangyuan/4248685421308942,1室1厅|整租|精装修|低层(共26层),已爬取
1444,开元花半里,676730,https://liny.zu.anjuke.com/fangyuan/4612205702095873,2室1厅|整租|精装修|高层(共26层),已爬取
1445,开元花半里,676730,https://liny.zu.anjuke.com/fangyuan/4472466893921283,3室2厅|整租|精装修|低层(共26层),已爬取
1446,开元花半里,676730,https://liny.zu.anjuke.com/fangyuan/4574290077457414,3室2厅|整租|精装修|低层(共26层),已爬取
1447,开元花半里,676730,https://liny.zu.anjuke.com/fangyuan/4585557035475978,1室1厅|整租|精装修|高层(共24层),已爬取
1448,开元花半里,676730,https://liny.zu.anjuke.com/fangyuan/4552925195611149,2室2厅|整租|简单装修|中层(共26层),已爬取
1449,环球国际广场,677005,https://liny.zu.anjuke.com/fangyuan/4578445021733899,1室1厅|合租|精装修|高层(共27层),已爬取
1450,环球国际广场,677005,https://liny.zu.anjuke.com/fangyuan/4538784979379215,3室2厅|合租|精装修|中层(共22层),已爬取
1451,环球国际广场,677005,https://liny.zu.anjuke.com/fangyuan/3992269007494158,3室2厅|合租|精装修|中层(共21层),已爬取
1452,环球国际广场,677005,https://liny.zu.anjuke.com/fangyuan/4576697217950723,1室0厅|整租|精装修|高层(共30层),已爬取
1453,环球国际广场,677005,https://liny.zu.anjuke.com/fangyuan/4612402839006211,2室1厅|整租|精装修|高层(共32层),已爬取
1454,环球国际广场,677005,https://liny.zu.anjuke.com/fangyuan/4623572801874956,1室1厅|整租|简单装修|高层(共32层),已爬取
1455,环球国际广场,677005,https://liny.zu.anjuke.com/fangyuan/4626627054429198,1室1厅|整租|简单装修|中层(共32层),已爬取
1456,环球国际广场,677005,https://liny.zu.anjuke.com/fangyuan/3931685536784389,2室1厅|整租|精装修|中层(共32层),已爬取
1457,环球国际广场,677005,https://liny.zu.anjuke.com/fangyuan/4609694483653633,2室1厅|整租|精装修|高层(共28层),已爬取
1458,环球国际广场,677005,https://liny.zu.anjuke.com/fangyuan/4575479719783427,1室1厅|整租|精装修|低层(共30层),已爬取
1459,石油小区,676751,https://liny.zu.anjuke.com/fangyuan/4518728665177090,3室1厅|合租|精装修|低层(共16层),已爬取
1460,石油小区,676751,https://liny.zu.anjuke.com/fangyuan/4625396114627590,3室1厅|合租|精装修|低层(共16层),已爬取
1461,石油小区,676751,https://liny.zu.anjuke.com/fangyuan/4486184312527875,3室2厅|合租|精装修|低层(共18层),已爬取
1462,石油小区,676751,https://liny.zu.anjuke.com/fangyuan/4606932896750602,3室2厅|合租|精装修|低层(共25层),已爬取
1463,石油小区,676751,https://liny.zu.anjuke.com/fangyuan/4261071372475398,3室2厅|合租|精装修|低层(共6层),已爬取
1464,石油小区,676751,https://liny.zu.anjuke.com/fangyuan/4473977582132232,3室2厅|合租|精装修|低层(共23层),已爬取
1465,石油小区,676751,https://liny.zu.anjuke.com/fangyuan/4602585162507265,3室1厅|合租|精装修|低层(共6层),已爬取
1466,石油小区,676751,https://liny.zu.anjuke.com/fangyuan/4527164353866756,3室2厅|合租|精装修|低层(共6层),已爬取
1467,石油小区,676751,https://liny.zu.anjuke.com/fangyuan/4254667031440398,4室1厅|合租|精装修|中层(共6层),已爬取
1468,石油小区,676751,https://liny.zu.anjuke.com/fangyuan/4633574463167502,3室2厅|整租|精装修|低层(共6层),已爬取
1469,安嘉花雨馨,972597,https://liny.zu.anjuke.com/fangyuan/4608613868706820,3室2厅|整租|精装修|低层(共17层),已爬取
1470,安嘉花雨馨,972597,https://liny.zu.anjuke.com/fangyuan/4612092852593677,3室2厅|整租|精装修|低层(共7层),已爬取
1471,安嘉花雨馨,972597,https://liny.zu.anjuke.com/fangyuan/4545526389152782,4室2厅|整租|精装修|中层(共6层),已爬取
1472,安嘉花雨馨,972597,https://liny.zu.anjuke.com/fangyuan/4467046882550787,3室2厅|整租|精装修|低层(共9层),已爬取
1473,安嘉花雨馨,972597,https://liny.zu.anjuke.com/fangyuan/4630950688992260,3室2厅|整租|精装修|低层(共11层),已爬取
1474,安嘉花雨馨,972597,https://liny.zu.anjuke.com/fangyuan/4591507593815055,3室2厅|整租|简单装修|中层(共11层),已爬取
1475,安嘉花雨馨,972597,https://liny.zu.anjuke.com/fangyuan/4623539600387083,3室2厅|整租|简单装修|高层(共17层),已爬取
1476,安嘉花雨馨,972597,https://liny.zu.anjuke.com/fangyuan/4611210040927237,3室2厅|整租|精装修|低层(共9层),已爬取
1477,安嘉花雨馨,972597,https://liny.zu.anjuke.com/fangyuan/4612812866036750,3室2厅|整租|精装修|低层(共6层),已爬取
1478,安嘉花雨馨,972597,https://liny.zu.anjuke.com/fangyuan/4592368189430793,3室2厅|整租|精装修|中层(共17层),已爬取
1479,开元上城,677211,https://liny.zu.anjuke.com/fangyuan/4632655802428418,3室1厅|合租|精装修|中层(共6层),已爬取
1480,开元上城,677211,https://liny.zu.anjuke.com/fangyuan/4606944326462466,3室2厅|合租|精装修|中层(共20层),已爬取
1481,开元上城,677211,https://liny.zu.anjuke.com/fangyuan/3988275540745223,3室1厅|合租|精装修|低层(共12层),已爬取
1482,开元上城,677211,https://liny.zu.anjuke.com/fangyuan/4602217408322572,3室2厅|合租|精装修|中层(共22层),已爬取
1483,开元上城,677211,https://liny.zu.anjuke.com/fangyuan/4302255871089671,3室2厅|合租|精装修|中层(共32层),已爬取
1484,开元上城,677211,https://liny.zu.anjuke.com/fangyuan/4585509593949199,3室2厅|合租|精装修|高层(共20层),已爬取
1485,开元上城,677211,https://liny.zu.anjuke.com/fangyuan/4619607145192459,3室2厅|合租|精装修|低层(共14层),已爬取
1486,开元上城,677211,https://liny.zu.anjuke.com/fangyuan/4631202529504270,3室2厅|合租|精装修|中层(共32层),已爬取
1487,开元上城,677211,https://liny.zu.anjuke.com/fangyuan/4483307669464065,3室2厅|合租|精装修|中层(共16层),已爬取
1488,开元上城,677211,https://liny.zu.anjuke.com/fangyuan/4531407919145988,3室2厅|合租|精装修|中层(共17层),已爬取
1489,鲁商印象城,972700,https://liny.zu.anjuke.com/fangyuan/4539124475108356,3室2厅|整租|精装修|低层(共17层),已爬取
1490,鲁商印象城,972700,https://liny.zu.anjuke.com/fangyuan/4578202079505408,3室2厅|整租|精装修|中层(共18层),已爬取
1491,鲁商印象城,972700,https://liny.zu.anjuke.com/fangyuan/4607111763880967,3室2厅|整租|简单装修|低层(共17层),已爬取
1492,鲁商印象城,972700,https://liny.zu.anjuke.com/fangyuan/4449955575569411,3室2厅|整租|精装修|高层(共24层),已爬取
1493,鲁商印象城,972700,https://liny.zu.anjuke.com/fangyuan/4552678840081412,3室2厅|整租|精装修|低层(共24层),已爬取
1494,鲁商印象城,972700,https://liny.zu.anjuke.com/fangyuan/4553044315823105,3室2厅|整租|精装修|高层(共28层),已爬取
1495,华苑中天,676689,https://liny.zu.anjuke.com/fangyuan/4631916916976644,3室2厅|合租|精装修|低层(共6层),已爬取
1496,华苑中天,676689,https://liny.zu.anjuke.com/fangyuan/4631925861411843,3室2厅|合租|精装修|共5层,已爬取
1497,华苑中天,676689,https://liny.zu.anjuke.com/fangyuan/4630480038812672,3室1厅|合租|精装修|高层(共14层),已爬取
1498,华苑中天,676689,https://liny.zu.anjuke.com/fangyuan/4510906154363915,2室1厅|合租|精装修|低层(共9层),已爬取
1499,华苑中天,676689,https://liny.zu.anjuke.com/fangyuan/4538723994983425,3室2厅|合租|精装修|中层(共10层),已爬取
1500,华苑中天,676689,https://liny.zu.anjuke.com/fangyuan/4604122671393799,3室2厅|合租|精装修|高层(共13层),已爬取
1501,华苑中天,676689,https://liny.zu.anjuke.com/fangyuan/4599451804720129,3室2厅|合租|精装修|中层(共20层),已爬取
1502,华苑中天,676689,https://liny.zu.anjuke.com/fangyuan/4486175562767368,3室2厅|合租|精装修|中层(共25层),已爬取
1503,华苑中天,676689,https://liny.zu.anjuke.com/fangyuan/4552654993826816,3室2厅|合租|精装修|中层(共14层),已爬取
1504,华苑中天,676689,https://liny.zu.anjuke.com/fangyuan/4586575583292421,3室2厅|合租|精装修|中层(共19层),已爬取
1505,凤舞明珠,677811,https://liny.zu.anjuke.com/fangyuan/4632242198031369,2室2厅|整租|精装修|高层(共32层),已爬取
1506,凤舞明珠,677811,https://liny.zu.anjuke.com/fangyuan/4616538327362562,2室2厅|整租|精装修|低层(共22层),已爬取
1507,凤舞明珠,677811,https://liny.zu.anjuke.com/fangyuan/4631940810695692,2室2厅|整租|精装修|高层(共26层),已爬取
1508,凤舞明珠,677811,https://liny.zu.anjuke.com/fangyuan/4626668011529226,2室1厅|整租|精装修|低层(共25层),已爬取
1509,凤舞明珠,677811,https://liny.zu.anjuke.com/fangyuan/4583930877406222,2室2厅|整租|精装修|中层(共28层),已爬取
1510,凤舞明珠,677811,https://liny.zu.anjuke.com/fangyuan/4626692260881408,2室2厅|整租|精装修|中层(共17层),已爬取
1511,凤舞明珠,677811,https://liny.zu.anjuke.com/fangyuan/4609487481170948,2室1厅|整租|精装修|低层(共27层),已爬取
1512,凤舞明珠,677811,https://liny.zu.anjuke.com/fangyuan/4619525941455876,2室1厅|整租|精装修|高层(共26层),已爬取
1513,凤舞明珠,677811,https://liny.zu.anjuke.com/fangyuan/4541966074207244,2室2厅|整租|精装修|中层(共30层),已爬取
1514,凤舞明珠,677811,https://liny.zu.anjuke.com/fangyuan/4615342781670409,2室2厅|整租|精装修|中层(共17层),已爬取
1515,环球丹桂园,972942,https://liny.zu.anjuke.com/fangyuan/4384412702909452,3室2厅|合租|精装修|中层(共15层),已爬取
1516,环球丹桂园,972942,https://liny.zu.anjuke.com/fangyuan/4575312598014988,3室2厅|合租|精装修|中层(共20层),已爬取
1517,环球丹桂园,972942,https://liny.zu.anjuke.com/fangyuan/4562901263197184,3室2厅|整租|精装修|低层(共24层),已爬取
1518,环球丹桂园,972942,https://liny.zu.anjuke.com/fangyuan/4620763710958593,3室2厅|整租|精装修|中层(共25层),已爬取
1519,环球丹桂园,972942,https://liny.zu.anjuke.com/fangyuan/4548970964853765,3室2厅|整租|精装修|高层(共30层),已爬取
1520,环球丹桂园,972942,https://liny.zu.anjuke.com/fangyuan/4619875544194048,3室2厅|整租|精装修|低层(共33层),已爬取
1521,环球丹桂园,972942,https://liny.zu.anjuke.com/fangyuan/4619625844005902,3室2厅|整租|精装修|低层(共21层),已爬取
1522,环球丹桂园,972942,https://liny.zu.anjuke.com/fangyuan/4593777529891851,3室2厅|整租|精装修|中层(共30层),已爬取
1523,环球丹桂园,972942,https://liny.zu.anjuke.com/fangyuan/4619639881833486,3室1厅|整租|精装修|中层(共28层),已爬取
1524,环球丹桂园,972942,https://liny.zu.anjuke.com/fangyuan/4619616456301581,3室2厅|整租|精装修|中层(共24层),已爬取
1525,皇山花园(三期),972943,https://liny.zu.anjuke.com/fangyuan/4622615404747779,3室2厅|合租|精装修|中层(共28层),已爬取
1526,皇山花园(三期),972943,https://liny.zu.anjuke.com/fangyuan/4621198246288384,1室1厅|合租|精装修|中层(共30层),已爬取
1527,皇山花园(三期),972943,https://liny.zu.anjuke.com/fangyuan/4604005055900684,3室2厅|整租|简单装修|高层(共22层),已爬取
1528,皇山花园(三期),972943,https://liny.zu.anjuke.com/fangyuan/4605100609068033,3室2厅|整租|精装修|低层(共21层),已爬取
1529,皇山花园(三期),972943,https://liny.zu.anjuke.com/fangyuan/4605157650623502,3室2厅|整租|精装修|低层(共21层),已爬取
1530,皇山花园(三期),972943,https://liny.zu.anjuke.com/fangyuan/4623408437619720,1室1厅|合租|精装修|高层(共26层),已爬取
1531,皇山花园(三期),972943,https://liny.zu.anjuke.com/fangyuan/4622574158404623,1室1厅|合租|精装修|中层(共20层),已爬取
1532,皇山花园(三期),972943,https://liny.zu.anjuke.com/fangyuan/4605569073961989,3室2厅|整租|精装修|中层(共22层),已爬取
1533,皇山花园(三期),972943,https://liny.zu.anjuke.com/fangyuan/4578517401250829,3室2厅|整租|简单装修|低层(共21层),已爬取
1534,皇山花园(三期),972943,https://liny.zu.anjuke.com/fangyuan/4525745970226188,1室1厅|合租|精装修|高层(共22层),已爬取
1535,宝丽悦府,972602,https://liny.zu.anjuke.com/fangyuan/4619318006897677,3室2厅|整租|精装修|中层(共32层),已爬取
1536,宝丽悦府,972602,https://liny.zu.anjuke.com/fangyuan/4551445714709519,1室1厅|整租|精装修|低层(共12层),已爬取
1537,宝丽悦府,972602,https://liny.zu.anjuke.com/fangyuan/4614010031940619,3室2厅|整租|精装修|中层(共32层),已爬取
1538,宝丽悦府,972602,https://liny.zu.anjuke.com/fangyuan/4578408731569165,3室2厅|整租|精装修|低层(共26层),已爬取
1539,宝丽悦府,972602,https://liny.zu.anjuke.com/fangyuan/4600259330284558,3室2厅|整租|精装修|低层(共17层),已爬取
1540,宝丽悦府,972602,https://liny.zu.anjuke.com/fangyuan/4254197439638529,1室1厅|整租|精装修|高层(共11层),已爬取
1541,宝丽悦府,972602,https://liny.zu.anjuke.com/fangyuan/4062649364376579,1室1厅|整租|简单装修|中层(共17层),已爬取
1542,宝丽悦府,972602,https://liny.zu.anjuke.com/fangyuan/4607151007869967,2室2厅|整租|精装修|高层(共33层),已爬取
1543,宝丽悦府,972602,https://liny.zu.anjuke.com/fangyuan/3977199111384079,1室1厅|整租|精装修|低层(共27层),已爬取
1544,宝丽悦府,972602,https://liny.zu.anjuke.com/fangyuan/4613824010445828,3室1厅|整租|精装修|中层(共33层),已爬取
1545,宝丽一号,677664,https://liny.zu.anjuke.com/fangyuan/4629146073750529,3室2厅|整租|精装修|低层(共17层),已爬取
1546,宝丽一号,677664,https://liny.zu.anjuke.com/fangyuan/4607097290169359,3室2厅|整租|简单装修|中层(共19层),已爬取
1547,宝丽一号,677664,https://liny.zu.anjuke.com/fangyuan/4523615150482433,3室2厅|整租|精装修|中层(共17层),已爬取
1548,宝丽一号,677664,https://liny.zu.anjuke.com/fangyuan/4603864912258053,2室1厅|整租|简单装修|低层(共17层),已爬取
1549,宝丽一号,677664,https://liny.zu.anjuke.com/fangyuan/4617836256914441,2室2厅|整租|精装修|低层(共21层),已爬取
1550,宝丽一号,677664,https://liny.zu.anjuke.com/fangyuan/4541789422199819,2室2厅|整租|精装修|中层(共17层),已爬取
1551,宝丽一号,677664,https://liny.zu.anjuke.com/fangyuan/4599834359933955,3室2厅|合租|精装修|低层(共17层),已爬取
1552,宝丽一号,677664,https://liny.zu.anjuke.com/fangyuan/4612266385630221,3室2厅|合租|精装修|低层(共17层),已爬取
1553,宝丽一号,677664,https://liny.zu.anjuke.com/fangyuan/4574421450271755,3室2厅|合租|精装修|中层(共17层),已爬取
1554,荣盛凯恩花园,1088115,https://liny.zu.anjuke.com/fangyuan/4092658105363456,1室1厅|整租|精装修|中层(共30层),已爬取
1555,荣盛凯恩花园,1088115,https://liny.zu.anjuke.com/fangyuan/4629763324910601,1室1厅|整租|精装修|高层(共20层),已爬取
1556,荣盛凯恩花园,1088115,https://liny.zu.anjuke.com/fangyuan/4587135243754511,1室1厅|整租|精装修|中层(共26层),已爬取
1557,荣盛凯恩花园,1088115,https://liny.zu.anjuke.com/fangyuan/4497798413016075,1室1厅|整租|精装修|低层(共30层),已爬取
1558,荣盛凯恩花园,1088115,https://liny.zu.anjuke.com/fangyuan/4092651006058498,1室1厅|整租|精装修|高层(共20层),已爬取
1559,荣盛凯恩花园,1088115,https://liny.zu.anjuke.com/fangyuan/4566878451622926,1室1厅|整租|精装修|高层(共26层),已爬取
1560,荣盛凯恩花园,1088115,https://liny.zu.anjuke.com/fangyuan/4569710514363405,1室0厅|整租|精装修|中层(共20层),已爬取
1561,荣盛凯恩花园,1088115,https://liny.zu.anjuke.com/fangyuan/3515051591080963,2室1厅|整租|精装修|低层(共33层),已爬取
1562,荣盛凯恩花园,1088115,https://liny.zu.anjuke.com/fangyuan/4569716529650691,1室0厅|整租|精装修|中层(共20层),已爬取
1563,荣盛凯恩花园,1088115,https://liny.zu.anjuke.com/fangyuan/4431154373221377,1室0厅|整租|豪华装修|中层(共20层),已爬取
1564,卓新天悦城,973271,https://liny.zu.anjuke.com/fangyuan/4605299711271938,4室2厅|整租|精装修|中层(共9层),已爬取
1565,卓新天悦城,973271,https://liny.zu.anjuke.com/fangyuan/4625106523053064,3室2厅|整租|精装修|低层(共33层),已爬取
1566,卓新天悦城,973271,https://liny.zu.anjuke.com/fangyuan/4581396775920649,3室2厅|整租|精装修|中层(共32层),已爬取
1567,卓新天悦城,973271,https://liny.zu.anjuke.com/fangyuan/4578330164702208,3室2厅|整租|精装修|低层(共33层),已爬取
1568,卓新天悦城,973271,https://liny.zu.anjuke.com/fangyuan/4578315244905484,3室2厅|整租|精装修|低层(共33层),已爬取
1569,卓新天悦城,973271,https://liny.zu.anjuke.com/fangyuan/4581444920370181,3室2厅|整租|精装修|低层(共32层),已爬取
1570,平等花园,972712,https://liny.zu.anjuke.com/fangyuan/4575967299181572,2室1厅|整租|简单装修|高层(共11层),已爬取
1571,平等花园,972712,https://liny.zu.anjuke.com/fangyuan/4542637920904192,3室2厅|整租|简单装修|高层(共6层),已爬取
1572,平等花园,972712,https://liny.zu.anjuke.com/fangyuan/4529574041803787,3室2厅|整租|精装修|高层(共6层),已爬取
1573,平等花园,972712,https://liny.zu.anjuke.com/fangyuan/4604924006325248,2室1厅|整租|简单装修|中层(共11层),已爬取
1574,平等花园,972712,https://liny.zu.anjuke.com/fangyuan/4550188461861902,2室2厅|整租|简单装修|共5层,已爬取
1575,平等花园,972712,https://liny.zu.anjuke.com/fangyuan/4601163165899776,2室1厅|整租|精装修|高层(共12层),已爬取
1576,平等花园,972712,https://liny.zu.anjuke.com/fangyuan/4564092765957120,2室1厅|整租|简单装修|高层(共11层),已爬取
1577,平等花园,972712,https://liny.zu.anjuke.com/fangyuan/4503558908896261,3室2厅|整租|简单装修|高层(共6层),已爬取
1578,平等花园,972712,https://liny.zu.anjuke.com/fangyuan/4601502756383752,3室2厅|整租|精装修|中层(共6层),已爬取
1579,颐高上海街(三期),1005126,https://liny.zu.anjuke.com/fangyuan/4428375693517826,3室2厅|合租|精装修|高层(共22层),已爬取
1580,颐高上海街(三期),1005126,https://liny.zu.anjuke.com/fangyuan/4631006003422218,3室2厅|合租|精装修|中层(共12层),已爬取
1581,颐高上海街(三期),1005126,https://liny.zu.anjuke.com/fangyuan/4615343063770117,1室1厅|整租|精装修|中层(共22层),已爬取
1582,颐高上海街(三期),1005126,https://liny.zu.anjuke.com/fangyuan/4632062616382467,1室1厅|整租|精装修|高层(共31层),已爬取
1583,颐高上海街(三期),1005126,https://liny.zu.anjuke.com/fangyuan/4618040795864065,1室1厅|整租|精装修|中层(共31层),已爬取
1584,颐高上海街(三期),1005126,https://liny.zu.anjuke.com/fangyuan/4516547625214982,2室2厅|合租|精装修|低层(共29层),已爬取
1585,颐高上海街(三期),1005126,https://liny.zu.anjuke.com/fangyuan/4516551521985536,2室2厅|合租|精装修|低层(共30层),已爬取
1586,颐高上海街(三期),1005126,https://liny.zu.anjuke.com/fangyuan/4582446290019341,2室2厅|整租|精装修|高层(共29层),已爬取
1587,颐高上海街(三期),1005126,https://liny.zu.anjuke.com/fangyuan/4629476270234630,1室1厅|整租|精装修|高层(共23层),已爬取
1588,颐高上海街(三期),1005126,https://liny.zu.anjuke.com/fangyuan/4617950179798018,1室1厅|整租|精装修|中层(共23层),已爬取
1589,德居一品(东区),1312734,https://liny.zu.anjuke.com/fangyuan/4632326170930189,2室2厅|整租|精装修|高层(共26层),已爬取
1590,德居一品(东区),1312734,https://liny.zu.anjuke.com/fangyuan/4591302809951237,3室2厅|合租|精装修|低层(共30层),已爬取
1591,德居一品(东区),1312734,https://liny.zu.anjuke.com/fangyuan/4591014533114881,3室2厅|整租|精装修|低层(共32层),已爬取
1592,德居一品(东区),1312734,https://liny.zu.anjuke.com/fangyuan/4475126568872970,2室2厅|整租|精装修|高层(共32层),已爬取
1593,德居一品(东区),1312734,https://liny.zu.anjuke.com/fangyuan/4614896550304771,3室2厅|整租|精装修|低层(共29层),已爬取
1594,德居一品(东区),1312734,https://liny.zu.anjuke.com/fangyuan/4517370807118853,2室1厅|整租|精装修|高层(共32层),已爬取
1595,德居一品(东区),1312734,https://liny.zu.anjuke.com/fangyuan/4589826443680774,4室2厅|合租|简单装修|中层(共26层),已爬取
1596,德居一品(东区),1312734,https://liny.zu.anjuke.com/fangyuan/4515112063411209,2室2厅|整租|豪华装修|低层(共26层),已爬取
1597,德居一品(东区),1312734,https://liny.zu.anjuke.com/fangyuan/4565668418116608,2室1厅|整租|精装修|低层(共31层),已爬取
1598,德居一品(东区),1312734,https://liny.zu.anjuke.com/fangyuan/4626254720052233,2室1厅|整租|精装修|高层(共30层),已爬取
1599,盛德御园,1108801,https://liny.zu.anjuke.com/fangyuan/4542783347385358,1室1厅|整租|简单装修|共3层,已爬取
1600,盛德御园,1108801,https://liny.zu.anjuke.com/fangyuan/4603634940025856,3室2厅|整租|精装修|高层(共18层),已爬取
1601,盛德御园,1108801,https://liny.zu.anjuke.com/fangyuan/4523392603745287,3室2厅|整租|简单装修|高层(共18层),已爬取
1602,盛德御园,1108801,https://liny.zu.anjuke.com/fangyuan/4598148601338886,3室2厅|整租|精装修|高层(共17层),已爬取
1603,盛德御园,1108801,https://liny.zu.anjuke.com/fangyuan/4598371560102920,3室2厅|整租|精装修|高层(共18层),已爬取
1604,盛德御园,1108801,https://liny.zu.anjuke.com/fangyuan/4612283194008579,3室2厅|整租|精装修|高层(共17层),已爬取
1605,灏园,1194102,https://liny.zu.anjuke.com/fangyuan/4600874623935499,1室0厅|合租|精装修|中层(共20层),已爬取
1606,灏园,1194102,https://liny.zu.anjuke.com/fangyuan/4483298925241350,4室2厅|整租|精装修|低层(共6层),已爬取
1607,灏园,1194102,https://liny.zu.anjuke.com/fangyuan/4562598411508744,1室1厅|合租|精装修|高层(共10层),已爬取
1608,灏园,1194102,https://liny.zu.anjuke.com/fangyuan/4612670797802504,3室2厅|合租|精装修|高层(共10层),已爬取
1609,灏园,1194102,https://liny.zu.anjuke.com/fangyuan/4596990214183950,4室2厅|整租|精装修|低层(共10层),已爬取
1610,灏园,1194102,https://liny.zu.anjuke.com/fangyuan/4630488161201155,4室2厅|整租|精装修|中层(共23层),已爬取
1611,灏园,1194102,https://liny.zu.anjuke.com/fangyuan/4609577699650575,4室2厅|合租|精装修|低层(共7层),已爬取
1612,灏园,1194102,https://liny.zu.anjuke.com/fangyuan/4615341705110539,3室2厅|合租|精装修|低层(共23层),已爬取
1613,灏园,1194102,https://liny.zu.anjuke.com/fangyuan/4601162253741062,4室2厅|合租|精装修|高层(共9层),已爬取
1614,阳光高第,676842,https://liny.zu.anjuke.com/fangyuan/4317971146645510,1室1厅|整租|精装修|中层(共30层),已爬取
1615,阳光高第,676842,https://liny.zu.anjuke.com/fangyuan/4333272905100303,1室1厅|整租|精装修|低层(共30层),已爬取
1616,阳光高第,676842,https://liny.zu.anjuke.com/fangyuan/4592713389894669,1室1厅|整租|精装修|中层(共28层),已爬取
1617,阳光高第,676842,https://liny.zu.anjuke.com/fangyuan/4547382428754949,1室1厅|整租|精装修|高层(共30层),已爬取
1618,阳光高第,676842,https://liny.zu.anjuke.com/fangyuan/4588413092635658,1室1厅|整租|精装修|低层(共30层),已爬取
1619,阳光高第,676842,https://liny.zu.anjuke.com/fangyuan/4599755130067983,2室2厅|整租|精装修|高层(共30层),已爬取
1620,阳光高第,676842,https://liny.zu.anjuke.com/fangyuan/4532005569506309,1室1厅|整租|精装修|中层(共30层),已爬取
1621,阳光高第,676842,https://liny.zu.anjuke.com/fangyuan/4547365762065415,1室1厅|整租|简单装修|低层(共30层),已爬取
1622,阳光高第,676842,https://liny.zu.anjuke.com/fangyuan/4625423299648518,1室1厅|整租|精装修|低层(共30层),已爬取
1623,阳光高第,676842,https://liny.zu.anjuke.com/fangyuan/4605110510265358,1室1厅|整租|精装修|高层(共29层),已爬取
1624,澜泊湾御玺(澜泊湾四期),972822,https://liny.zu.anjuke.com/fangyuan/4496294465006595,3室2厅|整租|豪华装修|中层(共6层),已爬取
1625,澜泊湾御玺(澜泊湾四期),972822,https://liny.zu.anjuke.com/fangyuan/4496297746930691,3室2厅|整租|豪华装修|中层(共7层),已爬取
1626,澜泊湾御玺(澜泊湾四期),972822,https://liny.zu.anjuke.com/fangyuan/4496294451702794,3室2厅|整租|豪华装修|中层(共6层),已爬取
1627,明德花园(平邑),1195827,https://liny.zu.anjuke.com/fangyuan/4571306201095179,2室2厅|整租|精装修|中层(共15层),已爬取
1628,明德花园(平邑),1195827,https://liny.zu.anjuke.com/fangyuan/4562669215767566,2室1厅|整租|精装修|中层(共17层),已爬取
1629,明德花园(平邑),1195827,https://liny.zu.anjuke.com/fangyuan/4581504679111691,2室2厅|整租|简单装修|中层(共17层),已爬取
1630,明德花园(平邑),1195827,https://liny.zu.anjuke.com/fangyuan/4609923145212937,3室2厅|整租|精装修|中层(共17层),已爬取
1631,明德花园(平邑),1195827,https://liny.zu.anjuke.com/fangyuan/4623503961545740,2室2厅|整租|精装修|中层(共6层),已爬取
1632,明德花园(平邑),1195827,https://liny.zu.anjuke.com/fangyuan/4626238407205888,3室2厅|整租|精装修|中层(共17层),已爬取
1633,明德花园(平邑),1195827,https://liny.zu.anjuke.com/fangyuan/4633379094649857,2室2厅|整租|简单装修|高层(共17层),已爬取
1634,明德花园(平邑),1195827,https://liny.zu.anjuke.com/fangyuan/4545520880919558,3室2厅|整租|精装修|共5层,已爬取
1635,明德花园(平邑),1195827,https://liny.zu.anjuke.com/fangyuan/4620620248067077,3室2厅|整租|精装修|中层(共17层),已爬取
1636,明德花园(平邑),1195827,https://liny.zu.anjuke.com/fangyuan/3649758631336970,3室2厅|整租|精装修|高层(共17层),已爬取
1637,龙门豪庭,677971,https://liny.zu.anjuke.com/fangyuan/4607004003331075,2室2厅|整租|精装修|中层(共26层),已爬取
1638,龙门豪庭,677971,https://liny.zu.anjuke.com/fangyuan/4616358711159815,2室2厅|整租|精装修|中层(共26层),已爬取
1639,龙门豪庭,677971,https://liny.zu.anjuke.com/fangyuan/4613575932046350,2室2厅|整租|精装修|中层(共17层),已爬取
1640,龙门豪庭,677971,https://liny.zu.anjuke.com/fangyuan/4614902047534081,2室2厅|整租|精装修|中层(共26层),已爬取
1641,龙门豪庭,677971,https://liny.zu.anjuke.com/fangyuan/4613635614319629,2室2厅|整租|简单装修|中层(共23层),已爬取
1642,沂龙湾清园,676904,https://liny.zu.anjuke.com/fangyuan/4296505575730190,4室1厅|合租|精装修|中层(共19层),已爬取
1643,沂龙湾清园,676904,https://liny.zu.anjuke.com/fangyuan/4231358780349449,2室1厅|合租|精装修|高层(共19层),已爬取
1644,沂龙湾清园,676904,https://liny.zu.anjuke.com/fangyuan/4626408478960652,2室2厅|整租|精装修|高层(共32层),已爬取
1645,沂龙湾清园,676904,https://liny.zu.anjuke.com/fangyuan/4601317258910724,2室1厅|整租|精装修|低层(共17层),已爬取
1646,沂龙湾清园,676904,https://liny.zu.anjuke.com/fangyuan/4626578129953806,3室2厅|整租|精装修|高层(共32层),已爬取
1647,沂龙湾清园,676904,https://liny.zu.anjuke.com/fangyuan/4573961516559372,2室1厅|整租|简单装修|低层(共29层),已爬取
1648,沂龙湾清园,676904,https://liny.zu.anjuke.com/fangyuan/4560202217856011,3室2厅|整租|精装修|高层(共34层),已爬取
1649,沂龙湾清园,676904,https://liny.zu.anjuke.com/fangyuan/4624835693915150,2室1厅|整租|精装修|高层(共32层),已爬取
1650,沂龙湾清园,676904,https://liny.zu.anjuke.com/fangyuan/4571593744509962,3室2厅|整租|精装修|高层(共32层),已爬取
1651,沂龙湾清园,676904,https://liny.zu.anjuke.com/fangyuan/4625014888606732,3室2厅|整租|精装修|中层(共11层),已爬取
1652,怡景天鹅湖,677600,https://liny.zu.anjuke.com/fangyuan/4534303764096003,3室2厅|整租|精装修|高层(共6层),已爬取
1653,怡景天鹅湖,677600,https://liny.zu.anjuke.com/fangyuan/4624697938127878,3室2厅|整租|精装修|中层(共6层),已爬取
1654,怡景天鹅湖,677600,https://liny.zu.anjuke.com/fangyuan/4613660280808452,3室2厅|整租|精装修|高层(共6层),已爬取
1655,怡景天鹅湖,677600,https://liny.zu.anjuke.com/fangyuan/4578806364529666,2室2厅|整租|简单装修|高层(共6层),已爬取
1656,怡景天鹅湖,677600,https://liny.zu.anjuke.com/fangyuan/4507415862324231,2室2厅|整租|精装修|中层(共6层),已爬取
1657,怡景天鹅湖,677600,https://liny.zu.anjuke.com/fangyuan/4619524916521993,3室2厅|整租|精装修|中层(共6层),已爬取
1658,怡景天鹅湖,677600,https://liny.zu.anjuke.com/fangyuan/4516146405303301,2室2厅|整租|精装修|低层(共6层),已爬取
1659,怡景天鹅湖,677600,https://liny.zu.anjuke.com/fangyuan/4279501537418246,3室2厅|整租|精装修|中层(共6层),已爬取
1660,怡景天鹅湖,677600,https://liny.zu.anjuke.com/fangyuan/4565453221354501,2室2厅|整租|精装修|高层(共6层),已爬取
1661,怡景天鹅湖,677600,https://liny.zu.anjuke.com/fangyuan/4602963284648962,3室2厅|整租|精装修|高层(共6层),已爬取
1662,沂州花园(兰山),678239,https://liny.zu.anjuke.com/fangyuan/4590916414860292,3室1厅|合租|精装修|低层(共21层),已爬取
1663,沂州花园(兰山),678239,https://liny.zu.anjuke.com/fangyuan/4578211206781960,3室1厅|合租|精装修|低层(共20层),已爬取
1664,沂州花园(兰山),678239,https://liny.zu.anjuke.com/fangyuan/4578228811770881,3室1厅|合租|精装修|高层(共20层),已爬取
1665,沂州花园(兰山),678239,https://liny.zu.anjuke.com/fangyuan/4316728698760198,3室2厅|合租|精装修|中层(共20层),已爬取
1666,沂州花园(兰山),678239,https://liny.zu.anjuke.com/fangyuan/4562954861028356,3室1厅|合租|精装修|高层(共11层),已爬取
1667,沂州花园(兰山),678239,https://liny.zu.anjuke.com/fangyuan/3732226715230213,3室1厅|合租|精装修|中层(共31层),已爬取
1668,沂州花园(兰山),678239,https://liny.zu.anjuke.com/fangyuan/4493506937400331,3室2厅|合租|精装修|中层(共26层),已爬取
1669,沂州花园(兰山),678239,https://liny.zu.anjuke.com/fangyuan/4588319011185667,2室2厅|合租|精装修|中层(共16层),已爬取
1670,沂州花园(兰山),678239,https://liny.zu.anjuke.com/fangyuan/4633347717159938,3室1厅|合租|精装修|高层(共20层),已爬取
1671,沂州花园(兰山),678239,https://liny.zu.anjuke.com/fangyuan/3290639515967493,3室2厅|合租|豪华装修|中层(共30层),已爬取
1672,颐和嘉园,991357,https://liny.zu.anjuke.com/fangyuan/4578468871642126,3室2厅|整租|精装修|低层(共6层),已爬取
1673,颐和嘉园,991357,https://liny.zu.anjuke.com/fangyuan/4555827605351434,3室2厅|整租|精装修|低层(共6层),已爬取
1674,颐和嘉园,991357,https://liny.zu.anjuke.com/fangyuan/4464822402243587,3室2厅|整租|简单装修|低层(共6层),已爬取
1675,颐和嘉园,991357,https://liny.zu.anjuke.com/fangyuan/4580863437005831,3室2厅|整租|精装修|中层(共6层),已爬取
1676,新城吾悦广场,1033355,https://liny.zu.anjuke.com/fangyuan/4582938696328206,3室2厅|合租|精装修|高层(共18层),已爬取
1677,新城吾悦广场,1033355,https://liny.zu.anjuke.com/fangyuan/4579592383409158,3室2厅|合租|精装修|中层(共30层),已爬取
1678,新城吾悦广场,1033355,https://liny.zu.anjuke.com/fangyuan/4364646370745352,3室1厅|合租|精装修|中层(共29层),已爬取
1679,新城吾悦广场,1033355,https://liny.zu.anjuke.com/fangyuan/4568931993889794,3室2厅|整租|简单装修|高层(共33层),已爬取
1680,新城吾悦广场,1033355,https://liny.zu.anjuke.com/fangyuan/4578173916994568,4室2厅|整租|精装修|低层(共30层),已爬取
1681,新城吾悦广场,1033355,https://liny.zu.anjuke.com/fangyuan/4584122715806727,4室2厅|整租|精装修|高层(共25层),已爬取
1682,新城吾悦广场,1033355,https://liny.zu.anjuke.com/fangyuan/4592295995073547,4室2厅|整租|精装修|低层(共31层),已爬取
1683,新城吾悦广场,1033355,https://liny.zu.anjuke.com/fangyuan/4616812126512131,4室2厅|整租|简单装修|低层(共32层),已爬取
1684,新城吾悦广场,1033355,https://liny.zu.anjuke.com/fangyuan/2593436972559360,3室2厅|合租|精装修|中层(共32层),已爬取
1685,新城吾悦广场,1033355,https://liny.zu.anjuke.com/fangyuan/4615262373291020,3室2厅|整租|精装修|低层(共32层),已爬取
1686,天和花园,677162,https://liny.zu.anjuke.com/fangyuan/4625387898741770,3室2厅|整租|精装修|低层(共6层),已爬取
1687,天和花园,677162,https://liny.zu.anjuke.com/fangyuan/4507602116385798,3室1厅|整租|简单装修|共5层,已爬取
1688,天和花园,677162,https://liny.zu.anjuke.com/fangyuan/4632023847511051,3室1厅|整租|精装修|高层(共6层),已爬取
1689,天和花园,677162,https://liny.zu.anjuke.com/fangyuan/4616634547629062,3室2厅|整租|精装修|中层(共6层),已爬取
1690,天和花园,677162,https://liny.zu.anjuke.com/fangyuan/4621830198074371,3室2厅|整租|简单装修|高层(共6层),已爬取
1691,天和花园,677162,https://liny.zu.anjuke.com/fangyuan/4619839108523017,3室1厅|整租|精装修|高层(共6层),已爬取
1692,天和花园,677162,https://liny.zu.anjuke.com/fangyuan/4606831927139336,3室2厅|整租|精装修|低层(共6层),已爬取
1693,天和花园,677162,https://liny.zu.anjuke.com/fangyuan/4631012572736524,3室2厅|整租|精装修|中层(共6层),已爬取
1694,天和花园,677162,https://liny.zu.anjuke.com/fangyuan/4627818927184908,3室2厅|整租|精装修|高层(共6层),已爬取
1695,天和花园,677162,https://liny.zu.anjuke.com/fangyuan/4620864098460683,3室2厅|整租|精装修|高层(共6层),已爬取
1696,平安华府,972711,https://liny.zu.anjuke.com/fangyuan/4599389358547971,2室2厅|整租|精装修|高层(共30层),已爬取
1697,平安华府,972711,https://liny.zu.anjuke.com/fangyuan/4590042912285701,2室2厅|整租|精装修|中层(共25层),已爬取
1698,平安华府,972711,https://liny.zu.anjuke.com/fangyuan/4603538326397967,2室2厅|整租|精装修|高层(共33层),已爬取
1699,平安华府,972711,https://liny.zu.anjuke.com/fangyuan/2960361611009028,2室2厅|整租|精装修|高层(共32层),已爬取
1700,平安华府,972711,https://liny.zu.anjuke.com/fangyuan/4612414765163533,2室2厅|整租|精装修|中层(共32层),已爬取
1701,平安华府,972711,https://liny.zu.anjuke.com/fangyuan/4629874234694671,2室2厅|整租|精装修|高层(共26层),已爬取
1702,平安华府,972711,https://liny.zu.anjuke.com/fangyuan/4612460887960591,2室2厅|整租|精装修|高层(共32层),已爬取
1703,平安华府,972711,https://liny.zu.anjuke.com/fangyuan/4558398067221507,2室2厅|整租|精装修|中层(共22层),已爬取
1704,平安华府,972711,https://liny.zu.anjuke.com/fangyuan/4605634114790408,2室1厅|整租|精装修|中层(共24层),已爬取
1705,平安华府,972711,https://liny.zu.anjuke.com/fangyuan/4633469747063809,2室1厅|整租|精装修|高层(共28层),已爬取
1706,泰和花园(北区),676876,https://liny.zu.anjuke.com/fangyuan/3264556672637953,2室2厅|整租|简单装修|低层(共28层),已爬取
1707,泰和花园(北区),676876,https://liny.zu.anjuke.com/fangyuan/4602217059871747,2室2厅|整租|简单装修|中层(共24层),已爬取
1708,泰和花园(北区),676876,https://liny.zu.anjuke.com/fangyuan/4624053557500938,2室2厅|整租|精装修|低层(共24层),已爬取
1709,泰和花园(北区),676876,https://liny.zu.anjuke.com/fangyuan/4604072373955584,2室2厅|整租|精装修|中层(共24层),已爬取
1710,泰和花园(北区),676876,https://liny.zu.anjuke.com/fangyuan/4604073699552259,2室2厅|整租|精装修|中层(共24层),已爬取
1711,泰和花园(北区),676876,https://liny.zu.anjuke.com/fangyuan/4592505767797772,2室2厅|整租|简单装修|中层(共7层),已爬取
1712,泰和花园(北区),676876,https://liny.zu.anjuke.com/fangyuan/4476501460495366,2室2厅|整租|精装修|高层(共18层),已爬取
1713,泰和花园(北区),676876,https://liny.zu.anjuke.com/fangyuan/4527138091557903,2室2厅|整租|简单装修|中层(共24层),已爬取
1714,泰和花园(北区),676876,https://liny.zu.anjuke.com/fangyuan/1718731752301583,3室2厅|整租|精装修|中层(共24层),已爬取
1715,泰和花园(北区),676876,https://liny.zu.anjuke.com/fangyuan/4608156755340293,2室2厅|整租|简单装修|中层(共24层),已爬取
1716,泰和花园(东区),676895,https://liny.zu.anjuke.com/fangyuan/4581729033956356,2室2厅|合租|精装修|低层(共15层),已爬取
1717,泰和花园(东区),676895,https://liny.zu.anjuke.com/fangyuan/4357403460247552,3室2厅|合租|精装修|高层(共13层),已爬取
1718,泰和花园(东区),676895,https://liny.zu.anjuke.com/fangyuan/4572685824023564,2室2厅|整租|精装修|中层(共24层),已爬取
1719,泰和花园(东区),676895,https://liny.zu.anjuke.com/fangyuan/4549914786999303,2室2厅|整租|精装修|中层(共26层),已爬取
1720,泰和花园(东区),676895,https://liny.zu.anjuke.com/fangyuan/4575325303956493,2室2厅|整租|简单装修|中层(共30层),已爬取
1721,泰和花园(东区),676895,https://liny.zu.anjuke.com/fangyuan/4532984726510605,2室2厅|整租|精装修|中层(共24层),已爬取
1722,泰和花园(东区),676895,https://liny.zu.anjuke.com/fangyuan/4632251400135690,2室2厅|整租|精装修|低层(共24层),已爬取
1723,泰和花园(东区),676895,https://liny.zu.anjuke.com/fangyuan/4399918371105804,2室2厅|整租|精装修|高层(共24层),已爬取
1724,泰和花园(东区),676895,https://liny.zu.anjuke.com/fangyuan/4624874436832264,2室2厅|整租|精装修|低层(共30层),已爬取
1725,泰和花园(东区),676895,https://liny.zu.anjuke.com/fangyuan/4589554593770501,2室2厅|整租|精装修|中层(共24层),已爬取
1726,北园小区(兰山),766264,https://liny.zu.anjuke.com/fangyuan/4621293057055759,3室2厅|合租|精装修|中层(共8层),已爬取
1727,北园小区(兰山),766264,https://liny.zu.anjuke.com/fangyuan/4467873818993668,3室2厅|合租|精装修|中层(共6层),已爬取
1728,北园小区(兰山),766264,https://liny.zu.anjuke.com/fangyuan/4611154174747663,3室2厅|合租|精装修|共5层,已爬取
1729,北园小区(兰山),766264,https://liny.zu.anjuke.com/fangyuan/4617769849660417,3室2厅|合租|精装修|高层(共6层),已爬取
1730,北园小区(兰山),766264,https://liny.zu.anjuke.com/fangyuan/4428131892108296,3室1厅|合租|精装修|中层(共6层),已爬取
1731,北园小区(兰山),766264,https://liny.zu.anjuke.com/fangyuan/4472870014936069,3室2厅|合租|精装修|共5层,已爬取
1732,北园小区(兰山),766264,https://liny.zu.anjuke.com/fangyuan/4624828358585355,3室2厅|合租|精装修|低层(共30层),已爬取
1733,北园小区(兰山),766264,https://liny.zu.anjuke.com/fangyuan/4535854644947983,3室2厅|合租|精装修|低层(共19层),已爬取
1734,北园小区(兰山),766264,https://liny.zu.anjuke.com/fangyuan/4626276242336771,3室2厅|合租|精装修|中层(共6层),已爬取
1735,北园小区(兰山),766264,https://liny.zu.anjuke.com/fangyuan/4573891198282761,3室2厅|合租|精装修|中层(共6层),已爬取
1736,联安现代城,767016,https://liny.zu.anjuke.com/fangyuan/4631927960902656,3室1厅|合租|精装修|高层(共32层),已爬取
1737,联安现代城,767016,https://liny.zu.anjuke.com/fangyuan/4290032850296841,2室1厅|合租|精装修|中层(共15层),已爬取
1738,联安现代城,767016,https://liny.zu.anjuke.com/fangyuan/4478359385336840,1室1厅|整租|精装修|中层(共30层),已爬取
1739,联安现代城,767016,https://liny.zu.anjuke.com/fangyuan/4548357549747208,3室1厅|合租|精装修|低层(共6层),已爬取
1740,联安现代城,767016,https://liny.zu.anjuke.com/fangyuan/4629535140621317,1室1厅|合租|精装修|高层(共34层),已爬取
1741,联安现代城,767016,https://liny.zu.anjuke.com/fangyuan/4633641563614223,1室1厅|整租|精装修|高层(共29层),已爬取
1742,联安现代城,767016,https://liny.zu.anjuke.com/fangyuan/4484625699431430,1室1厅|整租|豪华装修|中层(共16层),已爬取
1743,联安现代城,767016,https://liny.zu.anjuke.com/fangyuan/4444152011627532,1室1厅|整租|精装修|高层(共29层),已爬取
1744,联安现代城,767016,https://liny.zu.anjuke.com/fangyuan/4496314581642247,1室1厅|整租|豪华装修|高层(共11层),已爬取
1745,联安现代城,767016,https://liny.zu.anjuke.com/fangyuan/4613952960324617,1室1厅|整租|精装修|中层(共29层),已爬取
1746,悦澜山,677674,https://liny.zu.anjuke.com/fangyuan/4341895527914504,2室2厅|整租|精装修|低层(共29层),已爬取
1747,悦澜山,677674,https://liny.zu.anjuke.com/fangyuan/4560274941910031,3室2厅|整租|精装修|中层(共30层),已爬取
1748,悦澜山,677674,https://liny.zu.anjuke.com/fangyuan/4571455552805901,3室2厅|整租|精装修|高层(共30层),已爬取
1749,悦澜山,677674,https://liny.zu.anjuke.com/fangyuan/4549432607009802,2室2厅|整租|精装修|高层(共31层),已爬取
1750,悦澜山,677674,https://liny.zu.anjuke.com/fangyuan/4615495982113793,3室2厅|整租|精装修|中层(共17层),已爬取
1751,悦澜山,677674,https://liny.zu.anjuke.com/fangyuan/4579911641424898,3室2厅|整租|精装修|低层(共19层),已爬取
1752,悦澜山,677674,https://liny.zu.anjuke.com/fangyuan/4441789355813893,3室2厅|整租|精装修|高层(共22层),已爬取
1753,悦澜山,677674,https://liny.zu.anjuke.com/fangyuan/4558574391731200,2室2厅|整租|精装修|中层(共17层),已爬取
1754,悦澜山,677674,https://liny.zu.anjuke.com/fangyuan/4557183972580362,3室2厅|整租|精装修|中层(共28层),已爬取
1755,悦澜山,677674,https://liny.zu.anjuke.com/fangyuan/4622344166796296,3室2厅|整租|精装修|中层(共18层),已爬取
1756,嘉益香槟城,713691,https://liny.zu.anjuke.com/fangyuan/4590126081862662,3室2厅|整租|简单装修|低层(共18层),已爬取
1757,嘉益香槟城,713691,https://liny.zu.anjuke.com/fangyuan/4337954123455493,3室2厅|整租|精装修|高层(共11层),已爬取
1758,嘉益香槟城,713691,https://liny.zu.anjuke.com/fangyuan/4597258274511886,3室1厅|整租|精装修|高层(共18层),已爬取
1759,嘉益香槟城,713691,https://liny.zu.anjuke.com/fangyuan/4504535051856901,3室2厅|整租|简单装修|低层(共10层),已爬取
1760,嘉益香槟城,713691,https://liny.zu.anjuke.com/fangyuan/4464915871144964,3室2厅|整租|精装修|高层(共18层),已爬取
1761,嘉益香槟城,713691,https://liny.zu.anjuke.com/fangyuan/4633709397828615,4室2厅|整租|精装修|低层(共11层),已爬取
1762,嘉益香槟城,713691,https://liny.zu.anjuke.com/fangyuan/4554119753145350,3室2厅|整租|简单装修|低层(共11层),已爬取
1763,嘉益香槟城,713691,https://liny.zu.anjuke.com/fangyuan/4576724067458056,3室2厅|整租|精装修|高层(共18层),已爬取
1764,嘉益香槟城,713691,https://liny.zu.anjuke.com/fangyuan/4245853913653261,4室2厅|整租|精装修|低层(共6层),已爬取
1765,嘉益香槟城,713691,https://liny.zu.anjuke.com/fangyuan/4098674288831491,3室2厅|整租|精装修|低层(共15层),已爬取
1766,梅山小区,676903,https://liny.zu.anjuke.com/fangyuan/4617538923109389,3室1厅|整租|简单装修|低层(共6层),已爬取
1767,梅山小区,676903,https://liny.zu.anjuke.com/fangyuan/4574267377296397,3室2厅|整租|简单装修|共5层,已爬取
1768,梅山小区,676903,https://liny.zu.anjuke.com/fangyuan/4557669876802567,2室2厅|整租|简单装修|共5层,已爬取
1769,梅山小区,676903,https://liny.zu.anjuke.com/fangyuan/4556986331491335,2室2厅|整租|精装修|低层(共6层),已爬取
1770,梅山小区,676903,https://liny.zu.anjuke.com/fangyuan/4578820188527622,3室2厅|整租|精装修|中层(共6层),已爬取
1771,城建锦绣城,938791,https://liny.zu.anjuke.com/fangyuan/4617841524530184,3室2厅|整租|精装修|中层(共6层),已爬取
1772,城建锦绣城,938791,https://liny.zu.anjuke.com/fangyuan/4598750178073603,3室2厅|整租|精装修|低层(共6层),已爬取
1773,红盾花园,972926,https://liny.zu.anjuke.com/fangyuan/4241777667873800,4室1厅|合租|精装修|低层(共17层),已爬取
1774,红盾花园,972926,https://liny.zu.anjuke.com/fangyuan/4421383594320904,3室1厅|合租|精装修|低层(共22层),已爬取
1775,红盾花园,972926,https://liny.zu.anjuke.com/fangyuan/4626297657453582,4室2厅|合租|精装修|中层(共22层),已爬取
1776,红盾花园,972926,https://liny.zu.anjuke.com/fangyuan/4600736280241156,3室1厅|合租|精装修|中层(共20层),已爬取
1777,红盾花园,972926,https://liny.zu.anjuke.com/fangyuan/4613844265839626,3室2厅|整租|精装修|低层(共17层),已爬取
1778,红盾花园,972926,https://liny.zu.anjuke.com/fangyuan/4603601021836297,3室2厅|整租|精装修|低层(共11层),已爬取
1779,红盾花园,972926,https://liny.zu.anjuke.com/fangyuan/4619233558637583,3室2厅|整租|精装修|共1层,已爬取
1780,红盾花园,972926,https://liny.zu.anjuke.com/fangyuan/4632111302601732,3室2厅|整租|精装修|低层(共17层),已爬取
1781,红盾花园,972926,https://liny.zu.anjuke.com/fangyuan/4517531972119563,3室2厅|整租|精装修|低层(共18层),已爬取
1782,红盾花园,972926,https://liny.zu.anjuke.com/fangyuan/4623892251532301,3室2厅|整租|简单装修|低层(共17层),已爬取
1783,翰林华府(沂水),945157,https://liny.zu.anjuke.com/fangyuan/4524634292460548,1室1厅|整租|简单装修|共5层,已爬取
1784,翰林华府(沂水),945157,https://liny.zu.anjuke.com/fangyuan/4624769367157770,2室2厅|整租|精装修|高层(共17层),已爬取
1785,翰林华府(沂水),945157,https://liny.zu.anjuke.com/fangyuan/4502331303468038,3室2厅|整租|精装修|中层(共6层),已爬取
1786,翰林华府(沂水),945157,https://liny.zu.anjuke.com/fangyuan/4533488128994308,2室2厅|整租|精装修|中层(共18层),已爬取
1787,翰林华府(沂水),945157,https://liny.zu.anjuke.com/fangyuan/4612446705820673,2室2厅|整租|精装修|高层(共18层),已爬取
1788,翰林华府(沂水),945157,https://liny.zu.anjuke.com/fangyuan/4538476213312523,2室2厅|整租|精装修|高层(共18层),已爬取
1789,翰林华府(沂水),945157,https://liny.zu.anjuke.com/fangyuan/4626576482327557,1室1厅|整租|精装修|共5层,已爬取
1790,翰林华府(沂水),945157,https://liny.zu.anjuke.com/fangyuan/4523548633326604,3室2厅|整租|精装修|共5层,已爬取
1791,翰林华府(沂水),945157,https://liny.zu.anjuke.com/fangyuan/4405979515857933,3室2厅|合租|简单装修|中层(共18层),已爬取
1792,翰林华府(沂水),945157,https://liny.zu.anjuke.com/fangyuan/4620276558650379,1室1厅|整租|简单装修|共5层,已爬取
1793,金雀新城(A区),677555,https://liny.zu.anjuke.com/fangyuan/4631540024060932,3室1厅|合租|精装修|高层(共10层),已爬取
1794,金雀新城(A区),677555,https://liny.zu.anjuke.com/fangyuan/4611296397057031,3室2厅|合租|豪华装修|低层(共32层),已爬取
1795,金雀新城(A区),677555,https://liny.zu.anjuke.com/fangyuan/4626589368722436,3室1厅|合租|精装修|中层(共16层),已爬取
1796,金雀新城(A区),677555,https://liny.zu.anjuke.com/fangyuan/4394245674019845,3室1厅|合租|精装修|高层(共25层),已爬取
1797,金雀新城(A区),677555,https://liny.zu.anjuke.com/fangyuan/4629260121549828,3室2厅|合租|豪华装修|低层(共10层),已爬取
1798,金雀新城(A区),677555,https://liny.zu.anjuke.com/fangyuan/4486213837413381,3室2厅|合租|精装修|低层(共31层),已爬取
1799,金雀新城(A区),677555,https://liny.zu.anjuke.com/fangyuan/4297969349255171,3室2厅|合租|精装修|低层(共32层),已爬取
1800,金雀新城(A区),677555,https://liny.zu.anjuke.com/fangyuan/4535807173108751,3室2厅|合租|精装修|低层(共30层),已爬取
1801,金雀新城(A区),677555,https://liny.zu.anjuke.com/fangyuan/4602224784354319,3室2厅|合租|精装修|低层(共31层),已爬取
1802,金雀新城(A区),677555,https://liny.zu.anjuke.com/fangyuan/4380167492348929,2室2厅|合租|简单装修|高层(共31层),已爬取
1803,地王银雀华府,912196,https://liny.zu.anjuke.com/fangyuan/4565496574974978,1室1厅|整租|精装修|高层(共11层),已爬取
1804,地王银雀华府,912196,https://liny.zu.anjuke.com/fangyuan/4622483217849359,3室2厅|整租|精装修|中层(共15层),已爬取
1805,地王银雀华府,912196,https://liny.zu.anjuke.com/fangyuan/4565489718895620,1室0厅|整租|简单装修|中层(共16层),已爬取
1806,地王银雀华府,912196,https://liny.zu.anjuke.com/fangyuan/4605180814367757,1室1厅|整租|精装修|低层(共18层),已爬取
1807,地王银雀华府,912196,https://liny.zu.anjuke.com/fangyuan/4569940645014541,3室2厅|整租|简单装修|高层(共32层),已爬取
1808,地王银雀华府,912196,https://liny.zu.anjuke.com/fangyuan/4592373382409220,3室2厅|整租|精装修|中层(共27层),已爬取
1809,地王银雀华府,912196,https://liny.zu.anjuke.com/fangyuan/4616552565922823,3室2厅|整租|精装修|高层(共32层),已爬取
1810,地王银雀华府,912196,https://liny.zu.anjuke.com/fangyuan/4616563056469002,1室1厅|整租|精装修|中层(共12层),已爬取
1811,地王银雀华府,912196,https://liny.zu.anjuke.com/fangyuan/4595094286937093,3室2厅|整租|精装修|高层(共32层),已爬取
1812,地王银雀华府,912196,https://liny.zu.anjuke.com/fangyuan/4568666022896646,3室2厅|整租|精装修|中层(共29层),已爬取
1813,滨河绿洲,972853,https://liny.zu.anjuke.com/fangyuan/4633956844544005,3室2厅|整租|精装修|低层(共17层),已爬取
1814,滨河绿洲,972853,https://liny.zu.anjuke.com/fangyuan/4594399452980233,3室2厅|整租|精装修|低层(共17层),已爬取
1815,滨河绿洲,972853,https://liny.zu.anjuke.com/fangyuan/4589501677349902,2室2厅|整租|精装修|中层(共19层),已爬取
1816,滨河绿洲,972853,https://liny.zu.anjuke.com/fangyuan/4609327697619972,2室2厅|整租|精装修|中层(共18层),已爬取
1817,滨河绿洲,972853,https://liny.zu.anjuke.com/fangyuan/4600878569335823,3室2厅|整租|精装修|高层(共11层),已爬取
1818,滨河绿洲,972853,https://liny.zu.anjuke.com/fangyuan/4517633095347215,2室2厅|整租|精装修|中层(共14层),已爬取
1819,滨河绿洲,972853,https://liny.zu.anjuke.com/fangyuan/4518867943304198,2室2厅|整租|精装修|中层(共18层),已爬取
1820,滨河绿洲,972853,https://liny.zu.anjuke.com/fangyuan/4604975098682377,3室2厅|整租|精装修|中层(共11层),已爬取
1821,滨河绿洲,972853,https://liny.zu.anjuke.com/fangyuan/4539145293687808,2室2厅|整租|精装修|中层(共17层),已爬取
1822,滨河绿洲,972853,https://liny.zu.anjuke.com/fangyuan/4599606772392970,3室2厅|整租|精装修|中层(共11层),已爬取
1823,沂河花园(兰山),677044,https://liny.zu.anjuke.com/fangyuan/4539916388641796,3室2厅|合租|精装修|中层(共22层),已爬取
1824,君悦兰亭,677912,https://liny.zu.anjuke.com/fangyuan/4602560391930895,3室2厅|整租|精装修|低层(共17层),已爬取
1825,君悦兰亭,677912,https://liny.zu.anjuke.com/fangyuan/4626426671916033,3室2厅|整租|精装修|高层(共11层),已爬取
1826,君悦兰亭,677912,https://liny.zu.anjuke.com/fangyuan/4633416069833742,3室2厅|整租|精装修|中层(共17层),已爬取
1827,君悦兰亭,677912,https://liny.zu.anjuke.com/fangyuan/4626352502758410,3室2厅|整租|精装修|低层(共17层),已爬取
1828,君悦兰亭,677912,https://liny.zu.anjuke.com/fangyuan/4537510762474505,3室2厅|整租|精装修|高层(共11层),已爬取
1829,天元锦都上城,1085915,https://liny.zu.anjuke.com/fangyuan/4623413398580235,2室2厅|整租|精装修|高层(共17层),已爬取
1830,天元锦都上城,1085915,https://liny.zu.anjuke.com/fangyuan/4568560593134603,4室2厅|整租|简单装修|高层(共16层),已爬取
1831,天元锦都上城,1085915,https://liny.zu.anjuke.com/fangyuan/4602616539851776,3室2厅|整租|精装修|高层(共17层),已爬取
1832,天元锦都上城,1085915,https://liny.zu.anjuke.com/fangyuan/4599726454959111,2室2厅|整租|精装修|高层(共17层),已爬取
1833,天元锦都上城,1085915,https://liny.zu.anjuke.com/fangyuan/4618158137777160,3室2厅|整租|精装修|低层(共15层),已爬取
1834,天元锦都上城,1085915,https://liny.zu.anjuke.com/fangyuan/4618117811842060,3室2厅|整租|精装修|低层(共16层),已爬取
1835,桃园,678247,https://liny.zu.anjuke.com/fangyuan/4629235498703884,3室2厅|整租|简单装修|低层(共11层),已爬取
1836,桃园,678247,https://liny.zu.anjuke.com/fangyuan/4520474815210504,3室2厅|整租|简单装修|高层(共11层),已爬取
1837,桃园,678247,https://liny.zu.anjuke.com/fangyuan/4614950146137092,3室2厅|整租|简单装修|中层(共11层),已爬取
1838,桃园,678247,https://liny.zu.anjuke.com/fangyuan/4534539635497985,4室2厅|整租|简单装修|中层(共17层),已爬取
1839,桃园,678247,https://liny.zu.anjuke.com/fangyuan/4630905907094528,4室2厅|整租|简单装修|中层(共17层),已爬取
1840,警察花园,678246,https://liny.zu.anjuke.com/fangyuan/4384465398834181,3室2厅|合租|精装修|中层(共20层),已爬取
1841,警察花园,678246,https://liny.zu.anjuke.com/fangyuan/4632399604362240,3室2厅|合租|精装修|中层(共28层),已爬取
1842,警察花园,678246,https://liny.zu.anjuke.com/fangyuan/4591415903280128,3室2厅|合租|精装修|中层(共23层),已爬取
1843,警察花园,678246,https://liny.zu.anjuke.com/fangyuan/4474841138832392,3室2厅|合租|精装修|中层(共17层),已爬取
1844,警察花园,678246,https://liny.zu.anjuke.com/fangyuan/4468129693639692,3室2厅|合租|精装修|中层(共15层),已爬取
1845,警察花园,678246,https://liny.zu.anjuke.com/fangyuan/4509148818648066,3室2厅|整租|简单装修|高层(共11层),已爬取
1846,警察花园,678246,https://liny.zu.anjuke.com/fangyuan/4616383217757194,3室2厅|合租|精装修|中层(共16层),已爬取
1847,警察花园,678246,https://liny.zu.anjuke.com/fangyuan/4617760277982209,3室2厅|合租|精装修|低层(共26层),已爬取
1848,警察花园,678246,https://liny.zu.anjuke.com/fangyuan/4598381241805838,3室2厅|整租|精装修|低层(共17层),已爬取
1849,金都上城,1491600,https://liny.zu.anjuke.com/fangyuan/4623878269148167,3室2厅|整租|精装修|低层(共11层),已爬取
1850,金都上城,1491600,https://liny.zu.anjuke.com/fangyuan/4623789701784584,2室2厅|整租|简单装修|高层(共18层),已爬取
1851,金都上城,1491600,https://liny.zu.anjuke.com/fangyuan/4556854359583751,1室1厅|整租|简单装修|共5层,已爬取
1852,金都上城,1491600,https://liny.zu.anjuke.com/fangyuan/4244089479929870,2室2厅|整租|毛坯|共5层,已爬取
1853,金都上城,1491600,https://liny.zu.anjuke.com/fangyuan/4430869012442118,2室2厅|整租|简单装修|中层(共17层),已爬取
1854,金都上城,1491600,https://liny.zu.anjuke.com/fangyuan/4623293694075916,2室2厅|整租|简单装修|中层(共20层),已爬取
1855,金都上城,1491600,https://liny.zu.anjuke.com/fangyuan/4623893387355145,3室2厅|整租|精装修|低层(共11层),已爬取
1856,金榜龙城,972959,https://liny.zu.anjuke.com/fangyuan/4610765536748555,1室1厅|整租|简单装修|高层(共14层),已爬取
1857,金榜龙城,972959,https://liny.zu.anjuke.com/fangyuan/4616628192224260,4室2厅|整租|精装修|低层(共7层),已爬取
1858,金榜龙城,972959,https://liny.zu.anjuke.com/fangyuan/4584138652132361,4室2厅|整租|精装修|低层(共11层),已爬取
1859,金榜龙城,972959,https://liny.zu.anjuke.com/fangyuan/4608246552194050,3室2厅|整租|精装修|共5层,已爬取
1860,金榜龙城,972959,https://liny.zu.anjuke.com/fangyuan/4612157122518025,1室1厅|整租|精装修|中层(共14层),已爬取
1861,金榜龙城,972959,https://liny.zu.anjuke.com/fangyuan/4582811930684418,2室2厅|整租|精装修|共5层,已爬取
1862,金榜龙城,972959,https://liny.zu.anjuke.com/fangyuan/4633611304905731,1室1厅|整租|简单装修|高层(共9层),已爬取
1863,金榜龙城,972959,https://liny.zu.anjuke.com/fangyuan/4607197382958095,1室1厅|整租|精装修|中层(共15层),已爬取
1864,金榜龙城,972959,https://liny.zu.anjuke.com/fangyuan/4608132330036230,3室2厅|整租|简单装修|高层(共14层),已爬取
1865,金榜龙城,972959,https://liny.zu.anjuke.com/fangyuan/4623686437331969,1室1厅|整租|精装修|中层(共6层),已爬取
1866,富贵花园,677499,https://liny.zu.anjuke.com/fangyuan/4593793339595783,3室2厅|整租|简单装修|共5层,已爬取
1867,华润书香府,954714,https://liny.zu.anjuke.com/fangyuan/4572585825659914,3室2厅|整租|简单装修|高层(共18层),已爬取
1868,华润书香府,954714,https://liny.zu.anjuke.com/fangyuan/4602348205843465,3室2厅|整租|精装修|高层(共11层),已爬取
1869,华润书香府,954714,https://liny.zu.anjuke.com/fangyuan/4610924157541391,3室2厅|整租|精装修|中层(共17层),已爬取
1870,华润书香府,954714,https://liny.zu.anjuke.com/fangyuan/4585210681353227,3室2厅|整租|精装修|高层(共17层),已爬取
1871,华润书香府,954714,https://liny.zu.anjuke.com/fangyuan/4631988192668683,3室2厅|整租|豪华装修|高层(共11层),已爬取
1872,翰林庄园,972644,https://liny.zu.anjuke.com/fangyuan/4218521386052621,4室2厅|整租|精装修|高层(共18层),已爬取
1873,翰林庄园,972644,https://liny.zu.anjuke.com/fangyuan/4601006237920261,3室1厅|整租|精装修|高层(共17层),已爬取
1874,翰林庄园,972644,https://liny.zu.anjuke.com/fangyuan/4615380720380942,3室2厅|整租|精装修|低层(共7层),已爬取
1875,翰林庄园,972644,https://liny.zu.anjuke.com/fangyuan/2153789393050626,3室2厅|整租|精装修|高层(共17层),已爬取
1876,翰林庄园,972644,https://liny.zu.anjuke.com/fangyuan/4587072880274441,4室2厅|整租|精装修|高层(共10层),已爬取
1877,翰林庄园,972644,https://liny.zu.anjuke.com/fangyuan/4608646242819084,3室2厅|整租|精装修|低层(共7层),已爬取
1878,翰林庄园,972644,https://liny.zu.anjuke.com/fangyuan/4588390017231886,4室2厅|整租|精装修|高层(共19层),已爬取
1879,翰林庄园,972644,https://liny.zu.anjuke.com/fangyuan/4615277256350727,4室2厅|整租|精装修|高层(共18层),已爬取
1880,翰林庄园,972644,https://liny.zu.anjuke.com/fangyuan/4374317565090821,3室2厅|整租|精装修|低层(共17层),已爬取
1881,翰林庄园,972644,https://liny.zu.anjuke.com/fangyuan/4592228210961414,3室2厅|整租|精装修|中层(共9层),已爬取
1882,环球金水湾,972654,https://liny.zu.anjuke.com/fangyuan/4629515886369804,1室1厅|整租|精装修|中层(共22层),已爬取
1883,环球金水湾,972654,https://liny.zu.anjuke.com/fangyuan/4608288013904906,3室2厅|整租|精装修|高层(共22层),已爬取
1884,环球金水湾,972654,https://liny.zu.anjuke.com/fangyuan/4488990457469963,1室1厅|整租|精装修|中层(共22层),已爬取
1885,环球金水湾,972654,https://liny.zu.anjuke.com/fangyuan/4603664631571456,2室1厅|整租|精装修|低层(共22层),已爬取
1886,环球金水湾,972654,https://liny.zu.anjuke.com/fangyuan/4622404100615170,1室1厅|整租|精装修|中层(共22层),已爬取
1887,环球金水湾,972654,https://liny.zu.anjuke.com/fangyuan/4599958824791043,2室1厅|整租|精装修|中层(共22层),已爬取
1888,环球金水湾,972654,https://liny.zu.anjuke.com/fangyuan/4449567137801218,2室1厅|整租|精装修|低层(共22层),已爬取
1889,环球金水湾,972654,https://liny.zu.anjuke.com/fangyuan/4500293215839236,1室1厅|整租|精装修|低层(共22层),已爬取
1890,环球金水湾,972654,https://liny.zu.anjuke.com/fangyuan/4551387468475392,1室1厅|整租|简单装修|高层(共22层),已爬取
1891,环球金水湾,972654,https://liny.zu.anjuke.com/fangyuan/4632401402063878,3室2厅|整租|精装修|低层(共6层),已爬取
1892,金穗花园,1073544,https://liny.zu.anjuke.com/fangyuan/4625223674520584,3室2厅|整租|精装修|低层(共23层),已爬取
1893,金穗花园,1073544,https://liny.zu.anjuke.com/fangyuan/4543272621599754,3室2厅|整租|精装修|高层(共19层),已爬取
1894,金穗花园,1073544,https://liny.zu.anjuke.com/fangyuan/4624820232821772,3室2厅|整租|精装修|高层(共24层),已爬取
1895,金穗花园,1073544,https://liny.zu.anjuke.com/fangyuan/4318224387530757,3室2厅|整租|精装修|低层(共20层),已爬取
1896,金穗花园,1073544,https://liny.zu.anjuke.com/fangyuan/4629189713521668,3室2厅|整租|精装修|高层(共24层),已爬取
1897,金穗花园,1073544,https://liny.zu.anjuke.com/fangyuan/4612110196075520,3室2厅|整租|精装修|高层(共23层),已爬取
1898,金穗花园,1073544,https://liny.zu.anjuke.com/fangyuan/4485091773162505,3室2厅|整租|精装修|高层(共19层),已爬取
1899,金穗花园,1073544,https://liny.zu.anjuke.com/fangyuan/4606873474276355,3室2厅|整租|简单装修|高层(共25层),已爬取
1900,金穗花园,1073544,https://liny.zu.anjuke.com/fangyuan/4629899511245825,3室2厅|整租|精装修|中层(共24层),已爬取
1901,金穗花园,1073544,https://liny.zu.anjuke.com/fangyuan/4609593638231041,4室2厅|整租|精装修|低层(共17层),已爬取
1902,康城花园,1214941,https://liny.zu.anjuke.com/fangyuan/4632405287922695,3室2厅|整租|精装修|高层(共17层),已爬取
1903,康城花园,1214941,https://liny.zu.anjuke.com/fangyuan/4605222493627395,3室2厅|整租|精装修|高层(共17层),已爬取
1904,康城花园,1214941,https://liny.zu.anjuke.com/fangyuan/4616446851787780,2室2厅|整租|精装修|高层(共24层),已爬取
1905,康城花园,1214941,https://liny.zu.anjuke.com/fangyuan/4499422327495692,3室2厅|整租|精装修|高层(共17层),已爬取
1906,康城花园,1214941,https://liny.zu.anjuke.com/fangyuan/4627751368121355,3室2厅|整租|精装修|高层(共17层),已爬取
1907,康城花园,1214941,https://liny.zu.anjuke.com/fangyuan/4022109364214788,3室2厅|整租|简单装修|高层(共17层),已爬取
1908,康城花园,1214941,https://liny.zu.anjuke.com/fangyuan/4609405154651150,3室2厅|整租|简单装修|高层(共17层),已爬取
1909,康城花园,1214941,https://liny.zu.anjuke.com/fangyuan/4442722093933569,3室2厅|整租|精装修|高层(共21层),已爬取
1910,康城花园,1214941,https://liny.zu.anjuke.com/fangyuan/4616739743245324,3室2厅|整租|豪华装修|高层(共26层),已爬取
1911,盛源华府,1012032,https://liny.zu.anjuke.com/fangyuan/4633284457128968,1室1厅|合租|精装修|低层(共9层),已爬取
1912,盛源华府,1012032,https://liny.zu.anjuke.com/fangyuan/4554334308328454,3室2厅|整租|精装修|中层(共7层),已爬取
1913,盛源华府,1012032,https://liny.zu.anjuke.com/fangyuan/4579652377484296,3室2厅|整租|精装修|中层(共7层),已爬取
1914,盛源华府,1012032,https://liny.zu.anjuke.com/fangyuan/4565825811639303,3室2厅|整租|精装修|中层(共7层),已爬取
1915,盛源华府,1012032,https://liny.zu.anjuke.com/fangyuan/4625422880056334,3室2厅|合租|精装修|低层(共9层),已爬取
1916,盛源华府,1012032,https://liny.zu.anjuke.com/fangyuan/4506571421326346,4室2厅|整租|精装修|高层(共11层),已爬取
1917,盛源华府,1012032,https://liny.zu.anjuke.com/fangyuan/4563045577595915,4室2厅|整租|精装修|中层(共15层),已爬取
1918,盛源华府,1012032,https://liny.zu.anjuke.com/fangyuan/4580080591330304,4室2厅|整租|精装修|高层(共11层),已爬取
1919,盛源华府,1012032,https://liny.zu.anjuke.com/fangyuan/4599711301297157,4室2厅|整租|精装修|低层(共7层),已爬取
1920,盛源华府,1012032,https://liny.zu.anjuke.com/fangyuan/4570032618658816,4室2厅|整租|精装修|低层(共17层),已爬取
1921,龙河湾,677050,https://liny.zu.anjuke.com/fangyuan/4606724850953223,3室2厅|整租|简单装修|低层(共18层),已爬取
1922,龙河湾,677050,https://liny.zu.anjuke.com/fangyuan/4541882614357007,3室2厅|整租|精装修|低层(共17层),已爬取
1923,龙河湾,677050,https://liny.zu.anjuke.com/fangyuan/4596579760907279,3室2厅|整租|简单装修|中层(共18层),已爬取
1924,龙河湾,677050,https://liny.zu.anjuke.com/fangyuan/4503421101485064,3室2厅|整租|精装修|中层(共28层),已爬取
1925,龙河湾,677050,https://liny.zu.anjuke.com/fangyuan/4606715381099526,3室2厅|整租|精装修|低层(共17层),已爬取
1926,龙河湾,677050,https://liny.zu.anjuke.com/fangyuan/4552690040036357,3室2厅|整租|精装修|低层(共18层),已爬取
1927,龙河湾,677050,https://liny.zu.anjuke.com/fangyuan/4608319927213060,1室0厅|合租|精装修|低层(共16层),已爬取
1928,龙河湾,677050,https://liny.zu.anjuke.com/fangyuan/4548660016192520,3室2厅|整租|精装修|中层(共17层),已爬取
1929,龙河湾,677050,https://liny.zu.anjuke.com/fangyuan/4473833931414533,3室2厅|整租|精装修|低层(共7层),已爬取
1930,龙河湾,677050,https://liny.zu.anjuke.com/fangyuan/4503161866152971,3室2厅|整租|精装修|中层(共17层),已爬取
1931,观蒙雅园,676860,https://liny.zu.anjuke.com/fangyuan/4565363842964492,3室2厅|整租|精装修|高层(共6层),已爬取
1932,观蒙雅园,676860,https://liny.zu.anjuke.com/fangyuan/4575928536181774,2室2厅|整租|精装修|低层(共15层),已爬取
1933,观蒙雅园,676860,https://liny.zu.anjuke.com/fangyuan/4574534738680846,3室2厅|整租|精装修|中层(共7层),已爬取
1934,观蒙雅园,676860,https://liny.zu.anjuke.com/fangyuan/3960235272530946,3室2厅|整租|精装修|共5层,已爬取
1935,观蒙雅园,676860,https://liny.zu.anjuke.com/fangyuan/4583939883605004,3室2厅|整租|精装修|低层(共7层),已爬取
1936,鸿儒国际,1010266,https://liny.zu.anjuke.com/fangyuan/4552643842087936,3室2厅|合租|精装修|中层(共8层),已爬取
1937,鸿儒国际,1010266,https://liny.zu.anjuke.com/fangyuan/4632000371598340,1室1厅|整租|精装修|中层(共26层),已爬取
1938,鸿儒国际,1010266,https://liny.zu.anjuke.com/fangyuan/4620860573916170,3室2厅|合租|精装修|中层(共25层),已爬取
1939,鸿儒国际,1010266,https://liny.zu.anjuke.com/fangyuan/4606567277616137,1室1厅|整租|精装修|中层(共30层),已爬取
1940,鸿儒国际,1010266,https://liny.zu.anjuke.com/fangyuan/4469244563172362,3室2厅|合租|精装修|低层(共12层),已爬取
1941,鸿儒国际,1010266,https://liny.zu.anjuke.com/fangyuan/4541304132889600,3室1厅|合租|精装修|中层(共12层),已爬取
1942,鸿儒国际,1010266,https://liny.zu.anjuke.com/fangyuan/4618418814921728,3室2厅|合租|精装修|低层(共18层),已爬取
1943,鸿儒国际,1010266,https://liny.zu.anjuke.com/fangyuan/4493483571223552,1室1厅|整租|精装修|高层(共25层),已爬取
1944,鸿儒国际,1010266,https://liny.zu.anjuke.com/fangyuan/4599598225792006,2室2厅|合租|精装修|中层(共20层),已爬取
1945,鸿儒国际,1010266,https://liny.zu.anjuke.com/fangyuan/4402626139937806,3室2厅|合租|精装修|中层(共20层),已爬取
1946,诚德桑提亚纳,677019,https://liny.zu.anjuke.com/fangyuan/4589452019526658,2室1厅|整租|精装修|中层(共22层),已爬取
1947,诚德桑提亚纳,677019,https://liny.zu.anjuke.com/fangyuan/4514767314707468,1室1厅|整租|精装修|高层(共27层),已爬取
1948,诚德桑提亚纳,677019,https://liny.zu.anjuke.com/fangyuan/4511808111287310,1室1厅|整租|精装修|中层(共22层),已爬取
1949,诚德桑提亚纳,677019,https://liny.zu.anjuke.com/fangyuan/4597988794244099,2室1厅|整租|精装修|中层(共22层),已爬取
1950,诚德桑提亚纳,677019,https://liny.zu.anjuke.com/fangyuan/4049112189919232,1室1厅|整租|精装修|中层(共22层),已爬取
1951,诚德桑提亚纳,677019,https://liny.zu.anjuke.com/fangyuan/4615340576975887,3室2厅|整租|精装修|低层(共9层),已爬取
1952,诚德桑提亚纳,677019,https://liny.zu.anjuke.com/fangyuan/4555601073005578,1室1厅|整租|简单装修|中层(共12层),已爬取
1953,诚德桑提亚纳,677019,https://liny.zu.anjuke.com/fangyuan/4307826431978511,1室1厅|整租|精装修|中层(共22层),已爬取
1954,诚德桑提亚纳,677019,https://liny.zu.anjuke.com/fangyuan/4633368803795980,1室1厅|整租|精装修|高层(共22层),已爬取
1955,诚德桑提亚纳,677019,https://liny.zu.anjuke.com/fangyuan/4627508243932168,1室0厅|整租|精装修|高层(共22层),已爬取
1956,新方嘉园,678234,https://liny.zu.anjuke.com/fangyuan/4578451735276554,3室1厅|合租|精装修|高层(共20层),已爬取
1957,新方嘉园,678234,https://liny.zu.anjuke.com/fangyuan/3866449237762061,3室1厅|合租|精装修|低层(共26层),已爬取
1958,新方嘉园,678234,https://liny.zu.anjuke.com/fangyuan/4611238472657928,2室2厅|合租|豪华装修|低层(共32层),已爬取
1959,新方嘉园,678234,https://liny.zu.anjuke.com/fangyuan/4631757442685966,3室1厅|合租|精装修|中层(共13层),已爬取
1960,新方嘉园,678234,https://liny.zu.anjuke.com/fangyuan/4622244404175883,3室2厅|合租|简单装修|低层(共15层),已爬取
1961,新方嘉园,678234,https://liny.zu.anjuke.com/fangyuan/4622149530102794,3室2厅|合租|豪华装修|中层(共30层),已爬取
1962,新方嘉园,678234,https://liny.zu.anjuke.com/fangyuan/4626432585098248,3室1厅|合租|精装修|低层(共16层),已爬取
1963,新方嘉园,678234,https://liny.zu.anjuke.com/fangyuan/4631221599591432,3室1厅|合租|精装修|中层(共10层),已爬取
1964,新方嘉园,678234,https://liny.zu.anjuke.com/fangyuan/4623483866932232,3室2厅|合租|精装修|低层(共30层),已爬取
1965,新方嘉园,678234,https://liny.zu.anjuke.com/fangyuan/4510495982199812,3室2厅|合租|精装修|中层(共23层),已爬取
1966,银雀苑,973239,https://liny.zu.anjuke.com/fangyuan/4623294360396812,4室1厅|合租|精装修|高层(共30层),已爬取
1967,银雀苑,973239,https://liny.zu.anjuke.com/fangyuan/4629249629776902,3室2厅|合租|豪华装修|共5层,已爬取
1968,银雀苑,973239,https://liny.zu.anjuke.com/fangyuan/4013553785760773,3室1厅|合租|精装修|高层(共31层),已爬取
1969,银雀苑,973239,https://liny.zu.anjuke.com/fangyuan/4625207645627403,3室1厅|合租|精装修|中层(共16层),已爬取
1970,银雀苑,973239,https://liny.zu.anjuke.com/fangyuan/4631311876480014,3室1厅|合租|精装修|高层(共30层),已爬取
1971,银雀苑,973239,https://liny.zu.anjuke.com/fangyuan/4624022932415500,3室2厅|合租|精装修|中层(共22层),已爬取
1972,银雀苑,973239,https://liny.zu.anjuke.com/fangyuan/4622079148567554,2室2厅|合租|豪华装修|低层(共32层),已爬取
1973,银雀苑,973239,https://liny.zu.anjuke.com/fangyuan/4630822834908169,4室2厅|合租|精装修|低层(共30层),已爬取
1974,银雀苑,973239,https://liny.zu.anjuke.com/fangyuan/4589461201429515,3室2厅|合租|精装修|中层(共30层),已爬取
1975,银雀苑,973239,https://liny.zu.anjuke.com/fangyuan/4530389351752705,3室1厅|合租|精装修|低层(共25层),已爬取
1976,龙腾华景,912584,https://liny.zu.anjuke.com/fangyuan/4564299310539779,3室2厅|合租|精装修|低层(共31层),已爬取
1977,龙腾华景,912584,https://liny.zu.anjuke.com/fangyuan/4545547755627523,3室2厅|合租|精装修|低层(共9层),已爬取
1978,龙腾华景,912584,https://liny.zu.anjuke.com/fangyuan/4484810471746572,3室2厅|合租|精装修|中层(共30层),已爬取
1979,龙腾华景,912584,https://liny.zu.anjuke.com/fangyuan/4609285418527748,3室2厅|合租|精装修|中层(共6层),已爬取
1980,龙腾华景,912584,https://liny.zu.anjuke.com/fangyuan/4605041387430912,3室2厅|合租|精装修|中层(共17层),已爬取
1981,龙腾华景,912584,https://liny.zu.anjuke.com/fangyuan/4625283938475008,3室2厅|合租|精装修|中层(共6层),已爬取
1982,龙腾华景,912584,https://liny.zu.anjuke.com/fangyuan/4537146964646918,3室2厅|合租|精装修|中层(共22层),已爬取
1983,龙腾华景,912584,https://liny.zu.anjuke.com/fangyuan/4411105045605376,3室2厅|合租|精装修|低层(共6层),已爬取
1984,龙腾华景,912584,https://liny.zu.anjuke.com/fangyuan/4478240329294849,1室1厅|整租|毛坯|中层(共12层),已爬取
1985,龙腾华景,912584,https://liny.zu.anjuke.com/fangyuan/4605706099287045,1室0厅|整租|精装修|共5层,已爬取
1986,朗润苑,678333,https://liny.zu.anjuke.com/fangyuan/4249760283651086,3室2厅|合租|精装修|高层(共30层),已爬取
1987,朗润苑,678333,https://liny.zu.anjuke.com/fangyuan/4629140751983620,3室2厅|合租|精装修|低层(共11层),已爬取
1988,朗润苑,678333,https://liny.zu.anjuke.com/fangyuan/3876322472517636,3室1厅|合租|精装修|高层(共31层),已爬取
1989,朗润苑,678333,https://liny.zu.anjuke.com/fangyuan/4629222305979405,1室0厅|合租|精装修|低层(共19层),已爬取
1990,朗润苑,678333,https://liny.zu.anjuke.com/fangyuan/4622146242681868,3室2厅|合租|豪华装修|低层(共32层),已爬取
1991,朗润苑,678333,https://liny.zu.anjuke.com/fangyuan/4469127537089551,3室2厅|合租|精装修|高层(共30层),已爬取
1992,朗润苑,678333,https://liny.zu.anjuke.com/fangyuan/4591278183359492,3室2厅|合租|精装修|低层(共20层),已爬取
1993,朗润苑,678333,https://liny.zu.anjuke.com/fangyuan/3661566221493262,2室1厅|合租|精装修|低层(共6层),已爬取
1994,朗润苑,678333,https://liny.zu.anjuke.com/fangyuan/4630846492044288,4室2厅|合租|精装修|中层(共30层),已爬取
1995,朗润苑,678333,https://liny.zu.anjuke.com/fangyuan/4318035304672257,3室2厅|合租|精装修|中层(共21层),已爬取
1996,绿地玉晖公馆,1505467,https://liny.zu.anjuke.com/fangyuan/4629413071313924,4室2厅|整租|简单装修|中层(共25层),已爬取
1997,绿地玉晖公馆,1505467,https://liny.zu.anjuke.com/fangyuan/4629485786475520,3室2厅|整租|精装修|高层(共22层),已爬取
1998,绿地玉晖公馆,1505467,https://liny.zu.anjuke.com/fangyuan/4511615193553923,3室1厅|整租|精装修|中层(共25层),已爬取
1999,绿地玉晖公馆,1505467,https://liny.zu.anjuke.com/fangyuan/4465501324094469,3室2厅|整租|精装修|中层(共26层),已爬取
2000,绿地玉晖公馆,1505467,https://liny.zu.anjuke.com/fangyuan/4595603120696335,3室2厅|整租|精装修|高层(共26层),已爬取
2001,水岸文庭东区,939719,https://liny.zu.anjuke.com/fangyuan/4630910598929410,4室2厅|合租|精装修|低层(共35层),已爬取
2002,水岸文庭东区,939719,https://liny.zu.anjuke.com/fangyuan/4630947034342401,4室1厅|合租|精装修|高层(共33层),已爬取
2003,水岸文庭东区,939719,https://liny.zu.anjuke.com/fangyuan/4618237744456709,3室2厅|合租|精装修|高层(共33层),已爬取
2004,水岸文庭东区,939719,https://liny.zu.anjuke.com/fangyuan/4630552884763652,5室1厅|合租|精装修|高层(共34层),已爬取
2005,水岸文庭东区,939719,https://liny.zu.anjuke.com/fangyuan/4622246679669765,3室2厅|合租|简单装修|中层(共15层),已爬取
2006,水岸文庭东区,939719,https://liny.zu.anjuke.com/fangyuan/4633337350695938,3室2厅|合租|精装修|低层(共30层),已爬取
2007,水岸文庭东区,939719,https://liny.zu.anjuke.com/fangyuan/4626259414688769,3室1厅|合租|精装修|中层(共30层),已爬取
2008,水岸文庭东区,939719,https://liny.zu.anjuke.com/fangyuan/4027737119271948,3室2厅|整租|精装修|低层(共26层),已爬取
2009,水岸文庭东区,939719,https://liny.zu.anjuke.com/fangyuan/4293638204170243,3室2厅|整租|精装修|高层(共31层),已爬取
2010,水岸文庭东区,939719,https://liny.zu.anjuke.com/fangyuan/4523049358306312,3室2厅|整租|精装修|中层(共31层),已爬取
2011,三阳地产清华园,713729,https://liny.zu.anjuke.com/fangyuan/3056499117300738,1室1厅|整租|精装修|中层(共30层),已爬取
2012,三阳地产清华园,713729,https://liny.zu.anjuke.com/fangyuan/3111639404584960,1室1厅|整租|精装修|中层(共30层),已爬取
2013,三阳地产清华园,713729,https://liny.zu.anjuke.com/fangyuan/4568603432627210,1室1厅|整租|精装修|高层(共26层),已爬取
2014,三阳地产清华园,713729,https://liny.zu.anjuke.com/fangyuan/2987454439793671,1室1厅|整租|精装修|高层(共30层),已爬取
2015,三阳地产清华园,713729,https://liny.zu.anjuke.com/fangyuan/4628127504509956,3室2厅|整租|精装修|中层(共30层),已爬取
2016,三阳地产清华园,713729,https://liny.zu.anjuke.com/fangyuan/4633598353726473,1室1厅|整租|精装修|低层(共30层),已爬取
2017,三阳地产清华园,713729,https://liny.zu.anjuke.com/fangyuan/3440170913668096,1室1厅|整租|精装修|高层(共30层),已爬取
2018,三阳地产清华园,713729,https://liny.zu.anjuke.com/fangyuan/4128062107294725,1室1厅|整租|精装修|高层(共30层),已爬取
2019,三阳地产清华园,713729,https://liny.zu.anjuke.com/fangyuan/2906575535711235,2室1厅|整租|精装修|中层(共30层),已爬取
2020,三阳地产清华园,713729,https://liny.zu.anjuke.com/fangyuan/4628186279537673,1室1厅|整租|精装修|高层(共30层),已爬取
2021,中央华庭,677961,https://liny.zu.anjuke.com/fangyuan/4599792148194316,3室2厅|整租|精装修|中层(共11层),已爬取
2022,中央华庭,677961,https://liny.zu.anjuke.com/fangyuan/4598286520802313,3室2厅|整租|精装修|中层(共11层),已爬取
2023,中央华庭,677961,https://liny.zu.anjuke.com/fangyuan/4594469119912975,3室2厅|整租|精装修|中层(共11层),已爬取
2024,中央华庭,677961,https://liny.zu.anjuke.com/fangyuan/4633770001178632,3室2厅|整租|精装修|高层(共11层),已爬取
2025,中央华庭,677961,https://liny.zu.anjuke.com/fangyuan/4624909611428873,2室2厅|整租|精装修|中层(共17层),已爬取
2026,中央华庭,677961,https://liny.zu.anjuke.com/fangyuan/4620678219916303,3室2厅|整租|精装修|高层(共7层),已爬取
2027,中央华庭,677961,https://liny.zu.anjuke.com/fangyuan/4568658742238214,2室2厅|整租|精装修|高层(共11层),已爬取
2028,中央华庭,677961,https://liny.zu.anjuke.com/fangyuan/4513324699016195,2室2厅|整租|精装修|高层(共11层),已爬取
2029,中央华庭,677961,https://liny.zu.anjuke.com/fangyuan/4633731649170441,3室2厅|整租|精装修|高层(共11层),已爬取
2030,中央华庭,677961,https://liny.zu.anjuke.com/fangyuan/4595369275728904,2室2厅|整租|精装修|中层(共11层),已爬取
2031,兰山小区,973016,https://liny.zu.anjuke.com/fangyuan/4564060736449542,3室2厅|合租|精装修|低层(共30层),已爬取
2032,兰山小区,973016,https://liny.zu.anjuke.com/fangyuan/4585179876123655,2室2厅|合租|精装修|共5层,已爬取
2033,兰山小区,973016,https://liny.zu.anjuke.com/fangyuan/4609401695706118,3室2厅|整租|精装修|共5层,已爬取
2034,兰山小区,973016,https://liny.zu.anjuke.com/fangyuan/4278259729247243,2室2厅|整租|精装修|共5层,已爬取
2035,兰山小区,973016,https://liny.zu.anjuke.com/fangyuan/4315017425611779,3室2厅|整租|精装修|高层(共16层),已爬取
2036,兰山小区,973016,https://liny.zu.anjuke.com/fangyuan/4496553230113792,3室2厅|整租|精装修|共5层,已爬取
2037,兰山小区,973016,https://liny.zu.anjuke.com/fangyuan/4604090439670793,3室2厅|整租|精装修|共5层,已爬取
2038,兰山小区,973016,https://liny.zu.anjuke.com/fangyuan/4599798361320457,3室2厅|整租|精装修|共5层,已爬取
2039,兰山小区,973016,https://liny.zu.anjuke.com/fangyuan/4586838063750151,3室2厅|整租|精装修|共5层,已爬取
2040,兰山小区,973016,https://liny.zu.anjuke.com/fangyuan/4602591792770055,3室2厅|整租|简单装修|低层(共6层),已爬取
2041,水榭华庭,973116,https://liny.zu.anjuke.com/fangyuan/4633375085796361,5室2厅|整租|精装修|高层(共15层),已爬取
2042,水榭华庭,973116,https://liny.zu.anjuke.com/fangyuan/4633370937158662,4室3厅|整租|简单装修|高层(共15层),已爬取
2043,水榭华庭,973116,https://liny.zu.anjuke.com/fangyuan/4617057215048717,5室2厅|整租|精装修|高层(共16层),已爬取
2044,林庄御园澜庭,1076518,https://liny.zu.anjuke.com/fangyuan/4554434780240908,3室2厅|合租|精装修|低层(共30层),已爬取
2045,林庄御园澜庭,1076518,https://liny.zu.anjuke.com/fangyuan/4565791002045452,3室2厅|整租|精装修|高层(共7层),已爬取
2046,林庄御园澜庭,1076518,https://liny.zu.anjuke.com/fangyuan/4616650232392714,3室2厅|整租|精装修|低层(共6层),已爬取
2047,林庄御园澜庭,1076518,https://liny.zu.anjuke.com/fangyuan/4576229371784194,3室1厅|合租|精装修|低层(共16层),已爬取
2048,林庄御园澜庭,1076518,https://liny.zu.anjuke.com/fangyuan/4624898185767944,3室2厅|整租|精装修|共5层,已爬取
2049,林庄御园澜庭,1076518,https://liny.zu.anjuke.com/fangyuan/4515354868182024,2室1厅|整租|豪华装修|低层(共15层),已爬取
2050,林庄御园澜庭,1076518,https://liny.zu.anjuke.com/fangyuan/4548458419758085,3室2厅|整租|精装修|中层(共6层),已爬取
2051,林庄御园澜庭,1076518,https://liny.zu.anjuke.com/fangyuan/4515360717794315,2室1厅|整租|豪华装修|低层(共15层),已爬取
2052,金盾花园西区(兰山),676938,https://liny.zu.anjuke.com/fangyuan/4609565235129349,3室2厅|整租|精装修|中层(共11层),已爬取
2053,万基幸福小镇,973146,https://liny.zu.anjuke.com/fangyuan/4633709228876804,3室2厅|整租|精装修|低层(共6层),已爬取
2054,万基幸福小镇,973146,https://liny.zu.anjuke.com/fangyuan/4566800772359178,3室2厅|整租|精装修|低层(共6层),已爬取
2055,万基幸福小镇,973146,https://liny.zu.anjuke.com/fangyuan/4617939292003343,3室2厅|整租|精装修|高层(共7层),已爬取
2056,万基幸福小镇,973146,https://liny.zu.anjuke.com/fangyuan/4583740552733703,2室1厅|整租|简单装修|高层(共6层),已爬取
2057,万基幸福小镇,973146,https://liny.zu.anjuke.com/fangyuan/4626365243890699,3室2厅|整租|简单装修|共5层,已爬取
2058,万基幸福小镇,973146,https://liny.zu.anjuke.com/fangyuan/4633371200955400,3室2厅|整租|简单装修|低层(共6层),已爬取
2059,万基幸福小镇,973146,https://liny.zu.anjuke.com/fangyuan/4633853967687682,3室2厅|整租|简单装修|低层(共6层),已爬取
2060,万基幸福小镇,973146,https://liny.zu.anjuke.com/fangyuan/4612505716333571,1室1厅|整租|精装修|高层(共7层),已爬取
2061,万基幸福小镇,973146,https://liny.zu.anjuke.com/fangyuan/4632024219069440,3室2厅|整租|精装修|低层(共6层),已爬取
2062,万基幸福小镇,973146,https://liny.zu.anjuke.com/fangyuan/4625324206580740,2室1厅|整租|精装修|高层(共6层),已爬取
2063,天基黄金水岸,972741,https://liny.zu.anjuke.com/fangyuan/4623788759882767,3室2厅|整租|精装修|中层(共32层),已爬取
2064,天基黄金水岸,972741,https://liny.zu.anjuke.com/fangyuan/4623654164192271,3室2厅|整租|豪华装修|中层(共32层),已爬取
2065,天基黄金水岸,972741,https://liny.zu.anjuke.com/fangyuan/4623794767014925,3室2厅|整租|精装修|高层(共32层),已爬取
2066,天基黄金水岸,972741,https://liny.zu.anjuke.com/fangyuan/4623808207449093,3室2厅|整租|精装修|高层(共32层),已爬取
2067,天基黄金水岸,972741,https://liny.zu.anjuke.com/fangyuan/4624141886942220,2室1厅|整租|精装修|低层(共32层),已爬取
2068,天基黄金水岸,972741,https://liny.zu.anjuke.com/fangyuan/4623960417299457,3室2厅|整租|精装修|中层(共28层),已爬取
2069,天基黄金水岸,972741,https://liny.zu.anjuke.com/fangyuan/4453988650673154,1室1厅|整租|简单装修|中层(共33层),已爬取
2070,天基黄金水岸,972741,https://liny.zu.anjuke.com/fangyuan/4407209072585736,2室1厅|整租|精装修|中层(共32层),已爬取
2071,天基黄金水岸,972741,https://liny.zu.anjuke.com/fangyuan/4627003357799438,1室1厅|整租|精装修|中层(共32层),已爬取
2072,天基黄金水岸,972741,https://liny.zu.anjuke.com/fangyuan/4631235550209035,1室1厅|整租|精装修|低层(共32层),已爬取
2073,美华金地嘉园,677612,https://liny.zu.anjuke.com/fangyuan/4613448284466182,2室2厅|整租|精装修|高层(共6层),已爬取
2074,美华金地嘉园,677612,https://liny.zu.anjuke.com/fangyuan/4606873739959300,2室2厅|整租|精装修|高层(共6层),已爬取
2075,美华金地嘉园,677612,https://liny.zu.anjuke.com/fangyuan/4604988088163330,3室2厅|整租|精装修|高层(共6层),已爬取
2076,美华金地嘉园,677612,https://liny.zu.anjuke.com/fangyuan/4619787711947789,3室2厅|整租|简单装修|中层(共6层),已爬取
2077,美华金地嘉园,677612,https://liny.zu.anjuke.com/fangyuan/4545644367584266,2室2厅|整租|精装修|低层(共6层),已爬取
2078,美华金地嘉园,677612,https://liny.zu.anjuke.com/fangyuan/4560364697279492,3室2厅|整租|简单装修|低层(共6层),已爬取
2079,美华金地嘉园,677612,https://liny.zu.anjuke.com/fangyuan/4564453580252161,2室1厅|整租|精装修|低层(共6层),已爬取
2080,美华金地嘉园,677612,https://liny.zu.anjuke.com/fangyuan/4619280642944009,2室2厅|整租|精装修|高层(共6层),已爬取
2081,美华金地嘉园,677612,https://liny.zu.anjuke.com/fangyuan/4606877323928587,3室2厅|整租|精装修|高层(共6层),已爬取
2082,美华金地嘉园,677612,https://liny.zu.anjuke.com/fangyuan/4612696994749443,2室2厅|整租|精装修|高层(共6层),已爬取
2083,圣兰菲诺(公寓住宅),789054,https://liny.zu.anjuke.com/fangyuan/4630918120580106,2室2厅|整租|精装修|中层(共24层),已爬取
2084,圣兰菲诺(公寓住宅),789054,https://liny.zu.anjuke.com/fangyuan/4585260104770566,5室2厅|整租|豪华装修|高层(共27层),已爬取
2085,圣兰菲诺(公寓住宅),789054,https://liny.zu.anjuke.com/fangyuan/4584175215537155,5室2厅|整租|精装修|中层(共30层),已爬取
2086,圣兰菲诺(公寓住宅),789054,https://liny.zu.anjuke.com/fangyuan/4580945608977419,5室2厅|整租|精装修|中层(共23层),已爬取
2087,圣兰菲诺(公寓住宅),789054,https://liny.zu.anjuke.com/fangyuan/4526139333551112,4室2厅|整租|精装修|共5层,已爬取
2088,圣兰菲诺(公寓住宅),789054,https://liny.zu.anjuke.com/fangyuan/4632058239507466,2室2厅|整租|精装修|高层(共25层),已爬取
2089,圣兰菲诺(公寓住宅),789054,https://liny.zu.anjuke.com/fangyuan/4530453880564742,3室2厅|整租|精装修|高层(共6层),已爬取
2090,圣兰菲诺(公寓住宅),789054,https://liny.zu.anjuke.com/fangyuan/4586946316872717,2室2厅|整租|精装修|低层(共25层),已爬取
2091,圣兰菲诺(公寓住宅),789054,https://liny.zu.anjuke.com/fangyuan/4556930967051275,3室2厅|整租|精装修|低层(共26层),已爬取
2092,圣兰菲诺(公寓住宅),789054,https://liny.zu.anjuke.com/fangyuan/4587048942201868,2室2厅|整租|精装修|中层(共25层),已爬取
2093,豪森丽都,941707,https://liny.zu.anjuke.com/fangyuan/4569749259164672,1室1厅|合租|精装修|低层(共17层),已爬取
2094,豪森丽都,941707,https://liny.zu.anjuke.com/fangyuan/4354581618499589,3室1厅|合租|精装修|中层(共15层),已爬取
2095,豪森丽都,941707,https://liny.zu.anjuke.com/fangyuan/4630879621489665,2室1厅|合租|精装修|中层(共30层),已爬取
2096,豪森丽都,941707,https://liny.zu.anjuke.com/fangyuan/4612296628612106,2室1厅|合租|精装修|中层(共30层),已爬取
2097,豪森丽都,941707,https://liny.zu.anjuke.com/fangyuan/4632388494222341,3室2厅|合租|精装修|中层(共32层),已爬取
2098,豪森丽都,941707,https://liny.zu.anjuke.com/fangyuan/4612313904782343,2室2厅|合租|精装修|高层(共25层),已爬取
2099,豪森丽都,941707,https://liny.zu.anjuke.com/fangyuan/4612203155856393,3室2厅|合租|精装修|中层(共30层),已爬取
2100,豪森丽都,941707,https://liny.zu.anjuke.com/fangyuan/4542753790436352,3室2厅|合租|精装修|低层(共19层),已爬取
2101,豪森丽都,941707,https://liny.zu.anjuke.com/fangyuan/4549790869052425,2室2厅|合租|精装修|中层(共20层),已爬取
2102,豪森丽都,941707,https://liny.zu.anjuke.com/fangyuan/4606563578047501,3室2厅|合租|精装修|低层(共27层),已爬取
2103,盛世华府(郯城),1401078,https://liny.zu.anjuke.com/fangyuan/4607758145936397,3室2厅|整租|精装修|中层(共16层),已爬取
2104,盛世华府(郯城),1401078,https://liny.zu.anjuke.com/fangyuan/4629651002629120,3室2厅|整租|精装修|中层(共22层),已爬取
2105,盛世华府(郯城),1401078,https://liny.zu.anjuke.com/fangyuan/4558688530623488,3室2厅|整租|精装修|共1层,已爬取
2106,盛世华府(郯城),1401078,https://liny.zu.anjuke.com/fangyuan/4586897214270476,3室2厅|整租|精装修|中层(共17层),已爬取
2107,盛世华府(郯城),1401078,https://liny.zu.anjuke.com/fangyuan/4513023008562190,3室2厅|整租|精装修|中层(共24层),已爬取
2108,盛世华府(郯城),1401078,https://liny.zu.anjuke.com/fangyuan/4612404290481152,3室2厅|整租|精装修|中层(共19层),已爬取
2109,盛世华府(郯城),1401078,https://liny.zu.anjuke.com/fangyuan/4565983169913861,1室1厅|整租|精装修|高层(共17层),已爬取
2110,盛世华府(郯城),1401078,https://liny.zu.anjuke.com/fangyuan/4623449041576967,3室2厅|整租|精装修|中层(共20层),已爬取
2111,盛世华府(郯城),1401078,https://liny.zu.anjuke.com/fangyuan/4624970607975433,3室2厅|整租|精装修|高层(共18层),已爬取
2112,盛世华府(郯城),1401078,https://liny.zu.anjuke.com/fangyuan/4626693327019009,3室2厅|整租|精装修|中层(共18层),已爬取
2113,银河湾3号院,677200,https://liny.zu.anjuke.com/fangyuan/4626576668060677,3室1厅|合租|精装修|中层(共16层),已爬取
2114,银河湾3号院,677200,https://liny.zu.anjuke.com/fangyuan/4496475212323842,4室1厅|合租|精装修|中层(共10层),已爬取
2115,银河湾3号院,677200,https://liny.zu.anjuke.com/fangyuan/3791831547895816,3室2厅|合租|豪华装修|低层(共20层),已爬取
2116,银河湾3号院,677200,https://liny.zu.anjuke.com/fangyuan/4520779121712128,3室0厅|合租|精装修|低层(共30层),已爬取
2117,银河湾3号院,677200,https://liny.zu.anjuke.com/fangyuan/4535737240413188,3室2厅|合租|精装修|低层(共32层),已爬取
2118,银河湾3号院,677200,https://liny.zu.anjuke.com/fangyuan/4631577404777472,3室1厅|合租|精装修|中层(共10层),已爬取
2119,银河湾3号院,677200,https://liny.zu.anjuke.com/fangyuan/4613586676689934,3室2厅|合租|精装修|低层(共30层),已爬取
2120,银河湾3号院,677200,https://liny.zu.anjuke.com/fangyuan/4622244775961609,3室2厅|合租|豪华装修|低层(共32层),已爬取
2121,银河湾3号院,677200,https://liny.zu.anjuke.com/fangyuan/4530315356167174,3室1厅|合租|精装修|低层(共25层),已爬取
2122,银河湾3号院,677200,https://liny.zu.anjuke.com/fangyuan/4629660101045259,3室1厅|合租|精装修|低层(共33层),已爬取
2123,桃花涧小区,677567,https://liny.zu.anjuke.com/fangyuan/4629069319793667,3室2厅|整租|精装修|高层(共6层),已爬取
2124,桃花涧小区,677567,https://liny.zu.anjuke.com/fangyuan/4527264420555785,3室1厅|整租|精装修|中层(共6层),已爬取
2125,银丰佳园(东区),973233,https://liny.zu.anjuke.com/fangyuan/4603643830377476,3室2厅|整租|精装修|高层(共6层),已爬取
2126,银丰佳园(东区),973233,https://liny.zu.anjuke.com/fangyuan/4515930823924747,3室2厅|整租|精装修|中层(共6层),已爬取
2127,银丰佳园(东区),973233,https://liny.zu.anjuke.com/fangyuan/4597901360194571,4室2厅|合租|简单装修|共5层,已爬取
2128,银丰佳园(东区),973233,https://liny.zu.anjuke.com/fangyuan/4550542138366980,3室2厅|整租|精装修|高层(共6层),已爬取
2129,银丰佳园(东区),973233,https://liny.zu.anjuke.com/fangyuan/4606756518224909,3室2厅|整租|精装修|高层(共6层),已爬取
2130,银丰佳园(东区),973233,https://liny.zu.anjuke.com/fangyuan/4632434799651854,2室2厅|整租|精装修|高层(共6层),已爬取
2131,银丰佳园(东区),973233,https://liny.zu.anjuke.com/fangyuan/4516018492566541,3室2厅|整租|精装修|高层(共6层),已爬取
2132,银丰佳园(东区),973233,https://liny.zu.anjuke.com/fangyuan/4564316811893760,3室2厅|整租|精装修|高层(共6层),已爬取
2133,银丰佳园(东区),973233,https://liny.zu.anjuke.com/fangyuan/4527473206008839,2室2厅|整租|精装修|高层(共6层),已爬取
2134,银丰佳园(东区),973233,https://liny.zu.anjuke.com/fangyuan/4620519731848198,3室2厅|整租|精装修|高层(共6层),已爬取
2135,金泰瑞府,1066632,https://liny.zu.anjuke.com/fangyuan/4485096170742785,3室2厅|整租|精装修|高层(共27层),已爬取
2136,金泰瑞府,1066632,https://liny.zu.anjuke.com/fangyuan/4555662779395086,4室2厅|整租|精装修|高层(共27层),已爬取
2137,金泰瑞府,1066632,https://liny.zu.anjuke.com/fangyuan/4597909328419844,4室2厅|整租|精装修|高层(共27层),已爬取
2138,金泰瑞府,1066632,https://liny.zu.anjuke.com/fangyuan/4607959103726605,3室2厅|整租|精装修|低层(共29层),已爬取
2139,金泰瑞府,1066632,https://liny.zu.anjuke.com/fangyuan/4596594260780040,3室2厅|整租|精装修|低层(共33层),已爬取
2140,金泰瑞府,1066632,https://liny.zu.anjuke.com/fangyuan/4585267628319751,3室2厅|整租|精装修|高层(共23层),已爬取
2141,金泰瑞府,1066632,https://liny.zu.anjuke.com/fangyuan/4500618971687949,4室2厅|整租|精装修|中层(共26层),已爬取
2142,金泰瑞府,1066632,https://liny.zu.anjuke.com/fangyuan/4633718719126537,3室2厅|整租|精装修|低层(共23层),已爬取
2143,金泰瑞府,1066632,https://liny.zu.anjuke.com/fangyuan/4502049012968448,4室2厅|整租|精装修|中层(共22层),已爬取
2144,金泰瑞府,1066632,https://liny.zu.anjuke.com/fangyuan/4540219744103434,4室2厅|整租|精装修|高层(共23层),已爬取
2145,宝鼎花园,912502,https://liny.zu.anjuke.com/fangyuan/4596871466462210,2室1厅|整租|精装修|中层(共17层),已爬取
2146,宝鼎花园,912502,https://liny.zu.anjuke.com/fangyuan/4588163305333770,2室2厅|整租|精装修|中层(共11层),已爬取
2147,宝鼎花园,912502,https://liny.zu.anjuke.com/fangyuan/4583838730218501,3室2厅|整租|精装修|高层(共11层),已爬取
2148,宝鼎花园,912502,https://liny.zu.anjuke.com/fangyuan/4623883028638727,3室2厅|整租|精装修|中层(共17层),已爬取
2149,宝鼎花园,912502,https://liny.zu.anjuke.com/fangyuan/4604055330071557,2室2厅|整租|精装修|中层(共15层),已爬取
2150,宝鼎花园,912502,https://liny.zu.anjuke.com/fangyuan/4588137383633931,3室2厅|整租|精装修|高层(共11层),已爬取
2151,宝鼎花园,912502,https://liny.zu.anjuke.com/fangyuan/4616677894564866,2室2厅|整租|精装修|中层(共17层),已爬取
2152,宝鼎花园,912502,https://liny.zu.anjuke.com/fangyuan/4507743293940741,3室2厅|整租|精装修|中层(共6层),已爬取
2153,宝鼎花园,912502,https://liny.zu.anjuke.com/fangyuan/4583901340558339,2室2厅|整租|精装修|高层(共17层),已爬取
2154,宝鼎花园,912502,https://liny.zu.anjuke.com/fangyuan/4602690279791621,2室1厅|合租|精装修|中层(共15层),已爬取
2155,月澜锦程,678342,https://liny.zu.anjuke.com/fangyuan/4587047044783116,3室2厅|整租|精装修|低层(共18层),已爬取
2156,月澜锦程,678342,https://liny.zu.anjuke.com/fangyuan/4585761912892421,2室1厅|整租|精装修|高层(共25层),已爬取
2157,月澜锦程,678342,https://liny.zu.anjuke.com/fangyuan/4586204610290693,2室2厅|整租|精装修|低层(共18层),已爬取
2158,月澜锦程,678342,https://liny.zu.anjuke.com/fangyuan/4608457141888001,2室1厅|整租|精装修|低层(共25层),已爬取
2159,月澜锦程,678342,https://liny.zu.anjuke.com/fangyuan/4616845788505098,2室1厅|整租|精装修|高层(共25层),已爬取
2160,月澜锦程,678342,https://liny.zu.anjuke.com/fangyuan/4368721501740032,2室2厅|整租|豪华装修|中层(共30层),已爬取
2161,月澜锦程,678342,https://liny.zu.anjuke.com/fangyuan/4568232941693953,2室2厅|整租|精装修|低层(共24层),已爬取
2162,月澜锦程,678342,https://liny.zu.anjuke.com/fangyuan/4541431815988231,2室1厅|整租|简单装修|低层(共25层),已爬取
2163,月澜锦程,678342,https://liny.zu.anjuke.com/fangyuan/4585770876412928,3室2厅|整租|精装修|中层(共24层),已爬取
2164,月澜锦程,678342,https://liny.zu.anjuke.com/fangyuan/4586752388553742,2室1厅|整租|精装修|中层(共24层),已爬取
2165,澜泊湾(二期),972823,https://liny.zu.anjuke.com/fangyuan/4531761640696832,3室1厅|合租|精装修|高层(共30层),已爬取
2166,澜泊湾(二期),972823,https://liny.zu.anjuke.com/fangyuan/4629645336931332,3室2厅|合租|精装修|中层(共28层),已爬取
2167,澜泊湾(二期),972823,https://liny.zu.anjuke.com/fangyuan/4524407197801476,4室2厅|整租|精装修|中层(共28层),已爬取
2168,澜泊湾(二期),972823,https://liny.zu.anjuke.com/fangyuan/4605187331398659,2室2厅|整租|精装修|低层(共30层),已爬取
2169,澜泊湾(二期),972823,https://liny.zu.anjuke.com/fangyuan/4572719383471112,3室2厅|整租|精装修|高层(共28层),已爬取
2170,澜泊湾(二期),972823,https://liny.zu.anjuke.com/fangyuan/4531752114070538,3室2厅|合租|精装修|中层(共26层),已爬取
2171,澜泊湾(二期),972823,https://liny.zu.anjuke.com/fangyuan/4390061683303433,4室3厅|整租|精装修|中层(共26层),已爬取
2172,澜泊湾(二期),972823,https://liny.zu.anjuke.com/fangyuan/4501833475466240,2室2厅|整租|精装修|低层(共28层),已爬取
2173,澜泊湾(二期),972823,https://liny.zu.anjuke.com/fangyuan/4571251071788041,4室2厅|整租|精装修|中层(共28层),已爬取
2174,澜泊湾(二期),972823,https://liny.zu.anjuke.com/fangyuan/3937078139904012,3室2厅|整租|精装修|高层(共25层),已爬取
2175,盛通红郡,1040965,https://liny.zu.anjuke.com/fangyuan/4622460878609412,3室2厅|整租|精装修|高层(共6层),已爬取
2176,盛通红郡,1040965,https://liny.zu.anjuke.com/fangyuan/4606903755054080,3室2厅|整租|精装修|共5层,已爬取
2177,盛通红郡,1040965,https://liny.zu.anjuke.com/fangyuan/4629257523239948,3室2厅|整租|精装修|中层(共6层),已爬取
2178,盛通红郡,1040965,https://liny.zu.anjuke.com/fangyuan/4629159203924995,3室2厅|整租|精装修|中层(共7层),已爬取
2179,盛通红郡,1040965,https://liny.zu.anjuke.com/fangyuan/4565753603599374,3室2厅|整租|精装修|低层(共6层),已爬取
2180,盛通红郡,1040965,https://liny.zu.anjuke.com/fangyuan/4602673908327424,3室2厅|整租|精装修|共5层,已爬取
2181,盛通红郡,1040965,https://liny.zu.anjuke.com/fangyuan/4547456176432139,3室2厅|整租|精装修|共5层,已爬取
2182,盛通红郡,1040965,https://liny.zu.anjuke.com/fangyuan/4588069960248331,3室2厅|整租|精装修|低层(共6层),已爬取
2183,盛通红郡,1040965,https://liny.zu.anjuke.com/fangyuan/4539908958051338,3室2厅|整租|精装修|高层(共6层),已爬取
2184,御园金顶,677551,https://liny.zu.anjuke.com/fangyuan/4622203397071885,3室2厅|合租|精装修|高层(共24层),已爬取
2185,御园金顶,677551,https://liny.zu.anjuke.com/fangyuan/4629618214677516,3室2厅|合租|精装修|高层(共28层),已爬取
2186,御园金顶,677551,https://liny.zu.anjuke.com/fangyuan/4467822857184262,1室1厅|整租|精装修|高层(共25层),已爬取
2187,御园金顶,677551,https://liny.zu.anjuke.com/fangyuan/4632358020881410,2室2厅|整租|豪华装修|中层(共30层),已爬取
2188,御园金顶,677551,https://liny.zu.anjuke.com/fangyuan/4592634145741834,1室1厅|合租|精装修|中层(共10层),已爬取
2189,中南鲁商樾府,1087479,https://liny.zu.anjuke.com/fangyuan/4603771456183309,4室2厅|整租|豪华装修|中层(共8层),已爬取
2190,中南鲁商樾府,1087479,https://liny.zu.anjuke.com/fangyuan/4620738832770061,4室2厅|整租|豪华装修|中层(共29层),已爬取
2191,中南鲁商樾府,1087479,https://liny.zu.anjuke.com/fangyuan/4633323970538504,4室2厅|整租|精装修|高层(共34层),已爬取
2192,中南鲁商樾府,1087479,https://liny.zu.anjuke.com/fangyuan/4610578380123139,4室2厅|整租|豪华装修|高层(共33层),已爬取
2193,中南鲁商樾府,1087479,https://liny.zu.anjuke.com/fangyuan/4546071457000462,3室2厅|整租|精装修|高层(共34层),已爬取
2194,中南鲁商樾府,1087479,https://liny.zu.anjuke.com/fangyuan/4633756346522631,3室2厅|整租|豪华装修|高层(共28层),已爬取
2195,中南鲁商樾府,1087479,https://liny.zu.anjuke.com/fangyuan/4612107678444549,4室2厅|整租|精装修|低层(共32层),已爬取
2196,中南鲁商樾府,1087479,https://liny.zu.anjuke.com/fangyuan/4628005128383503,4室2厅|整租|豪华装修|低层(共32层),已爬取
2197,中南鲁商樾府,1087479,https://liny.zu.anjuke.com/fangyuan/4547053268392964,4室2厅|整租|精装修|高层(共8层),已爬取
2198,中南鲁商樾府,1087479,https://liny.zu.anjuke.com/fangyuan/4576777983990798,4室2厅|整租|精装修|低层(共32层),已爬取
2199,诚德盛世华庭,676846,https://liny.zu.anjuke.com/fangyuan/4605065473039373,2室2厅|整租|精装修|中层(共28层),已爬取
2200,诚德盛世华庭,676846,https://liny.zu.anjuke.com/fangyuan/4623609055618056,1室1厅|整租|精装修|高层(共23层),已爬取
2201,诚德盛世华庭,676846,https://liny.zu.anjuke.com/fangyuan/4566874563470336,2室2厅|整租|精装修|中层(共29层),已爬取
2202,诚德盛世华庭,676846,https://liny.zu.anjuke.com/fangyuan/4554034889595916,2室2厅|整租|豪华装修|高层(共33层),已爬取
2203,诚德盛世华庭,676846,https://liny.zu.anjuke.com/fangyuan/4557110090148871,2室2厅|整租|精装修|高层(共32层),已爬取
2204,诚德盛世华庭,676846,https://liny.zu.anjuke.com/fangyuan/4623737058159620,1室1厅|整租|精装修|中层(共23层),已爬取
2205,诚德盛世华庭,676846,https://liny.zu.anjuke.com/fangyuan/4570429737380874,2室2厅|整租|精装修|低层(共28层),已爬取
2206,诚德盛世华庭,676846,https://liny.zu.anjuke.com/fangyuan/4592527354027020,1室1厅|整租|精装修|中层(共29层),已爬取
2207,诚德盛世华庭,676846,https://liny.zu.anjuke.com/fangyuan/4500399556008965,2室1厅|整租|精装修|低层(共30层),已爬取
2208,诚德盛世华庭,676846,https://liny.zu.anjuke.com/fangyuan/2735135938702351,1室1厅|整租|精装修|中层(共30层),已爬取
2209,费县书香雅苑,1088106,https://liny.zu.anjuke.com/fangyuan/4610089987548166,2室1厅|整租|精装修|高层(共12层),已爬取
2210,费县书香雅苑,1088106,https://liny.zu.anjuke.com/fangyuan/4607904471671808,3室2厅|整租|豪华装修|高层(共12层),已爬取
2211,费县书香雅苑,1088106,https://liny.zu.anjuke.com/fangyuan/4607931967806471,2室1厅|整租|精装修|高层(共12层),已爬取
2212,山水绿城,973094,https://liny.zu.anjuke.com/fangyuan/4624916818095105,3室2厅|整租|简单装修|中层(共7层),已爬取
2213,山水绿城,973094,https://liny.zu.anjuke.com/fangyuan/3343766434014212,2室1厅|整租|精装修|共5层,已爬取
2214,山水绿城,973094,https://liny.zu.anjuke.com/fangyuan/4625120471936014,3室2厅|整租|精装修|低层(共6层),已爬取
2215,山水绿城,973094,https://liny.zu.anjuke.com/fangyuan/4633268628839426,3室2厅|整租|简单装修|低层(共6层),已爬取
2216,山水绿城,973094,https://liny.zu.anjuke.com/fangyuan/4557160596053003,3室1厅|整租|简单装修|共5层,已爬取
2217,山水绿城,973094,https://liny.zu.anjuke.com/fangyuan/4618086892444679,3室2厅|整租|精装修|中层(共6层),已爬取
2218,山水绿城,973094,https://liny.zu.anjuke.com/fangyuan/4557144005745670,3室1厅|整租|简单装修|中层(共6层),已爬取
2219,山水绿城,973094,https://liny.zu.anjuke.com/fangyuan/4024425504693253,2室1厅|整租|精装修|共5层,已爬取
2220,山水绿城,973094,https://liny.zu.anjuke.com/fangyuan/4629010829962242,3室2厅|整租|精装修|中层(共6层),已爬取
2221,山水绿城,973094,https://liny.zu.anjuke.com/fangyuan/4602618020604928,3室2厅|整租|精装修|共5层,已爬取
2222,中暨沂河一英里,972779,https://liny.zu.anjuke.com/fangyuan/4615134575647752,3室2厅|整租|精装修|高层(共7层),已爬取
2223,中暨沂河一英里,972779,https://liny.zu.anjuke.com/fangyuan/4609553187873805,3室2厅|整租|精装修|低层(共6层),已爬取
2224,中暨沂河一英里,972779,https://liny.zu.anjuke.com/fangyuan/4609593653404672,3室2厅|整租|精装修|高层(共6层),已爬取
2225,中暨沂河一英里,972779,https://liny.zu.anjuke.com/fangyuan/4566808676785160,3室2厅|整租|精装修|低层(共7层),已爬取
2226,中暨沂河一英里,972779,https://liny.zu.anjuke.com/fangyuan/4546032138445838,3室1厅|整租|精装修|中层(共13层),已爬取
2227,广田悦园,713735,https://liny.zu.anjuke.com/fangyuan/4615406808296453,3室2厅|整租|精装修|低层(共6层),已爬取
2228,广田悦园,713735,https://liny.zu.anjuke.com/fangyuan/4609264003476484,1室1厅|整租|精装修|中层(共6层),已爬取
2229,广田悦园,713735,https://liny.zu.anjuke.com/fangyuan/4155537061666817,1室1厅|整租|精装修|共5层,已爬取
2230,广田悦园,713735,https://liny.zu.anjuke.com/fangyuan/4331851763657742,3室2厅|整租|精装修|共5层,已爬取
2231,广田悦园,713735,https://liny.zu.anjuke.com/fangyuan/4554312620301323,1室1厅|整租|豪华装修|共5层,已爬取
2232,广田悦园,713735,https://liny.zu.anjuke.com/fangyuan/4306701673425930,1室0厅|整租|精装修|共5层,已爬取
2233,普村清河园A区,1310586,https://liny.zu.anjuke.com/fangyuan/4499539391687690,3室2厅|合租|精装修|中层(共18层),已爬取
2234,普村清河园A区,1310586,https://liny.zu.anjuke.com/fangyuan/4630859143752709,3室2厅|整租|精装修|高层(共26层),已爬取
2235,普村清河园A区,1310586,https://liny.zu.anjuke.com/fangyuan/4632289977314312,3室2厅|整租|精装修|中层(共26层),已爬取
2236,普村清河园A区,1310586,https://liny.zu.anjuke.com/fangyuan/4585277799422983,3室2厅|整租|精装修|高层(共22层),已爬取
2237,普村清河园A区,1310586,https://liny.zu.anjuke.com/fangyuan/4631982252305416,2室2厅|整租|精装修|高层(共30层),已爬取
2238,普村清河园A区,1310586,https://liny.zu.anjuke.com/fangyuan/4501947557555215,2室2厅|整租|精装修|低层(共30层),已爬取
2239,普村清河园A区,1310586,https://liny.zu.anjuke.com/fangyuan/4620490193017860,3室2厅|整租|精装修|中层(共28层),已爬取
2240,普村清河园A区,1310586,https://liny.zu.anjuke.com/fangyuan/2323456453043208,2室2厅|整租|精装修|中层(共25层),已爬取
2241,普村清河园A区,1310586,https://liny.zu.anjuke.com/fangyuan/3441571649445896,2室2厅|整租|精装修|高层(共29层),已爬取
2242,普村清河园A区,1310586,https://liny.zu.anjuke.com/fangyuan/4525864306926598,3室2厅|整租|精装修|低层(共30层),已爬取
2243,领秀豪庭,972692,https://liny.zu.anjuke.com/fangyuan/4588071103618062,3室2厅|整租|简单装修|中层(共33层),已爬取
2244,领秀豪庭,972692,https://liny.zu.anjuke.com/fangyuan/4618186690354191,2室2厅|整租|精装修|低层(共27层),已爬取
2245,领秀豪庭,972692,https://liny.zu.anjuke.com/fangyuan/4589507863436301,3室2厅|整租|精装修|中层(共32层),已爬取
2246,领秀豪庭,972692,https://liny.zu.anjuke.com/fangyuan/4380377721103374,3室2厅|整租|精装修|高层(共33层),已爬取
2247,领秀豪庭,972692,https://liny.zu.anjuke.com/fangyuan/4606793442307073,2室2厅|整租|精装修|低层(共33层),已爬取
2248,领秀豪庭,972692,https://liny.zu.anjuke.com/fangyuan/4601296272483332,3室2厅|整租|精装修|低层(共30层),已爬取
2249,领秀豪庭,972692,https://liny.zu.anjuke.com/fangyuan/4546090210126861,3室2厅|整租|精装修|低层(共32层),已爬取
2250,领秀豪庭,972692,https://liny.zu.anjuke.com/fangyuan/4114221908470798,3室2厅|合租|简单装修|中层(共12层),已爬取
2251,领秀豪庭,972692,https://liny.zu.anjuke.com/fangyuan/4602237925155853,3室2厅|整租|精装修|低层(共27层),已爬取
2252,星城国际南区,928010,https://liny.zu.anjuke.com/fangyuan/4552911293918213,3室2厅|整租|精装修|高层(共6层),已爬取
2253,星城国际南区,928010,https://liny.zu.anjuke.com/fangyuan/4511599886281729,3室1厅|整租|简单装修|中层(共6层),已爬取
2254,星城国际南区,928010,https://liny.zu.anjuke.com/fangyuan/4577963450522624,3室1厅|整租|简单装修|高层(共6层),已爬取
2255,星城国际南区,928010,https://liny.zu.anjuke.com/fangyuan/4523041946100745,3室2厅|整租|精装修|高层(共6层),已爬取
2256,星城国际南区,928010,https://liny.zu.anjuke.com/fangyuan/4623923284321294,3室2厅|整租|精装修|中层(共6层),已爬取
2257,星城国际南区,928010,https://liny.zu.anjuke.com/fangyuan/4629358789614592,3室2厅|整租|简单装修|低层(共6层),已爬取
2258,星城国际南区,928010,https://liny.zu.anjuke.com/fangyuan/4629362817932288,3室2厅|整租|精装修|中层(共6层),已爬取
2259,星城国际南区,928010,https://liny.zu.anjuke.com/fangyuan/4486385545702415,3室2厅|整租|豪华装修|高层(共6层),已爬取
2260,星城国际南区,928010,https://liny.zu.anjuke.com/fangyuan/4627656475515907,3室2厅|整租|精装修|高层(共6层),已爬取
2261,鲁洲清华园,1028359,https://liny.zu.anjuke.com/fangyuan/4632498343470095,1室2厅|整租|简单装修|中层(共17层),已爬取
2262,鲁洲清华园,1028359,https://liny.zu.anjuke.com/fangyuan/4616643876596745,2室2厅|整租|精装修|高层(共17层),已爬取
2263,鲁洲清华园,1028359,https://liny.zu.anjuke.com/fangyuan/4616826348510212,2室2厅|整租|精装修|高层(共17层),已爬取
2264,鲁洲清华园,1028359,https://liny.zu.anjuke.com/fangyuan/4616369609040903,2室1厅|整租|简单装修|高层(共17层),已爬取
2265,鲁洲清华园,1028359,https://liny.zu.anjuke.com/fangyuan/4575483148622848,4室2厅|整租|精装修|低层(共17层),已爬取
2266,鲁洲清华园,1028359,https://liny.zu.anjuke.com/fangyuan/4619709306838030,2室1厅|整租|简单装修|低层(共17层),已爬取
2267,鲁洲清华园,1028359,https://liny.zu.anjuke.com/fangyuan/4618248772361221,2室1厅|整租|简单装修|中层(共17层),已爬取
2268,鲁洲清华园,1028359,https://liny.zu.anjuke.com/fangyuan/4578634771391502,3室2厅|整租|精装修|低层(共17层),已爬取
2269,鲁洲清华园,1028359,https://liny.zu.anjuke.com/fangyuan/4631042145035264,2室1厅|整租|精装修|高层(共17层),已爬取
2270,鲁洲清华园,1028359,https://liny.zu.anjuke.com/fangyuan/4620501052857350,3室2厅|整租|精装修|高层(共17层),已爬取
2271,美澳花园,677614,https://liny.zu.anjuke.com/fangyuan/4630579628989453,1室0厅|合租|精装修|低层(共20层),已爬取
2272,美澳花园,677614,https://liny.zu.anjuke.com/fangyuan/4633292073098248,1室1厅|合租|精装修|低层(共18层),已爬取
2273,美澳花园,677614,https://liny.zu.anjuke.com/fangyuan/4592316079873027,3室2厅|合租|精装修|共5层,已爬取
2274,美澳花园,677614,https://liny.zu.anjuke.com/fangyuan/4469249248650243,3室2厅|合租|精装修|低层(共15层),已爬取
2275,美澳花园,677614,https://liny.zu.anjuke.com/fangyuan/4633817105883151,1室1厅|合租|精装修|中层(共20层),已爬取
2276,美澳花园,677614,https://liny.zu.anjuke.com/fangyuan/4599352126954511,1室1厅|合租|精装修|低层(共10层),已爬取
2277,美澳花园,677614,https://liny.zu.anjuke.com/fangyuan/4632542343293955,3室2厅|合租|精装修|共5层,已爬取
2278,美澳花园,677614,https://liny.zu.anjuke.com/fangyuan/4565447157324811,1室1厅|合租|精装修|低层(共15层),已爬取
2279,美澳花园,677614,https://liny.zu.anjuke.com/fangyuan/4469108013030404,1室1厅|合租|精装修|中层(共10层),已爬取
2280,汇源城,678056,https://liny.zu.anjuke.com/fangyuan/4579742328792076,1室1厅|整租|精装修|高层(共17层),已爬取
2281,汇源城,678056,https://liny.zu.anjuke.com/fangyuan/4577068333999104,1室1厅|整租|精装修|高层(共22层),已爬取
2282,汇源城,678056,https://liny.zu.anjuke.com/fangyuan/4626254890441738,3室2厅|整租|精装修|低层(共10层),已爬取
2283,汇源城,678056,https://liny.zu.anjuke.com/fangyuan/4627878604399627,3室2厅|整租|精装修|高层(共25层),已爬取
2284,汇源城,678056,https://liny.zu.anjuke.com/fangyuan/4398549096340495,2室1厅|整租|精装修|中层(共20层),已爬取
2285,汇源城,678056,https://liny.zu.anjuke.com/fangyuan/4606968739961857,3室2厅|整租|简单装修|低层(共11层),已爬取
2286,汇源城,678056,https://liny.zu.anjuke.com/fangyuan/4486505457986574,1室1厅|整租|精装修|低层(共19层),已爬取
2287,汇源城,678056,https://liny.zu.anjuke.com/fangyuan/4616477125323787,2室2厅|整租|精装修|高层(共17层),已爬取
2288,汇源城,678056,https://liny.zu.anjuke.com/fangyuan/4612570108009485,1室1厅|整租|精装修|高层(共18层),已爬取
2289,汇源城,678056,https://liny.zu.anjuke.com/fangyuan/4626554644552709,2室2厅|整租|精装修|高层(共27层),已爬取
2290,天河景苑,973132,https://liny.zu.anjuke.com/fangyuan/4595156713384960,3室2厅|整租|精装修|低层(共25层),已爬取
2291,天河景苑,973132,https://liny.zu.anjuke.com/fangyuan/4604059529128967,2室2厅|整租|豪华装修|中层(共17层),已爬取
2292,天河景苑,973132,https://liny.zu.anjuke.com/fangyuan/4509533017943054,2室2厅|整租|精装修|中层(共17层),已爬取
2293,天河景苑,973132,https://liny.zu.anjuke.com/fangyuan/4581300922444812,3室2厅|整租|精装修|低层(共24层),已爬取
2294,天河景苑,973132,https://liny.zu.anjuke.com/fangyuan/4480588172141574,2室2厅|整租|精装修|高层(共26层),已爬取
2295,天河景苑,973132,https://liny.zu.anjuke.com/fangyuan/4619565262054414,5室2厅|整租|简单装修|低层(共11层),已爬取
2296,天河景苑,973132,https://liny.zu.anjuke.com/fangyuan/4619576794405897,3室2厅|整租|简单装修|中层(共25层),已爬取
2297,润地玉苑,973090,https://liny.zu.anjuke.com/fangyuan/4622165056609295,3室2厅|整租|精装修|低层(共17层),已爬取
2298,润地玉苑,973090,https://liny.zu.anjuke.com/fangyuan/4392898778176521,3室2厅|整租|精装修|低层(共17层),已爬取
2299,润地玉苑,973090,https://liny.zu.anjuke.com/fangyuan/4586951521299457,2室1厅|整租|精装修|高层(共17层),已爬取
2300,润地玉苑,973090,https://liny.zu.anjuke.com/fangyuan/4626551036877838,2室2厅|整租|精装修|中层(共17层),已爬取
2301,润地玉苑,973090,https://liny.zu.anjuke.com/fangyuan/4527531769846796,3室2厅|整租|精装修|共5层,已爬取
2302,润地玉苑,973090,https://liny.zu.anjuke.com/fangyuan/4585785266693127,3室2厅|整租|精装修|低层(共17层),已爬取
2303,润地玉苑,973090,https://liny.zu.anjuke.com/fangyuan/4350530273356813,2室2厅|整租|精装修|共5层,已爬取
2304,润地玉苑,973090,https://liny.zu.anjuke.com/fangyuan/4575250562065423,2室2厅|整租|精装修|共5层,已爬取
2305,润地玉苑,973090,https://liny.zu.anjuke.com/fangyuan/4475052924972045,2室2厅|整租|精装修|高层(共17层),已爬取
2306,润地玉苑,973090,https://liny.zu.anjuke.com/fangyuan/4547026468187142,1室1厅|整租|简单装修|高层(共6层),已爬取
2307,豪森名邸,923071,https://liny.zu.anjuke.com/fangyuan/4572538843733001,2室2厅|整租|精装修|中层(共26层),已爬取
2308,豪森名邸,923071,https://liny.zu.anjuke.com/fangyuan/4631905824498696,3室2厅|整租|精装修|低层(共24层),已爬取
2309,豪森名邸,923071,https://liny.zu.anjuke.com/fangyuan/4206081832951810,3室2厅|整租|精装修|高层(共26层),已爬取
2310,豪森名邸,923071,https://liny.zu.anjuke.com/fangyuan/4523278919330823,3室2厅|整租|精装修|中层(共18层),已爬取
2311,豪森名邸,923071,https://liny.zu.anjuke.com/fangyuan/4616773404173313,3室2厅|整租|精装修|低层(共28层),已爬取
2312,豪森名邸,923071,https://liny.zu.anjuke.com/fangyuan/4632597389155328,3室2厅|整租|精装修|低层(共23层),已爬取
2313,豪森名邸,923071,https://liny.zu.anjuke.com/fangyuan/4540109139074050,3室2厅|整租|精装修|中层(共30层),已爬取
2314,豪森名邸,923071,https://liny.zu.anjuke.com/fangyuan/4607848915426312,3室2厅|整租|精装修|低层(共23层),已爬取
2315,豪森名邸,923071,https://liny.zu.anjuke.com/fangyuan/4605468106365966,3室2厅|整租|精装修|低层(共24层),已爬取
2316,豪森名邸,923071,https://liny.zu.anjuke.com/fangyuan/4631886385423361,3室2厅|整租|精装修|低层(共24层),已爬取
2317,韵皓金桂园,677606,https://liny.zu.anjuke.com/fangyuan/4632490290848783,3室2厅|整租|精装修|共5层,已爬取
2318,韵皓金桂园,677606,https://liny.zu.anjuke.com/fangyuan/4613976969913345,3室2厅|整租|精装修|共5层,已爬取
2319,韵皓金桂园,677606,https://liny.zu.anjuke.com/fangyuan/4616541509229568,3室2厅|整租|简单装修|共5层,已爬取
2320,韵皓金桂园,677606,https://liny.zu.anjuke.com/fangyuan/4568293423244288,3室2厅|整租|简单装修|共5层,已爬取
2321,韵皓金桂园,677606,https://liny.zu.anjuke.com/fangyuan/4602692141900804,3室2厅|整租|精装修|共5层,已爬取
2322,韵皓金桂园,677606,https://liny.zu.anjuke.com/fangyuan/4221766930242567,2室2厅|整租|精装修|共5层,已爬取
2323,韵皓金桂园,677606,https://liny.zu.anjuke.com/fangyuan/4623568743373835,3室2厅|整租|精装修|共5层,已爬取
2324,韵皓金桂园,677606,https://liny.zu.anjuke.com/fangyuan/4573979268262924,3室2厅|整租|精装修|中层(共6层),已爬取
2325,韵皓金桂园,677606,https://liny.zu.anjuke.com/fangyuan/4383391133443080,3室2厅|整租|精装修|低层(共6层),已爬取
2326,韵皓金桂园,677606,https://liny.zu.anjuke.com/fangyuan/4623841564025861,3室1厅|整租|简单装修|低层(共6层),已爬取
2327,孟园馨苑,1010268,https://liny.zu.anjuke.com/fangyuan/4632222977514506,3室1厅|整租|简单装修|低层(共6层),已爬取
2328,孟园馨苑,1010268,https://liny.zu.anjuke.com/fangyuan/4602600274357260,3室2厅|整租|精装修|高层(共6层),已爬取
2329,孟园馨苑,1010268,https://liny.zu.anjuke.com/fangyuan/4578064889850881,3室2厅|整租|精装修|中层(共6层),已爬取
2330,孟园馨苑,1010268,https://liny.zu.anjuke.com/fangyuan/4589827639221259,3室2厅|整租|精装修|中层(共6层),已爬取
2331,孟园馨苑,1010268,https://liny.zu.anjuke.com/fangyuan/4521636204733454,3室2厅|整租|精装修|高层(共6层),已爬取
2332,孟园馨苑,1010268,https://liny.zu.anjuke.com/fangyuan/4600103367369743,3室2厅|整租|简单装修|共5层,已爬取
2333,孟园馨苑,1010268,https://liny.zu.anjuke.com/fangyuan/4511602359725057,3室2厅|整租|精装修|低层(共6层),已爬取
2334,孟园馨苑,1010268,https://liny.zu.anjuke.com/fangyuan/4579868940622851,3室2厅|整租|简单装修|低层(共6层),已爬取
2335,孟园馨苑,1010268,https://liny.zu.anjuke.com/fangyuan/4504519258528782,3室2厅|整租|精装修|中层(共6层),已爬取
2336,孟园馨苑,1010268,https://liny.zu.anjuke.com/fangyuan/4608015940656133,3室2厅|整租|简单装修|高层(共6层),已爬取
2337,国华新城,1190481,https://liny.zu.anjuke.com/fangyuan/3666660868857864,1室1厅|整租|精装修|中层(共24层),已爬取
2338,国华新城,1190481,https://liny.zu.anjuke.com/fangyuan/4619568400819212,1室1厅|整租|精装修|高层(共27层),已爬取
2339,国华新城,1190481,https://liny.zu.anjuke.com/fangyuan/4633292701574147,1室1厅|整租|精装修|低层(共26层),已爬取
2340,国华新城,1190481,https://liny.zu.anjuke.com/fangyuan/4569938646375428,1室1厅|整租|精装修|共4层,已爬取
2341,国华新城,1190481,https://liny.zu.anjuke.com/fangyuan/4468118820822025,1室1厅|整租|精装修|共4层,已爬取
2342,国华新城,1190481,https://liny.zu.anjuke.com/fangyuan/4577252419562510,1室1厅|整租|精装修|高层(共25层),已爬取
2343,国华新城,1190481,https://liny.zu.anjuke.com/fangyuan/4595468647930895,1室1厅|整租|精装修|中层(共26层),已爬取
2344,国华新城,1190481,https://liny.zu.anjuke.com/fangyuan/4482020200653833,1室1厅|整租|精装修|高层(共27层),已爬取
2345,国华新城,1190481,https://liny.zu.anjuke.com/fangyuan/4470574888459268,1室1厅|整租|简单装修|中层(共27层),已爬取
2346,国华新城,1190481,https://liny.zu.anjuke.com/fangyuan/4602592327740424,1室0厅|整租|精装修|中层(共26层),已爬取
2347,万阅城,713708,https://liny.zu.anjuke.com/fangyuan/4622105344484363,6室0厅|合租|简单装修|低层(共30层),已爬取
2348,万阅城,713708,https://liny.zu.anjuke.com/fangyuan/4565348002999302,3室2厅|合租|精装修|高层(共16层),已爬取
2349,万阅城,713708,https://liny.zu.anjuke.com/fangyuan/4337514411843589,1室1厅|整租|精装修|中层(共25层),已爬取
2350,万阅城,713708,https://liny.zu.anjuke.com/fangyuan/4510231508868103,3室2厅|合租|精装修|低层(共31层),已爬取
2351,万阅城,713708,https://liny.zu.anjuke.com/fangyuan/4261027711426560,3室2厅|合租|精装修|中层(共24层),已爬取
2352,万阅城,713708,https://liny.zu.anjuke.com/fangyuan/4617796629767180,3室2厅|合租|精装修|低层(共30层),已爬取
2353,万阅城,713708,https://liny.zu.anjuke.com/fangyuan/4622112781278215,3室1厅|合租|豪华装修|中层(共32层),已爬取
2354,万阅城,713708,https://liny.zu.anjuke.com/fangyuan/4623426921784326,3室2厅|合租|简单装修|低层(共30层),已爬取
2355,万阅城,713708,https://liny.zu.anjuke.com/fangyuan/4619301152070669,4室2厅|合租|精装修|中层(共30层),已爬取
2356,万阅城,713708,https://liny.zu.anjuke.com/fangyuan/4602749579439114,3室1厅|合租|精装修|低层(共22层),已爬取
2357,三合园,677369,https://liny.zu.anjuke.com/fangyuan/4401380082803717,3室1厅|整租|简单装修|高层(共6层),已爬取
2358,三合园,677369,https://liny.zu.anjuke.com/fangyuan/4623477858511880,2室1厅|整租|精装修|高层(共6层),已爬取
2359,三合园,677369,https://liny.zu.anjuke.com/fangyuan/4582507289582603,3室2厅|整租|精装修|高层(共6层),已爬取
2360,三合园,677369,https://liny.zu.anjuke.com/fangyuan/4545519669353483,2室1厅|整租|精装修|中层(共6层),已爬取
2361,三合园,677369,https://liny.zu.anjuke.com/fangyuan/4594229980062734,2室1厅|整租|精装修|中层(共6层),已爬取
2362,三合园,677369,https://liny.zu.anjuke.com/fangyuan/4584173855187970,2室2厅|整租|精装修|中层(共6层),已爬取
2363,三合园,677369,https://liny.zu.anjuke.com/fangyuan/4545598594817039,2室2厅|整租|精装修|高层(共6层),已爬取
2364,三合园,677369,https://liny.zu.anjuke.com/fangyuan/4616972417115148,3室2厅|整租|精装修|高层(共6层),已爬取
2365,三合园,677369,https://liny.zu.anjuke.com/fangyuan/4622256697318402,3室2厅|整租|简单装修|高层(共6层),已爬取
2366,三合园,677369,https://liny.zu.anjuke.com/fangyuan/4320685540088835,2室2厅|整租|简单装修|低层(共6层),已爬取
2367,郯子湖小区,1189605,https://liny.zu.anjuke.com/fangyuan/4618697278530567,2室2厅|整租|简单装修|低层(共12层),已爬取
2368,郯子湖小区,1189605,https://liny.zu.anjuke.com/fangyuan/4613591351583759,3室2厅|整租|精装修|高层(共18层),已爬取
2369,郯子湖小区,1189605,https://liny.zu.anjuke.com/fangyuan/4612280286272523,3室2厅|整租|简单装修|高层(共18层),已爬取
2370,郯子湖小区,1189605,https://liny.zu.anjuke.com/fangyuan/4415804255529996,2室2厅|整租|精装修|低层(共11层),已爬取
2371,郯子湖小区,1189605,https://liny.zu.anjuke.com/fangyuan/4597020174642184,3室2厅|整租|精装修|高层(共16层),已爬取
2372,郯子湖小区,1189605,https://liny.zu.anjuke.com/fangyuan/4585402054960134,3室2厅|整租|精装修|高层(共18层),已爬取
2373,华前广场富华小区A区,676739,https://liny.zu.anjuke.com/fangyuan/4078725622980617,3室1厅|合租|精装修|低层(共26层),已爬取
2374,华前广场富华小区A区,676739,https://liny.zu.anjuke.com/fangyuan/4619782287483905,3室1厅|合租|精装修|高层(共23层),已爬取
2375,华前广场富华小区A区,676739,https://liny.zu.anjuke.com/fangyuan/4520748831173645,3室0厅|合租|精装修|中层(共28层),已爬取
2376,华前广场富华小区A区,676739,https://liny.zu.anjuke.com/fangyuan/4605466824926218,3室2厅|合租|精装修|高层(共20层),已爬取
2377,华前广场富华小区A区,676739,https://liny.zu.anjuke.com/fangyuan/4610716378866695,3室1厅|合租|精装修|中层(共24层),已爬取
2378,华前广场富华小区A区,676739,https://liny.zu.anjuke.com/fangyuan/4630321678588934,3室1厅|合租|精装修|中层(共11层),已爬取
2379,华前广场富华小区A区,676739,https://liny.zu.anjuke.com/fangyuan/4586865688865803,3室2厅|合租|精装修|中层(共19层),已爬取
2380,华前广场富华小区A区,676739,https://liny.zu.anjuke.com/fangyuan/4606478209952777,3室2厅|合租|精装修|高层(共19层),已爬取
2381,华前广场富华小区A区,676739,https://liny.zu.anjuke.com/fangyuan/3842007907819530,3室2厅|合租|精装修|中层(共33层),已爬取
2382,华前广场富华小区A区,676739,https://liny.zu.anjuke.com/fangyuan/4618282463980553,3室1厅|合租|精装修|高层(共19层),已爬取
2383,护台小区,677637,https://liny.zu.anjuke.com/fangyuan/4632121325841417,2室2厅|整租|简单装修|高层(共6层),已爬取
2384,护台小区,677637,https://liny.zu.anjuke.com/fangyuan/4578275973475334,2室2厅|整租|简单装修|高层(共6层),已爬取
2385,护台小区,677637,https://liny.zu.anjuke.com/fangyuan/4540365238922241,3室2厅|整租|简单装修|共5层,已爬取
2386,护台小区,677637,https://liny.zu.anjuke.com/fangyuan/4550574463233035,3室2厅|整租|简单装修|高层(共6层),已爬取
2387,护台小区,677637,https://liny.zu.anjuke.com/fangyuan/4572888463006721,2室2厅|整租|精装修|共5层,已爬取
2388,外滩明珠,973144,https://liny.zu.anjuke.com/fangyuan/4517490753987587,3室2厅|整租|精装修|高层(共32层),已爬取
2389,外滩明珠,973144,https://liny.zu.anjuke.com/fangyuan/4555375835491335,2室2厅|整租|精装修|中层(共30层),已爬取
2390,外滩明珠,973144,https://liny.zu.anjuke.com/fangyuan/4180581467381761,2室2厅|整租|精装修|中层(共33层),已爬取
2391,裕原凤凰诚,1102641,https://liny.zu.anjuke.com/fangyuan/4632359306013696,3室2厅|整租|简单装修|低层(共18层),已爬取
2392,裕原凤凰诚,1102641,https://liny.zu.anjuke.com/fangyuan/4615322857630727,4室2厅|整租|简单装修|低层(共7层),已爬取
2393,裕原凤凰诚,1102641,https://liny.zu.anjuke.com/fangyuan/4633380394425353,3室2厅|整租|精装修|中层(共9层),已爬取
2394,裕原凤凰诚,1102641,https://liny.zu.anjuke.com/fangyuan/4623380254792712,3室2厅|整租|简单装修|低层(共8层),已爬取
2395,裕原凤凰诚,1102641,https://liny.zu.anjuke.com/fangyuan/4624786891156483,3室2厅|整租|简单装修|低层(共17层),已爬取
2396,地王豪庭,677634,https://liny.zu.anjuke.com/fangyuan/4626310250474511,3室2厅|整租|精装修|高层(共17层),已爬取
2397,地王豪庭,677634,https://liny.zu.anjuke.com/fangyuan/4633354702269443,2室2厅|整租|精装修|高层(共17层),已爬取
2398,地王豪庭,677634,https://liny.zu.anjuke.com/fangyuan/4583821669538830,3室2厅|整租|简单装修|高层(共6层),已爬取
2399,地王豪庭,677634,https://liny.zu.anjuke.com/fangyuan/4592483375639567,3室2厅|整租|简单装修|中层(共17层),已爬取
2400,地王豪庭,677634,https://liny.zu.anjuke.com/fangyuan/4585689166781440,2室2厅|整租|精装修|中层(共17层),已爬取
2401,地王豪庭,677634,https://liny.zu.anjuke.com/fangyuan/4595318370327555,3室2厅|整租|精装修|中层(共18层),已爬取
2402,地王豪庭,677634,https://liny.zu.anjuke.com/fangyuan/4542845384518668,2室2厅|整租|精装修|中层(共18层),已爬取
2403,地王豪庭,677634,https://liny.zu.anjuke.com/fangyuan/4585361059159052,2室2厅|整租|精装修|中层(共18层),已爬取
2404,地王豪庭,677634,https://liny.zu.anjuke.com/fangyuan/4591159303248900,3室2厅|整租|精装修|中层(共17层),已爬取
2405,地王豪庭,677634,https://liny.zu.anjuke.com/fangyuan/3956883106537477,3室2厅|合租|精装修|中层(共20层),已爬取
2406,傅屯嘉园,972903,https://liny.zu.anjuke.com/fangyuan/4269642347372559,3室2厅|合租|精装修|低层(共14层),已爬取
2407,傅屯嘉园,972903,https://liny.zu.anjuke.com/fangyuan/4605126999256072,3室2厅|整租|精装修|高层(共24层),已爬取
2408,傅屯嘉园,972903,https://liny.zu.anjuke.com/fangyuan/4293637146270727,3室2厅|整租|精装修|中层(共24层),已爬取
2409,傅屯嘉园,972903,https://liny.zu.anjuke.com/fangyuan/4539988368792590,1室1厅|整租|精装修|低层(共21层),已爬取
2410,傅屯嘉园,972903,https://liny.zu.anjuke.com/fangyuan/4619512840446982,2室2厅|整租|精装修|中层(共24层),已爬取
2411,傅屯嘉园,972903,https://liny.zu.anjuke.com/fangyuan/4624974398823431,3室2厅|整租|精装修|低层(共26层),已爬取
2412,傅屯嘉园,972903,https://liny.zu.anjuke.com/fangyuan/4545903678516235,3室2厅|整租|精装修|中层(共24层),已爬取
2413,傅屯嘉园,972903,https://liny.zu.anjuke.com/fangyuan/4504510056999943,1室1厅|整租|精装修|低层(共21层),已爬取
2414,傅屯嘉园,972903,https://liny.zu.anjuke.com/fangyuan/4545872754301960,3室2厅|整租|精装修|中层(共25层),已爬取
2415,傅屯嘉园,972903,https://liny.zu.anjuke.com/fangyuan/4602629921528847,2室2厅|整租|精装修|中层(共24层),已爬取
2416,荣盛花语馨苑,792116,https://liny.zu.anjuke.com/fangyuan/4497774323424269,3室2厅|整租|精装修|高层(共32层),已爬取
2417,荣盛花语馨苑,792116,https://liny.zu.anjuke.com/fangyuan/4606571949730824,2室2厅|整租|精装修|高层(共34层),已爬取
2418,荣盛花语馨苑,792116,https://liny.zu.anjuke.com/fangyuan/4625240927609869,2室2厅|整租|精装修|高层(共34层),已爬取
2419,荣盛花语馨苑,792116,https://liny.zu.anjuke.com/fangyuan/4499241751387140,2室2厅|整租|精装修|中层(共30层),已爬取
2420,荣盛花语馨苑,792116,https://liny.zu.anjuke.com/fangyuan/4629645566860289,3室2厅|整租|精装修|高层(共32层),已爬取
2421,荣盛花语馨苑,792116,https://liny.zu.anjuke.com/fangyuan/4580286637435916,3室2厅|整租|精装修|中层(共32层),已爬取
2422,荣盛花语馨苑,792116,https://liny.zu.anjuke.com/fangyuan/4511685413641230,3室2厅|整租|精装修|高层(共34层),已爬取
2423,荣盛花语馨苑,792116,https://liny.zu.anjuke.com/fangyuan/4607842235329549,3室2厅|整租|精装修|高层(共34层),已爬取
2424,荣盛花语馨苑,792116,https://liny.zu.anjuke.com/fangyuan/4588074997980172,3室1厅|整租|精装修|中层(共33层),已爬取
2425,荣盛花语馨苑,792116,https://liny.zu.anjuke.com/fangyuan/4569980673696775,2室2厅|整租|精装修|中层(共31层),已爬取
2426,安居小区(河东),677779,https://liny.zu.anjuke.com/fangyuan/4623798641271820,3室2厅|整租|精装修|中层(共6层),已爬取
2427,安居小区(河东),677779,https://liny.zu.anjuke.com/fangyuan/4429368129461259,4室1厅|整租|简单装修|中层(共6层),已爬取
2428,安居小区(河东),677779,https://liny.zu.anjuke.com/fangyuan/4327762860108808,3室1厅|整租|简单装修|共5层,已爬取
2429,安居小区(河东),677779,https://liny.zu.anjuke.com/fangyuan/4308047880625166,2室2厅|整租|简单装修|共5层,已爬取
2430,安居小区(河东),677779,https://liny.zu.anjuke.com/fangyuan/4541751978828801,3室2厅|整租|简单装修|共5层,已爬取
2431,安居小区(河东),677779,https://liny.zu.anjuke.com/fangyuan/4582787729908740,3室2厅|整租|简单装修|共5层,已爬取
2432,安居小区(河东),677779,https://liny.zu.anjuke.com/fangyuan/4608124393401344,3室2厅|整租|精装修|低层(共6层),已爬取
2433,安居小区(河东),677779,https://liny.zu.anjuke.com/fangyuan/4101168734284809,3室2厅|合租|精装修|共5层,已爬取
2434,安居小区(河东),677779,https://liny.zu.anjuke.com/fangyuan/4520778518014987,3室2厅|合租|简单装修|共5层,已爬取
2435,安居小区(河东),677779,https://liny.zu.anjuke.com/fangyuan/3859049471206407,3室2厅|整租|精装修|共5层,已爬取
2436,皇山华府,864061,https://liny.zu.anjuke.com/fangyuan/4609368350139393,4室2厅|整租|精装修|中层(共17层),已爬取
2437,皇山华府,864061,https://liny.zu.anjuke.com/fangyuan/4626585124512776,2室2厅|整租|简单装修|低层(共11层),已爬取
2438,皇山华府,864061,https://liny.zu.anjuke.com/fangyuan/4587079856989195,4室2厅|整租|精装修|高层(共17层),已爬取
2439,皇山华府,864061,https://liny.zu.anjuke.com/fangyuan/4578414166813697,3室2厅|整租|精装修|中层(共16层),已爬取
2440,皇山华府,864061,https://liny.zu.anjuke.com/fangyuan/4448245021271041,4室2厅|整租|精装修|中层(共17层),已爬取
2441,皇山华府,864061,https://liny.zu.anjuke.com/fangyuan/4626594066918412,3室2厅|整租|简单装修|中层(共17层),已爬取
2442,皇山华府,864061,https://liny.zu.anjuke.com/fangyuan/4599719239625742,2室2厅|整租|精装修|低层(共11层),已爬取
2443,皇山华府,864061,https://liny.zu.anjuke.com/fangyuan/4554204012454927,3室2厅|整租|精装修|中层(共16层),已爬取
2444,皇山华府,864061,https://liny.zu.anjuke.com/fangyuan/4629047072386048,2室2厅|整租|精装修|低层(共11层),已爬取
2445,皇山华府,864061,https://liny.zu.anjuke.com/fangyuan/4545706827703296,3室2厅|整租|豪华装修|中层(共17层),已爬取
2446,永恒华源,766522,https://liny.zu.anjuke.com/fangyuan/4625164324707336,3室2厅|合租|精装修|中层(共16层),已爬取
2447,永恒华源,766522,https://liny.zu.anjuke.com/fangyuan/4358640594758668,3室2厅|整租|精装修|低层(共8层),已爬取
2448,永恒华源,766522,https://liny.zu.anjuke.com/fangyuan/4623336692214795,3室2厅|整租|精装修|低层(共8层),已爬取
2449,永恒华源,766522,https://liny.zu.anjuke.com/fangyuan/4322213568261133,3室2厅|整租|精装修|高层(共7层),已爬取
2450,永恒华源,766522,https://liny.zu.anjuke.com/fangyuan/4273038213373963,3室2厅|合租|精装修|低层(共9层),已爬取
2451,永恒华源,766522,https://liny.zu.anjuke.com/fangyuan/4555380501734406,2室2厅|整租|精装修|中层(共10层),已爬取
2452,山水文园,945206,https://liny.zu.anjuke.com/fangyuan/4599872917642240,2室2厅|整租|精装修|低层(共13层),已爬取
2453,山水文园,945206,https://liny.zu.anjuke.com/fangyuan/4572942463575054,2室2厅|整租|简单装修|中层(共11层),已爬取
2454,山水文园,945206,https://liny.zu.anjuke.com/fangyuan/4575501165423626,3室2厅|整租|简单装修|低层(共9层),已爬取
2455,山水文园,945206,https://liny.zu.anjuke.com/fangyuan/4575759402626050,2室2厅|整租|精装修|高层(共10层),已爬取
2456,山水文园,945206,https://liny.zu.anjuke.com/fangyuan/3975817195875330,3室2厅|合租|精装修|高层(共11层),已爬取
2457,山水文园,945206,https://liny.zu.anjuke.com/fangyuan/4536258941131784,3室2厅|整租|精装修|高层(共9层),已爬取
2458,山水文园,945206,https://liny.zu.anjuke.com/fangyuan/4577052451281924,2室2厅|整租|精装修|中层(共17层),已爬取
2459,山水文园,945206,https://liny.zu.anjuke.com/fangyuan/4575755387823113,3室2厅|整租|精装修|中层(共9层),已爬取
2460,山水文园,945206,https://liny.zu.anjuke.com/fangyuan/4555454535246849,2室2厅|整租|简单装修|高层(共9层),已爬取
2461,山水文园,945206,https://liny.zu.anjuke.com/fangyuan/4575766209258501,2室2厅|整租|精装修|中层(共13层),已爬取
2462,怡嘉苑,678033,https://liny.zu.anjuke.com/fangyuan/4631917048503298,3室2厅|整租|精装修|高层(共11层),已爬取
2463,怡嘉苑,678033,https://liny.zu.anjuke.com/fangyuan/4608617410587652,3室2厅|整租|简单装修|高层(共11层),已爬取
2464,怡嘉苑,678033,https://liny.zu.anjuke.com/fangyuan/4629199451626503,3室2厅|整租|精装修|高层(共11层),已爬取
2465,怡嘉苑,678033,https://liny.zu.anjuke.com/fangyuan/4548761661842435,3室2厅|合租|简单装修|高层(共6层),已爬取
2466,怡嘉苑,678033,https://liny.zu.anjuke.com/fangyuan/4611106327241742,3室2厅|整租|简单装修|中层(共6层),已爬取
2467,怡嘉苑,678033,https://liny.zu.anjuke.com/fangyuan/4615302468903938,3室2厅|整租|简单装修|共5层,已爬取
2468,怡嘉苑,678033,https://liny.zu.anjuke.com/fangyuan/4518295393836032,3室2厅|整租|简单装修|共5层,已爬取
2469,怡嘉苑,678033,https://liny.zu.anjuke.com/fangyuan/4520354537778191,5室2厅|整租|简单装修|高层(共6层),已爬取
2470,怡嘉苑,678033,https://liny.zu.anjuke.com/fangyuan/4623730339195911,3室2厅|整租|精装修|共5层,已爬取
2471,怡嘉苑,678033,https://liny.zu.anjuke.com/fangyuan/4515946438747142,3室2厅|整租|精装修|中层(共6层),已爬取
2472,华润凯旋门,1009145,https://liny.zu.anjuke.com/fangyuan/4564050490645504,3室2厅|合租|精装修|高层(共6层),已爬取
2473,华润凯旋门,1009145,https://liny.zu.anjuke.com/fangyuan/4532865951329289,3室2厅|合租|精装修|中层(共30层),已爬取
2474,华润凯旋门,1009145,https://liny.zu.anjuke.com/fangyuan/4548381520307201,3室1厅|合租|精装修|低层(共32层),已爬取
2475,华润凯旋门,1009145,https://liny.zu.anjuke.com/fangyuan/4538716783451150,3室2厅|合租|精装修|高层(共22层),已爬取
2476,华润凯旋门,1009145,https://liny.zu.anjuke.com/fangyuan/4625360962432008,3室2厅|合租|精装修|中层(共30层),已爬取
2477,华润凯旋门,1009145,https://liny.zu.anjuke.com/fangyuan/3536488323801096,3室2厅|合租|精装修|中层(共25层),已爬取
2478,华润凯旋门,1009145,https://liny.zu.anjuke.com/fangyuan/4616735792700426,2室2厅|合租|精装修|中层(共28层),已爬取
2479,华润凯旋门,1009145,https://liny.zu.anjuke.com/fangyuan/4617774921341965,3室2厅|合租|精装修|中层(共16层),已爬取
2480,华润凯旋门,1009145,https://liny.zu.anjuke.com/fangyuan/4624142917116941,3室2厅|合租|精装修|中层(共33层),已爬取
2481,华润凯旋门,1009145,https://liny.zu.anjuke.com/fangyuan/4585490227471368,3室2厅|合租|精装修|低层(共28层),已爬取
2482,金茂印象,972665,https://liny.zu.anjuke.com/fangyuan/4633487397071878,3室2厅|整租|精装修|中层(共17层),已爬取
2483,金茂印象,972665,https://liny.zu.anjuke.com/fangyuan/4548999681418255,3室2厅|整租|精装修|低层(共11层),已爬取
2484,金茂印象,972665,https://liny.zu.anjuke.com/fangyuan/4422659249497103,3室2厅|整租|简单装修|中层(共19层),已爬取
2485,金茂印象,972665,https://liny.zu.anjuke.com/fangyuan/4633833828883464,3室2厅|整租|精装修|高层(共11层),已爬取
2486,金茂印象,972665,https://liny.zu.anjuke.com/fangyuan/4599437168647168,2室2厅|整租|精装修|低层(共17层),已爬取
2487,金茂印象,972665,https://liny.zu.anjuke.com/fangyuan/4598298515909639,3室2厅|整租|精装修|低层(共17层),已爬取
2488,金茂印象,972665,https://liny.zu.anjuke.com/fangyuan/4620553886034947,2室2厅|整租|精装修|低层(共26层),已爬取
2489,金茂印象,972665,https://liny.zu.anjuke.com/fangyuan/4599718565846027,2室2厅|整租|简单装修|中层(共17层),已爬取
2490,金茂印象,972665,https://liny.zu.anjuke.com/fangyuan/4241222243560458,2室2厅|整租|简单装修|低层(共23层),已爬取
2491,鲁地德慧苑,1316365,https://liny.zu.anjuke.com/fangyuan/4622104996031500,2室2厅|整租|精装修|高层(共18层),已爬取
2492,鲁地德慧苑,1316365,https://liny.zu.anjuke.com/fangyuan/4626597442706436,3室2厅|整租|精装修|低层(共18层),已爬取
2493,鲁地德慧苑,1316365,https://liny.zu.anjuke.com/fangyuan/4625232617548809,2室2厅|整租|精装修|中层(共18层),已爬取
2494,鲁地德慧苑,1316365,https://liny.zu.anjuke.com/fangyuan/4620914880637957,2室2厅|整租|精装修|高层(共18层),已爬取
2495,鲁地德慧苑,1316365,https://liny.zu.anjuke.com/fangyuan/4588501150950402,3室2厅|整租|精装修|高层(共18层),已爬取
2496,鲁地德慧苑,1316365,https://liny.zu.anjuke.com/fangyuan/4612262764862475,2室2厅|整租|精装修|低层(共18层),已爬取
2497,鲁地德慧苑,1316365,https://liny.zu.anjuke.com/fangyuan/4625175128054784,2室2厅|整租|精装修|高层(共18层),已爬取
2498,鲁地德慧苑,1316365,https://liny.zu.anjuke.com/fangyuan/4619176160404495,3室2厅|整租|精装修|高层(共18层),已爬取
2499,鲁地德慧苑,1316365,https://liny.zu.anjuke.com/fangyuan/4610972480891915,3室2厅|整租|精装修|中层(共16层),已爬取
2500,鲁地德慧苑,1316365,https://liny.zu.anjuke.com/fangyuan/4613853136823300,2室2厅|整租|精装修|高层(共18层),已爬取
2501,开元美郡,677755,https://liny.zu.anjuke.com/fangyuan/4564432838517762,3室2厅|整租|精装修|高层(共25层),已爬取
2502,开元美郡,677755,https://liny.zu.anjuke.com/fangyuan/4600066182523914,2室2厅|整租|精装修|低层(共28层),已爬取
2503,开元美郡,677755,https://liny.zu.anjuke.com/fangyuan/4517280337193984,1室1厅|整租|精装修|中层(共23层),已爬取
2504,开元美郡,677755,https://liny.zu.anjuke.com/fangyuan/4584013508336641,3室2厅|整租|精装修|低层(共6层),已爬取
2505,开元美郡,677755,https://liny.zu.anjuke.com/fangyuan/4606446350887946,3室2厅|整租|精装修|低层(共6层),已爬取
2506,开元美郡,677755,https://liny.zu.anjuke.com/fangyuan/4506308039943177,3室2厅|整租|精装修|中层(共28层),已爬取
2507,开元美郡,677755,https://liny.zu.anjuke.com/fangyuan/4583987856894987,2室1厅|整租|简单装修|低层(共27层),已爬取
2508,开元美郡,677755,https://liny.zu.anjuke.com/fangyuan/4563199246509062,1室1厅|整租|精装修|高层(共30层),已爬取
2509,开元美郡,677755,https://liny.zu.anjuke.com/fangyuan/4561370962254860,2室2厅|整租|精装修|低层(共20层),已爬取
2510,开元美郡,677755,https://liny.zu.anjuke.com/fangyuan/4561546703793160,2室2厅|整租|精装修|中层(共25层),已爬取
2511,迪尚御园,972872,https://liny.zu.anjuke.com/fangyuan/4584208451755014,3室2厅|整租|精装修|共5层,已爬取
2512,迪尚御园,972872,https://liny.zu.anjuke.com/fangyuan/4526307391265807,3室2厅|整租|精装修|中层(共6层),已爬取
2513,迪尚御园,972872,https://liny.zu.anjuke.com/fangyuan/4575766646170632,3室2厅|整租|精装修|中层(共6层),已爬取
2514,迪尚御园,972872,https://liny.zu.anjuke.com/fangyuan/4531423646575621,3室2厅|整租|精装修|共5层,已爬取
2515,迪尚御园,972872,https://liny.zu.anjuke.com/fangyuan/4600964416332814,3室2厅|整租|精装修|共5层,已爬取
2516,迪尚御园,972872,https://liny.zu.anjuke.com/fangyuan/4584073906068492,3室2厅|整租|精装修|中层(共6层),已爬取
2517,迪尚御园,972872,https://liny.zu.anjuke.com/fangyuan/4608117406573571,3室2厅|整租|精装修|低层(共6层),已爬取
2518,迪尚御园,972872,https://liny.zu.anjuke.com/fangyuan/4531925233509379,3室2厅|整租|精装修|共5层,已爬取
2519,迪尚御园,972872,https://liny.zu.anjuke.com/fangyuan/4541941717591046,4室2厅|整租|精装修|中层(共6层),已爬取
2520,迪尚御园,972872,https://liny.zu.anjuke.com/fangyuan/4608104548211720,2室2厅|整租|精装修|中层(共6层),已爬取
2521,金檀花苑,1127640,https://liny.zu.anjuke.com/fangyuan/4586966455346190,3室2厅|整租|精装修|中层(共18层),已爬取
2522,金桥花园板桥社区,1108461,https://liny.zu.anjuke.com/fangyuan/4615411894197261,3室2厅|整租|简单装修|低层(共17层),已爬取
2523,金桥花园板桥社区,1108461,https://liny.zu.anjuke.com/fangyuan/4596498064286727,3室2厅|整租|简单装修|低层(共17层),已爬取
2524,蓝钻庄园(平邑),973019,https://liny.zu.anjuke.com/fangyuan/4629071265799182,3室2厅|整租|精装修|高层(共7层),已爬取
2525,蓝钻庄园(平邑),973019,https://liny.zu.anjuke.com/fangyuan/4591261681329158,3室2厅|整租|简单装修|低层(共9层),已爬取
2526,蓝钻庄园(平邑),973019,https://liny.zu.anjuke.com/fangyuan/4581265791134727,3室2厅|整租|豪华装修|中层(共9层),已爬取
2527,蓝钻庄园(平邑),973019,https://liny.zu.anjuke.com/fangyuan/4627864853406722,3室2厅|整租|精装修|中层(共9层),已爬取
2528,蓝钻庄园(平邑),973019,https://liny.zu.anjuke.com/fangyuan/4606876673631232,3室2厅|整租|精装修|中层(共7层),已爬取
2529,蓝钻庄园(平邑),973019,https://liny.zu.anjuke.com/fangyuan/4568648018816005,3室2厅|整租|精装修|高层(共7层),已爬取
2530,蓝钻庄园(平邑),973019,https://liny.zu.anjuke.com/fangyuan/4591265067721732,3室2厅|整租|精装修|高层(共8层),已爬取
2531,万和丽景园,972747,https://liny.zu.anjuke.com/fangyuan/4514345963133958,3室2厅|整租|简单装修|高层(共6层),已爬取
2532,万和丽景园,972747,https://liny.zu.anjuke.com/fangyuan/4605851226498063,3室2厅|整租|简单装修|低层(共6层),已爬取
2533,华信国际,945727,https://liny.zu.anjuke.com/fangyuan/4613704901190665,2室2厅|整租|精装修|中层(共19层),已爬取
2534,华信国际,945727,https://liny.zu.anjuke.com/fangyuan/4632175519296522,2室2厅|整租|精装修|中层(共25层),已爬取
2535,华信国际,945727,https://liny.zu.anjuke.com/fangyuan/4477726094171140,2室2厅|整租|精装修|中层(共25层),已爬取
2536,华信国际,945727,https://liny.zu.anjuke.com/fangyuan/4621275942509576,3室2厅|合租|精装修|中层(共25层),已爬取
2537,华信国际,945727,https://liny.zu.anjuke.com/fangyuan/4606299593600010,3室2厅|整租|精装修|高层(共25层),已爬取
2538,华信国际,945727,https://liny.zu.anjuke.com/fangyuan/4578441949553672,2室2厅|整租|精装修|高层(共22层),已爬取
2539,华信国际,945727,https://liny.zu.anjuke.com/fangyuan/4538816337585158,2室2厅|整租|精装修|低层(共21层),已爬取
2540,华信国际,945727,https://liny.zu.anjuke.com/fangyuan/4622618829204493,5室3厅|整租|精装修|共5层,已爬取
2541,华信国际,945727,https://liny.zu.anjuke.com/fangyuan/4276706081823753,3室2厅|整租|精装修|高层(共27层),已爬取
2542,华信国际,945727,https://liny.zu.anjuke.com/fangyuan/4632187268832268,2室2厅|整租|精装修|低层(共25层),已爬取
2543,宝信龙港,1424470,https://liny.zu.anjuke.com/fangyuan/4569727833807876,3室2厅|整租|精装修|中层(共18层),已爬取
2544,御景东方,677822,https://liny.zu.anjuke.com/fangyuan/4626596054248449,3室1厅|合租|精装修|低层(共30层),已爬取
2545,御景东方,677822,https://liny.zu.anjuke.com/fangyuan/4630898153939968,4室2厅|合租|精装修|中层(共30层),已爬取
2546,御景东方,677822,https://liny.zu.anjuke.com/fangyuan/4622211290340364,3室2厅|合租|简单装修|低层(共30层),已爬取
2547,御景东方,677822,https://liny.zu.anjuke.com/fangyuan/4622087825595400,3室1厅|合租|精装修|中层(共11层),已爬取
2548,御景东方,677822,https://liny.zu.anjuke.com/fangyuan/4629749604232202,3室2厅|合租|精装修|中层(共14层),已爬取
2549,御景东方,677822,https://liny.zu.anjuke.com/fangyuan/4576849914895364,3室1厅|合租|精装修|低层(共30层),已爬取
2550,御景东方,677822,https://liny.zu.anjuke.com/fangyuan/4622009017869314,3室2厅|整租|精装修|高层(共17层),已爬取
2551,御景东方,677822,https://liny.zu.anjuke.com/fangyuan/4623486341147655,3室2厅|整租|精装修|高层(共17层),已爬取
2552,御景东方,677822,https://liny.zu.anjuke.com/fangyuan/4623894719982600,3室2厅|整租|精装修|高层(共17层),已爬取
2553,御景东方,677822,https://liny.zu.anjuke.com/fangyuan/4577102022634500,3室2厅|整租|精装修|低层(共25层),已爬取
2554,龙城雅苑,677215,https://liny.zu.anjuke.com/fangyuan/4607158017534986,2室1厅|合租|精装修|共4层,已爬取
2555,龙城雅苑,677215,https://liny.zu.anjuke.com/fangyuan/4620871220325376,3室2厅|整租|精装修|中层(共6层),已爬取
2556,龙城雅苑,677215,https://liny.zu.anjuke.com/fangyuan/4579939189072911,3室2厅|整租|精装修|中层(共6层),已爬取
2557,龙城雅苑,677215,https://liny.zu.anjuke.com/fangyuan/4617772386133000,3室2厅|整租|精装修|中层(共6层),已爬取
2558,龙城雅苑,677215,https://liny.zu.anjuke.com/fangyuan/4595194168536070,3室2厅|整租|精装修|中层(共6层),已爬取
2559,龙城雅苑,677215,https://liny.zu.anjuke.com/fangyuan/4619494025899017,3室2厅|整租|精装修|高层(共6层),已爬取
2560,龙城雅苑,677215,https://liny.zu.anjuke.com/fangyuan/4592327991241742,3室2厅|整租|精装修|中层(共6层),已爬取
2561,龙城雅苑,677215,https://liny.zu.anjuke.com/fangyuan/4617750510707727,3室2厅|整租|精装修|中层(共6层),已爬取
2562,龙城雅苑,677215,https://liny.zu.anjuke.com/fangyuan/4581393451000836,3室2厅|整租|精装修|低层(共6层),已爬取
2563,龙城雅苑,677215,https://liny.zu.anjuke.com/fangyuan/4633379783470083,3室2厅|整租|精装修|中层(共6层),已爬取
2564,银雀山小区,677390,https://liny.zu.anjuke.com/fangyuan/4610909921287171,3室2厅|整租|简单装修|共5层,已爬取
2565,银雀山小区,677390,https://liny.zu.anjuke.com/fangyuan/4610894381587457,3室2厅|整租|精装修|共4层,已爬取
2566,银雀山小区,677390,https://liny.zu.anjuke.com/fangyuan/4610931826484230,3室2厅|整租|简单装修|中层(共6层),已爬取
2567,银雀山小区,677390,https://liny.zu.anjuke.com/fangyuan/4607031849935887,3室2厅|整租|精装修|低层(共6层),已爬取
2568,银雀山小区,677390,https://liny.zu.anjuke.com/fangyuan/4618280105305096,3室2厅|整租|精装修|低层(共6层),已爬取
2569,银雀山小区,677390,https://liny.zu.anjuke.com/fangyuan/2392571688263694,1室1厅|整租|精装修|共1层,已爬取
2570,银雀山小区,677390,https://liny.zu.anjuke.com/fangyuan/4383122374667271,3室2厅|合租|简单装修|共5层,已爬取
2571,银雀山小区,677390,https://liny.zu.anjuke.com/fangyuan/4530111356920845,3室2厅|整租|精装修|高层(共6层),已爬取
2572,银雀山小区,677390,https://liny.zu.anjuke.com/fangyuan/4520156386929671,3室2厅|整租|精装修|高层(共6层),已爬取
2573,银雀山小区,677390,https://liny.zu.anjuke.com/fangyuan/2875468623653897,1室1厅|整租|精装修|共2层,已爬取
2574,西山小区,972752,https://liny.zu.anjuke.com/fangyuan/4531609078209546,3室2厅|整租|精装修|高层(共24层),已爬取
2575,西山小区,972752,https://liny.zu.anjuke.com/fangyuan/4025392292736009,3室2厅|整租|精装修|中层(共17层),已爬取
2576,西山小区,972752,https://liny.zu.anjuke.com/fangyuan/4470514092039181,3室2厅|整租|精装修|低层(共17层),已爬取
2577,西山小区,972752,https://liny.zu.anjuke.com/fangyuan/3232155051401228,3室2厅|整租|精装修|高层(共24层),已爬取
2578,西山小区,972752,https://liny.zu.anjuke.com/fangyuan/4618160859259919,2室2厅|整租|精装修|低层(共24层),已爬取
2579,西山小区,972752,https://liny.zu.anjuke.com/fangyuan/4579675539514371,3室1厅|整租|精装修|低层(共21层),已爬取
2580,西山小区,972752,https://liny.zu.anjuke.com/fangyuan/4068916669177867,3室2厅|整租|精装修|高层(共16层),已爬取
2581,西山小区,972752,https://liny.zu.anjuke.com/fangyuan/4621071453297668,3室2厅|整租|简单装修|共5层,已爬取
2582,西山小区,972752,https://liny.zu.anjuke.com/fangyuan/3761648376816648,3室2厅|整租|精装修|低层(共20层),已爬取
2583,西山小区,972752,https://liny.zu.anjuke.com/fangyuan/4618146926144518,3室2厅|整租|精装修|中层(共17层),已爬取
2584,魅力之城,926232,https://liny.zu.anjuke.com/fangyuan/4579744246672394,3室2厅|整租|精装修|高层(共7层),已爬取
2585,魅力之城,926232,https://liny.zu.anjuke.com/fangyuan/4633433169372167,2室2厅|整租|精装修|中层(共6层),已爬取
2586,魅力之城,926232,https://liny.zu.anjuke.com/fangyuan/4633428135832584,2室2厅|整租|精装修|高层(共6层),已爬取
2587,后园馨园彼岸,1002817,https://liny.zu.anjuke.com/fangyuan/4465248377445384,3室1厅|整租|精装修|低层(共26层),已爬取
2588,后园馨园彼岸,1002817,https://liny.zu.anjuke.com/fangyuan/4250019283168264,1室1厅|整租|精装修|中层(共28层),已爬取
2589,后园馨园彼岸,1002817,https://liny.zu.anjuke.com/fangyuan/4417038682366984,2室2厅|整租|精装修|中层(共30层),已爬取
2590,后园馨园彼岸,1002817,https://liny.zu.anjuke.com/fangyuan/4599580026182662,2室1厅|整租|精装修|高层(共28层),已爬取
2591,后园馨园彼岸,1002817,https://liny.zu.anjuke.com/fangyuan/4633381466577925,2室2厅|整租|精装修|中层(共30层),已爬取
2592,后园馨园彼岸,1002817,https://liny.zu.anjuke.com/fangyuan/4507311857146886,2室1厅|整租|精装修|低层(共26层),已爬取
2593,后园馨园彼岸,1002817,https://liny.zu.anjuke.com/fangyuan/4417055439037449,2室2厅|整租|精装修|中层(共26层),已爬取
2594,后园馨园彼岸,1002817,https://liny.zu.anjuke.com/fangyuan/4296742073789453,1室1厅|整租|精装修|低层(共6层),已爬取
2595,后园馨园彼岸,1002817,https://liny.zu.anjuke.com/fangyuan/3982180827311113,2室1厅|整租|精装修|低层(共28层),已爬取
2596,后园馨园彼岸,1002817,https://liny.zu.anjuke.com/fangyuan/1720486223519756,2室2厅|整租|精装修|中层(共28层),已爬取
2597,尚城嘉苑,677932,https://liny.zu.anjuke.com/fangyuan/4633658637968384,2室2厅|整租|简单装修|中层(共6层),已爬取
2598,尚城嘉苑,677932,https://liny.zu.anjuke.com/fangyuan/4609182897413127,3室2厅|整租|精装修|高层(共11层),已爬取
2599,尚城嘉苑,677932,https://liny.zu.anjuke.com/fangyuan/4622171906382863,3室2厅|整租|精装修|中层(共6层),已爬取
2600,尚城嘉苑,677932,https://liny.zu.anjuke.com/fangyuan/4623440237915141,3室2厅|整租|精装修|中层(共8层),已爬取
2601,尚城嘉苑,677932,https://liny.zu.anjuke.com/fangyuan/4586885421949961,2室2厅|整租|简单装修|共5层,已爬取
2602,阳光水岸,677798,https://liny.zu.anjuke.com/fangyuan/4615365643936773,3室2厅|整租|精装修|中层(共30层),已爬取
2603,阳光水岸,677798,https://liny.zu.anjuke.com/fangyuan/4522926883445775,1室1厅|整租|精装修|低层(共25层),已爬取
2604,阳光水岸,677798,https://liny.zu.anjuke.com/fangyuan/4629875577740296,1室0厅|合租|精装修|高层(共24层),已爬取
2605,阳光水岸,677798,https://liny.zu.anjuke.com/fangyuan/4592344299447311,3室2厅|整租|精装修|中层(共32层),已爬取
2606,阳光水岸,677798,https://liny.zu.anjuke.com/fangyuan/4585321554750479,2室2厅|整租|精装修|低层(共25层),已爬取
2607,阳光水岸,677798,https://liny.zu.anjuke.com/fangyuan/4626469573991426,3室2厅|整租|精装修|中层(共29层),已爬取
2608,阳光水岸,677798,https://liny.zu.anjuke.com/fangyuan/4549893003734020,3室2厅|整租|精装修|中层(共30层),已爬取
2609,阳光水岸,677798,https://liny.zu.anjuke.com/fangyuan/4628219540024328,3室2厅|合租|精装修|高层(共26层),已爬取
2610,阳光水岸,677798,https://liny.zu.anjuke.com/fangyuan/4622115622546447,2室2厅|整租|精装修|中层(共22层),已爬取
2611,阳光水岸,677798,https://liny.zu.anjuke.com/fangyuan/4624799768536072,1室1厅|合租|精装修|高层(共30层),已爬取
2612,城投柳青玺悦,1188338,https://liny.zu.anjuke.com/fangyuan/4489244559453185,3室2厅|整租|精装修|高层(共33层),已爬取
2613,城投柳青玺悦,1188338,https://liny.zu.anjuke.com/fangyuan/4626532858799117,4室2厅|整租|精装修|低层(共7层),已爬取
2614,城投柳青玺悦,1188338,https://liny.zu.anjuke.com/fangyuan/4616396271868940,3室2厅|整租|精装修|高层(共32层),已爬取
2615,城投柳青玺悦,1188338,https://liny.zu.anjuke.com/fangyuan/4521499242060808,4室2厅|整租|精装修|低层(共11层),已爬取
2616,城投柳青玺悦,1188338,https://liny.zu.anjuke.com/fangyuan/4624878380510223,4室2厅|整租|精装修|高层(共30层),已爬取
2617,城投柳青玺悦,1188338,https://liny.zu.anjuke.com/fangyuan/4609309448199177,4室2厅|整租|精装修|低层(共32层),已爬取
2618,城投柳青玺悦,1188338,https://liny.zu.anjuke.com/fangyuan/4519004596427790,3室2厅|整租|精装修|低层(共33层),已爬取
2619,城投柳青玺悦,1188338,https://liny.zu.anjuke.com/fangyuan/4557322131860482,4室2厅|整租|精装修|中层(共33层),已爬取
2620,城投柳青玺悦,1188338,https://liny.zu.anjuke.com/fangyuan/4541615718882314,4室2厅|整租|精装修|低层(共11层),已爬取
2621,城投柳青玺悦,1188338,https://liny.zu.anjuke.com/fangyuan/4603739931241483,3室2厅|整租|精装修|高层(共33层),已爬取
2622,龙泉花园(莒南),973039,https://liny.zu.anjuke.com/fangyuan/4395509049027588,3室2厅|整租|简单装修|共5层,已爬取
2623,龙泉花园(莒南),973039,https://liny.zu.anjuke.com/fangyuan/4575370328022025,3室2厅|整租|简单装修|共5层,已爬取
2624,龙泉花园(莒南),973039,https://liny.zu.anjuke.com/fangyuan/4495115571028997,2室2厅|整租|简单装修|共5层,已爬取
2625,龙泉花园(莒南),973039,https://liny.zu.anjuke.com/fangyuan/4581189761016842,2室2厅|整租|简单装修|共5层,已爬取
2626,慧谷领御(公寓住宅),677920,https://liny.zu.anjuke.com/fangyuan/4622485675385867,3室2厅|整租|精装修|中层(共16层),已爬取
2627,慧谷领御(公寓住宅),677920,https://liny.zu.anjuke.com/fangyuan/4613661925977092,2室2厅|整租|精装修|高层(共17层),已爬取
2628,慧谷领御(公寓住宅),677920,https://liny.zu.anjuke.com/fangyuan/4605342401293324,3室2厅|整租|精装修|中层(共16层),已爬取
2629,慧谷领御(公寓住宅),677920,https://liny.zu.anjuke.com/fangyuan/4626089131502594,3室1厅|整租|精装修|中层(共16层),已爬取
2630,慧谷领御(公寓住宅),677920,https://liny.zu.anjuke.com/fangyuan/4612522941520903,2室1厅|整租|精装修|中层(共25层),已爬取
2631,慧谷领御(公寓住宅),677920,https://liny.zu.anjuke.com/fangyuan/4616599395822598,3室2厅|整租|精装修|中层(共16层),已爬取
2632,慧谷领御(公寓住宅),677920,https://liny.zu.anjuke.com/fangyuan/4626262004505611,2室2厅|整租|精装修|高层(共16层),已爬取
2633,慧谷领御(公寓住宅),677920,https://liny.zu.anjuke.com/fangyuan/4623408350536716,3室2厅|整租|精装修|中层(共17层),已爬取
2634,慧谷领御(公寓住宅),677920,https://liny.zu.anjuke.com/fangyuan/4632037770077189,2室2厅|整租|精装修|高层(共16层),已爬取
2635,慧谷领御(公寓住宅),677920,https://liny.zu.anjuke.com/fangyuan/4612834927156231,2室2厅|整租|简单装修|高层(共17层),已爬取
2636,佳和社区,1019903,https://liny.zu.anjuke.com/fangyuan/4310590853274638,3室2厅|整租|简单装修|高层(共6层),已爬取
2637,佳和社区,1019903,https://liny.zu.anjuke.com/fangyuan/4354762909425679,4室2厅|整租|简单装修|高层(共6层),已爬取
2638,佳和社区,1019903,https://liny.zu.anjuke.com/fangyuan/4479523459542025,3室2厅|整租|简单装修|共5层,已爬取
2639,佳和社区,1019903,https://liny.zu.anjuke.com/fangyuan/4333388641901571,1室0厅|合租|简单装修|共5层,已爬取
2640,佳和社区,1019903,https://liny.zu.anjuke.com/fangyuan/3414448694550540,1室1厅|整租|精装修|共3层,已爬取
2641,佳和社区,1019903,https://liny.zu.anjuke.com/fangyuan/4620597071784970,3室2厅|整租|简单装修|中层(共6层),已爬取
2642,佳和社区,1019903,https://liny.zu.anjuke.com/fangyuan/4187968675634186,3室2厅|整租|精装修|高层(共6层),已爬取
2643,佳和社区,1019903,https://liny.zu.anjuke.com/fangyuan/4308064151362573,3室2厅|整租|简单装修|高层(共6层),已爬取
2644,佳和社区,1019903,https://liny.zu.anjuke.com/fangyuan/4573082560551950,2室2厅|整租|毛坯|高层(共6层),已爬取
2645,佳和社区,1019903,https://liny.zu.anjuke.com/fangyuan/4551413814516736,3室2厅|整租|精装修|中层(共6层),已爬取
2646,德居一品(西区),783033,https://liny.zu.anjuke.com/fangyuan/4542744287175681,3室2厅|合租|精装修|低层(共9层),已爬取
2647,德居一品(西区),783033,https://liny.zu.anjuke.com/fangyuan/4268136703650831,3室2厅|合租|精装修|中层(共20层),已爬取
2648,德居一品(西区),783033,https://liny.zu.anjuke.com/fangyuan/3791390459650063,3室1厅|合租|精装修|中层(共26层),已爬取
2649,德居一品(西区),783033,https://liny.zu.anjuke.com/fangyuan/4483768683635727,3室2厅|合租|精装修|中层(共25层),已爬取
2650,德居一品(西区),783033,https://liny.zu.anjuke.com/fangyuan/4623479082216455,3室2厅|合租|精装修|低层(共26层),已爬取
2651,德居一品(西区),783033,https://liny.zu.anjuke.com/fangyuan/4588490049313795,1室1厅|合租|精装修|低层(共10层),已爬取
2652,德居一品(西区),783033,https://liny.zu.anjuke.com/fangyuan/4531460290194434,3室2厅|合租|精装修|中层(共16层),已爬取
2653,德居一品(西区),783033,https://liny.zu.anjuke.com/fangyuan/4428387193644041,3室2厅|合租|精装修|中层(共25层),已爬取
2654,德居一品(西区),783033,https://liny.zu.anjuke.com/fangyuan/4384454502788098,3室2厅|合租|精装修|低层(共24层),已爬取
2655,德居一品(西区),783033,https://liny.zu.anjuke.com/fangyuan/4468397254206467,3室2厅|合租|精装修|高层(共18层),已爬取
2656,教授花园(兰山),713701,https://liny.zu.anjuke.com/fangyuan/4533050015507464,4室2厅|整租|精装修|共5层,已爬取
2657,教授花园(兰山),713701,https://liny.zu.anjuke.com/fangyuan/4530758877060108,3室2厅|整租|精装修|共5层,已爬取
2658,教授花园(兰山),713701,https://liny.zu.anjuke.com/fangyuan/4007890351823882,3室2厅|整租|精装修|共5层,已爬取
2659,教授花园(兰山),713701,https://liny.zu.anjuke.com/fangyuan/4521374381648905,3室2厅|整租|简单装修|共5层,已爬取
2660,教授花园(兰山),713701,https://liny.zu.anjuke.com/fangyuan/4533123595574278,4室2厅|整租|精装修|共5层,已爬取
2661,教授花园(兰山),713701,https://liny.zu.anjuke.com/fangyuan/2306204579310592,4室2厅|合租|简单装修|共5层,已爬取
2662,教授花园(兰山),713701,https://liny.zu.anjuke.com/fangyuan/4533617622164487,3室2厅|整租|豪华装修|中层(共12层),已爬取
2663,教授花园(兰山),713701,https://liny.zu.anjuke.com/fangyuan/4594115992464390,4室2厅|整租|精装修|共4层,已爬取
2664,教授花园(兰山),713701,https://liny.zu.anjuke.com/fangyuan/4622358588414982,4室2厅|整租|精装修|高层(共6层),已爬取
2665,教授花园(兰山),713701,https://liny.zu.anjuke.com/fangyuan/4575389292997642,3室1厅|合租|精装修|低层(共23层),已爬取
2666,鼓楼台小区,677588,https://liny.zu.anjuke.com/fangyuan/4613996907537416,2室2厅|整租|精装修|中层(共6层),已爬取
2667,鼓楼台小区,677588,https://liny.zu.anjuke.com/fangyuan/4576872891802627,2室1厅|整租|简单装修|中层(共6层),已爬取
2668,鼓楼台小区,677588,https://liny.zu.anjuke.com/fangyuan/4623437959883788,3室2厅|整租|精装修|中层(共6层),已爬取
2669,鼓楼台小区,677588,https://liny.zu.anjuke.com/fangyuan/4623854568774659,2室2厅|整租|精装修|共5层,已爬取
2670,鼓楼台小区,677588,https://liny.zu.anjuke.com/fangyuan/4631950747442177,2室2厅|整租|简单装修|中层(共7层),已爬取
2671,鼓楼台小区,677588,https://liny.zu.anjuke.com/fangyuan/4582836385653773,2室2厅|整租|精装修|低层(共6层),已爬取
2672,鼓楼台小区,677588,https://liny.zu.anjuke.com/fangyuan/4588339215391747,2室2厅|整租|简单装修|低层(共6层),已爬取
2673,鼓楼台小区,677588,https://liny.zu.anjuke.com/fangyuan/4613987069551619,2室2厅|整租|精装修|中层(共7层),已爬取
2674,金猴北城名居,678202,https://liny.zu.anjuke.com/fangyuan/4398498562763779,3室1厅|合租|精装修|高层(共31层),已爬取
2675,金猴北城名居,678202,https://liny.zu.anjuke.com/fangyuan/4330412192443400,3室2厅|合租|精装修|中层(共28层),已爬取
2676,金猴北城名居,678202,https://liny.zu.anjuke.com/fangyuan/4318009662876673,3室2厅|合租|精装修|中层(共21层),已爬取
2677,金猴北城名居,678202,https://liny.zu.anjuke.com/fangyuan/4581721271839753,3室2厅|合租|精装修|中层(共12层),已爬取
2678,金猴北城名居,678202,https://liny.zu.anjuke.com/fangyuan/4524320535372806,2室2厅|合租|精装修|中层(共26层),已爬取
2679,金猴北城名居,678202,https://liny.zu.anjuke.com/fangyuan/4535879817339917,3室2厅|合租|精装修|低层(共30层),已爬取
2680,金猴北城名居,678202,https://liny.zu.anjuke.com/fangyuan/4624126358940686,3室2厅|合租|精装修|中层(共12层),已爬取
2681,金猴北城名居,678202,https://liny.zu.anjuke.com/fangyuan/4619848666866698,3室2厅|合租|精装修|中层(共23层),已爬取
2682,金猴北城名居,678202,https://liny.zu.anjuke.com/fangyuan/4469263601998862,3室2厅|合租|精装修|中层(共20层),已爬取
2683,金猴北城名居,678202,https://liny.zu.anjuke.com/fangyuan/3791197218169859,3室2厅|合租|精装修|低层(共30层),已爬取
2684,蓝钻香醍,1187594,https://liny.zu.anjuke.com/fangyuan/4626635284880389,3室2厅|整租|精装修|共4层,已爬取
2685,蓝钻香醍,1187594,https://liny.zu.anjuke.com/fangyuan/4591206851206156,4室2厅|整租|精装修|共4层,已爬取
2686,蓝钻香醍,1187594,https://liny.zu.anjuke.com/fangyuan/4590103327368194,4室2厅|整租|精装修|共5层,已爬取
2687,蓝钻香醍,1187594,https://liny.zu.anjuke.com/fangyuan/4582744198997001,4室2厅|整租|精装修|中层(共6层),已爬取
2688,蓝钻香醍,1187594,https://liny.zu.anjuke.com/fangyuan/4633925177975808,4室2厅|整租|简单装修|共5层,已爬取
2689,蓝钻香醍,1187594,https://liny.zu.anjuke.com/fangyuan/4601027965314058,3室2厅|整租|精装修|共5层,已爬取
2690,蓝钻香醍,1187594,https://liny.zu.anjuke.com/fangyuan/4629115026828296,3室2厅|整租|精装修|共5层,已爬取
2691,蓝钻香醍,1187594,https://liny.zu.anjuke.com/fangyuan/4601284941358082,3室2厅|整租|精装修|共5层,已爬取
2692,蓝钻香醍,1187594,https://liny.zu.anjuke.com/fangyuan/4620637577751565,3室2厅|整租|精装修|低层(共9层),已爬取
2693,美多商贸城,973055,https://liny.zu.anjuke.com/fangyuan/4554743323274246,1室1厅|整租|精装修|共5层,已爬取
2694,美多商贸城,973055,https://liny.zu.anjuke.com/fangyuan/4482293567448064,3室2厅|合租|精装修|低层(共10层),已爬取
2695,美多商贸城,973055,https://liny.zu.anjuke.com/fangyuan/4542783881815048,3室2厅|合租|精装修|低层(共12层),已爬取
2696,美多商贸城,973055,https://liny.zu.anjuke.com/fangyuan/4581658654237702,2室2厅|合租|精装修|中层(共13层),已爬取
2697,美多商贸城,973055,https://liny.zu.anjuke.com/fangyuan/4475635193996303,3室2厅|合租|简单装修|低层(共28层),已爬取
2698,美多商贸城,973055,https://liny.zu.anjuke.com/fangyuan/4472237391062016,3室2厅|合租|精装修|中层(共26层),已爬取
2699,美多商贸城,973055,https://liny.zu.anjuke.com/fangyuan/4469780679891971,3室2厅|合租|精装修|中层(共20层),已爬取
2700,美多商贸城,973055,https://liny.zu.anjuke.com/fangyuan/3243947920251917,2室2厅|合租|精装修|中层(共23层),已爬取
2701,美多商贸城,973055,https://liny.zu.anjuke.com/fangyuan/4541372553978893,3室2厅|合租|精装修|中层(共22层),已爬取
2702,美多商贸城,973055,https://liny.zu.anjuke.com/fangyuan/4633584102284300,2室1厅|整租|精装修|低层(共13层),已爬取
2703,蓝湾国际A区,676893,https://liny.zu.anjuke.com/fangyuan/4631898718825476,3室1厅|合租|精装修|高层(共25层),已爬取
2704,蓝湾国际A区,676893,https://liny.zu.anjuke.com/fangyuan/4624836369132548,3室1厅|合租|精装修|高层(共25层),已爬取
2705,蓝湾国际A区,676893,https://liny.zu.anjuke.com/fangyuan/4617760273144839,3室2厅|合租|精装修|低层(共32层),已爬取
2706,蓝湾国际A区,676893,https://liny.zu.anjuke.com/fangyuan/4625186002101262,3室2厅|合租|精装修|中层(共30层),已爬取
2707,蓝湾国际A区,676893,https://liny.zu.anjuke.com/fangyuan/4251566709054470,3室2厅|合租|精装修|低层(共12层),已爬取
2708,蓝湾国际A区,676893,https://liny.zu.anjuke.com/fangyuan/4606455813610499,3室2厅|合租|精装修|高层(共33层),已爬取
2709,蓝湾国际A区,676893,https://liny.zu.anjuke.com/fangyuan/4620705776282638,3室2厅|合租|精装修|高层(共23层),已爬取
2710,蓝湾国际A区,676893,https://liny.zu.anjuke.com/fangyuan/4588293354155023,3室1厅|合租|精装修|高层(共20层),已爬取
2711,蓝湾国际A区,676893,https://liny.zu.anjuke.com/fangyuan/4538733459563524,3室2厅|合租|精装修|中层(共20层),已爬取
2712,蓝湾国际A区,676893,https://liny.zu.anjuke.com/fangyuan/4624495160503310,3室2厅|合租|精装修|低层(共12层),已爬取
2713,幸福华庭,1087482,https://liny.zu.anjuke.com/fangyuan/4607970518506502,3室2厅|整租|精装修|中层(共17层),已爬取
2714,幸福华庭,1087482,https://liny.zu.anjuke.com/fangyuan/4577214640823306,3室2厅|整租|精装修|中层(共17层),已爬取
2715,幸福华庭,1087482,https://liny.zu.anjuke.com/fangyuan/4576967127163918,3室2厅|整租|简单装修|中层(共17层),已爬取
2716,金碧花园,678062,https://liny.zu.anjuke.com/fangyuan/4619752470209542,2室2厅|整租|简单装修|中层(共6层),已爬取
2717,金碧花园,678062,https://liny.zu.anjuke.com/fangyuan/4386141431524359,2室2厅|整租|精装修|共5层,已爬取
2718,金碧花园,678062,https://liny.zu.anjuke.com/fangyuan/4468369509934083,2室2厅|整租|简单装修|中层(共6层),已爬取
2719,金碧花园,678062,https://liny.zu.anjuke.com/fangyuan/4618453868635139,2室2厅|整租|简单装修|共5层,已爬取
2720,金碧花园,678062,https://liny.zu.anjuke.com/fangyuan/4619752049486850,2室2厅|整租|简单装修|共5层,已爬取
2721,金碧花园,678062,https://liny.zu.anjuke.com/fangyuan/4463807503098893,2室2厅|整租|简单装修|共5层,已爬取
2722,金碧花园,678062,https://liny.zu.anjuke.com/fangyuan/4615316493362190,2室2厅|整租|简单装修|共5层,已爬取
2723,金碧花园,678062,https://liny.zu.anjuke.com/fangyuan/4204342777962498,2室2厅|整租|简单装修|共5层,已爬取
2724,金碧花园,678062,https://liny.zu.anjuke.com/fangyuan/4429484889938958,2室2厅|整租|简单装修|共5层,已爬取
2725,金碧花园,678062,https://liny.zu.anjuke.com/fangyuan/4623778696946688,2室2厅|整租|精装修|共5层,已爬取
2726,汇铭文苑,1201149,https://liny.zu.anjuke.com/fangyuan/4619248835945473,4室2厅|整租|精装修|高层(共17层),已爬取
2727,汇铭文苑,1201149,https://liny.zu.anjuke.com/fangyuan/4596474609165322,4室2厅|整租|精装修|中层(共20层),已爬取
2728,汇铭文苑,1201149,https://liny.zu.anjuke.com/fangyuan/4548670998764551,3室2厅|整租|精装修|中层(共17层),已爬取
2729,汇铭文苑,1201149,https://liny.zu.anjuke.com/fangyuan/4583921799111684,3室2厅|整租|简单装修|中层(共15层),已爬取
2730,金盾花园东区(兰山),678271,https://liny.zu.anjuke.com/fangyuan/4564269199451140,3室2厅|合租|精装修|高层(共12层),已爬取
2731,金盾花园东区(兰山),678271,https://liny.zu.anjuke.com/fangyuan/4619254255756301,3室2厅|整租|精装修|中层(共12层),已爬取
2732,金盾花园东区(兰山),678271,https://liny.zu.anjuke.com/fangyuan/4533082461463563,3室1厅|整租|简单装修|中层(共11层),已爬取
2733,金盾花园东区(兰山),678271,https://liny.zu.anjuke.com/fangyuan/4615426801032202,4室2厅|整租|简单装修|中层(共11层),已爬取
2734,金盾花园东区(兰山),678271,https://liny.zu.anjuke.com/fangyuan/4616376050279427,3室2厅|整租|简单装修|中层(共11层),已爬取
2735,幸福花苑(费县),1388628,https://liny.zu.anjuke.com/fangyuan/4606886665266190,1室1厅|整租|精装修|共5层,已爬取
2736,幸福花苑(费县),1388628,https://liny.zu.anjuke.com/fangyuan/4577180291212293,3室2厅|整租|简单装修|中层(共6层),已爬取
2737,幸福花苑(费县),1388628,https://liny.zu.anjuke.com/fangyuan/4626713547252744,2室2厅|整租|简单装修|共5层,已爬取
2738,书苑府邸(一期东区),1074582,https://liny.zu.anjuke.com/fangyuan/4630546040089602,2室2厅|整租|精装修|中层(共18层),已爬取
2739,书苑府邸(一期东区),1074582,https://liny.zu.anjuke.com/fangyuan/4633423869631499,2室2厅|整租|精装修|中层(共18层),已爬取
2740,书苑府邸(一期东区),1074582,https://liny.zu.anjuke.com/fangyuan/4603943565255694,2室2厅|整租|精装修|中层(共18层),已爬取
2741,书苑府邸(一期东区),1074582,https://liny.zu.anjuke.com/fangyuan/4630971364256769,2室2厅|整租|简单装修|中层(共18层),已爬取
2742,书苑府邸(一期东区),1074582,https://liny.zu.anjuke.com/fangyuan/4627042739921921,2室2厅|整租|精装修|中层(共18层),已爬取
2743,书苑府邸(一期东区),1074582,https://liny.zu.anjuke.com/fangyuan/4633658352233476,1室1厅|整租|简单装修|低层(共8层),已爬取
2744,书苑府邸(一期东区),1074582,https://liny.zu.anjuke.com/fangyuan/4625223471049732,2室2厅|整租|简单装修|低层(共18层),已爬取
2745,书苑府邸(一期东区),1074582,https://liny.zu.anjuke.com/fangyuan/4624848313510913,2室1厅|整租|精装修|低层(共17层),已爬取
2746,书苑府邸(一期东区),1074582,https://liny.zu.anjuke.com/fangyuan/4630597729510402,3室2厅|整租|精装修|高层(共7层),已爬取
2747,书苑府邸(一期东区),1074582,https://liny.zu.anjuke.com/fangyuan/4633418439863307,2室2厅|整租|精装修|中层(共18层),已爬取
2748,阜丰时代城荣园,1179507,https://liny.zu.anjuke.com/fangyuan/4624146151336973,3室2厅|整租|简单装修|中层(共17层),已爬取
2749,阜丰时代城荣园,1179507,https://liny.zu.anjuke.com/fangyuan/4578210492750854,3室2厅|整租|精装修|中层(共11层),已爬取
2750,阜丰时代城荣园,1179507,https://liny.zu.anjuke.com/fangyuan/4616754031451145,3室2厅|整租|精装修|中层(共17层),已爬取
2751,林庄御园B区,792842,https://liny.zu.anjuke.com/fangyuan/4582924653882372,3室1厅|合租|精装修|中层(共30层),已爬取
2752,林庄御园B区,792842,https://liny.zu.anjuke.com/fangyuan/4473430154044419,3室2厅|合租|精装修|中层(共27层),已爬取
2753,林庄御园B区,792842,https://liny.zu.anjuke.com/fangyuan/4614145862282241,1室1厅|整租|精装修|中层(共20层),已爬取
2754,林庄御园B区,792842,https://liny.zu.anjuke.com/fangyuan/4537488415302663,3室2厅|整租|精装修|中层(共6层),已爬取
2755,林庄御园B区,792842,https://liny.zu.anjuke.com/fangyuan/4509250059676675,2室1厅|整租|豪华装修|中层(共23层),已爬取
2756,林庄御园B区,792842,https://liny.zu.anjuke.com/fangyuan/4606941525273607,2室1厅|整租|精装修|低层(共15层),已爬取
2757,林庄御园B区,792842,https://liny.zu.anjuke.com/fangyuan/4633397835736076,3室2厅|整租|精装修|共5层,已爬取
2758,林庄御园B区,792842,https://liny.zu.anjuke.com/fangyuan/3294943609986054,3室2厅|整租|精装修|高层(共20层),已爬取
2759,林庄御园B区,792842,https://liny.zu.anjuke.com/fangyuan/4585778170092558,3室2厅|整租|精装修|高层(共6层),已爬取
2760,林庄御园B区,792842,https://liny.zu.anjuke.com/fangyuan/4626280587832325,3室2厅|整租|精装修|共5层,已爬取
2761,焦庄佳园,1052574,https://liny.zu.anjuke.com/fangyuan/4522265517894656,3室0厅|合租|精装修|高层(共32层),已爬取
2762,焦庄佳园,1052574,https://liny.zu.anjuke.com/fangyuan/4611267523271681,2室2厅|合租|豪华装修|低层(共32层),已爬取
2763,焦庄佳园,1052574,https://liny.zu.anjuke.com/fangyuan/4625292473392131,3室1厅|合租|精装修|中层(共16层),已爬取
2764,焦庄佳园,1052574,https://liny.zu.anjuke.com/fangyuan/4568609751591951,3室2厅|合租|精装修|中层(共32层),已爬取
2765,焦庄佳园,1052574,https://liny.zu.anjuke.com/fangyuan/4088273839680512,3室2厅|合租|精装修|中层(共30层),已爬取
2766,焦庄佳园,1052574,https://liny.zu.anjuke.com/fangyuan/4516612806663177,2室2厅|合租|精装修|中层(共32层),已爬取
2767,焦庄佳园,1052574,https://liny.zu.anjuke.com/fangyuan/4602649728965634,3室1厅|合租|精装修|中层(共19层),已爬取
2768,焦庄佳园,1052574,https://liny.zu.anjuke.com/fangyuan/4486218062404609,3室2厅|合租|精装修|中层(共31层),已爬取
2769,焦庄佳园,1052574,https://liny.zu.anjuke.com/fangyuan/4535820793523204,3室2厅|合租|精装修|低层(共30层),已爬取
2770,焦庄佳园,1052574,https://liny.zu.anjuke.com/fangyuan/4364716619210757,3室1厅|合租|精装修|低层(共28层),已爬取
2771,五洲华府天著(公寓住宅),973161,https://liny.zu.anjuke.com/fangyuan/4574517864782857,3室2厅|整租|豪华装修|高层(共24层),已爬取
2772,五洲华府天著(公寓住宅),973161,https://liny.zu.anjuke.com/fangyuan/4569818566990848,3室2厅|整租|精装修|高层(共16层),已爬取
2773,五洲华府天著(公寓住宅),973161,https://liny.zu.anjuke.com/fangyuan/4571324930153485,1室1厅|整租|精装修|中层(共26层),已爬取
2774,五洲华府天著(公寓住宅),973161,https://liny.zu.anjuke.com/fangyuan/4577291067747329,3室2厅|整租|豪华装修|高层(共25层),已爬取
2775,五洲华府天著(公寓住宅),973161,https://liny.zu.anjuke.com/fangyuan/4569809806318600,2室2厅|整租|精装修|中层(共25层),已爬取
2776,五洲华府天著(公寓住宅),973161,https://liny.zu.anjuke.com/fangyuan/4514608041223170,3室2厅|整租|精装修|低层(共15层),已爬取
2777,五洲华府天著(公寓住宅),973161,https://liny.zu.anjuke.com/fangyuan/4620700450614285,1室1厅|整租|精装修|高层(共16层),已爬取
2778,五洲华府天著(公寓住宅),973161,https://liny.zu.anjuke.com/fangyuan/4566960633224203,1室1厅|整租|精装修|高层(共18层),已爬取
2779,五洲华府天著(公寓住宅),973161,https://liny.zu.anjuke.com/fangyuan/4568790986972175,2室1厅|整租|精装修|中层(共24层),已爬取
2780,东方佳园(平邑),972882,https://liny.zu.anjuke.com/fangyuan/4604909205236747,2室2厅|整租|简单装修|高层(共26层),已爬取
2781,东方佳园(平邑),972882,https://liny.zu.anjuke.com/fangyuan/4581267135081473,3室2厅|整租|简单装修|中层(共24层),已爬取
2782,东方佳园(平邑),972882,https://liny.zu.anjuke.com/fangyuan/4606551906675727,2室2厅|整租|精装修|高层(共26层),已爬取
2783,东方佳园(平邑),972882,https://liny.zu.anjuke.com/fangyuan/4632008289395712,3室2厅|整租|精装修|高层(共17层),已爬取
2784,东方佳园(平邑),972882,https://liny.zu.anjuke.com/fangyuan/4632031788655628,3室2厅|整租|简单装修|中层(共17层),已爬取
2785,东方佳园(平邑),972882,https://liny.zu.anjuke.com/fangyuan/4592474850438151,3室2厅|整租|精装修|中层(共26层),已爬取
2786,东方佳园(平邑),972882,https://liny.zu.anjuke.com/fangyuan/4617907154562060,3室2厅|整租|精装修|中层(共17层),已爬取
2787,东方佳园(平邑),972882,https://liny.zu.anjuke.com/fangyuan/4536028296092687,2室2厅|整租|简单装修|低层(共26层),已爬取
2788,东方佳园(平邑),972882,https://liny.zu.anjuke.com/fangyuan/4599629377250315,3室2厅|整租|简单装修|中层(共17层),已爬取
2789,平安苑,678157,https://liny.zu.anjuke.com/fangyuan/4627650263325696,3室2厅|整租|豪华装修|低层(共22层),已爬取
2790,平安苑,678157,https://liny.zu.anjuke.com/fangyuan/4584206565352453,3室2厅|整租|简单装修|低层(共7层),已爬取
2791,平安苑,678157,https://liny.zu.anjuke.com/fangyuan/4625509736080395,2室1厅|整租|简单装修|高层(共12层),已爬取
2792,平安苑,678157,https://liny.zu.anjuke.com/fangyuan/4528620236647424,3室2厅|整租|精装修|低层(共6层),已爬取
2793,平安苑,678157,https://liny.zu.anjuke.com/fangyuan/4313829344321542,3室2厅|整租|简单装修|地下(共6层),已爬取
2794,平安苑,678157,https://liny.zu.anjuke.com/fangyuan/4616509039338507,3室2厅|整租|精装修|低层(共6层),已爬取
2795,平安苑,678157,https://liny.zu.anjuke.com/fangyuan/4592399241260035,3室2厅|整租|精装修|中层(共6层),已爬取
2796,平安苑,678157,https://liny.zu.anjuke.com/fangyuan/4533212624382980,3室2厅|整租|精装修|低层(共6层),已爬取
2797,平安苑,678157,https://liny.zu.anjuke.com/fangyuan/4627689100024846,2室1厅|整租|简单装修|高层(共12层),已爬取
2798,平安苑,678157,https://liny.zu.anjuke.com/fangyuan/4553091147181058,3室2厅|整租|精装修|低层(共6层),已爬取
2799,沂城花园,677238,https://liny.zu.anjuke.com/fangyuan/4616294068265987,2室1厅|整租|简单装修|高层(共6层),已爬取
2800,沂城花园,677238,https://liny.zu.anjuke.com/fangyuan/4629181842072584,3室1厅|整租|简单装修|低层(共6层),已爬取
2801,沂城花园,677238,https://liny.zu.anjuke.com/fangyuan/4505037648129038,3室1厅|整租|精装修|高层(共6层),已爬取
2802,怡景新苑,677602,https://liny.zu.anjuke.com/fangyuan/4616520127585286,3室2厅|整租|简单装修|中层(共6层),已爬取
2803,怡景新苑,677602,https://liny.zu.anjuke.com/fangyuan/4590308314489862,3室2厅|整租|精装修|低层(共6层),已爬取
2804,怡景新苑,677602,https://liny.zu.anjuke.com/fangyuan/4601095909006340,2室2厅|整租|精装修|中层(共6层),已爬取
2805,怡景新苑,677602,https://liny.zu.anjuke.com/fangyuan/4603338131401738,2室2厅|整租|简单装修|高层(共6层),已爬取
2806,怡景新苑,677602,https://liny.zu.anjuke.com/fangyuan/4615338678379534,3室2厅|整租|简单装修|中层(共6层),已爬取
2807,怡景新苑,677602,https://liny.zu.anjuke.com/fangyuan/4633547744914442,2室2厅|整租|精装修|低层(共6层),已爬取
2808,怡景新苑,677602,https://liny.zu.anjuke.com/fangyuan/4611977638190082,3室2厅|整租|简单装修|低层(共6层),已爬取
2809,怡景新苑,677602,https://liny.zu.anjuke.com/fangyuan/4633562367714306,2室2厅|整租|精装修|中层(共6层),已爬取
2810,怡景新苑,677602,https://liny.zu.anjuke.com/fangyuan/4615456392752137,3室2厅|整租|精装修|高层(共6层),已爬取
2811,怡景新苑,677602,https://liny.zu.anjuke.com/fangyuan/4601083646204940,3室2厅|整租|精装修|低层(共6层),已爬取
2812,新东方花园,677782,https://liny.zu.anjuke.com/fangyuan/4602370618514445,1室1厅|整租|精装修|高层(共16层),已爬取
2813,新东方花园,677782,https://liny.zu.anjuke.com/fangyuan/4607962287531020,1室1厅|整租|简单装修|中层(共16层),已爬取
2814,新东方花园,677782,https://liny.zu.anjuke.com/fangyuan/4624856847916034,1室1厅|整租|精装修|中层(共16层),已爬取
2815,新东方花园,677782,https://liny.zu.anjuke.com/fangyuan/4305279861517323,1室1厅|整租|精装修|高层(共16层),已爬取
2816,新东方花园,677782,https://liny.zu.anjuke.com/fangyuan/4602589475793926,1室1厅|整租|精装修|中层(共22层),已爬取
2817,新东方花园,677782,https://liny.zu.anjuke.com/fangyuan/4596783741000712,1室1厅|整租|精装修|中层(共16层),已爬取
2818,新东方花园,677782,https://liny.zu.anjuke.com/fangyuan/4433803741309962,1室1厅|整租|精装修|低层(共21层),已爬取
2819,新东方花园,677782,https://liny.zu.anjuke.com/fangyuan/4521528424326156,1室1厅|整租|精装修|高层(共16层),已爬取
2820,新东方花园,677782,https://liny.zu.anjuke.com/fangyuan/4615035194039310,1室1厅|整租|简单装修|中层(共17层),已爬取
2821,新东方花园,677782,https://liny.zu.anjuke.com/fangyuan/4524416784378888,3室2厅|整租|精装修|低层(共21层),已爬取
2822,鸿儒国际,1010266,https://liny.zu.anjuke.com/fangyuan/4412532436720650,3室2厅|合租|精装修|中层(共20层),已爬取
2823,鸿儒国际,1010266,https://liny.zu.anjuke.com/fangyuan/4606513331018759,3室2厅|合租|精装修|中层(共11层),已爬取
2824,诚德桑提亚纳,677019,https://liny.zu.anjuke.com/fangyuan/4516425151439880,1室1厅|整租|精装修|中层(共27层),已爬取
2825,诚德桑提亚纳,677019,https://liny.zu.anjuke.com/fangyuan/4559983044045827,1室1厅|整租|精装修|中层(共22层),已爬取
2826,诚德桑提亚纳,677019,https://liny.zu.anjuke.com/fangyuan/4616606592789514,2室1厅|整租|精装修|中层(共22层),已爬取
2827,诚德桑提亚纳,677019,https://liny.zu.anjuke.com/fangyuan/4631029499915269,1室1厅|整租|简单装修|低层(共22层),已爬取
2828,龙腾华景,912584,https://liny.zu.anjuke.com/fangyuan/4525893725398030,1室1厅|整租|精装修|低层(共30层),已爬取
2829,龙腾华景,912584,https://liny.zu.anjuke.com/fangyuan/4631124025154563,3室2厅|合租|精装修|中层(共28层),已爬取
2830,三阳地产清华园,713729,https://liny.zu.anjuke.com/fangyuan/3057744490028044,1室1厅|整租|精装修|中层(共30层),已爬取
2831,三阳地产清华园,713729,https://liny.zu.anjuke.com/fangyuan/2256934224174087,1室1厅|整租|简单装修|低层(共30层),已爬取
2832,万基幸福小镇,973146,https://liny.zu.anjuke.com/fangyuan/4629192432901121,3室2厅|整租|精装修|低层(共6层),已爬取
2833,万基幸福小镇,973146,https://liny.zu.anjuke.com/fangyuan/4503205915057162,3室2厅|整租|精装修|中层(共6层),已爬取
2834,万基幸福小镇,973146,https://liny.zu.anjuke.com/fangyuan/4578399917597700,3室2厅|整租|精装修|低层(共6层),已爬取
2835,万基幸福小镇,973146,https://liny.zu.anjuke.com/fangyuan/4534805371722759,2室1厅|整租|精装修|高层(共6层),已爬取
2836,万基幸福小镇,973146,https://liny.zu.anjuke.com/fangyuan/4632050258271242,3室2厅|整租|精装修|低层(共6层),已爬取
2837,万基幸福小镇,973146,https://liny.zu.anjuke.com/fangyuan/4624822816365575,3室2厅|整租|精装修|低层(共6层),已爬取
2838,美华金地嘉园,677612,https://liny.zu.anjuke.com/fangyuan/4601059042487306,2室2厅|整租|精装修|共5层,已爬取
2839,美华金地嘉园,677612,https://liny.zu.anjuke.com/fangyuan/4612168132994057,3室2厅|整租|精装修|中层(共6层),已爬取
2840,圣兰菲诺(公寓住宅),789054,https://liny.zu.anjuke.com/fangyuan/4573848463481870,3室2厅|整租|精装修|中层(共28层),已爬取
2841,圣兰菲诺(公寓住宅),789054,https://liny.zu.anjuke.com/fangyuan/4557311915238409,3室2厅|整租|精装修|中层(共8层),已爬取
2842,圣兰菲诺(公寓住宅),789054,https://liny.zu.anjuke.com/fangyuan/4568819480255494,3室2厅|整租|精装修|中层(共21层),已爬取
2843,圣兰菲诺(公寓住宅),789054,https://liny.zu.anjuke.com/fangyuan/4496021073552388,3室2厅|整租|精装修|中层(共29层),已爬取
2844,圣兰菲诺(公寓住宅),789054,https://liny.zu.anjuke.com/fangyuan/4605055329360905,3室2厅|整租|精装修|中层(共10层),已爬取
2845,圣兰菲诺(公寓住宅),789054,https://liny.zu.anjuke.com/fangyuan/4612109103277065,5室2厅|整租|精装修|中层(共26层),已爬取
2846,圣兰菲诺(公寓住宅),789054,https://liny.zu.anjuke.com/fangyuan/4517350265334791,2室2厅|整租|精装修|中层(共28层),已爬取
2847,圣兰菲诺(公寓住宅),789054,https://liny.zu.anjuke.com/fangyuan/4599425692392449,2室2厅|整租|精装修|中层(共26层),已爬取
2848,圣兰菲诺(公寓住宅),789054,https://liny.zu.anjuke.com/fangyuan/4585267865756679,2室1厅|整租|精装修|中层(共28层),已爬取
2849,豪森丽都,941707,https://liny.zu.anjuke.com/fangyuan/4573927226481666,3室2厅|合租|精装修|中层(共30层),已爬取
2850,盛世华府(郯城),1401078,https://liny.zu.anjuke.com/fangyuan/4634024987796484,3室2厅|整租|精装修|中层(共18层),已爬取
2851,银河湾3号院,677200,https://liny.zu.anjuke.com/fangyuan/4595972484226062,3室1厅|合租|精装修|低层(共22层),已爬取
2852,金泰瑞府,1066632,https://liny.zu.anjuke.com/fangyuan/4585303964525572,3室2厅|整租|精装修|中层(共27层),已爬取
2853,金泰瑞府,1066632,https://liny.zu.anjuke.com/fangyuan/4542874799678470,3室2厅|整租|精装修|高层(共27层),已爬取
2854,金泰瑞府,1066632,https://liny.zu.anjuke.com/fangyuan/4618007339572236,3室2厅|整租|精装修|低层(共25层),已爬取
2855,金泰瑞府,1066632,https://liny.zu.anjuke.com/fangyuan/4313405642791949,4室2厅|整租|精装修|中层(共28层),已爬取
2856,金泰瑞府,1066632,https://liny.zu.anjuke.com/fangyuan/4578469369256968,3室2厅|整租|精装修|高层(共27层),已爬取
2857,金泰瑞府,1066632,https://liny.zu.anjuke.com/fangyuan/4622084940192776,4室2厅|整租|精装修|低层(共33层),已爬取
2858,金泰瑞府,1066632,https://liny.zu.anjuke.com/fangyuan/4614921169705991,4室2厅|整租|精装修|中层(共25层),已爬取
2859,金泰瑞府,1066632,https://liny.zu.anjuke.com/fangyuan/4316432430538764,3室2厅|整租|精装修|低层(共24层),已爬取
2860,金泰瑞府,1066632,https://liny.zu.anjuke.com/fangyuan/4623575846366215,3室2厅|整租|豪华装修|中层(共32层),已爬取
2861,澜泊湾(二期),972823,https://liny.zu.anjuke.com/fangyuan/4486335805615114,4室2厅|整租|精装修|低层(共28层),已爬取
2862,中南鲁商樾府,1087479,https://liny.zu.anjuke.com/fangyuan/4616828742986763,3室2厅|整租|精装修|中层(共33层),已爬取
2863,中南鲁商樾府,1087479,https://liny.zu.anjuke.com/fangyuan/4612819782855695,4室2厅|整租|精装修|高层(共32层),已爬取
2864,中南鲁商樾府,1087479,https://liny.zu.anjuke.com/fangyuan/4483668614276104,4室2厅|整租|精装修|中层(共29层),已爬取
2865,中南鲁商樾府,1087479,https://liny.zu.anjuke.com/fangyuan/4633355705492485,4室2厅|整租|精装修|中层(共10层),已爬取
2866,中南鲁商樾府,1087479,https://liny.zu.anjuke.com/fangyuan/4622100742038537,3室2厅|整租|精装修|高层(共32层),已爬取
2867,中南鲁商樾府,1087479,https://liny.zu.anjuke.com/fangyuan/4616742184772623,3室2厅|整租|精装修|低层(共34层),已爬取
2868,中南鲁商樾府,1087479,https://liny.zu.anjuke.com/fangyuan/4619733205836803,4室2厅|整租|精装修|中层(共34层),已爬取
2869,中南鲁商樾府,1087479,https://liny.zu.anjuke.com/fangyuan/4514852777417740,4室2厅|整租|精装修|低层(共33层),已爬取
2870,韵皓金桂园,677606,https://liny.zu.anjuke.com/fangyuan/4623594672466948,3室2厅|整租|精装修|共5层,已爬取
2871,国华新城,1190481,https://liny.zu.anjuke.com/fangyuan/4602590999075845,1室1厅|整租|精装修|中层(共27层),已爬取
2872,国华新城,1190481,https://liny.zu.anjuke.com/fangyuan/4605548130247695,1室1厅|整租|精装修|高层(共27层),已爬取
2873,国华新城,1190481,https://liny.zu.anjuke.com/fangyuan/4544367233379328,1室1厅|整租|精装修|中层(共27层),已爬取
2874,国华新城,1190481,https://liny.zu.anjuke.com/fangyuan/4544351695019015,1室1厅|整租|精装修|中层(共27层),已爬取
2875,国华新城,1190481,https://liny.zu.anjuke.com/fangyuan/4375966982941696,1室1厅|整租|精装修|共4层,已爬取
2876,国华新城,1190481,https://liny.zu.anjuke.com/fangyuan/4619601594002441,1室1厅|整租|精装修|中层(共27层),已爬取
2877,国华新城,1190481,https://liny.zu.anjuke.com/fangyuan/4466688537242631,1室1厅|整租|精装修|共4层,已爬取
2878,国华新城,1190481,https://liny.zu.anjuke.com/fangyuan/4626736156204045,1室1厅|整租|精装修|共4层,已爬取
2879,万阅城,713708,https://liny.zu.anjuke.com/fangyuan/4629532305890307,3室2厅|合租|精装修|低层(共25层),已爬取
2880,三合园,677369,https://liny.zu.anjuke.com/fangyuan/4610697516227585,2室1厅|整租|精装修|高层(共6层),已爬取
2881,三合园,677369,https://liny.zu.anjuke.com/fangyuan/4583721826823174,3室1厅|整租|精装修|高层(共6层),已爬取
2882,三合园,677369,https://liny.zu.anjuke.com/fangyuan/4532798268843020,3室2厅|整租|精装修|低层(共6层),已爬取
2883,三合园,677369,https://liny.zu.anjuke.com/fangyuan/4505879593167877,2室2厅|整租|精装修|中层(共6层),已爬取
2884,华前广场富华小区A区,676739,https://liny.zu.anjuke.com/fangyuan/4599765946686473,3室2厅|合租|精装修|中层(共31层),已爬取
2885,傅屯嘉园,972903,https://liny.zu.anjuke.com/fangyuan/4625174851150851,3室2厅|整租|精装修|低层(共24层),已爬取
2886,傅屯嘉园,972903,https://liny.zu.anjuke.com/fangyuan/4609124738558988,1室1厅|整租|精装修|低层(共21层),已爬取
2887,傅屯嘉园,972903,https://liny.zu.anjuke.com/fangyuan/4302889845283855,3室2厅|整租|精装修|中层(共24层),已爬取
2888,傅屯嘉园,972903,https://liny.zu.anjuke.com/fangyuan/4592037095484425,3室2厅|整租|精装修|高层(共24层),已爬取
2889,傅屯嘉园,972903,https://liny.zu.anjuke.com/fangyuan/4605286465313805,3室2厅|整租|精装修|高层(共20层),已爬取
2890,荣盛花语馨苑,792116,https://liny.zu.anjuke.com/fangyuan/4622378593559558,2室2厅|整租|精装修|高层(共34层),已爬取
2891,荣盛花语馨苑,792116,https://liny.zu.anjuke.com/fangyuan/4602220979921930,2室2厅|整租|精装修|高层(共33层),已爬取
2892,荣盛花语馨苑,792116,https://liny.zu.anjuke.com/fangyuan/4497770067586054,3室2厅|整租|精装修|低层(共31层),已爬取
2893,荣盛花语馨苑,792116,https://liny.zu.anjuke.com/fangyuan/4608231601955844,2室1厅|整租|精装修|高层(共33层),已爬取
2894,荣盛花语馨苑,792116,https://liny.zu.anjuke.com/fangyuan/4552694651956230,2室2厅|整租|精装修|中层(共32层),已爬取
2895,荣盛花语馨苑,792116,https://liny.zu.anjuke.com/fangyuan/4606556688669707,2室2厅|整租|精装修|高层(共31层),已爬取
2896,荣盛花语馨苑,792116,https://liny.zu.anjuke.com/fangyuan/4607865901521925,2室2厅|整租|精装修|高层(共32层),已爬取
2897,荣盛花语馨苑,792116,https://liny.zu.anjuke.com/fangyuan/4565764141392900,2室2厅|整租|精装修|中层(共33层),已爬取
2898,荣盛花语馨苑,792116,https://liny.zu.anjuke.com/fangyuan/4633259379090433,3室2厅|整租|精装修|中层(共33层),已爬取
2899,御景东方,677822,https://liny.zu.anjuke.com/fangyuan/4634045153860617,3室2厅|合租|豪华装修|中层(共9层),已爬取
2900,御景东方,677822,https://liny.zu.anjuke.com/fangyuan/4612581550464000,3室2厅|整租|精装修|高层(共17层),已爬取
2901,御景东方,677822,https://liny.zu.anjuke.com/fangyuan/4623314350840840,3室2厅|整租|精装修|高层(共17层),已爬取
2902,城投柳青玺悦,1188338,https://liny.zu.anjuke.com/fangyuan/4624856772385804,4室2厅|整租|精装修|低层(共6层),已爬取
2903,城投柳青玺悦,1188338,https://liny.zu.anjuke.com/fangyuan/4623583514602500,3室2厅|整租|精装修|低层(共33层),已爬取
2904,城投柳青玺悦,1188338,https://liny.zu.anjuke.com/fangyuan/4613593520694287,3室2厅|整租|精装修|共5层,已爬取
2905,城投柳青玺悦,1188338,https://liny.zu.anjuke.com/fangyuan/4548713743115277,4室2厅|整租|精装修|高层(共8层),已爬取
2906,德居一品(西区),783033,https://liny.zu.anjuke.com/fangyuan/4625226309327883,3室2厅|合租|精装修|中层(共17层),已爬取
2907,美多商贸城,973055,https://liny.zu.anjuke.com/fangyuan/4429493008804864,2室1厅|整租|精装修|高层(共13层),已爬取
2908,蓝湾国际A区,676893,https://liny.zu.anjuke.com/fangyuan/4368925840366598,2室2厅|整租|精装修|低层(共26层),已爬取
2909,蓝湾国际A区,676893,https://liny.zu.anjuke.com/fangyuan/4632539803395074,1室1厅|整租|精装修|中层(共24层),已爬取
2910,宝丽凤凰城,677627,https://liny.zu.anjuke.com/fangyuan/4541749016468493,2室1厅|整租|简单装修|中层(共6层),已爬取
2911,宝丽凤凰城,677627,https://liny.zu.anjuke.com/fangyuan/4583965580766211,2室1厅|整租|简单装修|高层(共6层),已爬取
2912,宝丽凤凰城,677627,https://liny.zu.anjuke.com/fangyuan/4615474674789386,3室2厅|整租|简单装修|高层(共6层),已爬取
2913,宝丽凤凰城,677627,https://liny.zu.anjuke.com/fangyuan/4616263530437632,3室2厅|整租|精装修|高层(共6层),已爬取
2914,宝丽凤凰城,677627,https://liny.zu.anjuke.com/fangyuan/4601086701825030,3室2厅|整租|精装修|高层(共6层),已爬取
2915,宝丽凤凰城,677627,https://liny.zu.anjuke.com/fangyuan/4609336775465997,2室1厅|整租|精装修|低层(共6层),已爬取
2916,宝丽凤凰城,677627,https://liny.zu.anjuke.com/fangyuan/4592489093061643,3室2厅|整租|简单装修|中层(共6层),已爬取
2917,宝丽凤凰城,677627,https://liny.zu.anjuke.com/fangyuan/4616639308798991,2室2厅|整租|精装修|高层(共6层),已爬取
2918,宝丽凤凰城,677627,https://liny.zu.anjuke.com/fangyuan/4544190187461646,2室1厅|整租|精装修|中层(共6层),已爬取
2919,宝丽凤凰城,677627,https://liny.zu.anjuke.com/fangyuan/4190273299618820,3室2厅|整租|精装修|共5层,已爬取
2920,昆仑家园,676839,https://liny.zu.anjuke.com/fangyuan/4626406484335627,3室2厅|整租|简单装修|中层(共6层),已爬取
2921,昆仑家园,676839,https://liny.zu.anjuke.com/fangyuan/4557097169853445,2室2厅|整租|简单装修|低层(共6层),已爬取
2922,昆仑家园,676839,https://liny.zu.anjuke.com/fangyuan/4496721820228617,2室2厅|整租|简单装修|高层(共6层),已爬取
2923,昆仑家园,676839,https://liny.zu.anjuke.com/fangyuan/3664199946379279,2室2厅|整租|简单装修|高层(共6层),已爬取
2924,昆仑家园,676839,https://liny.zu.anjuke.com/fangyuan/4496704651140106,3室2厅|整租|简单装修|中层(共6层),已爬取
2925,昆仑家园,676839,https://liny.zu.anjuke.com/fangyuan/4541775628872704,3室2厅|整租|简单装修|高层(共6层),已爬取
2926,昆仑家园,676839,https://liny.zu.anjuke.com/fangyuan/4479370682819595,3室2厅|整租|精装修|高层(共6层),已爬取
2927,昆仑家园,676839,https://liny.zu.anjuke.com/fangyuan/4602803426108428,3室2厅|整租|简单装修|高层(共6层),已爬取
2928,昆仑家园,676839,https://liny.zu.anjuke.com/fangyuan/4193372434358280,3室2厅|整租|简单装修|高层(共6层),已爬取
2929,昆仑家园,676839,https://liny.zu.anjuke.com/fangyuan/4555586144447498,3室2厅|整租|简单装修|中层(共6层),已爬取
2930,银丰佳园(西区),677816,https://liny.zu.anjuke.com/fangyuan/4613516802352133,3室2厅|整租|豪华装修|中层(共6层),已爬取
2931,银丰佳园(西区),677816,https://liny.zu.anjuke.com/fangyuan/4617995032863747,3室2厅|整租|精装修|高层(共6层),已爬取
2932,银丰佳园(西区),677816,https://liny.zu.anjuke.com/fangyuan/4623900631149573,3室2厅|整租|精装修|中层(共6层),已爬取
2933,银丰佳园(西区),677816,https://liny.zu.anjuke.com/fangyuan/4629107285304333,3室2厅|整租|精装修|高层(共6层),已爬取
2934,银丰佳园(西区),677816,https://liny.zu.anjuke.com/fangyuan/4623914528465932,3室2厅|整租|精装修|中层(共6层),已爬取
2935,银丰佳园(西区),677816,https://liny.zu.anjuke.com/fangyuan/4633492439968775,2室2厅|整租|精装修|高层(共6层),已爬取
2936,银丰佳园(西区),677816,https://liny.zu.anjuke.com/fangyuan/4485121904864260,3室2厅|整租|精装修|中层(共6层),已爬取
2937,天宝花园,972740,https://liny.zu.anjuke.com/fangyuan/4418328908178434,1室2厅|整租|精装修|高层(共11层),已爬取
2938,天宝花园,972740,https://liny.zu.anjuke.com/fangyuan/4589944189430788,1室1厅|整租|精装修|高层(共11层),已爬取
2939,天宝花园,972740,https://liny.zu.anjuke.com/fangyuan/4595909364900869,1室1厅|整租|精装修|中层(共8层),已爬取
2940,天宝花园,972740,https://liny.zu.anjuke.com/fangyuan/4554073752054793,2室2厅|整租|精装修|高层(共11层),已爬取
2941,天宝花园,972740,https://liny.zu.anjuke.com/fangyuan/4589845657398272,1室2厅|整租|精装修|低层(共11层),已爬取
2942,天宝花园,972740,https://liny.zu.anjuke.com/fangyuan/4612559727354887,1室1厅|整租|精装修|高层(共9层),已爬取
2943,天宝花园,972740,https://liny.zu.anjuke.com/fangyuan/4553381216689152,2室2厅|整租|精装修|中层(共17层),已爬取
2944,天宝花园,972740,https://liny.zu.anjuke.com/fangyuan/4565694855781391,2室2厅|整租|精装修|中层(共11层),已爬取
2945,天宝花园,972740,https://liny.zu.anjuke.com/fangyuan/4571097191818249,2室2厅|整租|精装修|中层(共11层),已爬取
2946,后园馨园小区(BC区),1002816,https://liny.zu.anjuke.com/fangyuan/3937233415364616,2室2厅|合租|精装修|低层(共24层),已爬取
2947,后园馨园小区(BC区),1002816,https://liny.zu.anjuke.com/fangyuan/4494563849268224,3室2厅|整租|精装修|高层(共6层),已爬取
2948,后园馨园小区(BC区),1002816,https://liny.zu.anjuke.com/fangyuan/3465811573120005,3室1厅|整租|简单装修|高层(共6层),已爬取
2949,后园馨园小区(BC区),1002816,https://liny.zu.anjuke.com/fangyuan/4504731141383183,3室2厅|整租|精装修|低层(共6层),已爬取
2950,后园馨园小区(BC区),1002816,https://liny.zu.anjuke.com/fangyuan/3421666174950410,3室2厅|整租|精装修|中层(共6层),已爬取
2951,后园馨园小区(BC区),1002816,https://liny.zu.anjuke.com/fangyuan/3268974520706058,3室2厅|整租|简单装修|高层(共6层),已爬取
2952,后园馨园小区(BC区),1002816,https://liny.zu.anjuke.com/fangyuan/4509303384136718,3室1厅|整租|精装修|高层(共6层),已爬取
2953,后园馨园小区(BC区),1002816,https://liny.zu.anjuke.com/fangyuan/4439589045150734,3室2厅|整租|精装修|高层(共7层),已爬取
2954,后园馨园小区(BC区),1002816,https://liny.zu.anjuke.com/fangyuan/3536609250123790,2室1厅|整租|简单装修|高层(共6层),已爬取
2955,后园馨园小区(BC区),1002816,https://liny.zu.anjuke.com/fangyuan/4439484556631043,3室2厅|整租|精装修|中层(共6层),已爬取
2956,开阳名居,676985,https://liny.zu.anjuke.com/fangyuan/4264258539642883,3室2厅|合租|精装修|高层(共32层),已爬取
2957,开阳名居,676985,https://liny.zu.anjuke.com/fangyuan/4483480878554125,1室1厅|整租|豪华装修|中层(共28层),已爬取
2958,开阳名居,676985,https://liny.zu.anjuke.com/fangyuan/4605596248644613,3室1厅|合租|精装修|高层(共32层),已爬取
2959,开阳名居,676985,https://liny.zu.anjuke.com/fangyuan/3985062255143947,3室1厅|合租|精装修|中层(共30层),已爬取
2960,开阳名居,676985,https://liny.zu.anjuke.com/fangyuan/4330601600330756,2室2厅|整租|精装修|高层(共32层),已爬取
2961,开阳名居,676985,https://liny.zu.anjuke.com/fangyuan/4579623233821711,2室2厅|整租|精装修|低层(共32层),已爬取
2962,开阳名居,676985,https://liny.zu.anjuke.com/fangyuan/3448661469389829,3室2厅|整租|精装修|高层(共7层),已爬取
2963,开阳名居,676985,https://liny.zu.anjuke.com/fangyuan/4605589785926669,3室2厅|合租|精装修|高层(共32层),已爬取
2964,开阳名居,676985,https://liny.zu.anjuke.com/fangyuan/4486324676551682,1室1厅|整租|精装修|低层(共32层),已爬取
2965,开阳名居,676985,https://liny.zu.anjuke.com/fangyuan/4611149136436231,1室1厅|整租|精装修|高层(共32层),已爬取
2966,鑫源尚城(平邑),972763,https://liny.zu.anjuke.com/fangyuan/4610645093030919,3室2厅|整租|简单装修|高层(共20层),已爬取
2967,鑫源尚城(平邑),972763,https://liny.zu.anjuke.com/fangyuan/4484117008997385,1室1厅|整租|精装修|高层(共22层),已爬取
2968,鑫源尚城(平邑),972763,https://liny.zu.anjuke.com/fangyuan/4582766544509957,3室2厅|整租|精装修|中层(共14层),已爬取
2969,鑫源尚城(平邑),972763,https://liny.zu.anjuke.com/fangyuan/4609304293497869,3室2厅|整租|精装修|共5层,已爬取
2970,鑫源尚城(平邑),972763,https://liny.zu.anjuke.com/fangyuan/4611830400574466,3室2厅|整租|简单装修|高层(共20层),已爬取
2971,鑫源尚城(平邑),972763,https://liny.zu.anjuke.com/fangyuan/4609583233539083,3室2厅|整租|简单装修|高层(共20层),已爬取
2972,焦庄花园,677552,https://liny.zu.anjuke.com/fangyuan/4348173830643720,3室1厅|合租|精装修|中层(共16层),已爬取
2973,焦庄花园,677552,https://liny.zu.anjuke.com/fangyuan/4474873036499978,3室2厅|合租|精装修|低层(共23层),已爬取
2974,焦庄花园,677552,https://liny.zu.anjuke.com/fangyuan/4070255255317504,3室2厅|合租|精装修|低层(共6层),已爬取
2975,焦庄花园,677552,https://liny.zu.anjuke.com/fangyuan/4579913067717647,3室2厅|整租|精装修|中层(共6层),已爬取
2976,焦庄花园,677552,https://liny.zu.anjuke.com/fangyuan/4624764210703368,3室2厅|整租|简单装修|中层(共6层),已爬取
2977,焦庄花园,677552,https://liny.zu.anjuke.com/fangyuan/4631082468926466,3室2厅|整租|精装修|高层(共6层),已爬取
2978,焦庄花园,677552,https://liny.zu.anjuke.com/fangyuan/4360531131065357,3室2厅|整租|精装修|高层(共6层),已爬取
2979,焦庄花园,677552,https://liny.zu.anjuke.com/fangyuan/4520614381020170,2室1厅|合租|精装修|低层(共15层),已爬取
2980,焦庄花园,677552,https://liny.zu.anjuke.com/fangyuan/4627673345188864,3室2厅|整租|简单装修|中层(共6层),已爬取
2981,焦庄花园,677552,https://liny.zu.anjuke.com/fangyuan/4520618851298308,2室1厅|合租|精装修|低层(共15层),已爬取
2982,天泰华府(南区),766733,https://liny.zu.anjuke.com/fangyuan/4565768825396237,3室2厅|整租|精装修|高层(共32层),已爬取
2983,天泰华府(南区),766733,https://liny.zu.anjuke.com/fangyuan/4586620544949256,3室2厅|整租|精装修|中层(共32层),已爬取
2984,天泰华府(南区),766733,https://liny.zu.anjuke.com/fangyuan/4625211941102596,3室2厅|整租|精装修|中层(共29层),已爬取
2985,天泰华府(南区),766733,https://liny.zu.anjuke.com/fangyuan/4584000529753088,3室2厅|整租|精装修|中层(共33层),已爬取
2986,天泰华府(南区),766733,https://liny.zu.anjuke.com/fangyuan/4469579489516558,3室2厅|整租|精装修|中层(共29层),已爬取
2987,天泰华府(南区),766733,https://liny.zu.anjuke.com/fangyuan/4616312968211459,3室2厅|整租|精装修|中层(共21层),已爬取
2988,天泰华府(南区),766733,https://liny.zu.anjuke.com/fangyuan/4565794181112837,3室2厅|整租|精装修|高层(共32层),已爬取
2989,天泰华府(南区),766733,https://liny.zu.anjuke.com/fangyuan/4493891961166859,3室2厅|整租|豪华装修|中层(共28层),已爬取
2990,天泰华府(南区),766733,https://liny.zu.anjuke.com/fangyuan/4489641124668417,3室2厅|整租|精装修|中层(共29层),已爬取
2991,天泰华府(南区),766733,https://liny.zu.anjuke.com/fangyuan/4534567160292354,3室2厅|整租|精装修|高层(共32层),已爬取
2992,新区绿城,972757,https://liny.zu.anjuke.com/fangyuan/4614070458539022,3室2厅|整租|简单装修|高层(共27层),已爬取
2993,新区绿城,972757,https://liny.zu.anjuke.com/fangyuan/4621160393939978,3室2厅|整租|精装修|中层(共17层),已爬取
2994,新区绿城,972757,https://liny.zu.anjuke.com/fangyuan/4558513044859908,3室1厅|整租|简单装修|高层(共27层),已爬取
2995,新区绿城,972757,https://liny.zu.anjuke.com/fangyuan/4377551498210306,3室2厅|整租|精装修|高层(共24层),已爬取
2996,城建未来城,1388335,https://liny.zu.anjuke.com/fangyuan/4595729175667714,3室2厅|整租|精装修|中层(共18层),已爬取
2997,城建未来城,1388335,https://liny.zu.anjuke.com/fangyuan/4360553105286158,2室2厅|整租|简单装修|高层(共17层),已爬取
2998,城建未来城,1388335,https://liny.zu.anjuke.com/fangyuan/4446466934057985,3室2厅|整租|简单装修|低层(共17层),已爬取
2999,城建未来城,1388335,https://liny.zu.anjuke.com/fangyuan/4581059069303815,3室2厅|整租|精装修|中层(共17层),已爬取
3000,新港龙庭,676731,https://liny.zu.anjuke.com/fangyuan/4564303421975564,3室2厅|合租|精装修|高层(共6层),已爬取
3001,新港龙庭,676731,https://liny.zu.anjuke.com/fangyuan/4618284572224521,2室2厅|整租|精装修|中层(共30层),已爬取
3002,新港龙庭,676731,https://liny.zu.anjuke.com/fangyuan/4582733890282503,3室2厅|整租|精装修|低层(共29层),已爬取
3003,新港龙庭,676731,https://liny.zu.anjuke.com/fangyuan/4568139645953025,1室1厅|整租|豪华装修|中层(共34层),已爬取
3004,新港龙庭,676731,https://liny.zu.anjuke.com/fangyuan/4602647693091848,1室1厅|整租|精装修|低层(共32层),已爬取
3005,新港龙庭,676731,https://liny.zu.anjuke.com/fangyuan/4537046202115077,3室2厅|整租|豪华装修|共5层,已爬取
3006,新港龙庭,676731,https://liny.zu.anjuke.com/fangyuan/4480448181578764,1室1厅|整租|精装修|高层(共25层),已爬取
3007,新港龙庭,676731,https://liny.zu.anjuke.com/fangyuan/4379924038247434,1室1厅|整租|精装修|高层(共33层),已爬取
3008,新港龙庭,676731,https://liny.zu.anjuke.com/fangyuan/4522040065268740,1室1厅|整租|精装修|低层(共28层),已爬取
3009,新港龙庭,676731,https://liny.zu.anjuke.com/fangyuan/4594452535811079,1室1厅|整租|精装修|低层(共33层),已爬取
3010,凯润滨湖花园(公寓住宅),787992,https://liny.zu.anjuke.com/fangyuan/4633433041742858,3室2厅|整租|精装修|高层(共22层),已爬取
3011,凯润滨湖花园(公寓住宅),787992,https://liny.zu.anjuke.com/fangyuan/4615084861926404,1室1厅|合租|精装修|中层(共22层),已爬取
3012,凯润滨湖花园(公寓住宅),787992,https://liny.zu.anjuke.com/fangyuan/4612227750503425,2室1厅|整租|精装修|中层(共18层),已爬取
3013,凯润滨湖花园(公寓住宅),787992,https://liny.zu.anjuke.com/fangyuan/4613657204843533,2室2厅|整租|精装修|中层(共18层),已爬取
3014,凯润滨湖花园(公寓住宅),787992,https://liny.zu.anjuke.com/fangyuan/4572450661755911,1室1厅|合租|精装修|中层(共26层),已爬取
3015,凯润滨湖花园(公寓住宅),787992,https://liny.zu.anjuke.com/fangyuan/4632391063249931,3室2厅|合租|精装修|中层(共28层),已爬取
3016,凯润滨湖花园(公寓住宅),787992,https://liny.zu.anjuke.com/fangyuan/4467865776823299,1室1厅|整租|精装修|高层(共18层),已爬取
3017,凯润滨湖花园(公寓住宅),787992,https://liny.zu.anjuke.com/fangyuan/4597071394644994,1室1厅|合租|精装修|中层(共24层),已爬取
3018,凯润滨湖花园(公寓住宅),787992,https://liny.zu.anjuke.com/fangyuan/4462002256897037,4室1厅|合租|简单装修|高层(共17层),已爬取
3019,凯润滨湖花园(公寓住宅),787992,https://liny.zu.anjuke.com/fangyuan/4280020357734412,4室1厅|合租|简单装修|中层(共19层),已爬取
3020,城开水岸,1183683,https://liny.zu.anjuke.com/fangyuan/4616811188198415,1室1厅|合租|精装修|中层(共20层),已爬取
3021,东方御景(郯城),972617,https://liny.zu.anjuke.com/fangyuan/4625206408127502,3室2厅|整租|简单装修|低层(共24层),已爬取
3022,东方御景(郯城),972617,https://liny.zu.anjuke.com/fangyuan/4626330686172165,3室2厅|整租|精装修|低层(共24层),已爬取
3023,东方御景(郯城),972617,https://liny.zu.anjuke.com/fangyuan/4523144673422345,3室2厅|整租|精装修|高层(共26层),已爬取
3024,东方御景(郯城),972617,https://liny.zu.anjuke.com/fangyuan/4619156927441927,3室2厅|整租|精装修|低层(共25层),已爬取
3025,东方御景(郯城),972617,https://liny.zu.anjuke.com/fangyuan/4593643399160837,3室2厅|整租|精装修|低层(共22层),已爬取
3026,东方御景(郯城),972617,https://liny.zu.anjuke.com/fangyuan/4502123371949066,3室2厅|整租|精装修|高层(共25层),已爬取
3027,瑞腾优卡空间,973089,https://liny.zu.anjuke.com/fangyuan/4407511701036037,1室0厅|整租|精装修|低层(共30层),已爬取
3028,瑞腾优卡空间,973089,https://liny.zu.anjuke.com/fangyuan/4612116917871631,1室1厅|整租|精装修|低层(共32层),已爬取
3029,瑞腾优卡空间,973089,https://liny.zu.anjuke.com/fangyuan/4607911066229770,1室1厅|整租|精装修|中层(共19层),已爬取
3030,瑞腾优卡空间,973089,https://liny.zu.anjuke.com/fangyuan/4574450713189387,1室1厅|整租|豪华装修|低层(共15层),已爬取
3031,瑞腾优卡空间,973089,https://liny.zu.anjuke.com/fangyuan/4586758266217481,2室1厅|整租|精装修|低层(共30层),已爬取
3032,瑞腾优卡空间,973089,https://liny.zu.anjuke.com/fangyuan/4604324741782543,1室1厅|整租|豪华装修|高层(共21层),已爬取
3033,瑞腾优卡空间,973089,https://liny.zu.anjuke.com/fangyuan/4632274789606414,1室1厅|整租|精装修|中层(共21层),已爬取
3034,瑞腾优卡空间,973089,https://liny.zu.anjuke.com/fangyuan/4568876288992261,2室2厅|整租|简单装修|中层(共18层),已爬取
3035,瑞腾优卡空间,973089,https://liny.zu.anjuke.com/fangyuan/4581204226038791,2室1厅|整租|精装修|高层(共16层),已爬取
3036,瑞腾优卡空间,973089,https://liny.zu.anjuke.com/fangyuan/4380181670767626,1室1厅|整租|精装修|中层(共20层),已爬取
3037,邑博园,973230,https://liny.zu.anjuke.com/fangyuan/4485212713380867,3室1厅|整租|简单装修|中层(共18层),已爬取
3038,邑博园,973230,https://liny.zu.anjuke.com/fangyuan/4619483665542145,3室2厅|整租|精装修|中层(共17层),已爬取
3039,邑博园,973230,https://liny.zu.anjuke.com/fangyuan/4592265465490443,3室2厅|整租|简单装修|低层(共12层),已爬取
3040,邑博园,973230,https://liny.zu.anjuke.com/fangyuan/4613770910655494,2室2厅|整租|精装修|低层(共11层),已爬取
3041,邑博园,973230,https://liny.zu.anjuke.com/fangyuan/4626234922886158,3室2厅|整租|简单装修|中层(共12层),已爬取
3042,邑博园,973230,https://liny.zu.anjuke.com/fangyuan/4581300484367374,2室2厅|整租|简单装修|中层(共12层),已爬取
3043,邑博园,973230,https://liny.zu.anjuke.com/fangyuan/4631081855245313,3室2厅|整租|简单装修|高层(共12层),已爬取
3044,邑博园,973230,https://liny.zu.anjuke.com/fangyuan/4614911227489286,3室2厅|整租|精装修|中层(共11层),已爬取
3045,邑博园,973230,https://liny.zu.anjuke.com/fangyuan/4616663068617731,3室2厅|整租|简单装修|中层(共12层),已爬取
3046,邑博园,973230,https://liny.zu.anjuke.com/fangyuan/4613888169913350,3室2厅|整租|精装修|中层(共17层),已爬取
3047,鼎峰新立方,1007303,https://liny.zu.anjuke.com/fangyuan/4604208618005509,2室1厅|整租|精装修|中层(共33层),已爬取
3048,鼎峰新立方,1007303,https://liny.zu.anjuke.com/fangyuan/4589573068790792,2室1厅|整租|精装修|高层(共36层),已爬取
3049,鼎峰新立方,1007303,https://liny.zu.anjuke.com/fangyuan/4592365375855623,1室1厅|整租|精装修|低层(共32层),已爬取
3050,鼎峰新立方,1007303,https://liny.zu.anjuke.com/fangyuan/4614114366446595,2室1厅|整租|精装修|低层(共30层),已爬取
3051,鼎峰新立方,1007303,https://liny.zu.anjuke.com/fangyuan/4575794221227016,2室2厅|整租|豪华装修|中层(共32层),已爬取
3052,鼎峰新立方,1007303,https://liny.zu.anjuke.com/fangyuan/4579790326242314,2室1厅|整租|精装修|中层(共32层),已爬取
3053,鼎峰新立方,1007303,https://liny.zu.anjuke.com/fangyuan/4576745880136710,1室1厅|整租|精装修|中层(共32层),已爬取
3054,鼎峰新立方,1007303,https://liny.zu.anjuke.com/fangyuan/4617809382204429,2室2厅|整租|精装修|低层(共30层),已爬取
3055,鼎峰新立方,1007303,https://liny.zu.anjuke.com/fangyuan/4573900431942662,2室1厅|整租|精装修|高层(共32层),已爬取
3056,鼎峰新立方,1007303,https://liny.zu.anjuke.com/fangyuan/4626473999557638,2室1厅|整租|精装修|低层(共32层),已爬取
3057,泰亨花园,973125,https://liny.zu.anjuke.com/fangyuan/4593995395574796,3室2厅|整租|精装修|中层(共6层),已爬取
3058,港湾新里程,972911,https://liny.zu.anjuke.com/fangyuan/4526120551865353,2室1厅|整租|精装修|低层(共15层),已爬取
3059,德馨苑,940391,https://liny.zu.anjuke.com/fangyuan/4633433246245903,5室2厅|整租|精装修|低层(共11层),已爬取
3060,德馨苑,940391,https://liny.zu.anjuke.com/fangyuan/4538729171643399,4室2厅|整租|精装修|高层(共13层),已爬取
3061,德馨苑,940391,https://liny.zu.anjuke.com/fangyuan/4536028020237324,4室2厅|整租|精装修|高层(共13层),已爬取
3062,德馨苑,940391,https://liny.zu.anjuke.com/fangyuan/2501507722927119,4室2厅|整租|简单装修|高层(共13层),已爬取
3063,德馨苑,940391,https://liny.zu.anjuke.com/fangyuan/4613974562612231,3室2厅|整租|精装修|中层(共11层),已爬取
3064,德馨苑,940391,https://liny.zu.anjuke.com/fangyuan/4632102187015182,3室2厅|整租|精装修|中层(共11层),已爬取
3065,德馨苑,940391,https://liny.zu.anjuke.com/fangyuan/4527718672296969,4室2厅|整租|简单装修|高层(共12层),已爬取
3066,德馨苑,940391,https://liny.zu.anjuke.com/fangyuan/4626479645926407,3室2厅|整租|精装修|中层(共17层),已爬取
3067,德馨苑,940391,https://liny.zu.anjuke.com/fangyuan/4592707164382208,3室2厅|整租|精装修|中层(共11层),已爬取
3068,德馨苑,940391,https://liny.zu.anjuke.com/fangyuan/4624905255148548,3室2厅|整租|精装修|中层(共11层),已爬取
3069,北坛新区,1281661,https://liny.zu.anjuke.com/fangyuan/4490598526282755,3室2厅|整租|精装修|高层(共18层),已爬取
3070,北坛新区,1281661,https://liny.zu.anjuke.com/fangyuan/4607866210675723,3室2厅|整租|精装修|中层(共28层),已爬取
3071,北坛新区,1281661,https://liny.zu.anjuke.com/fangyuan/4596479048735746,3室2厅|整租|简单装修|中层(共18层),已爬取
3072,北坛新区,1281661,https://liny.zu.anjuke.com/fangyuan/4370137752790017,2室2厅|整租|精装修|中层(共18层),已爬取
3073,北坛新区,1281661,https://liny.zu.anjuke.com/fangyuan/4585627663772672,3室2厅|整租|精装修|高层(共22层),已爬取
3074,北坛新区,1281661,https://liny.zu.anjuke.com/fangyuan/4538544241744908,3室2厅|整租|精装修|高层(共22层),已爬取
3075,北坛新区,1281661,https://liny.zu.anjuke.com/fangyuan/4633358606593029,2室2厅|整租|精装修|中层(共18层),已爬取
3076,北坛新区,1281661,https://liny.zu.anjuke.com/fangyuan/4585629129595912,3室2厅|整租|精装修|高层(共22层),已爬取
3077,北坛新区,1281661,https://liny.zu.anjuke.com/fangyuan/4632286733380620,2室2厅|整租|精装修|中层(共17层),已爬取
3078,北坛新区,1281661,https://liny.zu.anjuke.com/fangyuan/4595794381038595,2室2厅|整租|精装修|高层(共17层),已爬取
3079,银河龙门花园,973235,https://liny.zu.anjuke.com/fangyuan/4561582595906568,4室2厅|整租|精装修|中层(共6层),已爬取
3080,恒大华府(商住楼),1022352,https://liny.zu.anjuke.com/fangyuan/4270268179390479,1室0厅|合租|精装修|高层(共15层),已爬取
3081,恒大华府(商住楼),1022352,https://liny.zu.anjuke.com/fangyuan/4609652741858304,1室1厅|整租|精装修|低层(共28层),已爬取
3082,恒大华府(商住楼),1022352,https://liny.zu.anjuke.com/fangyuan/4603963956161540,1室1厅|整租|精装修|中层(共21层),已爬取
3083,恒大华府(商住楼),1022352,https://liny.zu.anjuke.com/fangyuan/4572619892990976,1室1厅|整租|精装修|高层(共21层),已爬取
3084,恒大华府(商住楼),1022352,https://liny.zu.anjuke.com/fangyuan/4617739335035913,1室1厅|整租|精装修|高层(共25层),已爬取
3085,恒大华府(商住楼),1022352,https://liny.zu.anjuke.com/fangyuan/4629452000730126,1室1厅|整租|精装修|高层(共24层),已爬取
3086,恒大华府(商住楼),1022352,https://liny.zu.anjuke.com/fangyuan/4623807060239368,1室1厅|整租|精装修|高层(共21层),已爬取
3087,恒大华府(商住楼),1022352,https://liny.zu.anjuke.com/fangyuan/4607908276579341,1室1厅|整租|精装修|高层(共21层),已爬取
3088,恒大华府(商住楼),1022352,https://liny.zu.anjuke.com/fangyuan/4633603756612621,1室1厅|整租|精装修|高层(共20层),已爬取
3089,恒大华府(商住楼),1022352,https://liny.zu.anjuke.com/fangyuan/4632380680690699,1室1厅|整租|精装修|中层(共21层),已爬取
3090,天成家园,944812,https://liny.zu.anjuke.com/fangyuan/3774515506749450,3室2厅|合租|简单装修|共5层,已爬取
3091,天成家园,944812,https://liny.zu.anjuke.com/fangyuan/4619471091735560,3室2厅|整租|精装修|高层(共16层),已爬取
3092,天成家园,944812,https://liny.zu.anjuke.com/fangyuan/4575507161785346,2室2厅|整租|精装修|高层(共30层),已爬取
3093,天成家园,944812,https://liny.zu.anjuke.com/fangyuan/4631099954256896,2室2厅|整租|精装修|高层(共16层),已爬取
3094,天成家园,944812,https://liny.zu.anjuke.com/fangyuan/4518023016553485,3室2厅|整租|精装修|中层(共18层),已爬取
3095,天成家园,944812,https://liny.zu.anjuke.com/fangyuan/4610977841077252,3室2厅|整租|精装修|中层(共14层),已爬取
3096,天成家园,944812,https://liny.zu.anjuke.com/fangyuan/4610891072330757,3室2厅|整租|精装修|高层(共16层),已爬取
3097,天成家园,944812,https://liny.zu.anjuke.com/fangyuan/4615278860526600,2室2厅|整租|简单装修|高层(共18层),已爬取
3098,天成家园,944812,https://liny.zu.anjuke.com/fangyuan/4629395305899011,3室1厅|整租|精装修|低层(共23层),已爬取
3099,天成家园,944812,https://liny.zu.anjuke.com/fangyuan/4489730393302023,3室2厅|整租|精装修|高层(共12层),已爬取
3100,鑫盛家园,677204,https://liny.zu.anjuke.com/fangyuan/4598117461289989,3室2厅|整租|简单装修|高层(共6层),已爬取
3101,鑫盛家园,677204,https://liny.zu.anjuke.com/fangyuan/4573909949342730,3室2厅|整租|简单装修|中层(共6层),已爬取
3102,鑫盛家园,677204,https://liny.zu.anjuke.com/fangyuan/4632249388557314,3室2厅|整租|简单装修|中层(共6层),已爬取
3103,鑫盛家园,677204,https://liny.zu.anjuke.com/fangyuan/4573921513593865,3室2厅|整租|精装修|中层(共6层),已爬取
3104,鑫盛家园,677204,https://liny.zu.anjuke.com/fangyuan/4614923355286538,3室2厅|整租|精装修|中层(共6层),已爬取
3105,鑫盛家园,677204,https://liny.zu.anjuke.com/fangyuan/4593762612112394,3室2厅|整租|简单装修|中层(共6层),已爬取
3106,鑫盛家园,677204,https://liny.zu.anjuke.com/fangyuan/4625289322687497,3室2厅|整租|简单装修|共5层,已爬取
3107,鑫盛家园,677204,https://liny.zu.anjuke.com/fangyuan/4526445868882949,3室2厅|整租|简单装修|低层(共7层),已爬取
3108,鑫盛家园,677204,https://liny.zu.anjuke.com/fangyuan/4491051320779776,3室2厅|整租|简单装修|高层(共6层),已爬取
3109,鑫盛家园,677204,https://liny.zu.anjuke.com/fangyuan/4633291280655367,3室2厅|整租|简单装修|中层(共6层),已爬取
3110,宝丽盛世嘉园(西区),677694,https://liny.zu.anjuke.com/fangyuan/4556950631410701,2室2厅|整租|简单装修|中层(共6层),已爬取
3111,宝丽盛世嘉园(西区),677694,https://liny.zu.anjuke.com/fangyuan/4619414324309003,3室2厅|整租|精装修|低层(共6层),已爬取
3112,宝丽盛世嘉园(西区),677694,https://liny.zu.anjuke.com/fangyuan/4463458393039879,3室2厅|整租|简单装修|中层(共6层),已爬取
3113,百联华府,713732,https://liny.zu.anjuke.com/fangyuan/4612437521423362,3室2厅|整租|精装修|高层(共30层),已爬取
3114,百联华府,713732,https://liny.zu.anjuke.com/fangyuan/4562395338988551,2室2厅|整租|精装修|高层(共30层),已爬取
3115,百联华府,713732,https://liny.zu.anjuke.com/fangyuan/4509153267098626,1室1厅|整租|精装修|中层(共6层),已爬取
3116,百联华府,713732,https://liny.zu.anjuke.com/fangyuan/4606751680341007,3室2厅|整租|精装修|高层(共33层),已爬取
3117,百联华府,713732,https://liny.zu.anjuke.com/fangyuan/4552650609454095,3室2厅|整租|精装修|低层(共31层),已爬取
3118,百联华府,713732,https://liny.zu.anjuke.com/fangyuan/4629579105233923,3室2厅|整租|精装修|中层(共30层),已爬取
3119,百联华府,713732,https://liny.zu.anjuke.com/fangyuan/4621171219098625,1室0厅|合租|精装修|高层(共35层),已爬取
3120,百联华府,713732,https://liny.zu.anjuke.com/fangyuan/4568506801972232,2室2厅|整租|精装修|高层(共33层),已爬取
3121,百联华府,713732,https://liny.zu.anjuke.com/fangyuan/4629532556057609,4室2厅|整租|精装修|高层(共31层),已爬取
3122,百联华府,713732,https://liny.zu.anjuke.com/fangyuan/4630734486006784,3室2厅|整租|精装修|中层(共33层),已爬取
3123,天元锦都上府,1854246,https://liny.zu.anjuke.com/fangyuan/4622047494956043,3室2厅|整租|精装修|高层(共17层),已爬取
3124,天元锦都上府,1854246,https://liny.zu.anjuke.com/fangyuan/4592435027356672,3室2厅|整租|精装修|高层(共16层),已爬取
3125,天元锦都上府,1854246,https://liny.zu.anjuke.com/fangyuan/4506220564259846,3室2厅|整租|精装修|中层(共16层),已爬取
3126,天元锦都上府,1854246,https://liny.zu.anjuke.com/fangyuan/4525765219527693,3室2厅|整租|精装修|中层(共9层),已爬取
3127,天元锦都上府,1854246,https://liny.zu.anjuke.com/fangyuan/4604084255910914,2室2厅|整租|简单装修|低层(共16层),已爬取
3128,天元锦都上府,1854246,https://liny.zu.anjuke.com/fangyuan/4600027982126088,4室2厅|整租|精装修|低层(共17层),已爬取
3129,创远金樾府,1473465,https://liny.zu.anjuke.com/fangyuan/4626933279548423,3室2厅|整租|精装修|高层(共19层),已爬取
3130,创远金樾府,1473465,https://liny.zu.anjuke.com/fangyuan/4624951131218951,3室2厅|整租|精装修|低层(共26层),已爬取
3131,创远金樾府,1473465,https://liny.zu.anjuke.com/fangyuan/4528963596803077,3室2厅|整租|精装修|中层(共24层),已爬取
3132,创远金樾府,1473465,https://liny.zu.anjuke.com/fangyuan/4631028036463618,3室2厅|整租|精装修|高层(共20层),已爬取
3133,创远金樾府,1473465,https://liny.zu.anjuke.com/fangyuan/4394794879998976,3室2厅|整租|精装修|高层(共20层),已爬取
3134,创远金樾府,1473465,https://liny.zu.anjuke.com/fangyuan/4612287706962950,3室1厅|整租|豪华装修|中层(共32层),已爬取
3135,创远金樾府,1473465,https://liny.zu.anjuke.com/fangyuan/4528966245379076,3室2厅|整租|精装修|中层(共25层),已爬取
3136,创远金樾府,1473465,https://liny.zu.anjuke.com/fangyuan/4173219181812740,3室2厅|整租|精装修|中层(共15层),已爬取
3137,创远金樾府,1473465,https://liny.zu.anjuke.com/fangyuan/4602823092937736,3室2厅|整租|豪华装修|中层(共24层),已爬取
3138,创远金樾府,1473465,https://liny.zu.anjuke.com/fangyuan/4633858238782464,3室1厅|整租|豪华装修|中层(共32层),已爬取
3139,华都海天花园,677370,https://liny.zu.anjuke.com/fangyuan/4580238780148747,3室2厅|整租|精装修|高层(共6层),已爬取
3140,华都海天花园,677370,https://liny.zu.anjuke.com/fangyuan/4603547122117638,3室2厅|整租|精装修|低层(共6层),已爬取
3141,华都海天花园,677370,https://liny.zu.anjuke.com/fangyuan/4558643976086540,2室2厅|整租|精装修|低层(共6层),已爬取
3142,华都海天花园,677370,https://liny.zu.anjuke.com/fangyuan/4623871666924558,3室1厅|整租|豪华装修|中层(共6层),已爬取
3143,华都海天花园,677370,https://liny.zu.anjuke.com/fangyuan/4590835593501699,3室2厅|整租|精装修|中层(共6层),已爬取
3144,华都海天花园,677370,https://liny.zu.anjuke.com/fangyuan/4596784066210825,3室2厅|整租|精装修|高层(共6层),已爬取
3145,华都海天花园,677370,https://liny.zu.anjuke.com/fangyuan/4623877829188613,3室2厅|整租|豪华装修|中层(共8层),已爬取
3146,金鹰花园,676630,https://liny.zu.anjuke.com/fangyuan/4585482544768012,3室2厅|合租|精装修|低层(共30层),已爬取
3147,金鹰花园,676630,https://liny.zu.anjuke.com/fangyuan/3818043083303950,3室1厅|合租|精装修|高层(共32层),已爬取
3148,金鹰花园,676630,https://liny.zu.anjuke.com/fangyuan/4630501954642945,3室2厅|合租|精装修|中层(共30层),已爬取
3149,金鹰花园,676630,https://liny.zu.anjuke.com/fangyuan/4616529124846601,3室2厅|合租|精装修|中层(共30层),已爬取
3150,金鹰花园,676630,https://liny.zu.anjuke.com/fangyuan/4518719739042831,3室1厅|合租|精装修|中层(共22层),已爬取
3151,金鹰花园,676630,https://liny.zu.anjuke.com/fangyuan/4625241399176201,3室1厅|合租|精装修|低层(共16层),已爬取
3152,金鹰花园,676630,https://liny.zu.anjuke.com/fangyuan/4596606084291599,3室2厅|合租|精装修|中层(共30层),已爬取
3153,金鹰花园,676630,https://liny.zu.anjuke.com/fangyuan/4631325681822725,3室1厅|合租|精装修|高层(共10层),已爬取
3154,金鹰花园,676630,https://liny.zu.anjuke.com/fangyuan/3430597073542158,3室2厅|合租|豪华装修|低层(共32层),已爬取
3155,金鹰花园,676630,https://liny.zu.anjuke.com/fangyuan/4583035189894146,3室1厅|合租|精装修|中层(共30层),已爬取
3156,祥和家园(兰山),677072,https://liny.zu.anjuke.com/fangyuan/4522235623136261,3室0厅|合租|精装修|低层(共17层),已爬取
3157,祥和家园(兰山),677072,https://liny.zu.anjuke.com/fangyuan/4630700308798470,3室1厅|合租|精装修|高层(共10层),已爬取
3158,祥和家园(兰山),677072,https://liny.zu.anjuke.com/fangyuan/4626345961528333,3室1厅|合租|精装修|低层(共30层),已爬取
3159,祥和家园(兰山),677072,https://liny.zu.anjuke.com/fangyuan/4623565578214415,4室2厅|合租|精装修|低层(共26层),已爬取
3160,祥和家园(兰山),677072,https://liny.zu.anjuke.com/fangyuan/4623708060474373,3室2厅|合租|精装修|低层(共6层),已爬取
3161,祥和家园(兰山),677072,https://liny.zu.anjuke.com/fangyuan/4624824331541505,4室1厅|合租|精装修|中层(共20层),已爬取
3162,祥和家园(兰山),677072,https://liny.zu.anjuke.com/fangyuan/4623459367906308,3室2厅|合租|精装修|中层(共22层),已爬取
3163,祥和家园(兰山),677072,https://liny.zu.anjuke.com/fangyuan/4596508225563648,3室2厅|合租|精装修|中层(共12层),已爬取
3164,祥和家园(兰山),677072,https://liny.zu.anjuke.com/fangyuan/4496651410596872,3室2厅|合租|精装修|低层(共20层),已爬取
3165,祥和家园(兰山),677072,https://liny.zu.anjuke.com/fangyuan/4486131197045762,3室2厅|合租|精装修|高层(共8层),已爬取
3166,荣盛沂河馨苑(A区),943321,https://liny.zu.anjuke.com/fangyuan/4609575218977794,3室2厅|整租|精装修|高层(共16层),已爬取
3167,荣盛沂河馨苑(A区),943321,https://liny.zu.anjuke.com/fangyuan/4624903313955850,3室2厅|整租|精装修|低层(共16层),已爬取
3168,荣盛沂河馨苑(A区),943321,https://liny.zu.anjuke.com/fangyuan/4593995510701060,3室1厅|整租|精装修|高层(共15层),已爬取
3169,荣盛沂河馨苑(A区),943321,https://liny.zu.anjuke.com/fangyuan/4597960223400967,3室2厅|整租|简单装修|高层(共11层),已爬取
3170,荣盛沂河馨苑(A区),943321,https://liny.zu.anjuke.com/fangyuan/4619779102516224,3室2厅|整租|精装修|低层(共16层),已爬取
3171,荣盛沂河馨苑(A区),943321,https://liny.zu.anjuke.com/fangyuan/4576822179294209,3室1厅|整租|精装修|中层(共16层),已爬取
3172,荣盛沂河馨苑(A区),943321,https://liny.zu.anjuke.com/fangyuan/4500271808814089,2室2厅|整租|精装修|高层(共16层),已爬取
3173,荣盛沂河馨苑(A区),943321,https://liny.zu.anjuke.com/fangyuan/4606400494021646,3室2厅|整租|精装修|中层(共16层),已爬取
3174,荣盛沂河馨苑(A区),943321,https://liny.zu.anjuke.com/fangyuan/4494679342050305,3室1厅|整租|精装修|中层(共15层),已爬取
3175,荣盛沂河馨苑(A区),943321,https://liny.zu.anjuke.com/fangyuan/4619209717425153,3室2厅|整租|精装修|高层(共16层),已爬取
3176,颐兴园,945146,https://liny.zu.anjuke.com/fangyuan/4572515968396301,3室2厅|整租|精装修|中层(共6层),已爬取
3177,颐兴园,945146,https://liny.zu.anjuke.com/fangyuan/4559938560041999,2室2厅|整租|精装修|高层(共6层),已爬取
3178,颐兴园,945146,https://liny.zu.anjuke.com/fangyuan/4567097478818831,3室2厅|整租|简单装修|中层(共17层),已爬取
3179,颐兴园,945146,https://liny.zu.anjuke.com/fangyuan/4487735843204102,3室2厅|整租|精装修|高层(共6层),已爬取
3180,颐兴园,945146,https://liny.zu.anjuke.com/fangyuan/4041057229561857,3室2厅|整租|精装修|中层(共6层),已爬取
3181,颐兴园,945146,https://liny.zu.anjuke.com/fangyuan/4530254448569351,3室2厅|整租|简单装修|高层(共6层),已爬取
3182,颐兴园,945146,https://liny.zu.anjuke.com/fangyuan/3785650299232271,3室2厅|整租|精装修|低层(共17层),已爬取
3183,颐兴园,945146,https://liny.zu.anjuke.com/fangyuan/4387318416006150,3室2厅|整租|精装修|高层(共17层),已爬取
3184,名仕佳苑,1008632,https://liny.zu.anjuke.com/fangyuan/4515781046397952,2室2厅|整租|简单装修|中层(共17层),已爬取
3185,名仕佳苑,1008632,https://liny.zu.anjuke.com/fangyuan/4577004017544196,3室2厅|整租|精装修|高层(共11层),已爬取
3186,名仕佳苑,1008632,https://liny.zu.anjuke.com/fangyuan/4603639678020608,2室2厅|整租|精装修|高层(共17层),已爬取
3187,名仕佳苑,1008632,https://liny.zu.anjuke.com/fangyuan/4562986351553538,3室2厅|整租|简单装修|中层(共21层),已爬取
3188,名仕佳苑,1008632,https://liny.zu.anjuke.com/fangyuan/4528939905477647,2室2厅|整租|精装修|中层(共17层),已爬取
3189,名仕佳苑,1008632,https://liny.zu.anjuke.com/fangyuan/4394110296105984,3室2厅|整租|简单装修|高层(共21层),已爬取
3190,名仕佳苑,1008632,https://liny.zu.anjuke.com/fangyuan/4586624136899592,3室2厅|整租|精装修|低层(共17层),已爬取
3191,名仕佳苑,1008632,https://liny.zu.anjuke.com/fangyuan/4617693046643727,3室2厅|整租|精装修|低层(共17层),已爬取
3192,名仕佳苑,1008632,https://liny.zu.anjuke.com/fangyuan/4631948039988238,3室2厅|整租|简单装修|低层(共17层),已爬取
3193,名仕佳苑,1008632,https://liny.zu.anjuke.com/fangyuan/4218489733688327,3室2厅|整租|精装修|中层(共11层),已爬取
3194,金达华府,678272,https://liny.zu.anjuke.com/fangyuan/4482179083131906,3室2厅|整租|精装修|中层(共6层),已爬取
3195,金达华府,678272,https://liny.zu.anjuke.com/fangyuan/4473859358170122,3室2厅|整租|精装修|中层(共6层),已爬取
3196,福泰御河湾,972901,https://liny.zu.anjuke.com/fangyuan/4620550836427789,2室2厅|整租|简单装修|低层(共15层),已爬取
3197,福泰御河湾,972901,https://liny.zu.anjuke.com/fangyuan/4632081412021252,2室2厅|整租|精装修|中层(共6层),已爬取
3198,福泰御河湾,972901,https://liny.zu.anjuke.com/fangyuan/4633694345899011,3室2厅|整租|精装修|中层(共6层),已爬取
3199,福泰御河湾,972901,https://liny.zu.anjuke.com/fangyuan/4562822216162310,2室2厅|整租|精装修|低层(共11层),已爬取
3200,福泰御河湾,972901,https://liny.zu.anjuke.com/fangyuan/4598249341821957,3室2厅|整租|简单装修|高层(共6层),已爬取
3201,福泰御河湾,972901,https://liny.zu.anjuke.com/fangyuan/4579783443424265,3室2厅|整租|精装修|高层(共11层),已爬取
3202,福泰御河湾,972901,https://liny.zu.anjuke.com/fangyuan/4520201908612110,3室2厅|整租|精装修|低层(共11层),已爬取
3203,福泰御河湾,972901,https://liny.zu.anjuke.com/fangyuan/4633668350960642,3室2厅|整租|简单装修|高层(共11层),已爬取
3204,奥德滨江湾,1665253,https://liny.zu.anjuke.com/fangyuan/4520202657803272,3室2厅|整租|简单装修|低层(共30层),已爬取
3205,奥德滨江湾,1665253,https://liny.zu.anjuke.com/fangyuan/4612455559750658,3室2厅|整租|精装修|低层(共27层),已爬取
3206,奥德滨江湾,1665253,https://liny.zu.anjuke.com/fangyuan/4615088381385733,3室2厅|整租|精装修|中层(共29层),已爬取
3207,奥德滨江湾,1665253,https://liny.zu.anjuke.com/fangyuan/4601273891515403,1室1厅|合租|精装修|低层(共16层),已爬取
3208,奥德滨江湾,1665253,https://liny.zu.anjuke.com/fangyuan/4558459425840141,3室2厅|整租|精装修|高层(共29层),已爬取
3209,奥德滨江湾,1665253,https://liny.zu.anjuke.com/fangyuan/4554173208042509,3室2厅|整租|精装修|低层(共30层),已爬取
3210,奥德滨江湾,1665253,https://liny.zu.anjuke.com/fangyuan/4613560968211456,3室2厅|整租|精装修|低层(共28层),已爬取
3211,沂州阳光花园,677604,https://liny.zu.anjuke.com/fangyuan/4586699562853391,3室2厅|整租|精装修|中层(共6层),已爬取
3212,沂州阳光花园,677604,https://liny.zu.anjuke.com/fangyuan/4624937554242563,3室2厅|整租|简单装修|中层(共6层),已爬取
3213,沂州阳光花园,677604,https://liny.zu.anjuke.com/fangyuan/4614057076972554,3室2厅|整租|精装修|共5层,已爬取
3214,沂州阳光花园,677604,https://liny.zu.anjuke.com/fangyuan/4623453911311373,3室2厅|整租|精装修|中层(共6层),已爬取
3215,沂州阳光花园,677604,https://liny.zu.anjuke.com/fangyuan/4619247011191817,3室1厅|整租|精装修|低层(共6层),已爬取
3216,沂州阳光花园,677604,https://liny.zu.anjuke.com/fangyuan/4619196160875531,3室2厅|整租|精装修|低层(共6层),已爬取
3217,沂州阳光花园,677604,https://liny.zu.anjuke.com/fangyuan/4622415122555918,3室2厅|整租|简单装修|中层(共6层),已爬取
3218,沂州阳光花园,677604,https://liny.zu.anjuke.com/fangyuan/4616473294136335,3室2厅|整租|精装修|高层(共6层),已爬取
3219,沂州阳光花园,677604,https://liny.zu.anjuke.com/fangyuan/4633761499783177,2室2厅|整租|简单装修|低层(共6层),已爬取
3220,沂州阳光花园,677604,https://liny.zu.anjuke.com/fangyuan/4602255264654338,3室2厅|整租|精装修|中层(共6层),已爬取
3221,大南泉社区,993478,https://liny.zu.anjuke.com/fangyuan/4586560358296581,3室2厅|整租|精装修|共5层,已爬取
3222,大南泉社区,993478,https://liny.zu.anjuke.com/fangyuan/4613922810387469,3室2厅|整租|简单装修|共1层,已爬取
3223,大南泉社区,993478,https://liny.zu.anjuke.com/fangyuan/4613473818700807,2室2厅|整租|精装修|共5层,已爬取
3224,大南泉社区,993478,https://liny.zu.anjuke.com/fangyuan/4606455192445964,3室2厅|整租|简单装修|共5层,已爬取
3225,大南泉社区,993478,https://liny.zu.anjuke.com/fangyuan/4597197453253638,3室2厅|整租|简单装修|共5层,已爬取
3226,大南泉社区,993478,https://liny.zu.anjuke.com/fangyuan/4585359731893256,3室2厅|整租|简单装修|共5层,已爬取
3227,中德华尔兹,676994,https://liny.zu.anjuke.com/fangyuan/4630616014644239,2室2厅|整租|精装修|中层(共20层),已爬取
3228,中德华尔兹,676994,https://liny.zu.anjuke.com/fangyuan/4506065341850638,2室1厅|整租|精装修|中层(共31层),已爬取
3229,中德华尔兹,676994,https://liny.zu.anjuke.com/fangyuan/4573850953688068,2室1厅|整租|精装修|中层(共32层),已爬取
3230,中德华尔兹,676994,https://liny.zu.anjuke.com/fangyuan/4510467461063686,2室2厅|整租|精装修|高层(共32层),已爬取
3231,中德华尔兹,676994,https://liny.zu.anjuke.com/fangyuan/4620670894054410,2室2厅|整租|精装修|低层(共24层),已爬取
3232,中德华尔兹,676994,https://liny.zu.anjuke.com/fangyuan/4617868677487628,2室1厅|整租|简单装修|中层(共32层),已爬取
3233,中德华尔兹,676994,https://liny.zu.anjuke.com/fangyuan/4067466566474766,2室2厅|整租|精装修|高层(共32层),已爬取
3234,中德华尔兹,676994,https://liny.zu.anjuke.com/fangyuan/4563028039361548,2室1厅|整租|精装修|高层(共30层),已爬取
3235,中德华尔兹,676994,https://liny.zu.anjuke.com/fangyuan/4568775799532551,2室1厅|整租|精装修|中层(共31层),已爬取
3236,中德华尔兹,676994,https://liny.zu.anjuke.com/fangyuan/4616706842991630,2室2厅|整租|精装修|中层(共32层),已爬取
3237,海博长安府(公寓住宅),945875,https://liny.zu.anjuke.com/fangyuan/4629205311101966,2室2厅|整租|精装修|中层(共6层),已爬取
3238,海博长安府(公寓住宅),945875,https://liny.zu.anjuke.com/fangyuan/4616664431012868,3室2厅|整租|精装修|中层(共7层),已爬取
3239,银盛泰博观新城(二期),1566293,https://liny.zu.anjuke.com/fangyuan/4603911996009483,4室2厅|整租|精装修|中层(共18层),已爬取
3240,银盛泰博观新城(二期),1566293,https://liny.zu.anjuke.com/fangyuan/4606492939496461,3室2厅|整租|精装修|高层(共34层),已爬取
3241,银盛泰博观新城(二期),1566293,https://liny.zu.anjuke.com/fangyuan/4517242094214156,4室2厅|整租|精装修|高层(共33层),已爬取
3242,银盛泰博观新城(二期),1566293,https://liny.zu.anjuke.com/fangyuan/4621226812402701,3室2厅|整租|精装修|高层(共25层),已爬取
3243,银盛泰博观新城(二期),1566293,https://liny.zu.anjuke.com/fangyuan/4603596921134089,3室2厅|整租|精装修|高层(共34层),已爬取
3244,银盛泰博观新城(二期),1566293,https://liny.zu.anjuke.com/fangyuan/4622118001484809,3室2厅|整租|精装修|低层(共29层),已爬取
3245,银盛泰博观新城(二期),1566293,https://liny.zu.anjuke.com/fangyuan/4598032488195085,3室2厅|整租|精装修|低层(共34层),已爬取
3246,银盛泰博观新城(二期),1566293,https://liny.zu.anjuke.com/fangyuan/4622118588013569,3室2厅|整租|精装修|共1层,已爬取
3247,银盛泰博观新城(二期),1566293,https://liny.zu.anjuke.com/fangyuan/4606485771181070,3室2厅|整租|精装修|低层(共29层),已爬取
3248,银盛泰博观新城(二期),1566293,https://liny.zu.anjuke.com/fangyuan/4567054954191887,3室2厅|整租|精装修|中层(共32层),已爬取
3249,儒辰观澜府,1259484,https://liny.zu.anjuke.com/fangyuan/4589999156685835,3室2厅|整租|精装修|高层(共17层),已爬取
3250,儒辰观澜府,1259484,https://liny.zu.anjuke.com/fangyuan/4633800149212174,3室2厅|整租|简单装修|高层(共30层),已爬取
3251,儒辰观澜府,1259484,https://liny.zu.anjuke.com/fangyuan/4629298155185159,3室2厅|整租|简单装修|高层(共30层),已爬取
3252,儒辰观澜府,1259484,https://liny.zu.anjuke.com/fangyuan/4608327822875648,3室2厅|整租|简单装修|高层(共9层),已爬取
3253,儒辰观澜府,1259484,https://liny.zu.anjuke.com/fangyuan/4492561184320513,4室2厅|整租|简单装修|低层(共8层),已爬取
3254,儒辰观澜府,1259484,https://liny.zu.anjuke.com/fangyuan/4527041540023309,3室2厅|整租|简单装修|低层(共17层),已爬取
3255,儒辰观澜府,1259484,https://liny.zu.anjuke.com/fangyuan/4624857396993032,3室2厅|整租|精装修|中层(共17层),已爬取
3256,儒辰观澜府,1259484,https://liny.zu.anjuke.com/fangyuan/4615293415400463,3室2厅|整租|精装修|高层(共32层),已爬取
3257,儒辰观澜府,1259484,https://liny.zu.anjuke.com/fangyuan/4581243230149638,3室2厅|整租|精装修|中层(共11层),已爬取
3258,儒辰观澜府,1259484,https://liny.zu.anjuke.com/fangyuan/4608205153184778,3室2厅|整租|精装修|低层(共27层),已爬取
3259,儒辰璟宸御园,1501445,https://liny.zu.anjuke.com/fangyuan/4508942958025739,3室2厅|整租|精装修|中层(共25层),已爬取
3260,开元瑞都(西区),678193,https://liny.zu.anjuke.com/fangyuan/4579822861722634,3室2厅|整租|精装修|低层(共27层),已爬取
3261,开元瑞都(西区),678193,https://liny.zu.anjuke.com/fangyuan/4616655393481729,2室2厅|整租|简单装修|高层(共27层),已爬取
3262,开元瑞都(西区),678193,https://liny.zu.anjuke.com/fangyuan/4594098511555584,2室2厅|整租|精装修|高层(共27层),已爬取
3263,开元瑞都(西区),678193,https://liny.zu.anjuke.com/fangyuan/4625276776164354,2室1厅|整租|精装修|高层(共27层),已爬取
3264,开元瑞都(西区),678193,https://liny.zu.anjuke.com/fangyuan/4605504992470030,2室2厅|整租|精装修|高层(共27层),已爬取
3265,开元瑞都(西区),678193,https://liny.zu.anjuke.com/fangyuan/4558636788214784,3室2厅|整租|精装修|高层(共18层),已爬取
3266,开元瑞都(西区),678193,https://liny.zu.anjuke.com/fangyuan/4622481491059714,3室2厅|整租|精装修|高层(共27层),已爬取
3267,开元瑞都(西区),678193,https://liny.zu.anjuke.com/fangyuan/4627654920842243,3室2厅|整租|精装修|低层(共32层),已爬取
3268,开元瑞都(西区),678193,https://liny.zu.anjuke.com/fangyuan/4627652590623751,3室2厅|整租|精装修|低层(共32层),已爬取
3269,开元瑞都(西区),678193,https://liny.zu.anjuke.com/fangyuan/4393078107055110,2室2厅|整租|精装修|低层(共31层),已爬取
3270,家天下(兰陵),678161,https://liny.zu.anjuke.com/fangyuan/4629097163074569,2室1厅|整租|简单装修|中层(共18层),已爬取
3271,家天下(兰陵),678161,https://liny.zu.anjuke.com/fangyuan/4511597355904015,2室1厅|整租|简单装修|高层(共12层),已爬取
3272,家天下(兰陵),678161,https://liny.zu.anjuke.com/fangyuan/4619408597081088,2室2厅|整租|简单装修|中层(共17层),已爬取
3273,家天下(兰陵),678161,https://liny.zu.anjuke.com/fangyuan/4470806788578305,3室2厅|整租|简单装修|低层(共18层),已爬取
3274,家天下(兰陵),678161,https://liny.zu.anjuke.com/fangyuan/4613295382520839,2室1厅|整租|简单装修|高层(共18层),已爬取
3275,家天下(兰陵),678161,https://liny.zu.anjuke.com/fangyuan/4612103003941903,3室2厅|整租|简单装修|中层(共18层),已爬取
3276,家天下(兰陵),678161,https://liny.zu.anjuke.com/fangyuan/4629089773018122,3室2厅|整租|简单装修|中层(共18层),已爬取
3277,家天下(兰陵),678161,https://liny.zu.anjuke.com/fangyuan/4572805606712320,3室2厅|整租|精装修|中层(共24层),已爬取
3278,家天下(兰陵),678161,https://liny.zu.anjuke.com/fangyuan/4619403374681101,3室2厅|整租|简单装修|低层(共12层),已爬取
3279,家天下(兰陵),678161,https://liny.zu.anjuke.com/fangyuan/4631883696778252,3室2厅|整租|豪华装修|中层(共28层),已爬取
3280,北城花园,677986,https://liny.zu.anjuke.com/fangyuan/4492174373968907,3室2厅|整租|精装修|低层(共17层),已爬取
3281,罗兰花园,677672,https://liny.zu.anjuke.com/fangyuan/4466482210137091,3室2厅|整租|精装修|低层(共6层),已爬取
3282,罗兰花园,677672,https://liny.zu.anjuke.com/fangyuan/4610035013000206,3室2厅|整租|简单装修|低层(共6层),已爬取
3283,罗兰花园,677672,https://liny.zu.anjuke.com/fangyuan/4626110907116553,3室2厅|整租|简单装修|低层(共6层),已爬取
3284,罗兰花园,677672,https://liny.zu.anjuke.com/fangyuan/4488714274712578,3室2厅|整租|简单装修|高层(共6层),已爬取
3285,罗兰花园,677672,https://liny.zu.anjuke.com/fangyuan/4439510283480064,2室2厅|整租|简单装修|高层(共6层),已爬取
3286,罗兰花园,677672,https://liny.zu.anjuke.com/fangyuan/4629064742644750,3室2厅|整租|简单装修|低层(共6层),已爬取
3287,罗兰花园,677672,https://liny.zu.anjuke.com/fangyuan/4571555619073038,3室2厅|整租|简单装修|中层(共6层),已爬取
3288,罗兰花园,677672,https://liny.zu.anjuke.com/fangyuan/4432510743665675,3室2厅|整租|精装修|高层(共6层),已爬取
3289,罗兰花园,677672,https://liny.zu.anjuke.com/fangyuan/4583914347568143,3室2厅|整租|简单装修|高层(共6层),已爬取
3290,罗兰花园,677672,https://liny.zu.anjuke.com/fangyuan/4468982118870022,3室2厅|整租|简单装修|中层(共6层),已爬取
3291,后园馨园D区,713679,https://liny.zu.anjuke.com/fangyuan/4622189786309644,3室1厅|合租|精装修|低层(共30层),已爬取
3292,后园馨园D区,713679,https://liny.zu.anjuke.com/fangyuan/4332227401133064,3室2厅|整租|精装修|高层(共18层),已爬取
3293,后园馨园D区,713679,https://liny.zu.anjuke.com/fangyuan/4538620997952526,3室2厅|整租|精装修|高层(共6层),已爬取
3294,后园馨园D区,713679,https://liny.zu.anjuke.com/fangyuan/4494579605560322,2室2厅|整租|精装修|高层(共18层),已爬取
3295,后园馨园D区,713679,https://liny.zu.anjuke.com/fangyuan/4507356164578309,2室2厅|整租|精装修|高层(共18层),已爬取
3296,后园馨园D区,713679,https://liny.zu.anjuke.com/fangyuan/4541575394126850,3室1厅|整租|豪华装修|高层(共6层),已爬取
3297,后园馨园D区,713679,https://liny.zu.anjuke.com/fangyuan/2996961461986318,3室2厅|整租|精装修|中层(共6层),已爬取
3298,后园馨园D区,713679,https://liny.zu.anjuke.com/fangyuan/4537215845948431,2室2厅|整租|精装修|高层(共6层),已爬取
3299,后园馨园D区,713679,https://liny.zu.anjuke.com/fangyuan/3455555934854151,1室1厅|整租|精装修|低层(共18层),已爬取
3300,后园馨园D区,713679,https://liny.zu.anjuke.com/fangyuan/4492259114542084,1室1厅|整租|精装修|中层(共30层),已爬取
3301,宝丽盛世阳光,924678,https://liny.zu.anjuke.com/fangyuan/4595116293448717,3室2厅|整租|简单装修|低层(共6层),已爬取
3302,史丹利皇山景城花园(公寓住宅),1087441,https://liny.zu.anjuke.com/fangyuan/4599432269456392,4室2厅|整租|精装修|中层(共8层),已爬取
3303,史丹利皇山景城花园(公寓住宅),1087441,https://liny.zu.anjuke.com/fangyuan/4603763094823944,4室2厅|整租|精装修|高层(共17层),已爬取
3304,史丹利皇山景城花园(公寓住宅),1087441,https://liny.zu.anjuke.com/fangyuan/4604353251322889,4室2厅|整租|豪华装修|中层(共7层),已爬取
3305,史丹利皇山景城花园(公寓住宅),1087441,https://liny.zu.anjuke.com/fangyuan/4553239619087372,4室2厅|整租|精装修|中层(共8层),已爬取
3306,史丹利皇山景城花园(公寓住宅),1087441,https://liny.zu.anjuke.com/fangyuan/4591214347426820,4室2厅|整租|精装修|中层(共8层),已爬取
3307,史丹利皇山景城花园(公寓住宅),1087441,https://liny.zu.anjuke.com/fangyuan/4571098348428289,4室2厅|整租|豪华装修|中层(共8层),已爬取
3308,阜丰时代城曦园,972634,https://liny.zu.anjuke.com/fangyuan/4578423373900800,3室2厅|整租|简单装修|中层(共17层),已爬取
3309,阜丰时代城曦园,972634,https://liny.zu.anjuke.com/fangyuan/4580057942598668,3室2厅|整租|简单装修|高层(共11层),已爬取
3310,阜丰时代城曦园,972634,https://liny.zu.anjuke.com/fangyuan/4578425743105039,3室2厅|整租|精装修|中层(共17层),已爬取
3311,阜丰时代城曦园,972634,https://liny.zu.anjuke.com/fangyuan/4620493639146511,3室2厅|合租|精装修|低层(共10层),已爬取
3312,阜丰时代城曦园,972634,https://liny.zu.anjuke.com/fangyuan/4506002239302658,3室2厅|整租|精装修|高层(共17层),已爬取
3313,美华园,677597,https://liny.zu.anjuke.com/fangyuan/4629173497977856,3室2厅|整租|精装修|中层(共6层),已爬取
3314,美华园,677597,https://liny.zu.anjuke.com/fangyuan/4601189011893255,3室1厅|整租|简单装修|中层(共6层),已爬取
3315,美华园,677597,https://liny.zu.anjuke.com/fangyuan/4581297253409799,3室2厅|整租|精装修|中层(共6层),已爬取
3316,美华园,677597,https://liny.zu.anjuke.com/fangyuan/4399887693489162,3室2厅|整租|简单装修|高层(共6层),已爬取
3317,美华园,677597,https://liny.zu.anjuke.com/fangyuan/4479160444087310,3室2厅|整租|精装修|共5层,已爬取
3318,美华园,677597,https://liny.zu.anjuke.com/fangyuan/4514808046955525,3室2厅|整租|精装修|共5层,已爬取
3319,美华园,677597,https://liny.zu.anjuke.com/fangyuan/4616718639522821,3室2厅|整租|简单装修|低层(共6层),已爬取
3320,美华园,677597,https://liny.zu.anjuke.com/fangyuan/4502142555890702,3室2厅|整租|精装修|共5层,已爬取
3321,美华园,677597,https://liny.zu.anjuke.com/fangyuan/4586704422513679,3室2厅|整租|简单装修|高层(共6层),已爬取
3322,美华园,677597,https://liny.zu.anjuke.com/fangyuan/4547426898500615,3室2厅|整租|简单装修|高层(共6层),已爬取
3323,盛世嘉苑小区,972626,https://liny.zu.anjuke.com/fangyuan/4615014389754895,3室2厅|整租|精装修|低层(共6层),已爬取
3324,莒南阳光国际小区,1171691,https://liny.zu.anjuke.com/fangyuan/4633916444172295,3室2厅|整租|精装修|中层(共11层),已爬取
3325,莒南阳光国际小区,1171691,https://liny.zu.anjuke.com/fangyuan/4609394112539658,4室2厅|整租|精装修|共5层,已爬取
3326,莒南阳光国际小区,1171691,https://liny.zu.anjuke.com/fangyuan/4633997176971267,3室2厅|整租|简单装修|低层(共26层),已爬取
3327,莒南阳光国际小区,1171691,https://liny.zu.anjuke.com/fangyuan/4620528757169152,3室2厅|整租|简单装修|中层(共17层),已爬取
3328,莒南阳光国际小区,1171691,https://liny.zu.anjuke.com/fangyuan/4618444629355532,3室2厅|整租|简单装修|中层(共23层),已爬取
3329,莒南阳光国际小区,1171691,https://liny.zu.anjuke.com/fangyuan/4575365558494220,1室1厅|整租|简单装修|共1层,已爬取
3330,东兴花园(河东),972886,https://liny.zu.anjuke.com/fangyuan/4488215633734667,3室2厅|整租|精装修|共5层,已爬取
3331,东兴花园(河东),972886,https://liny.zu.anjuke.com/fangyuan/4476392938462212,3室2厅|整租|精装修|中层(共6层),已爬取
3332,东兴花园(河东),972886,https://liny.zu.anjuke.com/fangyuan/4405463188513807,4室2厅|整租|精装修|中层(共6层),已爬取
3333,东兴花园(河东),972886,https://liny.zu.anjuke.com/fangyuan/4473798804235274,4室2厅|整租|精装修|中层(共6层),已爬取
3334,锦城花园,972671,https://liny.zu.anjuke.com/fangyuan/4541727316042760,2室2厅|整租|简单装修|中层(共6层),已爬取
3335,锦城花园,972671,https://liny.zu.anjuke.com/fangyuan/4490626903155720,2室2厅|整租|精装修|低层(共6层),已爬取
3336,锦城花园,972671,https://liny.zu.anjuke.com/fangyuan/4551716957559822,2室2厅|整租|简单装修|中层(共6层),已爬取
3337,锦城花园,972671,https://liny.zu.anjuke.com/fangyuan/4613498709928964,3室2厅|整租|精装修|高层(共6层),已爬取
3338,锦城花园,972671,https://liny.zu.anjuke.com/fangyuan/4583668098343947,2室1厅|整租|简单装修|低层(共19层),已爬取
3339,锦城花园,972671,https://liny.zu.anjuke.com/fangyuan/4622087318791171,2室2厅|整租|简单装修|共5层,已爬取
3340,锦城花园,972671,https://liny.zu.anjuke.com/fangyuan/4610819476827137,2室1厅|整租|精装修|高层(共6层),已爬取
3341,锦城花园,972671,https://liny.zu.anjuke.com/fangyuan/4603763116155913,3室2厅|整租|精装修|高层(共6层),已爬取
3342,锦城花园,972671,https://liny.zu.anjuke.com/fangyuan/4616457359172617,3室2厅|整租|精装修|高层(共6层),已爬取
3343,锦城花园,972671,https://liny.zu.anjuke.com/fangyuan/4611134879931405,3室2厅|整租|精装修|高层(共6层),已爬取
3344,昌辰御园,972856,https://liny.zu.anjuke.com/fangyuan/4531797631001610,2室2厅|整租|精装修|低层(共18层),已爬取
3345,昌辰御园,972856,https://liny.zu.anjuke.com/fangyuan/4490833452489739,8室1厅|合租|精装修|低层(共17层),已爬取
3346,昌辰御园,972856,https://liny.zu.anjuke.com/fangyuan/4361524316232711,3室2厅|合租|简单装修|共5层,已爬取
3347,昌辰御园,972856,https://liny.zu.anjuke.com/fangyuan/4538849432247307,3室2厅|整租|精装修|低层(共18层),已爬取
3348,金湖新村,677641,https://liny.zu.anjuke.com/fangyuan/4586960791774213,3室2厅|整租|精装修|低层(共6层),已爬取
3349,金湖新村,677641,https://liny.zu.anjuke.com/fangyuan/4581426033337352,3室2厅|整租|精装修|低层(共6层),已爬取
3350,金湖新村,677641,https://liny.zu.anjuke.com/fangyuan/4626478915705863,3室2厅|整租|简单装修|中层(共6层),已爬取
3351,金湖新村,677641,https://liny.zu.anjuke.com/fangyuan/4542904437105679,3室2厅|整租|简单装修|低层(共6层),已爬取
3352,金湖新村,677641,https://liny.zu.anjuke.com/fangyuan/4544462577724421,3室2厅|整租|简单装修|低层(共6层),已爬取
3353,金湖新村,677641,https://liny.zu.anjuke.com/fangyuan/4632370335673351,3室2厅|整租|精装修|中层(共6层),已爬取
3354,金湖新村,677641,https://liny.zu.anjuke.com/fangyuan/4593713843938318,2室2厅|整租|简单装修|高层(共6层),已爬取
3355,书院小区(北区),1186419,https://liny.zu.anjuke.com/fangyuan/4626532771163143,2室2厅|整租|简单装修|中层(共6层),已爬取
3356,书院小区(北区),1186419,https://liny.zu.anjuke.com/fangyuan/4510366231274509,3室2厅|整租|精装修|中层(共6层),已爬取
3357,荣盛沂河馨苑(B区),973086,https://liny.zu.anjuke.com/fangyuan/4606768601310217,3室2厅|整租|精装修|高层(共16层),已爬取
3358,荣盛沂河馨苑(B区),973086,https://liny.zu.anjuke.com/fangyuan/4587063870465025,3室2厅|整租|精装修|中层(共16层),已爬取
3359,荣盛沂河馨苑(B区),973086,https://liny.zu.anjuke.com/fangyuan/4567488089218053,3室1厅|整租|精装修|中层(共15层),已爬取
3360,荣盛沂河馨苑(B区),973086,https://liny.zu.anjuke.com/fangyuan/4588471740406794,3室2厅|整租|精装修|中层(共16层),已爬取
3361,荣盛沂河馨苑(B区),973086,https://liny.zu.anjuke.com/fangyuan/4615003334992898,3室1厅|整租|精装修|高层(共16层),已爬取
3362,荣盛沂河馨苑(B区),973086,https://liny.zu.anjuke.com/fangyuan/4565421334258696,3室2厅|整租|精装修|高层(共16层),已爬取
3363,荣盛沂河馨苑(B区),973086,https://liny.zu.anjuke.com/fangyuan/4528970543881221,2室2厅|整租|精装修|高层(共16层),已爬取
3364,荣盛沂河馨苑(B区),973086,https://liny.zu.anjuke.com/fangyuan/4529959161338894,3室2厅|整租|精装修|中层(共16层),已爬取
3365,荣盛沂河馨苑(B区),973086,https://liny.zu.anjuke.com/fangyuan/4525954961138702,2室1厅|整租|精装修|高层(共16层),已爬取
3366,荣盛沂河馨苑(B区),973086,https://liny.zu.anjuke.com/fangyuan/4466310453371904,3室1厅|整租|精装修|高层(共16层),已爬取
3367,秀水湾,678209,https://liny.zu.anjuke.com/fangyuan/4591239476356108,3室2厅|整租|精装修|中层(共12层),已爬取
3368,秀水湾,678209,https://liny.zu.anjuke.com/fangyuan/4633221086604294,2室1厅|整租|精装修|中层(共12层),已爬取
3369,秀水湾,678209,https://liny.zu.anjuke.com/fangyuan/4591251435318273,2室2厅|整租|精装修|中层(共12层),已爬取
3370,秀水湾,678209,https://liny.zu.anjuke.com/fangyuan/4598534673554441,3室1厅|整租|精装修|中层(共12层),已爬取
3371,秀水湾,678209,https://liny.zu.anjuke.com/fangyuan/4537188359904264,2室2厅|整租|精装修|高层(共11层),已爬取
3372,秀水湾,678209,https://liny.zu.anjuke.com/fangyuan/4615029717490702,3室1厅|整租|精装修|中层(共12层),已爬取
3373,秀水湾,678209,https://liny.zu.anjuke.com/fangyuan/4569741022915586,3室2厅|整租|精装修|低层(共6层),已爬取
3374,秀水湾,678209,https://liny.zu.anjuke.com/fangyuan/4555561263918087,3室2厅|整租|简单装修|低层(共8层),已爬取
3375,三孔桥小区,1038557,https://liny.zu.anjuke.com/fangyuan/4305256620204032,1室1厅|整租|简单装修|高层(共7层),已爬取
3376,三孔桥小区,1038557,https://liny.zu.anjuke.com/fangyuan/4590742013451275,1室1厅|整租|简单装修|中层(共7层),已爬取
3377,三孔桥小区,1038557,https://liny.zu.anjuke.com/fangyuan/4597891001035779,3室2厅|整租|精装修|高层(共7层),已爬取
3378,三孔桥小区,1038557,https://liny.zu.anjuke.com/fangyuan/4558822432926734,3室2厅|整租|精装修|共5层,已爬取
3379,三孔桥小区,1038557,https://liny.zu.anjuke.com/fangyuan/4631955804498951,1室1厅|整租|简单装修|中层(共7层),已爬取
3380,冠蒙阳光新城,938439,https://liny.zu.anjuke.com/fangyuan/4613688505854978,3室2厅|整租|精装修|中层(共9层),已爬取
3381,冠蒙阳光新城,938439,https://liny.zu.anjuke.com/fangyuan/4141117685833743,3室2厅|整租|精装修|低层(共9层),已爬取
3382,冠蒙阳光新城,938439,https://liny.zu.anjuke.com/fangyuan/4615165352270850,4室2厅|整租|精装修|中层(共6层),已爬取
3383,城开景悦,1030235,https://liny.zu.anjuke.com/fangyuan/4631912983077898,3室2厅|合租|精装修|中层(共24层),已爬取
3384,城开景悦,1030235,https://liny.zu.anjuke.com/fangyuan/4632417410948109,1室1厅|合租|精装修|中层(共30层),已爬取
3385,城开景悦,1030235,https://liny.zu.anjuke.com/fangyuan/4630452986848266,3室2厅|整租|精装修|高层(共18层),已爬取
3386,城开景悦,1030235,https://liny.zu.anjuke.com/fangyuan/4588062906999810,3室2厅|整租|精装修|高层(共17层),已爬取
3387,城开景悦,1030235,https://liny.zu.anjuke.com/fangyuan/4596643152784386,3室2厅|整租|精装修|高层(共18层),已爬取
3388,城开景悦,1030235,https://liny.zu.anjuke.com/fangyuan/4588112305431557,3室2厅|整租|简单装修|高层(共18层),已爬取
3389,城开景悦,1030235,https://liny.zu.anjuke.com/fangyuan/4586980114310149,3室2厅|整租|简单装修|高层(共18层),已爬取
3390,城开景悦,1030235,https://liny.zu.anjuke.com/fangyuan/4601305523723266,1室1厅|合租|精装修|中层(共20层),已爬取
3391,城开景悦,1030235,https://liny.zu.anjuke.com/fangyuan/4634055283923973,1室1厅|合租|精装修|高层(共15层),已爬取
3392,城开景悦,1030235,https://liny.zu.anjuke.com/fangyuan/4631820139568131,1室1厅|合租|精装修|中层(共22层),已爬取
3393,史丹利文慧园(郯城),1382689,https://liny.zu.anjuke.com/fangyuan/4617864324656130,4室2厅|整租|精装修|高层(共18层),已爬取
3394,史丹利文慧园(郯城),1382689,https://liny.zu.anjuke.com/fangyuan/4605432040631302,4室2厅|整租|精装修|高层(共18层),已爬取
3395,史丹利文慧园(郯城),1382689,https://liny.zu.anjuke.com/fangyuan/4551706713039884,4室2厅|整租|精装修|高层(共18层),已爬取
3396,史丹利文慧园(郯城),1382689,https://liny.zu.anjuke.com/fangyuan/4629146245032971,4室2厅|整租|精装修|中层(共16层),已爬取
3397,天基云蒙庄园,915851,https://liny.zu.anjuke.com/fangyuan/4578108911393800,1室1厅|整租|简单装修|共4层,已爬取
3398,天基云蒙庄园,915851,https://liny.zu.anjuke.com/fangyuan/4577356839279626,1室1厅|整租|简单装修|共4层,已爬取
3399,天基云蒙庄园,915851,https://liny.zu.anjuke.com/fangyuan/4604267689501700,1室1厅|整租|精装修|共5层,已爬取
3400,天基云蒙庄园,915851,https://liny.zu.anjuke.com/fangyuan/4614839753466888,3室2厅|整租|简单装修|高层(共11层),已爬取
3401,天基云蒙庄园,915851,https://liny.zu.anjuke.com/fangyuan/4608512110816266,3室2厅|整租|精装修|低层(共28层),已爬取
3402,天基云蒙庄园,915851,https://liny.zu.anjuke.com/fangyuan/4618458020815884,3室2厅|整租|精装修|共5层,已爬取
3403,天基云蒙庄园,915851,https://liny.zu.anjuke.com/fangyuan/4633588898720773,2室2厅|整租|简单装修|高层(共29层),已爬取
3404,天基云蒙庄园,915851,https://liny.zu.anjuke.com/fangyuan/4607989304597511,3室2厅|整租|简单装修|中层(共17层),已爬取
3405,天基云蒙庄园,915851,https://liny.zu.anjuke.com/fangyuan/4632001062036480,1室1厅|整租|简单装修|共4层,已爬取
3406,天基云蒙庄园,915851,https://liny.zu.anjuke.com/fangyuan/4608048097174538,3室2厅|整租|简单装修|高层(共11层),已爬取
3407,银雀溪园,677535,https://liny.zu.anjuke.com/fangyuan/4534353977728014,1室1厅|整租|精装修|中层(共17层),已爬取
3408,银雀溪园,677535,https://liny.zu.anjuke.com/fangyuan/4614966825362437,2室2厅|整租|精装修|中层(共24层),已爬取
3409,银雀溪园,677535,https://liny.zu.anjuke.com/fangyuan/4616710389492736,3室2厅|整租|精装修|高层(共22层),已爬取
3410,银雀溪园,677535,https://liny.zu.anjuke.com/fangyuan/4623733399217158,1室1厅|整租|精装修|高层(共21层),已爬取
3411,银雀溪园,677535,https://liny.zu.anjuke.com/fangyuan/4628072665771008,2室2厅|整租|精装修|高层(共17层),已爬取
3412,银雀溪园,677535,https://liny.zu.anjuke.com/fangyuan/4612175834539023,1室1厅|整租|精装修|高层(共17层),已爬取
3413,银雀溪园,677535,https://liny.zu.anjuke.com/fangyuan/4616712968383502,3室2厅|整租|精装修|高层(共22层),已爬取
3414,银雀溪园,677535,https://liny.zu.anjuke.com/fangyuan/4626653735525378,2室2厅|整租|精装修|中层(共24层),已爬取
3415,银雀溪园,677535,https://liny.zu.anjuke.com/fangyuan/4614978081811463,1室1厅|整租|精装修|高层(共17层),已爬取
3416,银雀溪园,677535,https://liny.zu.anjuke.com/fangyuan/4628085260788747,1室1厅|整租|简单装修|高层(共17层),已爬取
3417,青年宜居,972720,https://liny.zu.anjuke.com/fangyuan/4616728162212864,3室2厅|整租|精装修|高层(共17层),已爬取
3418,青年宜居,972720,https://liny.zu.anjuke.com/fangyuan/4612100245300234,3室2厅|整租|精装修|高层(共17层),已爬取
3419,青年宜居,972720,https://liny.zu.anjuke.com/fangyuan/4634018214829066,2室2厅|整租|精装修|中层(共11层),已爬取
3420,青年宜居,972720,https://liny.zu.anjuke.com/fangyuan/4582771594075139,2室2厅|整租|精装修|高层(共16层),已爬取
3421,青年宜居,972720,https://liny.zu.anjuke.com/fangyuan/4623389291142146,2室2厅|整租|豪华装修|高层(共17层),已爬取
3422,青年宜居,972720,https://liny.zu.anjuke.com/fangyuan/4625268947641349,2室1厅|整租|简单装修|低层(共17层),已爬取
3423,青年宜居,972720,https://liny.zu.anjuke.com/fangyuan/4622141792627715,2室2厅|整租|精装修|低层(共17层),已爬取
3424,青年宜居,972720,https://liny.zu.anjuke.com/fangyuan/4617805557048325,3室1厅|整租|精装修|高层(共17层),已爬取
3425,青年宜居,972720,https://liny.zu.anjuke.com/fangyuan/4221637273017348,3室2厅|整租|精装修|低层(共17层),已爬取
3426,青年宜居,972720,https://liny.zu.anjuke.com/fangyuan/4610597203368971,2室1厅|整租|精装修|中层(共17层),已爬取
3427,阳光新苑,677609,https://liny.zu.anjuke.com/fangyuan/4632167811212296,2室2厅|整租|简单装修|共5层,已爬取
3428,阳光新苑,677609,https://liny.zu.anjuke.com/fangyuan/4629071115967491,3室2厅|整租|精装修|中层(共6层),已爬取
3429,阳光新苑,677609,https://liny.zu.anjuke.com/fangyuan/4575356595411968,3室2厅|整租|精装修|低层(共17层),已爬取
3430,阳光新苑,677609,https://liny.zu.anjuke.com/fangyuan/4621154276301833,2室1厅|整租|简单装修|共5层,已爬取
3431,阳光新苑,677609,https://liny.zu.anjuke.com/fangyuan/4565628134351874,3室2厅|整租|精装修|中层(共11层),已爬取
3432,阳光新苑,677609,https://liny.zu.anjuke.com/fangyuan/4630526504889356,2室2厅|整租|简单装修|高层(共6层),已爬取
3433,阳光新苑,677609,https://liny.zu.anjuke.com/fangyuan/4614895858361348,3室2厅|整租|精装修|中层(共11层),已爬取
3434,金联华府,972972,https://liny.zu.anjuke.com/fangyuan/4614925623241742,3室2厅|整租|精装修|高层(共17层),已爬取
3435,金联华府,972972,https://liny.zu.anjuke.com/fangyuan/4623528894309387,3室2厅|整租|精装修|高层(共17层),已爬取
3436,金联华府,972972,https://liny.zu.anjuke.com/fangyuan/4628146568356866,3室2厅|整租|精装修|低层(共17层),已爬取
3437,金联华府,972972,https://liny.zu.anjuke.com/fangyuan/4472089269232644,1室1厅|整租|精装修|共1层,已爬取
3438,宝德书香苑,972843,https://liny.zu.anjuke.com/fangyuan/4630880796304395,2室2厅|整租|精装修|高层(共7层),已爬取
3439,宝德书香苑,972843,https://liny.zu.anjuke.com/fangyuan/4582244984462338,3室2厅|整租|简单装修|中层(共7层),已爬取
3440,宝德书香苑,972843,https://liny.zu.anjuke.com/fangyuan/4481257596658699,3室2厅|整租|精装修|高层(共7层),已爬取
3441,宝德书香苑,972843,https://liny.zu.anjuke.com/fangyuan/4623981857532939,3室2厅|整租|精装修|中层(共17层),已爬取
3442,宝德书香苑,972843,https://liny.zu.anjuke.com/fangyuan/4571382350638080,3室2厅|整租|精装修|高层(共11层),已爬取
3443,宝德书香苑,972843,https://liny.zu.anjuke.com/fangyuan/4468187511137291,3室2厅|整租|精装修|高层(共11层),已爬取
3444,恒德湖光山色,1047679,https://liny.zu.anjuke.com/fangyuan/4623507772154889,3室2厅|整租|精装修|中层(共17层),已爬取
3445,恒德湖光山色,1047679,https://liny.zu.anjuke.com/fangyuan/4534303581643776,3室2厅|整租|精装修|中层(共17层),已爬取
3446,恒德湖光山色,1047679,https://liny.zu.anjuke.com/fangyuan/4551342110239759,3室2厅|整租|精装修|高层(共22层),已爬取
3447,恒德湖光山色,1047679,https://liny.zu.anjuke.com/fangyuan/4623512482178063,3室2厅|整租|精装修|中层(共23层),已爬取
3448,恒德湖光山色,1047679,https://liny.zu.anjuke.com/fangyuan/4625574362176514,3室2厅|整租|精装修|中层(共17层),已爬取
3449,恒德湖光山色,1047679,https://liny.zu.anjuke.com/fangyuan/4567129585708047,3室2厅|整租|精装修|中层(共17层),已爬取
3450,文心园,1052165,https://liny.zu.anjuke.com/fangyuan/4580993159914509,3室2厅|整租|精装修|中层(共18层),已爬取
3451,文心园,1052165,https://liny.zu.anjuke.com/fangyuan/4580992247458819,3室2厅|整租|精装修|中层(共17层),已爬取
3452,文心园,1052165,https://liny.zu.anjuke.com/fangyuan/4610931849145351,3室2厅|整租|精装修|中层(共18层),已爬取
3453,文心园,1052165,https://liny.zu.anjuke.com/fangyuan/4616439011843073,3室2厅|整租|精装修|中层(共7层),已爬取
3454,文心园,1052165,https://liny.zu.anjuke.com/fangyuan/4440185910553603,3室1厅|整租|精装修|中层(共17层),已爬取
3455,翰林国府,1087454,https://liny.zu.anjuke.com/fangyuan/3955102660303876,3室2厅|合租|精装修|高层(共8层),已爬取
3456,翰林国府,1087454,https://liny.zu.anjuke.com/fangyuan/4486375511088132,3室2厅|整租|豪华装修|中层(共18层),已爬取
3457,翰林国府,1087454,https://liny.zu.anjuke.com/fangyuan/4527583998237704,3室2厅|整租|精装修|中层(共18层),已爬取
3458,翰林国府,1087454,https://liny.zu.anjuke.com/fangyuan/4595537098728448,3室2厅|整租|精装修|中层(共11层),已爬取
3459,翰林国府,1087454,https://liny.zu.anjuke.com/fangyuan/4611314537208846,3室2厅|整租|精装修|低层(共18层),已爬取
3460,翰林国府,1087454,https://liny.zu.anjuke.com/fangyuan/4614054241152007,3室2厅|整租|简单装修|中层(共8层),已爬取
3461,翰林国府,1087454,https://liny.zu.anjuke.com/fangyuan/4553110682067982,3室2厅|整租|精装修|中层(共18层),已爬取
3462,翰林国府,1087454,https://liny.zu.anjuke.com/fangyuan/4510517581440000,3室2厅|整租|精装修|高层(共9层),已爬取
3463,翰林国府,1087454,https://liny.zu.anjuke.com/fangyuan/4572437317559301,3室2厅|整租|精装修|低层(共24层),已爬取
3464,翰林国府,1087454,https://liny.zu.anjuke.com/fangyuan/4609536103242761,3室2厅|整租|简单装修|高层(共8层),已爬取
3465,中晟世纪城(公寓住宅),677681,https://liny.zu.anjuke.com/fangyuan/4541303550766093,3室1厅|整租|精装修|中层(共19层),已爬取
3466,中晟世纪城(公寓住宅),677681,https://liny.zu.anjuke.com/fangyuan/4568070991637505,3室2厅|整租|简单装修|高层(共11层),已爬取
3467,中晟世纪城(公寓住宅),677681,https://liny.zu.anjuke.com/fangyuan/4628999221603333,2室2厅|整租|精装修|高层(共11层),已爬取
3468,中晟世纪城(公寓住宅),677681,https://liny.zu.anjuke.com/fangyuan/4568329389876225,3室2厅|整租|精装修|中层(共11层),已爬取
3469,中晟世纪城(公寓住宅),677681,https://liny.zu.anjuke.com/fangyuan/4633559798881286,2室2厅|整租|精装修|高层(共11层),已爬取
3470,中晟世纪城(公寓住宅),677681,https://liny.zu.anjuke.com/fangyuan/4589519529995264,2室2厅|整租|精装修|高层(共13层),已爬取
3471,胜利花园,972734,https://liny.zu.anjuke.com/fangyuan/4487963102471177,2室2厅|整租|精装修|共5层,已爬取
3472,胜利花园,972734,https://liny.zu.anjuke.com/fangyuan/4610797316189186,2室2厅|整租|精装修|共5层,已爬取
3473,胜利花园,972734,https://liny.zu.anjuke.com/fangyuan/4318974624852997,3室2厅|整租|简单装修|共5层,已爬取
3474,胜利花园,972734,https://liny.zu.anjuke.com/fangyuan/4633484691450892,3室2厅|整租|简单装修|共5层,已爬取
3475,胜利花园,972734,https://liny.zu.anjuke.com/fangyuan/4338318667291657,3室2厅|整租|简单装修|共5层,已爬取
3476,胜利花园,972734,https://liny.zu.anjuke.com/fangyuan/4556201068637197,2室2厅|整租|精装修|共5层,已爬取
3477,胜利花园,972734,https://liny.zu.anjuke.com/fangyuan/4610827673871371,3室2厅|整租|精装修|共5层,已爬取
3478,沂兰文园,973219,https://liny.zu.anjuke.com/fangyuan/4597896863652870,3室2厅|整租|精装修|低层(共6层),已爬取
3479,沂兰文园,973219,https://liny.zu.anjuke.com/fangyuan/4557673975835663,3室2厅|整租|精装修|低层(共6层),已爬取
3480,泰盛广场,1233783,https://liny.zu.anjuke.com/fangyuan/4544652209007622,2室1厅|合租|豪华装修|中层(共25层),已爬取
3481,泰盛广场,1233783,https://liny.zu.anjuke.com/fangyuan/4612305679113221,1室1厅|合租|精装修|中层(共30层),已爬取
3482,泰盛广场,1233783,https://liny.zu.anjuke.com/fangyuan/4611144640556036,3室2厅|合租|精装修|中层(共20层),已爬取
3483,泰盛广场,1233783,https://liny.zu.anjuke.com/fangyuan/4632408208466955,3室2厅|合租|精装修|中层(共8层),已爬取
3484,泰盛广场,1233783,https://liny.zu.anjuke.com/fangyuan/4620999727262732,3室2厅|合租|精装修|低层(共19层),已爬取
3485,泰盛广场,1233783,https://liny.zu.anjuke.com/fangyuan/4612150500416518,3室2厅|合租|精装修|中层(共20层),已爬取
3486,泰盛广场,1233783,https://liny.zu.anjuke.com/fangyuan/4632312768191499,1室1厅|合租|精装修|中层(共25层),已爬取
3487,泰盛广场,1233783,https://liny.zu.anjuke.com/fangyuan/4565395403336709,3室2厅|合租|精装修|高层(共8层),已爬取
3488,泰盛广场,1233783,https://liny.zu.anjuke.com/fangyuan/4620987563746307,3室2厅|合租|精装修|低层(共19层),已爬取
3489,泰盛广场,1233783,https://liny.zu.anjuke.com/fangyuan/4616871504878606,3室2厅|合租|精装修|中层(共23层),已爬取
3490,裕隆嘉园(黄海路),678063,https://liny.zu.anjuke.com/fangyuan/4618239895102467,3室2厅|整租|精装修|低层(共17层),已爬取
3491,裕隆嘉园(黄海路),678063,https://liny.zu.anjuke.com/fangyuan/4614032578960393,2室2厅|整租|精装修|共5层,已爬取
3492,裕隆嘉园(黄海路),678063,https://liny.zu.anjuke.com/fangyuan/4565413645609996,3室2厅|整租|精装修|低层(共17层),已爬取
3493,裕隆嘉园(黄海路),678063,https://liny.zu.anjuke.com/fangyuan/4613423779879943,3室2厅|整租|简单装修|低层(共17层),已爬取
3494,裕隆嘉园(黄海路),678063,https://liny.zu.anjuke.com/fangyuan/4518659720145926,3室2厅|整租|精装修|低层(共17层),已爬取
3495,裕隆嘉园(黄海路),678063,https://liny.zu.anjuke.com/fangyuan/4594419249732610,2室2厅|整租|简单装修|高层(共11层),已爬取
3496,裕隆嘉园(黄海路),678063,https://liny.zu.anjuke.com/fangyuan/4585555377036297,2室2厅|整租|简单装修|中层(共12层),已爬取
3497,裕隆嘉园(黄海路),678063,https://liny.zu.anjuke.com/fangyuan/4624811639614479,3室2厅|整租|简单装修|中层(共17层),已爬取
3498,裕隆嘉园(黄海路),678063,https://liny.zu.anjuke.com/fangyuan/4581265844626435,2室2厅|整租|精装修|共5层,已爬取
3499,裕隆嘉园(黄海路),678063,https://liny.zu.anjuke.com/fangyuan/4587950889477126,2室2厅|整租|简单装修|共5层,已爬取
3500,世纪新城,1202236,https://liny.zu.anjuke.com/fangyuan/4463989998001154,3室2厅|整租|精装修|低层(共26层),已爬取
3501,世纪新城,1202236,https://liny.zu.anjuke.com/fangyuan/4587108994755598,3室2厅|整租|精装修|低层(共17层),已爬取
3502,世纪新城,1202236,https://liny.zu.anjuke.com/fangyuan/4547561744821258,1室1厅|整租|精装修|中层(共12层),已爬取
3503,东苑小区,677421,https://liny.zu.anjuke.com/fangyuan/4619111869881348,3室2厅|整租|简单装修|共5层,已爬取
3504,东苑小区,677421,https://liny.zu.anjuke.com/fangyuan/4505797865380873,3室2厅|整租|简单装修|共5层,已爬取
3505,东苑小区,677421,https://liny.zu.anjuke.com/fangyuan/4594356294872076,2室1厅|整租|精装修|共5层,已爬取
3506,东苑小区,677421,https://liny.zu.anjuke.com/fangyuan/4468296240325642,3室2厅|整租|简单装修|共5层,已爬取
3507,龙泉花园(兰陵),973040,https://liny.zu.anjuke.com/fangyuan/4611217283656715,3室2厅|整租|精装修|高层(共26层),已爬取
3508,龙泉花园(兰陵),973040,https://liny.zu.anjuke.com/fangyuan/4565598719679489,3室2厅|整租|精装修|高层(共6层),已爬取
3509,龙泉花园(兰陵),973040,https://liny.zu.anjuke.com/fangyuan/4572802749899789,3室2厅|整租|精装修|中层(共23层),已爬取
3510,龙泉花园(兰陵),973040,https://liny.zu.anjuke.com/fangyuan/4552645267528718,2室2厅|整租|简单装修|高层(共6层),已爬取
3511,龙泉花园(兰陵),973040,https://liny.zu.anjuke.com/fangyuan/4613308705072137,3室2厅|整租|简单装修|高层(共26层),已爬取
3512,龙泉花园(兰陵),973040,https://liny.zu.anjuke.com/fangyuan/4209894137371655,2室2厅|整租|精装修|高层(共6层),已爬取
3513,龙泉花园(兰陵),973040,https://liny.zu.anjuke.com/fangyuan/4309648314522625,3室2厅|整租|精装修|中层(共25层),已爬取
3514,沂河高都,997935,https://liny.zu.anjuke.com/fangyuan/4622440526523406,3室2厅|整租|精装修|中层(共11层),已爬取
3515,沂河高都,997935,https://liny.zu.anjuke.com/fangyuan/4530345451658244,3室2厅|整租|简单装修|中层(共11层),已爬取
3516,沂河高都,997935,https://liny.zu.anjuke.com/fangyuan/4596982479903752,3室2厅|整租|简单装修|高层(共11层),已爬取
3517,沂河高都,997935,https://liny.zu.anjuke.com/fangyuan/4613841901429765,3室2厅|整租|简单装修|中层(共9层),已爬取
3518,沂河高都,997935,https://liny.zu.anjuke.com/fangyuan/4626881233329164,2室1厅|整租|简单装修|低层(共11层),已爬取
3519,沂河高都,997935,https://liny.zu.anjuke.com/fangyuan/4596811299200001,3室2厅|整租|简单装修|中层(共11层),已爬取
3520,金坛小区,713813,https://liny.zu.anjuke.com/fangyuan/4237678510369806,1室0厅|合租|精装修|共4层,已爬取
3521,金坛小区,713813,https://liny.zu.anjuke.com/fangyuan/4556239831704586,3室1厅|合租|精装修|共4层,已爬取
3522,金坛小区,713813,https://liny.zu.anjuke.com/fangyuan/4583932669893632,3室2厅|合租|精装修|低层(共6层),已爬取
3523,金坛小区,713813,https://liny.zu.anjuke.com/fangyuan/4623388694375424,3室1厅|合租|精装修|共3层,已爬取
3524,金坛小区,713813,https://liny.zu.anjuke.com/fangyuan/4619240718724107,3室2厅|合租|精装修|低层(共6层),已爬取
3525,金坛小区,713813,https://liny.zu.anjuke.com/fangyuan/4537037973005327,3室1厅|合租|精装修|低层(共6层),已爬取
3526,金坛小区,713813,https://liny.zu.anjuke.com/fangyuan/4622078431339533,3室2厅|合租|精装修|低层(共6层),已爬取
3527,金坛小区,713813,https://liny.zu.anjuke.com/fangyuan/4619268204616714,3室1厅|合租|精装修|共4层,已爬取
3528,金坛小区,713813,https://liny.zu.anjuke.com/fangyuan/4619216548848648,3室2厅|合租|精装修|低层(共6层),已爬取
3529,金坛小区,713813,https://liny.zu.anjuke.com/fangyuan/4631940925041664,3室2厅|整租|简单装修|中层(共6层),已爬取
3530,盛世春晖,676702,https://liny.zu.anjuke.com/fangyuan/4626273979868171,1室1厅|整租|精装修|中层(共11层),已爬取
3531,盛世春晖,676702,https://liny.zu.anjuke.com/fangyuan/4149352057560070,1室1厅|整租|简单装修|中层(共11层),已爬取
3532,盛世春晖,676702,https://liny.zu.anjuke.com/fangyuan/4632299049999367,1室1厅|整租|精装修|中层(共11层),已爬取
3533,盛世春晖,676702,https://liny.zu.anjuke.com/fangyuan/4628011727121409,1室1厅|整租|精装修|高层(共11层),已爬取
3534,盛世春晖,676702,https://liny.zu.anjuke.com/fangyuan/4363120171359241,1室0厅|整租|精装修|中层(共11层),已爬取
3535,盛世春晖,676702,https://liny.zu.anjuke.com/fangyuan/4610716431721484,1室0厅|整租|精装修|低层(共11层),已爬取
3536,盛世春晖,676702,https://liny.zu.anjuke.com/fangyuan/4633366913049604,1室0厅|整租|精装修|低层(共11层),已爬取
3537,盛世春晖,676702,https://liny.zu.anjuke.com/fangyuan/4570218172947458,1室1厅|整租|精装修|高层(共11层),已爬取
3538,盛世春晖,676702,https://liny.zu.anjuke.com/fangyuan/4213068671949833,1室1厅|整租|精装修|中层(共11层),已爬取
3539,盛世春晖,676702,https://liny.zu.anjuke.com/fangyuan/4617729651534862,1室1厅|整租|简单装修|高层(共11层),已爬取
3540,凤临新城1号社区,1371570,https://liny.zu.anjuke.com/fangyuan/4621920117318669,2室1厅|整租|简单装修|高层(共19层),已爬取
3541,凤临新城1号社区,1371570,https://liny.zu.anjuke.com/fangyuan/4622412346350599,3室2厅|整租|精装修|高层(共17层),已爬取
3542,凤临新城1号社区,1371570,https://liny.zu.anjuke.com/fangyuan/4630496873569286,3室2厅|整租|精装修|中层(共19层),已爬取
3543,凤临新城1号社区,1371570,https://liny.zu.anjuke.com/fangyuan/4615489972825093,2室2厅|整租|精装修|中层(共17层),已爬取
3544,凤临新城1号社区,1371570,https://liny.zu.anjuke.com/fangyuan/4567196274404363,3室2厅|整租|简单装修|中层(共17层),已爬取
3545,凤临新城1号社区,1371570,https://liny.zu.anjuke.com/fangyuan/4599792145589261,2室2厅|整租|简单装修|中层(共17层),已爬取
3546,凤临新城1号社区,1371570,https://liny.zu.anjuke.com/fangyuan/4613718427081731,2室2厅|整租|简单装修|中层(共6层),已爬取
3547,凤临新城1号社区,1371570,https://liny.zu.anjuke.com/fangyuan/4507854295198732,3室2厅|整租|精装修|高层(共17层),已爬取
3548,凤临新城1号社区,1371570,https://liny.zu.anjuke.com/fangyuan/4622812240651277,2室2厅|整租|简单装修|高层(共17层),已爬取
3549,凤临新城1号社区,1371570,https://liny.zu.anjuke.com/fangyuan/4625199266503680,2室2厅|整租|精装修|中层(共17层),已爬取
3550,长安国际,945165,https://liny.zu.anjuke.com/fangyuan/4632277398184972,2室2厅|整租|精装修|高层(共27层),已爬取
3551,长安国际,945165,https://liny.zu.anjuke.com/fangyuan/4471168909452298,3室2厅|整租|精装修|中层(共18层),已爬取
3552,长安国际,945165,https://liny.zu.anjuke.com/fangyuan/4567184023839752,3室2厅|整租|精装修|低层(共24层),已爬取
3553,长安国际,945165,https://liny.zu.anjuke.com/fangyuan/4631805844581380,2室2厅|整租|简单装修|高层(共28层),已爬取
3554,长安国际,945165,https://liny.zu.anjuke.com/fangyuan/4630890789624836,3室2厅|整租|精装修|高层(共28层),已爬取
3555,长安国际,945165,https://liny.zu.anjuke.com/fangyuan/4533287561976834,3室2厅|整租|简单装修|高层(共28层),已爬取
3556,长安国际,945165,https://liny.zu.anjuke.com/fangyuan/4610884363480066,2室2厅|整租|精装修|低层(共28层),已爬取
3557,长安国际,945165,https://liny.zu.anjuke.com/fangyuan/4350586300375041,2室2厅|整租|精装修|中层(共18层),已爬取
3558,长安国际,945165,https://liny.zu.anjuke.com/fangyuan/4467051424621583,3室2厅|整租|精装修|高层(共28层),已爬取
3559,长安国际,945165,https://liny.zu.anjuke.com/fangyuan/4631280568738821,2室2厅|整租|精装修|中层(共28层),已爬取
3560,兴盛小区,677157,https://liny.zu.anjuke.com/fangyuan/4616389045431299,3室2厅|整租|简单装修|中层(共6层),已爬取
3561,兴盛小区,677157,https://liny.zu.anjuke.com/fangyuan/4632279970913293,3室2厅|整租|简单装修|低层(共6层),已爬取
3562,兴盛小区,677157,https://liny.zu.anjuke.com/fangyuan/4615412407884803,3室2厅|整租|简单装修|共5层,已爬取
3563,兴盛小区,677157,https://liny.zu.anjuke.com/fangyuan/4629744709690368,3室2厅|整租|精装修|中层(共6层),已爬取
3564,兴盛小区,677157,https://liny.zu.anjuke.com/fangyuan/4633441319345157,3室2厅|整租|简单装修|低层(共6层),已爬取
3565,邑城一品,972793,https://liny.zu.anjuke.com/fangyuan/4579527070821386,3室2厅|整租|简单装修|共5层,已爬取
3566,邑城一品,972793,https://liny.zu.anjuke.com/fangyuan/4565865692322831,3室2厅|整租|简单装修|高层(共11层),已爬取
3567,祥和家园(平邑),677910,https://liny.zu.anjuke.com/fangyuan/4609538549787660,3室2厅|整租|简单装修|中层(共17层),已爬取
3568,祥和家园(平邑),677910,https://liny.zu.anjuke.com/fangyuan/4595570906524673,3室2厅|整租|简单装修|中层(共17层),已爬取
3569,祥和家园(平邑),677910,https://liny.zu.anjuke.com/fangyuan/4615326081707019,3室2厅|整租|精装修|中层(共17层),已爬取
3570,祥和家园(平邑),677910,https://liny.zu.anjuke.com/fangyuan/4576702493699080,2室2厅|整租|精装修|低层(共18层),已爬取
3571,祥和家园(平邑),677910,https://liny.zu.anjuke.com/fangyuan/4576011506084874,3室2厅|整租|简单装修|低层(共18层),已爬取
3572,祥和家园(平邑),677910,https://liny.zu.anjuke.com/fangyuan/4628372843502603,2室2厅|整租|简单装修|低层(共18层),已爬取
3573,祥和家园(平邑),677910,https://liny.zu.anjuke.com/fangyuan/4575990851232780,2室2厅|整租|精装修|中层(共11层),已爬取
3574,祥和家园(平邑),677910,https://liny.zu.anjuke.com/fangyuan/4595194447522826,2室2厅|整租|简单装修|低层(共17层),已爬取
3575,金升社区B区(北区),1214935,https://liny.zu.anjuke.com/fangyuan/4629934567844870,3室2厅|整租|精装修|中层(共19层),已爬取
3576,金升社区B区(北区),1214935,https://liny.zu.anjuke.com/fangyuan/4536907837615108,3室2厅|整租|简单装修|中层(共17层),已爬取
3577,金升社区B区(北区),1214935,https://liny.zu.anjuke.com/fangyuan/4609611177274370,3室2厅|合租|精装修|低层(共11层),已爬取
3578,金升社区B区(北区),1214935,https://liny.zu.anjuke.com/fangyuan/4613479585162255,2室2厅|整租|简单装修|低层(共17层),已爬取
3579,金升社区B区(北区),1214935,https://liny.zu.anjuke.com/fangyuan/4599505714717703,3室2厅|整租|精装修|中层(共17层),已爬取
3580,金升社区B区(北区),1214935,https://liny.zu.anjuke.com/fangyuan/4609606568551427,3室2厅|整租|精装修|高层(共11层),已爬取
3581,金升社区B区(北区),1214935,https://liny.zu.anjuke.com/fangyuan/4469783278300162,3室2厅|整租|精装修|中层(共7层),已爬取
3582,金升社区B区(北区),1214935,https://liny.zu.anjuke.com/fangyuan/4622536693277697,3室2厅|整租|精装修|低层(共7层),已爬取
3583,苗庄小区,677345,https://liny.zu.anjuke.com/fangyuan/4605196286583818,3室1厅|合租|精装修|中层(共6层),已爬取
3584,苗庄小区,677345,https://liny.zu.anjuke.com/fangyuan/4167605343099907,3室2厅|合租|精装修|低层(共10层),已爬取
3585,苗庄小区,677345,https://liny.zu.anjuke.com/fangyuan/4438127745229830,2室1厅|整租|精装修|共4层,已爬取
3586,苗庄小区,677345,https://liny.zu.anjuke.com/fangyuan/4611014220459008,3室2厅|整租|精装修|中层(共6层),已爬取
3587,苗庄小区,677345,https://liny.zu.anjuke.com/fangyuan/4486242901910529,3室2厅|整租|简单装修|中层(共6层),已爬取
3588,苗庄小区,677345,https://liny.zu.anjuke.com/fangyuan/4554651558386703,2室1厅|整租|简单装修|低层(共6层),已爬取
3589,苗庄小区,677345,https://liny.zu.anjuke.com/fangyuan/4582527834823684,3室2厅|整租|精装修|高层(共6层),已爬取
3590,苗庄小区,677345,https://liny.zu.anjuke.com/fangyuan/4558711896024070,3室1厅|整租|精装修|中层(共6层),已爬取
3591,苗庄小区,677345,https://liny.zu.anjuke.com/fangyuan/4623865258189837,2室1厅|整租|精装修|共5层,已爬取
3592,苗庄小区,677345,https://liny.zu.anjuke.com/fangyuan/4320850654109711,3室1厅|整租|精装修|低层(共6层),已爬取
3593,开元状元府,1180815,https://liny.zu.anjuke.com/fangyuan/4595177058802693,4室2厅|整租|精装修|低层(共33层),已爬取
3594,开元状元府,1180815,https://liny.zu.anjuke.com/fangyuan/4623536957907976,3室2厅|整租|精装修|低层(共17层),已爬取
3595,开元状元府,1180815,https://liny.zu.anjuke.com/fangyuan/4583763475540998,4室2厅|整租|简单装修|低层(共33层),已爬取
3596,开元状元府,1180815,https://liny.zu.anjuke.com/fangyuan/4583766518881286,3室2厅|整租|精装修|中层(共19层),已爬取
3597,开元状元府,1180815,https://liny.zu.anjuke.com/fangyuan/4536073050352649,3室2厅|整租|精装修|高层(共32层),已爬取
3598,开元状元府,1180815,https://liny.zu.anjuke.com/fangyuan/4581066157173763,4室2厅|整租|简单装修|低层(共33层),已爬取
3599,开元状元府,1180815,https://liny.zu.anjuke.com/fangyuan/4605448637785091,3室2厅|整租|简单装修|低层(共30层),已爬取
3600,开元状元府,1180815,https://liny.zu.anjuke.com/fangyuan/4595183271930894,3室2厅|整租|精装修|低层(共32层),已爬取
3601,开元状元府,1180815,https://liny.zu.anjuke.com/fangyuan/4583768750482442,4室2厅|整租|简单装修|高层(共32层),已爬取
3602,开元状元府,1180815,https://liny.zu.anjuke.com/fangyuan/4627640956345353,4室2厅|整租|精装修|低层(共30层),已爬取
3603,儒辰金邑樾府,1625065,https://liny.zu.anjuke.com/fangyuan/4619462914726922,3室2厅|整租|豪华装修|高层(共17层),已爬取
3604,儒辰金邑樾府,1625065,https://liny.zu.anjuke.com/fangyuan/4399108396166148,2室1厅|整租|精装修|中层(共19层),已爬取
3605,儒辰金邑樾府,1625065,https://liny.zu.anjuke.com/fangyuan/4610987191100428,1室1厅|整租|精装修|高层(共14层),已爬取
3606,儒辰金邑樾府,1625065,https://liny.zu.anjuke.com/fangyuan/4556755221914636,1室1厅|整租|精装修|中层(共19层),已爬取
3607,儒辰金邑樾府,1625065,https://liny.zu.anjuke.com/fangyuan/4617781287037954,3室2厅|整租|简单装修|高层(共17层),已爬取
3608,儒辰金邑樾府,1625065,https://liny.zu.anjuke.com/fangyuan/4547456431565836,1室1厅|整租|精装修|高层(共20层),已爬取
3609,儒辰金邑樾府,1625065,https://liny.zu.anjuke.com/fangyuan/4404523685370892,2室1厅|整租|精装修|高层(共13层),已爬取
3610,儒辰金邑樾府,1625065,https://liny.zu.anjuke.com/fangyuan/4496815932648462,1室1厅|整租|精装修|低层(共19层),已爬取
3611,儒辰金邑樾府,1625065,https://liny.zu.anjuke.com/fangyuan/4619577198193678,3室2厅|整租|精装修|高层(共17层),已爬取
3612,儒辰金邑樾府,1625065,https://liny.zu.anjuke.com/fangyuan/4624936303846413,3室2厅|整租|精装修|高层(共17层),已爬取
3613,保利堂悦,1033014,https://liny.zu.anjuke.com/fangyuan/4519070189923335,3室2厅|整租|精装修|低层(共16层),已爬取
3614,保利堂悦,1033014,https://liny.zu.anjuke.com/fangyuan/4629757137923075,3室2厅|整租|精装修|低层(共7层),已爬取
3615,保利堂悦,1033014,https://liny.zu.anjuke.com/fangyuan/4596551531897859,3室2厅|整租|精装修|中层(共17层),已爬取
3616,保利堂悦,1033014,https://liny.zu.anjuke.com/fangyuan/4633299443657738,3室2厅|整租|精装修|共5层,已爬取
3617,保利堂悦,1033014,https://liny.zu.anjuke.com/fangyuan/4583850188809217,3室2厅|整租|豪华装修|中层(共18层),已爬取
3618,保利堂悦,1033014,https://liny.zu.anjuke.com/fangyuan/4583894575782927,4室2厅|整租|精装修|低层(共6层),已爬取
3619,保利堂悦,1033014,https://liny.zu.anjuke.com/fangyuan/4583755463191559,5室2厅|整租|精装修|共1层,已爬取
3620,保利堂悦,1033014,https://liny.zu.anjuke.com/fangyuan/4625251028196352,3室2厅|整租|精装修|低层(共6层),已爬取
3621,保利堂悦,1033014,https://liny.zu.anjuke.com/fangyuan/4589884494273538,3室2厅|整租|精装修|中层(共16层),已爬取
3622,保利堂悦,1033014,https://liny.zu.anjuke.com/fangyuan/4583752757306381,3室2厅|整租|精装修|低层(共7层),已爬取
3623,太子湖花园,766115,https://liny.zu.anjuke.com/fangyuan/4360894219870212,4室2厅|整租|简单装修|高层(共7层),已爬取
3624,太子湖花园,766115,https://liny.zu.anjuke.com/fangyuan/4494607563774979,3室2厅|整租|简单装修|高层(共7层),已爬取
3625,太子湖花园,766115,https://liny.zu.anjuke.com/fangyuan/4633647602162688,3室2厅|整租|精装修|低层(共6层),已爬取
3626,太子湖花园,766115,https://liny.zu.anjuke.com/fangyuan/4608527880037385,3室2厅|整租|简单装修|中层(共6层),已爬取
3627,太子湖花园,766115,https://liny.zu.anjuke.com/fangyuan/4555344190120963,3室2厅|合租|精装修|低层(共6层),已爬取
3628,太子湖花园,766115,https://liny.zu.anjuke.com/fangyuan/2232957680951303,3室2厅|整租|精装修|中层(共6层),已爬取
3629,太子湖花园,766115,https://liny.zu.anjuke.com/fangyuan/3837785088434189,2室2厅|整租|精装修|高层(共7层),已爬取
3630,永富御景城,973243,https://liny.zu.anjuke.com/fangyuan/4631889095746570,1室1厅|整租|简单装修|高层(共6层),已爬取
3631,永富御景城,973243,https://liny.zu.anjuke.com/fangyuan/4625238173410306,2室1厅|整租|精装修|高层(共6层),已爬取
3632,永富御景城,973243,https://liny.zu.anjuke.com/fangyuan/4560556126512129,3室2厅|整租|精装修|高层(共6层),已爬取
3633,永富御景城,973243,https://liny.zu.anjuke.com/fangyuan/4625127427496967,3室2厅|整租|精装修|低层(共6层),已爬取
3634,永富御景城,973243,https://liny.zu.anjuke.com/fangyuan/4526324149115916,3室2厅|整租|简单装修|低层(共6层),已爬取
3635,永富御景城,973243,https://liny.zu.anjuke.com/fangyuan/4610423832093697,2室2厅|整租|精装修|高层(共6层),已爬取
3636,永富御景城,973243,https://liny.zu.anjuke.com/fangyuan/4560551815717900,2室2厅|整租|精装修|低层(共6层),已爬取
3637,中科印象,767135,https://liny.zu.anjuke.com/fangyuan/4580045816931335,2室2厅|整租|简单装修|中层(共17层),已爬取
3638,中科印象,767135,https://liny.zu.anjuke.com/fangyuan/4605113651080197,3室2厅|整租|精装修|低层(共15层),已爬取
3639,中科印象,767135,https://liny.zu.anjuke.com/fangyuan/4581394809840641,3室2厅|整租|精装修|低层(共17层),已爬取
3640,中科印象,767135,https://liny.zu.anjuke.com/fangyuan/4531505139538951,2室2厅|整租|精装修|低层(共15层),已爬取
3641,中科印象,767135,https://liny.zu.anjuke.com/fangyuan/4632296145118222,1室1厅|整租|精装修|中层(共13层),已爬取
3642,中科印象,767135,https://liny.zu.anjuke.com/fangyuan/4589773863103503,1室1厅|整租|精装修|中层(共17层),已爬取
3643,中科印象,767135,https://liny.zu.anjuke.com/fangyuan/4234125591617546,2室1厅|整租|简单装修|中层(共14层),已爬取
3644,中科印象,767135,https://liny.zu.anjuke.com/fangyuan/4583702958107655,1室1厅|整租|精装修|低层(共17层),已爬取
3645,中科印象,767135,https://liny.zu.anjuke.com/fangyuan/4595180540666886,1室1厅|整租|简单装修|高层(共17层),已爬取
3646,中科印象,767135,https://liny.zu.anjuke.com/fangyuan/4564463316638723,3室3厅|整租|精装修|低层(共17层),已爬取
3647,万象阳光城,972748,https://liny.zu.anjuke.com/fangyuan/4612683388070924,3室2厅|整租|精装修|中层(共17层),已爬取
3648,万象阳光城,972748,https://liny.zu.anjuke.com/fangyuan/4516476957451275,1室1厅|整租|精装修|高层(共22层),已爬取
3649,万象阳光城,972748,https://liny.zu.anjuke.com/fangyuan/3300128444408836,1室1厅|整租|精装修|中层(共26层),已爬取
3650,万象阳光城,972748,https://liny.zu.anjuke.com/fangyuan/4589914072685581,2室2厅|整租|简单装修|高层(共17层),已爬取
3651,万象阳光城,972748,https://liny.zu.anjuke.com/fangyuan/4465234500623369,1室1厅|整租|精装修|高层(共26层),已爬取
3652,万象阳光城,972748,https://liny.zu.anjuke.com/fangyuan/4584408436169743,1室1厅|整租|精装修|中层(共22层),已爬取
3653,万象阳光城,972748,https://liny.zu.anjuke.com/fangyuan/4584330551649289,1室1厅|整租|精装修|中层(共10层),已爬取
3654,康桥丽都,677706,https://liny.zu.anjuke.com/fangyuan/4508089097677832,3室2厅|整租|精装修|高层(共13层),已爬取
3655,康桥丽都,677706,https://liny.zu.anjuke.com/fangyuan/4555512843279362,3室2厅|整租|简单装修|中层(共6层),已爬取
3656,康桥丽都,677706,https://liny.zu.anjuke.com/fangyuan/4612500364205065,2室2厅|整租|精装修|中层(共6层),已爬取
3657,康桥丽都,677706,https://liny.zu.anjuke.com/fangyuan/4633507221625871,3室2厅|整租|精装修|中层(共6层),已爬取
3658,康桥丽都,677706,https://liny.zu.anjuke.com/fangyuan/4324002595463181,2室1厅|整租|精装修|高层(共6层),已爬取
3659,康桥丽都,677706,https://liny.zu.anjuke.com/fangyuan/4437250875335690,4室1厅|合租|精装修|低层(共6层),已爬取
3660,康桥丽都,677706,https://liny.zu.anjuke.com/fangyuan/4632458177684494,3室2厅|整租|简单装修|中层(共6层),已爬取
3661,临沭第一城,677995,https://liny.zu.anjuke.com/fangyuan/4602955151191050,3室2厅|整租|精装修|中层(共11层),已爬取
3662,临沭第一城,677995,https://liny.zu.anjuke.com/fangyuan/4592524713878543,4室2厅|整租|简单装修|低层(共6层),已爬取
3663,临沭第一城,677995,https://liny.zu.anjuke.com/fangyuan/4618497525490698,3室2厅|整租|简单装修|低层(共6层),已爬取
3664,临沭第一城,677995,https://liny.zu.anjuke.com/fangyuan/4633834922565633,3室2厅|整租|精装修|中层(共30层),已爬取
3665,临沭第一城,677995,https://liny.zu.anjuke.com/fangyuan/4598385716669446,1室1厅|整租|简单装修|中层(共15层),已爬取
3666,临沭第一城,677995,https://liny.zu.anjuke.com/fangyuan/4537249065495565,3室2厅|整租|精装修|低层(共18层),已爬取
3667,临沭第一城,677995,https://liny.zu.anjuke.com/fangyuan/4615673270856716,3室2厅|整租|精装修|中层(共11层),已爬取
3668,临沭第一城,677995,https://liny.zu.anjuke.com/fangyuan/4599311658654733,1室1厅|整租|精装修|中层(共15层),已爬取
3669,临沭第一城,677995,https://liny.zu.anjuke.com/fangyuan/4438495137111040,2室2厅|整租|精装修|中层(共12层),已爬取
3670,北坛社区,972604,https://liny.zu.anjuke.com/fangyuan/4610980146965513,3室2厅|整租|精装修|低层(共6层),已爬取
3671,北坛社区,972604,https://liny.zu.anjuke.com/fangyuan/4575497820318730,3室2厅|整租|简单装修|共5层,已爬取
3672,北坛社区,972604,https://liny.zu.anjuke.com/fangyuan/4564738813813762,3室2厅|整租|简单装修|高层(共6层),已爬取
3673,北坛社区,972604,https://liny.zu.anjuke.com/fangyuan/4613432479063052,3室2厅|整租|简单装修|高层(共6层),已爬取
3674,北坛社区,972604,https://liny.zu.anjuke.com/fangyuan/4538838308660229,2室2厅|整租|简单装修|中层(共6层),已爬取
3675,北坛社区,972604,https://liny.zu.anjuke.com/fangyuan/4512895999370255,3室2厅|整租|简单装修|高层(共11层),已爬取
3676,北坛社区,972604,https://liny.zu.anjuke.com/fangyuan/4541593713992713,2室2厅|整租|精装修|低层(共6层),已爬取
3677,北坛社区,972604,https://liny.zu.anjuke.com/fangyuan/2772474180903945,3室2厅|合租|简单装修|高层(共10层),已爬取
3678,后园小区(B区),713690,https://liny.zu.anjuke.com/fangyuan/4622092363049990,3室2厅|合租|简单装修|低层(共30层),已爬取
3679,后园小区(B区),713690,https://liny.zu.anjuke.com/fangyuan/4527277024355339,3室2厅|合租|精装修|高层(共30层),已爬取
3680,后园小区(B区),713690,https://liny.zu.anjuke.com/fangyuan/4462755527744525,3室1厅|合租|精装修|低层(共26层),已爬取
3681,后园小区(B区),713690,https://liny.zu.anjuke.com/fangyuan/4619611028907021,3室2厅|合租|精装修|中层(共6层),已爬取
3682,后园小区(B区),713690,https://liny.zu.anjuke.com/fangyuan/4507781343175684,3室2厅|合租|精装修|中层(共18层),已爬取
3683,后园小区(B区),713690,https://liny.zu.anjuke.com/fangyuan/4615100520279045,3室2厅|合租|精装修|中层(共6层),已爬取
3684,后园小区(B区),713690,https://liny.zu.anjuke.com/fangyuan/4591309644473353,2室2厅|合租|精装修|低层(共18层),已爬取
3685,后园小区(B区),713690,https://liny.zu.anjuke.com/fangyuan/4096291805178888,2室2厅|合租|精装修|低层(共24层),已爬取
3686,后园小区(B区),713690,https://liny.zu.anjuke.com/fangyuan/4516589423717378,2室2厅|合租|精装修|中层(共32层),已爬取
3687,后园小区(B区),713690,https://liny.zu.anjuke.com/fangyuan/4616718574709760,2室2厅|合租|精装修|低层(共15层),已爬取
3688,东华花园,677840,https://liny.zu.anjuke.com/fangyuan/4599905390324747,3室2厅|合租|精装修|低层(共6层),已爬取
3689,东华花园,677840,https://liny.zu.anjuke.com/fangyuan/4632064913206280,3室2厅|整租|精装修|中层(共6层),已爬取
3690,东华花园,677840,https://liny.zu.anjuke.com/fangyuan/4629722215277581,2室2厅|整租|精装修|共5层,已爬取
3691,东华花园,677840,https://liny.zu.anjuke.com/fangyuan/4198831344853004,3室2厅|整租|精装修|共5层,已爬取
3692,东华花园,677840,https://liny.zu.anjuke.com/fangyuan/4631968305179652,3室2厅|整租|简单装修|中层(共6层),已爬取
3693,东华花园,677840,https://liny.zu.anjuke.com/fangyuan/4003631086541830,4室2厅|合租|精装修|低层(共6层),已爬取
3694,东华花园,677840,https://liny.zu.anjuke.com/fangyuan/4460968411065357,4室2厅|合租|精装修|共5层,已爬取
3695,东华花园,677840,https://liny.zu.anjuke.com/fangyuan/4264289923537920,3室2厅|合租|精装修|低层(共6层),已爬取
3696,东华花园,677840,https://liny.zu.anjuke.com/fangyuan/4611113483660295,3室2厅|整租|精装修|中层(共6层),已爬取
3697,东华花园,677840,https://liny.zu.anjuke.com/fangyuan/4578546481423365,3室2厅|整租|精装修|中层(共6层),已爬取
3698,东泰河东岸,945164,https://liny.zu.anjuke.com/fangyuan/4528854755748876,2室2厅|整租|精装修|中层(共17层),已爬取
3699,东泰河东岸,945164,https://liny.zu.anjuke.com/fangyuan/4580310123748363,3室2厅|整租|精装修|高层(共18层),已爬取
3700,东泰河东岸,945164,https://liny.zu.anjuke.com/fangyuan/4605142820824073,2室2厅|整租|精装修|低层(共24层),已爬取
3701,东泰河东岸,945164,https://liny.zu.anjuke.com/fangyuan/4571245351246854,3室2厅|整租|精装修|中层(共23层),已爬取
3702,东泰河东岸,945164,https://liny.zu.anjuke.com/fangyuan/4561472289956868,3室2厅|整租|精装修|中层(共22层),已爬取
3703,东泰河东岸,945164,https://liny.zu.anjuke.com/fangyuan/4615296957031428,3室2厅|整租|简单装修|高层(共18层),已爬取
3704,东泰河东岸,945164,https://liny.zu.anjuke.com/fangyuan/4584208630574080,2室2厅|整租|精装修|中层(共18层),已爬取
3705,东泰河东岸,945164,https://liny.zu.anjuke.com/fangyuan/4615204503348225,3室2厅|整租|精装修|高层(共18层),已爬取
3706,东泰河东岸,945164,https://liny.zu.anjuke.com/fangyuan/4626771775974403,2室2厅|整租|精装修|高层(共18层),已爬取
3707,东泰河东岸,945164,https://liny.zu.anjuke.com/fangyuan/4624740630912014,3室2厅|整租|精装修|高层(共18层),已爬取
3708,美丽园,678030,https://liny.zu.anjuke.com/fangyuan/4581394919826442,3室2厅|整租|精装修|高层(共17层),已爬取
3709,美丽园,678030,https://liny.zu.anjuke.com/fangyuan/4592279346994186,2室1厅|整租|精装修|高层(共19层),已爬取
3710,美丽园,678030,https://liny.zu.anjuke.com/fangyuan/4543111136898059,3室2厅|整租|精装修|中层(共11层),已爬取
3711,美丽园,678030,https://liny.zu.anjuke.com/fangyuan/4549887123694598,3室2厅|整租|精装修|中层(共15层),已爬取
3712,美丽园,678030,https://liny.zu.anjuke.com/fangyuan/4527401032639488,3室2厅|整租|精装修|高层(共18层),已爬取
3713,美丽园,678030,https://liny.zu.anjuke.com/fangyuan/4599923613670408,1室1厅|整租|精装修|中层(共19层),已爬取
3714,美丽园,678030,https://liny.zu.anjuke.com/fangyuan/4565950257964044,2室2厅|整租|精装修|中层(共10层),已爬取
3715,美丽园,678030,https://liny.zu.anjuke.com/fangyuan/4629022106035211,3室2厅|整租|精装修|高层(共18层),已爬取
3716,美丽园,678030,https://liny.zu.anjuke.com/fangyuan/4442612909368329,1室1厅|整租|精装修|高层(共20层),已爬取
3717,美丽园,678030,https://liny.zu.anjuke.com/fangyuan/4614944272456711,2室1厅|整租|精装修|中层(共20层),已爬取
3718,杜三岗幸福社区,1235215,https://liny.zu.anjuke.com/fangyuan/4564474469559300,3室2厅|整租|精装修|高层(共10层),已爬取
3719,杜三岗幸福社区,1235215,https://liny.zu.anjuke.com/fangyuan/4556196095880204,3室2厅|整租|精装修|中层(共10层),已爬取
3720,杜三岗幸福社区,1235215,https://liny.zu.anjuke.com/fangyuan/4332131194855430,6室2厅|合租|简单装修|共2层,已爬取
3721,杜三岗幸福社区,1235215,https://liny.zu.anjuke.com/fangyuan/4556188642040833,3室2厅|整租|精装修|共2层,已爬取
3722,杜三岗幸福社区,1235215,https://liny.zu.anjuke.com/fangyuan/4245558600461327,1室1厅|整租|简单装修|共1层,已爬取
3723,杜三岗幸福社区,1235215,https://liny.zu.anjuke.com/fangyuan/4609367606731785,3室2厅|整租|精装修|高层(共10层),已爬取
3724,杜三岗幸福社区,1235215,https://liny.zu.anjuke.com/fangyuan/4560418610961418,3室2厅|整租|精装修|高层(共10层),已爬取
3725,沭河花园,972737,https://liny.zu.anjuke.com/fangyuan/4605273810152455,1室1厅|整租|精装修|低层(共12层),已爬取
3726,沭河花园,972737,https://liny.zu.anjuke.com/fangyuan/4623735638617093,3室2厅|整租|精装修|中层(共17层),已爬取
3727,沭河花园,972737,https://liny.zu.anjuke.com/fangyuan/4554591908815873,1室1厅|整租|精装修|低层(共10层),已爬取
3728,沭河花园,972737,https://liny.zu.anjuke.com/fangyuan/3667398791078922,1室1厅|整租|精装修|中层(共10层),已爬取
3729,沭河花园,972737,https://liny.zu.anjuke.com/fangyuan/4502249029102604,1室1厅|整租|精装修|中层(共12层),已爬取
3730,沭河花园,972737,https://liny.zu.anjuke.com/fangyuan/4478146964134915,3室2厅|整租|精装修|低层(共17层),已爬取
3731,沭河花园,972737,https://liny.zu.anjuke.com/fangyuan/4605272051588105,1室1厅|整租|精装修|共5层,已爬取
3732,沭河花园,972737,https://liny.zu.anjuke.com/fangyuan/4571183120098306,3室2厅|整租|精装修|低层(共17层),已爬取
3733,沭河花园,972737,https://liny.zu.anjuke.com/fangyuan/4572441677800457,1室1厅|整租|精装修|中层(共10层),已爬取
3734,沭河花园,972737,https://liny.zu.anjuke.com/fangyuan/4485041881766924,1室1厅|整租|精装修|高层(共10层),已爬取
3735,新城福邸,1244288,https://liny.zu.anjuke.com/fangyuan/4613312879979524,3室2厅|整租|精装修|低层(共20层),已爬取
3736,新城福邸,1244288,https://liny.zu.anjuke.com/fangyuan/4571510706203658,3室2厅|整租|简单装修|高层(共20层),已爬取
3737,新城福邸,1244288,https://liny.zu.anjuke.com/fangyuan/4585629930595328,3室2厅|整租|精装修|高层(共18层),已爬取
3738,新城福邸,1244288,https://liny.zu.anjuke.com/fangyuan/4604961895410691,3室2厅|整租|简单装修|低层(共19层),已爬取
3739,新城福邸,1244288,https://liny.zu.anjuke.com/fangyuan/4621329387662348,3室2厅|整租|精装修|低层(共20层),已爬取
3740,新城福邸,1244288,https://liny.zu.anjuke.com/fangyuan/4611306614006796,3室2厅|整租|精装修|低层(共18层),已爬取
3741,新城福邸,1244288,https://liny.zu.anjuke.com/fangyuan/4619524395691009,3室2厅|整租|精装修|低层(共20层),已爬取
3742,新城福邸,1244288,https://liny.zu.anjuke.com/fangyuan/4312365209526276,3室2厅|整租|精装修|中层(共24层),已爬取
3743,新城福邸,1244288,https://liny.zu.anjuke.com/fangyuan/4595127204160520,3室2厅|整租|简单装修|中层(共19层),已爬取
3744,新城福邸,1244288,https://liny.zu.anjuke.com/fangyuan/4559775867298825,3室2厅|整租|精装修|低层(共27层),已爬取
3745,临沂金世纪新城,713747,https://liny.zu.anjuke.com/fangyuan/4548445250382861,3室1厅|合租|精装修|低层(共19层),已爬取
3746,临沂金世纪新城,713747,https://liny.zu.anjuke.com/fangyuan/4622251321256964,3室2厅|合租|豪华装修|低层(共32层),已爬取
3747,临沂金世纪新城,713747,https://liny.zu.anjuke.com/fangyuan/4547342455692290,3室2厅|合租|精装修|中层(共20层),已爬取
3748,临沂金世纪新城,713747,https://liny.zu.anjuke.com/fangyuan/4612503114062855,3室2厅|合租|精装修|中层(共11层),已爬取
3749,临沂金世纪新城,713747,https://liny.zu.anjuke.com/fangyuan/4603673180498946,3室2厅|合租|精装修|中层(共20层),已爬取
3750,临沂金世纪新城,713747,https://liny.zu.anjuke.com/fangyuan/4624751176604680,4室1厅|合租|精装修|低层(共26层),已爬取
3751,临沂金世纪新城,713747,https://liny.zu.anjuke.com/fangyuan/4245447855595526,3室2厅|合租|精装修|中层(共30层),已爬取
3752,临沂金世纪新城,713747,https://liny.zu.anjuke.com/fangyuan/4602634692979714,3室1厅|合租|精装修|低层(共12层),已爬取
3753,临沂金世纪新城,713747,https://liny.zu.anjuke.com/fangyuan/4623680955018248,3室2厅|合租|精装修|低层(共20层),已爬取
3754,临沂金世纪新城,713747,https://liny.zu.anjuke.com/fangyuan/4616483796626439,3室2厅|合租|精装修|低层(共30层),已爬取
3755,蓝色港湾小区,972684,https://liny.zu.anjuke.com/fangyuan/4631887705758734,3室2厅|整租|精装修|高层(共17层),已爬取
3756,蓝色港湾小区,972684,https://liny.zu.anjuke.com/fangyuan/4595076240206852,3室2厅|整租|精装修|中层(共17层),已爬取
3757,蓝色港湾小区,972684,https://liny.zu.anjuke.com/fangyuan/4609338200515595,3室2厅|整租|简单装修|中层(共17层),已爬取
3758,蓝色港湾小区,972684,https://liny.zu.anjuke.com/fangyuan/4613911138114566,3室2厅|整租|简单装修|中层(共6层),已爬取
3759,儒辰逸品公馆,1440367,https://liny.zu.anjuke.com/fangyuan/4530051207998474,3室2厅|整租|精装修|高层(共19层),已爬取
3760,儒辰逸品公馆,1440367,https://liny.zu.anjuke.com/fangyuan/4625066373360644,3室2厅|整租|精装修|低层(共17层),已爬取
3761,儒辰逸品公馆,1440367,https://liny.zu.anjuke.com/fangyuan/4418609093993478,3室2厅|整租|精装修|共5层,已爬取
3762,儒辰逸品公馆,1440367,https://liny.zu.anjuke.com/fangyuan/4625189284193291,3室2厅|整租|精装修|低层(共16层),已爬取
3763,儒辰逸品公馆,1440367,https://liny.zu.anjuke.com/fangyuan/4625178459745281,3室2厅|整租|精装修|低层(共16层),已爬取
3764,沂水长虹小区,972786,https://liny.zu.anjuke.com/fangyuan/4601975508397056,3室2厅|整租|简单装修|共5层,已爬取
3765,沂水长虹小区,972786,https://liny.zu.anjuke.com/fangyuan/4606869229216769,2室2厅|整租|简单装修|共5层,已爬取
3766,沂水长虹小区,972786,https://liny.zu.anjuke.com/fangyuan/4623968256797711,3室2厅|整租|简单装修|共5层,已爬取
3767,沂水长虹小区,972786,https://liny.zu.anjuke.com/fangyuan/4626993168000008,2室2厅|整租|简单装修|共5层,已爬取
3768,沂水长虹小区,972786,https://liny.zu.anjuke.com/fangyuan/4557253733968897,3室2厅|整租|简单装修|共4层,已爬取
3769,锦泰国际,972673,https://liny.zu.anjuke.com/fangyuan/4615257104819214,3室2厅|整租|精装修|低层(共26层),已爬取
3770,锦泰国际,972673,https://liny.zu.anjuke.com/fangyuan/4609579836959754,3室2厅|整租|简单装修|低层(共26层),已爬取
3771,锦泰国际,972673,https://liny.zu.anjuke.com/fangyuan/4610696995298309,3室2厅|整租|精装修|低层(共26层),已爬取
3772,锦泰国际,972673,https://liny.zu.anjuke.com/fangyuan/4611205440707592,3室2厅|整租|精装修|低层(共26层),已爬取
3773,锦泰国际,972673,https://liny.zu.anjuke.com/fangyuan/4610755435273221,3室2厅|整租|精装修|低层(共26层),已爬取
3774,锦泰国际,972673,https://liny.zu.anjuke.com/fangyuan/4629881469314053,3室2厅|整租|精装修|中层(共26层),已爬取
3775,锦泰国际,972673,https://liny.zu.anjuke.com/fangyuan/4629745228192768,3室2厅|整租|精装修|中层(共26层),已爬取
3776,锦泰国际,972673,https://liny.zu.anjuke.com/fangyuan/4473757516082185,3室2厅|整租|精装修|中层(共17层),已爬取
3777,锦泰国际,972673,https://liny.zu.anjuke.com/fangyuan/4609940228301828,3室2厅|整租|简单装修|中层(共11层),已爬取
3778,锦泰国际,972673,https://liny.zu.anjuke.com/fangyuan/4625271097400330,3室2厅|整租|简单装修|高层(共17层),已爬取
3779,三众十里阳光,1370377,https://liny.zu.anjuke.com/fangyuan/4539177475857414,3室2厅|整租|精装修|中层(共17层),已爬取
3780,三众阳光100小区,1008635,https://liny.zu.anjuke.com/fangyuan/3809634754765827,3室2厅|整租|精装修|中层(共24层),已爬取
3781,三众阳光100小区,1008635,https://liny.zu.anjuke.com/fangyuan/4564129978379270,3室2厅|整租|精装修|高层(共25层),已爬取
3782,三众阳光100小区,1008635,https://liny.zu.anjuke.com/fangyuan/4575506605550603,2室1厅|整租|简单装修|低层(共17层),已爬取
3783,三众阳光100小区,1008635,https://liny.zu.anjuke.com/fangyuan/4577927575395340,2室1厅|整租|简单装修|低层(共16层),已爬取
3784,三众阳光100小区,1008635,https://liny.zu.anjuke.com/fangyuan/4591466991281167,3室2厅|整租|精装修|中层(共22层),已爬取
3785,三众阳光100小区,1008635,https://liny.zu.anjuke.com/fangyuan/4538540850568194,3室2厅|整租|精装修|中层(共18层),已爬取
3786,三众阳光100小区,1008635,https://liny.zu.anjuke.com/fangyuan/4601016609926159,3室2厅|合租|精装修|中层(共17层),已爬取
3787,三众阳光100小区,1008635,https://liny.zu.anjuke.com/fangyuan/4623428137462793,2室2厅|整租|精装修|中层(共17层),已爬取
3788,三众阳光100小区,1008635,https://liny.zu.anjuke.com/fangyuan/4591523458767881,3室2厅|整租|精装修|低层(共24层),已爬取
3789,三众阳光100小区,1008635,https://liny.zu.anjuke.com/fangyuan/4632368519588879,3室2厅|整租|精装修|中层(共17层),已爬取
3790,龙泉嘉园,972695,https://liny.zu.anjuke.com/fangyuan/4622721184734223,3室2厅|整租|精装修|高层(共11层),已爬取
3791,龙泉嘉园,972695,https://liny.zu.anjuke.com/fangyuan/4586903217824782,3室2厅|整租|精装修|中层(共11层),已爬取
3792,远州杰座,1067126,https://liny.zu.anjuke.com/fangyuan/4615156876174339,2室2厅|整租|精装修|低层(共11层),已爬取
3793,远州杰座,1067126,https://liny.zu.anjuke.com/fangyuan/4614021347515404,2室2厅|整租|精装修|低层(共11层),已爬取
3794,远州杰座,1067126,https://liny.zu.anjuke.com/fangyuan/4629086729643020,3室2厅|整租|精装修|中层(共11层),已爬取
3795,远州杰座,1067126,https://liny.zu.anjuke.com/fangyuan/4539892468313092,3室2厅|整租|精装修|高层(共11层),已爬取
3796,远州杰座,1067126,https://liny.zu.anjuke.com/fangyuan/4551432273353734,3室2厅|整租|精装修|中层(共11层),已爬取
3797,水岸华庭(兰陵),1016431,https://liny.zu.anjuke.com/fangyuan/4380012619586574,3室2厅|整租|简单装修|地下(共15层),已爬取
3798,水岸华庭(兰陵),1016431,https://liny.zu.anjuke.com/fangyuan/4555482146925569,3室2厅|整租|简单装修|中层(共17层),已爬取
3799,水岸华庭(兰陵),1016431,https://liny.zu.anjuke.com/fangyuan/4536378666605572,3室2厅|整租|简单装修|低层(共17层),已爬取
3800,水岸华庭(兰陵),1016431,https://liny.zu.anjuke.com/fangyuan/4627657250282497,3室2厅|整租|精装修|高层(共17层),已爬取
3801,水岸华庭(兰陵),1016431,https://liny.zu.anjuke.com/fangyuan/4618147912557581,3室2厅|整租|简单装修|低层(共17层),已爬取
3802,水岸华庭(兰陵),1016431,https://liny.zu.anjuke.com/fangyuan/4409670303489036,3室2厅|整租|精装修|中层(共13层),已爬取
3803,水岸华庭(兰陵),1016431,https://liny.zu.anjuke.com/fangyuan/4584166360243203,3室2厅|整租|简单装修|低层(共19层),已爬取
3804,水岸华庭(兰陵),1016431,https://liny.zu.anjuke.com/fangyuan/4548518377088006,3室2厅|整租|精装修|低层(共17层),已爬取
3805,水岸华庭(兰陵),1016431,https://liny.zu.anjuke.com/fangyuan/4604022732053511,3室2厅|整租|简单装修|低层(共17层),已爬取
3806,水岸华庭(兰陵),1016431,https://liny.zu.anjuke.com/fangyuan/4308161472077838,3室2厅|整租|精装修|中层(共17层),已爬取
3807,河畔花园,972923,https://liny.zu.anjuke.com/fangyuan/4623475406300165,3室2厅|合租|简单装修|低层(共15层),已爬取
3808,河畔花园,972923,https://liny.zu.anjuke.com/fangyuan/4548512635689985,3室2厅|合租|精装修|低层(共16层),已爬取
3809,河畔花园,972923,https://liny.zu.anjuke.com/fangyuan/3833574701001729,3室1厅|合租|精装修|中层(共26层),已爬取
3810,河畔花园,972923,https://liny.zu.anjuke.com/fangyuan/4625572185367566,3室1厅|合租|精装修|低层(共16层),已爬取
3811,河畔花园,972923,https://liny.zu.anjuke.com/fangyuan/4631559169600519,3室1厅|合租|精装修|中层(共20层),已爬取
3812,河畔花园,972923,https://liny.zu.anjuke.com/fangyuan/4548441966144515,3室2厅|合租|精装修|中层(共19层),已爬取
3813,河畔花园,972923,https://liny.zu.anjuke.com/fangyuan/3846798022648833,3室2厅|合租|精装修|中层(共23层),已爬取
3814,河畔花园,972923,https://liny.zu.anjuke.com/fangyuan/4605244126145541,3室2厅|合租|精装修|中层(共23层),已爬取
3815,河畔花园,972923,https://liny.zu.anjuke.com/fangyuan/4496695616171012,5室3厅|合租|精装修|中层(共20层),已爬取
3816,河畔花园,972923,https://liny.zu.anjuke.com/fangyuan/4586622431669260,3室2厅|合租|精装修|中层(共12层),已爬取
3817,掌舵龙湖,1088124,https://liny.zu.anjuke.com/fangyuan/4584549518089223,3室2厅|整租|精装修|低层(共7层),已爬取
3818,掌舵龙湖,1088124,https://liny.zu.anjuke.com/fangyuan/4628307327867914,3室2厅|整租|精装修|中层(共33层),已爬取
3819,掌舵龙湖,1088124,https://liny.zu.anjuke.com/fangyuan/4540246310362127,3室2厅|整租|精装修|中层(共9层),已爬取
3820,掌舵龙湖,1088124,https://liny.zu.anjuke.com/fangyuan/4540243822435342,3室2厅|整租|精装修|高层(共33层),已爬取
3821,掌舵龙湖,1088124,https://liny.zu.anjuke.com/fangyuan/4540317259553800,3室2厅|整租|精装修|中层(共21层),已爬取
3822,掌舵龙湖,1088124,https://liny.zu.anjuke.com/fangyuan/4182567615327240,3室2厅|整租|精装修|低层(共31层),已爬取
3823,掌舵龙湖,1088124,https://liny.zu.anjuke.com/fangyuan/4628157999967235,3室2厅|整租|精装修|低层(共33层),已爬取
3824,掌舵龙湖,1088124,https://liny.zu.anjuke.com/fangyuan/4617889823499268,3室2厅|整租|豪华装修|高层(共17层),已爬取
3825,掌舵龙湖,1088124,https://liny.zu.anjuke.com/fangyuan/4515872846570498,3室2厅|整租|简单装修|中层(共33层),已爬取
3826,掌舵龙湖,1088124,https://liny.zu.anjuke.com/fangyuan/4561469972655107,3室2厅|整租|精装修|低层(共9层),已爬取
3827,房源印象东城,1195633,https://liny.zu.anjuke.com/fangyuan/4615096288074760,3室2厅|整租|精装修|低层(共10层),已爬取
3828,房源印象东城,1195633,https://liny.zu.anjuke.com/fangyuan/4615159260208136,3室2厅|整租|精装修|低层(共11层),已爬取
3829,房源印象东城,1195633,https://liny.zu.anjuke.com/fangyuan/4615107821282315,3室2厅|整租|精装修|高层(共14层),已爬取
3830,房源印象东城,1195633,https://liny.zu.anjuke.com/fangyuan/4605269622266881,3室2厅|整租|精装修|低层(共11层),已爬取
3831,致远翡翠湾,1043745,https://liny.zu.anjuke.com/fangyuan/4527370312227843,3室2厅|整租|精装修|低层(共18层),已爬取
3832,致远翡翠湾,1043745,https://liny.zu.anjuke.com/fangyuan/4566983171386371,3室2厅|整租|精装修|中层(共17层),已爬取
3833,致远翡翠湾,1043745,https://liny.zu.anjuke.com/fangyuan/4544139017464845,3室2厅|整租|精装修|中层(共17层),已爬取
3834,致远翡翠湾,1043745,https://liny.zu.anjuke.com/fangyuan/4600962996722700,4室2厅|整租|精装修|高层(共18层),已爬取
3835,致远翡翠湾,1043745,https://liny.zu.anjuke.com/fangyuan/4616522219641871,3室2厅|整租|简单装修|中层(共17层),已爬取
3836,致远翡翠湾,1043745,https://liny.zu.anjuke.com/fangyuan/4620603782112258,3室2厅|整租|精装修|低层(共10层),已爬取
3837,致远翡翠湾,1043745,https://liny.zu.anjuke.com/fangyuan/4632334091688971,3室2厅|整租|简单装修|中层(共17层),已爬取
3838,致远翡翠湾,1043745,https://liny.zu.anjuke.com/fangyuan/4527359460320256,3室2厅|整租|精装修|高层(共18层),已爬取
3839,致远翡翠湾,1043745,https://liny.zu.anjuke.com/fangyuan/4631903683470350,4室2厅|整租|精装修|高层(共17层),已爬取
3840,致远翡翠湾,1043745,https://liny.zu.anjuke.com/fangyuan/4601508350600196,4室2厅|整租|精装修|高层(共18层),已爬取
3841,阳光国际,928011,https://liny.zu.anjuke.com/fangyuan/4623914786366467,3室2厅|整租|精装修|中层(共18层),已爬取
3842,阳光国际,928011,https://liny.zu.anjuke.com/fangyuan/4574295218693128,2室2厅|整租|精装修|高层(共18层),已爬取
3843,阳光国际,928011,https://liny.zu.anjuke.com/fangyuan/4596651544353803,2室2厅|整租|精装修|中层(共15层),已爬取
3844,阳光国际,928011,https://liny.zu.anjuke.com/fangyuan/4581002972242944,2室2厅|整租|精装修|中层(共18层),已爬取
3845,阳光国际,928011,https://liny.zu.anjuke.com/fangyuan/4396926346583054,3室2厅|整租|精装修|共5层,已爬取
3846,阳光国际,928011,https://liny.zu.anjuke.com/fangyuan/4581244764056584,2室1厅|整租|精装修|中层(共18层),已爬取
3847,阳光国际,928011,https://liny.zu.anjuke.com/fangyuan/4576844415706112,2室2厅|整租|精装修|中层(共18层),已爬取
3848,阳光国际,928011,https://liny.zu.anjuke.com/fangyuan/4583737233939466,2室2厅|整租|精装修|高层(共19层),已爬取
3849,阳光国际,928011,https://liny.zu.anjuke.com/fangyuan/4624286401438724,3室2厅|整租|简单装修|共3层,已爬取
3850,金叶花园(兰山),676874,https://liny.zu.anjuke.com/fangyuan/4626430213811202,3室1厅|合租|精装修|中层(共16层),已爬取
3851,金叶花园(兰山),676874,https://liny.zu.anjuke.com/fangyuan/4622153907463175,3室2厅|合租|豪华装修|低层(共32层),已爬取
3852,金叶花园(兰山),676874,https://liny.zu.anjuke.com/fangyuan/4591285692816386,2室2厅|合租|精装修|中层(共20层),已爬取
3853,金叶花园(兰山),676874,https://liny.zu.anjuke.com/fangyuan/4611181870590981,4室2厅|整租|简单装修|低层(共20层),已爬取
3854,金叶花园(兰山),676874,https://liny.zu.anjuke.com/fangyuan/4526652395691021,3室2厅|合租|精装修|中层(共17层),已爬取
3855,金叶花园(兰山),676874,https://liny.zu.anjuke.com/fangyuan/4608212391584773,4室2厅|整租|精装修|低层(共17层),已爬取
3856,金叶花园(兰山),676874,https://liny.zu.anjuke.com/fangyuan/4609571804572684,4室2厅|整租|精装修|低层(共17层),已爬取
3857,金叶花园(兰山),676874,https://liny.zu.anjuke.com/fangyuan/4594478482367497,4室2厅|整租|精装修|低层(共17层),已爬取
3858,金叶花园(兰山),676874,https://liny.zu.anjuke.com/fangyuan/4578143957457926,4室2厅|整租|简单装修|低层(共15层),已爬取
3859,金叶花园(兰山),676874,https://liny.zu.anjuke.com/fangyuan/4616906831125506,5室1厅|合租|精装修|高层(共17层),已爬取
3860,明德新城,1147503,https://liny.zu.anjuke.com/fangyuan/4341965111468040,2室1厅|整租|精装修|共3层,已爬取
3861,明德新城,1147503,https://liny.zu.anjuke.com/fangyuan/4605253290060805,3室2厅|整租|精装修|低层(共17层),已爬取
3862,明德新城,1147503,https://liny.zu.anjuke.com/fangyuan/4527088444400645,2室1厅|整租|精装修|共3层,已爬取
3863,明德新城,1147503,https://liny.zu.anjuke.com/fangyuan/4365930637810702,2室1厅|整租|精装修|共3层,已爬取
3864,明德新城,1147503,https://liny.zu.anjuke.com/fangyuan/4496082618539017,2室1厅|整租|精装修|共3层,已爬取
3865,明德新城,1147503,https://liny.zu.anjuke.com/fangyuan/4604899601277963,3室2厅|整租|精装修|中层(共17层),已爬取
3866,城开首府,972610,https://liny.zu.anjuke.com/fangyuan/4631997909195780,3室2厅|整租|精装修|低层(共33层),已爬取
3867,城开首府,972610,https://liny.zu.anjuke.com/fangyuan/4567019063829519,2室2厅|整租|精装修|高层(共32层),已爬取
3868,城开首府,972610,https://liny.zu.anjuke.com/fangyuan/4554159750343681,2室2厅|整租|精装修|高层(共32层),已爬取
3869,城开首府,972610,https://liny.zu.anjuke.com/fangyuan/4599452464489472,3室2厅|整租|精装修|低层(共32层),已爬取
3870,城开首府,972610,https://liny.zu.anjuke.com/fangyuan/4555822968019981,3室2厅|整租|精装修|高层(共11层),已爬取
3871,城开首府,972610,https://liny.zu.anjuke.com/fangyuan/4602247837180938,2室1厅|整租|精装修|高层(共32层),已爬取
3872,城开首府,972610,https://liny.zu.anjuke.com/fangyuan/4584047309138951,3室2厅|整租|精装修|中层(共26层),已爬取
3873,城开首府,972610,https://liny.zu.anjuke.com/fangyuan/4571382992399360,3室2厅|整租|精装修|低层(共28层),已爬取
3874,城开首府,972610,https://liny.zu.anjuke.com/fangyuan/4588454285861892,2室1厅|整租|精装修|中层(共28层),已爬取
3875,城开首府,972610,https://liny.zu.anjuke.com/fangyuan/4581357324196875,2室2厅|整租|精装修|中层(共32层),已爬取
3876,书香檀悦,1543010,https://liny.zu.anjuke.com/fangyuan/4603686104820747,3室2厅|整租|精装修|低层(共22层),已爬取
3877,书香檀悦,1543010,https://liny.zu.anjuke.com/fangyuan/4613585125712907,3室2厅|整租|精装修|中层(共17层),已爬取
3878,滨河嘉园,1186476,https://liny.zu.anjuke.com/fangyuan/4570013022002181,3室2厅|整租|简单装修|共5层,已爬取
3879,盛德桂园,872660,https://liny.zu.anjuke.com/fangyuan/4600776036410378,3室2厅|整租|精装修|高层(共15层),已爬取
3880,盛德桂园,872660,https://liny.zu.anjuke.com/fangyuan/4584075248671747,2室2厅|整租|精装修|中层(共14层),已爬取
3881,盛德桂园,872660,https://liny.zu.anjuke.com/fangyuan/4490794571541507,2室2厅|整租|精装修|低层(共17层),已爬取
3882,盛德桂园,872660,https://liny.zu.anjuke.com/fangyuan/4606476529294339,3室2厅|整租|精装修|高层(共13层),已爬取
3883,盛德桂园,872660,https://liny.zu.anjuke.com/fangyuan/4575768600452100,3室2厅|整租|精装修|低层(共14层),已爬取
3884,盛德桂园,872660,https://liny.zu.anjuke.com/fangyuan/4466966745197578,3室2厅|整租|精装修|中层(共13层),已爬取
3885,盛德桂园,872660,https://liny.zu.anjuke.com/fangyuan/4585681913551879,2室1厅|整租|精装修|低层(共16层),已爬取
3886,盛德桂园,872660,https://liny.zu.anjuke.com/fangyuan/4605471157148682,2室2厅|整租|精装修|低层(共14层),已爬取
3887,盛德桂园,872660,https://liny.zu.anjuke.com/fangyuan/4554410589416460,2室2厅|整租|精装修|低层(共16层),已爬取
3888,盛德桂园,872660,https://liny.zu.anjuke.com/fangyuan/4482325324749836,3室2厅|整租|精装修|低层(共16层),已爬取
3889,宝德新里程,1014919,https://liny.zu.anjuke.com/fangyuan/4608194813486084,1室1厅|合租|精装修|低层(共26层),已爬取
3890,宝德新里程,1014919,https://liny.zu.anjuke.com/fangyuan/4605046884195337,1室1厅|合租|精装修|低层(共15层),已爬取
3891,宝德新里程,1014919,https://liny.zu.anjuke.com/fangyuan/4588151365428224,3室2厅|整租|精装修|低层(共26层),已爬取
3892,宝德新里程,1014919,https://liny.zu.anjuke.com/fangyuan/4500576906470411,3室2厅|整租|简单装修|中层(共32层),已爬取
3893,宝德新里程,1014919,https://liny.zu.anjuke.com/fangyuan/4569973153885193,3室2厅|整租|简单装修|中层(共32层),已爬取
3894,宝德新里程,1014919,https://liny.zu.anjuke.com/fangyuan/4368729351069698,3室2厅|合租|精装修|低层(共15层),已爬取
3895,宝德新里程,1014919,https://liny.zu.anjuke.com/fangyuan/4602226820883469,1室1厅|合租|精装修|低层(共15层),已爬取
3896,宝德新里程,1014919,https://liny.zu.anjuke.com/fangyuan/4609800480597003,3室1厅|合租|精装修|中层(共16层),已爬取
3897,宝德新里程,1014919,https://liny.zu.anjuke.com/fangyuan/4602215441982476,1室1厅|合租|精装修|中层(共11层),已爬取
3898,宝德新里程,1014919,https://liny.zu.anjuke.com/fangyuan/4597063532110863,3室2厅|合租|精装修|低层(共22层),已爬取
3899,幸福花城(D区),677793,https://liny.zu.anjuke.com/fangyuan/4251251700722697,3室2厅|整租|精装修|低层(共6层),已爬取
3900,幸福花城(D区),677793,https://liny.zu.anjuke.com/fangyuan/4544573741243401,4室2厅|整租|精装修|高层(共6层),已爬取
3901,幸福花城(D区),677793,https://liny.zu.anjuke.com/fangyuan/4613638502263823,3室2厅|整租|精装修|中层(共6层),已爬取
3902,幸福花城(D区),677793,https://liny.zu.anjuke.com/fangyuan/4632315400231941,3室2厅|整租|精装修|高层(共6层),已爬取
3903,幸福花城(D区),677793,https://liny.zu.anjuke.com/fangyuan/4614943344651270,3室2厅|整租|精装修|中层(共6层),已爬取
3904,幸福花城(D区),677793,https://liny.zu.anjuke.com/fangyuan/4488207985744905,3室2厅|整租|简单装修|低层(共6层),已爬取
3905,幸福花城(D区),677793,https://liny.zu.anjuke.com/fangyuan/4626190309039104,3室2厅|合租|精装修|中层(共6层),已爬取
3906,幸福花城(D区),677793,https://liny.zu.anjuke.com/fangyuan/4605143631440910,3室2厅|整租|精装修|中层(共6层),已爬取
3907,幸福花城(D区),677793,https://liny.zu.anjuke.com/fangyuan/4600942284499981,3室2厅|整租|精装修|中层(共6层),已爬取
3908,幸福花城(D区),677793,https://liny.zu.anjuke.com/fangyuan/4629545210403849,3室2厅|整租|简单装修|中层(共6层),已爬取
3909,香榭丽都(兰山),940478,https://liny.zu.anjuke.com/fangyuan/4603583596471308,3室2厅|整租|简单装修|中层(共6层),已爬取
3910,香榭丽都(兰山),940478,https://liny.zu.anjuke.com/fangyuan/4554168068844549,2室2厅|整租|简单装修|低层(共7层),已爬取
3911,颐高上海街(二期),1005125,https://liny.zu.anjuke.com/fangyuan/4568241115505667,2室2厅|合租|精装修|中层(共22层),已爬取
3912,颐高上海街(二期),1005125,https://liny.zu.anjuke.com/fangyuan/4526638201789442,2室1厅|合租|精装修|中层(共20层),已爬取
3913,颐高上海街(二期),1005125,https://liny.zu.anjuke.com/fangyuan/4539437694100487,3室2厅|合租|精装修|中层(共17层),已爬取
3914,颐高上海街(二期),1005125,https://liny.zu.anjuke.com/fangyuan/4588306797583369,2室1厅|合租|精装修|中层(共16层),已爬取
3915,颐高上海街(二期),1005125,https://liny.zu.anjuke.com/fangyuan/4620624705362955,3室2厅|合租|精装修|低层(共15层),已爬取
3916,颐高上海街(二期),1005125,https://liny.zu.anjuke.com/fangyuan/4587425765057549,2室1厅|合租|精装修|中层(共14层),已爬取
3917,颐高上海街(二期),1005125,https://liny.zu.anjuke.com/fangyuan/4161439804006404,3室2厅|合租|精装修|中层(共20层),已爬取
3918,颐高上海街(二期),1005125,https://liny.zu.anjuke.com/fangyuan/4468212291185676,2室2厅|合租|精装修|低层(共22层),已爬取
3919,颐高上海街(二期),1005125,https://liny.zu.anjuke.com/fangyuan/4548394605519874,2室2厅|合租|精装修|中层(共18层),已爬取
3920,颐高上海街(二期),1005125,https://liny.zu.anjuke.com/fangyuan/4631940770257929,1室1厅|整租|简单装修|低层(共28层),已爬取
3921,万开世纪城,1082956,https://liny.zu.anjuke.com/fangyuan/4598041759966218,3室2厅|整租|简单装修|中层(共17层),已爬取
3922,万开世纪城,1082956,https://liny.zu.anjuke.com/fangyuan/4589916333681667,3室2厅|整租|简单装修|高层(共18层),已爬取
3923,万开世纪城,1082956,https://liny.zu.anjuke.com/fangyuan/4517541879489545,3室2厅|整租|精装修|低层(共17层),已爬取
3924,万开世纪城,1082956,https://liny.zu.anjuke.com/fangyuan/4613589229986817,3室2厅|整租|精装修|低层(共17层),已爬取
3925,万开世纪城,1082956,https://liny.zu.anjuke.com/fangyuan/4563251069182985,3室2厅|整租|精装修|中层(共18层),已爬取
3926,万开世纪城,1082956,https://liny.zu.anjuke.com/fangyuan/4595163178425355,3室2厅|整租|简单装修|高层(共26层),已爬取
3927,万开世纪城,1082956,https://liny.zu.anjuke.com/fangyuan/4601075539207169,2室2厅|整租|简单装修|低层(共17层),已爬取
3928,圣奥名门,677695,https://liny.zu.anjuke.com/fangyuan/4586803351561221,3室2厅|整租|精装修|中层(共6层),已爬取
3929,圣奥名门,677695,https://liny.zu.anjuke.com/fangyuan/4103787706408963,3室2厅|整租|精装修|中层(共6层),已爬取
3930,信合家园(沂水),973187,https://liny.zu.anjuke.com/fangyuan/4575968244048896,1室1厅|整租|简单装修|中层(共18层),已爬取
3931,信合家园(沂水),973187,https://liny.zu.anjuke.com/fangyuan/4616356358237199,2室2厅|整租|精装修|高层(共17层),已爬取
3932,信合家园(沂水),973187,https://liny.zu.anjuke.com/fangyuan/4593610051034114,3室2厅|整租|精装修|低层(共11层),已爬取
3933,信合家园(沂水),973187,https://liny.zu.anjuke.com/fangyuan/4538857043289097,3室2厅|整租|精装修|低层(共18层),已爬取
3934,信合家园(沂水),973187,https://liny.zu.anjuke.com/fangyuan/4576833937468424,1室1厅|整租|精装修|高层(共18层),已爬取
3935,信合家园(沂水),973187,https://liny.zu.anjuke.com/fangyuan/4623777445993485,4室2厅|整租|精装修|中层(共17层),已爬取
3936,信合家园(沂水),973187,https://liny.zu.anjuke.com/fangyuan/4375978958056459,1室1厅|整租|精装修|中层(共17层),已爬取
3937,信合家园(沂水),973187,https://liny.zu.anjuke.com/fangyuan/4370193837859842,2室2厅|整租|精装修|高层(共18层),已爬取
3938,信合家园(沂水),973187,https://liny.zu.anjuke.com/fangyuan/4631142126412815,3室2厅|整租|精装修|中层(共18层),已爬取
3939,信合家园(沂水),973187,https://liny.zu.anjuke.com/fangyuan/4459401183161354,3室2厅|合租|简单装修|高层(共18层),已爬取
3940,华信浅水湾,972939,https://liny.zu.anjuke.com/fangyuan/4601002256821257,1室1厅|整租|精装修|低层(共32层),已爬取
3941,华信浅水湾,972939,https://liny.zu.anjuke.com/fangyuan/4597067060108298,1室1厅|整租|精装修|中层(共33层),已爬取
3942,华信浅水湾,972939,https://liny.zu.anjuke.com/fangyuan/4614946625397763,3室2厅|整租|精装修|高层(共30层),已爬取
3943,康居嘉园,677056,https://liny.zu.anjuke.com/fangyuan/4500694481951755,2室2厅|整租|简单装修|高层(共6层),已爬取
3944,康居嘉园,677056,https://liny.zu.anjuke.com/fangyuan/4556048451544065,3室2厅|整租|简单装修|高层(共6层),已爬取
3945,如意家园(沂水),973088,https://liny.zu.anjuke.com/fangyuan/4580212878760966,3室2厅|整租|精装修|共5层,已爬取
3946,如意家园(沂水),973088,https://liny.zu.anjuke.com/fangyuan/4589465301720078,3室2厅|整租|简单装修|高层(共6层),已爬取
3947,如意家园(沂水),973088,https://liny.zu.anjuke.com/fangyuan/4543255283526663,3室2厅|整租|精装修|共5层,已爬取
3948,如意家园(沂水),973088,https://liny.zu.anjuke.com/fangyuan/4595106368201735,3室2厅|整租|精装修|共5层,已爬取
3949,如意家园(沂水),973088,https://liny.zu.anjuke.com/fangyuan/4624807349789702,3室2厅|整租|精装修|共5层,已爬取
3950,如意家园(沂水),973088,https://liny.zu.anjuke.com/fangyuan/4575703791166473,3室2厅|整租|精装修|高层(共6层),已爬取
3951,如意家园(沂水),973088,https://liny.zu.anjuke.com/fangyuan/4618536478057478,3室2厅|整租|精装修|共5层,已爬取
3952,蒙山花园,1063834,https://liny.zu.anjuke.com/fangyuan/4569689037319177,2室1厅|整租|精装修|共4层,已爬取
3953,蒙山花园,1063834,https://liny.zu.anjuke.com/fangyuan/4605141019517959,1室1厅|整租|简单装修|共5层,已爬取
3954,蒙山花园,1063834,https://liny.zu.anjuke.com/fangyuan/4568597866372096,1室1厅|整租|精装修|中层(共7层),已爬取
3955,蒙山花园,1063834,https://liny.zu.anjuke.com/fangyuan/4342338576821252,1室1厅|整租|简单装修|共4层,已爬取
3956,蒙山花园,1063834,https://liny.zu.anjuke.com/fangyuan/4384393059165187,3室1厅|整租|精装修|低层(共6层),已爬取
3957,蒙山花园,1063834,https://liny.zu.anjuke.com/fangyuan/4227627805531139,3室1厅|整租|精装修|中层(共6层),已爬取
3958,书香佳园,973109,https://liny.zu.anjuke.com/fangyuan/4630452075373569,3室2厅|整租|简单装修|中层(共6层),已爬取
3959,书香佳园,973109,https://liny.zu.anjuke.com/fangyuan/4617816545143814,3室2厅|整租|简单装修|共5层,已爬取
3960,书香佳园,973109,https://liny.zu.anjuke.com/fangyuan/4568504133262347,2室2厅|整租|精装修|共5层,已爬取
3961,正直花园,923070,https://liny.zu.anjuke.com/fangyuan/4571327456750593,3室2厅|整租|精装修|中层(共18层),已爬取
3962,正直花园,923070,https://liny.zu.anjuke.com/fangyuan/4624859305585678,2室2厅|整租|精装修|高层(共17层),已爬取
3963,正直花园,923070,https://liny.zu.anjuke.com/fangyuan/4623416118223876,3室2厅|整租|精装修|低层(共6层),已爬取
3964,正直花园,923070,https://liny.zu.anjuke.com/fangyuan/4626522263694336,3室2厅|整租|精装修|中层(共18层),已爬取
3965,正直花园,923070,https://liny.zu.anjuke.com/fangyuan/4625012795059200,3室2厅|整租|精装修|中层(共17层),已爬取
3966,正直花园,923070,https://liny.zu.anjuke.com/fangyuan/4633399255063561,2室1厅|整租|精装修|高层(共11层),已爬取
3967,正直花园,923070,https://liny.zu.anjuke.com/fangyuan/4588402183412751,3室2厅|整租|精装修|中层(共18层),已爬取
3968,正直花园,923070,https://liny.zu.anjuke.com/fangyuan/4596888697447424,3室2厅|整租|精装修|共5层,已爬取
3969,正直花园,923070,https://liny.zu.anjuke.com/fangyuan/4625986242618376,2室2厅|整租|精装修|高层(共18层),已爬取
3970,正直花园,923070,https://liny.zu.anjuke.com/fangyuan/4583840715566088,3室2厅|整租|精装修|中层(共16层),已爬取
3971,环球新界,1012121,https://liny.zu.anjuke.com/fangyuan/4632271930944525,1室1厅|整租|精装修|低层(共29层),已爬取
3972,环球新界,1012121,https://liny.zu.anjuke.com/fangyuan/4629372981369867,1室1厅|整租|精装修|中层(共28层),已爬取
3973,环球新界,1012121,https://liny.zu.anjuke.com/fangyuan/4481185385978880,1室1厅|整租|精装修|低层(共28层),已爬取
3974,环球新界,1012121,https://liny.zu.anjuke.com/fangyuan/4632030511918085,1室1厅|整租|精装修|中层(共32层),已爬取
3975,环球新界,1012121,https://liny.zu.anjuke.com/fangyuan/4538552141618185,1室1厅|整租|精装修|高层(共28层),已爬取
3976,环球新界,1012121,https://liny.zu.anjuke.com/fangyuan/4582530406851586,1室1厅|整租|精装修|高层(共28层),已爬取
3977,环球新界,1012121,https://liny.zu.anjuke.com/fangyuan/4632007526902794,1室1厅|整租|精装修|高层(共28层),已爬取
3978,环球新界,1012121,https://liny.zu.anjuke.com/fangyuan/3768538908435468,1室1厅|整租|精装修|高层(共28层),已爬取
3979,环球新界,1012121,https://liny.zu.anjuke.com/fangyuan/4527305903840262,1室1厅|整租|精装修|中层(共28层),已爬取
3980,环球新界,1012121,https://liny.zu.anjuke.com/fangyuan/4476257846713346,1室1厅|整租|精装修|高层(共30层),已爬取
3981,芙蓉小区,972631,https://liny.zu.anjuke.com/fangyuan/4621978464871426,3室2厅|整租|简单装修|中层(共6层),已爬取
3982,芙蓉小区,972631,https://liny.zu.anjuke.com/fangyuan/4599911150853120,3室2厅|整租|简单装修|中层(共6层),已爬取
3983,芙蓉小区,972631,https://liny.zu.anjuke.com/fangyuan/4591144534502412,3室2厅|整租|简单装修|中层(共6层),已爬取
3984,芙蓉小区,972631,https://liny.zu.anjuke.com/fangyuan/4582688157606926,3室2厅|整租|简单装修|共5层,已爬取
3985,芙蓉小区,972631,https://liny.zu.anjuke.com/fangyuan/4596403634269190,3室2厅|整租|简单装修|共5层,已爬取
3986,东方花苑(兰山),676794,https://liny.zu.anjuke.com/fangyuan/4603649929452551,3室2厅|合租|精装修|中层(共20层),已爬取
3987,东方花苑(兰山),676794,https://liny.zu.anjuke.com/fangyuan/4384607415542797,3室2厅|合租|精装修|中层(共17层),已爬取
3988,东方花苑(兰山),676794,https://liny.zu.anjuke.com/fangyuan/4631913683807237,4室1厅|合租|精装修|中层(共30层),已爬取
3989,东方花苑(兰山),676794,https://liny.zu.anjuke.com/fangyuan/4161449330306049,3室2厅|合租|精装修|中层(共20层),已爬取
3990,东方花苑(兰山),676794,https://liny.zu.anjuke.com/fangyuan/4633278700710919,1室1厅|合租|精装修|高层(共33层),已爬取
3991,东方花苑(兰山),676794,https://liny.zu.anjuke.com/fangyuan/4535658336263180,1室1厅|合租|精装修|高层(共33层),已爬取
3992,东方花苑(兰山),676794,https://liny.zu.anjuke.com/fangyuan/4550503559224326,2室2厅|整租|精装修|低层(共24层),已爬取
3993,东方花苑(兰山),676794,https://liny.zu.anjuke.com/fangyuan/4590898362868751,3室2厅|合租|精装修|中层(共19层),已爬取
3994,东方花苑(兰山),676794,https://liny.zu.anjuke.com/fangyuan/4494852642991119,3室2厅|整租|精装修|中层(共31层),已爬取
3995,东方花苑(兰山),676794,https://liny.zu.anjuke.com/fangyuan/4572350598489098,3室2厅|整租|简单装修|中层(共28层),已爬取
3996,柳青家园,973037,https://liny.zu.anjuke.com/fangyuan/4469267811818504,3室2厅|整租|精装修|低层(共17层),已爬取
3997,五里堡苹果园小区,676742,https://liny.zu.anjuke.com/fangyuan/4575368702843904,3室1厅|合租|精装修|中层(共6层),已爬取
3998,五里堡苹果园小区,676742,https://liny.zu.anjuke.com/fangyuan/4618460710411270,3室1厅|合租|精装修|共5层,已爬取
3999,五里堡苹果园小区,676742,https://liny.zu.anjuke.com/fangyuan/4535842313509888,3室2厅|合租|精装修|中层(共6层),已爬取
4000,五里堡苹果园小区,676742,https://liny.zu.anjuke.com/fangyuan/4225683343629319,3室2厅|合租|精装修|中层(共6层),已爬取
4001,五里堡苹果园小区,676742,https://liny.zu.anjuke.com/fangyuan/4526043206179854,3室1厅|合租|精装修|中层(共6层),已爬取
4002,五里堡苹果园小区,676742,https://liny.zu.anjuke.com/fangyuan/4617806669798404,3室2厅|合租|精装修|低层(共30层),已爬取
4003,五里堡苹果园小区,676742,https://liny.zu.anjuke.com/fangyuan/4621260596685833,2室1厅|合租|精装修|共4层,已爬取
4004,五里堡苹果园小区,676742,https://liny.zu.anjuke.com/fangyuan/4615329648684042,3室2厅|合租|精装修|低层(共6层),已爬取
4005,五里堡苹果园小区,676742,https://liny.zu.anjuke.com/fangyuan/4438025109054471,3室2厅|合租|精装修|中层(共6层),已爬取
4006,五里堡苹果园小区,676742,https://liny.zu.anjuke.com/fangyuan/3608988283543557,3室2厅|合租|精装修|共5层,已爬取
4007,兰亭水岸,676873,https://liny.zu.anjuke.com/fangyuan/4539801781464078,2室2厅|整租|精装修|中层(共30层),已爬取
4008,兰亭水岸,676873,https://liny.zu.anjuke.com/fangyuan/4516062997310467,2室1厅|整租|精装修|中层(共31层),已爬取
4009,兰亭水岸,676873,https://liny.zu.anjuke.com/fangyuan/4561855550135308,2室2厅|整租|精装修|中层(共32层),已爬取
4010,兰亭水岸,676873,https://liny.zu.anjuke.com/fangyuan/4568788170615821,3室2厅|整租|精装修|中层(共32层),已爬取
4011,兰亭水岸,676873,https://liny.zu.anjuke.com/fangyuan/4452181980720143,3室2厅|整租|精装修|低层(共31层),已爬取
4012,兰亭水岸,676873,https://liny.zu.anjuke.com/fangyuan/4552689446427655,2室2厅|整租|简单装修|低层(共31层),已爬取
4013,兰亭水岸,676873,https://liny.zu.anjuke.com/fangyuan/4599518772435977,2室2厅|整租|精装修|中层(共30层),已爬取
4014,开元瑞都东区,1186461,https://liny.zu.anjuke.com/fangyuan/4357374646361094,3室2厅|整租|简单装修|中层(共6层),已爬取
4015,开元瑞都东区,1186461,https://liny.zu.anjuke.com/fangyuan/4511591921708045,3室2厅|整租|简单装修|高层(共6层),已爬取
4016,安信现代城,972599,https://liny.zu.anjuke.com/fangyuan/4244550474539015,1室1厅|整租|精装修|中层(共19层),已爬取
4017,安信现代城,972599,https://liny.zu.anjuke.com/fangyuan/4251397567605763,1室1厅|整租|简单装修|低层(共17层),已爬取
4018,安信现代城,972599,https://liny.zu.anjuke.com/fangyuan/4279733415668738,1室1厅|整租|精装修|共3层,已爬取
4019,安信现代城,972599,https://liny.zu.anjuke.com/fangyuan/4599684009862148,1室1厅|整租|简单装修|低层(共18层),已爬取
4020,安信现代城,972599,https://liny.zu.anjuke.com/fangyuan/4200316768590858,1室1厅|整租|精装修|中层(共6层),已爬取
4021,星河城,1052507,https://liny.zu.anjuke.com/fangyuan/4378716625165317,3室2厅|整租|精装修|低层(共22层),已爬取
4022,星河城,1052507,https://liny.zu.anjuke.com/fangyuan/4545472637328388,3室2厅|整租|精装修|高层(共33层),已爬取
4023,星河城,1052507,https://liny.zu.anjuke.com/fangyuan/4632118779618313,3室2厅|整租|精装修|中层(共30层),已爬取
4024,星河城,1052507,https://liny.zu.anjuke.com/fangyuan/4609708282194958,3室2厅|整租|精装修|中层(共30层),已爬取
4025,星河城,1052507,https://liny.zu.anjuke.com/fangyuan/4587073863576585,4室2厅|整租|精装修|中层(共29层),已爬取
4026,星河城,1052507,https://liny.zu.anjuke.com/fangyuan/4612473696263182,3室2厅|整租|精装修|中层(共30层),已爬取
4027,星河城,1052507,https://liny.zu.anjuke.com/fangyuan/4619043041598478,3室2厅|整租|精装修|中层(共33层),已爬取
4028,星河城,1052507,https://liny.zu.anjuke.com/fangyuan/4632191790343182,3室2厅|整租|精装修|高层(共26层),已爬取
4029,星河城,1052507,https://liny.zu.anjuke.com/fangyuan/4507427337100295,3室2厅|整租|精装修|低层(共8层),已爬取
4030,星河城,1052507,https://liny.zu.anjuke.com/fangyuan/4585236724278272,3室2厅|整租|精装修|高层(共30层),已爬取
4031,山水龙城(莒南),1008633,https://liny.zu.anjuke.com/fangyuan/4623793371098126,3室2厅|整租|精装修|低层(共17层),已爬取
4032,和园首府,1371575,https://liny.zu.anjuke.com/fangyuan/4629443102155777,3室2厅|整租|精装修|共5层,已爬取
4033,金城溪园,972961,https://liny.zu.anjuke.com/fangyuan/4633460359011331,3室2厅|整租|精装修|低层(共10层),已爬取
4034,金城溪园,972961,https://liny.zu.anjuke.com/fangyuan/4609556889132045,3室2厅|整租|精装修|低层(共6层),已爬取
4035,金城溪园,972961,https://liny.zu.anjuke.com/fangyuan/4628417801397253,3室2厅|整租|精装修|低层(共12层),已爬取
4036,金城溪园,972961,https://liny.zu.anjuke.com/fangyuan/4632608367617031,3室2厅|整租|精装修|低层(共11层),已爬取
4037,小区_1664003,1664003,https://liny.zu.anjuke.com/fangyuan/4624124292883467,1室1厅|整租|精装修|中层(共30层),已爬取
4038,小区_1664003,1664003,https://liny.zu.anjuke.com/fangyuan/4632386192796674,3室2厅|整租|精装修|低层(共27层),已爬取
4039,小区_1664003,1664003,https://liny.zu.anjuke.com/fangyuan/4083437958622220,3室2厅|合租|精装修|中层(共17层),已爬取
4040,小区_1664003,1664003,https://liny.zu.anjuke.com/fangyuan/4315134889533440,2室2厅|整租|精装修|中层(共23层),已爬取
4041,小区_1664003,1664003,https://liny.zu.anjuke.com/fangyuan/4575994784635908,4室2厅|整租|精装修|中层(共27层),已爬取
4042,小区_1664003,1664003,https://liny.zu.anjuke.com/fangyuan/4623801145760780,3室2厅|整租|豪华装修|高层(共31层),已爬取
4043,小区_1664003,1664003,https://liny.zu.anjuke.com/fangyuan/4613854438829069,3室2厅|整租|精装修|高层(共12层),已爬取
4044,小区_1664003,1664003,https://liny.zu.anjuke.com/fangyuan/4507963097787393,3室2厅|整租|精装修|中层(共26层),已爬取
4045,小区_1664003,1664003,https://liny.zu.anjuke.com/fangyuan/4632310480970754,3室2厅|整租|精装修|低层(共27层),已爬取
4046,小区_1664003,1664003,https://liny.zu.anjuke.com/fangyuan/4550315230030848,3室2厅|整租|精装修|中层(共27层),已爬取
4047,福源家园,713721,https://liny.zu.anjuke.com/fangyuan/4568218502194180,2室2厅|整租|精装修|低层(共6层),已爬取
4048,福源家园,713721,https://liny.zu.anjuke.com/fangyuan/3614662779920397,1室1厅|整租|精装修|低层(共6层),已爬取
4049,福源家园,713721,https://liny.zu.anjuke.com/fangyuan/3080450154830854,3室2厅|整租|精装修|低层(共6层),已爬取
4050,福源家园,713721,https://liny.zu.anjuke.com/fangyuan/3446214338044943,3室2厅|整租|精装修|低层(共6层),已爬取
4051,福源家园,713721,https://liny.zu.anjuke.com/fangyuan/4494811609603081,3室2厅|整租|精装修|中层(共6层),已爬取
4052,福源家园,713721,https://liny.zu.anjuke.com/fangyuan/4527919231540228,3室2厅|整租|精装修|低层(共6层),已爬取
4053,福源家园,713721,https://liny.zu.anjuke.com/fangyuan/4460883804972041,3室2厅|整租|简单装修|高层(共6层),已爬取
4054,福源家园,713721,https://liny.zu.anjuke.com/fangyuan/3442868602101774,3室2厅|整租|精装修|中层(共6层),已爬取
4055,福源家园,713721,https://liny.zu.anjuke.com/fangyuan/3257521366605839,3室2厅|整租|精装修|高层(共6层),已爬取
4056,福源家园,713721,https://liny.zu.anjuke.com/fangyuan/4586731973798923,4室2厅|整租|精装修|低层(共6层),已爬取
4057,万图水岸经典,1087486,https://liny.zu.anjuke.com/fangyuan/4595525065384975,3室2厅|整租|精装修|高层(共18层),已爬取
4058,万图水岸经典,1087486,https://liny.zu.anjuke.com/fangyuan/4572421322777603,3室2厅|整租|精装修|低层(共26层),已爬取
4059,裕隆嘉园(平邑),973254,https://liny.zu.anjuke.com/fangyuan/4633759061859337,3室2厅|整租|精装修|中层(共18层),已爬取
4060,裕隆嘉园(平邑),973254,https://liny.zu.anjuke.com/fangyuan/4613865620528143,3室2厅|整租|精装修|共5层,已爬取
4061,裕隆嘉园(平邑),973254,https://liny.zu.anjuke.com/fangyuan/4613851839669260,3室2厅|整租|简单装修|共5层,已爬取
4062,东方帝景,1052973,https://liny.zu.anjuke.com/fangyuan/4612506760113166,3室2厅|整租|精装修|中层(共9层),已爬取
4063,东华都市阳光,1066942,https://liny.zu.anjuke.com/fangyuan/4598291857939461,3室2厅|整租|精装修|低层(共6层),已爬取
4064,东华都市阳光,1066942,https://liny.zu.anjuke.com/fangyuan/4633792604085257,3室2厅|整租|精装修|共1层,已爬取
4065,东华都市阳光,1066942,https://liny.zu.anjuke.com/fangyuan/4630577967950861,2室1厅|整租|精装修|低层(共6层),已爬取
4066,东华都市阳光,1066942,https://liny.zu.anjuke.com/fangyuan/4603662510173196,3室1厅|整租|豪华装修|共5层,已爬取
4067,东华都市阳光,1066942,https://liny.zu.anjuke.com/fangyuan/4582448589597703,2室2厅|整租|简单装修|共5层,已爬取
4068,东华都市阳光,1066942,https://liny.zu.anjuke.com/fangyuan/4596610917624832,3室2厅|整租|精装修|共5层,已爬取
4069,东华都市阳光,1066942,https://liny.zu.anjuke.com/fangyuan/4602813947698180,3室2厅|整租|精装修|低层(共6层),已爬取
4070,东华都市阳光,1066942,https://liny.zu.anjuke.com/fangyuan/4534283442170895,2室2厅|整租|精装修|共5层,已爬取
4071,东华都市阳光,1066942,https://liny.zu.anjuke.com/fangyuan/4619529269109765,3室2厅|整租|精装修|共5层,已爬取
4072,东华都市阳光,1066942,https://liny.zu.anjuke.com/fangyuan/4596819612118019,3室2厅|整租|精装修|低层(共6层),已爬取
4073,华泉苑,678066,https://liny.zu.anjuke.com/fangyuan/3384853077024770,3室2厅|整租|简单装修|共5层,已爬取
4074,华泉苑,678066,https://liny.zu.anjuke.com/fangyuan/3448917344115712,3室2厅|整租|精装修|低层(共15层),已爬取
4075,华泉苑,678066,https://liny.zu.anjuke.com/fangyuan/4630699705019402,3室2厅|整租|精装修|高层(共11层),已爬取
4076,华泉苑,678066,https://liny.zu.anjuke.com/fangyuan/4622224193186827,3室2厅|整租|简单装修|共5层,已爬取
4077,华泉苑,678066,https://liny.zu.anjuke.com/fangyuan/2917745478724611,3室2厅|整租|精装修|中层(共12层),已爬取
4078,华泉苑,678066,https://liny.zu.anjuke.com/fangyuan/4633345301617677,3室2厅|整租|简单装修|低层(共17层),已爬取
4079,华泉苑,678066,https://liny.zu.anjuke.com/fangyuan/4436939190578178,3室2厅|整租|简单装修|高层(共11层),已爬取
4080,华泉苑,678066,https://liny.zu.anjuke.com/fangyuan/4617542765812739,3室2厅|整租|精装修|低层(共11层),已爬取
4081,华泉苑,678066,https://liny.zu.anjuke.com/fangyuan/4632324275350534,3室2厅|整租|简单装修|低层(共15层),已爬取
4082,华泉苑,678066,https://liny.zu.anjuke.com/fangyuan/4633237415631880,3室2厅|整租|毛坯|共5层,已爬取
4083,银雀尚城,677250,https://liny.zu.anjuke.com/fangyuan/4578149491780609,1室1厅|整租|精装修|低层(共18层),已爬取
4084,银雀尚城,677250,https://liny.zu.anjuke.com/fangyuan/4616469192121357,1室1厅|整租|精装修|高层(共18层),已爬取
4085,银雀尚城,677250,https://liny.zu.anjuke.com/fangyuan/4557104937296910,4室2厅|整租|精装修|低层(共18层),已爬取
4086,银雀尚城,677250,https://liny.zu.anjuke.com/fangyuan/4626538013678603,1室1厅|整租|精装修|中层(共18层),已爬取
4087,银雀尚城,677250,https://liny.zu.anjuke.com/fangyuan/4514476475984904,1室1厅|整租|精装修|中层(共18层),已爬取
4088,银雀尚城,677250,https://liny.zu.anjuke.com/fangyuan/4470917594586115,1室1厅|整租|精装修|低层(共18层),已爬取
4089,银雀尚城,677250,https://liny.zu.anjuke.com/fangyuan/4619197828013060,2室2厅|整租|精装修|高层(共17层),已爬取
4090,银雀尚城,677250,https://liny.zu.anjuke.com/fangyuan/4623523189203974,4室2厅|整租|精装修|中层(共17层),已爬取
4091,银雀尚城,677250,https://liny.zu.anjuke.com/fangyuan/4615427345685515,1室1厅|整租|精装修|高层(共18层),已爬取
4092,银雀尚城,677250,https://liny.zu.anjuke.com/fangyuan/4566756552580110,3室2厅|整租|精装修|高层(共17层),已爬取
4093,奥德紫荆城,677834,https://liny.zu.anjuke.com/fangyuan/4560050930213899,5室3厅|整租|精装修|低层(共6层),已爬取
4094,奥德紫荆城,677834,https://liny.zu.anjuke.com/fangyuan/4534565209840647,3室2厅|整租|精装修|低层(共6层),已爬取
4095,朗润馨园,928008,https://liny.zu.anjuke.com/fangyuan/4586079790345228,2室1厅|整租|精装修|低层(共12层),已爬取
4096,古城社区南B区,1179509,https://liny.zu.anjuke.com/fangyuan/4579573846010883,3室1厅|合租|精装修|中层(共10层),已爬取
4097,古城社区南B区,1179509,https://liny.zu.anjuke.com/fangyuan/4602138202938377,1室1厅|合租|精装修|中层(共11层),已爬取
4098,古城社区南B区,1179509,https://liny.zu.anjuke.com/fangyuan/4547482684697610,2室2厅|整租|简单装修|高层(共17层),已爬取
4099,古城社区南B区,1179509,https://liny.zu.anjuke.com/fangyuan/4532017571687436,3室2厅|整租|精装修|中层(共7层),已爬取
4100,古城社区南B区,1179509,https://liny.zu.anjuke.com/fangyuan/4616689024310275,1室0厅|合租|精装修|低层(共20层),已爬取
4101,古城社区南B区,1179509,https://liny.zu.anjuke.com/fangyuan/4509089462903810,3室2厅|整租|精装修|中层(共7层),已爬取
4102,古城社区南B区,1179509,https://liny.zu.anjuke.com/fangyuan/4578272480289793,1室0厅|合租|精装修|低层(共20层),已爬取
4103,古城社区南B区,1179509,https://liny.zu.anjuke.com/fangyuan/4595157636946957,3室2厅|整租|简单装修|高层(共7层),已爬取
4104,古城社区南B区,1179509,https://liny.zu.anjuke.com/fangyuan/4538756648983565,2室2厅|整租|简单装修|高层(共17层),已爬取
4105,古城社区南B区,1179509,https://liny.zu.anjuke.com/fangyuan/4612421074805774,3室2厅|合租|精装修|低层(共16层),已爬取
4106,福宽广场,1470216,https://liny.zu.anjuke.com/fangyuan/4490425116023822,1室1厅|整租|精装修|中层(共11层),已爬取
4107,福宽广场,1470216,https://liny.zu.anjuke.com/fangyuan/4583153575910407,1室1厅|整租|精装修|高层(共21层),已爬取
4108,福宽广场,1470216,https://liny.zu.anjuke.com/fangyuan/4577140267525129,1室1厅|整租|精装修|高层(共21层),已爬取
4109,福宽广场,1470216,https://liny.zu.anjuke.com/fangyuan/4584046473063425,1室1厅|整租|简单装修|高层(共20层),已爬取
4110,福宽广场,1470216,https://liny.zu.anjuke.com/fangyuan/4555533544399880,1室1厅|整租|精装修|中层(共8层),已爬取
4111,福宽广场,1470216,https://liny.zu.anjuke.com/fangyuan/4275271717477390,1室1厅|整租|精装修|高层(共20层),已爬取
4112,福宽广场,1470216,https://liny.zu.anjuke.com/fangyuan/2889354346273794,1室1厅|整租|简单装修|中层(共17层),已爬取
4113,福宽广场,1470216,https://liny.zu.anjuke.com/fangyuan/4606822958488588,1室1厅|整租|精装修|高层(共7层),已爬取
4114,福宽广场,1470216,https://liny.zu.anjuke.com/fangyuan/4294138501950474,4室2厅|合租|精装修|低层(共7层),已爬取
4115,福宽广场,1470216,https://liny.zu.anjuke.com/fangyuan/4569058401197066,1室1厅|整租|精装修|中层(共21层),已爬取
4116,金明寓育源华庭,677981,https://liny.zu.anjuke.com/fangyuan/4626500411024389,1室1厅|整租|精装修|高层(共15层),已爬取
4117,金明寓育源华庭,677981,https://liny.zu.anjuke.com/fangyuan/4530092473822214,1室1厅|整租|简单装修|高层(共15层),已爬取
4118,金明寓育源华庭,677981,https://liny.zu.anjuke.com/fangyuan/4630863043124227,1室1厅|整租|精装修|低层(共12层),已爬取
4119,金明寓育源华庭,677981,https://liny.zu.anjuke.com/fangyuan/4369039935974402,3室2厅|整租|简单装修|中层(共18层),已爬取
4120,金明寓育源华庭,677981,https://liny.zu.anjuke.com/fangyuan/4029324822060039,1室1厅|整租|精装修|高层(共6层),已爬取
4121,金明寓育源华庭,677981,https://liny.zu.anjuke.com/fangyuan/4609900098264075,1室1厅|整租|精装修|高层(共15层),已爬取
4122,金明寓育源华庭,677981,https://liny.zu.anjuke.com/fangyuan/4605613859462154,1室1厅|整租|精装修|中层(共14层),已爬取
4123,金明寓育源华庭,677981,https://liny.zu.anjuke.com/fangyuan/4576711022533636,1室1厅|整租|精装修|高层(共10层),已爬取
4124,金明寓育源华庭,677981,https://liny.zu.anjuke.com/fangyuan/4626489440087052,1室1厅|整租|精装修|高层(共15层),已爬取
4125,金明寓育源华庭,677981,https://liny.zu.anjuke.com/fangyuan/4494611519036422,1室1厅|整租|精装修|中层(共15层),已爬取
4126,环球中心,1073552,https://liny.zu.anjuke.com/fangyuan/4591271372563460,3室2厅|合租|精装修|低层(共30层),已爬取
4127,环球中心,1073552,https://liny.zu.anjuke.com/fangyuan/4507633082735618,3室2厅|合租|精装修|中层(共21层),已爬取
4128,环球中心,1073552,https://liny.zu.anjuke.com/fangyuan/4516538211509255,2室2厅|合租|精装修|中层(共29层),已爬取
4129,环球中心,1073552,https://liny.zu.anjuke.com/fangyuan/4516544431823875,2室2厅|合租|精装修|中层(共23层),已爬取
4130,环球中心,1073552,https://liny.zu.anjuke.com/fangyuan/4505129174901770,3室2厅|合租|精装修|中层(共20层),已爬取
4131,环球中心,1073552,https://liny.zu.anjuke.com/fangyuan/4527225561930767,2室1厅|合租|精装修|低层(共20层),已爬取
4132,环球中心,1073552,https://liny.zu.anjuke.com/fangyuan/4633790589558793,3室2厅|合租|精装修|中层(共24层),已爬取
4133,环球中心,1073552,https://liny.zu.anjuke.com/fangyuan/4494577012464652,2室2厅|合租|精装修|中层(共25层),已爬取
4134,环球中心,1073552,https://liny.zu.anjuke.com/fangyuan/4494580597761026,2室2厅|合租|精装修|中层(共19层),已爬取
4135,环球中心,1073552,https://liny.zu.anjuke.com/fangyuan/4592837819935759,2室1厅|整租|精装修|高层(共31层),已爬取
4136,曹家王庄小区(东区),677525,https://liny.zu.anjuke.com/fangyuan/4593742145432576,3室2厅|合租|精装修|低层(共28层),已爬取
4137,曹家王庄小区(东区),677525,https://liny.zu.anjuke.com/fangyuan/4602353586461698,3室2厅|合租|精装修|共5层,已爬取
4138,曹家王庄小区(东区),677525,https://liny.zu.anjuke.com/fangyuan/4582942284819464,3室2厅|合租|精装修|中层(共7层),已爬取
4139,曹家王庄小区(东区),677525,https://liny.zu.anjuke.com/fangyuan/4629245878150154,3室2厅|合租|豪华装修|低层(共10层),已爬取
4140,曹家王庄小区(东区),677525,https://liny.zu.anjuke.com/fangyuan/4629624819850255,3室1厅|合租|精装修|低层(共22层),已爬取
4141,曹家王庄小区(东区),677525,https://liny.zu.anjuke.com/fangyuan/3935644507433992,2室2厅|合租|精装修|中层(共14层),已爬取
4142,曹家王庄小区(东区),677525,https://liny.zu.anjuke.com/fangyuan/4631589101280270,3室1厅|合租|精装修|高层(共25层),已爬取
4143,曹家王庄小区(东区),677525,https://liny.zu.anjuke.com/fangyuan/4487660442442765,3室2厅|合租|精装修|低层(共6层),已爬取
4144,曹家王庄小区(东区),677525,https://liny.zu.anjuke.com/fangyuan/4530181059161096,3室1厅|合租|精装修|低层(共20层),已爬取
4145,曹家王庄小区(东区),677525,https://liny.zu.anjuke.com/fangyuan/4612118741244940,3室2厅|合租|精装修|低层(共6层),已爬取
4146,外滩香格里拉,997764,https://liny.zu.anjuke.com/fangyuan/4621296616807429,3室2厅|合租|精装修|中层(共12层),已爬取
4147,外滩香格里拉,997764,https://liny.zu.anjuke.com/fangyuan/4524363933850638,3室2厅|合租|精装修|中层(共14层),已爬取
4148,外滩香格里拉,997764,https://liny.zu.anjuke.com/fangyuan/4632337564230657,1室1厅|整租|精装修|中层(共29层),已爬取
4149,外滩香格里拉,997764,https://liny.zu.anjuke.com/fangyuan/4632263559717890,1室1厅|整租|精装修|低层(共27层),已爬取
4150,外滩香格里拉,997764,https://liny.zu.anjuke.com/fangyuan/4609415768140804,2室2厅|整租|简单装修|高层(共27层),已爬取
4151,外滩香格里拉,997764,https://liny.zu.anjuke.com/fangyuan/4632407916665861,1室1厅|整租|精装修|中层(共29层),已爬取
4152,外滩香格里拉,997764,https://liny.zu.anjuke.com/fangyuan/4534695486135303,1室1厅|整租|精装修|中层(共29层),已爬取
4153,外滩香格里拉,997764,https://liny.zu.anjuke.com/fangyuan/4486426765712392,1室1厅|整租|精装修|高层(共30层),已爬取
4154,外滩香格里拉,997764,https://liny.zu.anjuke.com/fangyuan/4627614514781196,2室1厅|整租|简单装修|低层(共27层),已爬取
4155,外滩香格里拉,997764,https://liny.zu.anjuke.com/fangyuan/4609371957863427,1室1厅|整租|精装修|高层(共29层),已爬取
4156,龙潭馨城西区,677764,https://liny.zu.anjuke.com/fangyuan/4601929598985220,3室2厅|整租|精装修|中层(共6层),已爬取
4157,龙潭馨城西区,677764,https://liny.zu.anjuke.com/fangyuan/4592247238827023,1室1厅|整租|精装修|低层(共6层),已爬取
4158,昌辰御泽苑,1177721,https://liny.zu.anjuke.com/fangyuan/4592455520103437,2室1厅|整租|精装修|低层(共12层),已爬取
4159,昌辰御泽苑,1177721,https://liny.zu.anjuke.com/fangyuan/4633356527066119,3室2厅|整租|精装修|中层(共16层),已爬取
4160,昌辰御泽苑,1177721,https://liny.zu.anjuke.com/fangyuan/4598247184440325,3室2厅|整租|精装修|高层(共27层),已爬取
4161,昌辰御泽苑,1177721,https://liny.zu.anjuke.com/fangyuan/4632297160612872,3室2厅|整租|精装修|中层(共27层),已爬取
4162,昌辰御泽苑,1177721,https://liny.zu.anjuke.com/fangyuan/4622108150901775,3室2厅|整租|简单装修|高层(共26层),已爬取
4163,昌辰御泽苑,1177721,https://liny.zu.anjuke.com/fangyuan/4622104534457358,3室2厅|整租|简单装修|高层(共25层),已爬取
4164,昌辰御泽苑,1177721,https://liny.zu.anjuke.com/fangyuan/4575920335514627,2室1厅|整租|简单装修|低层(共19层),已爬取
4165,昌辰御泽苑,1177721,https://liny.zu.anjuke.com/fangyuan/4538827330444297,3室2厅|整租|精装修|高层(共27层),已爬取
4166,博雅新苑,938790,https://liny.zu.anjuke.com/fangyuan/4623499992734721,1室0厅|合租|精装修|中层(共20层),已爬取
4167,博雅新苑,938790,https://liny.zu.anjuke.com/fangyuan/4588591482399756,3室2厅|合租|精装修|高层(共10层),已爬取
4168,博雅新苑,938790,https://liny.zu.anjuke.com/fangyuan/4594304762866696,1室1厅|合租|精装修|高层(共13层),已爬取
4169,博雅新苑,938790,https://liny.zu.anjuke.com/fangyuan/4502470393603083,3室2厅|整租|精装修|中层(共15层),已爬取
4170,博雅新苑,938790,https://liny.zu.anjuke.com/fangyuan/4618247804185611,1室1厅|合租|精装修|中层(共16层),已爬取
4171,博雅新苑,938790,https://liny.zu.anjuke.com/fangyuan/4633443978193923,1室1厅|合租|精装修|中层(共15层),已爬取
4172,博雅新苑,938790,https://liny.zu.anjuke.com/fangyuan/4599850271136774,1室1厅|合租|精装修|中层(共15层),已爬取
4173,博雅新苑,938790,https://liny.zu.anjuke.com/fangyuan/4620656313297921,1室1厅|合租|精装修|中层(共20层),已爬取
4174,博雅新苑,938790,https://liny.zu.anjuke.com/fangyuan/4624933110750219,3室2厅|合租|精装修|中层(共24层),已爬取
4175,桃源明德花园,943526,https://liny.zu.anjuke.com/fangyuan/4464973413346309,3室2厅|合租|精装修|高层(共10层),已爬取
4176,桃源明德花园,943526,https://liny.zu.anjuke.com/fangyuan/4609350749740046,3室2厅|整租|简单装修|中层(共15层),已爬取
4177,桃源明德花园,943526,https://liny.zu.anjuke.com/fangyuan/4612398388945920,3室2厅|整租|精装修|中层(共15层),已爬取
4178,桃源明德花园,943526,https://liny.zu.anjuke.com/fangyuan/4554277388016650,3室2厅|整租|简单装修|中层(共18层),已爬取
4179,桃源明德花园,943526,https://liny.zu.anjuke.com/fangyuan/4595386142336002,3室2厅|整租|精装修|中层(共15层),已爬取
4180,桃源明德花园,943526,https://liny.zu.anjuke.com/fangyuan/4623759018777614,3室2厅|整租|精装修|低层(共18层),已爬取
4181,翰邻福城,1010262,https://liny.zu.anjuke.com/fangyuan/4558422699254793,3室2厅|整租|精装修|低层(共34层),已爬取
4182,翰邻福城,1010262,https://liny.zu.anjuke.com/fangyuan/4506082685770760,3室2厅|整租|简单装修|高层(共34层),已爬取
4183,翰邻福城,1010262,https://liny.zu.anjuke.com/fangyuan/4616966061530117,3室2厅|整租|精装修|低层(共33层),已爬取
4184,翰邻福城,1010262,https://liny.zu.anjuke.com/fangyuan/4601155537493006,3室2厅|整租|简单装修|高层(共34层),已爬取
4185,碧桂园凤凰壹品,1275627,https://liny.zu.anjuke.com/fangyuan/4594246382627853,4室2厅|整租|精装修|低层(共26层),已爬取
4186,碧桂园凤凰壹品,1275627,https://liny.zu.anjuke.com/fangyuan/4633749653693440,4室2厅|整租|精装修|中层(共20层),已爬取
4187,碧桂园凤凰壹品,1275627,https://liny.zu.anjuke.com/fangyuan/4633882357013510,4室2厅|整租|精装修|中层(共25层),已爬取
4188,碧桂园凤凰壹品,1275627,https://liny.zu.anjuke.com/fangyuan/4626306816973837,4室2厅|整租|精装修|中层(共25层),已爬取
4189,碧桂园凤凰壹品,1275627,https://liny.zu.anjuke.com/fangyuan/4599668768189454,3室1厅|整租|精装修|低层(共28层),已爬取
4190,碧桂园凤凰壹品,1275627,https://liny.zu.anjuke.com/fangyuan/4611285548262402,4室2厅|整租|精装修|低层(共6层),已爬取
4191,碧桂园凤凰壹品,1275627,https://liny.zu.anjuke.com/fangyuan/4538826615712768,3室2厅|整租|精装修|低层(共26层),已爬取
4192,碧桂园凤凰壹品,1275627,https://liny.zu.anjuke.com/fangyuan/4606802918759436,4室2厅|整租|精装修|低层(共6层),已爬取
4193,碧桂园凤凰壹品,1275627,https://liny.zu.anjuke.com/fangyuan/4586631481009158,4室2厅|整租|精装修|高层(共9层),已爬取
4194,碧桂园凤凰壹品,1275627,https://liny.zu.anjuke.com/fangyuan/4632023514489859,4室2厅|整租|精装修|低层(共9层),已爬取
4195,汇通天下(别墅),713885,https://liny.zu.anjuke.com/fangyuan/4473831652680705,5室3厅|整租|豪华装修|共4层,已爬取
4196,汇通天下(别墅),713885,https://liny.zu.anjuke.com/fangyuan/3349501848560644,6室2厅|整租|精装修|共4层,已爬取
4197,汇通天下(别墅),713885,https://liny.zu.anjuke.com/fangyuan/3982727442689034,5室3厅|整租|豪华装修|共4层,已爬取
4198,汇通天下(别墅),713885,https://liny.zu.anjuke.com/fangyuan/3458709507285007,5室3厅|整租|精装修|共4层,已爬取
4199,汇通天下(别墅),713885,https://liny.zu.anjuke.com/fangyuan/4623410532969478,3室2厅|合租|精装修|中层(共15层),已爬取
4200,汇通天下(别墅),713885,https://liny.zu.anjuke.com/fangyuan/4548766543027215,5室3厅|整租|精装修|共3层,已爬取
4201,汇通天下(别墅),713885,https://liny.zu.anjuke.com/fangyuan/3922468685276171,4室3厅|整租|精装修|共3层,已爬取
4202,汇通天下(别墅),713885,https://liny.zu.anjuke.com/fangyuan/4014856892325889,5室4厅|整租|豪华装修|共3层,已爬取
4203,汇通天下(别墅),713885,https://liny.zu.anjuke.com/fangyuan/4484798759824388,5室3厅|整租|精装修|共4层,已爬取
4204,汇通天下(别墅),713885,https://liny.zu.anjuke.com/fangyuan/4327758345972743,5室4厅|整租|豪华装修|共3层,已爬取
4205,新筑璞园,973177,https://liny.zu.anjuke.com/fangyuan/4613695642856454,3室2厅|整租|精装修|低层(共8层),已爬取
4206,新筑璞园,973177,https://liny.zu.anjuke.com/fangyuan/4580965264862220,3室2厅|整租|豪华装修|低层(共7层),已爬取
4207,新筑璞园,973177,https://liny.zu.anjuke.com/fangyuan/4613751251510279,3室2厅|整租|精装修|低层(共6层),已爬取
4208,新筑璞园,973177,https://liny.zu.anjuke.com/fangyuan/4603676935351310,2室2厅|整租|精装修|中层(共6层),已爬取
4209,新筑璞园,973177,https://liny.zu.anjuke.com/fangyuan/4529105393052675,3室2厅|整租|精装修|低层(共6层),已爬取
4210,新筑璞园,973177,https://liny.zu.anjuke.com/fangyuan/4633402331569153,3室2厅|整租|精装修|低层(共7层),已爬取
4211,康桥公馆,972681,https://liny.zu.anjuke.com/fangyuan/4547510910086153,3室2厅|整租|精装修|中层(共17层),已爬取
4212,康桥公馆,972681,https://liny.zu.anjuke.com/fangyuan/4609738296796171,1室1厅|整租|精装修|中层(共30层),已爬取
4213,康桥公馆,972681,https://liny.zu.anjuke.com/fangyuan/4538448413156354,3室2厅|整租|精装修|高层(共6层),已爬取
4214,于泉尚城,1183682,https://liny.zu.anjuke.com/fangyuan/4632472499395598,3室2厅|整租|精装修|中层(共17层),已爬取
4215,于泉尚城,1183682,https://liny.zu.anjuke.com/fangyuan/4615131300144135,3室2厅|整租|精装修|中层(共17层),已爬取
4216,于泉尚城,1183682,https://liny.zu.anjuke.com/fangyuan/4615125194136577,3室2厅|整租|精装修|低层(共17层),已爬取
4217,于泉尚城,1183682,https://liny.zu.anjuke.com/fangyuan/4627887162090499,3室2厅|整租|精装修|低层(共11层),已爬取
4218,于泉尚城,1183682,https://liny.zu.anjuke.com/fangyuan/4568134448178176,3室2厅|整租|精装修|低层(共17层),已爬取
4219,于泉尚城,1183682,https://liny.zu.anjuke.com/fangyuan/4520389263809550,3室2厅|合租|精装修|低层(共11层),已爬取
4220,于泉尚城,1183682,https://liny.zu.anjuke.com/fangyuan/4560011334364172,3室2厅|合租|精装修|低层(共11层),已爬取
4221,于泉尚城,1183682,https://liny.zu.anjuke.com/fangyuan/4464146410251269,3室2厅|合租|精装修|低层(共11层),已爬取
4222,水景苑,1217088,https://liny.zu.anjuke.com/fangyuan/4629436601429007,3室2厅|整租|精装修|低层(共15层),已爬取
4223,水景苑,1217088,https://liny.zu.anjuke.com/fangyuan/4631941871328261,1室1厅|合租|精装修|高层(共33层),已爬取
4224,水景苑,1217088,https://liny.zu.anjuke.com/fangyuan/4633862119564288,3室2厅|整租|精装修|低层(共25层),已爬取
4225,水景苑,1217088,https://liny.zu.anjuke.com/fangyuan/4588404967302156,3室1厅|合租|精装修|中层(共15层),已爬取
4226,水景苑,1217088,https://liny.zu.anjuke.com/fangyuan/4402637160899589,4室0厅|合租|精装修|高层(共33层),已爬取
4227,水景苑,1217088,https://liny.zu.anjuke.com/fangyuan/4623465944427527,3室2厅|整租|精装修|低层(共17层),已爬取
4228,水景苑,1217088,https://liny.zu.anjuke.com/fangyuan/4620695330036740,1室1厅|合租|精装修|高层(共32层),已爬取
4229,水景苑,1217088,https://liny.zu.anjuke.com/fangyuan/4625220515933191,3室2厅|整租|精装修|中层(共27层),已爬取
4230,水景苑,1217088,https://liny.zu.anjuke.com/fangyuan/4613408194274305,1室1厅|合租|精装修|中层(共22层),已爬取
4231,水景苑,1217088,https://liny.zu.anjuke.com/fangyuan/4625421203940362,3室2厅|整租|精装修|中层(共27层),已爬取
4232,泰鲁时代城(公寓住宅),1486371,https://liny.zu.anjuke.com/fangyuan/4626339609027588,3室1厅|合租|精装修|低层(共30层),已爬取
4233,泰鲁时代城(公寓住宅),1486371,https://liny.zu.anjuke.com/fangyuan/4177512503667712,3室2厅|合租|精装修|低层(共17层),已爬取
4234,泰鲁时代城(公寓住宅),1486371,https://liny.zu.anjuke.com/fangyuan/4496671676865549,4室2厅|合租|精装修|低层(共8层),已爬取
4235,泰鲁时代城(公寓住宅),1486371,https://liny.zu.anjuke.com/fangyuan/4473753323334670,3室2厅|合租|精装修|低层(共23层),已爬取
4236,泰鲁时代城(公寓住宅),1486371,https://liny.zu.anjuke.com/fangyuan/4524331814085635,3室0厅|合租|精装修|低层(共26层),已爬取
4237,泰鲁时代城(公寓住宅),1486371,https://liny.zu.anjuke.com/fangyuan/4627776791309316,3室1厅|合租|精装修|低层(共30层),已爬取
4238,泰鲁时代城(公寓住宅),1486371,https://liny.zu.anjuke.com/fangyuan/4624813541485569,4室1厅|合租|精装修|低层(共26层),已爬取
4239,泰鲁时代城(公寓住宅),1486371,https://liny.zu.anjuke.com/fangyuan/4630737822131202,3室1厅|合租|精装修|低层(共10层),已爬取
4240,泰鲁时代城(公寓住宅),1486371,https://liny.zu.anjuke.com/fangyuan/4306446733664263,3室2厅|合租|精装修|低层(共11层),已爬取
4241,泰鲁时代城(公寓住宅),1486371,https://liny.zu.anjuke.com/fangyuan/4625302326043660,3室2厅|合租|豪华装修|低层(共6层),已爬取
4242,陶然华庭,973131,https://liny.zu.anjuke.com/fangyuan/4633645429955597,3室2厅|整租|精装修|高层(共17层),已爬取
4243,陶然华庭,973131,https://liny.zu.anjuke.com/fangyuan/4577093251656719,3室2厅|整租|精装修|高层(共6层),已爬取
4244,陶然华庭,973131,https://liny.zu.anjuke.com/fangyuan/4624936359060480,3室2厅|整租|简单装修|高层(共11层),已爬取
4245,滨河万达一方上河府,1384908,https://liny.zu.anjuke.com/fangyuan/4622082047239169,3室2厅|合租|简单装修|高层(共30层),已爬取
4246,滨河万达一方上河府,1384908,https://liny.zu.anjuke.com/fangyuan/4626342687826949,3室1厅|合租|精装修|低层(共30层),已爬取
4247,滨河万达一方上河府,1384908,https://liny.zu.anjuke.com/fangyuan/4623252262710280,4室1厅|合租|精装修|高层(共30层),已爬取
4248,滨河万达一方上河府,1384908,https://liny.zu.anjuke.com/fangyuan/4630733553951744,3室1厅|合租|精装修|高层(共30层),已爬取
4249,滨河万达一方上河府,1384908,https://liny.zu.anjuke.com/fangyuan/4522244683820043,3室0厅|合租|精装修|低层(共28层),已爬取
4250,滨河万达一方上河府,1384908,https://liny.zu.anjuke.com/fangyuan/4472221204704256,3室2厅|合租|精装修|中层(共27层),已爬取
4251,滨河万达一方上河府,1384908,https://liny.zu.anjuke.com/fangyuan/4230223370231811,3室1厅|合租|精装修|低层(共27层),已爬取
4252,滨河万达一方上河府,1384908,https://liny.zu.anjuke.com/fangyuan/4602773341531139,3室1厅|合租|精装修|中层(共32层),已爬取
4253,滨河万达一方上河府,1384908,https://liny.zu.anjuke.com/fangyuan/4630737680835594,4室2厅|合租|精装修|中层(共29层),已爬取
4254,滨河万达一方上河府,1384908,https://liny.zu.anjuke.com/fangyuan/4599751767301125,3室2厅|合租|精装修|低层(共31层),已爬取
4255,惠民新苑,972947,https://liny.zu.anjuke.com/fangyuan/4614143272922127,2室1厅|整租|简单装修|共5层,已爬取
4256,惠民新苑,972947,https://liny.zu.anjuke.com/fangyuan/4615756057732102,2室1厅|整租|简单装修|共5层,已爬取
4257,惠民新苑,972947,https://liny.zu.anjuke.com/fangyuan/4600823456687113,2室1厅|整租|精装修|高层(共6层),已爬取
4258,惠民新苑,972947,https://liny.zu.anjuke.com/fangyuan/4517359092964352,2室1厅|整租|简单装修|共5层,已爬取
4259,惠民新苑,972947,https://liny.zu.anjuke.com/fangyuan/4613822158906383,2室1厅|整租|简单装修|共5层,已爬取
4260,惠民新苑,972947,https://liny.zu.anjuke.com/fangyuan/4615007557116938,2室1厅|整租|简单装修|共5层,已爬取
4261,惠民新苑,972947,https://liny.zu.anjuke.com/fangyuan/4568277521327116,2室2厅|整租|精装修|共5层,已爬取
4262,惠民新苑,972947,https://liny.zu.anjuke.com/fangyuan/4617808814873607,2室2厅|整租|精装修|共5层,已爬取
4263,惠民新苑,972947,https://liny.zu.anjuke.com/fangyuan/4613956518814732,2室1厅|整租|精装修|共5层,已爬取
4264,石油小区(A区),676993,https://liny.zu.anjuke.com/fangyuan/4627694649809931,3室2厅|合租|精装修|中层(共29层),已爬取
4265,石油小区(A区),676993,https://liny.zu.anjuke.com/fangyuan/4568636166562830,3室2厅|合租|精装修|中层(共27层),已爬取
4266,石油小区(A区),676993,https://liny.zu.anjuke.com/fangyuan/4630676588848143,5室1厅|合租|精装修|高层(共30层),已爬取
4267,石油小区(A区),676993,https://liny.zu.anjuke.com/fangyuan/3846899322727428,3室2厅|合租|精装修|中层(共23层),已爬取
4268,石油小区(A区),676993,https://liny.zu.anjuke.com/fangyuan/4499123197783045,3室2厅|合租|精装修|中层(共28层),已爬取
4269,石油小区(A区),676993,https://liny.zu.anjuke.com/fangyuan/4623452831210505,3室2厅|合租|简单装修|低层(共15层),已爬取
4270,石油小区(A区),676993,https://liny.zu.anjuke.com/fangyuan/4629466543053828,3室1厅|合租|精装修|低层(共8层),已爬取
4271,石油小区(A区),676993,https://liny.zu.anjuke.com/fangyuan/4530494567900174,3室1厅|合租|精装修|低层(共25层),已爬取
4272,石油小区(A区),676993,https://liny.zu.anjuke.com/fangyuan/4305297124696076,3室1厅|合租|精装修|共5层,已爬取
4273,石油小区(A区),676993,https://liny.zu.anjuke.com/fangyuan/4629098040011784,3室2厅|合租|精装修|中层(共20层),已爬取
4274,费县老一中家属院,972624,https://liny.zu.anjuke.com/fangyuan/4622139523113985,3室2厅|整租|简单装修|共5层,已爬取
4275,费县老一中家属院,972624,https://liny.zu.anjuke.com/fangyuan/4603808509254668,3室2厅|整租|简单装修|共5层,已爬取
4276,天怡嘉园,1388609,https://liny.zu.anjuke.com/fangyuan/4616659255356422,1室1厅|整租|精装修|中层(共17层),已爬取
4277,天怡嘉园,1388609,https://liny.zu.anjuke.com/fangyuan/4595231563209730,1室1厅|整租|精装修|中层(共11层),已爬取
4278,天怡嘉园,1388609,https://liny.zu.anjuke.com/fangyuan/3642312081366017,2室2厅|整租|精装修|高层(共11层),已爬取
4279,天怡嘉园,1388609,https://liny.zu.anjuke.com/fangyuan/4565603316507656,1室1厅|整租|精装修|高层(共16层),已爬取
4280,天怡嘉园,1388609,https://liny.zu.anjuke.com/fangyuan/4473187530435599,1室1厅|整租|精装修|低层(共6层),已爬取
4281,天怡嘉园,1388609,https://liny.zu.anjuke.com/fangyuan/4623825296382991,1室1厅|整租|精装修|低层(共11层),已爬取
4282,天怡嘉园,1388609,https://liny.zu.anjuke.com/fangyuan/4568154529670146,2室1厅|整租|精装修|低层(共16层),已爬取
4283,天怡嘉园,1388609,https://liny.zu.anjuke.com/fangyuan/4604845335110660,1室1厅|整租|精装修|高层(共11层),已爬取
4284,天怡嘉园,1388609,https://liny.zu.anjuke.com/fangyuan/4554236409179144,1室1厅|整租|精装修|高层(共16层),已爬取
4285,天怡嘉园,1388609,https://liny.zu.anjuke.com/fangyuan/4546200832617487,1室1厅|整租|精装修|高层(共11层),已爬取
4286,南马社区,993477,https://liny.zu.anjuke.com/fangyuan/4612248684178443,3室2厅|整租|精装修|共5层,已爬取
4287,南马社区,993477,https://liny.zu.anjuke.com/fangyuan/4499573292999686,3室2厅|整租|精装修|共5层,已爬取
4288,南马社区,993477,https://liny.zu.anjuke.com/fangyuan/4632018614381577,4室2厅|整租|精装修|共1层,已爬取
4289,南马社区,993477,https://liny.zu.anjuke.com/fangyuan/4613586027174925,3室2厅|整租|简单装修|高层(共6层),已爬取
4290,南马社区,993477,https://liny.zu.anjuke.com/fangyuan/4555936116730880,3室2厅|整租|精装修|低层(共17层),已爬取
4291,南马社区,993477,https://liny.zu.anjuke.com/fangyuan/4513161699503112,3室2厅|整租|精装修|中层(共17层),已爬取
4292,南马社区,993477,https://liny.zu.anjuke.com/fangyuan/4598651216305162,4室2厅|整租|精装修|共1层,已爬取
4293,御龙湾,945213,https://liny.zu.anjuke.com/fangyuan/4602314665716751,4室2厅|整租|简单装修|高层(共18层),已爬取
4294,御龙湾,945213,https://liny.zu.anjuke.com/fangyuan/4371610471078921,2室2厅|整租|精装修|高层(共14层),已爬取
4295,御龙湾,945213,https://liny.zu.anjuke.com/fangyuan/4610709732551695,3室2厅|整租|精装修|低层(共18层),已爬取
4296,御龙湾,945213,https://liny.zu.anjuke.com/fangyuan/4629566483913736,3室2厅|整租|精装修|中层(共17层),已爬取
4297,御龙湾,945213,https://liny.zu.anjuke.com/fangyuan/4630618831232009,3室2厅|整租|精装修|中层(共17层),已爬取
4298,御龙湾,945213,https://liny.zu.anjuke.com/fangyuan/4584160068283407,2室1厅|整租|精装修|中层(共13层),已爬取
4299,御龙湾,945213,https://liny.zu.anjuke.com/fangyuan/4577127560111115,3室2厅|整租|精装修|低层(共16层),已爬取
4300,御龙湾,945213,https://liny.zu.anjuke.com/fangyuan/4609469934754831,3室2厅|合租|精装修|中层(共18层),已爬取
4301,御龙湾,945213,https://liny.zu.anjuke.com/fangyuan/4585257343050765,2室2厅|整租|精装修|中层(共17层),已爬取
4302,御龙湾,945213,https://liny.zu.anjuke.com/fangyuan/4170555551145999,3室2厅|整租|精装修|高层(共17层),已爬取
4303,诚德清华俊景,677556,https://liny.zu.anjuke.com/fangyuan/4484162836669453,3室2厅|合租|精装修|中层(共12层),已爬取
4304,诚德清华俊景,677556,https://liny.zu.anjuke.com/fangyuan/4568809171528719,1室1厅|整租|精装修|中层(共32层),已爬取
4305,诚德清华俊景,677556,https://liny.zu.anjuke.com/fangyuan/4561574737124367,3室2厅|合租|精装修|高层(共32层),已爬取
4306,诚德清华俊景,677556,https://liny.zu.anjuke.com/fangyuan/4507928020900878,1室1厅|整租|精装修|高层(共26层),已爬取
4307,诚德清华俊景,677556,https://liny.zu.anjuke.com/fangyuan/4630991359826955,3室2厅|合租|精装修|低层(共28层),已爬取
4308,诚德清华俊景,677556,https://liny.zu.anjuke.com/fangyuan/3660176370050053,2室1厅|整租|精装修|中层(共20层),已爬取
4309,诚德清华俊景,677556,https://liny.zu.anjuke.com/fangyuan/4592453184003075,2室2厅|整租|简单装修|高层(共25层),已爬取
4310,诚德清华俊景,677556,https://liny.zu.anjuke.com/fangyuan/4624918290983949,2室1厅|整租|简单装修|高层(共29层),已爬取
4311,诚德清华俊景,677556,https://liny.zu.anjuke.com/fangyuan/3982245714717699,2室1厅|整租|精装修|中层(共20层),已爬取
4312,阳光花园(平邑),1050889,https://liny.zu.anjuke.com/fangyuan/4625249522981899,3室2厅|整租|精装修|高层(共17层),已爬取
4313,阳光花园(平邑),1050889,https://liny.zu.anjuke.com/fangyuan/4565475289439245,3室2厅|整租|精装修|高层(共17层),已爬取
4314,阳光花园(平邑),1050889,https://liny.zu.anjuke.com/fangyuan/4593750929499143,3室2厅|整租|精装修|高层(共17层),已爬取
4315,阳光花园(平邑),1050889,https://liny.zu.anjuke.com/fangyuan/4603622206659591,2室2厅|整租|简单装修|中层(共26层),已爬取
4316,阳光花园(平邑),1050889,https://liny.zu.anjuke.com/fangyuan/4633648984943628,2室2厅|整租|简单装修|中层(共17层),已爬取
4317,阳光花园(平邑),1050889,https://liny.zu.anjuke.com/fangyuan/4601220185971718,3室2厅|整租|简单装修|中层(共17层),已爬取
4318,阳光花园(平邑),1050889,https://liny.zu.anjuke.com/fangyuan/4629303840418826,3室2厅|整租|精装修|中层(共17层),已爬取
4319,阳光花园(平邑),1050889,https://liny.zu.anjuke.com/fangyuan/4628052689689606,2室2厅|整租|简单装修|中层(共17层),已爬取
4320,阳光花园(平邑),1050889,https://liny.zu.anjuke.com/fangyuan/4626453242043394,3室2厅|整租|精装修|低层(共26层),已爬取
4321,阳光花园(平邑),1050889,https://liny.zu.anjuke.com/fangyuan/4602945062562818,3室2厅|整租|简单装修|中层(共17层),已爬取
4322,银光福源广场,1102639,https://liny.zu.anjuke.com/fangyuan/4626348667134985,3室2厅|整租|精装修|中层(共17层),已爬取
4323,香水郡,1187039,https://liny.zu.anjuke.com/fangyuan/4612864185476100,3室2厅|整租|精装修|高层(共32层),已爬取
4324,香水郡,1187039,https://liny.zu.anjuke.com/fangyuan/4626608419580942,2室2厅|整租|简单装修|高层(共32层),已爬取
4325,香水郡,1187039,https://liny.zu.anjuke.com/fangyuan/4588169317067781,3室1厅|整租|精装修|低层(共33层),已爬取
4326,香水郡,1187039,https://liny.zu.anjuke.com/fangyuan/4509152186035209,3室2厅|整租|简单装修|低层(共30层),已爬取
4327,香水郡,1187039,https://liny.zu.anjuke.com/fangyuan/4493823943072774,2室2厅|整租|精装修|低层(共32层),已爬取
4328,香水郡,1187039,https://liny.zu.anjuke.com/fangyuan/4588131332824077,3室2厅|整租|精装修|低层(共28层),已爬取
4329,香水郡,1187039,https://liny.zu.anjuke.com/fangyuan/4623553351379980,3室2厅|整租|精装修|高层(共32层),已爬取
4330,香水郡,1187039,https://liny.zu.anjuke.com/fangyuan/4480751448824832,3室2厅|整租|精装修|高层(共31层),已爬取
4331,香水郡,1187039,https://liny.zu.anjuke.com/fangyuan/3969576194616328,3室2厅|整租|豪华装修|高层(共30层),已爬取
4332,香水郡,1187039,https://liny.zu.anjuke.com/fangyuan/4633888763633674,3室2厅|整租|精装修|高层(共25层),已爬取
4333,天桥名城,1082957,https://liny.zu.anjuke.com/fangyuan/4603622348332041,3室2厅|整租|精装修|高层(共17层),已爬取
4334,天桥名城,1082957,https://liny.zu.anjuke.com/fangyuan/4617696910484492,3室2厅|整租|简单装修|高层(共17层),已爬取
4335,天桥名城,1082957,https://liny.zu.anjuke.com/fangyuan/4601571093666824,3室2厅|整租|简单装修|高层(共17层),已爬取
4336,天桥名城,1082957,https://liny.zu.anjuke.com/fangyuan/4588077702964233,2室2厅|整租|精装修|低层(共17层),已爬取
4337,天桥名城,1082957,https://liny.zu.anjuke.com/fangyuan/4594517725768713,3室2厅|整租|简单装修|低层(共17层),已爬取
4338,天桥名城,1082957,https://liny.zu.anjuke.com/fangyuan/4605033065835529,3室2厅|整租|精装修|高层(共17层),已爬取
4339,鲁商中心,1019750,https://liny.zu.anjuke.com/fangyuan/4585221930116109,2室2厅|合租|精装修|中层(共17层),已爬取
4340,鲁商中心,1019750,https://liny.zu.anjuke.com/fangyuan/4543166563310597,1室1厅|整租|豪华装修|中层(共30层),已爬取
4341,鲁商中心,1019750,https://liny.zu.anjuke.com/fangyuan/4591446576421902,3室1厅|合租|精装修|低层(共10层),已爬取
4342,鲁商中心,1019750,https://liny.zu.anjuke.com/fangyuan/4568263294508047,2室2厅|合租|精装修|中层(共24层),已爬取
4343,鲁商中心,1019750,https://liny.zu.anjuke.com/fangyuan/4552659722923022,3室2厅|合租|精装修|中层(共22层),已爬取
4344,鲁商中心,1019750,https://liny.zu.anjuke.com/fangyuan/4587408472939523,2室2厅|合租|精装修|高层(共16层),已爬取
4345,鲁商中心,1019750,https://liny.zu.anjuke.com/fangyuan/4588300227992591,2室2厅|合租|精装修|高层(共16层),已爬取
4346,鲁商中心,1019750,https://liny.zu.anjuke.com/fangyuan/4428535045200906,3室2厅|合租|精装修|中层(共23层),已爬取
4347,鲁商中心,1019750,https://liny.zu.anjuke.com/fangyuan/4583202215762948,3室1厅|合租|精装修|中层(共31层),已爬取
4348,鲁商中心,1019750,https://liny.zu.anjuke.com/fangyuan/3791160905264130,3室2厅|合租|精装修|低层(共20层),已爬取
4349,杨庄社区滨河金苑(B区),677796,https://liny.zu.anjuke.com/fangyuan/4585540162415627,3室2厅|整租|精装修|中层(共6层),已爬取
4350,杨庄社区滨河金苑(B区),677796,https://liny.zu.anjuke.com/fangyuan/4613744476822529,2室2厅|整租|精装修|中层(共6层),已爬取
4351,杨庄社区滨河金苑(B区),677796,https://liny.zu.anjuke.com/fangyuan/4622457071131652,1室1厅|整租|精装修|中层(共6层),已爬取
4352,杨庄社区滨河金苑(B区),677796,https://liny.zu.anjuke.com/fangyuan/4544096519087111,3室2厅|整租|精装修|中层(共6层),已爬取
4353,杨庄社区滨河金苑(B区),677796,https://liny.zu.anjuke.com/fangyuan/4527552784051208,3室2厅|整租|简单装修|高层(共6层),已爬取
4354,杨庄社区滨河金苑(B区),677796,https://liny.zu.anjuke.com/fangyuan/4570030578441224,3室2厅|整租|简单装修|中层(共6层),已爬取
4355,杨庄社区滨河金苑(B区),677796,https://liny.zu.anjuke.com/fangyuan/4606805593545734,2室1厅|整租|精装修|中层(共6层),已爬取
4356,杨庄社区滨河金苑(B区),677796,https://liny.zu.anjuke.com/fangyuan/4598164042329098,2室1厅|整租|精装修|高层(共6层),已爬取
4357,杨庄社区滨河金苑(B区),677796,https://liny.zu.anjuke.com/fangyuan/4630600906351622,2室2厅|整租|精装修|中层(共6层),已爬取
4358,杨庄社区滨河金苑(B区),677796,https://liny.zu.anjuke.com/fangyuan/4629509394459651,2室1厅|整租|精装修|中层(共6层),已爬取
4359,金域兰园,713718,https://liny.zu.anjuke.com/fangyuan/4592403532897293,3室2厅|整租|精装修|中层(共18层),已爬取
4360,宏福小区,713710,https://liny.zu.anjuke.com/fangyuan/4547461324073989,3室2厅|整租|简单装修|中层(共6层),已爬取
4361,宏福小区,713710,https://liny.zu.anjuke.com/fangyuan/4562455019854863,3室2厅|整租|简单装修|高层(共6层),已爬取
4362,宏福小区,713710,https://liny.zu.anjuke.com/fangyuan/4626336383806471,3室1厅|整租|精装修|高层(共6层),已爬取
4363,宏福小区,713710,https://liny.zu.anjuke.com/fangyuan/4591346932493321,3室1厅|整租|精装修|高层(共6层),已爬取
4364,宏福小区,713710,https://liny.zu.anjuke.com/fangyuan/4602123381894145,3室2厅|整租|简单装修|高层(共6层),已爬取
4365,宏福小区,713710,https://liny.zu.anjuke.com/fangyuan/4604305040534530,3室2厅|整租|精装修|高层(共6层),已爬取
4366,宏福小区,713710,https://liny.zu.anjuke.com/fangyuan/4480673923750919,3室2厅|整租|简单装修|高层(共6层),已爬取
4367,宏福小区,713710,https://liny.zu.anjuke.com/fangyuan/4619811250170890,3室2厅|整租|简单装修|共5层,已爬取
4368,宏福小区,713710,https://liny.zu.anjuke.com/fangyuan/4595092727882762,3室2厅|整租|简单装修|高层(共6层),已爬取
4369,宏福小区,713710,https://liny.zu.anjuke.com/fangyuan/4568359820110855,3室2厅|整租|简单装修|高层(共6层),已爬取
4370,北城新区金殿社区,972661,https://liny.zu.anjuke.com/fangyuan/4459466058292232,3室2厅|整租|精装修|低层(共17层),已爬取
4371,北城新区金殿社区,972661,https://liny.zu.anjuke.com/fangyuan/4622379670725643,3室2厅|整租|精装修|中层(共6层),已爬取
4372,北城新区金殿社区,972661,https://liny.zu.anjuke.com/fangyuan/4613713493648389,3室2厅|整租|精装修|高层(共17层),已爬取
4373,北城新区金殿社区,972661,https://liny.zu.anjuke.com/fangyuan/4421654765839360,3室2厅|整租|精装修|中层(共6层),已爬取
4374,北城新区金殿社区,972661,https://liny.zu.anjuke.com/fangyuan/4521641624890376,3室2厅|整租|精装修|中层(共17层),已爬取
4375,北城新区金殿社区,972661,https://liny.zu.anjuke.com/fangyuan/4613816163900424,3室2厅|整租|精装修|高层(共12层),已爬取
4376,北城新区金殿社区,972661,https://liny.zu.anjuke.com/fangyuan/4630787561647115,3室2厅|整租|精装修|高层(共7层),已爬取
4377,北城新区金殿社区,972661,https://liny.zu.anjuke.com/fangyuan/4615004141347849,3室2厅|整租|精装修|中层(共16层),已爬取
4378,北城新区金殿社区,972661,https://liny.zu.anjuke.com/fangyuan/4594090599148554,3室2厅|整租|简单装修|低层(共22层),已爬取
4379,北城新区金殿社区,972661,https://liny.zu.anjuke.com/fangyuan/4556731117526021,3室2厅|整租|精装修|中层(共7层),已爬取
4380,中央华府(公寓住宅),973268,https://liny.zu.anjuke.com/fangyuan/4629075427191819,3室2厅|整租|精装修|高层(共26层),已爬取
4381,中央华府(公寓住宅),973268,https://liny.zu.anjuke.com/fangyuan/4592468813437965,3室2厅|整租|精装修|中层(共26层),已爬取
4382,中央华府(公寓住宅),973268,https://liny.zu.anjuke.com/fangyuan/4583711590472715,3室2厅|整租|精装修|中层(共26层),已爬取
4383,中央华府(公寓住宅),973268,https://liny.zu.anjuke.com/fangyuan/3659466437123080,3室2厅|合租|简单装修|低层(共18层),已爬取
4384,中央华府(公寓住宅),973268,https://liny.zu.anjuke.com/fangyuan/4602616967717899,3室2厅|整租|精装修|高层(共6层),已爬取
4385,中央华府(公寓住宅),973268,https://liny.zu.anjuke.com/fangyuan/4499428309474311,3室2厅|整租|精装修|低层(共26层),已爬取
4386,中央华府(公寓住宅),973268,https://liny.zu.anjuke.com/fangyuan/4630527615804426,3室2厅|整租|简单装修|高层(共26层),已爬取
4387,中央华府(公寓住宅),973268,https://liny.zu.anjuke.com/fangyuan/4518859843298319,3室2厅|整租|精装修|中层(共11层),已爬取
4388,大名城(南区),945158,https://liny.zu.anjuke.com/fangyuan/4548236726250502,1室1厅|整租|精装修|低层(共12层),已爬取
4389,大名城(南区),945158,https://liny.zu.anjuke.com/fangyuan/4571548055837705,2室2厅|整租|简单装修|中层(共18层),已爬取
4390,大名城(南区),945158,https://liny.zu.anjuke.com/fangyuan/4549970877357068,3室2厅|整租|精装修|中层(共17层),已爬取
4391,大名城(南区),945158,https://liny.zu.anjuke.com/fangyuan/4618335702576141,2室2厅|整租|精装修|低层(共12层),已爬取
4392,大名城(南区),945158,https://liny.zu.anjuke.com/fangyuan/2828700266013702,3室2厅|合租|简单装修|中层(共18层),已爬取
4393,大名城(南区),945158,https://liny.zu.anjuke.com/fangyuan/4626107305501701,2室2厅|整租|精装修|中层(共17层),已爬取
4394,大名城(南区),945158,https://liny.zu.anjuke.com/fangyuan/4595800719383556,2室2厅|整租|精装修|低层(共19层),已爬取
4395,大名城(南区),945158,https://liny.zu.anjuke.com/fangyuan/4624265606847493,2室2厅|整租|精装修|高层(共18层),已爬取
4396,大名城(南区),945158,https://liny.zu.anjuke.com/fangyuan/4587931654775820,2室2厅|整租|精装修|中层(共18层),已爬取
4397,大名城(南区),945158,https://liny.zu.anjuke.com/fangyuan/4554766814469135,3室2厅|整租|精装修|中层(共17层),已爬取
4398,天元名筑,767015,https://liny.zu.anjuke.com/fangyuan/4619604534043651,3室2厅|合租|精装修|低层(共12层),已爬取
4399,天元名筑,767015,https://liny.zu.anjuke.com/fangyuan/4577109359221765,3室2厅|合租|精装修|中层(共20层),已爬取
4400,天元名筑,767015,https://liny.zu.anjuke.com/fangyuan/4633324827991049,3室2厅|整租|精装修|共5层,已爬取
4401,天元名筑,767015,https://liny.zu.anjuke.com/fangyuan/4487938817778699,3室2厅|整租|精装修|中层(共6层),已爬取
4402,天元名筑,767015,https://liny.zu.anjuke.com/fangyuan/4543327116698638,3室2厅|合租|精装修|中层(共12层),已爬取
4403,天元名筑,767015,https://liny.zu.anjuke.com/fangyuan/4539880497933317,3室2厅|合租|精装修|中层(共22层),已爬取
4404,奥德海棠,1049385,https://liny.zu.anjuke.com/fangyuan/4361986301795340,3室2厅|整租|豪华装修|高层(共12层),已爬取
4405,奥德海棠,1049385,https://liny.zu.anjuke.com/fangyuan/4595388286393345,4室2厅|整租|精装修|高层(共7层),已爬取
4406,奥德海棠,1049385,https://liny.zu.anjuke.com/fangyuan/4543107035620359,3室2厅|整租|精装修|高层(共7层),已爬取
4407,奥德海棠,1049385,https://liny.zu.anjuke.com/fangyuan/4609481895519241,3室2厅|整租|精装修|中层(共12层),已爬取
4408,奥德海棠,1049385,https://liny.zu.anjuke.com/fangyuan/4544470238700549,3室2厅|整租|精装修|中层(共10层),已爬取
4409,奥德海棠,1049385,https://liny.zu.anjuke.com/fangyuan/4609821852705807,4室2厅|整租|精装修|中层(共11层),已爬取
4410,奥德海棠,1049385,https://liny.zu.anjuke.com/fangyuan/4589759234436107,4室2厅|整租|精装修|中层(共10层),已爬取
4411,奥德海棠,1049385,https://liny.zu.anjuke.com/fangyuan/4575648502539269,4室2厅|整租|精装修|高层(共7层),已爬取
4412,奥德海棠,1049385,https://liny.zu.anjuke.com/fangyuan/4609809259273218,4室2厅|整租|精装修|中层(共9层),已爬取
4413,奥德海棠,1049385,https://liny.zu.anjuke.com/fangyuan/4575392553380877,4室2厅|整租|精装修|中层(共10层),已爬取
4414,宝丽天樾,1384911,https://liny.zu.anjuke.com/fangyuan/4517585200966660,3室2厅|整租|精装修|中层(共32层),已爬取
4415,宝丽天樾,1384911,https://liny.zu.anjuke.com/fangyuan/4620600577645581,3室2厅|整租|精装修|高层(共32层),已爬取
4416,宝丽天樾,1384911,https://liny.zu.anjuke.com/fangyuan/4382923327087629,3室2厅|整租|精装修|低层(共32层),已爬取
4417,宝丽天樾,1384911,https://liny.zu.anjuke.com/fangyuan/4626166992528385,3室2厅|整租|精装修|中层(共26层),已爬取
4418,宝丽天樾,1384911,https://liny.zu.anjuke.com/fangyuan/4547269442563087,3室2厅|整租|简单装修|高层(共33层),已爬取
4419,宝丽天樾,1384911,https://liny.zu.anjuke.com/fangyuan/4606901539611662,3室2厅|整租|精装修|低层(共18层),已爬取
4420,宝丽天樾,1384911,https://liny.zu.anjuke.com/fangyuan/4486349485779981,3室2厅|整租|精装修|高层(共32层),已爬取
4421,宝丽天樾,1384911,https://liny.zu.anjuke.com/fangyuan/4606511282232334,3室2厅|整租|精装修|高层(共32层),已爬取
4422,宝丽天樾,1384911,https://liny.zu.anjuke.com/fangyuan/4585189797536776,3室2厅|整租|精装修|中层(共32层),已爬取
4423,宝丽天樾,1384911,https://liny.zu.anjuke.com/fangyuan/4599721666849805,3室2厅|整租|精装修|高层(共33层),已爬取
4424,明德花园南区(平邑),678059,https://liny.zu.anjuke.com/fangyuan/4589825128082446,3室2厅|整租|精装修|高层(共17层),已爬取
4425,明德花园南区(平邑),678059,https://liny.zu.anjuke.com/fangyuan/4566903491847170,2室2厅|整租|精装修|高层(共17层),已爬取
4426,明德花园南区(平邑),678059,https://liny.zu.anjuke.com/fangyuan/4624813209218058,2室2厅|整租|简单装修|中层(共18层),已爬取
4427,明德花园南区(平邑),678059,https://liny.zu.anjuke.com/fangyuan/4598581470157836,3室2厅|整租|简单装修|高层(共17层),已爬取
4428,明德花园南区(平邑),678059,https://liny.zu.anjuke.com/fangyuan/4599516670927880,2室1厅|整租|简单装修|高层(共18层),已爬取
4429,明德花园南区(平邑),678059,https://liny.zu.anjuke.com/fangyuan/4591239790388233,3室2厅|整租|精装修|高层(共11层),已爬取
4430,明德花园南区(平邑),678059,https://liny.zu.anjuke.com/fangyuan/4599511565132811,2室2厅|整租|简单装修|高层(共18层),已爬取
4431,明德花园南区(平邑),678059,https://liny.zu.anjuke.com/fangyuan/4623524625734659,2室2厅|整租|简单装修|中层(共18层),已爬取
4432,明德花园南区(平邑),678059,https://liny.zu.anjuke.com/fangyuan/4479463274966026,2室2厅|整租|精装修|高层(共17层),已爬取
4433,蓝湖国际,678196,https://liny.zu.anjuke.com/fangyuan/4055058270661635,3室2厅|整租|精装修|中层(共16层),已爬取
4434,蓝湖国际,678196,https://liny.zu.anjuke.com/fangyuan/4587065550101507,3室1厅|整租|精装修|低层(共25层),已爬取
4435,蓝湖国际,678196,https://liny.zu.anjuke.com/fangyuan/4527283806624774,3室2厅|整租|精装修|中层(共18层),已爬取
4436,蓝湖国际,678196,https://liny.zu.anjuke.com/fangyuan/4631892220521484,1室1厅|整租|精装修|中层(共18层),已爬取
4437,蓝湖国际,678196,https://liny.zu.anjuke.com/fangyuan/4528605448006665,3室2厅|整租|精装修|中层(共18层),已爬取
4438,蓝湖国际,678196,https://liny.zu.anjuke.com/fangyuan/4631890681422850,3室2厅|整租|精装修|中层(共22层),已爬取
4439,蓝湖国际,678196,https://liny.zu.anjuke.com/fangyuan/4631879075111940,1室1厅|整租|精装修|中层(共30层),已爬取
4440,蓝湖国际,678196,https://liny.zu.anjuke.com/fangyuan/4398303924182031,3室2厅|整租|精装修|低层(共10层),已爬取
4441,南湖尚城,1075586,https://liny.zu.anjuke.com/fangyuan/4615417764258818,3室2厅|整租|精装修|高层(共17层),已爬取
4442,南湖尚城,1075586,https://liny.zu.anjuke.com/fangyuan/4612646543991819,1室1厅|合租|精装修|中层(共20层),已爬取
4443,南湖尚城,1075586,https://liny.zu.anjuke.com/fangyuan/4619055539710976,1室1厅|合租|精装修|高层(共22层),已爬取
4444,南湖尚城,1075586,https://liny.zu.anjuke.com/fangyuan/4629022016695308,3室2厅|整租|精装修|共5层,已爬取
4445,南湖尚城,1075586,https://liny.zu.anjuke.com/fangyuan/4606713502624783,3室2厅|整租|精装修|高层(共16层),已爬取
4446,南湖尚城,1075586,https://liny.zu.anjuke.com/fangyuan/4614979596313614,3室2厅|合租|精装修|中层(共24层),已爬取
4447,南湖尚城,1075586,https://liny.zu.anjuke.com/fangyuan/4616870776675328,1室1厅|合租|精装修|中层(共30层),已爬取
4448,南湖尚城,1075586,https://liny.zu.anjuke.com/fangyuan/4615349775916036,3室2厅|整租|精装修|高层(共17层),已爬取
4449,南湖尚城,1075586,https://liny.zu.anjuke.com/fangyuan/4626573438852102,3室1厅|合租|精装修|中层(共16层),已爬取
4450,南湖尚城,1075586,https://liny.zu.anjuke.com/fangyuan/4619769889350666,1室1厅|合租|精装修|中层(共26层),已爬取
4451,竹林桥北区,676706,https://liny.zu.anjuke.com/fangyuan/4629475682905092,3室1厅|合租|精装修|低层(共12层),已爬取
4452,竹林桥北区,676706,https://liny.zu.anjuke.com/fangyuan/4261052883885060,3室2厅|合租|精装修|低层(共6层),已爬取
4453,竹林桥北区,676706,https://liny.zu.anjuke.com/fangyuan/4522314570458126,3室0厅|合租|精装修|低层(共28层),已爬取
4454,竹林桥北区,676706,https://liny.zu.anjuke.com/fangyuan/4630816424895501,4室2厅|合租|精装修|低层(共10层),已爬取
4455,竹林桥北区,676706,https://liny.zu.anjuke.com/fangyuan/4622262465766415,3室2厅|合租|豪华装修|低层(共16层),已爬取
4456,竹林桥北区,676706,https://liny.zu.anjuke.com/fangyuan/4191686028667917,2室2厅|合租|精装修|低层(共6层),已爬取
4457,竹林桥北区,676706,https://liny.zu.anjuke.com/fangyuan/4473988379778048,3室2厅|合租|精装修|低层(共9层),已爬取
4458,竹林桥北区,676706,https://liny.zu.anjuke.com/fangyuan/4305351323184143,3室2厅|合租|精装修|低层(共12层),已爬取
4459,竹林桥北区,676706,https://liny.zu.anjuke.com/fangyuan/2725273747020813,3室2厅|合租|精装修|中层(共6层),已爬取
4460,竹林桥北区,676706,https://liny.zu.anjuke.com/fangyuan/4606535800873997,1室1厅|整租|精装修|共5层,已爬取
4461,贵人铂悦府,1432984,https://liny.zu.anjuke.com/fangyuan/4530678120098828,3室2厅|整租|精装修|低层(共18层),已爬取
4462,贵人铂悦府,1432984,https://liny.zu.anjuke.com/fangyuan/4626801194785807,2室2厅|整租|简单装修|中层(共17层),已爬取
4463,中侨阳光濠庭,676749,https://liny.zu.anjuke.com/fangyuan/4535756578595853,3室2厅|合租|精装修|中层(共6层),已爬取
4464,中侨阳光濠庭,676749,https://liny.zu.anjuke.com/fangyuan/4627732819913732,3室2厅|合租|精装修|中层(共6层),已爬取
4465,中侨阳光濠庭,676749,https://liny.zu.anjuke.com/fangyuan/4520738254445575,3室1厅|合租|精装修|中层(共30层),已爬取
4466,中侨阳光濠庭,676749,https://liny.zu.anjuke.com/fangyuan/4625404693718028,3室1厅|合租|精装修|中层(共16层),已爬取
4467,中侨阳光濠庭,676749,https://liny.zu.anjuke.com/fangyuan/4629078925335560,3室2厅|合租|精装修|中层(共6层),已爬取
4468,中侨阳光濠庭,676749,https://liny.zu.anjuke.com/fangyuan/4624774959705099,4室2厅|合租|精装修|中层(共30层),已爬取
4469,中侨阳光濠庭,676749,https://liny.zu.anjuke.com/fangyuan/4498873860299781,3室1厅|合租|精装修|低层(共30层),已爬取
4470,中侨阳光濠庭,676749,https://liny.zu.anjuke.com/fangyuan/4602590591687684,3室1厅|合租|精装修|低层(共22层),已爬取
4471,中侨阳光濠庭,676749,https://liny.zu.anjuke.com/fangyuan/4626266589422592,5室1厅|合租|精装修|共5层,已爬取
4472,中侨阳光濠庭,676749,https://liny.zu.anjuke.com/fangyuan/4631556492254217,3室1厅|合租|精装修|高层(共10层),已爬取
4473,大名城(北区),1187551,https://liny.zu.anjuke.com/fangyuan/4633398981405696,2室2厅|整租|简单装修|中层(共18层),已爬取
4474,大名城(北区),1187551,https://liny.zu.anjuke.com/fangyuan/4576883066100748,2室2厅|整租|精装修|低层(共18层),已爬取
4475,大名城(北区),1187551,https://liny.zu.anjuke.com/fangyuan/4575201844419599,2室2厅|整租|简单装修|低层(共6层),已爬取
4476,大名城(北区),1187551,https://liny.zu.anjuke.com/fangyuan/4574287831639054,3室2厅|整租|精装修|低层(共18层),已爬取
4477,大名城(北区),1187551,https://liny.zu.anjuke.com/fangyuan/4503153210350593,2室2厅|整租|精装修|共5层,已爬取
4478,大名城(北区),1187551,https://liny.zu.anjuke.com/fangyuan/4538445715155983,2室2厅|整租|精装修|高层(共18层),已爬取
4479,大名城(北区),1187551,https://liny.zu.anjuke.com/fangyuan/4625453489433606,1室1厅|整租|精装修|共3层,已爬取
4480,大名城(北区),1187551,https://liny.zu.anjuke.com/fangyuan/4476987568858121,1室1厅|整租|精装修|共3层,已爬取
4481,大名城(北区),1187551,https://liny.zu.anjuke.com/fangyuan/4499448397143045,1室0厅|整租|精装修|共3层,已爬取
4482,大名城(北区),1187551,https://liny.zu.anjuke.com/fangyuan/4594050861097985,1室1厅|整租|精装修|共4层,已爬取
4483,平安里(一期),1233782,https://liny.zu.anjuke.com/fangyuan/4595236382235654,3室2厅|整租|精装修|低层(共25层),已爬取
4484,平安里(一期),1233782,https://liny.zu.anjuke.com/fangyuan/4627641731998726,4室2厅|整租|豪华装修|中层(共24层),已爬取
4485,平安里(一期),1233782,https://liny.zu.anjuke.com/fangyuan/4598499212385288,3室2厅|整租|简单装修|低层(共25层),已爬取
4486,平安里(一期),1233782,https://liny.zu.anjuke.com/fangyuan/4554092622029829,3室2厅|整租|精装修|中层(共25层),已爬取
4487,平安里(一期),1233782,https://liny.zu.anjuke.com/fangyuan/4631886769038339,3室2厅|整租|精装修|高层(共28层),已爬取
4488,平安里(一期),1233782,https://liny.zu.anjuke.com/fangyuan/4593756623133710,3室2厅|整租|简单装修|中层(共15层),已爬取
4489,平安里(一期),1233782,https://liny.zu.anjuke.com/fangyuan/4583797389059085,3室2厅|整租|精装修|中层(共25层),已爬取
4490,平安里(一期),1233782,https://liny.zu.anjuke.com/fangyuan/4613324032973829,3室2厅|整租|精装修|中层(共25层),已爬取
4491,平安里(一期),1233782,https://liny.zu.anjuke.com/fangyuan/4629393047430158,3室2厅|整租|精装修|中层(共25层),已爬取
4492,平安里(一期),1233782,https://liny.zu.anjuke.com/fangyuan/4595233731927054,3室2厅|整租|精装修|中层(共25层),已爬取
4493,史丹利学府名苑,972769,https://liny.zu.anjuke.com/fangyuan/4620938765364229,3室2厅|整租|简单装修|中层(共18层),已爬取
4494,史丹利学府名苑,972769,https://liny.zu.anjuke.com/fangyuan/4537219660684296,3室2厅|整租|简单装修|中层(共17层),已爬取
4495,史丹利学府名苑,972769,https://liny.zu.anjuke.com/fangyuan/4567358632141834,1室1厅|整租|精装修|低层(共18层),已爬取
4496,史丹利学府名苑,972769,https://liny.zu.anjuke.com/fangyuan/4357716715318286,1室1厅|整租|精装修|高层(共17层),已爬取
4497,史丹利学府名苑,972769,https://liny.zu.anjuke.com/fangyuan/4620802901419011,3室2厅|整租|精装修|中层(共17层),已爬取
4498,乐泰花苑,677785,https://liny.zu.anjuke.com/fangyuan/4619297524229128,4室2厅|整租|精装修|中层(共6层),已爬取
4499,乐泰花苑,677785,https://liny.zu.anjuke.com/fangyuan/4619348046846987,3室2厅|整租|精装修|中层(共6层),已爬取
4500,乐泰花苑,677785,https://liny.zu.anjuke.com/fangyuan/4628145570749448,3室2厅|整租|精装修|高层(共6层),已爬取
4501,乐泰花苑,677785,https://liny.zu.anjuke.com/fangyuan/4624919219874823,3室2厅|整租|精装修|共5层,已爬取
4502,乐泰花苑,677785,https://liny.zu.anjuke.com/fangyuan/4629065340791814,3室2厅|整租|精装修|中层(共6层),已爬取
4503,乐泰花苑,677785,https://liny.zu.anjuke.com/fangyuan/4601095212557323,4室2厅|整租|精装修|高层(共6层),已爬取
4504,乐泰花苑,677785,https://liny.zu.anjuke.com/fangyuan/4630932987767811,3室2厅|整租|精装修|中层(共6层),已爬取
4505,乐泰花苑,677785,https://liny.zu.anjuke.com/fangyuan/4624973387258888,3室2厅|整租|精装修|中层(共6层),已爬取
4506,乐泰花苑,677785,https://liny.zu.anjuke.com/fangyuan/4625254258404366,3室2厅|整租|精装修|中层(共6层),已爬取
4507,竹林桥南区,973270,https://liny.zu.anjuke.com/fangyuan/4631544353221647,3室1厅|合租|精装修|中层(共8层),已爬取
4508,竹林桥南区,973270,https://liny.zu.anjuke.com/fangyuan/4520671343041547,3室1厅|合租|精装修|中层(共12层),已爬取
4509,竹林桥南区,973270,https://liny.zu.anjuke.com/fangyuan/4622120746263561,3室1厅|合租|豪华装修|中层(共6层),已爬取
4510,竹林桥南区,973270,https://liny.zu.anjuke.com/fangyuan/4548646807184384,3室1厅|合租|精装修|中层(共11层),已爬取
4511,竹林桥南区,973270,https://liny.zu.anjuke.com/fangyuan/4260974234378251,3室2厅|合租|精装修|低层(共6层),已爬取
4512,竹林桥南区,973270,https://liny.zu.anjuke.com/fangyuan/4535769839117324,3室2厅|合租|精装修|低层(共6层),已爬取
4513,竹林桥南区,973270,https://liny.zu.anjuke.com/fangyuan/4616508772049925,3室2厅|合租|精装修|高层(共6层),已爬取
4514,竹林桥南区,973270,https://liny.zu.anjuke.com/fangyuan/4625501673872399,2室2厅|合租|精装修|低层(共6层),已爬取
4515,竹林桥南区,973270,https://liny.zu.anjuke.com/fangyuan/4585522320206860,3室2厅|合租|精装修|低层(共6层),已爬取
4516,竹林桥南区,973270,https://liny.zu.anjuke.com/fangyuan/4152040146411530,3室2厅|合租|精装修|共5层,已爬取
4517,宝丽盛世嘉园(东区),677635,https://liny.zu.anjuke.com/fangyuan/4621041703132166,3室2厅|整租|精装修|低层(共6层),已爬取
4518,宝丽盛世嘉园(东区),677635,https://liny.zu.anjuke.com/fangyuan/4509482981436417,3室2厅|合租|精装修|共5层,已爬取
4519,香港城(兰山),940357,https://liny.zu.anjuke.com/fangyuan/4615428231242759,1室1厅|整租|精装修|中层(共30层),已爬取
4520,香港城(兰山),940357,https://liny.zu.anjuke.com/fangyuan/2946436810501123,1室1厅|整租|精装修|高层(共30层),已爬取
4521,香港城(兰山),940357,https://liny.zu.anjuke.com/fangyuan/4615457070865413,1室1厅|整租|精装修|中层(共30层),已爬取
4522,香港城(兰山),940357,https://liny.zu.anjuke.com/fangyuan/4571487768833037,1室1厅|整租|精装修|中层(共30层),已爬取
4523,香港城(兰山),940357,https://liny.zu.anjuke.com/fangyuan/3366832263208972,1室1厅|整租|精装修|中层(共30层),已爬取
4524,香港城(兰山),940357,https://liny.zu.anjuke.com/fangyuan/2931993868950537,1室1厅|整租|精装修|中层(共30层),已爬取
4525,香港城(兰山),940357,https://liny.zu.anjuke.com/fangyuan/4615440952208393,1室1厅|整租|精装修|中层(共30层),已爬取
4526,香港城(兰山),940357,https://liny.zu.anjuke.com/fangyuan/4631052430797827,1室1厅|整租|精装修|中层(共30层),已爬取
4527,香港城(兰山),940357,https://liny.zu.anjuke.com/fangyuan/4476675210357773,1室1厅|整租|精装修|高层(共30层),已爬取
4528,香港城(兰山),940357,https://liny.zu.anjuke.com/fangyuan/4615472830213132,1室1厅|整租|精装修|低层(共30层),已爬取
4529,宝德集美东方(公寓住宅),1410671,https://liny.zu.anjuke.com/fangyuan/4633350347697166,3室2厅|整租|精装修|高层(共24层),已爬取
4530,宝德集美东方(公寓住宅),1410671,https://liny.zu.anjuke.com/fangyuan/4623427174556685,3室2厅|整租|简单装修|高层(共26层),已爬取
4531,宝德集美东方(公寓住宅),1410671,https://liny.zu.anjuke.com/fangyuan/4530042184834061,3室2厅|整租|豪华装修|高层(共26层),已爬取
4532,宝德集美东方(公寓住宅),1410671,https://liny.zu.anjuke.com/fangyuan/4626681129001992,1室1厅|合租|精装修|低层(共32层),已爬取
4533,宝德集美东方(公寓住宅),1410671,https://liny.zu.anjuke.com/fangyuan/4610022511827973,3室2厅|整租|精装修|中层(共10层),已爬取
4534,宝德集美东方(公寓住宅),1410671,https://liny.zu.anjuke.com/fangyuan/4571303949818890,3室2厅|整租|精装修|高层(共28层),已爬取
4535,宝德集美东方(公寓住宅),1410671,https://liny.zu.anjuke.com/fangyuan/4610538824428549,3室2厅|整租|简单装修|低层(共26层),已爬取
4536,宝德集美东方(公寓住宅),1410671,https://liny.zu.anjuke.com/fangyuan/4633309301201926,3室2厅|整租|精装修|高层(共26层),已爬取
4537,宝德集美东方(公寓住宅),1410671,https://liny.zu.anjuke.com/fangyuan/4530254700391426,3室2厅|整租|精装修|低层(共26层),已爬取
4538,华前广场富华小区(B区),1190505,https://liny.zu.anjuke.com/fangyuan/4572479637103617,3室1厅|合租|精装修|中层(共26层),已爬取
4539,华前广场富华小区(B区),1190505,https://liny.zu.anjuke.com/fangyuan/4629234862238723,3室1厅|合租|精装修|中层(共26层),已爬取
4540,华前广场富华小区(B区),1190505,https://liny.zu.anjuke.com/fangyuan/4625547003796485,3室2厅|合租|精装修|高层(共16层),已爬取
4541,华前广场富华小区(B区),1190505,https://liny.zu.anjuke.com/fangyuan/4631903950726144,3室2厅|合租|精装修|中层(共25层),已爬取
4542,华前广场富华小区(B区),1190505,https://liny.zu.anjuke.com/fangyuan/4469646154818568,3室2厅|合租|精装修|中层(共22层),已爬取
4543,华前广场富华小区(B区),1190505,https://liny.zu.anjuke.com/fangyuan/3837839385142281,3室2厅|合租|精装修|中层(共33层),已爬取
4544,华前广场富华小区(B区),1190505,https://liny.zu.anjuke.com/fangyuan/4475666657928200,3室2厅|合租|精装修|低层(共32层),已爬取
4545,华前广场富华小区(B区),1190505,https://liny.zu.anjuke.com/fangyuan/4484732609567750,3室2厅|合租|精装修|低层(共18层),已爬取
4546,华前广场富华小区(B区),1190505,https://liny.zu.anjuke.com/fangyuan/4631152140758031,3室2厅|整租|简单装修|低层(共30层),已爬取
4547,华前广场富华小区(B区),1190505,https://liny.zu.anjuke.com/fangyuan/4508704654187531,1室1厅|合租|精装修|共1层,已爬取
4548,翰林华府(莒南),940905,https://liny.zu.anjuke.com/fangyuan/4084623504433159,3室2厅|整租|精装修|高层(共11层),已爬取
4549,翰林华府(莒南),940905,https://liny.zu.anjuke.com/fangyuan/4343154209790991,3室2厅|整租|简单装修|高层(共11层),已爬取
4550,阳光城香麓园,1002819,https://liny.zu.anjuke.com/fangyuan/4517414387477505,3室2厅|整租|精装修|中层(共6层),已爬取
4551,阳光城香麓园,1002819,https://liny.zu.anjuke.com/fangyuan/4630774697815054,3室2厅|整租|精装修|中层(共11层),已爬取
4552,阳光城香麓园,1002819,https://liny.zu.anjuke.com/fangyuan/4606631839198211,1室0厅|合租|精装修|低层(共15层),已爬取
4553,阳光城香麓园,1002819,https://liny.zu.anjuke.com/fangyuan/4624741639138310,1室1厅|合租|精装修|低层(共13层),已爬取
4554,阳光城香麓园,1002819,https://liny.zu.anjuke.com/fangyuan/4616978664512523,3室2厅|合租|精装修|低层(共6层),已爬取
4555,阳光城香麓园,1002819,https://liny.zu.anjuke.com/fangyuan/4530104976794636,3室2厅|整租|精装修|中层(共7层),已爬取
4556,阳光城香麓园,1002819,https://liny.zu.anjuke.com/fangyuan/4633390254550026,3室2厅|整租|精装修|中层(共6层),已爬取
4557,阳光城香麓园,1002819,https://liny.zu.anjuke.com/fangyuan/4605066747223043,1室1厅|合租|精装修|低层(共6层),已爬取
4558,阳光城香麓园,1002819,https://liny.zu.anjuke.com/fangyuan/4629100617952271,1室1厅|合租|精装修|低层(共15层),已爬取
4559,阳光城香麓园,1002819,https://liny.zu.anjuke.com/fangyuan/4630597875674113,1室0厅|合租|精装修|低层(共20层),已爬取
4560,滨河名邸,1131057,https://liny.zu.anjuke.com/fangyuan/4585302448546818,3室2厅|整租|精装修|低层(共8层),已爬取
4561,滨河名邸,1131057,https://liny.zu.anjuke.com/fangyuan/4600786676229130,3室2厅|整租|精装修|高层(共9层),已爬取
4562,滨河名邸,1131057,https://liny.zu.anjuke.com/fangyuan/4591432202544140,3室2厅|整租|简单装修|低层(共8层),已爬取
4563,滨河名邸,1131057,https://liny.zu.anjuke.com/fangyuan/4608175815320579,3室2厅|整租|精装修|高层(共8层),已爬取
4564,滨河名邸,1131057,https://liny.zu.anjuke.com/fangyuan/4626317508664334,3室2厅|整租|简单装修|低层(共7层),已爬取
4565,滨河名邸,1131057,https://liny.zu.anjuke.com/fangyuan/4600783543264258,3室2厅|整租|精装修|低层(共7层),已爬取
4566,滨河名邸,1131057,https://liny.zu.anjuke.com/fangyuan/4421301259213828,4室2厅|整租|简单装修|高层(共6层),已爬取
4567,滨河名邸,1131057,https://liny.zu.anjuke.com/fangyuan/4588378836610058,3室2厅|整租|精装修|中层(共8层),已爬取
4568,滨河名邸,1131057,https://liny.zu.anjuke.com/fangyuan/4581205747690501,3室2厅|整租|精装修|中层(共8层),已爬取
4569,滨河名邸,1131057,https://liny.zu.anjuke.com/fangyuan/4626317586193411,3室2厅|整租|精装修|低层(共8层),已爬取
4570,市委大院,1179514,https://liny.zu.anjuke.com/fangyuan/4385033474302982,3室2厅|合租|精装修|中层(共15层),已爬取
4571,市委大院,1179514,https://liny.zu.anjuke.com/fangyuan/4624497699183631,3室2厅|合租|精装修|低层(共6层),已爬取
4572,市委大院,1179514,https://liny.zu.anjuke.com/fangyuan/4492491957574659,4室2厅|整租|精装修|共5层,已爬取
4573,市委大院,1179514,https://liny.zu.anjuke.com/fangyuan/4541827269778435,3室2厅|整租|简单装修|低层(共6层),已爬取
4574,市委大院,1179514,https://liny.zu.anjuke.com/fangyuan/4477978585066510,4室1厅|整租|精装修|共4层,已爬取
4575,市委大院,1179514,https://liny.zu.anjuke.com/fangyuan/4580244883039237,3室2厅|整租|精装修|共5层,已爬取
4576,市委大院,1179514,https://liny.zu.anjuke.com/fangyuan/4620679943199747,3室2厅|整租|精装修|低层(共6层),已爬取
4577,市委大院,1179514,https://liny.zu.anjuke.com/fangyuan/4354619083631627,3室2厅|合租|精装修|共4层,已爬取
4578,市委大院,1179514,https://liny.zu.anjuke.com/fangyuan/4615614389462028,3室1厅|整租|精装修|共4层,已爬取
4579,市委大院,1179514,https://liny.zu.anjuke.com/fangyuan/4439667764648971,3室1厅|整租|精装修|中层(共6层),已爬取
4580,绿城花园,945720,https://liny.zu.anjuke.com/fangyuan/4481000090905605,1室1厅|整租|精装修|共5层,已爬取
4581,绿城花园,945720,https://liny.zu.anjuke.com/fangyuan/4480994953440269,1室1厅|整租|精装修|共5层,已爬取
4582,银泰景苑,1147500,https://liny.zu.anjuke.com/fangyuan/4584187868851208,3室2厅|整租|精装修|高层(共18层),已爬取
4583,银泰景苑,1147500,https://liny.zu.anjuke.com/fangyuan/4422491714989068,3室2厅|整租|精装修|中层(共17层),已爬取
4584,银泰景苑,1147500,https://liny.zu.anjuke.com/fangyuan/4585920578415626,1室1厅|整租|精装修|低层(共24层),已爬取
4585,银泰景苑,1147500,https://liny.zu.anjuke.com/fangyuan/4628155174759432,3室2厅|整租|精装修|中层(共24层),已爬取
4586,银泰景苑,1147500,https://liny.zu.anjuke.com/fangyuan/4627975767923716,1室1厅|整租|精装修|低层(共24层),已爬取
4587,银泰景苑,1147500,https://liny.zu.anjuke.com/fangyuan/4626308329991172,1室1厅|整租|精装修|低层(共24层),已爬取
4588,银泰景苑,1147500,https://liny.zu.anjuke.com/fangyuan/4552622224550926,1室1厅|整租|精装修|低层(共24层),已爬取
4589,银泰景苑,1147500,https://liny.zu.anjuke.com/fangyuan/4633506063199241,1室1厅|整租|精装修|低层(共25层),已爬取
4590,银泰景苑,1147500,https://liny.zu.anjuke.com/fangyuan/4585261662215170,3室2厅|整租|精装修|高层(共17层),已爬取
4591,银泰景苑,1147500,https://liny.zu.anjuke.com/fangyuan/4592303671665675,1室1厅|整租|精装修|低层(共24层),已爬取
4592,皇山花园(一期),677064,https://liny.zu.anjuke.com/fangyuan/4625454658595847,3室2厅|合租|精装修|中层(共9层),已爬取
4593,皇山花园(一期),677064,https://liny.zu.anjuke.com/fangyuan/4622072771746824,1室1厅|合租|精装修|低层(共15层),已爬取
4594,皇山花园(一期),677064,https://liny.zu.anjuke.com/fangyuan/4624991771929600,4室2厅|整租|精装修|高层(共11层),已爬取
4595,皇山花园(一期),677064,https://liny.zu.anjuke.com/fangyuan/4620647000796165,3室1厅|合租|精装修|中层(共16层),已爬取
4596,皇山花园(一期),677064,https://liny.zu.anjuke.com/fangyuan/4618221061843976,1室1厅|合租|精装修|低层(共16层),已爬取
4597,皇山花园(一期),677064,https://liny.zu.anjuke.com/fangyuan/4626635866729486,3室2厅|整租|简单装修|中层(共22层),已爬取
4598,皇山花园(一期),677064,https://liny.zu.anjuke.com/fangyuan/4569940879223821,3室2厅|整租|精装修|高层(共22层),已爬取
4599,皇山花园(一期),677064,https://liny.zu.anjuke.com/fangyuan/4599385564240901,3室2厅|合租|精装修|低层(共16层),已爬取
4600,皇山花园(一期),677064,https://liny.zu.anjuke.com/fangyuan/4600845065675790,1室1厅|合租|精装修|低层(共15层),已爬取
4601,皇山花园(一期),677064,https://liny.zu.anjuke.com/fangyuan/4625346294703104,4室2厅|整租|精装修|高层(共11层),已爬取
4602,阳光新城(沂水),972785,https://liny.zu.anjuke.com/fangyuan/4490412387853323,3室2厅|整租|精装修|共5层,已爬取
4603,阳光新城(沂水),972785,https://liny.zu.anjuke.com/fangyuan/4537186358830091,3室2厅|整租|精装修|共5层,已爬取
4604,阳光新城(沂水),972785,https://liny.zu.anjuke.com/fangyuan/4615215274288128,3室2厅|整租|精装修|高层(共6层),已爬取
4605,阳光新城(沂水),972785,https://liny.zu.anjuke.com/fangyuan/4499018364544006,3室2厅|整租|精装修|共5层,已爬取
4606,阳光新城(沂水),972785,https://liny.zu.anjuke.com/fangyuan/4614223905184783,3室2厅|整租|精装修|共5层,已爬取
4607,阳光新城(沂水),972785,https://liny.zu.anjuke.com/fangyuan/4546151705517056,3室2厅|整租|精装修|高层(共6层),已爬取
4608,阳光新城(沂水),972785,https://liny.zu.anjuke.com/fangyuan/4621255953818624,3室2厅|整租|简单装修|共5层,已爬取
4609,阳光新城(沂水),972785,https://liny.zu.anjuke.com/fangyuan/4531837381962759,3室2厅|整租|简单装修|高层(共6层),已爬取
4610,中山名都,1042472,https://liny.zu.anjuke.com/fangyuan/4532879285840906,3室2厅|整租|精装修|高层(共17层),已爬取
4611,中山名都,1042472,https://liny.zu.anjuke.com/fangyuan/4590799055870991,2室2厅|整租|简单装修|高层(共22层),已爬取
4612,中山名都,1042472,https://liny.zu.anjuke.com/fangyuan/4532902669048845,3室2厅|整租|精装修|低层(共17层),已爬取
4613,中山名都,1042472,https://liny.zu.anjuke.com/fangyuan/4606766596303882,1室1厅|整租|简单装修|低层(共17层),已爬取
4614,中山名都,1042472,https://liny.zu.anjuke.com/fangyuan/4565775274302469,3室2厅|整租|精装修|高层(共22层),已爬取
4615,中山名都,1042472,https://liny.zu.anjuke.com/fangyuan/4619668256482307,3室2厅|整租|精装修|低层(共17层),已爬取
4616,中山名都,1042472,https://liny.zu.anjuke.com/fangyuan/4502112128195592,1室1厅|整租|简单装修|低层(共17层),已爬取
4617,泰美花园,677006,https://liny.zu.anjuke.com/fangyuan/4586956757212172,2室2厅|整租|精装修|中层(共6层),已爬取
4618,泰美花园,677006,https://liny.zu.anjuke.com/fangyuan/4578501104000001,2室2厅|整租|简单装修|中层(共6层),已爬取
4619,泰美花园,677006,https://liny.zu.anjuke.com/fangyuan/4621261428960256,2室2厅|整租|精装修|低层(共6层),已爬取
4620,泰美花园,677006,https://liny.zu.anjuke.com/fangyuan/4530832136545282,2室2厅|整租|精装修|低层(共6层),已爬取
4621,泰美花园,677006,https://liny.zu.anjuke.com/fangyuan/4528606232896527,2室2厅|整租|精装修|低层(共6层),已爬取
4622,泰美花园,677006,https://liny.zu.anjuke.com/fangyuan/4601001736102924,2室2厅|整租|精装修|低层(共6层),已爬取
4623,泰美花园,677006,https://liny.zu.anjuke.com/fangyuan/4578231557579776,2室2厅|整租|简单装修|低层(共11层),已爬取
4624,泰美花园,677006,https://liny.zu.anjuke.com/fangyuan/4619464326753289,2室2厅|整租|精装修|低层(共6层),已爬取
4625,泰美花园,677006,https://liny.zu.anjuke.com/fangyuan/4586846663926790,2室2厅|整租|精装修|高层(共6层),已爬取
4626,泰美花园,677006,https://liny.zu.anjuke.com/fangyuan/4537170283928591,2室2厅|整租|简单装修|低层(共11层),已爬取
4627,天弘苑,973133,https://liny.zu.anjuke.com/fangyuan/4221381867986944,3室2厅|合租|精装修|高层(共22层),已爬取
4628,天弘苑,973133,https://liny.zu.anjuke.com/fangyuan/4625294450306063,3室2厅|合租|精装修|低层(共17层),已爬取
4629,天弘苑,973133,https://liny.zu.anjuke.com/fangyuan/4634091336719374,3室2厅|合租|精装修|中层(共28层),已爬取
4630,天弘苑,973133,https://liny.zu.anjuke.com/fangyuan/4473567542207492,3室2厅|合租|精装修|低层(共15层),已爬取
4631,天弘苑,973133,https://liny.zu.anjuke.com/fangyuan/4466375016033281,3室2厅|合租|精装修|高层(共26层),已爬取
4632,天弘苑,973133,https://liny.zu.anjuke.com/fangyuan/4605494467079175,1室1厅|合租|精装修|高层(共24层),已爬取
4633,天弘苑,973133,https://liny.zu.anjuke.com/fangyuan/4629129139186696,1室1厅|合租|精装修|高层(共18层),已爬取
4634,天弘苑,973133,https://liny.zu.anjuke.com/fangyuan/4466809323711490,3室2厅|整租|精装修|高层(共18层),已爬取
4635,天弘苑,973133,https://liny.zu.anjuke.com/fangyuan/4566814146571268,1室1厅|合租|精装修|中层(共33层),已爬取
4636,天弘苑,973133,https://liny.zu.anjuke.com/fangyuan/4539237831402506,3室2厅|整租|精装修|中层(共11层),已爬取
4637,城建涑堤春晓,1043414,https://liny.zu.anjuke.com/fangyuan/4631934596047878,1室1厅|整租|精装修|中层(共23层),已爬取
4638,城建涑堤春晓,1043414,https://liny.zu.anjuke.com/fangyuan/4612476356666377,1室1厅|整租|精装修|高层(共21层),已爬取
4639,城建涑堤春晓,1043414,https://liny.zu.anjuke.com/fangyuan/4614157614078987,1室1厅|整租|精装修|高层(共20层),已爬取
4640,城建涑堤春晓,1043414,https://liny.zu.anjuke.com/fangyuan/4606437196917767,1室1厅|整租|精装修|高层(共20层),已爬取
4641,城建涑堤春晓,1043414,https://liny.zu.anjuke.com/fangyuan/4238747004623875,2室2厅|整租|豪华装修|共5层,已爬取
4642,城建涑堤春晓,1043414,https://liny.zu.anjuke.com/fangyuan/4135977434131456,3室2厅|整租|豪华装修|低层(共18层),已爬取
4643,开元阳光里,1059633,https://liny.zu.anjuke.com/fangyuan/4602969153838086,3室1厅|合租|精装修|共4层,已爬取
4644,开元阳光里,1059633,https://liny.zu.anjuke.com/fangyuan/4626185706085378,3室2厅|合租|精装修|低层(共22层),已爬取
4645,开元阳光里,1059633,https://liny.zu.anjuke.com/fangyuan/4608180316285957,3室2厅|整租|精装修|高层(共34层),已爬取
4646,开元阳光里,1059633,https://liny.zu.anjuke.com/fangyuan/4604037125643270,2室2厅|整租|精装修|中层(共34层),已爬取
4647,开元阳光里,1059633,https://liny.zu.anjuke.com/fangyuan/4467754748193795,3室2厅|整租|精装修|高层(共33层),已爬取
4648,开元阳光里,1059633,https://liny.zu.anjuke.com/fangyuan/4545599145106441,3室2厅|整租|精装修|高层(共34层),已爬取
4649,开元阳光里,1059633,https://liny.zu.anjuke.com/fangyuan/4465692806507522,2室1厅|整租|精装修|低层(共30层),已爬取
4650,开元阳光里,1059633,https://liny.zu.anjuke.com/fangyuan/4520139881522187,3室2厅|整租|精装修|低层(共34层),已爬取
4651,开元阳光里,1059633,https://liny.zu.anjuke.com/fangyuan/4616318315523083,3室2厅|整租|精装修|高层(共34层),已爬取
4652,开元阳光里,1059633,https://liny.zu.anjuke.com/fangyuan/4620754045314053,3室2厅|整租|精装修|低层(共34层),已爬取
4653,清泉小区,677559,https://liny.zu.anjuke.com/fangyuan/4608448409738242,3室2厅|整租|精装修|中层(共6层),已爬取
4654,清泉小区,677559,https://liny.zu.anjuke.com/fangyuan/4633660462427147,2室2厅|整租|简单装修|中层(共6层),已爬取
4655,清泉小区,677559,https://liny.zu.anjuke.com/fangyuan/4534593831558153,3室2厅|整租|精装修|低层(共6层),已爬取
4656,清泉小区,677559,https://liny.zu.anjuke.com/fangyuan/4608263552756747,3室2厅|整租|简单装修|低层(共6层),已爬取
4657,清泉小区,677559,https://liny.zu.anjuke.com/fangyuan/4508775032843265,3室2厅|整租|简单装修|中层(共6层),已爬取
4658,清泉小区,677559,https://liny.zu.anjuke.com/fangyuan/4527447114427396,3室1厅|整租|精装修|中层(共6层),已爬取
4659,清泉小区,677559,https://liny.zu.anjuke.com/fangyuan/4582380198276101,3室2厅|整租|简单装修|高层(共6层),已爬取
4660,清泉小区,677559,https://liny.zu.anjuke.com/fangyuan/4622277824209924,3室2厅|整租|精装修|中层(共6层),已爬取
4661,清泉小区,677559,https://liny.zu.anjuke.com/fangyuan/4595392430173189,3室2厅|整租|简单装修|低层(共6层),已爬取
4662,清泉小区,677559,https://liny.zu.anjuke.com/fangyuan/4633438376897536,2室1厅|整租|简单装修|高层(共6层),已爬取
4663,临矿玖府,1527674,https://liny.zu.anjuke.com/fangyuan/4507878761077775,3室2厅|整租|精装修|共5层,已爬取
4664,临矿玖府,1527674,https://liny.zu.anjuke.com/fangyuan/4553166830152704,2室2厅|整租|精装修|共5层,已爬取
4665,临矿玖府,1527674,https://liny.zu.anjuke.com/fangyuan/4609388714613760,2室2厅|整租|简单装修|中层(共6层),已爬取
4666,临矿玖府,1527674,https://liny.zu.anjuke.com/fangyuan/4556940235545608,2室2厅|整租|精装修|中层(共6层),已爬取
4667,临矿玖府,1527674,https://liny.zu.anjuke.com/fangyuan/4568615031958536,2室2厅|整租|精装修|中层(共11层),已爬取
4668,翰林丽都(A区),1195820,https://liny.zu.anjuke.com/fangyuan/4510523597513734,3室2厅|整租|精装修|高层(共20层),已爬取
4669,翰林丽都(A区),1195820,https://liny.zu.anjuke.com/fangyuan/4619661289384974,3室2厅|整租|精装修|中层(共17层),已爬取
4670,翰林丽都(A区),1195820,https://liny.zu.anjuke.com/fangyuan/4611213303702543,3室2厅|整租|精装修|中层(共18层),已爬取
4671,翰林丽都(A区),1195820,https://liny.zu.anjuke.com/fangyuan/4571489249551371,3室2厅|整租|简单装修|高层(共19层),已爬取
4672,翰林丽都(A区),1195820,https://liny.zu.anjuke.com/fangyuan/4614059049329666,3室2厅|整租|精装修|中层(共17层),已爬取
4673,翰林丽都(A区),1195820,https://liny.zu.anjuke.com/fangyuan/4625282072798218,4室2厅|整租|简单装修|高层(共18层),已爬取
4674,翰林丽都(A区),1195820,https://liny.zu.anjuke.com/fangyuan/4611077221344257,3室1厅|整租|精装修|低层(共20层),已爬取
4675,翰林丽都(A区),1195820,https://liny.zu.anjuke.com/fangyuan/4432352957733889,3室2厅|整租|精装修|高层(共18层),已爬取
4676,信合村,972628,https://liny.zu.anjuke.com/fangyuan/4626229595790347,3室2厅|整租|精装修|共5层,已爬取
4677,信合村,972628,https://liny.zu.anjuke.com/fangyuan/4610826550567937,3室2厅|整租|精装修|共5层,已爬取
4678,信合村,972628,https://liny.zu.anjuke.com/fangyuan/4633671534633991,3室2厅|整租|精装修|共5层,已爬取
4679,和润香堤,1014918,https://liny.zu.anjuke.com/fangyuan/4153821711130633,4室3厅|整租|精装修|共4层,已爬取
4680,和润香堤,1014918,https://liny.zu.anjuke.com/fangyuan/4622320226247695,2室2厅|整租|豪华装修|高层(共23层),已爬取
4681,和润香堤,1014918,https://liny.zu.anjuke.com/fangyuan/4626544333564930,3室2厅|整租|精装修|中层(共30层),已爬取
4682,和润香堤,1014918,https://liny.zu.anjuke.com/fangyuan/4558792466525187,2室2厅|整租|简单装修|低层(共29层),已爬取
4683,和润香堤,1014918,https://liny.zu.anjuke.com/fangyuan/4626582602345487,3室2厅|整租|精装修|中层(共28层),已爬取
4684,和润香堤,1014918,https://liny.zu.anjuke.com/fangyuan/4595470491001870,2室2厅|整租|豪华装修|低层(共23层),已爬取
4685,和润香堤,1014918,https://liny.zu.anjuke.com/fangyuan/4506193673872399,4室2厅|整租|豪华装修|共4层,已爬取
4686,锦程华府,1186475,https://liny.zu.anjuke.com/fangyuan/4633636068092943,3室2厅|整租|简单装修|高层(共17层),已爬取
4687,锦程华府,1186475,https://liny.zu.anjuke.com/fangyuan/4632401803058176,3室2厅|整租|简单装修|低层(共25层),已爬取
4688,万城祥云大院,1265102,https://liny.zu.anjuke.com/fangyuan/4578441717197837,4室2厅|整租|精装修|高层(共8层),已爬取
4689,万城祥云大院,1265102,https://liny.zu.anjuke.com/fangyuan/4416829386761227,3室2厅|整租|精装修|高层(共12层),已爬取
4690,万城祥云大院,1265102,https://liny.zu.anjuke.com/fangyuan/4544507930403843,3室2厅|整租|精装修|中层(共8层),已爬取
4691,万城祥云大院,1265102,https://liny.zu.anjuke.com/fangyuan/4340591004589071,3室2厅|整租|精装修|高层(共12层),已爬取
4692,万城祥云大院,1265102,https://liny.zu.anjuke.com/fangyuan/4547346774008837,3室2厅|整租|精装修|中层(共26层),已爬取
4693,万城祥云大院,1265102,https://liny.zu.anjuke.com/fangyuan/4615068894356495,3室2厅|整租|精装修|高层(共10层),已爬取
4694,万城祥云大院,1265102,https://liny.zu.anjuke.com/fangyuan/4564546783616011,3室2厅|整租|精装修|高层(共12层),已爬取
4695,万城祥云大院,1265102,https://liny.zu.anjuke.com/fangyuan/4633478802105347,3室2厅|整租|精装修|低层(共26层),已爬取
4696,万城祥云大院,1265102,https://liny.zu.anjuke.com/fangyuan/4267125371644937,3室2厅|整租|精装修|低层(共26层),已爬取
4697,万城祥云大院,1265102,https://liny.zu.anjuke.com/fangyuan/4631293068504078,3室2厅|整租|精装修|高层(共10层),已爬取
4698,壹号公馆,1235216,https://liny.zu.anjuke.com/fangyuan/4554510237211650,4室2厅|整租|精装修|低层(共8层),已爬取
4699,水岸名城(兰山),923074,https://liny.zu.anjuke.com/fangyuan/4582954242251787,3室2厅|合租|精装修|低层(共30层),已爬取
4700,水岸名城(兰山),923074,https://liny.zu.anjuke.com/fangyuan/4482651864310793,1室1厅|整租|精装修|中层(共20层),已爬取
4701,水岸名城(兰山),923074,https://liny.zu.anjuke.com/fangyuan/4632051644623881,1室1厅|整租|精装修|中层(共30层),已爬取
4702,水岸名城(兰山),923074,https://liny.zu.anjuke.com/fangyuan/4571752767663115,1室1厅|整租|精装修|中层(共18层),已爬取
4703,水岸名城(兰山),923074,https://liny.zu.anjuke.com/fangyuan/4618055228533775,1室1厅|整租|精装修|中层(共15层),已爬取
4704,水岸名城(兰山),923074,https://liny.zu.anjuke.com/fangyuan/4518993364769799,1室1厅|整租|精装修|共1层,已爬取
4705,水岸名城(兰山),923074,https://liny.zu.anjuke.com/fangyuan/4626671811109891,1室1厅|整租|精装修|中层(共15层),已爬取
4706,水岸名城(兰山),923074,https://liny.zu.anjuke.com/fangyuan/4633660664620045,1室1厅|整租|精装修|中层(共15层),已爬取
4707,水岸名城(兰山),923074,https://liny.zu.anjuke.com/fangyuan/4568601721723916,1室1厅|整租|精装修|中层(共28层),已爬取
4708,水岸名城(兰山),923074,https://liny.zu.anjuke.com/fangyuan/4536229384596492,1室1厅|整租|精装修|中层(共17层),已爬取
4709,爱琴海(临沭),972831,https://liny.zu.anjuke.com/fangyuan/4499369874926593,2室2厅|整租|精装修|高层(共18层),已爬取
4710,兰山区政府小区,677565,https://liny.zu.anjuke.com/fangyuan/4593744728579080,1室1厅|合租|豪华装修|中层(共6层),已爬取
4711,兰山区政府小区,677565,https://liny.zu.anjuke.com/fangyuan/4579508171201542,2室2厅|合租|精装修|中层(共6层),已爬取
4712,兰山区政府小区,677565,https://liny.zu.anjuke.com/fangyuan/4631835893373957,3室1厅|合租|精装修|共5层,已爬取
4713,兰山区政府小区,677565,https://liny.zu.anjuke.com/fangyuan/4629083834588168,3室1厅|合租|精装修|中层(共7层),已爬取
4714,兰山区政府小区,677565,https://liny.zu.anjuke.com/fangyuan/4612106086292480,3室1厅|合租|精装修|共5层,已爬取
4715,兰山区政府小区,677565,https://liny.zu.anjuke.com/fangyuan/4398402786438158,3室1厅|合租|精装修|中层(共7层),已爬取
4716,曲沂社区(A区B区),678343,https://liny.zu.anjuke.com/fangyuan/4616675924188169,3室1厅|合租|精装修|中层(共10层),已爬取
4717,曲沂社区(A区B区),678343,https://liny.zu.anjuke.com/fangyuan/4624955544429583,3室1厅|合租|精装修|中层(共15层),已爬取
4718,曲沂社区(A区B区),678343,https://liny.zu.anjuke.com/fangyuan/4585135818845188,3室1厅|合租|精装修|低层(共11层),已爬取
4719,曲沂社区(A区B区),678343,https://liny.zu.anjuke.com/fangyuan/4620555028769801,4室1厅|合租|精装修|高层(共12层),已爬取
4720,曲沂社区(A区B区),678343,https://liny.zu.anjuke.com/fangyuan/4543145660718085,4室1厅|合租|精装修|中层(共19层),已爬取
4721,曲沂社区(A区B区),678343,https://liny.zu.anjuke.com/fangyuan/4631292577852424,3室1厅|合租|精装修|中层(共15层),已爬取
4722,曲沂社区(A区B区),678343,https://liny.zu.anjuke.com/fangyuan/4599296778003469,4室1厅|合租|精装修|高层(共11层),已爬取
4723,曲沂社区(A区B区),678343,https://liny.zu.anjuke.com/fangyuan/4602792323785733,3室2厅|合租|精装修|中层(共7层),已爬取
4724,曲沂社区(A区B区),678343,https://liny.zu.anjuke.com/fangyuan/4603592902222856,3室2厅|合租|精装修|中层(共19层),已爬取
4725,曲沂社区(A区B区),678343,https://liny.zu.anjuke.com/fangyuan/4625140271145985,3室1厅|合租|精装修|高层(共19层),已爬取
4726,城西小区,972612,https://liny.zu.anjuke.com/fangyuan/4631873727147022,3室1厅|整租|简单装修|低层(共6层),已爬取
4727,城西小区,972612,https://liny.zu.anjuke.com/fangyuan/4631979724694537,3室2厅|整租|简单装修|共5层,已爬取
4728,城西小区,972612,https://liny.zu.anjuke.com/fangyuan/4612444603491334,3室1厅|整租|简单装修|共5层,已爬取
4729,城西小区,972612,https://liny.zu.anjuke.com/fangyuan/4622117051460621,3室2厅|整租|简单装修|共5层,已爬取
4730,城西小区,972612,https://liny.zu.anjuke.com/fangyuan/4622141857424398,2室1厅|整租|简单装修|共5层,已爬取
4731,城西小区,972612,https://liny.zu.anjuke.com/fangyuan/4603883711912970,3室2厅|整租|精装修|中层(共6层),已爬取
4732,城西小区,972612,https://liny.zu.anjuke.com/fangyuan/4624020509928461,3室2厅|整租|简单装修|共5层,已爬取
4733,宏宸欧缘,1010844,https://liny.zu.anjuke.com/fangyuan/4170653104627725,3室2厅|合租|精装修|低层(共6层),已爬取
4734,宏宸欧缘,1010844,https://liny.zu.anjuke.com/fangyuan/4539098817485827,3室2厅|整租|精装修|高层(共6层),已爬取
4735,宏宸欧缘,1010844,https://liny.zu.anjuke.com/fangyuan/4621982380041223,3室2厅|整租|简单装修|共4层,已爬取
4736,宏宸欧缘,1010844,https://liny.zu.anjuke.com/fangyuan/4460991286651913,3室2厅|合租|精装修|低层(共6层),已爬取
4737,宏宸欧缘,1010844,https://liny.zu.anjuke.com/fangyuan/4568754967698439,3室2厅|整租|精装修|高层(共6层),已爬取
4738,宏宸欧缘,1010844,https://liny.zu.anjuke.com/fangyuan/4549022950583303,3室2厅|整租|精装修|高层(共6层),已爬取
4739,宏宸欧缘,1010844,https://liny.zu.anjuke.com/fangyuan/4611217541442567,3室2厅|整租|精装修|中层(共6层),已爬取
4740,宏宸欧缘,1010844,https://liny.zu.anjuke.com/fangyuan/4621956946963463,3室2厅|整租|精装修|高层(共6层),已爬取
4741,宏宸欧缘,1010844,https://liny.zu.anjuke.com/fangyuan/4613618077785095,3室2厅|整租|豪华装修|高层(共6层),已爬取
4742,宏宸欧缘,1010844,https://liny.zu.anjuke.com/fangyuan/4568725279267840,3室2厅|整租|精装修|中层(共6层),已爬取
4743,金墩社区,972662,https://liny.zu.anjuke.com/fangyuan/4523353254061057,1室1厅|整租|精装修|低层(共6层),已爬取
4744,金墩社区,972662,https://liny.zu.anjuke.com/fangyuan/4572624924515333,2室2厅|整租|简单装修|中层(共6层),已爬取
4745,文创园,1178661,https://liny.zu.anjuke.com/fangyuan/4547069434928132,10室4厅|整租|豪华装修|中层(共28层),已爬取
4746,文创园,1178661,https://liny.zu.anjuke.com/fangyuan/4574368555262978,2室1厅|整租|简单装修|中层(共6层),已爬取
4747,盛世沂城(商住楼),1673509,https://liny.zu.anjuke.com/fangyuan/4533404040700935,3室2厅|整租|精装修|中层(共9层),已爬取
4748,景城花园(费县),973002,https://liny.zu.anjuke.com/fangyuan/4628169446759438,2室1厅|整租|简单装修|中层(共17层),已爬取
4749,城市花园C区,1087458,https://liny.zu.anjuke.com/fangyuan/4472401677573121,3室2厅|整租|精装修|中层(共6层),已爬取
4750,城市花园C区,1087458,https://liny.zu.anjuke.com/fangyuan/4583902669888512,3室2厅|整租|简单装修|中层(共6层),已爬取
4751,凤凰家园(二期),1082971,https://liny.zu.anjuke.com/fangyuan/4599635590734857,3室2厅|整租|精装修|低层(共16层),已爬取
4752,凤凰家园(二期),1082971,https://liny.zu.anjuke.com/fangyuan/4578458172910603,3室2厅|整租|精装修|低层(共17层),已爬取
4753,凤凰家园(二期),1082971,https://liny.zu.anjuke.com/fangyuan/4629527247381504,3室2厅|整租|精装修|高层(共17层),已爬取
4754,凤凰家园(二期),1082971,https://liny.zu.anjuke.com/fangyuan/4622311073537027,3室2厅|整租|精装修|低层(共17层),已爬取
4755,凤凰家园(二期),1082971,https://liny.zu.anjuke.com/fangyuan/4604034122408965,4室2厅|整租|精装修|中层(共17层),已爬取
4756,凤凰家园(二期),1082971,https://liny.zu.anjuke.com/fangyuan/4600860588661767,3室2厅|整租|精装修|中层(共14层),已爬取
4757,凤凰家园(二期),1082971,https://liny.zu.anjuke.com/fangyuan/4625017317532672,2室2厅|整租|精装修|高层(共17层),已爬取
4758,凤凰家园(二期),1082971,https://liny.zu.anjuke.com/fangyuan/4621071814781963,3室2厅|整租|精装修|高层(共17层),已爬取
4759,凤凰家园(二期),1082971,https://liny.zu.anjuke.com/fangyuan/4602597699165194,2室2厅|整租|精装修|中层(共17层),已爬取
4760,凤凰家园(二期),1082971,https://liny.zu.anjuke.com/fangyuan/4599631864163333,2室1厅|整租|简单装修|低层(共17层),已爬取
4761,建馨嘉苑,677965,https://liny.zu.anjuke.com/fangyuan/4611040167273479,3室2厅|整租|精装修|中层(共18层),已爬取
4762,建馨嘉苑,677965,https://liny.zu.anjuke.com/fangyuan/4626308989803521,2室2厅|整租|简单装修|中层(共18层),已爬取
4763,建馨嘉苑,677965,https://liny.zu.anjuke.com/fangyuan/4628422198963207,3室2厅|整租|精装修|低层(共17层),已爬取
4764,建馨嘉苑,677965,https://liny.zu.anjuke.com/fangyuan/4619134052195340,2室2厅|整租|简单装修|低层(共24层),已爬取
4765,八一小区,972838,https://liny.zu.anjuke.com/fangyuan/4610002093612039,3室1厅|合租|精装修|共5层,已爬取
4766,八一小区,972838,https://liny.zu.anjuke.com/fangyuan/4630647859293191,3室2厅|合租|精装修|低层(共6层),已爬取
4767,八一小区,972838,https://liny.zu.anjuke.com/fangyuan/4610006143378434,3室1厅|合租|精装修|低层(共7层),已爬取
4768,八一小区,972838,https://liny.zu.anjuke.com/fangyuan/4622100323918857,3室2厅|合租|豪华装修|共5层,已爬取
4769,八一小区,972838,https://liny.zu.anjuke.com/fangyuan/4599758824791052,3室2厅|合租|精装修|高层(共6层),已爬取
4770,八一小区,972838,https://liny.zu.anjuke.com/fangyuan/4631329232788487,3室1厅|合租|精装修|中层(共10层),已爬取
4771,八一小区,972838,https://liny.zu.anjuke.com/fangyuan/4630534694677516,3室2厅|合租|精装修|中层(共6层),已爬取
4772,八一小区,972838,https://liny.zu.anjuke.com/fangyuan/4611366052404226,3室1厅|合租|精装修|中层(共6层),已爬取
4773,八一小区,972838,https://liny.zu.anjuke.com/fangyuan/4463523663127558,3室2厅|合租|精装修|低层(共6层),已爬取
4774,八一小区,972838,https://liny.zu.anjuke.com/fangyuan/4607823852465164,3室2厅|合租|精装修|中层(共6层),已爬取
4775,万泰丽景华都,972739,https://liny.zu.anjuke.com/fangyuan/4534459990596618,2室2厅|整租|简单装修|中层(共7层),已爬取
4776,万泰丽景华都,972739,https://liny.zu.anjuke.com/fangyuan/4493704323687432,3室2厅|整租|精装修|高层(共6层),已爬取
4777,万泰丽景华都,972739,https://liny.zu.anjuke.com/fangyuan/4634019582221327,3室2厅|整租|简单装修|中层(共6层),已爬取
4778,万泰丽景华都,972739,https://liny.zu.anjuke.com/fangyuan/4619787087834112,3室2厅|整租|简单装修|中层(共7层),已爬取
4779,万泰丽景华都,972739,https://liny.zu.anjuke.com/fangyuan/4608362778127368,3室2厅|整租|精装修|高层(共6层),已爬取
4780,富林小镇,1030902,https://liny.zu.anjuke.com/fangyuan/4599932054496263,3室1厅|整租|精装修|低层(共19层),已爬取
4781,富林小镇,1030902,https://liny.zu.anjuke.com/fangyuan/4544791677393934,2室2厅|整租|精装修|中层(共16层),已爬取
4782,富林小镇,1030902,https://liny.zu.anjuke.com/fangyuan/4564198664872969,2室2厅|整租|精装修|中层(共19层),已爬取
4783,富林小镇,1030902,https://liny.zu.anjuke.com/fangyuan/4564492935699470,2室1厅|整租|简单装修|中层(共17层),已爬取
4784,富林小镇,1030902,https://liny.zu.anjuke.com/fangyuan/4561636990540812,2室2厅|整租|精装修|高层(共19层),已爬取
4785,富林小镇,1030902,https://liny.zu.anjuke.com/fangyuan/4588074031291404,2室2厅|整租|精装修|低层(共23层),已爬取
4786,富林小镇,1030902,https://liny.zu.anjuke.com/fangyuan/4596911072435206,2室2厅|整租|精装修|中层(共19层),已爬取
4787,富林小镇,1030902,https://liny.zu.anjuke.com/fangyuan/4596962648058890,2室2厅|整租|精装修|高层(共19层),已爬取
4788,富林小镇,1030902,https://liny.zu.anjuke.com/fangyuan/4624108638067722,2室2厅|整租|精装修|高层(共19层),已爬取
4789,富林小镇,1030902,https://liny.zu.anjuke.com/fangyuan/4626369636195342,2室2厅|整租|精装修|中层(共19层),已爬取
4790,蓝湖名邸(北区),678164,https://liny.zu.anjuke.com/fangyuan/4572799449932811,3室2厅|整租|豪华装修|低层(共23层),已爬取
4791,蓝湖名邸(北区),678164,https://liny.zu.anjuke.com/fangyuan/4578117724367877,2室2厅|整租|简单装修|高层(共6层),已爬取
4792,蓝湖名邸(北区),678164,https://liny.zu.anjuke.com/fangyuan/4527212427238411,3室2厅|整租|精装修|共5层,已爬取
4793,蓝湖名邸(北区),678164,https://liny.zu.anjuke.com/fangyuan/4532847745215501,2室2厅|整租|简单装修|共5层,已爬取
4794,沂龙湾龙园,678230,https://liny.zu.anjuke.com/fangyuan/4592911903513611,3室1厅|合租|精装修|中层(共15层),已爬取
4795,宝丽阳光国际,972845,https://liny.zu.anjuke.com/fangyuan/4616889196487694,1室1厅|整租|精装修|高层(共24层),已爬取
4796,宝丽阳光国际,972845,https://liny.zu.anjuke.com/fangyuan/4602184234114063,3室2厅|整租|精装修|低层(共17层),已爬取
4797,宝丽阳光国际,972845,https://liny.zu.anjuke.com/fangyuan/4631811149638663,3室1厅|整租|简单装修|低层(共17层),已爬取
4798,宝丽阳光国际,972845,https://liny.zu.anjuke.com/fangyuan/4616762903698436,3室2厅|整租|精装修|高层(共24层),已爬取
4799,宝丽阳光国际,972845,https://liny.zu.anjuke.com/fangyuan/4602171762729989,3室2厅|整租|精装修|高层(共21层),已爬取
4800,宝丽阳光国际,972845,https://liny.zu.anjuke.com/fangyuan/4574267239521286,3室2厅|整租|精装修|低层(共30层),已爬取
4801,宝丽阳光国际,972845,https://liny.zu.anjuke.com/fangyuan/4278224609254414,1室1厅|整租|精装修|低层(共24层),已爬取
4802,宝丽阳光国际,972845,https://liny.zu.anjuke.com/fangyuan/4622120968973327,3室2厅|整租|精装修|低层(共24层),已爬取
4803,宝丽阳光国际,972845,https://liny.zu.anjuke.com/fangyuan/4629713478380556,3室2厅|整租|精装修|高层(共21层),已爬取
4804,宝丽阳光国际,972845,https://liny.zu.anjuke.com/fangyuan/4506392248724493,1室1厅|整租|精装修|高层(共31层),已爬取
4805,水岸华庭(兰山),677007,https://liny.zu.anjuke.com/fangyuan/4467761579994116,2室2厅|整租|精装修|高层(共30层),已爬取
4806,水岸华庭(兰山),677007,https://liny.zu.anjuke.com/fangyuan/4571014753461249,2室1厅|整租|简单装修|高层(共30层),已爬取
4807,水岸华庭(兰山),677007,https://liny.zu.anjuke.com/fangyuan/4576823490632707,3室2厅|整租|精装修|低层(共30层),已爬取
4808,水岸华庭(兰山),677007,https://liny.zu.anjuke.com/fangyuan/4527655013932037,3室2厅|整租|精装修|中层(共26层),已爬取
4809,水岸华庭(兰山),677007,https://liny.zu.anjuke.com/fangyuan/4598582746291206,2室1厅|整租|简单装修|高层(共30层),已爬取
4810,水岸华庭(兰山),677007,https://liny.zu.anjuke.com/fangyuan/4604022356122632,2室1厅|整租|精装修|高层(共30层),已爬取
4811,水岸华庭(兰山),677007,https://liny.zu.anjuke.com/fangyuan/3329741175857152,3室2厅|整租|精装修|中层(共20层),已爬取
4812,水岸华庭(兰山),677007,https://liny.zu.anjuke.com/fangyuan/3978724987591691,3室2厅|整租|精装修|中层(共20层),已爬取
4813,新华苑(兰山),973176,https://liny.zu.anjuke.com/fangyuan/4618235794531329,3室2厅|整租|精装修|中层(共6层),已爬取
4814,新华苑(兰山),973176,https://liny.zu.anjuke.com/fangyuan/4392994447055885,3室2厅|整租|精装修|低层(共6层),已爬取
4815,新华苑(兰山),973176,https://liny.zu.anjuke.com/fangyuan/4600921930783758,3室2厅|整租|精装修|低层(共6层),已爬取
4816,新华苑(兰山),973176,https://liny.zu.anjuke.com/fangyuan/4628120097057804,3室2厅|整租|精装修|低层(共6层),已爬取
4817,新华苑(兰山),973176,https://liny.zu.anjuke.com/fangyuan/4468186583653391,3室2厅|整租|精装修|高层(共15层),已爬取
4818,新华苑(兰山),973176,https://liny.zu.anjuke.com/fangyuan/4596956633162758,1室1厅|整租|精装修|中层(共11层),已爬取
4819,外滩龙庭帝景,1005127,https://liny.zu.anjuke.com/fangyuan/4287163926146062,2室2厅|整租|精装修|中层(共22层),已爬取
4820,外滩龙庭帝景,1005127,https://liny.zu.anjuke.com/fangyuan/4619530059521032,4室2厅|整租|精装修|中层(共31层),已爬取
4821,外滩龙庭帝景,1005127,https://liny.zu.anjuke.com/fangyuan/4596857887153153,3室2厅|整租|精装修|高层(共33层),已爬取
4822,外滩龙庭帝景,1005127,https://liny.zu.anjuke.com/fangyuan/4630556410600453,3室2厅|整租|精装修|低层(共33层),已爬取
4823,外滩龙庭帝景,1005127,https://liny.zu.anjuke.com/fangyuan/4619531843869710,4室2厅|整租|精装修|中层(共32层),已爬取
4824,外滩龙庭帝景,1005127,https://liny.zu.anjuke.com/fangyuan/4598301178960907,3室2厅|整租|精装修|高层(共33层),已爬取
4825,外滩龙庭帝景,1005127,https://liny.zu.anjuke.com/fangyuan/4598460491525130,3室2厅|整租|简单装修|中层(共33层),已爬取
4826,外滩龙庭帝景,1005127,https://liny.zu.anjuke.com/fangyuan/4596854946259974,3室2厅|整租|简单装修|中层(共33层),已爬取
4827,外滩龙庭帝景,1005127,https://liny.zu.anjuke.com/fangyuan/4613982786530307,3室2厅|整租|精装修|低层(共33层),已爬取
4828,银都府邸,1187584,https://liny.zu.anjuke.com/fangyuan/4581518070684678,3室2厅|整租|精装修|低层(共11层),已爬取
4829,银都府邸,1187584,https://liny.zu.anjuke.com/fangyuan/4479484833504260,3室2厅|整租|精装修|高层(共7层),已爬取
4830,银都府邸,1187584,https://liny.zu.anjuke.com/fangyuan/4594371402818563,3室2厅|整租|精装修|高层(共8层),已爬取
4831,费县清华园,1220705,https://liny.zu.anjuke.com/fangyuan/4568723340518409,3室2厅|整租|精装修|高层(共27层),已爬取
4832,费县清华园,1220705,https://liny.zu.anjuke.com/fangyuan/4546923355675657,2室2厅|整租|简单装修|中层(共17层),已爬取
4833,费县清华园,1220705,https://liny.zu.anjuke.com/fangyuan/4616779248802817,3室2厅|整租|豪华装修|高层(共20层),已爬取
4834,费县清华园,1220705,https://liny.zu.anjuke.com/fangyuan/4632258845322245,3室2厅|整租|简单装修|低层(共17层),已爬取
4835,费县清华园,1220705,https://liny.zu.anjuke.com/fangyuan/4568788873272331,3室2厅|整租|精装修|中层(共27层),已爬取
4836,费县清华园,1220705,https://liny.zu.anjuke.com/fangyuan/4582810542187528,3室2厅|整租|简单装修|高层(共27层),已爬取
4837,费县清华园,1220705,https://liny.zu.anjuke.com/fangyuan/4616603898272776,3室2厅|整租|精装修|中层(共24层),已爬取
4838,费县清华园,1220705,https://liny.zu.anjuke.com/fangyuan/4616670358051842,3室2厅|整租|简单装修|中层(共23层),已爬取
4839,费县清华园,1220705,https://liny.zu.anjuke.com/fangyuan/4632308749921292,3室2厅|整租|精装修|低层(共27层),已爬取
4840,费县清华园,1220705,https://liny.zu.anjuke.com/fangyuan/4602258556038158,2室2厅|整租|精装修|高层(共24层),已爬取
4841,东皋小区,945728,https://liny.zu.anjuke.com/fangyuan/4564754207646728,3室1厅|整租|精装修|共1层,已爬取
4842,东皋小区,945728,https://liny.zu.anjuke.com/fangyuan/4378947741297676,1室1厅|整租|简单装修|共4层,已爬取
4843,东皋小区,945728,https://liny.zu.anjuke.com/fangyuan/4568712893654018,2室2厅|整租|精装修|共5层,已爬取
4844,东皋小区,945728,https://liny.zu.anjuke.com/fangyuan/4625507001920526,2室1厅|整租|简单装修|共4层,已爬取
4845,东皋小区,945728,https://liny.zu.anjuke.com/fangyuan/4561634351391752,3室2厅|整租|精装修|共2层,已爬取
4846,东皋小区,945728,https://liny.zu.anjuke.com/fangyuan/4627506447789057,3室2厅|整租|简单装修|共5层,已爬取
4847,东皋小区,945728,https://liny.zu.anjuke.com/fangyuan/3158813980975113,3室1厅|合租|简单装修|共5层,已爬取
4848,东皋小区,945728,https://liny.zu.anjuke.com/fangyuan/4623958122046474,3室1厅|整租|简单装修|共5层,已爬取
4849,东皋小区,945728,https://liny.zu.anjuke.com/fangyuan/4588541686520843,2室2厅|整租|精装修|共5层,已爬取
4850,东皋小区,945728,https://liny.zu.anjuke.com/fangyuan/4595282330704900,2室2厅|整租|简单装修|共4层,已爬取
4851,平安悦城(郯城),677938,https://liny.zu.anjuke.com/fangyuan/4622156758051852,3室2厅|整租|简单装修|中层(共18层),已爬取
4852,平安悦城(郯城),677938,https://liny.zu.anjuke.com/fangyuan/4622047020784646,3室2厅|整租|精装修|中层(共17层),已爬取
4853,平安悦城(郯城),677938,https://liny.zu.anjuke.com/fangyuan/4622154757696523,3室2厅|整租|精装修|中层(共18层),已爬取
4854,平安悦城(郯城),677938,https://liny.zu.anjuke.com/fangyuan/4552729679961099,3室2厅|整租|简单装修|高层(共18层),已爬取
4855,平安悦城(郯城),677938,https://liny.zu.anjuke.com/fangyuan/4545639416339457,3室2厅|整租|简单装修|高层(共17层),已爬取
4856,平安悦城(郯城),677938,https://liny.zu.anjuke.com/fangyuan/4623928601160714,3室2厅|整租|简单装修|中层(共18层),已爬取
4857,平安悦城(郯城),677938,https://liny.zu.anjuke.com/fangyuan/4609727426980875,3室2厅|整租|精装修|高层(共17层),已爬取
4858,龙泉庄园,678169,https://liny.zu.anjuke.com/fangyuan/4571353598286858,2室1厅|整租|简单装修|高层(共6层),已爬取
4859,龙泉庄园,678169,https://liny.zu.anjuke.com/fangyuan/4565645292448773,3室2厅|整租|精装修|低层(共26层),已爬取
4860,龙泉庄园,678169,https://liny.zu.anjuke.com/fangyuan/4565658887642117,2室1厅|整租|简单装修|高层(共6层),已爬取
4861,三合里润园,1073554,https://liny.zu.anjuke.com/fangyuan/4624960603284485,3室2厅|整租|精装修|中层(共11层),已爬取
4862,三合里润园,1073554,https://liny.zu.anjuke.com/fangyuan/4608171695893512,3室2厅|整租|精装修|高层(共11层),已爬取
4863,三合里润园,1073554,https://liny.zu.anjuke.com/fangyuan/4517390402331661,3室2厅|整租|精装修|高层(共11层),已爬取
4864,三合里润园,1073554,https://liny.zu.anjuke.com/fangyuan/4596926203534343,3室2厅|整租|精装修|中层(共11层),已爬取
4865,三合里润园,1073554,https://liny.zu.anjuke.com/fangyuan/3119196940133387,3室2厅|整租|精装修|中层(共16层),已爬取
4866,三和园(B区),678231,https://liny.zu.anjuke.com/fangyuan/4545515544650764,3室2厅|整租|精装修|中层(共16层),已爬取
4867,三和园(B区),678231,https://liny.zu.anjuke.com/fangyuan/4624861130103821,3室2厅|整租|精装修|中层(共11层),已爬取
4868,瓯龙现代城,677975,https://liny.zu.anjuke.com/fangyuan/4589507452611590,2室2厅|整租|简单装修|共5层,已爬取
4869,瓯龙现代城,677975,https://liny.zu.anjuke.com/fangyuan/4536216376828935,3室2厅|整租|简单装修|中层(共6层),已爬取
4870,慧谷倾城,863140,https://liny.zu.anjuke.com/fangyuan/4632667147166729,3室2厅|合租|精装修|中层(共30层),已爬取
4871,慧谷倾城,863140,https://liny.zu.anjuke.com/fangyuan/4545552194135048,3室2厅|合租|精装修|中层(共27层),已爬取
4872,慧谷倾城,863140,https://liny.zu.anjuke.com/fangyuan/4624516568310788,3室2厅|合租|精装修|低层(共12层),已爬取
4873,慧谷倾城,863140,https://liny.zu.anjuke.com/fangyuan/4585526109772804,3室2厅|整租|精装修|高层(共29层),已爬取
4874,慧谷倾城,863140,https://liny.zu.anjuke.com/fangyuan/4578380781771787,2室2厅|整租|精装修|高层(共33层),已爬取
4875,慧谷倾城,863140,https://liny.zu.anjuke.com/fangyuan/4585950877492235,4室2厅|整租|精装修|低层(共30层),已爬取
4876,慧谷倾城,863140,https://liny.zu.anjuke.com/fangyuan/4616772628950021,2室2厅|整租|精装修|中层(共30层),已爬取
4877,慧谷倾城,863140,https://liny.zu.anjuke.com/fangyuan/4575308064988171,4室1厅|整租|精装修|中层(共32层),已爬取
4878,慧谷倾城,863140,https://liny.zu.anjuke.com/fangyuan/4534591652899848,1室0厅|整租|精装修|中层(共31层),已爬取
4879,慧谷倾城,863140,https://liny.zu.anjuke.com/fangyuan/4575443209954305,3室2厅|整租|精装修|高层(共33层),已爬取
4880,史丹利十里江湾,1441014,https://liny.zu.anjuke.com/fangyuan/4565368084782095,4室2厅|整租|精装修|中层(共15层),已爬取
4881,史丹利十里江湾,1441014,https://liny.zu.anjuke.com/fangyuan/4543044075119617,4室2厅|整租|简单装修|高层(共16层),已爬取
4882,史丹利十里江湾,1441014,https://liny.zu.anjuke.com/fangyuan/4534517449878528,4室2厅|整租|豪华装修|中层(共17层),已爬取
4883,史丹利十里江湾,1441014,https://liny.zu.anjuke.com/fangyuan/4463713033872393,4室2厅|整租|精装修|低层(共16层),已爬取
4884,史丹利十里江湾,1441014,https://liny.zu.anjuke.com/fangyuan/4561578921436162,5室3厅|整租|精装修|高层(共16层),已爬取
4885,临沭景城花园,1186410,https://liny.zu.anjuke.com/fangyuan/4560187854349321,3室2厅|整租|简单装修|高层(共17层),已爬取
4886,临沭景城花园,1186410,https://liny.zu.anjuke.com/fangyuan/4531916760439814,2室2厅|整租|精装修|低层(共11层),已爬取
4887,临沭景城花园,1186410,https://liny.zu.anjuke.com/fangyuan/4498088638737418,2室2厅|整租|简单装修|低层(共18层),已爬取
4888,鲁商万科城如园,1664010,https://liny.zu.anjuke.com/fangyuan/4568442818370562,4室2厅|合租|精装修|中层(共17层),已爬取
4889,鲁商万科城如园,1664010,https://liny.zu.anjuke.com/fangyuan/4517880329673738,4室2厅|整租|精装修|中层(共26层),已爬取
4890,鲁商万科城如园,1664010,https://liny.zu.anjuke.com/fangyuan/4521998494178310,3室2厅|整租|豪华装修|中层(共24层),已爬取
4891,鲁商万科城如园,1664010,https://liny.zu.anjuke.com/fangyuan/4526082814436360,3室2厅|整租|精装修|中层(共26层),已爬取
4892,鲁商万科城如园,1664010,https://liny.zu.anjuke.com/fangyuan/4627996866354181,3室2厅|整租|精装修|高层(共29层),已爬取
4893,鲁商万科城如园,1664010,https://liny.zu.anjuke.com/fangyuan/4496568257731597,3室2厅|整租|精装修|中层(共26层),已爬取
4894,鲁商万科城如园,1664010,https://liny.zu.anjuke.com/fangyuan/4497716826086403,3室2厅|整租|精装修|中层(共26层),已爬取
4895,鲁商万科城如园,1664010,https://liny.zu.anjuke.com/fangyuan/4524437985780748,3室2厅|整租|豪华装修|高层(共27层),已爬取
4896,鲁商万科城如园,1664010,https://liny.zu.anjuke.com/fangyuan/4412906540391435,4室2厅|整租|精装修|中层(共24层),已爬取
4897,鲁商万科城如园,1664010,https://liny.zu.anjuke.com/fangyuan/4626292872864777,3室1厅|整租|豪华装修|中层(共26层),已爬取
4898,景钰嘉园(西区),677996,https://liny.zu.anjuke.com/fangyuan/4545629799064585,3室2厅|整租|简单装修|共5层,已爬取
4899,景钰嘉园(西区),677996,https://liny.zu.anjuke.com/fangyuan/4602645218651150,3室2厅|整租|简单装修|中层(共6层),已爬取
4900,景钰嘉园(西区),677996,https://liny.zu.anjuke.com/fangyuan/4617142714084354,2室2厅|整租|精装修|低层(共17层),已爬取
4901,景钰嘉园(西区),677996,https://liny.zu.anjuke.com/fangyuan/4613882250046475,3室2厅|整租|简单装修|共5层,已爬取
4902,卢浮公馆,1471075,https://liny.zu.anjuke.com/fangyuan/4608132223525895,3室2厅|合租|精装修|中层(共28层),已爬取
4903,卢浮公馆,1471075,https://liny.zu.anjuke.com/fangyuan/4621032708301836,1室1厅|合租|精装修|中层(共20层),已爬取
4904,卢浮公馆,1471075,https://liny.zu.anjuke.com/fangyuan/4616771839552527,3室1厅|合租|精装修|中层(共20层),已爬取
4905,卢浮公馆,1471075,https://liny.zu.anjuke.com/fangyuan/4599848427695105,1室1厅|合租|精装修|中层(共26层),已爬取
4906,银城花园,973232,https://liny.zu.anjuke.com/fangyuan/4575914758052870,2室2厅|整租|简单装修|中层(共17层),已爬取
4907,银城花园,973232,https://liny.zu.anjuke.com/fangyuan/4558341190900746,3室2厅|整租|简单装修|高层(共11层),已爬取
4908,银城花园,973232,https://liny.zu.anjuke.com/fangyuan/4569636439038985,3室2厅|整租|简单装修|高层(共18层),已爬取
4909,银城花园,973232,https://liny.zu.anjuke.com/fangyuan/4601102353540109,2室1厅|整租|简单装修|低层(共18层),已爬取
4910,银城花园,973232,https://liny.zu.anjuke.com/fangyuan/4574451758375936,2室2厅|整租|简单装修|中层(共17层),已爬取
4911,银城花园,973232,https://liny.zu.anjuke.com/fangyuan/4576631715130376,2室2厅|整租|简单装修|中层(共17层),已爬取
4912,房源君悦华府,1410673,https://liny.zu.anjuke.com/fangyuan/4585438780007433,3室2厅|整租|精装修|高层(共26层),已爬取
4913,房源君悦华府,1410673,https://liny.zu.anjuke.com/fangyuan/4596550108470283,4室2厅|整租|精装修|高层(共10层),已爬取
4914,房源君悦华府,1410673,https://liny.zu.anjuke.com/fangyuan/4530355176021004,3室2厅|整租|精装修|低层(共24层),已爬取
4915,房源君悦华府,1410673,https://liny.zu.anjuke.com/fangyuan/4545874994848782,3室2厅|整租|精装修|高层(共29层),已爬取
4916,房源君悦华府,1410673,https://liny.zu.anjuke.com/fangyuan/4576731907283981,3室2厅|整租|精装修|高层(共26层),已爬取
4917,房源君悦华府,1410673,https://liny.zu.anjuke.com/fangyuan/4272517101493251,4室2厅|整租|豪华装修|高层(共9层),已爬取
4918,房源君悦华府,1410673,https://liny.zu.anjuke.com/fangyuan/4581138164325391,3室2厅|整租|精装修|高层(共26层),已爬取
4919,贵和水韵华庭,677721,https://liny.zu.anjuke.com/fangyuan/4602134467402762,3室2厅|整租|精装修|中层(共6层),已爬取
4920,贵和水韵华庭,677721,https://liny.zu.anjuke.com/fangyuan/4554438546416641,3室2厅|整租|精装修|中层(共6层),已爬取
4921,贵和水韵华庭,677721,https://liny.zu.anjuke.com/fangyuan/4572594289273858,3室2厅|整租|简单装修|低层(共6层),已爬取
4922,贵和水韵华庭,677721,https://liny.zu.anjuke.com/fangyuan/4575121403583490,3室2厅|整租|精装修|低层(共6层),已爬取
4923,南道小区西区,676645,https://liny.zu.anjuke.com/fangyuan/4628032126098443,3室2厅|整租|精装修|高层(共7层),已爬取
4924,南道小区西区,676645,https://liny.zu.anjuke.com/fangyuan/4576677004516360,3室2厅|整租|简单装修|中层(共7层),已爬取
4925,南道小区西区,676645,https://liny.zu.anjuke.com/fangyuan/4585692025658382,3室2厅|整租|简单装修|中层(共6层),已爬取
4926,慧谷星岸,1263238,https://liny.zu.anjuke.com/fangyuan/4545492529783809,3室2厅|整租|精装修|中层(共31层),已爬取
4927,慧谷星岸,1263238,https://liny.zu.anjuke.com/fangyuan/4558705425935373,3室2厅|整租|精装修|高层(共33层),已爬取
4928,慧谷星岸,1263238,https://liny.zu.anjuke.com/fangyuan/4566893527720963,1室1厅|整租|简单装修|共3层,已爬取
4929,丰华苑(平邑),678026,https://liny.zu.anjuke.com/fangyuan/4517965519856642,3室2厅|整租|简单装修|共5层,已爬取
4930,丰华苑(平邑),678026,https://liny.zu.anjuke.com/fangyuan/4611074658952207,3室1厅|整租|精装修|中层(共6层),已爬取
4931,丰华苑(平邑),678026,https://liny.zu.anjuke.com/fangyuan/4602263587986435,3室2厅|整租|简单装修|中层(共6层),已爬取
4932,丰华苑(平邑),678026,https://liny.zu.anjuke.com/fangyuan/4628378035252235,2室2厅|整租|简单装修|中层(共6层),已爬取
4933,丰华苑(平邑),678026,https://liny.zu.anjuke.com/fangyuan/4603466694943748,3室2厅|整租|简单装修|中层(共6层),已爬取
4934,丰华苑(平邑),678026,https://liny.zu.anjuke.com/fangyuan/4598058267810816,3室2厅|整租|简单装修|中层(共6层),已爬取
4935,丰华苑(平邑),678026,https://liny.zu.anjuke.com/fangyuan/4606873122151425,3室2厅|整租|精装修|中层(共6层),已爬取
4936,紫云府,1514577,https://liny.zu.anjuke.com/fangyuan/4633253884027905,3室2厅|整租|精装修|中层(共17层),已爬取
4937,紫云府,1514577,https://liny.zu.anjuke.com/fangyuan/4616928955358218,3室2厅|整租|精装修|低层(共11层),已爬取
4938,紫云府,1514577,https://liny.zu.anjuke.com/fangyuan/4582748466078733,3室2厅|整租|精装修|中层(共17层),已爬取
4939,紫云府,1514577,https://liny.zu.anjuke.com/fangyuan/4616836561214464,3室2厅|整租|精装修|高层(共17层),已爬取
4940,紫云府,1514577,https://liny.zu.anjuke.com/fangyuan/4575333380236300,3室2厅|整租|精装修|中层(共17层),已爬取
4941,紫云府,1514577,https://liny.zu.anjuke.com/fangyuan/4609450815265803,3室2厅|整租|简单装修|中层(共17层),已爬取
4942,紫云府,1514577,https://liny.zu.anjuke.com/fangyuan/4582774510869509,3室2厅|整租|精装修|中层(共17层),已爬取
4943,紫云府,1514577,https://liny.zu.anjuke.com/fangyuan/4633599034860558,3室2厅|整租|简单装修|高层(共17层),已爬取
4944,紫云府,1514577,https://liny.zu.anjuke.com/fangyuan/4633230007933953,3室2厅|整租|精装修|高层(共7层),已爬取
4945,紫云府,1514577,https://liny.zu.anjuke.com/fangyuan/4588456930094092,3室2厅|整租|精装修|中层(共11层),已爬取
4946,东方小区,972885,https://liny.zu.anjuke.com/fangyuan/4609310499857418,3室2厅|整租|精装修|共5层,已爬取
4947,东方小区,972885,https://liny.zu.anjuke.com/fangyuan/4586842606824457,3室2厅|整租|简单装修|共5层,已爬取
4948,东方小区,972885,https://liny.zu.anjuke.com/fangyuan/4619286237422598,3室2厅|整租|精装修|中层(共6层),已爬取
4949,东方小区,972885,https://liny.zu.anjuke.com/fangyuan/4616980888771594,3室2厅|整租|精装修|共5层,已爬取
4950,金阳大厦,677213,https://liny.zu.anjuke.com/fangyuan/4631570999075851,3室1厅|合租|精装修|高层(共20层),已爬取
4951,金阳大厦,677213,https://liny.zu.anjuke.com/fangyuan/4586603096712193,3室2厅|合租|精装修|高层(共19层),已爬取
4952,金阳大厦,677213,https://liny.zu.anjuke.com/fangyuan/4394342482308109,3室1厅|合租|精装修|高层(共25层),已爬取
4953,金阳大厦,677213,https://liny.zu.anjuke.com/fangyuan/4473374917321731,3室2厅|合租|精装修|中层(共27层),已爬取
4954,金阳大厦,677213,https://liny.zu.anjuke.com/fangyuan/4575395045024773,3室2厅|合租|精装修|中层(共31层),已爬取
4955,金阳大厦,677213,https://liny.zu.anjuke.com/fangyuan/4623385921889290,3室2厅|合租|简单装修|低层(共19层),已爬取
4956,金阳大厦,677213,https://liny.zu.anjuke.com/fangyuan/4629218671240193,3室2厅|合租|豪华装修|中层(共10层),已爬取
4957,金阳大厦,677213,https://liny.zu.anjuke.com/fangyuan/4623378760754183,3室2厅|合租|简单装修|中层(共19层),已爬取
4958,金阳大厦,677213,https://liny.zu.anjuke.com/fangyuan/4633899626062863,4室1厅|合租|精装修|高层(共20层),已爬取
4959,金阳大厦,677213,https://liny.zu.anjuke.com/fangyuan/4597987756008456,4室2厅|合租|精装修|低层(共26层),已爬取
4960,双和花园里,1190502,https://liny.zu.anjuke.com/fangyuan/4608417220484108,2室2厅|整租|精装修|中层(共24层),已爬取
4961,双和花园里,1190502,https://liny.zu.anjuke.com/fangyuan/4531600983565312,2室1厅|整租|精装修|中层(共25层),已爬取
4962,双和花园里,1190502,https://liny.zu.anjuke.com/fangyuan/4633545704057861,3室2厅|整租|精装修|高层(共25层),已爬取
4963,双和花园里,1190502,https://liny.zu.anjuke.com/fangyuan/4615336452545549,3室2厅|整租|精装修|中层(共17层),已爬取
4964,双和花园里,1190502,https://liny.zu.anjuke.com/fangyuan/4632138549715972,3室2厅|整租|简单装修|高层(共26层),已爬取
4965,双和花园里,1190502,https://liny.zu.anjuke.com/fangyuan/4611138491571205,3室2厅|整租|精装修|共5层,已爬取
4966,双和花园里,1190502,https://liny.zu.anjuke.com/fangyuan/4623572440964111,3室2厅|整租|精装修|低层(共25层),已爬取
4967,双和花园里,1190502,https://liny.zu.anjuke.com/fangyuan/4523333619297289,3室2厅|整租|精装修|高层(共20层),已爬取
4968,双和花园里,1190502,https://liny.zu.anjuke.com/fangyuan/4618346501807116,3室2厅|整租|精装修|中层(共25层),已爬取
4969,双和花园里,1190502,https://liny.zu.anjuke.com/fangyuan/4520415633710094,2室2厅|整租|精装修|中层(共25层),已爬取
4970,锦绣花园(沂南),972994,https://liny.zu.anjuke.com/fangyuan/4396943247174665,3室2厅|整租|精装修|中层(共16层),已爬取
4971,锦绣花园(沂南),972994,https://liny.zu.anjuke.com/fangyuan/4513015262110729,3室2厅|整租|精装修|低层(共17层),已爬取
4972,锦绣花园(沂南),972994,https://liny.zu.anjuke.com/fangyuan/4396945836827662,3室2厅|整租|精装修|中层(共16层),已爬取
4973,锦绣花园(沂南),972994,https://liny.zu.anjuke.com/fangyuan/4600934400695299,3室2厅|整租|精装修|中层(共21层),已爬取
4974,锦绣花园(沂南),972994,https://liny.zu.anjuke.com/fangyuan/3686423076528133,2室2厅|整租|豪华装修|高层(共20层),已爬取
4975,锦绣花园(沂南),972994,https://liny.zu.anjuke.com/fangyuan/4323278633905152,2室2厅|整租|精装修|高层(共20层),已爬取
4976,华润佳园(罗庄),972936,https://liny.zu.anjuke.com/fangyuan/4625063106634760,2室2厅|整租|精装修|高层(共17层),已爬取
4977,华润佳园(罗庄),972936,https://liny.zu.anjuke.com/fangyuan/4618044522816526,3室2厅|整租|精装修|中层(共21层),已爬取
4978,华润佳园(罗庄),972936,https://liny.zu.anjuke.com/fangyuan/4622120391697420,2室2厅|整租|简单装修|低层(共17层),已爬取
4979,华润佳园(罗庄),972936,https://liny.zu.anjuke.com/fangyuan/4592423363341321,2室1厅|整租|精装修|低层(共18层),已爬取
4980,华润佳园(罗庄),972936,https://liny.zu.anjuke.com/fangyuan/4599539004795907,2室2厅|整租|简单装修|中层(共17层),已爬取
4981,华润佳园(罗庄),972936,https://liny.zu.anjuke.com/fangyuan/4623531663975435,3室2厅|整租|精装修|高层(共17层),已爬取
4982,华润佳园(罗庄),972936,https://liny.zu.anjuke.com/fangyuan/4583880187307009,2室2厅|整租|简单装修|低层(共19层),已爬取
4983,杨庄社区滨河金苑(A区),677803,https://liny.zu.anjuke.com/fangyuan/4524527787699214,2室2厅|整租|简单装修|中层(共6层),已爬取
4984,杨庄社区滨河金苑(A区),677803,https://liny.zu.anjuke.com/fangyuan/4557047563447303,2室2厅|整租|精装修|中层(共6层),已爬取
4985,杨庄社区滨河金苑(A区),677803,https://liny.zu.anjuke.com/fangyuan/4543242766099459,3室2厅|整租|简单装修|中层(共6层),已爬取
4986,杨庄社区滨河金苑(A区),677803,https://liny.zu.anjuke.com/fangyuan/4630822494870542,3室2厅|合租|精装修|低层(共6层),已爬取
4987,杨庄社区滨河金苑(A区),677803,https://liny.zu.anjuke.com/fangyuan/4613631469558796,3室2厅|整租|简单装修|高层(共6层),已爬取
4988,杨庄社区滨河金苑(A区),677803,https://liny.zu.anjuke.com/fangyuan/4542942372600841,2室1厅|整租|精装修|低层(共6层),已爬取
4989,杨庄社区滨河金苑(A区),677803,https://liny.zu.anjuke.com/fangyuan/4608282732735493,2室2厅|整租|简单装修|中层(共6层),已爬取
4990,杨庄社区滨河金苑(A区),677803,https://liny.zu.anjuke.com/fangyuan/4563149388852229,2室2厅|整租|精装修|高层(共6层),已爬取
4991,杨庄社区滨河金苑(A区),677803,https://liny.zu.anjuke.com/fangyuan/4605035018132488,2室2厅|整租|简单装修|低层(共6层),已爬取
4992,杨庄社区滨河金苑(A区),677803,https://liny.zu.anjuke.com/fangyuan/4385966641277956,3室2厅|整租|精装修|共5层,已爬取
4993,阳光学府,954742,https://liny.zu.anjuke.com/fangyuan/4618903452015617,2室2厅|整租|精装修|中层(共6层),已爬取
4994,阳光学府,954742,https://liny.zu.anjuke.com/fangyuan/4553032624413711,3室2厅|整租|精装修|中层(共6层),已爬取
4995,阳光学府,954742,https://liny.zu.anjuke.com/fangyuan/4618375842243597,2室2厅|整租|精装修|中层(共6层),已爬取
4996,阳光学府,954742,https://liny.zu.anjuke.com/fangyuan/4511955929148427,3室2厅|整租|精装修|中层(共6层),已爬取
4997,阳光学府,954742,https://liny.zu.anjuke.com/fangyuan/4577455784942607,3室2厅|整租|精装修|中层(共6层),已爬取
4998,阳光学府,954742,https://liny.zu.anjuke.com/fangyuan/4623762906702850,2室2厅|整租|精装修|中层(共6层),已爬取
4999,元沃御景苑,1281225,https://liny.zu.anjuke.com/fangyuan/4599704530836486,3室2厅|整租|简单装修|高层(共11层),已爬取
5000,丰泽缇香府,972630,https://liny.zu.anjuke.com/fangyuan/4536165964686351,4室2厅|整租|精装修|高层(共11层),已爬取
5001,欧罗花园,677615,https://liny.zu.anjuke.com/fangyuan/4629612087108611,3室2厅|整租|精装修|高层(共12层),已爬取
5002,欧罗花园,677615,https://liny.zu.anjuke.com/fangyuan/4630629191527435,3室2厅|整租|简单装修|高层(共12层),已爬取
5003,欧罗花园,677615,https://liny.zu.anjuke.com/fangyuan/4606748462539777,3室2厅|整租|简单装修|高层(共12层),已爬取
5004,欧罗花园,677615,https://liny.zu.anjuke.com/fangyuan/4628140996797441,3室2厅|整租|简单装修|共5层,已爬取
5005,欧罗花园,677615,https://liny.zu.anjuke.com/fangyuan/4608450287903749,3室2厅|整租|精装修|低层(共17层),已爬取
5006,欧罗花园,677615,https://liny.zu.anjuke.com/fangyuan/4623807126791180,3室2厅|整租|简单装修|中层(共6层),已爬取
5007,欧罗花园,677615,https://liny.zu.anjuke.com/fangyuan/4561141227430919,3室2厅|整租|简单装修|中层(共6层),已爬取
5008,欧罗花园,677615,https://liny.zu.anjuke.com/fangyuan/4501686432148483,3室2厅|整租|精装修|共5层,已爬取
5009,金城社区,972960,https://liny.zu.anjuke.com/fangyuan/4617785125563394,3室2厅|整租|精装修|低层(共7层),已爬取
5010,金城社区,972960,https://liny.zu.anjuke.com/fangyuan/4619773301267463,3室2厅|整租|精装修|高层(共11层),已爬取
5011,金城社区,972960,https://liny.zu.anjuke.com/fangyuan/4633237478693893,1室1厅|合租|精装修|高层(共22层),已爬取
5012,金城社区,972960,https://liny.zu.anjuke.com/fangyuan/4632089712567306,1室1厅|合租|精装修|中层(共28层),已爬取
5013,金城社区,972960,https://liny.zu.anjuke.com/fangyuan/4578180821769225,3室2厅|整租|精装修|高层(共6层),已爬取
5014,金城社区,972960,https://liny.zu.anjuke.com/fangyuan/4611157384764427,1室0厅|合租|精装修|高层(共20层),已爬取
5015,金城社区,972960,https://liny.zu.anjuke.com/fangyuan/4583737662778381,3室2厅|整租|精装修|低层(共7层),已爬取
5016,金城社区,972960,https://liny.zu.anjuke.com/fangyuan/4623766355778561,3室2厅|整租|精装修|低层(共17层),已爬取
5017,金城社区,972960,https://liny.zu.anjuke.com/fangyuan/4392850025260034,3室2厅|整租|简单装修|高层(共7层),已爬取
5018,金城社区,972960,https://liny.zu.anjuke.com/fangyuan/4618123500184590,3室2厅|整租|精装修|高层(共7层),已爬取
5019,阜丰时代城锦园,1186473,https://liny.zu.anjuke.com/fangyuan/4626974742846472,3室2厅|整租|简单装修|高层(共17层),已爬取
5020,埠东家园(西区),1186453,https://liny.zu.anjuke.com/fangyuan/4522270356020233,3室0厅|合租|精装修|中层(共38层),已爬取
5021,埠东家园(西区),1186453,https://liny.zu.anjuke.com/fangyuan/4625178736794635,3室1厅|合租|精装修|低层(共16层),已爬取
5022,埠东家园(西区),1186453,https://liny.zu.anjuke.com/fangyuan/4530369579985935,3室1厅|合租|精装修|低层(共25层),已爬取
5023,埠东家园(西区),1186453,https://liny.zu.anjuke.com/fangyuan/4535816960322568,3室2厅|合租|精装修|低层(共30层),已爬取
5024,埠东家园(西区),1186453,https://liny.zu.anjuke.com/fangyuan/4616427173288962,3室2厅|合租|精装修|低层(共30层),已爬取
5025,埠东家园(西区),1186453,https://liny.zu.anjuke.com/fangyuan/4394240985129991,3室1厅|合租|精装修|中层(共24层),已爬取
5026,埠东家园(西区),1186453,https://liny.zu.anjuke.com/fangyuan/4395704528153601,2室2厅|合租|精装修|中层(共30层),已爬取
5027,埠东家园(西区),1186453,https://liny.zu.anjuke.com/fangyuan/3792382495859727,3室2厅|合租|精装修|低层(共20层),已爬取
5028,埠东家园(西区),1186453,https://liny.zu.anjuke.com/fangyuan/4472841189059597,3室2厅|合租|精装修|中层(共26层),已爬取
5029,埠东家园(西区),1186453,https://liny.zu.anjuke.com/fangyuan/4530364845171726,3室1厅|合租|精装修|低层(共25层),已爬取
5030,皇山社区,677780,https://liny.zu.anjuke.com/fangyuan/4600926951056385,3室2厅|整租|简单装修|高层(共6层),已爬取
5031,皇山社区,677780,https://liny.zu.anjuke.com/fangyuan/4619242840925187,3室2厅|整租|毛坯|中层(共6层),已爬取
5032,皇山社区,677780,https://liny.zu.anjuke.com/fangyuan/4633666920557581,2室1厅|整租|简单装修|高层(共6层),已爬取
5033,皇山社区,677780,https://liny.zu.anjuke.com/fangyuan/4622495771173900,3室2厅|整租|简单装修|中层(共8层),已爬取
5034,皇山社区,677780,https://liny.zu.anjuke.com/fangyuan/4623276232010753,3室2厅|整租|精装修|中层(共6层),已爬取
5035,皇山社区,677780,https://liny.zu.anjuke.com/fangyuan/4633690656381964,3室2厅|整租|简单装修|低层(共6层),已爬取
5036,皇山社区,677780,https://liny.zu.anjuke.com/fangyuan/4633484379790346,3室2厅|整租|精装修|高层(共6层),已爬取
5037,皇山社区,677780,https://liny.zu.anjuke.com/fangyuan/4499217472068611,3室2厅|整租|精装修|共5层,已爬取
5038,皇山社区,677780,https://liny.zu.anjuke.com/fangyuan/4598555049321483,4室1厅|合租|精装修|低层(共6层),已爬取
5039,皇山社区,677780,https://liny.zu.anjuke.com/fangyuan/4632611960515591,3室2厅|整租|简单装修|低层(共6层),已爬取
5040,新盛家园,1187587,https://liny.zu.anjuke.com/fangyuan/4621027694570496,3室2厅|整租|简单装修|中层(共6层),已爬取
5041,兴沂金梦圆,945726,https://liny.zu.anjuke.com/fangyuan/4622059007403015,2室2厅|整租|精装修|低层(共27层),已爬取
5042,兴沂金梦圆,945726,https://liny.zu.anjuke.com/fangyuan/3475703031259139,3室2厅|整租|精装修|高层(共18层),已爬取
5043,兴沂金梦圆,945726,https://liny.zu.anjuke.com/fangyuan/4587916487861261,2室2厅|整租|精装修|高层(共22层),已爬取
5044,兴沂金梦圆,945726,https://liny.zu.anjuke.com/fangyuan/4440996805893133,1室1厅|整租|精装修|高层(共17层),已爬取
5045,兴沂金梦圆,945726,https://liny.zu.anjuke.com/fangyuan/4301136393248778,3室2厅|整租|简单装修|共5层,已爬取
5046,兴沂金梦圆,945726,https://liny.zu.anjuke.com/fangyuan/4623686740157448,2室2厅|整租|精装修|低层(共6层),已爬取
5047,兴沂金梦圆,945726,https://liny.zu.anjuke.com/fangyuan/4630513142848513,2室2厅|整租|简单装修|中层(共6层),已爬取
5048,兴沂金梦圆,945726,https://liny.zu.anjuke.com/fangyuan/4575496735941641,3室2厅|整租|简单装修|中层(共6层),已爬取
5049,兴沂金梦圆,945726,https://liny.zu.anjuke.com/fangyuan/4320551711890436,1室1厅|整租|精装修|共5层,已爬取
5050,兴沂金梦圆,945726,https://liny.zu.anjuke.com/fangyuan/4588029090882565,3室2厅|整租|精装修|中层(共6层),已爬取
5051,久隆奥斯卡,713745,https://liny.zu.anjuke.com/fangyuan/4578797797221380,3室1厅|合租|精装修|高层(共31层),已爬取
5052,久隆奥斯卡,713745,https://liny.zu.anjuke.com/fangyuan/4520060717755396,3室1厅|合租|精装修|中层(共32层),已爬取
5053,久隆奥斯卡,713745,https://liny.zu.anjuke.com/fangyuan/4627911251586060,3室2厅|合租|精装修|中层(共31层),已爬取
5054,久隆奥斯卡,713745,https://liny.zu.anjuke.com/fangyuan/4530403544062985,3室1厅|合租|精装修|低层(共25层),已爬取
5055,久隆奥斯卡,713745,https://liny.zu.anjuke.com/fangyuan/4496081506622469,3室2厅|合租|精装修|中层(共25层),已爬取
5056,久隆奥斯卡,713745,https://liny.zu.anjuke.com/fangyuan/4474012637193223,3室2厅|合租|精装修|中层(共23层),已爬取
5057,久隆奥斯卡,713745,https://liny.zu.anjuke.com/fangyuan/4351657926978563,4室2厅|合租|精装修|低层(共31层),已爬取
5058,久隆奥斯卡,713745,https://liny.zu.anjuke.com/fangyuan/4631913426803722,3室2厅|合租|精装修|中层(共25层),已爬取
5059,久隆奥斯卡,713745,https://liny.zu.anjuke.com/fangyuan/4606653689977862,2室2厅|整租|精装修|中层(共33层),已爬取
5060,久隆奥斯卡,713745,https://liny.zu.anjuke.com/fangyuan/4305360083902467,3室2厅|合租|精装修|高层(共27层),已爬取
5061,怡景绿洲,973223,https://liny.zu.anjuke.com/fangyuan/4542770993765382,3室2厅|整租|简单装修|共5层,已爬取
5062,怡景绿洲,973223,https://liny.zu.anjuke.com/fangyuan/4484500815488012,3室2厅|整租|简单装修|共5层,已爬取
5063,怡景绿洲,973223,https://liny.zu.anjuke.com/fangyuan/4550191969854470,3室2厅|整租|简单装修|低层(共6层),已爬取
5064,怡景绿洲,973223,https://liny.zu.anjuke.com/fangyuan/4588382394377217,3室2厅|整租|简单装修|共5层,已爬取
5065,怡景绿洲,973223,https://liny.zu.anjuke.com/fangyuan/4567348050684932,3室2厅|整租|简单装修|共5层,已爬取
5066,怡景绿洲,973223,https://liny.zu.anjuke.com/fangyuan/4633421734370304,1室1厅|整租|精装修|中层(共6层),已爬取
5067,怡景绿洲,973223,https://liny.zu.anjuke.com/fangyuan/4568363564375045,3室2厅|整租|简单装修|低层(共6层),已爬取
5068,怡景绿洲,973223,https://liny.zu.anjuke.com/fangyuan/4519426919932936,2室2厅|整租|简单装修|中层(共6层),已爬取
5069,白鹭金岸(别墅),801999,https://liny.zu.anjuke.com/fangyuan/4633764359166977,4室2厅|整租|精装修|共3层,已爬取
5070,白鹭金岸(别墅),801999,https://liny.zu.anjuke.com/fangyuan/4486929879737357,4室3厅|整租|精装修|共3层,已爬取
5071,鲁商万科新都会,1267290,https://liny.zu.anjuke.com/fangyuan/4630669793960975,3室2厅|整租|精装修|中层(共13层),已爬取
5072,鲁商万科新都会,1267290,https://liny.zu.anjuke.com/fangyuan/4529380221332488,1室1厅|整租|精装修|中层(共7层),已爬取
5073,鲁商万科新都会,1267290,https://liny.zu.anjuke.com/fangyuan/4616691605822476,3室2厅|整租|精装修|中层(共14层),已爬取
5074,鲁商万科新都会,1267290,https://liny.zu.anjuke.com/fangyuan/4618114722110473,3室2厅|整租|精装修|高层(共14层),已爬取
5075,鲁商万科新都会,1267290,https://liny.zu.anjuke.com/fangyuan/4578484415112196,3室2厅|整租|精装修|中层(共14层),已爬取
5076,鲁商万科新都会,1267290,https://liny.zu.anjuke.com/fangyuan/4610729696500749,3室2厅|整租|精装修|中层(共14层),已爬取
5077,鲁商万科新都会,1267290,https://liny.zu.anjuke.com/fangyuan/4518793039272975,3室2厅|整租|精装修|中层(共14层),已爬取
5078,鲁商万科新都会,1267290,https://liny.zu.anjuke.com/fangyuan/3501086614690824,3室2厅|整租|精装修|中层(共14层),已爬取
5079,鲁商万科新都会,1267290,https://liny.zu.anjuke.com/fangyuan/4581320236051467,4室2厅|整租|精装修|低层(共7层),已爬取
5080,鲁商万科新都会,1267290,https://liny.zu.anjuke.com/fangyuan/4582637528128526,3室1厅|整租|精装修|高层(共13层),已爬取
5081,红星国际广场,1007900,https://liny.zu.anjuke.com/fangyuan/4603907954613263,1室1厅|整租|精装修|中层(共28层),已爬取
5082,红星国际广场,1007900,https://liny.zu.anjuke.com/fangyuan/4625519807245312,1室1厅|整租|精装修|高层(共15层),已爬取
5083,红星国际广场,1007900,https://liny.zu.anjuke.com/fangyuan/4603936588033026,1室1厅|整租|精装修|中层(共28层),已爬取
5084,红星国际广场,1007900,https://liny.zu.anjuke.com/fangyuan/4587413913709580,2室2厅|合租|精装修|中层(共16层),已爬取
5085,红星国际广场,1007900,https://liny.zu.anjuke.com/fangyuan/4596917915671559,1室1厅|整租|精装修|高层(共28层),已爬取
5086,红星国际广场,1007900,https://liny.zu.anjuke.com/fangyuan/4569758636336139,1室1厅|整租|精装修|高层(共28层),已爬取
5087,红星国际广场,1007900,https://liny.zu.anjuke.com/fangyuan/4608148019305481,1室1厅|整租|精装修|中层(共28层),已爬取
5088,红星国际广场,1007900,https://liny.zu.anjuke.com/fangyuan/4592591584357380,1室1厅|整租|精装修|高层(共27层),已爬取
5089,红星国际广场,1007900,https://liny.zu.anjuke.com/fangyuan/4619326079818764,1室1厅|整租|精装修|高层(共28层),已爬取
5090,红星国际广场,1007900,https://liny.zu.anjuke.com/fangyuan/4599701095586826,1室1厅|整租|精装修|中层(共28层),已爬取
5091,书院小区(南区),676981,https://liny.zu.anjuke.com/fangyuan/4418733114485769,2室2厅|整租|简单装修|低层(共6层),已爬取
5092,书院小区(南区),676981,https://liny.zu.anjuke.com/fangyuan/4409631583560715,2室2厅|整租|精装修|高层(共6层),已爬取
5093,书院小区(南区),676981,https://liny.zu.anjuke.com/fangyuan/4600874602931209,3室2厅|整租|简单装修|中层(共6层),已爬取
5094,书院小区(南区),676981,https://liny.zu.anjuke.com/fangyuan/4608365941156873,3室2厅|整租|简单装修|低层(共6层),已爬取
5095,书院小区(南区),676981,https://liny.zu.anjuke.com/fangyuan/4057069725821967,2室1厅|整租|简单装修|共5层,已爬取
5096,青啤御棠府,1590886,https://liny.zu.anjuke.com/fangyuan/4606920831577098,4室3厅|整租|精装修|高层(共8层),已爬取
5097,青啤御棠府,1590886,https://liny.zu.anjuke.com/fangyuan/4633851464424456,3室2厅|整租|精装修|中层(共8层),已爬取
5098,青啤御棠府,1590886,https://liny.zu.anjuke.com/fangyuan/4606918859648004,4室3厅|整租|精装修|高层(共7层),已爬取
5099,青啤御棠府,1590886,https://liny.zu.anjuke.com/fangyuan/4526055669376013,4室2厅|整租|简单装修|中层(共17层),已爬取
5100,青啤御棠府,1590886,https://liny.zu.anjuke.com/fangyuan/4525911449232386,4室2厅|整租|简单装修|中层(共17层),已爬取
5101,青啤御棠府,1590886,https://liny.zu.anjuke.com/fangyuan/4301062811426831,4室3厅|整租|精装修|高层(共8层),已爬取
5102,青啤御棠府,1590886,https://liny.zu.anjuke.com/fangyuan/4611331330485261,3室2厅|整租|精装修|低层(共8层),已爬取
5103,青啤御棠府,1590886,https://liny.zu.anjuke.com/fangyuan/4610045345897487,3室2厅|整租|精装修|低层(共18层),已爬取
5104,香江时代华庭,862842,https://liny.zu.anjuke.com/fangyuan/4621282690128902,3室2厅|合租|精装修|中层(共12层),已爬取
5105,香江时代华庭,862842,https://liny.zu.anjuke.com/fangyuan/4588411720870922,2室2厅|整租|豪华装修|高层(共17层),已爬取
5106,香江时代华庭,862842,https://liny.zu.anjuke.com/fangyuan/4619821974379528,3室2厅|合租|精装修|中层(共23层),已爬取
5107,香江时代华庭,862842,https://liny.zu.anjuke.com/fangyuan/4620658264368143,3室2厅|合租|精装修|中层(共20层),已爬取
5108,香江时代华庭,862842,https://liny.zu.anjuke.com/fangyuan/4621147568299010,3室2厅|合租|精装修|中层(共22层),已爬取
5109,香江时代华庭,862842,https://liny.zu.anjuke.com/fangyuan/4623918959717390,3室2厅|合租|精装修|中层(共18层),已爬取
5110,龙海国际,1176406,https://liny.zu.anjuke.com/fangyuan/4482596144884744,3室2厅|整租|精装修|低层(共17层),已爬取
5111,龙海国际,1176406,https://liny.zu.anjuke.com/fangyuan/4565709709224970,3室2厅|整租|精装修|高层(共17层),已爬取
5112,龙海国际,1176406,https://liny.zu.anjuke.com/fangyuan/4551157307186187,3室2厅|整租|简单装修|高层(共17层),已爬取
5113,鼎钰华居,677994,https://liny.zu.anjuke.com/fangyuan/4538505013947392,3室2厅|整租|简单装修|低层(共17层),已爬取
5114,鼎钰华居,677994,https://liny.zu.anjuke.com/fangyuan/4538711651752967,3室2厅|整租|简单装修|高层(共17层),已爬取
5115,城开尚苑,1388617,https://liny.zu.anjuke.com/fangyuan/4520767041577991,3室1厅|合租|精装修|低层(共36层),已爬取
5116,城开尚苑,1388617,https://liny.zu.anjuke.com/fangyuan/4626573361669123,3室1厅|合租|精装修|中层(共16层),已爬取
5117,城开尚苑,1388617,https://liny.zu.anjuke.com/fangyuan/4530308784514059,3室1厅|合租|精装修|低层(共25层),已爬取
5118,城开尚苑,1388617,https://liny.zu.anjuke.com/fangyuan/4629184367633422,3室2厅|合租|豪华装修|中层(共7层),已爬取
5119,城开尚苑,1388617,https://liny.zu.anjuke.com/fangyuan/3935658515409935,2室2厅|合租|精装修|中层(共16层),已爬取
5120,城开尚苑,1388617,https://liny.zu.anjuke.com/fangyuan/4496466468496399,4室2厅|合租|精装修|中层(共30层),已爬取
5121,城开尚苑,1388617,https://liny.zu.anjuke.com/fangyuan/4622243177966592,3室2厅|合租|豪华装修|低层(共32层),已爬取
5122,城开尚苑,1388617,https://liny.zu.anjuke.com/fangyuan/4613571898123265,3室2厅|合租|精装修|中层(共30层),已爬取
5123,城开尚苑,1388617,https://liny.zu.anjuke.com/fangyuan/4306374045917192,3室1厅|合租|精装修|高层(共15层),已爬取
5124,城开尚苑,1388617,https://liny.zu.anjuke.com/fangyuan/4568625218923521,3室2厅|合租|精装修|中层(共32层),已爬取
5125,龙域中央小区,677936,https://liny.zu.anjuke.com/fangyuan/4504385779379213,3室2厅|整租|精装修|低层(共17层),已爬取
5126,龙域中央小区,677936,https://liny.zu.anjuke.com/fangyuan/4597113940319236,3室2厅|整租|简单装修|中层(共6层),已爬取
5127,龙域中央小区,677936,https://liny.zu.anjuke.com/fangyuan/4622073002714112,3室2厅|整租|精装修|共5层,已爬取
5128,龙域中央小区,677936,https://liny.zu.anjuke.com/fangyuan/4565574898686990,3室2厅|整租|精装修|共5层,已爬取
5129,龙域中央小区,677936,https://liny.zu.anjuke.com/fangyuan/4548906550516749,2室2厅|整租|精装修|共5层,已爬取
5130,龙域中央小区,677936,https://liny.zu.anjuke.com/fangyuan/4620503839759368,3室2厅|整租|简单装修|共5层,已爬取
5131,龙域中央小区,677936,https://liny.zu.anjuke.com/fangyuan/4620617478939658,3室2厅|整租|精装修|共5层,已爬取
5132,新城花园(河东),973172,https://liny.zu.anjuke.com/fangyuan/4619372727641103,3室1厅|合租|精装修|中层(共20层),已爬取
5133,新城花园(河东),973172,https://liny.zu.anjuke.com/fangyuan/4606302937719816,1室1厅|合租|精装修|中层(共22层),已爬取
5134,新城花园(河东),973172,https://liny.zu.anjuke.com/fangyuan/4621219918537736,3室2厅|合租|精装修|中层(共28层),已爬取
5135,新城花园(河东),973172,https://liny.zu.anjuke.com/fangyuan/4547413325407247,4室2厅|合租|精装修|中层(共17层),已爬取
5136,新城花园(河东),973172,https://liny.zu.anjuke.com/fangyuan/4632394194740229,3室2厅|合租|精装修|中层(共24层),已爬取
5137,新城花园(河东),973172,https://liny.zu.anjuke.com/fangyuan/4332057232612360,4室1厅|合租|简单装修|高层(共20层),已爬取
5138,新城花园(河东),973172,https://liny.zu.anjuke.com/fangyuan/4633453830188045,1室1厅|合租|精装修|高层(共15层),已爬取
5139,新城花园(河东),973172,https://liny.zu.anjuke.com/fangyuan/4292194432752640,3室1厅|合租|简单装修|高层(共17层),已爬取
5140,新城花园(河东),973172,https://liny.zu.anjuke.com/fangyuan/4562907036328963,4室2厅|合租|精装修|中层(共17层),已爬取
5141,新城花园(河东),973172,https://liny.zu.anjuke.com/fangyuan/4547409771619335,4室2厅|合租|精装修|中层(共17层),已爬取
5142,金麟嘉园,1198336,https://liny.zu.anjuke.com/fangyuan/4573974768135169,3室2厅|整租|简单装修|高层(共6层),已爬取
5143,金麟嘉园,1198336,https://liny.zu.anjuke.com/fangyuan/4593783511491591,2室2厅|整租|精装修|低层(共6层),已爬取
5144,金麟嘉园,1198336,https://liny.zu.anjuke.com/fangyuan/4630915112461323,2室1厅|整租|精装修|共5层,已爬取
5145,金麟嘉园,1198336,https://liny.zu.anjuke.com/fangyuan/4500422508422146,2室2厅|整租|精装修|低层(共6层),已爬取
5146,石油小区b区,1088117,https://liny.zu.anjuke.com/fangyuan/4621301600545805,3室2厅|合租|精装修|中层(共17层),已爬取
5147,石油小区b区,1088117,https://liny.zu.anjuke.com/fangyuan/4535766267522049,3室2厅|合租|精装修|低层(共30层),已爬取
5148,石油小区b区,1088117,https://liny.zu.anjuke.com/fangyuan/4630520172995590,4室1厅|合租|精装修|中层(共30层),已爬取
5149,石油小区b区,1088117,https://liny.zu.anjuke.com/fangyuan/4625484772809729,3室2厅|合租|精装修|中层(共30层),已爬取
5150,石油小区b区,1088117,https://liny.zu.anjuke.com/fangyuan/4595018156729355,3室2厅|合租|简单装修|低层(共29层),已爬取
5151,石油小区b区,1088117,https://liny.zu.anjuke.com/fangyuan/4622194825438222,3室2厅|合租|豪华装修|低层(共30层),已爬取
5152,石油小区b区,1088117,https://liny.zu.anjuke.com/fangyuan/4629239455998980,3室2厅|合租|豪华装修|中层(共10层),已爬取
5153,石油小区b区,1088117,https://liny.zu.anjuke.com/fangyuan/4088323646024706,2室2厅|合租|精装修|中层(共30层),已爬取
5154,石油小区b区,1088117,https://liny.zu.anjuke.com/fangyuan/4630680661435399,4室1厅|合租|精装修|高层(共20层),已爬取
5155,石油小区b区,1088117,https://liny.zu.anjuke.com/fangyuan/4622196920822791,3室2厅|合租|精装修|高层(共30层),已爬取
5156,沂河璟城,1303120,https://liny.zu.anjuke.com/fangyuan/4584124776852480,3室2厅|整租|精装修|中层(共25层),已爬取
5157,沂河璟城,1303120,https://liny.zu.anjuke.com/fangyuan/4624803879509006,3室2厅|整租|简单装修|高层(共24层),已爬取
5158,沂河璟城,1303120,https://liny.zu.anjuke.com/fangyuan/4617809053002767,3室2厅|整租|简单装修|中层(共27层),已爬取
5159,沂河璟城,1303120,https://liny.zu.anjuke.com/fangyuan/4584129717394435,3室2厅|整租|精装修|中层(共24层),已爬取
5160,沂河璟城,1303120,https://liny.zu.anjuke.com/fangyuan/4592612567802884,3室2厅|整租|简单装修|中层(共26层),已爬取
5161,沂河璟城,1303120,https://liny.zu.anjuke.com/fangyuan/4552883781067778,3室2厅|整租|精装修|低层(共26层),已爬取
5162,沂河璟城,1303120,https://liny.zu.anjuke.com/fangyuan/4625416988468224,3室2厅|整租|简单装修|中层(共26层),已爬取
5163,沂河璟城,1303120,https://liny.zu.anjuke.com/fangyuan/4548769212165129,3室2厅|整租|精装修|中层(共26层),已爬取
5164,世纪福城A区,678158,https://liny.zu.anjuke.com/fangyuan/4622405073871885,3室2厅|整租|精装修|中层(共6层),已爬取
5165,世纪福城A区,678158,https://liny.zu.anjuke.com/fangyuan/4625104581520392,3室2厅|整租|简单装修|共5层,已爬取
5166,世纪福城A区,678158,https://liny.zu.anjuke.com/fangyuan/4532866680759304,3室2厅|整租|精装修|中层(共17层),已爬取
5167,世纪福城A区,678158,https://liny.zu.anjuke.com/fangyuan/4527173820425225,3室2厅|整租|精装修|共5层,已爬取
5168,世纪福城A区,678158,https://liny.zu.anjuke.com/fangyuan/4601146147056653,3室2厅|整租|简单装修|中层(共6层),已爬取
5169,世纪福城A区,678158,https://liny.zu.anjuke.com/fangyuan/4625391693554701,3室2厅|整租|简单装修|中层(共6层),已爬取
5170,世纪福城A区,678158,https://liny.zu.anjuke.com/fangyuan/4616974764235777,3室2厅|整租|简单装修|低层(共6层),已爬取
5171,世纪福城A区,678158,https://liny.zu.anjuke.com/fangyuan/4184881873349644,3室2厅|整租|精装修|共5层,已爬取
5172,世纪福城A区,678158,https://liny.zu.anjuke.com/fangyuan/4304999948607499,3室2厅|整租|精装修|中层(共6层),已爬取
5173,深莞城,790445,https://liny.zu.anjuke.com/fangyuan/4568780754510857,1室1厅|整租|精装修|低层(共25层),已爬取
5174,深莞城,790445,https://liny.zu.anjuke.com/fangyuan/4589582555175945,2室1厅|整租|精装修|高层(共25层),已爬取
5175,深莞城,790445,https://liny.zu.anjuke.com/fangyuan/4551642491493388,1室1厅|整租|精装修|高层(共31层),已爬取
5176,深莞城,790445,https://liny.zu.anjuke.com/fangyuan/4607939266782208,1室1厅|整租|毛坯|低层(共31层),已爬取
5177,深莞城,790445,https://liny.zu.anjuke.com/fangyuan/4527555666390024,3室2厅|整租|精装修|高层(共23层),已爬取
5178,深莞城,790445,https://liny.zu.anjuke.com/fangyuan/4619220787108865,1室1厅|整租|精装修|高层(共25层),已爬取
5179,深莞城,790445,https://liny.zu.anjuke.com/fangyuan/4596955170352141,1室1厅|整租|精装修|低层(共22层),已爬取
5180,深莞城,790445,https://liny.zu.anjuke.com/fangyuan/4561451109493760,1室1厅|整租|简单装修|高层(共30层),已爬取
5181,深莞城,790445,https://liny.zu.anjuke.com/fangyuan/4609330574976010,2室1厅|整租|精装修|中层(共25层),已爬取
5182,深莞城,790445,https://liny.zu.anjuke.com/fangyuan/4547452803410959,3室2厅|整租|精装修|高层(共25层),已爬取
5183,营子小区,677678,https://liny.zu.anjuke.com/fangyuan/4527919560010761,3室2厅|整租|简单装修|高层(共6层),已爬取
5184,营子小区,677678,https://liny.zu.anjuke.com/fangyuan/4485495236451337,3室2厅|整租|精装修|高层(共17层),已爬取
5185,营子小区,677678,https://liny.zu.anjuke.com/fangyuan/4534732063548417,3室2厅|整租|精装修|低层(共6层),已爬取
5186,营子小区,677678,https://liny.zu.anjuke.com/fangyuan/4628251505859592,3室2厅|整租|简单装修|中层(共6层),已爬取
5187,营子小区,677678,https://liny.zu.anjuke.com/fangyuan/4527932274748430,3室2厅|整租|简单装修|中层(共6层),已爬取
5188,营子小区,677678,https://liny.zu.anjuke.com/fangyuan/4577093385858050,3室2厅|整租|简单装修|中层(共6层),已爬取
5189,营子小区,677678,https://liny.zu.anjuke.com/fangyuan/4629125662024711,3室2厅|整租|简单装修|低层(共6层),已爬取
5190,营子小区,677678,https://liny.zu.anjuke.com/fangyuan/4536039200369674,3室2厅|整租|精装修|中层(共6层),已爬取
5191,营子小区,677678,https://liny.zu.anjuke.com/fangyuan/4622435907890188,3室2厅|整租|简单装修|低层(共6层),已爬取
5192,营子小区,677678,https://liny.zu.anjuke.com/fangyuan/4480902180658176,3室2厅|整租|精装修|低层(共6层),已爬取
5193,东方丽景,678173,https://liny.zu.anjuke.com/fangyuan/4595228918639627,3室2厅|整租|精装修|高层(共26层),已爬取
5194,东方丽景,678173,https://liny.zu.anjuke.com/fangyuan/4555472102040585,3室2厅|整租|精装修|低层(共26层),已爬取
5195,东方丽景,678173,https://liny.zu.anjuke.com/fangyuan/4514720404382727,3室2厅|整租|精装修|中层(共26层),已爬取
5196,东方丽景,678173,https://liny.zu.anjuke.com/fangyuan/4599327205563397,3室2厅|整租|简单装修|低层(共17层),已爬取
5197,东方丽景,678173,https://liny.zu.anjuke.com/fangyuan/4552892221156361,3室2厅|整租|简单装修|高层(共25层),已爬取
5198,东方丽景,678173,https://liny.zu.anjuke.com/fangyuan/4554478048959496,4室2厅|整租|简单装修|低层(共26层),已爬取
5199,东方丽景,678173,https://liny.zu.anjuke.com/fangyuan/4619534433491980,3室2厅|整租|简单装修|低层(共17层),已爬取
5200,东方丽景,678173,https://liny.zu.anjuke.com/fangyuan/4527544723317768,3室2厅|整租|精装修|高层(共26层),已爬取
5201,东方丽景,678173,https://liny.zu.anjuke.com/fangyuan/4573857185342475,3室2厅|整租|精装修|中层(共26层),已爬取
5202,东方丽景,678173,https://liny.zu.anjuke.com/fangyuan/4513419391888392,3室2厅|整租|精装修|中层(共29层),已爬取
5203,锦绣华庭(罗庄)(二期),1183678,https://liny.zu.anjuke.com/fangyuan/4620529021821956,3室2厅|整租|精装修|中层(共18层),已爬取
5204,锦绣华庭(罗庄)(二期),1183678,https://liny.zu.anjuke.com/fangyuan/4603894108036111,3室2厅|整租|精装修|高层(共20层),已爬取
5205,锦绣华庭(罗庄)(二期),1183678,https://liny.zu.anjuke.com/fangyuan/4610831210880005,3室2厅|整租|精装修|中层(共27层),已爬取
5206,锦绣华庭(罗庄)(二期),1183678,https://liny.zu.anjuke.com/fangyuan/4602195890465800,3室2厅|整租|精装修|高层(共17层),已爬取
5207,幸福花城(B区),677783,https://liny.zu.anjuke.com/fangyuan/4572618690538506,3室2厅|整租|精装修|中层(共6层),已爬取
5208,幸福花城(B区),677783,https://liny.zu.anjuke.com/fangyuan/4593799095610380,3室2厅|整租|精装修|中层(共7层),已爬取
5209,幸福花城(B区),677783,https://liny.zu.anjuke.com/fangyuan/4606460077026315,3室2厅|整租|精装修|高层(共6层),已爬取
5210,幸福花城(B区),677783,https://liny.zu.anjuke.com/fangyuan/4630878475248641,3室2厅|整租|精装修|中层(共6层),已爬取
5211,双龙花园,676743,https://liny.zu.anjuke.com/fangyuan/4616779196965903,2室2厅|整租|简单装修|高层(共6层),已爬取
5212,双龙花园,676743,https://liny.zu.anjuke.com/fangyuan/4619727922785290,2室1厅|整租|简单装修|中层(共6层),已爬取
5213,双龙花园,676743,https://liny.zu.anjuke.com/fangyuan/4612248746320901,2室2厅|整租|精装修|低层(共6层),已爬取
5214,双龙花园,676743,https://liny.zu.anjuke.com/fangyuan/4500425191398415,3室2厅|整租|精装修|高层(共6层),已爬取
5215,双龙花园,676743,https://liny.zu.anjuke.com/fangyuan/4534466401739781,3室2厅|整租|精装修|中层(共6层),已爬取
5216,双龙花园,676743,https://liny.zu.anjuke.com/fangyuan/4504339353428997,2室2厅|整租|简单装修|高层(共6层),已爬取
5217,双龙花园,676743,https://liny.zu.anjuke.com/fangyuan/4612256781020163,3室2厅|整租|精装修|高层(共6层),已爬取
5218,和平站前小区,972646,https://liny.zu.anjuke.com/fangyuan/4626885859388424,4室2厅|整租|简单装修|共5层,已爬取
5219,红日小区,677610,https://liny.zu.anjuke.com/fangyuan/3374080295347207,2室2厅|整租|简单装修|高层(共6层),已爬取
5220,红日小区,677610,https://liny.zu.anjuke.com/fangyuan/4347522414271494,3室2厅|整租|简单装修|共5层,已爬取
5221,红日小区,677610,https://liny.zu.anjuke.com/fangyuan/4628136953621508,3室2厅|整租|简单装修|共5层,已爬取
5222,红日小区,677610,https://liny.zu.anjuke.com/fangyuan/4503805976734731,3室2厅|整租|精装修|共5层,已爬取
5223,红日小区,677610,https://liny.zu.anjuke.com/fangyuan/4599634240562178,3室2厅|整租|简单装修|共5层,已爬取
5224,红日小区,677610,https://liny.zu.anjuke.com/fangyuan/4568324945323023,3室2厅|整租|简单装修|共5层,已爬取
5225,红日小区,677610,https://liny.zu.anjuke.com/fangyuan/4118089319489540,3室2厅|整租|精装修|共5层,已爬取
5226,红日小区,677610,https://liny.zu.anjuke.com/fangyuan/4092600335081477,3室2厅|整租|精装修|共5层,已爬取
5227,儒辰金邑首府,1316363,https://liny.zu.anjuke.com/fangyuan/4520435052866571,3室2厅|整租|简单装修|中层(共6层),已爬取
5228,儒辰金邑首府,1316363,https://liny.zu.anjuke.com/fangyuan/4327807925345287,3室2厅|合租|简单装修|中层(共6层),已爬取
5229,泽润园,972810,https://liny.zu.anjuke.com/fangyuan/4626221233036290,3室2厅|整租|精装修|高层(共6层),已爬取
5230,泽润园,972810,https://liny.zu.anjuke.com/fangyuan/4351740524175365,1室1厅|整租|精装修|中层(共18层),已爬取
5231,泽润园,972810,https://liny.zu.anjuke.com/fangyuan/4446859331054603,1室1厅|整租|精装修|中层(共12层),已爬取
5232,泽润园,972810,https://liny.zu.anjuke.com/fangyuan/4501560497150987,1室1厅|整租|精装修|低层(共17层),已爬取
5233,泽润园,972810,https://liny.zu.anjuke.com/fangyuan/4619466290293762,1室1厅|整租|精装修|中层(共11层),已爬取
5234,泽润园,972810,https://liny.zu.anjuke.com/fangyuan/4309157205142535,1室1厅|整租|精装修|中层(共12层),已爬取
5235,上海花苑,678124,https://liny.zu.anjuke.com/fangyuan/4602619603442691,3室2厅|整租|精装修|共5层,已爬取
5236,滨河家园,1187600,https://liny.zu.anjuke.com/fangyuan/4606557284951045,3室2厅|整租|简单装修|中层(共15层),已爬取
5237,滨河家园,1187600,https://liny.zu.anjuke.com/fangyuan/4609654260231181,3室2厅|整租|精装修|中层(共17层),已爬取
5238,滨河家园,1187600,https://liny.zu.anjuke.com/fangyuan/4605513182618627,3室2厅|整租|简单装修|中层(共15层),已爬取
5239,滨河家园,1187600,https://liny.zu.anjuke.com/fangyuan/4609396320576519,3室2厅|整租|简单装修|中层(共15层),已爬取
5240,滨河家园,1187600,https://liny.zu.anjuke.com/fangyuan/4605438540538884,3室2厅|整租|精装修|中层(共15层),已爬取
5241,滨河家园,1187600,https://liny.zu.anjuke.com/fangyuan/4608618002963462,3室2厅|整租|精装修|中层(共15层),已爬取
5242,滨河家园,1187600,https://liny.zu.anjuke.com/fangyuan/4632506992321547,3室2厅|整租|精装修|中层(共17层),已爬取
5243,滨河家园,1187600,https://liny.zu.anjuke.com/fangyuan/4592255419083779,3室2厅|整租|简单装修|中层(共15层),已爬取
5244,滨河家园,1187600,https://liny.zu.anjuke.com/fangyuan/4617705774853134,3室2厅|整租|精装修|中层(共15层),已爬取
5245,华润中心,1437406,https://liny.zu.anjuke.com/fangyuan/4510179093572612,1室1厅|合租|精装修|高层(共30层),已爬取
5246,华润中心,1437406,https://liny.zu.anjuke.com/fangyuan/4615201304964099,3室2厅|合租|精装修|中层(共6层),已爬取
5247,华润中心,1437406,https://liny.zu.anjuke.com/fangyuan/4592576677993478,1室1厅|整租|精装修|中层(共24层),已爬取
5248,华润中心,1437406,https://liny.zu.anjuke.com/fangyuan/4544654721803266,2室1厅|合租|豪华装修|低层(共32层),已爬取
5249,华润中心,1437406,https://liny.zu.anjuke.com/fangyuan/4631199175154691,3室2厅|合租|精装修|中层(共28层),已爬取
5250,华润中心,1437406,https://liny.zu.anjuke.com/fangyuan/4544649995774980,1室1厅|整租|豪华装修|低层(共30层),已爬取
5251,华润中心,1437406,https://liny.zu.anjuke.com/fangyuan/4582949785725953,3室2厅|合租|精装修|低层(共30层),已爬取
5252,华润中心,1437406,https://liny.zu.anjuke.com/fangyuan/4020409264806926,3室2厅|合租|精装修|低层(共11层),已爬取
5253,华润中心,1437406,https://liny.zu.anjuke.com/fangyuan/4616525486531585,3室2厅|合租|精装修|低层(共30层),已爬取
5254,华润中心,1437406,https://liny.zu.anjuke.com/fangyuan/4130870141496327,1室1厅|整租|精装修|高层(共22层),已爬取
5255,福润家园,1067582,https://liny.zu.anjuke.com/fangyuan/4490690259706888,3室2厅|整租|精装修|低层(共6层),已爬取
5256,十里洋房,677629,https://liny.zu.anjuke.com/fangyuan/4557231210929154,3室2厅|整租|简单装修|高层(共11层),已爬取
5257,十里洋房,677629,https://liny.zu.anjuke.com/fangyuan/4615003488609287,3室2厅|整租|精装修|中层(共11层),已爬取
5258,十里洋房,677629,https://liny.zu.anjuke.com/fangyuan/4623835523705858,3室2厅|整租|精装修|中层(共11层),已爬取
5259,十里洋房,677629,https://liny.zu.anjuke.com/fangyuan/4550087518280713,3室2厅|整租|精装修|中层(共11层),已爬取
5260,十里洋房,677629,https://liny.zu.anjuke.com/fangyuan/4550044895947789,3室2厅|整租|精装修|中层(共11层),已爬取
5261,十里洋房,677629,https://liny.zu.anjuke.com/fangyuan/4571401156647949,3室2厅|整租|精装修|中层(共11层),已爬取
5262,十里洋房,677629,https://liny.zu.anjuke.com/fangyuan/4540009943899140,3室2厅|整租|精装修|高层(共11层),已爬取
5263,十里洋房,677629,https://liny.zu.anjuke.com/fangyuan/4591227257218052,3室2厅|整租|简单装修|中层(共11层),已爬取
5264,十里洋房,677629,https://liny.zu.anjuke.com/fangyuan/4550118846798862,3室2厅|整租|简单装修|高层(共11层),已爬取
5265,十里洋房,677629,https://liny.zu.anjuke.com/fangyuan/4613909254007813,2室2厅|整租|精装修|高层(共11层),已爬取
5266,旷园小区,1087465,https://liny.zu.anjuke.com/fangyuan/4469748057807872,3室2厅|整租|精装修|高层(共6层),已爬取
5267,旷园小区,1087465,https://liny.zu.anjuke.com/fangyuan/4619598603754511,3室1厅|整租|简单装修|共4层,已爬取
5268,碧桂园翡丽澜庭,1410682,https://liny.zu.anjuke.com/fangyuan/4608465508672513,3室2厅|整租|精装修|高层(共26层),已爬取
5269,碧桂园翡丽澜庭,1410682,https://liny.zu.anjuke.com/fangyuan/4589760451062799,3室2厅|整租|精装修|低层(共27层),已爬取
5270,碧桂园翡丽澜庭,1410682,https://liny.zu.anjuke.com/fangyuan/4590010387948545,3室2厅|整租|精装修|高层(共26层),已爬取
5271,碧桂园翡丽澜庭,1410682,https://liny.zu.anjuke.com/fangyuan/4514901907794957,3室2厅|整租|豪华装修|中层(共26层),已爬取
5272,碧桂园翡丽澜庭,1410682,https://liny.zu.anjuke.com/fangyuan/4588093604568079,3室2厅|整租|精装修|中层(共33层),已爬取
5273,碧桂园翡丽澜庭,1410682,https://liny.zu.anjuke.com/fangyuan/4509229609675789,3室2厅|整租|豪华装修|中层(共26层),已爬取
5274,碧桂园翡丽澜庭,1410682,https://liny.zu.anjuke.com/fangyuan/4478155446969351,3室1厅|整租|精装修|中层(共28层),已爬取
5275,碧桂园翡丽澜庭,1410682,https://liny.zu.anjuke.com/fangyuan/4166986876525578,3室2厅|整租|豪华装修|中层(共26层),已爬取
5276,碧桂园翡丽澜庭,1410682,https://liny.zu.anjuke.com/fangyuan/4559636665461760,3室2厅|整租|豪华装修|中层(共11层),已爬取
5277,碧桂园翡丽澜庭,1410682,https://liny.zu.anjuke.com/fangyuan/4497830216948747,3室2厅|整租|精装修|低层(共25层),已爬取
5278,房源高第街,1013487,https://liny.zu.anjuke.com/fangyuan/4467820269579266,3室2厅|合租|精装修|高层(共16层),已爬取
5279,房源高第街,1013487,https://liny.zu.anjuke.com/fangyuan/4620572438979587,3室2厅|整租|精装修|中层(共18层),已爬取
5280,房源高第街,1013487,https://liny.zu.anjuke.com/fangyuan/4626550635572238,3室2厅|整租|精装修|高层(共18层),已爬取
5281,房源高第街,1013487,https://liny.zu.anjuke.com/fangyuan/4608174187912193,3室2厅|整租|精装修|中层(共6层),已爬取
5282,清馨家园,713850,https://liny.zu.anjuke.com/fangyuan/4581618809543682,4室1厅|合租|精装修|中层(共17层),已爬取
5283,清馨家园,713850,https://liny.zu.anjuke.com/fangyuan/4588064855057412,4室1厅|合租|精装修|中层(共17层),已爬取
5284,清馨家园,713850,https://liny.zu.anjuke.com/fangyuan/4581614300849167,4室1厅|合租|精装修|中层(共17层),已爬取
5285,清馨家园,713850,https://liny.zu.anjuke.com/fangyuan/4581602916264966,4室1厅|合租|精装修|中层(共17层),已爬取
5286,清馨家园,713850,https://liny.zu.anjuke.com/fangyuan/4552857329495045,2室2厅|整租|精装修|高层(共17层),已爬取
5287,清馨家园,713850,https://liny.zu.anjuke.com/fangyuan/4617000554650627,2室2厅|整租|精装修|中层(共17层),已爬取
5288,清馨家园,713850,https://liny.zu.anjuke.com/fangyuan/4546955144129536,3室2厅|整租|精装修|中层(共17层),已爬取
5289,莲花新城,1019748,https://liny.zu.anjuke.com/fangyuan/4588486878157837,3室2厅|整租|精装修|高层(共17层),已爬取
5290,丰源新区,1010846,https://liny.zu.anjuke.com/fangyuan/4084171050835970,3室2厅|合租|精装修|低层(共6层),已爬取
5291,丰源新区,1010846,https://liny.zu.anjuke.com/fangyuan/4077067223931906,3室2厅|合租|精装修|低层(共6层),已爬取
5292,丰源新区,1010846,https://liny.zu.anjuke.com/fangyuan/4612711315217419,3室2厅|整租|简单装修|中层(共6层),已爬取
5293,丰源新区,1010846,https://liny.zu.anjuke.com/fangyuan/4038794670840839,3室2厅|整租|精装修|中层(共6层),已爬取
5294,丰源新区,1010846,https://liny.zu.anjuke.com/fangyuan/4599616007873545,3室2厅|整租|精装修|中层(共6层),已爬取
5295,丰源新区,1010846,https://liny.zu.anjuke.com/fangyuan/4186219187068931,3室2厅|整租|简单装修|高层(共6层),已爬取
5296,丰源新区,1010846,https://liny.zu.anjuke.com/fangyuan/4068835861601291,3室2厅|合租|精装修|低层(共6层),已爬取
5297,丰源新区,1010846,https://liny.zu.anjuke.com/fangyuan/4561896020372483,3室2厅|整租|精装修|中层(共6层),已爬取
5298,丰源新区,1010846,https://liny.zu.anjuke.com/fangyuan/4091909050280974,3室2厅|合租|精装修|低层(共6层),已爬取
5299,丰源新区,1010846,https://liny.zu.anjuke.com/fangyuan/4574115456347146,3室2厅|整租|简单装修|低层(共6层),已爬取
5300,后园馨园小区(A区),713677,https://liny.zu.anjuke.com/fangyuan/4060182333218826,2室2厅|整租|简单装修|高层(共7层),已爬取
5301,兰亭凤栖苑,713827,https://liny.zu.anjuke.com/fangyuan/4576793427600396,2室2厅|整租|精装修|低层(共17层),已爬取
5302,兰亭凤栖苑,713827,https://liny.zu.anjuke.com/fangyuan/4580122842164225,1室1厅|整租|精装修|共5层,已爬取
5303,金坛花园,676719,https://liny.zu.anjuke.com/fangyuan/4179418243640334,3室1厅|整租|简单装修|共4层,已爬取
5304,金坛花园,676719,https://liny.zu.anjuke.com/fangyuan/4592324495518727,3室2厅|整租|精装修|高层(共15层),已爬取
5305,金坛花园,676719,https://liny.zu.anjuke.com/fangyuan/4585194728434695,3室2厅|整租|简单装修|高层(共15层),已爬取
5306,荣盛蓝山郡,1011242,https://liny.zu.anjuke.com/fangyuan/4566865198914569,3室2厅|整租|精装修|中层(共32层),已爬取
5307,荣盛蓝山郡,1011242,https://liny.zu.anjuke.com/fangyuan/4618044137090059,3室2厅|整租|简单装修|中层(共32层),已爬取
5308,荣盛蓝山郡,1011242,https://liny.zu.anjuke.com/fangyuan/4606495018836993,3室2厅|整租|精装修|高层(共28层),已爬取
5309,枣园小镇,1044983,https://liny.zu.anjuke.com/fangyuan/4572650965214218,3室1厅|整租|精装修|低层(共8层),已爬取
5310,枣园小镇,1044983,https://liny.zu.anjuke.com/fangyuan/4604000781673487,1室1厅|整租|精装修|中层(共6层),已爬取
5311,枣园小镇,1044983,https://liny.zu.anjuke.com/fangyuan/4464171287407621,3室1厅|整租|简单装修|中层(共9层),已爬取
5312,枣园小镇,1044983,https://liny.zu.anjuke.com/fangyuan/4461006641228802,2室1厅|整租|精装修|共4层,已爬取
5313,枣园小镇,1044983,https://liny.zu.anjuke.com/fangyuan/4571807379809291,1室1厅|整租|精装修|高层(共10层),已爬取
5314,枣园小镇,1044983,https://liny.zu.anjuke.com/fangyuan/4589486854169602,3室1厅|整租|精装修|中层(共7层),已爬取
5315,枣园小镇,1044983,https://liny.zu.anjuke.com/fangyuan/4479550739407879,4室1厅|整租|精装修|高层(共6层),已爬取
5316,枣园小镇,1044983,https://liny.zu.anjuke.com/fangyuan/4469279688432651,2室1厅|整租|精装修|高层(共8层),已爬取
5317,枣园小镇,1044983,https://liny.zu.anjuke.com/fangyuan/4464161215978507,1室1厅|整租|简单装修|高层(共9层),已爬取
5318,富文小区,972635,https://liny.zu.anjuke.com/fangyuan/4506366448329732,3室2厅|整租|精装修|共5层,已爬取
5319,富文小区,972635,https://liny.zu.anjuke.com/fangyuan/4600880385874949,4室2厅|整租|精装修|共5层,已爬取
5320,华瑞新天地,678178,https://liny.zu.anjuke.com/fangyuan/4608389923185667,3室1厅|整租|简单装修|高层(共31层),已爬取
5321,华瑞新天地,678178,https://liny.zu.anjuke.com/fangyuan/4485245427559424,1室1厅|整租|精装修|低层(共26层),已爬取
5322,华瑞新天地,678178,https://liny.zu.anjuke.com/fangyuan/4532779844054016,3室2厅|整租|精装修|高层(共30层),已爬取
5323,德馨园(兰山),972871,https://liny.zu.anjuke.com/fangyuan/4527166312655873,3室2厅|整租|简单装修|中层(共6层),已爬取
5324,德馨园(兰山),972871,https://liny.zu.anjuke.com/fangyuan/4483744250190853,3室2厅|整租|简单装修|中层(共6层),已爬取
5325,德馨园(兰山),972871,https://liny.zu.anjuke.com/fangyuan/4527166395522063,3室2厅|整租|精装修|中层(共6层),已爬取
5326,颐和御园,678001,https://liny.zu.anjuke.com/fangyuan/4630842319297548,3室2厅|整租|精装修|低层(共16层),已爬取
5327,颐和御园,678001,https://liny.zu.anjuke.com/fangyuan/4632287437333507,3室2厅|整租|精装修|中层(共17层),已爬取
5328,颐和御园,678001,https://liny.zu.anjuke.com/fangyuan/4629702629729287,3室2厅|整租|简单装修|低层(共17层),已爬取
5329,临沂铁路新村,713746,https://liny.zu.anjuke.com/fangyuan/4604964288701454,3室2厅|整租|精装修|高层(共13层),已爬取
5330,临沂铁路新村,713746,https://liny.zu.anjuke.com/fangyuan/4503464346020870,3室2厅|整租|简单装修|低层(共12层),已爬取
5331,银星华府,973240,https://liny.zu.anjuke.com/fangyuan/4604104206773259,3室2厅|整租|精装修|中层(共24层),已爬取
5332,银星华府,973240,https://liny.zu.anjuke.com/fangyuan/4629514160153603,3室2厅|整租|精装修|低层(共24层),已爬取
5333,银星华府,973240,https://liny.zu.anjuke.com/fangyuan/4629514104955914,3室2厅|整租|精装修|低层(共24层),已爬取
5334,世纪家园(沂南),973106,https://liny.zu.anjuke.com/fangyuan/4383119737086985,3室2厅|整租|精装修|高层(共11层),已爬取
5335,世纪家园(沂南),973106,https://liny.zu.anjuke.com/fangyuan/4406149024504845,3室2厅|整租|精装修|低层(共8层),已爬取
5336,世纪家园(沂南),973106,https://liny.zu.anjuke.com/fangyuan/4602713598307331,3室2厅|整租|精装修|高层(共11层),已爬取
5337,世纪家园(沂南),973106,https://liny.zu.anjuke.com/fangyuan/4594087624842247,3室2厅|整租|精装修|高层(共11层),已爬取
5338,世纪家园(沂南),973106,https://liny.zu.anjuke.com/fangyuan/4594095495734273,3室2厅|整租|精装修|中层(共17层),已爬取
5339,阳光丽景(临沭),945211,https://liny.zu.anjuke.com/fangyuan/4595130903190537,3室2厅|整租|精装修|中层(共7层),已爬取
5340,龙盛幸福居,1230528,https://liny.zu.anjuke.com/fangyuan/4607826102098946,2室2厅|整租|简单装修|共5层,已爬取
5341,龙湾一品,1087460,https://liny.zu.anjuke.com/fangyuan/4630589769065481,3室2厅|整租|精装修|高层(共17层),已爬取
5342,龙湾一品,1087460,https://liny.zu.anjuke.com/fangyuan/4620682118700042,3室2厅|整租|精装修|低层(共17层),已爬取
5343,龙湾一品,1087460,https://liny.zu.anjuke.com/fangyuan/4562791488527364,3室2厅|整租|简单装修|共5层,已爬取
5344,龙湾一品,1087460,https://liny.zu.anjuke.com/fangyuan/4631307013643267,3室2厅|整租|精装修|中层(共18层),已爬取
5345,龙湾一品,1087460,https://liny.zu.anjuke.com/fangyuan/4632007852010505,3室2厅|整租|精装修|中层(共18层),已爬取
5346,龙湾一品,1087460,https://liny.zu.anjuke.com/fangyuan/4110252943630343,3室2厅|整租|精装修|低层(共18层),已爬取
5347,龙湾一品,1087460,https://liny.zu.anjuke.com/fangyuan/4601098261226506,3室2厅|整租|精装修|高层(共22层),已爬取
5348,龙湾一品,1087460,https://liny.zu.anjuke.com/fangyuan/4631877542847496,3室2厅|整租|精装修|中层(共15层),已爬取
5349,涑河国际城B区,1190503,https://liny.zu.anjuke.com/fangyuan/4608037054538766,1室1厅|整租|精装修|共1层,已爬取
5350,涑河国际城B区,1190503,https://liny.zu.anjuke.com/fangyuan/4394360228879374,1室0厅|整租|精装修|高层(共7层),已爬取
5351,涑河国际城B区,1190503,https://liny.zu.anjuke.com/fangyuan/4465249857858561,1室1厅|整租|精装修|中层(共18层),已爬取
5352,涑河国际城B区,1190503,https://liny.zu.anjuke.com/fangyuan/4608455246556171,2室1厅|整租|精装修|低层(共31层),已爬取
5353,涑河国际城B区,1190503,https://liny.zu.anjuke.com/fangyuan/4172233502154763,2室2厅|整租|精装修|中层(共26层),已爬取
5354,涑河国际城B区,1190503,https://liny.zu.anjuke.com/fangyuan/4469220611365895,1室1厅|整租|精装修|共5层,已爬取
5355,涑河国际城B区,1190503,https://liny.zu.anjuke.com/fangyuan/4609113040772096,1室1厅|整租|简单装修|低层(共20层),已爬取
5356,涑河国际城B区,1190503,https://liny.zu.anjuke.com/fangyuan/4569718427212803,1室1厅|整租|精装修|共5层,已爬取
5357,涑河国际城B区,1190503,https://liny.zu.anjuke.com/fangyuan/4608049721142277,1室1厅|整租|精装修|低层(共13层),已爬取
5358,汇源雅居,972657,https://liny.zu.anjuke.com/fangyuan/4579396798653441,2室1厅|整租|简单装修|共3层,已爬取
5359,汇源雅居,972657,https://liny.zu.anjuke.com/fangyuan/4133447319890945,1室1厅|整租|精装修|共5层,已爬取
5360,汇源雅居,972657,https://liny.zu.anjuke.com/fangyuan/4623719419913224,3室2厅|整租|精装修|中层(共19层),已爬取
5361,汇源雅居,972657,https://liny.zu.anjuke.com/fangyuan/4589325296034824,2室1厅|整租|简单装修|共4层,已爬取
5362,汇源雅居,972657,https://liny.zu.anjuke.com/fangyuan/4620509552307203,1室1厅|整租|精装修|共5层,已爬取
5363,汇源雅居,972657,https://liny.zu.anjuke.com/fangyuan/4480868807746565,1室1厅|整租|精装修|共3层,已爬取
5364,汇源雅居,972657,https://liny.zu.anjuke.com/fangyuan/4579398958588933,2室1厅|整租|简单装修|共5层,已爬取
5365,明珠花园(费县),1102594,https://liny.zu.anjuke.com/fangyuan/4631982819746821,3室2厅|整租|简单装修|共1层,已爬取
5366,明珠花园(费县),1102594,https://liny.zu.anjuke.com/fangyuan/4625090849170432,3室2厅|整租|简单装修|共5层,已爬取
5367,御尊尚府御开园,1190516,https://liny.zu.anjuke.com/fangyuan/4596634346923019,3室2厅|整租|精装修|高层(共11层),已爬取
5368,御尊尚府御开园,1190516,https://liny.zu.anjuke.com/fangyuan/4520654021635078,1室1厅|整租|精装修|共3层,已爬取
5369,龙泽国际,677741,https://liny.zu.anjuke.com/fangyuan/4588142602230791,2室2厅|整租|精装修|高层(共11层),已爬取
5370,龙泽国际,677741,https://liny.zu.anjuke.com/fangyuan/4616467744529410,2室2厅|整租|精装修|高层(共6层),已爬取
5371,龙泽国际,677741,https://liny.zu.anjuke.com/fangyuan/4612360989729797,3室2厅|整租|精装修|低层(共6层),已爬取
5372,龙泽国际,677741,https://liny.zu.anjuke.com/fangyuan/4567056917978115,2室2厅|整租|精装修|低层(共11层),已爬取
5373,龙泽国际,677741,https://liny.zu.anjuke.com/fangyuan/4607949637245963,2室2厅|整租|精装修|高层(共11层),已爬取
5374,龙泽国际,677741,https://liny.zu.anjuke.com/fangyuan/4585787136060419,2室2厅|整租|精装修|高层(共11层),已爬取
5375,龙泽国际,677741,https://liny.zu.anjuke.com/fangyuan/4614907072453639,3室2厅|整租|精装修|低层(共6层),已爬取
5376,龙泽国际,677741,https://liny.zu.anjuke.com/fangyuan/4574029378018315,2室2厅|整租|简单装修|高层(共11层),已爬取
5377,龙泽国际,677741,https://liny.zu.anjuke.com/fangyuan/4633502062912513,2室2厅|整租|精装修|中层(共11层),已爬取
5378,龙泽国际,677741,https://liny.zu.anjuke.com/fangyuan/4592129462068239,3室2厅|整租|精装修|低层(共6层),已爬取
5379,东方名城,945721,https://liny.zu.anjuke.com/fangyuan/4616376738143241,3室2厅|整租|简单装修|共5层,已爬取
5380,东方名城,945721,https://liny.zu.anjuke.com/fangyuan/4600881882506246,3室2厅|整租|精装修|共5层,已爬取
5381,东方名城,945721,https://liny.zu.anjuke.com/fangyuan/4480846975149069,1室1厅|整租|精装修|共4层,已爬取
5382,东方名城,945721,https://liny.zu.anjuke.com/fangyuan/4567161211001859,2室2厅|整租|简单装修|共5层,已爬取
5383,东方名城,945721,https://liny.zu.anjuke.com/fangyuan/4626780531973125,2室2厅|整租|精装修|共5层,已爬取
5384,东方名城,945721,https://liny.zu.anjuke.com/fangyuan/4492302347918345,3室2厅|整租|精装修|共5层,已爬取
5385,东方名城,945721,https://liny.zu.anjuke.com/fangyuan/4435335841356800,2室2厅|整租|简单装修|共5层,已爬取
5386,东方名城,945721,https://liny.zu.anjuke.com/fangyuan/4598351820776463,2室2厅|整租|简单装修|中层(共6层),已爬取
5387,恒大中央广场,1023774,https://liny.zu.anjuke.com/fangyuan/4605031608394752,1室1厅|合租|精装修|中层(共32层),已爬取
5388,恒大中央广场,1023774,https://liny.zu.anjuke.com/fangyuan/4616555457358850,3室2厅|合租|精装修|低层(共30层),已爬取
5389,恒大中央广场,1023774,https://liny.zu.anjuke.com/fangyuan/4344457731353613,3室2厅|合租|精装修|中层(共20层),已爬取
5390,恒大中央广场,1023774,https://liny.zu.anjuke.com/fangyuan/4632300943991823,3室2厅|合租|精装修|中层(共30层),已爬取
5391,恒大中央广场,1023774,https://liny.zu.anjuke.com/fangyuan/4616579491816460,3室2厅|合租|精装修|低层(共26层),已爬取
5392,恒大中央广场,1023774,https://liny.zu.anjuke.com/fangyuan/4535888855489551,3室2厅|合租|精装修|低层(共30层),已爬取
5393,恒大中央广场,1023774,https://liny.zu.anjuke.com/fangyuan/4619596711814159,3室2厅|合租|精装修|低层(共32层),已爬取
5394,恒大中央广场,1023774,https://liny.zu.anjuke.com/fangyuan/4364451869336587,1室1厅|合租|精装修|低层(共32层),已爬取
5395,恒大中央广场,1023774,https://liny.zu.anjuke.com/fangyuan/4623865201499149,1室0厅|整租|精装修|中层(共30层),已爬取
5396,恒大中央广场,1023774,https://liny.zu.anjuke.com/fangyuan/4629083628301316,3室2厅|合租|精装修|低层(共31层),已爬取
5397,青啤君兰府,1658561,https://liny.zu.anjuke.com/fangyuan/4632462439635972,3室2厅|整租|简单装修|低层(共33层),已爬取
5398,青啤君兰府,1658561,https://liny.zu.anjuke.com/fangyuan/4625053657539589,4室2厅|整租|精装修|低层(共17层),已爬取
5399,青啤君兰府,1658561,https://liny.zu.anjuke.com/fangyuan/4614979552586764,3室2厅|整租|精装修|低层(共26层),已爬取
5400,青啤君兰府,1658561,https://liny.zu.anjuke.com/fangyuan/4623394211949579,3室2厅|整租|精装修|低层(共33层),已爬取
5401,青啤君兰府,1658561,https://liny.zu.anjuke.com/fangyuan/4615358188772354,3室2厅|整租|精装修|低层(共33层),已爬取
5402,青啤君兰府,1658561,https://liny.zu.anjuke.com/fangyuan/4615102516620292,3室2厅|整租|精装修|中层(共26层),已爬取
5403,青啤君兰府,1658561,https://liny.zu.anjuke.com/fangyuan/4623605131895823,3室2厅|整租|精装修|中层(共33层),已爬取
5404,青啤君兰府,1658561,https://liny.zu.anjuke.com/fangyuan/4579734300924937,3室2厅|整租|精装修|高层(共30层),已爬取
5405,幸福花城(A区),677817,https://liny.zu.anjuke.com/fangyuan/4558324112829452,3室1厅|整租|精装修|中层(共6层),已爬取
5406,幸福花城(A区),677817,https://liny.zu.anjuke.com/fangyuan/4486685600001038,3室2厅|整租|精装修|高层(共6层),已爬取
5407,幸福花城(A区),677817,https://liny.zu.anjuke.com/fangyuan/4567190078350337,3室1厅|整租|简单装修|低层(共6层),已爬取
5408,幸福花城(A区),677817,https://liny.zu.anjuke.com/fangyuan/4528690502263821,3室2厅|整租|精装修|中层(共6层),已爬取
5409,幸福花城(A区),677817,https://liny.zu.anjuke.com/fangyuan/4535740835767301,3室2厅|整租|精装修|低层(共6层),已爬取
5410,幸福花城(A区),677817,https://liny.zu.anjuke.com/fangyuan/4578503254416386,3室2厅|整租|简单装修|中层(共6层),已爬取
5411,幸福花城(A区),677817,https://liny.zu.anjuke.com/fangyuan/4616603604999179,3室2厅|整租|精装修|低层(共6层),已爬取
5412,幸福花城(A区),677817,https://liny.zu.anjuke.com/fangyuan/4601240367115267,3室2厅|整租|简单装修|高层(共6层),已爬取
5413,西城鑫苑,1069146,https://liny.zu.anjuke.com/fangyuan/4525848766229515,3室2厅|整租|精装修|中层(共6层),已爬取
5414,西城鑫苑,1069146,https://liny.zu.anjuke.com/fangyuan/4462384218827776,3室2厅|整租|精装修|中层(共6层),已爬取
5415,西城鑫苑,1069146,https://liny.zu.anjuke.com/fangyuan/4467775404616705,3室2厅|整租|精装修|高层(共6层),已爬取
5416,西城鑫苑,1069146,https://liny.zu.anjuke.com/fangyuan/4586692907047946,3室1厅|整租|精装修|中层(共6层),已爬取
5417,西城鑫苑,1069146,https://liny.zu.anjuke.com/fangyuan/4574322419440648,3室2厅|整租|精装修|中层(共6层),已爬取
5418,西城鑫苑,1069146,https://liny.zu.anjuke.com/fangyuan/4630528034515968,3室2厅|整租|简单装修|共5层,已爬取
5419,西城鑫苑,1069146,https://liny.zu.anjuke.com/fangyuan/4514531802653700,3室2厅|整租|简单装修|高层(共6层),已爬取
5420,西城鑫苑,1069146,https://liny.zu.anjuke.com/fangyuan/4585207912786948,3室2厅|整租|精装修|中层(共6层),已爬取
5421,西城鑫苑,1069146,https://liny.zu.anjuke.com/fangyuan/4629094935534598,3室2厅|整租|简单装修|高层(共6层),已爬取
5422,西城鑫苑,1069146,https://liny.zu.anjuke.com/fangyuan/4603620914224133,3室2厅|整租|简单装修|中层(共6层),已爬取
5423,龙山庄园,677709,https://liny.zu.anjuke.com/fangyuan/4603768159773697,3室2厅|整租|简单装修|低层(共6层),已爬取
5424,龙山庄园,677709,https://liny.zu.anjuke.com/fangyuan/4601151984004103,3室2厅|整租|精装修|中层(共6层),已爬取
5425,龙山庄园,677709,https://liny.zu.anjuke.com/fangyuan/3919223106085900,3室2厅|整租|简单装修|高层(共6层),已爬取
5426,龙山庄园,677709,https://liny.zu.anjuke.com/fangyuan/4613508191298575,3室2厅|整租|简单装修|低层(共6层),已爬取
5427,龙山庄园,677709,https://liny.zu.anjuke.com/fangyuan/4191057454046223,3室2厅|合租|精装修|中层(共6层),已爬取
5428,龙山庄园,677709,https://liny.zu.anjuke.com/fangyuan/4378515694001163,3室2厅|整租|简单装修|高层(共6层),已爬取
5429,龙山庄园,677709,https://liny.zu.anjuke.com/fangyuan/4626672546374657,3室2厅|整租|简单装修|中层(共6层),已爬取
5430,金苑新都,1055338,https://liny.zu.anjuke.com/fangyuan/3319862299778059,1室1厅|整租|精装修|共4层,已爬取
5431,金苑新都,1055338,https://liny.zu.anjuke.com/fangyuan/2407302349512713,1室1厅|整租|精装修|共3层,已爬取
5432,阜丰时代城悦府,1186472,https://liny.zu.anjuke.com/fangyuan/4600835273792526,3室2厅|整租|简单装修|中层(共17层),已爬取
5433,桃李花园,678167,https://liny.zu.anjuke.com/fangyuan/4599753853475852,3室2厅|整租|简单装修|中层(共6层),已爬取
5434,桃李花园,678167,https://liny.zu.anjuke.com/fangyuan/4548530801896453,3室2厅|整租|简单装修|高层(共6层),已爬取
5435,桃李花园,678167,https://liny.zu.anjuke.com/fangyuan/4604086353880076,3室2厅|整租|简单装修|中层(共6层),已爬取
5436,桃李花园,678167,https://liny.zu.anjuke.com/fangyuan/4595157582687235,3室2厅|整租|简单装修|中层(共6层),已爬取
5437,桃李花园,678167,https://liny.zu.anjuke.com/fangyuan/4539232835230730,3室2厅|整租|简单装修|共5层,已爬取
5438,城投柳青玺悦(别墅),1188339,https://liny.zu.anjuke.com/fangyuan/4613757415599108,4室2厅|整租|精装修|低层(共33层),已爬取
5439,魏三岗社区,973155,https://liny.zu.anjuke.com/fangyuan/4344619015217159,3室2厅|整租|精装修|低层(共6层),已爬取
5440,魏三岗社区,973155,https://liny.zu.anjuke.com/fangyuan/4572997660924942,3室2厅|整租|精装修|低层(共19层),已爬取
5441,魏三岗社区,973155,https://liny.zu.anjuke.com/fangyuan/4562631726947338,3室2厅|整租|精装修|低层(共26层),已爬取
5442,魏三岗社区,973155,https://liny.zu.anjuke.com/fangyuan/4531865691433999,3室2厅|整租|精装修|低层(共6层),已爬取
5443,魏三岗社区,973155,https://liny.zu.anjuke.com/fangyuan/4627915695006733,3室2厅|整租|精装修|中层(共6层),已爬取
5444,魏三岗社区,973155,https://liny.zu.anjuke.com/fangyuan/4435234715167755,3室2厅|整租|精装修|高层(共6层),已爬取
5445,魏三岗社区,973155,https://liny.zu.anjuke.com/fangyuan/4599733847335940,3室2厅|整租|精装修|低层(共6层),已爬取
5446,魏三岗社区,973155,https://liny.zu.anjuke.com/fangyuan/4570174844199950,3室2厅|整租|精装修|低层(共26层),已爬取
5447,魏三岗社区,973155,https://liny.zu.anjuke.com/fangyuan/4633422742709251,3室2厅|整租|精装修|高层(共6层),已爬取
5448,魏三岗社区,973155,https://liny.zu.anjuke.com/fangyuan/4619411364781062,3室2厅|整租|精装修|中层(共6层),已爬取
5449,桃花源小区,1187589,https://liny.zu.anjuke.com/fangyuan/4600894156399623,3室2厅|整租|精装修|共5层,已爬取
5450,桃花源小区,1187589,https://liny.zu.anjuke.com/fangyuan/4569954948703232,3室2厅|整租|简单装修|低层(共6层),已爬取
5451,桃花源小区,1187589,https://liny.zu.anjuke.com/fangyuan/4563021139502082,3室2厅|整租|简单装修|低层(共6层),已爬取
5452,桃花源小区,1187589,https://liny.zu.anjuke.com/fangyuan/4574361748057091,3室2厅|整租|精装修|共5层,已爬取
5453,桃花源小区,1187589,https://liny.zu.anjuke.com/fangyuan/4611370727988232,3室2厅|整租|精装修|低层(共6层),已爬取
5454,桃花源小区,1187589,https://liny.zu.anjuke.com/fangyuan/4562596783205384,3室2厅|整租|精装修|共5层,已爬取
5455,桃花源小区,1187589,https://liny.zu.anjuke.com/fangyuan/4600729518877697,3室2厅|整租|精装修|共5层,已爬取
5456,桃花源小区,1187589,https://liny.zu.anjuke.com/fangyuan/4568620137602059,3室2厅|整租|简单装修|共5层,已爬取
5457,桃花源小区,1187589,https://liny.zu.anjuke.com/fangyuan/4610740623895552,3室2厅|整租|简单装修|低层(共11层),已爬取
5458,儒辰玉兰公馆,1197979,https://liny.zu.anjuke.com/fangyuan/4499544268151815,3室2厅|合租|精装修|高层(共14层),已爬取
5459,儒辰玉兰公馆,1197979,https://liny.zu.anjuke.com/fangyuan/4070242289478656,3室2厅|合租|精装修|低层(共15层),已爬取
5460,儒辰玉兰公馆,1197979,https://liny.zu.anjuke.com/fangyuan/4491816688360452,3室2厅|整租|精装修|中层(共26层),已爬取
5461,儒辰玉兰公馆,1197979,https://liny.zu.anjuke.com/fangyuan/4530116100643855,3室2厅|整租|精装修|中层(共26层),已爬取
5462,儒辰玉兰公馆,1197979,https://liny.zu.anjuke.com/fangyuan/4625307125165060,3室1厅|整租|精装修|低层(共16层),已爬取
5463,儒辰玉兰公馆,1197979,https://liny.zu.anjuke.com/fangyuan/4633840752256006,3室2厅|整租|精装修|高层(共25层),已爬取
5464,儒辰玉兰公馆,1197979,https://liny.zu.anjuke.com/fangyuan/4596795444784137,3室2厅|整租|精装修|高层(共26层),已爬取
5465,儒辰玉兰公馆,1197979,https://liny.zu.anjuke.com/fangyuan/4462498372281358,3室2厅|整租|精装修|高层(共24层),已爬取
5466,儒辰玉兰公馆,1197979,https://liny.zu.anjuke.com/fangyuan/4463893158419460,3室2厅|整租|精装修|中层(共25层),已爬取
5467,儒辰玉兰公馆,1197979,https://liny.zu.anjuke.com/fangyuan/4532835435045901,1室1厅|合租|精装修|低层(共15层),已爬取
5468,墨泉世家,677937,https://liny.zu.anjuke.com/fangyuan/4586891638139918,3室2厅|整租|简单装修|共5层,已爬取
5469,墨泉世家,677937,https://liny.zu.anjuke.com/fangyuan/4545530667262984,2室2厅|整租|精装修|高层(共6层),已爬取
5470,墨泉世家,677937,https://liny.zu.anjuke.com/fangyuan/4623842848680961,2室2厅|整租|简单装修|低层(共6层),已爬取
5471,墨泉世家,677937,https://liny.zu.anjuke.com/fangyuan/4545525750983693,2室2厅|整租|精装修|高层(共6层),已爬取
5472,墨泉世家,677937,https://liny.zu.anjuke.com/fangyuan/4608339709565961,3室2厅|整租|精装修|共5层,已爬取
5473,墨泉世家,677937,https://liny.zu.anjuke.com/fangyuan/4623832827816961,3室2厅|整租|简单装修|中层(共6层),已爬取
5474,郯城花苑,973128,https://liny.zu.anjuke.com/fangyuan/4620628112860164,3室2厅|整租|简单装修|共5层,已爬取
5475,郯城花苑,973128,https://liny.zu.anjuke.com/fangyuan/4551705612053510,3室2厅|整租|简单装修|共5层,已爬取
5476,儒辰璟宸府,1372657,https://liny.zu.anjuke.com/fangyuan/4616657805892618,3室2厅|整租|精装修|高层(共18层),已爬取
5477,儒辰璟宸府,1372657,https://liny.zu.anjuke.com/fangyuan/4552709319007241,3室2厅|整租|精装修|高层(共24层),已爬取
5478,儒辰璟宸府,1372657,https://liny.zu.anjuke.com/fangyuan/4522928110574597,3室2厅|整租|简单装修|高层(共24层),已爬取
5479,儒辰璟宸府,1372657,https://liny.zu.anjuke.com/fangyuan/4616727795969030,3室2厅|整租|精装修|低层(共24层),已爬取
5480,儒辰璟宸府,1372657,https://liny.zu.anjuke.com/fangyuan/4622072367326214,3室2厅|整租|精装修|中层(共26层),已爬取
5481,儒辰璟宸府,1372657,https://liny.zu.anjuke.com/fangyuan/4616691178347531,3室2厅|整租|精装修|高层(共25层),已爬取
5482,儒辰璟宸府,1372657,https://liny.zu.anjuke.com/fangyuan/4622384149638150,3室2厅|整租|豪华装修|高层(共24层),已爬取
5483,儒辰璟宸府,1372657,https://liny.zu.anjuke.com/fangyuan/4626396710233100,3室2厅|整租|精装修|低层(共24层),已爬取
5484,儒辰璟宸府,1372657,https://liny.zu.anjuke.com/fangyuan/4528522743520268,3室2厅|整租|精装修|低层(共30层),已爬取
5485,儒辰璟宸府,1372657,https://liny.zu.anjuke.com/fangyuan/4395597752738830,3室2厅|整租|精装修|高层(共18层),已爬取
5486,金升社区A区(西区),973067,https://liny.zu.anjuke.com/fangyuan/4064435921841152,3室2厅|整租|精装修|高层(共6层),已爬取
5487,金升社区A区(西区),973067,https://liny.zu.anjuke.com/fangyuan/4621195896036358,3室2厅|整租|精装修|中层(共6层),已爬取
5488,金升社区A区(西区),973067,https://liny.zu.anjuke.com/fangyuan/4626690201986061,3室2厅|整租|精装修|中层(共6层),已爬取
5489,金升社区A区(西区),973067,https://liny.zu.anjuke.com/fangyuan/4587289529949195,3室2厅|整租|精装修|中层(共6层),已爬取
5490,金升社区A区(西区),973067,https://liny.zu.anjuke.com/fangyuan/4476273158235147,3室2厅|整租|精装修|低层(共6层),已爬取
5491,金升社区A区(西区),973067,https://liny.zu.anjuke.com/fangyuan/4592866115099652,3室2厅|整租|精装修|高层(共6层),已爬取
5492,金升社区A区(西区),973067,https://liny.zu.anjuke.com/fangyuan/4621098480081926,3室2厅|整租|简单装修|中层(共6层),已爬取
5493,阳光上城,677970,https://liny.zu.anjuke.com/fangyuan/4630923671395338,3室2厅|整租|精装修|共5层,已爬取
5494,阳光上城,677970,https://liny.zu.anjuke.com/fangyuan/4630918171173892,3室2厅|整租|简单装修|中层(共6层),已爬取
5495,阳光上城,677970,https://liny.zu.anjuke.com/fangyuan/4631877683373057,3室2厅|整租|精装修|共5层,已爬取
5496,银杏花园,677531,https://liny.zu.anjuke.com/fangyuan/4546227064396801,2室1厅|整租|简单装修|高层(共17层),已爬取
5497,银杏花园,677531,https://liny.zu.anjuke.com/fangyuan/3114297515975688,4室0厅|合租|简单装修|中层(共17层),已爬取
5498,银杏花园,677531,https://liny.zu.anjuke.com/fangyuan/4602474645171207,3室1厅|整租|简单装修|中层(共6层),已爬取
5499,银杏花园,677531,https://liny.zu.anjuke.com/fangyuan/4593675892403207,3室2厅|整租|豪华装修|高层(共17层),已爬取
5500,银杏花园,677531,https://liny.zu.anjuke.com/fangyuan/4592289025907725,3室2厅|整租|精装修|低层(共17层),已爬取
5501,银杏花园,677531,https://liny.zu.anjuke.com/fangyuan/4596872372265984,2室1厅|整租|精装修|中层(共17层),已爬取
5502,银杏花园,677531,https://liny.zu.anjuke.com/fangyuan/3118847754183686,4室0厅|合租|简单装修|中层(共17层),已爬取
5503,银杏花园,677531,https://liny.zu.anjuke.com/fangyuan/4579876489124874,2室2厅|整租|简单装修|高层(共17层),已爬取
5504,银杏花园,677531,https://liny.zu.anjuke.com/fangyuan/3132711735125005,4室0厅|合租|简单装修|中层(共17层),已爬取
5505,宝德花园,1005755,https://liny.zu.anjuke.com/fangyuan/4590988162165764,3室2厅|整租|简单装修|低层(共6层),已爬取
5506,宝德花园,1005755,https://liny.zu.anjuke.com/fangyuan/4252960711876614,3室2厅|整租|精装修|中层(共6层),已爬取
5507,宝德花园,1005755,https://liny.zu.anjuke.com/fangyuan/4540312522124301,3室2厅|整租|简单装修|低层(共6层),已爬取
5508,乾沂庄社区,1073318,https://liny.zu.anjuke.com/fangyuan/4528667262065668,3室2厅|整租|简单装修|高层(共6层),已爬取
5509,乾沂庄社区,1073318,https://liny.zu.anjuke.com/fangyuan/4595236099515397,3室2厅|整租|精装修|中层(共6层),已爬取
5510,乾沂庄社区,1073318,https://liny.zu.anjuke.com/fangyuan/4476344893989899,3室1厅|整租|简单装修|高层(共6层),已爬取
5511,乾沂庄社区,1073318,https://liny.zu.anjuke.com/fangyuan/4533324891300870,3室2厅|整租|精装修|中层(共6层),已爬取
5512,乾沂庄社区,1073318,https://liny.zu.anjuke.com/fangyuan/4587505854258189,2室2厅|整租|精装修|低层(共6层),已爬取
5513,乾沂庄社区,1073318,https://liny.zu.anjuke.com/fangyuan/4527944377605128,3室2厅|整租|精装修|中层(共6层),已爬取
5514,乾沂庄社区,1073318,https://liny.zu.anjuke.com/fangyuan/4615387205739533,3室2厅|整租|简单装修|低层(共6层),已爬取
5515,乾沂庄社区,1073318,https://liny.zu.anjuke.com/fangyuan/4605859238325261,3室2厅|整租|精装修|中层(共6层),已爬取
5516,乾沂庄社区,1073318,https://liny.zu.anjuke.com/fangyuan/4621425793688586,3室2厅|整租|简单装修|高层(共6层),已爬取
5517,乾沂庄社区,1073318,https://liny.zu.anjuke.com/fangyuan/4399212490042370,1室1厅|整租|豪华装修|中层(共6层),已爬取
5518,佳和花园,677086,https://liny.zu.anjuke.com/fangyuan/4622611684830221,5室2厅|整租|精装修|共3层,已爬取
5519,佳和花园,677086,https://liny.zu.anjuke.com/fangyuan/4527500178056202,5室2厅|整租|精装修|共3层,已爬取
5520,佳和花园,677086,https://liny.zu.anjuke.com/fangyuan/4588378946839559,5室2厅|整租|简单装修|共3层,已爬取
5521,佳和花园,677086,https://liny.zu.anjuke.com/fangyuan/4513040104956929,5室3厅|整租|精装修|共3层,已爬取
5522,佳和花园,677086,https://liny.zu.anjuke.com/fangyuan/4483283267675146,5室3厅|整租|豪华装修|共3层,已爬取
5523,佳和花园,677086,https://liny.zu.anjuke.com/fangyuan/4513509913222146,5室3厅|整租|精装修|共3层,已爬取
5524,佳和花园,677086,https://liny.zu.anjuke.com/fangyuan/4550268162321414,5室3厅|整租|精装修|共3层,已爬取
5525,佳和花园,677086,https://liny.zu.anjuke.com/fangyuan/4172167158898693,5室3厅|整租|精装修|共3层,已爬取
5526,佳和花园,677086,https://liny.zu.anjuke.com/fangyuan/4616522095062022,4室2厅|整租|精装修|共1层,已爬取
5527,佳和花园,677086,https://liny.zu.anjuke.com/fangyuan/4532897985211399,5室3厅|整租|精装修|共3层,已爬取
5528,群星家园,972723,https://liny.zu.anjuke.com/fangyuan/4601092594215945,3室2厅|整租|简单装修|共5层,已爬取
5529,群星家园,972723,https://liny.zu.anjuke.com/fangyuan/4613789657439232,3室2厅|整租|简单装修|中层(共6层),已爬取
5530,翔龙第一国际,676691,https://liny.zu.anjuke.com/fangyuan/4537452793226251,3室1厅|整租|精装修|低层(共18层),已爬取
5531,翔龙第一国际,676691,https://liny.zu.anjuke.com/fangyuan/3762845793807360,2室2厅|整租|精装修|高层(共17层),已爬取
5532,翔龙第一国际,676691,https://liny.zu.anjuke.com/fangyuan/2759477906697218,1室1厅|整租|精装修|高层(共18层),已爬取
5533,翔龙第一国际,676691,https://liny.zu.anjuke.com/fangyuan/4632404333421568,3室2厅|整租|精装修|中层(共17层),已爬取
5534,翔龙第一国际,676691,https://liny.zu.anjuke.com/fangyuan/4617962681312265,3室2厅|整租|精装修|中层(共16层),已爬取
5535,翔龙第一国际,676691,https://liny.zu.anjuke.com/fangyuan/4467764366793735,1室1厅|整租|精装修|中层(共27层),已爬取
5536,翔龙第一国际,676691,https://liny.zu.anjuke.com/fangyuan/4227475858759691,2室2厅|整租|精装修|高层(共17层),已爬取
5537,莱茵国际,677805,https://liny.zu.anjuke.com/fangyuan/4565758761704459,3室2厅|整租|精装修|高层(共8层),已爬取
5538,莱茵国际,677805,https://liny.zu.anjuke.com/fangyuan/4632471731657741,2室2厅|整租|精装修|低层(共8层),已爬取
5539,莱茵国际,677805,https://liny.zu.anjuke.com/fangyuan/4630654260341764,2室2厅|整租|精装修|高层(共7层),已爬取
5540,莱茵国际,677805,https://liny.zu.anjuke.com/fangyuan/4623492408189962,3室2厅|整租|精装修|高层(共8层),已爬取
5541,莱茵国际,677805,https://liny.zu.anjuke.com/fangyuan/4585609069358083,4室2厅|整租|精装修|高层(共7层),已爬取
5542,莱茵国际,677805,https://liny.zu.anjuke.com/fangyuan/4595168520842245,4室2厅|整租|精装修|高层(共7层),已爬取
5543,莱茵国际,677805,https://liny.zu.anjuke.com/fangyuan/4003611983391746,3室2厅|合租|精装修|中层(共16层),已爬取
5544,恒弘城,972924,https://liny.zu.anjuke.com/fangyuan/4568593910049792,3室2厅|整租|精装修|中层(共18层),已爬取
5545,恒弘城,972924,https://liny.zu.anjuke.com/fangyuan/4615246521506822,2室2厅|整租|精装修|高层(共11层),已爬取
5546,恒弘城,972924,https://liny.zu.anjuke.com/fangyuan/4621037003496451,3室2厅|整租|简单装修|低层(共17层),已爬取
5547,恒弘城,972924,https://liny.zu.anjuke.com/fangyuan/4581263314246671,3室2厅|整租|精装修|中层(共17层),已爬取
5548,恒弘城,972924,https://liny.zu.anjuke.com/fangyuan/3992823115866119,3室2厅|整租|精装修|中层(共17层),已爬取
5549,恒弘城,972924,https://liny.zu.anjuke.com/fangyuan/4567541919915022,3室2厅|整租|精装修|高层(共10层),已爬取
5550,恒弘城,972924,https://liny.zu.anjuke.com/fangyuan/4548232941558798,2室2厅|整租|精装修|中层(共20层),已爬取
5551,恒弘城,972924,https://liny.zu.anjuke.com/fangyuan/4622530950228993,3室2厅|整租|精装修|中层(共17层),已爬取
5552,恒弘城,972924,https://liny.zu.anjuke.com/fangyuan/4472098012472333,2室2厅|整租|精装修|中层(共18层),已爬取
5553,恒弘城,972924,https://liny.zu.anjuke.com/fangyuan/4538987554808837,3室2厅|整租|精装修|低层(共17层),已爬取
5554,怡景园(平邑),973225,https://liny.zu.anjuke.com/fangyuan/4600808731732993,3室2厅|整租|精装修|高层(共18层),已爬取
5555,怡景园(平邑),973225,https://liny.zu.anjuke.com/fangyuan/4529821329775627,3室2厅|整租|精装修|高层(共18层),已爬取
5556,怡景园(平邑),973225,https://liny.zu.anjuke.com/fangyuan/4626274826066958,3室2厅|整租|精装修|高层(共18层),已爬取
5557,怡景园(平邑),973225,https://liny.zu.anjuke.com/fangyuan/4610648560378889,3室2厅|整租|精装修|高层(共17层),已爬取
5558,怡景园(平邑),973225,https://liny.zu.anjuke.com/fangyuan/4530649969060866,3室2厅|整租|精装修|高层(共18层),已爬取
5559,怡景园(平邑),973225,https://liny.zu.anjuke.com/fangyuan/4606457061452808,3室2厅|整租|精装修|高层(共11层),已爬取
5560,怡景园(平邑),973225,https://liny.zu.anjuke.com/fangyuan/4624140220032006,3室2厅|整租|精装修|高层(共11层),已爬取
5561,怡景园(平邑),973225,https://liny.zu.anjuke.com/fangyuan/4446514676145153,3室2厅|整租|精装修|高层(共11层),已爬取
5562,怡景园(平邑),973225,https://liny.zu.anjuke.com/fangyuan/4611393863523341,3室2厅|整租|精装修|高层(共11层),已爬取
5563,东墩花园,714048,https://liny.zu.anjuke.com/fangyuan/4545958351510540,3室2厅|整租|简单装修|中层(共6层),已爬取
5564,东墩花园,714048,https://liny.zu.anjuke.com/fangyuan/4590825644387334,3室2厅|整租|简单装修|共5层,已爬取
5565,东墩花园,714048,https://liny.zu.anjuke.com/fangyuan/4633407735061504,1室1厅|整租|精装修|低层(共6层),已爬取
5566,东墩花园,714048,https://liny.zu.anjuke.com/fangyuan/4615721341000717,3室2厅|整租|精装修|中层(共6层),已爬取
5567,东墩花园,714048,https://liny.zu.anjuke.com/fangyuan/4612368879545345,3室2厅|整租|简单装修|共5层,已爬取
5568,陶然雅苑,1410690,https://liny.zu.anjuke.com/fangyuan/4592307548249103,3室2厅|合租|精装修|高层(共6层),已爬取
5569,陶然雅苑,1410690,https://liny.zu.anjuke.com/fangyuan/4620883721509902,1室1厅|合租|精装修|高层(共6层),已爬取
5570,陶然雅苑,1410690,https://liny.zu.anjuke.com/fangyuan/4606325370743811,1室1厅|合租|精装修|中层(共11层),已爬取
5571,陶然雅苑,1410690,https://liny.zu.anjuke.com/fangyuan/4628986548739074,1室1厅|合租|精装修|低层(共7层),已爬取
5572,陶然雅苑,1410690,https://liny.zu.anjuke.com/fangyuan/4632567792393230,1室0厅|合租|精装修|低层(共20层),已爬取
5573,陶然雅苑,1410690,https://liny.zu.anjuke.com/fangyuan/4603689840335884,3室2厅|合租|精装修|低层(共16层),已爬取
5574,陶然雅苑,1410690,https://liny.zu.anjuke.com/fangyuan/4595414053739532,3室2厅|整租|精装修|高层(共11层),已爬取
5575,陶然雅苑,1410690,https://liny.zu.anjuke.com/fangyuan/4595083434437640,3室2厅|合租|精装修|低层(共16层),已爬取
5576,陶然雅苑,1410690,https://liny.zu.anjuke.com/fangyuan/4624828375346186,1室1厅|合租|精装修|低层(共15层),已爬取
5577,陶然雅苑,1410690,https://liny.zu.anjuke.com/fangyuan/4630793951009795,1室1厅|合租|精装修|中层(共20层),已爬取
5578,阳光尚府,1063207,https://liny.zu.anjuke.com/fangyuan/4538906065267726,3室2厅|整租|精装修|中层(共17层),已爬取
5579,阳光尚府,1063207,https://liny.zu.anjuke.com/fangyuan/4568365008673795,3室2厅|整租|精装修|中层(共26层),已爬取
5580,阳光尚府,1063207,https://liny.zu.anjuke.com/fangyuan/4604002772886538,3室2厅|整租|精装修|高层(共26层),已爬取
5581,阳光尚府,1063207,https://liny.zu.anjuke.com/fangyuan/4629200086606848,3室2厅|整租|简单装修|高层(共26层),已爬取
5582,阳光尚府,1063207,https://liny.zu.anjuke.com/fangyuan/4594342652288003,3室2厅|整租|精装修|中层(共26层),已爬取
5583,明坡社区,1062350,https://liny.zu.anjuke.com/fangyuan/4554376311331844,3室2厅|整租|精装修|高层(共7层),已爬取
5584,明坡社区,1062350,https://liny.zu.anjuke.com/fangyuan/4619657933544451,2室2厅|整租|简单装修|高层(共7层),已爬取
5585,明坡社区,1062350,https://liny.zu.anjuke.com/fangyuan/4523070319520769,3室2厅|整租|精装修|高层(共7层),已爬取
5586,明坡社区,1062350,https://liny.zu.anjuke.com/fangyuan/4606632391793664,3室2厅|整租|精装修|低层(共17层),已爬取
5587,明坡社区,1062350,https://liny.zu.anjuke.com/fangyuan/4617764236831749,3室2厅|整租|精装修|低层(共17层),已爬取
5588,明坡社区,1062350,https://liny.zu.anjuke.com/fangyuan/4606833981959169,3室2厅|整租|简单装修|高层(共7层),已爬取
5589,明坡社区,1062350,https://liny.zu.anjuke.com/fangyuan/4601998267051020,3室2厅|整租|精装修|中层(共7层),已爬取
5590,明坡社区,1062350,https://liny.zu.anjuke.com/fangyuan/4543575907970058,3室2厅|合租|简单装修|低层(共6层),已爬取
5591,明坡社区,1062350,https://liny.zu.anjuke.com/fangyuan/4609425938471937,3室2厅|合租|精装修|低层(共6层),已爬取
5592,明坡社区,1062350,https://liny.zu.anjuke.com/fangyuan/4619263591900162,2室2厅|整租|精装修|中层(共7层),已爬取
5593,利民小区(郯城),677941,https://liny.zu.anjuke.com/fangyuan/4619426628314113,2室2厅|整租|简单装修|共5层,已爬取
5594,利民小区(郯城),677941,https://liny.zu.anjuke.com/fangyuan/4615156197436424,2室2厅|整租|精装修|高层(共6层),已爬取
5595,利民小区(郯城),677941,https://liny.zu.anjuke.com/fangyuan/4618518229642252,2室2厅|整租|简单装修|高层(共6层),已爬取
5596,明苑花园,972709,https://liny.zu.anjuke.com/fangyuan/4513477449475083,3室2厅|整租|精装修|共5层,已爬取
5597,北园花苑,676662,https://liny.zu.anjuke.com/fangyuan/4629230730632202,3室1厅|合租|精装修|低层(共15层),已爬取
5598,北园花苑,676662,https://liny.zu.anjuke.com/fangyuan/4622228305456128,3室2厅|合租|简单装修|低层(共30层),已爬取
5599,北园花苑,676662,https://liny.zu.anjuke.com/fangyuan/4575261963101194,3室2厅|合租|精装修|低层(共6层),已爬取
5600,北园花苑,676662,https://liny.zu.anjuke.com/fangyuan/4624786780136453,4室1厅|合租|精装修|中层(共6层),已爬取
5601,北园花苑,676662,https://liny.zu.anjuke.com/fangyuan/4595915627801607,3室1厅|合租|精装修|低层(共18层),已爬取
5602,北园花苑,676662,https://liny.zu.anjuke.com/fangyuan/4258734660201474,3室2厅|整租|精装修|共5层,已爬取
5603,名仕雅苑,678344,https://liny.zu.anjuke.com/fangyuan/4603744727395343,2室1厅|整租|简单装修|高层(共11层),已爬取
5604,名仕雅苑,678344,https://liny.zu.anjuke.com/fangyuan/4615393665129474,2室2厅|整租|精装修|中层(共11层),已爬取
5605,名仕雅苑,678344,https://liny.zu.anjuke.com/fangyuan/4622071204322310,2室2厅|整租|简单装修|中层(共11层),已爬取
5606,名仕雅苑,678344,https://liny.zu.anjuke.com/fangyuan/4632314225400841,2室2厅|整租|精装修|中层(共11层),已爬取
5607,名仕雅苑,678344,https://liny.zu.anjuke.com/fangyuan/4479726485105664,2室2厅|整租|简单装修|低层(共16层),已爬取
5608,名仕雅苑,678344,https://liny.zu.anjuke.com/fangyuan/4632268698889231,2室2厅|整租|精装修|中层(共11层),已爬取
5609,名仕雅苑,678344,https://liny.zu.anjuke.com/fangyuan/4624951337378827,2室2厅|整租|简单装修|中层(共11层),已爬取
5610,金鼎国际(兰陵),972964,https://liny.zu.anjuke.com/fangyuan/4610820330138626,3室2厅|整租|简单装修|高层(共28层),已爬取
5611,金鼎国际(兰陵),972964,https://liny.zu.anjuke.com/fangyuan/4567283920493574,3室2厅|整租|精装修|高层(共33层),已爬取
5612,金鼎国际(兰陵),972964,https://liny.zu.anjuke.com/fangyuan/4581011876699149,3室2厅|整租|精装修|低层(共33层),已爬取
5613,金鼎国际(兰陵),972964,https://liny.zu.anjuke.com/fangyuan/4610818225466379,3室2厅|整租|精装修|中层(共33层),已爬取
5614,金鼎国际(兰陵),972964,https://liny.zu.anjuke.com/fangyuan/4582504526375941,3室2厅|整租|精装修|高层(共33层),已爬取
5615,金鼎国际(兰陵),972964,https://liny.zu.anjuke.com/fangyuan/4603874221005837,3室2厅|整租|精装修|中层(共33层),已爬取
5616,金鼎国际(兰陵),972964,https://liny.zu.anjuke.com/fangyuan/4524486786591755,3室2厅|整租|精装修|高层(共33层),已爬取
5617,金鼎国际(兰陵),972964,https://liny.zu.anjuke.com/fangyuan/4527262687273996,3室2厅|整租|精装修|低层(共33层),已爬取
5618,金鼎国际(兰陵),972964,https://liny.zu.anjuke.com/fangyuan/4486371678725124,3室2厅|整租|精装修|高层(共26层),已爬取
5619,金鼎国际(兰陵),972964,https://liny.zu.anjuke.com/fangyuan/4585686708970508,2室2厅|整租|精装修|中层(共27层),已爬取
5620,汇铭华府,677605,https://liny.zu.anjuke.com/fangyuan/4581180020370434,1室1厅|整租|精装修|高层(共17层),已爬取
5621,汇铭华府,677605,https://liny.zu.anjuke.com/fangyuan/4506355413244939,1室1厅|整租|精装修|高层(共17层),已爬取
5622,汇铭华府,677605,https://liny.zu.anjuke.com/fangyuan/4601139758111753,2室2厅|整租|精装修|中层(共17层),已爬取
5623,汇铭华府,677605,https://liny.zu.anjuke.com/fangyuan/4548394559040515,1室1厅|整租|简单装修|高层(共17层),已爬取
5624,汇铭华府,677605,https://liny.zu.anjuke.com/fangyuan/4583950380704770,1室1厅|整租|简单装修|高层(共17层),已爬取
5625,汇铭华府,677605,https://liny.zu.anjuke.com/fangyuan/4600115187538953,2室1厅|整租|精装修|中层(共17层),已爬取
5626,美华润景,677625,https://liny.zu.anjuke.com/fangyuan/4610604128658439,1室1厅|整租|简单装修|低层(共19层),已爬取
5627,美华润景,677625,https://liny.zu.anjuke.com/fangyuan/4633537414700034,1室1厅|整租|精装修|中层(共17层),已爬取
5628,美华润景,677625,https://liny.zu.anjuke.com/fangyuan/4548735518174210,3室2厅|整租|简单装修|低层(共17层),已爬取
5629,美华润景,677625,https://liny.zu.anjuke.com/fangyuan/4602285467986954,1室1厅|整租|精装修|中层(共17层),已爬取
5630,美华润景,677625,https://liny.zu.anjuke.com/fangyuan/4591130288546827,1室1厅|整租|简单装修|高层(共17层),已爬取
5631,美华润景,677625,https://liny.zu.anjuke.com/fangyuan/4602280979489803,1室1厅|整租|精装修|低层(共17层),已爬取
5632,美华润景,677625,https://liny.zu.anjuke.com/fangyuan/4548360128422920,3室2厅|整租|精装修|低层(共17层),已爬取
5633,银座中心,1008630,https://liny.zu.anjuke.com/fangyuan/4478120880528394,2室1厅|整租|精装修|中层(共29层),已爬取
5634,银座中心,1008630,https://liny.zu.anjuke.com/fangyuan/4540781461199880,1室1厅|整租|精装修|中层(共26层),已爬取
5635,银座中心,1008630,https://liny.zu.anjuke.com/fangyuan/4631226837670923,3室2厅|合租|精装修|中层(共28层),已爬取
5636,银座中心,1008630,https://liny.zu.anjuke.com/fangyuan/4632662698023937,3室2厅|合租|精装修|低层(共23层),已爬取
5637,银座中心,1008630,https://liny.zu.anjuke.com/fangyuan/4463558336619526,1室1厅|整租|精装修|中层(共27层),已爬取
5638,银座中心,1008630,https://liny.zu.anjuke.com/fangyuan/4578193261292547,2室1厅|整租|精装修|高层(共30层),已爬取
5639,银座中心,1008630,https://liny.zu.anjuke.com/fangyuan/4574110600850444,1室1厅|整租|精装修|中层(共27层),已爬取
5640,银座中心,1008630,https://liny.zu.anjuke.com/fangyuan/4510521892758534,1室1厅|整租|精装修|高层(共29层),已爬取
5641,银座中心,1008630,https://liny.zu.anjuke.com/fangyuan/4135098132503567,2室1厅|整租|精装修|高层(共27层),已爬取
5642,银座中心,1008630,https://liny.zu.anjuke.com/fangyuan/4612758310693903,2室2厅|整租|精装修|高层(共29层),已爬取
5643,明珠新城,678163,https://liny.zu.anjuke.com/fangyuan/4087361625120781,3室2厅|整租|精装修|中层(共16层),已爬取
5644,明珠新城,678163,https://liny.zu.anjuke.com/fangyuan/4528947481584653,3室2厅|整租|精装修|高层(共21层),已爬取
5645,明珠新城,678163,https://liny.zu.anjuke.com/fangyuan/4539227376149514,4室2厅|整租|简单装修|低层(共17层),已爬取
5646,明珠新城,678163,https://liny.zu.anjuke.com/fangyuan/4601073725905925,3室2厅|整租|简单装修|低层(共13层),已爬取
5647,明珠新城,678163,https://liny.zu.anjuke.com/fangyuan/4511643021106181,2室1厅|整租|简单装修|高层(共19层),已爬取
5648,明珠新城,678163,https://liny.zu.anjuke.com/fangyuan/4569608412490752,3室2厅|整租|简单装修|低层(共18层),已爬取
5649,明珠新城,678163,https://liny.zu.anjuke.com/fangyuan/4616950191008772,3室2厅|整租|简单装修|中层(共18层),已爬取
5650,明珠新城,678163,https://liny.zu.anjuke.com/fangyuan/4510499387567109,3室2厅|整租|简单装修|低层(共18层),已爬取
5651,明珠新城,678163,https://liny.zu.anjuke.com/fangyuan/4603978044267521,3室2厅|整租|简单装修|低层(共13层),已爬取
5652,明珠新城,678163,https://liny.zu.anjuke.com/fangyuan/4308129336433671,3室2厅|整租|精装修|中层(共17层),已爬取
5653,莲花园小区,678034,https://liny.zu.anjuke.com/fangyuan/4481917210549250,3室1厅|整租|简单装修|共5层,已爬取
5654,浚东社区,993481,https://liny.zu.anjuke.com/fangyuan/4543140597623813,3室2厅|整租|精装修|共5层,已爬取
5655,浚东社区,993481,https://liny.zu.anjuke.com/fangyuan/4624851889449993,3室2厅|整租|简单装修|共5层,已爬取
5656,浚东社区,993481,https://liny.zu.anjuke.com/fangyuan/4629390062560256,3室2厅|整租|简单装修|共5层,已爬取
5657,浚东社区,993481,https://liny.zu.anjuke.com/fangyuan/4632101311339527,3室2厅|整租|精装修|中层(共11层),已爬取
5658,浚东社区,993481,https://liny.zu.anjuke.com/fangyuan/4627663669210120,3室2厅|整租|简单装修|共5层,已爬取
5659,浚东社区,993481,https://liny.zu.anjuke.com/fangyuan/4614145514904590,3室2厅|整租|豪华装修|高层(共11层),已爬取
5660,浚东社区,993481,https://liny.zu.anjuke.com/fangyuan/3985651579710466,3室2厅|整租|精装修|高层(共6层),已爬取
5661,浚东社区,993481,https://liny.zu.anjuke.com/fangyuan/4572557552475141,3室2厅|整租|简单装修|中层(共11层),已爬取
5662,浚东社区,993481,https://liny.zu.anjuke.com/fangyuan/4580980070802436,3室2厅|整租|简单装修|低层(共17层),已爬取
5663,浚东社区,993481,https://liny.zu.anjuke.com/fangyuan/4622676844438533,3室2厅|整租|精装修|共5层,已爬取
5664,宝德雅悦东方,1678661,https://liny.zu.anjuke.com/fangyuan/4569006951816207,3室2厅|整租|简单装修|中层(共17层),已爬取
5665,泰鼎花园,676660,https://liny.zu.anjuke.com/fangyuan/4589438074938368,2室2厅|合租|精装修|低层(共6层),已爬取
5666,泰鼎花园,676660,https://liny.zu.anjuke.com/fangyuan/3455902537097223,3室2厅|整租|精装修|高层(共6层),已爬取
5667,泰鼎花园,676660,https://liny.zu.anjuke.com/fangyuan/4545641908347919,3室2厅|整租|简单装修|中层(共6层),已爬取
5668,泰鼎花园,676660,https://liny.zu.anjuke.com/fangyuan/4623978685438985,3室2厅|整租|简单装修|高层(共6层),已爬取
5669,泰鼎花园,676660,https://liny.zu.anjuke.com/fangyuan/3979321716235277,3室2厅|整租|精装修|共3层,已爬取
5670,开元上郡,1181325,https://liny.zu.anjuke.com/fangyuan/4626440785880068,4室2厅|整租|精装修|高层(共11层),已爬取
5671,开元上郡,1181325,https://liny.zu.anjuke.com/fangyuan/4632301784620044,3室2厅|整租|精装修|高层(共11层),已爬取
5672,开元上郡,1181325,https://liny.zu.anjuke.com/fangyuan/4504488092412929,3室2厅|整租|精装修|中层(共17层),已爬取
5673,开元上郡,1181325,https://liny.zu.anjuke.com/fangyuan/3312626934916104,3室2厅|整租|精装修|中层(共17层),已爬取
5674,开元上郡,1181325,https://liny.zu.anjuke.com/fangyuan/4606654408369155,4室2厅|整租|简单装修|高层(共8层),已爬取
5675,开元上郡,1181325,https://liny.zu.anjuke.com/fangyuan/4518836220402688,3室2厅|整租|精装修|中层(共11层),已爬取
5676,开元上郡,1181325,https://liny.zu.anjuke.com/fangyuan/4594021953367055,3室2厅|整租|精装修|中层(共17层),已爬取
5677,开元上郡,1181325,https://liny.zu.anjuke.com/fangyuan/4558766064985092,3室2厅|整租|精装修|高层(共8层),已爬取
5678,开元上郡,1181325,https://liny.zu.anjuke.com/fangyuan/4348580842761228,3室2厅|整租|简单装修|低层(共7层),已爬取
5679,开元上郡,1181325,https://liny.zu.anjuke.com/fangyuan/4623659848049676,3室2厅|整租|精装修|高层(共11层),已爬取
5680,阳光锦绣苑,677690,https://liny.zu.anjuke.com/fangyuan/4632303973229572,3室2厅|整租|精装修|中层(共6层),已爬取
5681,阳光锦绣苑,677690,https://liny.zu.anjuke.com/fangyuan/4632017305644036,3室2厅|整租|精装修|共5层,已爬取
5682,阳光锦绣苑,677690,https://liny.zu.anjuke.com/fangyuan/4495029805474816,3室2厅|整租|简单装修|共5层,已爬取
5683,阳光锦绣苑,677690,https://liny.zu.anjuke.com/fangyuan/4378751715007499,2室2厅|整租|简单装修|共5层,已爬取
5684,阳光锦绣苑,677690,https://liny.zu.anjuke.com/fangyuan/4631217807879177,3室2厅|整租|精装修|中层(共6层),已爬取
5685,阳光锦绣苑,677690,https://liny.zu.anjuke.com/fangyuan/4632302324147206,3室2厅|整租|精装修|中层(共6层),已爬取
5686,慧谷小镇,1158431,https://liny.zu.anjuke.com/fangyuan/4557254820273166,3室2厅|整租|精装修|共5层,已爬取
5687,城建涑堤春晓(别墅),677084,https://liny.zu.anjuke.com/fangyuan/4575257394129927,5室3厅|整租|豪华装修|共3层,已爬取
5688,城建涑堤春晓(别墅),677084,https://liny.zu.anjuke.com/fangyuan/4174075716886533,5室3厅|整租|豪华装修|共3层,已爬取
5689,阳光丽景(沂水),973206,https://liny.zu.anjuke.com/fangyuan/4568913359563787,2室2厅|整租|精装修|中层(共11层),已爬取
5690,阳光丽景(沂水),973206,https://liny.zu.anjuke.com/fangyuan/4554528648866829,3室2厅|整租|精装修|中层(共16层),已爬取
5691,明德花苑,1029249,https://liny.zu.anjuke.com/fangyuan/4599787033340942,3室2厅|整租|简单装修|中层(共14层),已爬取
5692,明德花苑,1029249,https://liny.zu.anjuke.com/fangyuan/4623569544045573,3室2厅|整租|精装修|低层(共15层),已爬取
5693,明德花苑,1029249,https://liny.zu.anjuke.com/fangyuan/4572691370107905,3室2厅|整租|精装修|高层(共15层),已爬取
5694,明德花苑,1029249,https://liny.zu.anjuke.com/fangyuan/4572932694584328,3室2厅|整租|简单装修|高层(共14层),已爬取
5695,明德花苑,1029249,https://liny.zu.anjuke.com/fangyuan/4572912532661251,3室2厅|整租|简单装修|高层(共15层),已爬取
5696,明德花苑,1029249,https://liny.zu.anjuke.com/fangyuan/4623549232751630,3室2厅|整租|简单装修|低层(共15层),已爬取
5697,明德花苑,1029249,https://liny.zu.anjuke.com/fangyuan/4565749364696067,3室2厅|整租|精装修|中层(共11层),已爬取
5698,明德花苑,1029249,https://liny.zu.anjuke.com/fangyuan/4626665802228746,3室2厅|整租|精装修|高层(共14层),已爬取
5699,明德花苑,1029249,https://liny.zu.anjuke.com/fangyuan/4568420090031111,3室2厅|整租|简单装修|中层(共15层),已爬取
5700,明德花苑,1029249,https://liny.zu.anjuke.com/fangyuan/4629469040253954,3室2厅|整租|精装修|高层(共14层),已爬取
5701,一品御墅,973210,https://liny.zu.anjuke.com/fangyuan/4631119533091848,3室2厅|整租|简单装修|高层(共6层),已爬取
5702,明悦郡,1393748,https://liny.zu.anjuke.com/fangyuan/4626464507554831,3室2厅|整租|简单装修|高层(共6层),已爬取
5703,明悦郡,1393748,https://liny.zu.anjuke.com/fangyuan/4627636557751300,4室2厅|整租|精装修|中层(共7层),已爬取
5704,河湾社区,993480,https://liny.zu.anjuke.com/fangyuan/4582917149305869,3室2厅|整租|简单装修|共5层,已爬取
5705,河湾社区,993480,https://liny.zu.anjuke.com/fangyuan/4594260906224648,3室2厅|整租|精装修|共5层,已爬取
5706,河湾社区,993480,https://liny.zu.anjuke.com/fangyuan/4624011338001410,3室2厅|整租|简单装修|共5层,已爬取
5707,杏坛书香,1008634,https://liny.zu.anjuke.com/fangyuan/4621967991561223,3室2厅|整租|精装修|低层(共18层),已爬取
5708,杏坛书香,1008634,https://liny.zu.anjuke.com/fangyuan/4619141955165193,3室2厅|整租|精装修|低层(共18层),已爬取
5709,杏坛书香,1008634,https://liny.zu.anjuke.com/fangyuan/4492021082270732,3室2厅|整租|精装修|低层(共9层),已爬取
5710,杏坛书香,1008634,https://liny.zu.anjuke.com/fangyuan/4490589139266563,3室2厅|整租|精装修|高层(共17层),已爬取
5711,杏坛书香,1008634,https://liny.zu.anjuke.com/fangyuan/4619196653577228,3室2厅|整租|简单装修|低层(共17层),已爬取
5712,滨水雅园,678042,https://liny.zu.anjuke.com/fangyuan/4515886215130124,3室2厅|整租|简单装修|低层(共17层),已爬取
5713,滨水雅园,678042,https://liny.zu.anjuke.com/fangyuan/4581287310924805,3室2厅|整租|简单装修|低层(共17层),已爬取
5714,滨水雅园,678042,https://liny.zu.anjuke.com/fangyuan/4623391364752399,3室2厅|整租|精装修|低层(共11层),已爬取
5715,滨水雅园,678042,https://liny.zu.anjuke.com/fangyuan/4627534945180685,4室2厅|整租|精装修|低层(共11层),已爬取
5716,滨水雅园,678042,https://liny.zu.anjuke.com/fangyuan/4622314780040199,3室2厅|整租|精装修|低层(共11层),已爬取
5717,滨水雅园,678042,https://liny.zu.anjuke.com/fangyuan/4515877045836810,3室2厅|整租|简单装修|低层(共17层),已爬取
5718,凌云花园,940354,https://liny.zu.anjuke.com/fangyuan/4467559976049668,3室2厅|合租|精装修|中层(共15层),已爬取
5719,绿地佳园,1087448,https://liny.zu.anjuke.com/fangyuan/4403235510379520,3室2厅|整租|精装修|低层(共7层),已爬取
5720,绿地佳园,1087448,https://liny.zu.anjuke.com/fangyuan/4313597479116809,3室2厅|整租|精装修|低层(共24层),已爬取
5721,绿地佳园,1087448,https://liny.zu.anjuke.com/fangyuan/4308152979103749,3室2厅|整租|精装修|中层(共17层),已爬取
5722,金鼎花园,676888,https://liny.zu.anjuke.com/fangyuan/4557040573424645,3室2厅|整租|精装修|中层(共6层),已爬取
5723,杨庄社区滨河金苑(C区),677788,https://liny.zu.anjuke.com/fangyuan/4420949281483786,2室2厅|整租|精装修|低层(共6层),已爬取
5724,杨庄社区滨河金苑(C区),677788,https://liny.zu.anjuke.com/fangyuan/4476264509778956,2室2厅|整租|简单装修|高层(共6层),已爬取
5725,杨庄社区滨河金苑(C区),677788,https://liny.zu.anjuke.com/fangyuan/4531941977299970,2室2厅|整租|精装修|低层(共6层),已爬取
5726,杨庄社区滨河金苑(C区),677788,https://liny.zu.anjuke.com/fangyuan/4344806629317636,3室2厅|整租|精装修|高层(共6层),已爬取
5727,杨庄社区滨河金苑(C区),677788,https://liny.zu.anjuke.com/fangyuan/4585436340317193,2室2厅|整租|简单装修|高层(共6层),已爬取
5728,杨庄社区滨河金苑(C区),677788,https://liny.zu.anjuke.com/fangyuan/4538535085726733,2室2厅|整租|简单装修|高层(共6层),已爬取
5729,杨庄社区滨河金苑(C区),677788,https://liny.zu.anjuke.com/fangyuan/4523057407304709,3室2厅|整租|简单装修|中层(共6层),已爬取
5730,杨庄社区滨河金苑(C区),677788,https://liny.zu.anjuke.com/fangyuan/4629636151761929,2室2厅|整租|精装修|低层(共6层),已爬取
5731,杨庄社区滨河金苑(C区),677788,https://liny.zu.anjuke.com/fangyuan/4612706896618499,2室2厅|整租|简单装修|高层(共6层),已爬取
5732,杨庄社区滨河金苑(C区),677788,https://liny.zu.anjuke.com/fangyuan/4629502176046086,2室2厅|整租|精装修|低层(共6层),已爬取
5733,齐鲁园广场,1007901,https://liny.zu.anjuke.com/fangyuan/4631214071112707,3室2厅|合租|精装修|低层(共24层),已爬取
5734,齐鲁园广场,1007901,https://liny.zu.anjuke.com/fangyuan/4598275611319303,3室2厅|整租|精装修|中层(共30层),已爬取
5735,齐鲁园广场,1007901,https://liny.zu.anjuke.com/fangyuan/3982573366992910,2室1厅|整租|精装修|高层(共37层),已爬取
5736,齐鲁园广场,1007901,https://liny.zu.anjuke.com/fangyuan/4315025002995726,1室1厅|整租|精装修|低层(共37层),已爬取
5737,齐鲁园广场,1007901,https://liny.zu.anjuke.com/fangyuan/4239932569005068,2室2厅|整租|精装修|中层(共37层),已爬取
5738,齐鲁园广场,1007901,https://liny.zu.anjuke.com/fangyuan/4367391183168523,1室1厅|整租|精装修|低层(共34层),已爬取
5739,齐鲁园广场,1007901,https://liny.zu.anjuke.com/fangyuan/4604387159731212,2室1厅|整租|精装修|低层(共36层),已爬取
5740,齐鲁园广场,1007901,https://liny.zu.anjuke.com/fangyuan/4612559857888266,2室1厅|整租|精装修|中层(共34层),已爬取
5741,齐鲁园广场,1007901,https://liny.zu.anjuke.com/fangyuan/4571649823894530,3室2厅|合租|精装修|中层(共12层),已爬取
5742,齐鲁园广场,1007901,https://liny.zu.anjuke.com/fangyuan/4613869593664524,1室1厅|整租|精装修|低层(共26层),已爬取
5743,毛纺厂家属院,972702,https://liny.zu.anjuke.com/fangyuan/4575972621624323,2室1厅|整租|精装修|共5层,已爬取
5744,毛纺厂家属院,972702,https://liny.zu.anjuke.com/fangyuan/4625253451490318,3室2厅|整租|简单装修|共5层,已爬取
5745,东方明珠(费县),1030741,https://liny.zu.anjuke.com/fangyuan/4631986898365447,3室2厅|整租|精装修|中层(共17层),已爬取
5746,东方明珠(费县),1030741,https://liny.zu.anjuke.com/fangyuan/4618071357465607,3室2厅|整租|精装修|中层(共17层),已爬取
5747,东方明珠(费县),1030741,https://liny.zu.anjuke.com/fangyuan/4608316082412546,3室2厅|整租|精装修|中层(共17层),已爬取
5748,东方明珠(费县),1030741,https://liny.zu.anjuke.com/fangyuan/4596412892654606,3室2厅|整租|简单装修|低层(共18层),已爬取
5749,东方明珠(费县),1030741,https://liny.zu.anjuke.com/fangyuan/4605068150254597,3室2厅|整租|精装修|中层(共17层),已爬取
5750,东方明珠(费县),1030741,https://liny.zu.anjuke.com/fangyuan/4606358865304585,3室2厅|整租|精装修|低层(共18层),已爬取
5751,东方明珠(费县),1030741,https://liny.zu.anjuke.com/fangyuan/4530020327762945,3室2厅|整租|简单装修|中层(共17层),已爬取
5752,东方明珠(费县),1030741,https://liny.zu.anjuke.com/fangyuan/4592619690974216,3室2厅|整租|简单装修|中层(共17层),已爬取
5753,阳都凤凰城,1205347,https://liny.zu.anjuke.com/fangyuan/4397248469556236,3室1厅|整租|精装修|中层(共20层),已爬取
5754,阳都凤凰城,1205347,https://liny.zu.anjuke.com/fangyuan/3983624607980544,2室2厅|整租|精装修|低层(共17层),已爬取
5755,阳都凤凰城,1205347,https://liny.zu.anjuke.com/fangyuan/4397249461019652,3室2厅|整租|精装修|中层(共20层),已爬取
5756,阳都凤凰城,1205347,https://liny.zu.anjuke.com/fangyuan/4181815883066381,2室1厅|整租|精装修|中层(共19层),已爬取
5757,阳都凤凰城,1205347,https://liny.zu.anjuke.com/fangyuan/4532880319028237,2室2厅|整租|精装修|高层(共17层),已爬取
5758,阳都凤凰城,1205347,https://liny.zu.anjuke.com/fangyuan/4497886111570946,3室2厅|整租|精装修|低层(共17层),已爬取
5759,阳都凤凰城,1205347,https://liny.zu.anjuke.com/fangyuan/3954282935589896,2室1厅|整租|精装修|高层(共17层),已爬取
5760,阳都凤凰城,1205347,https://liny.zu.anjuke.com/fangyuan/4398449227260936,3室2厅|整租|精装修|低层(共23层),已爬取
5761,阳都凤凰城,1205347,https://liny.zu.anjuke.com/fangyuan/4495126084725767,3室2厅|整租|精装修|低层(共21层),已爬取
5762,阳都凤凰城,1205347,https://liny.zu.anjuke.com/fangyuan/4547230050692105,2室2厅|整租|精装修|高层(共23层),已爬取
5763,东旭第一城,677795,https://liny.zu.anjuke.com/fangyuan/4432513435003904,2室1厅|整租|简单装修|中层(共32层),已爬取
5764,东旭第一城,677795,https://liny.zu.anjuke.com/fangyuan/4623769866001419,2室2厅|整租|精装修|高层(共32层),已爬取
5765,东旭第一城,677795,https://liny.zu.anjuke.com/fangyuan/4458180645755905,3室2厅|整租|精装修|中层(共28层),已爬取
5766,东旭第一城,677795,https://liny.zu.anjuke.com/fangyuan/4615056456705038,2室2厅|整租|精装修|中层(共30层),已爬取
5767,东旭第一城,677795,https://liny.zu.anjuke.com/fangyuan/4393133481274374,2室2厅|整租|精装修|中层(共23层),已爬取
5768,东旭第一城,677795,https://liny.zu.anjuke.com/fangyuan/4622181769683971,2室2厅|整租|精装修|高层(共32层),已爬取
5769,东旭第一城,677795,https://liny.zu.anjuke.com/fangyuan/4624929446620169,2室2厅|整租|精装修|低层(共26层),已爬取
5770,东旭第一城,677795,https://liny.zu.anjuke.com/fangyuan/4620405895439366,2室2厅|整租|精装修|中层(共17层),已爬取
5771,东旭第一城,677795,https://liny.zu.anjuke.com/fangyuan/4544609556587522,2室2厅|整租|精装修|高层(共27层),已爬取
5772,东旭第一城,677795,https://liny.zu.anjuke.com/fangyuan/4624872896584708,2室2厅|整租|精装修|中层(共17层),已爬取
5773,阳光翠湖嘉园,677724,https://liny.zu.anjuke.com/fangyuan/4592680746982409,3室2厅|整租|精装修|中层(共6层),已爬取
5774,阳光翠湖嘉园,677724,https://liny.zu.anjuke.com/fangyuan/4618198510230535,3室2厅|整租|精装修|共5层,已爬取
5775,阳光翠湖嘉园,677724,https://liny.zu.anjuke.com/fangyuan/4616455751900167,2室1厅|整租|简单装修|低层(共6层),已爬取
5776,阳光翠湖嘉园,677724,https://liny.zu.anjuke.com/fangyuan/4288194308692994,3室2厅|整租|简单装修|中层(共6层),已爬取
5777,阳光翠湖嘉园,677724,https://liny.zu.anjuke.com/fangyuan/4578120402394116,3室2厅|整租|简单装修|中层(共6层),已爬取
5778,阳光翠湖嘉园,677724,https://liny.zu.anjuke.com/fangyuan/4629020169643009,3室1厅|整租|简单装修|高层(共6层),已爬取
5779,阳光翠湖嘉园,677724,https://liny.zu.anjuke.com/fangyuan/3987958169791491,2室2厅|整租|简单装修|共5层,已爬取
5780,幸福嘉园(罗庄),677728,https://liny.zu.anjuke.com/fangyuan/4625353866552320,3室2厅|整租|简单装修|低层(共6层),已爬取
5781,九龙口小区,1010267,https://liny.zu.anjuke.com/fangyuan/4616430208789516,3室2厅|整租|简单装修|低层(共6层),已爬取
5782,九龙口小区,1010267,https://liny.zu.anjuke.com/fangyuan/3151583992685582,3室2厅|整租|精装修|低层(共6层),已爬取
5783,九龙口小区,1010267,https://liny.zu.anjuke.com/fangyuan/4590161943731213,3室2厅|整租|简单装修|高层(共6层),已爬取
5784,九龙口小区,1010267,https://liny.zu.anjuke.com/fangyuan/4540359137502212,3室2厅|整租|简单装修|低层(共6层),已爬取
5785,九龙口小区,1010267,https://liny.zu.anjuke.com/fangyuan/4538413683645446,3室2厅|整租|简单装修|高层(共6层),已爬取
5786,三庆香榭丽,972732,https://liny.zu.anjuke.com/fangyuan/4632362046284807,3室2厅|整租|精装修|低层(共17层),已爬取
5787,三庆香榭丽,972732,https://liny.zu.anjuke.com/fangyuan/4587387890557952,3室2厅|整租|简单装修|高层(共6层),已爬取
5788,三庆香榭丽,972732,https://liny.zu.anjuke.com/fangyuan/4493243863194633,3室2厅|整租|精装修|共5层,已爬取
5789,三庆香榭丽,972732,https://liny.zu.anjuke.com/fangyuan/4595043450921985,3室2厅|整租|简单装修|低层(共6层),已爬取
5790,三庆香榭丽,972732,https://liny.zu.anjuke.com/fangyuan/4614087246027786,3室2厅|整租|简单装修|中层(共6层),已爬取
5791,三庆香榭丽,972732,https://liny.zu.anjuke.com/fangyuan/4499107370916874,4室2厅|整租|简单装修|共5层,已爬取
5792,三庆香榭丽,972732,https://liny.zu.anjuke.com/fangyuan/4615045073003528,3室2厅|整租|简单装修|低层(共6层),已爬取
5793,三庆香榭丽,972732,https://liny.zu.anjuke.com/fangyuan/4524510690454529,3室2厅|整租|简单装修|中层(共6层),已爬取
5794,三庆香榭丽,972732,https://liny.zu.anjuke.com/fangyuan/4493253438462990,3室2厅|整租|简单装修|中层(共6层),已爬取
5795,三庆香榭丽,972732,https://liny.zu.anjuke.com/fangyuan/4612542836646918,3室2厅|整租|简单装修|共5层,已爬取
5796,同心华府,677167,https://liny.zu.anjuke.com/fangyuan/4607867288607755,3室2厅|整租|简单装修|高层(共7层),已爬取
5797,同心华府,677167,https://liny.zu.anjuke.com/fangyuan/4572742414228494,3室2厅|整租|精装修|高层(共7层),已爬取
5798,同心华府,677167,https://liny.zu.anjuke.com/fangyuan/4573850980756480,3室2厅|整租|简单装修|中层(共6层),已爬取
5799,同心华府,677167,https://liny.zu.anjuke.com/fangyuan/4569641570229252,3室2厅|整租|简单装修|中层(共6层),已爬取
5800,水韵华苑,1087445,https://liny.zu.anjuke.com/fangyuan/4627837256344580,4室2厅|合租|精装修|高层(共30层),已爬取
5801,水韵华苑,1087445,https://liny.zu.anjuke.com/fangyuan/4626857963887628,3室2厅|整租|精装修|低层(共29层),已爬取
5802,水韵华苑,1087445,https://liny.zu.anjuke.com/fangyuan/4523465469352965,3室1厅|整租|简单装修|高层(共32层),已爬取
5803,水韵华苑,1087445,https://liny.zu.anjuke.com/fangyuan/4623556938032133,2室1厅|整租|精装修|高层(共33层),已爬取
5804,水韵华苑,1087445,https://liny.zu.anjuke.com/fangyuan/4623525151763458,3室1厅|整租|精装修|高层(共26层),已爬取
5805,水韵华苑,1087445,https://liny.zu.anjuke.com/fangyuan/4569730108597255,2室1厅|整租|简单装修|低层(共29层),已爬取
5806,水韵华苑,1087445,https://liny.zu.anjuke.com/fangyuan/4599861182098435,3室2厅|合租|精装修|低层(共30层),已爬取
5807,水韵华苑,1087445,https://liny.zu.anjuke.com/fangyuan/4623551025097730,4室1厅|合租|简单装修|中层(共33层),已爬取
5808,水韵华苑,1087445,https://liny.zu.anjuke.com/fangyuan/4574267395877901,1室1厅|整租|简单装修|低层(共33层),已爬取
5809,水韵华苑,1087445,https://liny.zu.anjuke.com/fangyuan/4623469984193536,2室1厅|整租|精装修|高层(共33层),已爬取
5810,远洋城大家,1154053,https://liny.zu.anjuke.com/fangyuan/4624007562943503,3室1厅|整租|精装修|中层(共7层),已爬取
5811,远洋城大家,1154053,https://liny.zu.anjuke.com/fangyuan/4611207714282505,1室1厅|整租|精装修|高层(共22层),已爬取
5812,御景家园,677617,https://liny.zu.anjuke.com/fangyuan/4500577956879367,3室2厅|整租|简单装修|低层(共6层),已爬取
5813,御景家园,677617,https://liny.zu.anjuke.com/fangyuan/4544206129802249,3室2厅|整租|精装修|高层(共6层),已爬取
5814,荣军医院家属院,940390,https://liny.zu.anjuke.com/fangyuan/4575248249052163,3室2厅|整租|精装修|中层(共6层),已爬取
5815,三庆现代城,678199,https://liny.zu.anjuke.com/fangyuan/4632033480584194,2室2厅|整租|精装修|共5层,已爬取
5816,三庆现代城,678199,https://liny.zu.anjuke.com/fangyuan/4542847848588293,2室2厅|整租|精装修|共5层,已爬取
5817,三庆现代城,678199,https://liny.zu.anjuke.com/fangyuan/4580062431144967,2室2厅|整租|精装修|共5层,已爬取
5818,三庆现代城,678199,https://liny.zu.anjuke.com/fangyuan/4532874586727434,3室2厅|整租|简单装修|共5层,已爬取
5819,三庆现代城,678199,https://liny.zu.anjuke.com/fangyuan/4519448723090437,3室2厅|整租|简单装修|共5层,已爬取
5820,三庆现代城,678199,https://liny.zu.anjuke.com/fangyuan/4565678144154631,3室2厅|整租|简单装修|共5层,已爬取
5821,三庆现代城,678199,https://liny.zu.anjuke.com/fangyuan/4537035187973127,2室2厅|整租|精装修|共5层,已爬取
5822,前园花园(C区),973074,https://liny.zu.anjuke.com/fangyuan/4137874986573830,3室2厅|整租|精装修|低层(共7层),已爬取
5823,前园花园(C区),973074,https://liny.zu.anjuke.com/fangyuan/1718881297816579,2室2厅|整租|精装修|中层(共6层),已爬取
5824,天翔雅苑,1108599,https://liny.zu.anjuke.com/fangyuan/4613943178566661,3室1厅|合租|简单装修|中层(共19层),已爬取
5825,天翔雅苑,1108599,https://liny.zu.anjuke.com/fangyuan/4625186913967107,3室2厅|合租|精装修|低层(共18层),已爬取
5826,天翔雅苑,1108599,https://liny.zu.anjuke.com/fangyuan/4621212415568901,3室2厅|合租|精装修|高层(共17层),已爬取
5827,天翔雅苑,1108599,https://liny.zu.anjuke.com/fangyuan/4620723014052864,3室2厅|整租|简单装修|低层(共18层),已爬取
5828,天翔雅苑,1108599,https://liny.zu.anjuke.com/fangyuan/4595208788503566,4室2厅|整租|精装修|高层(共18层),已爬取
5829,天翔雅苑,1108599,https://liny.zu.anjuke.com/fangyuan/4619272116808707,3室1厅|整租|精装修|低层(共16层),已爬取
5830,天翔雅苑,1108599,https://liny.zu.anjuke.com/fangyuan/4619107974554638,3室2厅|整租|精装修|中层(共14层),已爬取
5831,天翔雅苑,1108599,https://liny.zu.anjuke.com/fangyuan/4505991906487304,4室1厅|合租|精装修|高层(共17层),已爬取
5832,天翔雅苑,1108599,https://liny.zu.anjuke.com/fangyuan/2694283285996558,3室2厅|合租|精装修|中层(共18层),已爬取
5833,天翔雅苑,1108599,https://liny.zu.anjuke.com/fangyuan/4471314761196550,4室1厅|合租|简单装修|高层(共17层),已爬取
5834,明德兴水湾,1187591,https://liny.zu.anjuke.com/fangyuan/4614189574923276,2室1厅|整租|精装修|高层(共6层),已爬取
5835,景泰金湖明珠,677616,https://liny.zu.anjuke.com/fangyuan/4624897704813574,3室2厅|整租|精装修|中层(共11层),已爬取
5836,景泰金湖明珠,677616,https://liny.zu.anjuke.com/fangyuan/4511670589170691,3室1厅|整租|简单装修|高层(共6层),已爬取
5837,景泰金湖明珠,677616,https://liny.zu.anjuke.com/fangyuan/4564469222677512,3室2厅|整租|简单装修|高层(共6层),已爬取
5838,六合花园,677774,https://liny.zu.anjuke.com/fangyuan/4605317129182214,2室2厅|整租|毛坯|低层(共6层),已爬取
5839,六合花园,677774,https://liny.zu.anjuke.com/fangyuan/4534525360073739,3室2厅|整租|精装修|高层(共6层),已爬取
5840,六合花园,677774,https://liny.zu.anjuke.com/fangyuan/4497398554139663,3室2厅|整租|精装修|高层(共6层),已爬取
5841,六合花园,677774,https://liny.zu.anjuke.com/fangyuan/4602863131304968,3室2厅|整租|精装修|中层(共6层),已爬取
5842,六合花园,677774,https://liny.zu.anjuke.com/fangyuan/4577063002233858,3室2厅|整租|精装修|高层(共6层),已爬取
5843,六合花园,677774,https://liny.zu.anjuke.com/fangyuan/4544304156208128,2室2厅|整租|精装修|低层(共6层),已爬取
5844,六合花园,677774,https://liny.zu.anjuke.com/fangyuan/4568264901991431,2室2厅|整租|精装修|低层(共6层),已爬取
5845,六合花园,677774,https://liny.zu.anjuke.com/fangyuan/4549997647913985,2室2厅|整租|精装修|低层(共6层),已爬取
5846,天润香墅湾一号(公寓住宅),1419891,https://liny.zu.anjuke.com/fangyuan/4575381395465224,3室2厅|整租|精装修|高层(共33层),已爬取
5847,天润香墅湾一号(公寓住宅),1419891,https://liny.zu.anjuke.com/fangyuan/4534535219764229,3室2厅|整租|精装修|中层(共33层),已爬取
5848,天润香墅湾一号(公寓住宅),1419891,https://liny.zu.anjuke.com/fangyuan/4603708038687758,4室2厅|整租|精装修|中层(共18层),已爬取
5849,天润香墅湾一号(公寓住宅),1419891,https://liny.zu.anjuke.com/fangyuan/4609320096424962,3室2厅|整租|精装修|低层(共28层),已爬取
5850,天润香墅湾一号(公寓住宅),1419891,https://liny.zu.anjuke.com/fangyuan/4603599492260878,3室2厅|整租|精装修|中层(共30层),已爬取
5851,天润香墅湾一号(公寓住宅),1419891,https://liny.zu.anjuke.com/fangyuan/4483809835527176,3室2厅|整租|精装修|中层(共30层),已爬取
5852,天润香墅湾一号(公寓住宅),1419891,https://liny.zu.anjuke.com/fangyuan/4603708428919814,4室2厅|整租|精装修|中层(共17层),已爬取
5853,天润香墅湾一号(公寓住宅),1419891,https://liny.zu.anjuke.com/fangyuan/4628136797905928,4室2厅|整租|精装修|中层(共17层),已爬取
5854,富民小区(郯城),972909,https://liny.zu.anjuke.com/fangyuan/4620611700761607,3室2厅|整租|精装修|低层(共6层),已爬取
5855,罗欣之家,973047,https://liny.zu.anjuke.com/fangyuan/4626422119392264,2室2厅|整租|精装修|高层(共6层),已爬取
5856,金城国际,678116,https://liny.zu.anjuke.com/fangyuan/4603609063384064,3室2厅|整租|简单装修|高层(共24层),已爬取
5857,金海湾,678172,https://liny.zu.anjuke.com/fangyuan/4319163137777672,3室2厅|整租|精装修|高层(共17层),已爬取
5858,金海湾,678172,https://liny.zu.anjuke.com/fangyuan/4484077818518540,3室2厅|整租|精装修|高层(共18层),已爬取
5859,金海湾,678172,https://liny.zu.anjuke.com/fangyuan/4535653290533888,3室2厅|整租|简单装修|高层(共18层),已爬取
5860,金海湾,678172,https://liny.zu.anjuke.com/fangyuan/4601180849499145,3室2厅|整租|简单装修|低层(共6层),已爬取
5861,金海湾,678172,https://liny.zu.anjuke.com/fangyuan/4517574693381125,3室2厅|整租|精装修|高层(共18层),已爬取
5862,金海湾,678172,https://liny.zu.anjuke.com/fangyuan/4544137509166088,3室2厅|整租|简单装修|中层(共17层),已爬取
5863,金海湾,678172,https://liny.zu.anjuke.com/fangyuan/4601177511390218,3室2厅|整租|精装修|中层(共17层),已爬取
5864,金海湾,678172,https://liny.zu.anjuke.com/fangyuan/4595220630119438,3室2厅|整租|简单装修|中层(共17层),已爬取
5865,美华新村,677599,https://liny.zu.anjuke.com/fangyuan/4616517215724559,3室2厅|整租|简单装修|中层(共6层),已爬取
5866,美华新村,677599,https://liny.zu.anjuke.com/fangyuan/4579767856178187,3室2厅|整租|精装修|共5层,已爬取
5867,美华新村,677599,https://liny.zu.anjuke.com/fangyuan/4629046542099467,2室2厅|整租|简单装修|共5层,已爬取
5868,美华新村,677599,https://liny.zu.anjuke.com/fangyuan/4464978979957770,3室2厅|整租|精装修|中层(共6层),已爬取
5869,美华新村,677599,https://liny.zu.anjuke.com/fangyuan/4588253336675337,3室2厅|整租|精装修|低层(共6层),已爬取
5870,美华新村,677599,https://liny.zu.anjuke.com/fangyuan/4602193593003021,3室2厅|整租|简单装修|共5层,已爬取
5871,美华新村,677599,https://liny.zu.anjuke.com/fangyuan/4630699440729090,3室2厅|整租|简单装修|共5层,已爬取
5872,美华新村,677599,https://liny.zu.anjuke.com/fangyuan/4550492485168134,3室2厅|整租|精装修|中层(共6层),已爬取
5873,美华新村,677599,https://liny.zu.anjuke.com/fangyuan/4616527530171401,3室2厅|整租|简单装修|中层(共6层),已爬取
5874,美华新村,677599,https://liny.zu.anjuke.com/fangyuan/4619655564893185,3室2厅|整租|精装修|高层(共6层),已爬取
5875,银桥金居,973238,https://liny.zu.anjuke.com/fangyuan/4629649902627841,3室2厅|整租|精装修|低层(共6层),已爬取
5876,银桥金居,973238,https://liny.zu.anjuke.com/fangyuan/4483555282856975,3室2厅|整租|精装修|高层(共6层),已爬取
5877,银桥金居,973238,https://liny.zu.anjuke.com/fangyuan/4590970380606474,3室2厅|整租|精装修|高层(共6层),已爬取
5878,银桥金居,973238,https://liny.zu.anjuke.com/fangyuan/4633939267099649,3室2厅|整租|精装修|高层(共6层),已爬取
5879,银桥金居,973238,https://liny.zu.anjuke.com/fangyuan/4626033411382283,3室2厅|合租|精装修|低层(共13层),已爬取
5880,银桥金居,973238,https://liny.zu.anjuke.com/fangyuan/4546172764646406,3室2厅|整租|精装修|中层(共6层),已爬取
5881,银桥金居,973238,https://liny.zu.anjuke.com/fangyuan/4632454299085833,3室2厅|整租|精装修|高层(共6层),已爬取
5882,银桥金居,973238,https://liny.zu.anjuke.com/fangyuan/4629643291204616,3室2厅|整租|精装修|高层(共6层),已爬取
5883,银桥金居,973238,https://liny.zu.anjuke.com/fangyuan/4616858771563530,3室2厅|整租|精装修|高层(共6层),已爬取
5884,银桥金居,973238,https://liny.zu.anjuke.com/fangyuan/4483550938590209,3室2厅|整租|精装修|高层(共6层),已爬取
5885,裕隆国际B区,1512989,https://liny.zu.anjuke.com/fangyuan/4498930173879305,3室2厅|整租|简单装修|高层(共17层),已爬取
5886,裕隆国际B区,1512989,https://liny.zu.anjuke.com/fangyuan/4620543882718209,3室2厅|整租|简单装修|共5层,已爬取
5887,朗宇花好园,973020,https://liny.zu.anjuke.com/fangyuan/4633914138436608,3室2厅|整租|简单装修|中层(共6层),已爬取
5888,朗宇花好园,973020,https://liny.zu.anjuke.com/fangyuan/4581226457373704,3室2厅|整租|简单装修|低层(共6层),已爬取
5889,朗宇花好园,973020,https://liny.zu.anjuke.com/fangyuan/4565796560264192,3室2厅|整租|精装修|中层(共7层),已爬取
5890,朗宇花好园,973020,https://liny.zu.anjuke.com/fangyuan/4591460116081666,3室2厅|整租|精装修|中层(共6层),已爬取
5891,朗宇花好园,973020,https://liny.zu.anjuke.com/fangyuan/4553410905123852,3室2厅|整租|精装修|共5层,已爬取
5892,朗宇花好园,973020,https://liny.zu.anjuke.com/fangyuan/4633998457003016,3室2厅|整租|简单装修|共5层,已爬取
5893,朗宇花好园,973020,https://liny.zu.anjuke.com/fangyuan/4576702673529859,3室2厅|整租|精装修|中层(共6层),已爬取
5894,朗宇花好园,973020,https://liny.zu.anjuke.com/fangyuan/4613731878415375,3室2厅|整租|精装修|中层(共6层),已爬取
5895,朗宇花好园,973020,https://liny.zu.anjuke.com/fangyuan/4554126482381829,3室2厅|整租|精装修|中层(共6层),已爬取
5896,朗宇花好园,973020,https://liny.zu.anjuke.com/fangyuan/4558632777276430,2室2厅|整租|简单装修|高层(共6层),已爬取
5897,绣花美景华庭,1177716,https://liny.zu.anjuke.com/fangyuan/4549386265435150,4室2厅|整租|精装修|高层(共11层),已爬取
5898,绣花美景华庭,1177716,https://liny.zu.anjuke.com/fangyuan/4528501016273928,4室2厅|整租|精装修|高层(共11层),已爬取
5899,绣花美景华庭,1177716,https://liny.zu.anjuke.com/fangyuan/4534598212217860,4室2厅|整租|精装修|高层(共11层),已爬取
5900,幸福花城(C区),677801,https://liny.zu.anjuke.com/fangyuan/4555607984331777,3室2厅|整租|精装修|高层(共6层),已爬取
5901,幸福花城(C区),677801,https://liny.zu.anjuke.com/fangyuan/4616596167617544,3室2厅|整租|精装修|低层(共6层),已爬取
5902,幸福花城(C区),677801,https://liny.zu.anjuke.com/fangyuan/4586597989983239,3室2厅|整租|简单装修|低层(共6层),已爬取
5903,幸福花城(C区),677801,https://liny.zu.anjuke.com/fangyuan/4622638260970500,3室2厅|整租|精装修|低层(共6层),已爬取
5904,幸福花城(C区),677801,https://liny.zu.anjuke.com/fangyuan/4176575315794949,3室1厅|整租|精装修|共5层,已爬取
5905,幸福花城(C区),677801,https://liny.zu.anjuke.com/fangyuan/4507673242070027,3室2厅|整租|精装修|高层(共6层),已爬取
5906,幸福花城(C区),677801,https://liny.zu.anjuke.com/fangyuan/4607956446944257,3室2厅|整租|精装修|低层(共6层),已爬取
5907,幸福花城(C区),677801,https://liny.zu.anjuke.com/fangyuan/4211750868642816,4室2厅|整租|精装修|共5层,已爬取
5908,幸福花城(C区),677801,https://liny.zu.anjuke.com/fangyuan/4606362109209602,3室2厅|整租|精装修|中层(共6层),已爬取
5909,幸福花城(C区),677801,https://liny.zu.anjuke.com/fangyuan/4503322815110148,3室2厅|整租|精装修|中层(共6层),已爬取
5910,城开上府(费县),1613453,https://liny.zu.anjuke.com/fangyuan/4577174232949773,3室2厅|整租|简单装修|低层(共17层),已爬取
5911,巩村居委皇山富民小区,677841,https://liny.zu.anjuke.com/fangyuan/4632139752123405,3室2厅|整租|精装修|中层(共6层),已爬取
5912,巩村居委皇山富民小区,677841,https://liny.zu.anjuke.com/fangyuan/4617734505405445,3室2厅|整租|精装修|共5层,已爬取
5913,巩村居委皇山富民小区,677841,https://liny.zu.anjuke.com/fangyuan/4623426263440395,3室2厅|整租|精装修|共5层,已爬取
5914,巩村居委皇山富民小区,677841,https://liny.zu.anjuke.com/fangyuan/4624911918900239,2室2厅|整租|简单装修|高层(共6层),已爬取
5915,巩村居委皇山富民小区,677841,https://liny.zu.anjuke.com/fangyuan/4599278804937742,2室2厅|整租|精装修|共5层,已爬取
5916,巩村居委皇山富民小区,677841,https://liny.zu.anjuke.com/fangyuan/4633341298924558,3室2厅|整租|精装修|共5层,已爬取
5917,巩村居委皇山富民小区,677841,https://liny.zu.anjuke.com/fangyuan/4555805001016328,3室2厅|整租|精装修|共5层,已爬取
5918,巩村居委皇山富民小区,677841,https://liny.zu.anjuke.com/fangyuan/4623432746937358,2室2厅|整租|精装修|共5层,已爬取
5919,百合花园(兰陵),1010843,https://liny.zu.anjuke.com/fangyuan/4620424336387078,3室2厅|整租|简单装修|共5层,已爬取
5920,致远翡翠湖,1303117,https://liny.zu.anjuke.com/fangyuan/4617782109348874,3室2厅|整租|精装修|低层(共15层),已爬取
5921,致远翡翠湖,1303117,https://liny.zu.anjuke.com/fangyuan/4623434062720015,3室2厅|整租|精装修|中层(共6层),已爬取
5922,致远翡翠湖,1303117,https://liny.zu.anjuke.com/fangyuan/4615283175990273,3室2厅|整租|精装修|低层(共18层),已爬取
5923,致远翡翠湖,1303117,https://liny.zu.anjuke.com/fangyuan/4617778957528075,3室2厅|整租|精装修|低层(共15层),已爬取
5924,致远翡翠湖,1303117,https://liny.zu.anjuke.com/fangyuan/4616442847796225,3室2厅|整租|精装修|低层(共17层),已爬取
5925,致远翡翠湖,1303117,https://liny.zu.anjuke.com/fangyuan/4500220348539915,4室2厅|整租|精装修|低层(共16层),已爬取
5926,沂华名都,972780,https://liny.zu.anjuke.com/fangyuan/4633684168385550,3室2厅|整租|精装修|高层(共17层),已爬取
5927,沂华名都,972780,https://liny.zu.anjuke.com/fangyuan/4633341523696652,3室2厅|整租|精装修|高层(共18层),已爬取
5928,沂华名都,972780,https://liny.zu.anjuke.com/fangyuan/4633314866686982,3室2厅|整租|精装修|低层(共18层),已爬取
5929,沂华名都,972780,https://liny.zu.anjuke.com/fangyuan/3953078919126027,3室2厅|整租|精装修|中层(共18层),已爬取
5930,雅圣苑,678061,https://liny.zu.anjuke.com/fangyuan/4474158215799821,2室2厅|整租|简单装修|高层(共6层),已爬取
5931,雅圣苑,678061,https://liny.zu.anjuke.com/fangyuan/4604041288295435,3室2厅|整租|简单装修|共5层,已爬取
5932,雅圣苑,678061,https://liny.zu.anjuke.com/fangyuan/4442461276576782,2室2厅|整租|精装修|高层(共6层),已爬取
5933,雅圣苑,678061,https://liny.zu.anjuke.com/fangyuan/4606375877860355,2室2厅|整租|精装修|高层(共6层),已爬取
5934,雅圣苑,678061,https://liny.zu.anjuke.com/fangyuan/4480836195032071,1室1厅|整租|精装修|共5层,已爬取
5935,雅圣苑,678061,https://liny.zu.anjuke.com/fangyuan/4628233245514755,3室2厅|整租|简单装修|高层(共6层),已爬取
5936,雅圣苑,678061,https://liny.zu.anjuke.com/fangyuan/4610745375941645,3室2厅|整租|简单装修|中层(共6层),已爬取
5937,雅圣苑,678061,https://liny.zu.anjuke.com/fangyuan/4628917780997122,3室2厅|整租|简单装修|共5层,已爬取
5938,雅圣苑,678061,https://liny.zu.anjuke.com/fangyuan/4573080702327823,2室1厅|整租|精装修|共5层,已爬取
5939,雅圣苑,678061,https://liny.zu.anjuke.com/fangyuan/4050214376516616,1室1厅|整租|精装修|共4层,已爬取
5940,城开御府,1376380,https://liny.zu.anjuke.com/fangyuan/3336931337265156,3室2厅|整租|精装修|高层(共15层),已爬取
5941,城开御府,1376380,https://liny.zu.anjuke.com/fangyuan/3270277825617925,3室2厅|整租|精装修|低层(共6层),已爬取
5942,城开御府,1376380,https://liny.zu.anjuke.com/fangyuan/4205081872247823,2室2厅|整租|精装修|低层(共15层),已爬取
5943,城开御府,1376380,https://liny.zu.anjuke.com/fangyuan/4382966919179279,3室2厅|整租|精装修|中层(共15层),已爬取
5944,城开御府,1376380,https://liny.zu.anjuke.com/fangyuan/4609298237219848,3室2厅|整租|精装修|低层(共9层),已爬取
5945,城开御府,1376380,https://liny.zu.anjuke.com/fangyuan/4395778073764864,3室2厅|整租|精装修|低层(共22层),已爬取
5946,城开御府,1376380,https://liny.zu.anjuke.com/fangyuan/3887696576929793,4室2厅|整租|豪华装修|中层(共6层),已爬取
5947,城开御府,1376380,https://liny.zu.anjuke.com/fangyuan/4043441235684352,3室2厅|整租|精装修|高层(共16层),已爬取
5948,城开御府,1376380,https://liny.zu.anjuke.com/fangyuan/3778303086485516,3室2厅|整租|豪华装修|低层(共6层),已爬取
5949,城开御府,1376380,https://liny.zu.anjuke.com/fangyuan/3327179360754690,3室2厅|整租|豪华装修|高层(共16层),已爬取
5950,曲沂社区(D区),678210,https://liny.zu.anjuke.com/fangyuan/4627712510057478,3室2厅|合租|精装修|低层(共11层),已爬取
5951,曲沂社区(D区),678210,https://liny.zu.anjuke.com/fangyuan/4514506331679752,3室1厅|合租|精装修|中层(共19层),已爬取
5952,曲沂社区(D区),678210,https://liny.zu.anjuke.com/fangyuan/4593836935191565,3室1厅|合租|精装修|低层(共28层),已爬取
5953,曲沂社区(D区),678210,https://liny.zu.anjuke.com/fangyuan/4557542646426637,4室1厅|合租|精装修|低层(共15层),已爬取
5954,曲沂社区(D区),678210,https://liny.zu.anjuke.com/fangyuan/4626616878392324,3室1厅|合租|精装修|中层(共17层),已爬取
5955,曲沂社区(D区),678210,https://liny.zu.anjuke.com/fangyuan/4317967649611787,3室2厅|合租|精装修|中层(共21层),已爬取
5956,曲沂社区(D区),678210,https://liny.zu.anjuke.com/fangyuan/4474757697268745,2室1厅|合租|精装修|中层(共19层),已爬取
5957,曲沂社区(D区),678210,https://liny.zu.anjuke.com/fangyuan/4307763219537922,3室2厅|合租|精装修|中层(共18层),已爬取
5958,曲沂社区(D区),678210,https://liny.zu.anjuke.com/fangyuan/4509269920916481,3室2厅|合租|精装修|中层(共22层),已爬取
5959,曲沂社区(D区),678210,https://liny.zu.anjuke.com/fangyuan/4622726828219405,3室1厅|合租|精装修|高层(共12层),已爬取
5960,广厦兰都,1289921,https://liny.zu.anjuke.com/fangyuan/4611362680138765,3室2厅|整租|精装修|低层(共12层),已爬取
5961,广厦兰都,1289921,https://liny.zu.anjuke.com/fangyuan/4574203904224269,3室2厅|整租|精装修|中层(共9层),已爬取
5962,广厦兰都,1289921,https://liny.zu.anjuke.com/fangyuan/4081949954744333,2室1厅|整租|精装修|高层(共28层),已爬取
5963,广厦兰都,1289921,https://liny.zu.anjuke.com/fangyuan/4575710987480064,3室2厅|整租|精装修|中层(共26层),已爬取
5964,广厦兰都,1289921,https://liny.zu.anjuke.com/fangyuan/4575407595019266,3室2厅|整租|精装修|高层(共13层),已爬取
5965,广厦兰都,1289921,https://liny.zu.anjuke.com/fangyuan/4622478198629387,3室2厅|整租|精装修|中层(共30层),已爬取
5966,广厦兰都,1289921,https://liny.zu.anjuke.com/fangyuan/4606871815595021,3室2厅|整租|简单装修|低层(共18层),已爬取
5967,广厦兰都,1289921,https://liny.zu.anjuke.com/fangyuan/4586912453782531,3室2厅|整租|简单装修|中层(共11层),已爬取
5968,金台名府,677630,https://liny.zu.anjuke.com/fangyuan/4494681940798464,2室2厅|整租|简单装修|共5层,已爬取
5969,金台名府,677630,https://liny.zu.anjuke.com/fangyuan/4628146420734986,2室2厅|整租|精装修|共5层,已爬取
5970,碧桂园滨江学府,1265103,https://liny.zu.anjuke.com/fangyuan/4574352567297037,4室2厅|整租|精装修|低层(共9层),已爬取
5971,碧桂园滨江学府,1265103,https://liny.zu.anjuke.com/fangyuan/4628041081478152,3室2厅|整租|精装修|中层(共9层),已爬取
5972,碧桂园滨江学府,1265103,https://liny.zu.anjuke.com/fangyuan/4547059745958925,4室2厅|整租|精装修|低层(共14层),已爬取
5973,碧桂园滨江学府,1265103,https://liny.zu.anjuke.com/fangyuan/4614997866374159,3室2厅|整租|精装修|中层(共15层),已爬取
5974,碧桂园滨江学府,1265103,https://liny.zu.anjuke.com/fangyuan/4632283159208962,3室2厅|整租|精装修|中层(共15层),已爬取
5975,碧桂园滨江学府,1265103,https://liny.zu.anjuke.com/fangyuan/4615004884167690,3室2厅|整租|精装修|中层(共13层),已爬取
5976,碧桂园滨江学府,1265103,https://liny.zu.anjuke.com/fangyuan/4584045105490945,4室2厅|整租|精装修|低层(共7层),已爬取
5977,碧桂园滨江学府,1265103,https://liny.zu.anjuke.com/fangyuan/4632377199207435,3室2厅|整租|精装修|中层(共15层),已爬取
5978,碧桂园滨江学府,1265103,https://liny.zu.anjuke.com/fangyuan/4576901414235136,3室2厅|整租|精装修|低层(共15层),已爬取
5979,碧桂园滨江学府,1265103,https://liny.zu.anjuke.com/fangyuan/4632318993947650,3室2厅|整租|精装修|中层(共15层),已爬取
5980,莒南史丹利文慧园,1433003,https://liny.zu.anjuke.com/fangyuan/4619804709592067,3室2厅|整租|简单装修|中层(共11层),已爬取
5981,华创金桂园,871695,https://liny.zu.anjuke.com/fangyuan/4586932958092294,3室2厅|整租|精装修|共5层,已爬取
5982,华创金桂园,871695,https://liny.zu.anjuke.com/fangyuan/4509055226274827,3室2厅|整租|简单装修|共4层,已爬取
5983,华创金桂园,871695,https://liny.zu.anjuke.com/fangyuan/4586998440340487,3室2厅|整租|精装修|共4层,已爬取
5984,华创金桂园,871695,https://liny.zu.anjuke.com/fangyuan/4625306616978442,3室2厅|整租|精装修|中层(共6层),已爬取
5985,褚庄小区汇银苑,677842,https://liny.zu.anjuke.com/fangyuan/4583805038369798,3室2厅|整租|精装修|共5层,已爬取
5986,褚庄小区汇银苑,677842,https://liny.zu.anjuke.com/fangyuan/4633793905992706,3室2厅|整租|精装修|高层(共6层),已爬取
5987,褚庄小区汇银苑,677842,https://liny.zu.anjuke.com/fangyuan/4585767889198085,3室2厅|整租|精装修|共5层,已爬取
5988,褚庄小区汇银苑,677842,https://liny.zu.anjuke.com/fangyuan/3786182923362317,3室2厅|合租|简单装修|共5层,已爬取
5989,褚庄小区汇银苑,677842,https://liny.zu.anjuke.com/fangyuan/3491078196453385,4室2厅|合租|精装修|低层(共6层),已爬取
5990,褚庄小区汇银苑,677842,https://liny.zu.anjuke.com/fangyuan/4518148534823945,3室2厅|整租|精装修|低层(共6层),已爬取
5991,褚庄小区汇银苑,677842,https://liny.zu.anjuke.com/fangyuan/4589776225168384,3室2厅|整租|精装修|共5层,已爬取
5992,褚庄小区汇银苑,677842,https://liny.zu.anjuke.com/fangyuan/4574308458355712,1室1厅|合租|精装修|低层(共13层),已爬取
5993,褚庄小区汇银苑,677842,https://liny.zu.anjuke.com/fangyuan/4620730009922564,3室2厅|整租|精装修|中层(共6层),已爬取
5994,褚庄小区汇银苑,677842,https://liny.zu.anjuke.com/fangyuan/4395613463405574,3室2厅|整租|精装修|高层(共6层),已爬取
5995,丽都花园,678176,https://liny.zu.anjuke.com/fangyuan/4597935441456129,2室2厅|整租|简单装修|高层(共6层),已爬取
5996,丽都花园,678176,https://liny.zu.anjuke.com/fangyuan/4575272125342732,2室2厅|整租|精装修|中层(共6层),已爬取
5997,太湖花园,677389,https://liny.zu.anjuke.com/fangyuan/4632508766972941,2室2厅|整租|简单装修|共5层,已爬取
5998,阳光滨河尚都,1139266,https://liny.zu.anjuke.com/fangyuan/4624988226395140,3室2厅|整租|精装修|低层(共34层),已爬取
5999,阳光滨河尚都,1139266,https://liny.zu.anjuke.com/fangyuan/4603621381745678,3室2厅|整租|精装修|中层(共11层),已爬取
6000,阳光滨河尚都,1139266,https://liny.zu.anjuke.com/fangyuan/4481818019570692,3室2厅|整租|精装修|高层(共24层),已爬取
6001,阳光滨河尚都,1139266,https://liny.zu.anjuke.com/fangyuan/4559829295164429,3室2厅|整租|精装修|低层(共30层),已爬取
6002,阳光滨河尚都,1139266,https://liny.zu.anjuke.com/fangyuan/4596931433915402,3室2厅|整租|精装修|低层(共31层),已爬取
6003,史丹利景城花园(莒南),1386532,https://liny.zu.anjuke.com/fangyuan/4597051791645698,3室2厅|整租|简单装修|高层(共17层),已爬取
6004,儒辰金水湾,1510560,https://liny.zu.anjuke.com/fangyuan/4607060903846914,3室2厅|整租|简单装修|高层(共17层),已爬取
6005,儒辰金水湾,1510560,https://liny.zu.anjuke.com/fangyuan/4614870912232454,3室2厅|整租|精装修|高层(共17层),已爬取
6006,伊丽莎白东岸(别墅),1606048,https://liny.zu.anjuke.com/fangyuan/4619287129580556,3室2厅|整租|精装修|中层(共21层),已爬取
6007,伊丽莎白东岸(别墅),1606048,https://liny.zu.anjuke.com/fangyuan/4548463269800974,5室2厅|整租|精装修|地下(共3层),已爬取
6008,伊丽莎白东岸(别墅),1606048,https://liny.zu.anjuke.com/fangyuan/4619324833031169,2室2厅|整租|简单装修|低层(共21层),已爬取
6009,伊丽莎白东岸(别墅),1606048,https://liny.zu.anjuke.com/fangyuan/4619275398601729,2室1厅|整租|精装修|高层(共21层),已爬取
6010,伊丽莎白东岸(别墅),1606048,https://liny.zu.anjuke.com/fangyuan/4619335425385477,3室2厅|整租|精装修|低层(共9层),已爬取
6011,清华苑(河东),677826,https://liny.zu.anjuke.com/fangyuan/4633608202773511,2室2厅|整租|简单装修|低层(共6层),已爬取
6012,清华苑(河东),677826,https://liny.zu.anjuke.com/fangyuan/4609354356255759,2室2厅|整租|精装修|低层(共6层),已爬取
6013,清华苑(河东),677826,https://liny.zu.anjuke.com/fangyuan/4622338083740677,3室2厅|整租|简单装修|低层(共6层),已爬取
6014,清华苑(河东),677826,https://liny.zu.anjuke.com/fangyuan/4622262082675724,2室1厅|整租|精装修|低层(共6层),已爬取
6015,清华苑(河东),677826,https://liny.zu.anjuke.com/fangyuan/4595232875144205,2室2厅|整租|精装修|中层(共6层),已爬取
6016,清华苑(河东),677826,https://liny.zu.anjuke.com/fangyuan/4589727840642058,3室2厅|整租|精装修|共5层,已爬取
6017,清华苑(河东),677826,https://liny.zu.anjuke.com/fangyuan/4609525969380367,2室2厅|整租|精装修|低层(共6层),已爬取
6018,清华苑(河东),677826,https://liny.zu.anjuke.com/fangyuan/4622247675075599,1室1厅|整租|简单装修|低层(共6层),已爬取
6019,清华苑(河东),677826,https://liny.zu.anjuke.com/fangyuan/4608005694630927,2室2厅|整租|精装修|高层(共6层),已爬取
6020,清华苑(河东),677826,https://liny.zu.anjuke.com/fangyuan/4622633616305163,1室1厅|整租|精装修|共5层,已爬取
6021,元丰家园,973256,https://liny.zu.anjuke.com/fangyuan/4474934864702472,3室2厅|整租|精装修|低层(共6层),已爬取
6022,元丰家园,973256,https://liny.zu.anjuke.com/fangyuan/4028205931260930,1室1厅|合租|简单装修|共5层,已爬取
6023,恒基佳园,676836,https://liny.zu.anjuke.com/fangyuan/4629508035273743,3室2厅|整租|精装修|中层(共6层),已爬取
6024,恒基佳园,676836,https://liny.zu.anjuke.com/fangyuan/4598125369844736,3室2厅|整租|精装修|中层(共6层),已爬取
6025,龙盛乾园,1048407,https://liny.zu.anjuke.com/fangyuan/4616400842646534,3室2厅|整租|简单装修|高层(共9层),已爬取
6026,龙盛乾园,1048407,https://liny.zu.anjuke.com/fangyuan/4632365260596235,1室1厅|合租|精装修|中层(共16层),已爬取
6027,龙盛乾园,1048407,https://liny.zu.anjuke.com/fangyuan/4620696653949960,1室1厅|合租|精装修|中层(共9层),已爬取
6028,龙盛乾园,1048407,https://liny.zu.anjuke.com/fangyuan/4607931772265475,3室2厅|合租|精装修|中层(共16层),已爬取
6029,龙盛乾园,1048407,https://liny.zu.anjuke.com/fangyuan/4528834555075594,1室1厅|整租|精装修|中层(共14层),已爬取
6030,龙盛乾园,1048407,https://liny.zu.anjuke.com/fangyuan/4630384941145092,1室1厅|合租|精装修|中层(共11层),已爬取
6031,龙盛乾园,1048407,https://liny.zu.anjuke.com/fangyuan/4632023042565122,3室1厅|合租|精装修|中层(共16层),已爬取
6032,龙盛乾园,1048407,https://liny.zu.anjuke.com/fangyuan/4581351162305549,1室1厅|整租|简单装修|中层(共11层),已爬取
6033,龙盛乾园,1048407,https://liny.zu.anjuke.com/fangyuan/4528766533098496,1室1厅|整租|精装修|中层(共14层),已爬取
6034,龙盛乾园,1048407,https://liny.zu.anjuke.com/fangyuan/4630791690038286,1室1厅|合租|精装修|中层(共20层),已爬取
6035,杨庄社区滨河金苑D区,1077760,https://liny.zu.anjuke.com/fangyuan/4490519384630277,4室2厅|整租|精装修|高层(共12层),已爬取
6036,杨庄社区滨河金苑D区,1077760,https://liny.zu.anjuke.com/fangyuan/4552806364259337,4室2厅|整租|精装修|中层(共17层),已爬取
6037,杨庄社区滨河金苑D区,1077760,https://liny.zu.anjuke.com/fangyuan/4627894512311300,4室2厅|整租|精装修|高层(共12层),已爬取
6038,杨庄社区滨河金苑D区,1077760,https://liny.zu.anjuke.com/fangyuan/4606489561046026,3室1厅|合租|精装修|中层(共16层),已爬取
6039,杨庄社区滨河金苑D区,1077760,https://liny.zu.anjuke.com/fangyuan/4609762058853389,1室1厅|合租|精装修|低层(共16层),已爬取
6040,杨庄社区滨河金苑D区,1077760,https://liny.zu.anjuke.com/fangyuan/4311004987710467,4室2厅|整租|精装修|中层(共17层),已爬取
6041,杨庄社区滨河金苑D区,1077760,https://liny.zu.anjuke.com/fangyuan/4587258510173194,1室1厅|合租|精装修|中层(共11层),已爬取
6042,杨庄社区滨河金苑D区,1077760,https://liny.zu.anjuke.com/fangyuan/4578354647327752,4室2厅|整租|精装修|中层(共16层),已爬取
6043,杨庄社区滨河金苑D区,1077760,https://liny.zu.anjuke.com/fangyuan/4632571613965319,1室0厅|合租|精装修|低层(共20层),已爬取
6044,杨庄社区滨河金苑D区,1077760,https://liny.zu.anjuke.com/fangyuan/4615071836937231,1室1厅|合租|精装修|低层(共22层),已爬取
6045,翡翠郡,1446314,https://liny.zu.anjuke.com/fangyuan/4547154675473420,3室2厅|整租|精装修|中层(共8层),已爬取
6046,翡翠郡,1446314,https://liny.zu.anjuke.com/fangyuan/4547722068796419,3室1厅|整租|精装修|低层(共16层),已爬取
6047,翡翠郡,1446314,https://liny.zu.anjuke.com/fangyuan/4549164167240705,3室2厅|整租|豪华装修|低层(共17层),已爬取
6048,天宇花园,713797,https://liny.zu.anjuke.com/fangyuan/4586647291735044,3室1厅|整租|简单装修|高层(共7层),已爬取
6049,天宇花园,713797,https://liny.zu.anjuke.com/fangyuan/4625030839819274,3室2厅|整租|精装修|高层(共7层),已爬取
6050,天宇花园,713797,https://liny.zu.anjuke.com/fangyuan/3449264890126338,3室1厅|整租|简单装修|高层(共6层),已爬取
6051,天宇花园,713797,https://liny.zu.anjuke.com/fangyuan/4605150496562182,3室2厅|整租|精装修|高层(共7层),已爬取
6052,天宇花园,713797,https://liny.zu.anjuke.com/fangyuan/4610981449655299,3室2厅|整租|简单装修|低层(共6层),已爬取
6053,天宇花园,713797,https://liny.zu.anjuke.com/fangyuan/4598323915598857,3室2厅|整租|简单装修|低层(共6层),已爬取
6054,天宇花园,713797,https://liny.zu.anjuke.com/fangyuan/4590949088748556,3室2厅|整租|简单装修|高层(共7层),已爬取
6055,天宇花园,713797,https://liny.zu.anjuke.com/fangyuan/4612449627532300,3室2厅|整租|简单装修|低层(共6层),已爬取
6056,天宇花园,713797,https://liny.zu.anjuke.com/fangyuan/4485117583662092,2室2厅|整租|简单装修|中层(共6层),已爬取
6057,天宇花园,713797,https://liny.zu.anjuke.com/fangyuan/4607930539566091,2室2厅|整租|简单装修|高层(共6层),已爬取
6058,蒙阳花园(兰山区),973059,https://liny.zu.anjuke.com/fangyuan/2669983893398530,2室2厅|整租|精装修|高层(共7层),已爬取
6059,曲沂社区(C区),678225,https://liny.zu.anjuke.com/fangyuan/4599302656334854,3室1厅|合租|精装修|高层(共11层),已爬取
6060,曲沂社区(C区),678225,https://liny.zu.anjuke.com/fangyuan/4630498510085130,2室2厅|合租|精装修|高层(共19层),已爬取
6061,曲沂社区(C区),678225,https://liny.zu.anjuke.com/fangyuan/4621977499524103,1室1厅|合租|豪华装修|中层(共16层),已爬取
6062,曲沂社区(C区),678225,https://liny.zu.anjuke.com/fangyuan/4626770539308043,3室2厅|合租|精装修|中层(共19层),已爬取
6063,曲沂社区(C区),678225,https://liny.zu.anjuke.com/fangyuan/4610491721393164,3室2厅|合租|精装修|高层(共21层),已爬取
6064,曲沂社区(C区),678225,https://liny.zu.anjuke.com/fangyuan/4627634994031619,1室1厅|合租|豪华装修|中层(共16层),已爬取
6065,曲沂社区(C区),678225,https://liny.zu.anjuke.com/fangyuan/4541258387893256,3室1厅|合租|精装修|高层(共23层),已爬取
6066,曲沂社区(C区),678225,https://liny.zu.anjuke.com/fangyuan/4593784495942659,1室1厅|合租|豪华装修|高层(共19层),已爬取
6067,曲沂社区(C区),678225,https://liny.zu.anjuke.com/fangyuan/4607269689236482,3室2厅|合租|精装修|高层(共19层),已爬取
6068,曲沂社区(C区),678225,https://liny.zu.anjuke.com/fangyuan/4629582628690959,3室2厅|合租|精装修|中层(共19层),已爬取
6069,天翔花园(B区),677858,https://liny.zu.anjuke.com/fangyuan/4332079575621644,2室2厅|合租|精装修|高层(共11层),已爬取
6070,天翔花园(B区),677858,https://liny.zu.anjuke.com/fangyuan/4266563183422469,3室1厅|合租|精装修|中层(共30层),已爬取
6071,天翔花园(B区),677858,https://liny.zu.anjuke.com/fangyuan/4626593280011274,3室1厅|合租|精装修|低层(共16层),已爬取
6072,天翔花园(B区),677858,https://liny.zu.anjuke.com/fangyuan/4535684404456452,3室2厅|合租|精装修|低层(共8层),已爬取
6073,天翔花园(B区),677858,https://liny.zu.anjuke.com/fangyuan/4616387275908103,3室2厅|合租|精装修|低层(共30层),已爬取
6074,天翔花园(B区),677858,https://liny.zu.anjuke.com/fangyuan/4306396706037771,3室2厅|合租|精装修|中层(共18层),已爬取
6075,天翔花园(B区),677858,https://liny.zu.anjuke.com/fangyuan/4591312395971591,3室2厅|合租|精装修|低层(共18层),已爬取
6076,天翔花园(B区),677858,https://liny.zu.anjuke.com/fangyuan/4602246976777218,3室2厅|合租|精装修|低层(共22层),已爬取
6077,天翔花园(B区),677858,https://liny.zu.anjuke.com/fangyuan/4376046272850959,3室2厅|合租|精装修|低层(共11层),已爬取
6078,天翔花园(B区),677858,https://liny.zu.anjuke.com/fangyuan/4576854180668419,3室1厅|合租|精装修|低层(共30层),已爬取
6079,朝阳家园,1081718,https://liny.zu.anjuke.com/fangyuan/4611833725807622,2室2厅|整租|简单装修|中层(共6层),已爬取
6080,府东花园,677838,https://liny.zu.anjuke.com/fangyuan/4347628372433933,4室2厅|合租|简单装修|共5层,已爬取
6081,府东花园,677838,https://liny.zu.anjuke.com/fangyuan/4166374109568010,4室2厅|合租|简单装修|共5层,已爬取
6082,府东花园,677838,https://liny.zu.anjuke.com/fangyuan/4630914264951822,4室1厅|合租|精装修|低层(共6层),已爬取
6083,府东花园,677838,https://liny.zu.anjuke.com/fangyuan/4377582092262412,4室2厅|合租|简单装修|共5层,已爬取
6084,中苑小区,973269,https://liny.zu.anjuke.com/fangyuan/4508864634346498,4室2厅|整租|简单装修|中层(共6层),已爬取
6085,中苑小区,973269,https://liny.zu.anjuke.com/fangyuan/4508880579648514,4室2厅|整租|简单装修|中层(共6层),已爬取
6086,海润尚东国际(北区),973284,https://liny.zu.anjuke.com/fangyuan/4584198039727111,3室2厅|整租|精装修|高层(共28层),已爬取
6087,海润尚东国际(北区),973284,https://liny.zu.anjuke.com/fangyuan/4551119502400522,2室2厅|整租|精装修|低层(共27层),已爬取
6088,海润尚东国际(北区),973284,https://liny.zu.anjuke.com/fangyuan/4620628339876874,3室2厅|整租|简单装修|高层(共22层),已爬取
6089,海润尚东国际(北区),973284,https://liny.zu.anjuke.com/fangyuan/4585262100507656,3室2厅|整租|精装修|中层(共15层),已爬取
6090,海润尚东国际(北区),973284,https://liny.zu.anjuke.com/fangyuan/4538821631503367,3室2厅|整租|精装修|低层(共21层),已爬取
6091,海润尚东国际(北区),973284,https://liny.zu.anjuke.com/fangyuan/4588110891525125,3室2厅|整租|精装修|中层(共18层),已爬取
6092,德兴雅苑,995826,https://liny.zu.anjuke.com/fangyuan/4469150029095942,1室1厅|整租|精装修|高层(共31层),已爬取
6093,德兴雅苑,995826,https://liny.zu.anjuke.com/fangyuan/4479262839577605,2室2厅|整租|精装修|高层(共31层),已爬取
6094,德兴雅苑,995826,https://liny.zu.anjuke.com/fangyuan/3149925079849998,1室1厅|整租|精装修|高层(共16层),已爬取
6095,德兴雅苑,995826,https://liny.zu.anjuke.com/fangyuan/4482269291863048,2室2厅|整租|精装修|高层(共29层),已爬取
6096,德兴雅苑,995826,https://liny.zu.anjuke.com/fangyuan/4629497552378886,1室1厅|整租|精装修|低层(共30层),已爬取
6097,德兴雅苑,995826,https://liny.zu.anjuke.com/fangyuan/4632796803605510,1室1厅|整租|精装修|中层(共15层),已爬取
6098,德兴雅苑,995826,https://liny.zu.anjuke.com/fangyuan/4383305265193992,1室0厅|整租|精装修|高层(共30层),已爬取
6099,德兴雅苑,995826,https://liny.zu.anjuke.com/fangyuan/4603981942676483,1室1厅|整租|精装修|高层(共16层),已爬取
6100,华前广场富华小区(C区),1190488,https://liny.zu.anjuke.com/fangyuan/4612066089051149,3室2厅|合租|精装修|中层(共30层),已爬取
6101,华前广场富华小区(C区),1190488,https://liny.zu.anjuke.com/fangyuan/4592587204387840,2室2厅|合租|精装修|低层(共24层),已爬取
6102,华前广场富华小区(C区),1190488,https://liny.zu.anjuke.com/fangyuan/4550605464593423,1室1厅|整租|精装修|中层(共15层),已爬取
6103,华前广场富华小区(C区),1190488,https://liny.zu.anjuke.com/fangyuan/4572696143438860,2室2厅|整租|简单装修|低层(共17层),已爬取
6104,华前广场富华小区(C区),1190488,https://liny.zu.anjuke.com/fangyuan/4513640754961417,1室1厅|整租|精装修|中层(共33层),已爬取
6105,华前广场富华小区(C区),1190488,https://liny.zu.anjuke.com/fangyuan/3978273541315590,3室2厅|整租|豪华装修|高层(共17层),已爬取
6106,华前广场富华小区(C区),1190488,https://liny.zu.anjuke.com/fangyuan/4221473301797902,1室1厅|整租|精装修|中层(共30层),已爬取
6107,华前广场富华小区(C区),1190488,https://liny.zu.anjuke.com/fangyuan/4515972340638729,2室1厅|整租|精装修|中层(共17层),已爬取
6108,华前广场富华小区(C区),1190488,https://liny.zu.anjuke.com/fangyuan/4549985613800458,1室1厅|整租|豪华装修|中层(共29层),已爬取
6109,华前广场富华小区(C区),1190488,https://liny.zu.anjuke.com/fangyuan/4292736597302273,3室1厅|合租|简单装修|中层(共30层),已爬取
6110,双月小区,937902,https://liny.zu.anjuke.com/fangyuan/4623527578426381,3室2厅|整租|简单装修|中层(共6层),已爬取
6111,双月小区,937902,https://liny.zu.anjuke.com/fangyuan/4633286800038917,3室2厅|整租|简单装修|低层(共6层),已爬取
6112,双月小区,937902,https://liny.zu.anjuke.com/fangyuan/4613820870695939,3室2厅|整租|简单装修|中层(共6层),已爬取
6113,双月小区,937902,https://liny.zu.anjuke.com/fangyuan/4622007509263368,3室2厅|整租|简单装修|中层(共6层),已爬取
6114,双月小区,937902,https://liny.zu.anjuke.com/fangyuan/4528583692082177,3室2厅|整租|简单装修|共5层,已爬取
6115,双月小区,937902,https://liny.zu.anjuke.com/fangyuan/4365010740109319,3室2厅|整租|简单装修|共5层,已爬取
6116,双月小区,937902,https://liny.zu.anjuke.com/fangyuan/4623451807935494,3室2厅|整租|简单装修|共5层,已爬取
6117,双月小区,937902,https://liny.zu.anjuke.com/fangyuan/4615288731376643,2室2厅|整租|简单装修|低层(共6层),已爬取
6118,双月小区,937902,https://liny.zu.anjuke.com/fangyuan/4612615631825934,3室2厅|整租|简单装修|中层(共6层),已爬取
6119,双月小区,937902,https://liny.zu.anjuke.com/fangyuan/4616631047349248,3室2厅|整租|简单装修|中层(共6层),已爬取
6120,永福苑,677646,https://liny.zu.anjuke.com/fangyuan/4623475008924676,1室1厅|整租|简单装修|高层(共11层),已爬取
6121,平安花园(临沭),676717,https://liny.zu.anjuke.com/fangyuan/4528805597142022,3室2厅|整租|简单装修|高层(共6层),已爬取
6122,永恒三通花园,973244,https://liny.zu.anjuke.com/fangyuan/4535703950107650,3室2厅|整租|精装修|中层(共6层),已爬取
6123,文昌府,1599029,https://liny.zu.anjuke.com/fangyuan/4582667489289228,3室2厅|整租|精装修|高层(共20层),已爬取
6124,文昌府,1599029,https://liny.zu.anjuke.com/fangyuan/4622314230946819,3室2厅|整租|精装修|低层(共17层),已爬取
6125,文昌府,1599029,https://liny.zu.anjuke.com/fangyuan/4571529022233604,3室2厅|整租|简单装修|高层(共20层),已爬取
6126,金地华府,677607,https://liny.zu.anjuke.com/fangyuan/4557148415175680,3室2厅|整租|精装修|低层(共6层),已爬取
6127,金地华府,677607,https://liny.zu.anjuke.com/fangyuan/4618894686053390,3室2厅|整租|精装修|共5层,已爬取
6128,金地华府,677607,https://liny.zu.anjuke.com/fangyuan/4618271553268738,3室2厅|整租|精装修|低层(共6层),已爬取
6129,东方御景小区,1007305,https://liny.zu.anjuke.com/fangyuan/4546999273858059,3室2厅|整租|简单装修|高层(共6层),已爬取
6130,东方御景小区,1007305,https://liny.zu.anjuke.com/fangyuan/4627640178353159,2室2厅|整租|精装修|高层(共6层),已爬取
6131,玉龙园,1055573,https://liny.zu.anjuke.com/fangyuan/4567614642789390,3室2厅|整租|精装修|中层(共6层),已爬取
6132,玉龙园,1055573,https://liny.zu.anjuke.com/fangyuan/4564710948350978,2室2厅|整租|精装修|共5层,已爬取
6133,玉龙园,1055573,https://liny.zu.anjuke.com/fangyuan/4538537891013637,2室2厅|整租|精装修|中层(共17层),已爬取
6134,玉龙园,1055573,https://liny.zu.anjuke.com/fangyuan/4572511055176715,3室2厅|整租|精装修|高层(共18层),已爬取
6135,玉龙园,1055573,https://liny.zu.anjuke.com/fangyuan/4613812377838594,3室2厅|整租|简单装修|共5层,已爬取
6136,玉龙园,1055573,https://liny.zu.anjuke.com/fangyuan/4565996674509839,3室2厅|整租|精装修|高层(共18层),已爬取
6137,玉龙园,1055573,https://liny.zu.anjuke.com/fangyuan/4594411215461384,3室2厅|整租|精装修|共5层,已爬取
6138,玉龙园,1055573,https://liny.zu.anjuke.com/fangyuan/4595839247342593,2室2厅|整租|精装修|低层(共6层),已爬取
6139,玉龙园,1055573,https://liny.zu.anjuke.com/fangyuan/4276712988826636,3室2厅|整租|精装修|中层(共17层),已爬取
6140,大成家苑,972868,https://liny.zu.anjuke.com/fangyuan/4599580983878666,2室2厅|整租|简单装修|中层(共11层),已爬取
6141,大成家苑,972868,https://liny.zu.anjuke.com/fangyuan/4623462759504901,3室2厅|整租|精装修|高层(共11层),已爬取
6142,大成家苑,972868,https://liny.zu.anjuke.com/fangyuan/4624922422877187,3室2厅|整租|简单装修|高层(共6层),已爬取
6143,大成家苑,972868,https://liny.zu.anjuke.com/fangyuan/4631968672703497,2室2厅|整租|简单装修|高层(共7层),已爬取
6144,大成家苑,972868,https://liny.zu.anjuke.com/fangyuan/4595436224175108,3室2厅|整租|简单装修|中层(共6层),已爬取
6145,大成家苑,972868,https://liny.zu.anjuke.com/fangyuan/4630534580102154,3室2厅|整租|精装修|高层(共6层),已爬取
6146,大成家苑,972868,https://liny.zu.anjuke.com/fangyuan/4267237265140744,3室2厅|整租|精装修|高层(共6层),已爬取
6147,大成家苑,972868,https://liny.zu.anjuke.com/fangyuan/4589737020058635,3室2厅|整租|精装修|高层(共11层),已爬取
6148,大成家苑,972868,https://liny.zu.anjuke.com/fangyuan/4623453318700042,3室2厅|整租|精装修|高层(共11层),已爬取
6149,一品观园(别墅),973208,https://liny.zu.anjuke.com/fangyuan/4491097424948233,4室2厅|整租|豪华装修|共3层,已爬取
6150,临沂大学宿舍区(南),1046633,https://liny.zu.anjuke.com/fangyuan/4582219032536076,3室2厅|合租|精装修|中层(共6层),已爬取
6151,临沂大学宿舍区(南),1046633,https://liny.zu.anjuke.com/fangyuan/4586764221180941,3室2厅|合租|精装修|中层(共6层),已爬取
6152,临沂大学宿舍区(南),1046633,https://liny.zu.anjuke.com/fangyuan/4510182570716164,3室2厅|合租|精装修|中层(共6层),已爬取
6153,临沂大学宿舍区(南),1046633,https://liny.zu.anjuke.com/fangyuan/4570936973650956,3室2厅|合租|精装修|中层(共6层),已爬取
6154,临沂大学宿舍区(南),1046633,https://liny.zu.anjuke.com/fangyuan/4633310866959361,3室2厅|合租|精装修|共5层,已爬取
6155,临沂大学宿舍区(南),1046633,https://liny.zu.anjuke.com/fangyuan/4571741938658311,3室1厅|整租|简单装修|共5层,已爬取
6156,临沂大学宿舍区(南),1046633,https://liny.zu.anjuke.com/fangyuan/4554123967636487,3室1厅|合租|简单装修|中层(共6层),已爬取
6157,临沂大学宿舍区(南),1046633,https://liny.zu.anjuke.com/fangyuan/4627067472718854,3室1厅|合租|精装修|中层(共7层),已爬取
6158,临沂大学宿舍区(南),1046633,https://liny.zu.anjuke.com/fangyuan/4471220300524558,3室1厅|整租|简单装修|共5层,已爬取
6159,临沂大学宿舍区(南),1046633,https://liny.zu.anjuke.com/fangyuan/4630474456671244,3室1厅|合租|精装修|低层(共6层),已爬取
6160,砚台岭社区B区,1186417,https://liny.zu.anjuke.com/fangyuan/4124507932240904,3室2厅|合租|精装修|中层(共8层),已爬取
6161,砚台岭社区B区,1186417,https://liny.zu.anjuke.com/fangyuan/4608530086784008,4室2厅|合租|精装修|中层(共6层),已爬取
6162,砚台岭社区B区,1186417,https://liny.zu.anjuke.com/fangyuan/4519294877936653,3室2厅|整租|精装修|中层(共6层),已爬取
6163,砚台岭社区B区,1186417,https://liny.zu.anjuke.com/fangyuan/4518987207339020,6室3厅|整租|简单装修|共3层,已爬取
6164,砚台岭社区B区,1186417,https://liny.zu.anjuke.com/fangyuan/4622337264444426,3室2厅|合租|精装修|低层(共6层),已爬取
6165,砚台岭社区B区,1186417,https://liny.zu.anjuke.com/fangyuan/4474214087011339,3室2厅|整租|豪华装修|低层(共18层),已爬取
6166,砚台岭社区B区,1186417,https://liny.zu.anjuke.com/fangyuan/4614261971868679,3室2厅|合租|精装修|低层(共30层),已爬取
6167,砚台岭社区B区,1186417,https://liny.zu.anjuke.com/fangyuan/4077081078423565,3室2厅|合租|精装修|低层(共6层),已爬取
6168,砚台岭社区B区,1186417,https://liny.zu.anjuke.com/fangyuan/4602196914875394,2室2厅|整租|精装修|高层(共6层),已爬取
6169,砚台岭社区B区,1186417,https://liny.zu.anjuke.com/fangyuan/4575327795586055,3室2厅|整租|简单装修|中层(共6层),已爬取
6170,九州唐樾,1256982,https://liny.zu.anjuke.com/fangyuan/4507476168352770,3室2厅|整租|毛坯|低层(共25层),已爬取
6171,九州唐樾,1256982,https://liny.zu.anjuke.com/fangyuan/4490625006001167,3室2厅|整租|毛坯|高层(共26层),已爬取
6172,九州唐樾,1256982,https://liny.zu.anjuke.com/fangyuan/4511803556832261,3室2厅|整租|精装修|低层(共26层),已爬取
6173,九州唐樾,1256982,https://liny.zu.anjuke.com/fangyuan/4620647912662020,3室2厅|整租|简单装修|中层(共26层),已爬取
6174,九州唐樾,1256982,https://liny.zu.anjuke.com/fangyuan/4620559466163202,3室2厅|整租|简单装修|中层(共26层),已爬取
6175,九州唐樾,1256982,https://liny.zu.anjuke.com/fangyuan/4626186985675788,3室2厅|整租|毛坯|低层(共17层),已爬取
6176,九州唐樾,1256982,https://liny.zu.anjuke.com/fangyuan/4607115723484160,3室2厅|合租|精装修|中层(共20层),已爬取
6177,九州唐樾,1256982,https://liny.zu.anjuke.com/fangyuan/4631006875540482,4室2厅|整租|简单装修|低层(共20层),已爬取
6178,九州唐樾,1256982,https://liny.zu.anjuke.com/fangyuan/4558367962866697,3室2厅|整租|毛坯|高层(共21层),已爬取
6179,九州唐樾,1256982,https://liny.zu.anjuke.com/fangyuan/4616823526874118,3室2厅|整租|精装修|高层(共17层),已爬取
6180,碧翠苑,678156,https://liny.zu.anjuke.com/fangyuan/4570078615448591,3室2厅|整租|简单装修|低层(共6层),已爬取
6181,碧翠苑,678156,https://liny.zu.anjuke.com/fangyuan/4532832371874818,3室2厅|整租|简单装修|共5层,已爬取
6182,碧翠苑,678156,https://liny.zu.anjuke.com/fangyuan/4565560764558347,3室2厅|整租|精装修|共5层,已爬取
6183,碧翠苑,678156,https://liny.zu.anjuke.com/fangyuan/4527480922563598,3室1厅|整租|精装修|共5层,已爬取
6184,碧翠苑,678156,https://liny.zu.anjuke.com/fangyuan/4558630220243978,3室2厅|整租|精装修|低层(共6层),已爬取
6185,碧翠苑,678156,https://liny.zu.anjuke.com/fangyuan/4613409687481352,3室2厅|整租|简单装修|低层(共6层),已爬取
6186,十里阳光,972735,https://liny.zu.anjuke.com/fangyuan/4496288551574540,3室2厅|整租|精装修|中层(共6层),已爬取
6187,十里阳光,972735,https://liny.zu.anjuke.com/fangyuan/4562576615562240,3室2厅|整租|精装修|中层(共6层),已爬取
6188,十里阳光,972735,https://liny.zu.anjuke.com/fangyuan/4566847071577096,3室2厅|整租|精装修|中层(共23层),已爬取
6189,十里阳光,972735,https://liny.zu.anjuke.com/fangyuan/4609349955034116,3室2厅|整租|精装修|高层(共29层),已爬取
6190,十里阳光,972735,https://liny.zu.anjuke.com/fangyuan/4615517187664910,3室2厅|整租|精装修|低层(共17层),已爬取
6191,十里阳光,972735,https://liny.zu.anjuke.com/fangyuan/4513448935037966,3室2厅|整租|精装修|低层(共17层),已爬取
6192,十里阳光,972735,https://liny.zu.anjuke.com/fangyuan/4577103459509248,3室2厅|整租|简单装修|高层(共17层),已爬取
6193,十里阳光,972735,https://liny.zu.anjuke.com/fangyuan/4521404467323904,3室2厅|整租|简单装修|高层(共23层),已爬取
6194,十里阳光,972735,https://liny.zu.anjuke.com/fangyuan/4583915594062853,3室2厅|整租|精装修|中层(共6层),已爬取
6195,林村小区,677649,https://liny.zu.anjuke.com/fangyuan/4565865795169293,2室2厅|整租|精装修|中层(共6层),已爬取
6196,万图海德公馆,973152,https://liny.zu.anjuke.com/fangyuan/4631931736730624,3室2厅|整租|精装修|中层(共17层),已爬取
6197,万图海德公馆,973152,https://liny.zu.anjuke.com/fangyuan/4341785740139526,3室2厅|整租|简单装修|低层(共18层),已爬取
6198,万图海德公馆,973152,https://liny.zu.anjuke.com/fangyuan/4554102294031370,3室2厅|整租|精装修|中层(共17层),已爬取
6199,万图海德公馆,973152,https://liny.zu.anjuke.com/fangyuan/4484056830536709,3室2厅|整租|精装修|低层(共17层),已爬取
6200,万图海德公馆,973152,https://liny.zu.anjuke.com/fangyuan/4619519235204104,3室2厅|整租|精装修|中层(共17层),已爬取
6201,万图海德公馆,973152,https://liny.zu.anjuke.com/fangyuan/4621210537108491,3室2厅|整租|简单装修|中层(共17层),已爬取
6202,万图海德公馆,973152,https://liny.zu.anjuke.com/fangyuan/4408285097700357,3室2厅|整租|精装修|低层(共30层),已爬取
6203,万图海德公馆,973152,https://liny.zu.anjuke.com/fangyuan/4598359077807116,3室2厅|整租|精装修|中层(共17层),已爬取
6204,金域国际,938432,https://liny.zu.anjuke.com/fangyuan/4596799014804488,3室2厅|整租|精装修|高层(共9层),已爬取
6205,金域国际,938432,https://liny.zu.anjuke.com/fangyuan/3827924729834501,3室2厅|整租|精装修|高层(共9层),已爬取
6206,金域国际,938432,https://liny.zu.anjuke.com/fangyuan/4596802270520330,3室2厅|整租|精装修|高层(共9层),已爬取
6207,金域国际,938432,https://liny.zu.anjuke.com/fangyuan/4622271138849796,3室2厅|整租|简单装修|高层(共9层),已爬取
6208,金域国际,938432,https://liny.zu.anjuke.com/fangyuan/4630471236066315,3室2厅|整租|精装修|中层(共9层),已爬取
6209,金域国际,938432,https://liny.zu.anjuke.com/fangyuan/4596919289064449,3室2厅|整租|精装修|中层(共11层),已爬取
6210,华明园,972935,https://liny.zu.anjuke.com/fangyuan/4583901355301896,5室2厅|整租|精装修|共2层,已爬取
6211,锦绣嘉园(郯城),972998,https://liny.zu.anjuke.com/fangyuan/4485175935265801,3室2厅|整租|精装修|高层(共6层),已爬取
6212,蓝湾国际(C区),676844,https://liny.zu.anjuke.com/fangyuan/4632041368923149,1室1厅|合租|精装修|低层(共24层),已爬取
6213,蓝湾国际(C区),676844,https://liny.zu.anjuke.com/fangyuan/4620554438581260,1室1厅|合租|精装修|低层(共13层),已爬取
6214,蓝湾国际(C区),676844,https://liny.zu.anjuke.com/fangyuan/4025137839418379,3室2厅|整租|精装修|高层(共6层),已爬取
6215,蓝湾国际(C区),676844,https://liny.zu.anjuke.com/fangyuan/4575451664030733,2室2厅|整租|精装修|低层(共21层),已爬取
6216,蓝湾国际(C区),676844,https://liny.zu.anjuke.com/fangyuan/4628237831740430,3室2厅|合租|精装修|低层(共16层),已爬取
6217,蓝湾国际(C区),676844,https://liny.zu.anjuke.com/fangyuan/4554558877936645,2室2厅|整租|精装修|低层(共16层),已爬取
6218,蓝湾国际(C区),676844,https://liny.zu.anjuke.com/fangyuan/4613427073410051,1室1厅|合租|精装修|低层(共13层),已爬取
6219,蓝湾国际(C区),676844,https://liny.zu.anjuke.com/fangyuan/4632018788523014,3室2厅|合租|精装修|低层(共16层),已爬取
6220,蓝湾国际(C区),676844,https://liny.zu.anjuke.com/fangyuan/4631091307078665,1室1厅|合租|精装修|低层(共16层),已爬取
6221,蓝湾国际(C区),676844,https://liny.zu.anjuke.com/fangyuan/4604511594458123,1室1厅|整租|豪华装修|高层(共21层),已爬取
6222,爱伦坡(别墅),972830,https://liny.zu.anjuke.com/fangyuan/4607141386480653,5室3厅|整租|精装修|共4层,已爬取
6223,爱伦坡(别墅),972830,https://liny.zu.anjuke.com/fangyuan/4587009378378754,6室4厅|整租|豪华装修|共3层,已爬取
6224,爱伦坡(别墅),972830,https://liny.zu.anjuke.com/fangyuan/4587065759624202,6室3厅|整租|精装修|共2层,已爬取
6225,东城社区(郯城),972877,https://liny.zu.anjuke.com/fangyuan/4622547223340039,3室2厅|整租|精装修|共5层,已爬取
6226,东城社区(郯城),972877,https://liny.zu.anjuke.com/fangyuan/4621077047159810,3室2厅|整租|精装修|共5层,已爬取
6227,东城社区(郯城),972877,https://liny.zu.anjuke.com/fangyuan/4382771293449223,3室2厅|整租|简单装修|共5层,已爬取
6228,东城社区(郯城),972877,https://liny.zu.anjuke.com/fangyuan/4586621551240192,3室2厅|整租|简单装修|共5层,已爬取
6229,绣福泉花园,678185,https://liny.zu.anjuke.com/fangyuan/4511636984159235,3室2厅|整租|简单装修|中层(共6层),已爬取
6230,儒辰丹枫园,1127034,https://liny.zu.anjuke.com/fangyuan/4186237969013765,2室1厅|整租|精装修|中层(共25层),已爬取
6231,儒辰丹枫园,1127034,https://liny.zu.anjuke.com/fangyuan/4577091640323075,1室1厅|整租|精装修|高层(共28层),已爬取
6232,儒辰丹枫园,1127034,https://liny.zu.anjuke.com/fangyuan/4585721885025291,1室1厅|整租|精装修|高层(共29层),已爬取
6233,儒辰丹枫园,1127034,https://liny.zu.anjuke.com/fangyuan/4628074026722317,1室1厅|整租|精装修|高层(共25层),已爬取
6234,儒辰丹枫园,1127034,https://liny.zu.anjuke.com/fangyuan/4628023548992521,1室1厅|整租|精装修|高层(共26层),已爬取
6235,儒辰丹枫园,1127034,https://liny.zu.anjuke.com/fangyuan/4605369479537668,1室1厅|整租|精装修|高层(共28层),已爬取
6236,儒辰丹枫园,1127034,https://liny.zu.anjuke.com/fangyuan/4585674389890054,1室1厅|整租|精装修|中层(共29层),已爬取
6237,儒辰丹枫园,1127034,https://liny.zu.anjuke.com/fangyuan/4603799656639490,1室1厅|整租|精装修|高层(共28层),已爬取
6238,儒辰丹枫园,1127034,https://liny.zu.anjuke.com/fangyuan/4629815650348038,1室1厅|整租|精装修|中层(共30层),已爬取
6239,儒辰丹枫园,1127034,https://liny.zu.anjuke.com/fangyuan/4387675550262282,1室0厅|整租|精装修|低层(共30层),已爬取
6240,金地家园(B区),972963,https://liny.zu.anjuke.com/fangyuan/4534451711679490,3室2厅|整租|简单装修|中层(共6层),已爬取
6241,金地家园(B区),972963,https://liny.zu.anjuke.com/fangyuan/4534257391559681,5室3厅|整租|简单装修|共5层,已爬取
6242,阳光新城(罗庄),1052585,https://liny.zu.anjuke.com/fangyuan/4633867300611083,3室2厅|整租|精装修|高层(共16层),已爬取
6243,阳光新城(罗庄),1052585,https://liny.zu.anjuke.com/fangyuan/4295570427748364,3室2厅|整租|精装修|高层(共17层),已爬取
6244,阳光新城(罗庄),1052585,https://liny.zu.anjuke.com/fangyuan/4628159665923084,3室2厅|整租|精装修|高层(共17层),已爬取
6245,海联江山里,1054478,https://liny.zu.anjuke.com/fangyuan/4479415501745153,3室2厅|整租|精装修|中层(共11层),已爬取
6246,海联江山里,1054478,https://liny.zu.anjuke.com/fangyuan/4589635843697677,3室2厅|整租|精装修|中层(共10层),已爬取
6247,海联江山里,1054478,https://liny.zu.anjuke.com/fangyuan/4593761305402376,3室2厅|整租|精装修|中层(共11层),已爬取
6248,海联江山里,1054478,https://liny.zu.anjuke.com/fangyuan/4557246313423878,5室2厅|整租|精装修|共4层,已爬取
6249,海联江山里,1054478,https://liny.zu.anjuke.com/fangyuan/4516218681598977,3室2厅|整租|精装修|中层(共11层),已爬取
6250,九州悦府,1483586,https://liny.zu.anjuke.com/fangyuan/4619793303530500,3室2厅|整租|简单装修|中层(共33层),已爬取
6251,九州悦府,1483586,https://liny.zu.anjuke.com/fangyuan/4491928935932933,1室1厅|整租|简单装修|中层(共11层),已爬取
6252,九州悦府,1483586,https://liny.zu.anjuke.com/fangyuan/4612603161306125,3室2厅|整租|精装修|中层(共33层),已爬取
6253,九州悦府,1483586,https://liny.zu.anjuke.com/fangyuan/4616715528332288,1室1厅|整租|精装修|中层(共17层),已爬取
6254,九州悦府,1483586,https://liny.zu.anjuke.com/fangyuan/4539853600922633,1室1厅|整租|简单装修|低层(共20层),已爬取
6255,九州悦府,1483586,https://liny.zu.anjuke.com/fangyuan/4625123775831045,3室2厅|整租|简单装修|高层(共30层),已爬取
6256,九州悦府,1483586,https://liny.zu.anjuke.com/fangyuan/4582340200803336,1室1厅|整租|简单装修|中层(共8层),已爬取
6257,九州悦府,1483586,https://liny.zu.anjuke.com/fangyuan/2938201660697615,1室1厅|整租|精装修|中层(共20层),已爬取
6258,九州悦府,1483586,https://liny.zu.anjuke.com/fangyuan/4327564492282890,1室1厅|整租|精装修|中层(共11层),已爬取
6259,九州悦府,1483586,https://liny.zu.anjuke.com/fangyuan/4626087618518019,1室1厅|整租|简单装修|中层(共8层),已爬取
6260,开元帕缇欧,677036,https://liny.zu.anjuke.com/fangyuan/4466378867188740,3室2厅|整租|精装修|中层(共6层),已爬取
6261,开元帕缇欧,677036,https://liny.zu.anjuke.com/fangyuan/4543168898391051,3室2厅|整租|精装修|中层(共6层),已爬取
6262,沂景花园,1046907,https://liny.zu.anjuke.com/fangyuan/4632368004488204,3室2厅|整租|简单装修|低层(共6层),已爬取
6263,沂景花园,1046907,https://liny.zu.anjuke.com/fangyuan/4583032724827144,3室2厅|整租|精装修|低层(共6层),已爬取
6264,沂景花园,1046907,https://liny.zu.anjuke.com/fangyuan/4628270038588421,3室2厅|整租|简单装修|共5层,已爬取
6265,沂景花园,1046907,https://liny.zu.anjuke.com/fangyuan/4615053936532480,3室2厅|整租|简单装修|低层(共6层),已爬取
6266,沂景花园,1046907,https://liny.zu.anjuke.com/fangyuan/4525721192082440,3室2厅|整租|简单装修|共5层,已爬取
6267,永安居,973242,https://liny.zu.anjuke.com/fangyuan/4576736598961164,3室2厅|整租|精装修|低层(共6层),已爬取
6268,永安居,973242,https://liny.zu.anjuke.com/fangyuan/4592394188741643,3室2厅|整租|精装修|低层(共6层),已爬取
6269,永安居,973242,https://liny.zu.anjuke.com/fangyuan/4622683412702222,4室1厅|整租|精装修|共2层,已爬取
6270,怡馨苑,973228,https://liny.zu.anjuke.com/fangyuan/4624887916489736,3室2厅|整租|简单装修|共5层,已爬取
6271,怡馨苑,973228,https://liny.zu.anjuke.com/fangyuan/4611828923737088,3室2厅|整租|简单装修|共5层,已爬取
6272,怡馨苑,973228,https://liny.zu.anjuke.com/fangyuan/4620992540601345,3室2厅|整租|简单装修|共5层,已爬取
6273,理工学府(A区)(1-9号楼),1156542,https://liny.zu.anjuke.com/fangyuan/4519032267891714,4室2厅|整租|精装修|高层(共17层),已爬取
6274,理工学府(A区)(1-9号楼),1156542,https://liny.zu.anjuke.com/fangyuan/4484742035956745,4室2厅|整租|简单装修|高层(共17层),已爬取
6275,理工学府(A区)(1-9号楼),1156542,https://liny.zu.anjuke.com/fangyuan/4544501319281671,4室2厅|整租|精装修|高层(共17层),已爬取
6276,凤凰家园(三期),1593465,https://liny.zu.anjuke.com/fangyuan/4625439271592975,3室2厅|合租|精装修|中层(共28层),已爬取
6277,凤凰家园(三期),1593465,https://liny.zu.anjuke.com/fangyuan/4632107448296463,1室1厅|合租|精装修|中层(共28层),已爬取
6278,凤凰家园(三期),1593465,https://liny.zu.anjuke.com/fangyuan/4631805716685828,1室1厅|合租|精装修|高层(共17层),已爬取
6279,凤凰家园(三期),1593465,https://liny.zu.anjuke.com/fangyuan/4612156445109250,3室1厅|合租|精装修|低层(共20层),已爬取
6280,凤凰家园(三期),1593465,https://liny.zu.anjuke.com/fangyuan/4595674890873858,1室1厅|整租|精装修|低层(共16层),已爬取
6281,凤凰家园(三期),1593465,https://liny.zu.anjuke.com/fangyuan/4603967194655748,1室1厅|整租|精装修|低层(共16层),已爬取
6282,凤凰家园(三期),1593465,https://liny.zu.anjuke.com/fangyuan/4580813735439369,3室2厅|整租|精装修|高层(共17层),已爬取
6283,凤凰家园(三期),1593465,https://liny.zu.anjuke.com/fangyuan/4606500421147663,3室1厅|合租|精装修|中层(共16层),已爬取
6284,凤凰家园(三期),1593465,https://liny.zu.anjuke.com/fangyuan/4610721706468360,2室2厅|整租|精装修|中层(共17层),已爬取
6285,凤凰家园(三期),1593465,https://liny.zu.anjuke.com/fangyuan/4618250582352907,3室2厅|整租|简单装修|中层(共11层),已爬取
6286,城建锦绣里,1660606,https://liny.zu.anjuke.com/fangyuan/4634090123043844,3室2厅|整租|精装修|中层(共26层),已爬取
6287,城建锦绣里,1660606,https://liny.zu.anjuke.com/fangyuan/4623458936103943,3室2厅|整租|精装修|中层(共23层),已爬取
6288,桃园社区,1446810,https://liny.zu.anjuke.com/fangyuan/4632215217892363,1室2厅|整租|简单装修|中层(共17层),已爬取
6289,桃园社区,1446810,https://liny.zu.anjuke.com/fangyuan/4632116392860677,2室2厅|整租|简单装修|低层(共17层),已爬取
6290,桃园社区,1446810,https://liny.zu.anjuke.com/fangyuan/4629282423577600,3室2厅|整租|精装修|中层(共17层),已爬取
6291,桃园社区,1446810,https://liny.zu.anjuke.com/fangyuan/4505233173158917,3室2厅|合租|简单装修|高层(共18层),已爬取
6292,桃园社区,1446810,https://liny.zu.anjuke.com/fangyuan/4446746412702724,1室1厅|整租|简单装修|低层(共17层),已爬取
6293,桃园社区,1446810,https://liny.zu.anjuke.com/fangyuan/4632558132749324,3室2厅|整租|简单装修|中层(共17层),已爬取
6294,桃园社区,1446810,https://liny.zu.anjuke.com/fangyuan/4632531743431683,2室2厅|整租|简单装修|高层(共17层),已爬取
6295,桃园社区,1446810,https://liny.zu.anjuke.com/fangyuan/4614268727223310,3室2厅|合租|精装修|低层(共11层),已爬取
6296,桃园社区,1446810,https://liny.zu.anjuke.com/fangyuan/4494984326097926,3室1厅|合租|简单装修|中层(共17层),已爬取
6297,桃园社区,1446810,https://liny.zu.anjuke.com/fangyuan/4630956062731274,3室2厅|合租|精装修|中层(共17层),已爬取
6298,滨河润城,938789,https://liny.zu.anjuke.com/fangyuan/4632318497467405,3室2厅|整租|精装修|高层(共15层),已爬取
6299,滨河润城,938789,https://liny.zu.anjuke.com/fangyuan/4607890694595594,3室2厅|整租|精装修|高层(共14层),已爬取
6300,滨河润城,938789,https://liny.zu.anjuke.com/fangyuan/4626316314254349,3室2厅|整租|精装修|低层(共14层),已爬取
6301,滨河润城,938789,https://liny.zu.anjuke.com/fangyuan/4480659288402945,3室2厅|整租|简单装修|中层(共14层),已爬取
6302,滨河润城,938789,https://liny.zu.anjuke.com/fangyuan/4545569496278017,3室2厅|整租|简单装修|中层(共17层),已爬取
6303,滨河润城,938789,https://liny.zu.anjuke.com/fangyuan/4607949712157708,3室2厅|整租|精装修|中层(共6层),已爬取
6304,滨河润城,938789,https://liny.zu.anjuke.com/fangyuan/4607186282769422,3室2厅|整租|精装修|高层(共19层),已爬取
6305,滨河润城,938789,https://liny.zu.anjuke.com/fangyuan/4626265988619279,3室2厅|整租|精装修|中层(共6层),已爬取
6306,滨河润城,938789,https://liny.zu.anjuke.com/fangyuan/4565819203677199,3室2厅|整租|精装修|中层(共14层),已爬取
6307,滨河润城,938789,https://liny.zu.anjuke.com/fangyuan/4517313655168002,3室2厅|整租|简单装修|中层(共14层),已爬取
6308,泰和花园(河东),1025061,https://liny.zu.anjuke.com/fangyuan/4580963293502474,3室2厅|整租|精装修|中层(共6层),已爬取
6309,莲花园北区,1135229,https://liny.zu.anjuke.com/fangyuan/4565480976849928,3室2厅|整租|简单装修|共5层,已爬取
6310,莲花园北区,1135229,https://liny.zu.anjuke.com/fangyuan/4628065285202944,3室2厅|整租|简单装修|共5层,已爬取
6311,莲花园北区,1135229,https://liny.zu.anjuke.com/fangyuan/4631002081635330,2室2厅|整租|精装修|共5层,已爬取
6312,联通花园,972691,https://liny.zu.anjuke.com/fangyuan/4633401317317647,3室2厅|整租|精装修|共5层,已爬取
6313,联通花园,972691,https://liny.zu.anjuke.com/fangyuan/4606431113878531,3室2厅|整租|简单装修|低层(共6层),已爬取
6314,联通花园,972691,https://liny.zu.anjuke.com/fangyuan/4601038196333574,4室2厅|合租|精装修|共3层,已爬取
6315,联通花园,972691,https://liny.zu.anjuke.com/fangyuan/4615330528865285,3室2厅|整租|精装修|共5层,已爬取
6316,阳光怡情园,677657,https://liny.zu.anjuke.com/fangyuan/4633370495446027,2室2厅|整租|精装修|低层(共6层),已爬取
6317,阳光怡情园,677657,https://liny.zu.anjuke.com/fangyuan/4617717931940877,3室2厅|整租|精装修|共5层,已爬取
6318,阳光怡情园,677657,https://liny.zu.anjuke.com/fangyuan/4614919081174016,2室2厅|整租|精装修|低层(共6层),已爬取
6319,月亮湾社区,973260,https://liny.zu.anjuke.com/fangyuan/4568387494358028,3室2厅|整租|简单装修|低层(共17层),已爬取
6320,月亮湾社区,973260,https://liny.zu.anjuke.com/fangyuan/4579617566729228,2室1厅|整租|简单装修|高层(共17层),已爬取
6321,月亮湾社区,973260,https://liny.zu.anjuke.com/fangyuan/4365055610347522,3室2厅|整租|精装修|中层(共6层),已爬取
6322,月亮湾社区,973260,https://liny.zu.anjuke.com/fangyuan/4625245738310669,2室2厅|整租|简单装修|低层(共17层),已爬取
6323,月亮湾社区,973260,https://liny.zu.anjuke.com/fangyuan/4633700163689474,3室2厅|整租|简单装修|高层(共17层),已爬取
6324,月亮湾社区,973260,https://liny.zu.anjuke.com/fangyuan/4633751250199563,3室2厅|整租|简单装修|中层(共17层),已爬取
6325,月亮湾社区,973260,https://liny.zu.anjuke.com/fangyuan/4620833290198026,3室2厅|整租|简单装修|共5层,已爬取
6326,月亮湾社区,973260,https://liny.zu.anjuke.com/fangyuan/4514527104822282,3室2厅|整租|简单装修|中层(共6层),已爬取
6327,月亮湾社区,973260,https://liny.zu.anjuke.com/fangyuan/4606788233092105,3室2厅|整租|简单装修|低层(共6层),已爬取
6328,月亮湾社区,973260,https://liny.zu.anjuke.com/fangyuan/4622008493253646,3室2厅|整租|简单装修|高层(共6层),已爬取
6329,浙景玫瑰园,678347,https://liny.zu.anjuke.com/fangyuan/4617727905033220,3室2厅|整租|简单装修|低层(共6层),已爬取
6330,浙景玫瑰园,678347,https://liny.zu.anjuke.com/fangyuan/4610932961436681,3室2厅|整租|简单装修|低层(共6层),已爬取
6331,浙景玫瑰园,678347,https://liny.zu.anjuke.com/fangyuan/4627577266658319,3室2厅|整租|简单装修|中层(共11层),已爬取
6332,浙景玫瑰园,678347,https://liny.zu.anjuke.com/fangyuan/4618175467478028,3室2厅|整租|精装修|中层(共6层),已爬取
6333,浙景玫瑰园,678347,https://liny.zu.anjuke.com/fangyuan/4579647092466697,3室2厅|整租|精装修|低层(共6层),已爬取
6334,浙景玫瑰园,678347,https://liny.zu.anjuke.com/fangyuan/4620898401758217,3室2厅|整租|简单装修|低层(共6层),已爬取
6335,浙景玫瑰园,678347,https://liny.zu.anjuke.com/fangyuan/4593918676495362,3室2厅|整租|简单装修|低层(共6层),已爬取
6336,浙景玫瑰园,678347,https://liny.zu.anjuke.com/fangyuan/4602354927606799,3室2厅|整租|简单装修|低层(共12层),已爬取
6337,浙景玫瑰园,678347,https://liny.zu.anjuke.com/fangyuan/4624864085419008,3室2厅|整租|简单装修|中层(共6层),已爬取
6338,浙景玫瑰园,678347,https://liny.zu.anjuke.com/fangyuan/4579887478414347,1室1厅|整租|精装修|共4层,已爬取
6339,西城花园(兰山),713686,https://liny.zu.anjuke.com/fangyuan/4596963548765195,1室1厅|整租|简单装修|高层(共6层),已爬取
6340,西城花园(兰山),713686,https://liny.zu.anjuke.com/fangyuan/4483353707342852,1室1厅|整租|精装修|低层(共6层),已爬取
6341,西城花园(兰山),713686,https://liny.zu.anjuke.com/fangyuan/4585616478331908,1室1厅|整租|简单装修|低层(共6层),已爬取
6342,西城花园(兰山),713686,https://liny.zu.anjuke.com/fangyuan/4605083874040847,1室1厅|整租|简单装修|高层(共6层),已爬取
6343,西城花园(兰山),713686,https://liny.zu.anjuke.com/fangyuan/4550114786651139,1室1厅|整租|简单装修|共5层,已爬取
6344,西城花园(兰山),713686,https://liny.zu.anjuke.com/fangyuan/4619297079925765,1室1厅|整租|简单装修|高层(共6层),已爬取
6345,西城花园(兰山),713686,https://liny.zu.anjuke.com/fangyuan/4596441911782402,2室2厅|整租|精装修|低层(共6层),已爬取
6346,西城花园(兰山),713686,https://liny.zu.anjuke.com/fangyuan/4631953847639053,2室2厅|整租|精装修|中层(共6层),已爬取
6347,西城花园(兰山),713686,https://liny.zu.anjuke.com/fangyuan/4630797840098319,3室2厅|整租|简单装修|高层(共6层),已爬取
6348,西城花园(兰山),713686,https://liny.zu.anjuke.com/fangyuan/4633952929373199,2室1厅|整租|简单装修|中层(共6层),已爬取
6349,兰苑小区,1062982,https://liny.zu.anjuke.com/fangyuan/4595268189690886,3室2厅|合租|精装修|低层(共30层),已爬取
6350,兰苑小区,1062982,https://liny.zu.anjuke.com/fangyuan/4633645539810319,4室2厅|整租|精装修|低层(共17层),已爬取
6351,兰苑小区,1062982,https://liny.zu.anjuke.com/fangyuan/4534679840447492,4室2厅|整租|精装修|低层(共22层),已爬取
6352,临沂中心,1198619,https://liny.zu.anjuke.com/fangyuan/4508929246092303,3室2厅|合租|精装修|低层(共26层),已爬取
6353,临沂中心,1198619,https://liny.zu.anjuke.com/fangyuan/4507640831994890,3室2厅|合租|精装修|中层(共25层),已爬取
6354,临沂中心,1198619,https://liny.zu.anjuke.com/fangyuan/4596880906380289,1室1厅|整租|精装修|高层(共28层),已爬取
6355,临沂中心,1198619,https://liny.zu.anjuke.com/fangyuan/4591260749507584,3室2厅|合租|精装修|中层(共20层),已爬取
6356,临沂中心,1198619,https://liny.zu.anjuke.com/fangyuan/4595645174473734,1室1厅|整租|精装修|高层(共28层),已爬取
6357,临沂中心,1198619,https://liny.zu.anjuke.com/fangyuan/4622097781810181,1室1厅|整租|精装修|中层(共28层),已爬取
6358,临沂中心,1198619,https://liny.zu.anjuke.com/fangyuan/4511959539493896,1室1厅|整租|精装修|中层(共28层),已爬取
6359,临沂中心,1198619,https://liny.zu.anjuke.com/fangyuan/4614050029415438,1室1厅|整租|精装修|低层(共28层),已爬取
6360,临沂中心,1198619,https://liny.zu.anjuke.com/fangyuan/4442731754073102,1室1厅|整租|精装修|低层(共22层),已爬取
6361,临沂中心,1198619,https://liny.zu.anjuke.com/fangyuan/4610837096197135,1室1厅|整租|精装修|高层(共28层),已爬取
6362,宝来新天地,1198335,https://liny.zu.anjuke.com/fangyuan/4406938615049226,1室1厅|整租|精装修|高层(共6层),已爬取
6363,宝来新天地,1198335,https://liny.zu.anjuke.com/fangyuan/4549889718428686,1室1厅|整租|精装修|中层(共8层),已爬取
6364,宝来新天地,1198335,https://liny.zu.anjuke.com/fangyuan/4611398206450701,1室1厅|整租|精装修|中层(共8层),已爬取
6365,豪森铂悦,1380498,https://liny.zu.anjuke.com/fangyuan/3672265996196865,1室1厅|整租|精装修|中层(共12层),已爬取
6366,豪森铂悦,1380498,https://liny.zu.anjuke.com/fangyuan/4017542031957004,1室1厅|整租|精装修|中层(共6层),已爬取
6367,豪森铂悦,1380498,https://liny.zu.anjuke.com/fangyuan/4354767324879878,1室1厅|整租|精装修|高层(共7层),已爬取
6368,豪森铂悦,1380498,https://liny.zu.anjuke.com/fangyuan/4616897018735631,1室1厅|整租|精装修|低层(共15层),已爬取
6369,宝丽盛世华庭,677632,https://liny.zu.anjuke.com/fangyuan/4632448561536010,3室2厅|整租|精装修|中层(共13层),已爬取
6370,宝丽盛世华庭,677632,https://liny.zu.anjuke.com/fangyuan/4553415380263950,3室2厅|整租|精装修|中层(共6层),已爬取
6371,宝丽盛世华庭,677632,https://liny.zu.anjuke.com/fangyuan/4566635922369539,3室2厅|整租|精装修|低层(共6层),已爬取
6372,宝丽盛世华庭,677632,https://liny.zu.anjuke.com/fangyuan/4541306160880655,2室2厅|整租|精装修|低层(共10层),已爬取
6373,碧桂园翡丽之光景悦,1667757,https://liny.zu.anjuke.com/fangyuan/4273063041543172,3室2厅|合租|精装修|中层(共23层),已爬取
6374,碧桂园翡丽之光景悦,1667757,https://liny.zu.anjuke.com/fangyuan/4522986182548485,3室2厅|整租|精装修|高层(共24层),已爬取
6375,碧桂园翡丽之光景悦,1667757,https://liny.zu.anjuke.com/fangyuan/4552899463113737,3室2厅|整租|精装修|高层(共24层),已爬取
6376,碧桂园翡丽之光景悦,1667757,https://liny.zu.anjuke.com/fangyuan/4633807124799496,3室2厅|整租|精装修|低层(共26层),已爬取
6377,碧桂园翡丽之光景悦,1667757,https://liny.zu.anjuke.com/fangyuan/4522995330210818,3室2厅|整租|精装修|低层(共26层),已爬取
6378,碧桂园翡丽之光景悦,1667757,https://liny.zu.anjuke.com/fangyuan/4582513565363210,3室1厅|整租|精装修|低层(共32层),已爬取
6379,碧桂园翡丽之光景悦,1667757,https://liny.zu.anjuke.com/fangyuan/4631977971522573,3室2厅|整租|精装修|中层(共26层),已爬取
6380,碧桂园翡丽之光景悦,1667757,https://liny.zu.anjuke.com/fangyuan/4593050579119107,3室2厅|整租|精装修|中层(共24层),已爬取
6381,碧桂园翡丽之光景悦,1667757,https://liny.zu.anjuke.com/fangyuan/4627894191631368,3室2厅|整租|精装修|高层(共28层),已爬取
6382,碧桂园翡丽之光景悦,1667757,https://liny.zu.anjuke.com/fangyuan/4487875064163333,3室2厅|整租|豪华装修|高层(共29层),已爬取
6383,翰林花园,1433605,https://liny.zu.anjuke.com/fangyuan/4604079964578818,3室2厅|整租|精装修|中层(共15层),已爬取
6384,翰林花园,1433605,https://liny.zu.anjuke.com/fangyuan/4605016124857353,2室1厅|整租|精装修|中层(共6层),已爬取
6385,南湖尚都,677601,https://liny.zu.anjuke.com/fangyuan/4593069512170507,3室2厅|整租|精装修|低层(共6层),已爬取
6386,南湖尚都,677601,https://liny.zu.anjuke.com/fangyuan/4595407806962700,3室2厅|整租|精装修|低层(共6层),已爬取
6387,南湖尚都,677601,https://liny.zu.anjuke.com/fangyuan/4593782480428033,3室2厅|整租|精装修|低层(共6层),已爬取
6388,南湖尚都,677601,https://liny.zu.anjuke.com/fangyuan/4538914346396672,3室2厅|整租|精装修|低层(共6层),已爬取
6389,南湖尚都,677601,https://liny.zu.anjuke.com/fangyuan/4608199219174411,3室1厅|整租|简单装修|低层(共6层),已爬取
6390,南湖尚都,677601,https://liny.zu.anjuke.com/fangyuan/4598859146767361,2室2厅|整租|简单装修|高层(共6层),已爬取
6391,天元城市绿洲,973135,https://liny.zu.anjuke.com/fangyuan/4630475961689102,3室2厅|整租|简单装修|中层(共6层),已爬取
6392,天元城市绿洲,973135,https://liny.zu.anjuke.com/fangyuan/4576976825773068,3室2厅|整租|精装修|低层(共6层),已爬取
6393,天元城市绿洲,973135,https://liny.zu.anjuke.com/fangyuan/4625286781166604,3室2厅|整租|精装修|低层(共6层),已爬取
6394,天元城市绿洲,973135,https://liny.zu.anjuke.com/fangyuan/4514963313484813,5室2厅|整租|简单装修|共5层,已爬取
6395,清华园(兰陵),973076,https://liny.zu.anjuke.com/fangyuan/4595209382505474,3室2厅|整租|精装修|高层(共28层),已爬取
6396,清华园(兰陵),973076,https://liny.zu.anjuke.com/fangyuan/4346229112482830,4室2厅|整租|精装修|高层(共28层),已爬取
6397,清华园(兰陵),973076,https://liny.zu.anjuke.com/fangyuan/4621968648006666,3室2厅|整租|简单装修|高层(共28层),已爬取
6398,清华园(兰陵),973076,https://liny.zu.anjuke.com/fangyuan/4312387281185802,3室1厅|整租|精装修|中层(共16层),已爬取
6399,清华园(兰陵),973076,https://liny.zu.anjuke.com/fangyuan/4613257623333898,4室2厅|整租|简单装修|中层(共17层),已爬取
6400,清华园(兰陵),973076,https://liny.zu.anjuke.com/fangyuan/4622091540587534,3室2厅|整租|精装修|中层(共28层),已爬取
6401,清华园(兰陵),973076,https://liny.zu.anjuke.com/fangyuan/4625488568148997,3室2厅|整租|简单装修|中层(共28层),已爬取
6402,清华园(兰陵),973076,https://liny.zu.anjuke.com/fangyuan/4595199134030860,3室2厅|整租|精装修|中层(共28层),已爬取
6403,清华园(兰陵),973076,https://liny.zu.anjuke.com/fangyuan/4611356393757698,3室2厅|整租|简单装修|中层(共26层),已爬取
6404,清华园(兰陵),973076,https://liny.zu.anjuke.com/fangyuan/4312448532405248,3室2厅|整租|精装修|低层(共27层),已爬取
6405,西城印象小区,677927,https://liny.zu.anjuke.com/fangyuan/4415385213051919,1室1厅|整租|精装修|高层(共12层),已爬取
6406,西城印象小区,677927,https://liny.zu.anjuke.com/fangyuan/4620623938350089,2室2厅|整租|精装修|中层(共6层),已爬取
6407,西城印象小区,677927,https://liny.zu.anjuke.com/fangyuan/4591266303601676,3室2厅|整租|简单装修|中层(共6层),已爬取
6408,西城印象小区,677927,https://liny.zu.anjuke.com/fangyuan/4591272208296971,2室2厅|整租|简单装修|中层(共6层),已爬取
6409,西城印象小区,677927,https://liny.zu.anjuke.com/fangyuan/4470860250948618,1室1厅|整租|精装修|高层(共12层),已爬取
6410,西城印象小区,677927,https://liny.zu.anjuke.com/fangyuan/4620985124367362,1室1厅|整租|精装修|高层(共12层),已爬取
6411,西城印象小区,677927,https://liny.zu.anjuke.com/fangyuan/4608357639906317,3室3厅|整租|精装修|中层(共6层),已爬取
6412,同心御园小区,973141,https://liny.zu.anjuke.com/fangyuan/4545657584561162,3室2厅|整租|简单装修|中层(共6层),已爬取
6413,同心御园小区,973141,https://liny.zu.anjuke.com/fangyuan/4620634734337028,3室2厅|整租|简单装修|低层(共6层),已爬取
6414,同心御园小区,973141,https://liny.zu.anjuke.com/fangyuan/4627737013873665,3室1厅|合租|精装修|低层(共15层),已爬取
6415,府东佳园,1155308,https://liny.zu.anjuke.com/fangyuan/4617795334956047,3室2厅|整租|精装修|高层(共18层),已爬取
6416,府东佳园,1155308,https://liny.zu.anjuke.com/fangyuan/4622268444498951,3室2厅|整租|精装修|高层(共18层),已爬取
6417,府东佳园,1155308,https://liny.zu.anjuke.com/fangyuan/4477432553892866,3室2厅|整租|精装修|低层(共17层),已爬取
6418,府东佳园,1155308,https://liny.zu.anjuke.com/fangyuan/4567222870158351,3室2厅|整租|精装修|中层(共13层),已爬取
6419,府东佳园,1155308,https://liny.zu.anjuke.com/fangyuan/4308506044509191,3室2厅|整租|精装修|高层(共8层),已爬取
6420,府东佳园,1155308,https://liny.zu.anjuke.com/fangyuan/4626304640328719,3室2厅|整租|精装修|高层(共18层),已爬取
6421,天元建设集团家属院(银雀山路),713837,https://liny.zu.anjuke.com/fangyuan/4516296761404430,3室1厅|合租|精装修|共4层,已爬取
6422,天元建设集团家属院(银雀山路),713837,https://liny.zu.anjuke.com/fangyuan/4619849845648387,2室1厅|整租|精装修|共4层,已爬取
6423,天元建设集团家属院(银雀山路),713837,https://liny.zu.anjuke.com/fangyuan/4608450571527183,3室1厅|整租|精装修|共4层,已爬取
6424,天元建设集团家属院(银雀山路),713837,https://liny.zu.anjuke.com/fangyuan/4572891742168065,2室1厅|整租|精装修|共5层,已爬取
6425,天元建设集团家属院(银雀山路),713837,https://liny.zu.anjuke.com/fangyuan/4597553161575432,3室2厅|整租|精装修|低层(共6层),已爬取
6426,天元建设集团家属院(银雀山路),713837,https://liny.zu.anjuke.com/fangyuan/4509359761712129,3室1厅|整租|精装修|共4层,已爬取
6427,荣盛沂河馨苑C区,1059283,https://liny.zu.anjuke.com/fangyuan/4513485920168974,3室2厅|整租|精装修|低层(共15层),已爬取
6428,荣盛沂河馨苑C区,1059283,https://liny.zu.anjuke.com/fangyuan/4538857743461385,3室2厅|整租|精装修|低层(共16层),已爬取
6429,荣盛沂河馨苑C区,1059283,https://liny.zu.anjuke.com/fangyuan/4552795563109379,3室2厅|整租|精装修|低层(共16层),已爬取
6430,荣盛沂河馨苑C区,1059283,https://liny.zu.anjuke.com/fangyuan/4530183250078726,3室2厅|整租|简单装修|高层(共16层),已爬取
6431,荣盛沂河馨苑C区,1059283,https://liny.zu.anjuke.com/fangyuan/4547137542530052,3室2厅|整租|精装修|低层(共15层),已爬取
6432,阳光花园(东区),677760,https://liny.zu.anjuke.com/fangyuan/4602080614261771,3室1厅|整租|简单装修|中层(共6层),已爬取
6433,阳光花园(东区),677760,https://liny.zu.anjuke.com/fangyuan/4629093331280911,3室2厅|整租|精装修|中层(共6层),已爬取
6434,阳光花园(东区),677760,https://liny.zu.anjuke.com/fangyuan/4630648538586124,3室2厅|整租|精装修|中层(共6层),已爬取
6435,韵皓香樟园,1032719,https://liny.zu.anjuke.com/fangyuan/4633388887333895,3室2厅|整租|精装修|中层(共6层),已爬取
6436,韵皓香樟园,1032719,https://liny.zu.anjuke.com/fangyuan/4481901155935234,3室2厅|整租|简单装修|低层(共6层),已爬取
6437,韵皓香樟园,1032719,https://liny.zu.anjuke.com/fangyuan/4483520513514508,3室2厅|整租|精装修|高层(共6层),已爬取
6438,奥德天玺,1203464,https://liny.zu.anjuke.com/fangyuan/4623533881582604,4室2厅|整租|精装修|低层(共6层),已爬取
6439,奥德天玺,1203464,https://liny.zu.anjuke.com/fangyuan/4534551497907208,3室2厅|整租|精装修|低层(共12层),已爬取
6440,泰鲁禧玥,1388610,https://liny.zu.anjuke.com/fangyuan/4577006621975559,3室2厅|整租|精装修|中层(共15层),已爬取
6441,泰鲁禧玥,1388610,https://liny.zu.anjuke.com/fangyuan/4615685456063491,3室2厅|整租|精装修|中层(共13层),已爬取
6442,泰鲁禧玥,1388610,https://liny.zu.anjuke.com/fangyuan/4615153924004870,3室2厅|整租|精装修|中层(共17层),已爬取
6443,仁德家园,973084,https://liny.zu.anjuke.com/fangyuan/4602618715479053,3室2厅|整租|精装修|共5层,已爬取
6444,仁德家园,973084,https://liny.zu.anjuke.com/fangyuan/4621056836985869,3室2厅|整租|简单装修|共4层,已爬取
6445,嘉益台北新城,677071,https://liny.zu.anjuke.com/fangyuan/4083377336392715,4室2厅|合租|精装修|高层(共17层),已爬取
6446,嘉益台北新城,677071,https://liny.zu.anjuke.com/fangyuan/4619700793484292,1室1厅|合租|精装修|低层(共20层),已爬取
6447,嘉益台北新城,677071,https://liny.zu.anjuke.com/fangyuan/4309223163145224,3室2厅|整租|精装修|高层(共19层),已爬取
6448,嘉益台北新城,677071,https://liny.zu.anjuke.com/fangyuan/4612255178435597,1室0厅|合租|精装修|低层(共20层),已爬取
6449,嘉益台北新城,677071,https://liny.zu.anjuke.com/fangyuan/4620694943312903,2室2厅|整租|精装修|高层(共18层),已爬取
6450,嘉益台北新城,677071,https://liny.zu.anjuke.com/fangyuan/4630487833406475,3室2厅|整租|精装修|高层(共16层),已爬取
6451,嘉益台北新城,677071,https://liny.zu.anjuke.com/fangyuan/4611249848099849,1室1厅|合租|精装修|低层(共16层),已爬取
6452,嘉益台北新城,677071,https://liny.zu.anjuke.com/fangyuan/4616505330969608,1室1厅|合租|精装修|低层(共19层),已爬取
6453,嘉益台北新城,677071,https://liny.zu.anjuke.com/fangyuan/4492054406228997,1室0厅|整租|精装修|高层(共18层),已爬取
6454,嘉益台北新城,677071,https://liny.zu.anjuke.com/fangyuan/4509231862160398,2室2厅|整租|精装修|低层(共18层),已爬取
6455,银丰雅园,766262,https://liny.zu.anjuke.com/fangyuan/4515060269313025,1室1厅|整租|精装修|高层(共11层),已爬取
6456,银丰雅园,766262,https://liny.zu.anjuke.com/fangyuan/3286086701735942,1室1厅|整租|精装修|高层(共11层),已爬取
6457,银丰雅园,766262,https://liny.zu.anjuke.com/fangyuan/4456408173159430,2室2厅|整租|精装修|低层(共11层),已爬取
6458,银丰雅园,766262,https://liny.zu.anjuke.com/fangyuan/4572796245044228,3室2厅|整租|精装修|低层(共11层),已爬取
6459,银丰雅园,766262,https://liny.zu.anjuke.com/fangyuan/4371530869971982,2室2厅|整租|精装修|中层(共11层),已爬取
6460,银丰雅园,766262,https://liny.zu.anjuke.com/fangyuan/4313540906167309,3室2厅|整租|精装修|低层(共11层),已爬取
6461,银丰雅园,766262,https://liny.zu.anjuke.com/fangyuan/4476557916529670,2室2厅|整租|精装修|低层(共11层),已爬取
6462,银丰雅园,766262,https://liny.zu.anjuke.com/fangyuan/4549843277126670,3室2厅|整租|精装修|低层(共18层),已爬取
6463,银丰雅园,766262,https://liny.zu.anjuke.com/fangyuan/4256789548228623,1室1厅|整租|精装修|高层(共11层),已爬取
6464,银丰雅园,766262,https://liny.zu.anjuke.com/fangyuan/4515064722088968,1室1厅|整租|精装修|中层(共11层),已爬取
6465,理想家(三期),1012958,https://liny.zu.anjuke.com/fangyuan/4504904741872646,2室1厅|整租|精装修|低层(共30层),已爬取
6466,理想家(三期),1012958,https://liny.zu.anjuke.com/fangyuan/4619812687797254,2室2厅|整租|精装修|中层(共30层),已爬取
6467,理想家(三期),1012958,https://liny.zu.anjuke.com/fangyuan/4619253234754572,3室2厅|整租|精装修|低层(共30层),已爬取
6468,理想家(三期),1012958,https://liny.zu.anjuke.com/fangyuan/4603669418351630,3室2厅|整租|精装修|低层(共30层),已爬取
6469,理想家(三期),1012958,https://liny.zu.anjuke.com/fangyuan/4558334222855171,2室1厅|整租|精装修|高层(共30层),已爬取
6470,理想家(三期),1012958,https://liny.zu.anjuke.com/fangyuan/4527606096174085,2室2厅|整租|精装修|低层(共20层),已爬取
6471,理想家(三期),1012958,https://liny.zu.anjuke.com/fangyuan/4612213605374986,2室2厅|整租|精装修|低层(共30层),已爬取
6472,理想家(三期),1012958,https://liny.zu.anjuke.com/fangyuan/4612207882972162,2室2厅|整租|简单装修|低层(共29层),已爬取
6473,理想家(三期),1012958,https://liny.zu.anjuke.com/fangyuan/4614321500152834,2室1厅|整租|精装修|高层(共30层),已爬取
6474,理想家(三期),1012958,https://liny.zu.anjuke.com/fangyuan/4134942056537102,2室1厅|整租|精装修|中层(共30层),已爬取
6475,相公奥达花园,1214944,https://liny.zu.anjuke.com/fangyuan/4498534694265871,3室2厅|整租|精装修|中层(共6层),已爬取
6476,相公奥达花园,1214944,https://liny.zu.anjuke.com/fangyuan/4419388802411532,3室2厅|整租|精装修|高层(共11层),已爬取
6477,相公奥达花园,1214944,https://liny.zu.anjuke.com/fangyuan/4464584341560329,3室2厅|整租|精装修|高层(共6层),已爬取
6478,鑫和园小区,972761,https://liny.zu.anjuke.com/fangyuan/4633591834405892,4室2厅|整租|简单装修|中层(共6层),已爬取
6479,四季春天(沂蒙路),713737,https://liny.zu.anjuke.com/fangyuan/4522012055954443,3室2厅|整租|精装修|高层(共32层),已爬取
6480,四季春天(沂蒙路),713737,https://liny.zu.anjuke.com/fangyuan/4633259524858882,1室1厅|整租|精装修|中层(共26层),已爬取
6481,四季春天(沂蒙路),713737,https://liny.zu.anjuke.com/fangyuan/4592721531331585,1室1厅|合租|精装修|中层(共18层),已爬取
6482,四季春天(沂蒙路),713737,https://liny.zu.anjuke.com/fangyuan/4616535185300482,1室1厅|整租|精装修|中层(共20层),已爬取
6483,四季春天(沂蒙路),713737,https://liny.zu.anjuke.com/fangyuan/4622652294179845,1室0厅|合租|精装修|中层(共20层),已爬取
6484,四季春天(沂蒙路),713737,https://liny.zu.anjuke.com/fangyuan/4279830403259397,1室1厅|整租|精装修|中层(共26层),已爬取
6485,四季春天(沂蒙路),713737,https://liny.zu.anjuke.com/fangyuan/4468440669121542,2室1厅|整租|精装修|中层(共17层),已爬取
6486,四季春天(沂蒙路),713737,https://liny.zu.anjuke.com/fangyuan/4634089432473615,3室2厅|合租|精装修|低层(共28层),已爬取
6487,四季春天(沂蒙路),713737,https://liny.zu.anjuke.com/fangyuan/4616742409921539,3室1厅|合租|精装修|中层(共15层),已爬取
6488,四季春天(沂蒙路),713737,https://liny.zu.anjuke.com/fangyuan/4535004037606409,2室1厅|整租|精装修|中层(共32层),已爬取
6489,阳光居,677977,https://liny.zu.anjuke.com/fangyuan/4574272661646344,3室2厅|整租|精装修|中层(共6层),已爬取
6490,阳光居,677977,https://liny.zu.anjuke.com/fangyuan/4586992055133184,2室2厅|整租|简单装修|共5层,已爬取
6491,宝丽世纪城,1236475,https://liny.zu.anjuke.com/fangyuan/4633812010884101,3室1厅|合租|精装修|中层(共16层),失败
6492,宝丽世纪城,1236475,https://liny.zu.anjuke.com/fangyuan/4629211430528008,3室2厅|合租|精装修|低层(共16层),已爬取
6493,宝丽世纪城,1236475,https://liny.zu.anjuke.com/fangyuan/4593812211411971,3室2厅|整租|简单装修|中层(共24层),已爬取
6494,宝丽世纪城,1236475,https://liny.zu.anjuke.com/fangyuan/4593753988244494,3室2厅|整租|精装修|高层(共17层),已爬取
6495,宝丽世纪城,1236475,https://liny.zu.anjuke.com/fangyuan/4468408881650699,3室2厅|整租|精装修|高层(共17层),已爬取
6496,宝丽世纪城,1236475,https://liny.zu.anjuke.com/fangyuan/4624919508247560,1室1厅|合租|精装修|中层(共10层),已爬取
6497,宝丽世纪城,1236475,https://liny.zu.anjuke.com/fangyuan/4535626126941193,3室2厅|整租|精装修|中层(共9层),已爬取
6498,宝丽世纪城,1236475,https://liny.zu.anjuke.com/fangyuan/4626683607903247,1室1厅|合租|精装修|低层(共18层),已爬取
6499,宝丽世纪城,1236475,https://liny.zu.anjuke.com/fangyuan/4628140966306828,1室1厅|合租|精装修|中层(共12层),已爬取
6500,宝丽世纪城,1236475,https://liny.zu.anjuke.com/fangyuan/4631230467859466,4室2厅|整租|精装修|高层(共11层),已爬取
6501,桂花丽舍,1432987,https://liny.zu.anjuke.com/fangyuan/4489384735628299,1室1厅|整租|精装修|低层(共10层),已爬取
6502,桂花丽舍,1432987,https://liny.zu.anjuke.com/fangyuan/4630839854607369,1室1厅|整租|精装修|低层(共11层),已爬取
6503,桂花丽舍,1432987,https://liny.zu.anjuke.com/fangyuan/4535947730250759,1室1厅|整租|精装修|中层(共10层),已爬取
6504,桂花丽舍,1432987,https://liny.zu.anjuke.com/fangyuan/4605597370229767,1室1厅|整租|精装修|低层(共10层),已爬取
6505,桂花丽舍,1432987,https://liny.zu.anjuke.com/fangyuan/4568234802830351,1室1厅|整租|精装修|中层(共10层),已爬取
6506,桂花丽舍,1432987,https://liny.zu.anjuke.com/fangyuan/3309782304251917,1室1厅|整租|精装修|中层(共7层),已爬取
6507,金雀新城(B区),1199089,https://liny.zu.anjuke.com/fangyuan/4622115152485385,3室2厅|合租|简单装修|中层(共30层),已爬取
6508,金雀新城(B区),1199089,https://liny.zu.anjuke.com/fangyuan/4624768162114575,4室1厅|合租|精装修|中层(共25层),已爬取
6509,金雀新城(B区),1199089,https://liny.zu.anjuke.com/fangyuan/4583059535012876,3室1厅|合租|精装修|中层(共30层),已爬取
6510,金雀新城(B区),1199089,https://liny.zu.anjuke.com/fangyuan/4594922680310798,3室2厅|合租|精装修|低层(共28层),已爬取
6511,金雀新城(B区),1199089,https://liny.zu.anjuke.com/fangyuan/4589978507455498,3室2厅|合租|精装修|中层(共12层),已爬取
6512,金雀新城(B区),1199089,https://liny.zu.anjuke.com/fangyuan/4364725711004677,3室1厅|合租|精装修|中层(共31层),已爬取
6513,金雀新城(B区),1199089,https://liny.zu.anjuke.com/fangyuan/4616683940127746,2室2厅|合租|精装修|低层(共20层),已爬取
6514,金雀新城(B区),1199089,https://liny.zu.anjuke.com/fangyuan/4596502738723846,3室2厅|合租|精装修|低层(共32层),已爬取
6515,金雀新城(B区),1199089,https://liny.zu.anjuke.com/fangyuan/4269257524568073,3室2厅|合租|精装修|低层(共31层),已爬取
6516,金雀新城(B区),1199089,https://liny.zu.anjuke.com/fangyuan/4376041593940998,3室2厅|合租|精装修|中层(共28层),已爬取
6517,碧桂园云顶,1489179,https://liny.zu.anjuke.com/fangyuan/4525015054703622,4室2厅|整租|豪华装修|中层(共9层),已爬取
6518,碧桂园云顶,1489179,https://liny.zu.anjuke.com/fangyuan/4597218452986885,3室2厅|整租|豪华装修|高层(共7层),已爬取
6519,碧桂园云顶,1489179,https://liny.zu.anjuke.com/fangyuan/4623512857865226,4室2厅|整租|豪华装修|中层(共8层),已爬取
6520,碧桂园云顶,1489179,https://liny.zu.anjuke.com/fangyuan/4548754158709769,3室2厅|整租|精装修|中层(共21层),已爬取
6521,碧桂园云顶,1489179,https://liny.zu.anjuke.com/fangyuan/4621025325081602,3室2厅|整租|精装修|高层(共26层),已爬取
6522,碧桂园云顶,1489179,https://liny.zu.anjuke.com/fangyuan/4494764508589061,4室2厅|整租|精装修|中层(共6层),已爬取
6523,碧桂园云顶,1489179,https://liny.zu.anjuke.com/fangyuan/4578114295407616,4室2厅|整租|精装修|中层(共6层),已爬取
6524,碧桂园云顶,1489179,https://liny.zu.anjuke.com/fangyuan/4625188637285378,3室2厅|整租|简单装修|中层(共30层),已爬取
6525,碧桂园云顶,1489179,https://liny.zu.anjuke.com/fangyuan/4378635910718473,4室2厅|整租|精装修|低层(共24层),已爬取
6526,碧桂园云顶,1489179,https://liny.zu.anjuke.com/fangyuan/4603955696888837,3室2厅|整租|精装修|中层(共9层),已爬取
6527,玉兰山庄,973283,https://liny.zu.anjuke.com/fangyuan/4605031218748417,3室2厅|整租|简单装修|低层(共17层),已爬取
6528,玉兰山庄,973283,https://liny.zu.anjuke.com/fangyuan/4605683942501383,3室2厅|整租|精装修|共5层,已爬取
6529,春城里(公寓住宅),1278453,https://liny.zu.anjuke.com/fangyuan/4610994505081868,2室2厅|整租|精装修|高层(共17层),已爬取
6530,春城里(公寓住宅),1278453,https://liny.zu.anjuke.com/fangyuan/4615091489121280,2室2厅|整租|精装修|高层(共19层),已爬取
6531,春城里(公寓住宅),1278453,https://liny.zu.anjuke.com/fangyuan/4617720061633540,2室2厅|整租|精装修|高层(共17层),已爬取
6532,绿地紫峰公馆,1380615,https://liny.zu.anjuke.com/fangyuan/4607913661948934,3室2厅|整租|精装修|中层(共17层),已爬取
6533,绿地紫峰公馆,1380615,https://liny.zu.anjuke.com/fangyuan/4629842516190223,3室2厅|整租|精装修|低层(共26层),已爬取
6534,绿地紫峰公馆,1380615,https://liny.zu.anjuke.com/fangyuan/4599868216290309,3室2厅|整租|精装修|低层(共27层),已爬取
6535,绿地紫峰公馆,1380615,https://liny.zu.anjuke.com/fangyuan/4593822638664715,3室2厅|整租|简单装修|中层(共27层),已爬取
6536,绿地紫峰公馆,1380615,https://liny.zu.anjuke.com/fangyuan/4593695983803404,3室2厅|整租|精装修|低层(共22层),已爬取
6537,绿地紫峰公馆,1380615,https://liny.zu.anjuke.com/fangyuan/4593825758567433,3室2厅|整租|精装修|中层(共27层),已爬取
6538,开元尚城,1437434,https://liny.zu.anjuke.com/fangyuan/4555761913928718,3室2厅|整租|简单装修|中层(共33层),已爬取
6539,开元尚城,1437434,https://liny.zu.anjuke.com/fangyuan/4583784841882630,3室2厅|整租|简单装修|中层(共33层),已爬取
6540,鲁邦华府(平邑),1477427,https://liny.zu.anjuke.com/fangyuan/4612066723736581,3室2厅|整租|简单装修|共5层,已爬取
6541,鲁邦华府(平邑),1477427,https://liny.zu.anjuke.com/fangyuan/4612554281872396,3室2厅|整租|精装修|中层(共6层),已爬取
6542,鲁邦华府(平邑),1477427,https://liny.zu.anjuke.com/fangyuan/4611217619411970,3室2厅|整租|豪华装修|中层(共6层),已爬取
6543,鲁邦华府(平邑),1477427,https://liny.zu.anjuke.com/fangyuan/4611084573862915,3室2厅|整租|精装修|共5层,已爬取
6544,鲁邦华府(平邑),1477427,https://liny.zu.anjuke.com/fangyuan/4612310060542989,3室2厅|整租|精装修|高层(共6层),已爬取
6545,鲁邦华府(平邑),1477427,https://liny.zu.anjuke.com/fangyuan/4623517056410630,3室2厅|整租|精装修|高层(共17层),已爬取
6546,鲁邦华府(平邑),1477427,https://liny.zu.anjuke.com/fangyuan/4624991703968783,3室2厅|整租|精装修|中层(共11层),已爬取
6547,鲁邦华府(平邑),1477427,https://liny.zu.anjuke.com/fangyuan/4582451273393154,3室2厅|整租|精装修|高层(共15层),已爬取
6548,鲁邦华府(平邑),1477427,https://liny.zu.anjuke.com/fangyuan/4599271842112513,3室2厅|整租|简单装修|高层(共17层),已爬取
6549,鲁邦华府(平邑),1477427,https://liny.zu.anjuke.com/fangyuan/4626569273236487,3室2厅|整租|精装修|高层(共17层),已爬取
6550,交通局家属院(兰山),676718,https://liny.zu.anjuke.com/fangyuan/4586677631820802,3室2厅|整租|精装修|高层(共6层),已爬取
6551,九曲花园(A区),677833,https://liny.zu.anjuke.com/fangyuan/4469190474198029,3室2厅|整租|精装修|共5层,已爬取
6552,九曲花园(A区),677833,https://liny.zu.anjuke.com/fangyuan/4444086423264268,3室2厅|整租|简单装修|低层(共6层),已爬取
6553,九曲花园(A区),677833,https://liny.zu.anjuke.com/fangyuan/4568811245644808,2室2厅|整租|简单装修|高层(共6层),已爬取
6554,九曲花园(A区),677833,https://liny.zu.anjuke.com/fangyuan/4572782538337288,3室2厅|整租|精装修|低层(共6层),已爬取
6555,史丹利四季长安(公寓住宅),1179519,https://liny.zu.anjuke.com/fangyuan/4538734895324164,1室1厅|整租|精装修|共5层,已爬取
6556,史丹利四季长安(公寓住宅),1179519,https://liny.zu.anjuke.com/fangyuan/4568714114259980,1室1厅|整租|精装修|中层(共7层),已爬取
6557,海博壹江阅,1314667,https://liny.zu.anjuke.com/fangyuan/4600779542801413,3室2厅|整租|精装修|中层(共22层),已爬取
6558,海博壹江阅,1314667,https://liny.zu.anjuke.com/fangyuan/4436822614027272,3室2厅|整租|精装修|中层(共22层),已爬取
6559,海博壹江阅,1314667,https://liny.zu.anjuke.com/fangyuan/4520611936267275,3室2厅|整租|精装修|中层(共21层),已爬取
6560,豪情花园,677228,https://liny.zu.anjuke.com/fangyuan/4513226878985229,3室2厅|整租|简单装修|高层(共6层),已爬取
6561,豪情花园,677228,https://liny.zu.anjuke.com/fangyuan/4627132695503885,3室2厅|整租|精装修|中层(共6层),已爬取
6562,豪情花园,677228,https://liny.zu.anjuke.com/fangyuan/4513350516288518,3室1厅|整租|精装修|高层(共6层),已爬取
6563,豪情花园,677228,https://liny.zu.anjuke.com/fangyuan/4600651520875531,2室2厅|整租|精装修|高层(共6层),已爬取
6564,豪情花园,677228,https://liny.zu.anjuke.com/fangyuan/4516331711278089,3室2厅|整租|精装修|低层(共6层),已爬取
6565,涑河国际城A区,677097,https://liny.zu.anjuke.com/fangyuan/4504588526724106,3室2厅|整租|精装修|中层(共20层),已爬取
6566,涑河国际城A区,677097,https://liny.zu.anjuke.com/fangyuan/4572562912832518,2室2厅|整租|精装修|高层(共33层),已爬取
6567,涑河国际城A区,677097,https://liny.zu.anjuke.com/fangyuan/4565445309309962,3室2厅|整租|精装修|中层(共33层),已爬取
6568,涑河国际城A区,677097,https://liny.zu.anjuke.com/fangyuan/4181605736094735,2室1厅|整租|精装修|低层(共33层),已爬取
6569,涑河国际城A区,677097,https://liny.zu.anjuke.com/fangyuan/4615663228265475,1室1厅|整租|豪华装修|中层(共22层),已爬取
6570,博正慧园,677913,https://liny.zu.anjuke.com/fangyuan/4601057776999432,3室2厅|整租|精装修|低层(共6层),已爬取
6571,学府名苑,1388623,https://liny.zu.anjuke.com/fangyuan/4626270623917063,3室2厅|整租|精装修|高层(共18层),已爬取
6572,学府名苑,1388623,https://liny.zu.anjuke.com/fangyuan/4403013226376193,3室2厅|整租|精装修|中层(共18层),已爬取
6573,学府名苑,1388623,https://liny.zu.anjuke.com/fangyuan/4625288585929728,3室2厅|整租|简单装修|低层(共9层),已爬取
6574,学府名苑,1388623,https://liny.zu.anjuke.com/fangyuan/4504592578718727,3室2厅|整租|精装修|高层(共18层),已爬取
6575,学府名苑,1388623,https://liny.zu.anjuke.com/fangyuan/4586879598074881,3室2厅|整租|精装修|高层(共17层),已爬取
6576,瑞沂蓝山,1087497,https://liny.zu.anjuke.com/fangyuan/3546321378911237,3室2厅|合租|精装修|中层(共20层),已爬取
6577,瑞沂蓝山,1087497,https://liny.zu.anjuke.com/fangyuan/4535761049148427,3室2厅|合租|精装修|低层(共30层),已爬取
6578,瑞沂蓝山,1087497,https://liny.zu.anjuke.com/fangyuan/3842719054159879,3室2厅|合租|精装修|高层(共20层),已爬取
6579,瑞沂蓝山,1087497,https://liny.zu.anjuke.com/fangyuan/4630878674938882,4室2厅|合租|精装修|中层(共30层),已爬取
6580,瑞沂蓝山,1087497,https://liny.zu.anjuke.com/fangyuan/4486188564110345,3室2厅|合租|精装修|高层(共20层),已爬取
6581,瑞沂蓝山,1087497,https://liny.zu.anjuke.com/fangyuan/4606959703942148,3室2厅|整租|精装修|低层(共33层),已爬取
6582,瑞沂蓝山,1087497,https://liny.zu.anjuke.com/fangyuan/4601200437140487,3室1厅|整租|精装修|中层(共33层),已爬取
6583,瑞沂蓝山,1087497,https://liny.zu.anjuke.com/fangyuan/4503224291597313,3室2厅|整租|精装修|中层(共32层),已爬取
6584,瑞沂蓝山,1087497,https://liny.zu.anjuke.com/fangyuan/3595762430173199,3室2厅|合租|精装修|高层(共22层),已爬取
6585,瑞沂蓝山,1087497,https://liny.zu.anjuke.com/fangyuan/4614205626033152,3室2厅|合租|精装修|中层(共26层),已爬取
6586,双庄清华园社区,1088120,https://liny.zu.anjuke.com/fangyuan/4627747896830985,2室2厅|整租|简单装修|高层(共7层),已爬取
6587,双庄清华园社区,1088120,https://liny.zu.anjuke.com/fangyuan/4517757212597251,3室2厅|整租|精装修|中层(共6层),已爬取
6588,杏林花园,1520533,https://liny.zu.anjuke.com/fangyuan/4232766871756810,4室2厅|整租|简单装修|中层(共17层),已爬取
6589,滨河花苑,1132508,https://liny.zu.anjuke.com/fangyuan/4612251106126858,3室2厅|整租|精装修|高层(共12层),已爬取
6590,滨河花苑,1132508,https://liny.zu.anjuke.com/fangyuan/4629148423220236,3室2厅|整租|精装修|中层(共14层),已爬取
6591,滨河花苑,1132508,https://liny.zu.anjuke.com/fangyuan/4623729732412422,3室2厅|整租|简单装修|高层(共11层),已爬取
6592,滨河花苑,1132508,https://liny.zu.anjuke.com/fangyuan/4628382458883080,3室2厅|整租|精装修|高层(共11层),已爬取
6593,滨河花苑,1132508,https://liny.zu.anjuke.com/fangyuan/4570329351478278,3室2厅|整租|简单装修|低层(共15层),已爬取
6594,滨河花苑,1132508,https://liny.zu.anjuke.com/fangyuan/4633972983455757,3室2厅|整租|精装修|低层(共11层),已爬取
6595,滨河花苑,1132508,https://liny.zu.anjuke.com/fangyuan/4542676180327424,3室2厅|整租|简单装修|中层(共11层),已爬取
6596,滨河花苑,1132508,https://liny.zu.anjuke.com/fangyuan/4582545051659266,3室2厅|整租|精装修|中层(共11层),已爬取
6597,滨河花苑,1132508,https://liny.zu.anjuke.com/fangyuan/4581078992051210,3室2厅|整租|简单装修|高层(共11层),已爬取
6598,滨河花苑,1132508,https://liny.zu.anjuke.com/fangyuan/4581052132830208,3室2厅|整租|精装修|高层(共11层),已爬取
6599,城市花园A区,678168,https://liny.zu.anjuke.com/fangyuan/4536380233329673,2室2厅|整租|简单装修|中层(共6层),已爬取
6600,城市花园A区,678168,https://liny.zu.anjuke.com/fangyuan/4558610947120134,3室2厅|整租|简单装修|共5层,已爬取
6601,城市花园A区,678168,https://liny.zu.anjuke.com/fangyuan/4574346645595146,3室3厅|整租|精装修|高层(共22层),已爬取
6602,城市花园A区,678168,https://liny.zu.anjuke.com/fangyuan/4609366805947407,3室2厅|整租|精装修|高层(共6层),已爬取
6603,城市花园A区,678168,https://liny.zu.anjuke.com/fangyuan/4609352784585728,3室2厅|整租|简单装修|共5层,已爬取
6604,商谷智慧城(商住楼),1190483,https://liny.zu.anjuke.com/fangyuan/4561209295350797,1室1厅|整租|精装修|高层(共31层),已爬取
6605,商谷智慧城(商住楼),1190483,https://liny.zu.anjuke.com/fangyuan/4625038249483279,1室1厅|整租|精装修|中层(共22层),已爬取
6606,商谷智慧城(商住楼),1190483,https://liny.zu.anjuke.com/fangyuan/4540719609687048,1室1厅|整租|精装修|低层(共30层),已爬取
6607,商谷智慧城(商住楼),1190483,https://liny.zu.anjuke.com/fangyuan/4592555951942665,1室1厅|整租|精装修|低层(共24层),已爬取
6608,商谷智慧城(商住楼),1190483,https://liny.zu.anjuke.com/fangyuan/3982459438930958,2室1厅|整租|精装修|中层(共28层),已爬取
6609,商谷智慧城(商住楼),1190483,https://liny.zu.anjuke.com/fangyuan/4627945653918733,1室1厅|整租|精装修|中层(共25层),已爬取
6610,商谷智慧城(商住楼),1190483,https://liny.zu.anjuke.com/fangyuan/4550001216676879,1室1厅|整租|精装修|低层(共30层),已爬取
6611,商谷智慧城(商住楼),1190483,https://liny.zu.anjuke.com/fangyuan/3976773229964294,1室1厅|整租|豪华装修|低层(共26层),已爬取
6612,商谷智慧城(商住楼),1190483,https://liny.zu.anjuke.com/fangyuan/4597955040947214,1室1厅|整租|精装修|低层(共22层),已爬取
6613,商谷智慧城(商住楼),1190483,https://liny.zu.anjuke.com/fangyuan/3460055956462595,1室1厅|整租|精装修|低层(共26层),已爬取
6614,碧桂园翡丽之光都荟,1666655,https://liny.zu.anjuke.com/fangyuan/4517688300200963,3室2厅|整租|精装修|高层(共26层),已爬取
6615,碧桂园翡丽之光都荟,1666655,https://liny.zu.anjuke.com/fangyuan/4589814974426123,2室2厅|整租|精装修|低层(共26层),已爬取
6616,碧桂园翡丽之光都荟,1666655,https://liny.zu.anjuke.com/fangyuan/4620978844752907,3室2厅|整租|精装修|高层(共26层),已爬取
6617,碧桂园翡丽之光都荟,1666655,https://liny.zu.anjuke.com/fangyuan/4485006026058754,3室2厅|整租|豪华装修|中层(共29层),已爬取
6618,碧桂园翡丽之光都荟,1666655,https://liny.zu.anjuke.com/fangyuan/4541704503075845,3室2厅|整租|精装修|低层(共26层),已爬取
6619,碧桂园翡丽之光都荟,1666655,https://liny.zu.anjuke.com/fangyuan/4537832098831371,3室2厅|整租|豪华装修|中层(共26层),已爬取
6620,碧桂园翡丽之光都荟,1666655,https://liny.zu.anjuke.com/fangyuan/4593030336830473,3室2厅|整租|精装修|低层(共25层),已爬取
6621,碧桂园翡丽之光都荟,1666655,https://liny.zu.anjuke.com/fangyuan/4622159029136384,4室2厅|整租|精装修|低层(共29层),已爬取
6622,碧桂园翡丽之光都荟,1666655,https://liny.zu.anjuke.com/fangyuan/4497793208511500,3室2厅|整租|精装修|中层(共25层),已爬取
6623,碧桂园翡丽之光都荟,1666655,https://liny.zu.anjuke.com/fangyuan/4512356157414404,3室2厅|整租|精装修|高层(共25层),已爬取
6624,鑫城家园(罗庄),677214,https://liny.zu.anjuke.com/fangyuan/4633587972398082,3室2厅|整租|精装修|低层(共6层),已爬取
6625,鑫城家园(罗庄),677214,https://liny.zu.anjuke.com/fangyuan/4609652141286407,3室2厅|整租|简单装修|低层(共6层),已爬取
6626,鑫城家园(罗庄),677214,https://liny.zu.anjuke.com/fangyuan/4582360446985231,3室2厅|整租|简单装修|低层(共6层),已爬取
6627,鑫城家园(罗庄),677214,https://liny.zu.anjuke.com/fangyuan/4633580562295822,3室2厅|整租|精装修|低层(共6层),已爬取
6628,鑫城家园(罗庄),677214,https://liny.zu.anjuke.com/fangyuan/4615678493088779,3室2厅|整租|简单装修|中层(共6层),已爬取
6629,鑫城家园(罗庄),677214,https://liny.zu.anjuke.com/fangyuan/4604249299180556,3室2厅|整租|精装修|低层(共6层),已爬取
6630,鑫城家园(罗庄),677214,https://liny.zu.anjuke.com/fangyuan/4530478562911235,3室2厅|整租|简单装修|中层(共7层),已爬取
6631,鑫城家园(罗庄),677214,https://liny.zu.anjuke.com/fangyuan/4547614337573895,3室2厅|整租|简单装修|高层(共7层),已爬取
6632,鑫城家园(罗庄),677214,https://liny.zu.anjuke.com/fangyuan/4595716506135563,3室2厅|整租|简单装修|中层(共7层),已爬取
6633,鑫城家园(罗庄),677214,https://liny.zu.anjuke.com/fangyuan/4521635067079695,3室2厅|整租|简单装修|低层(共6层),已爬取
6634,中海熙园,1521317,https://liny.zu.anjuke.com/fangyuan/4626170404807681,3室2厅|整租|精装修|中层(共26层),已爬取
6635,中海熙园,1521317,https://liny.zu.anjuke.com/fangyuan/4618098500709388,3室2厅|整租|精装修|中层(共26层),已爬取
6636,凤凰居小区,677759,https://liny.zu.anjuke.com/fangyuan/4631910766439438,3室2厅|整租|精装修|中层(共6层),已爬取
6637,凤凰居小区,677759,https://liny.zu.anjuke.com/fangyuan/4625110927354894,3室1厅|整租|精装修|中层(共6层),已爬取
6638,凤凰居小区,677759,https://liny.zu.anjuke.com/fangyuan/4627701079825420,3室2厅|整租|精装修|中层(共6层),已爬取
6639,皇山别墅,677909,https://liny.zu.anjuke.com/fangyuan/4531817034851329,5室2厅|整租|精装修|共2层,已爬取
6640,皇山别墅,677909,https://liny.zu.anjuke.com/fangyuan/4617018128342020,4室2厅|整租|精装修|共2层,已爬取
6641,皇山别墅,677909,https://liny.zu.anjuke.com/fangyuan/4042213210954757,6室4厅|整租|精装修|共3层,已爬取
6642,皇山别墅,677909,https://liny.zu.anjuke.com/fangyuan/4537212646988800,4室3厅|整租|豪华装修|共2层,已爬取
6643,皇山别墅,677909,https://liny.zu.anjuke.com/fangyuan/4588338250603529,4室3厅|整租|豪华装修|共3层,已爬取
6644,皇山别墅,677909,https://liny.zu.anjuke.com/fangyuan/4600823500741632,4室2厅|整租|豪华装修|共2层,已爬取
6645,皇山别墅,677909,https://liny.zu.anjuke.com/fangyuan/4538533816675332,5室3厅|整租|豪华装修|共3层,已爬取
6646,皇山别墅,677909,https://liny.zu.anjuke.com/fangyuan/4558504575708163,4室3厅|整租|豪华装修|共2层,已爬取
6647,汇鑫小区,713981,https://liny.zu.anjuke.com/fangyuan/3991316468080646,3室2厅|整租|精装修|高层(共15层),已爬取
6648,汇鑫小区,713981,https://liny.zu.anjuke.com/fangyuan/4578189931242497,3室2厅|整租|精装修|高层(共7层),已爬取
6649,汇鑫小区,713981,https://liny.zu.anjuke.com/fangyuan/4486635413744650,3室2厅|整租|精装修|中层(共7层),已爬取
6650,中梁壹号院,1050117,https://liny.zu.anjuke.com/fangyuan/4605142526614543,3室2厅|整租|精装修|高层(共17层),已爬取
6651,中梁壹号院,1050117,https://liny.zu.anjuke.com/fangyuan/4609617175718912,3室2厅|整租|精装修|高层(共17层),已爬取
6652,中梁壹号院,1050117,https://liny.zu.anjuke.com/fangyuan/4618103637650443,3室2厅|整租|简单装修|高层(共17层),已爬取
6653,中梁壹号院,1050117,https://liny.zu.anjuke.com/fangyuan/4526003101264908,4室2厅|整租|豪华装修|低层(共16层),已爬取
6654,中梁壹号院,1050117,https://liny.zu.anjuke.com/fangyuan/4525944498056201,3室2厅|整租|精装修|中层(共16层),已爬取
6655,中梁壹号院,1050117,https://liny.zu.anjuke.com/fangyuan/4536429169026055,4室2厅|整租|精装修|中层(共16层),已爬取
6656,中梁壹号院,1050117,https://liny.zu.anjuke.com/fangyuan/4593816150879240,3室2厅|整租|精装修|高层(共17层),已爬取
6657,中梁壹号院,1050117,https://liny.zu.anjuke.com/fangyuan/4526136314946567,3室2厅|整租|精装修|中层(共16层),已爬取
6658,史丹利沂景花园,1087495,https://liny.zu.anjuke.com/fangyuan/4516333360110606,3室2厅|整租|精装修|低层(共6层),已爬取
6659,史丹利沂景花园,1087495,https://liny.zu.anjuke.com/fangyuan/4622114315559946,1室1厅|整租|豪华装修|中层(共6层),已爬取
6660,史丹利沂景花园,1087495,https://liny.zu.anjuke.com/fangyuan/4628368161989643,1室1厅|整租|精装修|中层(共6层),已爬取
6661,史丹利沂景花园,1087495,https://liny.zu.anjuke.com/fangyuan/4516049712407562,1室1厅|整租|精装修|共5层,已爬取
6662,史丹利沂景花园,1087495,https://liny.zu.anjuke.com/fangyuan/4578585221372943,1室1厅|整租|精装修|共5层,已爬取
6663,史丹利沂景花园,1087495,https://liny.zu.anjuke.com/fangyuan/4578589945717774,1室1厅|整租|精装修|共5层,已爬取
6664,史丹利沂景花园,1087495,https://liny.zu.anjuke.com/fangyuan/4578580403313668,1室1厅|整租|精装修|共5层,已爬取
6665,史丹利沂景花园,1087495,https://liny.zu.anjuke.com/fangyuan/4585663338130445,3室2厅|整租|简单装修|高层(共8层),已爬取
6666,三和家园,972730,https://liny.zu.anjuke.com/fangyuan/4598068399449089,3室2厅|整租|简单装修|中层(共8层),已爬取
6667,三和家园,972730,https://liny.zu.anjuke.com/fangyuan/4632389100973058,3室2厅|整租|精装修|中层(共6层),已爬取
6668,三和家园,972730,https://liny.zu.anjuke.com/fangyuan/4508905115163650,3室2厅|整租|精装修|低层(共6层),已爬取
6669,三和家园,972730,https://liny.zu.anjuke.com/fangyuan/4547342659707914,3室2厅|整租|精装修|中层(共6层),已爬取
6670,三和家园,972730,https://liny.zu.anjuke.com/fangyuan/4527146011059213,3室2厅|整租|精装修|中层(共7层),已爬取
6671,三和家园,972730,https://liny.zu.anjuke.com/fangyuan/4543177977732103,3室2厅|整租|精装修|共5层,已爬取
6672,三和家园,972730,https://liny.zu.anjuke.com/fangyuan/4538494552613901,3室2厅|整租|精装修|中层(共6层),已爬取
6673,三和家园,972730,https://liny.zu.anjuke.com/fangyuan/4578256368165896,3室2厅|整租|精装修|共5层,已爬取
6674,三和家园,972730,https://liny.zu.anjuke.com/fangyuan/4632214013176835,3室2厅|整租|精装修|共5层,已爬取
6675,三和家园,972730,https://liny.zu.anjuke.com/fangyuan/4622491055758339,3室2厅|整租|精装修|低层(共6层),已爬取
6676,建设小区(兰陵),678174,https://liny.zu.anjuke.com/fangyuan/4618161749863438,3室2厅|整租|简单装修|共5层,已爬取
6677,杏花水岸(公寓住宅),676996,https://liny.zu.anjuke.com/fangyuan/4514486082722820,1室1厅|整租|精装修|中层(共19层),已爬取
6678,杏花水岸(公寓住宅),676996,https://liny.zu.anjuke.com/fangyuan/4594253227158530,2室2厅|整租|精装修|高层(共17层),已爬取
6679,杏花水岸(公寓住宅),676996,https://liny.zu.anjuke.com/fangyuan/4626622654618629,1室1厅|整租|精装修|中层(共29层),已爬取
6680,杏花水岸(公寓住宅),676996,https://liny.zu.anjuke.com/fangyuan/4595471936412686,1室1厅|整租|精装修|中层(共17层),已爬取
6681,杏花水岸(公寓住宅),676996,https://liny.zu.anjuke.com/fangyuan/4507489481239556,1室1厅|整租|精装修|低层(共19层),已爬取
6682,杏花水岸(公寓住宅),676996,https://liny.zu.anjuke.com/fangyuan/4590980461501447,2室2厅|整租|精装修|高层(共19层),已爬取
6683,杏花水岸(公寓住宅),676996,https://liny.zu.anjuke.com/fangyuan/4595556855868422,1室1厅|整租|精装修|中层(共13层),已爬取
6684,西墩鼎盛家园,713864,https://liny.zu.anjuke.com/fangyuan/4605136461192199,3室1厅|整租|简单装修|高层(共6层),已爬取
6685,西墩鼎盛家园,713864,https://liny.zu.anjuke.com/fangyuan/4603527191309324,3室2厅|整租|简单装修|低层(共6层),已爬取
6686,西墩鼎盛家园,713864,https://liny.zu.anjuke.com/fangyuan/4633887057846283,2室2厅|整租|精装修|中层(共6层),已爬取
6687,西墩鼎盛家园,713864,https://liny.zu.anjuke.com/fangyuan/4605011097904139,3室2厅|整租|精装修|高层(共6层),已爬取
6688,永恒花园,676685,https://liny.zu.anjuke.com/fangyuan/4489098259569670,3室2厅|整租|精装修|中层(共6层),已爬取
6689,永恒花园,676685,https://liny.zu.anjuke.com/fangyuan/4615363057247244,3室2厅|整租|精装修|中层(共6层),已爬取
6690,永恒花园,676685,https://liny.zu.anjuke.com/fangyuan/4624892388367374,3室2厅|整租|精装修|中层(共6层),已爬取
6691,金盾中央公园,992363,https://liny.zu.anjuke.com/fangyuan/4631061614011395,3室2厅|整租|简单装修|中层(共22层),已爬取
6692,十里春风,1647258,https://liny.zu.anjuke.com/fangyuan/4011797453384708,3室2厅|整租|精装修|低层(共12层),已爬取
6693,桂龙学府,1183685,https://liny.zu.anjuke.com/fangyuan/4616821521622016,3室2厅|整租|精装修|高层(共9层),已爬取
6694,桂龙学府,1183685,https://liny.zu.anjuke.com/fangyuan/4632354448960515,3室2厅|整租|精装修|高层(共9层),已爬取
6695,常林公寓,677976,https://liny.zu.anjuke.com/fangyuan/4595741919583243,3室2厅|整租|精装修|低层(共6层),已爬取
6696,中南君启,1481659,https://liny.zu.anjuke.com/fangyuan/4607024120243209,3室2厅|整租|精装修|低层(共25层),已爬取
6697,中南君启,1481659,https://liny.zu.anjuke.com/fangyuan/4611468452965388,3室2厅|整租|精装修|低层(共7层),已爬取
6698,中南君启,1481659,https://liny.zu.anjuke.com/fangyuan/4617795233917967,3室2厅|整租|精装修|中层(共8层),已爬取
6699,中南君启,1481659,https://liny.zu.anjuke.com/fangyuan/4622170933879810,4室2厅|整租|精装修|低层(共15层),已爬取
6700,中南君启,1481659,https://liny.zu.anjuke.com/fangyuan/4607022837509124,3室1厅|整租|精装修|低层(共32层),已爬取
6701,中南君启,1481659,https://liny.zu.anjuke.com/fangyuan/4633685175950337,3室2厅|整租|豪华装修|低层(共6层),已爬取
6702,中南君启,1481659,https://liny.zu.anjuke.com/fangyuan/4597265700676620,4室2厅|整租|豪华装修|中层(共6层),已爬取
6703,中南君启,1481659,https://liny.zu.anjuke.com/fangyuan/4367772346803212,4室2厅|整租|豪华装修|低层(共30层),已爬取
6704,中南君启,1481659,https://liny.zu.anjuke.com/fangyuan/4593976523383808,3室2厅|整租|精装修|低层(共7层),已爬取
6705,中南君启,1481659,https://liny.zu.anjuke.com/fangyuan/4593705360354319,4室2厅|整租|豪华装修|中层(共8层),已爬取
6706,中国院子(公寓住宅),1314669,https://liny.zu.anjuke.com/fangyuan/4615519320202251,3室2厅|整租|简单装修|低层(共11层),已爬取
6707,中国院子(公寓住宅),1314669,https://liny.zu.anjuke.com/fangyuan/4617810042117120,3室2厅|整租|简单装修|低层(共11层),已爬取
6708,中国院子(公寓住宅),1314669,https://liny.zu.anjuke.com/fangyuan/4615304743070734,3室2厅|整租|简单装修|低层(共11层),已爬取
6709,中国院子(公寓住宅),1314669,https://liny.zu.anjuke.com/fangyuan/4620890125413387,3室2厅|整租|简单装修|低层(共11层),已爬取
6710,中国院子(公寓住宅),1314669,https://liny.zu.anjuke.com/fangyuan/4621977411593229,3室2厅|整租|精装修|低层(共11层),已爬取
6711,中国院子(公寓住宅),1314669,https://liny.zu.anjuke.com/fangyuan/4623360439446535,3室2厅|整租|简单装修|高层(共11层),已爬取
6712,中国院子(公寓住宅),1314669,https://liny.zu.anjuke.com/fangyuan/4615392719645707,3室2厅|整租|简单装修|低层(共11层),已爬取
6713,贵和花园(费县),972917,https://liny.zu.anjuke.com/fangyuan/4587395870452745,3室2厅|整租|简单装修|高层(共6层),已爬取
6714,贵和花园(费县),972917,https://liny.zu.anjuke.com/fangyuan/4616668022877193,3室2厅|整租|简单装修|高层(共6层),已爬取
6715,贵和花园(费县),972917,https://liny.zu.anjuke.com/fangyuan/4616368408882190,3室2厅|整租|简单装修|共5层,已爬取
6716,贵和花园(费县),972917,https://liny.zu.anjuke.com/fangyuan/4587312623870987,3室2厅|整租|简单装修|共5层,已爬取
6717,贵和花园(费县),972917,https://liny.zu.anjuke.com/fangyuan/4619424523918336,3室2厅|整租|简单装修|高层(共6层),已爬取
6718,中兴花园(河东),677791,https://liny.zu.anjuke.com/fangyuan/4613652713106445,3室2厅|整租|精装修|低层(共6层),已爬取
6719,中兴花园(河东),677791,https://liny.zu.anjuke.com/fangyuan/4613676561212424,3室2厅|整租|精装修|高层(共6层),已爬取
6720,中兴花园(河东),677791,https://liny.zu.anjuke.com/fangyuan/4633608052974604,3室2厅|整租|精装修|中层(共6层),已爬取
6721,中兴花园(河东),677791,https://liny.zu.anjuke.com/fangyuan/4596559415057409,3室2厅|整租|精装修|低层(共6层),已爬取
6722,中兴花园(河东),677791,https://liny.zu.anjuke.com/fangyuan/4625196026211333,3室2厅|整租|精装修|低层(共6层),已爬取
6723,中兴花园(河东),677791,https://liny.zu.anjuke.com/fangyuan/4626249083757568,3室2厅|整租|精装修|低层(共6层),已爬取
6724,润泰书香郡,1217086,https://liny.zu.anjuke.com/fangyuan/4619464617683977,3室2厅|整租|精装修|低层(共17层),已爬取
6725,润泰书香郡,1217086,https://liny.zu.anjuke.com/fangyuan/4615501709599758,3室2厅|整租|精装修|低层(共17层),已爬取
6726,城投首府,1295651,https://liny.zu.anjuke.com/fangyuan/4576022741117957,3室2厅|整租|精装修|低层(共18层),已爬取
6727,城投首府,1295651,https://liny.zu.anjuke.com/fangyuan/4625511797498893,4室2厅|整租|简单装修|低层(共18层),已爬取
6728,东方嘉苑小区,972616,https://liny.zu.anjuke.com/fangyuan/4621319843228682,2室1厅|整租|精装修|中层(共17层),已爬取
6729,东方嘉苑小区,972616,https://liny.zu.anjuke.com/fangyuan/4612410959537167,2室2厅|整租|精装修|高层(共17层),已爬取
6730,东方嘉苑小区,972616,https://liny.zu.anjuke.com/fangyuan/4494924813200398,3室2厅|整租|精装修|高层(共17层),已爬取
6731,东方嘉苑小区,972616,https://liny.zu.anjuke.com/fangyuan/4532606551170057,2室2厅|整租|精装修|中层(共17层),已爬取
6732,东方嘉苑小区,972616,https://liny.zu.anjuke.com/fangyuan/4603664286835720,3室2厅|整租|精装修|低层(共17层),已爬取
6733,东方嘉苑小区,972616,https://liny.zu.anjuke.com/fangyuan/4500843717925895,3室2厅|整租|精装修|高层(共17层),已爬取
6734,东方嘉苑小区,972616,https://liny.zu.anjuke.com/fangyuan/4616637718506502,2室1厅|整租|精装修|中层(共17层),已爬取
6735,东方嘉苑小区,972616,https://liny.zu.anjuke.com/fangyuan/4629312975070214,3室2厅|整租|精装修|高层(共17层),已爬取
6736,东方嘉苑小区,972616,https://liny.zu.anjuke.com/fangyuan/4603599749688325,3室2厅|整租|精装修|低层(共17层),已爬取
6737,东方嘉苑小区,972616,https://liny.zu.anjuke.com/fangyuan/4500262300802058,2室1厅|整租|简单装修|中层(共17层),已爬取
6738,金盾家园(西区),1007308,https://liny.zu.anjuke.com/fangyuan/4254346413054984,3室2厅|整租|精装修|共5层,已爬取
6739,金盾家园(西区),1007308,https://liny.zu.anjuke.com/fangyuan/4611157407296513,3室2厅|整租|精装修|中层(共6层),已爬取
6740,园丁福城(B区),1020108,https://liny.zu.anjuke.com/fangyuan/4626697858016256,3室2厅|整租|简单装修|中层(共6层),已爬取
6741,金明寓世纪名筑,1269239,https://liny.zu.anjuke.com/fangyuan/4533030849143813,1室1厅|整租|精装修|高层(共8层),已爬取
6742,金明寓世纪名筑,1269239,https://liny.zu.anjuke.com/fangyuan/4614930551434240,1室1厅|整租|精装修|低层(共12层),已爬取
6743,金明寓世纪名筑,1269239,https://liny.zu.anjuke.com/fangyuan/4616567104351233,2室1厅|整租|精装修|高层(共10层),已爬取
6744,风景嘉园,677883,https://liny.zu.anjuke.com/fangyuan/4571082849856516,6室3厅|整租|精装修|共3层,已爬取
6745,风景嘉园,677883,https://liny.zu.anjuke.com/fangyuan/4596580921043976,5室2厅|整租|精装修|共3层,已爬取
6746,儒辰含章园,1180816,https://liny.zu.anjuke.com/fangyuan/4548923235050504,1室1厅|整租|精装修|中层(共18层),已爬取
6747,儒辰含章园,1180816,https://liny.zu.anjuke.com/fangyuan/4544517001305095,3室2厅|整租|精装修|低层(共18层),已爬取
6748,儒辰含章园,1180816,https://liny.zu.anjuke.com/fangyuan/4407527138274310,1室1厅|整租|精装修|高层(共18层),已爬取
6749,儒辰含章园,1180816,https://liny.zu.anjuke.com/fangyuan/4479377744272393,1室1厅|整租|简单装修|中层(共18层),已爬取
6750,儒辰含章园,1180816,https://liny.zu.anjuke.com/fangyuan/4578231537376270,1室1厅|整租|精装修|低层(共21层),已爬取
6751,儒辰含章园,1180816,https://liny.zu.anjuke.com/fangyuan/4491114475807747,1室1厅|整租|精装修|高层(共18层),已爬取
6752,儒辰含章园,1180816,https://liny.zu.anjuke.com/fangyuan/4485072643517443,1室1厅|整租|精装修|高层(共20层),已爬取
6753,儒辰含章园,1180816,https://liny.zu.anjuke.com/fangyuan/4564014989861901,2室1厅|整租|精装修|中层(共18层),已爬取
6754,儒辰含章园,1180816,https://liny.zu.anjuke.com/fangyuan/4623785188418571,1室1厅|整租|精装修|中层(共26层),已爬取
6755,儒辰含章园,1180816,https://liny.zu.anjuke.com/fangyuan/4077321873157132,3室2厅|合租|精装修|低层(共6层),已爬取
6756,迪尚华府,1575987,https://liny.zu.anjuke.com/fangyuan/4489691994547214,3室2厅|整租|精装修|中层(共11层),已爬取
6757,迪尚华府,1575987,https://liny.zu.anjuke.com/fangyuan/4598023771614212,3室2厅|整租|精装修|高层(共6层),已爬取
6758,迪尚华府,1575987,https://liny.zu.anjuke.com/fangyuan/4604078019189766,3室2厅|整租|精装修|高层(共9层),已爬取
6759,迪尚华府,1575987,https://liny.zu.anjuke.com/fangyuan/4543546244883463,3室2厅|整租|精装修|高层(共6层),已爬取
6760,迪尚华府,1575987,https://liny.zu.anjuke.com/fangyuan/4592741016132616,3室2厅|整租|精装修|高层(共9层),已爬取
6761,迪尚华府,1575987,https://liny.zu.anjuke.com/fangyuan/4521546990705678,3室2厅|整租|精装修|高层(共7层),已爬取
6762,迪尚华府,1575987,https://liny.zu.anjuke.com/fangyuan/4588313346202635,3室2厅|整租|精装修|高层(共6层),已爬取
6763,迪尚华府,1575987,https://liny.zu.anjuke.com/fangyuan/4607799631225864,3室2厅|整租|简单装修|中层(共10层),已爬取
6764,迪尚华府,1575987,https://liny.zu.anjuke.com/fangyuan/4569697185684480,3室2厅|整租|简单装修|中层(共11层),已爬取
6765,龙凤御景,678160,https://liny.zu.anjuke.com/fangyuan/4604050586479620,3室2厅|整租|简单装修|中层(共6层),已爬取
6766,龙凤御景,678160,https://liny.zu.anjuke.com/fangyuan/4508870064120841,3室2厅|整租|精装修|高层(共6层),已爬取
6767,龙凤御景,678160,https://liny.zu.anjuke.com/fangyuan/4552902982835209,3室2厅|整租|简单装修|低层(共6层),已爬取
6768,龙凤御景,678160,https://liny.zu.anjuke.com/fangyuan/4616960939353090,3室1厅|整租|简单装修|低层(共6层),已爬取
6769,龙凤御景,678160,https://liny.zu.anjuke.com/fangyuan/4608323659017217,3室2厅|整租|简单装修|共5层,已爬取
6770,一品尚都,973209,https://liny.zu.anjuke.com/fangyuan/4616548057981954,1室1厅|整租|精装修|低层(共12层),已爬取
6771,一品尚都,973209,https://liny.zu.anjuke.com/fangyuan/4510161182120960,1室1厅|整租|精装修|中层(共16层),已爬取
6772,一品尚都,973209,https://liny.zu.anjuke.com/fangyuan/4269486017244172,1室1厅|整租|精装修|中层(共12层),已爬取
6773,皇亭花苑B区,1025551,https://liny.zu.anjuke.com/fangyuan/4626733850078217,3室2厅|整租|简单装修|共5层,已爬取
6774,皇亭花苑B区,1025551,https://liny.zu.anjuke.com/fangyuan/4628358981413891,2室2厅|整租|简单装修|共5层,已爬取
6775,皇亭花苑B区,1025551,https://liny.zu.anjuke.com/fangyuan/4630858319717387,3室2厅|整租|简单装修|中层(共6层),已爬取
6776,皇亭花苑B区,1025551,https://liny.zu.anjuke.com/fangyuan/4452715558478851,3室2厅|整租|简单装修|共1层,已爬取
6777,兰亭上城,1187042,https://liny.zu.anjuke.com/fangyuan/4574266714432523,3室2厅|整租|精装修|高层(共17层),已爬取
6778,兰亭上城,1187042,https://liny.zu.anjuke.com/fangyuan/4592751456021507,3室2厅|整租|精装修|中层(共17层),已爬取
6779,兰亭上城,1187042,https://liny.zu.anjuke.com/fangyuan/4612445126353929,3室2厅|整租|精装修|高层(共17层),已爬取
6780,兰亭上城,1187042,https://liny.zu.anjuke.com/fangyuan/4612373777804301,3室2厅|整租|精装修|中层(共11层),已爬取
6781,兰亭上城,1187042,https://liny.zu.anjuke.com/fangyuan/4592748687846413,3室2厅|整租|精装修|高层(共17层),已爬取
6782,润地新城(公寓住宅),1376769,https://liny.zu.anjuke.com/fangyuan/4565223735647241,1室1厅|整租|精装修|中层(共24层),已爬取
6783,润地新城(公寓住宅),1376769,https://liny.zu.anjuke.com/fangyuan/4626479039159311,1室1厅|整租|精装修|低层(共18层),已爬取
6784,润地新城(公寓住宅),1376769,https://liny.zu.anjuke.com/fangyuan/4627588481838092,1室1厅|整租|精装修|低层(共23层),已爬取
6785,润地新城(公寓住宅),1376769,https://liny.zu.anjuke.com/fangyuan/3210733036346377,3室2厅|整租|精装修|低层(共11层),已爬取
6786,儒辰海棠樾府,1510765,https://liny.zu.anjuke.com/fangyuan/4525727481539590,3室2厅|整租|精装修|中层(共27层),已爬取
6787,儒辰海棠樾府,1510765,https://liny.zu.anjuke.com/fangyuan/4537400549090307,3室2厅|整租|精装修|中层(共25层),已爬取
6788,儒辰海棠樾府,1510765,https://liny.zu.anjuke.com/fangyuan/4499038021032963,3室2厅|整租|精装修|中层(共26层),已爬取
6789,儒辰海棠樾府,1510765,https://liny.zu.anjuke.com/fangyuan/4496624239830016,3室2厅|整租|精装修|中层(共25层),已爬取
6790,儒辰海棠樾府,1510765,https://liny.zu.anjuke.com/fangyuan/4568339063235586,3室2厅|整租|精装修|低层(共25层),已爬取
6791,韵皓圣廷苑,1410672,https://liny.zu.anjuke.com/fangyuan/4567498526137353,3室2厅|整租|精装修|中层(共21层),已爬取
6792,韵皓圣廷苑,1410672,https://liny.zu.anjuke.com/fangyuan/3653829138096133,3室2厅|整租|精装修|低层(共24层),已爬取
6793,韵皓圣廷苑,1410672,https://liny.zu.anjuke.com/fangyuan/4583897500687370,3室2厅|整租|精装修|中层(共24层),已爬取
6794,韵皓圣廷苑,1410672,https://liny.zu.anjuke.com/fangyuan/4583898816928776,3室2厅|整租|精装修|中层(共24层),已爬取
6795,鲁商万科城,1431486,https://liny.zu.anjuke.com/fangyuan/4615057796899849,4室2厅|整租|豪华装修|中层(共27层),已爬取
6796,鲁商万科城,1431486,https://liny.zu.anjuke.com/fangyuan/4554159495945231,3室2厅|整租|豪华装修|低层(共20层),已爬取
6797,鲁商万科城,1431486,https://liny.zu.anjuke.com/fangyuan/4483560208294916,3室2厅|整租|精装修|中层(共26层),已爬取
6798,鲁商万科城,1431486,https://liny.zu.anjuke.com/fangyuan/4586084668957710,3室1厅|整租|精装修|中层(共28层),已爬取
6799,鲁商万科城,1431486,https://liny.zu.anjuke.com/fangyuan/4510107661247495,4室2厅|整租|豪华装修|中层(共26层),已爬取
6800,鲁商万科城,1431486,https://liny.zu.anjuke.com/fangyuan/4565449316097035,3室2厅|整租|豪华装修|中层(共32层),已爬取
6801,西张庄小区,677090,https://liny.zu.anjuke.com/fangyuan/4516576516709376,2室2厅|合租|精装修|低层(共8层),已爬取
6802,西张庄小区,677090,https://liny.zu.anjuke.com/fangyuan/4516578690933760,2室2厅|合租|精装修|低层(共8层),已爬取
6803,西张庄小区,677090,https://liny.zu.anjuke.com/fangyuan/4095426970840066,2室2厅|合租|精装修|共5层,已爬取
6804,西张庄小区,677090,https://liny.zu.anjuke.com/fangyuan/4633819227283460,3室2厅|合租|精装修|低层(共6层),已爬取
6805,西张庄小区,677090,https://liny.zu.anjuke.com/fangyuan/4527195882775562,2室1厅|合租|精装修|低层(共6层),已爬取
6806,西张庄小区,677090,https://liny.zu.anjuke.com/fangyuan/3957050878024707,3室2厅|合租|精装修|低层(共6层),已爬取
6807,西张庄小区,677090,https://liny.zu.anjuke.com/fangyuan/4494613456970764,2室2厅|合租|精装修|低层(共11层),已爬取
6808,西张庄小区,677090,https://liny.zu.anjuke.com/fangyuan/4462774713132039,3室1厅|合租|精装修|低层(共18层),已爬取
6809,西张庄小区,677090,https://liny.zu.anjuke.com/fangyuan/4095430293908495,2室2厅|合租|精装修|低层(共22层),已爬取
6810,西张庄小区,677090,https://liny.zu.anjuke.com/fangyuan/4466562141840398,2室2厅|合租|精装修|中层(共6层),已爬取
6811,三里庄花园小区,676832,https://liny.zu.anjuke.com/fangyuan/4584216643050503,3室2厅|整租|简单装修|高层(共6层),已爬取
6812,三里庄花园小区,676832,https://liny.zu.anjuke.com/fangyuan/4321925849276419,1室0厅|整租|豪华装修|共1层,已爬取
6813,三里庄花园小区,676832,https://liny.zu.anjuke.com/fangyuan/4520558448714762,3室2厅|整租|精装修|中层(共6层),已爬取
6814,三里庄花园小区,676832,https://liny.zu.anjuke.com/fangyuan/4068467737373710,1室0厅|整租|豪华装修|共3层,已爬取
6815,三里庄花园小区,676832,https://liny.zu.anjuke.com/fangyuan/4602456856570888,5室1厅|整租|精装修|共1层,已爬取
6816,三里庄花园小区,676832,https://liny.zu.anjuke.com/fangyuan/4514919078910978,3室2厅|整租|精装修|中层(共6层),已爬取
6817,三里庄花园小区,676832,https://liny.zu.anjuke.com/fangyuan/4547392145873924,4室1厅|整租|精装修|共1层,已爬取
6818,三里庄花园小区,676832,https://liny.zu.anjuke.com/fangyuan/4068456095816708,1室0厅|整租|豪华装修|共3层,已爬取
6819,三里庄花园小区,676832,https://liny.zu.anjuke.com/fangyuan/4489082707864576,4室1厅|整租|精装修|共1层,已爬取
6820,三里庄花园小区,676832,https://liny.zu.anjuke.com/fangyuan/4586703403885581,12室2厅|整租|精装修|共2层,已爬取
6821,宜居花园,1135225,https://liny.zu.anjuke.com/fangyuan/4518577385759756,2室1厅|整租|精装修|中层(共6层),已爬取
6822,宜居花园,1135225,https://liny.zu.anjuke.com/fangyuan/4601652539876354,3室2厅|整租|精装修|低层(共18层),已爬取
6823,万城春暖花开(公寓住宅),1399780,https://liny.zu.anjuke.com/fangyuan/4622048272395274,3室2厅|整租|精装修|共5层,已爬取
6824,五大道,713807,https://liny.zu.anjuke.com/fangyuan/4489358474959881,1室1厅|整租|精装修|高层(共30层),已爬取
6825,五大道,713807,https://liny.zu.anjuke.com/fangyuan/4578369279302664,2室1厅|整租|精装修|高层(共30层),已爬取
6826,五大道,713807,https://liny.zu.anjuke.com/fangyuan/4049075582151683,1室2厅|整租|精装修|高层(共32层),已爬取
6827,五大道,713807,https://liny.zu.anjuke.com/fangyuan/4608268398930950,1室1厅|整租|精装修|高层(共25层),已爬取
6828,五大道,713807,https://liny.zu.anjuke.com/fangyuan/4569795158010892,3室2厅|整租|精装修|高层(共27层),已爬取
6829,五大道,713807,https://liny.zu.anjuke.com/fangyuan/4578424054701071,1室1厅|整租|精装修|高层(共30层),已爬取
6830,五大道,713807,https://liny.zu.anjuke.com/fangyuan/4633373873366031,2室1厅|整租|精装修|低层(共22层),已爬取
6831,五大道,713807,https://liny.zu.anjuke.com/fangyuan/4484050063698959,1室1厅|整租|精装修|高层(共20层),已爬取
6832,五大道,713807,https://liny.zu.anjuke.com/fangyuan/4570064402752522,2室2厅|整租|精装修|高层(共32层),已爬取
6833,五大道,713807,https://liny.zu.anjuke.com/fangyuan/4486546489240577,1室1厅|整租|精装修|中层(共30层),已爬取
6834,林庄御园D区,1479147,https://liny.zu.anjuke.com/fangyuan/4622071801900036,3室2厅|合租|精装修|中层(共30层),已爬取
6835,林庄御园D区,1479147,https://liny.zu.anjuke.com/fangyuan/3320095666183178,3室2厅|整租|精装修|中层(共20层),已爬取
6836,林庄御园D区,1479147,https://liny.zu.anjuke.com/fangyuan/4390213911356423,3室2厅|整租|精装修|中层(共17层),已爬取
6837,林庄御园D区,1479147,https://liny.zu.anjuke.com/fangyuan/4469299746823175,2室1厅|整租|精装修|中层(共26层),已爬取
6838,林庄御园D区,1479147,https://liny.zu.anjuke.com/fangyuan/4264351112470541,3室2厅|合租|精装修|高层(共17层),已爬取
6839,林庄御园D区,1479147,https://liny.zu.anjuke.com/fangyuan/4487496637996047,2室2厅|整租|精装修|中层(共12层),已爬取
6840,林庄御园D区,1479147,https://liny.zu.anjuke.com/fangyuan/4505943850329088,1室0厅|整租|简单装修|共5层,已爬取
6841,林庄御园D区,1479147,https://liny.zu.anjuke.com/fangyuan/4620649945897999,3室2厅|整租|豪华装修|低层(共27层),已爬取
6842,林庄御园D区,1479147,https://liny.zu.anjuke.com/fangyuan/4596676860046336,3室2厅|合租|精装修|低层(共18层),已爬取
6843,林庄御园D区,1479147,https://liny.zu.anjuke.com/fangyuan/4591194184115206,3室2厅|整租|精装修|低层(共17层),已爬取
6844,御澜九府,1474255,https://liny.zu.anjuke.com/fangyuan/4630775048233988,4室2厅|合租|精装修|中层(共30层),已爬取
6845,御澜九府,1474255,https://liny.zu.anjuke.com/fangyuan/4592787037072393,3室1厅|合租|精装修|低层(共22层),已爬取
6846,御澜九府,1474255,https://liny.zu.anjuke.com/fangyuan/4626600537332743,3室1厅|合租|精装修|低层(共30层),已爬取
6847,御澜九府,1474255,https://liny.zu.anjuke.com/fangyuan/4622232695661572,2室2厅|合租|精装修|高层(共30层),已爬取
6848,御澜九府,1474255,https://liny.zu.anjuke.com/fangyuan/4630869507038223,1室0厅|合租|精装修|中层(共12层),已爬取
6849,御澜九府,1474255,https://liny.zu.anjuke.com/fangyuan/4535883219409930,3室2厅|合租|精装修|低层(共30层),已爬取
6850,御澜九府,1474255,https://liny.zu.anjuke.com/fangyuan/4622056199740425,3室2厅|合租|精装修|低层(共30层),已爬取
6851,御澜九府,1474255,https://liny.zu.anjuke.com/fangyuan/4629133506276353,3室2厅|合租|精装修|中层(共29层),已爬取
6852,御澜九府,1474255,https://liny.zu.anjuke.com/fangyuan/4520792489059342,3室1厅|合租|精装修|低层(共28层),已爬取
6853,御澜九府,1474255,https://liny.zu.anjuke.com/fangyuan/4472242781905934,3室2厅|合租|精装修|中层(共27层),已爬取
6854,观河苑,945080,https://liny.zu.anjuke.com/fangyuan/4342034953415681,3室2厅|合租|精装修|中层(共17层),已爬取
6855,观河苑,945080,https://liny.zu.anjuke.com/fangyuan/4481910248938508,3室2厅|合租|精装修|中层(共12层),已爬取
6856,观河苑,945080,https://liny.zu.anjuke.com/fangyuan/4468534736133132,3室2厅|合租|精装修|中层(共20层),已爬取
6857,观河苑,945080,https://liny.zu.anjuke.com/fangyuan/4543521789631493,3室2厅|合租|精装修|中层(共12层),已爬取
6858,观河苑,945080,https://liny.zu.anjuke.com/fangyuan/4606505822460931,3室2厅|合租|精装修|中层(共20层),已爬取
6859,观河苑,945080,https://liny.zu.anjuke.com/fangyuan/4466583241858053,4室2厅|合租|精装修|中层(共22层),已爬取
6860,旭洋阳光花园,677224,https://liny.zu.anjuke.com/fangyuan/4628175334120452,2室2厅|整租|简单装修|高层(共6层),已爬取
6861,旭洋阳光花园,677224,https://liny.zu.anjuke.com/fangyuan/4519216927321088,2室1厅|整租|精装修|高层(共6层),已爬取
6862,旭洋阳光花园,677224,https://liny.zu.anjuke.com/fangyuan/3684071745773576,2室1厅|整租|精装修|高层(共6层),已爬取
6863,旭洋阳光花园,677224,https://liny.zu.anjuke.com/fangyuan/3376703718170634,2室2厅|整租|精装修|低层(共6层),已爬取
6864,旭洋阳光花园,677224,https://liny.zu.anjuke.com/fangyuan/4618093987261454,2室2厅|整租|精装修|共5层,已爬取
6865,旭洋阳光花园,677224,https://liny.zu.anjuke.com/fangyuan/4616763197449224,2室2厅|整租|精装修|高层(共6层),已爬取
6866,旭洋阳光花园,677224,https://liny.zu.anjuke.com/fangyuan/4616383217509379,2室2厅|整租|精装修|高层(共6层),已爬取
6867,旭洋阳光花园,677224,https://liny.zu.anjuke.com/fangyuan/4575651960398853,2室2厅|整租|精装修|中层(共6层),已爬取
6868,旭洋阳光花园,677224,https://liny.zu.anjuke.com/fangyuan/4632199089200132,2室2厅|整租|精装修|高层(共6层),已爬取
6869,旭洋阳光花园,677224,https://liny.zu.anjuke.com/fangyuan/4559859442834435,2室2厅|整租|简单装修|高层(共6层),已爬取
6870,龙泉新村花园小区,677929,https://liny.zu.anjuke.com/fangyuan/4620993528914956,3室2厅|整租|简单装修|共5层,已爬取
6871,阳光文化苑,677652,https://liny.zu.anjuke.com/fangyuan/4595246276256774,3室2厅|整租|简单装修|中层(共6层),已爬取
6872,阳光文化苑,677652,https://liny.zu.anjuke.com/fangyuan/4544698473966601,3室2厅|整租|简单装修|低层(共6层),已爬取
6873,阳光花园(莒南),973202,https://liny.zu.anjuke.com/fangyuan/4587169161454593,3室2厅|整租|精装修|共5层,已爬取
6874,阳光花园(莒南),973202,https://liny.zu.anjuke.com/fangyuan/4593707657751563,1室1厅|合租|简单装修|共1层,已爬取
6875,阳光花园(莒南),973202,https://liny.zu.anjuke.com/fangyuan/3279945496420354,2室2厅|整租|精装修|共5层,已爬取
6876,旭辉银盛泰公元锦里(公寓住宅),1189792,https://liny.zu.anjuke.com/fangyuan/4579666359395332,3室2厅|整租|简单装修|低层(共10层),已爬取
6877,旭辉银盛泰公元锦里(公寓住宅),1189792,https://liny.zu.anjuke.com/fangyuan/4624103743874055,4室2厅|整租|精装修|高层(共10层),已爬取
6878,旭辉银盛泰公元锦里(公寓住宅),1189792,https://liny.zu.anjuke.com/fangyuan/4622475667729417,3室2厅|整租|精装修|中层(共28层),已爬取
6879,旭辉银盛泰公元锦里(公寓住宅),1189792,https://liny.zu.anjuke.com/fangyuan/4507900863114254,3室2厅|整租|精装修|高层(共10层),已爬取
6880,旭辉银盛泰公元锦里(公寓住宅),1189792,https://liny.zu.anjuke.com/fangyuan/4595446025055240,3室2厅|整租|精装修|低层(共7层),已爬取
6881,旭辉银盛泰公元锦里(公寓住宅),1189792,https://liny.zu.anjuke.com/fangyuan/4624924228017160,3室2厅|整租|简单装修|中层(共27层),已爬取
6882,银河龙门花园(别墅),972827,https://liny.zu.anjuke.com/fangyuan/4551750497754120,5室2厅|整租|精装修|共4层,已爬取
6883,银河龙门花园(别墅),972827,https://liny.zu.anjuke.com/fangyuan/4494699096939520,4室2厅|整租|精装修|共4层,已爬取
6884,明馨小区,676821,https://liny.zu.anjuke.com/fangyuan/4458211662881793,2室1厅|整租|简单装修|共5层,已爬取
6885,明馨小区,676821,https://liny.zu.anjuke.com/fangyuan/4543063594591240,2室1厅|整租|简单装修|共5层,已爬取
6886,明馨小区,676821,https://liny.zu.anjuke.com/fangyuan/4589511329850382,2室1厅|整租|简单装修|共5层,已爬取
6887,澜泊湾天玺(别墅),678206,https://liny.zu.anjuke.com/fangyuan/4606856524192782,7室4厅|整租|豪华装修|共3层,已爬取
6888,澜泊湾天玺(别墅),678206,https://liny.zu.anjuke.com/fangyuan/4122584681619459,5室3厅|整租|精装修|共3层,已爬取
6889,澜泊湾天玺(别墅),678206,https://liny.zu.anjuke.com/fangyuan/4527761929182209,4室2厅|整租|简单装修|共3层,已爬取
6890,澜泊湾天玺(别墅),678206,https://liny.zu.anjuke.com/fangyuan/4394353116654602,5室3厅|整租|精装修|共4层,已爬取
6891,城投华皓城,1410691,https://liny.zu.anjuke.com/fangyuan/4520561204587530,5室3厅|整租|精装修|高层(共9层),已爬取
6892,沂州古城,1088814,https://liny.zu.anjuke.com/fangyuan/4492515358907393,6室3厅|整租|精装修|共4层,已爬取
6893,沂州古城,1088814,https://liny.zu.anjuke.com/fangyuan/4418450805629958,4室2厅|整租|豪华装修|共2层,已爬取
6894,沂州古城,1088814,https://liny.zu.anjuke.com/fangyuan/4404261186477065,5室2厅|整租|精装修|共3层,已爬取
6895,沂州古城,1088814,https://liny.zu.anjuke.com/fangyuan/4498213612596237,4室2厅|整租|豪华装修|共2层,已爬取
6896,沂州古城,1088814,https://liny.zu.anjuke.com/fangyuan/4584179088122887,5室3厅|整租|精装修|共2层,已爬取
6897,沂州古城,1088814,https://liny.zu.anjuke.com/fangyuan/4506110533821449,4室2厅|整租|豪华装修|共2层,已爬取
6898,沂州古城,1088814,https://liny.zu.anjuke.com/fangyuan/4418464838558735,4室2厅|整租|精装修|共2层,已爬取
6899,沂州古城,1088814,https://liny.zu.anjuke.com/fangyuan/4404704865655816,5室3厅|整租|豪华装修|共2层,已爬取
6900,沂州古城,1088814,https://liny.zu.anjuke.com/fangyuan/4476735548531724,4室2厅|整租|豪华装修|共3层,已爬取
6901,沂州古城,1088814,https://liny.zu.anjuke.com/fangyuan/4422498947460096,6室3厅|整租|精装修|共2层,已爬取
6902,恒通佳园,1087472,https://liny.zu.anjuke.com/fangyuan/4623436822010885,3室1厅|整租|精装修|中层(共30层),已爬取
6903,恒通佳园,1087472,https://liny.zu.anjuke.com/fangyuan/4623805146360835,3室2厅|整租|精装修|高层(共19层),已爬取
6904,恒通佳园,1087472,https://liny.zu.anjuke.com/fangyuan/4615366725430273,3室1厅|整租|简单装修|高层(共19层),已爬取
6905,恒通佳园,1087472,https://liny.zu.anjuke.com/fangyuan/4611242487505931,3室2厅|整租|精装修|高层(共19层),已爬取
6906,恒通佳园,1087472,https://liny.zu.anjuke.com/fangyuan/4623798020152324,3室2厅|整租|精装修|高层(共19层),已爬取
6907,恒通佳园,1087472,https://liny.zu.anjuke.com/fangyuan/4615239327214607,3室2厅|整租|精装修|高层(共19层),已爬取
6908,恒通佳园,1087472,https://liny.zu.anjuke.com/fangyuan/4614914552192007,3室2厅|整租|精装修|中层(共30层),已爬取
6909,恒通佳园,1087472,https://liny.zu.anjuke.com/fangyuan/4631175163878412,3室2厅|整租|豪华装修|中层(共33层),已爬取
6910,恒通佳园,1087472,https://liny.zu.anjuke.com/fangyuan/4630504419138572,3室1厅|整租|精装修|高层(共20层),已爬取
6911,恒通佳园,1087472,https://liny.zu.anjuke.com/fangyuan/4627693347316737,3室2厅|整租|精装修|低层(共16层),已爬取
6912,金升社区(C区),1087468,https://liny.zu.anjuke.com/fangyuan/4454419717610497,3室2厅|整租|简单装修|高层(共7层),已爬取
6913,金升社区(C区),1087468,https://liny.zu.anjuke.com/fangyuan/4471873196172295,2室2厅|整租|简单装修|高层(共7层),已爬取
6914,金升社区(C区),1087468,https://liny.zu.anjuke.com/fangyuan/4281247549938697,2室2厅|整租|简单装修|中层(共17层),已爬取
6915,金升社区(C区),1087468,https://liny.zu.anjuke.com/fangyuan/4369222581672973,2室2厅|整租|精装修|高层(共17层),已爬取
6916,金升社区(C区),1087468,https://liny.zu.anjuke.com/fangyuan/4597763636665347,3室2厅|整租|简单装修|高层(共7层),已爬取
6917,金升社区(C区),1087468,https://liny.zu.anjuke.com/fangyuan/4580013091187717,3室2厅|整租|精装修|低层(共7层),已爬取
6918,金升社区(C区),1087468,https://liny.zu.anjuke.com/fangyuan/4550201125854218,2室2厅|整租|简单装修|中层(共16层),已爬取
6919,金升社区(C区),1087468,https://liny.zu.anjuke.com/fangyuan/4623884138847234,2室2厅|整租|简单装修|高层(共7层),已爬取
6920,金升社区(C区),1087468,https://liny.zu.anjuke.com/fangyuan/4438452990565383,3室2厅|整租|毛坯|高层(共7层),已爬取
6921,金升社区(C区),1087468,https://liny.zu.anjuke.com/fangyuan/4541627224370183,3室2厅|整租|简单装修|中层(共6层),已爬取
6922,壹号学府,1186404,https://liny.zu.anjuke.com/fangyuan/4159199507423236,3室2厅|整租|精装修|低层(共11层),已爬取
6923,壹号学府,1186404,https://liny.zu.anjuke.com/fangyuan/4602802360478722,3室2厅|整租|精装修|中层(共17层),已爬取
6924,壹号学府,1186404,https://liny.zu.anjuke.com/fangyuan/4606734864145414,3室2厅|整租|精装修|中层(共17层),已爬取
6925,光耀陶朱公,678258,https://liny.zu.anjuke.com/fangyuan/4596664227425283,6室5厅|整租|精装修|共5层,已爬取
6926,光耀陶朱公,678258,https://liny.zu.anjuke.com/fangyuan/4310787326894090,5室3厅|整租|豪华装修|共1层,已爬取
6927,光耀陶朱公,678258,https://liny.zu.anjuke.com/fangyuan/4539354494622727,5室2厅|整租|精装修|共4层,已爬取
6928,光耀陶朱公,678258,https://liny.zu.anjuke.com/fangyuan/4558420598205447,5室4厅|整租|豪华装修|共4层,已爬取
6929,光耀陶朱公,678258,https://liny.zu.anjuke.com/fangyuan/4594139803198471,5室4厅|整租|精装修|共4层,已爬取
6930,光耀陶朱公,678258,https://liny.zu.anjuke.com/fangyuan/4548450135481353,5室3厅|整租|精装修|地下(共3层),已爬取
6931,光耀陶朱公,678258,https://liny.zu.anjuke.com/fangyuan/4624867910294530,5室2厅|整租|精装修|共5层,已爬取
6932,光耀陶朱公,678258,https://liny.zu.anjuke.com/fangyuan/4485002625166341,5室4厅|整租|精装修|共4层,已爬取
6933,光耀陶朱公,678258,https://liny.zu.anjuke.com/fangyuan/4594142184332289,5室4厅|整租|精装修|共4层,已爬取
6934,光耀陶朱公,678258,https://liny.zu.anjuke.com/fangyuan/4310807689453576,5室4厅|整租|豪华装修|共4层,已爬取
6935,园丁花园(文博苑),677839,https://liny.zu.anjuke.com/fangyuan/4623780026133513,2室1厅|整租|精装修|共5层,已爬取
6936,园丁花园(文博苑),677839,https://liny.zu.anjuke.com/fangyuan/4324697953889282,3室2厅|整租|简单装修|高层(共6层),已爬取
6937,园丁花园(文博苑),677839,https://liny.zu.anjuke.com/fangyuan/4577037670571015,2室1厅|整租|简单装修|共5层,已爬取
6938,园丁花园(文博苑),677839,https://liny.zu.anjuke.com/fangyuan/4592588921445390,2室2厅|整租|简单装修|共5层,已爬取
6939,园丁花园(文博苑),677839,https://liny.zu.anjuke.com/fangyuan/4623766586156045,2室1厅|整租|精装修|低层(共6层),已爬取
6940,园丁花园(文博苑),677839,https://liny.zu.anjuke.com/fangyuan/4592482279154699,3室2厅|整租|简单装修|高层(共6层),已爬取
6941,园丁花园(文博苑),677839,https://liny.zu.anjuke.com/fangyuan/4578635659455489,3室2厅|整租|精装修|高层(共6层),已爬取
6942,园丁花园(文博苑),677839,https://liny.zu.anjuke.com/fangyuan/4578650773838853,3室2厅|整租|精装修|高层(共6层),已爬取
6943,园丁花园(文博苑),677839,https://liny.zu.anjuke.com/fangyuan/4592774653340677,2室2厅|整租|简单装修|共5层,已爬取
6944,园丁花园(文博苑),677839,https://liny.zu.anjuke.com/fangyuan/4570321075612675,3室2厅|整租|简单装修|中层(共11层),已爬取
6945,华恒香榭里,1071826,https://liny.zu.anjuke.com/fangyuan/4575453167395852,2室2厅|整租|简单装修|高层(共17层),已爬取
6946,华恒香榭里,1071826,https://liny.zu.anjuke.com/fangyuan/4589812770481156,3室2厅|整租|简单装修|中层(共17层),已爬取
6947,华恒香榭里,1071826,https://liny.zu.anjuke.com/fangyuan/4588092949095429,3室2厅|整租|精装修|中层(共17层),已爬取
6948,华恒香榭里,1071826,https://liny.zu.anjuke.com/fangyuan/4621814735053831,2室2厅|整租|简单装修|低层(共17层),已爬取
6949,华恒香榭里,1071826,https://liny.zu.anjuke.com/fangyuan/4629814755601413,2室2厅|整租|精装修|低层(共10层),已爬取
6950,华恒香榭里,1071826,https://liny.zu.anjuke.com/fangyuan/4445119644296198,2室2厅|整租|简单装修|高层(共24层),已爬取
6951,泰合城,1410670,https://liny.zu.anjuke.com/fangyuan/4565597729823755,1室1厅|整租|精装修|中层(共7层),已爬取
6952,泰合城,1410670,https://liny.zu.anjuke.com/fangyuan/4633243366382604,1室1厅|整租|简单装修|中层(共7层),已爬取
6953,泰合城,1410670,https://liny.zu.anjuke.com/fangyuan/4593800587568135,1室1厅|整租|精装修|中层(共7层),已爬取
6954,泰合城,1410670,https://liny.zu.anjuke.com/fangyuan/4540043437335559,1室1厅|整租|精装修|高层(共7层),已爬取
6955,泰合城,1410670,https://liny.zu.anjuke.com/fangyuan/4513501463012352,1室1厅|整租|精装修|中层(共7层),已爬取
6956,泰合城,1410670,https://liny.zu.anjuke.com/fangyuan/4480772884290565,1室0厅|整租|精装修|高层(共7层),已爬取
6957,泰合城,1410670,https://liny.zu.anjuke.com/fangyuan/4633562717250567,1室1厅|整租|精装修|高层(共7层),已爬取
6958,泰合城,1410670,https://liny.zu.anjuke.com/fangyuan/4496820884970504,1室1厅|整租|豪华装修|中层(共7层),已爬取
6959,泰合城,1410670,https://liny.zu.anjuke.com/fangyuan/4619495826414602,1室0厅|整租|简单装修|高层(共6层),已爬取
6960,泰合城,1410670,https://liny.zu.anjuke.com/fangyuan/4466339586876425,1室1厅|整租|精装修|中层(共7层),已爬取
6961,杏花玉苑小区,973193,https://liny.zu.anjuke.com/fangyuan/4630567018699790,3室2厅|整租|精装修|共1层,已爬取
6962,杏花玉苑小区,973193,https://liny.zu.anjuke.com/fangyuan/4517482473315339,2室2厅|整租|精装修|中层(共6层),已爬取
6963,杏花玉苑小区,973193,https://liny.zu.anjuke.com/fangyuan/4554413271510031,3室2厅|整租|精装修|高层(共6层),已爬取
6964,中国院子(别墅),1314668,https://liny.zu.anjuke.com/fangyuan/3251561825229828,5室2厅|合租|简单装修|共2层,已爬取
6965,中国院子(别墅),1314668,https://liny.zu.anjuke.com/fangyuan/4616971177061378,3室2厅|整租|精装修|共3层,已爬取
6966,中国院子(别墅),1314668,https://liny.zu.anjuke.com/fangyuan/4425658636573709,4室2厅|合租|简单装修|共4层,已爬取
6967,中国院子(别墅),1314668,https://liny.zu.anjuke.com/fangyuan/4556230979953666,3室2厅|整租|精装修|中层(共10层),已爬取
6968,真情家园,713736,https://liny.zu.anjuke.com/fangyuan/4610912828595213,2室2厅|整租|精装修|中层(共6层),已爬取
6969,真情家园,713736,https://liny.zu.anjuke.com/fangyuan/4415640416119817,2室2厅|整租|简单装修|低层(共6层),已爬取
6970,真情家园,713736,https://liny.zu.anjuke.com/fangyuan/4625084895208463,3室2厅|整租|精装修|低层(共6层),已爬取
6971,真情家园,713736,https://liny.zu.anjuke.com/fangyuan/4613317089549315,2室2厅|整租|简单装修|低层(共6层),已爬取
6972,真情家园,713736,https://liny.zu.anjuke.com/fangyuan/4625160194270218,3室2厅|整租|简单装修|低层(共6层),已爬取
6973,真情家园,713736,https://liny.zu.anjuke.com/fangyuan/4562819230508046,2室1厅|整租|简单装修|低层(共6层),已爬取
6974,真情家园,713736,https://liny.zu.anjuke.com/fangyuan/3743062068060161,2室2厅|整租|简单装修|共5层,已爬取
6975,真情家园,713736,https://liny.zu.anjuke.com/fangyuan/4625123639745549,2室2厅|整租|精装修|高层(共6层),已爬取
6976,真情家园,713736,https://liny.zu.anjuke.com/fangyuan/4606807929920515,2室2厅|整租|简单装修|低层(共6层),已爬取
6977,真情家园,713736,https://liny.zu.anjuke.com/fangyuan/4570242972556297,2室2厅|整租|简单装修|低层(共6层),已爬取
6978,电厂小区,713859,https://liny.zu.anjuke.com/fangyuan/4591351655242763,3室2厅|整租|精装修|共5层,已爬取
6979,城市花园B区,1316364,https://liny.zu.anjuke.com/fangyuan/4578111991163907,2室1厅|整租|简单装修|中层(共6层),已爬取
6980,城市花园B区,1316364,https://liny.zu.anjuke.com/fangyuan/4537703282793474,2室1厅|整租|简单装修|中层(共6层),已爬取
6981,城市花园B区,1316364,https://liny.zu.anjuke.com/fangyuan/4609376753691651,2室2厅|整租|简单装修|高层(共7层),已爬取
6982,城市花园B区,1316364,https://liny.zu.anjuke.com/fangyuan/4555876703656966,2室2厅|整租|简单装修|高层(共7层),已爬取
6983,城市花园B区,1316364,https://liny.zu.anjuke.com/fangyuan/4566859339881477,3室2厅|整租|简单装修|中层(共6层),已爬取
6984,城市花园B区,1316364,https://liny.zu.anjuke.com/fangyuan/4395481059191813,3室2厅|整租|简单装修|中层(共6层),已爬取
6985,城市花园B区,1316364,https://liny.zu.anjuke.com/fangyuan/4568722302086158,3室2厅|整租|精装修|中层(共6层),已爬取
6986,城市花园B区,1316364,https://liny.zu.anjuke.com/fangyuan/4605482748062732,2室2厅|整租|简单装修|共5层,已爬取
6987,城市花园B区,1316364,https://liny.zu.anjuke.com/fangyuan/4578153473797122,2室2厅|整租|简单装修|低层(共6层),已爬取
6988,城市花园B区,1316364,https://liny.zu.anjuke.com/fangyuan/4585498253437954,2室2厅|整租|精装修|高层(共7层),已爬取
6989,营子社区东区,1410685,https://liny.zu.anjuke.com/fangyuan/3021198225989644,3室2厅|整租|简单装修|高层(共6层),已爬取
6990,营子社区东区,1410685,https://liny.zu.anjuke.com/fangyuan/4575701038803973,3室2厅|整租|简单装修|高层(共6层),已爬取
6991,营子社区东区,1410685,https://liny.zu.anjuke.com/fangyuan/2521725798981638,3室2厅|整租|简单装修|高层(共6层),已爬取
6992,营子社区东区,1410685,https://liny.zu.anjuke.com/fangyuan/4633586185804811,3室2厅|整租|精装修|高层(共6层),已爬取
6993,营子社区东区,1410685,https://liny.zu.anjuke.com/fangyuan/4608192342252555,2室2厅|整租|精装修|低层(共6层),已爬取
6994,营子社区东区,1410685,https://liny.zu.anjuke.com/fangyuan/4618541190982665,3室2厅|整租|精装修|低层(共6层),已爬取
6995,营子社区东区,1410685,https://liny.zu.anjuke.com/fangyuan/4615349104583688,3室2厅|整租|简单装修|中层(共6层),已爬取
6996,营子社区东区,1410685,https://liny.zu.anjuke.com/fangyuan/4537477447293963,3室2厅|整租|精装修|中层(共6层),已爬取
6997,营子社区东区,1410685,https://liny.zu.anjuke.com/fangyuan/4540389377879045,3室2厅|整租|简单装修|中层(共6层),已爬取
6998,营子社区东区,1410685,https://liny.zu.anjuke.com/fangyuan/4583803934893059,3室2厅|整租|精装修|低层(共6层),已爬取
6999,富雅小区,676995,https://liny.zu.anjuke.com/fangyuan/4631547611898892,3室1厅|合租|精装修|中层(共10层),已爬取
7000,富雅小区,676995,https://liny.zu.anjuke.com/fangyuan/4518734322312193,3室1厅|合租|精装修|中层(共8层),已爬取
7001,富雅小区,676995,https://liny.zu.anjuke.com/fangyuan/4623455376911361,3室2厅|合租|简单装修|低层(共15层),已爬取
7002,富雅小区,676995,https://liny.zu.anjuke.com/fangyuan/4630683296637959,4室1厅|合租|精装修|低层(共6层),已爬取
7003,富雅小区,676995,https://liny.zu.anjuke.com/fangyuan/4625389198517254,3室1厅|合租|精装修|低层(共16层),已爬取
7004,富雅小区,676995,https://liny.zu.anjuke.com/fangyuan/4630903527140367,4室2厅|合租|精装修|低层(共11层),已爬取
7005,富雅小区,676995,https://liny.zu.anjuke.com/fangyuan/4622202399583233,3室2厅|合租|豪华装修|共5层,已爬取
7006,富雅小区,676995,https://liny.zu.anjuke.com/fangyuan/4622242832000009,3室2厅|合租|精装修|高层(共30层),已爬取
7007,富雅小区,676995,https://liny.zu.anjuke.com/fangyuan/4620629705466881,3室2厅|合租|精装修|低层(共6层),已爬取
7008,富雅小区,676995,https://liny.zu.anjuke.com/fangyuan/4473982591802377,3室2厅|合租|精装修|低层(共23层),已爬取
7009,贵和花园(河东),677786,https://liny.zu.anjuke.com/fangyuan/4620701788630031,3室2厅|整租|精装修|高层(共11层),已爬取
7010,贵和花园(河东),677786,https://liny.zu.anjuke.com/fangyuan/4586838346279947,3室2厅|整租|精装修|中层(共16层),已爬取
7011,贵和花园(河东),677786,https://liny.zu.anjuke.com/fangyuan/4609441754295304,3室2厅|整租|精装修|中层(共13层),已爬取
7012,贵和花园(河东),677786,https://liny.zu.anjuke.com/fangyuan/4589689299624970,2室1厅|整租|精装修|中层(共15层),已爬取
7013,贵和花园(河东),677786,https://liny.zu.anjuke.com/fangyuan/4486208241296385,4室2厅|合租|精装修|低层(共6层),已爬取
7014,贵和花园(河东),677786,https://liny.zu.anjuke.com/fangyuan/4625268870081537,3室2厅|合租|精装修|低层(共16层),已爬取
7015,贵和花园(河东),677786,https://liny.zu.anjuke.com/fangyuan/4619284427564047,3室2厅|整租|精装修|中层(共17层),已爬取
7016,贵和花园(河东),677786,https://liny.zu.anjuke.com/fangyuan/4486232925135876,4室2厅|合租|精装修|低层(共6层),已爬取
7017,星河上城,973190,https://liny.zu.anjuke.com/fangyuan/4615291797249036,2室2厅|整租|简单装修|高层(共32层),已爬取
7018,星河上城,973190,https://liny.zu.anjuke.com/fangyuan/4616272238812165,2室2厅|整租|简单装修|高层(共33层),已爬取
7019,星河上城,973190,https://liny.zu.anjuke.com/fangyuan/4633634132487182,3室2厅|整租|精装修|中层(共9层),已爬取
7020,星河上城,973190,https://liny.zu.anjuke.com/fangyuan/4626308282625030,2室2厅|整租|简单装修|低层(共31层),已爬取
7021,星河上城,973190,https://liny.zu.anjuke.com/fangyuan/4608406427851779,2室2厅|整租|精装修|高层(共33层),已爬取
7022,碧桂园城投翡翠外滩,1491229,https://liny.zu.anjuke.com/fangyuan/4628021345313798,3室2厅|整租|精装修|高层(共18层),已爬取
7023,顺和花园,677527,https://liny.zu.anjuke.com/fangyuan/4493264060492814,3室2厅|整租|精装修|中层(共6层),已爬取
7024,顺和花园,677527,https://liny.zu.anjuke.com/fangyuan/4631920834288643,2室2厅|整租|精装修|共5层,已爬取
7025,顺和花园,677527,https://liny.zu.anjuke.com/fangyuan/4602420500241413,3室2厅|整租|简单装修|低层(共6层),已爬取
7026,幸福馨园社区,713698,https://liny.zu.anjuke.com/fangyuan/4585363790257160,3室1厅|整租|精装修|中层(共6层),已爬取
7027,幸福馨园社区,713698,https://liny.zu.anjuke.com/fangyuan/4585666711874575,3室2厅|整租|简单装修|中层(共6层),已爬取
7028,幸福馨园社区,713698,https://liny.zu.anjuke.com/fangyuan/4603617295735808,3室2厅|整租|简单装修|中层(共6层),已爬取
7029,幸福馨园社区,713698,https://liny.zu.anjuke.com/fangyuan/4578123865498628,3室2厅|整租|精装修|中层(共6层),已爬取
7030,幸福馨园社区,713698,https://liny.zu.anjuke.com/fangyuan/4473709040512004,3室2厅|整租|简单装修|中层(共6层),已爬取
7031,幸福馨园社区,713698,https://liny.zu.anjuke.com/fangyuan/4603941369654276,3室2厅|整租|精装修|共5层,已爬取
7032,幸福馨园社区,713698,https://liny.zu.anjuke.com/fangyuan/4578682217098245,3室2厅|整租|精装修|中层(共6层),已爬取
7033,幸福馨园社区,713698,https://liny.zu.anjuke.com/fangyuan/4465169098054658,2室2厅|整租|简单装修|共5层,已爬取
7034,幸福馨园社区,713698,https://liny.zu.anjuke.com/fangyuan/4362999300858893,3室2厅|整租|精装修|高层(共6层),已爬取
7035,幸福馨园社区,713698,https://liny.zu.anjuke.com/fangyuan/4603888037436417,3室2厅|整租|精装修|共5层,已爬取
7036,淮海御景湾(别墅),995205,https://liny.zu.anjuke.com/fangyuan/4544201819216899,3室1厅|合租|精装修|中层(共6层),已爬取
7037,淮海御景湾(别墅),995205,https://liny.zu.anjuke.com/fangyuan/4594089951552513,6室0厅|合租|毛坯|共3层,已爬取
7038,淮海御景湾(别墅),995205,https://liny.zu.anjuke.com/fangyuan/4249999644699657,7室3厅|整租|精装修|共4层,已爬取
7039,淮海御景湾(别墅),995205,https://liny.zu.anjuke.com/fangyuan/4612229028895746,1室1厅|合租|精装修|中层(共6层),已爬取
7040,新华府,1161326,https://liny.zu.anjuke.com/fangyuan/4469724143217679,3室2厅|整租|精装修|高层(共27层),已爬取
7041,新华府,1161326,https://liny.zu.anjuke.com/fangyuan/4633381553253386,3室2厅|整租|简单装修|高层(共27层),已爬取
7042,新华府,1161326,https://liny.zu.anjuke.com/fangyuan/4630558950992902,3室2厅|整租|简单装修|中层(共18层),已爬取
7043,新华府,1161326,https://liny.zu.anjuke.com/fangyuan/4633257202248714,3室2厅|整租|简单装修|高层(共27层),已爬取
7044,青啤瑞香郡,1600388,https://liny.zu.anjuke.com/fangyuan/4610052025625605,3室2厅|整租|精装修|中层(共11层),已爬取
7045,青啤瑞香郡,1600388,https://liny.zu.anjuke.com/fangyuan/4632400525040645,2室2厅|整租|简单装修|低层(共11层),已爬取
7046,青啤瑞香郡,1600388,https://liny.zu.anjuke.com/fangyuan/4574444309326856,4室2厅|整租|简单装修|高层(共17层),已爬取
7047,福町花园,972632,https://liny.zu.anjuke.com/fangyuan/4547628474096648,3室2厅|整租|简单装修|高层(共17层),已爬取
7048,金龙湾小区,972664,https://liny.zu.anjuke.com/fangyuan/4612450874563597,3室2厅|整租|精装修|高层(共13层),已爬取
7049,金龙湾小区,972664,https://liny.zu.anjuke.com/fangyuan/4514278728330247,2室2厅|整租|精装修|中层(共6层),已爬取
7050,金龙湾小区,972664,https://liny.zu.anjuke.com/fangyuan/4574466958203918,2室2厅|整租|简单装修|中层(共6层),已爬取
7051,金龙湾小区,972664,https://liny.zu.anjuke.com/fangyuan/4612940038351884,3室2厅|整租|精装修|中层(共12层),已爬取
7052,金龙湾小区,972664,https://liny.zu.anjuke.com/fangyuan/4566283838643214,3室2厅|整租|精装修|中层(共13层),已爬取
7053,金龙湾小区,972664,https://liny.zu.anjuke.com/fangyuan/4588031179009024,2室2厅|整租|精装修|共5层,已爬取
7054,金龙湾小区,972664,https://liny.zu.anjuke.com/fangyuan/4608005711422468,3室2厅|整租|精装修|中层(共9层),已爬取
7055,金龙湾小区,972664,https://liny.zu.anjuke.com/fangyuan/4347491193596943,3室2厅|整租|精装修|高层(共13层),已爬取
7056,金龙湾小区,972664,https://liny.zu.anjuke.com/fangyuan/4600831938669575,3室2厅|整租|精装修|低层(共9层),已爬取
7057,金龙湾小区,972664,https://liny.zu.anjuke.com/fangyuan/4191813295201283,2室2厅|整租|精装修|中层(共12层),已爬取
7058,一中家属院,677222,https://liny.zu.anjuke.com/fangyuan/4619853988518921,2室1厅|整租|简单装修|共3层,已爬取
7059,一中家属院,677222,https://liny.zu.anjuke.com/fangyuan/4625346511576079,4室2厅|整租|简单装修|共3层,已爬取
7060,一中家属院,677222,https://liny.zu.anjuke.com/fangyuan/4509394040691712,2室1厅|整租|简单装修|共4层,已爬取
7061,一中家属院,677222,https://liny.zu.anjuke.com/fangyuan/4619843568020490,2室1厅|整租|精装修|共5层,已爬取
7062,一中家属院,677222,https://liny.zu.anjuke.com/fangyuan/4619857030913028,3室1厅|整租|简单装修|高层(共6层),已爬取
7063,金海岸,992364,https://liny.zu.anjuke.com/fangyuan/4549741764731918,3室2厅|整租|精装修|高层(共18层),已爬取
7064,金海岸,992364,https://liny.zu.anjuke.com/fangyuan/4548790567640067,3室2厅|整租|简单装修|高层(共17层),已爬取
7065,金海岸,992364,https://liny.zu.anjuke.com/fangyuan/4623282066697223,3室2厅|整租|精装修|中层(共17层),已爬取
7066,金海岸,992364,https://liny.zu.anjuke.com/fangyuan/4613998799184897,3室2厅|整租|简单装修|中层(共17层),已爬取
7067,金海岸,992364,https://liny.zu.anjuke.com/fangyuan/4627724827386880,2室2厅|整租|精装修|中层(共17层),已爬取
7068,金海岸,992364,https://liny.zu.anjuke.com/fangyuan/4543153188660237,3室2厅|整租|精装修|高层(共21层),已爬取
7069,金海岸,992364,https://liny.zu.anjuke.com/fangyuan/4568474039804938,3室2厅|整租|精装修|高层(共17层),已爬取
7070,金海岸,992364,https://liny.zu.anjuke.com/fangyuan/4620984405564425,3室2厅|整租|精装修|低层(共14层),已爬取
7071,书香名邸,1010263,https://liny.zu.anjuke.com/fangyuan/4574345488540685,3室2厅|整租|精装修|中层(共24层),已爬取
7072,史丹利景城花园(沂水)(公寓住宅),1020105,https://liny.zu.anjuke.com/fangyuan/4620387129646085,3室2厅|整租|简单装修|高层(共24层),已爬取
7073,史丹利景城花园(沂水)(公寓住宅),1020105,https://liny.zu.anjuke.com/fangyuan/4630494263960588,1室1厅|整租|简单装修|中层(共6层),已爬取
7074,史丹利景城花园(沂水)(公寓住宅),1020105,https://liny.zu.anjuke.com/fangyuan/4632193274424330,2室2厅|整租|精装修|低层(共17层),已爬取
7075,史丹利景城花园(沂水)(公寓住宅),1020105,https://liny.zu.anjuke.com/fangyuan/4621104456342537,3室2厅|整租|精装修|低层(共11层),已爬取
7076,史丹利景城花园(沂水)(公寓住宅),1020105,https://liny.zu.anjuke.com/fangyuan/4616208997917697,3室2厅|整租|精装修|高层(共24层),已爬取
7077,史丹利景城花园(沂水)(公寓住宅),1020105,https://liny.zu.anjuke.com/fangyuan/4587983514934273,3室2厅|整租|精装修|高层(共20层),已爬取
7078,史丹利景城花园(沂水)(公寓住宅),1020105,https://liny.zu.anjuke.com/fangyuan/4630522668686341,2室1厅|整租|精装修|低层(共18层),已爬取
7079,史丹利景城花园(沂水)(公寓住宅),1020105,https://liny.zu.anjuke.com/fangyuan/4632539569955849,2室2厅|整租|精装修|低层(共12层),已爬取
7080,新东关凤翔苑,1187045,https://liny.zu.anjuke.com/fangyuan/4603597446163465,3室2厅|合租|精装修|低层(共19层),已爬取
7081,新东关凤翔苑,1187045,https://liny.zu.anjuke.com/fangyuan/4629256975969289,3室2厅|合租|豪华装修|中层(共7层),已爬取
7082,新东关凤翔苑,1187045,https://liny.zu.anjuke.com/fangyuan/4535791940152329,3室2厅|合租|精装修|低层(共30层),已爬取
7083,新东关凤翔苑,1187045,https://liny.zu.anjuke.com/fangyuan/4472861872282626,3室2厅|合租|精装修|中层(共25层),已爬取
7084,新东关凤翔苑,1187045,https://liny.zu.anjuke.com/fangyuan/4589432676031496,2室2厅|合租|精装修|中层(共20层),已爬取
7085,新东关凤翔苑,1187045,https://liny.zu.anjuke.com/fangyuan/4629488491555850,3室1厅|合租|精装修|低层(共16层),已爬取
7086,新东关凤翔苑,1187045,https://liny.zu.anjuke.com/fangyuan/4548435092691982,3室2厅|合租|精装修|低层(共14层),已爬取
7087,新东关凤翔苑,1187045,https://liny.zu.anjuke.com/fangyuan/4344552744606724,3室2厅|合租|精装修|中层(共20层),已爬取
7088,新东关凤翔苑,1187045,https://liny.zu.anjuke.com/fangyuan/4633715805053958,3室1厅|合租|精装修|中层(共17层),已爬取
7089,新东关凤翔苑,1187045,https://liny.zu.anjuke.com/fangyuan/4604443207754765,4室2厅|合租|豪华装修|中层(共28层),已爬取
7090,宝丽阳光名居,677675,https://liny.zu.anjuke.com/fangyuan/4630979152012293,2室1厅|整租|精装修|高层(共6层),已爬取
7091,鼎峰英伦花园,678303,https://liny.zu.anjuke.com/fangyuan/4534260653321223,4室2厅|整租|豪华装修|共1层,已爬取
7092,鼎峰英伦花园,678303,https://liny.zu.anjuke.com/fangyuan/4613993549388803,5室3厅|整租|豪华装修|共3层,已爬取
7093,鼎峰英伦花园,678303,https://liny.zu.anjuke.com/fangyuan/4564192989438983,4室3厅|整租|豪华装修|共3层,已爬取
7094,鼎峰英伦花园,678303,https://liny.zu.anjuke.com/fangyuan/4413164601453579,5室2厅|整租|精装修|共3层,已爬取
7095,奥林匹克花园(别墅),972834,https://liny.zu.anjuke.com/fangyuan/4585436841585665,6室3厅|整租|精装修|共3层,已爬取
7096,奥林匹克花园(别墅),972834,https://liny.zu.anjuke.com/fangyuan/4588673780327429,5室4厅|整租|精装修|共1层,已爬取
7097,奥林匹克花园(别墅),972834,https://liny.zu.anjuke.com/fangyuan/4627706794748936,5室3厅|整租|精装修|共5层,已爬取
7098,水岸华庭(沂水),1073549,https://liny.zu.anjuke.com/fangyuan/4358149615901710,1室1厅|整租|精装修|高层(共10层),已爬取
7099,水岸华庭(沂水),1073549,https://liny.zu.anjuke.com/fangyuan/4633372345637890,1室1厅|整租|精装修|中层(共17层),已爬取
7100,水岸华庭(沂水),1073549,https://liny.zu.anjuke.com/fangyuan/4538515649256458,3室2厅|整租|精装修|中层(共10层),已爬取
7101,水岸华庭(沂水),1073549,https://liny.zu.anjuke.com/fangyuan/4499041075620876,1室1厅|整租|精装修|共3层,已爬取
7102,水岸华庭(沂水),1073549,https://liny.zu.anjuke.com/fangyuan/4544359320134662,3室2厅|整租|精装修|低层(共23层),已爬取
7103,水岸华庭(沂水),1073549,https://liny.zu.anjuke.com/fangyuan/4500571841305612,1室1厅|整租|精装修|共3层,已爬取
7104,水岸华庭(沂水),1073549,https://liny.zu.anjuke.com/fangyuan/4602638263313415,1室1厅|整租|精装修|中层(共17层),已爬取
7105,水岸华庭(沂水),1073549,https://liny.zu.anjuke.com/fangyuan/4522234974315521,1室1厅|整租|精装修|中层(共17层),已爬取
7106,赵庄社区,677832,https://liny.zu.anjuke.com/fangyuan/4626257947565067,3室2厅|整租|精装修|中层(共6层),已爬取
7107,赵庄社区,677832,https://liny.zu.anjuke.com/fangyuan/4632475317396484,3室2厅|整租|简单装修|中层(共6层),已爬取
7108,赵庄社区,677832,https://liny.zu.anjuke.com/fangyuan/4609278510113803,1室1厅|合租|精装修|共5层,已爬取
7109,赵庄社区,677832,https://liny.zu.anjuke.com/fangyuan/4525777782316035,3室2厅|合租|精装修|低层(共6层),已爬取
7110,赵庄社区,677832,https://liny.zu.anjuke.com/fangyuan/4577157772862471,1室0厅|合租|精装修|低层(共15层),已爬取
7111,赵庄社区,677832,https://liny.zu.anjuke.com/fangyuan/4624756899044355,1室1厅|合租|精装修|低层(共7层),已爬取
7112,赵庄社区,677832,https://liny.zu.anjuke.com/fangyuan/4613423453922318,1室1厅|合租|精装修|低层(共7层),已爬取
7113,赵庄社区,677832,https://liny.zu.anjuke.com/fangyuan/4596924768726020,4室2厅|整租|精装修|中层(共6层),已爬取
7114,赵庄社区,677832,https://liny.zu.anjuke.com/fangyuan/4549732585745423,3室2厅|整租|精装修|中层(共6层),已爬取
7115,赵庄社区,677832,https://liny.zu.anjuke.com/fangyuan/4549138264222723,3室2厅|整租|精装修|中层(共6层),已爬取
7116,海润尚东国际(南区),1599435,https://liny.zu.anjuke.com/fangyuan/4630599700524042,3室2厅|整租|简单装修|中层(共27层),已爬取
7117,海润尚东国际(南区),1599435,https://liny.zu.anjuke.com/fangyuan/4629571219233793,3室2厅|整租|简单装修|高层(共18层),已爬取
7118,海润尚东国际(南区),1599435,https://liny.zu.anjuke.com/fangyuan/4625903355061254,3室2厅|整租|简单装修|中层(共27层),已爬取
7119,海润尚东国际(南区),1599435,https://liny.zu.anjuke.com/fangyuan/4603511797050380,3室2厅|整租|精装修|中层(共20层),已爬取
7120,海润尚东国际(南区),1599435,https://liny.zu.anjuke.com/fangyuan/4146446649875469,3室2厅|整租|精装修|高层(共17层),已爬取
7121,刘村社区,677819,https://liny.zu.anjuke.com/fangyuan/4580953343826946,3室2厅|整租|精装修|中层(共6层),已爬取
7122,刘村社区,677819,https://liny.zu.anjuke.com/fangyuan/4517950708505611,2室2厅|整租|精装修|中层(共6层),已爬取
7123,刘村社区,677819,https://liny.zu.anjuke.com/fangyuan/4619570071428101,3室2厅|整租|简单装修|中层(共11层),已爬取
7124,刘村社区,677819,https://liny.zu.anjuke.com/fangyuan/4527620313408512,2室2厅|整租|精装修|高层(共19层),已爬取
7125,刘村社区,677819,https://liny.zu.anjuke.com/fangyuan/4616901657635849,4室1厅|合租|精装修|低层(共6层),已爬取
7126,刘村社区,677819,https://liny.zu.anjuke.com/fangyuan/4588328596513797,2室2厅|整租|精装修|低层(共19层),已爬取
7127,刘村社区,677819,https://liny.zu.anjuke.com/fangyuan/4369332080911360,2室2厅|整租|精装修|高层(共6层),已爬取
7128,刘村社区,677819,https://liny.zu.anjuke.com/fangyuan/4515128974795778,2室2厅|整租|精装修|中层(共6层),已爬取
7129,刘村社区,677819,https://liny.zu.anjuke.com/fangyuan/4518128886293512,4室2厅|合租|精装修|中层(共17层),已爬取
7130,刘村社区,677819,https://liny.zu.anjuke.com/fangyuan/4625287622913029,3室2厅|合租|精装修|中层(共16层),已爬取
7131,五洲华府天著(别墅),973160,https://liny.zu.anjuke.com/fangyuan/4418505309662215,5室3厅|整租|精装修|共3层,已爬取
7132,五洲华府天著(别墅),973160,https://liny.zu.anjuke.com/fangyuan/4493267336289292,7室4厅|整租|豪华装修|共4层,已爬取
7133,五洲华府天著(别墅),973160,https://liny.zu.anjuke.com/fangyuan/4209462636239885,5室3厅|整租|豪华装修|共4层,已爬取
7134,五洲华府天著(别墅),973160,https://liny.zu.anjuke.com/fangyuan/4609654179634185,1室1厅|整租|精装修|低层(共24层),已爬取
7135,五洲华府天著(别墅),973160,https://liny.zu.anjuke.com/fangyuan/4182386148401160,6室3厅|整租|精装修|共3层,已爬取
7136,五洲华府天著(别墅),973160,https://liny.zu.anjuke.com/fangyuan/4630542198926336,5室3厅|整租|豪华装修|共4层,已爬取
7137,五洲华府天著(别墅),973160,https://liny.zu.anjuke.com/fangyuan/4609625936079882,1室1厅|整租|精装修|高层(共20层),已爬取
7138,五洲华府天著(别墅),973160,https://liny.zu.anjuke.com/fangyuan/4506241798351885,5室2厅|整租|精装修|共4层,已爬取
7139,五洲华府天著(别墅),973160,https://liny.zu.anjuke.com/fangyuan/4307584152625164,5室3厅|整租|豪华装修|共3层,已爬取
7140,汀香郡(别墅),973139,https://liny.zu.anjuke.com/fangyuan/4611311192353799,3室2厅|整租|精装修|低层(共32层),已爬取
7141,银河别墅,973234,https://liny.zu.anjuke.com/fangyuan/4599457461775367,3室2厅|整租|简单装修|共4层,已爬取
7142,银河别墅,973234,https://liny.zu.anjuke.com/fangyuan/4572545669131279,3室2厅|整租|精装修|低层(共6层),已爬取
7143,怡和花园,1019904,https://liny.zu.anjuke.com/fangyuan/4541698819548166,3室2厅|整租|简单装修|高层(共6层),已爬取
7144,怡和花园,1019904,https://liny.zu.anjuke.com/fangyuan/4251278838569985,2室2厅|整租|精装修|中层(共6层),已爬取
7145,怡和花园,1019904,https://liny.zu.anjuke.com/fangyuan/4586947046169600,3室2厅|整租|精装修|低层(共6层),已爬取
7146,怡和花园,1019904,https://liny.zu.anjuke.com/fangyuan/4584266020627468,3室2厅|整租|精装修|中层(共6层),已爬取
7147,怡和花园,1019904,https://liny.zu.anjuke.com/fangyuan/4587089518390283,3室2厅|整租|精装修|低层(共6层),已爬取
7148,怡和花园,1019904,https://liny.zu.anjuke.com/fangyuan/4612120401832974,3室2厅|整租|精装修|高层(共6层),已爬取
7149,怡和花园,1019904,https://liny.zu.anjuke.com/fangyuan/4505206977340424,2室2厅|整租|简单装修|高层(共6层),已爬取
7150,怡和花园,1019904,https://liny.zu.anjuke.com/fangyuan/4588060512185348,2室2厅|整租|简单装修|高层(共6层),已爬取
7151,怡和花园,1019904,https://liny.zu.anjuke.com/fangyuan/4536047940590599,3室2厅|整租|精装修|中层(共6层),已爬取
7152,怡和花园,1019904,https://liny.zu.anjuke.com/fangyuan/4556810816218126,3室2厅|整租|精装修|中层(共6层),已爬取
7153,圣兰菲诺(别墅),972818,https://liny.zu.anjuke.com/fangyuan/4554324566580228,5室3厅|整租|精装修|共3层,已爬取
7154,圣兰菲诺(别墅),972818,https://liny.zu.anjuke.com/fangyuan/4548463128058884,2室2厅|整租|精装修|高层(共25层),已爬取
7155,鑫福源花园,972760,https://liny.zu.anjuke.com/fangyuan/4558750701200384,3室2厅|整租|简单装修|共5层,已爬取
7156,鑫福源花园,972760,https://liny.zu.anjuke.com/fangyuan/4221763564985346,3室2厅|整租|精装修|共5层,已爬取
7157,鑫福源花园,972760,https://liny.zu.anjuke.com/fangyuan/4552898568432640,3室2厅|整租|精装修|中层(共6层),已爬取
7158,鑫福源花园,972760,https://liny.zu.anjuke.com/fangyuan/4578208321283080,4室2厅|整租|精装修|低层(共25层),已爬取
7159,鑫福源花园,972760,https://liny.zu.anjuke.com/fangyuan/4511587211303947,3室2厅|整租|简单装修|低层(共6层),已爬取
7160,鑫福源花园,972760,https://liny.zu.anjuke.com/fangyuan/4618247375711234,3室2厅|整租|简单装修|中层(共6层),已爬取
7161,鑫福源花园,972760,https://liny.zu.anjuke.com/fangyuan/4517951959395329,3室2厅|整租|精装修|共5层,已爬取
7162,鑫福源花园,972760,https://liny.zu.anjuke.com/fangyuan/4575595804763139,3室2厅|整租|简单装修|共5层,已爬取
7163,奥正诚园(别墅),995828,https://liny.zu.anjuke.com/fangyuan/3938648031305731,6室4厅|整租|豪华装修|共1层,已爬取
7164,翔龙清河苑,1087444,https://liny.zu.anjuke.com/fangyuan/4605118975482895,3室2厅|整租|精装修|低层(共17层),已爬取
7165,翔龙清河苑,1087444,https://liny.zu.anjuke.com/fangyuan/4619542003162124,3室2厅|整租|精装修|中层(共25层),已爬取
7166,翔龙清河苑,1087444,https://liny.zu.anjuke.com/fangyuan/4603883719011334,3室2厅|整租|精装修|低层(共18层),已爬取
7167,翔龙清河苑,1087444,https://liny.zu.anjuke.com/fangyuan/4605117717619714,3室2厅|整租|精装修|低层(共17层),已爬取
7168,翔龙清河苑,1087444,https://liny.zu.anjuke.com/fangyuan/4626293174414337,3室2厅|整租|精装修|高层(共17层),已爬取
7169,翔龙清河苑,1087444,https://liny.zu.anjuke.com/fangyuan/4605453819915272,3室2厅|整租|精装修|低层(共17层),已爬取
7170,致远天宸府,1425393,https://liny.zu.anjuke.com/fangyuan/4572859302960133,3室2厅|整租|精装修|高层(共17层),已爬取
7171,致远天宸府,1425393,https://liny.zu.anjuke.com/fangyuan/4559878101806088,3室2厅|整租|精装修|高层(共17层),已爬取
7172,致远天宸府,1425393,https://liny.zu.anjuke.com/fangyuan/4498049646978048,3室2厅|整租|精装修|高层(共16层),已爬取
7173,致远天宸府,1425393,https://liny.zu.anjuke.com/fangyuan/4573177342389263,3室2厅|整租|精装修|高层(共16层),已爬取
7174,中粮壹号院(别墅),1376772,https://liny.zu.anjuke.com/fangyuan/4619220517071881,4室2厅|整租|精装修|共4层,已爬取
7175,中粮壹号院(别墅),1376772,https://liny.zu.anjuke.com/fangyuan/4315174506208265,1室1厅|整租|精装修|中层(共10层),已爬取
7176,中暨沂河一英里(商住楼),1385570,https://liny.zu.anjuke.com/fangyuan/4395564254094349,2室2厅|整租|精装修|中层(共17层),已爬取
7177,中暨沂河一英里(商住楼),1385570,https://liny.zu.anjuke.com/fangyuan/4608052826156041,2室1厅|整租|精装修|高层(共9层),已爬取
7178,中暨沂河一英里(商住楼),1385570,https://liny.zu.anjuke.com/fangyuan/4557199450645516,2室2厅|整租|精装修|中层(共11层),已爬取
7179,中暨沂河一英里(商住楼),1385570,https://liny.zu.anjuke.com/fangyuan/4578492043486217,2室1厅|整租|精装修|高层(共9层),已爬取
7180,中暨沂河一英里(商住楼),1385570,https://liny.zu.anjuke.com/fangyuan/3972727858978824,2室1厅|整租|精装修|中层(共11层),已爬取
7181,中暨沂河一英里(商住楼),1385570,https://liny.zu.anjuke.com/fangyuan/4040550033383438,2室1厅|整租|精装修|中层(共9层),已爬取
7182,中暨沂河一英里(商住楼),1385570,https://liny.zu.anjuke.com/fangyuan/4633892657274894,1室1厅|整租|精装修|高层(共9层),已爬取
7183,中暨沂河一英里(商住楼),1385570,https://liny.zu.anjuke.com/fangyuan/4532683431128071,2室1厅|整租|精装修|中层(共9层),已爬取
7184,中暨沂河一英里(商住楼),1385570,https://liny.zu.anjuke.com/fangyuan/4633859458374671,1室1厅|整租|精装修|中层(共9层),已爬取
7185,中暨沂河一英里(商住楼),1385570,https://liny.zu.anjuke.com/fangyuan/4633877880298506,1室1厅|整租|精装修|中层(共9层),已爬取
7186,平邑县交通局家属院,1469636,https://liny.zu.anjuke.com/fangyuan/4620463478479877,3室2厅|整租|精装修|共5层,已爬取
7187,平邑县交通局家属院,1469636,https://liny.zu.anjuke.com/fangyuan/4612454545239051,3室2厅|整租|简单装修|共5层,已爬取
7188,海天华庭,677666,https://liny.zu.anjuke.com/fangyuan/4606963355034637,2室2厅|整租|精装修|中层(共6层),已爬取
7189,海天华庭,677666,https://liny.zu.anjuke.com/fangyuan/4500521123326985,2室2厅|整租|精装修|低层(共6层),已爬取
7190,香醍荣府(别墅),1073567,https://liny.zu.anjuke.com/fangyuan/4599396636810243,6室3厅|整租|精装修|共3层,已爬取
7191,润地新城(商住楼),1669440,https://liny.zu.anjuke.com/fangyuan/4623952004426755,1室1厅|整租|精装修|中层(共21层),已爬取
7192,润地新城(商住楼),1669440,https://liny.zu.anjuke.com/fangyuan/4560129141793807,3室2厅|整租|精装修|高层(共26层),已爬取
7193,润地新城(商住楼),1669440,https://liny.zu.anjuke.com/fangyuan/4618117726888971,2室2厅|整租|精装修|低层(共21层),已爬取
7194,滨河阳光(兰陵),1384318,https://liny.zu.anjuke.com/fangyuan/4558616129037315,3室2厅|整租|精装修|高层(共11层),已爬取
7195,滨河阳光(兰陵),1384318,https://liny.zu.anjuke.com/fangyuan/4547539128853507,3室2厅|整租|精装修|低层(共8层),已爬取
7196,滨河阳光(兰陵),1384318,https://liny.zu.anjuke.com/fangyuan/4627631621843980,3室2厅|整租|精装修|低层(共11层),已爬取
7197,滨河阳光(兰陵),1384318,https://liny.zu.anjuke.com/fangyuan/4528689702837261,3室2厅|整租|精装修|高层(共11层),已爬取
7198,滨河阳光(兰陵),1384318,https://liny.zu.anjuke.com/fangyuan/4528871908432903,3室2厅|整租|精装修|高层(共11层),已爬取
7199,滨河阳光(兰陵),1384318,https://liny.zu.anjuke.com/fangyuan/4526194079179786,3室2厅|整租|精装修|低层(共11层),已爬取
7200,滨河阳光(兰陵),1384318,https://liny.zu.anjuke.com/fangyuan/4574346994129931,3室2厅|整租|精装修|中层(共18层),已爬取
7201,先河御景,972754,https://liny.zu.anjuke.com/fangyuan/4518654752840716,3室2厅|整租|精装修|低层(共6层),已爬取
7202,先河御景,972754,https://liny.zu.anjuke.com/fangyuan/4598764376824844,3室2厅|整租|精装修|共5层,已爬取
7203,奥斯卡上品公馆,713723,https://liny.zu.anjuke.com/fangyuan/4623422647016454,3室2厅|合租|简单装修|低层(共15层),已爬取
7204,奥斯卡上品公馆,713723,https://liny.zu.anjuke.com/fangyuan/4535774079196161,3室2厅|合租|精装修|低层(共30层),已爬取
7205,奥斯卡上品公馆,713723,https://liny.zu.anjuke.com/fangyuan/4623264293692423,4室2厅|合租|精装修|高层(共30层),已爬取
7206,奥斯卡上品公馆,713723,https://liny.zu.anjuke.com/fangyuan/4486147950402574,3室2厅|合租|精装修|低层(共31层),已爬取
7207,奥斯卡上品公馆,713723,https://liny.zu.anjuke.com/fangyuan/4631334375877643,3室1厅|合租|精装修|高层(共30层),已爬取
7208,奥斯卡上品公馆,713723,https://liny.zu.anjuke.com/fangyuan/4487803988761611,3室2厅|合租|精装修|中层(共30层),已爬取
7209,奥斯卡上品公馆,713723,https://liny.zu.anjuke.com/fangyuan/4344556122202121,3室2厅|合租|精装修|中层(共20层),已爬取
7210,奥斯卡上品公馆,713723,https://liny.zu.anjuke.com/fangyuan/4561554839495690,3室2厅|合租|精装修|高层(共32层),已爬取
7211,奥斯卡上品公馆,713723,https://liny.zu.anjuke.com/fangyuan/4575285726520320,3室2厅|合租|精装修|低层(共31层),已爬取
7212,奥斯卡上品公馆,713723,https://liny.zu.anjuke.com/fangyuan/4605085679232004,1室1厅|整租|精装修|高层(共29层),已爬取
7213,棉麻小区,973061,https://liny.zu.anjuke.com/fangyuan/4594499804654603,2室2厅|整租|精装修|共5层,已爬取
7214,棉麻小区,973061,https://liny.zu.anjuke.com/fangyuan/4398293675271179,2室1厅|整租|精装修|高层(共6层),已爬取
7215,御尊尚府御富园,1370909,https://liny.zu.anjuke.com/fangyuan/4622760241996807,3室2厅|整租|精装修|中层(共11层),已爬取
7216,御尊尚府御富园,1370909,https://liny.zu.anjuke.com/fangyuan/4514618309616646,3室2厅|整租|精装修|高层(共12层),已爬取
7217,御尊尚府御富园,1370909,https://liny.zu.anjuke.com/fangyuan/4607922476489730,3室2厅|整租|精装修|高层(共11层),已爬取
7218,御尊尚府御富园,1370909,https://liny.zu.anjuke.com/fangyuan/4619591768943624,3室2厅|整租|精装修|中层(共16层),已爬取
7219,御尊尚府御富园,1370909,https://liny.zu.anjuke.com/fangyuan/4011786960202756,3室2厅|整租|精装修|中层(共12层),已爬取
7220,宝丽大厦,677778,https://liny.zu.anjuke.com/fangyuan/4629013565070351,1室1厅|整租|精装修|高层(共21层),已爬取
7221,宝丽大厦,677778,https://liny.zu.anjuke.com/fangyuan/4618411051099149,1室1厅|整租|精装修|中层(共21层),已爬取
7222,宝丽大厦,677778,https://liny.zu.anjuke.com/fangyuan/4566933022989327,2室2厅|整租|精装修|高层(共21层),已爬取
7223,宝丽大厦,677778,https://liny.zu.anjuke.com/fangyuan/4614005099240455,1室1厅|整租|精装修|高层(共21层),已爬取
7224,宝丽大厦,677778,https://liny.zu.anjuke.com/fangyuan/4632320329886731,2室1厅|整租|精装修|低层(共21层),已爬取
7225,宝丽大厦,677778,https://liny.zu.anjuke.com/fangyuan/4629213922499589,2室2厅|整租|精装修|低层(共26层),已爬取
7226,宝丽大厦,677778,https://liny.zu.anjuke.com/fangyuan/4552819888692232,2室2厅|整租|精装修|低层(共21层),已爬取
7227,宝丽大厦,677778,https://liny.zu.anjuke.com/fangyuan/4633307974888450,1室1厅|整租|简单装修|中层(共17层),已爬取
7228,宝丽大厦,677778,https://liny.zu.anjuke.com/fangyuan/4632022170037253,1室1厅|整租|精装修|高层(共21层),已爬取
7229,宝丽大厦,677778,https://liny.zu.anjuke.com/fangyuan/4615079004593154,1室1厅|整租|精装修|中层(共21层),已爬取
7230,平安悦城(兰陵),973071,https://liny.zu.anjuke.com/fangyuan/4469479282383886,3室2厅|整租|精装修|中层(共33层),已爬取
7231,平安悦城(兰陵),973071,https://liny.zu.anjuke.com/fangyuan/4313825459448836,3室2厅|整租|简单装修|中层(共33层),已爬取
7232,平安悦城(兰陵),973071,https://liny.zu.anjuke.com/fangyuan/4510160312708101,3室1厅|整租|简单装修|低层(共33层),已爬取
7233,平安悦城(兰陵),973071,https://liny.zu.anjuke.com/fangyuan/4583790241078272,4室2厅|整租|简单装修|中层(共33层),已爬取
7234,平安悦城(兰陵),973071,https://liny.zu.anjuke.com/fangyuan/4623739400875018,3室2厅|整租|简单装修|中层(共33层),已爬取
7235,平安悦城(兰陵),973071,https://liny.zu.anjuke.com/fangyuan/4574380696169486,3室2厅|整租|精装修|中层(共8层),已爬取
7236,平安悦城(兰陵),973071,https://liny.zu.anjuke.com/fangyuan/4558753628892174,3室2厅|整租|简单装修|低层(共33层),已爬取
7237,南湖尚郡,1005754,https://liny.zu.anjuke.com/fangyuan/4537212930563082,3室2厅|整租|简单装修|低层(共6层),已爬取
7238,南湖尚郡,1005754,https://liny.zu.anjuke.com/fangyuan/4625158762275840,3室2厅|整租|精装修|中层(共6层),已爬取
7239,南湖尚郡,1005754,https://liny.zu.anjuke.com/fangyuan/4617724372278273,3室2厅|整租|简单装修|中层(共6层),已爬取
7240,掌舵东岸日月城(别墅),1575249,https://liny.zu.anjuke.com/fangyuan/4585748441146374,2室2厅|整租|精装修|高层(共11层),已爬取
7241,掌舵东岸日月城(别墅),1575249,https://liny.zu.anjuke.com/fangyuan/4523516533468166,7室4厅|整租|豪华装修|共3层,已爬取
7242,掌舵东岸日月城(别墅),1575249,https://liny.zu.anjuke.com/fangyuan/4513718489113605,5室6厅|整租|豪华装修|共3层,已爬取
7243,掌舵东岸日月城(别墅),1575249,https://liny.zu.anjuke.com/fangyuan/4513523930653698,5室5厅|整租|豪华装修|共3层,已爬取
7244,掌舵东岸日月城(别墅),1575249,https://liny.zu.anjuke.com/fangyuan/4598056358763531,3室2厅|整租|精装修|低层(共9层),已爬取
7245,掌舵东岸日月城(别墅),1575249,https://liny.zu.anjuke.com/fangyuan/4510527629044748,6室3厅|整租|精装修|共3层,已爬取
7246,掌舵东岸日月城(别墅),1575249,https://liny.zu.anjuke.com/fangyuan/4517496557788168,5室3厅|整租|精装修|共3层,已爬取
7247,掌舵东岸日月城(别墅),1575249,https://liny.zu.anjuke.com/fangyuan/4605005889858566,5室2厅|整租|豪华装修|共3层,已爬取
7248,前朱汪小区,972719,https://liny.zu.anjuke.com/fangyuan/4543188027433990,3室2厅|整租|精装修|高层(共6层),已爬取
7249,前朱汪小区,972719,https://liny.zu.anjuke.com/fangyuan/4609152274885648,3室2厅|整租|简单装修|中层(共6层),已爬取
7250,前朱汪小区,972719,https://liny.zu.anjuke.com/fangyuan/4397261254681607,3室2厅|整租|毛坯|高层(共6层),已爬取
7251,前朱汪小区,972719,https://liny.zu.anjuke.com/fangyuan/4488784931089412,3室2厅|整租|简单装修|低层(共6层),已爬取
7252,前朱汪小区,972719,https://liny.zu.anjuke.com/fangyuan/4544242685139977,3室2厅|整租|简单装修|高层(共6层),已爬取
7253,前朱汪小区,972719,https://liny.zu.anjuke.com/fangyuan/4624086075761674,4室1厅|合租|精装修|低层(共6层),已爬取
7254,前朱汪小区,972719,https://liny.zu.anjuke.com/fangyuan/4539780012088324,3室2厅|整租|精装修|低层(共6层),已爬取
7255,前朱汪小区,972719,https://liny.zu.anjuke.com/fangyuan/4606619888098309,3室2厅|整租|精装修|中层(共6层),已爬取
7256,前朱汪小区,972719,https://liny.zu.anjuke.com/fangyuan/4538760442981381,3室2厅|整租|简单装修|高层(共6层),已爬取
7257,前朱汪小区,972719,https://liny.zu.anjuke.com/fangyuan/4522851238800385,3室2厅|整租|简单装修|低层(共6层),已爬取
7258,鼎鑫佳园,713740,https://liny.zu.anjuke.com/fangyuan/4630541603888137,5室1厅|合租|精装修|共5层,已爬取
7259,鼎鑫佳园,713740,https://liny.zu.anjuke.com/fangyuan/3813865222070278,3室2厅|整租|精装修|共5层,已爬取
7260,鼎鑫佳园,713740,https://liny.zu.anjuke.com/fangyuan/4615378536522762,2室2厅|整租|简单装修|低层(共6层),已爬取
7261,鼎鑫佳园,713740,https://liny.zu.anjuke.com/fangyuan/4588727471121416,2室2厅|整租|精装修|共5层,已爬取
7262,鼎鑫佳园,713740,https://liny.zu.anjuke.com/fangyuan/4625221432192001,2室2厅|整租|简单装修|低层(共6层),已爬取
7263,鼎鑫佳园,713740,https://liny.zu.anjuke.com/fangyuan/4588489674791949,2室2厅|整租|精装修|共5层,已爬取
7264,鼎鑫佳园,713740,https://liny.zu.anjuke.com/fangyuan/4624923286348809,2室2厅|整租|精装修|共5层,已爬取
7265,鼎鑫佳园,713740,https://liny.zu.anjuke.com/fangyuan/4630686012578823,4室1厅|合租|精装修|中层(共6层),已爬取
7266,和润香堤(别墅),1014917,https://liny.zu.anjuke.com/fangyuan/4342157624155142,4室3厅|整租|精装修|共2层,已爬取
7267,西苑小区(西北组团),713748,https://liny.zu.anjuke.com/fangyuan/4622256263048201,3室2厅|合租|简单装修|中层(共6层),已爬取
7268,西苑小区(西北组团),713748,https://liny.zu.anjuke.com/fangyuan/4625223816326146,3室1厅|合租|精装修|低层(共16层),已爬取
7269,西苑小区(西北组团),713748,https://liny.zu.anjuke.com/fangyuan/4622171171922951,3室2厅|合租|豪华装修|共5层,已爬取
7270,西苑小区(西北组团),713748,https://liny.zu.anjuke.com/fangyuan/4306415463869440,3室2厅|合租|精装修|中层(共6层),已爬取
7271,西苑小区(西北组团),713748,https://liny.zu.anjuke.com/fangyuan/4435523007357967,3室2厅|整租|简单装修|高层(共6层),已爬取
7272,西苑小区(西北组团),713748,https://liny.zu.anjuke.com/fangyuan/4606614780341259,3室2厅|整租|精装修|高层(共6层),已爬取
7273,西苑小区(西北组团),713748,https://liny.zu.anjuke.com/fangyuan/4507944519377928,2室2厅|整租|精装修|中层(共6层),已爬取
7274,西苑小区(西北组团),713748,https://liny.zu.anjuke.com/fangyuan/4624903798414348,3室2厅|合租|精装修|低层(共15层),已爬取
7275,西苑小区(西北组团),713748,https://liny.zu.anjuke.com/fangyuan/4582868443552776,1室0厅|合租|精装修|低层(共6层),已爬取
7276,西苑小区(西北组团),713748,https://liny.zu.anjuke.com/fangyuan/4631911347414028,2室2厅|整租|简单装修|中层(共6层),已爬取
7277,范家沟(B区),972892,https://liny.zu.anjuke.com/fangyuan/4613562994945032,3室2厅|整租|简单装修|中层(共7层),已爬取
7278,范家沟(B区),972892,https://liny.zu.anjuke.com/fangyuan/4580014063610892,2室1厅|合租|精装修|低层(共6层),已爬取
7279,范家沟(B区),972892,https://liny.zu.anjuke.com/fangyuan/4604133087489034,3室2厅|整租|精装修|中层(共8层),已爬取
7280,金泰世纪村,972984,https://liny.zu.anjuke.com/fangyuan/4629454718985225,3室2厅|整租|简单装修|高层(共6层),已爬取
7281,金泰世纪村,972984,https://liny.zu.anjuke.com/fangyuan/4581331233678351,3室2厅|整租|简单装修|共5层,已爬取
7282,金泰世纪村,972984,https://liny.zu.anjuke.com/fangyuan/4623960478133263,3室2厅|整租|精装修|高层(共6层),已爬取
7283,金泰世纪村,972984,https://liny.zu.anjuke.com/fangyuan/4633542720891916,3室2厅|整租|精装修|高层(共6层),已爬取
7284,金泰世纪村,972984,https://liny.zu.anjuke.com/fangyuan/4624773685224463,3室2厅|整租|简单装修|中层(共6层),已爬取
7285,金泰世纪村,972984,https://liny.zu.anjuke.com/fangyuan/2921829902507017,1室1厅|整租|精装修|中层(共6层),已爬取
7286,金泰世纪村,972984,https://liny.zu.anjuke.com/fangyuan/4316831956048905,1室0厅|合租|精装修|共5层,已爬取
7287,金泰世纪村,972984,https://liny.zu.anjuke.com/fangyuan/4321257603046406,1室1厅|整租|精装修|低层(共6层),已爬取
7288,翰林府,1238498,https://liny.zu.anjuke.com/fangyuan/4595193671822338,3室2厅|整租|精装修|中层(共17层),已爬取
7289,翰林府,1238498,https://liny.zu.anjuke.com/fangyuan/4605452943666186,3室2厅|整租|精装修|中层(共26层),已爬取
7290,翰林府,1238498,https://liny.zu.anjuke.com/fangyuan/4603601000356871,3室2厅|整租|精装修|中层(共17层),已爬取
7291,翰林府,1238498,https://liny.zu.anjuke.com/fangyuan/4621195060208649,3室1厅|整租|精装修|中层(共17层),已爬取
7292,翰林府,1238498,https://liny.zu.anjuke.com/fangyuan/4616478403107854,4室2厅|整租|豪华装修|高层(共27层),已爬取
7293,翰林府,1238498,https://liny.zu.anjuke.com/fangyuan/4574380282866694,3室2厅|整租|精装修|中层(共20层),已爬取
7294,翰林府,1238498,https://liny.zu.anjuke.com/fangyuan/4313601872878598,3室2厅|整租|精装修|低层(共30层),已爬取
7295,翰林府,1238498,https://liny.zu.anjuke.com/fangyuan/4624845230660619,3室1厅|整租|精装修|中层(共18层),已爬取
7296,翰林府,1238498,https://liny.zu.anjuke.com/fangyuan/4483543329057805,3室2厅|整租|豪华装修|低层(共28层),已爬取
7297,瑞祥家园,1376771,https://liny.zu.anjuke.com/fangyuan/4622413496706056,3室2厅|整租|精装修|低层(共6层),已爬取
7298,临工家属院,677288,https://liny.zu.anjuke.com/fangyuan/4602121624099850,3室1厅|合租|精装修|共5层,已爬取
7299,临工家属院,677288,https://liny.zu.anjuke.com/fangyuan/4553152601549838,3室1厅|合租|精装修|共4层,已爬取
7300,临工家属院,677288,https://liny.zu.anjuke.com/fangyuan/4593740717335565,1室1厅|合租|豪华装修|中层(共6层),已爬取
7301,临工家属院,677288,https://liny.zu.anjuke.com/fangyuan/4525089779063808,3室1厅|合租|精装修|中层(共6层),已爬取
7302,临工家属院,677288,https://liny.zu.anjuke.com/fangyuan/4129396662672397,3室2厅|合租|精装修|低层(共6层),已爬取
7303,临工家属院,677288,https://liny.zu.anjuke.com/fangyuan/4633356105051141,3室1厅|整租|精装修|共5层,已爬取
7304,临工家属院,677288,https://liny.zu.anjuke.com/fangyuan/4604968500435982,1室1厅|合租|简单装修|中层(共6层),已爬取
7305,临工家属院,677288,https://liny.zu.anjuke.com/fangyuan/4623886887738371,2室2厅|整租|简单装修|共5层,已爬取
7306,临工家属院,677288,https://liny.zu.anjuke.com/fangyuan/4482628402373644,3室1厅|合租|精装修|低层(共7层),已爬取
7307,临工家属院,677288,https://liny.zu.anjuke.com/fangyuan/4507267545705473,3室1厅|合租|精装修|中层(共6层),已爬取
7308,银凤花园,677074,https://liny.zu.anjuke.com/fangyuan/4623510475004931,3室2厅|整租|简单装修|低层(共6层),已爬取
7309,银凤花园,677074,https://liny.zu.anjuke.com/fangyuan/4550149726034949,2室2厅|整租|精装修|高层(共6层),已爬取
7310,银凤花园,677074,https://liny.zu.anjuke.com/fangyuan/4321938522627086,3室2厅|整租|精装修|低层(共11层),已爬取
7311,银凤花园,677074,https://liny.zu.anjuke.com/fangyuan/4623604259892225,3室2厅|整租|简单装修|低层(共6层),已爬取
7312,银凤花园,677074,https://liny.zu.anjuke.com/fangyuan/4562515858762766,3室2厅|整租|精装修|低层(共6层),已爬取
7313,银凤花园,677074,https://liny.zu.anjuke.com/fangyuan/4598027609512972,1室1厅|整租|精装修|低层(共6层),已爬取
7314,银凤花园,677074,https://liny.zu.anjuke.com/fangyuan/4429912218954753,3室2厅|整租|精装修|低层(共6层),已爬取
7315,银凤花园,677074,https://liny.zu.anjuke.com/fangyuan/4578255992380431,2室2厅|整租|精装修|共5层,已爬取
7316,银凤花园,677074,https://liny.zu.anjuke.com/fangyuan/4514425270230021,2室1厅|整租|精装修|中层(共6层),已爬取
7317,银凤花园,677074,https://liny.zu.anjuke.com/fangyuan/4619701485593603,3室2厅|整租|豪华装修|低层(共17层),已爬取
7318,诚德翰林园,1087476,https://liny.zu.anjuke.com/fangyuan/4579956785814529,3室2厅|整租|精装修|中层(共25层),已爬取
7319,诚德翰林园,1087476,https://liny.zu.anjuke.com/fangyuan/4586817211800584,3室2厅|整租|精装修|中层(共17层),已爬取
7320,诚德翰林园,1087476,https://liny.zu.anjuke.com/fangyuan/4581302394477573,3室2厅|整租|精装修|高层(共6层),已爬取
7321,诚德翰林园,1087476,https://liny.zu.anjuke.com/fangyuan/4629109399116805,3室2厅|整租|精装修|低层(共25层),已爬取
7322,沂华新居,1191774,https://liny.zu.anjuke.com/fangyuan/4624224279370755,3室2厅|整租|精装修|高层(共8层),已爬取
7323,颐景恒泰,972792,https://liny.zu.anjuke.com/fangyuan/4615369265454080,3室2厅|整租|简单装修|高层(共11层),已爬取
7324,天泽华府,1082069,https://liny.zu.anjuke.com/fangyuan/4624914230291456,3室2厅|整租|精装修|低层(共16层),已爬取
7325,天泽华府,1082069,https://liny.zu.anjuke.com/fangyuan/4631239304766471,3室2厅|整租|精装修|中层(共18层),已爬取
7326,高尔夫庄园(商住楼),1293481,https://liny.zu.anjuke.com/fangyuan/4608207358663689,1室1厅|整租|精装修|高层(共32层),已爬取
7327,高尔夫庄园(商住楼),1293481,https://liny.zu.anjuke.com/fangyuan/4598334673331212,2室1厅|整租|精装修|低层(共26层),已爬取
7328,高尔夫庄园(商住楼),1293481,https://liny.zu.anjuke.com/fangyuan/4595463676371968,1室0厅|整租|精装修|高层(共26层),已爬取
7329,高尔夫庄园(商住楼),1293481,https://liny.zu.anjuke.com/fangyuan/4545735144696832,1室1厅|整租|精装修|中层(共26层),已爬取
7330,高尔夫庄园(商住楼),1293481,https://liny.zu.anjuke.com/fangyuan/4594162615348227,1室1厅|整租|精装修|中层(共26层),已爬取
7331,高尔夫庄园(商住楼),1293481,https://liny.zu.anjuke.com/fangyuan/4590964043471876,1室1厅|整租|精装修|低层(共26层),已爬取
7332,高尔夫庄园(商住楼),1293481,https://liny.zu.anjuke.com/fangyuan/4608211873737733,1室1厅|整租|精装修|中层(共34层),已爬取
7333,高尔夫庄园(商住楼),1293481,https://liny.zu.anjuke.com/fangyuan/4604114816441359,1室1厅|整租|精装修|高层(共26层),已爬取
7334,高尔夫庄园(商住楼),1293481,https://liny.zu.anjuke.com/fangyuan/4590949827159050,1室1厅|整租|精装修|低层(共26层),已爬取
7335,高尔夫庄园(商住楼),1293481,https://liny.zu.anjuke.com/fangyuan/4624704665986057,2室2厅|整租|精装修|中层(共24层),已爬取
7336,顺和小区(罗庄),677619,https://liny.zu.anjuke.com/fangyuan/4629045847974920,2室2厅|整租|简单装修|高层(共6层),已爬取
7337,顺和小区(罗庄),677619,https://liny.zu.anjuke.com/fangyuan/4293814197885962,3室2厅|整租|简单装修|高层(共7层),已爬取
7338,顺和小区(罗庄),677619,https://liny.zu.anjuke.com/fangyuan/4625322217450511,3室2厅|整租|精装修|共5层,已爬取
7339,顺和小区(罗庄),677619,https://liny.zu.anjuke.com/fangyuan/4623686678797319,3室2厅|整租|简单装修|低层(共6层),已爬取
7340,顺和小区(罗庄),677619,https://liny.zu.anjuke.com/fangyuan/4633592719827971,2室2厅|整租|简单装修|高层(共6层),已爬取
7341,顺和小区(罗庄),677619,https://liny.zu.anjuke.com/fangyuan/4621982517664770,3室2厅|整租|简单装修|高层(共7层),已爬取
7342,顺和小区(罗庄),677619,https://liny.zu.anjuke.com/fangyuan/4613475855475714,3室2厅|整租|简单装修|低层(共6层),已爬取
7343,顺和小区(罗庄),677619,https://liny.zu.anjuke.com/fangyuan/4605332597713928,3室2厅|整租|简单装修|高层(共6层),已爬取
7344,顺和小区(罗庄),677619,https://liny.zu.anjuke.com/fangyuan/4580324519959555,3室2厅|整租|简单装修|高层(共6层),已爬取
7345,顺和小区(罗庄),677619,https://liny.zu.anjuke.com/fangyuan/4595294126613505,3室2厅|整租|精装修|低层(共6层),已爬取
7346,华创金桂园(别墅),995204,https://liny.zu.anjuke.com/fangyuan/4571113788414982,3室2厅|整租|豪华装修|共2层,已爬取
7347,华创金桂园(别墅),995204,https://liny.zu.anjuke.com/fangyuan/4562564339835912,8室3厅|整租|精装修|地下(共3层),已爬取
7348,华创金桂园(别墅),995204,https://liny.zu.anjuke.com/fangyuan/4619304786975751,3室2厅|整租|精装修|低层(共6层),已爬取
7349,华创金桂园(别墅),995204,https://liny.zu.anjuke.com/fangyuan/4623230199340033,5室2厅|整租|精装修|低层(共6层),已爬取
7350,华创金桂园(别墅),995204,https://liny.zu.anjuke.com/fangyuan/4551590900063237,6室2厅|整租|精装修|地下(共3层),已爬取
7351,莲花园东区,1135228,https://liny.zu.anjuke.com/fangyuan/4513651345122309,3室2厅|整租|简单装修|共5层,已爬取
7352,莲花园东区,1135228,https://liny.zu.anjuke.com/fangyuan/4504674527620102,3室2厅|整租|简单装修|共5层,已爬取
7353,常林御园,677973,https://liny.zu.anjuke.com/fangyuan/4577548082816014,3室2厅|整租|精装修|高层(共26层),已爬取
7354,常林御园,677973,https://liny.zu.anjuke.com/fangyuan/4471210454049800,3室2厅|整租|简单装修|高层(共23层),已爬取
7355,常林御园,677973,https://liny.zu.anjuke.com/fangyuan/4572490031078403,3室2厅|整租|简单装修|中层(共6层),已爬取
7356,常林御园,677973,https://liny.zu.anjuke.com/fangyuan/4576707346097160,3室2厅|整租|精装修|中层(共18层),已爬取
7357,常林御园,677973,https://liny.zu.anjuke.com/fangyuan/4566802353859589,3室2厅|整租|简单装修|高层(共17层),已爬取
7358,财源小区,972855,https://liny.zu.anjuke.com/fangyuan/4601287850220545,3室1厅|整租|简单装修|共5层,已爬取
7359,财源小区,972855,https://liny.zu.anjuke.com/fangyuan/4612114809646082,2室1厅|整租|精装修|共5层,已爬取
7360,财源小区,972855,https://liny.zu.anjuke.com/fangyuan/4547419692096520,3室2厅|整租|简单装修|共5层,已爬取
7361,财源小区,972855,https://liny.zu.anjuke.com/fangyuan/4593673991035910,3室1厅|整租|精装修|共5层,已爬取
7362,财源小区,972855,https://liny.zu.anjuke.com/fangyuan/4600820453256207,3室2厅|整租|精装修|共4层,已爬取
7363,财源小区,972855,https://liny.zu.anjuke.com/fangyuan/4621780826713089,2室2厅|整租|精装修|共1层,已爬取
7364,财源小区,972855,https://liny.zu.anjuke.com/fangyuan/4620458158713867,3室1厅|整租|简单装修|共5层,已爬取
7365,宋家王庄小区,677080,https://liny.zu.anjuke.com/fangyuan/4520762259430406,3室1厅|合租|精装修|中层(共30层),已爬取
7366,宋家王庄小区,677080,https://liny.zu.anjuke.com/fangyuan/4596489799869448,3室0厅|合租|精装修|中层(共6层),已爬取
7367,宋家王庄小区,677080,https://liny.zu.anjuke.com/fangyuan/4576717143268359,3室1厅|合租|精装修|共4层,已爬取
7368,宋家王庄小区,677080,https://liny.zu.anjuke.com/fangyuan/4629617101777922,3室1厅|合租|精装修|低层(共10层),已爬取
7369,宋家王庄小区,677080,https://liny.zu.anjuke.com/fangyuan/4472822241422336,3室2厅|合租|精装修|共5层,已爬取
7370,宋家王庄小区,677080,https://liny.zu.anjuke.com/fangyuan/4394237363231744,3室1厅|合租|精装修|低层(共17层),已爬取
7371,宋家王庄小区,677080,https://liny.zu.anjuke.com/fangyuan/4594109743047682,3室1厅|合租|精装修|低层(共22层),已爬取
7372,宋家王庄小区,677080,https://liny.zu.anjuke.com/fangyuan/4595363462734854,3室2厅|合租|精装修|低层(共30层),已爬取
7373,宋家王庄小区,677080,https://liny.zu.anjuke.com/fangyuan/4617789757385739,3室1厅|合租|精装修|中层(共6层),已爬取
7374,宋家王庄小区,677080,https://liny.zu.anjuke.com/fangyuan/4613596560550918,3室2厅|合租|精装修|低层(共30层),已爬取
7375,璟苑小区,973003,https://liny.zu.anjuke.com/fangyuan/4633983844573197,3室2厅|整租|精装修|共5层,已爬取
7376,万基幸福小镇(商住楼),1599326,https://liny.zu.anjuke.com/fangyuan/4632255336784906,1室1厅|整租|简单装修|共4层,已爬取
7377,鲁商万科新都会(商住楼),1577660,https://liny.zu.anjuke.com/fangyuan/4346073657122818,1室1厅|整租|精装修|中层(共7层),已爬取
7378,鲁商万科新都会(商住楼),1577660,https://liny.zu.anjuke.com/fangyuan/4632476897401868,1室0厅|整租|精装修|高层(共7层),已爬取
7379,鲁商万科新都会(商住楼),1577660,https://liny.zu.anjuke.com/fangyuan/4569736134630408,1室1厅|整租|精装修|中层(共7层),已爬取
7380,鲁商万科新都会(商住楼),1577660,https://liny.zu.anjuke.com/fangyuan/4561329920107528,1室1厅|整租|精装修|高层(共7层),已爬取
7381,鲁商万科新都会(商住楼),1577660,https://liny.zu.anjuke.com/fangyuan/4448261069841421,1室1厅|整租|精装修|高层(共7层),已爬取
7382,鲁商万科新都会(商住楼),1577660,https://liny.zu.anjuke.com/fangyuan/4633446721954831,1室1厅|整租|精装修|中层(共7层),已爬取
7383,鲁商万科新都会(商住楼),1577660,https://liny.zu.anjuke.com/fangyuan/3679413755289601,1室1厅|整租|精装修|高层(共7层),已爬取
7384,鲁商万科新都会(商住楼),1577660,https://liny.zu.anjuke.com/fangyuan/4628175613746177,1室1厅|整租|精装修|高层(共7层),已爬取
7385,鲁商万科新都会(商住楼),1577660,https://liny.zu.anjuke.com/fangyuan/4554434788682752,1室1厅|整租|精装修|高层(共7层),已爬取
7386,鲁商万科新都会(商住楼),1577660,https://liny.zu.anjuke.com/fangyuan/4593911013993479,1室1厅|整租|精装修|高层(共7层),已爬取
7387,杏源小镇,1037852,https://liny.zu.anjuke.com/fangyuan/4527458386846721,2室1厅|整租|精装修|低层(共18层),已爬取
7388,杏源小镇,1037852,https://liny.zu.anjuke.com/fangyuan/4537048077544462,3室2厅|整租|简单装修|低层(共12层),已爬取
7389,杏源小镇,1037852,https://liny.zu.anjuke.com/fangyuan/4594063404391432,3室2厅|整租|精装修|中层(共12层),已爬取
7390,教授花园(沂水),1073565,https://liny.zu.anjuke.com/fangyuan/4598064804932609,2室2厅|整租|简单装修|高层(共18层),已爬取
7391,教授花园(沂水),1073565,https://liny.zu.anjuke.com/fangyuan/4594291752524811,3室2厅|整租|简单装修|中层(共18层),已爬取
7392,教授花园(沂水),1073565,https://liny.zu.anjuke.com/fangyuan/4591349813451787,3室2厅|整租|精装修|中层(共19层),已爬取
7393,教授花园(沂水),1073565,https://liny.zu.anjuke.com/fangyuan/4581296464370700,2室1厅|整租|简单装修|低层(共23层),已爬取
7394,教授花园(沂水),1073565,https://liny.zu.anjuke.com/fangyuan/4594345434803215,3室2厅|整租|简单装修|低层(共17层),已爬取
7395,教授花园(沂水),1073565,https://liny.zu.anjuke.com/fangyuan/4506042618080257,3室2厅|整租|精装修|低层(共16层),已爬取
7396,教授花园(沂水),1073565,https://liny.zu.anjuke.com/fangyuan/4515111445077006,3室2厅|整租|精装修|高层(共17层),已爬取
7397,教授花园(沂水),1073565,https://liny.zu.anjuke.com/fangyuan/4562958074307589,3室2厅|整租|精装修|中层(共15层),已爬取
7398,教授花园(沂水),1073565,https://liny.zu.anjuke.com/fangyuan/4567335864523776,3室2厅|整租|简单装修|低层(共18层),已爬取
7399,银雀公馆,1389246,https://liny.zu.anjuke.com/fangyuan/4607272926190592,1室1厅|整租|精装修|低层(共26层),已爬取
7400,银雀公馆,1389246,https://liny.zu.anjuke.com/fangyuan/4185352873009157,1室1厅|整租|精装修|高层(共30层),已爬取
7401,银雀公馆,1389246,https://liny.zu.anjuke.com/fangyuan/4407169785568258,1室1厅|整租|精装修|低层(共24层),已爬取
7402,银雀公馆,1389246,https://liny.zu.anjuke.com/fangyuan/4091158071189505,1室1厅|整租|精装修|高层(共20层),已爬取
7403,银雀公馆,1389246,https://liny.zu.anjuke.com/fangyuan/4407165682904070,2室1厅|整租|精装修|低层(共29层),已爬取
7404,银雀公馆,1389246,https://liny.zu.anjuke.com/fangyuan/4599732957490182,1室1厅|整租|精装修|中层(共18层),已爬取
7405,银雀公馆,1389246,https://liny.zu.anjuke.com/fangyuan/4407392296463374,1室0厅|整租|精装修|低层(共30层),已爬取
7406,银雀公馆,1389246,https://liny.zu.anjuke.com/fangyuan/4070452597792780,1室1厅|整租|精装修|中层(共23层),已爬取
7407,银雀公馆,1389246,https://liny.zu.anjuke.com/fangyuan/4620896142795784,1室1厅|整租|精装修|中层(共20层),已爬取
7408,银雀公馆,1389246,https://liny.zu.anjuke.com/fangyuan/4579899182623750,1室1厅|整租|精装修|中层(共27层),已爬取
7409,海联芳华,1388611,https://liny.zu.anjuke.com/fangyuan/4617990344303616,2室2厅|整租|精装修|中层(共20层),已爬取
7410,海联芳华,1388611,https://liny.zu.anjuke.com/fangyuan/4631966008632326,1室1厅|整租|精装修|中层(共20层),已爬取
7411,海联芳华,1388611,https://liny.zu.anjuke.com/fangyuan/4599852981855244,2室2厅|整租|精装修|中层(共20层),已爬取
7412,海联芳华,1388611,https://liny.zu.anjuke.com/fangyuan/4609619795090434,2室2厅|整租|精装修|中层(共20层),已爬取
7413,海联芳华,1388611,https://liny.zu.anjuke.com/fangyuan/4620946362969090,1室1厅|整租|精装修|低层(共24层),已爬取
7414,海联芳华,1388611,https://liny.zu.anjuke.com/fangyuan/4632396324203525,2室2厅|整租|精装修|低层(共20层),已爬取
7415,海联芳华,1388611,https://liny.zu.anjuke.com/fangyuan/4624987717313537,2室2厅|整租|精装修|高层(共20层),已爬取
7416,海联芳华,1388611,https://liny.zu.anjuke.com/fangyuan/4529034803112970,2室2厅|整租|精装修|低层(共24层),已爬取
7417,海联芳华,1388611,https://liny.zu.anjuke.com/fangyuan/4516138940275720,2室1厅|整租|精装修|低层(共19层),已爬取
7418,海联芳华,1388611,https://liny.zu.anjuke.com/fangyuan/4574149297298438,2室2厅|整租|精装修|中层(共20层),已爬取
7419,御龙府,1059632,https://liny.zu.anjuke.com/fangyuan/4428390682467328,3室2厅|合租|精装修|中层(共28层),已爬取
7420,御龙府,1059632,https://liny.zu.anjuke.com/fangyuan/4633707681700875,2室2厅|整租|豪华装修|中层(共11层),已爬取
7421,御龙府,1059632,https://liny.zu.anjuke.com/fangyuan/4492212671749133,1室1厅|整租|精装修|高层(共7层),已爬取
7422,御龙府,1059632,https://liny.zu.anjuke.com/fangyuan/3990983375609868,1室1厅|整租|精装修|高层(共8层),已爬取
7423,御龙府,1059632,https://liny.zu.anjuke.com/fangyuan/4516146323465218,1室1厅|整租|精装修|高层(共8层),已爬取
7424,御龙府,1059632,https://liny.zu.anjuke.com/fangyuan/4605397571511296,1室1厅|整租|精装修|高层(共7层),已爬取
7425,御龙府,1059632,https://liny.zu.anjuke.com/fangyuan/4625143849626635,1室1厅|整租|精装修|高层(共8层),已爬取
7426,御龙府,1059632,https://liny.zu.anjuke.com/fangyuan/4625162316590089,1室1厅|整租|精装修|中层(共8层),已爬取
7427,御龙府,1059632,https://liny.zu.anjuke.com/fangyuan/3161220584645644,1室1厅|整租|精装修|低层(共26层),已爬取
7428,御龙府,1059632,https://liny.zu.anjuke.com/fangyuan/4377115905108997,1室0厅|整租|精装修|高层(共8层),已爬取
7429,百合园,676827,https://liny.zu.anjuke.com/fangyuan/4619535504813057,2室2厅|整租|精装修|低层(共6层),已爬取
7430,百合园,676827,https://liny.zu.anjuke.com/fangyuan/4586661483340814,3室1厅|整租|精装修|低层(共6层),已爬取
7431,百合园,676827,https://liny.zu.anjuke.com/fangyuan/4626369988975618,6室1厅|整租|简单装修|共1层,已爬取
7432,百合园,676827,https://liny.zu.anjuke.com/fangyuan/4582548026305543,3室2厅|整租|简单装修|高层(共6层),已爬取
7433,百合园,676827,https://liny.zu.anjuke.com/fangyuan/4350258696953864,6室2厅|整租|简单装修|共2层,已爬取
7434,前园花园(B区),676683,https://liny.zu.anjuke.com/fangyuan/4487454359919631,3室2厅|整租|精装修|中层(共6层),已爬取
7435,前园花园(B区),676683,https://liny.zu.anjuke.com/fangyuan/4009367888436236,3室2厅|整租|精装修|高层(共7层),已爬取
7436,前园花园(B区),676683,https://liny.zu.anjuke.com/fangyuan/4394033970539531,3室2厅|整租|精装修|高层(共7层),已爬取
7437,前园花园(B区),676683,https://liny.zu.anjuke.com/fangyuan/4585568594390024,3室1厅|合租|精装修|中层(共6层),已爬取
7438,前园花园(B区),676683,https://liny.zu.anjuke.com/fangyuan/4619929623964686,3室2厅|整租|精装修|中层(共6层),已爬取
7439,前园花园(B区),676683,https://liny.zu.anjuke.com/fangyuan/4619922722171907,3室2厅|整租|精装修|中层(共6层),已爬取
7440,前园花园(B区),676683,https://liny.zu.anjuke.com/fangyuan/3959863893404675,3室2厅|整租|精装修|中层(共6层),已爬取
7441,名士豪庭,972705,https://liny.zu.anjuke.com/fangyuan/4602232443362307,2室2厅|整租|精装修|低层(共11层),已爬取
7442,北园佳园,972605,https://liny.zu.anjuke.com/fangyuan/4488919614628865,2室2厅|整租|精装修|低层(共30层),已爬取
7443,北园佳园,972605,https://liny.zu.anjuke.com/fangyuan/2978759943494669,2室2厅|整租|精装修|中层(共18层),已爬取
7444,北园佳园,972605,https://liny.zu.anjuke.com/fangyuan/1713597469268998,2室2厅|整租|精装修|中层(共21层),已爬取
7445,华润佳园东区(罗庄),677636,https://liny.zu.anjuke.com/fangyuan/4532077507275786,2室2厅|整租|精装修|中层(共23层),已爬取
7446,华润佳园东区(罗庄),677636,https://liny.zu.anjuke.com/fangyuan/4583863090277383,3室2厅|整租|简单装修|高层(共19层),已爬取
7447,华润佳园东区(罗庄),677636,https://liny.zu.anjuke.com/fangyuan/4583850602617871,3室2厅|整租|简单装修|低层(共19层),已爬取
7448,文轩苑,678201,https://liny.zu.anjuke.com/fangyuan/4608308236430344,3室2厅|整租|精装修|共5层,已爬取
7449,文轩苑,678201,https://liny.zu.anjuke.com/fangyuan/4558353312590850,3室2厅|整租|简单装修|低层(共6层),已爬取
7450,文轩苑,678201,https://liny.zu.anjuke.com/fangyuan/4398318439492609,3室2厅|整租|精装修|高层(共6层),已爬取
7451,郯城第一中学家属楼,1496459,https://liny.zu.anjuke.com/fangyuan/4440678089714691,3室2厅|整租|精装修|中层(共6层),已爬取
7452,郯城第一中学家属楼,1496459,https://liny.zu.anjuke.com/fangyuan/4372072653448201,3室2厅|整租|简单装修|共5层,已爬取
7453,郯城第一中学家属楼,1496459,https://liny.zu.anjuke.com/fangyuan/4613862199847938,3室2厅|整租|简单装修|中层(共11层),已爬取
7454,郯城第一中学家属楼,1496459,https://liny.zu.anjuke.com/fangyuan/4466274448024580,3室2厅|整租|简单装修|中层(共6层),已爬取
7455,金鼎国际(兰山),1018520,https://liny.zu.anjuke.com/fangyuan/4526618947349519,3室2厅|合租|精装修|低层(共18层),已爬取
7456,金鼎国际(兰山),1018520,https://liny.zu.anjuke.com/fangyuan/4564316772377614,3室2厅|合租|精装修|低层(共31层),已爬取
7457,金鼎国际(兰山),1018520,https://liny.zu.anjuke.com/fangyuan/4623881600080911,3室2厅|合租|精装修|高层(共30层),已爬取
7458,金鼎国际(兰山),1018520,https://liny.zu.anjuke.com/fangyuan/4524989695779841,1室1厅|整租|豪华装修|低层(共30层),已爬取
7459,金鼎国际(兰山),1018520,https://liny.zu.anjuke.com/fangyuan/3713982579892231,1室1厅|整租|精装修|低层(共30层),已爬取
7460,金鼎国际(兰山),1018520,https://liny.zu.anjuke.com/fangyuan/4620905946407950,1室1厅|整租|精装修|低层(共32层),已爬取
7461,金鼎国际(兰山),1018520,https://liny.zu.anjuke.com/fangyuan/4519121700252684,1室0厅|整租|简单装修|中层(共30层),已爬取
7462,金鼎国际(兰山),1018520,https://liny.zu.anjuke.com/fangyuan/4516568579562502,1室1厅|整租|简单装修|高层(共30层),已爬取
7463,金鼎国际(兰山),1018520,https://liny.zu.anjuke.com/fangyuan/4518882431937544,1室1厅|整租|简单装修|中层(共30层),已爬取
7464,金鼎国际(兰山),1018520,https://liny.zu.anjuke.com/fangyuan/4543339855588362,1室1厅|整租|简单装修|中层(共30层),已爬取
7465,和谐家园(罗庄),1107255,https://liny.zu.anjuke.com/fangyuan/4619856367606797,3室2厅|整租|精装修|低层(共6层),已爬取
7466,园丁公寓,1106425,https://liny.zu.anjuke.com/fangyuan/4527271756979214,3室2厅|整租|精装修|中层(共17层),已爬取
7467,中晟学府美地,1192381,https://liny.zu.anjuke.com/fangyuan/4615008932293638,3室2厅|整租|精装修|中层(共17层),已爬取
7468,中晟学府美地,1192381,https://liny.zu.anjuke.com/fangyuan/4616486794861572,3室2厅|整租|精装修|中层(共18层),已爬取
7469,中晟学府美地,1192381,https://liny.zu.anjuke.com/fangyuan/4596439130938380,3室2厅|整租|简单装修|低层(共17层),已爬取
7470,中晟学府美地,1192381,https://liny.zu.anjuke.com/fangyuan/4599758188864526,4室2厅|整租|精装修|低层(共11层),已爬取
7471,中晟学府美地,1192381,https://liny.zu.anjuke.com/fangyuan/4624898887855119,3室2厅|整租|精装修|中层(共17层),已爬取
7472,中晟学府美地,1192381,https://liny.zu.anjuke.com/fangyuan/4548864427318284,3室2厅|整租|精装修|高层(共17层),已爬取
7473,水榭华庭(别墅),996809,https://liny.zu.anjuke.com/fangyuan/4590083390090253,5室2厅|整租|精装修|共4层,已爬取
7474,水榭华庭(别墅),996809,https://liny.zu.anjuke.com/fangyuan/4605002327647232,5室2厅|整租|精装修|共4层,已爬取
7475,水榭华庭(别墅),996809,https://liny.zu.anjuke.com/fangyuan/4574517197040643,1室1厅|合租|精装修|共5层,已爬取
7476,水榭华庭(别墅),996809,https://liny.zu.anjuke.com/fangyuan/4608562590131202,6室3厅|整租|精装修|地下(共3层),已爬取
7477,水榭华庭(别墅),996809,https://liny.zu.anjuke.com/fangyuan/4627712167472131,6室3厅|整租|精装修|共4层,已爬取
7478,京汇菁华园,1082967,https://liny.zu.anjuke.com/fangyuan/4617742981800963,3室2厅|整租|精装修|低层(共17层),已爬取
7479,京汇菁华园,1082967,https://liny.zu.anjuke.com/fangyuan/4566957552671750,3室2厅|整租|精装修|高层(共17层),已爬取
7480,京汇菁华园,1082967,https://liny.zu.anjuke.com/fangyuan/4616615207511051,3室2厅|整租|精装修|低层(共18层),已爬取
7481,京汇菁华园,1082967,https://liny.zu.anjuke.com/fangyuan/4616608907963399,3室1厅|整租|精装修|低层(共17层),已爬取
7482,京汇菁华园,1082967,https://liny.zu.anjuke.com/fangyuan/4622127329106944,3室2厅|整租|精装修|低层(共17层),已爬取
7483,京汇菁华园,1082967,https://liny.zu.anjuke.com/fangyuan/4617851142499337,3室2厅|整租|精装修|低层(共19层),已爬取
7484,京汇菁华园,1082967,https://liny.zu.anjuke.com/fangyuan/4417008574786561,3室2厅|整租|简单装修|高层(共17层),已爬取
7485,京汇菁华园,1082967,https://liny.zu.anjuke.com/fangyuan/4630673503759363,3室2厅|整租|精装修|低层(共17层),已爬取
7486,京汇菁华园,1082967,https://liny.zu.anjuke.com/fangyuan/4546987373435915,3室2厅|整租|精装修|高层(共17层),已爬取
7487,京汇菁华园,1082967,https://liny.zu.anjuke.com/fangyuan/3949352342496261,1室1厅|整租|精装修|中层(共23层),已爬取
7488,克拉国际广场,1179513,https://liny.zu.anjuke.com/fangyuan/4595225750987791,3室1厅|整租|精装修|高层(共32层),已爬取
7489,克拉国际广场,1179513,https://liny.zu.anjuke.com/fangyuan/4622183871360014,3室2厅|整租|精装修|高层(共32层),已爬取
7490,克拉国际广场,1179513,https://liny.zu.anjuke.com/fangyuan/4619185351891982,3室2厅|整租|精装修|高层(共32层),已爬取
7491,克拉国际广场,1179513,https://liny.zu.anjuke.com/fangyuan/4621150507803651,3室2厅|整租|精装修|高层(共32层),已爬取
7492,克拉国际广场,1179513,https://liny.zu.anjuke.com/fangyuan/4604083408559111,3室2厅|整租|精装修|高层(共32层),已爬取
7493,金地家园(A区),677598,https://liny.zu.anjuke.com/fangyuan/4629182940404744,3室2厅|整租|简单装修|中层(共6层),已爬取
7494,景都国际,677933,https://liny.zu.anjuke.com/fangyuan/4629900316271622,2室2厅|整租|简单装修|中层(共11层),已爬取
7495,沂城花园(别墅),1044078,https://liny.zu.anjuke.com/fangyuan/4581408998597647,5室3厅|整租|精装修|共3层,已爬取
7496,沂城花园(别墅),1044078,https://liny.zu.anjuke.com/fangyuan/4509182035158029,8室4厅|整租|精装修|共3层,已爬取
7497,洪家店社区,1178876,https://liny.zu.anjuke.com/fangyuan/4629157308488719,3室2厅|整租|简单装修|高层(共17层),已爬取
7498,洪家店社区,1178876,https://liny.zu.anjuke.com/fangyuan/4626675624881157,3室2厅|整租|简单装修|高层(共16层),已爬取
7499,洪家店社区,1178876,https://liny.zu.anjuke.com/fangyuan/4597824295394314,3室2厅|整租|简单装修|高层(共6层),已爬取
7500,洪家店社区,1178876,https://liny.zu.anjuke.com/fangyuan/4527129530260484,2室1厅|整租|精装修|高层(共17层),已爬取
7501,古城社区刘庄,1179508,https://liny.zu.anjuke.com/fangyuan/4517435001744394,3室2厅|整租|精装修|高层(共6层),已爬取
7502,古城社区刘庄,1179508,https://liny.zu.anjuke.com/fangyuan/4503493993260037,2室2厅|整租|精装修|中层(共17层),已爬取
7503,古城社区刘庄,1179508,https://liny.zu.anjuke.com/fangyuan/4600138132366349,3室2厅|整租|精装修|高层(共6层),已爬取
7504,古城社区刘庄,1179508,https://liny.zu.anjuke.com/fangyuan/4460901743926281,3室2厅|整租|简单装修|低层(共17层),已爬取
7505,新庄社区,1220767,https://liny.zu.anjuke.com/fangyuan/4473649418542080,3室1厅|整租|简单装修|中层(共6层),已爬取
7506,新庄社区,1220767,https://liny.zu.anjuke.com/fangyuan/4558634606603266,3室2厅|整租|简单装修|低层(共6层),已爬取
7507,丽都小区,972688,https://liny.zu.anjuke.com/fangyuan/4602520442973189,3室2厅|整租|简单装修|中层(共11层),已爬取
7508,丽都小区,972688,https://liny.zu.anjuke.com/fangyuan/4626248366367757,3室2厅|整租|简单装修|中层(共6层),已爬取
7509,缸套厂家属院,677496,https://liny.zu.anjuke.com/fangyuan/4597245968704512,2室1厅|整租|简单装修|共5层,已爬取
7510,傅家康城,972902,https://liny.zu.anjuke.com/fangyuan/4613745240218624,3室2厅|整租|精装修|中层(共6层),已爬取
7511,傅家康城,972902,https://liny.zu.anjuke.com/fangyuan/4614705493976073,3室2厅|整租|精装修|中层(共6层),已爬取
7512,傅家康城,972902,https://liny.zu.anjuke.com/fangyuan/4570434404686860,2室2厅|整租|精装修|中层(共6层),已爬取
7513,花溪樾,1135226,https://liny.zu.anjuke.com/fangyuan/4565506078088207,3室2厅|整租|简单装修|共5层,已爬取
7514,花溪樾,1135226,https://liny.zu.anjuke.com/fangyuan/4588344210482181,3室2厅|整租|精装修|低层(共6层),已爬取
7515,花溪樾,1135226,https://liny.zu.anjuke.com/fangyuan/4603934765001732,3室2厅|整租|精装修|中层(共6层),已爬取
7516,花溪樾,1135226,https://liny.zu.anjuke.com/fangyuan/4602247273163789,1室1厅|整租|精装修|高层(共6层),已爬取
7517,花溪樾,1135226,https://liny.zu.anjuke.com/fangyuan/4602531762332675,2室1厅|整租|精装修|高层(共6层),已爬取
7518,花溪樾,1135226,https://liny.zu.anjuke.com/fangyuan/4588416502541314,3室2厅|整租|精装修|高层(共6层),已爬取
7519,百联华府(别墅),972841,https://liny.zu.anjuke.com/fangyuan/4305268921555979,6室2厅|整租|豪华装修|共4层,已爬取
7520,开元名都(东区),678186,https://liny.zu.anjuke.com/fangyuan/4603763958225927,5室2厅|整租|精装修|共5层,已爬取
7521,开元名都(东区),678186,https://liny.zu.anjuke.com/fangyuan/4611262884293636,5室3厅|整租|简单装修|共5层,已爬取
7522,齐鲁公寓,677269,https://liny.zu.anjuke.com/fangyuan/4623402910952461,3室2厅|合租|精装修|低层(共29层),已爬取
7523,齐鲁公寓,677269,https://liny.zu.anjuke.com/fangyuan/4080655306681354,3室2厅|合租|精装修|中层(共23层),已爬取
7524,盛世沂城(别墅),1593295,https://liny.zu.anjuke.com/fangyuan/4631200045900811,3室2厅|整租|精装修|中层(共11层),已爬取
7525,盛世沂城(别墅),1593295,https://liny.zu.anjuke.com/fangyuan/4624847857671183,3室2厅|整租|精装修|中层(共24层),已爬取
7526,盛世沂城(别墅),1593295,https://liny.zu.anjuke.com/fangyuan/4545833719143428,3室2厅|整租|简单装修|中层(共11层),已爬取
7527,北园春天(兰山),766640,https://liny.zu.anjuke.com/fangyuan/4496288988961799,1室1厅|整租|精装修|高层(共20层),已爬取
7528,北园春天(兰山),766640,https://liny.zu.anjuke.com/fangyuan/2655885069001740,1室1厅|整租|精装修|高层(共23层),已爬取
7529,东方御景(沂南),972825,https://liny.zu.anjuke.com/fangyuan/4128422190275589,2室2厅|整租|精装修|高层(共22层),已爬取
7530,东方御景(沂南),972825,https://liny.zu.anjuke.com/fangyuan/4306416302005259,2室1厅|整租|精装修|低层(共17层),已爬取
7531,东方御景(沂南),972825,https://liny.zu.anjuke.com/fangyuan/4520377679588360,3室2厅|整租|精装修|低层(共12层),已爬取
7532,东方御景(沂南),972825,https://liny.zu.anjuke.com/fangyuan/4585228403121166,3室1厅|整租|精装修|高层(共21层),已爬取
7533,东方御景(沂南),972825,https://liny.zu.anjuke.com/fangyuan/4623989506907151,3室2厅|整租|精装修|中层(共17层),已爬取
7534,东方御景(沂南),972825,https://liny.zu.anjuke.com/fangyuan/4000880119671810,1室1厅|整租|精装修|共4层,已爬取
7535,东方御景(沂南),972825,https://liny.zu.anjuke.com/fangyuan/4633344899228680,3室2厅|整租|精装修|中层(共17层),已爬取
7536,金雀山小区(北区),713684,https://liny.zu.anjuke.com/fangyuan/4542118991502345,3室1厅|合租|精装修|共5层,已爬取
7537,金雀山小区(北区),713684,https://liny.zu.anjuke.com/fangyuan/4485013242649609,2室1厅|整租|简单装修|共5层,已爬取
7538,金雀山小区(北区),713684,https://liny.zu.anjuke.com/fangyuan/4578109000739852,2室1厅|整租|简单装修|共5层,已爬取
7539,金雀山小区(北区),713684,https://liny.zu.anjuke.com/fangyuan/4332147978247171,3室1厅|整租|简单装修|共4层,已爬取
7540,金雀山小区(北区),713684,https://liny.zu.anjuke.com/fangyuan/4587056154631181,2室1厅|整租|简单装修|低层(共6层),已爬取
7541,金雀山小区(北区),713684,https://liny.zu.anjuke.com/fangyuan/4385018795535367,3室2厅|合租|精装修|中层(共17层),已爬取
7542,江南映象,677218,https://liny.zu.anjuke.com/fangyuan/4484707036357644,2室2厅|合租|精装修|低层(共32层),已爬取
7543,江南映象,677218,https://liny.zu.anjuke.com/fangyuan/4428181437901824,3室2厅|合租|精装修|高层(共32层),已爬取
7544,江南映象,677218,https://liny.zu.anjuke.com/fangyuan/4616625391395852,3室2厅|合租|精装修|低层(共30层),已爬取
7545,江南映象,677218,https://liny.zu.anjuke.com/fangyuan/4344521547967492,3室2厅|合租|精装修|中层(共25层),已爬取
7546,江南映象,677218,https://liny.zu.anjuke.com/fangyuan/4624824493646853,3室2厅|合租|精装修|低层(共30层),已爬取
7547,江南映象,677218,https://liny.zu.anjuke.com/fangyuan/4616707929975813,1室1厅|整租|精装修|中层(共12层),已爬取
7548,江南映象,677218,https://liny.zu.anjuke.com/fangyuan/4608267587267597,2室1厅|整租|豪华装修|低层(共31层),已爬取
7549,江南映象,677218,https://liny.zu.anjuke.com/fangyuan/4617602440078343,1室1厅|整租|精装修|高层(共30层),已爬取
7550,江南映象,677218,https://liny.zu.anjuke.com/fangyuan/4569972058516493,2室1厅|整租|精装修|高层(共31层),已爬取
7551,江南映象,677218,https://liny.zu.anjuke.com/fangyuan/4569983498890246,2室1厅|整租|精装修|中层(共24层),已爬取
7552,长安花园,677042,https://liny.zu.anjuke.com/fangyuan/4572761436513287,3室2厅|整租|精装修|高层(共6层),已爬取
7553,佳怡书香苑,1081110,https://liny.zu.anjuke.com/fangyuan/4592834812701698,3室2厅|整租|精装修|高层(共8层),已爬取
7554,辰坤国际,1167890,https://liny.zu.anjuke.com/fangyuan/4596854049170443,2室2厅|整租|豪华装修|中层(共30层),已爬取
7555,辰坤国际,1167890,https://liny.zu.anjuke.com/fangyuan/4552953974152195,2室1厅|整租|精装修|中层(共26层),已爬取
7556,辰坤国际,1167890,https://liny.zu.anjuke.com/fangyuan/4616541145441286,2室2厅|整租|精装修|中层(共30层),已爬取
7557,府佑书院(公寓住宅),1382684,https://liny.zu.anjuke.com/fangyuan/4606514041465871,1室1厅|整租|精装修|高层(共13层),已爬取
7558,府佑书院(公寓住宅),1382684,https://liny.zu.anjuke.com/fangyuan/4626653789070342,1室0厅|合租|精装修|高层(共20层),已爬取
7559,府佑书院(公寓住宅),1382684,https://liny.zu.anjuke.com/fangyuan/4626997350818829,1室1厅|整租|精装修|高层(共13层),已爬取
7560,府佑书院(公寓住宅),1382684,https://liny.zu.anjuke.com/fangyuan/4605042181544964,1室1厅|整租|精装修|高层(共13层),已爬取
7561,阳光馨苑,945156,https://liny.zu.anjuke.com/fangyuan/4460758052432896,2室1厅|整租|简单装修|高层(共6层),已爬取
7562,阳光馨苑,945156,https://liny.zu.anjuke.com/fangyuan/4629851643304960,2室2厅|整租|精装修|低层(共19层),已爬取
7563,阳光馨苑,945156,https://liny.zu.anjuke.com/fangyuan/4612855233946630,3室2厅|整租|精装修|低层(共16层),已爬取
7564,阳光馨苑,945156,https://liny.zu.anjuke.com/fangyuan/4631902828223501,2室2厅|整租|精装修|中层(共9层),已爬取
7565,生资小区(兰山区),676831,https://liny.zu.anjuke.com/fangyuan/4260978209071119,3室2厅|合租|精装修|低层(共6层),已爬取
7566,生资小区(兰山区),676831,https://liny.zu.anjuke.com/fangyuan/3708907212727296,3室2厅|合租|精装修|低层(共6层),已爬取
7567,生资小区(兰山区),676831,https://liny.zu.anjuke.com/fangyuan/3842709217501188,3室2厅|合租|精装修|共5层,已爬取
7568,生资小区(兰山区),676831,https://liny.zu.anjuke.com/fangyuan/3842714173254670,3室2厅|合租|精装修|低层(共6层),已爬取
7569,生资小区(兰山区),676831,https://liny.zu.anjuke.com/fangyuan/4260981678399492,3室2厅|合租|精装修|低层(共6层),已爬取
7570,生资小区(兰山区),676831,https://liny.zu.anjuke.com/fangyuan/4254611142500361,4室1厅|合租|精装修|中层(共6层),已爬取
7571,生资小区(兰山区),676831,https://liny.zu.anjuke.com/fangyuan/4595617569381380,3室1厅|合租|精装修|低层(共16层),已爬取
7572,生资小区(兰山区),676831,https://liny.zu.anjuke.com/fangyuan/4632338855746569,3室2厅|整租|简单装修|中层(共6层),已爬取
7573,生资小区(兰山区),676831,https://liny.zu.anjuke.com/fangyuan/4621028490961924,2室2厅|合租|精装修|低层(共6层),已爬取
7574,生资小区(兰山区),676831,https://liny.zu.anjuke.com/fangyuan/4597035991294976,3室2厅|整租|简单装修|低层(共6层),已爬取
7575,造纸厂家属院,677378,https://liny.zu.anjuke.com/fangyuan/4474875576986639,3室1厅|整租|简单装修|低层(共6层),已爬取
7576,造纸厂家属院,677378,https://liny.zu.anjuke.com/fangyuan/4570155213104131,3室1厅|整租|简单装修|高层(共6层),已爬取
7577,泉山国际,1071638,https://liny.zu.anjuke.com/fangyuan/4572801197644815,3室1厅|整租|精装修|低层(共23层),已爬取
7578,泉山国际,1071638,https://liny.zu.anjuke.com/fangyuan/4527252977998854,3室2厅|整租|精装修|低层(共17层),已爬取
7579,泉山国际,1071638,https://liny.zu.anjuke.com/fangyuan/4584183272778758,3室2厅|整租|精装修|低层(共18层),已爬取
7580,泉山国际,1071638,https://liny.zu.anjuke.com/fangyuan/4627637077584907,1室1厅|整租|精装修|共4层,已爬取
7581,泉山国际,1071638,https://liny.zu.anjuke.com/fangyuan/4627636300782600,1室1厅|整租|简单装修|共4层,已爬取
7582,泉山国际,1071638,https://liny.zu.anjuke.com/fangyuan/4308120758017025,3室2厅|整租|精装修|低层(共11层),已爬取
7583,泉山国际,1071638,https://liny.zu.anjuke.com/fangyuan/4019686977526799,3室2厅|整租|精装修|中层(共11层),已爬取
7584,泉山国际,1071638,https://liny.zu.anjuke.com/fangyuan/4312469061938191,3室2厅|整租|精装修|中层(共11层),已爬取
7585,前园花园(A区),1190680,https://liny.zu.anjuke.com/fangyuan/4593751775276036,1室1厅|合租|豪华装修|中层(共6层),已爬取
7586,前园花园(A区),1190680,https://liny.zu.anjuke.com/fangyuan/4630894651304970,3室1厅|合租|精装修|中层(共6层),已爬取
7587,前园花园(A区),1190680,https://liny.zu.anjuke.com/fangyuan/4613445882930177,3室2厅|合租|精装修|中层(共6层),已爬取
7588,前园花园(A区),1190680,https://liny.zu.anjuke.com/fangyuan/4615315381558287,3室2厅|合租|精装修|中层(共6层),已爬取
7589,前园花园(A区),1190680,https://liny.zu.anjuke.com/fangyuan/4606541272738818,3室1厅|合租|精装修|中层(共6层),已爬取
7590,前园花园(A区),1190680,https://liny.zu.anjuke.com/fangyuan/4623339132414989,3室2厅|合租|精装修|低层(共6层),已爬取
7591,前园花园(A区),1190680,https://liny.zu.anjuke.com/fangyuan/4482284160887812,3室2厅|整租|精装修|中层(共6层),已爬取
7592,前园花园(A区),1190680,https://liny.zu.anjuke.com/fangyuan/4617981443646468,3室2厅|合租|精装修|中层(共6层),已爬取
7593,前园花园(A区),1190680,https://liny.zu.anjuke.com/fangyuan/4617985810504708,3室2厅|合租|精装修|低层(共6层),已爬取
7594,前园花园(A区),1190680,https://liny.zu.anjuke.com/fangyuan/4630494141701124,3室1厅|合租|精装修|共5层,已爬取
7595,世纪豪庭,1205294,https://liny.zu.anjuke.com/fangyuan/4574345864653839,3室2厅|整租|豪华装修|中层(共22层),已爬取
7596,天使文化小区,1230537,https://liny.zu.anjuke.com/fangyuan/4585192484201483,3室2厅|整租|精装修|中层(共16层),已爬取
7597,莲花一苑区,1415027,https://liny.zu.anjuke.com/fangyuan/4540051785327619,3室2厅|整租|简单装修|共5层,已爬取
7598,府佑书院(商住楼),1667990,https://liny.zu.anjuke.com/fangyuan/4613864537023502,1室1厅|整租|精装修|高层(共13层),已爬取
7599,府佑书院(商住楼),1667990,https://liny.zu.anjuke.com/fangyuan/4592552377162757,1室1厅|整租|精装修|高层(共13层),已爬取
7600,府佑书院(商住楼),1667990,https://liny.zu.anjuke.com/fangyuan/4500566291766286,1室1厅|整租|精装修|高层(共13层),已爬取
7601,府佑书院(商住楼),1667990,https://liny.zu.anjuke.com/fangyuan/4509205439980554,4室2厅|整租|精装修|高层(共14层),已爬取
7602,府佑书院(商住楼),1667990,https://liny.zu.anjuke.com/fangyuan/4621263455562764,3室2厅|合租|精装修|中层(共22层),已爬取
7603,府佑书院(商住楼),1667990,https://liny.zu.anjuke.com/fangyuan/4565501306399755,1室1厅|整租|精装修|高层(共13层),已爬取
7604,东城华府,1843193,https://liny.zu.anjuke.com/fangyuan/4560502930826245,4室2厅|整租|精装修|低层(共17层),已爬取
7605,东城华府,1843193,https://liny.zu.anjuke.com/fangyuan/4622765667476488,3室2厅|整租|精装修|高层(共17层),已爬取
7606,东城华府,1843193,https://liny.zu.anjuke.com/fangyuan/4580239380982788,3室2厅|整租|精装修|中层(共18层),已爬取
7607,东城华府,1843193,https://liny.zu.anjuke.com/fangyuan/4551282201844747,3室2厅|整租|精装修|低层(共18层),已爬取
7608,东城华府,1843193,https://liny.zu.anjuke.com/fangyuan/4621456818084877,3室2厅|整租|简单装修|中层(共18层),已爬取
7609,东城华府,1843193,https://liny.zu.anjuke.com/fangyuan/4554050889772047,3室2厅|整租|精装修|中层(共17层),已爬取
7610,北城名苑,677968,https://liny.zu.anjuke.com/fangyuan/4613845531157507,3室2厅|整租|简单装修|低层(共6层),已爬取
7611,北城名苑,677968,https://liny.zu.anjuke.com/fangyuan/4583764484365316,3室2厅|整租|简单装修|共4层,已爬取
7612,北城名苑,677968,https://liny.zu.anjuke.com/fangyuan/4587303613721611,3室2厅|整租|简单装修|共5层,已爬取
7613,北城名苑,677968,https://liny.zu.anjuke.com/fangyuan/4629108678306819,3室2厅|整租|简单装修|共5层,已爬取
7614,独树头西南社区(A区),677857,https://liny.zu.anjuke.com/fangyuan/4629402818669579,3室2厅|整租|精装修|高层(共6层),已爬取
7615,独树头西南社区(A区),677857,https://liny.zu.anjuke.com/fangyuan/4575980936307715,3室2厅|整租|精装修|高层(共6层),已爬取
7616,独树头西南社区(A区),677857,https://liny.zu.anjuke.com/fangyuan/4586998745803789,3室2厅|整租|简单装修|高层(共6层),已爬取
7617,清泉花苑B区,713727,https://liny.zu.anjuke.com/fangyuan/4575325425310722,3室2厅|整租|简单装修|中层(共6层),已爬取
7618,清泉花苑B区,713727,https://liny.zu.anjuke.com/fangyuan/4498944190374927,3室2厅|整租|精装修|低层(共6层),已爬取
7619,清泉花苑B区,713727,https://liny.zu.anjuke.com/fangyuan/4504488569332745,3室2厅|整租|简单装修|高层(共6层),已爬取
7620,清泉花苑B区,713727,https://liny.zu.anjuke.com/fangyuan/4509550221009921,3室2厅|整租|精装修|低层(共6层),已爬取
7621,天龙花园,678162,https://liny.zu.anjuke.com/fangyuan/4584210067743754,3室2厅|整租|简单装修|中层(共6层),已爬取
7622,天龙花园,678162,https://liny.zu.anjuke.com/fangyuan/4347436868774927,3室2厅|整租|精装修|共5层,已爬取
7623,金润商务大厦,1018018,https://liny.zu.anjuke.com/fangyuan/4585670793339913,3室2厅|合租|精装修|高层(共33层),已爬取
7624,金润商务大厦,1018018,https://liny.zu.anjuke.com/fangyuan/4629572156972042,3室1厅|合租|精装修|共1层,已爬取
7625,金润商务大厦,1018018,https://liny.zu.anjuke.com/fangyuan/4631899392760846,5室1厅|合租|精装修|高层(共30层),已爬取
7626,金润商务大厦,1018018,https://liny.zu.anjuke.com/fangyuan/4613550061003778,3室2厅|合租|精装修|中层(共30层),已爬取
7627,金润商务大厦,1018018,https://liny.zu.anjuke.com/fangyuan/4613606270540807,3室2厅|合租|精装修|低层(共30层),已爬取
7628,金润商务大厦,1018018,https://liny.zu.anjuke.com/fangyuan/4616654428462083,3室2厅|合租|精装修|中层(共22层),已爬取
7629,金润商务大厦,1018018,https://liny.zu.anjuke.com/fangyuan/4633796521960453,3室1厅|合租|精装修|高层(共30层),已爬取
7630,金润商务大厦,1018018,https://liny.zu.anjuke.com/fangyuan/4633353568971781,4室1厅|合租|精装修|高层(共30层),已爬取
7631,金润商务大厦,1018018,https://liny.zu.anjuke.com/fangyuan/4527290854056963,3室1厅|整租|精装修|高层(共30层),已爬取
7632,金润商务大厦,1018018,https://liny.zu.anjuke.com/fangyuan/4557310895184897,4室2厅|整租|精装修|高层(共28层),已爬取
7633,柳溪美庐(别墅),972817,https://liny.zu.anjuke.com/fangyuan/4597196476881933,7室5厅|整租|精装修|共1层,已爬取
7634,柳溪美庐(别墅),972817,https://liny.zu.anjuke.com/fangyuan/4616768284238858,5室3厅|整租|精装修|共3层,已爬取
7635,万兴都公寓,1088121,https://liny.zu.anjuke.com/fangyuan/4539153538309133,1室1厅|整租|精装修|高层(共30层),已爬取
7636,万兴都公寓,1088121,https://liny.zu.anjuke.com/fangyuan/3897589733616649,1室1厅|整租|精装修|高层(共29层),已爬取
7637,万兴都公寓,1088121,https://liny.zu.anjuke.com/fangyuan/4327619092405253,1室1厅|整租|精装修|中层(共30层),已爬取
7638,万兴都公寓,1088121,https://liny.zu.anjuke.com/fangyuan/4583196004787211,2室2厅|整租|精装修|高层(共29层),已爬取
7639,万兴都公寓,1088121,https://liny.zu.anjuke.com/fangyuan/4371656558879758,1室1厅|整租|精装修|中层(共30层),已爬取
7640,万兴都公寓,1088121,https://liny.zu.anjuke.com/fangyuan/4574257694186508,1室1厅|整租|精装修|高层(共32层),已爬取
7641,万兴都公寓,1088121,https://liny.zu.anjuke.com/fangyuan/4572676726924301,2室2厅|整租|精装修|低层(共31层),已爬取
7642,万兴都公寓,1088121,https://liny.zu.anjuke.com/fangyuan/4602537983536136,1室1厅|整租|简单装修|低层(共30层),已爬取
7643,万兴都公寓,1088121,https://liny.zu.anjuke.com/fangyuan/4476459619640327,1室1厅|整租|精装修|高层(共28层),已爬取
7644,万兴都公寓,1088121,https://liny.zu.anjuke.com/fangyuan/4582434991842314,1室1厅|整租|豪华装修|中层(共25层),已爬取
7645,宝丽财富广场,1173555,https://liny.zu.anjuke.com/fangyuan/4326460327783429,1室1厅|整租|精装修|中层(共11层),已爬取
7646,宝丽财富广场,1173555,https://liny.zu.anjuke.com/fangyuan/2965931744160777,1室1厅|整租|精装修|高层(共11层),已爬取
7647,宝丽财富广场,1173555,https://liny.zu.anjuke.com/fangyuan/4575405381805059,1室1厅|整租|精装修|高层(共11层),已爬取
7648,宝丽财富广场,1173555,https://liny.zu.anjuke.com/fangyuan/4167712847503360,1室1厅|整租|精装修|高层(共11层),已爬取
7649,宝丽财富广场,1173555,https://liny.zu.anjuke.com/fangyuan/4077179499568139,1室1厅|整租|精装修|中层(共11层),已爬取
7650,环球和景,1224117,https://liny.zu.anjuke.com/fangyuan/4607986253487116,3室2厅|整租|精装修|中层(共28层),已爬取
7651,环球和景,1224117,https://liny.zu.anjuke.com/fangyuan/4595687187522574,3室1厅|整租|精装修|中层(共28层),已爬取
7652,环球和景,1224117,https://liny.zu.anjuke.com/fangyuan/4613961635929100,1室1厅|整租|精装修|中层(共28层),已爬取
7653,环球和景,1224117,https://liny.zu.anjuke.com/fangyuan/4538561583176713,1室1厅|整租|精装修|低层(共28层),已爬取
7654,环球和景,1224117,https://liny.zu.anjuke.com/fangyuan/4528995073399813,3室2厅|整租|精装修|高层(共28层),已爬取
7655,环球和景,1224117,https://liny.zu.anjuke.com/fangyuan/4536152633943054,3室2厅|整租|精装修|中层(共28层),已爬取
7656,环球和景,1224117,https://liny.zu.anjuke.com/fangyuan/4541511001037832,1室1厅|整租|精装修|高层(共27层),已爬取
7657,环球和景,1224117,https://liny.zu.anjuke.com/fangyuan/4500559703090179,3室2厅|整租|精装修|中层(共28层),已爬取
7658,环球和景,1224117,https://liny.zu.anjuke.com/fangyuan/4529025313860611,1室1厅|整租|精装修|高层(共28层),已爬取
7659,环球和景,1224117,https://liny.zu.anjuke.com/fangyuan/4615127017184257,1室1厅|整租|精装修|中层(共28层),已爬取
7660,六中家属院,1433004,https://liny.zu.anjuke.com/fangyuan/4537596329438210,2室2厅|整租|精装修|中层(共6层),已爬取
7661,泰鲁时代城(别墅),1671101,https://liny.zu.anjuke.com/fangyuan/4629118821049357,3室1厅|合租|精装修|中层(共16层),已爬取
7662,泰鲁时代城(别墅),1671101,https://liny.zu.anjuke.com/fangyuan/4623507550624770,4室1厅|合租|精装修|低层(共26层),已爬取
7663,泰鲁时代城(别墅),1671101,https://liny.zu.anjuke.com/fangyuan/4603599543901194,3室2厅|合租|精装修|中层(共15层),已爬取
7664,泰鲁时代城(别墅),1671101,https://liny.zu.anjuke.com/fangyuan/4620625811844104,3室2厅|合租|精装修|高层(共11层),已爬取
7665,泰鲁时代城(别墅),1671101,https://liny.zu.anjuke.com/fangyuan/4470314078905359,3室2厅|整租|精装修|低层(共24层),已爬取
7666,泰鲁时代城(别墅),1671101,https://liny.zu.anjuke.com/fangyuan/4537402842358793,3室2厅|整租|精装修|中层(共26层),已爬取
7667,泰鲁时代城(别墅),1671101,https://liny.zu.anjuke.com/fangyuan/4483167607006216,3室2厅|整租|精装修|中层(共26层),已爬取
7668,运通嘉园,1693505,https://liny.zu.anjuke.com/fangyuan/4604071066594315,2室2厅|整租|精装修|低层(共10层),已爬取
7669,运通嘉园,1693505,https://liny.zu.anjuke.com/fangyuan/4607084873182214,3室2厅|整租|精装修|高层(共17层),已爬取
7670,运通嘉园,1693505,https://liny.zu.anjuke.com/fangyuan/4615228449659915,3室2厅|整租|简单装修|低层(共16层),已爬取
7671,运通嘉园,1693505,https://liny.zu.anjuke.com/fangyuan/4608178056129538,3室2厅|整租|精装修|高层(共17层),已爬取
7672,泷璟(别墅),972697,https://liny.zu.anjuke.com/fangyuan/4614133089065996,1室1厅|整租|精装修|低层(共20层),已爬取
7673,泷璟(别墅),972697,https://liny.zu.anjuke.com/fangyuan/4494696162417664,2室1厅|整租|精装修|中层(共20层),已爬取
7674,泷璟(别墅),972697,https://liny.zu.anjuke.com/fangyuan/4596566499453967,1室1厅|整租|精装修|中层(共28层),已爬取
7675,城市魔方,1037611,https://liny.zu.anjuke.com/fangyuan/4610721628562444,1室1厅|整租|精装修|中层(共24层),已爬取
7676,城市魔方,1037611,https://liny.zu.anjuke.com/fangyuan/4593740497396746,1室1厅|整租|精装修|高层(共21层),已爬取
7677,城市魔方,1037611,https://liny.zu.anjuke.com/fangyuan/4606659943539721,2室2厅|整租|精装修|低层(共25层),已爬取
7678,城市魔方,1037611,https://liny.zu.anjuke.com/fangyuan/4604036570164237,1室1厅|整租|豪华装修|中层(共12层),已爬取
7679,城市魔方,1037611,https://liny.zu.anjuke.com/fangyuan/4596811253935109,1室1厅|整租|精装修|中层(共28层),已爬取
7680,城市魔方,1037611,https://liny.zu.anjuke.com/fangyuan/4628381226609673,2室2厅|整租|精装修|中层(共24层),已爬取
7681,城市魔方,1037611,https://liny.zu.anjuke.com/fangyuan/4623916243819533,1室1厅|整租|精装修|低层(共22层),已爬取
7682,城市魔方,1037611,https://liny.zu.anjuke.com/fangyuan/4606548025715725,1室1厅|整租|精装修|低层(共24层),已爬取
7683,城市魔方,1037611,https://liny.zu.anjuke.com/fangyuan/4596813707109380,1室1厅|整租|精装修|中层(共28层),已爬取
7684,泰鑫东望府(别墅),1060275,https://liny.zu.anjuke.com/fangyuan/4530080614034442,3室2厅|整租|精装修|高层(共11层),已爬取
7685,永尚润城(商住楼),1220714,https://liny.zu.anjuke.com/fangyuan/4626332249418763,1室1厅|整租|简单装修|中层(共21层),已爬取
7686,永尚润城(商住楼),1220714,https://liny.zu.anjuke.com/fangyuan/4543112279024646,1室1厅|整租|精装修|中层(共30层),已爬取
7687,永尚润城(商住楼),1220714,https://liny.zu.anjuke.com/fangyuan/4626671039996941,1室1厅|整租|精装修|中层(共22层),已爬取
7688,永尚润城(商住楼),1220714,https://liny.zu.anjuke.com/fangyuan/4543096146959374,1室1厅|整租|精装修|高层(共32层),已爬取
7689,永尚润城(商住楼),1220714,https://liny.zu.anjuke.com/fangyuan/4568588779088898,1室1厅|整租|简单装修|中层(共26层),已爬取
7690,永尚润城(商住楼),1220714,https://liny.zu.anjuke.com/fangyuan/4500331855256589,1室1厅|整租|精装修|低层(共26层),已爬取
7691,永尚润城(商住楼),1220714,https://liny.zu.anjuke.com/fangyuan/4503526999432200,1室1厅|整租|精装修|共1层,已爬取
7692,永尚润城(商住楼),1220714,https://liny.zu.anjuke.com/fangyuan/4613444546896907,1室1厅|整租|精装修|低层(共6层),已爬取
7693,永尚润城(商住楼),1220714,https://liny.zu.anjuke.com/fangyuan/4175036579945485,1室1厅|整租|精装修|中层(共25层),已爬取
7694,永尚润城(商住楼),1220714,https://liny.zu.anjuke.com/fangyuan/4605388082670592,1室1厅|整租|精装修|中层(共24层),已爬取
7695,沂河金苑张庄社区,1578975,https://liny.zu.anjuke.com/fangyuan/4615367628708869,2室2厅|整租|精装修|高层(共17层),已爬取
7696,沂河金苑张庄社区,1578975,https://liny.zu.anjuke.com/fangyuan/4589464881736708,2室2厅|整租|精装修|中层(共17层),已爬取
7697,沂河金苑张庄社区,1578975,https://liny.zu.anjuke.com/fangyuan/4613919088813066,2室2厅|整租|精装修|高层(共17层),已爬取
7698,沂河金苑张庄社区,1578975,https://liny.zu.anjuke.com/fangyuan/4548509019890694,2室2厅|整租|精装修|高层(共17层),已爬取
7699,沂河金苑张庄社区,1578975,https://liny.zu.anjuke.com/fangyuan/4614235094359041,2室2厅|整租|精装修|高层(共17层),已爬取
7700,沂河金苑张庄社区,1578975,https://liny.zu.anjuke.com/fangyuan/4633527734133765,2室2厅|整租|精装修|高层(共17层),已爬取
7701,沂河金苑张庄社区,1578975,https://liny.zu.anjuke.com/fangyuan/4619778324454409,2室2厅|整租|精装修|高层(共17层),已爬取
7702,沂河金苑张庄社区,1578975,https://liny.zu.anjuke.com/fangyuan/4578190140156941,2室2厅|整租|精装修|中层(共17层),已爬取
7703,沂河金苑张庄社区,1578975,https://liny.zu.anjuke.com/fangyuan/4518085372210183,4室2厅|合租|精装修|低层(共17层),已爬取
7704,沂河金苑张庄社区,1578975,https://liny.zu.anjuke.com/fangyuan/4292320360082443,3室1厅|合租|简单装修|低层(共17层),已爬取
7705,北关小区聚丰园,972846,https://liny.zu.anjuke.com/fangyuan/4320691434740738,3室2厅|整租|简单装修|高层(共6层),已爬取
7706,八块石社区,677648,https://liny.zu.anjuke.com/fangyuan/4556908504132622,3室2厅|整租|精装修|低层(共6层),已爬取
7707,八块石社区,677648,https://liny.zu.anjuke.com/fangyuan/4622174458356747,3室2厅|合租|精装修|低层(共6层),已爬取
7708,八块石社区,677648,https://liny.zu.anjuke.com/fangyuan/4605078630933506,3室2厅|合租|豪华装修|低层(共6层),已爬取
7709,八块石社区,677648,https://liny.zu.anjuke.com/fangyuan/4565802187074570,3室2厅|整租|简单装修|共5层,已爬取
7710,八块石社区,677648,https://liny.zu.anjuke.com/fangyuan/4582839020626951,4室2厅|合租|精装修|中层(共6层),已爬取
7711,八块石社区,677648,https://liny.zu.anjuke.com/fangyuan/4615347283272719,3室2厅|合租|精装修|中层(共6层),已爬取
7712,八块石社区,677648,https://liny.zu.anjuke.com/fangyuan/4625059945110540,3室1厅|合租|精装修|低层(共12层),已爬取
7713,八块石社区,677648,https://liny.zu.anjuke.com/fangyuan/4508758955072521,3室2厅|整租|精装修|中层(共6层),已爬取
7714,八块石社区,677648,https://liny.zu.anjuke.com/fangyuan/4617740943924238,3室2厅|整租|简单装修|中层(共6层),已爬取
7715,八块石社区,677648,https://liny.zu.anjuke.com/fangyuan/4579569322994703,4室2厅|合租|精装修|中层(共6层),已爬取
7716,锦绣华庭(莒南),972996,https://liny.zu.anjuke.com/fangyuan/4617706313704457,3室2厅|整租|精装修|共5层,已爬取
7717,锦绣华庭(莒南),972996,https://liny.zu.anjuke.com/fangyuan/4614061803052033,3室2厅|整租|精装修|共5层,已爬取
7718,锦绣华庭(莒南),972996,https://liny.zu.anjuke.com/fangyuan/4622012215290894,2室2厅|整租|简单装修|共5层,已爬取
7719,锦绣华庭(莒南),972996,https://liny.zu.anjuke.com/fangyuan/4606818380323846,3室2厅|整租|简单装修|共5层,已爬取
7720,锦绣华庭(莒南),972996,https://liny.zu.anjuke.com/fangyuan/4617796674757643,3室2厅|整租|精装修|共5层,已爬取
7721,锦绣华庭(莒南),972996,https://liny.zu.anjuke.com/fangyuan/4327600538460169,3室2厅|整租|精装修|共5层,已爬取
7722,万泰新城花园,973149,https://liny.zu.anjuke.com/fangyuan/4565781371806723,2室1厅|整租|精装修|低层(共6层),已爬取
7723,临沂二中职工家属院,1025555,https://liny.zu.anjuke.com/fangyuan/4510336663170055,2室2厅|整租|精装修|中层(共6层),已爬取
7724,临沂二中职工家属院,1025555,https://liny.zu.anjuke.com/fangyuan/4514701481958409,2室1厅|整租|简单装修|中层(共6层),已爬取
7725,临沂日化厂家属院,1133726,https://liny.zu.anjuke.com/fangyuan/4606842718018564,2室1厅|整租|精装修|共5层,已爬取
7726,鲁南新国际,1173647,https://liny.zu.anjuke.com/fangyuan/4622538292864013,1室1厅|整租|精装修|中层(共24层),已爬取
7727,鲁南新国际,1173647,https://liny.zu.anjuke.com/fangyuan/4629169915157511,1室1厅|整租|精装修|高层(共26层),已爬取
7728,鲁南新国际,1173647,https://liny.zu.anjuke.com/fangyuan/4543219051801606,1室1厅|整租|精装修|中层(共24层),已爬取
7729,鲁南新国际,1173647,https://liny.zu.anjuke.com/fangyuan/4611056654410764,1室1厅|整租|精装修|中层(共24层),已爬取
7730,鲁南新国际,1173647,https://liny.zu.anjuke.com/fangyuan/4626709088476163,1室1厅|整租|精装修|中层(共20层),已爬取
7731,鲁南新国际,1173647,https://liny.zu.anjuke.com/fangyuan/4535652458830860,1室1厅|整租|精装修|中层(共26层),已爬取
7732,鲁南新国际,1173647,https://liny.zu.anjuke.com/fangyuan/4605055408024584,1室1厅|整租|精装修|高层(共22层),已爬取
7733,鲁南新国际,1173647,https://liny.zu.anjuke.com/fangyuan/4605160767022090,1室1厅|整租|精装修|中层(共26层),已爬取
7734,鲁南新国际,1173647,https://liny.zu.anjuke.com/fangyuan/4536072293702666,1室1厅|整租|精装修|高层(共26层),已爬取
7735,鲁南新国际,1173647,https://liny.zu.anjuke.com/fangyuan/4380203910980620,1室1厅|整租|精装修|高层(共24层),已爬取
7736,盛徳御园,1186405,https://liny.zu.anjuke.com/fangyuan/4599319621200911,3室2厅|整租|精装修|低层(共24层),已爬取
