house_id,community_id,community_name,city,house_type,location
4630534887320583,628110,开元名郡,杭州,租房,"向旭支路,近晨晖路"
4630589228166158,160022,城南家园,杭州,租房,凤山桥直街4号
4613679203656711,468839,亲亲家园三期,杭州,租房,"古墩路,近通济路"
4618584439663625,995823,景瑞天赋,杭州,租房,"扬帆路,近博奥路"
4153983919725575,721076,滨江东方海岸(萧山公寓住宅),杭州,租房,"三江路,近湘湖路"
4625262155949063,405773,悦尚湾,杭州,租房,祥运路188号
4607183426972680,657466,莱茵传奇园,杭州,租房,"建设一路,近青年路"
4631937859677189,628433,德信泊林春天,杭州,租房,鸿宁路40号
4613536091642887,608767,林溪闲庭,杭州,租房,闲富中路166号
4585652577018880,611340,万科大家钱塘府,杭州,租房,"昙花庵路,近水湘路"
4625183459847183,1030045,嘉丰万悦城(南区),杭州,租房,东湖北路
4586982304078852,160828,福利新村,杭州,租房,中河中路122号
4614999810401295,779943,金星桃源居,杭州,租房,桃源街
4552631355104270,370025,滨江花园,杭州,租房,滨江西路428号
4598529220944896,619585,滨江金色江南,杭州,租房,飞虹路1757号
4560099563351043,826220,闻潮尚庭,杭州,租房,"望江东路,近钱江路"
4612520088361994,174019,锦绣文澜阁,杭州,租房,"通益路,近湖杭州街"
4592698859400205,1074373,美丽春天府,杭州,租房,石马路521号
4608077226501121,792522,万科星空,杭州,租房,文一西路
4571448573357066,203165,良渚十六街区,杭州,租房,东西大道
4599389763312649,160708,春丰苑,杭州,租房,"凤起路,近大树路"
4622157274293258,790318,广元公寓,杭州,租房,晨晖路952号
4568861388053519,825481,白马湖小区白鹤苑,杭州,租房,"一号路,近江晖路"
4623428265733128,160980,长兴苑小区,杭州,租房,绿香街358号
4578607589612548,234513,翠紫苑,杭州,租房,临石路82号
4590999750794241,160022,城南家园,杭州,租房,凤山桥直街4号
4631000089617418,172244,滨江倾城之恋,杭州,租房,月明路1091号
4585151152679936,369877,众安嘉润公馆,杭州,租房,"金鸡路,近潮韵路"
4580154787277829,370110,理想康城一品,杭州,租房,人民大道258号
4605110608421901,641638,富越香郡,杭州,租房,"湖州街,近杭行路"
4566658125308930,369830,贝利栖溪公馆,杭州,租房,广济路
4632385888576523,193195,碧天家园,杭州,租房,邱山大街692号
4265307344773121,160733,皇亲苑,杭州,租房,凤起路380号
4632053864997897,717456,中和北宸府,杭州,租房,崇文街615号
4601452684354574,160828,福利新村,杭州,租房,中河中路122号
4477680519748622,826446,新城国际花园和园,杭州,租房,庆和路55号
4616999895391237,201534,浙新小区,杭州,租房,滨文路646号
4564175278337034,826302,环桥花苑,杭州,租房,"星河路,近振兴西路"
4632020725376001,160795,钱江时代公寓,杭州,租房,清江路346号
4525801807488008,952866,环秀府,杭州,租房,"荆长大道,近海曙路"
4537377457171465,1275483,海兴雅苑,杭州,租房,"联创街,近聚橙路"
4621809376128009,368005,绿城紫桂公寓,杭州,租房,星源北路65号
4633219333612557,825088,超级星期天(公寓住宅),杭州,租房,西浦路1718号
4589964844868623,160713,滨江金色家园,杭州,租房,富春路16号
4611259811144711,611340,万科大家钱塘府,杭州,租房,"昙花庵路,近水湘路"
4590983403480074,798570,北大资源未名府(公寓住宅),杭州,租房,"荆常大道,近杨家墩路"
4617809493257218,234038,人和家园,杭州,租房,天目山路1号
4612377780743169,304194,东方一品,杭州,租房,建设一路133-8号
4632102472473612,782005,崇邦余之城,杭州,租房,"迎宾路,近临东路"
4588061558041603,318655,锦昌年华,杭州,租房,"崇杭街,近半山路"
4623633995099138,1030045,嘉丰万悦城(南区),杭州,租房,东湖北路
4625259701525512,943040,中梁百悦城(公寓住宅),杭州,租房,顺风路128号
4633476660995072,181626,绿城蓝庭(东区),杭州,租房,"振兴西路,近星河路"
4624849069368329,654114,中港罗兰小镇(公寓住宅),杭州,租房,"210省道,近康泰路"
4550020014892039,804912,东裕华庭,杭州,租房,"经五路,近123县道"
4541408973202440,655351,尚堂府,杭州,租房,石祥路282号
4615280046713860,160574,风雅钱塘,杭州,租房,月明路1076号
4633919083895822,379780,泊悦府澜湾,杭州,租房,禹航路490号
4608831580806153,224570,迎春南苑,杭州,租房,滨兴路121号
4609230072552463,658236,钱江御府,杭州,租房,"候潮路,近秋涛路"
4629334332255239,370055,积家(公寓住宅),杭州,租房,浦沿路789号
4614072570584073,779966,顺发美哉美城,杭州,租房,"民和路,近飞虹路"
4605388361952259,369902,金地天逸,杭州,租房,山阴路1999路
4571286329861122,161151,书林苑,杭州,租房,"东西大道,近莫干山路"
4569623077985292,826568,羊山公寓,杭州,租房,羊城路
4611210941066253,369939,保利香槟国际,杭州,租房,人文路116号
4570205269662727,542544,七贤郡(1-50),杭州,租房,东西大道
4620849813761035,292642,新州花苑东区,杭州,租房,"月明路,近西兴路"
4623575835665414,222230,缤纷北苑,杭州,租房,"滨盛路,近西兴路"
4509068136883201,779615,合景天峻,杭州,租房,创景路
4608311382744069,877975,万科溪望(公寓住宅),杭州,租房,"文二西路,近环岛路"
4623981091023881,482573,顺发旺角城(公寓住宅),杭州,租房,市心中路123号
4616740910670862,860800,越秀星汇尚城,杭州,租房,上园路
4622217537842184,825088,超级星期天(公寓住宅),杭州,租房,西浦路1718号
4567252179737612,791714,招商雍泽府,杭州,租房,"兴建路,近园区路"
4536072206279688,607834,天阳尚城国际,杭州,租房,"全福桥路,近机场路"
4603937057385479,875368,北辰奥园(公寓住宅),杭州,租房,"向旭路,近蜀山路"
4619249530348552,370004,钱塘梧桐蓝山,杭州,租房,"世纪大道,近南苑街"
4616885304597504,160842,春波小区,杭州,租房,春波路32号
4595278048289799,217136,锦园小区,杭州,租房,建国北路370号
4625212379767823,304199,西城美墅,杭州,租房,申花路386号
4605344214309900,160955,铭雅苑东区,杭州,租房,"古墩路,近金昌路"
4570065624312838,798570,北大资源未名府(公寓住宅),杭州,租房,"荆常大道,近杨家墩路"
4577227476282382,379785,九龙仓碧玺,杭州,租房,"后横港路,近桥弄街"
4629383729388559,825576,滨康二苑,杭州,租房,"江椒路,近南环路"
4600792298265604,160506,新湖北国之春,杭州,租房,衢洲路105号
4586948083983360,656371,佳兆业西溪璞园(公寓住宅),杭州,租房,"荆山湾路,近联胜路"
4633796969602051,803535,宋都东郡之星,杭州,租房,"银海街,近春新路"
4629680871316493,160102,近江八园,杭州,租房,"钱江路,近婺江路"
4618530283351053,863838,仓溢东苑,杭州,租房,"海曙路,近良睦路"
4626380799208461,482573,顺发旺角城(公寓住宅),杭州,租房,市心中路123号
4623837016007684,181169,康城国际,杭州,租房,世纪大道676号
4560370456716302,994925,宋都东郡国际锦湾,杭州,租房,秀水街190号
4605185746856965,467227,保利城市果岭,杭州,租房,银海街38号
4535767026754566,863448,世包国际中心,杭州,租房,市民街99号
4575694063545355,1074373,美丽春天府,杭州,租房,石马路521号
4536085822123009,315701,悦麒美寓(东区),杭州,租房,杭乔路8号
4626640004471816,826302,环桥花苑,杭州,租房,"星河路,近振兴西路"
4554145363581959,369942,华盛达阅城,杭州,租房,"杭行路,近祥富路"
4581143925795853,873008,丰东花苑,杭州,租房,振宁路928号
4623952712047626,826603,景致公寓,杭州,租房,"和睦路,近石祥路"
4607654057405449,477595,嘉和银领时代(公寓住宅),杭州,租房,"藕花洲大街,近星桥南路"
4608155280516111,379779,五月花城,杭州,租房,藕花洲大街西段162号
4598498003772424,607827,万科璞悦湾,杭州,租房,滨文路670号
4595586222072834,785537,大同公寓,杭州,租房,"镇前路,近浦西路"
4616860677528580,781698,融科东南海,杭州,租房,香樟路469号
4620925423379467,652456,汀澜府,杭州,租房,冬泽巷99号
4624886252940292,826451,金地自在城栖霞居(公寓住宅),杭州,租房,金蓬街
4616853218092040,825481,白马湖小区白鹤苑,杭州,租房,"一号路,近江晖路"
4565767458384903,910818,美都广场,杭州,租房,教工路619号
4633764204241935,626969,紫玉福邸,杭州,租房,"秋涛北路,近机场路"
4626172788485129,161103,盛元慧谷(公寓住宅),杭州,租房,火炬大道725号
4601214185153538,160301,皮市巷小区,杭州,租房,庆春路
4615530692797451,160590,西溪锋尚,杭州,租房,文三西路499号
4532790911900683,161176,蚕花园永安坊,杭州,租房,"蚕花路,近永安巷"
4594079804320781,192159,钱神花苑,杭州,租房,仓兴街438-4号
4608482422909966,161064,钱塘景苑,杭州,租房,伟业路399号
4597017964276748,160987,温馨人家,杭州,租房,月明路796号
4608192075834373,369863,精欧荣寓,杭州,租房,"6号大街,近5号大街"
4462111077653517,923735,恒鼎博邑郡,杭州,租房,"滨康路,近时代大道"
4599384407174153,216293,金域三江(公寓住宅),杭州,租房,时代大道
4567221650779138,207422,中兴和园(公寓住宅),杭州,租房,火炬南路1612号
4578726542367758,607368,绿城莲园(公寓住宅),杭州,租房,"北沙西路,近荷花路"
4596819766762508,639013,万科金辰之光,杭州,租房,西陵路30号
4469552553354247,943040,中梁百悦城(公寓住宅),杭州,租房,顺风路128号
4631986261500933,1440450,新力启云府(东区),杭州,租房,"港渠路,近下洋路"
4612686081170435,365466,绿城丁香公馆,杭州,租房,休博路288号
4623840366816267,637906,黄龙金茂悦,杭州,租房,"塘萍路,近拱苑路"
4598310025124879,433939,转塘家园(南区),杭州,租房,之江路5号
4595136289793027,877728,金地德圣中心(商住楼),杭州,租房,"金城路,近金山路"
4577038880873487,369886,宋都晨光国际,杭州,租房,"23号大街,近16号大街"
4613467096474624,189565,广德小区,杭州,租房,育才北路1号
4548608882107404,911970,盛泰时代山,杭州,租房,"4号大街,近9号大街"
4567223339838475,910656,绿都百瑞广场,杭州,租房,市心北路199号
4631072568845317,486928,野风海天城,杭州,租房,听涛路174号
4629361508838404,863838,仓溢东苑,杭州,租房,"海曙路,近良睦路"
4629209395635213,825576,滨康二苑,杭州,租房,"江椒路,近南环路"
4533518434378752,912477,丽晶国际中心,杭州,租房,鸿宁路2327号
4587984178256909,160384,瑞立中央花城,杭州,租房,滨河路796号
4514560720055303,1302937,融创微风之城(公寓住宅),杭州,租房,东桥路169号
4627839273741320,521873,世茂江滨花园峻景湾,杭州,租房,"20号大街,近23号大街"
4599746615534600,649983,龙湖春江郦城,杭州,租房,江汉路1337号
4568255937747969,910818,美都广场,杭州,租房,教工路619号
4629166031989766,580034,玲珑府(公寓住宅),杭州,租房,西兴路399号
4631310628219904,369945,方正荷塘月色,杭州,租房,"总管路,近祥园路"
4589539273354253,1218280,碧桂园东旭府,杭州,租房,时代大道
4630837323291654,807434,艺尚里,杭州,租房,"永乐路,近迎宾路"
4628152462941194,160423,明辉花园,杭州,租房,建设四路2713号
4530336288515084,826881,中兴花园百合苑,杭州,租房,江汉路1679号
4610954412780555,991988,美政花苑民航宿舍,杭州,租房,"之江路,近美政路"
4625379087705093,794775,地铁绿城杨柳郡,杭州,租房,九和路516号
4632054693407744,379779,五月花城,杭州,租房,藕花洲大街西段162号
4615551222717441,1047306,秀里华庭,杭州,租房,紫荆花北路439号
4535819484029965,316460,浙地人家,杭州,租房,宋家湾路
4626449277152271,995993,东田怡丰城(商住楼),杭州,租房,"迎宾路,近天万路"
4624759097154563,161181,静怡花苑,杭州,租房,秋涛路550号
4618230809975813,160297,三江鸣翠蓝湾(别墅),杭州,租房,九龙大道188号
4624828272040960,651236,万宝城,杭州,租房,荷禹路105号
4632577590324234,825483,白马湖小区凤凰苑(南区),杭州,租房,"一号路,近江虹路"
4608140505263106,160314,银河小区(公寓住宅),杭州,租房,永久路219号
4625200145785871,1030045,嘉丰万悦城(南区),杭州,租房,东湖北路
4570058623986692,825761,林之语(公寓住宅),杭州,租房,"钱宁线,近奔竞大道"
4611209993427979,1107937,溪谷岚湾(公寓住宅),杭州,租房,运溪路1100号
4598565564376076,182210,滨河公寓,杭州,租房,"朝晖路,近上塘路"
4573908612013066,160039,东海花园,杭州,租房,南大街126号
4629173280400394,219714,玄坛弄小区,杭州,租房,玄坛弄
4607952201182212,825501,美都良景学府,杭州,租房,"瓶仓大道,近羊城路"
4547281585253377,369835,协安蓝郡,杭州,租房,"金昌路,近古墩路"
4623816490052609,160571,湘湖家园,杭州,租房,萧西路843号
4593500317328399,634855,野风春晓,杭州,租房,九龙大道
4631192797555717,216452,华瑞湘湖林语,杭州,租房,下湘湖路8号
4633939877895173,214743,金沙阳光,杭州,租房,下沙路
4626543926533129,161035,天元公寓(公寓住宅),杭州,租房,19号大街709号
4623973447080960,178605,东田小城之春,杭州,租房,狮山路388号
4467943918758912,579336,龙湖春江彼岸,杭州,租房,"扬帆路,近丹枫路"
4617563916835843,659922,瑞达城市花苑,杭州,租房,华兴路
4576857895101444,318424,新怡家园,杭州,租房,"下沙南路,近盛源路"
4623433363086343,826101,庭院深深(东区),杭州,租房,东西大道
4633491310666757,191637,力达易居时代,杭州,租房,东湖北路404号
4537387303789578,911967,新世界柏丽轩,杭州,租房,通惠北路12号
4620973044589571,1107937,溪谷岚湾(公寓住宅),杭州,租房,运溪路1100号
4508868846394370,160100,东清苑,杭州,租房,庆春路70-84号
4429546653604874,160116,采荷小区芙蓉邨,杭州,租房,双菱路21号
4615001919347720,826248,星光国际广场,杭州,租房,江南大道228号
4625192132797449,191233,复兴东苑,杭州,租房,"复兴路,近秋涛路"
4476732067226628,205375,观澜郡亭公寓(商住楼),杭州,租房,之江路968号
4595503102635017,233921,绿城丽江公寓(北区),杭州,租房,仁爱路73号
4581074783755279,369920,顺发康庄(公寓住宅),杭州,租房,萧钱线
4612235166542861,160969,凤凰南苑(上城),杭州,租房,秋涛路40号
4519118303271939,304199,西城美墅,杭州,租房,申花路386号
4564612883995658,658597,湖墅观邸,杭州,租房,湖墅北路111号
4488396691301384,781853,卓越蔚蓝领秀(一期),杭州,租房,"临丁路,近华鹤街"
4613600008526862,175744,小河下小区,杭州,租房,"建国中路,近解放路"
4607842512808975,220796,天虹公寓,杭州,租房,"天虹街,近紫荆花北路"
4303879731780611,797911,东安景苑,杭州,租房,"龙湖路,近平吴街"
4622055856382980,486928,野风海天城,杭州,租房,听涛路174号
4619204450413571,656439,德信大家钱江府,杭州,租房,"东宁路,近艮山西路"
4565506953620489,634849,西溪金座,杭州,租房,荆长路758号
4470902508809231,576119,融科瑷骊山,杭州,租房,望江山路1号
4571444469689357,160570,十亩田家园,杭州,租房,化仙桥路27号
4629329384827914,1152948,花园府,杭州,租房,"明月桥路,近环站北路"
4496743800892431,650521,钱塘之星,杭州,租房,"江南大道,近西兴路"
4632083874180104,779966,顺发美哉美城,杭州,租房,"民和路,近飞虹路"
4503310607082505,370089,大华海派风范沁园,杭州,租房,城东路
4598030180150282,369948,恒瑞名座,杭州,租房,利华路898号
4540278476057613,943040,中梁百悦城(公寓住宅),杭州,租房,顺风路128号
4569837339812876,910215,嘉富广场,杭州,租房,市心南路822-830号
4581071900924943,826268,婺江家园一园,杭州,租房,婺江路38号
4527306444741632,656248,首开国风美域,杭州,租房,振华路1号
4617715422813199,804630,龙湖水晶郦城,杭州,租房,"茹家路,近庄墩路"
4624855253179403,206392,望江新园二园,杭州,租房,东霞巷32号
4602328017660930,877764,之江家园四区,杭州,租房,"杜家浦路,近美院南路"
4588118816496641,160442,双菱小区,杭州,租房,双菱路33-37号
4623863285947401,656689,兴耀鑫都汇,杭州,租房,滨康路
4583811726908430,627593,万科良渚文化村未来城,杭州,租房,"疏港路,近104国道"
4511670751716353,160445,江南豪园,杭州,租房,江南大道380号
4595210466192386,639246,德信早安,杭州,租房,石鸽路45号
4625225394252803,221557,盛泰名都公寓,杭州,租房,"5号大街,近4号大街"
4633448097459205,160147,滨江万家花城(一期),杭州,租房,萍水街380号
4627964464651276,943040,中梁百悦城(公寓住宅),杭州,租房,顺风路128号
4613678578506760,160557,朝晖六小区,杭州,租房,新市街64号
4568622961648642,160371,港湾家园,杭州,租房,余杭塘路866号
4632331801682948,160372,奥兰多小镇(公寓住宅),杭州,租房,风情大道4555号
4633413107719175,369809,美好桂花溪园(北区),杭州,租房,"长连路,瓶仓大道"
4473888009298950,826447,金地自在城林溪里,杭州,租房,金蓬街
4620803573654535,1025606,融创金成江南府(公寓住宅),杭州,租房,天目山西路
4615220004742159,468839,亲亲家园三期,杭州,租房,"古墩路,近通济路"
4561603172441089,161090,伊萨卡国际城(公寓住宅),杭州,租房,"14号大街,近沿江大道"
4626750983089156,297940,云厦连园,杭州,租房,"青年路,近固陵路"
4563124599401480,789656,利二花苑,杭州,租房,"奔竞大道,近金鸡路"
4514500365851656,181250,三华园(公寓住宅),杭州,租房,凤起路290号
4616491844938767,619856,新城山语院,杭州,租房,"星光街,近顺达路"
4588583828810763,228771,流水西苑住宅小区,杭州,租房,"朝晖路,近建国北路"
4630727012983808,660200,雍荣华庭,杭州,租房,"莫干山路,近留祥路"
4562850005806090,788033,爵士风情韵沁苑,杭州,租房,"天目山西路,近闲富北路"
4601683058123787,657958,湘云雅苑,杭州,租房,西兴路1190号
4220304186366983,161133,钱江彩虹城,杭州,租房,滨盛路4398号
4629922901353485,369931,恒厚阳光城,杭州,租房,杭泰路103号
4547348635264009,826790,长江西苑,杭州,租房,建业路151号
4611322951080971,161154,国都公寓,杭州,租房,凤起路361号
4630618851863556,826385,建华家苑,杭州,租房,三官塘路
4606744942486534,369908,泰地北上新城,杭州,租房,华中路229号
4578729231510532,1187878,长吴公寓一区,杭州,租房,良运街
4602797333865481,611338,万科公园大道,杭州,租房,机场路355号
4619722894781445,787778,金地自在城鹭影轩,杭州,租房,西园八路
4626727846765582,826366,恒大名城博园,杭州,租房,博园路
4598405273021446,585613,绿城巧园,杭州,租房,"浦沿路,近坚塔路"
4620222545634308,825583,滨兴小区(东区),杭州,租房,"齐飞路,近滨兴路"
4381731729382401,635026,合景瑜翠园,杭州,租房,舒心路
4580082045803529,607424,溪悦宸府,杭州,租房,"城西高教路,近青石滩河路"
4514491560387585,160630,滨江金色海岸,杭州,租房,富春路9号
4562859341982728,160086,闲林山水丹枫苑,杭州,租房,闲林东路
4604071984147469,826554,近江九园,杭州,租房,久园弄42号
4571656587682817,217478,绿野春天家园(公寓住宅),杭州,租房,"里东路,近闲富公路"
4357770138672136,160944,兰韵天城,杭州,租房,墩祥街
4598100274142221,911314,恒隆广场,杭州,租房,山阴路688号
4620591714757638,369908,泰地北上新城,杭州,租房,华中路229号
4618027259304960,826558,近江五园,杭州,租房,衢江路87号
4610708100307977,610923,莱蒙水榭春天,杭州,租房,飞虹路208号
4603851688881157,791880,上实海上海(一期),杭州,租房,"古墩路,金汇南路"
4616711827401735,160903,长江小区,杭州,租房,"南环路,近立业路"
4626198804325390,206600,钱江水晶城,杭州,租房,滨盛路4402号
4607025503722500,160388,中兴花园,杭州,租房,江汉路1688号
4586574095049740,219250,开元加州阳光小区,杭州,租房,金城路333号
4616469899664394,369856,宋都阳光国际观澜苑,杭州,租房,通盛路3号
4540085886278663,408269,明华名港城,杭州,租房,东灵南路2-60号
4624174562796548,638890,擎天半岛(公寓住宅),杭州,租房,藕花洲大街159号
4530076892388360,160395,水陆寺巷小区,杭州,租房,东清巷7号
4591046105078799,943024,祥生群贤府(公寓住宅),杭州,租房,崇杭街
4524666258351106,994998,春波西苑,杭州,租房,"春波路,近江晖路"
4576949402854401,641202,赞成首府(公寓住宅),杭州,租房,世纪大道
4596998540569609,370094,金都西花庭,杭州,租房,"狮山路,近余杭塘河"
4623579549639688,825885,翡翠城(东北区),杭州,租房,高教路
4599675053173763,1178779,定山西苑二区,杭州,租房,创意路
4616399805178890,160812,郁金香岸(公寓住宅),杭州,租房,万达路770号
4618355360490510,369945,方正荷塘月色,杭州,租房,"总管路,近祥园路"
4629697405152267,160277,绿都湖滨花园(公寓住宅),杭州,租房,"金山路,近博学路"
4569644834106379,792396,湖山帝景湾南苑,杭州,租房,南湖东路
4626660765998095,161133,钱江彩虹城,杭州,租房,滨盛路4398号
4588423416308748,370067,贝利珑昕泽第,杭州,租房,"东大街,近九曲营路"
4554139848633351,369807,财和湘域湾(公寓住宅),杭州,租房,"潘水路,近蜀山路"
4617836829830147,1062189,奥克斯时代未来之城,杭州,租房,"向往街,近向往街"
4631319375309838,369936,江南铭庭,杭州,租房,天官东路90号
4128369616907270,350909,九衡公寓,杭州,租房,"良周路,近东西大道"
4599905321851912,423393,世纪花城,杭州,租房,大奇山路650号
4588406613023755,826155,万科杭宸,杭州,租房,"杭行路,近好运街"
4610483002057736,260398,丽阳苑,杭州,租房,申花路389号
4622470696952835,160274,汇宇花园(公寓住宅),杭州,租房,南秀路1399号
4563970228478979,469258,九悦江南,杭州,租房,市心南路
4568469899975692,160053,宋都凯旋苑,杭州,租房,凯旋路68号
4575683378732046,191425,香榭里花园,杭州,租房,4号大街
4629252808944641,826171,恒滕悦湖花苑,杭州,租房,城南路578号
4578391177110541,160570,十亩田家园,杭州,租房,化仙桥路27号
4606416095534088,160067,顺发佳境天城(公寓住宅),杭州,租房,市心北路737号
4621086548288516,785537,大同公寓,杭州,租房,"镇前路,近浦西路"
4632354085366786,877690,西溪八方城,杭州,租房,"文一西路,近荆长路"
4610681408513036,172244,滨江倾城之恋,杭州,租房,月明路1091号
4538785810902020,217995,银爵世纪公寓,杭州,租房,浦沿路715号
4575944628481025,206392,望江新园二园,杭州,租房,东霞巷32号
4585775240764428,994954,金色钱塘(北区),杭州,租房,风情大道677号
4397223879810054,405245,保利霞飞郡(公寓住宅),杭州,租房,建设二路401号
4613767408362500,206600,钱江水晶城,杭州,租房,滨盛路4402号
4568680623610880,303778,大成名座,杭州,租房,"市心北路,近建设三路"
4625014107958276,160438,山西园小区,杭州,租房,"山西园路,近禹航路"
4572462885805057,943024,祥生群贤府(公寓住宅),杭州,租房,崇杭街
4605107664624642,160473,后市街小区,杭州,租房,"后市街,近惠民路"
4611133595477006,369876,金石华城,杭州,租房,塘栖绿荫街
4603410669724682,369965,北湖绿洲花园(公寓住宅),杭州,租房,瓶仓大道57号
4594230960038922,237901,青枫墅园林语阁(公寓住宅),杭州,租房,文良线
4590885218116622,574387,新安天苑,杭州,租房,湖州路389号
4606844037538827,405773,悦尚湾,杭州,租房,祥运路188号
4516061427737606,369963,绿城钱王文化广场锦玉园,杭州,租房,城中街178号
4622369971414023,911662,丰盛九玺,杭州,租房,"欣然街,近榨河巷"
4620593946504192,160039,东海花园,杭州,租房,南大街126号
4605308229065735,160860,多蓝水岸,杭州,租房,12号大街
4625462161894413,804721,富春新天地(公寓住宅),杭州,租房,恩波大道581号
4630494750747655,790865,金域东方,杭州,租房,湘建线
4596447200664576,160359,通策广场(公寓住宅),杭州,租房,江南大道3672号
4608394854345729,160299,国信嘉园(公寓住宅),杭州,租房,滨盛路4050号
4605543106518020,160557,朝晖六小区,杭州,租房,新市街64号
4531427939294215,877699,融信澜天(公寓住宅),杭州,租房,"立新路,玉鸟路"
4631922017840135,160423,明辉花园,杭州,租房,建设四路2713号
4552662086900743,1035021,利一家园,杭州,租房,利丰路455号
4632327515593730,409035,金色时代,杭州,租房,勤学路10号
4598627162139657,160751,太阳国际公寓(公寓住宅),杭州,租房,伟业路730号
4633776924761088,630884,科尔世纪外滩(公寓住宅),杭州,租房,水博大道1号
4615123956243468,193733,柴校坊小区,杭州,租房,"秋涛路,近南瓦子巷"
4623714449120266,218507,万象城悦府,杭州,租房,富春路701号
4577727462611980,911314,恒隆广场,杭州,租房,山阴路688号
4629084691457026,369908,泰地北上新城,杭州,租房,华中路229号
4629660807588872,369908,泰地北上新城,杭州,租房,华中路229号
4625274718608394,877690,西溪八方城,杭州,租房,"文一西路,近荆长路"
4599528349936649,160423,明辉花园,杭州,租房,建设四路2713号
4630640042779663,179178,梅堰小区,杭州,租房,红丰路216号
4626967005719553,160707,三墩颐景园荷风苑(公寓住宅),杭州,租房,"大禹路,近三墩路"
4585146167286788,201741,三鑫君悦丽景,杭州,租房,金城路51号
4629331461446671,938681,三花国际,杭州,租房,"明月桥路,近鸿泰路"
4548648687131648,788323,东晖龙悦湾(公寓住宅),杭州,租房,"五洲路,近小白线"
4588135283680266,994908,闲林山水海棠苑,杭州,租房,"闲林东路,近高教路"
4604100416154639,200064,逸居城,杭州,租房,逸盛路183号
4564025738632203,369886,宋都晨光国际,杭州,租房,"23号大街,近16号大街"
4629174129810435,626958,江畔云庐,杭州,租房,"滨文路,近明德路"
4629712629443596,826220,闻潮尚庭,杭州,租房,"望江东路,近钱江路"
4616148888249357,369809,美好桂花溪园(北区),杭州,租房,"长连路,瓶仓大道"
4531773330107405,637906,黄龙金茂悦,杭州,租房,"塘萍路,近拱苑路"
4617703579446281,407707,金昌春和钱塘,杭州,租房,民和路411号
4630557447040006,649613,融创河滨之城水澜轩,杭州,租房,"五常港路,近余杭塘路"
4609233154268173,1440450,新力启云府(东区),杭州,租房,"港渠路,近下洋路"
4608454433954822,200064,逸居城,杭州,租房,逸盛路183号
4580073831509006,607300,兴耀星悦湾(公寓住宅),杭州,租房,"青六南路,近横雷线"
4535767716785154,223789,红街公寓,杭州,租房,新风路318号
4612350181223431,322058,江南明城,杭州,租房,利华路66号
4615193808940033,826449,金地自在城东苑(公寓住宅),杭州,租房,"池华街,近厚仁路"
4531470383768582,614729,宝嘉誉峰,杭州,租房,"石祥路,近东吴路"
4618313793283084,590405,万科北宸之光,杭州,租房,通运路
4632349409401862,409035,金色时代,杭州,租房,勤学路10号
4630895221550092,385032,白鹭郡南,杭州,租房,白鹭路
4611189574624256,628110,开元名郡,杭州,租房,"向旭支路,近晨晖路"
4606614530515981,219714,玄坛弄小区,杭州,租房,玄坛弄
4589750509724683,877672,新时代城市家园,杭州,租房,闲富中路248号
4565442056297483,826738,鼎湖未来云城天禧,杭州,租房,新丰路
4553223580509185,316145,顺丰家园,杭州,租房,振宁路981号
4583866419291144,219250,开元加州阳光小区,杭州,租房,金城路333号
4602180087983110,635026,合景瑜翠园,杭州,租房,舒心路
4606435592989708,630884,科尔世纪外滩(公寓住宅),杭州,租房,水博大道1号
4632544635659272,1201600,远洋路劲上河宸章,杭州,租房,崇杭街508号
4594020073235470,160951,万家花园,杭州,租房,天城路95号
4566846792772610,160384,瑞立中央花城,杭州,租房,滨河路796号
4599499959788544,615993,顺发恒园(公寓住宅),杭州,租房,建设二路
4605027821855756,783119,绿城留香园,杭州,租房,塘工局路
4594219344927758,160582,昆仑水印城,杭州,租房,滨盛路2242号
4614091690861569,1107937,溪谷岚湾(公寓住宅),杭州,租房,运溪路1100号
4623430846454792,618884,美好桂花星座,杭州,租房,"远展街,近星源路"
4622752041147403,825481,白马湖小区白鹤苑,杭州,租房,"一号路,近江晖路"
4615351628438530,825956,顺达花苑东区,杭州,租房,"顺达路,近320国道"
4608166889593869,826661,印月尚庭,杭州,租房,"滨盛路,近三桥路"
4579867407311883,469003,大美公寓,杭州,租房,"南大街,玩月街"
4572451934346247,1042415,梓树花苑(公寓住宅),杭州,租房,九龙大道
4588644435389442,801124,冠山小区,杭州,租房,"长江南路,近白马湖路"
4517423034932228,160731,国都枫华府第,杭州,租房,学院路129号
4602354694265865,187215,凤凰北苑,杭州,租房,"姚江路,近钱江路"
4616858198629388,825576,滨康二苑,杭州,租房,"江椒路,近南环路"
4629481696865293,1178779,定山西苑二区,杭州,租房,创意路
4623227788422147,995004,东方俊园(东区),杭州,租房,新颜南路28号
4621021449495562,224210,中庆金沙学府,杭州,租房,6号大街396号
4614009352186887,160766,大学路新村,杭州,租房,"大学路,近老浙大横路"
4506174178288644,379778,龙湖香醍溪岸(公寓住宅),杭州,租房,"304省道,近宏达路"
4619098314499077,639013,万科金辰之光,杭州,租房,西陵路30号
4633955273186315,370000,风华苑,杭州,租房,世纪大道19号
4562792793299970,369863,精欧荣寓,杭州,租房,"6号大街,近5号大街"
4618236030331909,628433,德信泊林春天,杭州,租房,鸿宁路40号
4614036502782978,468839,亲亲家园三期,杭州,租房,"古墩路,近通济路"
4616478429535245,160969,凤凰南苑(上城),杭州,租房,秋涛路40号
4626494952598536,170497,万科西溪蝶园(北区),杭州,租房,紫霞街188号
4556161491100672,160517,树园小区,杭州,租房,建国北路426号
4596889042951170,1055511,富力十号院,杭州,租房,"高教路,近文二西路"
4526172515474447,825904,世茂江滨花园碧景湾,杭州,租房,25号路88号
4578581991414797,795344,钱塘玫瑰湾,杭州,租房,新浦路1459号
4617947308665869,229758,月雅苑,杭州,租房,2号大街877号
4581099224114180,619856,新城山语院,杭州,租房,"星光街,近顺达路"
4480867403754504,766078,九龙仓雍景山(公寓住宅),杭州,租房,万通路58号
4615173387508737,296629,铭和苑柳翠坊,杭州,租房,学源街1273号
4622787741737988,628302,绿都南江壹号,杭州,租房,"晨晖路,近高桥路"
4609436323142661,369931,恒厚阳光城,杭州,租房,杭泰路103号
4590004353801218,369999,野风启城,杭州,租房,"康信路,近兴盛路"
4590926236638219,861512,绿城翡翠湾,杭州,租房,"五常大道,近高教路"
4577487992413187,911314,恒隆广场,杭州,租房,山阴路688号
4607956286778380,370057,嘉丰公馆,杭州,租房,"萧然西路,近南秀路"
4621113365146632,161103,盛元慧谷(公寓住宅),杭州,租房,火炬大道725号
4577150852312065,826192,望江新园一园,杭州,租房,映霞街81号
4574032721468428,826155,万科杭宸,杭州,租房,"杭行路,近好运街"
4590949012857864,160173,信余里小区,杭州,租房,河坊街58号
4577401227062281,868158,金世纪运河丽园(公寓住宅),杭州,租房,"东湖北路,近兴旺大道"
4632469734433796,877728,金地德圣中心(商住楼),杭州,租房,"金城路,近金山路"
4618435140660237,369943,玉都枫景名苑,杭州,租房,"东西大道,近良平路"
4624879200347138,160731,国都枫华府第,杭州,租房,学院路129号
4507984240352257,160251,长岛之春,杭州,租房,明志路99号
4615296579857422,160049,蚕花园永庆坊,杭州,租房,"永庆路,近上塘路"
4596839193895939,369943,玉都枫景名苑,杭州,租房,"东西大道,近良平路"
4619239291939849,628302,绿都南江壹号,杭州,租房,"晨晖路,近高桥路"
4507401527157769,657498,万马伊顿庄园(公寓住宅),杭州,租房,大学路
4626255224548367,160955,铭雅苑东区,杭州,租房,"古墩路,近金昌路"
4479669289165825,725178,金成英特学府(公寓住宅),杭州,租房,"天目山西路,近城东路"
4627856200866820,202578,九龙一号,杭州,租房,九龙大道233号
4524934022980613,160957,丰乐苑(8-12),杭州,租房,丰家兜8号
4533218657213448,826323,西溪花园流芳苑,杭州,租房,凌波路5号
4609371752373251,303624,东海柠檬郡,杭州,租房,幸福南路252号
4574400850338816,161028,采荷小区青莼邨,杭州,租房,青玉路2号
4622746947838984,995171,锦文雅苑(西区),杭州,租房,永福路
4629575499998218,607657,万科西庐,杭州,租房,五常港路
4584172426615817,604862,白鹭郡南秋荷坊,杭州,租房,玉鸟路
4470606632217608,611491,华元欢乐城(公寓住宅),杭州,租房,迎宾路
4630844743541773,446654,白鹭郡南探梅里(南区),杭州,租房,大陆路
4629404777933833,1153634,阳光城悦云邸,杭州,租房,溪望路
4623432292869120,826862,中国铁建西湖国际城,杭州,租房,"甲来路,近杭长高速"
4632635289641997,621010,香山四季公馆,杭州,租房,"蜀山路,近亚太路"
4610857915128833,369860,德信早城,杭州,租房,"学林街,近上沙路"
4609847188954114,826603,景致公寓,杭州,租房,"和睦路,近石祥路"
4626471800267776,826030,塘栖一小区,杭州,租房,"塘栖路,近里仁路"
4619668592518145,160999,复兴北苑,杭州,租房,复兴路163号
4561542539582478,160860,多蓝水岸,杭州,租房,12号大街
4620608951557121,826556,近江三园,杭州,租房,珊园弄13号
4629080749026306,411448,华润新鸿基之江九里(公寓住宅),杭州,租房,"珊瑚沙路,近碧波路"
4618455760167937,160381,采荷小区洁莲邨,杭州,租房,双菱路34号
4494691218088963,1153634,阳光城悦云邸,杭州,租房,溪望路
4524859390860293,778765,金隅学府,杭州,租房,秋涛路
4599602902834183,660200,雍荣华庭,杭州,租房,"莫干山路,近留祥路"
4619152796410893,185133,毓秀家园,杭州,租房,临平人民大道652号
4548429071592448,201140,云雀苑,杭州,租房,江城路548-550号
4625130283572234,369989,半岛国际,杭州,租房,滨盛路2271号
4628011881602058,826099,汀洲花苑(南区),杭州,租房,"振兴西路,近荷禹路"
4633946247652352,160838,近江二园,杭州,租房,"珊园弄,近诗园弄"
4567356200131597,397247,银杏汇(公寓住宅),杭州,租房,西环路128号
4598506853096452,800830,九龙仓世纪华府,杭州,租房,丰收中路28号
4630510549394444,160022,城南家园,杭州,租房,凤山桥直街4号
4619678157118478,607300,兴耀星悦湾(公寓住宅),杭州,租房,"青六南路,近横雷线"
4596865920787457,224144,保利东湾(西区),杭州,租房,"24号大街,近20号大街"
4621173461097478,613792,阳光城普升,杭州,租房,"福临街,近普德路"
4633560445361156,1411532,众安顺源府,杭州,租房,"上林南路,近科创园一号路"
4623919705529359,217995,银爵世纪公寓,杭州,租房,浦沿路715号
4481893693627398,826151,和谐嘉园南苑,杭州,租房,"江锦路,近新塘路"
4615600836240398,375266,康都紫轩,杭州,租房,甬江路191号
4561178759914509,826860,中国铁建青秀城,杭州,租房,建设一路418号
4584164434928646,192131,东湖公寓,杭州,租房,河南埭路63号
4618315669332999,786760,新城峯璟(公寓住宅),杭州,租房,文二西路
4620719852545039,877721,杭州印,杭州,租房,"闻涛路,近江晖路"
4619169018698758,1013054,盈一佳苑,杭州,租房,鸿宁路1021号
4592414454672388,265301,江南国美家园,杭州,租房,闻涛路
4607834670525450,224307,联庄公寓,杭州,租房,江南大道4250号
4510717423936522,299190,云龙十一景(公寓住宅),杭州,租房,建国北路80号
4596751118590982,260398,丽阳苑,杭州,租房,申花路389号
4616709805124611,826055,广和美地兰庭,杭州,租房,"东西大道,近三星路"
4615238983314432,370046,保利湾天地,杭州,租房,24号大街
4618018623384586,314636,树兰书香名邸(公寓住宅),杭州,租房,星光街1-1号
4483878696508430,619462,中旅紫金名门,杭州,租房,振华路10号
4621997830155268,528979,西溪海听海苑,杭州,租房,"闲富北路,近上和路"
4623551267249162,160398,碧水豪园(公寓住宅),杭州,租房,"东信大道,近南环路"
4611146960448526,779615,合景天峻,杭州,租房,创景路
4626323980954632,314429,荷花塘小区,杭州,租房,星光街
4616634075831309,369926,嘉里桦枫居,杭州,租房,杭玻街766号
4537531667737613,188696,北秀蓝湾,杭州,租房,东西大道
4624882933754880,369850,东厦东港,杭州,租房,北沙西路150号
4623959449512960,370048,飞虹丁香花园,杭州,租房,金桥北路
4587066984967172,370090,湖山帝景湾(北苑公寓住宅),杭州,租房,南湖东路
4551591714614276,945744,融创未来海溪汀苑,杭州,租房,"闲富北路,近上和路"
4629521268335625,994925,宋都东郡国际锦湾,杭州,租房,秀水街190号
4537188564608008,826099,汀洲花苑(南区),杭州,租房,"振兴西路,近荷禹路"
4603691733396490,826452,金地自在城求学里,杭州,租房,"嘉仁路,近金蓬街"
4598335884602371,914217,颐和山庄(公寓住宅),杭州,租房,科技大道3608号
4628889082340362,654114,中港罗兰小镇(公寓住宅),杭州,租房,"210省道,近康泰路"
4615320867855364,826831,绿城九龙仓柳岸晓风(公寓住宅),杭州,租房,"闻涛路,近建业路"
4544749566483467,658597,湖墅观邸,杭州,租房,湖墅北路111号
4480859594566667,292642,新州花苑东区,杭州,租房,"月明路,近西兴路"
4553123313462272,369894,欣盛东方福邸,杭州,租房,"水月街,近学院北路"
4565949651966988,346356,名仁家园,杭州,租房,山阴路1198号
4565585526760462,219861,万科魅力之城(东区),杭州,租房,九环路41-4号
4579657030984704,792522,万科星空,杭州,租房,文一西路
4612550046833676,1042415,梓树花苑(公寓住宅),杭州,租房,九龙大道
4615443584261127,825962,顺发和美家,杭州,租房,市心北路785号
4595597461548041,825526,保亿风景蝶院留园,杭州,租房,光裕路112号
4629451644953602,826447,金地自在城林溪里,杭州,租房,金蓬街
4540280340376585,864181,爵士风情日辉苑,杭州,租房,天目山西路
4590002254392322,219861,万科魅力之城(东区),杭州,租房,九环路41-4号
4548428331621380,269307,华元爱丁郡,杭州,租房,"宋家湾路,近西坝路"
4618084352238600,160263,和睦新村,杭州,租房,莫干山路630号
4618088001070091,634849,西溪金座,杭州,租房,荆长路758号
4603604593499140,806475,万科江湾城,杭州,租房,"时代大道,近纬一路"
4489271845788684,825960,顺发富春峰景(公寓住宅),杭州,租房,春江路8号
4630497471194113,215447,蔡马人家,杭州,租房,茶汤路66号
4588388606454784,409778,玲珑香榭,杭州,租房,杭机路6-13号
4551467910702086,1260474,花园岗和苑(公寓住宅),杭州,租房,"石祥路,近莫干山路"
4616366824991745,160802,西城时代家园,杭州,租房,文一西路
4619158086722560,219814,天汇园,杭州,租房,金城路411号
4547651638172674,217995,银爵世纪公寓,杭州,租房,浦沿路715号
4550185259064333,995754,龙湖滟澜山(澜轩),杭州,租房,"华景街,近银沙路"
4608440130690059,160299,国信嘉园(公寓住宅),杭州,租房,滨盛路4050号
4629552680541193,794775,地铁绿城杨柳郡,杭州,租房,九和路516号
4606409492505607,826736,远东紫竹人家,杭州,租房,狮山路284号
4541291715554316,575797,朗诗未来街区西园,杭州,租房,"天万路,近苑中路"
4626680371059716,1302937,融创微风之城(公寓住宅),杭州,租房,东桥路169号
4383045613085705,160066,金都华府,杭州,租房,江城路
4610888985517057,379783,和合财富中心佳苑,杭州,租房,龙湖路16号
4599256162425857,160343,南岸晶都花园,杭州,租房,平安路72号
4617761792695303,205425,银泰海威国际,杭州,租房,"江虹路,近科技馆路"
4609294112648194,224958,广厦天都城天星苑,杭州,租房,"场环路,近欢乐大道"
4609593526037506,877750,滨江金茂府,杭州,租房,"西兴路,近滨盛路"
4629184945728522,761437,凯文杭庄(公寓住宅),杭州,租房,"映荷路,近荷禹路"
4618141249219592,343452,郡原相江公寓,杭州,租房,"仁爱路,近下沙路"
4601224632986637,864181,爵士风情日辉苑,杭州,租房,天目山西路
4626629337046026,216452,华瑞湘湖林语,杭州,租房,下湘湖路8号
4579788906798089,160205,锦绣江南(滨江),杭州,租房,咏渡巷59号
4624862357859335,331179,明怡花苑,杭州,租房,建设一路377号
4615557404437506,627593,万科良渚文化村未来城,杭州,租房,"疏港路,近104国道"
4547398525871114,656371,佳兆业西溪璞园(公寓住宅),杭州,租房,"荆山湾路,近联胜路"
4564332320416777,468839,亲亲家园三期,杭州,租房,"古墩路,近通济路"
4620564349426688,411448,华润新鸿基之江九里(公寓住宅),杭州,租房,"珊瑚沙路,近碧波路"
4618207224290307,160442,双菱小区,杭州,租房,双菱路33-37号
4610679611483139,1390348,滨江御滨府(公寓住宅),杭州,租房,"阡陌路,近北塘路"
4599333404892163,825755,容大五环城市花园,杭州,租房,金桥北路159号
4624993983781899,216293,金域三江(公寓住宅),杭州,租房,时代大道
4602609944978445,224144,保利东湾(西区),杭州,租房,"24号大街,近20号大街"
4616658920922115,470980,中铁逸都,杭州,租房,北沙西路28号
4624033750363146,651236,万宝城,杭州,租房,荷禹路105号
4630555910614030,877690,西溪八方城,杭州,租房,"文一西路,近荆长路"
4598495515221007,160842,春波小区,杭州,租房,春波路32号
4596962211716097,659941,汉嘉申花郡,杭州,租房,"丰庆路,近祥符路"
4619184424821762,825673,春波南苑,杭州,租房,"滨安路,近江晖路"
4618546927967244,717456,中和北宸府,杭州,租房,崇文街615号
4588334526045188,160324,新星小区,杭州,租房,三墩街
4606977391569922,1017351,旭辉宝龙东湖城(公寓住宅),杭州,租房,"青六北路,近南沙路"
4504645340093454,369834,多立方公寓,杭州,租房,九华路
4599940981513224,336639,仓溢绿苑,杭州,租房,海曙路128号
4551695361711115,826557,近江四园,杭州,租房,"婺江路,近富春路"
4544682366297093,160377,德胜东村,杭州,租房,德胜路81号
4593683688905735,826101,庭院深深(东区),杭州,租房,东西大道
4613938515827721,370101,宋都东郡国际嘉湾,杭州,租房,凌云街21号
4527498009093132,912477,丽晶国际中心,杭州,租房,鸿宁路2327号
4616615850040333,160343,南岸晶都花园,杭州,租房,平安路72号
4632022235442189,786883,水岸花苑,杭州,租房,"文一西路,近长深高速"
4563933127580676,578903,金隅田员外,杭州,租房,"半山东路,近依山路"
4603711558671375,610065,绿地旭辉城,杭州,租房,"扬帆路,近滨盛路"
4537121254140943,160824,清水公寓,杭州,租房,德胜巷13号
4361578769751055,620117,理想银泰城(公寓住宅),杭州,租房,世纪大道118号
4621094741384197,825608,农药厂宿舍(闸弄口),杭州,租房,天城路
4621048390706184,370060,远洋大河宸章,杭州,租房,小河路455号
4633664862641157,232436,得力半岛花园(公寓住宅),杭州,租房,晨晖路507号
4630907628465157,160002,东海水漾人家,杭州,租房,红丰路39号
4624985921772545,1003246,景瑞阳光城法兰公园(公寓住宅),杭州,租房,天荷路60号
4629279029390337,369824,中意名仕苑(公寓住宅),杭州,租房,人民大道438号
4610645692539913,379785,九龙仓碧玺,杭州,租房,"后横港路,近桥弄街"
4620952726907910,825902,风景大院,杭州,租房,通益路
4580962550162433,217304,锦绣钱塘,杭州,租房,科技大道
4541333381719055,160489,物华小康居住区,杭州,租房,物华路
4631155845243909,826556,近江三园,杭州,租房,珊园弄13号
4616825448719366,191993,都市水乡水涟苑,杭州,租房,广业街235号
4585370440457227,369936,江南铭庭,杭州,租房,天官东路90号
4609408758799375,219771,勤远里,杭州,租房,"察院前巷,近中山南路"
4626415161338880,346243,大华海派风景,杭州,租房,东吴路
4586952568986639,573718,德信东望,杭州,租房,"新塘路,近明月桥路"
4569940634643464,628434,恒大帝景,杭州,租房,晨晖路
4604026392960015,171723,滨文苑,杭州,租房,"滨文路,近火炬大道"
4617900168504330,910832,欧美金融城,杭州,租房,"闲林港西路,近向往街"
4630743317900293,877699,融信澜天(公寓住宅),杭州,租房,"立新路,玉鸟路"
4616148182983689,593871,保亿风景晨园(公寓住宅),杭州,租房,"迎宾路,近1号路"
4616390959033349,218507,万象城悦府,杭州,租房,富春路701号
4595519052246019,160999,复兴北苑,杭州,租房,复兴路163号
4567212533408778,369920,顺发康庄(公寓住宅),杭州,租房,萧钱线
4631275696626694,369988,金帝海珀华庭,杭州,租房,振兴西路177号
4607905352147983,995811,中栋国际(公寓住宅),杭州,租房,"建设一路,近风情大道"
4550447820794887,369832,恒逸金榈湾,杭州,租房,临浦中路123-125号
4613607396781063,613792,阳光城普升,杭州,租房,"福临街,近普德路"
4531791357434883,877972,融信学院府,杭州,租房,学院北路
4612539050714117,825885,翡翠城(东北区),杭州,租房,高教路
4571630749641740,938030,龙禧大酒店公寓,杭州,租房,江南大道3788号
4623356537695240,216666,潮鸣苑,杭州,租房,"潮鸣寺巷,近醋坊巷"
4483739522049027,160116,采荷小区芙蓉邨,杭州,租房,双菱路21号
4558885844298767,1107937,溪谷岚湾(公寓住宅),杭州,租房,运溪路1100号
4622253428861965,160901,翠苑三区(东区),杭州,租房,翠柏路11号
4626264388412431,160445,江南豪园,杭州,租房,江南大道380号
4633558929763343,179178,梅堰小区,杭州,租房,红丰路216号
4632273901497345,1218290,越秀星汇花园西区,杭州,租房,"塘塍街,近225县道"
4633397771742217,220060,赞成岭上花苑(公寓住宅),杭州,租房,"鸡山路,近八角路"
4629125812198401,910660,东方君悦,杭州,租房,民心路88号
4558274397709322,801124,冠山小区,杭州,租房,"长江南路,近白马湖路"
4603947499021322,826452,金地自在城求学里,杭州,租房,"嘉仁路,近金蓬街"
4594168317535244,789619,瑞麒时代(公寓住宅),杭州,租房,通益路
4550490135866381,826385,建华家苑,杭州,租房,三官塘路
4612612839009295,792441,华元十六街区,杭州,租房,"2号大街,近顺雅巷"
4615282639348748,160574,风雅钱塘,杭州,租房,月明路1076号
4633814968049679,363841,潘水南苑,杭州,租房,市心南路728号
4630914763973644,1299107,康悦香庄,杭州,租房,江淑路111号
4078739104803846,803535,宋都东郡之星,杭州,租房,"银海街,近春新路"
4616619070741514,334770,亿丰蔚蓝郡,杭州,租房,勾庄路218号
4598303275654156,160388,中兴花园,杭州,租房,江汉路1688号
4597745969536015,635803,景瑞御华府(公寓住宅),杭州,租房,"世纪大道,近汀兰路"
4601678183635983,1025600,恒大水晶国际广场,杭州,租房,"之浦路,近枫桦路"
4604068175309830,807657,佳源未来府,杭州,租房,安乐路61号
4608155648615426,573294,万和玺园,杭州,租房,"颜三路,近再行路"
4579783809147907,240611,渡驾新村,杭州,租房,花园岗街158号
4524600015891471,406023,绿城玉兰花园(临安),杭州,租房,环城北路
4617850863068174,193195,碧天家园,杭州,租房,邱山大街692号
4610691745195008,318496,都市水乡水月苑,杭州,租房,长阳路319号
4583761488145420,160828,福利新村,杭州,租房,中河中路122号
4608443728292865,877977,保安桥河下小区,杭州,租房,保安桥河下
4614025107172364,161011,蚕花园永兴坊,杭州,租房,"永兴弄,近上塘路"
4620725250890755,161069,晴彩巴厘,杭州,租房,世纪大道
4598237032459265,790318,广元公寓,杭州,租房,晨晖路952号
4611114704821251,785618,尚海湾(公寓住宅),杭州,租房,育才路
4621223221617672,825608,农药厂宿舍(闸弄口),杭州,租房,天城路
4623466859113483,248839,中海钱塘山水(公寓住宅),杭州,租房,东信大道92号
4586756480869390,1003246,景瑞阳光城法兰公园(公寓住宅),杭州,租房,天荷路60号
4548559748787202,1047306,秀里华庭,杭州,租房,紫荆花北路439号
4617984302769157,799196,颐和山庄(别墅),杭州,租房,科技大道3608号
4568583972236302,218507,万象城悦府,杭州,租房,富春路701号
4620395022298113,995004,东方俊园(东区),杭州,租房,新颜南路28号
4621987580849154,470980,中铁逸都,杭州,租房,北沙西路28号
4608436983327744,238045,都市水乡水秀苑,杭州,租房,民意街45号
4596570393832451,877721,杭州印,杭州,租房,"闻涛路,近江晖路"
4615127666695180,468839,亲亲家园三期,杭州,租房,"古墩路,近通济路"
4605050218030083,658012,香悦郡国际公寓,杭州,租房,沈半路
4544141012855820,161051,德胜新村(北区),杭州,租房,德苑路99号
4600789349917696,781853,卓越蔚蓝领秀(一期),杭州,租房,"临丁路,近华鹤街"
4629942784369667,161161,新白马公寓,杭州,租房,工人路899号
4577138358393856,369989,半岛国际,杭州,租房,滨盛路2271号
4562741870713868,160594,三江花园(公寓住宅),杭州,租房,万达中路26号
4557313284006923,160343,南岸晶都花园,杭州,租房,平安路72号
4629509017885710,379788,赞成檀府(公寓住宅),杭州,租房,"星光街,近新颜路"
4629162203606024,408735,阳光逸城,杭州,租房,环丁路328号
4627663582551040,201534,浙新小区,杭州,租房,滨文路646号
4630685702249485,825841,上石苑,杭州,租房,石祥路349号
4537547720596480,826220,闻潮尚庭,杭州,租房,"望江东路,近钱江路"
4319402147520521,639246,德信早安,杭州,租房,石鸽路45号
4609268302982157,860800,越秀星汇尚城,杭州,租房,上园路
4579520602614787,826859,中国铁建江南国际城,杭州,租房,"金城路,近风情大道"
4537207157271555,174646,东方润园,杭州,租房,钱潮路9号
4568485097071618,1071963,万科玖望(公寓住宅),杭州,租房,江滨东大道159号
4609893521910785,160630,滨江金色海岸,杭州,租房,富春路9号
4540558932470788,639246,德信早安,杭州,租房,石鸽路45号
4630856660265994,160543,义井小区,杭州,租房,西湖大道
4629638714123265,181626,绿城蓝庭(东区),杭州,租房,"振兴西路,近星河路"
4565428650187790,216712,定安东苑,杭州,租房,后市街100-126号
4616831489055754,191993,都市水乡水涟苑,杭州,租房,广业街235号
4586936085668867,626958,江畔云庐,杭州,租房,"滨文路,近明德路"
4626285219146757,178587,都市水乡水滟苑,杭州,租房,广业街282号
4625118214630405,161064,钱塘景苑,杭州,租房,伟业路399号
4581027754779650,161179,新世纪花苑,杭州,租房,古墩路1105号
4553213254919168,407707,金昌春和钱塘,杭州,租房,民和路411号
4547662948064258,945745,西溪海星海苑,杭州,租房,闲富北路
4497682101742599,790865,金域东方,杭州,租房,湘建线
4598193148535813,826569,晶典公寓,杭州,租房,南环路1528号
4623529149885446,909780,中天西城纪,杭州,租房,余杭塘路417号
4608401471200259,160856,建国南苑(南3区),杭州,租房,河坊街413号
4579592122604557,193433,花城名苑(西区),杭州,租房,合欢路171号
4619886486465548,160610,现代印象广场,杭州,租房,江南大道3399号
4613578528597006,804630,龙湖水晶郦城,杭州,租房,"茹家路,近庄墩路"
4605082075126784,369831,和达御观邸,杭州,租房,上沙路246号
4631987476964357,369858,华瑞湘湖美地,杭州,租房,萧西路605号
4619443668706312,369846,保利江语海(公寓住宅),杭州,租房,"之江东路,近6号大街"
4623745119611909,216293,金域三江(公寓住宅),杭州,租房,时代大道
4624214903512070,369831,和达御观邸,杭州,租房,上沙路246号
4580033195535372,766078,九龙仓雍景山(公寓住宅),杭州,租房,万通路58号
4496130895813640,160520,翰林花园,杭州,租房,翰林街108号
4632327770156034,825790,东岸嘉园二区,杭州,租房,海通街229号
4626808110885889,316460,浙地人家,杭州,租房,宋家湾路
4633439714569222,370094,金都西花庭,杭州,租房,"狮山路,近余杭塘河"
4614919321986063,369894,欣盛东方福邸,杭州,租房,"水月街,近学院北路"
4616874552564742,219224,燕子弄小区,杭州,租房,"庆春路,近建国中路"
4633582099950604,369948,恒瑞名座,杭州,租房,利华路898号
4632021681857540,826864,绿都四季华庭,杭州,租房,"育才路,近晨晖路"
4623409792492551,408735,阳光逸城,杭州,租房,环丁路328号
4617064897371151,160067,顺发佳境天城(公寓住宅),杭州,租房,市心北路737号
4529138742914059,248058,宏丰家具城小区,杭州,租房,五常荆山湾88号
4398738988196864,186603,钱塘名都,杭州,租房,钱江路628-640号
4623872852433931,656442,合景叠彩园(公寓住宅),杭州,租房,"文胜路,近电子路"
4633640791141390,989973,佳源优优锦城,杭州,租房,西墅街407号
4595040898655243,160223,白金海岸花园,杭州,租房,香溢路88号
4622406316203012,160079,铁岭花园,杭州,租房,"江陵路,近滨安路"
4619824788777996,877728,金地德圣中心(商住楼),杭州,租房,"金城路,近金山路"
4623481431714829,610901,中海御道(公寓住宅),杭州,租房,"钱江路,近塘工局路"
4537268343299081,178587,都市水乡水滟苑,杭州,租房,广业街282号
4624643791559682,408269,明华名港城,杭州,租房,东灵南路2-60号
4616670368640015,799196,颐和山庄(别墅),杭州,租房,科技大道3608号
4586662128376843,826425,欣盛东方郡(东区),杭州,租房,春晓路233号
4548464642321411,1218322,时代滨江悦,杭州,租房,风情大道
4606237081216002,216723,红枫苑(临平),杭州,租房,东湖北路118号
4608029743295489,177622,华宇家园,杭州,租房,临平星光街957号
4601173053168640,724866,坤和求是里,杭州,租房,求和路
4576897152869377,1047306,秀里华庭,杭州,租房,紫荆花北路439号
4602368381805583,877932,进修弄小区,杭州,租房,"进修弄,近九曲营路"
4623758266342406,160883,碧云阁,杭州,租房,复兴弄24号
4570041198832646,206392,望江新园二园,杭州,租房,东霞巷32号
4628248751074309,200064,逸居城,杭州,租房,逸盛路183号
4568845739729926,369989,半岛国际,杭州,租房,滨盛路2271号
4571166737753092,658012,香悦郡国际公寓,杭州,租房,沈半路
4609607139861506,336446,瑞金华庭嘉苑,杭州,租房,藕花州大街西段264号
4618209036229632,637732,招商雍华府,杭州,租房,建华路
4548869050149899,205425,银泰海威国际,杭州,租房,"江虹路,近科技馆路"
4526008423539715,160104,世纪新城,杭州,租房,高技路51-55号
4611151282973698,1178779,定山西苑二区,杭州,租房,创意路
4592591969393677,790318,广元公寓,杭州,租房,晨晖路952号
4531799132562432,826831,绿城九龙仓柳岸晓风(公寓住宅),杭州,租房,"闻涛路,近建业路"
4574001223820295,801400,丰北一苑,杭州,租房,利丰路730号
4618020340589572,220251,蓝桥名苑,杭州,租房,金堡街294号
4629078283265037,803535,宋都东郡之星,杭州,租房,"银海街,近春新路"
4630690009324555,910215,嘉富广场,杭州,租房,市心南路822-830号
4542089122405390,801400,丰北一苑,杭州,租房,利丰路730号
4616698600414223,220591,君临天下,杭州,租房,东湖南路364号
4583848402377737,160527,水岸帝景,杭州,租房,钱潮路10号
4589502257912842,650521,钱塘之星,杭州,租房,"江南大道,近西兴路"
4616802137353230,1076528,滨江碧桂园翡翠江南,杭州,租房,"利华路,近生兴路"
4537743706692619,826363,仙林苑(南区),杭州,租房,中山北路142号
4606557344965647,160506,新湖北国之春,杭州,租房,衢洲路105号
4625254217161738,481359,青枫墅园山语阁,杭州,租房,"上仓路,近和睦路"
4540015830178831,619856,新城山语院,杭州,租房,"星光街,近顺达路"
4630573904632843,221557,盛泰名都公寓,杭州,租房,"5号大街,近4号大街"
4546198505137164,1390348,滨江御滨府(公寓住宅),杭州,租房,"阡陌路,近北塘路"
4572560723649542,192354,铂金时代,杭州,租房,滨兴路158号
4193457825504264,370104,城发云锦城,杭州,租房,"华鹤街,近长睦路"
4579540797678596,178587,都市水乡水滟苑,杭州,租房,广业街282号
4594340144978957,658597,湖墅观邸,杭州,租房,湖墅北路111号
4533657556184072,761437,凯文杭庄(公寓住宅),杭州,租房,"映荷路,近荷禹路"
4623700788714501,863838,仓溢东苑,杭州,租房,"海曙路,近良睦路"
4632251116739589,432261,名扬阁,杭州,租房,萧钱线
4616705473879041,792522,万科星空,杭州,租房,文一西路
4554403342375946,1038049,和家园紫园,杭州,租房,杨梅山路
4620763292593163,369876,金石华城,杭州,租房,塘栖绿荫街
4632737539974150,615993,顺发恒园(公寓住宅),杭州,租房,建设二路
4632478599732238,186603,钱塘名都,杭州,租房,钱江路628-640号
4613547935048708,369814,桂花星城,杭州,租房,世纪大道
4622104360969222,868158,金世纪运河丽园(公寓住宅),杭州,租房,"东湖北路,近兴旺大道"
4623229171557390,160039,东海花园,杭州,租房,南大街126号
4530246957624325,206600,钱江水晶城,杭州,租房,滨盛路4402号
4609899471891460,217995,银爵世纪公寓,杭州,租房,浦沿路715号
4612331338767366,877698,融创时代奥城,杭州,租房,"盈丰路,近书音路"
4627705533099016,160223,白金海岸花园,杭州,租房,香溢路88号
4632127320976392,311707,钱塘滨和花园,杭州,租房,江汉东路202号
4591163530845185,369989,半岛国际,杭州,租房,滨盛路2271号
4554424024884239,778765,金隅学府,杭州,租房,秋涛路
4550572001747981,220070,滨康小区,杭州,租房,聚园路66号
4565911027082242,160717,观巷小区,杭州,租房,凤起路
4622360411790337,641300,乾成园,杭州,租房,集萃路47号
4524471758855178,220796,天虹公寓,杭州,租房,"天虹街,近紫荆花北路"
4574323302132749,826385,建华家苑,杭州,租房,三官塘路
4613317613693962,807657,佳源未来府,杭州,租房,安乐路61号
4589723030283277,370006,水岸枫庭,杭州,租房,甬江路99号
4619819295120389,405773,悦尚湾,杭州,租房,祥运路188号
4596629544508423,637489,运河之星,杭州,租房,丽水北路950号
4624900133790724,1025600,恒大水晶国际广场,杭州,租房,"之浦路,近枫桦路"
4599825270369291,952866,环秀府,杭州,租房,"荆长大道,近海曙路"
4544109286251535,379792,瑞立东方花城,杭州,租房,滨安路42号
4621959584277505,478833,金瑞城市风景,杭州,租房,风景街333号
4629388916874251,172587,浣纱路58-371号小区,杭州,租房,浣纱路
4565412816610304,363841,潘水南苑,杭州,租房,市心南路728号
4610650056664076,370004,钱塘梧桐蓝山,杭州,租房,"世纪大道,近南苑街"
4599773210684430,160517,树园小区,杭州,租房,建国北路426号
4561455781043202,717456,中和北宸府,杭州,租房,崇文街615号
4570450527364105,369942,华盛达阅城,杭州,租房,"杭行路,近祥富路"
4563972109130767,613323,中大银泰城公寓,杭州,租房,东新路822号
4605118905506825,1218291,越秀星汇花园东区,杭州,租房,"星港路,近滨河路"
4606744271150081,160841,同人春江时代,杭州,租房,"长河路,近滨盛路"
4626231877952512,160842,春波小区,杭州,租房,春波路32号
4632093301222406,220591,君临天下,杭州,租房,东湖南路364号
4626732829844494,161161,新白马公寓,杭州,租房,工人路899号
4613853749046275,909780,中天西城纪,杭州,租房,余杭塘路417号
4618605193288713,160570,十亩田家园,杭州,租房,化仙桥路27号
4602261170039822,173565,庭院深深(西区),杭州,租房,东西大道
4616458669859850,220060,赞成岭上花苑(公寓住宅),杭州,租房,"鸡山路,近八角路"
4617901936172042,369852,绿城玉园,杭州,租房,"人民大道,近新丰路"
4554421786434567,826661,印月尚庭,杭州,租房,"滨盛路,近三桥路"
4622189993221128,651236,万宝城,杭州,租房,荷禹路105号
4618000880790540,912258,开元广场(公寓住宅),杭州,租房,"西河路,近向旭路"
4610826190494721,160903,长江小区,杭州,租房,"南环路,近立业路"
4611127989001223,192354,铂金时代,杭州,租房,滨兴路158号
4578346925235200,1133552,龙湖春江天越(公寓住宅),杭州,租房,凌云街
4625165951888391,659941,汉嘉申花郡,杭州,租房,"丰庆路,近祥符路"
4629086197244942,620117,理想银泰城(公寓住宅),杭州,租房,世纪大道118号
4632017378139138,826558,近江五园,杭州,租房,衢江路87号
4607035171922957,160689,都市港湾,杭州,租房,北沙东路1-7号
4530324972133377,782005,崇邦余之城,杭州,租房,"迎宾路,近临东路"
4619726774889478,450266,近江六园,杭州,租房,富春路191号
4610935873235977,1218280,碧桂园东旭府,杭州,租房,时代大道
4540285635714061,160997,采荷绿萍,杭州,租房,庆春东路12号
4567090813283341,369846,保利江语海(公寓住宅),杭州,租房,"之江东路,近6号大街"
4624932947172366,160708,春丰苑,杭州,租房,"凤起路,近大树路"
4597948514987008,826352,佳丰北苑,杭州,租房,飞虹路1077号
4626474748697611,192435,万安城市花园西苑,杭州,租房,直大方伯42号
4588540440503306,528280,众安白马山庄(公寓住宅),杭州,租房,留和路
4579711586622474,877975,万科溪望(公寓住宅),杭州,租房,"文二西路,近环岛路"
4622235353455624,916687,碧桂园深蓝国际中心,杭州,租房,"博奥路,近利一路"
4615456627944460,826558,近江五园,杭州,租房,衢江路87号
4625215150038030,160192,景江苑,杭州,租房,江南大道4348号
4605328072795150,217478,绿野春天家园(公寓住宅),杭州,租房,"里东路,近闲富公路"
4619415438416897,913289,西溪润景,杭州,租房,"创意二路,近邱桥路"
4629463119571969,593871,保亿风景晨园(公寓住宅),杭州,租房,"迎宾路,近1号路"
4603613590871052,573503,梅和名府,杭州,租房,"梅花弄,近萧然东路"
4587047736255498,608131,保利罗兰香谷,杭州,租房,华鹤路656号
4632138617594895,877705,世茂智慧之门,杭州,租房,"江南大道,近风情大道"
4593637374110720,613323,中大银泰城公寓,杭州,租房,东新路822号
4576119387743241,299190,云龙十一景(公寓住宅),杭州,租房,建国北路80号
4618473670990856,1001251,阳光城檀悦,杭州,租房,"扬帆路,近盈丰路"
4598020149371907,370046,保利湾天地,杭州,租房,24号大街
4623534501258253,264956,西溪小筑,杭州,租房,"天目山路,近五常大道"
4629102195252239,161011,蚕花园永兴坊,杭州,租房,"永兴弄,近上塘路"
4633797223030794,220796,天虹公寓,杭州,租房,"天虹街,近紫荆花北路"
4630606048435206,825865,都市阳光乐苑,杭州,租房,甲来路
4605633938447371,161181,静怡花苑,杭州,租房,秋涛路550号
4630450524007432,160713,滨江金色家园,杭州,租房,富春路16号
4605153389960197,786760,新城峯璟(公寓住宅),杭州,租房,文二西路
4633699589729292,1201600,远洋路劲上河宸章,杭州,租房,崇杭街508号
4626331293623304,578175,德信晓宸,杭州,租房,"祥富路,近上祥路"
4626660332430339,1030045,嘉丰万悦城(南区),杭州,租房,东湖北路
4534434662669323,825790,东岸嘉园二区,杭州,租房,海通街229号
4609945171176449,160297,三江鸣翠蓝湾(别墅),杭州,租房,九龙大道188号
4605006683646983,531858,石榴派,杭州,租房,"东西大道,近京福线"
4581253660912646,1216235,德信九溪云庄,杭州,租房,"丽景路,近文景路"
4607884045511688,478833,金瑞城市风景,杭州,租房,风景街333号
4619585265200141,826030,塘栖一小区,杭州,租房,"塘栖路,近里仁路"
4619505884490763,826790,长江西苑,杭州,租房,建业路151号
4613528277543938,785209,新湖菲林山,杭州,租房,上仓路
4595652061240322,778406,滨江西溪之星(公寓住宅),杭州,租房,"荆长大道,纬三路"
4630590054591494,218032,吉如家园,杭州,租房,"杭印路,近登云路"
4626510261640194,913289,西溪润景,杭州,租房,"创意二路,近邱桥路"
4598545632388110,178176,都市水乡水曲苑,杭州,租房,"广业街,近长阳路"
4618353441532940,613792,阳光城普升,杭州,租房,"福临街,近普德路"
4540588949859330,183101,凯旋金牛坊,杭州,租房,凯旋路151号
4506399071104010,160856,建国南苑(南3区),杭州,租房,河坊街413号
4530379570879502,943059,景瑞申花壹号院,杭州,租房,"丰潭路,近申花路"
4615226927754241,202578,九龙一号,杭州,租房,九龙大道233号
4606719755215873,219250,开元加州阳光小区,杭州,租房,金城路333号
4535717955920896,782014,野风秋雅,杭州,租房,九龙大道
4591346069740553,477594,嘉信九悦印象,杭州,租房,"东湖中路,近沿河路"
4532059911203840,222279,正中尚品庭院,杭州,租房,新昌路181号
4610749612518413,369965,北湖绿洲花园(公寓住宅),杭州,租房,瓶仓大道57号
4625352160439308,826352,佳丰北苑,杭州,租房,飞虹路1077号
4608599599326208,160903,长江小区,杭州,租房,"南环路,近立业路"
4597290323733513,269307,华元爱丁郡,杭州,租房,"宋家湾路,近西坝路"
4623385631253506,1017351,旭辉宝龙东湖城(公寓住宅),杭州,租房,"青六北路,近南沙路"
4568611611042823,160371,港湾家园,杭州,租房,余杭塘路866号
4600791980186635,658012,香悦郡国际公寓,杭州,租房,沈半路
4587033444883467,619856,新城山语院,杭州,租房,"星光街,近顺达路"
4607868472517632,825760,德信银树湾,杭州,租房,文岚街58号
4598108829754376,1013054,盈一佳苑,杭州,租房,鸿宁路1021号
4581333612403712,160613,清泰南苑,杭州,租房,始版桥直街176号
4582487805041664,311707,钱塘滨和花园,杭州,租房,江汉东路202号
4510270162676744,596962,元成东盛家园,杭州,租房,松乔街518号
4584209182452738,826691,玉城公寓,杭州,租房,东西大道
4611230551401480,650521,钱塘之星,杭州,租房,"江南大道,近西兴路"
4578610293564423,589478,望江府,杭州,租房,闻潮路280号
4626187117550603,411448,华润新鸿基之江九里(公寓住宅),杭州,租房,"珊瑚沙路,近碧波路"
4615182408641537,217621,苑中园,杭州,租房,新城路38号
4584287043951630,825481,白马湖小区白鹤苑,杭州,租房,"一号路,近江晖路"
4497433282108431,369894,欣盛东方福邸,杭州,租房,"水月街,近学院北路"
4613510474654727,1893012,杭与城,杭州,租房,龙舟北路
4530032585679879,826859,中国铁建江南国际城,杭州,租房,"金城路,近风情大道"
4620655260851204,826267,华盛星洲翠谷,杭州,租房,福严路82号
4599370477003786,479412,天鸿香榭里,杭州,租房,"通益路,近祥运路"
4545945011594251,236163,绿城蓝色钱江(公寓住宅),杭州,租房,鲲鹏路
4559135249751047,952866,环秀府,杭州,租房,"荆长大道,近海曙路"
4604307052207108,607300,兴耀星悦湾(公寓住宅),杭州,租房,"青六南路,近横雷线"
4621158182546437,608759,方正御星,杭州,租房,"杭行路,近祥富路"
4567007754707970,314636,树兰书香名邸(公寓住宅),杭州,租房,星光街1-1号
4630806588697601,1424017,越秀景瑞悦见山,杭州,租房,"兴国路,近辰兴路"
4613927930735627,372524,相墅花园(公寓住宅),杭州,租房,"时代大道,近湘湖路"
4582492779357199,160342,定山家园(西区),杭州,租房,"霞鸣街,近象山路"
4623990293832718,161178,星河景庭,杭州,租房,金城路98号
4613829159674893,628421,众安景海湾(公寓住宅),杭州,租房,弘慧路
4623881945193477,826118,同城印象(西区),杭州,租房,狮山路307号
4628137188582409,826304,西溪北苑北区,杭州,租房,"文昌路,近荆长大道"
4611282572864527,826101,庭院深深(东区),杭州,租房,东西大道
4615495305223170,224307,联庄公寓,杭州,租房,江南大道4250号
4568547853722631,1218302,上坤山语四季(公寓住宅),杭州,租房,"顺风路,近临平大道"
4619640203144198,189620,白鹭郡北,杭州,租房,"风情大道,近玉鸟路"
4540276920183812,160766,大学路新村,杭州,租房,"大学路,近老浙大横路"
4588179012348934,826192,望江新园一园,杭州,租房,映霞街81号
4626431510240270,346243,大华海派风景,杭州,租房,东吴路
4627735030357007,217298,新江花园,杭州,租房,"通盛路,近银堡街"
4612910817356802,991988,美政花苑民航宿舍,杭州,租房,"之江路,近美政路"
4538503067755522,217136,锦园小区,杭州,租房,建国北路370号
4613874178333697,877687,苕溪南湖人家,杭州,租房,太炎路70号
4597916268043265,863105,绿城桃源小镇依云邨,杭州,租房,闲沈路
4616857082504192,637732,招商雍华府,杭州,租房,建华路
4565770630931463,726989,中南白马湖壹号(公寓住宅),杭州,租房,"时代大道,近天马路"
4577099790523399,607368,绿城莲园(公寓住宅),杭州,租房,"北沙西路,近荷花路"
4625405391383554,610901,中海御道(公寓住宅),杭州,租房,"钱江路,近塘工局路"
4616751018908682,610901,中海御道(公寓住宅),杭州,租房,"钱江路,近塘工局路"
4632267824817153,369928,德圣博奥城,杭州,租房,建设二路528号
4632043771124736,370067,贝利珑昕泽第,杭州,租房,"东大街,近九曲营路"
4535773644483596,220591,君临天下,杭州,租房,东湖南路364号
4614933742052362,826278,西房云溪香山(南区),杭州,租房,"转塘路,近望江山路"
4620738140826624,615137,复地黄龙和山(公寓住宅),杭州,租房,西溪路957号
4630024976688131,657958,湘云雅苑,杭州,租房,西兴路1190号
4589802199313408,607834,天阳尚城国际,杭州,租房,"全福桥路,近机场路"
4633844784768004,370078,建境巧克力公馆,杭州,租房,鸿兴路338号
4580126878374914,826256,清水湾山水苑(公寓住宅),杭州,租房,中泰路
4588663935820803,160492,银色港湾(公寓住宅),杭州,租房,伟业路481号
4632243524475911,641202,赞成首府(公寓住宅),杭州,租房,世纪大道
4589418060737547,655351,尚堂府,杭州,租房,石祥路282号
4536040465345542,370104,城发云锦城,杭州,租房,"华鹤街,近长睦路"
4590878450637829,803286,水韵康桥康泽苑,杭州,租房,康桥路
4516282862427149,782886,融创大家侯潮府,杭州,租房,"候潮路,近钱江路"
4520140825422850,779943,金星桃源居,杭州,租房,桃源街
4603857512258569,913289,西溪润景,杭州,租房,"创意二路,近邱桥路"
4301045032771594,877699,融信澜天(公寓住宅),杭州,租房,"立新路,玉鸟路"
4619230658126862,444534,东和云第,杭州,租房,明德路350号
4607654690317322,477595,嘉和银领时代(公寓住宅),杭州,租房,"藕花洲大街,近星桥南路"
4585497290042374,160395,水陆寺巷小区,杭州,租房,东清巷7号
4535971523517455,826756,云都凤凰城,杭州,租房,云市路86号
4608312122469385,467227,保利城市果岭,杭州,租房,银海街38号
4344607414607882,188696,北秀蓝湾,杭州,租房,东西大道
4606826198477835,1189440,中城汇MIDTOWN(公寓住宅),杭州,租房,石祥路
4631936315104256,782005,崇邦余之城,杭州,租房,"迎宾路,近临东路"
4586735427185674,160534,凯旋新村(西区),杭州,租房,凯旋路107号
4629110361433093,410317,之江家园五区,杭州,租房,"转之路,近东环路"
4555608848540686,229758,月雅苑,杭州,租房,2号大街877号
4626181106019331,786131,宝嘉誉府,杭州,租房,"石祥西路,近紫金港路"
4583952024312839,825861,都市阳光和苑,杭州,租房,甲来路82号
4609721005466624,160363,保元泽第(公寓住宅),杭州,租房,东湖南路333号
4544172454865928,210028,兰惠家园,杭州,租房,东湖南路416-1号
4518838659619847,826603,景致公寓,杭州,租房,"和睦路,近石祥路"
4592340631809031,762457,北城枫景园(公寓住宅),杭州,租房,长睦路
4598365308494858,469258,九悦江南,杭州,租房,市心南路
4634141119863816,610622,东田怡丰城(公寓住宅),杭州,租房,"迎宾路,近天万路"
4632373685068811,630884,科尔世纪外滩(公寓住宅),杭州,租房,水博大道1号
4532991682128901,788323,东晖龙悦湾(公寓住宅),杭州,租房,"五洲路,近小白线"
4603663581488139,877684,陆家桥新苑,杭州,租房,星海南路87号
4626253026094085,173565,庭院深深(西区),杭州,租房,东西大道
4524757817060367,405245,保利霞飞郡(公寓住宅),杭州,租房,建设二路401号
4629530681728004,779615,合景天峻,杭州,租房,创景路
4387422876081166,1048132,东原印未来,杭州,租房,溪望路
4633331318926351,825088,超级星期天(公寓住宅),杭州,租房,西浦路1718号
4625301892146182,868300,金帝海珀雅苑,杭州,租房,振兴西路158号
4605055346926602,205213,欣盛东方郡(西区),杭州,租房,江汉路170号
4579990473518087,793798,阳光里,杭州,租房,文居街338号
4595118887658502,479412,天鸿香榭里,杭州,租房,"通益路,近祥运路"
4577149543209993,160372,奥兰多小镇(公寓住宅),杭州,租房,风情大道4555号
4570134019234821,160053,宋都凯旋苑,杭州,租房,凯旋路68号
4137057841422351,826027,瓜山佳苑,杭州,租房,拱康路
4627872402074632,370000,风华苑,杭州,租房,世纪大道19号
4622408531794951,160079,铁岭花园,杭州,租房,"江陵路,近滨安路"
4598192244202505,379783,和合财富中心佳苑,杭州,租房,龙湖路16号
4579847775118351,826557,近江四园,杭州,租房,"婺江路,近富春路"
4552921390179343,660200,雍荣华庭,杭州,租房,"莫干山路,近留祥路"
4615321928066055,826366,恒大名城博园,杭州,租房,博园路
4616751259479048,795071,贝利栖溪望府,杭州,租房,"绿荫街,近塘栖路"
4623643171974157,791880,上实海上海(一期),杭州,租房,"古墩路,金汇南路"
4588399627398154,521873,世茂江滨花园峻景湾,杭州,租房,"20号大街,近23号大街"
4612669027326982,234038,人和家园,杭州,租房,天目山路1号
4629039448480778,370070,赞成乐山红叶(公寓住宅),杭州,租房,天目山西路
4625057404656648,1218280,碧桂园东旭府,杭州,租房,时代大道
4597158347942922,1893012,杭与城,杭州,租房,龙舟北路
4621147441095695,369863,精欧荣寓,杭州,租房,"6号大街,近5号大街"
4555689120818184,318496,都市水乡水月苑,杭州,租房,长阳路319号
4581063303666688,1077675,飘鹰富春江花苑,杭州,租房,春江东路2155号
4585649285585931,634849,西溪金座,杭州,租房,荆长路758号
4592680689034242,863105,绿城桃源小镇依云邨,杭州,租房,闲沈路
4631146563216389,200064,逸居城,杭州,租房,逸盛路183号
4615210395180041,178249,景江城市花园(公寓住宅),杭州,租房,之江路958号
4633352510481412,1440450,新力启云府(东区),杭州,租房,"港渠路,近下洋路"
4479020753759238,597681,景瑞御蓝湾,杭州,租房,禹航路5号
4577058409571339,658236,钱江御府,杭州,租房,"候潮路,近秋涛路"
4629197819421700,394496,南北乐章,杭州,租房,溪东路
4552990081950727,826451,金地自在城栖霞居(公寓住宅),杭州,租房,金蓬街
4583992096091148,192131,东湖公寓,杭州,租房,河南埭路63号
4496547161170959,160766,大学路新村,杭州,租房,"大学路,近老浙大横路"
4544301601250314,651236,万宝城,杭州,租房,荷禹路105号
4624886824459276,610923,莱蒙水榭春天,杭州,租房,飞虹路208号
4567087550864391,638890,擎天半岛(公寓住宅),杭州,租房,藕花洲大街159号
4509030940548096,160233,玄坛公寓,杭州,租房,"中河北路,近体育场路"
4526200927857674,369886,宋都晨光国际,杭州,租房,"23号大街,近16号大街"
4623759881083912,825761,林之语(公寓住宅),杭州,租房,"钱宁线,近奔竞大道"
4608376246017038,590405,万科北宸之光,杭州,租房,通运路
4633791415624714,160860,多蓝水岸,杭州,租房,12号大街
4624895859813379,160086,闲林山水丹枫苑,杭州,租房,闲林东路
4582431927856142,209018,中誉现代城(公寓住宅),杭州,租房,通惠中路838号
4627644244110345,206600,钱江水晶城,杭州,租房,滨盛路4402号
4629229618768904,877755,迪凯运河印象,杭州,租房,"好运街,通益路"
4616523616314383,607407,金沙国际,杭州,租房,幸福南路1288号
4579769910406157,161147,钱江湾花园,杭州,租房,东信大道99号
4601241154626571,619140,元成时代中心(商住楼),杭州,租房,"金乔路,近元成路"
4594148191853581,160795,钱江时代公寓,杭州,租房,清江路346号
4559795816967169,600730,绿城之江1号(东区),杭州,租房,"横桥路,近博美路"
4322313414433797,444534,东和云第,杭州,租房,明德路350号
4624642155815937,477595,嘉和银领时代(公寓住宅),杭州,租房,"藕花洲大街,近星桥南路"
4571709258148866,781698,融科东南海,杭州,租房,香樟路469号
4596492335688714,658012,香悦郡国际公寓,杭州,租房,沈半路
4521516116745225,615137,复地黄龙和山(公寓住宅),杭州,租房,西溪路957号
4609839447071750,233921,绿城丽江公寓(北区),杭州,租房,仁爱路73号
4632136393401353,650521,钱塘之星,杭州,租房,"江南大道,近西兴路"
4624861709245446,659623,奥克斯缔逸城(公寓住宅),杭州,租房,"古墩路,近庄墩路"
4626059438828553,477595,嘉和银领时代(公寓住宅),杭州,租房,"藕花洲大街,近星桥南路"
4530259081421830,782005,崇邦余之城,杭州,租房,"迎宾路,近临东路"
4622847867202566,521873,世茂江滨花园峻景湾,杭州,租房,"20号大街,近23号大街"
4615362511709197,826790,长江西苑,杭州,租房,建业路151号
4623680996486147,370106,铂金名筑,杭州,租房,平安路38号
4581454652646412,160576,国都凤起都市花园,杭州,租房,凤起路193-205号
4531440148737035,791599,竹径云山锦云坊(67-80),杭州,租房,东西大道
4622364983403532,160557,朝晖六小区,杭州,租房,新市街64号
4517613009103875,609162,保利梧桐语,杭州,租房,"普德路,近九州路"
4585652746902540,160906,平安居,杭州,租房,屏风街94号
4615239612013573,825931,福鼎家园,杭州,租房,"文昌路,近常二路"
4628108676602883,160582,昆仑水印城,杭州,租房,滨盛路2242号
4630816102358031,300674,天鸿君邑(公寓住宅),杭州,租房,东信大道
4612712548916230,607834,天阳尚城国际,杭州,租房,"全福桥路,近机场路"
4615402768788490,205388,麒麟街小区,杭州,租房,"延安路,近凤起路"
4610679837090816,792441,华元十六街区,杭州,租房,"2号大街,近顺雅巷"
4629147771509763,160553,新明半岛(公寓住宅),杭州,租房,102省道
4541594248309761,860800,越秀星汇尚城,杭州,租房,上园路
4625047820868613,160883,碧云阁,杭州,租房,复兴弄24号
4499591294510093,1216235,德信九溪云庄,杭州,租房,"丽景路,近文景路"
4625150642152460,1033632,华元欢乐城(商住楼),杭州,租房,"迎宾路,近望梅路"
4585728805741574,160553,新明半岛(公寓住宅),杭州,租房,102省道
4510604964488196,234643,金苑山庄,杭州,租房,四铜线
4629451384368130,863104,绿城桃源小镇东方苑,杭州,租房,闲沈路
4617819428547595,469003,大美公寓,杭州,租房,"南大街,玩月街"
4630559768505358,794775,地铁绿城杨柳郡,杭州,租房,九和路516号
4527559889939461,1236386,上实海上海(二期),杭州,租房,白洋路
4632315660182542,826302,环桥花苑,杭州,租房,"星河路,近振兴西路"
4614929281674245,825999,通和戈雅公寓,杭州,租房,万达北路710号
4588061394234369,607327,龙湖名景台(公寓住宅),杭州,租房,"同协路,近杭玻街"
4483713822759939,379788,赞成檀府(公寓住宅),杭州,租房,"星光街,近新颜路"
4602211602197510,861511,绿城兰园(公寓住宅),杭州,租房,环城北路57号
4613858318539786,160342,定山家园(西区),杭州,租房,"霞鸣街,近象山路"
4548896257317889,160251,长岛之春,杭州,租房,明志路99号
4624919569771523,877728,金地德圣中心(商住楼),杭州,租房,"金城路,近金山路"
4611024108495879,160039,东海花园,杭州,租房,南大街126号
4623406099440650,182305,崇庆里,杭州,租房,温州路50号
4590941488032776,798570,北大资源未名府(公寓住宅),杭州,租房,"荆常大道,近杨家墩路"
4600884207807488,370060,远洋大河宸章,杭州,租房,小河路455号
4632305769503750,432261,名扬阁,杭州,租房,萧钱线
4615613328270338,238045,都市水乡水秀苑,杭州,租房,民意街45号
4631719976983561,217621,苑中园,杭州,租房,新城路38号
4537535877307400,826305,西溪北苑东区,杭州,租房,"文昌路,近荆长大道"
4554621655690250,628433,德信泊林春天,杭州,租房,鸿宁路40号
4626337545774091,1048139,江南之星,杭州,租房,"博奥路,近金惠路"
4607828709319689,826454,金地自在城悦活轩,杭州,租房,欣然街111号
4611238812754957,1260783,银湖新语公寓,杭州,租房,"美达路,近向阳路"
4599312455490567,657498,万马伊顿庄园(公寓住宅),杭州,租房,大学路
4593951905442831,369958,青山鹤岭,杭州,租房,鹤亭大街
4625046529745923,826099,汀洲花苑(南区),杭州,租房,"振兴西路,近荷禹路"
4568658289286153,369934,金域兰庭,杭州,租房,"时代大道,近新庙桥"
4608505777757199,299627,彩虹豪庭,杭州,租房,"伟业路,近闻涛路"
4610590548386828,160053,宋都凯旋苑,杭州,租房,凯旋路68号
4603923963421708,249438,留和家苑,杭州,租房,屏基山路59号
4610672626768908,369948,恒瑞名座,杭州,租房,利华路898号
4609375408579588,172313,定安苑,杭州,租房,定安路36号
4610773245127695,190468,欣龙华府,杭州,租房,"荆余路,近凤新路"
4600165049574405,826192,望江新园一园,杭州,租房,映霞街81号
4629391606277122,160449,蚕花园永宁坊,杭州,租房,"永兴弄,近上塘路"
4633588746595328,1042415,梓树花苑(公寓住宅),杭州,租房,九龙大道
4630960374701056,160860,多蓝水岸,杭州,租房,12号大街
4614150365371407,877684,陆家桥新苑,杭州,租房,星海南路87号
4591240700931075,182305,崇庆里,杭州,租房,温州路50号
4630305129290764,1440450,新力启云府(东区),杭州,租房,"港渠路,近下洋路"
4603640765111309,628110,开元名郡,杭州,租房,"向旭支路,近晨晖路"
4574337971678216,825868,墩莳家园,杭州,租房,甲来路41号
4578476441197576,297940,云厦连园,杭州,租房,"青年路,近固陵路"
4633721717824516,611820,山南人家,杭州,租房,凤凰山路80号
4631891715513355,614729,宝嘉誉峰,杭州,租房,"石祥路,近东吴路"
4620933848718336,652456,汀澜府,杭州,租房,冬泽巷99号
4633400773977090,611820,山南人家,杭州,租房,凤凰山路80号
4616684627221514,993920,欧美金融城西溪丽晶,杭州,租房,水城北路
4305259226573830,1078073,越秀星悦城(公寓住宅),杭州,租房,"星港路,近塘塍街"
4623442839788552,477595,嘉和银领时代(公寓住宅),杭州,租房,"藕花洲大街,近星桥南路"
4604109348695049,1218303,翡翠城梧桐郡,杭州,租房,"高教路,近五常大道"
4516191187166210,628434,恒大帝景,杭州,租房,晨晖路
4624774738027523,160807,夕照新村,杭州,租房,"清江路,近杭海路"
4571150979050505,826568,羊山公寓,杭州,租房,羊城路
4608224364045326,825579,滨兴东苑,杭州,租房,"齐飞路,近滨和路"
4525743579929600,160613,清泰南苑,杭州,租房,始版桥直街176号
4627597039721483,161133,钱江彩虹城,杭州,租房,滨盛路4398号
4618048564845574,234643,金苑山庄,杭州,租房,四铜线
4606936419965955,160842,春波小区,杭州,租房,春波路32号
4526380636462093,1078509,北大资源颐和江南(公寓住宅),杭州,租房,104国道
4572937444762627,782886,融创大家侯潮府,杭州,租房,"候潮路,近钱江路"
4608384881024011,1236386,上实海上海(二期),杭州,租房,白洋路
4623819998469128,379792,瑞立东方花城,杭州,租房,滨安路42号
4625285575732224,300676,南北西岸(公寓住宅),杭州,租房,昼锦路12号
4630929376750601,909736,星耀城,杭州,租房,江陵路2028号
4613963418280970,406023,绿城玉兰花园(临安),杭州,租房,环城北路
4567244419476492,791714,招商雍泽府,杭州,租房,"兴建路,近园区路"
4626610350697477,369842,龙湖滟澜山(茗轩),杭州,租房,华景街383号
4550550619155457,208476,华元云水苑(公寓住宅),杭州,租房,6号大街328号
4579498438224911,781698,融科东南海,杭州,租房,香樟路469号
4566877143180290,160688,东园小区,杭州,租房,大树路24号
4557237247650816,610622,东田怡丰城(公寓住宅),杭州,租房,"迎宾路,近天万路"
4629056454994948,486928,野风海天城,杭州,租房,听涛路174号
4541646996663299,174646,东方润园,杭州,租房,钱潮路9号
4616497345405966,655351,尚堂府,杭州,租房,石祥路282号
4599448861893635,369965,北湖绿洲花园(公寓住宅),杭州,租房,瓶仓大道57号
4551682288888838,160343,南岸晶都花园,杭州,租房,平安路72号
4608116120413192,649983,龙湖春江郦城,杭州,租房,江汉路1337号
4618326470695951,790322,新城香悦奥府,杭州,租房,"博奥路,近建设一路"
4566948642352142,638890,擎天半岛(公寓住宅),杭州,租房,藕花洲大街159号
4594280839994379,222976,清雅苑,杭州,租房,学林街633号
4611118220356609,469002,广宇鼎悦府,杭州,租房,南大街329号
4601993413338120,160453,东方俊园(西区),杭州,租房,新颜南路
4578107844258819,160558,六合天寓,杭州,租房,东信大道1222号
4589532426365959,826101,庭院深深(东区),杭州,租房,东西大道
4627472567294979,407976,大都尚澜,杭州,租房,"东湖北路,近兴旺大道"
4598375410981894,609573,后珠辰秀嘉园(北区),杭州,租房,明珠街
4622762864796684,370091,阳光郡,杭州,租房,莫干山路1399号
4619235086199821,178587,都市水乡水滟苑,杭州,租房,广业街282号
4568728630389767,943026,祥生云浦新语,杭州,租房,"科海路,近周二路"
4599701707287552,221557,盛泰名都公寓,杭州,租房,"5号大街,近4号大街"
4630494822509568,369999,野风启城,杭州,租房,"康信路,近兴盛路"
4623733424612364,826603,景致公寓,杭州,租房,"和睦路,近石祥路"
4612147125249025,160331,云龙公寓(下城),杭州,租房,刀茅巷23号
4441058075485186,652450,融信蓝孔雀,杭州,租房,"石祥路,近莫干山路"
4530121412439054,782005,崇邦余之城,杭州,租房,"迎宾路,近临东路"
4595334780724233,408269,明华名港城,杭州,租房,东灵南路2-60号
4629447237512202,790865,金域东方,杭州,租房,湘建线
4629470199325697,877705,世茂智慧之门,杭州,租房,"江南大道,近风情大道"
4550312716217353,943068,光明逸品春江,杭州,租房,"江波街,近鹿山大道"
4523321223949314,407976,大都尚澜,杭州,租房,"东湖北路,近兴旺大道"
4592398316233742,628421,众安景海湾(公寓住宅),杭州,租房,弘慧路
4623511420988417,630884,科尔世纪外滩(公寓住宅),杭州,租房,水博大道1号
4627984185091074,528981,众安理想湾(公寓住宅),杭州,租房,"新洲路,近星河路"
4626510210720771,626947,佳源名城,杭州,租房,"崇超路,近汇贤路"
4230330569026572,1074373,美丽春天府,杭州,租房,石马路521号
4622789492892672,826304,西溪北苑北区,杭州,租房,"文昌路,近荆长大道"
4568642065161228,607827,万科璞悦湾,杭州,租房,滨文路670号
4623531781839877,468839,亲亲家园三期,杭州,租房,"古墩路,近通济路"
4633705677380616,826155,万科杭宸,杭州,租房,"杭行路,近好运街"
4538643036052491,913287,云溪印象,杭州,租房,"镇中路,近象山路"
4608128949591048,369831,和达御观邸,杭州,租房,上沙路246号
4589753960522764,943024,祥生群贤府(公寓住宅),杭州,租房,崇杭街
4629091786646533,240611,渡驾新村,杭州,租房,花园岗街158号
4625027979828224,995823,景瑞天赋,杭州,租房,"扬帆路,近博奥路"
4616898498634752,613792,阳光城普升,杭州,租房,"福临街,近普德路"
4596795601591304,299627,彩虹豪庭,杭州,租房,"伟业路,近闻涛路"
4557118271073285,1274301,乐虹湾(公寓住宅),杭州,租房,"彩虹大道,近西兴路"
4525823075050504,825886,翡翠城(东南区),杭州,租房,"五常大道,近高教路"
4617156195527685,160210,滨兴家园,杭州,租房,滨兴路
4625399447034889,778765,金隅学府,杭州,租房,秋涛路
4544719287135237,826456,金色钱塘(南区),杭州,租房,风情大道677号
4608302498343936,864181,爵士风情日辉苑,杭州,租房,天目山西路
4622062859643909,796956,众安学君里(公寓住宅),杭州,租房,天目山西路
4602495267040258,224920,京明凤凰家园,杭州,租房,申达路388号
4605135789136896,826456,金色钱塘(南区),杭州,租房,风情大道677号
4586716362548231,205425,银泰海威国际,杭州,租房,"江虹路,近科技馆路"
4631026922429445,729169,融创瑷颐湾,杭州,租房,"祥运路,近杭行路"
4516507578213391,650518,朗诗花漫里,杭州,租房,"乔中路,近南街"
4609373726993408,627593,万科良渚文化村未来城,杭州,租房,"疏港路,近104国道"
4336129741270031,789465,南润名座,杭州,租房,蜀山路418号
4633592674147336,826055,广和美地兰庭,杭州,租房,"东西大道,近三星路"
4618198599541763,369850,东厦东港,杭州,租房,北沙西路150号
4595091105045515,938030,龙禧大酒店公寓,杭州,租房,江南大道3788号
4579878506880002,914217,颐和山庄(公寓住宅),杭州,租房,科技大道3608号
4586901162255374,410316,广悦公寓,杭州,租房,高桥路1070号
4631027487616014,370000,风华苑,杭州,租房,世纪大道19号
4592915608726535,1218322,时代滨江悦,杭州,租房,风情大道
4583885530229765,187215,凤凰北苑,杭州,租房,"姚江路,近钱江路"
4630806821020687,370046,保利湾天地,杭州,租房,24号大街
4610751369454598,489385,三墩颐景园曲水苑,杭州,租房,荡漾路102号
4605402961619968,297363,中海紫藤苑,杭州,租房,"墩祥街,近清池路"
4629499116053509,160824,清水公寓,杭州,租房,德胜巷13号
4608200383831041,826302,环桥花苑,杭州,租房,"星河路,近振兴西路"
4623516245810176,912258,开元广场(公寓住宅),杭州,租房,"西河路,近向旭路"
4624260426869773,369902,金地天逸,杭州,租房,山阴路1999路
4525945722379272,627593,万科良渚文化村未来城,杭州,租房,"疏港路,近104国道"
4633855593325578,161178,星河景庭,杭州,租房,金城路98号
4619430669495298,943050,绿城九龙仓桂语江南,杭州,租房,"博奥路,近建设二路"
4490741243272205,1218303,翡翠城梧桐郡,杭州,租房,"高教路,近五常大道"
4606435351159818,173565,庭院深深(西区),杭州,租房,东西大道
4622135438664714,315701,悦麒美寓(东区),杭州,租房,杭乔路8号
4604063131589634,172587,浣纱路58-371号小区,杭州,租房,浣纱路
4248688443186187,292642,新州花苑东区,杭州,租房,"月明路,近西兴路"
4572824117488647,650514,嘉丰万悦城(北区),杭州,租房,"东湖北路,近湖潭路"
4582813883755528,790865,金域东方,杭州,租房,湘建线
4588985080751107,801124,冠山小区,杭州,租房,"长江南路,近白马湖路"
4632316146150409,1100978,风荷锦庭(公寓住宅),杭州,租房,"新峡路,近油虎线"
4579581324764175,611340,万科大家钱塘府,杭州,租房,"昙花庵路,近水湘路"
4578681724722182,296629,铭和苑柳翠坊,杭州,租房,学源街1273号
4616425132219406,160474,盛世钱塘,杭州,租房,富春路899号
4581556906253323,597679,富力西溪悦居(公寓住宅),杭州,租房,"常二路,近文一西路"
4526313162693638,160613,清泰南苑,杭州,租房,始版桥直街176号
4542693711948800,657958,湘云雅苑,杭州,租房,西兴路1190号
4630859046233089,1296149,高桥花苑(东区),杭州,租房,高桦路3号
4633859482132487,178587,都市水乡水滟苑,杭州,租房,广业街282号
4623799246433284,219250,开元加州阳光小区,杭州,租房,金城路333号
4605383322328065,224570,迎春南苑,杭州,租房,滨兴路121号
4611187450338311,222230,缤纷北苑,杭州,租房,"滨盛路,近西兴路"
4596545452710918,825862,都市阳光华苑,杭州,租房,"周坪路,近来仁街"
4542925306897410,597679,富力西溪悦居(公寓住宅),杭州,租房,"常二路,近文一西路"
4608442367269893,475889,越秀星汇城后湾,杭州,租房,大园路123号
4629562704305163,394496,南北乐章,杭州,租房,溪东路
4517590587665416,609162,保利梧桐语,杭州,租房,"普德路,近九州路"
4633637955202054,315701,悦麒美寓(东区),杭州,租房,杭乔路8号
4605048421327878,160713,滨江金色家园,杭州,租房,富春路16号
4596824407043073,659380,临东家园,杭州,租房,星光街1091号
4527370487145474,1021780,绿城蓝庭(西区),杭州,租房,振兴西路52号
4613865716294659,369882,远洋西溪公馆(公寓住宅),杭州,租房,文一西路822号
4597162356941831,160266,润达花园,杭州,租房,古墩路1236号
4597978288761860,804783,白塔人家,杭州,租房,"复兴路,近水澄路"
4613990389769219,610236,滨江万家名城(北区),杭州,租房,"锦江路,近通运路"
4633441725197327,192131,东湖公寓,杭州,租房,河南埭路63号
4609292962276364,945745,西溪海星海苑,杭州,租房,闲富北路
4584282465971208,316460,浙地人家,杭州,租房,宋家湾路
4606524288113670,217995,银爵世纪公寓,杭州,租房,浦沿路715号
4606859850624006,200326,华庭云顶,杭州,租房,沪瑞线
4631895242171402,943068,光明逸品春江,杭州,租房,"江波街,近鹿山大道"
4607099475323916,910660,东方君悦,杭州,租房,民心路88号
4627761577237514,379780,泊悦府澜湾,杭州,租房,禹航路490号
4616319749368834,611311,恒基旭辉府,杭州,租房,"崇杭街,近丽水北路"
4584322738824192,160697,都市水乡水映苑,杭州,租房,三墩路328号
4629290459589636,528981,众安理想湾(公寓住宅),杭州,租房,"新洲路,近星河路"
4560051804417026,370053,朗郡庭园(公寓住宅),杭州,租房,"象山路,近横桥路"
4525823718810639,161182,同方燕语林森,杭州,租房,滨安路150-178号
4626336173974539,160570,十亩田家园,杭州,租房,化仙桥路27号
4618035991882758,611311,恒基旭辉府,杭州,租房,"崇杭街,近丽水北路"
4627976989058051,201015,和平雅苑,杭州,租房,"东西大道,仁和大道"
4528673310452750,877690,西溪八方城,杭州,租房,"文一西路,近荆长路"
4564318589164544,160735,星火小区,杭州,租房,星火南路112号
4617786103344142,343452,郡原相江公寓,杭州,租房,"仁爱路,近下沙路"
4580409878914058,485004,翡翠城(西南区),杭州,租房,"高教路,近天目山西路"
4616475328044035,192159,钱神花苑,杭州,租房,仓兴街438-4号
4553010222160902,370006,水岸枫庭,杭州,租房,甬江路99号
4626553999612938,786761,万通时尚公馆(公寓住宅),杭州,租房,"景兴路,近东莲街"
4615461149109262,202604,清源上林湖(别墅),杭州,租房,上林路1号
4595275174894593,909780,中天西城纪,杭州,租房,余杭塘路417号
4588601093975042,825484,白马湖小区孔雀苑,杭州,租房,"江虹南路,近规划支路"
4632542124418058,938681,三花国际,杭州,租房,"明月桥路,近鸿泰路"
4629646006180864,223789,红街公寓,杭州,租房,新风路318号
4462107541449743,160210,滨兴家园,杭州,租房,滨兴路
4590859145980936,826449,金地自在城东苑(公寓住宅),杭州,租房,"池华街,近厚仁路"
4624865506632710,952866,环秀府,杭州,租房,"荆长大道,近海曙路"
4631060115530752,801124,冠山小区,杭州,租房,"长江南路,近白马湖路"
4551583626845189,160727,商教苑社区,杭州,租房,杭海路31号-37号
4626320733662217,369902,金地天逸,杭州,租房,山阴路1999路
4589538752814087,637489,运河之星,杭州,租房,丽水北路950号
4613975938554895,369988,金帝海珀华庭,杭州,租房,振兴西路177号
4568926389216261,160903,长江小区,杭州,租房,"南环路,近立业路"
4626588694242310,826557,近江四园,杭州,租房,"婺江路,近富春路"
4548791632897031,825585,缤纷东苑,杭州,租房,"风情大道,近丹枫路"
4582745600453639,370070,赞成乐山红叶(公寓住宅),杭州,租房,天目山西路
4516028757761035,1218290,越秀星汇花园西区,杭州,租房,"塘塍街,近225县道"
4608277392727045,825790,东岸嘉园二区,杭州,租房,海通街229号
4623698382169094,1285005,卸紫家园,杭州,租房,环镇北路1-12-13号
4588459367670786,826738,鼎湖未来云城天禧,杭州,租房,新丰路
4577282606832644,826554,近江九园,杭州,租房,久园弄42号
4623672810122252,659567,惠都家园(东区),杭州,租房,太平路93号
4623916905538563,207422,中兴和园(公寓住宅),杭州,租房,火炬南路1612号
4629317116371969,489385,三墩颐景园曲水苑,杭州,租房,荡漾路102号
4611232864691213,607827,万科璞悦湾,杭州,租房,滨文路670号
4529001689406471,868158,金世纪运河丽园(公寓住宅),杭州,租房,"东湖北路,近兴旺大道"
4612315634148358,375304,保利东湾(东区公寓住宅),杭州,租房,之江东路
4561620292459528,994998,春波西苑,杭州,租房,"春波路,近江晖路"
4620939851736076,610236,滨江万家名城(北区),杭州,租房,"锦江路,近通运路"
4557414184000524,370080,中粮云涛名苑(公寓住宅),杭州,租房,时代大道
4621808944868354,943040,中梁百悦城(公寓住宅),杭州,租房,顺风路128号
4623535740001290,346142,望江家园东园,杭州,租房,钱江路483号
4626523165973518,1260783,银湖新语公寓,杭州,租房,"美达路,近向阳路"
4627987705129993,861511,绿城兰园(公寓住宅),杭州,租房,环城北路57号
4549874207255557,826838,绿城明月江南(西区),杭州,租房,月明路303号
4551272026008584,1000571,逸城(公寓住宅),杭州,租房,江滨东大道1118号
4606933194810381,467227,保利城市果岭,杭州,租房,银海街38号
4538580793797647,790318,广元公寓,杭州,租房,晨晖路952号
4535815732358156,826308,中海寰宇天下C区,杭州,租房,"滨盛路,近江陵路"
4579592882887687,660197,昆仑华府,杭州,租房,"新104国道,近东西大道"
4624190306593799,160570,十亩田家园,杭州,租房,化仙桥路27号
4597905129710603,1285005,卸紫家园,杭州,租房,环镇北路1-12-13号
4616643845743621,365132,学士桥小区,杭州,租房,育才路402号
4615322064364548,729169,融创瑷颐湾,杭州,租房,"祥运路,近杭行路"
4632204075670539,1285005,卸紫家园,杭州,租房,环镇北路1-12-13号
4604094058961935,346247,星桥桂花城,杭州,租房,"藕花洲大道,近太平路"
4598150724903942,638484,上亿中央郡,杭州,租房,崇杭路
4619714197429251,782578,得力名望府,杭州,租房,"104国道辅路,近03省道"
4633804868771853,1218291,越秀星汇花园东区,杭州,租房,"星港路,近滨河路"
4633314973197314,240611,渡驾新村,杭州,租房,花园岗街158号
4633358812097548,826568,羊山公寓,杭州,租房,羊城路
4633448850385932,503874,复地上城,杭州,租房,"文一西路,近东西大道"
4588454549627916,792441,华元十六街区,杭州,租房,"2号大街,近顺雅巷"
4623570307881988,826456,金色钱塘(南区),杭州,租房,风情大道677号
4614093626354696,650521,钱塘之星,杭州,租房,"江南大道,近西兴路"
4582316223800325,994954,金色钱塘(北区),杭州,租房,风情大道677号
4565780698508298,726989,中南白马湖壹号(公寓住宅),杭州,租房,"时代大道,近天马路"
4557028556923914,521873,世茂江滨花园峻景湾,杭州,租房,"20号大街,近23号大街"
4620694558893060,379778,龙湖香醍溪岸(公寓住宅),杭州,租房,"304省道,近宏达路"
4620602302110724,635788,赞成赞城,杭州,租房,棕榈路801号
4622358595283983,826099,汀洲花苑(南区),杭州,租房,"振兴西路,近荷禹路"
4620906471597062,161176,蚕花园永安坊,杭州,租房,"蚕花路,近永安巷"
4569876791141378,228771,流水西苑住宅小区,杭州,租房,"朝晖路,近建国北路"
4626706209250308,652463,越秀星汇悦城,杭州,租房,古墩路
4565479684400136,1275483,海兴雅苑,杭州,租房,"联创街,近聚橙路"
4541938492466185,628375,大华西溪风情澄品,杭州,租房,文一西路
4629066753022978,369989,半岛国际,杭州,租房,滨盛路2271号
4630797946199045,292642,新州花苑东区,杭州,租房,"月明路,近西兴路"
4618031826820102,160720,钱塘春晓花园,杭州,租房,月明路862号
4631077015036932,244215,朗诗国际街区,杭州,租房,27号路60号
4567430146546693,160284,广宇西城年华,杭州,租房,申花路388号
4617843466396680,656439,德信大家钱江府,杭州,租房,"东宁路,近艮山西路"
4618055721966601,497412,中天官河锦庭(公寓住宅),杭州,租房,"滨康路,近阡陌路"
4614155511507973,826055,广和美地兰庭,杭州,租房,"东西大道,近三星路"
4598344217385995,160086,闲林山水丹枫苑,杭州,租房,闲林东路
4613747872799757,174019,锦绣文澜阁,杭州,租房,"通益路,近湖杭州街"
4607888477973517,160453,东方俊园(西区),杭州,租房,新颜南路
4602069824957452,369830,贝利栖溪公馆,杭州,租房,广济路
4616717086059534,793798,阳光里,杭州,租房,文居街338号
4483902222509065,659623,奥克斯缔逸城(公寓住宅),杭州,租房,"古墩路,近庄墩路"
4570009421159425,798570,北大资源未名府(公寓住宅),杭州,租房,"荆常大道,近杨家墩路"
4576881083280396,1047306,秀里华庭,杭州,租房,紫荆花北路439号
4625048004666380,1236386,上实海上海(二期),杭州,租房,白洋路
4626881307974671,300674,天鸿君邑(公寓住宅),杭州,租房,东信大道
4630545322171392,478833,金瑞城市风景,杭州,租房,风景街333号
4631187027749892,220796,天虹公寓,杭州,租房,"天虹街,近紫荆花北路"
4615474542992397,322058,江南明城,杭州,租房,利华路66号
4590979176016898,369899,红景凯丽晶座(公寓住宅),杭州,租房,通惠北路718号
4606834236845067,181169,康城国际,杭州,租房,世纪大道676号
4524505167207437,861511,绿城兰园(公寓住宅),杭州,租房,环城北路57号
4629347548077061,160558,六合天寓,杭州,租房,东信大道1222号
4602469823802370,1299107,康悦香庄,杭州,租房,江淑路111号
4610923473054732,826151,和谐嘉园南苑,杭州,租房,"江锦路,近新塘路"
4616380986991621,826456,金色钱塘(南区),杭州,租房,风情大道677号
4535884268772356,826118,同城印象(西区),杭州,租房,狮山路307号
4589667760825353,620117,理想银泰城(公寓住宅),杭州,租房,世纪大道118号
4603580062821386,656439,德信大家钱江府,杭州,租房,"东宁路,近艮山西路"
4627928755592204,173565,庭院深深(西区),杭州,租房,东西大道
4626532054440973,786761,万通时尚公馆(公寓住宅),杭州,租房,"景兴路,近东莲街"
4509036255845383,825525,保亿风景蝶院观园,杭州,租房,"江虹路,近天官路"
4588065467606031,607407,金沙国际,杭州,租房,幸福南路1288号
4631912819614720,989973,佳源优优锦城,杭州,租房,西墅街407号
4536148206857227,160752,耀江文鼎苑,杭州,租房,萍水西街193号
4626386503035905,628421,众安景海湾(公寓住宅),杭州,租房,弘慧路
4623473652378625,826881,中兴花园百合苑,杭州,租房,江汉路1679号
4628331009907727,209262,世茂江滨花园瑞景湾,杭州,租房,"16号大街,近23号大街"
4616701349340164,160277,绿都湖滨花园(公寓住宅),杭州,租房,"金山路,近博学路"
4564668927501316,191939,河畔花园,杭州,租房,古塘路31号
4492110319934468,626947,佳源名城,杭州,租房,"崇超路,近汇贤路"
4614995399040009,825579,滨兴东苑,杭州,租房,"齐飞路,近滨和路"
4627706229451783,628421,众安景海湾(公寓住宅),杭州,租房,弘慧路
4581394846555147,726989,中南白马湖壹号(公寓住宅),杭州,租房,"时代大道,近天马路"
4607134870662156,418048,风雅乐府(公寓住宅),杭州,租房,"好运街,近东吴路"
4310809772138498,652450,融信蓝孔雀,杭州,租房,"石祥路,近莫干山路"
4622109435831296,1048398,红联九漾华庭西区,杭州,租房,"新城路,近永乐路"
4596488191581191,597681,景瑞御蓝湾,杭州,租房,禹航路5号
4618223450430475,991988,美政花苑民航宿舍,杭州,租房,"之江路,近美政路"
4612337439108099,476482,华瑞晴庐,杭州,租房,"建设二路,近育才路"
4570063417957386,314636,树兰书香名邸(公寓住宅),杭州,租房,星光街1-1号
4604988321192965,826155,万科杭宸,杭州,租房,"杭行路,近好运街"
4611350922308616,650521,钱塘之星,杭州,租房,"江南大道,近西兴路"
4606849990583299,369934,金域兰庭,杭州,租房,"时代大道,近新庙桥"
4626382305600513,825931,福鼎家园,杭州,租房,"文昌路,近常二路"
4569750427249678,1077675,飘鹰富春江花苑,杭州,租房,春江东路2155号
4628059010229251,161160,缤纷小区,杭州,租房,"丹枫路,近睿祥路"
4630797464673292,656689,兴耀鑫都汇,杭州,租房,滨康路
4619536183796747,943040,中梁百悦城(公寓住宅),杭州,租房,顺风路128号
4578482450181127,160901,翠苑三区(东区),杭州,租房,翠柏路11号
4597872509819918,160811,艮园,杭州,租房,东园街39号
4518936525513742,781853,卓越蔚蓝领秀(一期),杭州,租房,"临丁路,近华鹤街"
4630595616171022,370092,保利玫瑰湾,杭州,租房,24号大街
4604039920772096,216666,潮鸣苑,杭州,租房,"潮鸣寺巷,近醋坊巷"
4616360804670471,370089,大华海派风范沁园,杭州,租房,城东路
4598406299018251,795637,广泽小区,杭州,租房,育才路
4575752408427523,369817,恒安名座,杭州,租房,崇化路750号
4623989290738699,201741,三鑫君悦丽景,杭州,租房,金城路51号
4555855904336904,191426,大都文苑风情,杭州,租房,"2号大街,近3号大街"
4518844851903491,659403,中天之江诚品,杭州,租房,320国道
4595502883925000,781406,篁外(公寓住宅),杭州,租房,"八角路,近鸡山路"
4620531776592906,470980,中铁逸都,杭州,租房,北沙西路28号
4586634187498502,160520,翰林花园,杭州,租房,翰林街108号
4616435668624385,369899,红景凯丽晶座(公寓住宅),杭州,租房,通惠北路718号
4618254946378762,825755,容大五环城市花园,杭州,租房,金桥北路159号
4582748509051913,433939,转塘家园(南区),杭州,租房,之江路5号
4629424406897665,160801,贺田尚城(公寓住宅),杭州,租房,六和路365号
4575379163245571,826455,新东名苑,杭州,租房,香樟路
4585928769580044,528979,西溪海听海苑,杭州,租房,"闲富北路,近上和路"
4633562039114754,221973,新绿园,杭州,租房,鲲鹏路97号
4585780313021446,804721,富春新天地(公寓住宅),杭州,租房,恩波大道581号
4616349382059020,576119,融科瑷骊山,杭州,租房,望江山路1号
4630503502933007,991988,美政花苑民航宿舍,杭州,租房,"之江路,近美政路"
4599353993389057,528704,湖漫雅筑,杭州,租房,"天官路,近光裕路"
4603639788837892,628110,开元名郡,杭州,租房,"向旭支路,近晨晖路"
4467733479646211,638484,上亿中央郡,杭州,租房,崇杭路
4588372865246212,826155,万科杭宸,杭州,租房,"杭行路,近好运街"
4624950652771339,877684,陆家桥新苑,杭州,租房,星海南路87号
4626179985206274,369835,协安蓝郡,杭州,租房,"金昌路,近古墩路"
4520130269457419,260600,同人山庄,杭州,租房,科技大道
4622528548316174,369932,绿都御景蓝湾(公寓住宅),杭州,租房,时代大道6588号
4619300271793152,1076528,滨江碧桂园翡翠江南,杭州,租房,"利华路,近生兴路"
4547086530028550,1302937,融创微风之城(公寓住宅),杭州,租房,东桥路169号
4625031090412556,618884,美好桂花星座,杭州,租房,"远展街,近星源路"
4600797392956422,650168,钱塘明月,杭州,租房,金惠路300号
4629587078360064,160017,临江花园(公寓住宅),杭州,租房,西环路33号
4599686637102092,995004,东方俊园(东区),杭州,租房,新颜南路28号
4618064667403276,620117,理想银泰城(公寓住宅),杭州,租房,世纪大道118号
4548703817374729,160017,临江花园(公寓住宅),杭州,租房,西环路33号
4610637243968525,913287,云溪印象,杭州,租房,"镇中路,近象山路"
4626366122142731,369860,德信早城,杭州,租房,"学林街,近上沙路"
4602266979099663,826101,庭院深深(东区),杭州,租房,东西大道
4613710831328264,379779,五月花城,杭州,租房,藕花洲大街西段162号
4603862266455048,160576,国都凤起都市花园,杭州,租房,凤起路193-205号
4525861657680906,485004,翡翠城(西南区),杭州,租房,"高教路,近天目山西路"
4545806616568833,370110,理想康城一品,杭州,租房,人民大道258号
4599910222998528,641300,乾成园,杭州,租房,集萃路47号
4613523577596933,481359,青枫墅园山语阁,杭州,租房,"上仓路,近和睦路"
4513168482427910,952860,新城香悦公馆(公寓住宅),杭州,租房,金城路1799号
4624798974534656,369814,桂花星城,杭州,租房,世纪大道
4589659206036486,1071963,万科玖望(公寓住宅),杭州,租房,江滨东大道159号
4605311123876871,206392,望江新园二园,杭州,租房,东霞巷32号
4578353512686593,216723,红枫苑(临平),杭州,租房,东湖北路118号
4571507298819079,370000,风华苑,杭州,租房,世纪大道19号
4340589336763407,1048132,东原印未来,杭州,租房,溪望路
4561626916973581,994998,春波西苑,杭州,租房,"春波路,近江晖路"
4625215400401928,607407,金沙国际,杭州,租房,幸福南路1288号
4609308112661505,1299107,康悦香庄,杭州,租房,江淑路111号
4623367858990085,160795,钱江时代公寓,杭州,租房,清江路346号
4506353812841483,938030,龙禧大酒店公寓,杭州,租房,江南大道3788号
4627761403782144,369888,滨江凯旋门,杭州,租房,凯旋路116号
4467987704015885,781708,新德佳苑,杭州,租房,"胜南路,近杭氧街"
4591343358630921,160284,广宇西城年华,杭州,租房,申花路388号
4625297532740608,604862,白鹭郡南秋荷坊,杭州,租房,玉鸟路
4626575811865601,161133,钱江彩虹城,杭州,租房,滨盛路4398号
4616837973011467,789656,利二花苑,杭州,租房,"奔竞大道,近金鸡路"
4622112611363852,1218302,上坤山语四季(公寓住宅),杭州,租房,"顺风路,近临平大道"
4527537224379406,191502,九曲营小区,杭州,租房,九曲营路78号
4623987042233348,825962,顺发和美家,杭州,租房,市心北路785号
4619198780173312,826556,近江三园,杭州,租房,珊园弄13号
4581364982455305,497412,中天官河锦庭(公寓住宅),杭州,租房,"滨康路,近阡陌路"
4608466497563655,826554,近江九园,杭州,租房,久园弄42号
4623782953999375,868300,金帝海珀雅苑,杭州,租房,振兴西路158号
4632212822776833,433822,迎春东苑,杭州,租房,"共联路,近滨和路"
4613504802659336,191637,力达易居时代,杭州,租房,东湖北路404号
4632237523362821,826366,恒大名城博园,杭州,租房,博园路
4578378743868425,826449,金地自在城东苑(公寓住宅),杭州,租房,"池华街,近厚仁路"
4633465473428485,826736,远东紫竹人家,杭州,租房,狮山路284号
4630963175971855,826176,万星碧云天公寓,杭州,租房,孙权路
4531464441881605,794775,地铁绿城杨柳郡,杭州,租房,九和路516号
4535584101325828,826554,近江九园,杭州,租房,久园弄42号
4604090749379588,1218302,上坤山语四季(公寓住宅),杭州,租房,"顺风路,近临平大道"
4600985607986181,508113,望江新园三园,杭州,租房,"东宝路,近东霞巷"
4623887841485830,223697,滨江万家星城(西区),杭州,租房,东新路800号
4633503615017986,160147,滨江万家花城(一期),杭州,租房,萍水街380号
4625400028638221,476572,顺发江南丽锦,杭州,租房,"市心北路,近扬帆路"
4582755898076170,433939,转塘家园(南区),杭州,租房,之江路5号
4593097333419015,923412,禹洲滨之江,杭州,租房,"枫桦东路,近枫桦西路"
4583779440993292,911970,盛泰时代山,杭州,租房,"4号大街,近9号大街"
4626446220635142,214743,金沙阳光,杭州,租房,下沙路
4578566567603208,369942,华盛达阅城,杭州,租房,"杭行路,近祥富路"
4623630327852044,826864,绿都四季华庭,杭州,租房,"育才路,近晨晖路"
4548510585482240,334770,亿丰蔚蓝郡,杭州,租房,勾庄路218号
4614109983501327,446654,白鹭郡南探梅里(南区),杭州,租房,大陆路
4620961329355784,160842,春波小区,杭州,租房,春波路32号
4616816453362688,370071,钱塘帝景(公寓住宅),杭州,租房,信诚路817号
4620704057334798,826482,新世界琅琴湾,杭州,租房,迎康路28号
4605097723354117,596962,元成东盛家园,杭州,租房,松乔街518号
4626720866118671,248839,中海钱塘山水(公寓住宅),杭州,租房,东信大道92号
4616332401335304,223697,滨江万家星城(西区),杭州,租房,东新路800号
4609867438906372,161178,星河景庭,杭州,租房,金城路98号
4633643631717381,802323,宋都丽郡国际,杭州,租房,横一路
4621310310292488,379788,赞成檀府(公寓住宅),杭州,租房,"星光街,近新颜路"
4629438194789380,172244,滨江倾城之恋,杭州,租房,月明路1091号
4624905595628557,370021,西郊半岛(公寓住宅),杭州,租房,江滨东大道1号
4630713093792768,244215,朗诗国际街区,杭州,租房,27号路60号
4628249226779658,161064,钱塘景苑,杭州,租房,伟业路399号
4609257603017731,193252,和家园(南区公寓住宅),杭州,租房,杨梅山路310号
4584243164650504,630884,科尔世纪外滩(公寓住宅),杭州,租房,水博大道1号
4595129817736199,825886,翡翠城(东南区),杭州,租房,"五常大道,近高教路"
4573929653101577,877721,杭州印,杭州,租房,"闻涛路,近江晖路"
4611111033365513,160116,采荷小区芙蓉邨,杭州,租房,双菱路21号
4604441472228358,650514,嘉丰万悦城(北区),杭州,租房,"东湖北路,近湖潭路"
4616786903000068,160205,锦绣江南(滨江),杭州,租房,咏渡巷59号
4488913932622861,825841,上石苑,杭州,租房,石祥路349号
4607805327268876,807880,阳光城上府(公寓住宅),杭州,租房,"风情大道,近滨康路"
4626924636285954,825484,白马湖小区孔雀苑,杭州,租房,"江虹南路,近规划支路"
4551493834222594,160363,保元泽第(公寓住宅),杭州,租房,东湖南路333号
4524419984333824,369850,东厦东港,杭州,租房,北沙西路150号
4527425784046594,379779,五月花城,杭州,租房,藕花洲大街西段162号
4549885141150726,589478,望江府,杭州,租房,闻潮路280号
4620650124172297,1319932,勾庄佳苑,杭州,租房,"古墩路,近金汇南路"
4623952901843968,223675,断河头小区,杭州,租房,河坊街51号
4576839210314767,826797,龙湖春江悦茗,杭州,租房,"风情大道,近建设三路"
4622390117147653,826862,中国铁建西湖国际城,杭州,租房,"甲来路,近杭长高速"
4596612793574406,637489,运河之星,杭州,租房,丽水北路950号
4485104580617223,318424,新怡家园,杭州,租房,"下沙南路,近盛源路"
4603889732414474,170154,良渚花苑(公寓住宅),杭州,租房,玉管路18号
4568510619771907,995823,景瑞天赋,杭州,租房,"扬帆路,近博奥路"
4593994312150030,826661,印月尚庭,杭州,租房,"滨盛路,近三桥路"
4629176594181124,450266,近江六园,杭州,租房,富春路191号
4578327976846341,788323,东晖龙悦湾(公寓住宅),杭州,租房,"五洲路,近小白线"
4626325058034691,173565,庭院深深(西区),杭州,租房,东西大道
4391739434753024,652450,融信蓝孔雀,杭州,租房,"石祥路,近莫干山路"
4631924208870409,160841,同人春江时代,杭州,租房,"长河路,近滨盛路"
4632461785129987,410317,之江家园五区,杭州,租房,"转之路,近东环路"
4630589445938177,370067,贝利珑昕泽第,杭州,租房,"东大街,近九曲营路"
4575542755204110,223675,断河头小区,杭州,租房,河坊街51号
4602334506738691,467227,保利城市果岭,杭州,租房,银海街38号
4554266712302595,220790,庆春苑,杭州,租房,太平门直街15号
4619166599160835,160613,清泰南苑,杭州,租房,始版桥直街176号
4618119139519503,1201600,远洋路劲上河宸章,杭州,租房,崇杭街508号
4631022178837512,628302,绿都南江壹号,杭州,租房,"晨晖路,近高桥路"
4609739050853391,476572,顺发江南丽锦,杭州,租房,"市心北路,近扬帆路"
4589425938603020,652450,融信蓝孔雀,杭州,租房,"石祥路,近莫干山路"
4619427596706831,877904,小北门小区,杭州,租房,"天水巷,近中山北路"
4625020558830603,825613,潘水苑(南区),杭州,租房,潘水路
4568222344961027,160393,天福花园,杭州,租房,近江东路34号
4630915287016456,909736,星耀城,杭州,租房,江陵路2028号
4400075914980365,639246,德信早安,杭州,租房,石鸽路45号
4547622776822784,877705,世茂智慧之门,杭州,租房,"江南大道,近风情大道"
4622345143954438,608767,林溪闲庭,杭州,租房,闲富中路166号
4605353503759371,762457,北城枫景园(公寓住宅),杭州,租房,长睦路
4630474848871425,160812,郁金香岸(公寓住宅),杭州,租房,万达路770号
4610939813977100,160448,柳浪新苑,杭州,租房,河坊街463号
4613512287626255,613792,阳光城普升,杭州,租房,"福临街,近普德路"
4584191458731008,795344,钱塘玫瑰湾,杭州,租房,新浦路1459号
4516155716084738,210028,兰惠家园,杭州,租房,东湖南路416-1号
4544491332348941,916687,碧桂园深蓝国际中心,杭州,租房,"博奥路,近利一路"
4617798538568713,825755,容大五环城市花园,杭州,租房,金桥北路159号
4592263917102087,1017351,旭辉宝龙东湖城(公寓住宅),杭州,租房,"青六北路,近南沙路"
4579554718915590,635788,赞成赞城,杭州,租房,棕榈路801号
4609638839903239,369956,星汇荣邸,杭州,租房,浦沿路369号
4623571505275911,369839,协安紫郡,杭州,租房,紫萱路308号
4566077808811019,655397,朝阳8号(公寓住宅),杭州,租房,市心南路
4439675027119110,188447,山水人家,杭州,租房,天目山路396号
4599674997283852,825570,滨江万家名城(南区),杭州,租房,"上园路,近锦江路"
4588079482627081,191861,天水巷小区,杭州,租房,"体育场路,近中山北路"
4629091946634252,160557,朝晖六小区,杭州,租房,新市街64号
4568225016701954,369953,绿城明月江南(东区),杭州,租房,月明路256号
4633836272362499,826171,恒滕悦湖花苑,杭州,租房,城南路578号
4618544154651659,717456,中和北宸府,杭州,租房,崇文街615号
4622162673361928,160838,近江二园,杭州,租房,"珊园弄,近诗园弄"
4633897255804938,618928,耀达金鼎华庭,杭州,租房,仁和大道
4525796787280898,952866,环秀府,杭州,租房,"荆长大道,近海曙路"
4629234603451392,792396,湖山帝景湾南苑,杭州,租房,南湖东路
4531912224549898,634849,西溪金座,杭州,租房,荆长路758号
4582812678398991,1036035,乾南嘉苑(南区),杭州,租房,长宁路
4579853732211718,160520,翰林花园,杭州,租房,翰林街108号
4578065930773518,826412,江南望庄,杭州,租房,月明路983号
4585493196235785,825713,大华海派风范茗园,杭州,租房,城东路4-10号
4617813783899140,370060,远洋大河宸章,杭州,租房,小河路455号
4585306651651080,161090,伊萨卡国际城(公寓住宅),杭州,租房,"14号大街,近沿江大道"
4616573126272000,794091,滨兴西苑,杭州,租房,"共鸣巷,近兴才路"
4521985480416256,863105,绿城桃源小镇依云邨,杭州,租房,闲沈路
4604823205798923,370089,大华海派风范沁园,杭州,租房,城东路
4621055355331593,994998,春波西苑,杭州,租房,"春波路,近江晖路"
4588622356571136,193733,柴校坊小区,杭州,租房,"秋涛路,近南瓦子巷"
4544345135113216,1062189,奥克斯时代未来之城,杭州,租房,"向往街,近向往街"
4621111788116995,826753,林风花园沁林苑,杭州,租房,闻潮路168号
4609771088962571,652456,汀澜府,杭州,租房,冬泽巷99号
4629532166777859,369945,方正荷塘月色,杭州,租房,"总管路,近祥园路"
4525789778549775,952866,环秀府,杭州,租房,"荆长大道,近海曙路"
4603693171088388,794728,江滨澜廷,杭州,租房,"闻涛路,近江陵路"
4632030192786443,370004,钱塘梧桐蓝山,杭州,租房,"世纪大道,近南苑街"
4629057139352578,160017,临江花园(公寓住宅),杭州,租房,西环路33号
4631247781080072,628302,绿都南江壹号,杭州,租房,"晨晖路,近高桥路"
4627764589454337,1218302,上坤山语四季(公寓住宅),杭州,租房,"顺风路,近临平大道"
4594413562553353,909730,万象城悦玺,杭州,租房,"庆春东路,近钱江路"
4426772838081541,369963,绿城钱王文化广场锦玉园,杭州,租房,城中街178号
4629316299566093,218032,吉如家园,杭州,租房,"杭印路,近登云路"
4547347112799240,160251,长岛之春,杭州,租房,明志路99号
4605383055830019,160418,新城国际花园彩园,杭州,租房,庆和路69号
4607827082619919,183555,近江苑,杭州,租房,徐家埠路58号
4626792608001033,369899,红景凯丽晶座(公寓住宅),杭州,租房,通惠北路718号
4621811318334478,370110,理想康城一品,杭州,租房,人民大道258号
4595413761612809,877698,融创时代奥城,杭州,租房,"盈丰路,近书音路"
4568360703290374,804630,龙湖水晶郦城,杭州,租房,"茹家路,近庄墩路"
4608426807141391,160266,润达花园,杭州,租房,古墩路1236号
4562667279442958,172735,尚农里小区,杭州,租房,浣纱路
4537073289784334,205375,观澜郡亭公寓(商住楼),杭州,租房,之江路968号
4609600165436417,160390,采荷人家,杭州,租房,杭海路265-267号
4629383403676677,369879,赞成美树,杭州,租房,金恒路174号
4511663375473675,160445,江南豪园,杭州,租房,江南大道380号
4614888410913792,826449,金地自在城东苑(公寓住宅),杭州,租房,"池华街,近厚仁路"
4603485643811851,1048139,江南之星,杭州,租房,"博奥路,近金惠路"
4624780605860876,271325,金盛曼城,杭州,租房,东冠路655号
4603671922959374,160388,中兴花园,杭州,租房,江汉路1688号
4602752840690703,794143,万科容大金色家园,杭州,租房,文采路180号
4607872612445199,721076,滨江东方海岸(萧山公寓住宅),杭州,租房,"三江路,近湘湖路"
4626631775659009,475889,越秀星汇城后湾,杭州,租房,大园路123号
4545679404149764,216505,通和南岸花城(公寓住宅),杭州,租房,时代大道
4629213818790923,394496,南北乐章,杭州,租房,溪东路
4629352748571659,240611,渡驾新村,杭州,租房,花园岗街158号
4628088958675979,272618,江南文苑,杭州,租房,滨文路639号
4629092470090758,369964,德信臻园,杭州,租房,"小河路,近文岚路"
4605165820306445,804912,东裕华庭,杭州,租房,"经五路,近123县道"
4618004548135949,1187878,长吴公寓一区,杭州,租房,良运街
4621119001125893,217478,绿野春天家园(公寓住宅),杭州,租房,"里东路,近闲富公路"
4541444490421259,467227,保利城市果岭,杭州,租房,银海街38号
4625445645343758,369838,赞成香颂,杭州,租房,"顺达路,近振兴西路"
4585482911636487,826256,清水湾山水苑(公寓住宅),杭州,租房,中泰路
4618220633285638,995819,钱江彩虹府,杭州,租房,科海路
4544610639897610,215447,蔡马人家,杭州,租房,茶汤路66号
4626323359652871,160438,山西园小区,杭州,租房,"山西园路,近禹航路"
4629573343947785,1133552,龙湖春江天越(公寓住宅),杭州,租房,凌云街
4617793283877894,160474,盛世钱塘,杭州,租房,富春路899号
4568257786915846,191861,天水巷小区,杭州,租房,"体育场路,近中山北路"
4611265265036299,781708,新德佳苑,杭州,租房,"胜南路,近杭氧街"
4621812315368457,826738,鼎湖未来云城天禧,杭州,租房,新丰路
4599659556269070,826268,婺江家园一园,杭州,租房,婺江路38号
4630812148902924,272618,江南文苑,杭州,租房,滨文路639号
4584115123282950,160010,仙林苑(北区),杭州,租房,二圣庙前60号
4591016538399758,160390,采荷人家,杭州,租房,杭海路265-267号
4630826823031814,181625,名门天第,杭州,租房,邱山大街575号
4632313261728781,369932,绿都御景蓝湾(公寓住宅),杭州,租房,时代大道6588号
4541988072762368,160324,新星小区,杭州,租房,三墩街
4624873018385418,433939,转塘家园(南区),杭州,租房,之江路5号
4592846171188227,826569,晶典公寓,杭州,租房,南环路1528号
4625090209262597,778765,金隅学府,杭州,租房,秋涛路
4631972489292810,369928,德圣博奥城,杭州,租房,建设二路528号
4567311415387150,370080,中粮云涛名苑(公寓住宅),杭州,租房,时代大道
4629545187793928,161133,钱江彩虹城,杭州,租房,滨盛路4398号
4622122115525632,1027690,和家园翰园,杭州,租房,杨梅山路362号
4632108951493642,482573,顺发旺角城(公寓住宅),杭州,租房,市心中路123号
4623662281825289,717456,中和北宸府,杭州,租房,崇文街615号
4581083421793287,877729,金久城市花园,杭州,租房,春江东路388号
4603589888910336,182210,滨河公寓,杭州,租房,"朝晖路,近上塘路"
4619437455219724,825868,墩莳家园,杭州,租房,甲来路41号
4614049401938951,825574,南门江住宅区,杭州,租房,"萧然西路,近萧然南路"
4624962448796686,877721,杭州印,杭州,租房,"闻涛路,近江晖路"
4584116476177414,300522,新湖果岭(公寓住宅),杭州,租房,文一西路
4552995794068488,786131,宝嘉誉府,杭州,租房,"石祥西路,近紫金港路"
4622096904250380,160297,三江鸣翠蓝湾(别墅),杭州,租房,九龙大道188号
4584287733804041,826859,中国铁建江南国际城,杭州,租房,"金城路,近风情大道"
4624425756875778,618739,金雅苑,杭州,租房,仁爱路219号
4633372366119946,219224,燕子弄小区,杭州,租房,"庆春路,近建国中路"
4630596655967244,608767,林溪闲庭,杭州,租房,闲富中路166号
4625203411248128,611820,山南人家,杭州,租房,凤凰山路80号
4626685388205065,160493,怡景花城(公寓住宅),杭州,租房,"高教路,近荆山湾路"
4618323235236867,269307,华元爱丁郡,杭州,租房,"宋家湾路,近西坝路"
4551552996533253,945744,融创未来海溪汀苑,杭州,租房,"闲富北路,近上和路"
4606748524192783,271325,金盛曼城,杭州,租房,东冠路655号
4575690672053259,621010,香山四季公馆,杭州,租房,"蜀山路,近亚太路"
4596648591977481,826449,金地自在城东苑(公寓住宅),杭州,租房,"池华街,近厚仁路"
4603671044070403,208476,华元云水苑(公寓住宅),杭州,租房,6号大街328号
4616421174600713,369863,精欧荣寓,杭州,租房,"6号大街,近5号大街"
4585590628871174,161133,钱江彩虹城,杭州,租房,滨盛路4398号
4630803327147008,160102,近江八园,杭州,租房,"钱江路,近婺江路"
4630718381923343,825868,墩莳家园,杭州,租房,甲来路41号
4599543639665674,806034,滨江华成大江之星,杭州,租房,新港路
4628104208243726,160752,耀江文鼎苑,杭州,租房,萍水西街193号
4624773521187841,160727,商教苑社区,杭州,租房,杭海路31号-37号
4606839105657859,877750,滨江金茂府,杭州,租房,"西兴路,近滨盛路"
4578304841165833,806213,富春江南,杭州,租房,"大桥南路,近永济路"
4633826437784580,160100,东清苑,杭州,租房,庆春路70-84号
4576818585754638,785209,新湖菲林山,杭州,租房,上仓路
4520169407800325,219714,玄坛弄小区,杭州,租房,玄坛弄
4622699927694350,1017351,旭辉宝龙东湖城(公寓住宅),杭州,租房,"青六北路,近南沙路"
4603952885589006,237901,青枫墅园林语阁(公寓住宅),杭州,租房,文良线
4624957198949386,655397,朝阳8号(公寓住宅),杭州,租房,市心南路
4581843640296457,877684,陆家桥新苑,杭州,租房,星海南路87号
4537115222729737,170154,良渚花苑(公寓住宅),杭州,租房,玉管路18号
4617976894694407,175744,小河下小区,杭州,租房,"建国中路,近解放路"
4584103144023041,826569,晶典公寓,杭州,租房,南环路1528号
4573853912968203,641300,乾成园,杭州,租房,集萃路47号
4595344204868610,311707,钱塘滨和花园,杭州,租房,江汉东路202号
4626247975396360,160162,水星阁西区,杭州,租房,环城北路
4546171697095681,160713,滨江金色家园,杭州,租房,富春路16号
4629081857090573,482573,顺发旺角城(公寓住宅),杭州,租房,市心中路123号
4540464428966921,193638,屏风苑小区,杭州,租房,屏风街58号
4591295407596545,240611,渡驾新村,杭州,租房,花园岗街158号
4596928924228616,210028,兰惠家园,杭州,租房,东湖南路416-1号
4607838745943042,825790,东岸嘉园二区,杭州,租房,海通街229号
4631297425531910,611340,万科大家钱塘府,杭州,租房,"昙花庵路,近水湘路"
4628097219439620,217621,苑中园,杭州,租房,新城路38号
4567452022219791,729169,融创瑷颐湾,杭州,租房,"祥运路,近杭行路"
4619244183596034,160812,郁金香岸(公寓住宅),杭州,租房,万达路770号
4624920518552590,175739,观邸国际,杭州,租房,新和路167号
4525894085878799,193638,屏风苑小区,杭州,租房,屏风街58号
4597010870346756,790322,新城香悦奥府,杭州,租房,"博奥路,近建设一路"
4505055371418631,370076,顺发堤香名苑,杭州,租房,"金鸡路,近博学路"
4629894280944651,626958,江畔云庐,杭州,租房,"滨文路,近明德路"
4585721847147531,825632,普金家园,杭州,租房,温州路9号
4612574278904844,724866,坤和求是里,杭州,租房,求和路
4616819043130375,1035021,利一家园,杭州,租房,利丰路455号
4633332303258629,607407,金沙国际,杭州,租房,幸福南路1288号
4580447980641280,877750,滨江金茂府,杭州,租房,"西兴路,近滨盛路"
4302329351007232,160104,世纪新城,杭州,租房,高技路51-55号
4544386663459855,369894,欣盛东方福邸,杭州,租房,"水月街,近学院北路"
4586872794094601,160955,铭雅苑东区,杭州,租房,"古墩路,近金昌路"
4626585658876929,911314,恒隆广场,杭州,租房,山阴路688号
4626464335371272,657958,湘云雅苑,杭州,租房,西兴路1190号
4616643956222985,580034,玲珑府(公寓住宅),杭州,租房,西兴路399号
4613973218421773,781406,篁外(公寓住宅),杭州,租房,"八角路,近鸡山路"
4599806068321289,826425,欣盛东方郡(东区),杭州,租房,春晓路233号
4357386597145600,160987,温馨人家,杭州,租房,月明路796号
4622171550227459,369940,新湖武林国际,杭州,租房,环城北路167号
4587218112732162,174019,锦绣文澜阁,杭州,租房,"通益路,近湖杭州街"
4622056170267662,826308,中海寰宇天下C区,杭州,租房,"滨盛路,近江陵路"
4486341084699650,826661,印月尚庭,杭州,租房,"滨盛路,近三桥路"
4614920755108877,660197,昆仑华府,杭州,租房,"新104国道,近东西大道"
4562590394311687,626947,佳源名城,杭州,租房,"崇超路,近汇贤路"
4585426094713868,578175,德信晓宸,杭州,租房,"祥富路,近上祥路"
4613486921161729,877705,世茂智慧之门,杭州,租房,"江南大道,近风情大道"
4490399393557507,160298,绿城春江花月,杭州,租房,钱江路158号
4516432076250114,590405,万科北宸之光,杭州,租房,通运路
4514267418405903,304199,西城美墅,杭州,租房,申花路386号
4630459712906248,796956,众安学君里(公寓住宅),杭州,租房,天目山西路
4625112511161358,190468,欣龙华府,杭州,租房,"荆余路,近凤新路"
4625285797948429,207942,浪漫和山东溪苑,杭州,租房,留和路
4628122622649352,607827,万科璞悦湾,杭州,租房,滨文路670号
4600771882068997,637489,运河之星,杭州,租房,丽水北路950号
4618125447095305,1189440,中城汇MIDTOWN(公寓住宅),杭州,租房,石祥路
4623649702403087,825885,翡翠城(东北区),杭州,租房,高教路
4631924153277454,825828,东日晴好,杭州,租房,"科海路,近狐山路"
4606508100332546,160906,平安居,杭州,租房,屏风街94号
4633807903366153,1285005,卸紫家园,杭州,租房,环镇北路1-12-13号
4578030837048320,369953,绿城明月江南(东区),杭州,租房,月明路256号
4633528174255118,160860,多蓝水岸,杭州,租房,12号大街
4514859034041359,580034,玲珑府(公寓住宅),杭州,租房,西兴路399号
4605110991791114,379785,九龙仓碧玺,杭州,租房,"后横港路,近桥弄街"
4600946748761098,635026,合景瑜翠园,杭州,租房,舒心路
4609581663165443,296629,铭和苑柳翠坊,杭州,租房,学源街1273号
4632252570936328,432261,名扬阁,杭州,租房,萧钱线
4585603484376065,160534,凯旋新村(西区),杭州,租房,凯旋路107号
4412628286481418,160371,港湾家园,杭州,租房,余杭塘路866号
4619657060228101,826739,远洋公馆(东区),杭州,租房,大浒街99号
4596601230418945,792522,万科星空,杭州,租房,文一西路
4548489844108300,160104,世纪新城,杭州,租房,高技路51-55号
4601456062080002,826333,西溪庭院,杭州,租房,闲林东路
4622784383228933,641301,都市阳光嘉苑,杭州,租房,甲来路40号
4620995317113860,160697,都市水乡水映苑,杭州,租房,三墩路328号
4473694197210113,649983,龙湖春江郦城,杭州,租房,江汉路1337号
4625410021825536,160301,皮市巷小区,杭州,租房,庆春路
4622516118234113,160543,义井小区,杭州,租房,西湖大道
4615416239760387,825790,东岸嘉园二区,杭州,租房,海通街229号
4616727089097738,497413,佳兆业玖珑山,杭州,租房,"八角路,近镇南路"
4599374435261451,160720,钱塘春晓花园,杭州,租房,月明路862号
4613613383017487,1027690,和家园翰园,杭州,租房,杨梅山路362号
4626793678007311,610901,中海御道(公寓住宅),杭州,租房,"钱江路,近塘工局路"
4564294781033476,781708,新德佳苑,杭州,租房,"胜南路,近杭氧街"
4611900882297869,292253,清沁花苑,杭州,租房,九曲营路201号
4603638813023234,520016,和谐嘉园东苑,杭州,租房,江锦路176号
4617770533755913,1319932,勾庄佳苑,杭州,租房,"古墩路,近金汇南路"
4526228794549251,1285005,卸紫家园,杭州,租房,环镇北路1-12-13号
4594502570384385,410316,广悦公寓,杭州,租房,高桥路1070号
4626267730877448,303624,东海柠檬郡,杭州,租房,幸福南路252号
4562554793157641,160506,新湖北国之春,杭州,租房,衢洲路105号
4616493037087758,234966,白马尊邸(公寓住宅),杭州,租房,"墩池路,近荡鱼路"
4598445006920717,826451,金地自在城栖霞居(公寓住宅),杭州,租房,金蓬街
4579542334858251,181626,绿城蓝庭(东区),杭州,租房,"振兴西路,近星河路"
4596748233382923,574387,新安天苑,杭州,租房,湖州路389号
4606703178787845,912477,丽晶国际中心,杭州,租房,鸿宁路2327号
4597926339290112,160474,盛世钱塘,杭州,租房,富春路899号
4564423667082245,161051,德胜新村(北区),杭州,租房,德苑路99号
4626544543982597,806214,澳海香樟苑,杭州,租房,大桥南路188号
4626058010762248,1168536,新视界公寓,杭州,租房,"高桥西路,近金桥北路"
4627798569266178,160610,现代印象广场,杭州,租房,江南大道3399号
4585334551669771,369976,东海闲湖城(公寓住宅),杭州,租房,天目山西路277号
4603640489319429,237901,青枫墅园林语阁(公寓住宅),杭州,租房,文良线
4597493040931855,175744,小河下小区,杭州,租房,"建国中路,近解放路"
4580004441201664,793798,阳光里,杭州,租房,文居街338号
4610045048073216,369850,东厦东港,杭州,租房,北沙西路150号
4591443977399301,791599,竹径云山锦云坊(67-80),杭州,租房,东西大道
4592800251012099,826569,晶典公寓,杭州,租房,南环路1528号
4626604048278536,580034,玲珑府(公寓住宅),杭州,租房,西兴路399号
4620504925643779,801124,冠山小区,杭州,租房,"长江南路,近白马湖路"
4604985997339653,368005,绿城紫桂公寓,杭州,租房,星源北路65号
4616649033081868,610236,滨江万家名城(北区),杭州,租房,"锦江路,近通运路"
4616565526141957,1013054,盈一佳苑,杭州,租房,鸿宁路1021号
4625112758377480,1033632,华元欢乐城(商住楼),杭州,租房,"迎宾路,近望梅路"
4530514346318862,160251,长岛之春,杭州,租房,明志路99号
4581373252496395,909732,蓝钻天成,杭州,租房,莫干山路969号
4601251478658057,232438,严衙弄,杭州,租房,佑圣观路176号
4625372354354182,618739,金雅苑,杭州,租房,仁爱路219号
4603409205718021,995004,东方俊园(东区),杭州,租房,新颜南路28号
4629303443006464,877755,迪凯运河印象,杭州,租房,"好运街,通益路"
4575559746003979,826176,万星碧云天公寓,杭州,租房,孙权路
4555472391613453,161051,德胜新村(北区),杭州,租房,德苑路99号
4570031067292677,160901,翠苑三区(东区),杭州,租房,翠柏路11号
4616368934644740,826335,西溪雅苑(东区),杭州,租房,天目山路550号
4557389755542534,825613,潘水苑(南区),杭州,租房,潘水路
4564022942770186,299190,云龙十一景(公寓住宅),杭州,租房,建国北路80号
4564270258461701,826030,塘栖一小区,杭州,租房,"塘栖路,近里仁路"
4616528037274624,825579,滨兴东苑,杭州,租房,"齐飞路,近滨和路"
4571138077518854,792396,湖山帝景湾南苑,杭州,租房,南湖东路
4603621033274381,1302937,融创微风之城(公寓住宅),杭州,租房,东桥路169号
4588383988669441,161176,蚕花园永安坊,杭州,租房,"蚕花路,近永安巷"
4528766473755662,369888,滨江凯旋门,杭州,租房,凯旋路116号
4629075808263173,369894,欣盛东方福邸,杭州,租房,"水月街,近学院北路"
4623448465468420,222230,缤纷北苑,杭州,租房,"滨盛路,近西兴路"
4606845892504590,479412,天鸿香榭里,杭州,租房,"通益路,近祥运路"
4604581493138444,188962,宋浇造巷小区,杭州,租房,宋浇造巷
4622258724576266,916687,碧桂园深蓝国际中心,杭州,租房,"博奥路,近利一路"
4602309299317760,365466,绿城丁香公馆,杭州,租房,休博路288号
4548958467288074,160251,长岛之春,杭州,租房,明志路99号
4626759576165377,370021,西郊半岛(公寓住宅),杭州,租房,江滨东大道1号
4620914146323464,179178,梅堰小区,杭州,租房,红丰路216号
4542714352626689,657958,湘云雅苑,杭州,租房,西兴路1190号
4561278854867977,779138,金地艺境,杭州,租房,"翁乔路,鑫业路"
4619189873335310,573718,德信东望,杭州,租房,"新塘路,近明月桥路"
4626585991257089,216452,华瑞湘湖林语,杭州,租房,下湘湖路8号
4585581821090830,826838,绿城明月江南(西区),杭州,租房,月明路303号
4592694022775810,160067,顺发佳境天城(公寓住宅),杭州,租房,市心北路737号
4579667176958987,798267,合景映月台(公寓住宅),杭州,租房,"溪望路,近良睦路"
4606568863673349,160420,建国公寓,杭州,租房,建国北路218号
4619231811118081,826881,中兴花园百合苑,杭州,租房,江汉路1679号
4633582632594442,604862,白鹭郡南秋荷坊,杭州,租房,玉鸟路
4597971378955268,1218280,碧桂园东旭府,杭州,租房,时代大道
4617042301395972,161090,伊萨卡国际城(公寓住宅),杭州,租房,"14号大街,近沿江大道"
4477748554048520,221973,新绿园,杭州,租房,鲲鹏路97号
4622446805476364,877972,融信学院府,杭州,租房,学院北路
4601396035136523,219771,勤远里,杭州,租房,"察院前巷,近中山南路"
4605373490422786,220070,滨康小区,杭州,租房,聚园路66号
4617805464493058,794144,富春和园(公寓住宅),杭州,租房,金桥北路469号
4548960367303680,181423,袁井巷,杭州,租房,"中河南路,近抚宁路"
4616446817936385,160186,闸弄口新村,杭州,租房,机场路18-8号
4528881587184652,160104,世纪新城,杭州,租房,高技路51-55号
4627730648228877,628110,开元名郡,杭州,租房,"向旭支路,近晨晖路"
4623953350405126,610065,绿地旭辉城,杭州,租房,"扬帆路,近滨盛路"
4566872033061894,779966,顺发美哉美城,杭州,租房,"民和路,近飞虹路"
4615569362971656,220070,滨康小区,杭州,租房,聚园路66号
4609620155079695,1296149,高桥花苑(东区),杭州,租房,高桦路3号
4629387425946637,160210,滨兴家园,杭州,租房,滨兴路
4627117600547847,826150,和谐嘉园北苑,杭州,租房,"杭海路,近庆春东路"
4615511180827648,160067,顺发佳境天城(公寓住宅),杭州,租房,市心北路737号
4291243083131915,346243,大华海派风景,杭州,租房,东吴路
4582777215296523,369999,野风启城,杭州,租房,"康信路,近兴盛路"
4616713858358280,796956,众安学君里(公寓住宅),杭州,租房,天目山西路
4518967129316354,652109,阳光城翡丽湾,杭州,租房,大农港西路1296号
4608170916572173,160935,翠苑一区,杭州,租房,"学院路,近文一路"
4606966674842637,160566,三坝雅苑,杭州,租房,"古墩路,近圣东街"
4579700137991171,433939,转塘家园(南区),杭州,租房,之江路5号
4613629116720129,160448,柳浪新苑,杭州,租房,河坊街463号
4630305396960259,224958,广厦天都城天星苑,杭州,租房,"场环路,近欢乐大道"
4566847912451085,825904,世茂江滨花园碧景湾,杭州,租房,25号路88号
4528674995186692,656439,德信大家钱江府,杭州,租房,"东宁路,近艮山西路"
4622079042821124,160297,三江鸣翠蓝湾(别墅),杭州,租房,九龙大道188号
4546009094646787,160901,翠苑三区(东区),杭州,租房,翠柏路11号
4626365534198797,943047,金汇之星,杭州,租房,"文豪西路,近金浦路"
4603926875712520,607834,天阳尚城国际,杭州,租房,"全福桥路,近机场路"
4633518538974213,369882,远洋西溪公馆(公寓住宅),杭州,租房,文一西路822号
4614971823758346,786131,宝嘉誉府,杭州,租房,"石祥西路,近紫金港路"
4622583184403457,160438,山西园小区,杭州,租房,"山西园路,近禹航路"
4629380756544523,626958,江畔云庐,杭州,租房,"滨文路,近明德路"
4557276566854666,607327,龙湖名景台(公寓住宅),杭州,租房,"同协路,近杭玻街"
4631025186565125,863618,亲亲家园幸福里,杭州,租房,"墩祥路,近古墩路"
4624896409639946,778765,金隅学府,杭州,租房,秋涛路
4609652236495883,730320,万科大家世纪之光,杭州,租房,"振宁路,近金鸡路"
4599796874929164,372524,相墅花园(公寓住宅),杭州,租房,"时代大道,近湘湖路"
4499163561352206,160166,竹竿巷小区,杭州,租房,竹竿巷33号
4618200079363075,642230,赞成龙兴道一号,杭州,租房,"新颜南路,近龙兴路"
4554113122821129,207422,中兴和园(公寓住宅),杭州,租房,火炬南路1612号
4544358592160768,1062189,奥克斯时代未来之城,杭州,租房,"向往街,近向往街"
4591266003741707,826394,湘湖人家(西区公寓住宅),杭州,租房,闻兴路288号
4572926182089740,877699,融信澜天(公寓住宅),杭州,租房,"立新路,玉鸟路"
4353497593129994,524207,古荡新村(东区),杭州,租房,"文三西路,近益乐路"
4630467000771594,272618,江南文苑,杭州,租房,滨文路639号
4596758611454980,785537,大同公寓,杭州,租房,"镇前路,近浦西路"
4626612812143623,826558,近江五园,杭州,租房,衢江路87号
4613621418093572,1029638,五月香山(公寓住宅),杭州,租房,320国道
4579930869472269,615545,郡望府,杭州,租房,"建设四路,近枫香路"
4605328802685954,369876,金石华城,杭州,租房,塘栖绿荫街
4609752552184834,826449,金地自在城东苑(公寓住宅),杭州,租房,"池华街,近厚仁路"
4629064596988935,160551,之江公寓(公寓住宅),杭州,租房,东信大道1221号
4617980249435142,200064,逸居城,杭州,租房,逸盛路183号
4586708663589893,803286,水韵康桥康泽苑,杭州,租房,康桥路
4596645321661455,826447,金地自在城林溪里,杭州,租房,金蓬街
4624933477096449,910215,嘉富广场,杭州,租房,市心南路822-830号
4599443372383247,1315367,西溪永乐城(公寓住宅),杭州,租房,"景兴路,近文一西路"
4606804074785805,229269,四季风景苑,杭州,租房,"5号大街,近6号大街"
4612633727083525,160384,瑞立中央花城,杭州,租房,滨河路796号
4565760855106571,469002,广宇鼎悦府,杭州,租房,南大街329号
4562656850500622,791599,竹径云山锦云坊(67-80),杭州,租房,东西大道
4551578308226051,237901,青枫墅园林语阁(公寓住宅),杭州,租房,文良线
4625260694973455,314636,树兰书香名邸(公寓住宅),杭州,租房,星光街1-1号
4613658660250638,370101,宋都东郡国际嘉湾,杭州,租房,凌云街21号
4595572077616134,160274,汇宇花园(公寓住宅),杭州,租房,南秀路1399号
4586785086972938,418048,风雅乐府(公寓住宅),杭州,租房,"好运街,近东吴路"
4596738314329102,607407,金沙国际,杭州,租房,幸福南路1288号
4613840618580999,726989,中南白马湖壹号(公寓住宅),杭州,租房,"时代大道,近天马路"
4623665024609285,826055,广和美地兰庭,杭州,租房,"东西大道,近三星路"
4575297014277123,1027690,和家园翰园,杭州,租房,杨梅山路362号
4606568536218624,656439,德信大家钱江府,杭州,租房,"东宁路,近艮山西路"
4631938059688971,232436,得力半岛花园(公寓住宅),杭州,租房,晨晖路507号
4613583161023488,877759,东亚新干线,杭州,租房,"明月桥路,近天城路"
4589949654068230,160955,铭雅苑东区,杭州,租房,"古墩路,近金昌路"
4540527520787462,877975,万科溪望(公寓住宅),杭州,租房,"文二西路,近环岛路"
4568221700615170,369877,众安嘉润公馆,杭州,租房,"金鸡路,近潮韵路"
4570295356316681,909732,蓝钻天成,杭州,租房,莫干山路969号
4485080469695488,993920,欧美金融城西溪丽晶,杭州,租房,水城北路
4633419336950792,297363,中海紫藤苑,杭州,租房,"墩祥街,近清池路"
4623535195642888,641300,乾成园,杭州,租房,集萃路47号
4605061401127942,826267,华盛星洲翠谷,杭州,租房,福严路82号
4525954541050885,214743,金沙阳光,杭州,租房,下沙路
4601995625012237,370000,风华苑,杭州,租房,世纪大道19号
4561220488731663,160795,钱江时代公寓,杭州,租房,清江路346号
4629062253861894,616507,万泰城章,杭州,租房,"世纪大道,近望梅路"
4620948836457483,1074373,美丽春天府,杭州,租房,石马路521号
4578358653330447,634855,野风春晓,杭州,租房,九龙大道
4579562944097282,785209,新湖菲林山,杭州,租房,上仓路
4570054651341827,650518,朗诗花漫里,杭州,租房,"乔中路,近南街"
4611032251669506,192131,东湖公寓,杭州,租房,河南埭路63号
4611149453304834,160223,白金海岸花园,杭州,租房,香溢路88号
4604822811321348,792396,湖山帝景湾南苑,杭州,租房,南湖东路
4621069349463054,803350,绿都港汇中心,杭州,租房,市心北路853号
4582782078067721,236886,西溪望庄,杭州,租房,文二西路
4613480349473793,369814,桂花星城,杭州,租房,世纪大道
4490602229652489,614569,金地申花里,杭州,租房,莫干山路
4605027834141696,649983,龙湖春江郦城,杭州,租房,江汉路1337号
4531532847062020,160205,锦绣江南(滨江),杭州,租房,咏渡巷59号
4584173130198021,877672,新时代城市家园,杭州,租房,闲富中路248号
4473459797728268,479985,新华园,杭州,租房,"湖墅南路,近叶青兜路"
4613542506226688,179315,东海水景城(公寓住宅),杭州,租房,世纪大道西501号
4615434409894915,1189440,中城汇MIDTOWN(公寓住宅),杭州,租房,石祥路
4604391431070731,657913,嘉里云荷廷,杭州,租房,"珊瑚沙路,近江涵路"
4632143095032843,1152948,花园府,杭州,租房,"明月桥路,近环站北路"
4516087639677959,369963,绿城钱王文化广场锦玉园,杭州,租房,城中街178号
4541357788685324,217136,锦园小区,杭州,租房,建国北路370号
4616946125038593,369953,绿城明月江南(东区),杭州,租房,月明路256号
4550091936558095,370072,德信北海公园,杭州,租房,星桥街100号
4540266136806408,201140,云雀苑,杭州,租房,江城路548-550号
4473390644243466,604862,白鹭郡南秋荷坊,杭州,租房,玉鸟路
4618228062526476,369952,名城公馆(公寓住宅),杭州,租房,"登云路,近通益路"
4568653706406918,160449,蚕花园永宁坊,杭州,租房,"永兴弄,近上塘路"
4599897317288972,160841,同人春江时代,杭州,租房,"长河路,近滨盛路"
4629670339669005,343452,郡原相江公寓,杭州,租房,"仁爱路,近下沙路"
4627786439631880,369899,红景凯丽晶座(公寓住宅),杭州,租房,通惠北路718号
4570084292385796,825585,缤纷东苑,杭州,租房,"风情大道,近丹枫路"
4609285858649088,160527,水岸帝景,杭州,租房,钱潮路10号
4569884756827147,322058,江南明城,杭州,租房,利华路66号
4586739565435919,604862,白鹭郡南秋荷坊,杭州,租房,玉鸟路
4499125996432395,578903,金隅田员外,杭州,租房,"半山东路,近依山路"
4630930617097228,909736,星耀城,杭州,租房,江陵路2028号
4625093595276293,938681,三花国际,杭州,租房,"明月桥路,近鸿泰路"
4618030974135304,181626,绿城蓝庭(东区),杭州,租房,"振兴西路,近星河路"
4624094356003847,369831,和达御观邸,杭州,租房,上沙路246号
4633444319861772,868300,金帝海珀雅苑,杭州,租房,振兴西路158号
4630249571279880,369858,华瑞湘湖美地,杭州,租房,萧西路605号
4616562175222789,220572,亲亲家园二期,杭州,租房,金家渡路318号
4624806013707266,863104,绿城桃源小镇东方苑,杭州,租房,闲沈路
4602308815694857,795071,贝利栖溪望府,杭州,租房,"绿荫街,近塘栖路"
4367162402939910,192159,钱神花苑,杭州,租房,仓兴街438-4号
4631718809840641,659567,惠都家园(东区),杭州,租房,太平路93号
4588289438460937,1062189,奥克斯时代未来之城,杭州,租房,"向往街,近向往街"
4609703284698123,825904,世茂江滨花园碧景湾,杭州,租房,25号路88号
4626880487103498,160610,现代印象广场,杭州,租房,江南大道3399号
4622391659060239,160689,都市港湾,杭州,租房,北沙东路1-7号
4585503871233027,576119,融科瑷骊山,杭州,租房,望江山路1号
4581737340066821,825865,都市阳光乐苑,杭州,租房,甲来路
4562879933258755,160621,西房云溪香山(北区),杭州,租房,"转塘路,近望江山路"
4594046681488391,160999,复兴北苑,杭州,租房,复兴路163号
4604014285794312,205425,银泰海威国际,杭州,租房,"江虹路,近科技馆路"
4610670711546893,160377,德胜东村,杭州,租房,德胜路81号
4631034907515910,160342,定山家园(西区),杭州,租房,"霞鸣街,近象山路"
4610687487335430,318496,都市水乡水月苑,杭州,租房,长阳路319号
4581267301164040,1216235,德信九溪云庄,杭州,租房,"丽景路,近文景路"
4626768569375757,943059,景瑞申花壹号院,杭州,租房,"丰潭路,近申花路"
4604044875340809,655397,朝阳8号(公寓住宅),杭州,租房,市心南路
4615430185802759,191993,都市水乡水涟苑,杭州,租房,广业街235号
4569873611152395,160766,大学路新村,杭州,租房,"大学路,近老浙大横路"
4620744974883842,343452,郡原相江公寓,杭州,租房,"仁爱路,近下沙路"
4632779040529411,1152948,花园府,杭州,租房,"明月桥路,近环站北路"
4618281921866752,370072,德信北海公园,杭州,租房,星桥街100号
4610779228611588,1048139,江南之星,杭州,租房,"博奥路,近金惠路"
4623544843545611,160543,义井小区,杭州,租房,西湖大道
4629405800897548,160856,建国南苑(南3区),杭州,租房,河坊街413号
4632005038812161,877684,陆家桥新苑,杭州,租房,星海南路87号
4465434906668042,161069,晴彩巴厘,杭州,租房,世纪大道
4616582973776902,370083,天阳云筑(公寓住宅),杭州,租房,"八角路,近鸡山路"
4608292739294209,315701,悦麒美寓(东区),杭州,租房,杭乔路8号
4588039227925509,269307,华元爱丁郡,杭州,租房,"宋家湾路,近西坝路"
4623707195761670,191413,白鹭郡东,杭州,租房,"风情大道,近玉鸟路"
4554326076251136,826449,金地自在城东苑(公寓住宅),杭州,租房,"池华街,近厚仁路"
4630939570170882,350909,九衡公寓,杭州,租房,"良周路,近东西大道"
4517630590737415,611491,华元欢乐城(公寓住宅),杭州,租房,迎宾路
4630988837821446,616507,万泰城章,杭州,租房,"世纪大道,近望梅路"
4534446205017088,826738,鼎湖未来云城天禧,杭州,租房,新丰路
4616747540505610,470980,中铁逸都,杭州,租房,北沙西路28号
4623555939773446,717456,中和北宸府,杭州,租房,崇文街615号
4581506522655758,607657,万科西庐,杭州,租房,五常港路
4605304751907850,160980,长兴苑小区,杭州,租房,绿香街358号
4629208344058891,825877,盛庐小区,杭州,租房,滨盛路3215号
4631950552247297,826568,羊山公寓,杭州,租房,羊城路
4534416380470277,826831,绿城九龙仓柳岸晓风(公寓住宅),杭州,租房,"闻涛路,近建业路"
4607125955456011,160534,凯旋新村(西区),杭州,租房,凯旋路107号
4633463460064267,369835,协安蓝郡,杭州,租房,"金昌路,近古墩路"
4614080652223494,160277,绿都湖滨花园(公寓住宅),杭州,租房,"金山路,近博学路"
4629426241889280,303624,东海柠檬郡,杭州,租房,幸福南路252号
4616902438071297,369943,玉都枫景名苑,杭州,租房,"东西大道,近良平路"
4627959985118211,370000,风华苑,杭州,租房,世纪大道19号
4464935631741955,877705,世茂智慧之门,杭州,租房,"江南大道,近风情大道"
4549936246107144,203873,建国南苑(北区),杭州,租房,"姚园寺巷,近建国南路"
4578362875423758,192131,东湖公寓,杭州,租房,河南埭路63号
4633814084396047,375266,康都紫轩,杭州,租房,甬江路191号
4628272680627206,160181,南都江滨花园,杭州,租房,滨盛路4199号
4620677812300800,379778,龙湖香醍溪岸(公寓住宅),杭州,租房,"304省道,近宏达路"
4605058379803651,912477,丽晶国际中心,杭州,租房,鸿宁路2327号
4547300798585857,639013,万科金辰之光,杭州,租房,西陵路30号
4629247809412097,1365370,中天珺府(北区公寓住宅),杭州,租房,科技大道2988号
4509492840225802,926296,浙富桐城府,杭州,租房,"梅林路,近白云源东路"
4619383878298625,370078,建境巧克力公馆,杭州,租房,鸿兴路338号
4588257227025417,1077675,飘鹰富春江花苑,杭州,租房,春江东路2155号
4588649164841984,172244,滨江倾城之恋,杭州,租房,月明路1091号
4626547488119820,363841,潘水南苑,杭州,租房,市心南路728号
4570173427035139,730320,万科大家世纪之光,杭州,租房,"振宁路,近金鸡路"
4574520205173768,877696,萧山宝龙城市广场,杭州,租房,"建设一路,近金鸡路"
4622427891065860,248839,中海钱塘山水(公寓住宅),杭州,租房,东信大道92号
4629573949713415,994908,闲林山水海棠苑,杭州,租房,"闲林东路,近高教路"
4598017168874501,160298,绿城春江花月,杭州,租房,钱江路158号
4607050383399944,658236,钱江御府,杭州,租房,"候潮路,近秋涛路"
4415792743459842,304199,西城美墅,杭州,租房,申花路386号
4626243680934924,794143,万科容大金色家园,杭州,租房,文采路180号
4627474302084103,825501,美都良景学府,杭州,租房,"瓶仓大道,近羊城路"
4574628883803144,410317,之江家园五区,杭州,租房,"转之路,近东环路"
4616597719262219,1030045,嘉丰万悦城(南区),杭州,租房,东湖北路
4618321799175180,790322,新城香悦奥府,杭州,租房,"博奥路,近建设一路"
4633788679136258,369948,恒瑞名座,杭州,租房,利华路898号
4626356726426627,610901,中海御道(公寓住宅),杭州,租房,"钱江路,近塘工局路"
4602332340399116,790318,广元公寓,杭州,租房,晨晖路952号
4606489435317258,346247,星桥桂花城,杭州,租房,"藕花洲大道,近太平路"
4588134058093569,191426,大都文苑风情,杭州,租房,"2号大街,近3号大街"
4603659593456655,224503,百姓弄小区,杭州,租房,邱山大街
4618232897741838,995819,钱江彩虹府,杭州,租房,科海路
4625394595802112,370053,朗郡庭园(公寓住宅),杭州,租房,"象山路,近横桥路"
4607901177424901,573180,重汽嘉泽苑,杭州,租房,红山大道
4618373113928709,788033,爵士风情韵沁苑,杭州,租房,"天目山西路,近闲富北路"
4529392560888832,806034,滨江华成大江之星,杭州,租房,新港路
4577147165680655,826447,金地自在城林溪里,杭州,租房,金蓬街
4633423057640453,408735,阳光逸城,杭州,租房,环丁路328号
4620940264465418,370025,滨江花园,杭州,租房,滨江西路428号
4555583343975439,825904,世茂江滨花园碧景湾,杭州,租房,25号路88号
4600903593892872,863104,绿城桃源小镇东方苑,杭州,租房,闲沈路
4589443352259596,177622,华宇家园,杭州,租房,临平星光街957号
4633632784178186,994998,春波西苑,杭州,租房,"春波路,近江晖路"
4576845181447174,369831,和达御观邸,杭州,租房,上沙路246号
4610738726528011,627593,万科良渚文化村未来城,杭州,租房,"疏港路,近104国道"
4623622717774863,825885,翡翠城(东北区),杭州,租房,高教路
4629779842898954,656248,首开国风美域,杭州,租房,振华路1号
4615097094298628,650514,嘉丰万悦城(北区),杭州,租房,"东湖北路,近湖潭路"
4633771036335112,630884,科尔世纪外滩(公寓住宅),杭州,租房,水博大道1号
4619419255335944,826099,汀洲花苑(南区),杭州,租房,"振兴西路,近荷禹路"
4547294918568961,497412,中天官河锦庭(公寓住宅),杭州,租房,"滨康路,近阡陌路"
4616964571866116,1035021,利一家园,杭州,租房,利丰路455号
4616775254598671,910832,欧美金融城,杭州,租房,"闲林港西路,近向往街"
4625242001730567,868300,金帝海珀雅苑,杭州,租房,振兴西路158号
4611070674168846,578175,德信晓宸,杭州,租房,"祥富路,近上祥路"
4618180206337028,938894,宝龙云滨湾(公寓住宅),杭州,租房,学林街323号
4613833705774080,369902,金地天逸,杭州,租房,山阴路1999路
4609426150960130,826268,婺江家园一园,杭州,租房,婺江路38号
4570965716950021,190468,欣龙华府,杭州,租房,"荆余路,近凤新路"
4566861921332235,369850,东厦东港,杭州,租房,北沙西路150号
4578383204588546,610622,东田怡丰城(公寓住宅),杭州,租房,"迎宾路,近天万路"
4617827217318921,826838,绿城明月江南(西区),杭州,租房,月明路303号
4630984517671951,161011,蚕花园永兴坊,杭州,租房,"永兴弄,近上塘路"
4611270498182149,637732,招商雍华府,杭州,租房,建华路
4578244799605769,607368,绿城莲园(公寓住宅),杭州,租房,"北沙西路,近荷花路"
4615070576600070,207449,金色阳光(淳安公寓住宅),杭州,租房,阳光路
4629727772009480,241020,久恒铭鹤花园,杭州,租房,科创西路
4626682668868617,489385,三墩颐景园曲水苑,杭州,租房,荡漾路102号
4540389255898126,508113,望江新园三园,杭州,租房,"东宝路,近东霞巷"
4380166243396614,860800,越秀星汇尚城,杭州,租房,上园路
4626529278581763,797911,东安景苑,杭州,租房,"龙湖路,近平吴街"
4611027965586434,369850,东厦东港,杭州,租房,北沙西路150号
4622620285527040,797911,东安景苑,杭州,租房,"龙湖路,近平吴街"
4547509879923716,802266,吉鸿家园东区和景苑,杭州,租房,"里鸿巷,近汇周街"
4622056643093508,938894,宝龙云滨湾(公寓住宅),杭州,租房,学林街323号
4610700756544513,609162,保利梧桐语,杭州,租房,"普德路,近九州路"
4578121740495887,826256,清水湾山水苑(公寓住宅),杭州,租房,中泰路
4614101903776768,826791,白鹭郡南柳映坊,杭州,租房,白鹭路
4511530306792454,160316,青春坊小区(公寓住宅),杭州,租房,凤起路
4617740593126410,160524,天阳棕榈湾(东区),杭州,租房,棕榈路65号
4605445183532038,241020,久恒铭鹤花园,杭州,租房,科创西路
4608288577645568,826220,闻潮尚庭,杭州,租房,"望江东路,近钱江路"
4586581016341509,650518,朗诗花漫里,杭州,租房,"乔中路,近南街"
4613625603812361,863105,绿城桃源小镇依云邨,杭州,租房,闲沈路
4618181751284748,825948,水榭花都,杭州,租房,绿荫街149号
4581482566790148,369931,恒厚阳光城,杭州,租房,杭泰路103号
4631951692735494,160233,玄坛公寓,杭州,租房,"中河北路,近体育场路"
4466561764224011,370101,宋都东郡国际嘉湾,杭州,租房,凌云街21号
4625213661651974,379788,赞成檀府(公寓住宅),杭州,租房,"星光街,近新颜路"
4539241322535951,216712,定安东苑,杭州,租房,后市街100-126号
4624036472808462,785537,大同公寓,杭州,租房,"镇前路,近浦西路"
4611106333584386,177622,华宇家园,杭州,租房,临平星光街957号
4479151393647628,369819,滨江城市之星(公寓住宅),杭州,租房,市民街167号
4616535380765703,826498,新天地世嘉新座,杭州,租房,"新北街,近费家塘路"
4550040272313354,585613,绿城巧园,杭州,租房,"浦沿路,近坚塔路"
4623663583292426,826055,广和美地兰庭,杭州,租房,"东西大道,近三星路"
4631033984805901,923412,禹洲滨之江,杭州,租房,"枫桦东路,近枫桦西路"
4568283524719630,369988,金帝海珀华庭,杭州,租房,振兴西路177号
4600880374508545,1027690,和家园翰园,杭州,租房,杨梅山路362号
4616462450615298,224144,保利东湾(西区),杭州,租房,"24号大街,近20号大街"
4623855257297934,219317,之江花园(公寓住宅),杭州,租房,"东信大道,近滨盛路"
4622286886822922,497412,中天官河锦庭(公寓住宅),杭州,租房,"滨康路,近阡陌路"
4627472410240014,1168536,新视界公寓,杭州,租房,"高桥西路,近金桥北路"
4619234019142656,524618,新南湖绿苑,杭州,租房,水塔路32号
4595615833316353,1076528,滨江碧桂园翡翠江南,杭州,租房,"利华路,近生兴路"
4602469186069512,223789,红街公寓,杭州,租房,新风路318号
4614955238419467,214743,金沙阳光,杭州,租房,下沙路
4571134617164813,188962,宋浇造巷小区,杭州,租房,宋浇造巷
4608565489806338,192354,铂金时代,杭州,租房,滨兴路158号
4626498101879814,346243,大华海派风景,杭州,租房,东吴路
4611074766822412,825828,东日晴好,杭州,租房,"科海路,近狐山路"
4555508946084878,193773,梦琴湾,杭州,租房,"27号大街,近10号大街"
4526257316965385,1285005,卸紫家园,杭州,租房,环镇北路1-12-13号
4632391673031693,779966,顺发美哉美城,杭州,租房,"民和路,近飞虹路"
4618152657511432,807434,艺尚里,杭州,租房,"永乐路,近迎宾路"
4629362033994760,366286,西溪海悦海苑,杭州,租房,"闲富北路,近上和路"
4498961665727498,369876,金石华城,杭州,租房,塘栖绿荫街
4606743306642444,331179,明怡花苑,杭州,租房,建设一路377号
4630971473536004,286709,邱山小区,杭州,租房,邱山大街235号
4588761178383361,1370265,盈二佳苑,杭州,租房,盈新路
4619687698476035,641638,富越香郡,杭州,租房,"湖州街,近杭行路"
4621008401996800,628434,恒大帝景,杭州,租房,晨晖路
4608413053934607,615993,顺发恒园(公寓住宅),杭州,租房,建设二路
4582404856161280,470980,中铁逸都,杭州,租房,北沙西路28号
4588531246291977,1260474,花园岗和苑(公寓住宅),杭州,租房,"石祥路,近莫干山路"
4461037833413647,926296,浙富桐城府,杭州,租房,"梅林路,近白云源东路"
4554510382605326,370101,宋都东郡国际嘉湾,杭州,租房,凌云街21号
4561127937285132,826753,林风花园沁林苑,杭州,租房,闻潮路168号
4630536757734404,609573,后珠辰秀嘉园(北区),杭州,租房,明珠街
4629410021223432,825931,福鼎家园,杭州,租房,"文昌路,近常二路"
4614981082897418,205388,麒麟街小区,杭州,租房,"延安路,近凤起路"
4632296297882629,160613,清泰南苑,杭州,租房,始版桥直街176号
4511964759432194,1365370,中天珺府(北区公寓住宅),杭州,租房,科技大道2988号
4615266457885697,238045,都市水乡水秀苑,杭州,租房,民意街45号
4605312585686025,161154,国都公寓,杭州,租房,凤起路361号
4585325300229125,314636,树兰书香名邸(公寓住宅),杭州,租房,星光街1-1号
4581072422546436,160442,双菱小区,杭州,租房,双菱路33-37号
4609290029394955,229269,四季风景苑,杭州,租房,"5号大街,近6号大街"
4608315920983055,650521,钱塘之星,杭州,租房,"江南大道,近西兴路"
4621087863940108,160274,汇宇花园(公寓住宅),杭州,租房,南秀路1399号
4625257197263873,945745,西溪海星海苑,杭州,租房,闲富北路
4623391478930436,786760,新城峯璟(公寓住宅),杭州,租房,文二西路
4615332262489094,206600,钱江水晶城,杭州,租房,滨盛路4402号
4476731106534406,994998,春波西苑,杭州,租房,"春波路,近江晖路"
4591146368982027,201140,云雀苑,杭州,租房,江城路548-550号
4633881976071182,826302,环桥花苑,杭州,租房,"星河路,近振兴西路"
4622387393817607,1033632,华元欢乐城(商住楼),杭州,租房,"迎宾路,近望梅路"
4618387483630598,877764,之江家园四区,杭州,租房,"杜家浦路,近美院南路"
4623226680634372,193195,碧天家园,杭州,租房,邱山大街692号
4599793561426958,160449,蚕花园永宁坊,杭州,租房,"永兴弄,近上塘路"
4620577818420231,637732,招商雍华府,杭州,租房,建华路
4586706351709190,826385,建华家苑,杭州,租房,三官塘路
4564147826074628,1017351,旭辉宝龙东湖城(公寓住宅),杭州,租房,"青六北路,近南沙路"
4608453317602317,641300,乾成园,杭州,租房,集萃路47号
4629663993242637,234038,人和家园,杭州,租房,天目山路1号
4585568829434887,641301,都市阳光嘉苑,杭州,租房,甲来路40号
4568763339316231,369863,精欧荣寓,杭州,租房,"6号大街,近5号大街"
4616762869652487,580034,玲珑府(公寓住宅),杭州,租房,西兴路399号
4630907618192387,785683,西溪华东园,杭州,租房,"五常大道,近高教路"
4577002522074113,369846,保利江语海(公寓住宅),杭州,租房,"之江东路,近6号大街"
4632135490921484,160812,郁金香岸(公寓住宅),杭州,租房,万达路770号
4565839326931968,485004,翡翠城(西南区),杭州,租房,"高教路,近天目山西路"
4599884664906767,191993,都市水乡水涟苑,杭州,租房,广业街235号
4628519727356933,628421,众安景海湾(公寓住宅),杭州,租房,弘慧路
4630829868850180,420307,滨江曙光之城,杭州,租房,机场路285号
4606825000068098,825585,缤纷东苑,杭州,租房,"风情大道,近丹枫路"
4603683259900941,181169,康城国际,杭州,租房,世纪大道676号
4564263956225035,614729,宝嘉誉峰,杭州,租房,"石祥路,近东吴路"
4617759116241924,826352,佳丰北苑,杭州,租房,飞虹路1077号
4623948404157455,1187878,长吴公寓一区,杭州,租房,良运街
4623446126355468,611491,华元欢乐城(公寓住宅),杭州,租房,迎宾路
4622494731426822,825583,滨兴小区(东区),杭州,租房,"齐飞路,近滨兴路"
4618200093240328,488896,世纪嘉园,杭州,租房,"世纪大道,南兴路"
4626559826746375,659380,临东家园,杭州,租房,星光街1091号
4630302964640770,286709,邱山小区,杭州,租房,邱山大街235号
4572595998925828,1218302,上坤山语四季(公寓住宅),杭州,租房,"顺风路,近临平大道"
4620937015534607,161176,蚕花园永安坊,杭州,租房,"蚕花路,近永安巷"
4626392101542916,237901,青枫墅园林语阁(公寓住宅),杭州,租房,文良线
4616494191619078,826456,金色钱塘(南区),杭州,租房,风情大道677号
4600721185364998,826454,金地自在城悦活轩,杭州,租房,欣然街111号
4554811471569934,160997,采荷绿萍,杭州,租房,庆春东路12号
4604077602515978,877972,融信学院府,杭州,租房,学院北路
4630768525597699,160442,双菱小区,杭州,租房,双菱路33-37号
4612495037438981,171723,滨文苑,杭州,租房,"滨文路,近火炬大道"
4579764010296322,804912,东裕华庭,杭州,租房,"经五路,近123县道"
4555666867645443,175744,小河下小区,杭州,租房,"建国中路,近解放路"
4575356682216452,826455,新东名苑,杭州,租房,香樟路
4615383002246157,1315367,西溪永乐城(公寓住宅),杭州,租房,"景兴路,近文一西路"
4568257847520260,160208,荣华里,杭州,租房,金华路158号
4584259151059983,826425,欣盛东方郡(东区),杭州,租房,春晓路233号
4633388963195917,635788,赞成赞城,杭州,租房,棕榈路801号
4565539567426574,1168536,新视界公寓,杭州,租房,"高桥西路,近金桥北路"
4595475354344452,652450,融信蓝孔雀,杭州,租房,"石祥路,近莫干山路"
4615425652501507,912258,开元广场(公寓住宅),杭州,租房,"西河路,近向旭路"
4626606503846913,911967,新世界柏丽轩,杭州,租房,通惠北路12号
4609234426453002,161028,采荷小区青莼邨,杭州,租房,青玉路2号
4633724624366596,1218290,越秀星汇花园西区,杭州,租房,"塘塍街,近225县道"
4613884083692557,520016,和谐嘉园东苑,杭州,租房,江锦路176号
4567419263818760,299190,云龙十一景(公寓住宅),杭州,租房,建国北路80号
4617994398409740,160903,长江小区,杭州,租房,"南环路,近立业路"
4624642356309006,650518,朗诗花漫里,杭州,租房,"乔中路,近南街"
4629515726332934,1107937,溪谷岚湾(公寓住宅),杭州,租房,运溪路1100号
4618262865929221,183555,近江苑,杭州,租房,徐家埠路58号
4589448460606464,370055,积家(公寓住宅),杭州,租房,浦沿路789号
4617750987365385,826192,望江新园一园,杭州,租房,映霞街81号
4567097316762626,726989,中南白马湖壹号(公寓住宅),杭州,租房,"时代大道,近天马路"
4607116447620096,825526,保亿风景蝶院留园,杭州,租房,光裕路112号
4575393113646087,369856,宋都阳光国际观澜苑,杭州,租房,通盛路3号
4603643095264256,205375,观澜郡亭公寓(商住楼),杭州,租房,之江路968号
4560136414501896,524618,新南湖绿苑,杭州,租房,水塔路32号
4623593003656193,826335,西溪雅苑(东区),杭州,租房,天目山路550号
4606767551538178,397247,银杏汇(公寓住宅),杭州,租房,西环路128号
4604345910909963,780133,汀洲花苑(北区),杭州,租房,"振兴西路,近荷禹路"
4621137776995339,224307,联庄公寓,杭州,租房,江南大道4250号
4623895447135232,626958,江畔云庐,杭州,租房,"滨文路,近明德路"
4604011305362441,160371,港湾家园,杭州,租房,余杭塘路866号
4564642323885069,877972,融信学院府,杭州,租房,学院北路
4610728409967619,160969,凤凰南苑(上城),杭州,租房,秋涛路40号
4554343961766917,877975,万科溪望(公寓住宅),杭州,租房,"文二西路,近环岛路"
4633421087548421,618928,耀达金鼎华庭,杭州,租房,仁和大道
4632574477331466,363841,潘水南苑,杭州,租房,市心南路728号
4630946707137547,639013,万科金辰之光,杭州,租房,西陵路30号
4585294045766660,161035,天元公寓(公寓住宅),杭州,租房,19号大街709号
4629647261524993,485004,翡翠城(西南区),杭州,租房,"高教路,近天目山西路"
4606743394262018,170497,万科西溪蝶园(北区),杭州,租房,紫霞街188号
4608189443578895,315701,悦麒美寓(东区),杭州,租房,杭乔路8号
4569635558351882,873008,丰东花苑,杭州,租房,振宁路928号
4536033702665228,370104,城发云锦城,杭州,租房,"华鹤街,近长睦路"
4629415313828875,619462,中旅紫金名门,杭州,租房,振华路10号
4595120625198080,469003,大美公寓,杭州,租房,"南大街,玩月街"
4549948998951937,161140,胭脂新村,杭州,租房,天水巷24号
4628462653959176,780133,汀洲花苑(北区),杭州,租房,"振兴西路,近荷禹路"
4587206934932491,481359,青枫墅园山语阁,杭州,租房,"上仓路,近和睦路"
4617992806982665,370062,万和国际,杭州,租房,皓月路188号
4622387468250112,616507,万泰城章,杭州,租房,"世纪大道,近望梅路"
4632269153610760,994908,闲林山水海棠苑,杭州,租房,"闲林东路,近高教路"
4630690024942599,161011,蚕花园永兴坊,杭州,租房,"永兴弄,近上塘路"
4593798569387018,299627,彩虹豪庭,杭州,租房,"伟业路,近闻涛路"
4557188602731524,369845,华元蒙卡岸,杭州,租房,"和睦路,近五常大道"
4589510326723594,637489,运河之星,杭州,租房,丽水北路950号
4607049730876425,801400,丰北一苑,杭州,租房,利丰路730号
4546165584716802,160066,金都华府,杭州,租房,江城路
4621194019265538,248058,宏丰家具城小区,杭州,租房,五常荆山湾88号
4564302956583943,656689,兴耀鑫都汇,杭州,租房,滨康路
4606733272755215,727345,经纬御贤府,杭州,租房,崇文街90号
4600737168845838,656352,运河宸园(公寓住宅),杭州,租房,"登云路,近小河路"
4621206310349824,826772,临平桂花城(南区公寓住宅),杭州,租房,人民大道750号
4602365347113999,173565,庭院深深(西区),杭州,租房,东西大道
4582373556284416,366123,高桥小区,杭州,租房,高桥路
4547617648794634,334770,亿丰蔚蓝郡,杭州,租房,勾庄路218号
4616325418245134,369924,金岸提香(公寓住宅),杭州,租房,中泰路322号
4329339350739983,926296,浙富桐城府,杭州,租房,"梅林路,近白云源东路"
4603652568394758,1003246,景瑞阳光城法兰公园(公寓住宅),杭州,租房,天荷路60号
4503359659500559,1038258,银湖花苑(公寓住宅),杭州,租房,320国道
4622542173805569,160274,汇宇花园(公寓住宅),杭州,租房,南秀路1399号
4631904611245058,191425,香榭里花园,杭州,租房,4号大街
4627734661213197,161035,天元公寓(公寓住宅),杭州,租房,19号大街709号
4618144120792075,1319932,勾庄佳苑,杭州,租房,"古墩路,近金汇南路"
4615278024092672,370071,钱塘帝景(公寓住宅),杭州,租房,信诚路817号
4594023212866575,160951,万家花园,杭州,租房,天城路95号
4632516699909133,485004,翡翠城(西南区),杭州,租房,"高教路,近天目山西路"
4622541080210433,618884,美好桂花星座,杭州,租房,"远展街,近星源路"
4622396516541444,160079,铁岭花园,杭州,租房,"江陵路,近滨安路"
4589821768199179,655351,尚堂府,杭州,租房,石祥路282号
4587693973957635,521873,世茂江滨花园峻景湾,杭州,租房,"20号大街,近23号大街"
4598032304106507,160017,临江花园(公寓住宅),杭州,租房,西环路33号
4595723537538052,370072,德信北海公园,杭州,租房,星桥街100号
4615191947664393,826556,近江三园,杭州,租房,珊园弄13号
4615436056501255,160524,天阳棕榈湾(东区),杭州,租房,棕榈路65号
4604141041654791,160039,东海花园,杭州,租房,南大街126号
4632175999167491,160042,育才西苑,杭州,租房,"育才北路,近北干山南路"
4633293547559936,160590,西溪锋尚,杭州,租房,文三西路499号
4527183799020555,825886,翡翠城(东南区),杭州,租房,"五常大道,近高教路"
4537531463248899,825956,顺达花苑东区,杭州,租房,"顺达路,近320国道"
4582636928279553,641301,都市阳光嘉苑,杭州,租房,甲来路40号
4603926266307588,207942,浪漫和山东溪苑,杭州,租房,留和路
4574015580269581,160518,中江花园,杭州,租房,环城东路313号
4590166031522825,160100,东清苑,杭州,租房,庆春路70-84号
4611050615168013,1218302,上坤山语四季(公寓住宅),杭州,租房,"顺风路,近临平大道"
4483803163270149,909732,蓝钻天成,杭州,租房,莫干山路969号
4576994452560909,825576,滨康二苑,杭州,租房,"江椒路,近南环路"
4624643292093444,379779,五月花城,杭州,租房,藕花洲大街西段162号
4613962567197705,650521,钱塘之星,杭州,租房,"江南大道,近西兴路"
4618339619134466,1021780,绿城蓝庭(西区),杭州,租房,振兴西路52号
4567203666861057,1078509,北大资源颐和江南(公寓住宅),杭州,租房,104国道
4616762267642893,786761,万通时尚公馆(公寓住宅),杭州,租房,"景兴路,近东莲街"
4598205809009673,807434,艺尚里,杭州,租房,"永乐路,近迎宾路"
4621250389289998,369852,绿城玉园,杭州,租房,"人民大道,近新丰路"
4580901693725702,193433,花城名苑(西区),杭州,租房,合欢路171号
4632033174625289,238045,都市水乡水秀苑,杭州,租房,民意街45号
4616765855214607,826027,瓜山佳苑,杭州,租房,拱康路
4568244782734342,1021780,绿城蓝庭(西区),杭州,租房,振兴西路52号
4619231462857729,628375,大华西溪风情澄品,杭州,租房,文一西路
4632414412200972,863121,宝龙城市广场,杭州,租房,"学府街,近学林支路"
4615014119040008,524618,新南湖绿苑,杭州,租房,水塔路32号
4585192091855887,160208,荣华里,杭州,租房,金华路158号
4569994807665678,915870,钱塘航空大厦,杭州,租房,市民街66号
4582655957967873,1100978,风荷锦庭(公寓住宅),杭州,租房,"新峡路,近油虎线"
4629402141156359,314429,荷花塘小区,杭州,租房,星光街
4592936167447558,825761,林之语(公寓住宅),杭州,租房,"钱宁线,近奔竞大道"
4618291730684929,787778,金地自在城鹭影轩,杭州,租房,西园八路
4604160922856452,606332,世茂之西湖御涛轩,杭州,租房,"江南大道,近西环路"
4605486267948038,225610,南江公寓,杭州,租房,萧然南路554号
4615391768226823,369834,多立方公寓,杭州,租房,九华路
4616918170477578,476572,顺发江南丽锦,杭州,租房,"市心北路,近扬帆路"
4630930345712642,1078073,越秀星悦城(公寓住宅),杭州,租房,"星港路,近塘塍街"
4601067545472012,607300,兴耀星悦湾(公寓住宅),杭州,租房,"青六南路,近横雷线"
4620713685277697,216505,通和南岸花城(公寓住宅),杭州,租房,时代大道
4630847956737028,408735,阳光逸城,杭州,租房,环丁路328号
4608316228168708,877729,金久城市花园,杭州,租房,春江东路388号
4629777837808643,825576,滨康二苑,杭州,租房,"江椒路,近南环路"
4606685067009026,826738,鼎湖未来云城天禧,杭州,租房,新丰路
4631891851635725,370076,顺发堤香名苑,杭州,租房,"金鸡路,近博学路"
4615146811792387,825576,滨康二苑,杭州,租房,"江椒路,近南环路"
4618294813633549,217995,银爵世纪公寓,杭州,租房,浦沿路715号
4550156058962951,913289,西溪润景,杭州,租房,"创意二路,近邱桥路"
4531679777860622,910832,欧美金融城,杭州,租房,"闲林港西路,近向往街"
4632070110192650,825861,都市阳光和苑,杭州,租房,甲来路82号
4401773178629121,794728,江滨澜廷,杭州,租房,"闻涛路,近江陵路"
4631986107980808,910215,嘉富广场,杭州,租房,市心南路822-830号
4561754179017730,608767,林溪闲庭,杭州,租房,闲富中路166号
4628081169718277,370057,嘉丰公馆,杭州,租房,"萧然西路,近南秀路"
4540385134947342,369817,恒安名座,杭州,租房,崇化路750号
4626662144699395,781406,篁外(公寓住宅),杭州,租房,"八角路,近鸡山路"
4615276063302662,160811,艮园,杭州,租房,东园街39号
4613530399024137,369955,杭州碧桂园(公寓住宅),杭州,租房,水云街158号
4622081389386767,160802,西城时代家园,杭州,租房,文一西路
4603693368941574,782578,得力名望府,杭州,租房,"104国道辅路,近03省道"
4616692268540943,593871,保亿风景晨园(公寓住宅),杭州,租房,"迎宾路,近1号路"
4620393457787913,611340,万科大家钱塘府,杭州,租房,"昙花庵路,近水湘路"
4617023194489863,991988,美政花苑民航宿舍,杭州,租房,"之江路,近美政路"
4623459818351618,792441,华元十六街区,杭州,租房,"2号大街,近顺雅巷"
4599615058111503,370048,飞虹丁香花园,杭州,租房,金桥北路
4613880893844495,826736,远东紫竹人家,杭州,租房,狮山路284号
4545782761597962,370078,建境巧克力公馆,杭州,租房,鸿兴路338号
4616757789875208,659403,中天之江诚品,杭州,租房,320国道
4573836059288578,785683,西溪华东园,杭州,租房,"五常大道,近高教路"
4597195324398603,909730,万象城悦玺,杭州,租房,"庆春东路,近钱江路"
4596638169062409,607368,绿城莲园(公寓住宅),杭州,租房,"北沙西路,近荷花路"
4606744642071554,994954,金色钱塘(北区),杭州,租房,风情大道677号
4630505427229702,408735,阳光逸城,杭州,租房,环丁路328号
4411473548143616,269307,华元爱丁郡,杭州,租房,"宋家湾路,近西坝路"
4615376594414594,234038,人和家园,杭州,租房,天目山路1号
4367418205791240,1218291,越秀星汇花园东区,杭州,租房,"星港路,近滨河路"
4600803484607502,369928,德圣博奥城,杭州,租房,建设二路528号
4558969394158596,781853,卓越蔚蓝领秀(一期),杭州,租房,"临丁路,近华鹤街"
4208726240914434,880188,大园新城(公寓住宅),杭州,租房,"天柱街,近大园路"
4594046415381504,659403,中天之江诚品,杭州,租房,320国道
4604229024670723,778765,金隅学府,杭州,租房,秋涛路
4584140556067841,945745,西溪海星海苑,杭州,租房,闲富北路
4616826965795843,795071,贝利栖溪望府,杭州,租房,"绿荫街,近塘栖路"
4551317875287046,795344,钱塘玫瑰湾,杭州,租房,新浦路1459号
4630522397498373,172244,滨江倾城之恋,杭州,租房,月明路1091号
4620923133731843,179178,梅堰小区,杭州,租房,红丰路216号
4525998179789831,825886,翡翠城(东南区),杭州,租房,"五常大道,近高教路"
4585435347756044,370090,湖山帝景湾(北苑公寓住宅),杭州,租房,南湖东路
4606763740357632,652463,越秀星汇悦城,杭州,租房,古墩路
4600765003752455,825526,保亿风景蝶院留园,杭州,租房,光裕路112号
4630525673974784,161035,天元公寓(公寓住宅),杭州,租房,19号大街709号
4622273997646849,160689,都市港湾,杭州,租房,北沙东路1-7号
4619201182260226,720940,新桃源,杭州,租房,华庭西路209号
4629460797643778,182305,崇庆里,杭州,租房,温州路50号
4490809639480332,369834,多立方公寓,杭州,租房,九华路
4603768225883136,628434,恒大帝景,杭州,租房,晨晖路
4624875218101262,300676,南北西岸(公寓住宅),杭州,租房,昼锦路12号
4554075844844552,826803,龙潭小区,杭州,租房,春江路1323号
4531415938196490,825585,缤纷东苑,杭州,租房,"风情大道,近丹枫路"
4536424449240065,369907,泊林印象,杭州,租房,仁爱路218号
4571129079491591,826683,浪漫香槟(东区),杭州,租房,香槟路68号
4565793960158211,224144,保利东湾(西区),杭州,租房,"24号大街,近20号大街"
4625129228035079,1030045,嘉丰万悦城(南区),杭州,租房,东湖北路
4531523848084480,160066,金都华府,杭州,租房,江城路
4586623990309894,370046,保利湾天地,杭州,租房,24号大街
4530265190099980,910660,东方君悦,杭州,租房,民心路88号
4610999898926087,370053,朗郡庭园(公寓住宅),杭州,租房,"象山路,近横桥路"
4619157136714756,615545,郡望府,杭州,租房,"建设四路,近枫香路"
4589481800360963,639013,万科金辰之光,杭州,租房,西陵路30号
4630628213613568,826498,新天地世嘉新座,杭州,租房,"新北街,近费家塘路"
4564657876380674,370078,建境巧克力公馆,杭州,租房,鸿兴路338号
4629502255377420,1218302,上坤山语四季(公寓住宅),杭州,租房,"顺风路,近临平大道"
4617051908729871,938681,三花国际,杭州,租房,"明月桥路,近鸿泰路"
4599410001255436,641202,赞成首府(公寓住宅),杭州,租房,世纪大道
4626541309406214,160999,复兴北苑,杭州,租房,复兴路163号
4596811182726151,179315,东海水景城(公寓住宅),杭州,租房,世纪大道西501号
4588154377085967,201741,三鑫君悦丽景,杭州,租房,金城路51号
4575839257566223,369882,远洋西溪公馆(公寓住宅),杭州,租房,文一西路822号
4590929534446599,160055,金厦公寓,杭州,租房,灯彩街50号
4616608835591168,725178,金成英特学府(公寓住宅),杭州,租房,"天目山西路,近城东路"
4214709251070982,634855,野风春晓,杭州,租房,九龙大道
4633622277450765,203873,建国南苑(北区),杭州,租房,"姚园寺巷,近建国南路"
4626307731745793,1296149,高桥花苑(东区),杭州,租房,高桦路3号
4616684717302798,528704,湖漫雅筑,杭州,租房,"天官路,近光裕路"
4595341866097670,292642,新州花苑东区,杭州,租房,"月明路,近西兴路"
4627008077786115,826691,玉城公寓,杭州,租房,东西大道
4629533531986957,224144,保利东湾(西区),杭州,租房,"24号大街,近20号大街"
4585913833888768,910215,嘉富广场,杭州,租房,市心南路822-830号
4272590373756930,379783,和合财富中心佳苑,杭州,租房,龙湖路16号
4592632047985664,369817,恒安名座,杭州,租房,崇化路750号
4618274143478790,995819,钱江彩虹府,杭州,租房,科海路
4588080616399873,191861,天水巷小区,杭州,租房,"体育场路,近中山北路"
4624150468242444,656439,德信大家钱江府,杭州,租房,"东宁路,近艮山西路"
4613964498902020,1035021,利一家园,杭州,租房,利丰路455号
4629553042121733,297940,云厦连园,杭州,租房,"青年路,近固陵路"
4564437053072395,826683,浪漫香槟(东区),杭州,租房,香槟路68号
4596541541540878,160824,清水公寓,杭州,租房,德胜巷13号
4506223151145999,1275483,海兴雅苑,杭州,租房,"联创街,近聚橙路"
4615395052936205,160524,天阳棕榈湾(东区),杭州,租房,棕榈路65号
4622222824807438,175739,观邸国际,杭州,租房,新和路167号
4531361395715072,370076,顺发堤香名苑,杭州,租房,"金鸡路,近博学路"
4620537728392193,826498,新天地世嘉新座,杭州,租房,"新北街,近费家塘路"
4557254330493955,779138,金地艺境,杭州,租房,"翁乔路,鑫业路"
4625131749155846,638890,擎天半岛(公寓住宅),杭州,租房,藕花洲大街159号
4529208334066695,1035534,万科北宸之光拱宸,杭州,租房,上园路
4541382797470720,1035534,万科北宸之光拱宸,杭州,租房,上园路
4559896306394124,218616,广瑞瑞城花园(公寓住宅),杭州,租房,东西大道
4620545856396301,173565,庭院深深(西区),杭州,租房,东西大道
4514741232573450,224920,京明凤凰家园,杭州,租房,申达路388号
4553286099147787,795344,钱塘玫瑰湾,杭州,租房,新浦路1459号
4566862719085577,209262,世茂江滨花园瑞景湾,杭州,租房,"16号大街,近23号大街"
4591145040899080,370091,阳光郡,杭州,租房,莫干山路1399号
4619575223837704,729169,融创瑷颐湾,杭州,租房,"祥运路,近杭行路"
4605592566881292,160223,白金海岸花园,杭州,租房,香溢路88号
4524456192711692,1152948,花园府,杭州,租房,"明月桥路,近环站北路"
4622496284470280,786761,万通时尚公馆(公寓住宅),杭州,租房,"景兴路,近东莲街"
4630305438575631,477594,嘉信九悦印象,杭州,租房,"东湖中路,近沿河路"
4585125470694409,596962,元成东盛家园,杭州,租房,松乔街518号
4587022732485645,635214,赞成杭家,杭州,租房,崇文街
4531710241135624,193773,梦琴湾,杭州,租房,"27号大街,近10号大街"
4584284693064716,160372,奥兰多小镇(公寓住宅),杭州,租房,风情大道4555号
4611308877278223,660200,雍荣华庭,杭州,租房,"莫干山路,近留祥路"
4626257726972929,826192,望江新园一园,杭州,租房,映霞街81号
4575663020663811,369972,泊林漫谷(公寓住宅),杭州,租房,留和路
4625065097255950,385032,白鹭郡南,杭州,租房,白鹭路
4587041177134083,219250,开元加州阳光小区,杭州,租房,金城路333号
4630474621266948,160199,金基晓庐,杭州,租房,钱潮路68号
4548653806775306,656248,首开国风美域,杭州,租房,振华路1号
4608568964389892,369839,协安紫郡,杭州,租房,紫萱路308号
4621129478775810,825841,上石苑,杭州,租房,石祥路349号
4619165924826121,160999,复兴北苑,杭州,租房,复兴路163号
4609263750700037,657466,莱茵传奇园,杭州,租房,"建设一路,近青年路"
4585832844942347,411253,九龙仓君廷(公寓住宅),杭州,租房,康信路
4572857938078728,160314,银河小区(公寓住宅),杭州,租房,永久路219号
4546298365635594,272618,江南文苑,杭州,租房,滨文路639号
4586876691932173,160284,广宇西城年华,杭州,租房,申花路388号
4630908138003457,234643,金苑山庄,杭州,租房,四铜线
4584278798951435,160571,湘湖家园,杭州,租房,萧西路843号
4615236602620943,825931,福鼎家园,杭州,租房,"文昌路,近常二路"
4557467072715778,952171,中赢康康谷(商住楼),杭州,租房,春晓路61号
4586635876232204,160520,翰林花园,杭州,租房,翰林街108号
4592303562812425,190614,滨江家园,杭州,租房,近江东路32号
4620617611092993,446654,白鹭郡南探梅里(南区),杭州,租房,大陆路
4609817935455236,192354,铂金时代,杭州,租房,滨兴路158号
4629345383836685,160558,六合天寓,杭州,租房,东信大道1222号
4589834021987329,652450,融信蓝孔雀,杭州,租房,"石祥路,近莫干山路"
4564252287708173,299190,云龙十一景(公寓住宅),杭州,租房,建国北路80号
4472350782303236,1275483,海兴雅苑,杭州,租房,"联创街,近聚橙路"
4613890916789256,520016,和谐嘉园东苑,杭州,租房,江锦路176号
4607262167475208,369924,金岸提香(公寓住宅),杭州,租房,中泰路322号
4593103334841352,923412,禹洲滨之江,杭州,租房,"枫桦东路,近枫桦西路"
4551810015636480,615545,郡望府,杭州,租房,"建设四路,近枫香路"
4627861303649295,804783,白塔人家,杭州,租房,"复兴路,近水澄路"
4527275998342147,826385,建华家苑,杭州,租房,三官塘路
4526037980371971,203873,建国南苑(北区),杭州,租房,"姚园寺巷,近建国南路"
4624642820844544,336446,瑞金华庭嘉苑,杭州,租房,藕花州大街西段264号
4547581901644812,656689,兴耀鑫都汇,杭州,租房,滨康路
4538724992295939,379783,和合财富中心佳苑,杭州,租房,龙湖路16号
4626594971065359,995754,龙湖滟澜山(澜轩),杭州,租房,"华景街,近银沙路"
4571365617265675,161011,蚕花园永兴坊,杭州,租房,"永兴弄,近上塘路"
4589421743401998,369835,协安蓝郡,杭州,租房,"金昌路,近古墩路"
4548395077708806,206392,望江新园二园,杭州,租房,东霞巷32号
4514473048988683,481359,青枫墅园山语阁,杭州,租房,"上仓路,近和睦路"
4615437058223115,482573,顺发旺角城(公寓住宅),杭州,租房,市心中路123号
4551658157550603,481359,青枫墅园山语阁,杭州,租房,"上仓路,近和睦路"
4629630186839044,628110,开元名郡,杭州,租房,"向旭支路,近晨晖路"
4624832607595530,641638,富越香郡,杭州,租房,"湖州街,近杭行路"
4598318968085506,160445,江南豪园,杭州,租房,江南大道380号
4597963665136642,477594,嘉信九悦印象,杭州,租房,"东湖中路,近沿河路"
4593850084699143,219861,万科魅力之城(东区),杭州,租房,九环路41-4号
4589788743277569,216505,通和南岸花城(公寓住宅),杭州,租房,时代大道
4630651227565063,725178,金成英特学府(公寓住宅),杭州,租房,"天目山西路,近城东路"
4633135215684613,346247,星桥桂花城,杭州,租房,"藕花洲大道,近太平路"
4627474504410124,224958,广厦天都城天星苑,杭州,租房,"场环路,近欢乐大道"
4634049425368072,369924,金岸提香(公寓住宅),杭州,租房,中泰路322号
4620948057447427,807880,阳光城上府(公寓住宅),杭州,租房,"风情大道,近滨康路"
4596733209816073,479412,天鸿香榭里,杭州,租房,"通益路,近祥运路"
4489419798602766,160205,锦绣江南(滨江),杭州,租房,咏渡巷59号
4613850887773198,610065,绿地旭辉城,杭州,租房,"扬帆路,近滨盛路"
4580264257465350,825865,都市阳光乐苑,杭州,租房,甲来路
4576836371192843,995171,锦文雅苑(西区),杭州,租房,永福路
4588120041546758,634855,野风春晓,杭州,租房,九龙大道
4630577489388553,379783,和合财富中心佳苑,杭州,租房,龙湖路16号
4618240787672065,476572,顺发江南丽锦,杭州,租房,"市心北路,近扬帆路"
4615057325698052,181169,康城国际,杭州,租房,世纪大道676号
4630435619464199,826308,中海寰宇天下C区,杭州,租房,"滨盛路,近江陵路"
4607999666695175,160053,宋都凯旋苑,杭州,租房,凯旋路68号
4615610737157124,825877,盛庐小区,杭州,租房,滨盛路3215号
4623497905331203,286709,邱山小区,杭州,租房,邱山大街235号
4588080518081551,304199,西城美墅,杭州,租房,申花路386号
4589457877804041,909730,万象城悦玺,杭州,租房,"庆春东路,近钱江路"
4629141869079560,369943,玉都枫景名苑,杭州,租房,"东西大道,近良平路"
4613579483044868,520016,和谐嘉园东苑,杭州,租房,江锦路176号
4592870061712390,433939,转塘家园(南区),杭州,租房,之江路5号
4603932512445453,606332,世茂之西湖御涛轩,杭州,租房,"江南大道,近西环路"
4633915574115335,185133,毓秀家园,杭州,租房,临平人民大道652号
4616570194156553,205375,观澜郡亭公寓(商住楼),杭州,租房,之江路968号
4576074248985614,637906,黄龙金茂悦,杭州,租房,"塘萍路,近拱苑路"
4619143389244428,369852,绿城玉园,杭州,租房,"人民大道,近新丰路"
4599423418997775,826753,林风花园沁林苑,杭州,租房,闻潮路168号
4631169266326531,826569,晶典公寓,杭州,租房,南环路1528号
4584104576248840,826055,广和美地兰庭,杭州,租房,"东西大道,近三星路"
4622889814647810,825484,白马湖小区孔雀苑,杭州,租房,"江虹南路,近规划支路"
4551470672112654,216505,通和南岸花城(公寓住宅),杭州,租房,时代大道
4625210043837442,658236,钱江御府,杭州,租房,"候潮路,近秋涛路"
4603614276836352,369924,金岸提香(公寓住宅),杭州,租房,中泰路322号
4626567685987335,370021,西郊半岛(公寓住宅),杭州,租房,江滨东大道1号
4633746050753537,248058,宏丰家具城小区,杭州,租房,五常荆山湾88号
4630459890965504,877972,融信学院府,杭州,租房,学院北路
4398407025777668,160812,郁金香岸(公寓住宅),杭州,租房,万达路770号
4606911771040769,444534,东和云第,杭州,租房,明德路350号
4557275327456268,191939,河畔花园,杭州,租房,古塘路31号
4589434456300555,618884,美好桂花星座,杭州,租房,"远展街,近星源路"
4529976612609036,804630,龙湖水晶郦城,杭州,租房,"茹家路,近庄墩路"
4593737201015813,206600,钱江水晶城,杭州,租房,滨盛路4402号
4617819165269003,370053,朗郡庭园(公寓住宅),杭州,租房,"象山路,近横桥路"
4548817250198539,637906,黄龙金茂悦,杭州,租房,"塘萍路,近拱苑路"
4601161636817928,161107,翰墨香林苑,杭州,租房,留和路546号
4619481497478150,766078,九龙仓雍景山(公寓住宅),杭州,租房,万通路58号
4589589336712200,160186,闸弄口新村,杭州,租房,机场路18-8号
4593791959280645,160066,金都华府,杭州,租房,江城路
4625056728605711,191993,都市水乡水涟苑,杭州,租房,广业街235号
4632027271785480,336639,仓溢绿苑,杭州,租房,海曙路128号
4620697958540299,218032,吉如家园,杭州,租房,"杭印路,近登云路"
4615185817033732,186603,钱塘名都,杭州,租房,钱江路628-640号
4623731424551951,826557,近江四园,杭州,租房,"婺江路,近富春路"
4377568644047883,1062189,奥克斯时代未来之城,杭州,租房,"向往街,近向往街"
4628042677918724,370110,理想康城一品,杭州,租房,人民大道258号
4617764811959311,205425,银泰海威国际,杭州,租房,"江虹路,近科技馆路"
4622583868795914,172587,浣纱路58-371号小区,杭州,租房,浣纱路
4633335339543556,218616,广瑞瑞城花园(公寓住宅),杭州,租房,东西大道
4129479422550031,1218280,碧桂园东旭府,杭州,租房,时代大道
4617798929490956,995993,东田怡丰城(商住楼),杭州,租房,"迎宾路,近天万路"
4526158907008012,161090,伊萨卡国际城(公寓住宅),杭州,租房,"14号大街,近沿江大道"
4596946607201292,792522,万科星空,杭州,租房,文一西路
4595274894797832,369929,昆仑公馆,杭州,租房,长板巷99号
4597032940055556,369948,恒瑞名座,杭州,租房,利华路898号
4619392692448265,503874,复地上城,杭州,租房,"文一西路,近东西大道"
4623956260711433,385032,白鹭郡南,杭州,租房,白鹭路
4555599950355457,191425,香榭里花园,杭州,租房,4号大街
4631042245141517,444534,东和云第,杭州,租房,明德路350号
4520129533877260,220790,庆春苑,杭州,租房,太平门直街15号
4616871984491533,160795,钱江时代公寓,杭州,租房,清江路346号
4630578590983177,467227,保利城市果岭,杭州,租房,银海街38号
4551951336184840,826455,新东名苑,杭州,租房,香樟路
4618198761626631,995819,钱江彩虹府,杭州,租房,科海路
4517511544022021,181423,袁井巷,杭州,租房,"中河南路,近抚宁路"
4633732711146506,160534,凯旋新村(西区),杭州,租房,凯旋路107号
4619571368254470,791880,上实海上海(一期),杭州,租房,"古墩路,金汇南路"
4600849364624384,160186,闸弄口新村,杭州,租房,机场路18-8号
4606778820946952,790322,新城香悦奥府,杭州,租房,"博奥路,近建设一路"
4607894687966208,826027,瓜山佳苑,杭州,租房,拱康路
4610984826317834,659380,临东家园,杭州,租房,星光街1091号
4631966599273481,160205,锦绣江南(滨江),杭州,租房,咏渡巷59号
4588377723153416,995819,钱江彩虹府,杭州,租房,科海路
4632413031685131,721076,滨江东方海岸(萧山公寓住宅),杭州,租房,"三江路,近湘湖路"
4608189676792835,1365370,中天珺府(北区公寓住宅),杭州,租房,科技大道2988号
4605007005754380,248058,宏丰家具城小区,杭州,租房,五常荆山湾88号
4616657192510471,160944,兰韵天城,杭州,租房,墩祥街
4476543808924674,659380,临东家园,杭州,租房,星光街1091号
4631481782299654,369858,华瑞湘湖美地,杭州,租房,萧西路605号
4585217387830285,160720,钱塘春晓花园,杭州,租房,月明路862号
4631012079873031,1365370,中天珺府(北区公寓住宅),杭州,租房,科技大道2988号
4626242057200655,346142,望江家园东园,杭州,租房,钱江路483号
4619823999034377,219224,燕子弄小区,杭州,租房,"庆春路,近建国中路"
4620577729485834,628421,众安景海湾(公寓住宅),杭州,租房,弘慧路
4566885787018253,655351,尚堂府,杭州,租房,石祥路282号
4607827408067586,410317,之江家园五区,杭州,租房,"转之路,近东环路"
4571150072015877,825483,白马湖小区凤凰苑(南区),杭州,租房,"一号路,近江虹路"
4623974603973643,826452,金地自在城求学里,杭州,租房,"嘉仁路,近金蓬街"
4613968909655054,825525,保亿风景蝶院观园,杭州,租房,"江虹路,近天官路"
4579681466360834,160381,采荷小区洁莲邨,杭州,租房,双菱路34号
4633379100238852,1078073,越秀星悦城(公寓住宅),杭州,租房,"星港路,近塘塍街"
4632473235889162,482573,顺发旺角城(公寓住宅),杭州,租房,市心中路123号
4567091977378825,161133,钱江彩虹城,杭州,租房,滨盛路4398号
4589533620726784,160553,新明半岛(公寓住宅),杭州,租房,102省道
4613853625621511,225610,南江公寓,杭州,租房,萧然南路554号
4615152502856709,369835,协安蓝郡,杭州,租房,"金昌路,近古墩路"
4619208066229255,720940,新桃源,杭州,租房,华庭西路209号
4619647766553611,369931,恒厚阳光城,杭州,租房,杭泰路103号
4333242675272711,161147,钱江湾花园,杭州,租房,东信大道99号
4629550708284420,315701,悦麒美寓(东区),杭州,租房,杭乔路8号
4498853561887753,779615,合景天峻,杭州,租房,创景路
4561436478022658,611340,万科大家钱塘府,杭州,租房,"昙花庵路,近水湘路"
4609898606865412,303778,大成名座,杭州,租房,"市心北路,近建设三路"
4615245146156042,938894,宝龙云滨湾(公寓住宅),杭州,租房,学林街323号
4578556365577222,160342,定山家园(西区),杭州,租房,"霞鸣街,近象山路"
4548401747944457,220572,亲亲家园二期,杭州,租房,金家渡路318号
4615045807774723,369924,金岸提香(公寓住宅),杭州,租房,中泰路322号
4618227065990149,379788,赞成檀府(公寓住宅),杭州,租房,"星光街,近新颜路"
4623711977825282,385032,白鹭郡南,杭州,租房,白鹭路
4608226751945736,575797,朗诗未来街区西园,杭州,租房,"天万路,近苑中路"
4599455367343113,910660,东方君悦,杭州,租房,民心路88号
4497847145982982,778406,滨江西溪之星(公寓住宅),杭州,租房,"荆长大道,纬三路"
4623227772345351,575797,朗诗未来街区西园,杭州,租房,"天万路,近苑中路"
4600162249237508,783119,绿城留香园,杭州,租房,塘工局路
4615466514770959,826366,恒大名城博园,杭州,租房,博园路
4587143998596096,161005,钱江三苑,杭州,租房,"庆春东路,近杭海路"
4381728982082575,635026,合景瑜翠园,杭州,租房,舒心路
4588415437515777,218616,广瑞瑞城花园(公寓住宅),杭州,租房,东西大道
4629084161104911,825885,翡翠城(东北区),杭州,租房,高教路
4631137518281740,446654,白鹭郡南探梅里(南区),杭州,租房,大陆路
4608824210449411,160842,春波小区,杭州,租房,春波路32号
4613606526594063,826756,云都凤凰城,杭州,租房,云市路86号
4586964339497986,656371,佳兆业西溪璞园(公寓住宅),杭州,租房,"荆山湾路,近联胜路"
4630961624067076,369945,方正荷塘月色,杭州,租房,"总管路,近祥园路"
4630758985706510,792441,华元十六街区,杭州,租房,"2号大街,近顺雅巷"
4633753286372364,303624,东海柠檬郡,杭州,租房,幸福南路252号
4633134294264841,370090,湖山帝景湾(北苑公寓住宅),杭州,租房,南湖东路
4614139922670607,654114,中港罗兰小镇(公寓住宅),杭州,租房,"210省道,近康泰路"
4609601155275788,727345,经纬御贤府,杭州,租房,崇文街90号
4490464380871694,584452,中海西溪华府,杭州,租房,五常港路
4603672465482763,193252,和家园(南区公寓住宅),杭州,租房,杨梅山路310号
4633927221978126,995171,锦文雅苑(西区),杭州,租房,永福路
4588528650382337,160527,水岸帝景,杭州,租房,钱潮路10号
4619504418954241,717456,中和北宸府,杭州,租房,崇文街615号
4622189655581702,826220,闻潮尚庭,杭州,租房,"望江东路,近钱江路"
4624237190786058,1033632,华元欢乐城(商住楼),杭州,租房,"迎宾路,近望梅路"
4619147956134915,219944,南肖埠御景苑,杭州,租房,太平门直街216号
4584197434369039,1021780,绿城蓝庭(西区),杭州,租房,振兴西路52号
4589658215230472,656352,运河宸园(公寓住宅),杭州,租房,"登云路,近小河路"
4615326313389068,826304,西溪北苑北区,杭州,租房,"文昌路,近荆长大道"
4624902294152207,1078509,北大资源颐和江南(公寓住宅),杭州,租房,104国道
4544640569613325,825585,缤纷东苑,杭州,租房,"风情大道,近丹枫路"
4614158943233027,370090,湖山帝景湾(北苑公寓住宅),杭州,租房,南湖东路
4629209153317901,877690,西溪八方城,杭州,租房,"文一西路,近荆长路"
4623443807661061,379778,龙湖香醍溪岸(公寓住宅),杭州,租房,"304省道,近宏达路"
4625488409926671,160997,采荷绿萍,杭州,租房,庆春东路12号
4618214213970955,995819,钱江彩虹府,杭州,租房,科海路
4609862365682700,730320,万科大家世纪之光,杭州,租房,"振宁路,近金鸡路"
4620591082499078,175824,左岸花园,杭州,租房,永庆路120号
4629179007626244,178166,凤亭院,杭州,租房,新昌路50号
4534257635535876,336446,瑞金华庭嘉苑,杭州,租房,藕花州大街西段264号
4531542329924612,218933,复地连城国际,杭州,租房,杭海路1636号
4623712448488449,370092,保利玫瑰湾,杭州,租房,24号大街
4568292281052165,160343,南岸晶都花园,杭州,租房,平安路72号
4616821029643266,789656,利二花苑,杭州,租房,"奔竞大道,近金鸡路"
4615264030465035,369945,方正荷塘月色,杭州,租房,"总管路,近祥园路"
4579519727070217,316964,慧仁家园北区,杭州,租房,"嘉仁路,近池华街"
4620873495700493,369952,名城公馆(公寓住宅),杭州,租房,"登云路,近通益路"
4630956293499917,219714,玄坛弄小区,杭州,租房,玄坛弄
4597009474690048,370104,城发云锦城,杭州,租房,"华鹤街,近长睦路"
4603676387683340,826256,清水湾山水苑(公寓住宅),杭州,租房,中泰路
4622325215292431,826363,仙林苑(南区),杭州,租房,中山北路142号
4624885354028043,909730,万象城悦玺,杭州,租房,"庆春东路,近钱江路"
4602212458454031,626947,佳源名城,杭州,租房,"崇超路,近汇贤路"
4568234058882056,825862,都市阳光华苑,杭州,租房,"周坪路,近来仁街"
4565832560958479,160621,西房云溪香山(北区),杭州,租房,"转塘路,近望江山路"
4576923104404483,826756,云都凤凰城,杭州,租房,云市路86号
4360119981842445,192159,钱神花苑,杭州,租房,仓兴街438-4号
4511631839552525,369846,保利江语海(公寓住宅),杭州,租房,"之江东路,近6号大街"
4602212680150017,350909,九衡公寓,杭州,租房,"良周路,近东西大道"
4619135515945994,160713,滨江金色家园,杭州,租房,富春路16号
4629467743296519,346243,大华海派风景,杭州,租房,东吴路
4599572624743436,531858,石榴派,杭州,租房,"东西大道,近京福线"
4626294535003147,597681,景瑞御蓝湾,杭州,租房,禹航路5号
4624641608735756,995004,东方俊园(东区),杭州,租房,新颜南路28号
4631064236776454,160590,西溪锋尚,杭州,租房,文三西路499号
4608036307395599,217526,临平桂花城(北区),杭州,租房,人民大道
4601185096475661,825790,东岸嘉园二区,杭州,租房,海通街229号
4597114021176326,369976,东海闲湖城(公寓住宅),杭州,租房,天目山西路277号
4562937830317056,910660,东方君悦,杭州,租房,民心路88号
4618064854064135,611311,恒基旭辉府,杭州,租房,"崇杭街,近丽水北路"
4630538026396680,404541,仁苑,杭州,租房,滨盛路3191号
4618674728049667,825583,滨兴小区(东区),杭州,租房,"齐飞路,近滨兴路"
4629459630746637,369879,赞成美树,杭州,租房,金恒路174号
4609284697086988,161011,蚕花园永兴坊,杭州,租房,"永兴弄,近上塘路"
4552678075952140,190732,江枫苑,杭州,租房,凤山桥直街13号
4630303767241734,178249,景江城市花园(公寓住宅),杭州,租房,之江路958号
4557023284732940,369948,恒瑞名座,杭州,租房,利华路898号
4491867696309263,160066,金都华府,杭州,租房,江城路
4565806953589767,224144,保利东湾(西区),杭州,租房,"24号大街,近20号大街"
4549184454665224,160610,现代印象广场,杭州,租房,江南大道3399号
4616732628065281,807434,艺尚里,杭州,租房,"永乐路,近迎宾路"
4623644997968911,642230,赞成龙兴道一号,杭州,租房,"新颜南路,近龙兴路"
4616790001642510,236163,绿城蓝色钱江(公寓住宅),杭州,租房,鲲鹏路
4536052994055180,370045,绿城富春玫瑰园(别墅),杭州,租房,江滨东大道515号
4615355390911503,369945,方正荷塘月色,杭州,租房,"总管路,近祥园路"
4547446180701195,635803,景瑞御华府(公寓住宅),杭州,租房,"世纪大道,近汀兰路"
4590067988540424,994998,春波西苑,杭州,租房,"春波路,近江晖路"
4622469691517955,825828,东日晴好,杭州,租房,"科海路,近狐山路"
4511603787459598,160610,现代印象广场,杭州,租房,江南大道3399号
4617734221915145,369908,泰地北上新城,杭州,租房,华中路229号
4595579183815681,1024826,中庆润泽院,杭州,租房,"西环北路,近文居街"
4629225887538180,825948,水榭花都,杭州,租房,绿荫街149号
4630552234683396,803535,宋都东郡之星,杭州,租房,"银海街,近春新路"
4599891321154574,1033632,华元欢乐城(商住楼),杭州,租房,"迎宾路,近望梅路"
4596621791288335,826192,望江新园一园,杭州,租房,映霞街81号
4629209321219074,160550,同城印象(东区),杭州,租房,狮山路432号
4554106734799879,609162,保利梧桐语,杭州,租房,"普德路,近九州路"
4624037185577990,205213,欣盛东方郡(西区),杭州,租房,江汉路170号
4601687542586372,160842,春波小区,杭州,租房,春波路32号
4566890018057223,160971,清泰小区,杭州,租房,解放东路422号
4578498479610895,174646,东方润园,杭州,租房,钱潮路9号
4632324388676609,161181,静怡花苑,杭州,租房,秋涛路550号
4578179756336134,160299,国信嘉园(公寓住宅),杭州,租房,滨盛路4050号
4547121326939136,223697,滨江万家星城(西区),杭州,租房,东新路800号
4562662013774849,160906,平安居,杭州,租房,屏风街94号
4604104740379658,909736,星耀城,杭州,租房,江陵路2028号
4630507698054153,826482,新世界琅琴湾,杭州,租房,迎康路28号
4625086371687439,223789,红街公寓,杭州,租房,新风路318号
4612388294581256,786760,新城峯璟(公寓住宅),杭州,租房,文二西路
4629556266294272,825885,翡翠城(东北区),杭州,租房,高教路
4575861399542787,826352,佳丰北苑,杭州,租房,飞虹路1077号
4614925139110914,190468,欣龙华府,杭州,租房,"荆余路,近凤新路"
4623450100558850,369976,东海闲湖城(公寓住宅),杭州,租房,天目山西路277号
4602805457591299,160053,宋都凯旋苑,杭州,租房,凯旋路68号
4545980853281796,160053,宋都凯旋苑,杭州,租房,凯旋路68号
4626558251082752,160944,兰韵天城,杭州,租房,墩祥街
4633399162657801,654114,中港罗兰小镇(公寓住宅),杭州,租房,"210省道,近康泰路"
4616829740016647,170497,万科西溪蝶园(北区),杭州,租房,紫霞街188号
4610974292417546,619140,元成时代中心(商住楼),杭州,租房,"金乔路,近元成路"
4039065095007236,178249,景江城市花园(公寓住宅),杭州,租房,之江路958号
4605637075887115,160067,顺发佳境天城(公寓住宅),杭州,租房,市心北路737号
4631981128690700,621010,香山四季公馆,杭州,租房,"蜀山路,近亚太路"
4576763263474696,1047306,秀里华庭,杭州,租房,紫荆花北路439号
4599513194097669,160390,采荷人家,杭州,租房,杭海路265-267号
4634081856249859,826304,西溪北苑北区,杭州,租房,"文昌路,近荆长大道"
4630673348717583,160053,宋都凯旋苑,杭州,租房,凯旋路68号
4577060445875205,1003246,景瑞阳光城法兰公园(公寓住宅),杭州,租房,天荷路60号
4522945513561100,260600,同人山庄,杭州,租房,科技大道
4620908540288010,369877,众安嘉润公馆,杭州,租房,"金鸡路,近潮韵路"
4599739492981761,160299,国信嘉园(公寓住宅),杭州,租房,滨盛路4050号
4626441946965000,370110,理想康城一品,杭州,租房,人民大道258号
4593955253738496,444534,东和云第,杭州,租房,明德路350号
4588001361519618,204948,木材新村,杭州,租房,秋涛路168号
4589421298508806,923735,恒鼎博邑郡,杭州,租房,"滨康路,近时代大道"
4625579861763076,825948,水榭花都,杭州,租房,绿荫街149号
4629487962266624,725178,金成英特学府(公寓住宅),杭州,租房,"天目山西路,近城东路"
4508189584780301,825725,大家悦墅,杭州,租房,育才西路
4515053370221569,160570,十亩田家园,杭州,租房,化仙桥路27号
4470685192315907,604862,白鹭郡南秋荷坊,杭州,租房,玉鸟路
4565855251831820,160442,双菱小区,杭州,租房,双菱路33-37号
4581348994280457,160951,万家花园,杭州,租房,天城路95号
4557083638754309,296629,铭和苑柳翠坊,杭州,租房,学源街1273号
4582366615331841,160511,华藏寺巷,杭州,租房,建国中路180号
4617785451455488,185133,毓秀家园,杭州,租房,临平人民大道652号
4625007937235982,863121,宝龙城市广场,杭州,租房,"学府街,近学林支路"
4626424332053517,346243,大华海派风景,杭州,租房,东吴路
4473687321025545,369942,华盛达阅城,杭州,租房,"杭行路,近祥富路"
4576866346755085,788323,东晖龙悦湾(公寓住宅),杭州,租房,"五洲路,近小白线"
4599484596069382,610622,东田怡丰城(公寓住宅),杭州,租房,"迎宾路,近天万路"
4613563944348676,628421,众安景海湾(公寓住宅),杭州,租房,弘慧路
4571496393513987,219944,南肖埠御景苑,杭州,租房,太平门直街216号
4630880807595009,409778,玲珑香榭,杭州,租房,杭机路6-13号
4578019303386120,794728,江滨澜廷,杭州,租房,"闻涛路,近江陵路"
4616426636237830,989973,佳源优优锦城,杭州,租房,西墅街407号
4603688926845959,160574,风雅钱塘,杭州,租房,月明路1076号
4608042389349385,993918,水韵康桥康盛苑,杭州,租房,"前洋路,近康桥路"
4574461527352327,160314,银河小区(公寓住宅),杭州,租房,永久路219号
4589971247440905,826838,绿城明月江南(西区),杭州,租房,月明路303号
4630891467402250,799196,颐和山庄(别墅),杭州,租房,科技大道3608号
4620549894368271,160384,瑞立中央花城,杭州,租房,滨河路796号
4603657014418440,370067,贝利珑昕泽第,杭州,租房,"东大街,近九曲营路"
4579499877456896,611311,恒基旭辉府,杭州,租房,"崇杭街,近丽水北路"
4620650279398414,217526,临平桂花城(北区),杭州,租房,人民大道
4630539148536837,826451,金地自在城栖霞居(公寓住宅),杭州,租房,金蓬街
4626605088091146,350909,九衡公寓,杭州,租房,"良周路,近东西大道"
4618455384892430,1048398,红联九漾华庭西区,杭州,租房,"新城路,近永乐路"
4552976403932173,877729,金久城市花园,杭州,租房,春江东路388号
4597132127591425,370080,中粮云涛名苑(公寓住宅),杭州,租房,时代大道
4624781211395078,369902,金地天逸,杭州,租房,山阴路1999路
4604365098314752,607300,兴耀星悦湾(公寓住宅),杭州,租房,"青六南路,近横雷线"
4592620324348933,826176,万星碧云天公寓,杭州,租房,孙权路
4603943219031052,207942,浪漫和山东溪苑,杭州,租房,留和路
4606789745892353,171723,滨文苑,杭州,租房,"滨文路,近火炬大道"
4631880630594571,370090,湖山帝景湾(北苑公寓住宅),杭州,租房,南湖东路
4566804329851913,216452,华瑞湘湖林语,杭州,租房,下湘湖路8号
4611023751785476,991988,美政花苑民航宿舍,杭州,租房,"之江路,近美政路"
4611046533719048,468839,亲亲家园三期,杭州,租房,"古墩路,近通济路"
4595529710513156,925737,长河商厦,杭州,租房,长江路428号
4608163903007749,826753,林风花园沁林苑,杭州,租房,闻潮路168号
4572905162824707,604862,白鹭郡南秋荷坊,杭州,租房,玉鸟路
4564797027853322,160933,大营盘小区,杭州,租房,"体育场路,近仓河下"
4595122235763721,952860,新城香悦公馆(公寓住宅),杭州,租房,金城路1799号
4615406910417924,265301,江南国美家园,杭州,租房,闻涛路
4606544285901839,825861,都市阳光和苑,杭州,租房,甲来路82号
4554035876387845,178176,都市水乡水曲苑,杭州,租房,"广业街,近长阳路"
4609709653371915,923412,禹洲滨之江,杭州,租房,"枫桦东路,近枫桦西路"
4581261274475529,619856,新城山语院,杭州,租房,"星光街,近顺达路"
4364811541650432,826831,绿城九龙仓柳岸晓风(公寓住宅),杭州,租房,"闻涛路,近建业路"
4540146006615050,369963,绿城钱王文化广场锦玉园,杭州,租房,城中街178号
4572782012918794,160342,定山家园(西区),杭州,租房,"霞鸣街,近象山路"
4622345174621187,219224,燕子弄小区,杭州,租房,"庆春路,近建国中路"
4585300429560832,191233,复兴东苑,杭州,租房,"复兴路,近秋涛路"
4616479660448771,877684,陆家桥新苑,杭州,租房,星海南路87号
4628397093757967,825673,春波南苑,杭州,租房,"滨安路,近江晖路"
4630552822852617,369858,华瑞湘湖美地,杭州,租房,萧西路605号
4613950631502854,788033,爵士风情韵沁苑,杭州,租房,"天目山西路,近闲富北路"
4565697228106767,160906,平安居,杭州,租房,屏风街94号
4619341049699333,1021780,绿城蓝庭(西区),杭州,租房,振兴西路52号
4609274976853006,877759,东亚新干线,杭州,租房,"明月桥路,近天城路"
4536130347772943,369839,协安紫郡,杭州,租房,紫萱路308号
4544677181086725,370091,阳光郡,杭州,租房,莫干山路1399号
4570332876479494,826267,华盛星洲翠谷,杭州,租房,福严路82号
4623826637560840,1424017,越秀景瑞悦见山,杭州,租房,"兴国路,近辰兴路"
4619373825303561,618928,耀达金鼎华庭,杭州,租房,仁和大道
4622823002547206,476572,顺发江南丽锦,杭州,租房,"市心北路,近扬帆路"
4595112995183616,635214,赞成杭家,杭州,租房,崇文街
4578426035530767,160359,通策广场(公寓住宅),杭州,租房,江南大道3672号
4631023702238213,181626,绿城蓝庭(东区),杭州,租房,"振兴西路,近星河路"
4539188748659719,160518,中江花园,杭州,租房,环城东路313号
4548385004624904,826126,同仁家园金涛港,杭州,租房,"嘉仁路,近墩祥街"
4584212635722759,160039,东海花园,杭州,租房,南大街126号
4615304188685316,217304,锦绣钱塘,杭州,租房,科技大道
4614195503881219,369964,德信臻园,杭州,租房,"小河路,近文岚路"
4624843994668040,379785,九龙仓碧玺,杭州,租房,"后横港路,近桥弄街"
4616394629538816,179524,"小河路323,333,335,337号小区",杭州,租房,"小河路323,333,335,337号"
4579954054781962,785209,新湖菲林山,杭州,租房,上仓路
4618389656757250,238045,都市水乡水秀苑,杭州,租房,民意街45号
4630507115424778,217478,绿野春天家园(公寓住宅),杭州,租房,"里东路,近闲富公路"
4584045604461572,825861,都市阳光和苑,杭州,租房,甲来路82号
4620579609422858,1236386,上实海上海(二期),杭州,租房,白洋路
4619956632331268,318496,都市水乡水月苑,杭州,租房,长阳路319号
4578621060619269,616507,万泰城章,杭州,租房,"世纪大道,近望梅路"
4608204061727755,418048,风雅乐府(公寓住宅),杭州,租房,"好运街,近东吴路"
4518742578715658,1218280,碧桂园东旭府,杭州,租房,时代大道
4562755367558145,296629,铭和苑柳翠坊,杭州,租房,学源街1273号
4521964804844553,160067,顺发佳境天城(公寓住宅),杭州,租房,市心北路737号
4582692976419849,181169,康城国际,杭州,租房,世纪大道676号
4599525462809604,938030,龙禧大酒店公寓,杭州,租房,江南大道3788号
4534799467752450,160266,润达花园,杭州,租房,古墩路1236号
4578443085505542,826482,新世界琅琴湾,杭州,租房,迎康路28号
4574207180383232,160901,翠苑三区(东区),杭州,租房,翠柏路11号
4589521385315331,160883,碧云阁,杭州,租房,复兴弄24号
4626336290479114,788033,爵士风情韵沁苑,杭州,租房,"天目山西路,近闲富北路"
4633874324102148,945744,融创未来海溪汀苑,杭州,租房,"闲富北路,近上和路"
4548839313873931,203873,建国南苑(北区),杭州,租房,"姚园寺巷,近建国南路"
4614119746821130,585613,绿城巧园,杭州,租房,"浦沿路,近坚塔路"
4633785082274826,370021,西郊半岛(公寓住宅),杭州,租房,江滨东大道1号
4617776028853250,401653,春天华府,杭州,租房,保锦路169号
4558649362785289,404541,仁苑,杭州,租房,滨盛路3191号
4630495009661954,160297,三江鸣翠蓝湾(别墅),杭州,租房,九龙大道188号
4610680341388301,573718,德信东望,杭州,租房,"新塘路,近明月桥路"
4609693387578372,160630,滨江金色海岸,杭州,租房,富春路9号
4632307815867393,161011,蚕花园永兴坊,杭州,租房,"永兴弄,近上塘路"
4614916131675146,910818,美都广场,杭州,租房,教工路619号
4629084676348937,200064,逸居城,杭州,租房,逸盛路183号
4552931098455042,467227,保利城市果岭,杭州,租房,银海街38号
4616430109633545,952860,新城香悦公馆(公寓住宅),杭州,租房,金城路1799号
4599845735881731,615545,郡望府,杭州,租房,"建设四路,近枫香路"
4562823739319310,160841,同人春江时代,杭州,租房,"长河路,近滨盛路"
4535890410841094,1168536,新视界公寓,杭州,租房,"高桥西路,近金桥北路"
4602397890124804,659567,惠都家园(东区),杭州,租房,太平路93号
4585240977824774,584452,中海西溪华府,杭州,租房,五常港路
4611290071360526,606332,世茂之西湖御涛轩,杭州,租房,"江南大道,近西环路"
4626056771693575,178587,都市水乡水滟苑,杭州,租房,广业街282号
4617875559226377,793527,龙湖武林九里,杭州,租房,"华丰中路,近丁城路"
4626268647597061,369834,多立方公寓,杭州,租房,九华路
4618225514195980,626969,紫玉福邸,杭州,租房,"秋涛北路,近机场路"
4627918820023304,181626,绿城蓝庭(东区),杭州,租房,"振兴西路,近星河路"
4569685645648909,160802,西城时代家园,杭州,租房,文一西路
4597169925186560,161051,德胜新村(北区),杭州,租房,德苑路99号
4629349767390220,203873,建国南苑(北区),杭州,租房,"姚园寺巷,近建国南路"
4603709409797120,488896,世纪嘉园,杭州,租房,"世纪大道,南兴路"
4511667002661891,160445,江南豪园,杭州,租房,江南大道380号
4606554871735296,792441,华元十六街区,杭州,租房,"2号大街,近顺雅巷"
4616835612107784,369827,水乡华庭,杭州,租房,"人民路,近广济路"
4544821293376518,608759,方正御星,杭州,租房,"杭行路,近祥富路"
4615191389432840,658012,香悦郡国际公寓,杭州,租房,沈半路
4576902434118670,864181,爵士风情日辉苑,杭州,租房,天目山西路
4618027423280140,160518,中江花园,杭州,租房,环城东路313号
4619232651060232,877698,融创时代奥城,杭州,租房,"盈丰路,近书音路"
4609261763697673,201534,浙新小区,杭州,租房,滨文路646号
4588456496487425,488896,世纪嘉园,杭州,租房,"世纪大道,南兴路"
4616819117317122,375266,康都紫轩,杭州,租房,甬江路191号
4588408497349638,782578,得力名望府,杭州,租房,"104国道辅路,近03省道"
4614988238070786,188962,宋浇造巷小区,杭州,租房,宋浇造巷
4613999526358024,370060,远洋大河宸章,杭州,租房,小河路455号
4603950548589575,160390,采荷人家,杭州,租房,杭海路265-267号
4619475449179139,160594,三江花园(公寓住宅),杭州,租房,万达中路26号
4449530493461511,826394,湘湖人家(西区公寓住宅),杭州,租房,闻兴路288号
4615009475783680,175739,观邸国际,杭州,租房,新和路167号
4633405593316362,621010,香山四季公馆,杭州,租房,"蜀山路,近亚太路"
4629552248448008,394496,南北乐章,杭州,租房,溪东路
4517567611724813,609162,保利梧桐语,杭州,租房,"普德路,近九州路"
4623410684503052,762457,北城枫景园(公寓住宅),杭州,租房,长睦路
4625245427049474,794143,万科容大金色家园,杭州,租房,文采路180号
4536504396176394,607834,天阳尚城国际,杭州,租房,"全福桥路,近机场路"
4505972672013326,205213,欣盛东方郡(西区),杭州,租房,江汉路170号
4633814667699204,659567,惠都家园(东区),杭州,租房,太平路93号
4598309001387023,160518,中江花园,杭州,租房,环城东路313号
4632156707712012,179178,梅堰小区,杭州,租房,红丰路216号
4545724706939904,826151,和谐嘉园南苑,杭州,租房,"江锦路,近新塘路"
4619735777534988,825862,都市阳光华苑,杭州,租房,"周坪路,近来仁街"
4632381158091784,160802,西城时代家园,杭州,租房,文一西路
4563125902093321,789656,利二花苑,杭州,租房,"奔竞大道,近金鸡路"
4626601807555591,370070,赞成乐山红叶(公寓住宅),杭州,租房,天目山西路
4621004017181701,863121,宝龙城市广场,杭州,租房,"学府街,近学林支路"
4631719190830091,160449,蚕花园永宁坊,杭州,租房,"永兴弄,近上塘路"
4594050942065667,316145,顺丰家园,杭州,租房,振宁路981号
4629487740265475,658236,钱江御府,杭州,租房,"候潮路,近秋涛路"
4623930031285255,943040,中梁百悦城(公寓住宅),杭州,租房,顺风路128号
4542823222701061,1411532,众安顺源府,杭州,租房,"上林南路,近科创园一号路"
4606824959192078,299627,彩虹豪庭,杭州,租房,"伟业路,近闻涛路"
4621051053188106,659403,中天之江诚品,杭州,租房,320国道
4554505692900356,370101,宋都东郡国际嘉湾,杭州,租房,凌云街21号
4607043321949193,1017351,旭辉宝龙东湖城(公寓住宅),杭州,租房,"青六北路,近南沙路"
4600718941580290,826881,中兴花园百合苑,杭州,租房,江汉路1679号
4489277097419781,369926,嘉里桦枫居,杭州,租房,杭玻街766号
4633941417763841,240611,渡驾新村,杭州,租房,花园岗街158号
4617022507211782,160418,新城国际花园彩园,杭州,租房,庆和路69号
4583866338470914,369931,恒厚阳光城,杭州,租房,杭泰路103号
4509302373886988,370091,阳光郡,杭州,租房,莫干山路1399号
4568734786053134,160006,恒泰御庭园,杭州,租房,文明路288号
4616477294828548,1274301,乐虹湾(公寓住宅),杭州,租房,"彩虹大道,近西兴路"
4623720567675916,404541,仁苑,杭州,租房,滨盛路3191号
4612535471055878,649983,龙湖春江郦城,杭州,租房,江汉路1337号
4623786208242700,1078509,北大资源颐和江南(公寓住宅),杭州,租房,104国道
4633134380620802,877698,融创时代奥城,杭州,租房,"盈丰路,近书音路"
4629398882116623,785537,大同公寓,杭州,租房,"镇前路,近浦西路"
4625102964255754,880188,大园新城(公寓住宅),杭州,租房,"天柱街,近大园路"
4624942012439556,160266,润达花园,杭州,租房,古墩路1236号
4536004734479363,792396,湖山帝景湾南苑,杭州,租房,南湖东路
4630833598800911,1296149,高桥花苑(东区),杭州,租房,高桦路3号
4608299075263490,160438,山西园小区,杭州,租房,"山西园路,近禹航路"
4567224968944646,191233,复兴东苑,杭州,租房,"复兴路,近秋涛路"
4616772519668737,161028,采荷小区青莼邨,杭州,租房,青玉路2号
4620664548273158,1153634,阳光城悦云邸,杭州,租房,溪望路
4579817953354763,826055,广和美地兰庭,杭州,租房,"东西大道,近三星路"
4627921675152386,160610,现代印象广场,杭州,租房,江南大道3399号
4601313278815247,189565,广德小区,杭州,租房,育才北路1号
4584142542855171,318496,都市水乡水月苑,杭州,租房,长阳路319号
4595377678050309,608131,保利罗兰香谷,杭州,租房,华鹤路656号
4622655491992583,160395,水陆寺巷小区,杭州,租房,东清巷7号
4590926220534787,826498,新天地世嘉新座,杭州,租房,"新北街,近费家塘路"
4597111403228170,370057,嘉丰公馆,杭州,租房,"萧然西路,近南秀路"
4603801942975503,618928,耀达金鼎华庭,杭州,租房,仁和大道
4623459610176520,160590,西溪锋尚,杭州,租房,文三西路499号
4627920768214026,1299107,康悦香庄,杭州,租房,江淑路111号
4566294263127046,369963,绿城钱王文化广场锦玉园,杭州,租房,城中街178号
4616592748960776,160860,多蓝水岸,杭州,租房,12号大街
4554231562148878,1424017,越秀景瑞悦见山,杭州,租房,"兴国路,近辰兴路"
4624903816012808,877684,陆家桥新苑,杭州,租房,星海南路87号
4631263967192070,867356,百汇中心,杭州,租房,南渠南路116号
4571411417902083,161161,新白马公寓,杭州,租房,工人路899号
4483693892967437,379788,赞成檀府(公寓住宅),杭州,租房,"星光街,近新颜路"
4483869864862732,619462,中旅紫金名门,杭州,租房,振华路10号
4596656402506754,370067,贝利珑昕泽第,杭州,租房,"东大街,近九曲营路"
4616885744720908,826860,中国铁建青秀城,杭州,租房,建设一路418号
4633884843432961,160633,观音塘小区,杭州,租房,下车路10号
4629377124658184,861512,绿城翡翠湾,杭州,租房,"五常大道,近高教路"
4633456603540489,369856,宋都阳光国际观澜苑,杭州,租房,通盛路3号
4615186166604802,161160,缤纷小区,杭州,租房,"丹枫路,近睿祥路"
4536049456110606,825755,容大五环城市花园,杭州,租房,金桥北路159号
4551236403473415,191993,都市水乡水涟苑,杭州,租房,广业街235号
4599896793259013,826860,中国铁建青秀城,杭州,租房,建设一路418号
4620599488144399,1048135,海德公园,杭州,租房,"东吴路,近良运街"
4630949402092546,1365370,中天珺府(北区公寓住宅),杭州,租房,科技大道2988号
4632024284097542,573503,梅和名府,杭州,租房,"梅花弄,近萧然东路"
4581237166103555,370092,保利玫瑰湾,杭州,租房,24号大街
4630622386297864,300674,天鸿君邑(公寓住宅),杭州,租房,东信大道
4615409916324877,260398,丽阳苑,杭州,租房,申花路389号
4525807640321036,798570,北大资源未名府(公寓住宅),杭州,租房,"荆常大道,近杨家墩路"
4595110138207245,608131,保利罗兰香谷,杭州,租房,华鹤路656号
4619750915236879,783119,绿城留香园,杭州,租房,塘工局路
4609334527058947,366286,西溪海悦海苑,杭州,租房,"闲富北路,近上和路"
4618048771058701,234643,金苑山庄,杭州,租房,四铜线
4565853558778888,160883,碧云阁,杭州,租房,复兴弄24号
4518999370228738,160017,临江花园(公寓住宅),杭州,租房,西环路33号
4623854589996044,160731,国都枫华府第,杭州,租房,学院路129号
4626362282779652,1218303,翡翠城梧桐郡,杭州,租房,"高教路,近五常大道"
4562536616815623,174019,锦绣文澜阁,杭州,租房,"通益路,近湖杭州街"
4608569247802375,192354,铂金时代,杭州,租房,滨兴路158号
4615178152893444,792441,华元十六街区,杭州,租房,"2号大街,近顺雅巷"
4616312288404485,160551,之江公寓(公寓住宅),杭州,租房,东信大道1221号
4622614528912396,369863,精欧荣寓,杭州,租房,"6号大街,近5号大街"
4630662888596483,161069,晴彩巴厘,杭州,租房,世纪大道
4609619952409606,369819,滨江城市之星(公寓住宅),杭州,租房,市民街167号
4603980249275403,160371,港湾家园,杭州,租房,余杭塘路866号
4595523251051531,160940,北银公寓,杭州,租房,"4号大街,近3号大街"
4581157866382348,1216235,德信九溪云庄,杭州,租房,"丽景路,近文景路"
4543585459268613,607407,金沙国际,杭州,租房,幸福南路1288号
4619193576219649,476572,顺发江南丽锦,杭州,租房,"市心北路,近扬帆路"
4524843189855247,652456,汀澜府,杭州,租房,冬泽巷99号
4618096405931012,825931,福鼎家园,杭州,租房,"文昌路,近常二路"
4597935520984077,369931,恒厚阳光城,杭州,租房,杭泰路103号
4609602385683469,910818,美都广场,杭州,租房,教工路619号
4568267412317188,160518,中江花园,杭州,租房,环城东路313号
4623923531392004,420307,滨江曙光之城,杭州,租房,机场路285号
4571547467701251,160104,世纪新城,杭州,租房,高技路51-55号
4612115837545487,1013054,盈一佳苑,杭州,租房,鸿宁路1021号
4629134066314247,203165,良渚十六街区,杭州,租房,东西大道
4397344581344265,217995,银爵世纪公寓,杭州,租房,浦沿路715号
4610743296912399,597681,景瑞御蓝湾,杭州,租房,禹航路5号
4620994068933637,220060,赞成岭上花苑(公寓住宅),杭州,租房,"鸡山路,近八角路"
4567572599745547,171723,滨文苑,杭州,租房,"滨文路,近火炬大道"
4584279864171531,160442,双菱小区,杭州,租房,双菱路33-37号
4595634319088653,292642,新州花苑东区,杭州,租房,"月明路,近西兴路"
4610757709061121,299190,云龙十一景(公寓住宅),杭州,租房,建国北路80号
4633797779809281,825613,潘水苑(南区),杭州,租房,潘水路
4616856512291844,193252,和家园(南区公寓住宅),杭州,租房,杨梅山路310号
4609337825733636,237901,青枫墅园林语阁(公寓住宅),杭州,租房,文良线
4579561968559117,1025600,恒大水晶国际广场,杭州,租房,"之浦路,近枫桦路"
4619706297426950,660200,雍荣华庭,杭州,租房,"莫干山路,近留祥路"
4577154268011520,826447,金地自在城林溪里,杭州,租房,金蓬街
4517397242045446,790322,新城香悦奥府,杭州,租房,"博奥路,近建设一路"
4526027642907652,370013,复城国际(公寓住宅),杭州,租房,金桥北路69号
4521518561192962,236163,绿城蓝色钱江(公寓住宅),杭州,租房,鲲鹏路
4621234001110026,528704,湖漫雅筑,杭州,租房,"天官路,近光裕路"
4625168750748674,505314,逸天广场(公寓住宅),杭州,租房,东信大道270号
4572914874262530,369920,顺发康庄(公寓住宅),杭州,租房,萧钱线
4611262769130502,206600,钱江水晶城,杭州,租房,滨盛路4402号
4623477782340615,938894,宝龙云滨湾(公寓住宅),杭州,租房,学林街323号
4630532900922368,193252,和家园(南区公寓住宅),杭州,租房,杨梅山路310号
4615398638330883,160553,新明半岛(公寓住宅),杭州,租房,102省道
4577188953007107,792522,万科星空,杭州,租房,文一西路
4609204363781127,408735,阳光逸城,杭州,租房,环丁路328号
4617800928418818,160557,朝晖六小区,杭州,租房,新市街64号
4622244429458446,379788,赞成檀府(公寓住宅),杭州,租房,"星光街,近新颜路"
4599705323627532,609162,保利梧桐语,杭州,租房,"普德路,近九州路"
4629627626236935,318655,锦昌年华,杭州,租房,"崇杭街,近半山路"
4479322740235275,652109,阳光城翡丽湾,杭州,租房,大农港西路1296号
4599453594854404,1133552,龙湖春江天越(公寓住宅),杭州,租房,凌云街
4597405601295367,825483,白马湖小区凤凰苑(南区),杭州,租房,"一号路,近江虹路"
4617771127598089,793527,龙湖武林九里,杭州,租房,"华丰中路,近丁城路"
4609643723041792,826030,塘栖一小区,杭州,租房,"塘栖路,近里仁路"
4564409705425931,160733,皇亲苑,杭州,租房,凤起路380号
4561401625271301,272618,江南文苑,杭州,租房,滨文路639号
4627900495780867,236886,西溪望庄,杭州,租房,文二西路
4615478234358797,160314,银河小区(公寓住宅),杭州,租房,永久路219号
4621226842201088,160997,采荷绿萍,杭州,租房,庆春东路12号
4572454495036427,825862,都市阳光华苑,杭州,租房,"周坪路,近来仁街"
4584321842455565,877755,迪凯运河印象,杭州,租房,"好运街,通益路"
4609231405915137,160524,天阳棕榈湾(东区),杭州,租房,棕榈路65号
4524724834003976,1274301,乐虹湾(公寓住宅),杭州,租房,"彩虹大道,近西兴路"
4558479682495489,160492,银色港湾(公寓住宅),杭州,租房,伟业路481号
4621138695740416,300674,天鸿君邑(公寓住宅),杭州,租房,东信大道
4491790082403334,826030,塘栖一小区,杭州,租房,"塘栖路,近里仁路"
4512102113176578,191426,大都文苑风情,杭州,租房,"2号大街,近3号大街"
4633451612613639,916687,碧桂园深蓝国际中心,杭州,租房,"博奥路,近利一路"
4540016240368654,418048,风雅乐府(公寓住宅),杭州,租房,"好运街,近东吴路"
4629053003607047,205388,麒麟街小区,杭州,租房,"延安路,近凤起路"
4629891391841288,1299107,康悦香庄,杭州,租房,江淑路111号
4618043105289223,160689,都市港湾,杭州,租房,北沙东路1-7号
4530246566943749,785209,新湖菲林山,杭州,租房,上仓路
4626056536136714,379779,五月花城,杭州,租房,藕花洲大街西段162号
4568964060048389,912258,开元广场(公寓住宅),杭州,租房,"西河路,近向旭路"
4624897003777033,179524,"小河路323,333,335,337号小区",杭州,租房,"小河路323,333,335,337号"
4601164063042570,207942,浪漫和山东溪苑,杭州,租房,留和路
4630549418025986,660197,昆仑华府,杭州,租房,"新104国道,近东西大道"
4597933607218185,792396,湖山帝景湾南苑,杭州,租房,南湖东路
4626381034775563,220070,滨康小区,杭州,租房,聚园路66号
4632339413801989,409035,金色时代,杭州,租房,勤学路10号
4629195810071562,826268,婺江家园一园,杭州,租房,婺江路38号
4605476223837198,825956,顺达花苑东区,杭州,租房,"顺达路,近320国道"
4629256739103759,826864,绿都四季华庭,杭州,租房,"育才路,近晨晖路"
4509092132989957,779615,合景天峻,杭州,租房,创景路
4616830233779213,1296149,高桥花苑(东区),杭州,租房,高桦路3号
4620925004553221,628375,大华西溪风情澄品,杭州,租房,文一西路
4622354387362827,651236,万宝城,杭州,租房,荷禹路105号
4625475966917639,826363,仙林苑(南区),杭州,租房,中山北路142号
4631873604574218,995171,锦文雅苑(西区),杭州,租房,永福路
4630991271257091,369999,野风启城,杭州,租房,"康信路,近兴盛路"
4555496575540230,160006,恒泰御庭园,杭州,租房,文明路288号
4625223454432265,826558,近江五园,杭州,租房,衢江路87号
4620699190270981,369999,野风启城,杭州,租房,"康信路,近兴盛路"
4600072499747840,175744,小河下小区,杭州,租房,"建国中路,近解放路"
4619259321459719,181626,绿城蓝庭(东区),杭州,租房,"振兴西路,近星河路"
4567123873848324,877672,新时代城市家园,杭州,租房,闲富中路248号
4544298294631434,528981,众安理想湾(公寓住宅),杭州,租房,"新洲路,近星河路"
4616995217910793,370092,保利玫瑰湾,杭州,租房,24号大街
4518745219619854,331179,明怡花苑,杭州,租房,建设一路377号
4609996216183823,236163,绿城蓝色钱江(公寓住宅),杭州,租房,鲲鹏路
4625410530352128,234966,白马尊邸(公寓住宅),杭州,租房,"墩池路,近荡鱼路"
4609666046123009,370004,钱塘梧桐蓝山,杭州,租房,"世纪大道,近南苑街"
4557673336660999,807880,阳光城上府(公寓住宅),杭州,租房,"风情大道,近滨康路"
4621354116488192,791599,竹径云山锦云坊(67-80),杭州,租房,东西大道
4616599689927685,780133,汀洲花苑(北区),杭州,租房,"振兴西路,近荷禹路"
4615241787448325,369958,青山鹤岭,杭州,租房,鹤亭大街
4550222142467076,597679,富力西溪悦居(公寓住宅),杭州,租房,"常二路,近文一西路"
4591373979134980,826155,万科杭宸,杭州,租房,"杭行路,近好运街"
4619641621126151,370055,积家(公寓住宅),杭州,租房,浦沿路789号
4602461357546507,1071702,天阳蔚蓝,杭州,租房,"天柱街,近灵鹤路"
4605651941385219,1076528,滨江碧桂园翡翠江南,杭州,租房,"利华路,近生兴路"
4598102352276488,637906,黄龙金茂悦,杭州,租房,"塘萍路,近拱苑路"
4632238060774405,369831,和达御观邸,杭州,租房,上沙路246号
4605659037309952,826482,新世界琅琴湾,杭州,租房,迎康路28号
4524781867559949,578175,德信晓宸,杭州,租房,"祥富路,近上祥路"
4619463534472199,952860,新城香悦公馆(公寓住宅),杭州,租房,金城路1799号
4630768374866951,877972,融信学院府,杭州,租房,学院北路
4630964525933568,160717,观巷小区,杭州,租房,凤起路
4626436954987526,1025600,恒大水晶国际广场,杭州,租房,"之浦路,近枫桦路"
4491712334932993,370055,积家(公寓住宅),杭州,租房,浦沿路789号
4609484351368195,160733,皇亲苑,杭州,租房,凤起路380号
4574020086586379,369827,水乡华庭,杭州,租房,"人民路,近广济路"
4617771415593988,826267,华盛星洲翠谷,杭州,租房,福严路82号
4632385232002051,528979,西溪海听海苑,杭州,租房,"闲富北路,近上和路"
4582457295744006,877684,陆家桥新苑,杭州,租房,星海南路87号
4620676441140236,217526,临平桂花城(北区),杭州,租房,人民大道
4561520637369358,573294,万和玺园,杭州,租房,"颜三路,近再行路"
4629115931024387,369989,半岛国际,杭州,租房,滨盛路2271号
4531512612086784,218933,复地连城国际,杭州,租房,杭海路1636号
4613742007000070,160067,顺发佳境天城(公寓住宅),杭州,租房,市心北路737号
4607948079768583,638484,上亿中央郡,杭州,租房,崇杭路
4633816424341507,407118,广仁小区,杭州,租房,晨晖路197号
4626311589078018,1296149,高桥花苑(东区),杭州,租房,高桦路3号
4539238030353411,161035,天元公寓(公寓住宅),杭州,租房,19号大街709号
4628124135435267,938894,宝龙云滨湾(公寓住宅),杭州,租房,学林街323号
4571387418745870,576119,融科瑷骊山,杭州,租房,望江山路1号
4626293180275712,370004,钱塘梧桐蓝山,杭州,租房,"世纪大道,近南苑街"
4578921794233353,659623,奥克斯缔逸城(公寓住宅),杭州,租房,"古墩路,近庄墩路"
4541802536655887,160067,顺发佳境天城(公寓住宅),杭州,租房,市心北路737号
4585556079864841,794728,江滨澜廷,杭州,租房,"闻涛路,近江陵路"
4606422303450122,469258,九悦江南,杭州,租房,市心南路
4598486453789708,160576,国都凤起都市花园,杭州,租房,凤起路193-205号
4467736147254283,475889,越秀星汇城后湾,杭州,租房,大园路123号
4570439116694537,825904,世茂江滨花园碧景湾,杭州,租房,25号路88号
4610855326886912,370053,朗郡庭园(公寓住宅),杭州,租房,"象山路,近横桥路"
4573857477176324,528979,西溪海听海苑,杭州,租房,"闲富北路,近上和路"
4585523435219975,635803,景瑞御华府(公寓住宅),杭州,租房,"世纪大道,近汀兰路"
4609377895965704,244215,朗诗国际街区,杭州,租房,27号路60号
4614966277317633,654114,中港罗兰小镇(公寓住宅),杭州,租房,"210省道,近康泰路"
4596636045470720,637489,运河之星,杭州,租房,丽水北路950号
4441081856666624,369845,华元蒙卡岸,杭州,租房,"和睦路,近五常大道"
4619438036378631,470980,中铁逸都,杭州,租房,北沙西路28号
4606551215547400,405773,悦尚湾,杭州,租房,祥运路188号
4595333716237322,160906,平安居,杭州,租房,屏风街94号
4612089206053897,782578,得力名望府,杭州,租房,"104国道辅路,近03省道"
4605563403492364,825501,美都良景学府,杭州,租房,"瓶仓大道,近羊城路"
4608193829512193,370053,朗郡庭园(公寓住宅),杭州,租房,"象山路,近横桥路"
4620571188505614,369879,赞成美树,杭州,租房,金恒路174号
4604824024996876,191502,九曲营小区,杭州,租房,九曲营路78号
4622489085289473,628434,恒大帝景,杭州,租房,晨晖路
4629390519856140,160442,双菱小区,杭州,租房,双菱路33-37号
4631991718960129,628421,众安景海湾(公寓住宅),杭州,租房,弘慧路
4609525568545796,369926,嘉里桦枫居,杭州,租房,杭玻街766号
4624864394683395,370071,钱塘帝景(公寓住宅),杭州,租房,信诚路817号
4586121536023556,825962,顺发和美家,杭州,租房,市心北路785号
4623682334792714,369834,多立方公寓,杭州,租房,九华路
4524525541202947,803350,绿都港汇中心,杭州,租房,市心北路853号
4619168972942341,209018,中誉现代城(公寓住宅),杭州,租房,通惠中路838号
4570155316161542,160812,郁金香岸(公寓住宅),杭州,租房,万达路770号
4615171236817924,867356,百汇中心,杭州,租房,南渠南路116号
4574237168968717,659380,临东家园,杭州,租房,星光街1091号
4629453616653320,369830,贝利栖溪公馆,杭州,租房,广济路
4622410471185413,1048132,东原印未来,杭州,租房,溪望路
4568719303007240,221973,新绿园,杭州,租房,鲲鹏路97号
4599848936922120,952866,环秀府,杭州,租房,"荆长大道,近海曙路"
4564375006243852,781406,篁外(公寓住宅),杭州,租房,"八角路,近鸡山路"
4534466490248196,652456,汀澜府,杭州,租房,冬泽巷99号
4629216215327752,995004,东方俊园(东区),杭州,租房,新颜南路28号
4628889725297670,488896,世纪嘉园,杭州,租房,"世纪大道,南兴路"
4620625758104586,877779,奥体之星,杭州,租房,鸿宁路666号
4633641486625794,303624,东海柠檬郡,杭州,租房,幸福南路252号
4538488880016399,160066,金都华府,杭州,租房,江城路
4516226142956555,573294,万和玺园,杭州,租房,"颜三路,近再行路"
4553090717524993,475889,越秀星汇城后湾,杭州,租房,大园路123号
4621811662199811,659922,瑞达城市花苑,杭州,租房,华兴路
4527576913619974,1236386,上实海上海(二期),杭州,租房,白洋路
4488041703758858,478833,金瑞城市风景,杭州,租房,风景街333号
4612408984296463,219814,天汇园,杭州,租房,金城路411号
4497517924277256,1062189,奥克斯时代未来之城,杭州,租房,"向往街,近向往街"
4631919841827840,369838,赞成香颂,杭州,租房,"顺达路,近振兴西路"
4618199795803136,825868,墩莳家园,杭州,租房,甲来路41号
4623532774153228,909780,中天西城纪,杭州,租房,余杭塘路417号
4609340362529801,175824,左岸花园,杭州,租房,永庆路120号
4600784495418377,1042415,梓树花苑(公寓住宅),杭州,租房,九龙大道
4629539875695629,1236386,上实海上海(二期),杭州,租房,白洋路
4544708317373452,161051,德胜新村(北区),杭州,租房,德苑路99号
4586584247704587,260398,丽阳苑,杭州,租房,申花路389号
4317967057202184,292642,新州花苑东区,杭州,租房,"月明路,近西兴路"
4633782807059458,1078073,越秀星悦城(公寓住宅),杭州,租房,"星港路,近塘塍街"
4579879481400323,606218,莱茵知己(公寓住宅),杭州,租房,"振兴路,近顺达路"
4585225621740551,160372,奥兰多小镇(公寓住宅),杭州,租房,风情大道4555号
4620748820997133,217304,锦绣钱塘,杭州,租房,科技大道
4631006851259403,160594,三江花园(公寓住宅),杭州,租房,万达中路26号
4398773149049866,160731,国都枫华府第,杭州,租房,学院路129号
4626195176580108,659623,奥克斯缔逸城(公寓住宅),杭州,租房,"古墩路,近庄墩路"
4584115310912526,877690,西溪八方城,杭州,租房,"文一西路,近荆长路"
4589594008509443,369860,德信早城,杭州,租房,"学林街,近上沙路"
4613501597539332,224307,联庄公寓,杭州,租房,江南大道4250号
4569718474042376,369877,众安嘉润公馆,杭州,租房,"金鸡路,近潮韵路"
4629059847068681,993918,水韵康桥康盛苑,杭州,租房,"前洋路,近康桥路"
4595136771529742,826385,建华家苑,杭州,租房,三官塘路
4609303829736453,877721,杭州印,杭州,租房,"闻涛路,近江晖路"
4466661658041357,826554,近江九园,杭州,租房,久园弄42号
4500736688774150,405245,保利霞飞郡(公寓住宅),杭州,租房,建设二路401号
4606460673057798,877698,融创时代奥城,杭州,租房,"盈丰路,近书音路"
4550023298900998,369972,泊林漫谷(公寓住宅),杭州,租房,留和路
4618256116343818,221973,新绿园,杭州,租房,鲲鹏路97号
4605078759365639,528280,众安白马山庄(公寓住宅),杭州,租房,留和路
4622013797063680,444534,东和云第,杭州,租房,明德路350号
4591397938373641,825632,普金家园,杭州,租房,温州路9号
4608322006395906,635026,合景瑜翠园,杭州,租房,舒心路
4595129434758148,825495,百合新城,杭州,租房,金秋大道
4626878311326720,217304,锦绣钱塘,杭州,租房,科技大道
4594073186608142,789619,瑞麒时代(公寓住宅),杭州,租房,通益路
4615533663886340,297940,云厦连园,杭州,租房,"青年路,近固陵路"
4616870191768590,778888,富力十号朗悦居(公寓住宅),杭州,租房,"文一西路,近高教路"
4599527729601549,322058,江南明城,杭州,租房,利华路66号
4619664356844546,779943,金星桃源居,杭州,租房,桃源街
4567405122118664,877977,保安桥河下小区,杭州,租房,保安桥河下
4139383537343491,726989,中南白马湖壹号(公寓住宅),杭州,租房,"时代大道,近天马路"
4585640856577026,161051,德胜新村(北区),杭州,租房,德苑路99号
4633465773943820,825088,超级星期天(公寓住宅),杭州,租房,西浦路1718号
4574211926041600,160342,定山家园(西区),杭州,租房,"霞鸣街,近象山路"
4616734411842571,161154,国都公寓,杭州,租房,凤起路361号
4624916787424266,217995,银爵世纪公寓,杭州,租房,浦沿路715号
4623449390457871,181250,三华园(公寓住宅),杭州,租房,凤起路290号
4486388455547911,611491,华元欢乐城(公寓住宅),杭州,租房,迎宾路
4630810546054158,826367,闲林山水紫薇苑,杭州,租房,闲林东路
4633399212993545,300676,南北西岸(公寓住宅),杭州,租房,昼锦路12号
4588136589616137,369972,泊林漫谷(公寓住宅),杭州,租房,留和路
4422713167277058,160299,国信嘉园(公寓住宅),杭州,租房,滨盛路4050号
4538635929234440,369817,恒安名座,杭州,租房,崇化路750号
4625188908444686,1017351,旭辉宝龙东湖城(公寓住宅),杭州,租房,"青六北路,近南沙路"
4604075395195918,485004,翡翠城(西南区),杭州,租房,"高教路,近天目山西路"
4626495998061575,369908,泰地北上新城,杭州,租房,华中路229号
4621113629613064,369907,泊林印象,杭州,租房,仁爱路218号
4565219934692358,912477,丽晶国际中心,杭州,租房,鸿宁路2327号
4630489383740420,793527,龙湖武林九里,杭州,租房,"华丰中路,近丁城路"
4577527549783040,826753,林风花园沁林苑,杭州,租房,闻潮路168号
4581336160379905,175855,复兴南苑,杭州,租房,之江路525号
4605466721082372,160717,观巷小区,杭州,租房,凤起路
4618109994003465,1001251,阳光城檀悦,杭州,租房,"扬帆路,近盈丰路"
4632191700970504,420307,滨江曙光之城,杭州,租房,机场路285号
4592861805847558,476482,华瑞晴庐,杭州,租房,"建设二路,近育才路"
4631984976358414,370057,嘉丰公馆,杭州,租房,"萧然西路,近南秀路"
4599602361428997,795637,广泽小区,杭州,租房,育才路
4630488225094657,200705,湖畔宽邸(公寓住宅),杭州,租房,休博路4号
4616582989716482,248839,中海钱塘山水(公寓住宅),杭州,租房,东信大道92号
4626224617841664,478837,公园城,杭州,租房,岳庙路18号
4608190651575298,779138,金地艺境,杭州,租房,"翁乔路,鑫业路"
4578548953474061,160343,南岸晶都花园,杭州,租房,平安路72号
4516462859725839,628375,大华西溪风情澄品,杭州,租房,文一西路
4623744828597258,160162,水星阁西区,杭州,租房,环城北路
4571053939682316,793803,文澜雅苑,杭州,租房,文新路32号
4632429447390223,369932,绿都御景蓝湾(公寓住宅),杭州,租房,时代大道6588号
4562553985735691,825088,超级星期天(公寓住宅),杭州,租房,西浦路1718号
4395668543740939,160751,太阳国际公寓(公寓住宅),杭州,租房,伟业路730号
4590787189533706,943050,绿城九龙仓桂语江南,杭州,租房,"博奥路,近建设二路"
4422763450391558,160398,碧水豪园(公寓住宅),杭州,租房,"东信大道,近南环路"
4626272752985102,785618,尚海湾(公寓住宅),杭州,租房,育才路
4626763825210376,369929,昆仑公馆,杭州,租房,长板巷99号
4608285572033551,160736,江南摩卡小区,杭州,租房,水田畈路89-1号
4624985920101382,370110,理想康城一品,杭州,租房,人民大道258号
4593852960889867,369931,恒厚阳光城,杭州,租房,杭泰路103号
4548860657310730,779966,顺发美哉美城,杭州,租房,"民和路,近飞虹路"
4625256461313025,370106,铂金名筑,杭州,租房,平安路38号
4629257434426378,995004,东方俊园(东区),杭州,租房,新颜南路28号
4626728408800258,721076,滨江东方海岸(萧山公寓住宅),杭州,租房,"三江路,近湘湖路"
4574500640943107,826797,龙湖春江悦茗,杭州,租房,"风情大道,近建设三路"
4613921791532045,795071,贝利栖溪望府,杭州,租房,"绿荫街,近塘栖路"
4632577069016064,322406,理想家园,杭州,租房,邱山大街724号
4624642807292932,369965,北湖绿洲花园(公寓住宅),杭州,租房,瓶仓大道57号
4589412390726660,910832,欧美金融城,杭州,租房,"闲林港西路,近向往街"
4617084491850754,826862,中国铁建西湖国际城,杭州,租房,"甲来路,近杭长高速"
4633275477206024,160079,铁岭花园,杭州,租房,"江陵路,近滨安路"
4604028446186496,528979,西溪海听海苑,杭州,租房,"闲富北路,近上和路"
4594109119046668,369894,欣盛东方福邸,杭州,租房,"水月街,近学院北路"
4401668547615750,216505,通和南岸花城(公寓住宅),杭州,租房,时代大道
4622040027376649,826367,闲林山水紫薇苑,杭州,租房,闲林东路
4607940978273291,994925,宋都东郡国际锦湾,杭州,租房,秀水街190号
4586532576371715,877728,金地德圣中心(商住楼),杭州,租房,"金城路,近金山路"
4499076872363011,860800,越秀星汇尚城,杭州,租房,上园路
4608412552850445,224307,联庄公寓,杭州,租房,江南大道4250号
4611102124219405,1020699,仁良花苑,杭州,租房,"东风路,近和平路"
4627663524158464,160751,太阳国际公寓(公寓住宅),杭州,租房,伟业路730号
4607823863407627,410317,之江家园五区,杭州,租房,"转之路,近东环路"
4630666807749636,628110,开元名郡,杭州,租房,"向旭支路,近晨晖路"
4597944374909960,826859,中国铁建江南国际城,杭州,租房,"金城路,近风情大道"
4626725310852105,909732,蓝钻天成,杭州,租房,莫干山路969号
4615361028727815,826790,长江西苑,杭州,租房,建业路151号
4599846365862921,641301,都市阳光嘉苑,杭州,租房,甲来路40号
4600721829209093,628433,德信泊林春天,杭州,租房,鸿宁路40号
4624857158736907,160449,蚕花园永宁坊,杭州,租房,"永兴弄,近上塘路"
4530127382111244,160980,长兴苑小区,杭州,租房,绿香街358号
4631030300224527,615993,顺发恒园(公寓住宅),杭州,租房,建设二路
4523419691688961,596962,元成东盛家园,杭州,租房,松乔街518号
4617986663900167,611340,万科大家钱塘府,杭州,租房,"昙花庵路,近水湘路"
4616798897234951,160390,采荷人家,杭州,租房,杭海路265-267号
4589517811803140,370090,湖山帝景湾(北苑公寓住宅),杭州,租房,南湖东路
4603410678342661,224958,广厦天都城天星苑,杭州,租房,"场环路,近欢乐大道"
4550372140803079,160518,中江花园,杭州,租房,环城东路313号
4608278060592131,806034,滨江华成大江之星,杭州,租房,新港路
4624886199262211,508113,望江新园三园,杭州,租房,"东宝路,近东霞巷"
4629662366065678,372524,相墅花园(公寓住宅),杭州,租房,"时代大道,近湘湖路"
4619300183976975,826736,远东紫竹人家,杭州,租房,狮山路284号
4594195288335366,660197,昆仑华府,杭州,租房,"新104国道,近东西大道"
4586720114107405,369928,德圣博奥城,杭州,租房,建设二路528号
4613628977540103,656442,合景叠彩园(公寓住宅),杭州,租房,"文胜路,近电子路"
4551648713108490,370071,钱塘帝景(公寓住宅),杭州,租房,信诚路817号
4528909252666368,240611,渡驾新村,杭州,租房,花园岗街158号
4613867355495434,1048135,海德公园,杭州,租房,"东吴路,近良运街"
4633622202850315,825501,美都良景学府,杭州,租房,"瓶仓大道,近羊城路"
4631968115418116,597679,富力西溪悦居(公寓住宅),杭州,租房,"常二路,近文一西路"
4623948627291150,607827,万科璞悦湾,杭州,租房,滨文路670号
4569615929582596,160388,中兴花园,杭州,租房,江汉路1688号
4606787087019018,369926,嘉里桦枫居,杭州,租房,杭玻街766号
4548619556166664,1047306,秀里华庭,杭州,租房,紫荆花北路439号
4476326301066245,221384,同和公寓,杭州,租房,萧西路78-8号
4612502200675341,171723,滨文苑,杭州,租房,"滨文路,近火炬大道"
4597966609638415,370060,远洋大河宸章,杭州,租房,小河路455号
4547111085628418,322058,江南明城,杭州,租房,利华路66号
4570190968792079,225610,南江公寓,杭州,租房,萧然南路554号
4624009193053184,641202,赞成首府(公寓住宅),杭州,租房,世纪大道
4587001340519427,584452,中海西溪华府,杭州,租房,五常港路
4629156333558790,160223,白金海岸花园,杭州,租房,香溢路88号
4609641860340743,626947,佳源名城,杭州,租房,"崇超路,近汇贤路"
4625121154243584,404541,仁苑,杭州,租房,滨盛路3191号
4617865367053320,160433,南班巷小区,杭州,租房,解放路
4603995629249538,366123,高桥小区,杭州,租房,高桥路
4614733010230283,1440450,新力启云府(东区),杭州,租房,"港渠路,近下洋路"
4582445132932111,316460,浙地人家,杭州,租房,宋家湾路
4629212482561027,528280,众安白马山庄(公寓住宅),杭州,租房,留和路
4625331834807309,300676,南北西岸(公寓住宅),杭州,租房,昼锦路12号
4617867989462031,730320,万科大家世纪之光,杭州,租房,"振宁路,近金鸡路"
4625303915766797,1189440,中城汇MIDTOWN(公寓住宅),杭州,租房,石祥路
4595484828118027,160795,钱江时代公寓,杭州,租房,清江路346号
4606926385998859,1048132,东原印未来,杭州,租房,溪望路
4624911593202695,573503,梅和名府,杭州,租房,"梅花弄,近萧然东路"
4619607105430530,825868,墩莳家园,杭州,租房,甲来路41号
4629071576570887,160104,世纪新城,杭州,租房,高技路51-55号
4611058871675907,222230,缤纷北苑,杭州,租房,"滨盛路,近西兴路"
4524524180265993,369863,精欧荣寓,杭州,租房,"6号大街,近5号大街"
4578193667333130,795071,贝利栖溪望府,杭州,租房,"绿荫街,近塘栖路"
4507588494486532,370021,西郊半岛(公寓住宅),杭州,租房,江滨东大道1号
4628141684743175,825861,都市阳光和苑,杭州,租房,甲来路82号
4509337764191243,911662,丰盛九玺,杭州,租房,"欣然街,近榨河巷"
4623810514723842,611311,恒基旭辉府,杭州,租房,"崇杭街,近丽水北路"
4619792142148614,794091,滨兴西苑,杭州,租房,"共鸣巷,近兴才路"
4530727086482445,160039,东海花园,杭州,租房,南大街126号
4629947378181131,825877,盛庐小区,杭州,租房,滨盛路3215号
4605185167727616,160205,锦绣江南(滨江),杭州,租房,咏渡巷59号
4589898418580495,877703,山水美庐,杭州,租房,文教路71-8号
4624934362786825,995754,龙湖滟澜山(澜轩),杭州,租房,"华景街,近银沙路"
4421220852638726,418048,风雅乐府(公寓住宅),杭州,租房,"好运街,近东吴路"
4591096708701192,641638,富越香郡,杭州,租房,"湖州街,近杭行路"
4619809506634767,788033,爵士风情韵沁苑,杭州,租房,"天目山西路,近闲富北路"
4633789145127946,218616,广瑞瑞城花园(公寓住宅),杭州,租房,东西大道
4627674804497414,370071,钱塘帝景(公寓住宅),杭州,租房,信诚路817号
4552808048321546,215447,蔡马人家,杭州,租房,茶汤路66号
4481131721057288,938894,宝龙云滨湾(公寓住宅),杭州,租房,学林街323号
4595132554372103,369955,杭州碧桂园(公寓住宅),杭州,租房,水云街158号
4592414435613707,825574,南门江住宅区,杭州,租房,"萧然西路,近萧然南路"
4585248362109958,994918,融创河滨之城雨澜轩,杭州,租房,五常港路301号
4588454081879052,826797,龙湖春江悦茗,杭州,租房,"风情大道,近建设三路"
4574040256162830,369846,保利江语海(公寓住宅),杭州,租房,"之江东路,近6号大街"
4616667929222156,826412,江南望庄,杭州,租房,月明路983号
4549966793206787,614729,宝嘉誉峰,杭州,租房,"石祥路,近东吴路"
4620889531378702,418048,风雅乐府(公寓住宅),杭州,租房,"好运街,近东吴路"
4626252107017222,475889,越秀星汇城后湾,杭州,租房,大园路123号
4613896448924684,781406,篁外(公寓住宅),杭州,租房,"八角路,近鸡山路"
4613585095138312,626947,佳源名城,杭州,租房,"崇超路,近汇贤路"
4547449624239117,725178,金成英特学府(公寓住宅),杭州,租房,"天目山西路,近城东路"
4610743460619278,789619,瑞麒时代(公寓住宅),杭州,租房,通益路
4616507936662537,406023,绿城玉兰花园(临安),杭州,租房,环城北路
4631046598630400,923412,禹洲滨之江,杭州,租房,"枫桦东路,近枫桦西路"
4627676668290049,316964,慧仁家园北区,杭州,租房,"嘉仁路,近池华街"
4602171648191490,620329,铭都雅苑,杭州,租房,高沙路166号
4633631585625089,366286,西溪海悦海苑,杭州,租房,"闲富北路,近上和路"
4547428494339079,269307,华元爱丁郡,杭州,租房,"宋家湾路,近西坝路"
4540215925711873,943059,景瑞申花壹号院,杭州,租房,"丰潭路,近申花路"
4620654370761743,160324,新星小区,杭州,租房,三墩街
4609601599646727,336446,瑞金华庭嘉苑,杭州,租房,藕花州大街西段264号
4632294335702021,619140,元成时代中心(商住楼),杭州,租房,"金乔路,近元成路"
4633594377165837,826482,新世界琅琴湾,杭州,租房,迎康路28号
4610720204121102,1236386,上实海上海(二期),杭州,租房,白洋路
4633478778332174,826176,万星碧云天公寓,杭州,租房,孙权路
4630553791556616,800144,时间国际,杭州,租房,"环站北路,近同协南路"
4613953752392708,620329,铭都雅苑,杭州,租房,高沙路166号
4606434144951301,160344,采荷东区,杭州,租房,秋涛北路52号
4592591419843593,794143,万科容大金色家园,杭州,租房,文采路180号
4609380851080200,877696,萧山宝龙城市广场,杭州,租房,"建设一路,近金鸡路"
4526005309580303,641638,富越香郡,杭州,租房,"湖州街,近杭行路"
4617853876806667,311707,钱塘滨和花园,杭州,租房,江汉东路202号
4584252193758211,369976,东海闲湖城(公寓住宅),杭州,租房,天目山西路277号
4586963010069505,994925,宋都东郡国际锦湾,杭州,租房,秀水街190号
4633963251310603,161176,蚕花园永安坊,杭州,租房,"蚕花路,近永安巷"
4557485503013903,789465,南润名座,杭州,租房,蜀山路418号
4611433152734212,160679,盛世嘉园(公寓住宅),杭州,租房,"天目山西路,近闲林东路"
4519033041822727,375266,康都紫轩,杭州,租房,甬江路191号
4571353925970950,161154,国都公寓,杭州,租房,凤起路361号
4627677988629505,220591,君临天下,杭州,租房,东湖南路364号
4585526162287625,826084,天阳棕榈湾(西区),杭州,租房,棕榈路17号
4623499513291789,160801,贺田尚城(公寓住宅),杭州,租房,六和路365号
4607803997445126,160830,威尼斯水城,杭州,租房,风情大道2555号
4589683350858756,265301,江南国美家园,杭州,租房,闻涛路
4606822001400832,201140,云雀苑,杭州,租房,江城路548-550号
4630396243418115,639013,万科金辰之光,杭州,租房,西陵路30号
4616828312628236,1035021,利一家园,杭州,租房,利丰路455号
4632254691697672,1030045,嘉丰万悦城(南区),杭州,租房,东湖北路
4567109071399950,369963,绿城钱王文化广场锦玉园,杭州,租房,城中街178号
4561108619271173,826101,庭院深深(东区),杭州,租房,东西大道
4619436606465030,1025600,恒大水晶国际广场,杭州,租房,"之浦路,近枫桦路"
4581235954134025,229758,月雅苑,杭州,租房,2号大街877号
4536052422009859,370045,绿城富春玫瑰园(别墅),杭州,租房,江滨东大道515号
4588819667196928,410316,广悦公寓,杭州,租房,高桥路1070号
4629590716750848,394496,南北乐章,杭州,租房,溪东路
4626290679491599,806475,万科江湾城,杭州,租房,"时代大道,近纬一路"
4618270418215936,1001251,阳光城檀悦,杭州,租房,"扬帆路,近盈丰路"
4592485004880910,789619,瑞麒时代(公寓住宅),杭州,租房,通益路
4595030015466500,174019,锦绣文澜阁,杭州,租房,"通益路,近湖杭州街"
4545994451805198,224307,联庄公寓,杭州,租房,江南大道4250号
4619857244220429,614729,宝嘉誉峰,杭州,租房,"石祥路,近东吴路"
4625306410279937,369846,保利江语海(公寓住宅),杭州,租房,"之江东路,近6号大街"
4618074767764484,607300,兴耀星悦湾(公寓住宅),杭州,租房,"青六南路,近横雷线"
4622643263742977,826568,羊山公寓,杭州,租房,羊城路
4571635246504972,615545,郡望府,杭州,租房,"建设四路,近枫香路"
4608174048881678,786761,万通时尚公馆(公寓住宅),杭州,租房,"景兴路,近东莲街"
4595090567932939,826451,金地自在城栖霞居(公寓住宅),杭州,租房,金蓬街
4360161991204866,192159,钱神花苑,杭州,租房,仓兴街438-4号
4613525708858374,234038,人和家园,杭州,租房,天目山路1号
4620858380346382,369882,远洋西溪公馆(公寓住宅),杭州,租房,文一西路822号
4527623785389063,216505,通和南岸花城(公寓住宅),杭州,租房,时代大道
4621809423000585,1440450,新力启云府(东区),杭州,租房,"港渠路,近下洋路"
4530243723615234,779615,合景天峻,杭州,租房,创景路
4485007291034634,379788,赞成檀府(公寓住宅),杭州,租房,"星光街,近新颜路"
4598232624180239,913287,云溪印象,杭州,租房,"镇中路,近象山路"
4599750337207306,160828,福利新村,杭州,租房,中河中路122号
4630536833704964,721076,滨江东方海岸(萧山公寓住宅),杭州,租房,"三江路,近湘湖路"
4574541934877698,201741,三鑫君悦丽景,杭州,租房,金城路51号
4595104564438031,160550,同城印象(东区),杭州,租房,狮山路432号
4609816858256388,160543,义井小区,杭州,租房,西湖大道
4615173341453324,160940,北银公寓,杭州,租房,"4号大街,近3号大街"
4621248461745154,993918,水韵康桥康盛苑,杭州,租房,"前洋路,近康桥路"
4610707319282691,613792,阳光城普升,杭州,租房,"福临街,近普德路"
4510276819446795,407707,金昌春和钱塘,杭州,租房,民和路411号
4630585585724423,216666,潮鸣苑,杭州,租房,"潮鸣寺巷,近醋坊巷"
4610624389176324,807657,佳源未来府,杭州,租房,安乐路61号
4630575122897924,642230,赞成龙兴道一号,杭州,租房,"新颜南路,近龙兴路"
4576851697851399,160576,国都凤起都市花园,杭州,租房,凤起路193-205号
4629737472875522,938894,宝龙云滨湾(公寓住宅),杭州,租房,学林街323号
4501946144906245,611491,华元欢乐城(公寓住宅),杭州,租房,迎宾路
4598621752650764,1001251,阳光城檀悦,杭州,租房,"扬帆路,近盈丰路"
4591328665414658,826454,金地自在城悦活轩,杭州,租房,欣然街111号
4626363831018510,793527,龙湖武林九里,杭州,租房,"华丰中路,近丁城路"
4609311055043586,160433,南班巷小区,杭州,租房,解放路
4609543619978253,575797,朗诗未来街区西园,杭州,租房,"天万路,近苑中路"
4617883511888911,826736,远东紫竹人家,杭州,租房,狮山路284号
4605526699453454,222976,清雅苑,杭州,租房,学林街633号
4600965702968321,608131,保利罗兰香谷,杭州,租房,华鹤路656号
4611106454809607,589478,望江府,杭州,租房,闻潮路280号
4613612256713741,160951,万家花园,杭州,租房,天城路95号
4619373169812495,618928,耀达金鼎华庭,杭州,租房,仁和大道
4602501187855363,795256,美丽湾,杭州,租房,"天屹路,近吴越大街"
4619184411339777,220251,蓝桥名苑,杭州,租房,金堡街294号
4598008004258827,1055900,和谐弄小区,杭州,租房,生兴路
4591199805877254,1042415,梓树花苑(公寓住宅),杭州,租房,九龙大道
4548727751320583,217136,锦园小区,杭州,租房,建国北路370号
4556859858265100,528979,西溪海听海苑,杭州,租房,"闲富北路,近上和路"
4526148099382276,995819,钱江彩虹府,杭州,租房,科海路
4564585030638595,780546,雅居乐国际花园,杭州,租房,"天目山西路,近闲富路"
4588402143783948,160086,闲林山水丹枫苑,杭州,租房,闲林东路
4605078504446976,369831,和达御观邸,杭州,租房,上沙路246号
4501651869527053,1893012,杭与城,杭州,租房,龙舟北路
4507407428936718,299627,彩虹豪庭,杭州,租房,"伟业路,近闻涛路"
4579910804020230,806213,富春江南,杭州,租房,"大桥南路,近永济路"
4629264990870543,219771,勤远里,杭州,租房,"察院前巷,近中山南路"
4620536176368642,796956,众安学君里(公寓住宅),杭州,租房,天目山西路
4630632493542400,220070,滨康小区,杭州,租房,聚园路66号
4607204573309967,160980,长兴苑小区,杭州,租房,绿香街358号
4526141774289935,161090,伊萨卡国际城(公寓住宅),杭州,租房,"14号大街,近沿江大道"
4540320069200897,877975,万科溪望(公寓住宅),杭州,租房,"文二西路,近环岛路"
4632230022507528,607424,溪悦宸府,杭州,租房,"城西高教路,近青石滩河路"
4584037746207750,410316,广悦公寓,杭州,租房,高桥路1070号
4618486987072526,470980,中铁逸都,杭州,租房,北沙西路28号
4629215061335046,528981,众安理想湾(公寓住宅),杭州,租房,"新洲路,近星河路"
4619339554040839,761437,凯文杭庄(公寓住宅),杭州,租房,"映荷路,近荷禹路"
4610992244419593,826554,近江九园,杭州,租房,久园弄42号
4633960416500751,616507,万泰城章,杭州,租房,"世纪大道,近望梅路"
4622654546123791,369965,北湖绿洲花园(公寓住宅),杭州,租房,瓶仓大道57号
4624832189897741,788033,爵士风情韵沁苑,杭州,租房,"天目山西路,近闲富北路"
4522937075342343,656439,德信大家钱江府,杭州,租房,"东宁路,近艮山西路"
4563133185371147,873008,丰东花苑,杭州,租房,振宁路928号
4619189597545476,193730,富春泉水湾(别墅),杭州,租房,江滨东大道819号
4632265637260289,792441,华元十六街区,杭州,租房,"2号大街,近顺雅巷"
4499161613233157,1260783,银湖新语公寓,杭州,租房,"美达路,近向阳路"
4629402818274311,825999,通和戈雅公寓,杭州,租房,万达北路710号
4561360442076166,1038258,银湖花苑(公寓住宅),杭州,租房,320国道
4551531807335436,476482,华瑞晴庐,杭州,租房,"建设二路,近育才路"
4616323139527686,160969,凤凰南苑(上城),杭州,租房,秋涛路40号
4624026097228809,877755,迪凯运河印象,杭州,租房,"好运街,通益路"
4617005081568266,160752,耀江文鼎苑,杭州,租房,萍水西街193号
4568604673956878,619462,中旅紫金名门,杭州,租房,振华路10号
4595431768777736,528704,湖漫雅筑,杭州,租房,"天官路,近光裕路"
4626286815947781,369976,东海闲湖城(公寓住宅),杭州,租房,天目山西路277号
4616839621321738,789656,利二花苑,杭州,租房,"奔竞大道,近金鸡路"
4623652233096196,369876,金石华城,杭州,租房,塘栖绿荫街
4616730620650511,825886,翡翠城(东南区),杭州,租房,"五常大道,近高教路"
4613776977402892,826456,金色钱塘(南区),杭州,租房,风情大道677号
4566861423600645,1078073,越秀星悦城(公寓住宅),杭州,租房,"星港路,近塘塍街"
4549860870480898,477594,嘉信九悦印象,杭州,租房,"东湖中路,近沿河路"
4600974945870863,161147,钱江湾花园,杭州,租房,东信大道99号
4557245734345734,610622,东田怡丰城(公寓住宅),杭州,租房,"迎宾路,近天万路"
4632437023108104,476482,华瑞晴庐,杭州,租房,"建设二路,近育才路"
4630665971786755,161176,蚕花园永安坊,杭州,租房,"蚕花路,近永安巷"
4603809417176077,826130,桐庐碧桂园(公寓住宅),杭州,租房,城南路799号
4619434044513281,160944,兰韵天城,杭州,租房,墩祥街
4601103603674124,222976,清雅苑,杭州,租房,学林街633号
4578652304696335,913289,西溪润景,杭州,租房,"创意二路,近邱桥路"
4623431496145934,192750,顺昌花苑,杭州,租房,丝织弄63号
4583973626389506,787778,金地自在城鹭影轩,杭州,租房,西园八路
4561118234452998,175855,复兴南苑,杭州,租房,之江路525号
4613924180941832,573718,德信东望,杭州,租房,"新塘路,近明月桥路"
4617770071008260,793798,阳光里,杭州,租房,文居街338号
4618282477300745,613323,中大银泰城公寓,杭州,租房,东新路822号
4601541389708289,174646,东方润园,杭州,租房,钱潮路9号
4601290470988805,590405,万科北宸之光,杭州,租房,通运路
4607159311363077,1107937,溪谷岚湾(公寓住宅),杭州,租房,运溪路1100号
4616805449100303,652456,汀澜府,杭州,租房,冬泽巷99号
4619573805865988,825632,普金家园,杭州,租房,温州路9号
4609636973353993,727345,经纬御贤府,杭州,租房,崇文街90号
4610811698226187,477594,嘉信九悦印象,杭州,租房,"东湖中路,近沿河路"
4550171171527689,993918,水韵康桥康盛苑,杭州,租房,"前洋路,近康桥路"
4629754648390659,343452,郡原相江公寓,杭州,租房,"仁爱路,近下沙路"
4556164829256715,660197,昆仑华府,杭州,租房,"新104国道,近东西大道"
4611261459866636,910656,绿都百瑞广场,杭州,租房,市心北路199号
4497783827000333,296629,铭和苑柳翠坊,杭州,租房,学源街1273号
4588604585450504,635026,合景瑜翠园,杭州,租房,舒心路
4602872866857984,913287,云溪印象,杭州,租房,"镇中路,近象山路"
4611106864505856,825861,都市阳光和苑,杭州,租房,甲来路82号
4561655707542528,863618,亲亲家园幸福里,杭州,租房,"墩祥路,近古墩路"
4621810894990351,606218,莱茵知己(公寓住宅),杭州,租房,"振兴路,近顺达路"
4626573606382605,369856,宋都阳光国际观澜苑,杭州,租房,通盛路3号
4584259776830468,611340,万科大家钱塘府,杭州,租房,"昙花庵路,近水湘路"
4479540112385035,369814,桂花星城,杭州,租房,世纪大道
4600979694691331,369830,贝利栖溪公馆,杭州,租房,广济路
4632515651560456,161161,新白马公寓,杭州,租房,工人路899号
4568674900485120,785618,尚海湾(公寓住宅),杭州,租房,育才路
4545802216676360,217304,锦绣钱塘,杭州,租房,科技大道
4595168469146637,610923,莱蒙水榭春天,杭州,租房,飞虹路208号
4566887736896518,863618,亲亲家园幸福里,杭州,租房,"墩祥路,近古墩路"
4626935345179656,542544,七贤郡(1-50),杭州,租房,东西大道
4597990544122894,407976,大都尚澜,杭州,租房,"东湖北路,近兴旺大道"
4628629988224015,160277,绿都湖滨花园(公寓住宅),杭州,租房,"金山路,近博学路"
4607820294841357,613792,阳光城普升,杭州,租房,"福临街,近普德路"
4602816413019144,826907,紫园,杭州,租房,凯旋路100号
4624642448366599,1440450,新力启云府(东区),杭州,租房,"港渠路,近下洋路"
4608282771647497,826220,闻潮尚庭,杭州,租房,"望江东路,近钱江路"
4566800707968002,369856,宋都阳光国际观澜苑,杭州,租房,通盛路3号
4629561569205249,825877,盛庐小区,杭州,租房,滨盛路3215号
4629492491674628,200705,湖畔宽邸(公寓住宅),杭州,租房,休博路4号
4603825511635976,160388,中兴花园,杭州,租房,江汉路1688号
4634158612570123,221630,江虹小区,杭州,租房,"滨和路,近江虹路"
4633733634518031,1275483,海兴雅苑,杭州,租房,"联创街,近聚橙路"
4595277364550666,909780,中天西城纪,杭州,租房,余杭塘路417号
4609811946433547,207942,浪漫和山东溪苑,杭州,租房,留和路
4549765875215368,803350,绿都港汇中心,杭州,租房,市心北路853号
4564037630372865,219944,南肖埠御景苑,杭州,租房,太平门直街216号
4588024106263561,826738,鼎湖未来云城天禧,杭州,租房,新丰路
4630785232430094,370053,朗郡庭园(公寓住宅),杭州,租房,"象山路,近横桥路"
4619739627265031,191004,滨江新苑,杭州,租房,近江东路59号
4623842228317185,160308,迎春北苑,杭州,租房,"迎春路,近江陵路"
4564431402181632,589478,望江府,杭州,租房,闻潮路280号
4554084193641477,160104,世纪新城,杭州,租房,高技路51-55号
4625412026000395,794775,地铁绿城杨柳郡,杭州,租房,九和路516号
4551858634628104,826313,西溪诚园致诚苑,杭州,租房,"双龙街,近崇仁路"
4626491814452229,913287,云溪印象,杭州,租房,"镇中路,近象山路"
4614104838970375,369877,众安嘉润公馆,杭州,租房,"金鸡路,近潮韵路"
4612319780578310,160384,瑞立中央花城,杭州,租房,滨河路796号
4621979797957645,597681,景瑞御蓝湾,杭州,租房,禹航路5号
4608290439715847,657466,莱茵传奇园,杭州,租房,"建设一路,近青年路"
4613796616088584,826907,紫园,杭州,租房,凯旋路100号
4630747029185540,610923,莱蒙水榭春天,杭州,租房,飞虹路208号
4626245177371649,369928,德圣博奥城,杭州,租房,建设二路528号
4584278037654530,160324,新星小区,杭州,租房,三墩街
4571386019095563,826859,中国铁建江南国际城,杭州,租房,"金城路,近风情大道"
4525918072724481,619856,新城山语院,杭州,租房,"星光街,近顺达路"
4537280964652047,369934,金域兰庭,杭州,租房,"时代大道,近新庙桥"
4551556803865601,826367,闲林山水紫薇苑,杭州,租房,闲林东路
4613921200432137,160903,长江小区,杭州,租房,"南环路,近立业路"
4611313763904526,467227,保利城市果岭,杭州,租房,银海街38号
4572565665457166,826363,仙林苑(南区),杭州,租房,中山北路142号
4582933214944267,1893012,杭与城,杭州,租房,龙舟北路
4616872276435971,528704,湖漫雅筑,杭州,租房,"天官路,近光裕路"
4612140269806596,370094,金都西花庭,杭州,租房,"狮山路,近余杭塘河"
4631973771584512,995754,龙湖滟澜山(澜轩),杭州,租房,"华景街,近银沙路"
4633521182811137,201015,和平雅苑,杭州,租房,"东西大道,仁和大道"
4526005370510337,217304,锦绣钱塘,杭州,租房,科技大道
4598444862561282,791609,万科郡西澜山,杭州,租房,"风情大道,近福田路"
4608006897673230,650514,嘉丰万悦城(北区),杭州,租房,"东湖北路,近湖潭路"
4588184975711234,875368,北辰奥园(公寓住宅),杭州,租房,"向旭路,近蜀山路"
4605302231100430,161090,伊萨卡国际城(公寓住宅),杭州,租房,"14号大街,近沿江大道"
4625319954981889,807880,阳光城上府(公寓住宅),杭州,租房,"风情大道,近滨康路"
4595065715862533,160893,闲林山水木兰苑,杭州,租房,"闲林东路,近高教路"
4634151463314437,610622,东田怡丰城(公寓住宅),杭州,租房,"迎宾路,近天万路"
4614731465858054,1021780,绿城蓝庭(西区),杭州,租房,振兴西路52号
4613831558308876,183101,凯旋金牛坊,杭州,租房,凯旋路151号
4623463340678158,826248,星光国际广场,杭州,租房,江南大道228号
4613957280439308,489385,三墩颐景园曲水苑,杭州,租房,荡漾路102号
4620934639803392,782005,崇邦余之城,杭州,租房,"迎宾路,近临东路"
4601161645466633,1255003,三江名苑,杭州,租房,时代大道
4626531749338113,160633,观音塘小区,杭州,租房,下车路10号
4506707710993410,804630,龙湖水晶郦城,杭州,租房,"茹家路,近庄墩路"
4632465697954824,160980,长兴苑小区,杭州,租房,绿香街358号
4608421643512843,224307,联庄公寓,杭州,租房,江南大道4250号
4412793932981251,826482,新世界琅琴湾,杭州,租房,迎康路28号
4611111822175239,1390348,滨江御滨府(公寓住宅),杭州,租房,"阡陌路,近北塘路"
4564417541090312,160343,南岸晶都花园,杭州,租房,平安路72号
4575841070885896,260398,丽阳苑,杭州,租房,申花路389号
4606422943194120,322058,江南明城,杭州,租房,利华路66号
4433752406060039,825755,容大五环城市花园,杭州,租房,金桥北路159号
4591038803911684,160199,金基晓庐,杭州,租房,钱潮路68号
4607883921679371,826366,恒大名城博园,杭州,租房,博园路
4539040550001667,610622,东田怡丰城(公寓住宅),杭州,租房,"迎宾路,近天万路"
4578550852164611,369958,青山鹤岭,杭州,租房,鹤亭大街
4540283698764802,868158,金世纪运河丽园(公寓住宅),杭州,租房,"东湖北路,近兴旺大道"
4580150923750410,370000,风华苑,杭州,租房,世纪大道19号
4622168567507975,161035,天元公寓(公寓住宅),杭州,租房,19号大街709号
4632359658677255,826790,长江西苑,杭州,租房,建业路151号
4626285434444811,609573,后珠辰秀嘉园(北区),杭州,租房,明珠街
4631030971788291,160901,翠苑三区(东区),杭州,租房,翠柏路11号
4608147938487308,649983,龙湖春江郦城,杭州,租房,江汉路1337号
4617780235838473,369814,桂花星城,杭州,租房,世纪大道
4597947182982156,160395,水陆寺巷小区,杭州,租房,东清巷7号
4620662408260612,652463,越秀星汇悦城,杭州,租房,古墩路
4530110889894926,868158,金世纪运河丽园(公寓住宅),杭州,租房,"东湖北路,近兴旺大道"
4579873782602752,619856,新城山语院,杭州,租房,"星光街,近顺达路"
4606568474340363,996468,中尚橄榄树花园南区(东区),杭州,租房,崇杭街
4615477918161927,219814,天汇园,杭州,租房,金城路411号
4561423038110722,343452,郡原相江公寓,杭州,租房,"仁爱路,近下沙路"
4611331600559116,608131,保利罗兰香谷,杭州,租房,华鹤路656号
4599850039010314,322058,江南明城,杭州,租房,利华路66号
4623716478968832,183358,柳浪东苑,杭州,租房,河坊街512号
4565434906010632,825632,普金家园,杭州,租房,温州路9号
4566054582479882,160824,清水公寓,杭州,租房,德胜巷13号
4550264377615361,296629,铭和苑柳翠坊,杭州,租房,学源街1273号
4633765698610189,912258,开元广场(公寓住宅),杭州,租房,"西河路,近向旭路"
4548741793852420,826791,白鹭郡南柳映坊,杭州,租房,白鹭路
4384225096883211,825760,德信银树湾,杭州,租房,文岚街58号
4604090970151940,172587,浣纱路58-371号小区,杭州,租房,浣纱路
4515007579548677,943050,绿城九龙仓桂语江南,杭州,租房,"博奥路,近建设二路"
4610817769874439,370106,铂金名筑,杭州,租房,平安路38号
4586966713834508,160828,福利新村,杭州,租房,中河中路122号
4574011058068495,911970,盛泰时代山,杭州,租房,"4号大街,近9号大街"
4625195227372558,369835,协安蓝郡,杭州,租房,"金昌路,近古墩路"
4599628068365322,1013054,盈一佳苑,杭州,租房,鸿宁路1021号
4589411122715648,160284,广宇西城年华,杭州,租房,申花路388号
4627731871980556,161161,新白马公寓,杭州,租房,工人路899号
4588105586256900,369972,泊林漫谷(公寓住宅),杭州,租房,留和路
4607288833682436,626969,紫玉福邸,杭州,租房,"秋涛北路,近机场路"
4545682835368971,160752,耀江文鼎苑,杭州,租房,萍水西街193号
4513633891539981,600730,绿城之江1号(东区),杭州,租房,"横桥路,近博美路"
4615259413963784,630884,科尔世纪外滩(公寓住宅),杭州,租房,水博大道1号
4596608290120704,346144,望江家园西园,杭州,租房,沙地路23号
4622350586665987,651236,万宝城,杭州,租房,荷禹路105号
4614185452772365,160558,六合天寓,杭州,租房,东信大道1222号
4608243303080961,826742,联庄江涛阁,杭州,租房,东信大道1038号
4574179907675139,1315367,西溪永乐城(公寓住宅),杭州,租房,"景兴路,近文一西路"
4623572316761100,369899,红景凯丽晶座(公寓住宅),杭州,租房,通惠北路718号
4619958490342402,205213,欣盛东方郡(西区),杭州,租房,江汉路170号
4579506849737737,791599,竹径云山锦云坊(67-80),杭州,租房,东西大道
4548562412678151,798267,合景映月台(公寓住宅),杭州,租房,"溪望路,近良睦路"
4626680837626893,160842,春波小区,杭州,租房,春波路32号
4630451856141326,505314,逸天广场(公寓住宅),杭州,租房,东信大道270号
4525768589616137,369819,滨江城市之星(公寓住宅),杭州,租房,市民街167号
4630839818476547,370057,嘉丰公馆,杭州,租房,"萧然西路,近南秀路"
4610751285830661,179315,东海水景城(公寓住宅),杭州,租房,世纪大道西501号
4547455263628299,790865,金域东方,杭州,租房,湘建线
4604822617023490,370094,金都西花庭,杭州,租房,"狮山路,近余杭塘河"
4616571148559373,181169,康城国际,杭州,租房,世纪大道676号
4630875284581385,160147,滨江万家花城(一期),杭州,租房,萍水街380号
4553430920457221,191233,复兴东苑,杭州,租房,"复兴路,近秋涛路"
4528923820321804,826738,鼎湖未来云城天禧,杭州,租房,新丰路
4554536163091458,193773,梦琴湾,杭州,租房,"27号大街,近10号大街"
4534977576315913,160801,贺田尚城(公寓住宅),杭州,租房,六和路365号
4621169840708611,573718,德信东望,杭州,租房,"新塘路,近明月桥路"
4581431841385476,1275483,海兴雅苑,杭州,租房,"联创街,近聚橙路"
4621167504827403,219714,玄坛弄小区,杭州,租房,玄坛弄
4584174532992010,938030,龙禧大酒店公寓,杭州,租房,江南大道3788号
4511522292179974,160316,青春坊小区(公寓住宅),杭州,租房,凤起路
4603959422313473,877764,之江家园四区,杭州,租房,"杜家浦路,近美院南路"
4595478269586442,1038258,银湖花苑(公寓住宅),杭州,租房,320国道
4616797670485006,300522,新湖果岭(公寓住宅),杭州,租房,文一西路
4616389916091406,877755,迪凯运河印象,杭州,租房,"好运街,通益路"
4622450640610304,160736,江南摩卡小区,杭州,租房,水田畈路89-1号
4586566753856517,160229,亲亲家园一期,杭州,租房,"古墩路,近董家路"
4623845754053637,181423,袁井巷,杭州,租房,"中河南路,近抚宁路"
4629452044852238,911970,盛泰时代山,杭州,租房,"4号大街,近9号大街"
4541502096598016,916687,碧桂园深蓝国际中心,杭州,租房,"博奥路,近利一路"
4553204376136715,316460,浙地人家,杭州,租房,宋家湾路
4623503552830467,611311,恒基旭辉府,杭州,租房,"崇杭街,近丽水北路"
4603801481796610,370089,大华海派风范沁园,杭州,租房,城东路
4588438118095878,781698,融科东南海,杭州,租房,香樟路469号
4623387866817538,160229,亲亲家园一期,杭州,租房,"古墩路,近董家路"
4623781274344463,826150,和谐嘉园北苑,杭州,租房,"杭海路,近庆春东路"
4551753695816707,628433,德信泊林春天,杭州,租房,鸿宁路40号
4591211521436687,160055,金厦公寓,杭州,租房,灯彩街50号
4623907055608839,638890,擎天半岛(公寓住宅),杭州,租房,藕花洲大街159号
4580045231746049,660200,雍荣华庭,杭州,租房,"莫干山路,近留祥路"
4588641949361162,910832,欧美金融城,杭州,租房,"闲林港西路,近向往街"
4607656937219074,797911,东安景苑,杭州,租房,"龙湖路,近平吴街"
4629378387401737,420307,滨江曙光之城,杭州,租房,机场路285号
4625645478405129,791714,招商雍泽府,杭州,租房,"兴建路,近园区路"
4538892354657291,370062,万和国际,杭州,租房,皓月路188号
4625560213398528,404541,仁苑,杭州,租房,滨盛路3191号
4597079820540931,826352,佳丰北苑,杭州,租房,飞虹路1077号
3777585856898053,207422,中兴和园(公寓住宅),杭州,租房,火炬南路1612号
4509043889253390,825525,保亿风景蝶院观园,杭州,租房,"江虹路,近天官路"
4633800941478913,659567,惠都家园(东区),杭州,租房,太平路93号
4623444415915022,825673,春波南苑,杭州,租房,"滨安路,近江晖路"
4626250083511311,183555,近江苑,杭州,租房,徐家埠路58号
4620701767052294,248058,宏丰家具城小区,杭州,租房,五常荆山湾88号
4625300921523203,994908,闲林山水海棠苑,杭州,租房,"闲林东路,近高教路"
4477728571417602,606332,世茂之西湖御涛轩,杭州,租房,"江南大道,近西环路"
4626255032343556,995171,锦文雅苑(西区),杭州,租房,永福路
4539910244822024,369846,保利江语海(公寓住宅),杭州,租房,"之江东路,近6号大街"
4619604223306759,497413,佳兆业玖珑山,杭州,租房,"八角路,近镇南路"
4546884494748682,825956,顺达花苑东区,杭州,租房,"顺达路,近320国道"
4608556287157261,656352,运河宸园(公寓住宅),杭州,租房,"登云路,近小河路"
4585632499067918,825713,大华海派风范茗园,杭州,租房,城东路4-10号
4576746121536520,160298,绿城春江花月,杭州,租房,钱江路158号
4611154795211791,1178779,定山西苑二区,杭州,租房,创意路
4555424191716362,450266,近江六园,杭州,租房,富春路191号
4561260656176132,201140,云雀苑,杭州,租房,江城路548-550号
4601106206202885,826556,近江三园,杭州,租房,珊园弄13号
4532850874739717,188962,宋浇造巷小区,杭州,租房,宋浇造巷
4588310972670981,825483,白马湖小区凤凰苑(南区),杭州,租房,"一号路,近江虹路"
4627828881464333,1029638,五月香山(公寓住宅),杭州,租房,320国道
4622060897709066,1218290,越秀星汇花园西区,杭州,租房,"塘塍街,近225县道"
4626443006094337,725178,金成英特学府(公寓住宅),杭州,租房,"天目山西路,近城东路"
4627798048300043,943040,中梁百悦城(公寓住宅),杭州,租房,顺风路128号
4594214425324559,224144,保利东湾(西区),杭州,租房,"24号大街,近20号大街"
4630806167956484,877698,融创时代奥城,杭州,租房,"盈丰路,近书音路"
4630804634332161,222976,清雅苑,杭州,租房,学林街633号
4604824040041476,800830,九龙仓世纪华府,杭州,租房,丰收中路28号
4577074727889921,657913,嘉里云荷廷,杭州,租房,"珊瑚沙路,近江涵路"
4606841699279887,825861,都市阳光和苑,杭州,租房,甲来路82号
4588439423167489,826171,恒滕悦湖花苑,杭州,租房,城南路578号
4621812149429255,191610,东城丽景,杭州,租房,"城隍中路,近永玄路"
4576752104793103,589478,望江府,杭州,租房,闻潮路280号
4581392867601412,801400,丰北一苑,杭州,租房,利丰路730号
4601474379492361,160297,三江鸣翠蓝湾(别墅),杭州,租房,九龙大道188号
4613907919428622,826860,中国铁建青秀城,杭州,租房,建设一路418号
4609829531540487,411253,九龙仓君廷(公寓住宅),杭州,租房,康信路
4598192106937348,369835,协安蓝郡,杭州,租房,"金昌路,近古墩路"
4629437603912705,369838,赞成香颂,杭州,租房,"顺达路,近振兴西路"
4626591700806669,657913,嘉里云荷廷,杭州,租房,"珊瑚沙路,近江涵路"
4629212126536712,370067,贝利珑昕泽第,杭州,租房,"东大街,近九曲营路"
4508804607091724,160558,六合天寓,杭州,租房,东信大道1222号
4611104698145792,183358,柳浪东苑,杭州,租房,河坊街512号
4561217809767433,635788,赞成赞城,杭州,租房,棕榈路801号
4537064404163596,160265,竹海水韵(公寓住宅),杭州,租房,"闲富北路,近天目山西路"
4622229844945930,825495,百合新城,杭州,租房,金秋大道
4626316614085635,863121,宝龙城市广场,杭州,租房,"学府街,近学林支路"
4616755026078729,649983,龙湖春江郦城,杭州,租房,江汉路1337号
4611145068047365,160571,湘湖家园,杭州,租房,萧西路843号
4567094474957828,877672,新时代城市家园,杭州,租房,闲富中路248号
4596503030328335,210028,兰惠家园,杭州,租房,东湖南路416-1号
4573930618151948,579336,龙湖春江彼岸,杭州,租房,"扬帆路,近丹枫路"
4622538931297281,607827,万科璞悦湾,杭州,租房,滨文路670号
4624811296746503,725178,金成英特学府(公寓住宅),杭州,租房,"天目山西路,近城东路"
4507569891208203,826363,仙林苑(南区),杭州,租房,中山北路142号
4622485241340940,791880,上实海上海(一期),杭州,租房,"古墩路,金汇南路"
4575496729125889,826150,和谐嘉园北苑,杭州,租房,"杭海路,近庆春东路"
4606502990343183,161064,钱塘景苑,杭州,租房,伟业路399号
4624001598397449,191413,白鹭郡东,杭州,租房,"风情大道,近玉鸟路"
4607900128898052,613792,阳光城普升,杭州,租房,"福临街,近普德路"
4561652324752392,1100978,风荷锦庭(公寓住宅),杭州,租房,"新峡路,近油虎线"
4527498579239943,1893012,杭与城,杭州,租房,龙舟北路
4629189228305419,825877,盛庐小区,杭州,租房,滨盛路3215号
4616665037335557,370083,天阳云筑(公寓住宅),杭州,租房,"八角路,近鸡山路"
4593659507371019,788033,爵士风情韵沁苑,杭州,租房,"天目山西路,近闲富北路"
4570063906907149,219771,勤远里,杭州,租房,"察院前巷,近中山南路"
4631889454537741,160807,夕照新村,杭州,租房,"清江路,近杭海路"
4620900514049031,160121,天都花园,杭州,租房,邱山大街532号
4584243120679940,863448,世包国际中心,杭州,租房,市民街99号
4601098853276673,175824,左岸花园,杭州,租房,永庆路120号
4580088494234626,160079,铁岭花园,杭州,租房,"江陵路,近滨安路"
4617073203846149,826603,景致公寓,杭州,租房,"和睦路,近石祥路"
4523408796195842,596962,元成东盛家园,杭州,租房,松乔街518号
4524753627896832,860800,越秀星汇尚城,杭州,租房,上园路
4613501139807242,234038,人和家园,杭州,租房,天目山路1号
4609627351147529,205388,麒麟街小区,杭州,租房,"延安路,近凤起路"
4589444569261065,825962,顺发和美家,杭州,租房,市心北路785号
4629540331838466,945744,融创未来海溪汀苑,杭州,租房,"闲富北路,近上和路"
4588123062526990,826799,龙湖滟澜山(丽轩),杭州,租房,"华景街,近海达南路"
4631063568493574,160506,新湖北国之春,杭州,租房,衢洲路105号
4619894217219078,863838,仓溢东苑,杭州,租房,"海曙路,近良睦路"
4472343569378306,608767,林溪闲庭,杭州,租房,闲富中路166号
4538937880501258,370055,积家(公寓住宅),杭州,租房,浦沿路789号
4627765114989568,192131,东湖公寓,杭州,租房,河南埭路63号
4616387933264907,792522,万科星空,杭州,租房,文一西路
4615049521079310,370053,朗郡庭园(公寓住宅),杭州,租房,"象山路,近横桥路"
4603410604583948,1296149,高桥花苑(东区),杭州,租房,高桦路3号
4604301455678477,486928,野风海天城,杭州,租房,听涛路174号
4626278220440576,369860,德信早城,杭州,租房,"学林街,近上沙路"
4557358631726085,826394,湘湖人家(西区公寓住宅),杭州,租房,闻兴路288号
4596494145252365,369976,东海闲湖城(公寓住宅),杭州,租房,天目山西路277号
4619505575517188,635214,赞成杭家,杭州,租房,崇文街
4614924423799823,369926,嘉里桦枫居,杭州,租房,杭玻街766号
4548791446137868,825931,福鼎家园,杭州,租房,"文昌路,近常二路"
4624966262742021,609573,后珠辰秀嘉园(北区),杭州,租房,明珠街
4621954340561935,369902,金地天逸,杭州,租房,山阴路1999路
4608220585880587,1025599,西房余杭公馆,杭州,租房,"坝潭弄,近安乐路"
4568602711219201,220251,蓝桥名苑,杭州,租房,金堡街294号
4582360692419590,407707,金昌春和钱塘,杭州,租房,民和路411号
4632256328084486,1218290,越秀星汇花园西区,杭州,租房,"塘塍街,近225县道"
4626615733398532,161107,翰墨香林苑,杭州,租房,留和路546号
4633534928821252,369882,远洋西溪公馆(公寓住宅),杭州,租房,文一西路822号
4630940616748043,911662,丰盛九玺,杭州,租房,"欣然街,近榨河巷"
4586840930247687,825570,滨江万家名城(南区),杭州,租房,"上园路,近锦江路"
4564176362613765,659941,汉嘉申花郡,杭州,租房,"丰庆路,近祥符路"
4633410897648646,232436,得力半岛花园(公寓住宅),杭州,租房,晨晖路507号
4565771903196163,224144,保利东湾(西区),杭州,租房,"24号大街,近20号大街"
4624029587661830,229758,月雅苑,杭州,租房,2号大街877号
4603974670689281,649613,融创河滨之城水澜轩,杭州,租房,"五常港路,近余杭塘路"
4633758771110917,806475,万科江湾城,杭州,租房,"时代大道,近纬一路"
4632340115678213,181169,康城国际,杭州,租房,世纪大道676号
4578758258093061,578175,德信晓宸,杭州,租房,"祥富路,近上祥路"
4563077829975053,160727,商教苑社区,杭州,租房,杭海路31号-37号
4632470040519692,160079,铁岭花园,杭州,租房,"江陵路,近滨安路"
4630962006678543,346247,星桥桂花城,杭州,租房,"藕花洲大道,近太平路"
4616945874510852,1048135,海德公园,杭州,租房,"东吴路,近良运街"
4631098639803397,785683,西溪华东园,杭州,租房,"五常大道,近高教路"
4629052276005896,161069,晴彩巴厘,杭州,租房,世纪大道
4632283659627525,369932,绿都御景蓝湾(公寓住宅),杭州,租房,时代大道6588号
4613556416846862,528280,众安白马山庄(公寓住宅),杭州,租房,留和路
4585793448717317,780546,雅居乐国际花园,杭州,租房,"天目山西路,近闲富路"
4630554845764620,161181,静怡花苑,杭州,租房,秋涛路550号
4630601454496779,1178779,定山西苑二区,杭州,租房,创意路
4618200676391939,634849,西溪金座,杭州,租房,荆长路758号
4605608604396556,181250,三华园(公寓住宅),杭州,租房,凤起路290号
4624962417859585,370101,宋都东郡国际嘉湾,杭州,租房,凌云街21号
4562626963579907,798267,合景映月台(公寓住宅),杭州,租房,"溪望路,近良睦路"
4547090669939721,798267,合景映月台(公寓住宅),杭州,租房,"溪望路,近良睦路"
4563969578478605,200705,湖畔宽邸(公寓住宅),杭州,租房,休博路4号
4634006676907013,219250,开元加州阳光小区,杭州,租房,金城路333号
4515014328376325,943050,绿城九龙仓桂语江南,杭州,租房,"博奥路,近建设二路"
4630856725044237,232436,得力半岛花园(公寓住宅),杭州,租房,晨晖路507号
4625273535814669,370104,城发云锦城,杭州,租房,"华鹤街,近长睦路"
4616592613153807,652463,越秀星汇悦城,杭州,租房,古墩路
4626356352361477,826881,中兴花园百合苑,杭州,租房,江汉路1679号
4572690162473999,877932,进修弄小区,杭州,租房,"进修弄,近九曲营路"
4633446820310017,825088,超级星期天(公寓住宅),杭州,租房,西浦路1718号
4523296890838027,804783,白塔人家,杭州,租房,"复兴路,近水澄路"
4538894193482753,160866,三水一生(公寓住宅),杭州,租房,时代大道
4565607427517448,590405,万科北宸之光,杭州,租房,通运路
4609312132393992,205425,银泰海威国际,杭州,租房,"江虹路,近科技馆路"
4616297946442764,218032,吉如家园,杭州,租房,"杭印路,近登云路"
4616682408649731,209018,中誉现代城(公寓住宅),杭州,租房,通惠中路838号
4567531110034433,912477,丽晶国际中心,杭州,租房,鸿宁路2327号
4627731426665473,1107937,溪谷岚湾(公寓住宅),杭州,租房,运溪路1100号
4585242421959688,584452,中海西溪华府,杭州,租房,五常港路
4569621001430029,783119,绿城留香园,杭州,租房,塘工局路
4579800942615565,1107937,溪谷岚湾(公寓住宅),杭州,租房,运溪路1100号
4585232357305356,826799,龙湖滟澜山(丽轩),杭州,租房,"华景街,近海达南路"
4579810950831104,1035534,万科北宸之光拱宸,杭州,租房,上园路
4591489261001729,787778,金地自在城鹭影轩,杭州,租房,西园八路
4557118469303310,160363,保元泽第(公寓住宅),杭州,租房,东湖南路333号
4554407715646469,826661,印月尚庭,杭州,租房,"滨盛路,近三桥路"
4598275644271624,1424017,越秀景瑞悦见山,杭州,租房,"兴国路,近辰兴路"
4573022462913551,469002,广宇鼎悦府,杭州,租房,南大街329号
4603924359764997,1025599,西房余杭公馆,杭州,租房,"坝潭弄,近安乐路"
4605263992019975,160935,翠苑一区,杭州,租房,"学院路,近文一路"
4616526746280965,375304,保利东湾(东区公寓住宅),杭州,租房,之江东路
4558301918600199,160100,东清苑,杭州,租房,庆春路70-84号
4524342565135373,804783,白塔人家,杭州,租房,"复兴路,近水澄路"
4588391887576075,863121,宝龙城市广场,杭州,租房,"学府街,近学林支路"
4618299295198216,303778,大成名座,杭州,租房,"市心北路,近建设三路"
4514699826666509,209262,世茂江滨花园瑞景湾,杭州,租房,"16号大街,近23号大街"
4632073785664516,204948,木材新村,杭州,租房,秋涛路168号
4632354448272387,186603,钱塘名都,杭州,租房,钱江路628-640号
4627698277016576,170497,万科西溪蝶园(北区),杭州,租房,紫霞街188号
4621957217573894,205213,欣盛东方郡(西区),杭州,租房,江汉路170号
4613504186754051,1025600,恒大水晶国际广场,杭州,租房,"之浦路,近枫桦路"
4615154165804047,925737,长河商厦,杭州,租房,长江路428号
4611165400886282,649983,龙湖春江郦城,杭州,租房,江汉路1337号
4619656971381770,911662,丰盛九玺,杭州,租房,"欣然街,近榨河巷"
4549932648766467,181423,袁井巷,杭州,租房,"中河南路,近抚宁路"
4594364157862927,160314,银河小区(公寓住宅),杭州,租房,永久路219号
4566002712796164,219814,天汇园,杭州,租房,金城路411号
4626610437221382,788323,东晖龙悦湾(公寓住宅),杭州,租房,"五洲路,近小白线"
4605263336760330,877932,进修弄小区,杭州,租房,"进修弄,近九曲营路"
4633692589464578,369817,恒安名座,杭州,租房,崇化路750号
4626659844729860,826367,闲林山水紫薇苑,杭州,租房,闲林东路
4631055345982476,923412,禹洲滨之江,杭州,租房,"枫桦东路,近枫桦西路"
4616642336189453,578903,金隅田员外,杭州,租房,"半山东路,近依山路"
4618206913342477,1218290,越秀星汇花园西区,杭州,租房,"塘塍街,近225县道"
4547446128421899,725178,金成英特学府(公寓住宅),杭州,租房,"天目山西路,近城东路"
4578259309831172,369882,远洋西溪公馆(公寓住宅),杭州,租房,文一西路822号
4611139259819019,627593,万科良渚文化村未来城,杭州,租房,"疏港路,近104国道"
4606887775972364,160812,郁金香岸(公寓住宅),杭州,租房,万达路770号
4632786521269258,369939,保利香槟国际,杭州,租房,人文路116号
4571343397694471,1411532,众安顺源府,杭州,租房,"上林南路,近科创园一号路"
4571530055705612,160582,昆仑水印城,杭州,租房,滨盛路2242号
4590975175695363,576119,融科瑷骊山,杭州,租房,望江山路1号
4626581517130759,911314,恒隆广场,杭州,租房,山阴路688号
4608691872013325,825570,滨江万家名城(南区),杭州,租房,"上园路,近锦江路"
4629400170392587,366123,高桥小区,杭州,租房,高桥路
4615665932463119,161064,钱塘景苑,杭州,租房,伟业路399号
4630909117146125,1074373,美丽春天府,杭州,租房,石马路521号
4621005892082692,220060,赞成岭上花苑(公寓住宅),杭州,租房,"鸡山路,近八角路"
4561223790715917,1038044,和家园御园,杭州,租房,杨梅山路362号
4623505156205578,826367,闲林山水紫薇苑,杭州,租房,闲林东路
4597744570557454,369809,美好桂花溪园(北区),杭州,租房,"长连路,瓶仓大道"
4581788028134411,825725,大家悦墅,杭州,租房,育才西路
4615493839461390,863448,世包国际中心,杭州,租房,市民街99号
4630303515274248,995993,东田怡丰城(商住楼),杭州,租房,"迎宾路,近天万路"
4615440687129602,825484,白马湖小区孔雀苑,杭州,租房,"江虹南路,近规划支路"
4614927916459009,161069,晴彩巴厘,杭州,租房,世纪大道
4632166717664270,160708,春丰苑,杭州,租房,"凤起路,近大树路"
4569902793712649,626947,佳源名城,杭州,租房,"崇超路,近汇贤路"
4625687128644608,579336,龙湖春江彼岸,杭州,租房,"扬帆路,近丹枫路"
4576964232061952,369846,保利江语海(公寓住宅),杭州,租房,"之江东路,近6号大街"
4596818455391244,370070,赞成乐山红叶(公寓住宅),杭州,租房,天目山西路
4499163826529284,825999,通和戈雅公寓,杭州,租房,万达北路710号
4629332303911943,826790,长江西苑,杭州,租房,建业路151号
4565416393956365,938681,三花国际,杭州,租房,"明月桥路,近鸿泰路"
4603710942141441,607368,绿城莲园(公寓住宅),杭州,租房,"北沙西路,近荷花路"
4620701791726600,806034,滨江华成大江之星,杭州,租房,新港路
4626748926127104,161107,翰墨香林苑,杭州,租房,留和路546号
4551302553641994,369888,滨江凯旋门,杭州,租房,凯旋路116号
4623463662201870,508113,望江新园三园,杭州,租房,"东宝路,近东霞巷"
4631089627589639,160727,商教苑社区,杭州,租房,杭海路31号-37号
4586610937027598,201741,三鑫君悦丽景,杭州,租房,金城路51号
4584080877132803,1153634,阳光城悦云邸,杭州,租房,溪望路
4592892326210570,825483,白马湖小区凤凰苑(南区),杭州,租房,"一号路,近江虹路"
4600893427031053,160733,皇亲苑,杭州,租房,凤起路380号
4579617804753932,826455,新东名苑,杭州,租房,香樟路
4317685646322697,786883,水岸花苑,杭州,租房,"文一西路,近长深高速"
4588809479136261,222976,清雅苑,杭州,租房,学林街633号
4611363307611140,160384,瑞立中央花城,杭州,租房,滨河路796号
4617862473554945,1424017,越秀景瑞悦见山,杭州,租房,"兴国路,近辰兴路"
4634078175437836,220796,天虹公寓,杭州,租房,"天虹街,近紫荆花北路"
4538560930901001,175739,观邸国际,杭州,租房,新和路167号
4538955356302344,877728,金地德圣中心(商住楼),杭州,租房,"金城路,近金山路"
4562806995690502,797049,采荷新村,杭州,租房,采荷路
4606719911320587,370057,嘉丰公馆,杭州,租房,"萧然西路,近南秀路"
4510256436407306,160717,观巷小区,杭州,租房,凤起路
4626884841282570,160520,翰林花园,杭州,租房,翰林街108号
4524574825047041,433822,迎春东苑,杭州,租房,"共联路,近滨和路"
4562450279869449,217136,锦园小区,杭州,租房,建国北路370号
4615047317412870,160613,清泰南苑,杭州,租房,始版桥直街176号
4609556094413824,660197,昆仑华府,杭州,租房,"新104国道,近东西大道"
4622243246023692,489385,三墩颐景园曲水苑,杭州,租房,荡漾路102号
4575720398251022,641638,富越香郡,杭州,租房,"湖州街,近杭行路"
4630587117251589,161011,蚕花园永兴坊,杭州,租房,"永兴弄,近上塘路"
4625655492602895,779615,合景天峻,杭州,租房,创景路
4616415161691136,826756,云都凤凰城,杭州,租房,云市路86号
4566811670289408,826176,万星碧云天公寓,杭州,租房,孙权路
4629094248963080,781708,新德佳苑,杭州,租房,"胜南路,近杭氧街"
4543075158039563,826412,江南望庄,杭州,租房,月明路983号
4616874568756235,160371,港湾家园,杭州,租房,余杭塘路866号
4598774607391746,303778,大成名座,杭州,租房,"市心北路,近建设三路"
4592690072087552,873008,丰东花苑,杭州,租房,振宁路928号
4613512845241346,628110,开元名郡,杭州,租房,"向旭支路,近晨晖路"
4429807373982726,652109,阳光城翡丽湾,杭州,租房,大农港西路1296号
4624176020413440,1077675,飘鹰富春江花苑,杭州,租房,春江东路2155号
4626597011221506,369845,华元蒙卡岸,杭州,租房,"和睦路,近五常大道"
4544726892864525,370110,理想康城一品,杭州,租房,人民大道258号
4602340358347783,618928,耀达金鼎华庭,杭州,租房,仁和大道
4627846852944910,272618,江南文苑,杭州,租房,滨文路639号
4621113984740361,910656,绿都百瑞广场,杭州,租房,市心北路199号
4611243500657671,160801,贺田尚城(公寓住宅),杭州,租房,六和路365号
4629702129951747,271325,金盛曼城,杭州,租房,东冠路655号
4605068243803139,160613,清泰南苑,杭州,租房,始版桥直街176号
4625149982090243,369842,龙湖滟澜山(茗轩),杭州,租房,华景街383号
4523035489152015,641301,都市阳光嘉苑,杭州,租房,甲来路40号
4619470589406222,611340,万科大家钱塘府,杭州,租房,"昙花庵路,近水湘路"
4616529094695940,877759,东亚新干线,杭州,租房,"明月桥路,近天城路"
4472602358227980,826313,西溪诚园致诚苑,杭州,租房,"双龙街,近崇仁路"
4630607187979267,910215,嘉富广场,杭州,租房,市心南路822-830号
4613599400320004,467227,保利城市果岭,杭州,租房,银海街38号
4571024478809096,183101,凯旋金牛坊,杭州,租房,凯旋路151号
4633404737790991,201015,和平雅苑,杭州,租房,"东西大道,仁和大道"
4624788222993419,160594,三江花园(公寓住宅),杭州,租房,万达中路26号
4564309722932232,803286,水韵康桥康泽苑,杭州,租房,康桥路
4631719603837959,575797,朗诗未来街区西园,杭州,租房,"天万路,近苑中路"
4598529876958223,369856,宋都阳光国际观澜苑,杭州,租房,通盛路3号
4620916176036879,1074373,美丽春天府,杭州,租房,石马路521号
4572818293351435,160017,临江花园(公寓住宅),杭州,租房,西环路33号
4625491057419279,222230,缤纷北苑,杭州,租房,"滨盛路,近西兴路"
4610671802461192,216293,金域三江(公寓住宅),杭州,租房,时代大道
4619284715052040,804721,富春新天地(公寓住宅),杭州,租房,恩波大道581号
4298170787831813,170154,良渚花苑(公寓住宅),杭州,租房,玉管路18号
4626374039612426,580034,玲珑府(公寓住宅),杭州,租房,西兴路399号
4599990209143808,877975,万科溪望(公寓住宅),杭州,租房,"文二西路,近环岛路"
4610980041088003,160587,紫云山庄(别墅),杭州,租房,杭富公路
4619221604461578,160277,绿都湖滨花园(公寓住宅),杭州,租房,"金山路,近博学路"
4578074775153667,613323,中大银泰城公寓,杭州,租房,东新路822号
4022147779174405,786131,宝嘉誉府,杭州,租房,"石祥西路,近紫金港路"
4557423592303616,160372,奥兰多小镇(公寓住宅),杭州,租房,风情大道4555号
4407054934336512,826323,西溪花园流芳苑,杭州,租房,凌波路5号
4626239654534159,826482,新世界琅琴湾,杭州,租房,迎康路28号
4534515704732685,160720,钱塘春晓花园,杭州,租房,月明路862号
4630005422613508,1035021,利一家园,杭州,租房,利丰路455号
4629284606045199,369877,众安嘉润公馆,杭州,租房,"金鸡路,近潮韵路"
4597956379372549,658236,钱江御府,杭州,租房,"候潮路,近秋涛路"
4629124553763851,173598,胡姬花园,杭州,租房,新城路90号
4602520190053386,423393,世纪花城,杭州,租房,大奇山路650号
4563991173651462,826308,中海寰宇天下C区,杭州,租房,"滨盛路,近江陵路"
4617797001128974,160802,西城时代家园,杭州,租房,文一西路
4281183752790029,160104,世纪新城,杭州,租房,高技路51-55号
4585279567275021,1218303,翡翠城梧桐郡,杭州,租房,"高教路,近五常大道"
4619411987553284,409606,平瑞瑞和园,杭州,租房,东西大道
4552802774279171,868158,金世纪运河丽园(公寓住宅),杭州,租房,"东湖北路,近兴旺大道"
4606681093577740,1302937,融创微风之城(公寓住宅),杭州,租房,东桥路169号
4633867886648329,432261,名扬阁,杭州,租房,萧钱线
4589864768547852,807434,艺尚里,杭州,租房,"永乐路,近迎宾路"
4632383028845572,783119,绿城留香园,杭州,租房,塘工局路
4620836361120777,222976,清雅苑,杭州,租房,学林街633号
4613911885032461,160229,亲亲家园一期,杭州,租房,"古墩路,近董家路"
4616631286098954,994879,新城都市丽景北苑(公寓住宅),杭州,租房,政法街88号
4619277568220173,826394,湘湖人家(西区公寓住宅),杭州,租房,闻兴路288号
4613868954934285,825525,保亿风景蝶院观园,杭州,租房,"江虹路,近天官路"
4575692693494798,799196,颐和山庄(别墅),杭州,租房,科技大道3608号
4624807971007492,762457,北城枫景园(公寓住宅),杭州,租房,长睦路
4623599785141254,160067,顺发佳境天城(公寓住宅),杭州,租房,市心北路737号
4568514208308227,910818,美都广场,杭州,租房,教工路619号
4626725242905602,826366,恒大名城博园,杭州,租房,博园路
4600951727135749,1020699,仁良花苑,杭州,租房,"东风路,近和平路"
4607810768448520,996468,中尚橄榄树花园南区(东区),杭州,租房,崇杭街
4631907918289928,370106,铂金名筑,杭州,租房,平安路38号
4590995182246918,994998,春波西苑,杭州,租房,"春波路,近江晖路"
4581109536009218,923412,禹洲滨之江,杭州,租房,"枫桦东路,近枫桦西路"
4604143877579780,370078,建境巧克力公馆,杭州,租房,鸿兴路338号
4579996155816965,626969,紫玉福邸,杭州,租房,"秋涛北路,近机场路"
4568900820511748,729169,融创瑷颐湾,杭州,租房,"祥运路,近杭行路"
4631325098042375,825481,白马湖小区白鹤苑,杭州,租房,"一号路,近江晖路"
4629087642901512,379778,龙湖香醍溪岸(公寓住宅),杭州,租房,"304省道,近宏达路"
4621140598004747,909730,万象城悦玺,杭州,租房,"庆春东路,近钱江路"
4619134611235840,160957,丰乐苑(8-12),杭州,租房,丰家兜8号
4571496663231500,826797,龙湖春江悦茗,杭州,租房,"风情大道,近建设三路"
4620852986831887,656442,合景叠彩园(公寓住宅),杭州,租房,"文胜路,近电子路"
4547277953997833,787778,金地自在城鹭影轩,杭州,租房,西园八路
4602643910173706,1038258,银湖花苑(公寓住宅),杭州,租房,320国道
4606782095645701,174648,北落马营,杭州,租房,候潮路34号
4629169764559878,160689,都市港湾,杭州,租房,北沙东路1-7号
4613790080852999,229758,月雅苑,杭州,租房,2号大街877号
4548836656356357,630884,科尔世纪外滩(公寓住宅),杭州,租房,水博大道1号
4624912491830281,160558,六合天寓,杭州,租房,东信大道1222号
4557168696452103,322058,江南明城,杭州,租房,利华路66号
4592220474221573,379785,九龙仓碧玺,杭州,租房,"后横港路,近桥弄街"
4599810851793933,825579,滨兴东苑,杭州,租房,"齐飞路,近滨和路"
4623902005767175,370046,保利湾天地,杭州,租房,24号大街
4627772262722572,201534,浙新小区,杭州,租房,滨文路646号
4465003295171598,826425,欣盛东方郡(东区),杭州,租房,春晓路233号
4616415631596556,911970,盛泰时代山,杭州,租房,"4号大街,近9号大街"
4526112313992205,826192,望江新园一园,杭州,租房,映霞街81号
4623468186100739,304194,东方一品,杭州,租房,建设一路133-8号
4619603608284172,943024,祥生群贤府(公寓住宅),杭州,租房,崇杭街
4623537011170306,794091,滨兴西苑,杭州,租房,"共鸣巷,近兴才路"
4630940994526221,379779,五月花城,杭州,租房,藕花洲大街西段162号
4500795076029452,178249,景江城市花园(公寓住宅),杭州,租房,之江路958号
4546155249622026,160597,赞成荆山翠谷(公寓住宅),杭州,租房,闲林东路
4544775166878728,179524,"小河路323,333,335,337号小区",杭州,租房,"小河路323,333,335,337号"
4619600486392837,300674,天鸿君邑(公寓住宅),杭州,租房,东信大道
4466347854339080,761437,凯文杭庄(公寓住宅),杭州,租房,"映荷路,近荷禹路"
4627004692487168,826859,中国铁建江南国际城,杭州,租房,"金城路,近风情大道"
4630742169017351,877755,迪凯运河印象,杭州,租房,"好运街,通益路"
4609775534267403,223675,断河头小区,杭州,租房,河坊街51号
4616818581398533,1255003,三江名苑,杭州,租房,时代大道
4619131214849034,191425,香榭里花园,杭州,租房,4号大街
4618203246078990,943026,祥生云浦新语,杭州,租房,"科海路,近周二路"
4605009098318863,596962,元成东盛家园,杭州,租房,松乔街518号
4615275122091023,181625,名门天第,杭州,租房,邱山大街575号
4632188686146563,610065,绿地旭辉城,杭州,租房,"扬帆路,近滨盛路"
4629095485811717,641638,富越香郡,杭州,租房,"湖州街,近杭行路"
4035015231479810,521873,世茂江滨花园峻景湾,杭州,租房,"20号大街,近23号大街"
4566895665144838,863104,绿城桃源小镇东方苑,杭州,租房,闲沈路
4499562517015564,1216235,德信九溪云庄,杭州,租房,"丽景路,近文景路"
4595497279071234,369972,泊林漫谷(公寓住宅),杭州,租房,留和路
4610862917149698,369907,泊林印象,杭州,租房,仁爱路218号
4630470779137031,215447,蔡马人家,杭州,租房,茶汤路66号
4596823763706892,825579,滨兴东苑,杭州,租房,"齐飞路,近滨和路"
4619186290844682,369972,泊林漫谷(公寓住宅),杭州,租房,留和路
4584435461401602,910660,东方君悦,杭州,租房,民心路88号
4623529679117323,160558,六合天寓,杭州,租房,东信大道1222号
4578476669182981,803286,水韵康桥康泽苑,杭州,租房,康桥路
4586809205515266,795637,广泽小区,杭州,租房,育才路
4605416315476998,297363,中海紫藤苑,杭州,租房,"墩祥街,近清池路"
4525677429316614,160518,中江花园,杭州,租房,环城东路313号
4585780252339213,656371,佳兆业西溪璞园(公寓住宅),杭州,租房,"荆山湾路,近联胜路"
4504669052378116,409778,玲珑香榭,杭州,租房,杭机路6-13号
4634096353715215,296629,铭和苑柳翠坊,杭州,租房,学源街1273号
4615307586233357,370057,嘉丰公馆,杭州,租房,"萧然西路,近南秀路"
4626057663814661,635803,景瑞御华府(公寓住宅),杭州,租房,"世纪大道,近汀兰路"
4575964434375691,826192,望江新园一园,杭州,租房,映霞街81号
4595488120548358,369835,协安蓝郡,杭州,租房,"金昌路,近古墩路"
4600772107496450,191426,大都文苑风情,杭州,租房,"2号大街,近3号大街"
4616532853431300,825904,世茂江滨花园碧景湾,杭州,租房,25号路88号
4624882188327940,160298,绿城春江花月,杭州,租房,钱江路158号
4612077954919430,726989,中南白马湖壹号(公寓住宅),杭州,租房,"时代大道,近天马路"
4271344281395211,798570,北大资源未名府(公寓住宅),杭州,租房,"荆常大道,近杨家墩路"
4599353677980673,826862,中国铁建西湖国际城,杭州,租房,"甲来路,近杭长高速"
4498100372726796,600730,绿城之江1号(东区),杭州,租房,"横桥路,近博美路"
4629123645955078,618739,金雅苑,杭州,租房,仁爱路219号
4606537703810048,160192,景江苑,杭州,租房,江南大道4348号
4574520875883529,826412,江南望庄,杭州,租房,月明路983号
4601587439346696,628421,众安景海湾(公寓住宅),杭州,租房,弘慧路
4576726721682434,826455,新东名苑,杭州,租房,香樟路
4625314291997701,877698,融创时代奥城,杭州,租房,"盈丰路,近书音路"
4613575182494727,468839,亲亲家园三期,杭州,租房,"古墩路,近通济路"
4518856538811402,780546,雅居乐国际花园,杭州,租房,"天目山西路,近闲富路"
4619606880197638,160891,拱宸新苑,杭州,租房,新昌路243号
4633703159356420,826155,万科杭宸,杭州,租房,"杭行路,近好运街"
4629248696511493,219224,燕子弄小区,杭州,租房,"庆春路,近建国中路"
4599645334940686,912258,开元广场(公寓住宅),杭州,租房,"西河路,近向旭路"
4573834298186759,369920,顺发康庄(公寓住宅),杭州,租房,萧钱线
4533183061763082,1020699,仁良花苑,杭州,租房,"东风路,近和平路"
4621981099729933,1100978,风荷锦庭(公寓住宅),杭州,租房,"新峡路,近油虎线"
4608552396282887,160557,朝晖六小区,杭州,租房,新市街64号
4499089742029824,578903,金隅田员外,杭州,租房,"半山东路,近依山路"
4613861065137165,797911,东安景苑,杭州,租房,"龙湖路,近平吴街"
4548416091270153,656689,兴耀鑫都汇,杭州,租房,滨康路
4553097212582914,864181,爵士风情日辉苑,杭州,租房,天目山西路
4619683127239689,791599,竹径云山锦云坊(67-80),杭州,租房,东西大道
4630502161849356,187215,凤凰北苑,杭州,租房,"姚江路,近钱江路"
4617773282583558,804630,龙湖水晶郦城,杭州,租房,"茹家路,近庄墩路"
4632229287291915,1038044,和家园御园,杭州,租房,杨梅山路362号
4595740260064256,877721,杭州印,杭州,租房,"闻涛路,近江晖路"
4630450407615503,826313,西溪诚园致诚苑,杭州,租房,"双龙街,近崇仁路"
4623914086360073,793798,阳光里,杭州,租房,文居街338号
4632310573949960,314636,树兰书香名邸(公寓住宅),杭州,租房,星光街1-1号
4633543153017860,778406,滨江西溪之星(公寓住宅),杭州,租房,"荆长大道,纬三路"
4621009399376906,825877,盛庐小区,杭州,租房,滨盛路3215号
4593956877902862,369894,欣盛东方福邸,杭州,租房,"水月街,近学院北路"
4610914509562882,238045,都市水乡水秀苑,杭州,租房,民意街45号
4626312046650376,172244,滨江倾城之恋,杭州,租房,月明路1091号
4550047011857416,179524,"小河路323,333,335,337号小区",杭州,租房,"小河路323,333,335,337号"
4521837473623053,766078,九龙仓雍景山(公寓住宅),杭州,租房,万通路58号
4619192583351303,720940,新桃源,杭州,租房,华庭西路209号
4553275102600204,826554,近江九园,杭州,租房,久园弄42号
4589715329524748,877672,新时代城市家园,杭州,租房,闲富中路248号
4537501584976901,188696,北秀蓝湾,杭州,租房,东西大道
4633544822580226,375304,保利东湾(东区公寓住宅),杭州,租房,之江东路
4616324445772803,826859,中国铁建江南国际城,杭州,租房,"金城路,近风情大道"
4587994839540739,369955,杭州碧桂园(公寓住宅),杭州,租房,水云街158号
4615042378474499,825495,百合新城,杭州,租房,金秋大道
4529964759067649,160543,义井小区,杭州,租房,西湖大道
4625139341421569,911970,盛泰时代山,杭州,租房,"4号大街,近9号大街"
4616812289580042,789656,利二花苑,杭州,租房,"奔竞大道,近金鸡路"
4605188427406339,218032,吉如家园,杭州,租房,"杭印路,近登云路"
4616300183067650,621010,香山四季公馆,杭州,租房,"蜀山路,近亚太路"
4587096549075978,370062,万和国际,杭州,租房,皓月路188号
4547123467971586,223697,滨江万家星城(西区),杭州,租房,东新路800号
4579605801001985,217526,临平桂花城(北区),杭州,租房,人民大道
4617109982800908,216452,华瑞湘湖林语,杭州,租房,下湘湖路8号
4616620164490243,503874,复地上城,杭州,租房,"文一西路,近东西大道"
4499003011427339,160587,紫云山庄(别墅),杭州,租房,杭富公路
4626437039696902,826557,近江四园,杭州,租房,"婺江路,近富春路"
4593799861625869,658012,香悦郡国际公寓,杭州,租房,沈半路
4612072459838472,322058,江南明城,杭州,租房,利华路66号
4618163294530564,860800,越秀星汇尚城,杭州,租房,上园路
4623771985470473,218507,万象城悦府,杭州,租房,富春路701号
4600965338586114,1411532,众安顺源府,杭州,租房,"上林南路,近科创园一号路"
4624960505357317,314429,荷花塘小区,杭州,租房,星光街
4596521335200775,652109,阳光城翡丽湾,杭州,租房,大农港西路1296号
4607823706301451,160393,天福花园,杭州,租房,近江东路34号
4606691270188037,160384,瑞立中央花城,杭州,租房,滨河路796号
4609319924030474,370110,理想康城一品,杭州,租房,人民大道258号
4611173237419014,160229,亲亲家园一期,杭州,租房,"古墩路,近董家路"
4599359389834244,178166,凤亭院,杭州,租房,新昌路50号
4626429615074306,803286,水韵康桥康泽苑,杭州,租房,康桥路
4625215106866186,826367,闲林山水紫薇苑,杭州,租房,闲林东路
4620643491193865,181423,袁井巷,杭州,租房,"中河南路,近抚宁路"
4627801272294415,826030,塘栖一小区,杭州,租房,"塘栖路,近里仁路"
4616303644271623,826446,新城国际花园和园,杭州,租房,庆和路55号
4632040248091654,618739,金雅苑,杭州,租房,仁爱路219号
4570090488093709,160284,广宇西城年华,杭州,租房,申花路388号
4626374375795722,1055511,富力十号院,杭州,租房,"高教路,近文二西路"
4626537490097164,923735,恒鼎博邑郡,杭州,租房,"滨康路,近时代大道"
4609071738215438,575797,朗诗未来街区西园,杭州,租房,"天万路,近苑中路"
4602606704598016,160308,迎春北苑,杭州,租房,"迎春路,近江陵路"
4550240381248517,369942,华盛达阅城,杭州,租房,"杭行路,近祥富路"
4620616172727304,179524,"小河路323,333,335,337号小区",杭州,租房,"小河路323,333,335,337号"
4571598312532993,188962,宋浇造巷小区,杭州,租房,宋浇造巷
4616991512028174,826838,绿城明月江南(西区),杭州,租房,月明路303号
4630977251748872,160022,城南家园,杭州,租房,凤山桥直街4号
4613476953791493,1319932,勾庄佳苑,杭州,租房,"古墩路,近金汇南路"
4598399204944908,201534,浙新小区,杭州,租房,滨文路646号
4624909900864527,795071,贝利栖溪望府,杭州,租房,"绿荫街,近塘栖路"
4618437127871496,420307,滨江曙光之城,杭州,租房,机场路285号
4577010360003598,369846,保利江语海(公寓住宅),杭州,租房,"之江东路,近6号大街"
4483823306353672,909732,蓝钻天成,杭州,租房,莫干山路969号
4622481116374031,369920,顺发康庄(公寓住宅),杭州,租房,萧钱线
4610716430461960,217478,绿野春天家园(公寓住宅),杭州,租房,"里东路,近闲富公路"
4623429423602699,369842,龙湖滟澜山(茗轩),杭州,租房,华景街383号
4603926360108039,249438,留和家苑,杭州,租房,屏基山路59号
4531500860351500,218933,复地连城国际,杭州,租房,杭海路1636号
4594416865369094,1302937,融创微风之城(公寓住宅),杭州,租房,东桥路169号
4618194210216961,1236386,上实海上海(二期),杭州,租房,白洋路
4625338639543303,248058,宏丰家具城小区,杭州,租房,五常荆山湾88号
4586579113303043,943050,绿城九龙仓桂语江南,杭州,租房,"博奥路,近建设二路"
4608254532148228,528704,湖漫雅筑,杭州,租房,"天官路,近光裕路"
4626626689162255,938030,龙禧大酒店公寓,杭州,租房,江南大道3788号
4566834032106505,825904,世茂江滨花园碧景湾,杭州,租房,25号路88号
4604823622953989,1003246,景瑞阳光城法兰公园(公寓住宅),杭州,租房,天荷路60号
4419897635023883,178249,景江城市花园(公寓住宅),杭州,租房,之江路958号
4517495446694924,221557,盛泰名都公寓,杭州,租房,"5号大街,近4号大街"
4552722453769217,191233,复兴东苑,杭州,租房,"复兴路,近秋涛路"
4590818841486338,206600,钱江水晶城,杭州,租房,滨盛路4402号
4557247333868557,913289,西溪润景,杭州,租房,"创意二路,近邱桥路"
4618198220254209,826753,林风花园沁林苑,杭州,租房,闻潮路168号
4429805040198660,652109,阳光城翡丽湾,杭州,租房,大农港西路1296号
4615276363588621,993920,欧美金融城西溪丽晶,杭州,租房,水城北路
4547035171892226,346247,星桥桂花城,杭州,租房,"藕花洲大道,近太平路"
4526013130300419,656371,佳兆业西溪璞园(公寓住宅),杭州,租房,"荆山湾路,近联胜路"
4586987936558088,656689,兴耀鑫都汇,杭州,租房,滨康路
4606489593981958,863104,绿城桃源小镇东方苑,杭州,租房,闲沈路
4622295658554383,778765,金隅学府,杭州,租房,秋涛路
4619213651307533,181423,袁井巷,杭州,租房,"中河南路,近抚宁路"
4599680991077377,825570,滨江万家名城(南区),杭州,租房,"上园路,近锦江路"
4608437823609859,826323,西溪花园流芳苑,杭州,租房,凌波路5号
4609669807332366,1296149,高桥花苑(东区),杭州,租房,高桦路3号
4596853890526215,160727,商教苑社区,杭州,租房,杭海路31号-37号
4543166421150725,782886,融创大家侯潮府,杭州,租房,"候潮路,近钱江路"
4623593756042240,826118,同城印象(西区),杭州,租房,狮山路307号
4633409034019853,825088,超级星期天(公寓住宅),杭州,租房,西浦路1718号
4607877229341702,160002,东海水漾人家,杭州,租房,红丰路39号
4552831034975244,160100,东清苑,杭州,租房,庆春路70-84号
4632739896435716,630884,科尔世纪外滩(公寓住宅),杭州,租房,水博大道1号
4600906867909637,160582,昆仑水印城,杭州,租房,滨盛路2242号
4499141370866688,802323,宋都丽郡国际,杭州,租房,横一路
4612355575540738,607327,龙湖名景台(公寓住宅),杭州,租房,"同协路,近杭玻街"
4585230178411534,160465,东河锦园,杭州,租房,建国北路5-67号
4565777988316173,726989,中南白马湖壹号(公寓住宅),杭州,租房,"时代大道,近天马路"
4613790919945231,346142,望江家园东园,杭州,租房,钱江路483号
4625633306518538,794091,滨兴西苑,杭州,租房,"共鸣巷,近兴才路"
4545981226394633,606332,世茂之西湖御涛轩,杭州,租房,"江南大道,近西环路"
4540472837778443,584452,中海西溪华府,杭州,租房,五常港路
4616471113739276,161103,盛元慧谷(公寓住宅),杭州,租房,火炬大道725号
4608468467936270,193252,和家园(南区公寓住宅),杭州,租房,杨梅山路310号
4553232040291331,219317,之江花园(公寓住宅),杭州,租房,"东信大道,近滨盛路"
4511627963378699,206392,望江新园二园,杭州,租房,东霞巷32号
4602296295730187,204948,木材新村,杭州,租房,秋涛路168号
4582776444840972,369999,野风启城,杭州,租房,"康信路,近兴盛路"
4626832205159432,877755,迪凯运河印象,杭州,租房,"好运街,通益路"
4626984207344649,610901,中海御道(公寓住宅),杭州,租房,"钱江路,近塘工局路"
4613665540267011,369908,泰地北上新城,杭州,租房,华中路229号
4621982540147716,218616,广瑞瑞城花园(公寓住宅),杭州,租房,东西大道
4510264613362703,205213,欣盛东方郡(西区),杭州,租房,江汉路170号
4616740770061319,369902,金地天逸,杭州,租房,山阴路1999路
4629069864250381,826557,近江四园,杭州,租房,"婺江路,近富春路"
4623743419196427,584452,中海西溪华府,杭州,租房,五常港路
4601098803457039,925737,长河商厦,杭州,租房,长江路428号
4626305634395149,334770,亿丰蔚蓝郡,杭州,租房,勾庄路218号
4606829644997634,488896,世纪嘉园,杭州,租房,"世纪大道,南兴路"
4629389083548685,160493,怡景花城(公寓住宅),杭州,租房,"高教路,近荆山湾路"
4622779542875140,272618,江南文苑,杭州,租房,滨文路639号
4595497016583168,363841,潘水南苑,杭州,租房,市心南路728号
4626759418981387,369929,昆仑公馆,杭州,租房,长板巷99号
4562491420238863,160299,国信嘉园(公寓住宅),杭州,租房,滨盛路4050号
4576885603167233,1047306,秀里华庭,杭州,租房,紫荆花北路439号
4616325524745228,649613,融创河滨之城水澜轩,杭州,租房,"五常港路,近余杭塘路"
4628246109301771,626958,江畔云庐,杭州,租房,"滨文路,近明德路"
4616730306634757,497413,佳兆业玖珑山,杭州,租房,"八角路,近镇南路"
4597929954665485,826352,佳丰北苑,杭州,租房,飞虹路1077号
4626257927531521,205425,银泰海威国际,杭州,租房,"江虹路,近科技馆路"
4599838631240707,825862,都市阳光华苑,杭州,租房,"周坪路,近来仁街"
4438298537257985,792396,湖山帝景湾南苑,杭州,租房,南湖东路
4508860118133760,160100,东清苑,杭州,租房,庆春路70-84号
4623839376485387,826831,绿城九龙仓柳岸晓风(公寓住宅),杭州,租房,"闻涛路,近建业路"
4629527654722574,224210,中庆金沙学府,杭州,租房,6号大街396号
4484093496941582,217298,新江花园,杭州,租房,"通盛路,近银堡街"
4599547524883469,825999,通和戈雅公寓,杭州,租房,万达北路710号
4548976358841351,205425,银泰海威国际,杭州,租房,"江虹路,近科技馆路"
4565542667086858,1168536,新视界公寓,杭州,租房,"高桥西路,近金桥北路"
4568688789576715,652450,融信蓝孔雀,杭州,租房,"石祥路,近莫干山路"
4577102112515077,193773,梦琴湾,杭州,租房,"27号大街,近10号大街"
4601450806696962,160828,福利新村,杭州,租房,中河中路122号
4562613550605313,160049,蚕花园永庆坊,杭州,租房,"永庆路,近上塘路"
4623453100860422,173565,庭院深深(西区),杭州,租房,东西大道
4589841915438090,952860,新城香悦公馆(公寓住宅),杭州,租房,金城路1799号
4612548596591620,369976,东海闲湖城(公寓住宅),杭州,租房,天目山西路277号
4618476710358022,826756,云都凤凰城,杭州,租房,云市路86号
4625253307210756,173598,胡姬花园,杭州,租房,新城路90号
4527146616628224,826256,清水湾山水苑(公寓住宅),杭州,租房,中泰路
4616317493912591,651236,万宝城,杭州,租房,荷禹路105号
4621256380867584,793527,龙湖武林九里,杭州,租房,"华丰中路,近丁城路"
4613513121262597,191993,都市水乡水涟苑,杭州,租房,广业街235号
4620718623104006,619462,中旅紫金名门,杭州,租房,振华路10号
4585562805165069,826425,欣盛东方郡(东区),杭州,租房,春晓路233号
4570292987898883,825999,通和戈雅公寓,杭州,租房,万达北路710号
4535926796819467,785537,大同公寓,杭州,租房,"镇前路,近浦西路"
4555578172154892,652109,阳光城翡丽湾,杭州,租房,大农港西路1296号
4565862359657477,826352,佳丰北苑,杭州,租房,飞虹路1077号
4632259034014732,615545,郡望府,杭州,租房,"建设四路,近枫香路"
4623732976704525,219224,燕子弄小区,杭州,租房,"庆春路,近建国中路"
4626573186425867,825760,德信银树湾,杭州,租房,文岚街58号
4620808642894850,619585,滨江金色江南,杭州,租房,飞虹路1757号
4568609197087758,160393,天福花园,杭州,租房,近江东路34号
4605510797110278,826220,闻潮尚庭,杭州,租房,"望江东路,近钱江路"
4622189302569993,173565,庭院深深(西区),杭州,租房,东西大道
4616419320865803,469003,大美公寓,杭州,租房,"南大街,玩月街"
4585259260288013,485004,翡翠城(西南区),杭州,租房,"高教路,近天目山西路"
4548536917632010,160576,国都凤起都市花园,杭州,租房,凤起路193-205号
4623450772808706,826797,龙湖春江悦茗,杭州,租房,"风情大道,近建设三路"
4629479197074444,369999,野风启城,杭州,租房,"康信路,近兴盛路"
4615366242477057,656371,佳兆业西溪璞园(公寓住宅),杭州,租房,"荆山湾路,近联胜路"
4615340297579535,160299,国信嘉园(公寓住宅),杭州,租房,滨盛路4050号
4614927748504576,638484,上亿中央郡,杭州,租房,崇杭路
4614025132497934,826736,远东紫竹人家,杭州,租房,狮山路284号
4584404346479630,204948,木材新村,杭州,租房,秋涛路168号
4428318699678723,370092,保利玫瑰湾,杭州,租房,24号大街
4499773920175111,826151,和谐嘉园南苑,杭州,租房,"江锦路,近新塘路"
4630907685870598,224570,迎春南苑,杭州,租房,滨兴路121号
4548526770938881,175739,观邸国际,杭州,租房,新和路167号
4629045508578311,370004,钱塘梧桐蓝山,杭州,租房,"世纪大道,近南苑街"
4589582497588231,573718,德信东望,杭州,租房,"新塘路,近明月桥路"
4616375357219845,475889,越秀星汇城后湾,杭州,租房,大园路123号
4604028718308352,826267,华盛星洲翠谷,杭州,租房,福严路82号
4609315153601541,369931,恒厚阳光城,杭州,租房,杭泰路103号
4538826522340353,786131,宝嘉誉府,杭州,租房,"石祥西路,近紫金港路"
4628888440957955,408269,明华名港城,杭州,租房,东灵南路2-60号
4609301543576588,618884,美好桂花星座,杭州,租房,"远展街,近星源路"
4585614951654403,469258,九悦江南,杭州,租房,市心南路
4626426986392585,826084,天阳棕榈湾(西区),杭州,租房,棕榈路17号
4631056514264069,160633,观音塘小区,杭州,租房,下车路10号
4602621772241923,826838,绿城明月江南(西区),杭州,租房,月明路303号
4608443306421256,791880,上实海上海(一期),杭州,租房,"古墩路,金汇南路"
4499287883787273,160223,白金海岸花园,杭州,租房,香溢路88号
4624956301059079,369934,金域兰庭,杭州,租房,"时代大道,近新庙桥"
4482243353762829,1047306,秀里华庭,杭州,租房,紫荆花北路439号
4623971052624910,910656,绿都百瑞广场,杭州,租房,市心北路199号
4618296694975489,993918,水韵康桥康盛苑,杭州,租房,"前洋路,近康桥路"
4620844508029964,826308,中海寰宇天下C区,杭州,租房,"滨盛路,近江陵路"
4600739845741575,656352,运河宸园(公寓住宅),杭州,租房,"登云路,近小河路"
4632234545867778,216505,通和南岸花城(公寓住宅),杭州,租房,时代大道
4618459702387725,1048398,红联九漾华庭西区,杭州,租房,"新城路,近永乐路"
4629481061964813,1013054,盈一佳苑,杭州,租房,鸿宁路1021号
4613581068966922,826482,新世界琅琴湾,杭州,租房,迎康路28号
4511711477865478,160447,凤起苑,杭州,租房,凤起路75-117号
4514816497310724,1024826,中庆润泽院,杭州,租房,"西环北路,近文居街"
4568189851626504,160766,大学路新村,杭州,租房,"大学路,近老浙大横路"
4548376085982214,160582,昆仑水印城,杭州,租房,滨盛路2242号
4629491061156872,497413,佳兆业玖珑山,杭州,租房,"八角路,近镇南路"
4579973294173198,826447,金地自在城林溪里,杭州,租房,金蓬街
4607851823508488,160733,皇亲苑,杭州,租房,凤起路380号
4624016799325198,369939,保利香槟国际,杭州,租房,人文路116号
4595491581832197,160277,绿都湖滨花园(公寓住宅),杭州,租房,"金山路,近博学路"
4626688289334281,369845,华元蒙卡岸,杭州,租房,"和睦路,近五常大道"
4601053452051468,369819,滨江城市之星(公寓住宅),杭州,租房,市民街167号
4599358824229902,826452,金地自在城求学里,杭州,租房,"嘉仁路,近金蓬街"
4615092518691841,804630,龙湖水晶郦城,杭州,租房,"茹家路,近庄墩路"
4514427690998799,220591,君临天下,杭州,租房,东湖南路364号
4632127025306630,244215,朗诗国际街区,杭州,租房,27号路60号
4615021985031171,161064,钱塘景苑,杭州,租房,伟业路399号
4527764133751820,369877,众安嘉润公馆,杭州,租房,"金鸡路,近潮韵路"
4633833608356871,369814,桂花星城,杭州,租房,世纪大道
4627772420989965,350909,九衡公寓,杭州,租房,"良周路,近东西大道"
4618278117417997,1107937,溪谷岚湾(公寓住宅),杭州,租房,运溪路1100号
4506316795173903,160474,盛世钱塘,杭州,租房,富春路899号
4619512194067458,370045,绿城富春玫瑰园(别墅),杭州,租房,江滨东大道515号
4537580491645963,650521,钱塘之星,杭州,租房,"江南大道,近西兴路"
4619592023958531,272618,江南文苑,杭州,租房,滨文路639号
4611272699501573,795637,广泽小区,杭州,租房,育才路
4567294740782091,234038,人和家园,杭州,租房,天目山路1号
4613943393688586,160449,蚕花园永宁坊,杭州,租房,"永兴弄,近上塘路"
4633581437971462,795637,广泽小区,杭州,租房,育才路
4619176271109120,160116,采荷小区芙蓉邨,杭州,租房,双菱路21号
4626286584437771,408735,阳光逸城,杭州,租房,环丁路328号
4624876286417931,521873,世茂江滨花园峻景湾,杭州,租房,"20号大街,近23号大街"
4616672422159363,160072,美政花苑(南区),杭州,租房,复兴南路109号
4624806757903373,369932,绿都御景蓝湾(公寓住宅),杭州,租房,时代大道6588号
4594168913079307,793798,阳光里,杭州,租房,文居街338号
4625286677783560,370072,德信北海公园,杭州,租房,星桥街100号
4626439425092612,346243,大华海派风景,杭州,租房,东吴路
4614124580609033,916687,碧桂园深蓝国际中心,杭州,租房,"博奥路,近利一路"
4615376664781838,789619,瑞麒时代(公寓住宅),杭州,租房,通益路
4602518057249804,160566,三坝雅苑,杭州,租房,"古墩路,近圣东街"
4631116414592000,497412,中天官河锦庭(公寓住宅),杭州,租房,"滨康路,近阡陌路"
4601368714173448,584452,中海西溪华府,杭州,租房,五常港路
4633740914564110,1038044,和家园御园,杭州,租房,杨梅山路362号
4613611183217675,801402,丰北三苑,杭州,租房,"金鸡路,近利丰路"
4606913325198338,469002,广宇鼎悦府,杭州,租房,南大街329号
4578171346082819,655351,尚堂府,杭州,租房,石祥路282号
4618079733734402,637489,运河之星,杭州,租房,丽水北路950号
4606793252232198,657498,万马伊顿庄园(公寓住宅),杭州,租房,大学路
4626628813007885,1218290,越秀星汇花园西区,杭州,租房,"塘塍街,近225县道"
4544610740364288,236163,绿城蓝色钱江(公寓住宅),杭州,租房,鲲鹏路
4631355298901005,804912,东裕华庭,杭州,租房,"经五路,近123县道"
4610667984673792,655397,朝阳8号(公寓住宅),杭州,租房,市心南路
4630816308976642,160717,观巷小区,杭州,租房,凤起路
4506738305592334,621010,香山四季公馆,杭州,租房,"蜀山路,近亚太路"
4596698228237313,800830,九龙仓世纪华府,杭州,租房,丰收中路28号
4608199480237063,1071702,天阳蔚蓝,杭州,租房,"天柱街,近灵鹤路"
4613904094698504,826305,西溪北苑东区,杭州,租房,"文昌路,近荆长大道"
4595613064387599,1076528,滨江碧桂园翡翠江南,杭州,租房,"利华路,近生兴路"
4606448182207491,216666,潮鸣苑,杭州,租房,"潮鸣寺巷,近醋坊巷"
4619189143280643,207422,中兴和园(公寓住宅),杭州,租房,火炬南路1612号
4610820344226827,160940,北银公寓,杭州,租房,"4号大街,近3号大街"
4626246715221007,369860,德信早城,杭州,租房,"学林街,近上沙路"
4508763337221126,161161,新白马公寓,杭州,租房,工人路899号
4615419723244544,160229,亲亲家园一期,杭州,租房,"古墩路,近董家路"
4629188881654799,404541,仁苑,杭州,租房,滨盛路3191号
4630558324108292,219861,万科魅力之城(东区),杭州,租房,九环路41-4号
4549898102561800,160474,盛世钱塘,杭州,租房,富春路899号
4623521211374593,826744,月欣花苑,杭州,租房,临平月荷路149号
4633809404042249,1285005,卸紫家园,杭州,租房,环镇北路1-12-13号
4630968505555977,619140,元成时代中心(商住楼),杭州,租房,"金乔路,近元成路"
4609263459642378,579336,龙湖春江彼岸,杭州,租房,"扬帆路,近丹枫路"
4568198394422281,369952,名城公馆(公寓住宅),杭州,租房,"登云路,近通益路"
4554463787887623,619140,元成时代中心(商住楼),杭州,租房,"金乔路,近元成路"
4622468778486786,1025599,西房余杭公馆,杭州,租房,"坝潭弄,近安乐路"
4592370913287173,469002,广宇鼎悦府,杭州,租房,南大街329号
4598109598264333,160863,吴越山庄(公寓住宅),杭州,租房,钱王大街111号
4577068623784966,369886,宋都晨光国际,杭州,租房,"23号大街,近16号大街"
4624925320963079,659922,瑞达城市花苑,杭州,租房,华兴路
4603649540926464,804783,白塔人家,杭州,租房,"复兴路,近水澄路"
4624915156593668,826451,金地自在城栖霞居(公寓住宅),杭州,租房,金蓬街
4618047871509516,766078,九龙仓雍景山(公寓住宅),杭州,租房,万通路58号
4628555896302596,336639,仓溢绿苑,杭州,租房,海曙路128号
4545919916153856,910660,东方君悦,杭州,租房,民心路88号
4485057061460999,825861,都市阳光和苑,杭州,租房,甲来路82号
4624886373116941,657958,湘云雅苑,杭州,租房,西兴路1190号
4632004602700811,221973,新绿园,杭州,租房,鲲鹏路97号
4585792191081472,216666,潮鸣苑,杭州,租房,"潮鸣寺巷,近醋坊巷"
4615225179565067,877721,杭州印,杭州,租房,"闻涛路,近江晖路"
4631909209664524,369845,华元蒙卡岸,杭州,租房,"和睦路,近五常大道"
4629167138135051,620117,理想银泰城(公寓住宅),杭州,租房,世纪大道118号
4587209181471747,911967,新世界柏丽轩,杭州,租房,通惠北路12号
4586876787188744,232436,得力半岛花园(公寓住宅),杭州,租房,晨晖路507号
4629043519792138,1299107,康悦香庄,杭州,租房,江淑路111号
4422789897495567,370055,积家(公寓住宅),杭州,租房,浦沿路789号
4497459846833164,304199,西城美墅,杭州,租房,申花路386号
4633907063660552,160079,铁岭花园,杭州,租房,"江陵路,近滨安路"
4549968457866243,614729,宝嘉誉峰,杭州,租房,"石祥路,近东吴路"
4586728020388879,607657,万科西庐,杭州,租房,五常港路
4630562204296193,1003246,景瑞阳光城法兰公园(公寓住宅),杭州,租房,天荷路60号
4630585763847170,825862,都市阳光华苑,杭州,租房,"周坪路,近来仁街"
4561455602869249,826267,华盛星洲翠谷,杭州,租房,福严路82号
4548502531040265,826394,湘湖人家(西区公寓住宅),杭州,租房,闻兴路288号
4582599676652544,863838,仓溢东苑,杭州,租房,"海曙路,近良睦路"
4630570009517062,800144,时间国际,杭州,租房,"环站北路,近同协南路"
4570043587437574,657913,嘉里云荷廷,杭州,租房,"珊瑚沙路,近江涵路"
4619738614651909,370048,飞虹丁香花园,杭州,租房,金桥北路
4626277791278095,161182,同方燕语林森,杭州,租房,滨安路150-178号
4510761456819210,826454,金地自在城悦活轩,杭州,租房,欣然街111号
4626752208296967,161107,翰墨香林苑,杭州,租房,留和路546号
4618226609923072,370021,西郊半岛(公寓住宅),杭州,租房,江滨东大道1号
4528980159683595,160359,通策广场(公寓住宅),杭州,租房,江南大道3672号
4624911221578755,910818,美都广场,杭州,租房,教工路619号
4598533024193545,161064,钱塘景苑,杭州,租房,伟业路399号
4610663351772173,369955,杭州碧桂园(公寓住宅),杭州,租房,水云街158号
4626484687350799,1048398,红联九漾华庭西区,杭州,租房,"新城路,近永乐路"
4615184863685640,787778,金地自在城鹭影轩,杭州,租房,西园八路
4616846851664911,779943,金星桃源居,杭州,租房,桃源街
4595195729521677,641202,赞成首府(公寓住宅),杭州,租房,世纪大道
4625472792931333,160842,春波小区,杭州,租房,春波路32号
4622019119193088,219224,燕子弄小区,杭州,租房,"庆春路,近建国中路"
4520492547267599,877729,金久城市花园,杭州,租房,春江东路388号
4609505596857354,336446,瑞金华庭嘉苑,杭州,租房,藕花州大街西段264号
4616936670389253,826248,星光国际广场,杭州,租房,江南大道228号
4599892615162883,423393,世纪花城,杭州,租房,大奇山路650号
4565475923831823,868300,金帝海珀雅苑,杭州,租房,振兴西路158号
4601287046999054,628421,众安景海湾(公寓住宅),杭州,租房,弘慧路
4513208701709318,219224,燕子弄小区,杭州,租房,"庆春路,近建国中路"
4593809747536899,826449,金地自在城东苑(公寓住宅),杭州,租房,"池华街,近厚仁路"
4564064541895685,1048139,江南之星,杭州,租房,"博奥路,近金惠路"
4631915214560269,825673,春波南苑,杭州,租房,"滨安路,近江晖路"
4605554910456839,217526,临平桂花城(北区),杭州,租房,人民大道
4629519426513928,221557,盛泰名都公寓,杭州,租房,"5号大街,近4号大街"
4606710413960204,994879,新城都市丽景北苑(公寓住宅),杭州,租房,政法街88号
4630595932711941,596962,元成东盛家园,杭州,租房,松乔街518号
4630882559781889,826055,广和美地兰庭,杭州,租房,"东西大道,近三星路"
4598330204922895,826367,闲林山水紫薇苑,杭州,租房,闲林东路
4516220925600781,943050,绿城九龙仓桂语江南,杭州,租房,"博奥路,近建设二路"
4565614222208014,160284,广宇西城年华,杭州,租房,申花路388号
4537289944785928,369932,绿都御景蓝湾(公寓住宅),杭州,租房,时代大道6588号
4633527673646083,160298,绿城春江花月,杭州,租房,钱江路158号
4629881760455686,628421,众安景海湾(公寓住宅),杭州,租房,弘慧路
4526152863951884,161090,伊萨卡国际城(公寓住宅),杭州,租房,"14号大街,近沿江大道"
4623490039243787,877687,苕溪南湖人家,杭州,租房,太炎路70号
4516214211943427,200326,华庭云顶,杭州,租房,沪瑞线
4619256844147720,659623,奥克斯缔逸城(公寓住宅),杭州,租房,"古墩路,近庄墩路"
4581552547404805,187215,凤凰北苑,杭州,租房,"姚江路,近钱江路"
4610972252167174,1893012,杭与城,杭州,租房,龙舟北路
4592344388361218,469002,广宇鼎悦府,杭州,租房,南大街329号
4604119369280514,610236,滨江万家名城(北区),杭州,租房,"锦江路,近通运路"
4625264339921920,945745,西溪海星海苑,杭州,租房,闲富北路
4628010501268488,201015,和平雅苑,杭州,租房,"东西大道,仁和大道"
4533006651255822,788323,东晖龙悦湾(公寓住宅),杭州,租房,"五洲路,近小白线"
4592547647317003,370066,南城景园,杭州,租房,里士湖路588号
4633275016258562,161181,静怡花苑,杭州,租房,秋涛路550号
4630831427415045,160752,耀江文鼎苑,杭州,租房,萍水西街193号
4627809312777223,609573,后珠辰秀嘉园(北区),杭州,租房,明珠街
4617805759290375,794144,富春和园(公寓住宅),杭州,租房,金桥北路469号
4562856541643780,778765,金隅学府,杭州,租房,秋涛路
4626707728247823,369899,红景凯丽晶座(公寓住宅),杭州,租房,通惠北路718号
4632813339143183,370053,朗郡庭园(公寓住宅),杭州,租房,"象山路,近横桥路"
4530177058368513,248058,宏丰家具城小区,杭州,租房,五常荆山湾88号
4605027048500225,160527,水岸帝景,杭州,租房,钱潮路10号
4617741591061507,863448,世包国际中心,杭州,租房,市民街99号
4604961751540737,789656,利二花苑,杭州,租房,"奔竞大道,近金鸡路"
4525100028615685,409778,玲珑香榭,杭州,租房,杭机路6-13号
4615453639060484,318655,锦昌年华,杭州,租房,"崇杭街,近半山路"
4616718251600910,160277,绿都湖滨花园(公寓住宅),杭州,租房,"金山路,近博学路"
4598075974231054,469258,九悦江南,杭州,租房,市心南路
4633298395243534,370062,万和国际,杭州,租房,皓月路188号
4604325225686023,641300,乾成园,杭州,租房,集萃路47号
4633401989374976,863838,仓溢东苑,杭州,租房,"海曙路,近良睦路"
4598182449585167,651236,万宝城,杭州,租房,荷禹路105号
4539988765598734,804630,龙湖水晶郦城,杭州,租房,"茹家路,近庄墩路"
4598045268827149,826099,汀洲花苑(南区),杭州,租房,"振兴西路,近荷禹路"
4622413116990464,826394,湘湖人家(西区公寓住宅),杭州,租房,闻兴路288号
4616289215273991,786761,万通时尚公馆(公寓住宅),杭州,租房,"景兴路,近东莲街"
4612455685039114,219814,天汇园,杭州,租房,金城路411号
4581537963809803,650521,钱塘之星,杭州,租房,"江南大道,近西兴路"
4617885419920385,216666,潮鸣苑,杭州,租房,"潮鸣寺巷,近醋坊巷"
4619726920231945,779966,顺发美哉美城,杭州,租房,"民和路,近飞虹路"
4541306959191048,369852,绿城玉园,杭州,租房,"人民大道,近新丰路"
4621225901317127,200064,逸居城,杭州,租房,逸盛路183号
4575381770529798,826455,新东名苑,杭州,租房,香樟路
4583788471397376,201741,三鑫君悦丽景,杭州,租房,金城路51号
4629248479667205,160039,东海花园,杭州,租房,南大街126号
4622619814468611,369863,精欧荣寓,杭州,租房,"6号大街,近5号大街"
4616427939294209,597681,景瑞御蓝湾,杭州,租房,禹航路5号
4630540000306185,160594,三江花园(公寓住宅),杭州,租房,万达中路26号
4629206748916744,394496,南北乐章,杭州,租房,溪东路
4606962452585478,160999,复兴北苑,杭州,租房,复兴路163号
4613719863061505,160517,树园小区,杭州,租房,建国北路426号
4588092053629962,795256,美丽湾,杭州,租房,"天屹路,近吴越大街"
4573988217775107,863618,亲亲家园幸福里,杭州,租房,"墩祥路,近古墩路"
4546192296698883,826027,瓜山佳苑,杭州,租房,拱康路
4578610923346953,411253,九龙仓君廷(公寓住宅),杭州,租房,康信路
4596661006017548,1285005,卸紫家园,杭州,租房,环镇北路1-12-13号
4632746028246027,204948,木材新村,杭州,租房,秋涛路168号
4538610408598537,877975,万科溪望(公寓住宅),杭州,租房,"文二西路,近环岛路"
4602594322078720,1100978,风荷锦庭(公寓住宅),杭州,租房,"新峡路,近油虎线"
4633578764344334,877759,东亚新干线,杭州,租房,"明月桥路,近天城路"
4592853677745157,528280,众安白马山庄(公寓住宅),杭州,租房,留和路
4598489510700037,825713,大华海派风范茗园,杭州,租房,城东路4-10号
4561569449501710,160906,平安居,杭州,租房,屏风街94号
4548870706273294,910832,欧美金融城,杭州,租房,"闲林港西路,近向往街"
4617995518565387,370062,万和国际,杭州,租房,皓月路188号
4618303786869761,219250,开元加州阳光小区,杭州,租房,金城路333号
4602186703182856,861511,绿城兰园(公寓住宅),杭州,租房,环城北路57号
4503350806944779,1038258,银湖花苑(公寓住宅),杭州,租房,320国道
4608229313932301,203873,建国南苑(北区),杭州,租房,"姚园寺巷,近建国南路"
4609323201244165,369972,泊林漫谷(公寓住宅),杭州,租房,留和路
4619195330552839,826739,远洋公馆(东区),杭州,租房,大浒街99号
4627792044465157,161160,缤纷小区,杭州,租房,"丹枫路,近睿祥路"
4630914012455946,785683,西溪华东园,杭州,租房,"五常大道,近高教路"
4599914105103372,626947,佳源名城,杭州,租房,"崇超路,近汇贤路"
4631876869315587,161107,翰墨香林苑,杭州,租房,留和路546号
4524781476013060,860800,越秀星汇尚城,杭州,租房,上园路
4626320406060039,215447,蔡马人家,杭州,租房,茶汤路66号
4521821672186880,160374,木庵小区,杭州,租房,长运路
4630634334903300,649613,融创河滨之城水澜轩,杭州,租房,"五常港路,近余杭塘路"
4615257530313732,825760,德信银树湾,杭州,租房,文岚街58号
4595550976041995,826385,建华家苑,杭州,租房,三官塘路
4574781387727875,945745,西溪海星海苑,杭州,租房,闲富北路
4624878489723911,652456,汀澜府,杭州,租房,冬泽巷99号
4625531525049352,656248,首开国风美域,杭州,租房,振华路1号
4617828805336066,877684,陆家桥新苑,杭州,租房,星海南路87号
4622093460366338,202578,九龙一号,杭州,租房,九龙大道233号
4607769113488385,611338,万科公园大道,杭州,租房,机场路355号
4588319886879747,993920,欧美金融城西溪丽晶,杭州,租房,水城北路
4631720199805955,370048,飞虹丁香花园,杭州,租房,金桥北路
4596577207839758,721076,滨江东方海岸(萧山公寓住宅),杭州,租房,"三江路,近湘湖路"
4564046059056135,607827,万科璞悦湾,杭州,租房,滨文路670号
4580255424289799,825862,都市阳光华苑,杭州,租房,"周坪路,近来仁街"
4579875737164815,469003,大美公寓,杭州,租房,"南大街,玩月街"
4626381885103108,477594,嘉信九悦印象,杭州,租房,"东湖中路,近沿河路"
4618075934415881,610901,中海御道(公寓住宅),杭州,租房,"钱江路,近塘工局路"
4630495307639812,721076,滨江东方海岸(萧山公寓住宅),杭州,租房,"三江路,近湘湖路"
4577121089905672,634855,野风春晓,杭州,租房,九龙大道
4421204541350921,418048,风雅乐府(公寓住宅),杭州,租房,"好运街,近东吴路"
4620860188089353,730320,万科大家世纪之光,杭州,租房,"振宁路,近金鸡路"
4517992474340357,1048398,红联九漾华庭西区,杭州,租房,"新城路,近永乐路"
4611136287218693,1017351,旭辉宝龙东湖城(公寓住宅),杭州,租房,"青六北路,近南沙路"
4602942595853319,826151,和谐嘉园南苑,杭州,租房,"江锦路,近新塘路"
4562938458762252,160298,绿城春江花月,杭州,租房,钱江路158号
4524583306748932,224570,迎春南苑,杭州,租房,滨兴路121号
4626056942447617,659422,华惠家园,杭州,租房,新丝路
4517341811911680,910656,绿都百瑞广场,杭州,租房,市心北路199号
4596708370244614,649613,融创河滨之城水澜轩,杭州,租房,"五常港路,近余杭塘路"
4554488872985614,369886,宋都晨光国际,杭州,租房,"23号大街,近16号大街"
4626611965961231,315025,绿城西子青山湖玫瑰园,杭州,租房,"科技大道,近民太线"
4590048377789453,826267,华盛星洲翠谷,杭州,租房,福严路82号
4597980294996998,369908,泰地北上新城,杭州,租房,华中路229号
4596897858315279,369956,星汇荣邸,杭州,租房,浦沿路369号
4496382902250508,369894,欣盛东方福邸,杭州,租房,"水月街,近学院北路"
4568171185955840,615545,郡望府,杭州,租房,"建设四路,近枫香路"
4615740461720588,409778,玲珑香榭,杭州,租房,杭机路6-13号
4604242997222413,826366,恒大名城博园,杭州,租房,博园路
4487792413535247,369839,协安紫郡,杭州,租房,紫萱路308号
4547217469512709,952171,中赢康康谷(商住楼),杭州,租房,春晓路61号
4632819673947149,497413,佳兆业玖珑山,杭州,租房,"八角路,近镇南路"
4562786579311621,864181,爵士风情日辉苑,杭州,租房,天目山西路
4623473008040975,370060,远洋大河宸章,杭州,租房,小河路455号
4618650359651335,331179,明怡花苑,杭州,租房,建设一路377号
4569661326322692,1055511,富力十号院,杭州,租房,"高教路,近文二西路"
4634174925874186,366286,西溪海悦海苑,杭州,租房,"闲富北路,近上和路"
4603878458534924,193252,和家园(南区公寓住宅),杭州,租房,杨梅山路310号
4597030528818178,873008,丰东花苑,杭州,租房,振宁路928号
4622352610714636,608759,方正御星,杭州,租房,"杭行路,近祥富路"
4589980544459784,216666,潮鸣苑,杭州,租房,"潮鸣寺巷,近醋坊巷"
4544611256935427,160733,皇亲苑,杭州,租房,凤起路380号
4567104293282818,160398,碧水豪园(公寓住宅),杭州,租房,"东信大道,近南环路"
4565744961037321,216293,金域三江(公寓住宅),杭州,租房,时代大道
4620681427772420,214743,金沙阳光,杭州,租房,下沙路
4632428622636046,1218303,翡翠城梧桐郡,杭州,租房,"高教路,近五常大道"
4574274872503305,370078,建境巧克力公馆,杭州,租房,鸿兴路338号
4616556134525965,861511,绿城兰园(公寓住宅),杭州,租房,环城北路57号
4626496561355791,628302,绿都南江壹号,杭州,租房,"晨晖路,近高桥路"
4594077515750400,160987,温馨人家,杭州,租房,月明路796号
4578246695709704,791880,上实海上海(一期),杭州,租房,"古墩路,金汇南路"
4565820522535942,1218303,翡翠城梧桐郡,杭州,租房,"高教路,近五常大道"
4626628849314828,938681,三花国际,杭州,租房,"明月桥路,近鸿泰路"
4616309788126214,365132,学士桥小区,杭州,租房,育才路402号
4633377246817285,792441,华元十六街区,杭州,租房,"2号大街,近顺雅巷"
4620813677386762,238045,都市水乡水秀苑,杭州,租房,民意街45号
4599163304602634,224958,广厦天都城天星苑,杭州,租房,"场环路,近欢乐大道"
4633790773960713,641300,乾成园,杭州,租房,集萃路47号
4551822855398406,331179,明怡花苑,杭州,租房,建设一路377号
4594149518353418,766078,九龙仓雍景山(公寓住宅),杭州,租房,万通路58号
4598062203788298,825483,白马湖小区凤凰苑(南区),杭州,租房,"一号路,近江虹路"
4573275378490375,160372,奥兰多小镇(公寓住宅),杭州,租房,风情大道4555号
4616600603782153,160940,北银公寓,杭州,租房,"4号大街,近3号大街"
4619955524164619,160039,东海花园,杭州,租房,南大街126号
4628887920466948,867356,百汇中心,杭州,租房,南渠南路116号
4632317177342981,369932,绿都御景蓝湾(公寓住宅),杭州,租房,时代大道6588号
4609842599336974,877696,萧山宝龙城市广场,杭州,租房,"建设一路,近金鸡路"
4598417441692687,779138,金地艺境,杭州,租房,"翁乔路,鑫业路"
4596751483251714,806213,富春江南,杭州,租房,"大桥南路,近永济路"
4517649606910981,826118,同城印象(西区),杭州,租房,狮山路307号
4618062006561795,409035,金色时代,杭州,租房,勤学路10号
4551550115374080,826412,江南望庄,杭州,租房,月明路983号
4574661715520517,219771,勤远里,杭州,租房,"察院前巷,近中山南路"
4577422306728973,1107937,溪谷岚湾(公寓住宅),杭州,租房,运溪路1100号
4589885264751624,634849,西溪金座,杭州,租房,荆长路758号
4598211532123150,297363,中海紫藤苑,杭州,租房,"墩祥街,近清池路"
4586923842001921,826302,环桥花苑,杭州,租房,"星河路,近振兴西路"
4625283432180749,223348,南肖埠景和苑,杭州,租房,太平门直街207号
4622057232276490,1071702,天阳蔚蓝,杭州,租房,"天柱街,近灵鹤路"
4489190800235525,369907,泊林印象,杭州,租房,仁爱路218号
4611552148562952,369955,杭州碧桂园(公寓住宅),杭州,租房,水云街158号
4618032555482121,244215,朗诗国际街区,杭州,租房,27号路60号
4590110118538242,160766,大学路新村,杭州,租房,"大学路,近老浙大横路"
4613800732025862,789465,南润名座,杭州,租房,蜀山路418号
4626278636710912,628110,开元名郡,杭州,租房,"向旭支路,近晨晖路"
4630567428645901,218933,复地连城国际,杭州,租房,杭海路1636号
4629357599136772,923735,恒鼎博邑郡,杭州,租房,"滨康路,近时代大道"
4605048931802120,476482,华瑞晴庐,杭州,租房,"建设二路,近育才路"
4625289746048004,350909,九衡公寓,杭州,租房,"良周路,近东西大道"
4623865803711501,798267,合景映月台(公寓住宅),杭州,租房,"溪望路,近良睦路"
4568416151546886,826323,西溪花园流芳苑,杭州,租房,凌波路5号
4619709041552389,628421,众安景海湾(公寓住宅),杭州,租房,弘慧路
4568319531801603,369860,德信早城,杭州,租房,"学林街,近上沙路"
4623502747134976,609162,保利梧桐语,杭州,租房,"普德路,近九州路"
4619168439348232,1218322,时代滨江悦,杭州,租房,风情大道
4604822249135111,370048,飞虹丁香花园,杭州,租房,金桥北路
4613961541229580,379792,瑞立东方花城,杭州,租房,滨安路42号
4595170033835023,826557,近江四园,杭州,租房,"婺江路,近富春路"
4548792532476941,613323,中大银泰城公寓,杭州,租房,东新路822号
4589866303560713,469258,九悦江南,杭州,租房,市心南路
4620987068394508,798570,北大资源未名府(公寓住宅),杭州,租房,"荆常大道,近杨家墩路"
4548602794224650,877721,杭州印,杭州,租房,"闻涛路,近江晖路"
4625422092608527,220796,天虹公寓,杭州,租房,"天虹街,近紫荆花北路"
4527645293718531,160251,长岛之春,杭州,租房,明志路99号
4566181547107341,224958,广厦天都城天星苑,杭州,租房,"场环路,近欢乐大道"
4588087025556483,160830,威尼斯水城,杭州,租房,风情大道2555号
4630738496807939,607288,赛丽绿城丽园,杭州,租房,江城路
4547119502877703,223697,滨江万家星城(西区),杭州,租房,东新路800号
4441038792975361,652450,融信蓝孔雀,杭州,租房,"石祥路,近莫干山路"
4619673565649923,781406,篁外(公寓住宅),杭州,租房,"八角路,近鸡山路"
4620915925625858,369988,金帝海珀华庭,杭州,租房,振兴西路177号
4624823083068416,369942,华盛达阅城,杭州,租房,"杭行路,近祥富路"
4616366751867908,607424,溪悦宸府,杭州,租房,"城西高教路,近青石滩河路"
4630940854625283,369845,华元蒙卡岸,杭州,租房,"和睦路,近五常大道"
4601120955835392,615137,复地黄龙和山(公寓住宅),杭州,租房,西溪路957号
4589532484070412,826425,欣盛东方郡(东区),杭州,租房,春晓路233号
4631033225833474,628302,绿都南江壹号,杭州,租房,"晨晖路,近高桥路"
4564353815895041,160438,山西园小区,杭州,租房,"山西园路,近禹航路"
4497697090694158,635803,景瑞御华府(公寓住宅),杭州,租房,"世纪大道,近汀兰路"
4632116636670991,995754,龙湖滟澜山(澜轩),杭州,租房,"华景街,近银沙路"
4557075608790022,160841,同人春江时代,杭州,租房,"长河路,近滨盛路"
4632261175745550,1038044,和家园御园,杭州,租房,杨梅山路362号
4613836178367491,1013054,盈一佳苑,杭州,租房,鸿宁路1021号
4607862230477824,994918,融创河滨之城雨澜轩,杭州,租房,五常港路301号
4629056306371599,794775,地铁绿城杨柳郡,杭州,租房,九和路516号
4633511442557967,366123,高桥小区,杭州,租房,高桥路
4632561881685004,369932,绿都御景蓝湾(公寓住宅),杭州,租房,时代大道6588号
4612340308798468,825510,美凯国际寓所,杭州,租房,梅林路299号
4619921297595404,826304,西溪北苑北区,杭州,租房,"文昌路,近荆长大道"
4575907910067202,729169,融创瑷颐湾,杭州,租房,"祥运路,近杭行路"
4623507675456515,222230,缤纷北苑,杭州,租房,"滨盛路,近西兴路"
4616487952473090,446654,白鹭郡南探梅里(南区),杭州,租房,大陆路
4602709480205320,369882,远洋西溪公馆(公寓住宅),杭州,租房,文一西路822号
4594163037592590,160343,南岸晶都花园,杭州,租房,平安路72号
4623914647608330,160720,钱塘春晓花园,杭州,租房,月明路862号
4593998897798155,160951,万家花园,杭州,租房,天城路95号
4633333104960521,794091,滨兴西苑,杭州,租房,"共鸣巷,近兴才路"
4571201549263880,1042415,梓树花苑(公寓住宅),杭州,租房,九龙大道
4548513224451078,1077675,飘鹰富春江花苑,杭州,租房,春江东路2155号
4617796418380800,1315367,西溪永乐城(公寓住宅),杭州,租房,"景兴路,近文一西路"
4607989138664458,370089,大华海派风范沁园,杭州,租房,城东路
4630547483614213,826568,羊山公寓,杭州,租房,羊城路
4597183857894411,826556,近江三园,杭州,租房,珊园弄13号
4534197187632140,369928,德圣博奥城,杭州,租房,建设二路528号
4607860508173324,877977,保安桥河下小区,杭州,租房,保安桥河下
4625128515544078,909730,万象城悦玺,杭州,租房,"庆春东路,近钱江路"
4608193596582912,1021780,绿城蓝庭(西区),杭州,租房,振兴西路52号
4302393310075909,619462,中旅紫金名门,杭州,租房,振华路10号
4620720568083456,826864,绿都四季华庭,杭州,租房,"育才路,近晨晖路"
4618302728233992,795071,贝利栖溪望府,杭州,租房,"绿荫街,近塘栖路"
4606543876185099,271325,金盛曼城,杭州,租房,东冠路655号
4619157476944902,910656,绿都百瑞广场,杭州,租房,市心北路199号
4627975989257228,1048135,海德公园,杭州,租房,"东吴路,近良运街"
4596476354208770,225610,南江公寓,杭州,租房,萧然南路554号
4596600078885900,260398,丽阳苑,杭州,租房,申花路389号
4565695071312907,790865,金域东方,杭州,租房,湘建线
4580029724400640,160314,银河小区(公寓住宅),杭州,租房,永久路219号
4599646639827982,160381,采荷小区洁莲邨,杭州,租房,双菱路34号
4588076043213831,1424017,越秀景瑞悦见山,杭州,租房,"兴国路,近辰兴路"
4633827481231368,375304,保利东湾(东区公寓住宅),杭州,租房,之江东路
4600830520239105,781708,新德佳苑,杭州,租房,"胜南路,近杭氧街"
4608242163608582,160210,滨兴家园,杭州,租房,滨兴路
4623486449263616,877687,苕溪南湖人家,杭州,租房,太炎路70号
4602373296692233,418048,风雅乐府(公寓住宅),杭州,租房,"好运街,近东吴路"
4629384229579787,923735,恒鼎博邑郡,杭州,租房,"滨康路,近时代大道"
4570157128033285,789465,南润名座,杭州,租房,蜀山路418号
4617767601253380,160570,十亩田家园,杭州,租房,化仙桥路27号
4617749750492162,804630,龙湖水晶郦城,杭州,租房,"茹家路,近庄墩路"
4574161266500608,1036035,乾南嘉苑(南区),杭州,租房,长宁路
4629616985168896,160186,闸弄口新村,杭州,租房,机场路18-8号
4626309845722116,179178,梅堰小区,杭州,租房,红丰路216号
4484727009188866,191861,天水巷小区,杭州,租房,"体育场路,近中山北路"
4479662057071622,638890,擎天半岛(公寓住宅),杭州,租房,藕花洲大街159号
4527416965671948,370101,宋都东郡国际嘉湾,杭州,租房,凌云街21号
4627645668844550,801124,冠山小区,杭州,租房,"长江南路,近白马湖路"
4627099657546756,1370265,盈二佳苑,杭州,租房,盈新路
4602202558946313,222230,缤纷北苑,杭州,租房,"滨盛路,近西兴路"
4588428809872384,1038044,和家园御园,杭州,租房,杨梅山路362号
4591045819180033,160520,翰林花园,杭州,租房,翰林街108号
4624954180770817,635803,景瑞御华府(公寓住宅),杭州,租房,"世纪大道,近汀兰路"
4620396018703375,369809,美好桂花溪园(北区),杭州,租房,"长连路,瓶仓大道"
4598273039985674,222230,缤纷北苑,杭州,租房,"滨盛路,近西兴路"
4612192504196109,826313,西溪诚园致诚苑,杭州,租房,"双龙街,近崇仁路"
4601067240512516,160002,东海水漾人家,杭州,租房,红丰路39号
4568176281150479,656442,合景叠彩园(公寓住宅),杭州,租房,"文胜路,近电子路"
4601080349451264,161178,星河景庭,杭州,租房,金城路98号
4623870080343052,160576,国都凤起都市花园,杭州,租房,凤起路193-205号
4615361446061068,607300,兴耀星悦湾(公寓住宅),杭州,租房,"青六南路,近横雷线"
4623839745760258,369924,金岸提香(公寓住宅),杭州,租房,中泰路322号
4543256449639427,791599,竹径云山锦云坊(67-80),杭州,租房,东西大道
4607064599634945,160066,金都华府,杭州,租房,江城路
4525796057160707,160208,荣华里,杭州,租房,金华路158号
4599929099971585,272618,江南文苑,杭州,租房,滨文路639号
4632396245556225,607424,溪悦宸府,杭州,租房,"城西高教路,近青石滩河路"
4608313590815757,334770,亿丰蔚蓝郡,杭州,租房,勾庄路218号
4619296968285195,160689,都市港湾,杭州,租房,北沙东路1-7号
4575303082779653,825673,春波南苑,杭州,租房,"滨安路,近江晖路"
4550179589104641,178587,都市水乡水滟苑,杭州,租房,广业街282号
4539908859440140,615993,顺发恒园(公寓住宅),杭州,租房,建设二路
4621029721154575,1001251,阳光城檀悦,杭州,租房,"扬帆路,近盈丰路"
4595546516790282,806475,万科江湾城,杭州,租房,"时代大道,近纬一路"
4610730559874053,578175,德信晓宸,杭州,租房,"祥富路,近上祥路"
4590093366684681,161178,星河景庭,杭州,租房,金城路98号
4610688647273487,224307,联庄公寓,杭州,租房,江南大道4250号
4621941012456452,160308,迎春北苑,杭州,租房,"迎春路,近江陵路"
4586970357046287,200326,华庭云顶,杭州,租房,沪瑞线
4616322443275267,658597,湖墅观邸,杭州,租房,湖墅北路111号
4595084401843211,160474,盛世钱塘,杭州,租房,富春路899号
4623569593852930,880188,大园新城(公寓住宅),杭州,租房,"天柱街,近大园路"
4611148991882246,160571,湘湖家园,杭州,租房,萧西路843号
4621185033741327,914217,颐和山庄(公寓住宅),杭州,租房,科技大道3608号
4631038879523849,161107,翰墨香林苑,杭州,租房,留和路546号
4632135444782080,1260783,银湖新语公寓,杭州,租房,"美达路,近向阳路"
4592365953850368,1055900,和谐弄小区,杭州,租房,生兴路
4629288227761167,1168984,婺江家园四园,杭州,租房,徐家埠路
4551892643486727,160395,水陆寺巷小区,杭州,租房,东清巷7号
4629097941441538,574387,新安天苑,杭州,租房,湖州路389号
4632476623744001,802323,宋都丽郡国际,杭州,租房,横一路
4579568117588993,804783,白塔人家,杭州,租房,"复兴路,近水澄路"
4629854909033479,201534,浙新小区,杭州,租房,滨文路646号
4522939991041032,171723,滨文苑,杭州,租房,"滨文路,近火炬大道"
4618273160111116,1048398,红联九漾华庭西区,杭州,租房,"新城路,近永乐路"
4598021202502659,160390,采荷人家,杭州,租房,杭海路265-267号
4527817360677889,160752,耀江文鼎苑,杭州,租房,萍水西街193号
4589400034438151,785618,尚海湾(公寓住宅),杭州,租房,育才路
4604313341963268,825579,滨兴东苑,杭州,租房,"齐飞路,近滨和路"
4574162242577419,160872,新华坊,杭州,租房,健康路23号
4548838869408783,369819,滨江城市之星(公寓住宅),杭州,租房,市民街167号
4615222185470990,826831,绿城九龙仓柳岸晓风(公寓住宅),杭州,租房,"闻涛路,近建业路"
4579674481241097,179315,东海水景城(公寓住宅),杭州,租房,世纪大道西501号
4608393199676417,160717,观巷小区,杭州,租房,凤起路
4618248034380806,202604,清源上林湖(别墅),杭州,租房,上林路1号
4589753913861130,943024,祥生群贤府(公寓住宅),杭州,租房,崇杭街
4632406569442307,730320,万科大家世纪之光,杭州,租房,"振宁路,近金鸡路"
4625139061335045,223348,南肖埠景和苑,杭州,租房,太平门直街207号
4617049820601352,825673,春波南苑,杭州,租房,"滨安路,近江晖路"
4625129620249600,1274301,乐虹湾(公寓住宅),杭州,租房,"彩虹大道,近西兴路"
4622163972381702,826130,桐庐碧桂园(公寓住宅),杭州,租房,城南路799号
4586989274504206,216505,通和南岸花城(公寓住宅),杭州,租房,时代大道
4585530436983809,172735,尚农里小区,杭州,租房,浣纱路
4591354122906625,410316,广悦公寓,杭州,租房,高桥路1070号
4600792204811277,635214,赞成杭家,杭州,租房,崇文街
4629020271127556,369835,协安蓝郡,杭州,租房,"金昌路,近古墩路"
4556025663415308,1189440,中城汇MIDTOWN(公寓住宅),杭州,租房,石祥路
4633451827555334,375304,保利东湾(东区公寓住宅),杭州,租房,之江东路
4604985877437450,160576,国都凤起都市花园,杭州,租房,凤起路193-205号
4568177430600718,925737,长河商厦,杭州,租房,长江路428号
4595534577116160,655397,朝阳8号(公寓住宅),杭州,租房,市心南路
4596590551100424,1365370,中天珺府(北区公寓住宅),杭州,租房,科技大道2988号
4599462371533838,531858,石榴派,杭州,租房,"东西大道,近京福线"
4629317660124165,877932,进修弄小区,杭州,租房,"进修弄,近九曲营路"
4571222382390280,725178,金成英特学府(公寓住宅),杭州,租房,"天目山西路,近城东路"
4614902222595087,161011,蚕花园永兴坊,杭州,租房,"永兴弄,近上塘路"
4633942077890560,370057,嘉丰公馆,杭州,租房,"萧然西路,近南秀路"
4548369181256712,781853,卓越蔚蓝领秀(一期),杭州,租房,"临丁路,近华鹤街"
4606900949998599,160398,碧水豪园(公寓住宅),杭州,租房,"东信大道,近南环路"
4531507184507907,218933,复地连城国际,杭州,租房,杭海路1636号
4616722938047492,201741,三鑫君悦丽景,杭州,租房,金城路51号
4618171588172800,909736,星耀城,杭州,租房,江陵路2028号
4611088588545035,160423,明辉花园,杭州,租房,建设四路2713号
4601162873105416,780133,汀洲花苑(北区),杭州,租房,"振兴西路,近荷禹路"
4616445775387662,369988,金帝海珀华庭,杭州,租房,振兴西路177号
4622533603812358,160274,汇宇花园(公寓住宅),杭州,租房,南秀路1399号
4619145652415488,826248,星光国际广场,杭州,租房,江南大道228号
4463677390709773,994918,融创河滨之城雨澜轩,杭州,租房,五常港路301号
4613545304366092,791599,竹径云山锦云坊(67-80),杭州,租房,东西大道
4595590581251078,369959,百家乐西园(公寓住宅),杭州,租房,"荆长大道,近文二西路"
4568359761402888,620329,铭都雅苑,杭州,租房,高沙路166号
4627473487125505,177622,华宇家园,杭州,租房,临平星光街957号
4613697801329677,785537,大同公寓,杭州,租房,"镇前路,近浦西路"
4624643475973132,181625,名门天第,杭州,租房,邱山大街575号
4627179560676359,995004,东方俊园(东区),杭州,租房,新颜南路28号
4623685768307720,343452,郡原相江公寓,杭州,租房,"仁爱路,近下沙路"
4609750723044363,160997,采荷绿萍,杭州,租房,庆春东路12号
4599331927010312,909780,中天西城纪,杭州,租房,余杭塘路417号
4625167640665090,161154,国都公寓,杭州,租房,凤起路361号
4626745230580751,369929,昆仑公馆,杭州,租房,长板巷99号
4551649066888204,318496,都市水乡水月苑,杭州,租房,长阳路319号
4629029362248712,160297,三江鸣翠蓝湾(别墅),杭州,租房,九龙大道188号
4625294976097286,521873,世茂江滨花园峻景湾,杭州,租房,"20号大街,近23号大街"
4569748011899909,160731,国都枫华府第,杭州,租房,学院路129号
4590808692059148,369888,滨江凯旋门,杭州,租房,凯旋路116号
4565497460190216,1275483,海兴雅苑,杭州,租房,"联创街,近聚橙路"
4626528308896774,797911,东安景苑,杭州,租房,"龙湖路,近平吴街"
4435150820076553,798267,合景映月台(公寓住宅),杭州,租房,"溪望路,近良睦路"
4633700603321356,372524,相墅花园(公寓住宅),杭州,租房,"时代大道,近湘湖路"
4619200912366597,717456,中和北宸府,杭州,租房,崇文街615号
4625086326514696,233921,绿城丽江公寓(北区),杭州,租房,仁爱路73号
4601994842072064,826171,恒滕悦湖花苑,杭州,租房,城南路578号
4633934636784643,875368,北辰奥园(公寓住宅),杭州,租房,"向旭路,近蜀山路"
4609485280156673,160524,天阳棕榈湾(东区),杭州,租房,棕榈路65号
4630602587759623,806034,滨江华成大江之星,杭州,租房,新港路
4629487179488268,160731,国都枫华府第,杭州,租房,学院路129号
4615684343766016,219224,燕子弄小区,杭州,租房,"庆春路,近建国中路"
4586966475447308,826302,环桥花苑,杭州,租房,"星河路,近振兴西路"
4578543950044160,369958,青山鹤岭,杭州,租房,鹤亭大街
4603956471032844,877764,之江家园四区,杭州,租房,"杜家浦路,近美院南路"
4624903252958213,863105,绿城桃源小镇依云邨,杭州,租房,闲沈路
4616631735557125,410317,之江家园五区,杭州,租房,"转之路,近东环路"
4632353224942596,191426,大都文苑风情,杭州,租房,"2号大街,近3号大街"
4616376249658368,1038049,和家园紫园,杭州,租房,杨梅山路
4541573123580938,730320,万科大家世纪之光,杭州,租房,"振宁路,近金鸡路"
4603986549107719,615137,复地黄龙和山(公寓住宅),杭州,租房,西溪路957号
4616811283852298,160566,三坝雅苑,杭州,租房,"古墩路,近圣东街"
4619269815168006,160816,颐景山庄(公寓住宅),杭州,租房,九龙大道99号
4625140568450049,628433,德信泊林春天,杭州,租房,鸿宁路40号
4539942254668815,479985,新华园,杭州,租房,"湖墅南路,近叶青兜路"
4627926603588616,1424017,越秀景瑞悦见山,杭州,租房,"兴国路,近辰兴路"
4627672784462863,369989,半岛国际,杭州,租房,滨盛路2271号
4309175513111564,215447,蔡马人家,杭州,租房,茶汤路66号
4629326580870152,573503,梅和名府,杭州,租房,"梅花弄,近萧然东路"
4547113646302223,798267,合景映月台(公寓住宅),杭州,租房,"溪望路,近良睦路"
4586774233588739,178176,都市水乡水曲苑,杭州,租房,"广业街,近长阳路"
4623790175738884,619462,中旅紫金名门,杭州,租房,振华路10号
4616335244454913,826859,中国铁建江南国际城,杭州,租房,"金城路,近风情大道"
4629583235113991,652109,阳光城翡丽湾,杭州,租房,大农港西路1296号
4544809368116227,597681,景瑞御蓝湾,杭州,租房,禹航路5号
4595606278855691,1038258,银湖花苑(公寓住宅),杭州,租房,320国道
4629499508268036,160344,采荷东区,杭州,租房,秋涛北路52号
4581175734721547,909732,蓝钻天成,杭州,租房,莫干山路969号
4599795378070532,994918,融创河滨之城雨澜轩,杭州,租房,五常港路301号
4632144044682255,160594,三江花园(公寓住宅),杭州,租房,万达中路26号
4580260009139201,825570,滨江万家名城(南区),杭州,租房,"上园路,近锦江路"
4606583707065358,912258,开元广场(公寓住宅),杭州,租房,"西河路,近向旭路"
4438346674891791,1153634,阳光城悦云邸,杭州,租房,溪望路
4193390073552902,1153634,阳光城悦云邸,杭州,租房,溪望路
4626400929098764,1055511,富力十号院,杭州,租房,"高教路,近文二西路"
4615312483068933,1133552,龙湖春江天越(公寓住宅),杭州,租房,凌云街
4586994658370575,792396,湖山帝景湾南苑,杭州,租房,南湖东路
4626887736896524,794775,地铁绿城杨柳郡,杭州,租房,九和路516号
4556220156976128,1078509,北大资源颐和江南(公寓住宅),杭州,租房,104国道
4548649984910340,789465,南润名座,杭州,租房,蜀山路418号
4617843035792388,223348,南肖埠景和苑,杭州,租房,太平门直街207号
4623498405243910,826736,远东紫竹人家,杭州,租房,狮山路284号
4630456504708104,218032,吉如家园,杭州,租房,"杭印路,近登云路"
4487743591738375,656439,德信大家钱江府,杭州,租房,"东宁路,近艮山西路"
4633675260488704,161035,天元公寓(公寓住宅),杭州,租房,19号大街709号
4615054786944001,825526,保亿风景蝶院留园,杭州,租房,光裕路112号
4632798615624716,628302,绿都南江壹号,杭州,租房,"晨晖路,近高桥路"
4631921157991437,610065,绿地旭辉城,杭州,租房,"扬帆路,近滨盛路"
4598228212526082,369939,保利香槟国际,杭州,租房,人文路116号
4609650905129989,863448,世包国际中心,杭州,租房,市民街99号
4618013713734664,160534,凯旋新村(西区),杭州,租房,凯旋路107号
4629713832336384,369945,方正荷塘月色,杭州,租房,"总管路,近祥园路"
4606759680695304,369934,金域兰庭,杭州,租房,"时代大道,近新庙桥"
4462402827021321,160359,通策广场(公寓住宅),杭州,租房,江南大道3672号
4619886502339587,826454,金地自在城悦活轩,杭州,租房,欣然街111号
4566815176530948,825904,世茂江滨花园碧景湾,杭州,租房,25号路88号
4633407147912197,825088,超级星期天(公寓住宅),杭州,租房,西浦路1718号
4622387397401610,369809,美好桂花溪园(北区),杭州,租房,"长连路,瓶仓大道"
4575714948815875,160863,吴越山庄(公寓住宅),杭州,租房,钱王大街111号
4598516239817740,995823,景瑞天赋,杭州,租房,"扬帆路,近博奥路"
4588480809081863,191426,大都文苑风情,杭州,租房,"2号大街,近3号大街"
4608143541017609,795344,钱塘玫瑰湾,杭州,租房,新浦路1459号
4599464764677128,1105919,国开东方凤凰台(公寓住宅),杭州,租房,禹航路
4626659423282176,915870,钱塘航空大厦,杭州,租房,市民街66号
4630305463610372,179178,梅堰小区,杭州,租房,红丰路216号
4575653971270664,1077675,飘鹰富春江花苑,杭州,租房,春江东路2155号
4542735970886669,806475,万科江湾城,杭州,租房,"时代大道,近纬一路"
4620780140047371,618884,美好桂花星座,杭州,租房,"远展街,近星源路"
4577011276127245,611491,华元欢乐城(公寓住宅),杭州,租房,迎宾路
4619348799466498,626958,江畔云庐,杭州,租房,"滨文路,近明德路"
4562838786055174,222976,清雅苑,杭州,租房,学林街633号
4609571571330050,217621,苑中园,杭州,租房,新城路38号
4611172248167431,994954,金色钱塘(北区),杭州,租房,风情大道677号
4629764950006795,826451,金地自在城栖霞居(公寓住宅),杭州,租房,金蓬街
4632067194135565,160316,青春坊小区(公寓住宅),杭州,租房,凤起路
4630824225004557,160492,银色港湾(公寓住宅),杭州,租房,伟业路481号
4606851717700619,370072,德信北海公园,杭州,租房,星桥街100号
4609574520122375,407976,大都尚澜,杭州,租房,"东湖北路,近兴旺大道"
4629169165413389,160298,绿城春江花月,杭州,租房,钱江路158号
4621039461753858,1370265,盈二佳苑,杭州,租房,盈新路
4586805372623873,875368,北辰奥园(公寓住宅),杭州,租房,"向旭路,近蜀山路"
4593772168010760,877699,融信澜天(公寓住宅),杭州,租房,"立新路,玉鸟路"
4557626507258887,161128,民安苑,杭州,租房,复兴路413-421号
4633893355150350,160274,汇宇花园(公寓住宅),杭州,租房,南秀路1399号
4608039142808577,350909,九衡公寓,杭州,租房,"良周路,近东西大道"
4630930431517702,370070,赞成乐山红叶(公寓住宅),杭州,租房,天目山西路
4616737244503047,470980,中铁逸都,杭州,租房,北沙西路28号
4625706270792713,370076,顺发堤香名苑,杭州,租房,"金鸡路,近博学路"
4601996053421066,1025599,西房余杭公馆,杭州,租房,"坝潭弄,近安乐路"
4586912315251724,161121,金都雅苑(公寓住宅),杭州,租房,天目山西路331号
4554358026722308,241020,久恒铭鹤花园,杭州,租房,科创西路
4622149646609408,880188,大园新城(公寓住宅),杭州,租房,"天柱街,近大园路"
4597907140353029,161154,国都公寓,杭州,租房,凤起路361号
4610068433103887,1299107,康悦香庄,杭州,租房,江淑路111号
4613803242136588,791880,上实海上海(一期),杭州,租房,"古墩路,金汇南路"
4587117069855745,160736,江南摩卡小区,杭州,租房,水田畈路89-1号
4632460300674050,370076,顺发堤香名苑,杭州,租房,"金鸡路,近博学路"
4613467739610122,826009,泰和花园(西区),杭州,租房,高桥路526号
4601180669963273,369876,金石华城,杭州,租房,塘栖绿荫街
4567041743449091,200705,湖畔宽邸(公寓住宅),杭州,租房,休博路4号
4623731694722059,409606,平瑞瑞和园,杭州,租房,东西大道
4627946004442116,488896,世纪嘉园,杭州,租房,"世纪大道,南兴路"
4609830112797707,619585,滨江金色江南,杭州,租房,飞虹路1757号
4570160516738063,860800,越秀星汇尚城,杭州,租房,上园路
4550191783881736,229758,月雅苑,杭州,租房,2号大街877号
4626540930964491,271325,金盛曼城,杭州,租房,东冠路655号
4596862417972237,181169,康城国际,杭州,租房,世纪大道676号
4594213782266880,610901,中海御道(公寓住宅),杭州,租房,"钱江路,近塘工局路"
4609234708194316,179315,东海水景城(公寓住宅),杭州,租房,世纪大道西501号
4547429966507009,916687,碧桂园深蓝国际中心,杭州,租房,"博奥路,近利一路"
4603551003845644,641301,都市阳光嘉苑,杭州,租房,甲来路40号
4583920257199112,801402,丰北三苑,杭州,租房,"金鸡路,近利丰路"
4603651776048138,1390348,滨江御滨府(公寓住宅),杭州,租房,"阡陌路,近北塘路"
4606868623055872,994954,金色钱塘(北区),杭州,租房,风情大道677号
4617055904556043,873008,丰东花苑,杭州,租房,振宁路928号
4625420232860675,191004,滨江新苑,杭州,租房,近江东路59号
4629502330088462,292642,新州花苑东区,杭州,租房,"月明路,近西兴路"
4605589926370319,369952,名城公馆(公寓住宅),杭州,租房,"登云路,近通益路"
4602149536410633,200064,逸居城,杭州,租房,逸盛路183号
4622318287133699,229269,四季风景苑,杭州,租房,"5号大街,近6号大街"
4604038675833857,172587,浣纱路58-371号小区,杭州,租房,浣纱路
4605913201830926,160210,滨兴家园,杭州,租房,滨兴路
4584243330165761,528280,众安白马山庄(公寓住宅),杭州,租房,留和路
4615004174509064,910215,嘉富广场,杭州,租房,市心南路822-830号
4593734493772803,658012,香悦郡国际公寓,杭州,租房,沈半路
4626277057995777,611491,华元欢乐城(公寓住宅),杭州,租房,迎宾路
4625288839064580,1893012,杭与城,杭州,租房,龙舟北路
4608450280528904,606332,世茂之西湖御涛轩,杭州,租房,"江南大道,近西环路"
4526254958275595,575797,朗诗未来街区西园,杭州,租房,"天万路,近苑中路"
4537355494173700,204948,木材新村,杭州,租房,秋涛路168号
4617718761151501,910656,绿都百瑞广场,杭州,租房,市心北路199号
4497505982311436,909780,中天西城纪,杭州,租房,余杭塘路417号
4630865988559879,615993,顺发恒园(公寓住宅),杭州,租房,建设二路
4558274616009734,410317,之江家园五区,杭州,租房,"转之路,近东环路"
4623709617658882,205213,欣盛东方郡(西区),杭州,租房,江汉路170号
4538924244214789,204948,木材新村,杭州,租房,秋涛路168号
4624879781307392,369835,协安蓝郡,杭州,租房,"金昌路,近古墩路"
4577525612735496,610236,滨江万家名城(北区),杭州,租房,"锦江路,近通运路"
4486477826694155,192159,钱神花苑,杭州,租房,仓兴街438-4号
4576729008499723,597681,景瑞御蓝湾,杭州,租房,禹航路5号
4614905937075215,160162,水星阁西区,杭州,租房,环城北路
4567217446415375,729169,融创瑷颐湾,杭州,租房,"祥运路,近杭行路"
4617998235917320,370062,万和国际,杭州,租房,皓月路188号
4608424707974147,657466,莱茵传奇园,杭州,租房,"建设一路,近青年路"
4602241903305743,170497,万科西溪蝶园(北区),杭州,租房,紫霞街188号
4621258387956741,793527,龙湖武林九里,杭州,租房,"华丰中路,近丁城路"
4630521118088192,160951,万家花园,杭州,租房,天城路95号
4623688738106382,785209,新湖菲林山,杭州,租房,上仓路
4619368253971457,618928,耀达金鼎华庭,杭州,租房,仁和大道
4551658167524363,508113,望江新园三园,杭州,租房,"东宝路,近东霞巷"
4604027032183812,182210,滨河公寓,杭州,租房,"朝晖路,近上塘路"
4551316637232131,826150,和谐嘉园北苑,杭州,租房,"杭海路,近庆春东路"
4578582394121230,233921,绿城丽江公寓(北区),杭州,租房,仁爱路73号
4615372777464842,475889,越秀星汇城后湾,杭州,租房,大园路123号
4587078017850368,778406,滨江西溪之星(公寓住宅),杭州,租房,"荆长大道,纬三路"
4550031535266821,1218280,碧桂园东旭府,杭州,租房,时代大道
4547316328408075,369888,滨江凯旋门,杭州,租房,凯旋路116号
4565411012160513,200705,湖畔宽邸(公寓住宅),杭州,租房,休博路4号
4627761281952771,379780,泊悦府澜湾,杭州,租房,禹航路490号
4598696005035019,825576,滨康二苑,杭州,租房,"江椒路,近南环路"
4631916912159748,160423,明辉花园,杭州,租房,建设四路2713号
4511904931767302,1218303,翡翠城梧桐郡,杭州,租房,"高教路,近五常大道"
4633776213877762,578903,金隅田员外,杭州,租房,"半山东路,近依山路"
4613923309005833,875368,北辰奥园(公寓住宅),杭州,租房,"向旭路,近蜀山路"
4575325450120204,804912,东裕华庭,杭州,租房,"经五路,近123县道"
4568210297478151,160957,丰乐苑(8-12),杭州,租房,丰家兜8号
4629224206085130,161121,金都雅苑(公寓住宅),杭州,租房,天目山西路331号
4615204246924299,925737,长河商厦,杭州,租房,长江路428号
4545586465090572,606218,莱茵知己(公寓住宅),杭州,租房,"振兴路,近顺达路"
4632816141394954,826569,晶典公寓,杭州,租房,南环路1528号
4619944461376514,160039,东海花园,杭州,租房,南大街126号
4630569271139340,1274301,乐虹湾(公寓住宅),杭州,租房,"彩虹大道,近西兴路"
4633470723843073,369924,金岸提香(公寓住宅),杭州,租房,中泰路322号
4481893806498824,807434,艺尚里,杭州,租房,"永乐路,近迎宾路"
4587928846756871,826425,欣盛东方郡(东区),杭州,租房,春晓路233号
4601756480297986,160842,春波小区,杭州,租房,春波路32号
4575646377040905,911970,盛泰时代山,杭州,租房,"4号大街,近9号大街"
4623534912627724,620117,理想银泰城(公寓住宅),杭州,租房,世纪大道118号
4630582607686662,178587,都市水乡水滟苑,杭州,租房,广业街282号
4625314769497089,649983,龙湖春江郦城,杭州,租房,江汉路1337号
4548963596770307,160883,碧云阁,杭州,租房,复兴弄24号
4632229859601409,271325,金盛曼城,杭州,租房,东冠路655号
4616648059755534,370083,天阳云筑(公寓住宅),杭州,租房,"八角路,近鸡山路"
4605442074455040,606218,莱茵知己(公寓住宅),杭州,租房,"振兴路,近顺达路"
4602139172563983,781698,融科东南海,杭州,租房,香樟路469号
4600013336550400,803535,宋都东郡之星,杭州,租房,"银海街,近春新路"
4234560108063754,786131,宝嘉誉府,杭州,租房,"石祥西路,近紫金港路"
4629558705904643,825877,盛庐小区,杭州,租房,滨盛路3215号
4630573736551436,611338,万科公园大道,杭州,租房,机场路355号
4630599953179662,160551,之江公寓(公寓住宅),杭州,租房,东信大道1221号
4605555703880704,863121,宝龙城市广场,杭州,租房,"学府街,近学林支路"
4579981742677001,793798,阳光里,杭州,租房,文居街338号
4616646563306503,160205,锦绣江南(滨江),杭州,租房,咏渡巷59号
4592248909769739,994908,闲林山水海棠苑,杭州,租房,"闲林东路,近高教路"
4541320873749512,220796,天虹公寓,杭州,租房,"天虹街,近紫荆花北路"
4567079630758919,175855,复兴南苑,杭州,租房,之江路525号
4615330323258374,297363,中海紫藤苑,杭州,租房,"墩祥街,近清池路"
4588557827662851,209018,中誉现代城(公寓住宅),杭州,租房,通惠中路838号
4623846242343941,1078509,北大资源颐和江南(公寓住宅),杭州,租房,104国道
4621102072654859,910656,绿都百瑞广场,杭州,租房,市心北路199号
4629347159974926,801124,冠山小区,杭州,租房,"长江南路,近白马湖路"
4630558551710734,524618,新南湖绿苑,杭州,租房,水塔路32号
4534602807417858,1013054,盈一佳苑,杭州,租房,鸿宁路1021号
4366370457230336,363841,潘水南苑,杭州,租房,市心南路728号
4611135118828554,650521,钱塘之星,杭州,租房,"江南大道,近西兴路"
4630782510291978,952171,中赢康康谷(商住楼),杭州,租房,春晓路61号
4614877619151884,938681,三花国际,杭州,租房,"明月桥路,近鸿泰路"
4617900570274817,160720,钱塘春晓花园,杭州,租房,月明路862号
4615056504839176,635788,赞成赞城,杭州,租房,棕榈路801号
4633427316794373,160944,兰韵天城,杭州,租房,墩祥街
4575324893686790,160053,宋都凯旋苑,杭州,租房,凯旋路68号
4616701349915662,794143,万科容大金色家园,杭州,租房,文采路180号
4619818207026189,369945,方正荷塘月色,杭州,租房,"总管路,近祥园路"
4629544571317259,224144,保利东湾(西区),杭州,租房,"24号大街,近20号大街"
4629433726737410,1236386,上实海上海(二期),杭州,租房,白洋路
4614113119968267,658597,湖墅观邸,杭州,租房,湖墅北路111号
4576850706981893,179315,东海水景城(公寓住宅),杭州,租房,世纪大道西501号
4615068599477248,863618,亲亲家园幸福里,杭州,租房,"墩祥路,近古墩路"
4593123040125962,638484,上亿中央郡,杭州,租房,崇杭路
4633694224294914,369899,红景凯丽晶座(公寓住宅),杭州,租房,通惠北路718号
4500367813012494,610236,滨江万家名城(北区),杭州,租房,"锦江路,近通运路"
4615186417359886,179178,梅堰小区,杭州,租房,红丰路216号
4619214473079822,826557,近江四园,杭州,租房,"婺江路,近富春路"
4626582036814854,1153634,阳光城悦云邸,杭州,租房,溪望路
4612575516699649,826305,西溪北苑东区,杭州,租房,"文昌路,近荆长大道"
4526116839316483,574387,新安天苑,杭州,租房,湖州路389号
4630815235124228,160208,荣华里,杭州,租房,金华路158号
4625628130665472,801402,丰北三苑,杭州,租房,"金鸡路,近利丰路"
4623500285615106,503874,复地上城,杭州,租房,"文一西路,近东西大道"
4608245527815171,1299107,康悦香庄,杭州,租房,江淑路111号
4533495089294349,369839,协安紫郡,杭州,租房,紫萱路308号
4614068344003589,642230,赞成龙兴道一号,杭州,租房,"新颜南路,近龙兴路"
4354708089511945,826736,远东紫竹人家,杭州,租房,狮山路284号
4623652137344008,314429,荷花塘小区,杭州,租房,星光街
4536036608908297,370104,城发云锦城,杭州,租房,"华鹤街,近长睦路"
4614999731837964,794091,滨兴西苑,杭州,租房,"共鸣巷,近兴才路"
4612390361996289,444534,东和云第,杭州,租房,明德路350号
4591229777585167,223697,滨江万家星城(西区),杭州,租房,东新路800号
4609343726117896,469002,广宇鼎悦府,杭州,租房,南大街329号
4597009228258306,370004,钱塘梧桐蓝山,杭州,租房,"世纪大道,近南苑街"
4570305446042628,615137,复地黄龙和山(公寓住宅),杭州,租房,西溪路957号
4621997928963075,610923,莱蒙水榭春天,杭州,租房,飞虹路208号
4595157039176704,160393,天福花园,杭州,租房,近江东路34号
4611104894278663,161005,钱江三苑,杭州,租房,"庆春东路,近杭海路"
4613682086960134,794091,滨兴西苑,杭州,租房,"共鸣巷,近兴才路"
4586717195265024,604862,白鹭郡南秋荷坊,杭州,租房,玉鸟路
4535825727925254,597679,富力西溪悦居(公寓住宅),杭州,租房,"常二路,近文一西路"
4546236798051334,1218322,时代滨江悦,杭州,租房,风情大道
4588006402956296,779943,金星桃源居,杭州,租房,桃源街
4629355262729227,826030,塘栖一小区,杭州,租房,"塘栖路,近里仁路"
4561298048230403,782005,崇邦余之城,杭州,租房,"迎宾路,近临东路"
4625540825852938,160398,碧水豪园(公寓住宅),杭州,租房,"东信大道,近南环路"
4590977196682252,785209,新湖菲林山,杭州,租房,上仓路
4629112618132482,218032,吉如家园,杭州,租房,"杭印路,近登云路"
4618229145347086,826454,金地自在城悦活轩,杭州,租房,欣然街111号
4623744492561417,826558,近江五园,杭州,租房,衢江路87号
4583764139695107,172587,浣纱路58-371号小区,杭州,租房,浣纱路
4592388706231302,369876,金石华城,杭州,租房,塘栖绿荫街
4565563847255055,910818,美都广场,杭州,租房,教工路619号
4598278828747777,369956,星汇荣邸,杭州,租房,浦沿路369号
4588445529254920,596962,元成东盛家园,杭州,租房,松乔街518号
4618004430040076,799196,颐和山庄(别墅),杭州,租房,科技大道3608号
4614195629677577,404541,仁苑,杭州,租房,滨盛路3191号
4507435895970822,952860,新城香悦公馆(公寓住宅),杭州,租房,金城路1799号
4629547214461953,826385,建华家苑,杭州,租房,三官塘路
4619225572760591,877698,融创时代奥城,杭州,租房,"盈丰路,近书音路"
4585285387836421,1218303,翡翠城梧桐郡,杭州,租房,"高教路,近五常大道"
4633411580566538,193733,柴校坊小区,杭州,租房,"秋涛路,近南瓦子巷"
4586681345401860,223697,滨江万家星城(西区),杭州,租房,东新路800号
4616931717620747,407707,金昌春和钱塘,杭州,租房,民和路411号
4619420980403202,659941,汉嘉申花郡,杭州,租房,"丰庆路,近祥符路"
4633381962292224,296629,铭和苑柳翠坊,杭州,租房,学源街1273号
4622092863728645,801402,丰北三苑,杭州,租房,"金鸡路,近利丰路"
4601112210222080,160223,白金海岸花园,杭州,租房,香溢路88号
4615439324830727,641202,赞成首府(公寓住宅),杭州,租房,世纪大道
4607195440274443,160987,温馨人家,杭州,租房,月明路796号
4605900148304900,221630,江虹小区,杭州,租房,"滨和路,近江虹路"
4598347034369035,1100978,风荷锦庭(公寓住宅),杭州,租房,"新峡路,近油虎线"
4541397652577283,370083,天阳云筑(公寓住宅),杭州,租房,"八角路,近鸡山路"
4597240980907021,160751,太阳国际公寓(公寓住宅),杭州,租房,伟业路730号
4595719003663365,375266,康都紫轩,杭州,租房,甬江路191号
4622548512332806,188696,北秀蓝湾,杭州,租房,东西大道
4566735610571776,608131,保利罗兰香谷,杭州,租房,华鹤路656号
4624886530026497,375266,康都紫轩,杭州,租房,甬江路191号
4523200086895619,223789,红街公寓,杭州,租房,新风路318号
4626472403590151,880188,大园新城(公寓住宅),杭州,租房,"天柱街,近大园路"
4629019725521923,370046,保利湾天地,杭州,租房,24号大街
4471141946043401,877750,滨江金茂府,杭州,租房,"西兴路,近滨盛路"
4618263358348300,221973,新绿园,杭州,租房,鲲鹏路97号
4614089671695371,160893,闲林山水木兰苑,杭州,租房,"闲林东路,近高教路"
4630959783994370,786760,新城峯璟(公寓住宅),杭州,租房,文二西路
4565412812565516,469258,九悦江南,杭州,租房,市心南路
4596966938651653,161107,翰墨香林苑,杭州,租房,留和路546号
4627708017878020,788033,爵士风情韵沁苑,杭州,租房,"天目山西路,近闲富北路"
4629471613512707,370045,绿城富春玫瑰园(别墅),杭州,租房,江滨东大道515号
4632395232222214,370106,铂金名筑,杭州,租房,平安路38号
4585655499103243,201140,云雀苑,杭州,租房,江城路548-550号
4620548826244104,786761,万通时尚公馆(公寓住宅),杭州,租房,"景兴路,近东莲街"
4622272961162244,190934,钱塘人家,杭州,租房,清江路310号
4544861799816200,825483,白马湖小区凤凰苑(南区),杭州,租房,"一号路,近江虹路"
4593703866721289,221630,江虹小区,杭州,租房,"滨和路,近江虹路"
4608489643301898,911314,恒隆广场,杭州,租房,山阴路688号
4631134391690254,655351,尚堂府,杭州,租房,石祥路282号
4498960406109198,877972,融信学院府,杭州,租房,学院北路
4525933271407618,370048,飞虹丁香花园,杭州,租房,金桥北路
4631039200680969,923412,禹洲滨之江,杭州,租房,"枫桦东路,近枫桦西路"
4613609890096137,1029638,五月香山(公寓住宅),杭州,租房,320国道
4588599222021124,994954,金色钱塘(北区),杭州,租房,风情大道677号
4619612591315976,635026,合景瑜翠园,杭州,租房,舒心路
4549001180357634,220796,天虹公寓,杭州,租房,"天虹街,近紫荆花北路"
4605527988542469,807880,阳光城上府(公寓住宅),杭州,租房,"风情大道,近滨康路"
4380059141319684,826449,金地自在城东苑(公寓住宅),杭州,租房,"池华街,近厚仁路"
4323697007746062,397247,银杏汇(公寓住宅),杭州,租房,西环路128号
4586911418608645,407707,金昌春和钱塘,杭州,租房,民和路411号
4610677544381443,573718,德信东望,杭州,租房,"新塘路,近明月桥路"
4616801240474626,656689,兴耀鑫都汇,杭州,租房,滨康路
4576860485919756,183101,凯旋金牛坊,杭州,租房,凯旋路151号
4632017307673602,179315,东海水景城(公寓住宅),杭州,租房,世纪大道西501号
4619498509970432,717456,中和北宸府,杭州,租房,崇文街615号
4619748696564742,160842,春波小区,杭州,租房,春波路32号
4583871572438023,160940,北银公寓,杭州,租房,"4号大街,近3号大街"
4578319843716110,1024826,中庆润泽院,杭州,租房,"西环北路,近文居街"
4584245420399623,201741,三鑫君悦丽景,杭州,租房,金城路51号
4580154808065033,172587,浣纱路58-371号小区,杭州,租房,浣纱路
4241212071635973,826756,云都凤凰城,杭州,租房,云市路86号
4596628364864521,477595,嘉和银领时代(公寓住宅),杭州,租房,"藕花洲大街,近星桥南路"
4611173872331776,619585,滨江金色江南,杭州,租房,飞虹路1757号
4633827651984387,634849,西溪金座,杭州,租房,荆长路758号
4617721316027393,790322,新城香悦奥府,杭州,租房,"博奥路,近建设一路"
4416869959855118,659941,汉嘉申花郡,杭州,租房,"丰庆路,近祥符路"
4594439859971079,160987,温馨人家,杭州,租房,月明路796号
4527805085260813,619856,新城山语院,杭州,租房,"星光街,近顺达路"
4600775246683147,781853,卓越蔚蓝领秀(一期),杭州,租房,"临丁路,近华鹤街"
4588430863232005,171723,滨文苑,杭州,租房,"滨文路,近火炬大道"
4617982549011468,826352,佳丰北苑,杭州,租房,飞虹路1077号
4537184718314498,240611,渡驾新村,杭州,租房,花园岗街158号
4629007598625803,611338,万科公园大道,杭州,租房,机场路355号
4632389656812545,826482,新世界琅琴湾,杭州,租房,迎康路28号
4626354978659328,1218291,越秀星汇花园东区,杭州,租房,"星港路,近滨河路"
4621254722135055,188962,宋浇造巷小区,杭州,租房,宋浇造巷
4588440947090444,160298,绿城春江花月,杭州,租房,钱江路158号
4546901639275523,369942,华盛达阅城,杭州,租房,"杭行路,近祥富路"
4583160279770126,825673,春波南苑,杭州,租房,"滨安路,近江晖路"
4630497027517440,370067,贝利珑昕泽第,杭州,租房,"东大街,近九曲营路"
4498852804045824,174019,锦绣文澜阁,杭州,租房,"通益路,近湖杭州街"
4630747292869640,160493,怡景花城(公寓住宅),杭州,租房,"高教路,近荆山湾路"
4508756740695047,370036,逸城(别墅),杭州,租房,江滨东大道1118号
4630523803413510,791714,招商雍泽府,杭州,租房,"兴建路,近园区路"
4300780752772100,370104,城发云锦城,杭州,租房,"华鹤街,近长睦路"
4602691564332038,219814,天汇园,杭州,租房,金城路411号
4588133007614988,1285005,卸紫家园,杭州,租房,环镇北路1-12-13号
4537159106583558,1411532,众安顺源府,杭州,租房,"上林南路,近科创园一号路"
4622019747781632,206392,望江新园二园,杭州,租房,东霞巷32号
4585525118753805,178605,东田小城之春,杭州,租房,狮山路388号
4572952204370953,528979,西溪海听海苑,杭州,租房,"闲富北路,近上和路"
4596981260180491,1365370,中天珺府(北区公寓住宅),杭州,租房,科技大道2988号
4482415419073539,160251,长岛之春,杭州,租房,明志路99号
4592245577509890,867356,百汇中心,杭州,租房,南渠南路116号
4617054460615688,160566,三坝雅苑,杭州,租房,"古墩路,近圣东街"
4546219885913098,1257872,宸铭府,杭州,租房,宸麟路468号
4568221302514698,304199,西城美墅,杭州,租房,申花路386号
4542020394654722,658012,香悦郡国际公寓,杭州,租房,沈半路
4633526284573706,994925,宋都东郡国际锦湾,杭州,租房,秀水街190号
4611349430557710,160576,国都凤起都市花园,杭州,租房,凤起路193-205号
4633804250881033,160210,滨兴家园,杭州,租房,滨兴路
4633557741937677,995171,锦文雅苑(西区),杭州,租房,永福路
4619269706034188,161179,新世纪花苑,杭州,租房,古墩路1105号
4625415890267147,620329,铭都雅苑,杭州,租房,高沙路166号
4629140928539648,271325,金盛曼城,杭州,租房,东冠路655号
4595355343416331,411448,华润新鸿基之江九里(公寓住宅),杭州,租房,"珊瑚沙路,近碧波路"
4561148580355082,826313,西溪诚园致诚苑,杭州,租房,"双龙街,近崇仁路"
4625475138905093,220572,亲亲家园二期,杭州,租房,金家渡路318号
4590959536888840,369955,杭州碧桂园(公寓住宅),杭州,租房,水云街158号
4604114404289543,219814,天汇园,杭州,租房,金城路411号
4595447063487488,220070,滨康小区,杭州,租房,聚园路66号
4625280626238475,191426,大都文苑风情,杭州,租房,"2号大街,近3号大街"
4624641748524043,477595,嘉和银领时代(公寓住宅),杭州,租房,"藕花洲大街,近星桥南路"
4596807721884674,160860,多蓝水岸,杭州,租房,12号大街
4470926519131140,370045,绿城富春玫瑰园(别墅),杭州,租房,江滨东大道515号
4607655117726733,224958,广厦天都城天星苑,杭州,租房,"场环路,近欢乐大道"
4577148179950597,369839,协安紫郡,杭州,租房,紫萱路308号
4597953341660167,370092,保利玫瑰湾,杭州,租房,24号大街
4603968503569408,826130,桐庐碧桂园(公寓住宅),杭州,租房,城南路799号
4555604434199563,792441,华元十六街区,杭州,租房,"2号大街,近顺雅巷"
4526112171009033,574387,新安天苑,杭州,租房,湖州路389号
4594117891400705,369958,青山鹤岭,杭州,租房,鹤亭大街
4537132509867022,792522,万科星空,杭州,租房,文一西路
4546021204487183,778765,金隅学府,杭州,租房,秋涛路
4561554305702924,1255003,三江名苑,杭州,租房,时代大道
4626922505954308,825484,白马湖小区孔雀苑,杭州,租房,"江虹南路,近规划支路"
4564367950210059,160795,钱江时代公寓,杭州,租房,清江路346号
4618201679895554,826556,近江三园,杭州,租房,珊园弄13号
4486497608360967,192159,钱神花苑,杭州,租房,仓兴街438-4号
4633746559722509,192354,铂金时代,杭州,租房,滨兴路158号
4622579434232841,505314,逸天广场(公寓住宅),杭州,租房,东信大道270号
4629129218219011,807657,佳源未来府,杭州,租房,安乐路61号
4626480693177348,369943,玉都枫景名苑,杭州,租房,"东西大道,近良平路"
4517476970191874,191861,天水巷小区,杭州,租房,"体育场路,近中山北路"
4629501509331982,183101,凯旋金牛坊,杭州,租房,凯旋路151号
4506508379200519,826126,同仁家园金涛港,杭州,租房,"嘉仁路,近墩祥街"
4409634272488448,794728,江滨澜廷,杭州,租房,"闻涛路,近江陵路"
4623524490914827,311707,钱塘滨和花园,杭州,租房,江汉东路202号
4397337962978314,178249,景江城市花园(公寓住宅),杭州,租房,之江路958号
4496358161818635,795344,钱塘玫瑰湾,杭州,租房,新浦路1459号
4632375228525570,877755,迪凯运河印象,杭州,租房,"好运街,通益路"
4544143843482633,160297,三江鸣翠蓝湾(别墅),杭州,租房,九龙大道188号
4534656251862027,826084,天阳棕榈湾(西区),杭州,租房,棕榈路17号
4609724588645385,160166,竹竿巷小区,杭州,租房,竹竿巷33号
4598251272477697,801402,丰北三苑,杭州,租房,"金鸡路,近利丰路"
4598617732293635,867356,百汇中心,杭州,租房,南渠南路116号
4611256782007306,160181,南都江滨花园,杭州,租房,滨盛路4199号
4626272820976645,1078073,越秀星悦城(公寓住宅),杭州,租房,"星港路,近塘塍街"
4616901264450565,160186,闸弄口新村,杭州,租房,机场路18-8号
4623351196804103,825608,农药厂宿舍(闸弄口),杭州,租房,天城路
4554392850099214,786131,宝嘉誉府,杭州,租房,"石祥西路,近紫金港路"
4619213164094469,720940,新桃源,杭州,租房,华庭西路209号
4598029100721166,641300,乾成园,杭州,租房,集萃路47号
4613895830793216,379778,龙湖香醍溪岸(公寓住宅),杭州,租房,"304省道,近宏达路"
4620650429340680,160999,复兴北苑,杭州,租房,复兴路163号
4586611996826627,160199,金基晓庐,杭州,租房,钱潮路68号
4603864738718730,188962,宋浇造巷小区,杭州,租房,宋浇造巷
4550385742932992,160903,长江小区,杭州,租房,"南环路,近立业路"
4631029413110798,1187878,长吴公寓一区,杭州,租房,良运街
4592756844375050,626969,紫玉福邸,杭州,租房,"秋涛北路,近机场路"
4627947223507972,206600,钱江水晶城,杭州,租房,滨盛路4402号
4630729039995915,628421,众安景海湾(公寓住宅),杭州,租房,弘慧路
4587330905007114,410316,广悦公寓,杭州,租房,高桥路1070号
4609338880893953,782578,得力名望府,杭州,租房,"104国道辅路,近03省道"
4574287297113096,228771,流水西苑住宅小区,杭州,租房,"朝晖路,近建国北路"
4545658705058818,1218291,越秀星汇花园东区,杭州,租房,"星港路,近滨河路"
4608184269888516,826118,同城印象(西区),杭州,租房,狮山路307号
4612721324502024,223348,南肖埠景和苑,杭州,租房,太平门直街207号
4631967922625538,370076,顺发堤香名苑,杭州,租房,"金鸡路,近博学路"
4587052514255879,606332,世茂之西湖御涛轩,杭州,租房,"江南大道,近西环路"
4633865502516239,432261,名扬阁,杭州,租房,萧钱线
4586675588471815,160265,竹海水韵(公寓住宅),杭州,租房,"闲富北路,近天目山西路"
4623712875469838,1302937,融创微风之城(公寓住宅),杭州,租房,东桥路169号
4595414437702662,229269,四季风景苑,杭州,租房,"5号大街,近6号大街"
4606839634306054,264956,西溪小筑,杭州,租房,"天目山路,近五常大道"
4611144773823488,789656,利二花苑,杭州,租房,"奔竞大道,近金鸡路"
4614984924339204,795344,钱塘玫瑰湾,杭州,租房,新浦路1459号
4609575981949954,910832,欧美金融城,杭州,租房,"闲林港西路,近向往街"
4597179152456704,1055511,富力十号院,杭州,租房,"高教路,近文二西路"
4611019645709320,991988,美政花苑民航宿舍,杭州,租房,"之江路,近美政路"
4521679170857989,161107,翰墨香林苑,杭州,租房,留和路546号
4633776598147081,877705,世茂智慧之门,杭州,租房,"江南大道,近风情大道"
4569597999848461,613323,中大银泰城公寓,杭州,租房,东新路822号
4614046347926538,225610,南江公寓,杭州,租房,萧然南路554号
4545491560162307,160997,采荷绿萍,杭州,租房,庆春东路12号
4611062924239884,943024,祥生群贤府(公寓住宅),杭州,租房,崇杭街
4627748344388612,482573,顺发旺角城(公寓住宅),杭州,租房,市心中路123号
4631026184989698,160186,闸弄口新村,杭州,租房,机场路18-8号
4626704593017861,639013,万科金辰之光,杭州,租房,西陵路30号
4623628292105216,611820,山南人家,杭州,租房,凤凰山路80号
4606554287746063,1038044,和家园御园,杭州,租房,杨梅山路362号
4609630509376522,229269,四季风景苑,杭州,租房,"5号大街,近6号大街"
4538714445933574,223789,红街公寓,杭州,租房,新风路318号
4581003297500161,659380,临东家园,杭州,租房,星光街1091号
4607012767147021,607407,金沙国际,杭州,租房,幸福南路1288号
4498861478306816,786760,新城峯璟(公寓住宅),杭州,租房,文二西路
4555868053478405,191426,大都文苑风情,杭州,租房,"2号大街,近3号大街"
4589774137007114,826799,龙湖滟澜山(丽轩),杭州,租房,"华景街,近海达南路"
4597020447697931,369943,玉都枫景名苑,杭州,租房,"东西大道,近良平路"
4633741936012292,160590,西溪锋尚,杭州,租房,文三西路499号
4625329516815365,350909,九衡公寓,杭州,租房,"良周路,近东西大道"
4589839953601551,825495,百合新城,杭州,租房,金秋大道
4596780164785163,995754,龙湖滟澜山(澜轩),杭州,租房,"华景街,近银沙路"
4615360196158472,216505,通和南岸花城(公寓住宅),杭州,租房,时代大道
4633722514447366,160550,同城印象(东区),杭州,租房,狮山路432号
4624857081338893,206600,钱江水晶城,杭州,租房,滨盛路4402号
4538707054914569,825761,林之语(公寓住宅),杭州,租房,"钱宁线,近奔竞大道"
4619263696690176,782886,融创大家侯潮府,杭州,租房,"候潮路,近钱江路"
4575237477067777,299627,彩虹豪庭,杭州,租房,"伟业路,近闻涛路"
4584206079978504,926296,浙富桐城府,杭州,租房,"梅林路,近白云源东路"
4622278905244685,369838,赞成香颂,杭州,租房,"顺达路,近振兴西路"
4573852850297866,528979,西溪海听海苑,杭州,租房,"闲富北路,近上和路"
4121273657843725,652109,阳光城翡丽湾,杭州,租房,大农港西路1296号
4548996583367682,573294,万和玺园,杭州,租房,"颜三路,近再行路"
4559683712017413,826027,瓜山佳苑,杭州,租房,拱康路
4592218789686274,635214,赞成杭家,杭州,租房,崇文街
4610013341674501,826554,近江九园,杭州,租房,久园弄42号
4606464901719044,531858,石榴派,杭州,租房,"东西大道,近京福线"
4624989042011141,800144,时间国际,杭州,租房,"环站北路,近同协南路"
4615387525229575,208476,华元云水苑(公寓住宅),杭州,租房,6号大街328号
4630606198842369,369936,江南铭庭,杭州,租房,天官东路90号
4486424800013323,160999,复兴北苑,杭州,租房,复兴路163号
4618296287339534,234643,金苑山庄,杭州,租房,四铜线
4526198162643978,826304,西溪北苑北区,杭州,租房,"文昌路,近荆长大道"
4561575881841664,1424017,越秀景瑞悦见山,杭州,租房,"兴国路,近辰兴路"
4627041904520196,826864,绿都四季华庭,杭州,租房,"育才路,近晨晖路"
4618005824908292,790322,新城香悦奥府,杭州,租房,"博奥路,近建设一路"
4621976606874635,1025606,融创金成江南府(公寓住宅),杭州,租房,天目山西路
4540493602284549,994908,闲林山水海棠苑,杭州,租房,"闲林东路,近高教路"
4632228976647181,160079,铁岭花园,杭州,租房,"江陵路,近滨安路"
4633771339392000,1218280,碧桂园东旭府,杭州,租房,时代大道
4611406779210767,826335,西溪雅苑(东区),杭州,租房,天目山路550号
4617868180331532,181250,三华园(公寓住宅),杭州,租房,凤起路290号
4562950813735942,160802,西城时代家园,杭州,租房,文一西路
4626410502499343,804783,白塔人家,杭州,租房,"复兴路,近水澄路"
4550380892937229,160729,怡静坊,杭州,租房,下车路69号
4559949845179397,366286,西溪海悦海苑,杭州,租房,"闲富北路,近上和路"
4255649911282693,826756,云都凤凰城,杭州,租房,云市路86号
4576757454314511,780133,汀洲花苑(北区),杭州,租房,"振兴西路,近荷禹路"
4595662155654152,433822,迎春东苑,杭州,租房,"共联路,近滨和路"
4607010937658378,873008,丰东花苑,杭州,租房,振宁路928号
4583931450203136,477594,嘉信九悦印象,杭州,租房,"东湖中路,近沿河路"
4613777993606151,161028,采荷小区青莼邨,杭州,租房,青玉路2号
4616364925148163,160883,碧云阁,杭州,租房,复兴弄24号
4575403914566667,217995,银爵世纪公寓,杭州,租房,浦沿路715号
4612923947559941,346356,名仁家园,杭州,租房,山阴路1198号
4584392666930182,825725,大家悦墅,杭州,租房,育才西路
4524382117307407,910818,美都广场,杭州,租房,教工路619号
4609342033355786,223348,南肖埠景和苑,杭州,租房,太平门直街207号
4630509180445697,160717,观巷小区,杭州,租房,凤起路
4609702916318219,204948,木材新村,杭州,租房,秋涛路168号
4629086804024331,826452,金地自在城求学里,杭州,租房,"嘉仁路,近金蓬街"
4600025545204742,223789,红街公寓,杭州,租房,新风路318号
4617776479984652,370076,顺发堤香名苑,杭州,租房,"金鸡路,近博学路"
4568993874109453,627593,万科良渚文化村未来城,杭州,租房,"疏港路,近104国道"
4545676203174922,160766,大学路新村,杭州,租房,"大学路,近老浙大横路"
4608382097628174,877696,萧山宝龙城市广场,杭州,租房,"建设一路,近金鸡路"
4616331218856968,910660,东方君悦,杭州,租房,民心路88号
4622132734895113,366123,高桥小区,杭州,租房,高桥路
4595376310168579,628433,德信泊林春天,杭州,租房,鸿宁路40号
4575704211266560,160828,福利新村,杭州,租房,中河中路122号
4631065923494927,825720,大家小墅,杭州,租房,金苑路
4592244482075663,867356,百汇中心,杭州,租房,南渠南路116号
4625184005006345,656248,首开国风美域,杭州,租房,振华路1号
4577021941228545,369886,宋都晨光国际,杭州,租房,"23号大街,近16号大街"
4616785501744129,826455,新东名苑,杭州,租房,香樟路
4600804056638477,160751,太阳国际公寓(公寓住宅),杭州,租房,伟业路730号
4629523007052811,1029638,五月香山(公寓住宅),杭州,租房,320国道
4607804329286668,372524,相墅花园(公寓住宅),杭州,租房,"时代大道,近湘湖路"
4583922933457925,826192,望江新园一园,杭州,租房,映霞街81号
4618808571814924,801124,冠山小区,杭州,租房,"长江南路,近白马湖路"
4571038722221062,160381,采荷小区洁莲邨,杭州,租房,双菱路34号
4593870107765762,220790,庆春苑,杭州,租房,太平门直街15号
4626540868852737,216452,华瑞湘湖林语,杭州,租房,下湘湖路8号
4584132076477453,222976,清雅苑,杭州,租房,学林街633号
4557143096974348,826176,万星碧云天公寓,杭州,租房,孙权路
4605212699732997,785683,西溪华东园,杭州,租房,"五常大道,近高教路"
4623393414880267,1218291,越秀星汇花园东区,杭州,租房,"星港路,近滨河路"
4575657942346755,379792,瑞立东方花城,杭州,租房,滨安路42号
4509240192146444,926296,浙富桐城府,杭州,租房,"梅林路,近白云源东路"
4579621167897615,584452,中海西溪华府,杭州,租房,五常港路
4581324917517318,191233,复兴东苑,杭州,租房,"复兴路,近秋涛路"
4632305743799311,433822,迎春东苑,杭州,租房,"共联路,近滨和路"
4633655504346121,825501,美都良景学府,杭州,租房,"瓶仓大道,近羊城路"
4568683234798599,652450,融信蓝孔雀,杭州,租房,"石祥路,近莫干山路"
4596581014973448,542544,七贤郡(1-50),杭州,租房,东西大道
4534525849476099,826831,绿城九龙仓柳岸晓风(公寓住宅),杭州,租房,"闻涛路,近建业路"
4613769979980812,989973,佳源优优锦城,杭州,租房,西墅街407号
4568280982381570,160518,中江花园,杭州,租房,环城东路313号
4626412863204366,789619,瑞麒时代(公寓住宅),杭州,租房,通益路
4532887408991247,370080,中粮云涛名苑(公寓住宅),杭州,租房,时代大道
4602536228842511,161178,星河景庭,杭州,租房,金城路98号
4627853727226884,795344,钱塘玫瑰湾,杭州,租房,新浦路1459号
4572494038395918,225610,南江公寓,杭州,租房,萧然南路554号
4631271820403713,943057,山水国际(公寓住宅),杭州,租房,江波路398号
4630531499058180,346356,名仁家园,杭州,租房,山阴路1198号
4592821977836554,160621,西房云溪香山(北区),杭州,租房,"转塘路,近望江山路"
4616505633725451,796956,众安学君里(公寓住宅),杭州,租房,天目山西路
4583772832750597,607407,金沙国际,杭州,租房,幸福南路1288号
4633390706041865,868300,金帝海珀雅苑,杭州,租房,振兴西路158号
4616914208564226,826744,月欣花苑,杭州,租房,临平月荷路149号
4604098835063815,995823,景瑞天赋,杭州,租房,"扬帆路,近博奥路"
4525928204016640,370048,飞虹丁香花园,杭州,租房,金桥北路
4615199100984333,172244,滨江倾城之恋,杭州,租房,月明路1091号
4493453013179399,943059,景瑞申花壹号院,杭州,租房,"丰潭路,近申花路"
4507542539185165,409778,玲珑香榭,杭州,租房,杭机路6-13号
4623719298735106,868158,金世纪运河丽园(公寓住宅),杭州,租房,"东湖北路,近兴旺大道"
4574023714286597,369827,水乡华庭,杭州,租房,"人民路,近广济路"
4616396842036231,160384,瑞立中央花城,杭州,租房,滨河路796号
4553058327206925,271325,金盛曼城,杭州,租房,东冠路655号
4567137469522949,659380,临东家园,杭州,租房,星光街1091号
4626293474993164,659922,瑞达城市花苑,杭州,租房,华兴路
4633535464924173,1315367,西溪永乐城(公寓住宅),杭州,租房,"景兴路,近文一西路"
4626690343660555,369958,青山鹤岭,杭州,租房,鹤亭大街
4607161824930824,574387,新安天苑,杭州,租房,湖州路389号
4524685412588554,923735,恒鼎博邑郡,杭州,租房,"滨康路,近时代大道"
4618242990349313,656442,合景叠彩园(公寓住宅),杭州,租房,"文胜路,近电子路"
4575380675533826,994908,闲林山水海棠苑,杭州,租房,"闲林东路,近高教路"
4632225966152714,202604,清源上林湖(别墅),杭州,租房,上林路1号
4606710104255490,608131,保利罗兰香谷,杭州,租房,华鹤路656号
4630617163492359,486928,野风海天城,杭州,租房,听涛路174号
4595507398599682,410316,广悦公寓,杭州,租房,高桥路1070号
4567207920593922,1218322,时代滨江悦,杭州,租房,风情大道
4616342101580814,160102,近江八园,杭州,租房,"钱江路,近婺江路"
4623745250894854,218507,万象城悦府,杭州,租房,富春路701号
4633468161944576,877690,西溪八方城,杭州,租房,"文一西路,近荆长路"
4616571646471174,826554,近江九园,杭州,租房,久园弄42号
4566839335099393,160841,同人春江时代,杭州,租房,"长河路,近滨盛路"
4558567947346948,943047,金汇之星,杭州,租房,"文豪西路,近金浦路"
4626346876595206,160186,闸弄口新村,杭州,租房,机场路18-8号
4628062162803724,161147,钱江湾花园,杭州,租房,东信大道99号
4623454050622466,626947,佳源名城,杭州,租房,"崇超路,近汇贤路"
4623849036833800,475889,越秀星汇城后湾,杭州,租房,大园路123号
4484745864078348,654114,中港罗兰小镇(公寓住宅),杭州,租房,"210省道,近康泰路"
4632418176001032,802323,宋都丽郡国际,杭州,租房,横一路
4616604995988490,788323,东晖龙悦湾(公寓住宅),杭州,租房,"五洲路,近小白线"
4594236169872386,826150,和谐嘉园北苑,杭州,租房,"杭海路,近庆春东路"
4568664678706189,801400,丰北一苑,杭州,租房,利丰路730号
4597164836006915,826151,和谐嘉园南苑,杭州,租房,"江锦路,近新塘路"
4518836608115718,659403,中天之江诚品,杭州,租房,320国道
4596655268602880,370006,水岸枫庭,杭州,租房,甬江路99号
4530461992412166,826151,和谐嘉园南苑,杭州,租房,"江锦路,近新塘路"
4619824077841412,160223,白金海岸花园,杭州,租房,香溢路88号
4629558487114757,160980,长兴苑小区,杭州,租房,绿香街358号
4614191932285963,219714,玄坛弄小区,杭州,租房,玄坛弄
4609771428174853,916687,碧桂园深蓝国际中心,杭州,租房,"博奥路,近利一路"
4630742914589704,826126,同仁家园金涛港,杭州,租房,"嘉仁路,近墩祥街"
4606973799459840,877699,融信澜天(公寓住宅),杭州,租房,"立新路,玉鸟路"
4632702849098755,161028,采荷小区青莼邨,杭州,租房,青玉路2号
4625233574616065,369936,江南铭庭,杭州,租房,天官东路90号
4596799987112973,160987,温馨人家,杭州,租房,月明路796号
4579594198033413,217136,锦园小区,杭州,租房,建国北路370号
4598001503874060,370048,飞虹丁香花园,杭州,租房,金桥北路
4585730507103240,655397,朝阳8号(公寓住宅),杭州,租房,市心南路
4605311891463174,160860,多蓝水岸,杭州,租房,12号大街
4629721186724873,193773,梦琴湾,杭州,租房,"27号大街,近10号大街"
4567264909204491,369956,星汇荣邸,杭州,租房,浦沿路369号
4603410868792334,477595,嘉和银领时代(公寓住宅),杭州,租房,"藕花洲大街,近星桥南路"
4615112527160335,658236,钱江御府,杭州,租房,"候潮路,近秋涛路"
4628888408828928,650518,朗诗花漫里,杭州,租房,"乔中路,近南街"
4598660419281926,160951,万家花园,杭州,租房,天城路95号
4614170941529096,218507,万象城悦府,杭州,租房,富春路701号
4565850771581953,411448,华润新鸿基之江九里(公寓住宅),杭州,租房,"珊瑚沙路,近碧波路"
4612291558466565,789465,南润名座,杭州,租房,蜀山路418号
4531392803597327,369926,嘉里桦枫居,杭州,租房,杭玻街766号
4633709323295753,1000571,逸城(公寓住宅),杭州,租房,江滨东大道1118号
4563972327072781,863448,世包国际中心,杭州,租房,市民街99号
4606882047699970,826151,和谐嘉园南苑,杭州,租房,"江锦路,近新塘路"
4614904520678410,825613,潘水苑(南区),杭州,租房,潘水路
4619636274684939,1025600,恒大水晶国际广场,杭州,租房,"之浦路,近枫桦路"
4625643988804617,825481,白马湖小区白鹤苑,杭州,租房,"一号路,近江晖路"
4557387925777414,209018,中誉现代城(公寓住宅),杭州,租房,通惠中路838号
4634246651174915,825585,缤纷东苑,杭州,租房,"风情大道,近丹枫路"
4496628660001804,826101,庭院深深(东区),杭州,租房,东西大道
4562551771753482,190614,滨江家园,杭州,租房,近江东路32号
4633591394884621,826790,长江西苑,杭州,租房,建业路151号
4631229250790409,826256,清水湾山水苑(公寓住宅),杭州,租房,中泰路
4622342096935946,479412,天鸿香榭里,杭州,租房,"通益路,近祥运路"
4536199828216833,161035,天元公寓(公寓住宅),杭州,租房,19号大街709号
4626619309845509,160812,郁金香岸(公寓住宅),杭州,租房,万达路770号
4592535970901006,801400,丰北一苑,杭州,租房,利丰路730号
4516298773027850,216505,通和南岸花城(公寓住宅),杭州,租房,时代大道
4611341123853324,370071,钱塘帝景(公寓住宅),杭州,租房,信诚路817号
4621209318599688,573294,万和玺园,杭州,租房,"颜三路,近再行路"
4578373998074883,826118,同城印象(西区),杭州,租房,狮山路307号
4601614287318020,596962,元成东盛家园,杭州,租房,松乔街518号
4631859099491330,807880,阳光城上府(公寓住宅),杭州,租房,"风情大道,近滨康路"
4514698599476237,791609,万科郡西澜山,杭州,租房,"风情大道,近福田路"
4620591796743169,600730,绿城之江1号(东区),杭州,租房,"横桥路,近博美路"
4632314357705729,432261,名扬阁,杭州,租房,萧钱线
4556893232946186,1076528,滨江碧桂园翡翠江南,杭州,租房,"利华路,近生兴路"
4537770599455749,336446,瑞金华庭嘉苑,杭州,租房,藕花州大街西段264号
4619653763736590,607827,万科璞悦湾,杭州,租房,滨文路670号
4610980131544069,219874,丽景西苑,杭州,租房,东清巷76号
4629864154340360,369809,美好桂花溪园(北区),杭州,租房,"长连路,瓶仓大道"
4616441773382659,656248,首开国风美域,杭州,租房,振华路1号
4567236941800460,791714,招商雍泽府,杭州,租房,"兴建路,近园区路"
4546019987958798,825956,顺达花苑东区,杭州,租房,"顺达路,近320国道"
4630876158485504,826308,中海寰宇天下C区,杭州,租房,"滨盛路,近江陵路"
4597900652010505,826603,景致公寓,杭州,租房,"和睦路,近石祥路"
4615479809614850,407707,金昌春和钱塘,杭州,租房,民和路411号
4629161715887105,160841,同人春江时代,杭州,租房,"长河路,近滨盛路"
4620948258890767,189620,白鹭郡北,杭州,租房,"风情大道,近玉鸟路"
4628449444490242,607327,龙湖名景台(公寓住宅),杭州,租房,"同协路,近杭玻街"
4564230580591616,161069,晴彩巴厘,杭州,租房,世纪大道
4613712268387329,161147,钱江湾花园,杭州,租房,东信大道99号
4632015275598859,826335,西溪雅苑(东区),杭州,租房,天目山路550号
4587085644473349,943040,中梁百悦城(公寓住宅),杭州,租房,顺风路128号
4601099391966209,160297,三江鸣翠蓝湾(别墅),杭州,租房,九龙大道188号
4630655218232332,175824,左岸花园,杭州,租房,永庆路120号
4508834295131139,160077,火炬小区,杭州,租房,"火炬大道,近西湘路"
4626749040190464,826150,和谐嘉园北苑,杭州,租房,"杭海路,近庆春东路"
4626418110784517,789619,瑞麒时代(公寓住宅),杭州,租房,通益路
4619584892017677,825632,普金家园,杭州,租房,温州路9号
4631718563699713,807434,艺尚里,杭州,租房,"永乐路,近迎宾路"
4629765791640584,1274301,乐虹湾(公寓住宅),杭州,租房,"彩虹大道,近西兴路"
4626383891782669,877690,西溪八方城,杭州,租房,"文一西路,近荆长路"
4619797493509127,615137,复地黄龙和山(公寓住宅),杭州,租房,西溪路957号
4610485766822914,369965,北湖绿洲花园(公寓住宅),杭州,租房,瓶仓大道57号
4563996559877124,219861,万科魅力之城(东区),杭州,租房,九环路41-4号
4533114071084045,216723,红枫苑(临平),杭州,租房,东湖北路118号
4599616325049358,160116,采荷小区芙蓉邨,杭州,租房,双菱路21号
4590176742794240,573718,德信东望,杭州,租房,"新塘路,近明月桥路"
4623856640109570,160842,春波小区,杭州,租房,春波路32号
4629780860398606,1048135,海德公园,杭州,租房,"东吴路,近良运街"
4588626239478786,825481,白马湖小区白鹤苑,杭州,租房,"一号路,近江晖路"
4552853647141896,229758,月雅苑,杭州,租房,2号大街877号
4629461384979464,205375,观澜郡亭公寓(商住楼),杭州,租房,之江路968号
4629629579095042,174646,东方润园,杭州,租房,钱潮路9号
4545983477640199,444534,东和云第,杭州,租房,明德路350号
4570120508042249,650518,朗诗花漫里,杭州,租房,"乔中路,近南街"
4570061816753154,1274301,乐虹湾(公寓住宅),杭州,租房,"彩虹大道,近西兴路"
4596509973275652,369860,德信早城,杭州,租房,"学林街,近上沙路"
4625389993008135,508113,望江新园三园,杭州,租房,"东宝路,近东霞巷"
4609622303349773,369850,东厦东港,杭州,租房,北沙西路150号
4616774786968580,590405,万科北宸之光,杭州,租房,通运路
4627473608317953,995993,东田怡丰城(商住楼),杭州,租房,"迎宾路,近天万路"
4624826678701067,642230,赞成龙兴道一号,杭州,租房,"新颜南路,近龙兴路"
4589403712969743,952171,中赢康康谷(商住楼),杭州,租房,春晓路61号
4608111040732172,626969,紫玉福邸,杭州,租房,"秋涛北路,近机场路"
4626253097954306,160086,闲林山水丹枫苑,杭州,租房,闲林东路
4579610636706827,160582,昆仑水印城,杭州,租房,滨盛路2242号
4623942094855170,160042,育才西苑,杭州,租房,"育才北路,近北干山南路"
4597951284911108,379785,九龙仓碧玺,杭州,租房,"后横港路,近桥弄街"
4630824027612166,314429,荷花塘小区,杭州,租房,星光街
4620548717894658,825904,世茂江滨花园碧景湾,杭州,租房,25号路88号
4614187422114828,825862,都市阳光华苑,杭州,租房,"周坪路,近来仁街"
4622321856031759,1370265,盈二佳苑,杭州,租房,盈新路
4616537104571404,825904,世茂江滨花园碧景湾,杭州,租房,25号路88号
4623433341312014,783119,绿城留香园,杭州,租房,塘工局路
4553062299804682,160558,六合天寓,杭州,租房,东信大道1222号
4592695285488648,826569,晶典公寓,杭州,租房,南环路1528号
4577088546954254,369886,宋都晨光国际,杭州,租房,"23号大街,近16号大街"
4498991501288450,826268,婺江家园一园,杭州,租房,婺江路38号
4613620070407170,611311,恒基旭辉府,杭州,租房,"崇杭街,近丽水北路"
4628039984325641,170497,万科西溪蝶园(北区),杭州,租房,紫霞街188号
4616605285882895,470980,中铁逸都,杭州,租房,北沙西路28号
4631903007398925,826557,近江四园,杭州,租房,"婺江路,近富春路"
4578415005051912,1133552,龙湖春江天越(公寓住宅),杭州,租房,凌云街
4546026113051653,160816,颐景山庄(公寓住宅),杭州,租房,九龙大道99号
4571299548699659,826744,月欣花苑,杭州,租房,临平月荷路149号
4633454381751303,173598,胡姬花园,杭州,租房,新城路90号
4586848524495879,803350,绿都港汇中心,杭州,租房,市心北路853号
4615386317413380,1024826,中庆润泽院,杭州,租房,"西环北路,近文居街"
4601172047569929,433939,转塘家园(南区),杭州,租房,之江路5号
4630839240023048,995754,龙湖滟澜山(澜轩),杭州,租房,"华景街,近银沙路"
4599773258210317,469258,九悦江南,杭州,租房,市心南路
4616435351643143,995004,东方俊园(东区),杭州,租房,新颜南路28号
4479213645519884,1071702,天阳蔚蓝,杭州,租房,"天柱街,近灵鹤路"
4579548721622021,160342,定山家园(西区),杭州,租房,"霞鸣街,近象山路"
4612503969227780,1048139,江南之星,杭州,租房,"博奥路,近金惠路"
4611105876567054,606332,世茂之西湖御涛轩,杭州,租房,"江南大道,近西环路"
4562557993229314,369926,嘉里桦枫居,杭州,租房,杭玻街766号
4578630406366221,369958,青山鹤岭,杭州,租房,鹤亭大街
4617983946761230,826753,林风花园沁林苑,杭州,租房,闻潮路168号
4623861506563081,607827,万科璞悦湾,杭州,租房,滨文路670号
4602172032621569,248058,宏丰家具城小区,杭州,租房,五常荆山湾88号
4603921330447361,160971,清泰小区,杭州,租房,解放东路422号
4615024819104774,160903,长江小区,杭州,租房,"南环路,近立业路"
4592743187340303,826569,晶典公寓,杭州,租房,南环路1528号
4626288071814152,264956,西溪小筑,杭州,租房,"天目山路,近五常大道"
4615061666997259,826881,中兴花园百合苑,杭州,租房,江汉路1679号
4582410233453578,469002,广宇鼎悦府,杭州,租房,南大街329号
4602676850338823,585613,绿城巧园,杭州,租房,"浦沿路,近坚塔路"
4598255576769551,160613,清泰南苑,杭州,租房,始版桥直街176号
4619283398908938,863121,宝龙城市广场,杭州,租房,"学府街,近学林支路"
4608108809427969,477595,嘉和银领时代(公寓住宅),杭州,租房,"藕花洲大街,近星桥南路"
4575745786551296,476482,华瑞晴庐,杭州,租房,"建设二路,近育才路"
4592637244267528,826859,中国铁建江南国际城,杭州,租房,"金城路,近风情大道"
4589960021140485,1035534,万科北宸之光拱宸,杭州,租房,上园路
4606817937484804,1153634,阳光城悦云邸,杭州,租房,溪望路
4603978147998722,160371,港湾家园,杭州,租房,余杭塘路866号
4512198198762510,217136,锦园小区,杭州,租房,建国北路370号
4629302039489537,877759,东亚新干线,杭州,租房,"明月桥路,近天城路"
4581019932171271,161028,采荷小区青莼邨,杭州,租房,青玉路2号
4587064947518467,916691,集美岸上蓝山紫云苑,杭州,租房,紫荆路69号
4578598749316103,365466,绿城丁香公馆,杭州,租房,休博路288号
4578462275492870,779138,金地艺境,杭州,租房,"翁乔路,鑫业路"
4524792514112524,369945,方正荷塘月色,杭州,租房,"总管路,近祥园路"
4630967700827145,219224,燕子弄小区,杭州,租房,"庆春路,近建国中路"
4626433469144077,787778,金地自在城鹭影轩,杭州,租房,西园八路
4633852832817164,369856,宋都阳光国际观澜苑,杭州,租房,通盛路3号
4597908764419072,369924,金岸提香(公寓住宅),杭州,租房,中泰路322号
4615739820205057,183101,凯旋金牛坊,杭州,租房,凯旋路151号
4626182286238720,160801,贺田尚城(公寓住宅),杭州,租房,六和路365号
4485044516707342,379779,五月花城,杭州,租房,藕花洲大街西段162号
4615812028982285,597679,富力西溪悦居(公寓住宅),杭州,租房,"常二路,近文一西路"
4632333253995535,826220,闻潮尚庭,杭州,租房,"望江东路,近钱江路"
4551216214680577,171723,滨文苑,杭州,租房,"滨文路,近火炬大道"
4538783977483279,369817,恒安名座,杭州,租房,崇化路750号
4629221157053447,795071,贝利栖溪望府,杭州,租房,"绿荫街,近塘栖路"
4609664497413127,615137,复地黄龙和山(公寓住宅),杭州,租房,西溪路957号
4631127612367886,206392,望江新园二园,杭州,租房,东霞巷32号
4551627952366596,172313,定安苑,杭州,租房,定安路36号
4575718820736003,877728,金地德圣中心(商住楼),杭州,租房,"金城路,近金山路"
4525710008509446,311707,钱塘滨和花园,杭州,租房,江汉东路202号
4628360398314507,628421,众安景海湾(公寓住宅),杭州,租房,弘慧路
4613515654896655,780546,雅居乐国际花园,杭州,租房,"天目山西路,近闲富路"
4552951767180297,825755,容大五环城市花园,杭州,租房,金桥北路159号
4619434589676556,304194,东方一品,杭州,租房,建设一路133-8号
4548744867388424,604862,白鹭郡南秋荷坊,杭州,租房,玉鸟路
4617906425242629,220060,赞成岭上花苑(公寓住宅),杭州,租房,"鸡山路,近八角路"
4586573639083013,160527,水岸帝景,杭州,租房,钱潮路10号
4629459680582659,826452,金地自在城求学里,杭州,租房,"嘉仁路,近金蓬街"
4623391933197323,826482,新世界琅琴湾,杭州,租房,迎康路28号
4599338548667401,1021780,绿城蓝庭(西区),杭州,租房,振兴西路52号
4625170158429195,826447,金地自在城林溪里,杭州,租房,金蓬街
4605568280075271,800144,时间国际,杭州,租房,"环站北路,近同协南路"
4624841191023621,952171,中赢康康谷(商住楼),杭州,租房,春晓路61号
4620868842531852,160534,凯旋新村(西区),杭州,租房,凯旋路107号
4623672094452748,652450,融信蓝孔雀,杭州,租房,"石祥路,近莫干山路"
4628887511507978,659567,惠都家园(东区),杭州,租房,太平路93号
4618081776147456,1100978,风荷锦庭(公寓住宅),杭州,租房,"新峡路,近油虎线"
4603409810613260,659567,惠都家园(东区),杭州,租房,太平路93号
4520409419049987,610236,滨江万家名城(北区),杭州,租房,"锦江路,近通运路"
4517670964194315,996154,富春硅谷麓园(公寓住宅),杭州,租房,九龙大道398号
4628243451747343,635788,赞成赞城,杭州,租房,棕榈路801号
4616668663688203,781406,篁外(公寓住宅),杭州,租房,"八角路,近鸡山路"
4609762663998469,826248,星光国际广场,杭州,租房,江南大道228号
4582695421404161,209262,世茂江滨花园瑞景湾,杭州,租房,"16号大街,近23号大街"
4523077543488517,160766,大学路新村,杭州,租房,"大学路,近老浙大横路"
4633777736211463,300676,南北西岸(公寓住宅),杭州,租房,昼锦路12号
4616331057327108,192131,东湖公寓,杭州,租房,河南埭路63号
4616441708522501,161028,采荷小区青莼邨,杭州,租房,青玉路2号
4616743888397327,911662,丰盛九玺,杭州,租房,"欣然街,近榨河巷"
4629707743046656,607368,绿城莲园(公寓住宅),杭州,租房,"北沙西路,近荷花路"
4631082602376206,634849,西溪金座,杭州,租房,荆长路758号
4594351200887809,911967,新世界柏丽轩,杭州,租房,通惠北路12号
4624021164497929,229269,四季风景苑,杭州,租房,"5号大街,近6号大街"
4633467252665352,618928,耀达金鼎华庭,杭州,租房,仁和大道
4595110534212611,369879,赞成美树,杭州,租房,金恒路174号
4548622530731011,300522,新湖果岭(公寓住宅),杭州,租房,文一西路
4592549742439424,630884,科尔世纪外滩(公寓住宅),杭州,租房,水博大道1号
4580971760413703,181626,绿城蓝庭(东区),杭州,租房,"振兴西路,近星河路"
4630947384077326,370094,金都西花庭,杭州,租房,"狮山路,近余杭塘河"
4581511768892429,201741,三鑫君悦丽景,杭州,租房,金城路51号
4530097078313987,160543,义井小区,杭州,租房,西湖大道
4632194221597703,630884,科尔世纪外滩(公寓住宅),杭州,租房,水博大道1号
4632822226496525,497413,佳兆业玖珑山,杭州,租房,"八角路,近镇南路"
4631200294005768,207422,中兴和园(公寓住宅),杭州,租房,火炬南路1612号
4603408809253894,826286,华源福临花苑,杭州,租房,"乌龙涧路,近西险大塘"
4610732510436358,637732,招商雍华府,杭州,租房,建华路
4633361443871750,803286,水韵康桥康泽苑,杭州,租房,康桥路
4612715866792972,160344,采荷东区,杭州,租房,秋涛北路52号
4441224052614144,826860,中国铁建青秀城,杭州,租房,建设一路418号
4629192405146624,825956,顺达花苑东区,杭州,租房,"顺达路,近320国道"
4632352864314383,952171,中赢康康谷(商住楼),杭州,租房,春晓路61号
4578179349961736,826831,绿城九龙仓柳岸晓风(公寓住宅),杭州,租房,"闻涛路,近建业路"
4619724917660672,790318,广元公寓,杭州,租房,晨晖路952号
4613460959964175,363841,潘水南苑,杭州,租房,市心南路728号
4608326206612483,160363,保元泽第(公寓住宅),杭州,租房,东湖南路333号
4487895810827276,786131,宝嘉誉府,杭州,租房,"石祥西路,近紫金港路"
4590237800750094,161178,星河景庭,杭州,租房,金城路98号
4607948201864199,369888,滨江凯旋门,杭州,租房,凯旋路116号
4610917588528138,223595,北庙北弄,杭州,租房,九曲营路31号
4578525282425866,369926,嘉里桦枫居,杭州,租房,杭玻街766号
4629217156738051,826313,西溪诚园致诚苑,杭州,租房,"双龙街,近崇仁路"
4630519970589706,655397,朝阳8号(公寓住宅),杭州,租房,市心南路
4623607041764367,826691,玉城公寓,杭州,租房,东西大道
4575382439832591,660200,雍荣华庭,杭州,租房,"莫干山路,近留祥路"
4619846915218444,641638,富越香郡,杭州,租房,"湖州街,近杭行路"
4630554278505477,991988,美政花苑民航宿舍,杭州,租房,"之江路,近美政路"
4616891815271433,637732,招商雍华府,杭州,租房,建华路
4607885419930631,260398,丽阳苑,杭州,租房,申花路389号
4629073022542861,161133,钱江彩虹城,杭州,租房,滨盛路4398号
4582765446751236,790865,金域东方,杭州,租房,湘建线
4629537654578176,175739,观邸国际,杭州,租房,新和路167号
4629724466879496,991988,美政花苑民航宿舍,杭州,租房,"之江路,近美政路"
4599782965058567,531858,石榴派,杭州,租房,"东西大道,近京福线"
4300782702238725,370104,城发云锦城,杭州,租房,"华鹤街,近长睦路"
4632552281484291,220251,蓝桥名苑,杭州,租房,金堡街294号
4611059091823626,223675,断河头小区,杭州,租房,河坊街51号
4631867339349005,826739,远洋公馆(东区),杭州,租房,大浒街99号
4633816458616843,369920,顺发康庄(公寓住宅),杭州,租房,萧钱线
4605435788960774,926296,浙富桐城府,杭州,租房,"梅林路,近白云源东路"
4574067441998858,318496,都市水乡水月苑,杭州,租房,长阳路319号
4537140183770126,635788,赞成赞城,杭州,租房,棕榈路801号
4629334713998348,221557,盛泰名都公寓,杭州,租房,"5号大街,近4号大街"
4588433095633933,172587,浣纱路58-371号小区,杭州,租房,浣纱路
4593714337180673,160940,北银公寓,杭州,租房,"4号大街,近3号大街"
4589410171773963,233921,绿城丽江公寓(北区),杭州,租房,仁爱路73号
4467215159436303,911314,恒隆广场,杭州,租房,山阴路688号
4614142505888771,300676,南北西岸(公寓住宅),杭州,租房,昼锦路12号
4539960126675968,219714,玄坛弄小区,杭州,租房,玄坛弄
4578791920706572,520016,和谐嘉园东苑,杭州,租房,江锦路176号
4592367795657732,488896,世纪嘉园,杭州,租房,"世纪大道,南兴路"
4590244568474637,825495,百合新城,杭州,租房,金秋大道
4618320312036358,641638,富越香郡,杭州,租房,"湖州街,近杭行路"
4622145608969225,160229,亲亲家园一期,杭州,租房,"古墩路,近董家路"
4624949444111362,161035,天元公寓(公寓住宅),杭州,租房,19号大街709号
4598363626382341,160344,采荷东区,杭州,租房,秋涛北路52号
4589407762603023,207765,三江新村,杭州,租房,三江路210号
4502505022104581,826862,中国铁建西湖国际城,杭州,租房,"甲来路,近杭长高速"
4568377930406925,224958,广厦天都城天星苑,杭州,租房,"场环路,近欢乐大道"
4562925618437127,160284,广宇西城年华,杭州,租房,申花路388号
4611166847083526,216723,红枫苑(临平),杭州,租房,东湖北路118号
4626344748620805,607657,万科西庐,杭州,租房,五常港路
4598374609411072,877750,滨江金茂府,杭州,租房,"西兴路,近滨盛路"
4518848500966412,370083,天阳云筑(公寓住宅),杭州,租房,"八角路,近鸡山路"
4631961380185094,785618,尚海湾(公寓住宅),杭州,租房,育才路
4628138052033549,160371,港湾家园,杭州,租房,余杭塘路866号
4585637501168655,657958,湘云雅苑,杭州,租房,西兴路1190号
4625148950535172,433822,迎春东苑,杭州,租房,"共联路,近滨和路"
4609251062438913,179315,东海水景城(公寓住宅),杭州,租房,世纪大道西501号
4589738503068680,803286,水韵康桥康泽苑,杭州,租房,康桥路
4537163224210445,877672,新时代城市家园,杭州,租房,闲富中路248号
4573897438964747,794728,江滨澜廷,杭州,租房,"闻涛路,近江陵路"
4617702324689920,476482,华瑞晴庐,杭州,租房,"建设二路,近育才路"
4613505200647168,789465,南润名座,杭州,租房,蜀山路418号
4583025916029966,175739,观邸国际,杭州,租房,新和路167号
4548481588962309,580034,玲珑府(公寓住宅),杭州,租房,西兴路399号
4480668374543366,826753,林风花园沁林苑,杭州,租房,闻潮路168号
4626316354413581,628302,绿都南江壹号,杭州,租房,"晨晖路,近高桥路"
4532771890291723,579336,龙湖春江彼岸,杭州,租房,"扬帆路,近丹枫路"
4534575891098625,778888,富力十号朗悦居(公寓住宅),杭州,租房,"文一西路,近高教路"
4625411534445579,794775,地铁绿城杨柳郡,杭州,租房,九和路516号
4632761275538447,863618,亲亲家园幸福里,杭州,租房,"墩祥路,近古墩路"
4632564914004998,369932,绿都御景蓝湾(公寓住宅),杭州,租房,时代大道6588号
4616751644650504,220060,赞成岭上花苑(公寓住宅),杭州,租房,"鸡山路,近八角路"
4620765624837121,1074373,美丽春天府,杭州,租房,石马路521号
4598000553647113,160474,盛世钱塘,杭州,租房,富春路899号
4627757605952513,244215,朗诗国际街区,杭州,租房,27号路60号
4585587694607371,826030,塘栖一小区,杭州,租房,"塘栖路,近里仁路"
4616436761209856,656248,首开国风美域,杭州,租房,振华路1号
4632063113405445,875368,北辰奥园(公寓住宅),杭州,租房,"向旭路,近蜀山路"
4621009458258957,791599,竹径云山锦云坊(67-80),杭州,租房,东西大道
4604091230690305,467227,保利城市果岭,杭州,租房,银海街38号
4569999613844489,272618,江南文苑,杭州,租房,滨文路639号
4627654009412618,170497,万科西溪蝶园(北区),杭州,租房,紫霞街188号
4626528055172105,786761,万通时尚公馆(公寓住宅),杭州,租房,"景兴路,近东莲街"
4626767330810894,190934,钱塘人家,杭州,租房,清江路310号
4606883143754752,803350,绿都港汇中心,杭州,租房,市心北路853号
4524764460983311,405245,保利霞飞郡(公寓住宅),杭州,租房,建设二路401号
4622156030043151,405245,保利霞飞郡(公寓住宅),杭州,租房,建设二路401号
4603865445835791,826456,金色钱塘(南区),杭州,租房,风情大道677号
4624064375319552,528981,众安理想湾(公寓住宅),杭州,租房,"新洲路,近星河路"
4620667877616643,1411532,众安顺源府,杭州,租房,"上林南路,近科创园一号路"
4600056424537103,160957,丰乐苑(8-12),杭州,租房,丰家兜8号
4597036229041157,220060,赞成岭上花苑(公寓住宅),杭州,租房,"鸡山路,近八角路"
4584075156958211,791714,招商雍泽府,杭州,租房,"兴建路,近园区路"
4600766148025354,370060,远洋大河宸章,杭州,租房,小河路455号
4588044536863749,316145,顺丰家园,杭州,租房,振宁路981号
4528706344051713,628434,恒大帝景,杭州,租房,晨晖路
4585271950697487,369956,星汇荣邸,杭州,租房,浦沿路369号
4623815925099532,160566,三坝雅苑,杭州,租房,"古墩路,近圣东街"
4531957769317377,1048135,海德公园,杭州,租房,"东吴路,近良运街"
4610984715856910,160557,朝晖六小区,杭州,租房,新市街64号
3824425788697603,318424,新怡家园,杭州,租房,"下沙南路,近盛源路"
4623818185892868,379785,九龙仓碧玺,杭州,租房,"后横港路,近桥弄街"
4627731827530753,369899,红景凯丽晶座(公寓住宅),杭州,租房,通惠北路718号
4550171614915588,220251,蓝桥名苑,杭州,租房,金堡街294号
4614944724460545,209262,世茂江滨花园瑞景湾,杭州,租房,"16号大街,近23号大街"
4609260876147712,248839,中海钱塘山水(公寓住宅),杭州,租房,东信大道92号
4609196122334213,160506,新湖北国之春,杭州,租房,衢洲路105号
4524444190321668,804912,东裕华庭,杭州,租房,"经五路,近123县道"
4629254828254208,789605,佳兆业君汇上品,杭州,租房,"稼东路,近石塘东路"
4571428873741313,369879,赞成美树,杭州,租房,金恒路174号
4567056494683150,826412,江南望庄,杭州,租房,月明路983号
4585595542332430,826425,欣盛东方郡(东区),杭州,租房,春晓路233号
4620002611141635,410317,之江家园五区,杭州,租房,"转之路,近东环路"
4599270804904960,369936,江南铭庭,杭州,租房,天官东路90号
4621397165042691,214743,金沙阳光,杭州,租房,下沙路
4606428301618176,825886,翡翠城(东南区),杭州,租房,"五常大道,近高教路"
4614032172887049,651236,万宝城,杭州,租房,荷禹路105号
4613872109298700,877687,苕溪南湖人家,杭州,租房,太炎路70号
4615437214964749,160277,绿都湖滨花园(公寓住宅),杭州,租房,"金山路,近博学路"
4586952558027785,229758,月雅苑,杭州,租房,2号大街877号
4596935459578880,943026,祥生云浦新语,杭州,租房,"科海路,近周二路"
4605932840182797,943028,新山水御园,杭州,租房,"依江路,近望波街"
4625201010924549,825484,白马湖小区孔雀苑,杭州,租房,"江虹南路,近规划支路"
4616807972496393,375266,康都紫轩,杭州,租房,甬江路191号
4625148019254274,613792,阳光城普升,杭州,租房,"福临街,近普德路"
4623610400089093,825992,高运高庄,杭州,租房,南秀路2228号
4603922627617799,160801,贺田尚城(公寓住宅),杭州,租房,六和路365号
4614902329435151,794144,富春和园(公寓住宅),杭州,租房,金桥北路469号
4599967377890313,160720,钱塘春晓花园,杭州,租房,月明路862号
4630069319621644,201534,浙新小区,杭州,租房,滨文路646号
4572963784813579,234966,白马尊邸(公寓住宅),杭州,租房,"墩池路,近荡鱼路"
4624022815910915,409606,平瑞瑞和园,杭州,租房,东西大道
4159716715962373,160752,耀江文鼎苑,杭州,租房,萍水西街193号
4578669053582338,299190,云龙十一景(公寓住宅),杭州,租房,建国北路80号
4512079210290185,1027548,紫云山庄(公寓住宅),杭州,租房,杭富公路
4586915355302924,785683,西溪华东园,杭州,租房,"五常大道,近高教路"
4540408694496265,781698,融科东南海,杭州,租房,香樟路469号
4623457455889419,214743,金沙阳光,杭州,租房,下沙路
4588295874026505,420307,滨江曙光之城,杭州,租房,机场路285号
4631041595139072,785537,大同公寓,杭州,租房,"镇前路,近浦西路"
4593813484116999,590405,万科北宸之光,杭州,租房,通运路
4606238210010126,995993,东田怡丰城(商住楼),杭州,租房,"迎宾路,近天万路"
4619643302648842,621010,香山四季公馆,杭州,租房,"蜀山路,近亚太路"
4615327625686024,729169,融创瑷颐湾,杭州,租房,"祥运路,近杭行路"
4513324578204680,609573,后珠辰秀嘉园(北区),杭州,租房,明珠街
4614224727335937,160553,新明半岛(公寓住宅),杭州,租房,102省道
4548359471799300,641300,乾成园,杭州,租房,集萃路47号
4624940346452999,909730,万象城悦玺,杭州,租房,"庆春东路,近钱江路"
4618216475728899,160621,西房云溪香山(北区),杭州,租房,"转塘路,近望江山路"
4626521457402891,160570,十亩田家园,杭州,租房,化仙桥路27号
4632193864948751,370021,西郊半岛(公寓住宅),杭州,租房,江滨东大道1号
4551648106130444,1048398,红联九漾华庭西区,杭州,租房,"新城路,近永乐路"
4621120994352128,379792,瑞立东方花城,杭州,租房,滨安路42号
4599783667801090,580034,玲珑府(公寓住宅),杭州,租房,西兴路399号
4618034226670593,943040,中梁百悦城(公寓住宅),杭州,租房,顺风路128号
4609335944520718,160751,太阳国际公寓(公寓住宅),杭州,租房,伟业路730号
4580894557824007,781698,融科东南海,杭州,租房,香樟路469号
4630972756993025,825501,美都良景学府,杭州,租房,"瓶仓大道,近羊城路"
4619555729728526,793527,龙湖武林九里,杭州,租房,"华丰中路,近丁城路"
4587907954891776,209262,世茂江滨花园瑞景湾,杭州,租房,"16号大街,近23号大街"
4603670109838341,481359,青枫墅园山语阁,杭州,租房,"上仓路,近和睦路"
4507689861473288,336639,仓溢绿苑,杭州,租房,海曙路128号
4586903443545091,806214,澳海香樟苑,杭州,租房,大桥南路188号
4630770136671241,542544,七贤郡(1-50),杭州,租房,东西大道
4629520403684360,160812,郁金香岸(公寓住宅),杭州,租房,万达路770号
4578360259783690,952860,新城香悦公馆(公寓住宅),杭州,租房,金城路1799号
4626351056559119,369842,龙湖滟澜山(茗轩),杭州,租房,华景街383号
4599708106316804,609162,保利梧桐语,杭州,租房,"普德路,近九州路"
4555735734332428,1071702,天阳蔚蓝,杭州,租房,"天柱街,近灵鹤路"
4118431767604229,877715,美伦美郡(公寓住宅),杭州,租房,大奇山路788号
4630460619793419,657466,莱茵传奇园,杭州,租房,"建设一路,近青年路"
4603748876659714,370072,德信北海公园,杭州,租房,星桥街100号
4611237256408070,411448,华润新鸿基之江九里(公寓住宅),杭州,租房,"珊瑚沙路,近碧波路"
4616840700881929,369834,多立方公寓,杭州,租房,九华路
4578415198462990,790318,广元公寓,杭州,租房,晨晖路952号
4547460670710797,795344,钱塘玫瑰湾,杭州,租房,新浦路1459号
4500776969591819,370089,大华海派风范沁园,杭州,租房,城东路
4629525196090374,994925,宋都东郡国际锦湾,杭州,租房,秀水街190号
4588344031439882,1042415,梓树花苑(公寓住宅),杭州,租房,九龙大道
4623957561943045,620329,铭都雅苑,杭州,租房,高沙路166号
4606435313921024,160393,天福花园,杭州,租房,近江东路34号
4566856231773188,825716,大家绿城金麟府,杭州,租房,"上塘路,近湖州街"
4588404459103246,160086,闲林山水丹枫苑,杭州,租房,闲林东路
4630977590127617,160951,万家花园,杭州,租房,天城路95号
4630555025665034,369858,华瑞湘湖美地,杭州,租房,萧西路605号
4631232653861895,420307,滨江曙光之城,杭州,租房,机场路285号
4633459953083401,191413,白鹭郡东,杭州,租房,"风情大道,近玉鸟路"
4623768587559942,218507,万象城悦府,杭州,租房,富春路701号
4621811329342473,575797,朗诗未来街区西园,杭州,租房,"天万路,近苑中路"
4509256221647873,370091,阳光郡,杭州,租房,莫干山路1399号
4622039755987976,369902,金地天逸,杭州,租房,山阴路1999路
4633294294199303,186603,钱塘名都,杭州,租房,钱江路628-640号
4630520878951429,863448,世包国际中心,杭州,租房,市民街99号
4618035438789634,401920,中兴景冉佳园,杭州,租房,学正街169号
4629117961821198,346144,望江家园西园,杭州,租房,沙地路23号
4617823476329477,160903,长江小区,杭州,租房,"南环路,近立业路"
4633484569959439,786883,水岸花苑,杭州,租房,"文一西路,近长深高速"
4505945846735884,826756,云都凤凰城,杭州,租房,云市路86号
4606527905475593,370091,阳光郡,杭州,租房,莫干山路1399号
4626856108137472,952171,中赢康康谷(商住楼),杭州,租房,春晓路61号
4568433163541519,170154,良渚花苑(公寓住宅),杭州,租房,玉管路18号
4579709004885000,1038044,和家园御园,杭州,租房,杨梅山路362号
4629353952422920,863121,宝龙城市广场,杭州,租房,"学府街,近学林支路"
4598418124956679,160791,古荡新村(西区),杭州,租房,文三西路13号
4539996381013000,910818,美都广场,杭州,租房,教工路619号
4606844544527361,652463,越秀星汇悦城,杭州,租房,古墩路
4599682687411210,868300,金帝海珀雅苑,杭州,租房,振兴西路158号
4612240615627788,160384,瑞立中央花城,杭州,租房,滨河路796号
4558735789239296,369953,绿城明月江南(东区),杭州,租房,月明路256号
4579494807872512,826455,新东名苑,杭州,租房,香樟路
4616917197515784,205375,观澜郡亭公寓(商住楼),杭州,租房,之江路968号
4596571517950981,593871,保亿风景晨园(公寓住宅),杭州,租房,"迎宾路,近1号路"
4610786732317707,292642,新州花苑东区,杭州,租房,"月明路,近西兴路"
4602388008821760,659567,惠都家园(东区),杭州,租房,太平路93号
4632232332794880,826454,金地自在城悦活轩,杭州,租房,欣然街111号
4576716280736769,405245,保利霞飞郡(公寓住宅),杭州,租房,建设二路401号
4596493077865478,615708,金地格林格林,杭州,租房,"天都路,近华鹤街"
4630566733605894,1029638,五月香山(公寓住宅),杭州,租房,320国道
4595229267207183,826744,月欣花苑,杭州,租房,临平月荷路149号
4566873693707264,160940,北银公寓,杭州,租房,"4号大街,近3号大街"
4566763632843776,826661,印月尚庭,杭州,租房,"滨盛路,近三桥路"
4601079602932742,868300,金帝海珀雅苑,杭州,租房,振兴西路158号
4619417031564300,607300,兴耀星悦湾(公寓住宅),杭州,租房,"青六南路,近横雷线"
4298203450679297,224570,迎春南苑,杭州,租房,滨兴路121号
4607827468676099,369839,协安紫郡,杭州,租房,紫萱路308号
4633315600868355,218616,广瑞瑞城花园(公寓住宅),杭州,租房,东西大道
4601155160402951,220790,庆春苑,杭州,租房,太平门直街15号
4545579558970374,160344,采荷东区,杭州,租房,秋涛北路52号
4582483227372549,311707,钱塘滨和花园,杭州,租房,江汉东路202号
4578698387778565,1003246,景瑞阳光城法兰公园(公寓住宅),杭州,租房,天荷路60号
4616312722693120,369834,多立方公寓,杭州,租房,九华路
4619159230344199,202604,清源上林湖(别墅),杭州,租房,上林路1号
4594337853021198,825761,林之语(公寓住宅),杭州,租房,"钱宁线,近奔竞大道"
4589589889674251,183101,凯旋金牛坊,杭州,租房,凯旋路151号
4590965325079558,863104,绿城桃源小镇东方苑,杭州,租房,闲沈路
4564593614855183,369926,嘉里桦枫居,杭州,租房,杭玻街766号
4619465829968907,995823,景瑞天赋,杭州,租房,"扬帆路,近博奥路"
4578557748108293,877699,融信澜天(公寓住宅),杭州,租房,"立新路,玉鸟路"
4623989042699264,638890,擎天半岛(公寓住宅),杭州,租房,藕花洲大街159号
4588008826772494,1255003,三江名苑,杭州,租房,时代大道
4630560613391373,172587,浣纱路58-371号小区,杭州,租房,浣纱路
4565816208305166,346247,星桥桂花城,杭州,租房,"藕花洲大道,近太平路"
4599649697262600,191425,香榭里花园,杭州,租房,4号大街
4627957797299211,528981,众安理想湾(公寓住宅),杭州,租房,"新洲路,近星河路"
4625605215017993,826099,汀洲花苑(南区),杭州,租房,"振兴西路,近荷禹路"
4603736854914050,161176,蚕花园永安坊,杭州,租房,"蚕花路,近永安巷"
4595582275034113,911662,丰盛九玺,杭州,租房,"欣然街,近榨河巷"
4629232333841416,654114,中港罗兰小镇(公寓住宅),杭州,租房,"210省道,近康泰路"
4572465883638792,826797,龙湖春江悦茗,杭州,租房,"风情大道,近建设三路"
4629427037971468,779943,金星桃源居,杭州,租房,桃源街
4526193797243915,369886,宋都晨光国际,杭州,租房,"23号大街,近16号大街"
4628017870480388,201015,和平雅苑,杭州,租房,"东西大道,仁和大道"
4625135132140547,641202,赞成首府(公寓住宅),杭州,租房,世纪大道
4568304850281483,826268,婺江家园一园,杭州,租房,婺江路38号
4588377716517893,875368,北辰奥园(公寓住宅),杭州,租房,"向旭路,近蜀山路"
4624039140498446,369882,远洋西溪公馆(公寓住宅),杭州,租房,文一西路822号
4610713559899149,877755,迪凯运河印象,杭州,租房,"好运街,通益路"
4629212059755525,346144,望江家园西园,杭州,租房,沙地路23号
4629323196818440,369858,华瑞湘湖美地,杭州,租房,萧西路605号
4600967235197961,1071702,天阳蔚蓝,杭州,租房,"天柱街,近灵鹤路"
4625505456940045,877684,陆家桥新苑,杭州,租房,星海南路87号
4617796383890440,385032,白鹭郡南,杭州,租房,白鹭路
4595195499703303,200705,湖畔宽邸(公寓住宅),杭州,租房,休博路4号
4615364686421005,863448,世包国际中心,杭州,租房,市民街99号
4596708699382784,659623,奥克斯缔逸城(公寓住宅),杭州,租房,"古墩路,近庄墩路"
4592444134288390,1133552,龙湖春江天越(公寓住宅),杭州,租房,凌云街
4624878793301001,193252,和家园(南区公寓住宅),杭州,租房,杨梅山路310号
4597037972628481,657913,嘉里云荷廷,杭州,租房,"珊瑚沙路,近江涵路"
4617714864008199,160987,温馨人家,杭州,租房,月明路796号
4603010954062854,1152948,花园府,杭州,租房,"明月桥路,近环站北路"
4616756229073933,160324,新星小区,杭州,租房,三墩街
4617840162040833,223348,南肖埠景和苑,杭州,租房,太平门直街207号
4625421721494539,221630,江虹小区,杭州,租房,"滨和路,近江虹路"
4625090973590530,911662,丰盛九玺,杭州,租房,"欣然街,近榨河巷"
4590884304497665,160969,凤凰南苑(上城),杭州,租房,秋涛路40号
4255840480762883,182305,崇庆里,杭州,租房,温州路50号
4582679572997134,369943,玉都枫景名苑,杭州,租房,"东西大道,近良平路"
4623499124892676,369852,绿城玉园,杭州,租房,"人民大道,近新丰路"
4633825589126154,943059,景瑞申花壹号院,杭州,租房,"丰潭路,近申花路"
4584105982319618,825886,翡翠城(东南区),杭州,租房,"五常大道,近高教路"
4551267367314441,160104,世纪新城,杭州,租房,高技路51-55号
4625318620814350,800144,时间国际,杭州,租房,"环站北路,近同协南路"
4606714677928962,379792,瑞立东方花城,杭州,租房,滨安路42号
4610759675124750,370090,湖山帝景湾(北苑公寓住宅),杭州,租房,南湖东路
4601249466653701,370078,建境巧克力公馆,杭州,租房,鸿兴路338号
4605044339549197,160390,采荷人家,杭州,租房,杭海路265-267号
4628402919365634,943026,祥生云浦新语,杭州,租房,"科海路,近周二路"
4632144395510792,642230,赞成龙兴道一号,杭州,租房,"新颜南路,近龙兴路"
4614939314646023,826568,羊山公寓,杭州,租房,羊城路
4580962290408451,316460,浙地人家,杭州,租房,宋家湾路
4597076702536712,826340,慧仁家园南区,杭州,租房,"嘉仁路,近墩祥街"
4626304288433161,609573,后珠辰秀嘉园(北区),杭州,租房,明珠街
4567177504758795,615708,金地格林格林,杭州,租房,"天都路,近华鹤街"
4601307816354818,189565,广德小区,杭州,租房,育才北路1号
4504563359081479,208476,华元云水苑(公寓住宅),杭州,租房,6号大街328号
4626258095729672,524618,新南湖绿苑,杭州,租房,水塔路32号
4571406687349774,826176,万星碧云天公寓,杭州,租房,孙权路
4624807364062213,220251,蓝桥名苑,杭州,租房,金堡街294号
4572533618285583,160713,滨江金色家园,杭州,租房,富春路16号
4411624464342028,218933,复地连城国际,杭州,租房,杭海路1636号
4616650234719235,216293,金域三江(公寓住宅),杭州,租房,时代大道
4617956466371585,637906,黄龙金茂悦,杭州,租房,"塘萍路,近拱苑路"
4626465213850639,160969,凤凰南苑(上城),杭州,租房,秋涛路40号
4614111248622598,826558,近江五园,杭州,租房,衢江路87号
4554834358430720,160390,采荷人家,杭州,租房,杭海路265-267号
4602571807333382,160553,新明半岛(公寓住宅),杭州,租房,102省道
4620659698117637,161103,盛元慧谷(公寓住宅),杭州,租房,火炬大道725号
4598172257577989,642230,赞成龙兴道一号,杭州,租房,"新颜南路,近龙兴路"
4624786831399951,160969,凤凰南苑(上城),杭州,租房,秋涛路40号
4614880323331079,656352,运河宸园(公寓住宅),杭州,租房,"登云路,近小河路"
4616309113070604,801400,丰北一苑,杭州,租房,利丰路730号
4613584575011854,615137,复地黄龙和山(公寓住宅),杭州,租房,西溪路957号
4607028868801541,248839,中海钱塘山水(公寓住宅),杭州,租房,东信大道92号
4578682058662914,785618,尚海湾(公寓住宅),杭州,租房,育才路
4629214114782216,379792,瑞立东方花城,杭州,租房,滨安路42号
4616626855732225,825999,通和戈雅公寓,杭州,租房,万达北路710号
4620632479081478,826248,星光国际广场,杭州,租房,江南大道228号
4509600261532686,911314,恒隆广场,杭州,租房,山阴路688号
4562636015363084,160630,滨江金色海岸,杭州,租房,富春路9号
4571463212655624,160393,天福花园,杭州,租房,近江东路34号
4629528119682053,369988,金帝海珀华庭,杭州,租房,振兴西路177号
4629682868771845,370072,德信北海公园,杭州,租房,星桥街100号
4632105304894472,825761,林之语(公寓住宅),杭州,租房,"钱宁线,近奔竞大道"
4508708607730694,217995,银爵世纪公寓,杭州,租房,浦沿路715号
4619181515975680,174019,锦绣文澜阁,杭州,租房,"通益路,近湖杭州街"
4621017114371086,160570,十亩田家园,杭州,租房,化仙桥路27号
4631192397751305,825713,大华海派风范茗园,杭州,租房,城东路4-10号
4598862077451271,626969,紫玉福邸,杭州,租房,"秋涛北路,近机场路"
4623445696685070,1424017,越秀景瑞悦见山,杭州,租房,"兴国路,近辰兴路"
4624071250582534,160751,太阳国际公寓(公寓住宅),杭州,租房,伟业路730号
4600980344318984,369830,贝利栖溪公馆,杭州,租房,广济路
4625209271954432,786883,水岸花苑,杭州,租房,"文一西路,近长深高速"
4551404143713286,1027690,和家园翰园,杭州,租房,杨梅山路362号
4623499178320911,655351,尚堂府,杭州,租房,石祥路282号
4615438146133005,825962,顺发和美家,杭州,租房,市心北路785号
4534213372779526,573294,万和玺园,杭州,租房,"颜三路,近再行路"
4611174683122699,369888,滨江凯旋门,杭州,租房,凯旋路116号
4629595487022080,174646,东方润园,杭州,租房,钱潮路9号
4561577077283843,1218302,上坤山语四季(公寓住宅),杭州,租房,"顺风路,近临平大道"
4619267910818818,782886,融创大家侯潮府,杭州,租房,"候潮路,近钱江路"
4591365353284623,160162,水星阁西区,杭州,租房,环城北路
4566893461462027,994925,宋都东郡国际锦湾,杭州,租房,秀水街190号
4608193344187400,177046,定海园,杭州,租房,永庆路135号
4618243498519553,222976,清雅苑,杭州,租房,学林街633号
4509013837472775,994918,融创河滨之城雨澜轩,杭州,租房,五常港路301号
4629204610935823,160997,采荷绿萍,杭州,租房,庆春东路12号
4530326323227648,826412,江南望庄,杭州,租房,月明路983号
4565581172827144,322058,江南明城,杭州,租房,利华路66号
4585212380883983,1027690,和家园翰园,杭州,租房,杨梅山路362号
4629380091618317,863838,仓溢东苑,杭州,租房,"海曙路,近良睦路"
4544243202317327,620117,理想银泰城(公寓住宅),杭州,租房,世纪大道118号
4559992822948877,218933,复地连城国际,杭州,租房,杭海路1636号
4626707635710986,639013,万科金辰之光,杭州,租房,西陵路30号
4605106827813889,638890,擎天半岛(公寓住宅),杭州,租房,藕花洲大街159号
4614919370728458,826568,羊山公寓,杭州,租房,羊城路
4614013882981384,191426,大都文苑风情,杭州,租房,"2号大街,近3号大街"
4577107906862081,826691,玉城公寓,杭州,租房,东西大道
4568683499449358,825613,潘水苑(南区),杭州,租房,潘水路
4621184545840139,201534,浙新小区,杭州,租房,滨文路646号
4578557465603078,825999,通和戈雅公寓,杭州,租房,万达北路710号
4618151784440834,209018,中誉现代城(公寓住宅),杭州,租房,通惠中路838号
4628202876967941,217526,临平桂花城(北区),杭州,租房,人民大道
4576769194318852,826797,龙湖春江悦茗,杭州,租房,"风情大道,近建设三路"
4595126285114378,925737,长河商厦,杭州,租房,长江路428号
4587019618593794,160733,皇亲苑,杭州,租房,凤起路380号
4589461617206285,160451,温兴风情苑,杭州,租房,西兴路750号
4618271749186563,995819,钱江彩虹府,杭州,租房,科海路
4499290357015559,1216235,德信九溪云庄,杭州,租房,"丽景路,近文景路"
4519070320241671,370076,顺发堤香名苑,杭州,租房,"金鸡路,近博学路"
4613572959185926,172244,滨江倾城之恋,杭州,租房,月明路1091号
4629512457413647,299627,彩虹豪庭,杭州,租房,"伟业路,近闻涛路"
4490645601592327,221973,新绿园,杭州,租房,鲲鹏路97号
4620868421215242,794728,江滨澜廷,杭州,租房,"闻涛路,近江陵路"
4531475478731788,160824,清水公寓,杭州,租房,德胜巷13号
4619567119264776,825583,滨兴小区(东区),杭州,租房,"齐飞路,近滨兴路"
4595143185017863,825755,容大五环城市花园,杭州,租房,金桥北路159号
4518741402414089,331179,明怡花苑,杭州,租房,建设一路377号
4618196668558344,264956,西溪小筑,杭州,租房,"天目山路,近五常大道"
4588603810323468,825484,白马湖小区孔雀苑,杭州,租房,"江虹南路,近规划支路"
4619490092688394,826736,远东紫竹人家,杭州,租房,狮山路284号
4531481950233610,614729,宝嘉誉峰,杭州,租房,"石祥路,近东吴路"
4626597290927110,260600,同人山庄,杭州,租房,科技大道
4606953502792714,877728,金地德圣中心(商住楼),杭州,租房,"金城路,近金山路"
4598718455884804,160445,江南豪园,杭州,租房,江南大道380号
4626376681774091,826150,和谐嘉园北苑,杭州,租房,"杭海路,近庆春东路"
4591332612627463,1071702,天阳蔚蓝,杭州,租房,"天柱街,近灵鹤路"
4531793128104971,369839,协安紫郡,杭州,租房,紫萱路308号
4588077240247298,191861,天水巷小区,杭州,租房,"体育场路,近中山北路"
4623911850402827,1048132,东原印未来,杭州,租房,溪望路
4547339212205069,160520,翰林花园,杭州,租房,翰林街108号
4634012173164550,300676,南北西岸(公寓住宅),杭州,租房,昼锦路12号
4614989051096075,334770,亿丰蔚蓝郡,杭州,租房,勾庄路218号
4596954206938123,216293,金域三江(公寓住宅),杭州,租房,时代大道
4629080854914052,481359,青枫墅园山语阁,杭州,租房,"上仓路,近和睦路"
4622048054830095,160689,都市港湾,杭州,租房,北沙东路1-7号
4628302017586183,369907,泊林印象,杭州,租房,仁爱路218号
4609622660029448,877750,滨江金茂府,杭州,租房,"西兴路,近滨盛路"
4623927009600519,220070,滨康小区,杭州,租房,聚园路66号
4580118347916295,161121,金都雅苑(公寓住宅),杭州,租房,天目山西路331号
4574608103992326,160576,国都凤起都市花园,杭州,租房,凤起路193-205号
4568484788890627,910832,欧美金融城,杭州,租房,"闲林港西路,近向往街"
4620975562793984,778406,滨江西溪之星(公寓住宅),杭州,租房,"荆长大道,纬三路"
4600015701208064,221630,江虹小区,杭州,租房,"滨和路,近江虹路"
4622101038640143,826308,中海寰宇天下C区,杭州,租房,"滨盛路,近江陵路"
4574542883908619,608131,保利罗兰香谷,杭州,租房,华鹤路656号
4578147018349581,160006,恒泰御庭园,杭州,租房,文明路288号
4627473320797189,346247,星桥桂花城,杭州,租房,"藕花洲大道,近太平路"
4633405903940622,597679,富力西溪悦居(公寓住宅),杭州,租房,"常二路,近文一西路"
4589569871162376,179524,"小河路323,333,335,337号小区",杭州,租房,"小河路323,333,335,337号"
4592246533579780,628375,大华西溪风情澄品,杭州,租房,文一西路
4611160066778116,303624,东海柠檬郡,杭州,租房,幸福南路252号
4598376072145933,217621,苑中园,杭州,租房,新城路38号
4615180365802497,160802,西城时代家园,杭州,租房,文一西路
4588555983416331,659403,中天之江诚品,杭州,租房,320国道
4606823485041665,160971,清泰小区,杭州,租房,解放东路422号
4518944688497667,615708,金地格林格林,杭州,租房,"天都路,近华鹤街"
4625091247580164,297363,中海紫藤苑,杭州,租房,"墩祥街,近清池路"
4521753661905932,825828,东日晴好,杭州,租房,"科海路,近狐山路"
4598171550131210,479412,天鸿香榭里,杭州,租房,"通益路,近祥运路"
4523375451384846,209018,中誉现代城(公寓住宅),杭州,租房,通惠中路838号
4629736187192332,185133,毓秀家园,杭州,租房,临平人民大道652号
4630948412238856,1100978,风荷锦庭(公寓住宅),杭州,租房,"新峡路,近油虎线"
4622069061180427,497412,中天官河锦庭(公寓住宅),杭州,租房,"滨康路,近阡陌路"
4594526395444228,826569,晶典公寓,杭州,租房,南环路1528号
4601306474963970,369939,保利香槟国际,杭州,租房,人文路116号
4619208495520777,1218322,时代滨江悦,杭州,租房,风情大道
4572952240022538,806475,万科江湾城,杭州,租房,"时代大道,近纬一路"
4632078680808456,170154,良渚花苑(公寓住宅),杭州,租房,玉管路18号
4599656907645965,793527,龙湖武林九里,杭州,租房,"华丰中路,近丁城路"
4632482223645708,825574,南门江住宅区,杭州,租房,"萧然西路,近萧然南路"
4618091457289219,160094,官河公寓,杭州,租房,"古塘路,近西兴路"
4613530677025793,826451,金地自在城栖霞居(公寓住宅),杭州,租房,金蓬街
4500230693710851,615708,金地格林格林,杭州,租房,"天都路,近华鹤街"
4626740714220553,477594,嘉信九悦印象,杭州,租房,"东湖中路,近沿河路"
4523306345800710,178587,都市水乡水滟苑,杭州,租房,广业街282号
4523141736061965,369899,红景凯丽晶座(公寓住宅),杭州,租房,通惠北路718号
4623396852098058,826248,星光国际广场,杭州,租房,江南大道228号
4626608328469516,369824,中意名仕苑(公寓住宅),杭州,租房,人民大道438号
4605067124628485,370089,大华海派风范沁园,杭州,租房,城东路
4623942365699072,469003,大美公寓,杭州,租房,"南大街,玩月街"
4616406123224069,404541,仁苑,杭州,租房,滨盛路3191号
4623701855427596,218507,万象城悦府,杭州,租房,富春路701号
4618414559435776,183555,近江苑,杭州,租房,徐家埠路58号
4589946767092749,346247,星桥桂花城,杭州,租房,"藕花洲大道,近太平路"
4609364201843713,181626,绿城蓝庭(东区),杭州,租房,"振兴西路,近星河路"
4588477370672132,369894,欣盛东方福邸,杭州,租房,"水月街,近学院北路"
4555858120219650,1038258,银湖花苑(公寓住宅),杭州,租房,320国道
4562582945979404,217713,兴和公寓,杭州,租房,刀茅巷79号
4610929806285837,234513,翠紫苑,杭州,租房,临石路82号
4631718545744908,1168536,新视界公寓,杭州,租房,"高桥西路,近金桥北路"
4508883138518028,994918,融创河滨之城雨澜轩,杭州,租房,五常港路301号
4630814686850055,160308,迎春北苑,杭州,租房,"迎春路,近江陵路"
4623417261202447,826099,汀洲花苑(南区),杭州,租房,"振兴西路,近荷禹路"
4630504499997706,825999,通和戈雅公寓,杭州,租房,万达北路710号
4469343323008011,369940,新湖武林国际,杭州,租房,环城北路167号
4584180711599113,299627,彩虹豪庭,杭州,租房,"伟业路,近闻涛路"
4615358287244303,369953,绿城明月江南(东区),杭州,租房,月明路256号
4589469378194446,160557,朝晖六小区,杭州,租房,新市街64号
4626614229574671,224570,迎春南苑,杭州,租房,滨兴路121号
4564323247825931,826907,紫园,杭州,租房,凯旋路100号
4619196213550080,407707,金昌春和钱塘,杭州,租房,民和路411号
4598197722242060,825761,林之语(公寓住宅),杭州,租房,"钱宁线,近奔竞大道"
4595520064349196,216505,通和南岸花城(公寓住宅),杭州,租房,时代大道
4597122047190029,801402,丰北三苑,杭州,租房,"金鸡路,近利丰路"
4624872296520717,826118,同城印象(西区),杭州,租房,狮山路307号
4632112651609094,868158,金世纪运河丽园(公寓住宅),杭州,租房,"东湖北路,近兴旺大道"
4629254019394561,877764,之江家园四区,杭州,租房,"杜家浦路,近美院南路"
4568338497905669,179524,"小河路323,333,335,337号小区",杭州,租房,"小河路323,333,335,337号"
4633447229481991,177622,华宇家园,杭州,租房,临平星光街957号
4625036043791372,476572,顺发江南丽锦,杭州,租房,"市心北路,近扬帆路"
4616823164118019,611338,万科公园大道,杭州,租房,机场路355号
4548435926146050,269307,华元爱丁郡,杭州,租房,"宋家湾路,近西坝路"
4622430660619275,170497,万科西溪蝶园(北区),杭州,租房,紫霞街188号
4623990700317708,183555,近江苑,杭州,租房,徐家埠路58号
4629177605614599,161176,蚕花园永安坊,杭州,租房,"蚕花路,近永安巷"
4506245916634127,826691,玉城公寓,杭州,租房,东西大道
4612097615913988,161028,采荷小区青莼邨,杭州,租房,青玉路2号
4608277102388236,221630,江虹小区,杭州,租房,"滨和路,近江虹路"
4588041924387855,638889,金都夏宫(公寓住宅),杭州,租房,"北沙西路,近星河路"
4609604240008198,479412,天鸿香榭里,杭州,租房,"通益路,近祥运路"
4578543670617103,635788,赞成赞城,杭州,租房,棕榈路801号
4566912860283919,1218291,越秀星汇花园东区,杭州,租房,"星港路,近滨河路"
4545747512728581,635026,合景瑜翠园,杭州,租房,舒心路
4552786477786114,649613,融创河滨之城水澜轩,杭州,租房,"五常港路,近余杭塘路"
4630505446566919,779138,金地艺境,杭州,租房,"翁乔路,鑫业路"
4618216586849293,476572,顺发江南丽锦,杭州,租房,"市心北路,近扬帆路"
4612131476515855,160727,商教苑社区,杭州,租房,杭海路31号-37号
4610630500817934,923735,恒鼎博邑郡,杭州,租房,"滨康路,近时代大道"
4612403916139525,161035,天元公寓(公寓住宅),杭州,租房,19号大街709号
4598402428904460,369953,绿城明月江南(东区),杭州,租房,月明路256号
4601475130205197,160816,颐景山庄(公寓住宅),杭州,租房,九龙大道99号
4516200468061193,912258,开元广场(公寓住宅),杭州,租房,"西河路,近向旭路"
4568633194486791,370091,阳光郡,杭州,租房,莫干山路1399号
4561519179754507,1370265,盈二佳苑,杭州,租房,盈新路
4625148956351491,911970,盛泰时代山,杭州,租房,"4号大街,近9号大街"
4610765828434949,161147,钱江湾花园,杭州,租房,东信大道99号
4629424796869642,160035,星海云庭,杭州,租房,前村街131号
4575345430748173,786883,水岸花苑,杭州,租房,"文一西路,近长深高速"
4587173863599117,912477,丽晶国际中心,杭州,租房,鸿宁路2327号
4576722289255439,160824,清水公寓,杭州,租房,德胜巷13号
4623791944000517,292642,新州花苑东区,杭州,租房,"月明路,近西兴路"
4629728385047562,160610,现代印象广场,杭州,租房,江南大道3399号
4586977203608577,408269,明华名港城,杭州,租房,东灵南路2-60号
4539060655856647,366123,高桥小区,杭州,租房,高桥路
4615003271062540,826248,星光国际广场,杭州,租房,江南大道228号
4616562058241034,1030045,嘉丰万悦城(南区),杭州,租房,东湖北路
4598622271071239,369939,保利香槟国际,杭州,租房,人文路116号
4626799450971142,826353,佳丰南苑,杭州,租房,"文明路,近利丰路"
4629244864797703,217298,新江花园,杭州,租房,"通盛路,近银堡街"
4632296165598215,619140,元成时代中心(商住楼),杭州,租房,"金乔路,近元成路"
4613880689187854,877750,滨江金茂府,杭州,租房,"西兴路,近滨盛路"
4632359000660997,299190,云龙十一景(公寓住宅),杭州,租房,建国北路80号
4588282016326656,635026,合景瑜翠园,杭州,租房,舒心路
4613827766459392,825574,南门江住宅区,杭州,租房,"萧然西路,近萧然南路"
4486146055367692,600730,绿城之江1号(东区),杭州,租房,"横桥路,近博美路"
4590869079778308,800830,九龙仓世纪华府,杭州,租房,丰收中路28号
4629641737298958,938894,宝龙云滨湾(公寓住宅),杭州,租房,学林街323号
4531625059216393,573294,万和玺园,杭州,租房,"颜三路,近再行路"
4630304653765643,370094,金都西花庭,杭州,租房,"狮山路,近余杭塘河"
4628030135409677,875368,北辰奥园(公寓住宅),杭州,租房,"向旭路,近蜀山路"
4586951842405380,635803,景瑞御华府(公寓住宅),杭州,租房,"世纪大道,近汀兰路"
4559857947026446,766078,九龙仓雍景山(公寓住宅),杭州,租房,万通路58号
4568441205156879,1315367,西溪永乐城(公寓住宅),杭州,租房,"景兴路,近文一西路"
4631081477317642,444534,东和云第,杭州,租房,明德路350号
4211568610618380,1062189,奥克斯时代未来之城,杭州,租房,"向往街,近向往街"
4565493448825863,205213,欣盛东方郡(西区),杭州,租房,江汉路170号
4633856287350785,160063,世纪坊,杭州,租房,近江东路2号
4565510129392641,994918,融创河滨之城雨澜轩,杭州,租房,五常港路301号
4585103161467913,877705,世茂智慧之门,杭州,租房,"江南大道,近风情大道"
4608307041477643,316145,顺丰家园,杭州,租房,振宁路981号
4618136022260745,160314,银河小区(公寓住宅),杭州,租房,永久路219号
4616323376391168,370070,赞成乐山红叶(公寓住宅),杭州,租房,天目山西路
4633374658472964,825713,大华海派风范茗园,杭州,租房,城东路4-10号
4622574929030156,478837,公园城,杭州,租房,岳庙路18号
4630937447162892,300676,南北西岸(公寓住宅),杭州,租房,昼锦路12号
4615479386072071,172313,定安苑,杭州,租房,定安路36号
4619335684989958,912477,丽晶国际中心,杭州,租房,鸿宁路2327号
4626295374488588,210028,兰惠家园,杭州,租房,东湖南路416-1号
4548507276078082,161107,翰墨香林苑,杭州,租房,留和路546号
4613513678793731,369928,德圣博奥城,杭州,租房,建设二路528号
4624054115429379,161107,翰墨香林苑,杭州,租房,留和路546号
4563070048001039,160727,商教苑社区,杭州,租房,杭海路31号-37号
4622097845447691,234643,金苑山庄,杭州,租房,四铜线
4606543794054148,369842,龙湖滟澜山(茗轩),杭州,租房,华景街383号
4604022524437516,160621,西房云溪香山(北区),杭州,租房,"转塘路,近望江山路"
4566747047668746,803286,水韵康桥康泽苑,杭州,租房,康桥路
4632198277422080,607407,金沙国际,杭州,租房,幸福南路1288号
4602167058131981,826366,恒大名城博园,杭州,租房,博园路
4630891430829067,792396,湖山帝景湾南苑,杭州,租房,南湖东路
4567042973199371,825613,潘水苑(南区),杭州,租房,潘水路
4584555921091587,1035021,利一家园,杭州,租房,利丰路455号
4587187144025096,244215,朗诗国际街区,杭州,租房,27号路60号
4610807764069385,215447,蔡马人家,杭州,租房,茶汤路66号
4619248053953538,478837,公园城,杭州,租房,岳庙路18号
4567042952915972,200705,湖畔宽邸(公寓住宅),杭州,租房,休博路4号
4497716580985856,635803,景瑞御华府(公寓住宅),杭州,租房,"世纪大道,近汀兰路"
4614123164916744,650514,嘉丰万悦城(北区),杭州,租房,"东湖北路,近湖潭路"
4600909773712399,1218291,越秀星汇花园东区,杭州,租房,"星港路,近滨河路"
4603751208393742,182305,崇庆里,杭州,租房,温州路50号
4616964454079495,607327,龙湖名景台(公寓住宅),杭州,租房,"同协路,近杭玻街"
4633454951554048,232436,得力半岛花园(公寓住宅),杭州,租房,晨晖路507号
4632445965937666,795637,广泽小区,杭州,租房,育才路
4622108721802245,1027690,和家园翰园,杭州,租房,杨梅山路362号
4599643196140558,209262,世茂江滨花园瑞景湾,杭州,租房,"16号大街,近23号大街"
4623909143075841,174646,东方润园,杭州,租房,钱潮路9号
4603735256392711,803535,宋都东郡之星,杭州,租房,"银海街,近春新路"
4572420896861184,615137,复地黄龙和山(公寓住宅),杭州,租房,西溪路957号
4557013840536589,826744,月欣花苑,杭州,租房,临平月荷路149号
4616766997244933,160566,三坝雅苑,杭州,租房,"古墩路,近圣东街"
4575712931849223,160086,闲林山水丹枫苑,杭州,租房,闲林东路
4480773425093647,798570,北大资源未名府(公寓住宅),杭州,租房,"荆常大道,近杨家墩路"
4558239419147269,721076,滨江东方海岸(萧山公寓住宅),杭州,租房,"三江路,近湘湖路"
4611243153153036,1260783,银湖新语公寓,杭州,租房,"美达路,近向阳路"
4615509937593346,369819,滨江城市之星(公寓住宅),杭州,租房,市民街167号
4567112768498693,160543,义井小区,杭州,租房,西湖大道
4630811840060420,369999,野风启城,杭州,租房,"康信路,近兴盛路"
4598342813164552,433822,迎春东苑,杭州,租房,"共联路,近滨和路"
4579936490316811,216293,金域三江(公寓住宅),杭州,租房,时代大道
4608210756609033,803350,绿都港汇中心,杭州,租房,市心北路853号
4630910622442496,825885,翡翠城(东北区),杭州,租房,高教路
4588078856412165,160553,新明半岛(公寓住宅),杭州,租房,102省道
4619755051801600,1218291,越秀星汇花园东区,杭州,租房,"星港路,近滨河路"
4611093536300035,405773,悦尚湾,杭州,租房,祥运路188号
4613765299743754,806034,滨江华成大江之星,杭州,租房,新港路
4593068721153025,1033632,华元欢乐城(商住楼),杭州,租房,"迎宾路,近望梅路"
4602190486428683,370004,钱塘梧桐蓝山,杭州,租房,"世纪大道,近南苑街"
4612561958183946,1036035,乾南嘉苑(南区),杭州,租房,长宁路
4632137794444295,1201600,远洋路劲上河宸章,杭州,租房,崇杭街508号
4622534051814407,234038,人和家园,杭州,租房,天目山路1号
4628083517053967,160571,湘湖家园,杭州,租房,萧西路843号
4624643161465858,575797,朗诗未来街区西园,杭州,租房,"天万路,近苑中路"
4623406960548878,620117,理想银泰城(公寓住宅),杭州,租房,世纪大道118号
4625177358869508,178249,景江城市花园(公寓住宅),杭州,租房,之江路958号
4589866838797313,826313,西溪诚园致诚苑,杭州,租房,"双龙街,近崇仁路"
4481844651664389,826027,瓜山佳苑,杭州,租房,拱康路
4597976061225997,807657,佳源未来府,杭州,租房,安乐路61号
4592487259417609,479412,天鸿香榭里,杭州,租房,"通益路,近祥运路"
4595785011964934,790322,新城香悦奥府,杭州,租房,"博奥路,近建设一路"
4612220412402692,170154,良渚花苑(公寓住宅),杭州,租房,玉管路18号
4601287564127247,216452,华瑞湘湖林语,杭州,租房,下湘湖路8号
4573965754065924,650514,嘉丰万悦城(北区),杭州,租房,"东湖北路,近湖潭路"
4586745043442702,1201595,"沿山路138,198号小区",杭州,租房,"沿山路138,198号"
4527772495569932,660197,昆仑华府,杭州,租房,"新104国道,近东西大道"
4622191766772745,826452,金地自在城求学里,杭州,租房,"嘉仁路,近金蓬街"
4592626387315727,825579,滨兴东苑,杭州,租房,"齐飞路,近滨和路"
4617800019008517,1315367,西溪永乐城(公寓住宅),杭州,租房,"景兴路,近文一西路"
4609510180498441,641202,赞成首府(公寓住宅),杭州,租房,世纪大道
4507523755844623,912258,开元广场(公寓住宅),杭州,租房,"西河路,近向旭路"
4494995311401996,207765,三江新村,杭州,租房,三江路210号
4593938381822989,322364,新城花苑,杭州,租房,政法路11号
4624909790209029,521873,世茂江滨花园峻景湾,杭州,租房,"20号大街,近23号大街"
4629309136329740,379780,泊悦府澜湾,杭州,租房,禹航路490号
4605480993547272,370072,德信北海公园,杭州,租房,星桥街100号
4531724167179272,193773,梦琴湾,杭州,租房,"27号大街,近10号大街"
4588030818589705,911970,盛泰时代山,杭州,租房,"4号大街,近9号大街"
4623954452769799,315701,悦麒美寓(东区),杭州,租房,杭乔路8号
4629071649661958,219861,万科魅力之城(东区),杭州,租房,九环路41-4号
4602165146840077,1218322,时代滨江悦,杭州,租房,风情大道
4630592629353482,370071,钱塘帝景(公寓住宅),杭州,租房,信诚路817号
4613855801371653,175739,观邸国际,杭州,租房,新和路167号
4605162177864713,404541,仁苑,杭州,租房,滨盛路3191号
4612612187384847,160186,闸弄口新村,杭州,租房,机场路18-8号
4616212049961998,1062189,奥克斯时代未来之城,杭州,租房,"向往街,近向往街"
4578491526372367,585613,绿城巧园,杭州,租房,"浦沿路,近坚塔路"
4605565413319681,1189440,中城汇MIDTOWN(公寓住宅),杭州,租房,石祥路
4583883183578114,481359,青枫墅园山语阁,杭州,租房,"上仓路,近和睦路"
4633623899235336,160619,柳营花园,杭州,租房,长庆街63号
4626812368036871,613323,中大银泰城公寓,杭州,租房,东新路822号
4600884018879496,794143,万科容大金色家园,杭州,租房,文采路180号
4622320026577927,783119,绿城留香园,杭州,租房,塘工局路
4589957131463682,207942,浪漫和山东溪苑,杭州,租房,留和路
4609314103680011,161179,新世纪花苑,杭州,租房,古墩路1105号
4623418300902400,238045,都市水乡水秀苑,杭州,租房,民意街45号
4626296891288590,216293,金域三江(公寓住宅),杭州,租房,时代大道
4623409341193227,780546,雅居乐国际花园,杭州,租房,"天目山西路,近闲富路"
4508877829921792,574387,新安天苑,杭州,租房,湖州路389号
4591248532694027,1038258,银湖花苑(公寓住宅),杭州,租房,320国道
4626368421899272,220591,君临天下,杭州,租房,东湖南路364号
4620621374039047,369852,绿城玉园,杭州,租房,"人民大道,近新丰路"
4604103886150668,369819,滨江城市之星(公寓住宅),杭州,租房,市民街167号
4624643877624840,800830,九龙仓世纪华府,杭州,租房,丰收中路28号
4632563822369800,369858,华瑞湘湖美地,杭州,租房,萧西路605号
4625488319343616,221630,江虹小区,杭州,租房,"滨和路,近江虹路"
4574234937500680,650514,嘉丰万悦城(北区),杭州,租房,"东湖北路,近湖潭路"
4501919269315592,160063,世纪坊,杭州,租房,近江东路2号
4601106370159618,1025600,恒大水晶国际广场,杭州,租房,"之浦路,近枫桦路"
4607076427361286,910818,美都广场,杭州,租房,教工路619号
4633616717978635,826799,龙湖滟澜山(丽轩),杭州,租房,"华景街,近海达南路"
4578529664576524,160824,清水公寓,杭州,租房,德胜巷13号
4587111562177540,224920,京明凤凰家园,杭州,租房,申达路388号
4624812343337992,369956,星汇荣邸,杭州,租房,浦沿路369号
4544326846520325,316460,浙地人家,杭州,租房,宋家湾路
4617752099396609,1133552,龙湖春江天越(公寓住宅),杭州,租房,凌云街
4632061649738756,369899,红景凯丽晶座(公寓住宅),杭州,租房,通惠北路718号
4594995924327427,1365370,中天珺府(北区公寓住宅),杭州,租房,科技大道2988号
4588410789587968,826155,万科杭宸,杭州,租房,"杭行路,近好运街"
4516219988716549,160442,双菱小区,杭州,租房,双菱路33-37号
4630473617611784,160727,商教苑社区,杭州,租房,杭海路31号-37号
4629396710267913,952171,中赢康康谷(商住楼),杭州,租房,春晓路61号
4544845513038858,943028,新山水御园,杭州,租房,"依江路,近望波街"
4594113916640267,1365370,中天珺府(北区公寓住宅),杭州,租房,科技大道2988号
4524701271256078,160116,采荷小区芙蓉邨,杭州,租房,双菱路21号
4623519628925959,807657,佳源未来府,杭州,租房,安乐路61号
4625387404420096,214743,金沙阳光,杭州,租房,下沙路
4606823130702857,611491,华元欢乐城(公寓住宅),杭州,租房,迎宾路
4616638923713548,781708,新德佳苑,杭州,租房,"胜南路,近杭氧街"
4534379074890766,726989,中南白马湖壹号(公寓住宅),杭州,租房,"时代大道,近天马路"
4604006671264778,160229,亲亲家园一期,杭州,租房,"古墩路,近董家路"
4604154715579395,826151,和谐嘉园南苑,杭州,租房,"江锦路,近新塘路"
4623559825300486,303624,东海柠檬郡,杭州,租房,幸福南路252号
4603763213003777,369830,贝利栖溪公馆,杭州,租房,广济路
4608268767882249,469003,大美公寓,杭州,租房,"南大街,玩月街"
4616628473764864,729169,融创瑷颐湾,杭州,租房,"祥运路,近杭行路"
4619692970040321,877755,迪凯运河印象,杭州,租房,"好运街,通益路"
4562643787017225,190732,江枫苑,杭州,租房,凤山桥直街13号
4633326754688001,638889,金都夏宫(公寓住宅),杭州,租房,"北沙西路,近星河路"
4604999453645834,189565,广德小区,杭州,租房,育才北路1号
4571139672042504,160802,西城时代家园,杭州,租房,文一西路
4631935493860359,161160,缤纷小区,杭州,租房,"丹枫路,近睿祥路"
4616581065600001,580034,玲珑府(公寓住宅),杭州,租房,西兴路399号
4632171704933389,825484,白马湖小区孔雀苑,杭州,租房,"江虹南路,近规划支路"
4607025315193858,369939,保利香槟国际,杭州,租房,人文路116号
4607864905935884,244215,朗诗国际街区,杭州,租房,27号路60号
4626383749882889,193252,和家园(南区公寓住宅),杭州,租房,杨梅山路310号
4615469787325444,911662,丰盛九玺,杭州,租房,"欣然街,近榨河巷"
4633134539742211,216723,红枫苑(临平),杭州,租房,东湖北路118号
4401487558597645,607327,龙湖名景台(公寓住宅),杭州,租房,"同协路,近杭玻街"
4472295836707842,370025,滨江花园,杭州,租房,滨江西路428号
4630874582080527,792396,湖山帝景湾南苑,杭州,租房,南湖东路
4619590599584773,656439,德信大家钱江府,杭州,租房,"东宁路,近艮山西路"
4617797723530246,995819,钱江彩虹府,杭州,租房,科海路
4594213863894020,995811,中栋国际(公寓住宅),杭州,租房,"建设一路,近风情大道"
4619521845879813,787778,金地自在城鹭影轩,杭州,租房,西园八路
4605108235346957,826603,景致公寓,杭州,租房,"和睦路,近石祥路"
4603853066331144,224570,迎春南苑,杭州,租房,滨兴路121号
4615234448186373,160520,翰林花园,杭州,租房,翰林街108号
4586680163212299,590405,万科北宸之光,杭州,租房,通运路
4621166575737862,223789,红街公寓,杭州,租房,新风路318号
4564455287335943,207942,浪漫和山东溪苑,杭州,租房,留和路
4608403580660750,863105,绿城桃源小镇依云邨,杭州,租房,闲沈路
4596887825230851,209262,世茂江滨花园瑞景湾,杭州,租房,"16号大街,近23号大街"
4596572148063241,370070,赞成乐山红叶(公寓住宅),杭州,租房,天目山西路
4561524693326860,628375,大华西溪风情澄品,杭州,租房,文一西路
4604823654034446,370000,风华苑,杭州,租房,世纪大道19号
4475309516563457,589478,望江府,杭州,租房,闻潮路280号
4613937309885448,369952,名城公馆(公寓住宅),杭州,租房,"登云路,近通益路"
4624239904496648,303778,大成名座,杭州,租房,"市心北路,近建设三路"
4628117905171464,160039,东海花园,杭州,租房,南大街126号
4550574752637962,220070,滨康小区,杭州,租房,聚园路66号
4475033572928518,170154,良渚花苑(公寓住宅),杭州,租房,玉管路18号
4579799627308033,877750,滨江金茂府,杭州,租房,"西兴路,近滨盛路"
4608651964865540,160398,碧水豪园(公寓住宅),杭州,租房,"东信大道,近南环路"
4584129661197326,160055,金厦公寓,杭州,租房,灯彩街50号
4578465484778509,786883,水岸花苑,杭州,租房,"文一西路,近长深高速"
4549102464949256,1201600,远洋路劲上河宸章,杭州,租房,崇杭街508号
4628972797959177,826482,新世界琅琴湾,杭州,租房,迎康路28号
4586897965292549,649983,龙湖春江郦城,杭州,租房,江汉路1337号
4632121710091268,1201600,远洋路劲上河宸章,杭州,租房,崇杭街508号
4608447716678670,825885,翡翠城(东北区),杭州,租房,高教路
4568749330473989,923412,禹洲滨之江,杭州,租房,"枫桦东路,近枫桦西路"
4561223746612236,826366,恒大名城博园,杭州,租房,博园路
4523473861239809,160997,采荷绿萍,杭州,租房,庆春东路12号
4629403054943242,160265,竹海水韵(公寓住宅),杭州,租房,"闲富北路,近天目山西路"
4617887022164996,234643,金苑山庄,杭州,租房,四铜线
4609508191050762,207422,中兴和园(公寓住宅),杭州,租房,火炬南路1612号
4611364255099906,265301,江南国美家园,杭州,租房,闻涛路
4611046465334278,171703,中南公寓,杭州,租房,"滨盛路,近时代大道"
4618197985811471,729169,融创瑷颐湾,杭州,租房,"祥运路,近杭行路"
4623436439006212,181423,袁井巷,杭州,租房,"中河南路,近抚宁路"
4612512481516559,300522,新湖果岭(公寓住宅),杭州,租房,文一西路
4616524478110731,160856,建国南苑(南3区),杭州,租房,河坊街413号
4539948267987968,161178,星河景庭,杭州,租房,金城路98号
4567278935124997,219250,开元加州阳光小区,杭州,租房,金城路333号
4616386854673415,786883,水岸花苑,杭州,租房,"文一西路,近长深高速"
4619819683292163,369945,方正荷塘月色,杭州,租房,"总管路,近祥园路"
4597903831948300,160474,盛世钱塘,杭州,租房,富春路899号
4626321735314445,160553,新明半岛(公寓住宅),杭州,租房,102省道
4619373298656260,411448,华润新鸿基之江九里(公寓住宅),杭州,租房,"珊瑚沙路,近碧波路"
4598584293121035,160621,西房云溪香山(北区),杭州,租房,"转塘路,近望江山路"
4571051400911872,994954,金色钱塘(北区),杭州,租房,风情大道677号
4565850346232838,160006,恒泰御庭园,杭州,租房,文明路288号
4616356343012359,657958,湘云雅苑,杭州,租房,西兴路1190号
4551363104955393,160731,国都枫华府第,杭州,租房,学院路129号
4586995061480449,804721,富春新天地(公寓住宅),杭州,租房,恩波大道581号
4622324759258112,369934,金域兰庭,杭州,租房,"时代大道,近新庙桥"
4607828629087240,234966,白马尊邸(公寓住宅),杭州,租房,"墩池路,近荡鱼路"
4617834380782606,826454,金地自在城悦活轩,杭州,租房,欣然街111号
4380302712986629,656248,首开国风美域,杭州,租房,振华路1号
4633444590922754,826394,湘湖人家(西区公寓住宅),杭州,租房,闻兴路288号
4631718317515786,524618,新南湖绿苑,杭州,租房,水塔路32号
4625589129323521,780133,汀洲花苑(北区),杭州,租房,"振兴西路,近荷禹路"
4629077180869634,160955,铭雅苑东区,杭州,租房,"古墩路,近金昌路"
4617791320665100,160731,国都枫华府第,杭州,租房,学院路129号
4605074147107854,300522,新湖果岭(公寓住宅),杭州,租房,文一西路
4548919863467014,303778,大成名座,杭州,租房,"市心北路,近建设三路"
4624059462228992,825760,德信银树湾,杭州,租房,文岚街58号
4633695546104844,943059,景瑞申花壹号院,杭州,租房,"丰潭路,近申花路"
4531445252711429,160824,清水公寓,杭州,租房,德胜巷13号
4586773389124615,297940,云厦连园,杭州,租房,"青年路,近固陵路"
4610765421620228,160049,蚕花园永庆坊,杭州,租房,"永庆路,近上塘路"
4612780523940875,915870,钱塘航空大厦,杭州,租房,市民街66号
4633705002540036,160438,山西园小区,杭州,租房,"山西园路,近禹航路"
4556940515634179,877705,世茂智慧之门,杭州,租房,"江南大道,近风情大道"
4593787779292161,193773,梦琴湾,杭州,租房,"27号大街,近10号大街"
4618081510448143,475889,越秀星汇城后湾,杭州,租房,大园路123号
4598438971384838,160720,钱塘春晓花园,杭州,租房,月明路862号
4598288414645251,909730,万象城悦玺,杭州,租房,"庆春东路,近钱江路"
4607056666944514,201140,云雀苑,杭州,租房,江城路548-550号
4603660114418699,611338,万科公园大道,杭州,租房,机场路355号
4622556551965703,520016,和谐嘉园东苑,杭州,租房,江锦路176号
4618118306126863,218933,复地连城国际,杭州,租房,杭海路1636号
4593717624527887,322406,理想家园,杭州,租房,邱山大街724号
4630490909236237,652463,越秀星汇悦城,杭州,租房,古墩路
4596960252599303,826304,西溪北苑北区,杭州,租房,"文昌路,近荆长大道"
4589630986906637,923412,禹洲滨之江,杭州,租房,"枫桦东路,近枫桦西路"
4623769936145412,877696,萧山宝龙城市广场,杭州,租房,"建设一路,近金鸡路"
4608381157991435,160210,滨兴家园,杭州,租房,滨兴路
4623862030150666,370021,西郊半岛(公寓住宅),杭州,租房,江滨东大道1号
4614868602399753,224307,联庄公寓,杭州,租房,江南大道4250号
4626264456520706,379788,赞成檀府(公寓住宅),杭州,租房,"星光街,近新颜路"
4632060389628929,1030045,嘉丰万悦城(南区),杭州,租房,东湖北路
4612084008430593,877750,滨江金茂府,杭州,租房,"西兴路,近滨盛路"
4616717996858369,407118,广仁小区,杭州,租房,晨晖路197号
4603966223262732,161154,国都公寓,杭州,租房,凤起路361号
4547095542391809,1218302,上坤山语四季(公寓住宅),杭州,租房,"顺风路,近临平大道"
4609359120358415,1218303,翡翠城梧桐郡,杭州,租房,"高教路,近五常大道"
4599383185693698,174019,锦绣文澜阁,杭州,租房,"通益路,近湖杭州街"
4507344855444483,160543,义井小区,杭州,租房,西湖大道
4536078604592130,607834,天阳尚城国际,杭州,租房,"全福桥路,近机场路"
4629055999974409,486928,野风海天城,杭州,租房,听涛路174号
4574326440139787,370094,金都西花庭,杭州,租房,"狮山路,近余杭塘河"
4633860820966411,503874,复地上城,杭州,租房,"文一西路,近东西大道"
4599277806672897,626969,紫玉福邸,杭州,租房,"秋涛北路,近机场路"
4568324897743878,369831,和达御观邸,杭州,租房,上沙路246号
4474795444839439,220070,滨康小区,杭州,租房,聚园路66号
4619530490911756,304199,西城美墅,杭州,租房,申花路386号
4538810159258630,825828,东日晴好,杭州,租房,"科海路,近狐山路"
4619187529032719,720940,新桃源,杭州,租房,华庭西路209号
4590208217308163,1042415,梓树花苑(公寓住宅),杭州,租房,九龙大道
4596679948919812,369939,保利香槟国际,杭州,租房,人文路116号
4556859002035208,573294,万和玺园,杭州,租房,"颜三路,近再行路"
4625158731424769,604862,白鹭郡南秋荷坊,杭州,租房,玉鸟路
4610795630849030,825585,缤纷东苑,杭州,租房,"风情大道,近丹枫路"
4596943704026121,656442,合景叠彩园(公寓住宅),杭州,租房,"文胜路,近电子路"
4630919737746444,785683,西溪华东园,杭州,租房,"五常大道,近高教路"
4632187593333762,485004,翡翠城(西南区),杭州,租房,"高教路,近天目山西路"
4597967192679433,236886,西溪望庄,杭州,租房,文二西路
4619731256927245,628421,众安景海湾(公寓住宅),杭州,租房,弘慧路
4599974992225289,994998,春波西苑,杭州,租房,"春波路,近江晖路"
4590857445792782,655351,尚堂府,杭州,租房,石祥路282号
