house_id,city,community_id,cluster
A7479288929,临沂,972839,2
A7404293809,临沂,678124,2
A7347930578,临沂,972810,2
A7407104306,临沂,972810,2
A7425758274,临沂,972810,2
A7430119136,临沂,972810,2
A7472201609,临沂,972810,2
A7473025660,临沂,972810,2
A7448946239,临沂,678124,2
A7371571431,临沂,972810,2
A7459226707,临沂,678124,2
A7430763611,临沂,1187600,2
A7439805151,临沂,1187600,2
A7428501417,临沂,1187600,2
A7448281483,临沂,1187600,2
A7443733999,临沂,1187600,2
A7347123680,临沂,972810,2
A7347269330,临沂,972810,2
A7453265978,临沂,1316363,2
A7459357581,临沂,1316363,2
R4486086032172045,临沂,1316363,2
A7463627521,临沂,1316363,2
A7453324034,临沂,1316363,2
A7403206391,临沂,1316363,2
A7410000925,临沂,1316363,2
A7418419292,临沂,1316363,2
A7468851709,临沂,1316363,2
A7435845423,临沂,1187600,2
A7469677616,临沂,1187600,2
A7432682744,临沂,1187600,2
A7369658989,临沂,1410682,2
A7467726501,临沂,1087465,2
A7472847695,临沂,1087465,2
A7474841891,临沂,1087465,2
A7411468052,临沂,1410682,2
A7419357158,临沂,1410682,2
A7392326456,临沂,1410682,2
A7465125395,临沂,1410682,2
A7363341273,临沂,1437406,2
A7475644695,临沂,1410682,2
A7475637251,临沂,1410682,2
A7410990909,临沂,1410682,2
A7444344698,临沂,1410682,2
A7477143861,临沂,1410682,2
A7291980505,临沂,1013487,2
R3258992430751746,临沂,677629,2
A7456633573,临沂,677629,2
A7277756333,临沂,677629,2
A7457752224,临沂,1067582,2
A7371195811,临沂,1067582,2
A7397495445,临沂,1067582,2
A7468635893,临沂,1067582,2
A7371404409,临沂,1067582,2
A7399561445,临沂,1437406,2
A7305660659,临沂,1437406,2
A7426703831,临沂,1437406,2
A7253105091,临沂,1437406,2
A7426746739,临沂,1437406,2
A7427464782,临沂,1437406,2
A7222976622,临沂,1437406,2
A7406684896,临沂,1437406,2
A7293835225,临沂,1437406,2
A7458503896,临沂,1204250,2
A7396359317,临沂,677678,2
A7469901138,临沂,790445,2
A7425816179,临沂,790445,2
A7181557721,临沂,790445,2
A7180772242,临沂,790445,2
A7223132396,临沂,790445,2
A7427673137,临沂,790445,2
A7469911900,临沂,677678,2
A7427676892,临沂,790445,2
A7353103800,临沂,677678,2
A7293987171,临沂,677678,2
A7397655371,临沂,677678,2
A7375945818,临沂,677678,2
A7390148785,临沂,677678,2
A7362169680,临沂,677678,2
A7429986729,临沂,790445,2
A7478597795,临沂,790445,2
A7331445835,临沂,1303120,2
A7231114712,临沂,1303120,2
A7475349201,临沂,1303120,2
A7476323603,临沂,1303120,2
A7476326239,临沂,1303120,2
A7419773029,临沂,678158,2
A7473757297,临沂,678158,2
A7362177766,临沂,677678,2
A7362172332,临沂,677678,2
A7421211523,临沂,678173,2
A7402328206,临沂,1183678,2
A7421220005,临沂,678173,2
A7462593910,临沂,676743,2
A7457642490,临沂,676743,2
A7402331326,临沂,1183678,2
A7414795696,临沂,1183678,2
A7414744458,临沂,1183678,2
A7282233588,临沂,1183678,2
A7458445046,临沂,1183678,2
A7403070048,临沂,1183678,2
A7477193372,临沂,1183678,2
A7450714363,临沂,1183678,2
A7414859455,临沂,1183678,2
A7400362868,临沂,678173,2
A7456616497,临沂,678173,2
A7422115308,临沂,678173,2
A7454870860,临沂,678173,2
A7445297325,临沂,678173,2
A7442915759,临沂,678173,2
A7457634182,临沂,678173,2
A7416820038,临沂,678173,2
A7470596125,临沂,1204250,2
A7425525628,临沂,1204250,2
A7417775581,临沂,1303120,2
A7072119266,临沂,1044983,2
A7419507799,临沂,1044983,2
A7438872088,临沂,678178,2
A7310973823,临沂,1044983,2
A7438874855,临沂,678178,2
A7438156247,临沂,678178,2
A7389155413,临沂,678001,2
A7461935605,临沂,678001,2
A7322243410,临沂,1044983,2
A7465290932,临沂,1044983,2
A6953176224,临沂,1159018,2
A7476483918,临沂,1011242,2
A7176742869,临沂,1159018,2
A7333785814,临沂,1159018,2
A7456737272,临沂,1159018,2
A7456746426,临沂,1159018,2
A7441775252,临沂,1159018,2
A7477826306,临沂,1011242,2
A7227360071,临沂,1011242,2
A7438031322,临沂,1011242,2
A7449805111,临沂,1011242,2
A7465571020,临沂,1011242,2
A7467942440,临沂,1011242,2
A7420441648,临沂,1011242,2
A7463423431,临沂,1011242,2
A6784493522,临沂,1011242,2
A7408724170,临沂,678001,2
A7454197110,临沂,678001,2
A7403583928,临沂,678001,2
A7355070968,临沂,973106,2
A7437228566,临沂,973106,2
A7294933865,临沂,973106,2
A7453222220,临沂,973106,2
A7442564446,临沂,713746,2
A7382511838,临沂,1230528,2
A7350338822,临沂,1230528,2
A7473635405,临沂,973240,2
A7422509589,临沂,973240,2
A7472165763,临沂,973240,2
A7401353420,临沂,973240,2
A7299454714,临沂,973240,2
A7472243063,临沂,973240,2
A7470343137,临沂,973240,2
A7423119199,临沂,973240,2
A7038478177,临沂,713746,2
A7419749458,临沂,713746,2
A7256782325,临沂,713746,2
A7450558302,临沂,713746,2
A7405808760,临沂,713746,2
A7405025118,临沂,713746,2
A7399086138,临沂,713746,2
A7450682837,临沂,713746,2
A7405806174,临沂,713746,2
A7361531942,临沂,1159018,2
A7093489351,临沂,1159018,2
A7400543869,临沂,1204250,2
A7444397778,临沂,1019748,2
A7470408707,临沂,677957,2
A7224635384,临沂,677957,2
A7449865846,临沂,677957,2
A7368682717,临沂,677957,2
A7451319164,临沂,1019748,2
A7381309382,临沂,1019748,2
A7440092893,临沂,1019748,2
A7460769991,临沂,677957,2
A7476221413,临沂,1019748,2
A7426720596,临沂,1019748,2
A7394321182,临沂,1019748,2
A7464787373,临沂,1019748,2
A7444397380,临沂,1019748,2
A7450660091,临沂,1019748,2
A7456468281,临沂,677957,2
A7465320348,临沂,677957,2
A6926871994,临沂,1159018,2
A7470689284,临沂,1204250,2
A7466724505,临沂,1204250,2
A7429211700,临沂,1204250,2
A7474767662,临沂,1204250,2
A7467972147,临沂,1204250,2
A7463684668,临沂,1204250,2
A7477791571,临沂,677957,2
A7314668522,临沂,713850,2
A7479238843,临沂,677957,2
A7406917321,临沂,1010846,2
A7394105970,临沂,1010846,2
A7385244617,临沂,1010846,2
A7415768479,临沂,676719,2
A7474572011,临沂,713827,2
A7417768815,临沂,713827,2
A7451247159,临沂,713827,2
A7444410102,临沂,713827,2
A7440728763,临沂,713827,2
A7399339923,临沂,713827,2
A7389020966,临沂,676719,2
A7385260331,临沂,1010846,2
A7455821402,临沂,676719,2
A6351293134,临沂,676719,2
A7429514504,临沂,677122,2
A7436621191,临沂,677122,2
A7440705046,临沂,677122,2
A6946092809,临沂,1159018,2
A7459893805,临沂,713827,2
A7453219454,临沂,713827,2
A7202684919,临沂,1010846,2
A7442735321,临沂,1010846,2
A7470411474,临沂,1010846,2
A7371820664,临沂,1010846,2
A7470558737,临沂,1010846,2
A7352862885,临沂,1010846,2
A7467076165,临沂,1303120,2
A7433315900,临沂,1303120,2
A7477762350,临沂,972939,2
A7397421558,临沂,1281225,2
A7379153659,临沂,1281225,2
A7396360926,临沂,1281225,2
A7382281544,临沂,1281225,2
A7396404973,临沂,1281225,2
A7345798907,临沂,1281225,2
A7425785942,临沂,1190502,2
A7430161068,临沂,972994,2
A7229404116,临沂,1190502,2
A7447343238,临沂,1190502,2
A6979175479,临沂,1190502,2
A7368696095,临沂,1190502,2
A7300446082,临沂,972994,2
A7391199177,临沂,972994,2
A7463861671,临沂,972994,2
A7388938372,临沂,972994,2
A7463556242,临沂,972936,2
A7469643780,临沂,972936,2
A7439978107,临沂,972936,2
A7479336073,临沂,972936,2
A7469360534,临沂,972936,2
A7327372356,临沂,1281225,2
A7468533823,临沂,1281225,2
A7427488127,临沂,1281225,2
A7371254570,临沂,677615,2
A7434480638,临沂,677615,2
A7329610941,临沂,972960,2
A7469422435,临沂,972960,2
A7425583024,临沂,972630,2
A7467140412,临沂,1186473,2
A7429227968,临沂,1186473,2
A7467199276,临沂,1186473,2
A7467123506,临沂,1186473,2
A7412157340,临沂,1186473,2
A7248611605,临沂,677615,2
A7445246356,临沂,677615,2
A7445246372,临沂,677615,2
A7450329202,临沂,677615,2
A7445244694,临沂,677615,2
A7473945651,临沂,677615,2
A7449669809,临沂,677615,2
A7432097717,临沂,677615,2
A7457265871,临沂,972630,2
A7427262186,临沂,972630,2
A7425492517,临沂,972630,2
A7425589881,临沂,972630,2
A7418438082,临沂,972630,2
A7461497194,临沂,972630,2
A7428420231,临沂,972630,2
A7389118906,临沂,972630,2
A7376846963,临沂,972630,2
A7454952177,临沂,1190502,2
A7474635126,临沂,1190502,2
A7360269025,临沂,1186473,2
A7463513166,临沂,1263238,2
A7474550216,临沂,1263238,2
A7476933862,临沂,1263238,2
A7318849221,临沂,1263238,2
A7463681731,临沂,1263238,2
A7475823066,临沂,1190502,2
A7441870311,临沂,1410673,2
A7398374989,临沂,1410673,2
A7401273091,临沂,1410673,2
A7382490197,临沂,1410673,2
A7451373669,临沂,1410673,2
A7395405459,临沂,1410673,2
A7352826853,临沂,1410673,2
A7407828308,临沂,1410673,2
A7341963733,临沂,1410673,2
A7473971453,临沂,1263238,2
A7463560351,临沂,1263238,2
A7463678652,临沂,1263238,2
A7118688712,临沂,1514577,2
A7407960695,临沂,1514577,2
A7449812280,临沂,1514577,2
A7450636129,临沂,1514577,2
A7449788323,临沂,1514577,2
A7419466511,临沂,1514577,2
A7450631436,临沂,1514577,2
A7453549608,临沂,972885,2
A7476455131,临沂,1263238,2
A7433330594,临沂,972885,2
A7449435974,临沂,972885,2
A7474224229,临沂,972885,2
A7476437495,临沂,677213,2
A7414108210,临沂,677213,2
A7232182548,临沂,1190502,2
A7414946612,临沂,1514577,2
A7427325009,临沂,1514577,2
A7414996676,临沂,1514577,2
A7442529661,临沂,714000,2
A7467157550,临沂,714000,2
A7443508302,临沂,714000,2
A7451552533,临沂,714000,2
A7449801397,临沂,678026,2
A7418003327,临沂,678026,2
A7454697400,临沂,678026,2
A7448948531,临沂,678026,2
A7435725283,临沂,678026,2
A7409837165,临沂,678026,2
A7357011016,临沂,678026,2
A7340571958,临沂,678026,2
A7409115910,临沂,678026,2
A7473973885,临沂,1263238,2
A7446122711,临沂,1186473,2
A7164646904,临沂,1186473,2
A7432663279,临沂,1303120,2
A7440159488,临沂,1176406,2
A7221451113,临沂,1590886,2
A7413954436,临沂,1590886,2
A7389274206,临沂,1590886,2
A7413945900,临沂,1590886,2
A7433496296,临沂,862842,2
A7264646727,临沂,862842,2
A7473667261,临沂,1176406,2
A7443336861,临沂,1590886,2
A7296739662,临沂,1176406,2
A7413997073,临沂,1176406,2
A7425011342,临沂,1176406,2
A7445429195,临沂,1176406,2
A7477917163,临沂,1176406,2
A7444697987,临沂,677994,2
A7408863258,临沂,1590886,2
A7438773993,临沂,1590886,2
A7470807286,临沂,1267290,2
A7453207067,临沂,1007900,2
A7364950475,临沂,1007900,2
A7453210077,临沂,1007900,2
A7455808324,临沂,1007900,2
A7464518191,临沂,1007900,2
A7472187903,临沂,1007900,2
A7387774009,临沂,1007900,2
A7441887332,临沂,1590886,2
A7438769777,临沂,1590886,2
A7437130068,临沂,1590886,2
A7444771691,临沂,677994,2
A7427577373,临沂,1388617,2
A7323272542,临沂,1388617,2
A7450561001,临沂,1198336,2
A7441818721,临沂,973172,2
A7470370849,临沂,1198336,2
A7470363798,临沂,1198336,2
A7456536565,临沂,1198336,2
A7456537113,临沂,1198336,2
A7473005370,临沂,1198336,2
A7440974513,临沂,1198336,2
A7368655996,临沂,1388617,2
A7399211383,临沂,1088117,2
A7431051066,临沂,1088117,2
A7384478947,临沂,1088117,2
A7374602456,临沂,1088117,2
A7460209737,临沂,1088117,2
A7415136276,临沂,1088117,2
A7470545601,临沂,677936,2
A7416661044,临沂,677936,2
A7463290745,临沂,677936,2
A7462830184,临沂,677936,2
A7461844578,临沂,677936,2
A7462714272,临沂,677936,2
A7419585890,临沂,677936,2
A7439172749,临沂,677936,2
A7444271446,临沂,677936,2
A7439963165,临沂,677936,2
A7357018086,临沂,1388617,2
A7441978002,临沂,1388617,2
A7354320749,临沂,1388617,2
A7436678769,临沂,1388617,2
A7452452796,临沂,1388617,2
A7247119745,临沂,1388617,2
A7438124547,临沂,1388617,2
A7478654321,临沂,1267290,2
A7407632821,临沂,1267290,2
A7295671723,临沂,1186473,2
A7447919539,临沂,945726,2
A7470557374,临沂,945726,2
A7336194518,临沂,945726,2
A7460930351,临沂,945726,2
A7460883301,临沂,945726,2
A7470612430,临沂,1187587,2
A7428209074,临沂,713745,2
A7454879216,临沂,713745,2
A7453175505,临沂,713745,2
A7428214448,临沂,713745,2
A7452265448,临沂,713745,2
A7474856757,临沂,945726,2
A7470314563,临沂,1187587,2
A7467775211,临沂,1267290,2
A7395328816,临沂,1186453,2
A7441009268,临沂,1186473,2
A7387720570,临沂,1186453,2
A7457314728,临沂,1186453,2
A7470190124,临沂,1186453,2
A7392161633,临沂,1186453,2
A7412244769,临沂,1186453,2
A6983077627,临沂,1186453,2
A7470334570,临沂,1187587,2
A7469776013,临沂,1186453,2
A7441135574,临沂,1186453,2
A7139200140,临沂,677780,2
A7376042285,临沂,1187587,2
A7444626484,临沂,1187587,2
A7440834242,临沂,713745,2
A7248205271,临沂,713745,2
A7445297706,临沂,713745,2
A7444332667,临沂,801999,2
A7324616403,临沂,801999,2
A7422397686,临沂,801999,2
A7341343010,临沂,801999,2
A7443767574,临沂,801999,2
A7320512825,临沂,801999,2
A7451541715,临沂,801999,2
A7451540427,临沂,801999,2
A7412283768,临沂,713745,2
A7279582993,临沂,1267290,2
A7462586518,临沂,1267290,2
A7478665927,临沂,1267290,2
A7446311462,临沂,1267290,2
A7407588563,临沂,1267290,2
A7463407930,临沂,1267290,2
A7343512654,临沂,801999,2
A6833916116,临沂,801999,2
A7468566996,临沂,1088103,2
A7444499439,临沂,1088103,2
A7444381447,临沂,1088103,2
A7462456830,临沂,1088103,2
A7427377971,临沂,1088103,2
A7205996434,临沂,1088103,2
A7380139037,临沂,1088103,2
A7479198721,临沂,1088103,2
A7459204237,临沂,1088103,2
A7456411686,临沂,1088103,2
A7124536724,临沂,973223,2
A7433724713,临沂,973223,2
A7449796016,临沂,973223,2
A7471250347,临沂,973223,2
A7453555152,临沂,713745,2
A7282458682,临沂,1230528,2
A7370396678,临沂,1087460,2
A7478548758,临沂,1087460,2
A7444762886,临沂,678163,2
A7408785403,临沂,1008630,2
A7380217292,临沂,1008630,2
A7354203653,临沂,1008630,2
A7429369848,临沂,1008630,2
A7324634354,临沂,1008630,2
A7461898286,临沂,678163,2
A7442888275,临沂,678163,2
A7356231650,临沂,1008630,2
A7442886252,临沂,678163,2
A7345109919,临沂,678163,2
A7434500698,临沂,678034,2
A7337513299,临沂,678034,2
A7476999099,临沂,678034,2
A7400598654,临沂,678034,2
A7369568143,临沂,1008630,2
A7369559964,临沂,1008630,2
A7422198007,临沂,677605,2
A7194652340,临沂,677625,2
A7458456474,临沂,677605,2
A7458466101,临沂,677605,2
A7477107414,临沂,677605,2
A7349334383,临沂,677625,2
A7396536792,临沂,677625,2
A7419596934,临沂,677625,2
A7470804887,临沂,677625,2
A7262313873,临沂,1008630,2
A7423430732,临沂,677625,2
A6974825355,临沂,677625,2
A7425622435,临沂,677625,2
A7459391214,临沂,677625,2
A7197606714,临沂,677625,2
A7473077311,临沂,1008630,2
A7407019638,临沂,678034,2
A7430078803,临沂,678034,2
A7429091594,临沂,993481,2
A7201122065,临沂,676660,2
A7473034673,临沂,676660,2
A7374629761,临沂,676660,2
A7256826827,临沂,993481,2
A7440994493,临沂,1181325,2
A7266666132,临沂,1181325,2
A7228227150,临沂,1181325,2
A7304094894,临沂,1181325,2
A7414621616,临沂,1181325,2
A7473082665,临沂,676660,2
A7405233284,临沂,993481,2
A7471100824,临沂,993481,2
A7407035838,临沂,993481,2
A7370283810,临沂,993481,2
A7471484321,临沂,993481,2
A7451595994,临沂,993481,2
A7462481258,临沂,993481,2
A7466963574,临沂,677605,2
A7467993595,临沂,677605,2
A7385548071,临沂,1181325,2
A7162213189,临沂,1063207,2
A7396151891,临沂,1063207,2
A7321499739,临沂,1063207,2
A7439716537,临沂,1063207,2
A7439788081,临沂,1063207,2
A7380110889,临沂,1062350,2
A7407899239,临沂,1063207,2
A7463877032,临沂,1063207,2
A7369589426,临沂,1410690,2
A7423327883,临沂,677605,2
A7473569307,临沂,714048,2
A7473605942,临沂,1187040,2
A7471510844,临沂,714048,2
A7370201802,临沂,714048,2
A7409861360,临沂,714048,2
A7473186247,临沂,714048,2
A7467794521,临沂,714048,2
A7473574816,临沂,714048,2
A7479511531,临沂,1410690,2
A7458647934,临沂,714048,2
A7379432505,临沂,714048,2
A7018382725,临沂,714048,2
A7460739080,临沂,1410690,2
A7315469780,临沂,1410690,2
A7302362774,临沂,1410690,2
A7451267849,临沂,972709,2
A7450652755,临沂,972964,2
R3155070726153230,临沂,678344,2
A7385064950,临沂,972964,2
A7438851451,临沂,972964,2
A7388822937,临沂,972964,2
A7479298412,临沂,972964,2
A7414120344,临沂,972964,2
A7442919591,临沂,972964,2
A7405692387,临沂,972709,2
A7453266134,临沂,972964,2
A7445345757,临沂,972964,2
A7409960459,临沂,972964,2
A7468634967,临沂,677605,2
A7468039891,临沂,677605,2
A7467991570,临沂,677605,2
A7447331398,临沂,678344,2
A7462521977,临沂,678344,2
A7471365293,临沂,678344,2
A7401195683,临沂,678344,2
A7446519545,临沂,678344,2
A7417605070,临沂,678344,2
A7328424537,临沂,678344,2
R4462249280314368,临沂,676662,2
A6837310153,临沂,676662,2
A7447518917,临沂,676662,2
A7447250786,临沂,972709,2
A7412411101,临沂,972709,2
A7395541377,临沂,972709,2
A7451343283,临沂,972709,2
A7342727925,临沂,972709,2
A7395530880,临沂,972709,2
A7453895619,临沂,972709,2
A7431737232,临沂,1181325,2
A7304070250,临沂,1181325,2
A7454275771,临沂,1087460,2
A7443284991,临沂,1205347,2
A7475604839,临沂,1030741,2
A7425454066,临沂,1030741,2
A7465292804,临沂,1030741,2
A7363906573,临沂,1030741,2
A7232036872,临沂,1205347,2
A7386387741,临沂,1205347,2
A7456447943,临沂,1205347,2
A7461481116,临沂,1030741,2
A7301325192,临沂,1205347,2
A7358935511,临沂,677795,2
A7460764918,临沂,677795,2
A7397555243,临沂,677795,2
A7427288915,临沂,677795,2
A7464638635,临沂,677795,2
A7423911713,临沂,1030741,2
A7360548422,临沂,1030741,2
A7446662319,临沂,1087448,2
A7134251132,临沂,1007901,2
A7345749215,临沂,676888,2
A7420068923,临沂,676888,2
A7477042627,临沂,676888,2
A7286047827,临沂,676888,2
A7478501899,临沂,972702,2
A7469354430,临沂,1030741,2
A7434960896,临沂,972702,2
A7399413094,临沂,972702,2
A7477009833,临沂,972702,2
R4179541367577603,临沂,972702,2
A7463330937,临沂,1030741,2
A7459290271,临沂,1030741,2
A7369100428,临沂,677795,2
A7446315799,临沂,677795,2
A7231830932,临沂,677795,2
A7440737858,临沂,677167,2
A7439055614,临沂,677167,2
A7152359955,临沂,677724,2
A7455696501,临沂,677167,2
A7418490738,临沂,677167,2
A7461566130,临沂,677167,2
A7442929670,临沂,677167,2
A7315517999,临沂,1087445,2
A7369696751,临沂,1087445,2
A7446589488,临沂,677728,2
A7413215343,临沂,677728,2
A7448652970,临沂,677728,2
A7450308822,临沂,677728,2
A7462495440,临沂,677724,2
A7462724243,临沂,677724,2
A7453418462,临沂,677724,2
A7427342583,临沂,677724,2
A7467665379,临沂,677724,2
A7458302946,临沂,677724,2
A7458316483,临沂,677724,2
A7452249752,临沂,677724,2
A7427343319,临沂,677724,2
A7445532994,临沂,676888,2
A7454720860,临沂,1087448,2
A7264509737,临沂,1181325,2
A7402869116,临沂,1393748,2
A7454199024,临沂,972977,2
A6890188444,临沂,1029249,2
A7324619344,临沂,973210,2
A7405856166,临沂,973210,2
A7263476664,临沂,1393748,2
A7467088689,临沂,1393748,2
A7467086174,临沂,1393748,2
A7475000844,临沂,973206,2
A7034327976,临沂,1393748,2
A7386402881,临沂,1393748,2
A7326216015,临沂,1393748,2
A7364447391,临沂,1393748,2
A7468929935,临沂,993480,2
A7405233351,临沂,993480,2
A7427605414,临沂,972977,2
A7475000701,临沂,973206,2
A7398207233,临沂,1087448,2
A7384099548,临沂,1158431,2
A7381416987,临沂,1158431,2
A7360296313,临沂,1158431,2
A7459947529,临沂,1158431,2
A7371277772,临沂,1158431,2
A7362721269,临沂,1158431,2
A7448916679,临沂,973206,2
A7412352072,临沂,1158431,2
A7466123154,临沂,973206,2
A7370531845,临沂,993480,2
A6980950330,临沂,993480,2
A7470525327,临沂,993480,2
A7475779328,临沂,940354,2
A7447094058,临沂,678042,2
R4089745477213186,临沂,678042,2
A7432059094,临沂,940354,2
A7443794949,临沂,940354,2
A7038642014,临沂,940354,2
A7445409881,临沂,940354,2
A7443798195,临沂,940354,2
A6981993416,临沂,993480,2
A7431905723,临沂,1087448,2
A7240588414,临沂,1087448,2
A7463377303,临沂,1087448,2
A7476221210,临沂,1087448,2
A7472874457,临沂,1087448,2
A7366586397,临沂,1087448,2
A7317700388,临沂,678042,2
A7447991657,临沂,678042,2
A7467916567,临沂,678042,2
A7360204998,临沂,678042,2
A7326250051,临沂,678042,2
A7455897344,临沂,678042,2
A7362671077,临沂,678042,2
A7459860147,临沂,1008634,2
A7476850845,临沂,1008634,2
A7476915054,临沂,1008634,2
A7479152642,临沂,1008634,2
A7478474114,临沂,1008634,2
A7478371138,临沂,1008634,2
A7478413468,临沂,1008634,2
A7477864756,临沂,1008634,2
A7478425915,临沂,1008634,2
A7477897056,临沂,1008634,2
A7473763546,临沂,1187040,2
A7474880797,临沂,1187040,2
A7479102138,临沂,1187040,2
A7385429537,临沂,1069146,2
A7461488961,临沂,1069146,2
A7441173085,临沂,1069146,2
A7461484588,临沂,1069146,2
A7477654468,临沂,1069146,2
A7444344143,临沂,1069146,2
A7201966424,临沂,1069146,2
A7137596339,临沂,1069146,2
A7447552829,临沂,1069146,2
A7457385747,临沂,864367,2
A7413056821,临沂,864367,2
A7387879960,临沂,864367,2
A7407675153,临沂,1188339,2
A7449551390,临沂,678167,2
A7451373360,临沂,678167,2
A7443821059,临沂,1016428,2
A7451372292,临沂,1188339,2
A7371247957,临沂,1188339,2
A7467940749,临沂,864367,2
A7406685889,临沂,1188339,2
A7468670380,临沂,1188339,2
A7450679186,临沂,1188339,2
A7385111620,临沂,1188339,2
A7447332837,临沂,1188339,2
A7453380469,临沂,1188339,2
A7396044252,临沂,1186472,2
A7456865292,临沂,1186472,2
A7397368135,临沂,1186472,2
A7401085458,临沂,1186472,2
A7410870050,临沂,1186472,2
A7405911068,临沂,1186472,2
A7455777360,临沂,1186472,2
A7395718559,临沂,1186472,2
A7474739813,临沂,1186472,2
A7475292156,临沂,1055338,2
A7474062806,临沂,1055338,2
A7465931343,临沂,1055338,2
A7478443149,临沂,1055338,2
A7450482838,临沂,864367,2
R1530783957394438,临沂,864367,2
A7209047552,临沂,864367,2
A7472162800,临沂,864367,2
A7477032611,临沂,1187040,2
A7477050743,临沂,1190516,2
A7360997770,临沂,972657,2
A7470779716,临沂,972657,2
A7465353609,临沂,972657,2
A7418684563,临沂,1190516,2
A7476287108,临沂,972657,2
R4530825091783681,临沂,1190516,2
R4388811305638923,临沂,1190516,2
A7479122817,临沂,677741,2
A7346447536,临沂,677741,2
A7472923862,临沂,677741,2
A7353644207,临沂,677741,2
A7453206842,临沂,972657,2
A7381105246,临沂,972657,2
A7462730300,临沂,1087460,2
A7418621841,临沂,1087460,2
A7456707540,临沂,1087460,2
A7460878337,临沂,1087460,2
A7386312210,临沂,1087460,2
A7364385091,临沂,1087460,2
A7451373080,临沂,1087460,2
A7474586459,临沂,1190503,2
A7404273367,临沂,1190503,2
A7467116280,临沂,1190503,2
A7371528598,临沂,1190503,2
A7407574390,临沂,1190503,2
A7408886622,临沂,1190503,2
A7354218762,临沂,1190503,2
A7473653184,临沂,1190503,2
A7142898077,临沂,677741,2
A7473091775,临沂,677741,2
A7442638203,临沂,677741,2
A7418012757,临沂,1486235,2
A7472314027,临沂,1023774,2
A7456708089,临沂,1023774,2
A7397560440,临沂,1023774,2
A7401470210,临沂,1486235,2
A7332248544,临沂,1486235,2
A7421161389,临沂,1486235,2
A7457580189,临沂,1486235,2
A7473095127,临沂,677741,2
A7464458101,临沂,1486235,2
A7387822708,临沂,1486235,2
A7404194667,临沂,1486235,2
A7459065831,临沂,1486235,2
A7402107605,临沂,1486235,2
A7426455420,临沂,1023774,2
A7425867637,临沂,1023774,2
A7446418079,临沂,1023774,2
A7458421797,临沂,1023774,2
A7479389277,临沂,1023774,2
A7404154659,临沂,1023774,2
A7405771428,临沂,1023774,2
R3566033794638856,临沂,945721,2
A7408074524,临沂,945721,2
A7443538477,临沂,945721,2
R2902138599105548,临沂,945721,2
A7347373666,临沂,945721,2
A7459837544,临沂,945721,2
A7471137028,临沂,945721,2
A7468741829,临沂,945721,2
A7467933090,临沂,945721,2
A7442639444,临沂,677741,2
A7447343840,临沂,1188339,2
A7397236639,临沂,973155,2
A7390004791,临沂,973155,2
A7456509408,临沂,972723,2
A7465423303,临沂,972723,2
A7378270332,临沂,972723,2
A7475517600,临沂,972723,2
A7474995571,临沂,972723,2
A7473977264,临沂,972723,2
A7460997056,临沂,972723,2
A7474434681,临沂,972723,2
A7142086736,临沂,1239939,2
A7233716542,临沂,676691,2
A7230207047,临沂,676691,2
A7433737720,临沂,676691,2
A7470498618,临沂,676691,2
A6720958615,临沂,676691,2
A7406913400,临沂,677805,2
A7444650687,临沂,1239939,2
A7460718811,临沂,1239939,2
A7390016416,临沂,973155,2
A7449807919,临沂,1005755,2
A7106852185,临沂,1005755,2
A7449130003,临沂,1005755,2
A7443535573,临沂,1239939,2
A7303179428,临沂,1239939,2
A7347286859,临沂,677805,2
A7348024026,临沂,677805,2
A7336088870,临沂,677805,2
A7422096301,临沂,1082975,2
A7460141082,临沂,973225,2
A7440175112,临沂,973225,2
A7469772825,临沂,973225,2
A7461485488,临沂,973225,2
A7448210418,临沂,973225,2
A7422105369,临沂,1082975,2
A7467043902,临沂,1082975,2
A7475639865,临沂,677805,2
A7467004223,临沂,1082975,2
A7467885405,临沂,1082975,2
A7461761769,临沂,1082975,2
A7362113527,临沂,1082975,2
A7464616524,临沂,1082975,2
A7464474864,临沂,1082975,2
A7466290166,临沂,973225,2
A7440063530,临沂,973225,2
A7440128318,临沂,973225,2
A7440268605,临沂,973225,2
A7444461995,临沂,973225,2
A7290933817,临沂,972924,2
A7470430160,临沂,972924,2
A7470433610,临沂,972924,2
A7444577852,临沂,972924,2
A7333883962,临沂,972924,2
A7472252542,临沂,972924,2
A7301348470,临沂,972924,2
A7477772724,临沂,972924,2
A7472320779,临沂,677805,2
A7239644232,临沂,677805,2
A7475778342,临沂,677805,2
A7336078542,临沂,677805,2
A7161737425,临沂,1005755,2
A7403981087,临沂,1005755,2
A7456437852,临沂,677531,2
A7460603881,临沂,677937,2
A7434400275,临沂,1197979,2
A7457578166,临沂,1197979,2
A7449828852,临沂,1197979,2
A7450712140,临沂,1197979,2
A7460657645,临沂,677937,2
A7408983873,临沂,677937,2
A7472261712,临沂,677937,2
A7446334275,临沂,973128,2
A7386301623,临沂,677937,2
A7461038990,临沂,677937,2
A7463296655,临沂,677937,2
A7398295507,临沂,677937,2
A7461011156,临沂,677937,2
A7425786410,临沂,973128,2
A7455914385,临沂,1197979,2
A7457349577,临沂,1197979,2
A7469891746,临沂,1197979,2
A7459883181,临沂,1197979,2
A7394309905,临沂,1197979,2
A7362001048,临沂,1197979,2
A7438211193,临沂,1187589,2
A7437351137,临沂,1187589,2
A7434453926,临沂,1187589,2
A7475661038,临沂,1187589,2
A7439830091,临沂,1187589,2
A7437367857,临沂,1187589,2
A7437355277,临沂,1187589,2
A7436729984,临沂,1187589,2
A7439827991,临沂,1187589,2
A7435031015,临沂,1187589,2
A7454031699,临沂,973155,2
A7470341463,临沂,973128,2
A7470300108,临沂,973128,2
A7477865881,临沂,677531,2
A7407730749,临沂,677531,2
A7479390001,临沂,677970,2
A7440011194,临沂,677970,2
A7478671483,临沂,677970,2
A7479185462,临沂,677970,2
A7462331672,临沂,677970,2
A7470293961,临沂,677970,2
A7479460241,临沂,677531,2
A7468763670,临沂,1372657,2
A7479443874,临沂,677531,2
A7477871447,临沂,677531,2
A7469359200,临沂,677531,2
A7477873972,临沂,677531,2
A7267480412,临沂,677531,2
A7407769049,临沂,677531,2
A7478675178,临沂,677970,2
A7478674504,临沂,677970,2
A7479163359,临沂,677970,2
A7456411619,临沂,677970,2
A7347436451,临沂,973067,2
A7339044585,临沂,973067,2
A7139929888,临沂,973067,2
A7402816597,临沂,973067,2
A7407898250,临沂,1372657,2
A7463396695,临沂,1372657,2
A7463492105,临沂,1372657,2
A7463346489,临沂,1372657,2
A7408914795,临沂,1372657,2
A7427310538,临沂,1372657,2
A7372365343,临沂,1372657,2
A7389979977,临沂,1372657,2
A7474761218,临沂,1372657,2
A7441801931,临沂,1410673,2
A7430026683,临沂,973232,2
A7464804699,临沂,973232,2
A7350916620,临沂,676993,2
A7364461358,临沂,972947,2
A7472983294,临沂,972947,2
A7462452759,临沂,972947,2
A7406863495,临沂,676993,2
A7427461587,临沂,676993,2
A7455637080,临沂,676993,2
A7457184685,临沂,676993,2
A7445332864,临沂,1384908,2
A7266799408,临沂,1388609,2
A7384222076,临沂,1388609,2
A7420508396,临沂,1388609,2
A7397271138,临沂,1388609,2
A7418030530,临沂,972947,2
A7453248469,临沂,1384908,2
A7430229626,临沂,1486371,2
A7468906713,临沂,973131,2
A7436732635,临沂,973131,2
A7353610452,临沂,973131,2
A7476974014,临沂,973131,2
A7476929365,临沂,973131,2
A7182649715,临沂,973131,2
A7352181783,临沂,973131,2
A7352160986,临沂,973131,2
A7347340647,临沂,1384908,2
A7479283619,临沂,1384908,2
A7335301153,临沂,1384908,2
A7448762652,临沂,1384908,2
A7438949160,临沂,1384908,2
A7448836347,临沂,1384908,2
A7466863151,临沂,1384908,2
A7468829059,临沂,1388609,2
A7285149050,临沂,1388609,2
A7134322179,临沂,1388609,2
A7213945609,临沂,677556,2
A7445332171,临沂,945213,2
A7088882205,临沂,945213,2
A7405856761,临沂,677556,2
A7473872807,临沂,677556,2
A7450686952,临沂,677556,2
A7450701139,临沂,677556,2
A7475430519,临沂,677556,2
A7455558337,临沂,1388609,2
A7473718663,临沂,1050889,2
A7442541434,临沂,1050889,2
A7476214607,临沂,1050889,2
A7469527614,临沂,1050889,2
A7469488047,临沂,1050889,2
A7470638945,临沂,1050889,2
A7445332179,临沂,945213,2
A7436613532,临沂,945213,2
A7437001202,临沂,945213,2
A7347906111,临沂,945213,2
A7445332163,临沂,945213,2
A7447384499,临沂,945213,2
A7476285996,临沂,945213,2
A7440664622,临沂,945213,2
A7433796052,临沂,993477,2
A7456704998,临沂,993477,2
A7393860023,临沂,993477,2
A7456458196,临沂,993477,2
A7459163889,临沂,993477,2
A7341254634,临沂,993477,2
A7474729174,临沂,993477,2
A7449743749,临沂,993477,2
A7393348950,临沂,1388609,2
A7418610157,临沂,973131,2
A7395434029,临沂,1486371,2
A7468508227,临沂,1050889,2
A7477152008,临沂,973177,2
A7467060818,临沂,713885,2
A7465486351,临沂,713885,2
A7384463152,临沂,713885,2
A7398365357,临沂,713885,2
A7358346615,临沂,973177,2
A7441010345,临沂,1275627,2
A7474961921,临沂,973177,2
A7404426120,临沂,973177,2
A7430938749,临沂,973177,2
A7430818878,临沂,973177,2
A7408718514,临沂,973177,2
A7457572158,临沂,973177,2
A7436558292,临沂,1275627,2
A7436519913,临沂,1275627,2
A7429172564,临沂,1486371,2
A7464547509,临沂,1010262,2
A7452216626,临沂,1010262,2
A7446673525,临沂,1010262,2
A7463315846,临沂,1010262,2
A7383209414,临沂,1010262,2
A7368145762,临沂,1010262,2
A7368145554,临沂,1010262,2
A7411537365,临沂,1010262,2
A7455835865,临沂,1275627,2
A7431690161,临沂,1275627,2
A7244318026,临沂,1275627,2
A7472898032,临沂,1275627,2
A7262226400,临沂,1275627,2
A7381174784,临沂,1275627,2
A7467870228,临沂,1275627,2
A7341948342,临沂,973177,2
A7430267134,临沂,973177,2
A7384015055,临沂,972681,2
A7467595059,临沂,1217088,2
A7340458722,临沂,1217088,2
A7334476188,临沂,1217088,2
A7353605822,临沂,1217088,2
A7332175835,临沂,1217088,2
A7435184912,临沂,1217088,2
A7467632323,临沂,1217088,2
A7479375585,临沂,1486371,2
A7431738573,临沂,1486371,2
A7413887774,临沂,1486371,2
A7426680427,临沂,1486371,2
A7430841396,临沂,1486371,2
A7438233654,临沂,1486371,2
A7432455295,临沂,1486371,2
A7255052243,临沂,1217088,2
A7441774622,临沂,1217088,2
A7305656916,临沂,1183682,2
A7479283306,临沂,972839,2
A7412900039,临沂,1183682,2
A7430175876,临沂,1183682,2
A7213411786,临沂,1183682,2
A7169373164,临沂,1183682,2
A7291610720,临沂,1183682,2
A7268665169,临沂,972681,2
A7320801831,临沂,972681,2
A7176901615,临沂,972681,2
A7457933271,临沂,972681,2
A7432992095,临沂,972681,2
A7414829084,临沂,972681,2
A7283213365,临沂,972681,2
A7475625886,临沂,1050889,2
A7468440958,临沂,1050889,2
A7477241991,临沂,678059,2
A7459300376,临沂,945158,2
A7452437771,临沂,945158,2
A7410805231,临沂,945158,2
A7454778852,临沂,945158,2
A7431771831,临沂,945158,2
A7448286592,临沂,945158,2
A7331211490,临沂,945158,2
A7391252125,临沂,767015,2
A7447357349,临沂,973268,2
A7406946296,临沂,767015,2
A7479466345,临沂,767015,2
A7407930197,临沂,767015,2
A7403331294,临沂,767015,2
A7479476566,临沂,767015,2
A7386461117,临沂,767015,2
A7443831588,临沂,945158,2
A7447255299,临沂,973268,2
A7439692295,临沂,973268,2
A7273740034,临沂,972661,2
A7356947039,临沂,973268,2
A7464527492,临沂,973268,2
A7403541242,临沂,973268,2
A7425571008,临沂,973268,2
A7404397679,临沂,767015,2
A7381193855,临沂,767015,2
A7389134056,临沂,767015,2
A7064964854,临沂,1384911,2
A7399274696,临沂,1049385,2
A7470812851,临沂,678059,2
A7472222505,临沂,678059,2
A7385517431,临沂,678059,2
A7296828353,临沂,1384911,2
A7474536251,临沂,1384911,2
A7470464535,临沂,1384911,2
A7309251168,临沂,1384911,2
A7182462548,临沂,1384911,2
A7474516802,临沂,1384911,2
A7424800506,临沂,1384911,2
A7370320038,临沂,1384911,2
A7396421852,临沂,1049385,2
A7426363326,临沂,1049385,2
A7358400380,临沂,1049385,2
A7378910857,临沂,1049385,2
A7381007555,临沂,1049385,2
A7198597802,临沂,1049385,2
A7193631175,临沂,1049385,2
A7352999164,临沂,1049385,2
A7468544302,临沂,1049385,2
A7455889137,临沂,713718,2
A7449819861,临沂,1050889,2
A7276683208,临沂,1187039,2
A7427426418,临沂,1187039,2
A7405887020,临沂,1187039,2
A7313548439,临沂,1187039,2
A7381093958,临沂,1187039,2
A7404805543,临沂,1187039,2
A7222380442,临沂,1187039,2
A7308617876,临沂,1187039,2
A7380502123,临沂,1102639,2
A7473743282,临沂,1187039,2
A7229262702,临沂,1187039,2
A7469470533,临沂,1082957,2
A7414661453,临沂,1082957,2
A7471497549,临沂,1082957,2
A7470377538,临沂,1082957,2
A7472057397,临沂,1102639,2
A7407985406,临沂,973237,2
A7417155562,临沂,713718,2
A7463680049,临沂,1233781,2
A7442700599,临沂,1233781,2
A7413808875,临沂,1233781,2
A7416026079,临沂,1233781,2
A7444535932,临沂,1233781,2
A7414068921,临沂,1233781,2
A7461725198,临沂,1233781,2
A7423212442,临沂,1233781,2
A7460856721,临沂,973237,2
A7387885408,临沂,973237,2
A7417354611,临沂,973237,2
A7192934026,临沂,973237,2
A7386767043,临沂,973237,2
A7389819585,临沂,973237,2
A7460800891,临沂,973237,2
A7470199007,临沂,1082957,2
A7472744771,临沂,1082957,2
A7461425232,临沂,1082957,2
A7401107588,临沂,972809,2
A7470545271,临沂,972809,2
A7454842951,临沂,713718,2
A7449055433,临沂,1082957,2
A7456537511,临沂,713718,2
A7459173734,临沂,713718,2
A7404915623,临沂,713718,2
A7460105206,临沂,713718,2
A7459211806,临沂,713718,2
A7458137454,临沂,713718,2
A7204967172,临沂,677796,2
R1971151300287499,临沂,1019750,2
A7392292353,临沂,1019750,2
A7475584558,临沂,1019750,2
A7475584214,临沂,1019750,2
A7340430333,临沂,1019750,2
A7340433406,临沂,1019750,2
A7439681630,临沂,1019750,2
A7226597785,临沂,677546,2
A7448183415,临沂,677546,2
A7188295110,临沂,677546,2
A7444409472,临沂,677546,2
A7354258853,临沂,677546,2
A7407138297,临沂,1082957,2
A7455794249,临沂,1010262,2
A7460944650,临沂,1010262,2
A7378173032,临沂,943526,2
A7465247529,临沂,1052507,2
A7459967789,临沂,1052507,2
A7446453577,临沂,1052507,2
A7373552429,临沂,1052507,2
A7439907053,临沂,1052507,2
A7441018539,临沂,1052507,2
A7303162873,临沂,1052507,2
A7439967553,临沂,1052507,2
A7445175945,临沂,972599,2
A7478702901,临沂,1008633,2
A7419383322,临沂,1008633,2
A7452444899,临沂,1008633,2
A7473939603,临沂,1008633,2
A7446070948,临沂,1008633,2
A7447212107,临沂,1008633,2
A7432762816,临沂,1052507,2
A7467696086,临沂,1186461,2
A7049183755,临沂,676742,2
A7432799674,临沂,676873,2
A7393414562,临沂,676873,2
A7246197281,临沂,676873,2
A7478420441,临沂,676873,2
A7368247244,临沂,676873,2
A7366929185,临沂,676873,2
A7451347012,临沂,676873,2
A7282184361,临沂,676873,2
A7411494080,临沂,1186461,2
A7456713531,临沂,676873,2
A7442585507,临沂,1186461,2
A7458609813,临沂,1186461,2
A7457365408,临沂,1186461,2
A7470599922,临沂,1186461,2
A7459294306,临沂,1186461,2
A7404293711,临沂,1008633,2
A7366574630,临沂,1008633,2
A7447382235,临沂,1008633,2
A7444593733,临沂,1008633,2
A7459348876,临沂,713721,2
A7382366305,临沂,713721,2
A7261520604,临沂,713721,2
A7257534258,临沂,713721,2
A7464454737,临沂,713721,2
A7450008682,临沂,713721,2
R4282815063268358,临沂,972961,2
A7249941041,临沂,972961,2
A6994607246,临沂,972961,2
A7437208865,临沂,972961,2
A7461927724,临沂,972961,2
A7439909206,临沂,972961,2
A7475547137,临沂,972961,2
A7469006400,临沂,1371575,2
A7445300545,临沂,1371575,2
A7406920302,临沂,1371575,2
A7450522378,临沂,1371575,2
A7333874252,临沂,1371575,2
A7439044872,临沂,1371575,2
A7439036633,临沂,1371575,2
A7434335998,临沂,1371575,2
A7449045776,临沂,676742,2
A7455922508,临沂,676742,2
A7425409294,临沂,943526,2
A7404297242,临沂,1063834,2
A7473548634,临沂,973088,2
A7295023311,临沂,973088,2
A7182352049,临沂,1063834,2
A7419504770,临沂,1063834,2
A7279287364,临沂,1063834,2
A7393261314,临沂,1063834,2
A7437335804,临沂,1063834,2
A7428339360,临沂,973088,2
A7478506596,临沂,923070,2
A7473186517,临沂,923070,2
A7475508957,临沂,923070,2
A7385319461,临沂,923070,2
A7476191414,临沂,923070,2
A7475664511,临沂,923070,2
A7364921317,临沂,973088,2
A7467569097,临沂,973088,2
A7455915199,临沂,676742,2
A7449677579,临沂,972939,2
A7445247893,临沂,972939,2
A7451525527,临沂,972939,2
A7341294798,临沂,972939,2
A7442717568,临沂,972939,2
A7476340157,临沂,972939,2
A7464211279,临沂,973088,2
A7472948060,临沂,973088,2
A7450697198,临沂,973088,2
A7407755842,临沂,923070,2
A7432526069,临沂,923070,2
A7473685900,临沂,973037,2
A7461763092,临沂,676794,2
A7466299971,临沂,676794,2
A7236911640,临沂,676794,2
A7394202250,临沂,676794,2
A7473684247,临沂,973037,2
A7473686481,临沂,973037,2
A7473689459,临沂,973037,2
A7466148058,临沂,676742,2
A7459386988,临沂,676742,2
A7400284199,临沂,676742,2
A7385531675,临沂,676742,2
A7391134743,临沂,676742,2
A7459263783,临沂,676742,2
A7466302555,临沂,676794,2
A7335319014,临沂,676794,2
A7391213355,临沂,676794,2
A7473019081,临沂,676794,2
A7158946828,临沂,676794,2
A7466302042,临沂,676794,2
A7209178194,临沂,1012121,2
A7404296571,临沂,1012121,2
A7473719788,临沂,1012121,2
A7227335349,临沂,1012121,2
R4571193263219719,临沂,1012121,2
A7356214227,临沂,1012121,2
A7472315710,临沂,713721,2
A7373485694,临沂,713721,2
A7363190147,临沂,713721,2
A7474708074,临沂,677981,2
A7452432335,临沂,677981,2
A7469364001,临沂,677981,2
A7453417907,临沂,677981,2
A7469349369,临沂,677981,2
A7473119960,临沂,677981,2
A7362153868,临沂,677981,2
A7467611627,临沂,1073552,2
A7477677074,临沂,1470216,2
A7408836941,临沂,677525,2
A7450470719,临沂,677525,2
A7418436857,临沂,677525,2
A7418370395,临沂,677525,2
A7288886978,临沂,677525,2
A7330585120,临沂,677525,2
A7433337904,临沂,1470216,2
A7461933319,临沂,1470216,2
A7473060446,临沂,713721,2
A7066675057,临沂,1179509,2
A7433787156,临沂,1470216,2
A7477676600,临沂,1470216,2
A7433783329,临沂,1470216,2
A7352374533,临沂,1470216,2
A7371634958,临沂,677525,2
A7431060612,临沂,677525,2
A7343587726,临沂,997764,2
A7258225458,临沂,1177721,2
A7455070121,临沂,1177721,2
A7451349046,临沂,1177721,2
A7470632703,临沂,1177721,2
A7463373130,临沂,1177721,2
A7463372554,临沂,1177721,2
A7334497417,临沂,1177721,2
A7334489618,临沂,1177721,2
A7376847140,临沂,997764,2
A7260507671,临沂,938790,2
A7477805211,临沂,938790,2
A7394354165,临沂,943526,2
A7444424119,临沂,943526,2
A7444383010,临沂,943526,2
A7416879635,临沂,997764,2
A7423424231,临沂,997764,2
A7262554765,临沂,997764,2
A7459274667,临沂,997764,2
A7398453769,临沂,997764,2
A7435063957,临沂,997764,2
A7441878297,临沂,997764,2
A7458187607,临沂,1179509,2
A7376945627,临沂,1179509,2
A7209159471,临沂,1052973,2
A7453338186,临沂,973254,2
A7453348767,临沂,973254,2
A7453337253,临沂,973254,2
A7160824259,临沂,1052973,2
A7441960452,临沂,1052973,2
A7413063037,临沂,1052973,2
A7354228382,临沂,1052973,2
A7442565311,临沂,1066942,2
A7319660190,临沂,1052973,2
A7424690569,临沂,1052973,2
A7471244692,临沂,1052973,2
A7449983182,临沂,1052973,2
A7442645203,临沂,1052973,2
A7381213952,临沂,1066942,2
A7459276223,临沂,973254,2
A7476927608,临沂,973254,2
A7433602895,临沂,973254,2
A7460027549,临沂,973254,2
A7206046246,临沂,973254,2
A7479565549,临沂,973254,2
A7450686481,临沂,973254,2
A7406981932,临沂,1087486,2
A7457287916,临沂,1087486,2
A7413863139,临沂,1087486,2
A7454358731,临沂,1087486,2
A7445280598,临沂,1087486,2
A7447388132,临沂,1087486,2
A7385073144,临沂,1087486,2
A7301289946,临沂,1087486,2
A7434388365,临沂,1087486,2
A7388829505,临沂,1087486,2
A7413980290,临沂,1066942,2
A7444665302,临沂,1066942,2
A7434374992,临沂,677834,2
A7363877894,临沂,677250,2
A7365814374,临沂,677250,2
A7307521284,临沂,677250,2
A7447198640,临沂,677250,2
A7433749922,临沂,677834,2
A7370512020,临沂,677834,2
A7396414919,临沂,677834,2
A7454058304,临沂,1066942,2
A7433792872,临沂,677834,2
A7433795670,临沂,677834,2
A7354994436,临沂,677834,2
A7466171787,临沂,677834,2
A7355613190,临沂,677834,2
A7100283307,临沂,1027242,2
A7449603897,临沂,677250,2
A7232748321,临沂,677250,2
A7436505590,临沂,677250,2
A7313473795,临沂,677250,2
A7400695482,临沂,678066,2
A7431931832,临沂,678066,2
A7473737305,临沂,678066,2
A7401519172,临沂,678066,2
A7345810466,临沂,678066,2
A7436527642,临沂,678066,2
A7381641548,临沂,678066,2
A7437138843,临沂,678066,2
A7460767026,临沂,678066,2
A7453455188,临沂,1066942,2
A7476300535,临沂,1066942,2
A7476302961,临沂,1066942,2
A7473771150,临沂,1066942,2
A7369127408,临沂,678059,2
A7472166351,临沂,678059,2
A7381385678,临沂,973232,2
A7466991348,临沂,972838,2
A7392330190,临沂,677965,2
A7477136503,临沂,677965,2
A7416054763,临沂,677965,2
A7447505600,临沂,677965,2
A7405985821,临沂,677965,2
A7416998820,临沂,677965,2
A7472864017,临沂,972838,2
A7419570474,临沂,677965,2
A7174773675,临沂,972838,2
A7468962840,临沂,972838,2
A7445213402,临沂,972739,2
A7378814923,临沂,972739,2
A7390004530,临沂,677965,2
A7433562221,临沂,677965,2
A7462426284,临沂,973002,2
A7372498519,临沂,1087458,2
A7453222772,临沂,1087458,2
A7462572136,临沂,1087458,2
A7436295821,临沂,1087458,2
A7405841405,临沂,1087458,2
A7344982875,临沂,1087458,2
A7454742890,临沂,1087458,2
A7456667248,临沂,1082971,2
A7477137019,临沂,677965,2
A7406706804,临沂,1082971,2
A7342853541,临沂,1082971,2
A7323068724,临沂,1082971,2
A7422028663,临沂,1082971,2
A7103697157,临沂,1082971,2
A7185766399,临沂,1082971,2
A7445190021,临沂,972739,2
A7348182911,临沂,678230,2
A7478535571,临沂,678230,2
A7461613412,临沂,678230,2
A7461615483,临沂,678230,2
A7466093454,临沂,678230,2
A7262592789,临沂,678230,2
A7394356160,临沂,678230,2
A7183114442,临沂,678230,2
A7283568491,临沂,678230,2
A7339665299,临沂,972845,2
A7454011998,临沂,972845,2
A7439889457,临沂,972845,2
A7381195505,临沂,972845,2
A7381128544,临沂,972845,2
A7478533785,临沂,678230,2
A7448331778,临沂,678164,2
A7340494373,临沂,678164,2
A7448146244,临沂,678164,2
A7479135974,临沂,678164,2
A7479121154,临沂,678164,2
A7450858728,临沂,1030902,2
A7385428909,临沂,1030902,2
A7450304923,临沂,1030902,2
A7433553182,临沂,1030902,2
A7457321960,临沂,1030902,2
A7449751993,临沂,1030902,2
A7435778629,临沂,1030902,2
A7418303497,临沂,1030902,2
A7310105537,临沂,1030902,2
A7408989347,临沂,1030902,2
A7478495784,临沂,1087458,2
A7446155509,临沂,973002,2
A7452235765,临沂,972845,2
A7478620799,临沂,1386545,2
A7302005523,临沂,678343,2
A7375662798,临沂,678343,2
A7097550671,临沂,678343,2
A7416711066,临沂,1386545,2
A7417614432,临沂,1386545,2
A7478626928,临沂,1386545,2
A7469636187,临沂,1386545,2
A7337672876,临沂,1386545,2
A7473690059,临沂,1386545,2
R3674268467684359,临沂,972831,2
A7332809379,临沂,973002,2
A7477256306,临沂,923074,2
A7435088579,临沂,1235216,2
A7445280168,临沂,1235216,2
A7300273338,临沂,923074,2
A7406001319,临沂,923074,2
A7392075309,临沂,923074,2
A7468704451,临沂,923074,2
A7319847044,临沂,923074,2
A7477704422,临沂,972831,2
A7460776556,临沂,923074,2
A7418742414,临沂,923074,2
A7413798096,临沂,972831,2
A7470597598,临沂,972831,2
A7388700223,临沂,972831,2
A7464255145,临沂,972831,2
A7466783241,临沂,1178661,2
A7472764702,临沂,1178661,2
A7393472511,临沂,1178661,2
A7472850982,临沂,1178661,2
A7472402121,临沂,973002,2
A7341989546,临沂,1010844,2
A7446172262,临沂,973002,2
A7447046819,临沂,973002,2
A7446149440,临沂,973002,2
A7468464579,临沂,973002,2
A7386292833,临沂,973002,2
A7458440592,临沂,973002,2
A7469401529,临沂,1178661,2
A7465923835,临沂,1178661,2
A7469393154,临沂,1178661,2
A7469407450,临沂,1178661,2
A7388640357,临沂,1010844,2
A7454011112,临沂,972845,2
A7417168007,临沂,972845,2
A7461701645,临沂,678059,2
A7416873667,临沂,1441014,2
A7331392289,临沂,863140,2
A7460706868,临沂,863140,2
A7361005156,临沂,863140,2
A7450866767,临沂,863140,2
A7422399586,临沂,863140,2
A6692387501,临沂,1441014,2
A6765558432,临沂,1441014,2
R1539594523778058,临沂,677975,2
A7254284289,临沂,1441014,2
A7459303566,临沂,1441014,2
A7471441267,临沂,1441014,2
A7451639217,临沂,1441014,2
A7428326407,临沂,1441014,2
A7475772170,临沂,1441014,2
A7319812412,临沂,863140,2
A7414609333,临沂,677975,2
A7468729366,临沂,1073554,2
A7477103808,临沂,678231,2
A7462331045,临沂,1073554,2
A7464263578,临沂,1073554,2
A7444652394,临沂,1073554,2
A7380205359,临沂,1073554,2
A7478489362,临沂,678231,2
A7478495623,临沂,678231,2
A7478414539,临沂,678231,2
A7451683551,临沂,677975,2
A7409954881,临沂,678231,2
A7368129300,临沂,678231,2
A7477936949,临沂,678231,2
A7459183221,临沂,678231,2
A7474558539,临沂,678231,2
A7477104956,临沂,678231,2
A7429254574,临沂,1441014,2
A7449901409,临沂,1186410,2
R4145176296188941,临沂,1186410,2
A7435053992,临沂,1471075,2
A7470357247,临沂,1471075,2
A7435054233,临沂,1471075,2
A7381172337,临沂,1471075,2
A7381185555,临沂,1471075,2
A7446499096,临沂,1471075,2
A7433868474,临沂,1471075,2
A7422981544,临沂,973232,2
R4188816452742146,临沂,1186410,2
A7401215719,临沂,973232,2
A7462384976,临沂,973232,2
A7355503560,临沂,973232,2
A7423858194,临沂,973232,2
A7424561202,临沂,973232,2
A7422547926,临沂,973232,2
A7434496290,临沂,1471075,2
A7464325690,临沂,677996,2
A7419627229,临沂,677996,2
A7420397053,临沂,677996,2
A7419585397,临沂,677996,2
A7419629486,临沂,677996,2
A7366212355,临沂,1664010,2
A7458716338,临沂,1664010,2
A7445564049,临沂,1664010,2
A7478633383,临沂,1664010,2
A7445248137,临沂,1664010,2
A7448826728,临沂,1664010,2
A7379099306,临沂,1664010,2
A7459477079,临沂,1664010,2
A7401432770,临沂,1664010,2
A7467797141,临沂,1664010,2
A7476890763,临沂,1186410,2
A7344496227,临沂,1073554,2
A7174172175,临沂,1073554,2
A7439886679,临沂,972845,2
A7459265555,临沂,1005127,2
A7376352294,临沂,973176,2
A6915524394,临沂,1005127,2
A7140787307,临沂,1005127,2
A7471421314,临沂,1005127,2
A7471420324,临沂,1005127,2
A7470402814,临沂,1005127,2
A7470403925,临沂,1005127,2
A7139340414,临沂,973176,2
A7459269225,临沂,1005127,2
A7472861630,临沂,1005127,2
A7388011035,临沂,1005127,2
A7340384044,临沂,1187584,2
A7457566472,临沂,1187584,2
A7459153345,临沂,1187584,2
A7416646097,临沂,973176,2
A7452485336,临沂,973176,2
A7445685419,临沂,1073554,2
A7418514155,临沂,677007,2
A7419301445,临沂,972845,2
A7379026540,临沂,677007,2
A7455859752,临沂,677007,2
A7371663763,临沂,677007,2
A7429226316,临沂,677007,2
A7471159057,临沂,677007,2
A7427435952,临沂,677007,2
A7416641833,临沂,973176,2
A7475462741,临沂,677007,2
A7444541518,临沂,677007,2
A7455615517,临沂,677007,2
A7199674924,临沂,973176,2
A7471601458,临沂,973176,2
A7404123795,临沂,973176,2
A7459355296,临沂,1187584,2
A7360848304,临沂,1187584,2
A7459363947,临沂,1187584,2
A7478513648,临沂,677938,2
A7454735588,临沂,945728,2
A7432128933,临沂,945728,2
A7462818353,临沂,677938,2
A7372705513,临沂,677938,2
A7378767734,临沂,677938,2
A7417795026,临沂,677938,2
A7460100785,临沂,677938,2
A7459355800,临沂,1187584,2
A7478623575,临沂,677938,2
A7478637581,临沂,677938,2
A7324550388,临沂,677938,2
A7372811281,临沂,678169,2
A7310170278,临沂,1073554,2
A7408125623,临沂,945728,2
A7445749315,临沂,945728,2
A7425046403,临沂,945728,2
A7425031150,临沂,945728,2
A7348723581,临沂,945728,2
A7414737961,临沂,1220705,2
A7243308314,临沂,1220705,2
A7462440794,临沂,1220705,2
A7470423702,临沂,1220705,2
A7413687867,临沂,1220705,2
A7449836802,临沂,1220705,2
A7438909751,临沂,1220705,2
A7412779359,临沂,1220705,2
A7337617797,临沂,1220705,2
A7449832893,临沂,1220705,2
A7444999730,临沂,1187584,2
A7459364351,临沂,1187584,2
A7434990010,临沂,1235216,2
A7440639315,临沂,1235216,2
A7433362194,临沂,1235216,2
A7430904590,临沂,1410671,2
A7374525186,临沂,940357,2
A7437278384,临沂,1410671,2
A7455590881,临沂,1410671,2
A7430854999,临沂,1410671,2
A7356218080,临沂,1410671,2
A7447974712,临沂,1410671,2
A7356213497,临沂,1410671,2
A7191615994,临沂,940357,2
A7470319468,临沂,1410671,2
A7406670318,临沂,1410671,2
A7324734333,临沂,1410671,2
A7328979250,临沂,1190505,2
A7430283233,临沂,1190505,2
A7430886694,临沂,1190505,2
A7397555384,临沂,940357,2
A7359641308,临沂,940357,2
A7467988862,临沂,973270,2
A7467130477,临沂,973270,2
A7472225743,临沂,973270,2
A7467912461,临沂,973270,2
A7467908271,临沂,973270,2
A7352087621,临沂,973270,2
A7377126505,临沂,940357,2
A7440927043,临沂,940357,2
A7385477769,临沂,940357,2
A7451521354,临沂,940357,2
A7348101590,临沂,940357,2
A7234224871,临沂,940357,2
A7447506949,临沂,1190505,2
A7439966074,临沂,1190505,2
A7443143939,临沂,1190505,2
A7416977183,临沂,1131057,2
A7442080965,临沂,1002819,2
A7407985847,临沂,1002819,2
A7478649702,临沂,1131057,2
A7479187666,临沂,1131057,2
A7411543204,临沂,1131057,2
A7396270452,临沂,1131057,2
A7404164280,临沂,1131057,2
A7355464580,临沂,1190505,2
A7418557528,临沂,1131057,2
A7219054593,临沂,1131057,2
A7478438251,临沂,1131057,2
A7445537160,临沂,1131057,2
A7415802021,临沂,1179514,2
A7455826833,临沂,1179514,2
A7474010866,临沂,1002819,2
A7470484961,临沂,1002819,2
A7457557678,临沂,1002819,2
A7458557769,临沂,1002819,2
A7465026933,临沂,940905,2
A7473647309,临沂,940905,2
A7472773791,临沂,940905,2
A7465473805,临沂,940905,2
A7473893826,临沂,940905,2
A7472998306,临沂,940905,2
A7473074798,临沂,940905,2
A7207445674,临沂,940905,2
A7469688148,临沂,940905,2
A7472997285,临沂,940905,2
A7423917286,临沂,1190505,2
A7453107297,临沂,1190505,2
A7447165540,临沂,1190505,2
A7467915704,临沂,973270,2
A7254133210,临沂,973270,2
A7446175860,临沂,1235216,2
A7453539060,临沂,1432984,2
A7456833094,临沂,1075586,2
A7457497019,临沂,1075586,2
A7440011562,临沂,1075586,2
A7431026568,临沂,1432984,2
A7432803891,临沂,1432984,2
A7365388018,临沂,1432984,2
A7447984193,临沂,1432984,2
A7463628517,临沂,1075586,2
A7470664288,临沂,1432984,2
A7341269251,临沂,1432984,2
A7470425251,临沂,676749,2
A7455904447,临沂,676749,2
A7478687808,临沂,676749,2
A7471371038,临沂,1075586,2
A7479288136,临沂,1075586,2
A7467911745,临沂,973270,2
A7462422145,临沂,678196,2
A7472109846,临沂,678059,2
A7400684531,临沂,678059,2
A7460741575,临沂,678196,2
A7387645802,临沂,678196,2
A7462557436,临沂,678196,2
A7461831550,临沂,678196,2
A7394540501,临沂,678196,2
A7449589940,临沂,1075586,2
A7257935545,临沂,678196,2
A7442887413,临沂,678196,2
A7457465651,临沂,678196,2
A7476314436,临沂,1075586,2
A7460936223,临沂,1075586,2
A7479180540,临沂,1075586,2
A7388926068,临沂,677785,2
A7450833035,临沂,972769,2
A7452498803,临沂,972769,2
R3464247362690056,临沂,972769,2
A7459122903,临沂,972769,2
A7478491076,临沂,677785,2
A7478555340,临沂,677785,2
A7478492412,临沂,677785,2
A7413819590,临沂,677785,2
A7331262111,临沂,677785,2
A7477716903,临沂,677785,2
A7386323574,临沂,677785,2
A7386925966,临沂,677785,2
A7467202973,临沂,973270,2
A7451237514,临沂,972769,2
A7433415658,临沂,972769,2
A7476491543,临沂,972769,2
A7445300968,临沂,1233782,2
A7411702451,临沂,1233782,2
A7454360782,临沂,1233782,2
A7430850153,临沂,1233782,2
A7358912303,临沂,1233782,2
A7429359875,临沂,1233782,2
A7474896058,临沂,1187551,2
A7444440382,临沂,1187551,2
A7413856523,临沂,1187551,2
A7438097825,临沂,1187551,2
A7415714476,临沂,1187551,2
A7475770523,临沂,1187551,2
A7391822805,临沂,1187551,2
A7408901970,临沂,1187551,2
A7454183565,临沂,1179514,2
A7415953509,临沂,1179514,2
A7455953638,临沂,1179514,2
A7445138327,临沂,1527674,2
A7387868078,临沂,1527674,2
A7407841847,临沂,1527674,2
A7360884029,临沂,1527674,2
A7474817337,临沂,1527674,2
A7425622680,临沂,1527674,2
A7474817597,临沂,1527674,2
A7466811977,临沂,1195820,2
A7401412998,临沂,1527674,2
A7364922718,临沂,1195820,2
A7473707539,临沂,1195820,2
A7462679658,临沂,1195820,2
A7466808297,临沂,1195820,2
A7462718792,临沂,1195820,2
A7466822990,临沂,1195820,2
A7475781039,临沂,1527674,2
A7423141666,临沂,1527674,2
A7468795086,临沂,1179514,2
A7460650086,临沂,972750,2
A7387650387,临沂,1059633,2
A7469848211,临沂,1059633,2
A7460637723,临沂,972750,2
A7461980530,临沂,972750,2
A7460854812,临沂,972750,2
A7464405855,临沂,972750,2
A7403294413,临沂,972750,2
A7415220888,临沂,677559,2
A7469889351,临沂,677559,2
A7451746289,临沂,677559,2
A7469864068,临沂,677559,2
A7374529537,临沂,677559,2
A7374523944,临沂,677559,2
A7469891665,临沂,677559,2
A7466821377,临沂,1195820,2
A7338085269,临沂,1195820,2
A7455764620,临沂,1195820,2
A7281276824,临沂,1265102,2
A7407767316,临沂,1265102,2
A7397517572,临沂,1265102,2
A7431797437,临沂,1265102,2
A7419785709,临沂,1265102,2
A7435047760,临沂,1265102,2
A7365360454,临沂,1265102,2
A7458276648,临沂,1265102,2
A7457596049,临沂,1265102,2
A7390201005,临沂,1265102,2
A7435187089,临沂,1235216,2
A7467929486,临沂,1235216,2
A7471414669,临沂,1235216,2
A7435700122,临沂,1235216,2
R4408986199270404,临沂,1186475,2
A7476295260,临沂,1186475,2
A7473103888,临沂,1186475,2
A7464528069,临沂,1186475,2
A7430824215,临沂,1186475,2
A7400434956,临沂,1186475,2
A7455548538,临沂,1186475,2
A7431098440,临沂,1186475,2
A7372430467,临沂,1014918,2
A7468616912,临沂,1014918,2
A7410756496,临沂,1014918,2
A7478537965,临沂,1014918,2
A7471297696,临沂,1059633,2
A7467532527,临沂,1059633,2
A7426682878,临沂,1059633,2
A7018186834,临沂,677064,2
A7428404213,临沂,1147500,2
A7201827218,临沂,1147500,2
A7475556529,临沂,1147500,2
A7477999485,临沂,1147500,2
A7475549721,临沂,1147500,2
A7445366209,临沂,677064,2
A7363768538,临沂,677064,2
A7444654523,临沂,677064,2
A7445497070,临沂,677064,2
A7439243708,临沂,677064,2
A7457653494,临沂,677064,2
A7423986225,临沂,677064,2
R3660945439712260,临沂,677064,2
A7326319776,临沂,1147500,2
A7475434314,临沂,1147500,2
A7407983741,临沂,1147500,2
A7403135728,临沂,1147500,2
A7475473273,临沂,1147500,2
A7349373875,临沂,945720,2
A7443805383,临沂,945720,2
A7465612763,临沂,945720,2
A7428393169,临沂,945720,2
A7413334451,临沂,945720,2
A7474795659,临沂,945720,2
A7467027916,临沂,945720,2
A7475805062,临沂,945720,2
A7438859115,临沂,1179514,2
A7458555065,临沂,1179514,2
A7467658141,临沂,1179514,2
A7438863733,临沂,1179514,2
A7461736794,临沂,972785,2
A7081394652,临沂,1059633,2
A7467743392,临沂,1043414,2
A7408994783,临沂,677006,2
A7420666034,临沂,973133,2
A7478456025,临沂,1043414,2
A7478399804,临沂,1043414,2
A7412770623,临沂,1043414,2
A7412448582,临沂,1043414,2
A7444627317,临沂,972785,2
A7452262476,临沂,1043414,2
R3699446133923845,临沂,1043414,2
A7417640630,临沂,1059633,2
A7479343154,临沂,1059633,2
A7215133222,临沂,1059633,2
A7479345508,临沂,1059633,2
A7409014993,临沂,677006,2
A7455854406,临沂,677006,2
A7462698293,临沂,677006,2
A7451447256,临沂,677006,2
A7462555265,临沂,677006,2
A7425768045,临沂,677006,2
A7428562347,临沂,1042472,2
A7391115208,临沂,1042472,2
A7394380016,临沂,1042472,2
A7279393241,临沂,1042472,2
A7386867676,临沂,1042472,2
A7470242390,临沂,1042472,2
A7405968827,临沂,1042472,2
A7468558926,临沂,1042472,2
A7458313200,临沂,1042472,2
A7446253020,临沂,1087445,2
A7397370812,临沂,1087445,2
A7360227048,临沂,1087445,2
A7463753839,临沂,1087472,2
A7383329582,临沂,1088814,2
A7425738746,临沂,1088814,2
A7364455197,临沂,1088814,2
A7386202441,临沂,1088814,2
A7473729470,临沂,1088814,2
A7428431554,临沂,1088814,2
A7477830418,临沂,1087472,2
A7221510744,临沂,1088814,2
A7464365324,临沂,1087472,2
A7458590997,临沂,1087472,2
A7442030126,临沂,1186404,2
R4459000105544717,临沂,1186404,2
A7430709252,临沂,972894,2
A7403306004,临沂,1088814,2
A7473770697,临沂,1088814,2
A7180107396,临沂,678206,2
A7464354305,临沂,1410691,2
A7401334501,临沂,678206,2
A7377997767,临沂,678206,2
A7311773339,临沂,678206,2
A6723863775,临沂,678206,2
A7456600956,临沂,1410691,2
A7450602081,临沂,1410691,2
A7456583551,临沂,1410691,2
A7383328670,临沂,1088814,2
A6768933132,临沂,1410691,2
A7448308687,临沂,1410691,2
A7456577232,临沂,1410691,2
A7451561076,临沂,1410691,2
A7451391927,临沂,1410691,2
A7457546797,临沂,1410691,2
A7423239171,临沂,678258,2
A7438039515,临沂,678258,2
A7340559952,临沂,678258,2
A7422179705,临沂,1314668,2
A7363892446,临沂,1314668,2
A7453229986,临沂,1314668,2
A7470584936,临沂,1314668,2
A7413969065,临沂,1314668,2
A7340561945,临沂,678258,2
A7467076263,临沂,1314668,2
A7146247749,临沂,1314668,2
A7416042336,临沂,1314668,2
A7452239953,临沂,1314668,2
A7399503087,临沂,1410670,2
A7398538435,临沂,1410670,2
A7380096081,临沂,1410670,2
A7452334766,临沂,1410670,2
A7374632342,临沂,1410670,2
A7446245777,临沂,1071826,2
A7447305416,临沂,1071826,2
A7444383697,临沂,1071826,2
A7423834394,临沂,1071826,2
A7478595686,临沂,1071826,2
A6545073046,临沂,678258,2
A6626720800,临沂,678258,2
A7332962006,临沂,678258,2
A7330507002,临沂,678258,2
A7423239775,临沂,678258,2
A7438040986,临沂,678258,2
A6771545464,临沂,678206,2
A7349459057,临沂,678206,2
A7477173182,临沂,677929,2
A7270055719,临沂,677929,2
A7400467792,临沂,677929,2
A7345912351,临沂,678206,2
A7478377451,临沂,1474255,2
A7433969254,临沂,1479147,2
A7478405339,临沂,1479147,2
A7476941008,临沂,1479147,2
A7436580703,临沂,1479147,2
A7476922025,临沂,1479147,2
A7453548092,临沂,1479147,2
A7391080918,临沂,1474255,2
A7228274554,临沂,945080,2
A7384251428,临沂,1474255,2
A7383264503,临沂,1474255,2
A7468816687,临沂,1474255,2
A7102867371,临沂,1474255,2
A7082967302,临沂,1474255,2
A7413168623,临沂,1474255,2
A7384206702,临沂,972827,2
A7454872022,临沂,972827,2
A6824227480,临沂,972827,2
A7207517652,临沂,972827,2
A7401092469,临沂,972827,2
A7440066479,临沂,972827,2
A7409253960,临沂,1189792,2
A6711439631,临沂,972827,2
A7451398262,临沂,972827,2
A7397532625,临沂,972827,2
A7361468868,临沂,678206,2
A7392151298,临沂,678206,2
A7457491749,临沂,1189792,2
A7387884974,临沂,1189792,2
A7440864929,临沂,1189792,2
A7409061824,临沂,1189792,2
A7459252082,临沂,1189792,2
A7459274774,临沂,1189792,2
A7226538652,临沂,1189792,2
A7450713845,临沂,1189792,2
A7389749000,临沂,1189792,2
A7479596211,临沂,1073549,2
A7384400672,临沂,972664,2
A7473863248,临沂,972632,2
A7444565000,临沂,972632,2
A7423097721,临沂,972632,2
A7455953152,临沂,972632,2
A7441045526,临沂,972664,2
A7437274444,临沂,972664,2
R3549800203640840,临沂,972664,2
A7301307432,临沂,973252,2
A7445387044,临沂,973252,2
R3765926003125249,临沂,973252,2
A7469385523,临沂,972632,2
A7406653269,临沂,972637,2
A7473072838,临沂,1161326,2
A7460120073,临沂,972637,2
A7455614215,临沂,972637,2
A7425564544,临沂,1161326,2
A7442535875,临沂,1161326,2
A7296645950,临沂,1161326,2
A7439849403,临沂,1161326,2
A7476003638,临沂,992364,2
A7455783021,临沂,992364,2
A7454999788,临沂,992364,2
A7395479387,临沂,678303,2
A7455005485,临沂,992364,2
A7418594685,临沂,678303,2
A7261394033,临沂,678303,2
A7256573071,临沂,678303,2
A7299559835,临沂,678303,2
R3438606840079361,临沂,1187045,2
A7329127300,临沂,1187045,2
A7316222183,临沂,1187045,2
A7441899455,临沂,1020105,2
A7449820780,临沂,1020105,2
A7459852958,临沂,972637,2
A7385299782,临沂,972637,2
A7369172407,临沂,973190,2
A7245969546,临沂,677786,2
A7478660309,临沂,677786,2
A7448937626,临沂,677786,2
A7475492565,临沂,677786,2
A7479305410,临沂,973190,2
A7401675548,临沂,973190,2
R2600754880949262,临沂,973190,2
A7446527048,临沂,972782,2
A7445242155,临沂,1491229,2
A7441690685,临沂,1491229,2
A7479522188,临沂,1491229,2
A7479548697,临沂,1491229,2
A7445487463,临沂,1491229,2
A7257535386,临沂,1491229,2
A7423221734,临沂,676995,2
A7446512547,临沂,972782,2
A7362047612,临沂,972637,2
A7459211171,临沂,1491229,2
A7432302958,临沂,1491229,2
A7438934926,临沂,1491229,2
A7458297286,临沂,1382671,2
A7453126885,临沂,1382671,2
A7391244883,临沂,995205,2
A7443451961,临沂,1491229,2
A7439874049,临沂,995205,2
A7430038047,临沂,995205,2
A7439863084,临沂,995205,2
A7286895085,临沂,995205,2
A7439870700,临沂,995205,2
A7317958828,临沂,995205,2
A7421495910,临沂,1382671,2
A7421533529,临沂,1382671,2
A7365341663,临沂,1382671,2
A7421630504,临沂,1382671,2
A7457283246,临沂,1382671,2
A7461452089,临沂,1382671,2
A7459177586,临沂,1382671,2
A7448900661,临沂,1382671,2
A7458621765,临沂,1309979,2
A7080258883,临沂,1309979,2
A7466981050,临沂,1309979,2
A7431732614,临沂,1309979,2
A7408791480,临沂,1309979,2
A7438816675,临沂,972687,2
A7470818556,临沂,972687,2
A7469042383,临沂,972687,2
A7467205221,临沂,1479147,2
A7444428286,临沂,1479147,2
A7433307983,临沂,1479147,2
A7380290988,临沂,1087494,2
A7427350546,临沂,1183685,2
A7317708282,临沂,1183685,2
A7461594094,临沂,1183685,2
A7424915105,临沂,1183685,2
A7458252596,临沂,1647258,2
A7421318229,临沂,992363,2
A7128076350,临沂,992363,2
A7324654640,临沂,992363,2
A7385490174,临沂,992363,2
A7436405204,临沂,992363,2
A7421235607,临沂,992363,2
A7435859418,临沂,992363,2
R4154901118884870,临沂,992363,2
A7442456183,临沂,1647258,2
A7459966653,临沂,1647258,2
A7340383908,临沂,1647258,2
A7443819678,临沂,1647258,2
A7417680532,临沂,1647258,2
A7350119948,临沂,1647258,2
A7239529824,临沂,1647258,2
A7464763150,临沂,1217086,2
A7464782591,临沂,1217086,2
A7433570273,临沂,1217086,2
A7444646650,临沂,677985,2
A7418581014,临沂,1217086,2
A7469478979,临沂,1217086,2
A7430704883,临沂,1217086,2
A7417592640,临沂,1217086,2
A7348791809,临沂,1217086,2
A7478605437,临沂,1217086,2
A7440001200,临沂,1314669,2
A7418367696,临沂,1314669,2
A7466864218,临沂,1314669,2
A7476967086,临沂,1314669,2
A7464477104,临沂,1314669,2
A7438179201,临沂,1314669,2
A7363351816,临沂,1314669,2
A7428413448,临沂,1314669,2
A7467485645,临沂,1314669,2
A7406166990,临沂,677985,2
A7461700023,临沂,677985,2
A7426830295,临沂,677985,2
A7445233706,临沂,677985,2
A7444632354,临沂,677985,2
A7478663871,临沂,992363,2
A7473876957,临沂,1479147,2
A7282158431,临沂,1050117,2
A7322949893,临沂,713981,2
A7423102608,临沂,1050117,2
A7455043536,临沂,1050117,2
A7446258805,临沂,1050117,2
A7282155449,临沂,1050117,2
A7282197071,临沂,1050117,2
A7348085676,临沂,1050117,2
A7459473884,临沂,1410687,2
A7236765519,临沂,1050117,2
A7436514604,临沂,1050117,2
A7396347215,临沂,1087495,2
A7249452654,临沂,1087495,2
A7445563778,临沂,1087495,2
A7343552323,临沂,1087495,2
A7461100310,临沂,1410687,2
A7300270025,临沂,1410687,2
A7401314235,临沂,1087443,2
A7475571287,临沂,1087443,2
A7415786322,临沂,1087443,2
A7470624836,临沂,1087443,2
A7420296551,临沂,1087443,2
A7446483059,临沂,1087443,2
A7336841449,临沂,1087443,2
A7476328782,临沂,1087443,2
A7460679497,临沂,1410687,2
A7478791864,临沂,1410687,2
A7402508320,临沂,1410687,2
A7470670989,临沂,1410687,2
A7463160561,临沂,1410687,2
A7409087557,临沂,1410687,2
A7444371640,临沂,1410687,2
A7444524683,临沂,1087495,2
A7445556545,临沂,1087495,2
A7464797555,临沂,1087495,2
A7478301905,临沂,1488221,2
A7412276048,临沂,972730,2
A7407622762,临沂,972730,2
A7420399308,临沂,972730,2
A7356863015,临沂,972730,2
A7427477612,临沂,1087495,2
A7418532876,临沂,713941,2
A7415959714,临沂,676996,2
A7462806582,临沂,676996,2
A7462810999,临沂,676996,2
R4297109600050187,临沂,676996,2
A7414274794,临沂,1488221,2
A7476327891,临沂,1488221,2
A7415014698,临沂,1488221,2
A7441830616,临沂,1488221,2
A7427397246,临沂,1488221,2
A7419544581,临沂,1488221,2
A7427419520,临沂,1488221,2
A7463389419,临沂,1380499,2
A7457602338,临沂,1380499,2
A7458278539,临沂,1380499,2
A7444765116,临沂,1380499,2
A7465280842,临沂,1380499,2
A7448743535,临沂,1380499,2
A7451342310,临沂,1380499,2
A7451573865,临沂,1380499,2
A7445579926,临沂,1087495,2
A7462935078,临沂,1087495,2
A7466788417,临沂,1295651,2
A7472721347,临沂,1295651,2
A7459998361,临沂,1295651,2
A7351497048,临沂,1431486,2
A7439820225,临沂,1410672,2
A7439690641,临沂,1410672,2
A7419668589,临沂,1410672,2
A7446503891,临沂,1410672,2
A7439710505,临沂,1410672,2
A7439692863,临沂,1410672,2
A7344361425,临沂,1431486,2
A7422124071,临沂,1410672,2
A7205205998,临沂,1431486,2
A7344374469,临沂,1431486,2
A7419706165,临沂,1431486,2
A7301341492,临沂,1431486,2
A7289622059,临沂,1431486,2
A7456568263,临沂,1431486,2
A7404030430,临沂,1410672,2
A7442093113,临沂,1410672,2
A7462929842,临沂,1295651,2
A7342887665,临沂,1510765,2
A7476399957,临沂,1376769,2
A7321377613,临沂,1376769,2
A7467820001,临沂,1376769,2
A7438025480,临沂,1376769,2
A7450629146,临沂,1510765,2
A7447450100,临沂,1510765,2
A7469426024,临沂,1510765,2
A7466861572,临沂,1410672,2
A7438012150,临沂,1510765,2
A7478681177,临沂,1510765,2
A7474586879,临沂,1510765,2
A7460896106,临沂,1510765,2
A7416137964,临沂,1510765,2
A7473778326,临沂,1510765,2
A7460968130,临沂,1431486,2
A6835809979,临沂,1431486,2
A7451467928,临沂,677090,2
A7205810513,临沂,1399780,2
A7417054358,临沂,1399780,2
A7435867955,临沂,1399780,2
A7425734672,临沂,1399780,2
A7428272644,临沂,1399780,2
A7352110417,临沂,1399780,2
A7456610157,临沂,1399780,2
A7374510337,临沂,677090,2
A7478410920,临沂,713807,2
A7413204516,临沂,713807,2
A7408753075,临沂,713807,2
A7455790623,临沂,713807,2
A7460895288,临沂,713807,2
A7441081533,临沂,1399780,2
A7417054686,临沂,1399780,2
A7441081788,临沂,1399780,2
A7357780346,临沂,1135225,2
A7409632374,临沂,1135225,2
A7403432309,临沂,1135225,2
A7365352558,临沂,677090,2
A7405033030,临沂,677090,2
A7413814679,临沂,677090,2
A7399549240,临沂,677090,2
A7384161836,临沂,677090,2
A7436571789,临沂,1376769,2
A7251966732,临沂,1376769,2
A7438103274,临沂,1376769,2
A7416744365,临沂,1269239,2
A7416085320,临沂,1269239,2
A7475366002,临沂,1269239,2
A7448915783,临沂,1269239,2
A7477070143,临沂,1269239,2
A7296774863,临沂,1180816,2
A7445433133,临沂,1180816,2
A7198956184,临沂,1180816,2
A7442945813,临沂,1180816,2
A7296579271,临沂,1180816,2
A7407126376,临沂,1180816,2
A7035515615,临沂,1180816,2
A7478008482,临沂,1269239,2
A7466185697,临沂,1269239,2
A7446684294,临沂,1020108,2
A7454149563,临沂,1020108,2
A7442893577,临沂,1020108,2
A7458268207,临沂,1020108,2
A7369057319,临沂,1020108,2
A7424008275,临沂,1007308,2
A7463482062,临沂,972616,2
A7467682106,临沂,972616,2
A7303904528,临沂,972616,2
A7415778782,临沂,972616,2
A7415813890,临沂,972616,2
A7442696878,临沂,1295651,2
A7477117812,临沂,1295651,2
R3644308720394247,临沂,1180816,2
A7412935926,临沂,1376769,2
A7076369162,临沂,1025551,2
A7323082174,临沂,973209,2
A7333850460,临沂,973209,2
R2185972069850120,临沂,973209,2
A7425735903,临沂,973209,2
A7425720036,临沂,973209,2
A7422150782,临沂,973209,2
A7478506286,临沂,1187042,2
A7404121784,临沂,1187042,2
A7404281096,临沂,1187042,2
A7430966738,临沂,1376769,2
A6693647655,临沂,1087498,2
R3614384640925697,临沂,1087498,2
A7466115123,临沂,1087498,2
A7218355248,临沂,1087498,2
A7439916431,临沂,1087498,2
A7428723106,临沂,1087498,2
A7442881415,临沂,678160,2
A7470510993,临沂,678160,2
A7418622569,临沂,1073549,2
A7459943660,临沂,1073549,2
A7358936151,临沂,1087443,2
A7461898312,临沂,1179513,2
A7463757388,临沂,1082967,2
A7189130976,临沂,1082967,2
A7371671707,临沂,1082967,2
A6723660612,临沂,1082967,2
A7441171707,临沂,1179513,2
A7366957640,临沂,1179513,2
A7374806768,临沂,1184564,2
A7461500025,临沂,677933,2
A7464257111,临沂,1082967,2
A7417831959,临沂,1018520,2
A7466917823,临沂,1192381,2
A7423249809,临沂,1018520,2
A7382140514,临沂,1107255,2
A7401502754,临沂,1106425,2
A7454079896,临沂,1192381,2
A7454079464,临沂,1192381,2
A7469604243,临沂,1192381,2
A7454978139,临沂,1192381,2
A7455783729,临沂,1192381,2
A7468779019,临沂,1192381,2
A7022191059,临沂,1192381,2
A7427277451,临沂,1192381,2
A7422033311,临沂,677933,2
A7461845542,临沂,677933,2
A7447217711,临沂,972688,2
A7454785525,临沂,972688,2
A7409028633,临沂,972688,2
A7434434568,临沂,972688,2
A7433195937,临沂,972688,2
A7464763440,临沂,972688,2
A7146262454,临沂,972688,2
A7452258651,临沂,972688,2
A7439724628,临沂,1135226,2
A7357603755,临沂,1135226,2
A7439729909,临沂,1135226,2
A7457512181,临沂,972688,2
A7474834426,临沂,1179508,2
A7469427779,临沂,1179508,2
A7458052288,临沂,1178876,2
A7475651890,临沂,1178876,2
A7166923344,临沂,1066633,2
A7338786402,临沂,1066633,2
A7463618088,临沂,1066633,2
A7460790242,临沂,1066633,2
A7393151890,临沂,1066633,2
A7393137676,临沂,1066633,2
A7460773354,临沂,1066633,2
A7416096946,临沂,1066633,2
A7392353570,临沂,1066633,2
A7234798554,临沂,1066633,2
A7421195573,临沂,1018520,2
A7416302309,临沂,1018520,2
A7338365459,临沂,1135226,2
A7467743183,临沂,1388611,2
A7452327724,临沂,1389246,2
A7426497849,临沂,1389246,2
A7397510897,临沂,1389246,2
A7454346048,临沂,1389246,2
A7374701838,临沂,1388611,2
A7410696317,临沂,1388611,2
A7467733797,临沂,1388611,2
A7451914932,临沂,1073565,2
A7444598235,临沂,1388611,2
A7415928084,临沂,1388611,2
A7432755742,临沂,1059632,2
A7453514836,临沂,1059632,2
A7444326402,临沂,1059632,2
A7218429721,临沂,1389246,2
A7445749255,临沂,1073565,2
A7405217205,临沂,1018520,2
A7466777641,临沂,1073565,2
A7426688028,临沂,676827,2
A7467033786,临沂,1496459,2
A7417696637,临沂,1235217,2
A7464802688,临沂,1235217,2
A7471263330,临沂,678201,2
A7448894894,临沂,678201,2
A7439058448,临沂,678201,2
A7447164430,临沂,1496459,2
A7450409503,临沂,1068765,2
A7467553324,临沂,1496459,2
A7468947245,临沂,1496459,2
A7439096450,临沂,1496459,2
A7468777132,临沂,1496459,2
A7477120095,临沂,1496459,2
A7437099344,临沂,1496459,2
A7427523597,临沂,677636,2
A7396455905,临沂,677636,2
A7208338985,临沂,972605,2
A7461772825,临沂,1162421,2
A7319054520,临沂,1162421,2
A7463472469,临沂,1162421,2
A7463483934,临沂,1162421,2
A7386441033,临沂,1162421,2
A7296670388,临沂,1162421,2
A7296703338,临沂,1162421,2
A7461627645,临沂,1162421,2
A7135852451,临沂,1162421,2
R3078388857658381,临沂,1068765,2
A7400101305,临沂,1135226,2
A7399488875,临沂,1135226,2
A7432584641,临沂,1073549,2
A7404043581,临沂,1088121,2
A7477828185,临沂,972817,2
A7477967996,临沂,972817,2
A7479269801,临沂,972817,2
R4243915563163650,临沂,1088121,2
A7356972604,临沂,1173555,2
A7388893457,临沂,972817,2
A7476199772,临沂,1186460,2
A7372472710,临沂,1186460,2
A7254168821,临沂,1433004,2
A7477825654,临沂,972817,2
A7396373663,临沂,972817,2
A7397385527,临沂,972817,2
A7356982367,临沂,677857,2
A7442925446,临沂,678162,2
A7362831837,临沂,1018018,2
R4356278995852294,临沂,1018018,2
A7397426516,临沂,972817,2
A6941735746,临沂,1433004,2
A7401421957,临沂,973149,2
A7419554491,临沂,972801,2
A7458508429,临沂,972801,2
A7477018925,临沂,972801,2
A7409807707,临沂,972801,2
A7478557778,临沂,972996,2
A7410069953,临沂,973149,2
A7341355709,临沂,973149,2
A7327491915,临沂,973149,2
A7470305602,临沂,973149,2
A7476237832,临沂,1173647,2
A7464332249,临沂,972722,2
R1489826679890955,临沂,1220714,2
A7456796059,临沂,1220714,2
A7474816548,临沂,1060275,2
A7106730343,临沂,1060275,2
A7255853660,临沂,1037611,2
A7471502789,临沂,972697,2
A7425154652,临沂,1205294,2
A7411557246,临沂,677269,2
A7444277355,临沂,677269,2
A7448712162,临沂,677269,2
A7478611401,临沂,766640,2
A7474845233,临沂,766640,2
A7477853009,临沂,766640,2
A7475679210,临沂,766640,2
A7442067349,临沂,677269,2
A7437952476,临沂,1230381,2
R3152907587673100,临沂,1205294,2
A7457415399,临沂,972841,2
A7327362099,临沂,972841,2
A6877169350,临沂,972841,2
A7456805530,临沂,972841,2
A7465307496,临沂,972841,2
A7457559913,临沂,972841,2
A7302076023,临沂,972841,2
A7458241965,临沂,972841,2
A7370390409,临沂,1230381,2
A7461641626,临沂,972841,2
A7290948860,临沂,973043,2
A7454846711,临沂,973043,2
A7479383938,临沂,678186,2
A7477738780,临沂,678186,2
A7446179785,临沂,678186,2
A7477696017,临沂,766640,2
A7475849903,临沂,766640,2
A7475511135,临沂,766640,2
A7469328266,临沂,945156,2
A7477244705,临沂,676831,2
A7478780303,临沂,972825,2
A7322987793,临沂,1071638,2
A7417142913,临沂,1071638,2
A7418558954,临沂,1071638,2
A7437906221,临沂,1205294,2
A7468716407,临沂,945156,2
A7456541124,临沂,1382684,2
A7332250804,临沂,1382684,2
A7370318883,临沂,1382684,2
A7455777439,临沂,1382684,2
A7459341254,临沂,1382684,2
A7395573290,临沂,1167890,2
A7365411479,临沂,1081110,2
A7310159893,临沂,1081110,2
A7425570690,临沂,992369,2
A7452446096,临沂,973216,2
R4539839095172097,临沂,973216,2
A7462692797,临沂,973216,2
A7291839668,临沂,677218,2
A7445144925,临沂,713684,2
A7478764921,临沂,972825,2
A7429107355,临沂,1082964,2
A7319608427,临沂,1376772,2
A7456554474,临沂,1425393,2
A7370249766,临沂,1425393,2
A7222228569,临沂,1425393,2
A6863467412,临沂,1425393,2
A7441823783,临沂,1425393,2
A7319615378,临沂,1376772,2
A7344339539,临沂,1376772,2
A7369545715,临沂,1425393,2
A7220731402,临沂,1376772,2
A7415745758,临沂,1376772,2
A7452460808,临沂,1376772,2
A7389088350,临沂,1385570,2
A7422318117,临沂,1385570,2
A7389107913,临沂,1385570,2
A7441822344,临沂,1425393,2
A7018024137,临沂,1425393,2
A7477901145,临沂,995828,2
A7362857425,临沂,995828,2
A7370326157,临沂,995828,2
A7458644270,临沂,995828,2
A7460157790,临沂,995828,2
A7307032000,临沂,995828,2
A7445050093,临沂,995828,2
A7322961979,临沂,995828,2
A7096521219,临沂,1087444,2
A7452179886,临沂,1425393,2
A7403274292,临沂,1087444,2
A7403277087,临沂,1087444,2
A7293785032,临沂,1087444,2
A7365333634,临沂,1087444,2
A7403314236,临沂,1087444,2
A7403239784,临沂,1087444,2
A7444392570,临沂,1384318,2
A7189036138,临沂,1669440,2
A7405777847,临沂,1669440,2
A7476200946,临沂,1384318,2
A7446124159,临沂,1384318,2
A7443466391,临沂,1384318,2
A7476885938,临沂,1384318,2
A7458526441,临沂,972754,2
A7407748495,临沂,972754,2
A7418559993,临沂,972754,2
A7461411903,临沂,972754,2
A7421494788,临沂,713723,2
A7407034864,临沂,713723,2
A7419579458,临沂,713723,2
A7374635622,临沂,1669440,2
A7342775262,临沂,1669440,2
A7374653167,临沂,1669440,2
A7359519180,临沂,1669440,2
A7398555652,临沂,1669440,2
A7342764061,临沂,1669440,2
A7341988148,临沂,1669440,2
A7398542512,临沂,1669440,2
A6871575971,临沂,1073567,2
A7395115444,临沂,1073567,2
A7262470995,临沂,1073567,2
A7262442332,临沂,1073567,2
A7370346240,临沂,995828,2
R2272226016109579,临沂,1082964,2
A7413808673,临沂,973160,2
A7388991487,临沂,677819,2
A7214672337,临沂,973160,2
A7214661135,临沂,973160,2
A7241491115,临沂,973160,2
A7134972402,临沂,973160,2
A6931091091,临沂,973160,2
A7473915146,临沂,973160,2
A7473891619,临沂,973160,2
A7388831420,临沂,973160,2
A7241645542,临沂,973160,2
A7453470214,临沂,973139,2
A7472957506,临沂,972760,2
A7455780638,临沂,1000617,2
A7465558220,临沂,1073549,2
A7451412624,临沂,1073549,2
A7446130729,临沂,1073549,2
A7464359461,临沂,1073549,2
A7429008693,临沂,677832,2
A7130228135,临沂,1000617,2
A7386483634,临沂,1000617,2
A7458449528,临沂,1000617,2
A7043302786,临沂,1000617,2
A7356907058,临沂,1000617,2
A7420214206,临沂,1505985,2
A7446501189,临沂,973139,2
A7443297984,临沂,973139,2
A7446280381,临沂,973139,2
A7384448999,临沂,972818,2
A7283491240,临沂,1019904,2
A7276949665,临沂,1019904,2
A7189895903,临沂,972818,2
A7247243296,临沂,972818,2
A7236874621,临沂,972818,2
A7381065565,临沂,972818,2
A7202516595,临沂,972818,2
A7454027619,临沂,973139,2
A7475667028,临沂,972818,2
A7475670576,临沂,972818,2
A7475683010,临沂,972818,2
A7475689642,临沂,972818,2
A7474490686,临沂,972760,2
A7443776692,临沂,1019904,2
A7473083100,临沂,973236,2
A7301260503,临沂,973236,2
A7303993536,临沂,973236,2
A7473098393,临沂,973236,2
A7319708829,临沂,973236,2
A7286016603,临沂,973236,2
A7373502324,临沂,973236,2
A7447210828,临沂,973236,2
A7399377312,临沂,973236,2
A7235207641,临沂,973236,2
A7403271651,临沂,973139,2
A7469452452,临沂,973139,2
A7405010341,临沂,973139,2
A7442664948,临沂,973139,2
A7403179205,临沂,973139,2
A7459127387,临沂,713723,2
A7356236949,临沂,713723,2
A7444175774,临沂,713723,2
A7295026837,临沂,1082069,2
R4180648215666694,临沂,972792,2
A7455094345,临沂,713802,2
R4593024794502158,临沂,713802,2
A7398361193,临沂,1073550,2
A7294665372,临沂,1082069,2
A7421159475,临沂,1082069,2
A7424208967,临沂,972792,2
A7399284476,临沂,1082069,2
A7400439308,临沂,1082069,2
A7400442748,临沂,1082069,2
A7404089420,临沂,1082069,2
A7443589727,临沂,1082069,2
A7466982511,临沂,1082069,2
R4390387313943558,临沂,972792,2
A7419292038,临沂,972708,2
A7341372082,临沂,713723,2
A7397585124,临沂,1087476,2
A7422414562,临沂,1087476,2
A7468862207,临沂,1087476,2
A7413109281,临沂,1087476,2
A7425810299,临沂,1087476,2
A7395410827,临沂,1087476,2
A7411381462,临沂,972708,2
A7458413420,临沂,1202239,2
A7443478922,临沂,1202239,2
A7450855321,临沂,972708,2
A7419536966,临沂,972708,2
A7459324776,临沂,972708,2
A7446324993,临沂,1293481,2
A7409295281,临沂,972855,2
A7405997186,临沂,972855,2
A7467702102,临沂,972855,2
A7408962975,临沂,972855,2
A7467207876,临沂,677080,2
R2442715126277134,临沂,1082964,2
A7397716687,临沂,1082964,2
A7238805062,临沂,1082964,2
A7430062323,临沂,1082964,2
A7238756949,临沂,1082964,2
A7407129504,临沂,972855,2
A7409735914,临沂,972855,2
A7468745006,临沂,972855,2
R4443847120591878,临沂,972855,2
A7445155169,临沂,677973,2
A7476287337,临沂,677973,2
A7406786527,临沂,677973,2
A7425808208,临沂,677973,2
A7413257780,临沂,677973,2
A7036864884,临沂,995204,2
A7478657359,临沂,995204,2
A7467047910,临沂,995204,2
A7418563941,临沂,995204,2
A7417723701,临沂,995204,2
A7470536109,临沂,1087476,2
A7470509660,临沂,1087476,2
A7423178685,临沂,1087476,2
A7471271616,临沂,973071,2
A7352296317,临沂,973071,2
A7449565877,临沂,973071,2
A7408053421,临沂,1370909,2
A7405699526,临沂,1370909,2
A7407766232,临沂,1370909,2
A7389984256,临沂,1370909,2
A7441228553,临沂,1370909,2
A7423135951,临沂,1191772,2
A7423927873,临沂,1191772,2
A7429215431,临沂,1191772,2
A7442922703,临沂,1020107,2
A7413220370,临沂,1020107,2
A7443603424,临沂,713723,2
A7443756948,临沂,713723,2
A7253434481,临沂,1087476,2
A7458429721,临沂,1667235,2
A7372428316,临沂,1667235,2
A7307371490,临沂,1667235,2
A7384168851,临沂,1667235,2
A7373310051,临沂,1667235,2
A7318758764,临沂,1667235,2
A7445270196,临沂,1667235,2
A7359549563,临沂,1667235,2
A7456561064,临沂,1082963,2
A7458418869,临沂,1667235,2
A7416966561,临沂,1667235,2
A7422021726,临沂,677074,2
A7469783002,临沂,677074,2
A7241684869,临沂,1376771,2
A7465346529,临沂,1376771,2
A7440995106,临沂,1238498,2
A7336889348,临沂,1238498,2
A7407626621,临沂,1238498,2
A7406593301,临沂,1238498,2
A7266667337,临沂,972892,2
A7467647588,临沂,1014917,2
A7087708938,临沂,713740,2
R2710173131250701,临沂,713740,2
A7473785646,临沂,713740,2
A7442602384,临沂,1082963,2
A7448198298,临沂,1082963,2
A7446497833,临沂,1087443,2
A6780399483,临沂,677909,2
A7407948902,临沂,1087445,2
A7467638418,临沂,973284,2
A7387713944,临沂,973269,2
A7479360716,临沂,973284,2
A7473569934,临沂,973284,2
A7444537599,临沂,973284,2
A7443734095,临沂,973284,2
A7444797567,临沂,973284,2
A7446173282,临沂,973284,2
A7425756071,临沂,973269,2
A7470779143,临沂,973284,2
A7358330851,临沂,973284,2
A7440790094,临沂,995826,2
A7423241300,临沂,995826,2
A7444499528,临沂,995826,2
A7451218849,临沂,995826,2
A7425766346,临沂,973269,2
A7425747722,临沂,973269,2
A7452116572,临沂,677858,2
A7464401943,临沂,1081718,2
A7067844737,临沂,677858,2
A7424171727,临沂,677858,2
A7365896521,临沂,677858,2
A7468557424,临沂,1081718,2
A7464420306,临沂,1081718,2
A7476320952,临沂,1081718,2
A7466273580,临沂,1081718,2
A7295650056,临沂,973269,2
A7464441111,临沂,1081718,2
A7450306572,临沂,1081718,2
A7368748369,临沂,677838,2
A7429112143,临沂,677838,2
A7401342821,临沂,677838,2
A7105195732,临沂,677838,2
A7479409916,临沂,1190488,2
A7479403742,临沂,1190488,2
A7408043711,临沂,1190488,2
A7467796439,临沂,677646,2
A7457413466,临沂,677646,2
A7442587459,临沂,677646,2
A7443708829,临沂,677646,2
A7144919322,临沂,677646,2
A7428436263,临沂,1190488,2
A7370596300,临沂,677646,2
A7443659978,临沂,677646,2
A7425515656,临沂,677646,2
A7467071889,临沂,677646,2
A7456265117,临沂,677646,2
R3046374687892494,临沂,1190488,2
A7426603471,临沂,1190488,2
A7408835043,临沂,1190488,2
A7444370714,临沂,1190488,2
A7472116054,临沂,1190488,2
A7424167584,临沂,677858,2
A7440774713,临沂,678225,2
A7419491186,临沂,676836,2
A7398460935,临沂,676836,2
A7365363709,临沂,676836,2
A7378304753,临沂,676836,2
A7472961181,临沂,676836,2
A7355472758,临沂,676836,2
A7472956498,临沂,676836,2
A7412290645,临沂,676836,2
A7403342692,临沂,676836,2
A7472963781,临沂,676836,2
A7423879334,临沂,972997,2
A7355566707,临沂,972997,2
A7421403153,临沂,972997,2
A7472032900,临沂,972997,2
A7375997236,临沂,678225,2
A7463343767,临沂,1510560,2
A7437303838,临沂,1510560,2
A7476922514,临沂,1510560,2
A7451233307,临沂,1510560,2
A7451241996,临沂,1510560,2
A7446174532,临沂,1510560,2
A7473662768,临沂,1510560,2
A7374513303,临沂,972997,2
A7291785029,临沂,972997,2
A7407573845,临沂,972997,2
A7394392195,临沂,1077760,2
A7328840901,临沂,1077760,2
A7467826642,临沂,1446314,2
A7466019793,临沂,1446314,2
R3951517563084807,临沂,1446314,2
A7412993645,临沂,972997,2
A7430987137,临沂,678225,2
A7455766468,临沂,678225,2
A7395097421,临沂,1077760,2
A7392252221,临沂,1077760,2
A7430821045,临沂,1077760,2
A7393803138,临沂,1077760,2
A7393794338,临沂,1077760,2
A7474735360,临沂,1048407,2
A7370638009,临沂,1048407,2
A7478410201,临沂,1048407,2
A7478415286,临沂,1048407,2
A7478411818,临沂,1048407,2
A7273577481,临沂,1048407,2
A7439910695,临沂,1048407,2
A7190566295,临沂,1048407,2
A7474731953,临沂,1048407,2
A7475441092,临沂,1048407,2
A7421420244,临沂,972997,2
A7412985920,临沂,972997,2
A7473202653,临沂,1127034,2
A7466282226,临沂,938432,2
A7455632279,临沂,973152,2
A7441085209,临沂,973152,2
A7417163958,临沂,973152,2
A7477719854,临沂,973152,2
A7477885668,临沂,973152,2
A7477933520,临沂,973152,2
A7333746692,临沂,938432,2
A7463689618,临沂,973152,2
A7341142539,临沂,938432,2
A7450686273,临沂,938432,2
A7315302942,临沂,938432,2
A7254047545,临沂,938432,2
A7385576950,临沂,973152,2
A7449876575,临沂,973152,2
A7467914660,临沂,1256982,2
A7263594970,临沂,972735,2
A7462663334,临沂,1256982,2
A7478314189,临沂,972735,2
A7464087087,临沂,972735,2
A7478609269,临沂,972735,2
A7478608018,临沂,972735,2
A7449704176,临沂,972735,2
A7331396417,临沂,972735,2
A7464124267,临沂,972735,2
A7453318620,临沂,972998,2
A7382481309,临沂,972830,2
A7407667116,临沂,1187601,2
A7336148352,临沂,972830,2
A7356859051,临沂,972830,2
A7382506282,临沂,972830,2
A7461770816,临沂,972830,2
A7236773145,临沂,972830,2
A7424012805,临沂,972830,2
A7385398973,临沂,972830,2
A7461456633,临沂,972830,2
A7461470424,临沂,972830,2
A7309997355,临沂,972877,2
A7346393070,临沂,678185,2
A7401949300,临沂,678185,2
A7460220581,临沂,1187601,2
A7440783023,临沂,1187601,2
A7440745825,临沂,1187601,2
A7449811616,临沂,1187601,2
A7460042440,临沂,1187601,2
A7449687266,临沂,1187601,2
A7442634232,临沂,1187601,2
A7429499323,临沂,1187601,2
A7460111701,临沂,1187601,2
A7472977969,临沂,676844,2
A7432555743,临沂,676844,2
A7472981901,临沂,676844,2
A7291762673,临沂,676844,2
A7180777784,临沂,676844,2
A7455102501,临沂,972998,2
A7467916894,临沂,1256982,2
A7417045612,临沂,1256982,2
A7474752895,临沂,1055573,2
A7476240667,临沂,1055573,2
A7475382910,临沂,1055573,2
A7452202307,临沂,1055573,2
A7476423399,临沂,1055573,2
A7464521770,临沂,1055573,2
A7469459464,临沂,1007305,2
A7469471715,临沂,1055573,2
A7445400830,临沂,1055573,2
A7463718315,临沂,972868,2
A7455799267,临沂,972868,2
A7399214116,临沂,972868,2
A7469415694,临沂,1007305,2
A7456425302,临沂,1007305,2
A7469603766,临沂,1256982,2
A7274534612,临沂,677607,2
A7443587470,临沂,677607,2
A7414900582,临沂,677607,2
A7457328940,临沂,677607,2
A7473053423,临沂,1007305,2
A7474041223,临沂,1007305,2
A7431146639,临沂,972868,2
A7465361097,临沂,972868,2
A7130103375,临沂,972868,2
A7262815053,临沂,1186417,2
A7304165784,临沂,1186417,2
A7291831080,临沂,1186417,2
A7277630160,临沂,1186417,2
A7479339062,临沂,1186417,2
A7307512410,临沂,1186417,2
A7253354733,临沂,1186417,2
A7274794717,临沂,1186417,2
A6799645311,临沂,972868,2
A7291822855,临沂,1186417,2
A7473914311,临沂,1256982,2
A7479136953,临沂,1256982,2
A7456715604,临沂,1256982,2
A7462630113,临沂,1256982,2
A7479110345,临沂,1256982,2
A6695928249,临沂,1186417,2
A7429385653,临沂,1046633,2
A7471619040,临沂,1046633,2
A7468015510,临沂,1046633,2
A7064836552,临沂,973208,2
A7447074185,临沂,973208,2
A7219621368,临沂,973208,2
A7336951908,临沂,973208,2
A6915437680,临沂,973208,2
A6932973871,临沂,973208,2
A7218860950,临沂,973208,2
A6943268746,临沂,973208,2
A6851964926,临沂,973208,2
A7189260408,临沂,973208,2
A7449684008,临沂,972868,2
A7458475559,临沂,972868,2
A7388078153,临沂,972868,2
A7399353892,临沂,1510560,2
A7445217249,临沂,1510560,2
A7407672624,临沂,1386532,2
A7461628846,临沂,677599,2
A7466181059,临沂,677599,2
A7230398096,临沂,677599,2
A7284154462,临沂,677599,2
A7357009550,临沂,677599,2
A7307049646,临沂,677599,2
A7234196329,临沂,677599,2
A7426581455,临沂,677599,2
A7421261204,临沂,678172,2
A7429393449,临沂,973238,2
A7474761128,临沂,973238,2
A7400200390,临沂,973238,2
A7460906254,临沂,973238,2
A7472946733,临沂,973238,2
A7476413703,临沂,973238,2
A7466341691,临沂,678172,2
A7477241122,临沂,678172,2
A7391238302,临沂,1419891,2
A7407970346,临沂,972909,2
A7451299543,临沂,972909,2
A7392017529,临沂,972909,2
A7451310730,临沂,972909,2
A7214972050,临沂,972909,2
A7401360772,临沂,972909,2
A7417857381,临沂,972909,2
A7425796131,临沂,972909,2
A7466954923,临沂,678172,2
A7417874732,临沂,972909,2
A7147872256,临沂,973047,2
A7285111630,临沂,973047,2
A7359596877,临沂,678172,2
R3045125570176004,临沂,678172,2
A7450854769,临沂,973238,2
A7474744838,临沂,973238,2
A7400506771,临沂,973238,2
A7344380344,临沂,677486,2
A7437240251,临沂,1177716,2
A7453203881,临沂,1177716,2
A7082977253,临沂,677486,2
A7449600692,临沂,1512989,2
A7340558313,临沂,677801,2
A7397233963,临沂,677801,2
A7437276230,临沂,677801,2
A7428509217,临沂,677801,2
A6839703170,临沂,677801,2
A7314715903,临沂,677801,2
A7359564753,临沂,1177716,2
A7291795211,临沂,1177716,2
A7261627550,临沂,1177716,2
A7265629735,临沂,1177716,2
A7432885512,临沂,1177716,2
A7432961639,临沂,1177716,2
A7432715322,临沂,1177716,2
A7468573930,临沂,1512989,2
A7463640294,临沂,1419891,2
A7464326030,临沂,1419891,2
A7405096948,临沂,1386532,2
A7439001723,临沂,1108599,2
A7419525510,临沂,973074,2
A7473036246,临沂,973074,2
A7448036175,临沂,973074,2
A7392912160,临沂,1108599,2
A7472938668,临沂,1108599,2
A7131715434,临沂,1108599,2
A7408925939,临沂,1108599,2
A7397377946,临沂,1108599,2
A7444038734,临沂,1108599,2
A7425799388,临沂,1187591,2
A7470811230,临沂,1187591,2
A7417889853,临沂,1187591,2
A7463433826,临沂,1187591,2
A7438980993,临沂,1419891,2
R2987565016114185,临沂,1154053,2
A7412413713,临沂,1087445,2
A7461059458,临沂,1087445,2
A7397426478,临沂,1087445,2
A7446253255,临沂,1087445,2
A7323914206,临沂,1154053,2
A7432582681,临沂,1154053,2
A7468622054,临沂,1154053,2
R4149559602293770,临沂,1154053,2
A7479245146,临沂,1187591,2
A7406984329,临沂,1187591,2
A7409585072,临沂,1187591,2
A7404420576,临沂,677616,2
A7425857867,临沂,1187591,2
A7385132310,临沂,1419891,2
A7389011685,临沂,1419891,2
A7452116677,临沂,1419891,2
A7402154434,临沂,1419891,2
A7464336864,临沂,1419891,2
A7475610789,临沂,1419891,2
A7440953144,临沂,677616,2
A7451445324,临沂,677616,2
A7461637149,临沂,677616,2
A7451439941,临沂,677616,2
A7479533935,临沂,677616,2
A7442049013,临沂,677616,2
A7434490518,临沂,677616,2
A7231918832,临沂,677616,2
A7441853114,临沂,677616,2
A7446340260,临沂,972766,2
A7432443183,临沂,972766,2
A7406931329,临沂,972766,2
A7442810171,临沂,972766,2
A7459334144,临沂,972766,2
A7406931058,临沂,972766,2
A7410667020,临沂,1187591,2
A7463495789,临沂,1187591,2
A7423882637,临沂,677801,2
A7423882190,临沂,677801,2
A7154433038,临沂,677801,2
A7424954713,临沂,1433003,2
A7475687109,临沂,1265103,2
A7458226933,临沂,1265103,2
A7473679668,临沂,1433003,2
A7470546968,临沂,1433003,2
A7403128096,临沂,1433003,2
A7458089624,临沂,1433003,2
A7385375634,临沂,1433003,2
A7445480874,临沂,1265103,2
A7434225875,临沂,1433003,2
A7467988994,临沂,1433003,2
A7458267191,临沂,1433003,2
A7388756370,临沂,871695,2
A7467043214,临沂,871695,2
A7467080954,临沂,871695,2
A7445463072,临沂,1265103,2
A7455929330,临沂,1265103,2
A7362063652,临沂,677630,2
A7364391492,临沂,1289921,2
A7461667081,临沂,1289921,2
A7366205034,临沂,1289921,2
A7437258617,临沂,677630,2
A7433455101,临沂,677630,2
A7293564053,临沂,677630,2
A7477767936,临沂,677630,2
A7377906141,临沂,1265103,2
A7469749516,临沂,677630,2
A7465614143,临沂,677630,2
A7361494665,临沂,1265103,2
A7451579063,临沂,1265103,2
A7445313206,临沂,1265103,2
A7457420915,临沂,1265103,2
A7428539294,临沂,871695,2
A7436411983,临沂,677842,2
A7222274207,临沂,677842,2
A7459329204,临沂,1386532,2
A7456580625,临沂,1139266,2
A7456836197,临沂,1139266,2
A7456732765,临沂,1139266,2
A7368651841,临沂,1139266,2
A7448904316,临沂,1386532,2
A7474506823,临沂,677842,2
A7469723574,临沂,1386532,2
A7458433870,临沂,1386532,2
A7457637153,临沂,1386532,2
A7437447838,临沂,1386532,2
A7447344795,临沂,1386532,2
A7469788172,临沂,1386532,2
A7453159216,临沂,677842,2
A6935965122,临沂,677842,2
A7432767786,临沂,677842,2
A7458302144,临沂,677842,2
A7164694893,临沂,677842,2
A7449750658,临沂,1289921,2
A7388816431,临沂,1289921,2
A7420539304,临沂,1289921,2
A7445765213,临沂,972780,2
A7427261773,临沂,1303117,2
A7472948560,临沂,1303117,2
A7473032574,临沂,1303117,2
A7427261478,临沂,1303117,2
A7038581603,临沂,1303117,2
A7462419084,临沂,972780,2
A7456387761,临沂,972780,2
A7358235327,临沂,973167,2
A7475001859,临沂,972780,2
A7429966068,临沂,972780,2
A7402567316,临沂,972780,2
A7475001845,临沂,972780,2
A7479471670,临沂,973167,2
A7385419413,临沂,973167,2
A7479200758,临沂,1303117,2
A7479205498,临沂,1303117,2
A7467888285,临沂,1303117,2
A7231137426,临沂,1303117,2
A7077300825,临沂,1303117,2
A7447168790,临沂,973167,2
A7395520478,临沂,1289921,2
A7382305110,临沂,1380500,2
A7457568148,临沂,678210,2
A7373681487,临沂,1380500,2
A7423239035,临沂,1380500,2
A7428344749,临沂,1380500,2
A7433496329,临沂,1380500,2
A7451639839,临沂,1380500,2
A7477771136,临沂,1380500,2
A7418642113,临沂,1380500,2
A7418635146,临沂,1380500,2
A7395126771,临沂,1380500,2
A7365808920,临沂,1289921,2
A7396205951,临沂,1289921,2
A7396210248,临沂,1289921,2
A7430065000,临沂,678210,2
A7348658433,临沂,678210,2
A7464256718,临沂,678210,2
A7458635605,临沂,678210,2
A7455672877,临沂,678210,2
R4427108199293956,临沂,1376380,2
R3836751877414919,临沂,1376380,2
R3836750229594116,临沂,1376380,2
A7472852393,临沂,1376380,2
A7427598005,临沂,1376380,2
A7324686243,临沂,1376380,2
A7466929124,临沂,1376380,2
A7395426057,临沂,1127034,2
A7251883059,临沂,1127034,2
A6604988419,临沂,677909,2
A7457763342,临沂,1380615,2
A7429128822,临沂,1278453,2
A7439227823,临沂,1278453,2
A7432733038,临沂,1278453,2
A7433530950,临沂,1278453,2
A7457773473,临沂,1380615,2
A7323029708,临沂,1380615,2
A7462495978,临沂,1526906,2
A7428364084,临沂,1278453,2
A7462630944,临沂,1526906,2
A7332951383,临沂,1526906,2
A7338214373,临沂,1526906,2
A7393979677,临沂,1526906,2
A7450887835,临沂,1437434,2
A7446347902,临沂,1437434,2
A7432666271,临沂,1278453,2
A7439216750,临沂,1278453,2
A7448167682,临沂,1199089,2
A7388966513,临沂,973283,2
A7363306855,临沂,1199089,2
A7404113636,临沂,1199089,2
A7400880374,临沂,1199089,2
A7428516363,临沂,1489179,2
A7405020023,临沂,1489179,2
A7436476409,临沂,973283,2
A7238706621,临沂,1198609,2
A7431168743,临沂,1278453,2
A7219842505,临沂,1198609,2
A6873364010,临沂,1198609,2
A7448819186,临沂,1198609,2
A7045580324,临沂,1198609,2
A7232997919,临沂,1198609,2
A7474804626,临沂,1198609,2
A7449562453,临沂,1437434,2
A7457390242,临沂,1437434,2
A7448805280,临沂,1437434,2
A7468561843,临沂,1179519,2
A7419558072,临沂,1179519,2
A7412315630,临沂,1179519,2
A7207358972,临沂,1179519,2
A7429175719,临沂,1179519,2
A7329905701,临沂,1179519,2
A7459982284,临沂,1179519,2
A7445422313,临沂,1179519,2
A7397653901,临沂,1437434,2
A7329906726,临沂,1179519,2
A7325566100,临沂,1179519,2
A7408083515,临沂,1314667,2
A7413087704,临沂,1314667,2
A7283375309,临沂,1314667,2
A7387804448,临沂,1314667,2
A7414959774,临沂,676718,2
A7464518718,临沂,676718,2
A7368274047,临沂,676718,2
A7227350653,临沂,676718,2
R4171994329340942,临沂,1477427,2
A7407697049,临沂,1477427,2
A7452501816,临沂,1477427,2
A7458951285,临沂,1477427,2
A7466328333,临沂,1477427,2
A7458434536,临沂,1477427,2
A7455903539,临沂,1477427,2
A7474568956,临沂,1477427,2
A7449746010,临沂,1477427,2
A7423430974,临沂,1437434,2
A7409224325,临沂,1437434,2
A7377288405,临沂,1437434,2
A7476360386,临沂,1199089,2
A7454945978,临沂,1199089,2
A7323059854,临沂,1314667,2
A7332868576,临沂,972761,2
A7427794780,临沂,1214944,2
A7421421639,临沂,1214944,2
A7422367513,临沂,1214944,2
A7126780359,临沂,1214944,2
A7476958875,临沂,972761,2
A7478391977,临沂,972761,2
A7476288561,临沂,972761,2
A7421075802,临沂,1214944,2
A7477612909,临沂,972761,2
A7478487075,临沂,972761,2
A7476307208,临沂,972761,2
A7476177757,临沂,972761,2
A7476280825,临沂,972761,2
A7423912797,临沂,713737,2
A7428118150,临沂,1214944,2
A7330765061,临沂,1214944,2
A7360290528,临沂,1199089,2
A7413140870,临沂,766262,2
A7397484205,临沂,766262,2
A7396723776,临沂,766262,2
A7456503085,临沂,766262,2
A7353754073,临沂,766262,2
A7402111077,临沂,766262,2
A7437925926,临沂,1012958,2
A7372828238,临沂,1214944,2
A7245051062,临沂,713737,2
A7458453317,临沂,713737,2
A7458423736,临沂,713737,2
A7471299582,临沂,1432987,2
A7150107220,临沂,1236475,2
A7393003909,临沂,1236475,2
A7479383669,临沂,1432987,2
A7417723362,临沂,1432987,2
A7422264887,临沂,1432987,2
A7468839347,临沂,1432987,2
A7386681196,临沂,1432987,2
A7435114453,临沂,713737,2
A7470634513,临沂,1432987,2
A7417681496,临沂,1432987,2
A7476905022,临沂,1432987,2
A7339697659,临沂,1199089,2
A7478645032,临沂,1199089,2
A7477628824,临沂,1199089,2
A7393039342,临沂,1236475,2
A7271741839,临沂,1236475,2
A7256796408,临沂,1236475,2
A7409667479,临沂,1236475,2
A7417014679,临沂,1236475,2
A7433655548,临沂,1236475,2
A7415942404,临沂,1236475,2
A7407818211,临沂,1236475,2
A7478346317,临沂,973207,2
A7413078664,临沂,973207,2
A7458458531,临沂,713737,2
A7413119032,临沂,1314667,2
A7390068739,临沂,1314667,2
A7478710917,临沂,1127034,2
A7448113545,临沂,1666655,2
A7228259928,临沂,1190483,2
A7039724942,临沂,1190483,2
A7410723699,临沂,1190483,2
A7457518108,临沂,973038,2
A7467757183,临沂,973038,2
A7461026168,临沂,973038,2
A7457550013,临沂,1666655,2
A7039730003,临沂,1190483,2
A7475526384,临沂,1666655,2
A7448148408,临沂,1666655,2
A7416700737,临沂,1666655,2
A7448138664,临沂,1666655,2
A7478566328,临沂,1666655,2
A7443720724,临沂,1666655,2
A7168487629,临沂,1190483,2
A7039718210,临沂,1190483,2
A7460194450,临沂,1088815,2
A7357647750,临沂,1088982,2
R4186068849172488,临沂,1088815,2
A7440213140,临沂,1088815,2
A7441827842,临沂,1088815,2
A7435128890,临沂,1088815,2
A7428461944,临沂,1088815,2
A7385260938,临沂,1088815,2
A7339905531,临沂,1088982,2
A7228343745,临沂,1190483,2
A7439663210,临沂,1088982,2
A7430846137,临沂,1088982,2
A7469776506,临沂,1088982,2
A7470410528,临沂,1088982,2
A7427756608,临沂,1088982,2
A7440607763,临沂,1088982,2
A7335202556,临沂,1666655,2
A7290896302,临沂,943576,2
A7443466741,临沂,943576,2
A7203167398,临沂,677909,2
A7277498278,临沂,1521317,2
A7401456623,临沂,1521317,2
A7479299843,临沂,1521317,2
A7465401003,临沂,1521317,2
A7423865051,临沂,1521317,2
A7263246411,临沂,677909,2
A7291116240,临沂,943576,2
A7408639151,临沂,677909,2
A7251905251,临沂,677909,2
A7354161449,临沂,677909,2
A7478380797,临沂,677909,2
A7445533969,临沂,677909,2
A7319727698,临沂,677909,2
A7336819727,临沂,1521317,2
A7440932493,临沂,1521317,2
A7460873044,临沂,1521317,2
A7462475059,临沂,1521317,2
A7462474451,临沂,1521317,2
A7469642680,临沂,943576,2
A7413132350,临沂,943576,2
A7451625656,临沂,943576,2
A7463496751,临沂,943576,2
A7448016308,临沂,943576,2
A7461561055,临沂,1088815,2
A7460653260,临沂,1088815,2
A7408098056,临沂,1314667,2
A7411631013,临沂,1624497,2
A7422259824,临沂,1624497,2
A7420340429,临沂,1624497,2
A7439929726,临沂,1624497,2
A7395451916,临沂,1624497,2
A7241713650,临沂,1624497,2
A7411624553,临沂,1624497,2
A7442535428,临沂,1624497,2
A7279482999,临沂,1276601,2
A7401326008,临沂,1276601,2
A7402157789,临沂,1624497,2
A7404266790,临沂,678168,2
A6996990491,临沂,677228,2
A7457605603,临沂,1314667,2
A7234011053,临沂,1314667,2
A6577419902,临沂,677228,2
A6819597985,临沂,677228,2
A7457476513,临沂,677228,2
A7076363761,临沂,677228,2
A7454135557,临沂,677097,2
A7453532904,临沂,677097,2
A7457319478,临沂,677097,2
A7459240319,临沂,677097,2
A7138267506,临沂,677097,2
A7355602802,临沂,677097,2
A7465335572,临沂,1276601,2
A7459912251,临沂,1276601,2
A7363816034,临沂,1276601,2
A7337538800,临沂,1087497,2
A7428187875,临沂,1087497,2
A7440142167,临沂,1087497,2
A7427582509,临沂,1087497,2
A7097567231,临沂,1087497,2
A7428486469,临沂,1088120,2
A7464386423,临沂,1276601,2
A7307503178,临沂,1088120,2
A7435806874,临沂,1520533,2
A7428227260,临沂,1132508,2
A7103370454,临沂,1132508,2
A7461883273,临沂,678168,2
A7470654934,临沂,678168,2
A7462561584,临沂,1087497,2
A7440138986,临沂,1087497,2
A7359522836,临沂,1087497,2
A7475394535,临沂,1087497,2
A7373471528,临沂,1087497,2
A7446273743,临沂,1388623,2
A7419552399,临沂,1388623,2
A7347376103,临沂,1388623,2
A7353550326,临沂,1388623,2
A7275722858,临沂,1388623,2
A7033870743,临沂,1388623,2
A7470346121,临沂,1388623,2
A7412374400,临沂,1388623,2
A7448914269,临沂,1388623,2
A7442757594,临沂,1276601,2
A7427810272,临沂,1276601,2
A7459911992,临沂,1276601,2
A7453971802,临沂,677071,2
A7454046098,临沂,677071,2
A7441705273,临沂,677071,2
A7475796663,临沂,1660606,2
A7415979189,临沂,1660606,2
A7462824960,临沂,1660606,2
A7416004650,临沂,1660606,2
A7416003240,临沂,1660606,2
A7415980001,临沂,1660606,2
A7413136933,临沂,1660606,2
A7408085709,临沂,1660606,2
A7362001472,临沂,1446810,2
A7361412361,临沂,1446810,2
A7392958294,临沂,1446810,2
A7405851570,临沂,1446810,2
A7360849681,临沂,1446810,2
A7386546945,临沂,1446810,2
A7475634341,临沂,1660606,2
A7457648753,临沂,1156542,2
A7454259105,临沂,1156542,2
A7449103302,临沂,1156542,2
A7469697121,临沂,1156542,2
A7427778820,临沂,1156542,2
R1706197298307072,临沂,1156542,2
A7461783814,临沂,1156542,2
A7469693215,临沂,1156542,2
A7387496090,临沂,1446810,2
A7404185959,临沂,1446810,2
A7381241866,临沂,1446810,2
A7387620274,临沂,1446810,2
A7116088818,临沂,973260,2
A7287997133,临沂,678347,2
A7323229130,临沂,1135229,2
A7448274803,临沂,1135229,2
A7388826297,临沂,1135229,2
A7395490330,临沂,1135229,2
R4232032226421766,临沂,1025061,2
A7410028244,临沂,1025061,2
A7478499258,临沂,1025061,2
A7394109480,临沂,1025061,2
A7394094775,临沂,1025061,2
A7385599064,临沂,1025061,2
A7385486048,临沂,1025061,2
A7445647823,临沂,1025061,2
A7443686840,临沂,938789,2
A7425787521,临沂,938789,2
A7474548044,临沂,938789,2
A7403239877,临沂,938789,2
A7403241076,临沂,938789,2
A7407983984,临沂,1156542,2
A7445308094,临沂,677071,2
A7450533981,临沂,1483586,2
A7347267002,临沂,1054478,2
A7458377018,临沂,1054478,2
A7347279830,临沂,1054478,2
A7458354777,临沂,1054478,2
A7400482980,临沂,1483586,2
A7459215836,临沂,1483586,2
A7459352136,临沂,1483586,2
A7469839880,临沂,1054478,2
A7458654158,临沂,1483586,2
A7459348996,临沂,1483586,2
A7427059165,临沂,1483586,2
A7459367663,临沂,1483586,2
A7466767522,临沂,1483586,2
A7466792664,临沂,1483586,2
A7472295709,临沂,1054478,2
A7458461050,临沂,1054478,2
A7479133491,临沂,1127034,2
A7291061331,临沂,1127034,2
A7374372469,临沂,1127034,2
A7368247259,临沂,1127034,2
A7309256015,临沂,1127034,2
A7374475264,临沂,1127034,2
A7458335096,临沂,1054478,2
A7329682139,临沂,1052585,2
A7313541735,临沂,1052585,2
A7458410189,临沂,1054478,2
A7458353571,临沂,1054478,2
A7478653018,临沂,1046907,2
A7475394176,临沂,1046907,2
A7440081250,临沂,1046907,2
A7479161853,临沂,1046907,2
A7479164194,临沂,1046907,2
A7437991076,临沂,1046907,2
A7479406122,临沂,1046907,2
A7437906932,临沂,1046907,2
A7479168311,临沂,1046907,2
A7437929183,临沂,1046907,2
A6835753142,临沂,677036,2
A7440951483,临沂,677036,2
A7352770615,临沂,1059283,2
A7443393427,临沂,1155308,2
A7392971921,临沂,1155308,2
A7446209888,临沂,1155308,2
A7463824243,临沂,1059283,2
A7452375148,临沂,1059283,2
A7440009008,临沂,1155308,2
A7440758366,临沂,1059283,2
A7456484700,临沂,1059283,2
A7371322502,临沂,1059283,2
A7460222196,临沂,1059283,2
A7430688833,临沂,677760,2
A7389988187,临沂,1155308,2
A7390056810,临沂,1155308,2
A7470628796,临沂,677927,2
A7450764966,临沂,677927,2
A7365423011,临沂,677927,2
A7359087922,临沂,677927,2
A7439696883,临沂,677927,2
A7321362518,临沂,973141,2
A7440699825,临沂,1155308,2
A7426322602,临沂,973141,2
A7454826539,临沂,1088118,2
A7308501041,临沂,1088118,2
A7141541241,临沂,1088118,2
A7442484484,临沂,1155308,2
A7467003747,临沂,1388610,2
A7405012371,临沂,1388610,2
A7408195649,临沂,1388610,2
A7385077958,临沂,1388610,2
A7386295965,临沂,1388610,2
A7466974612,临沂,1388610,2
A7385110097,临沂,1388610,2
A7433539492,临沂,973084,2
A7442916493,临沂,677760,2
A7396518518,临沂,973084,2
R1717003976564746,临沂,973084,2
A7475777572,临沂,677071,2
A7439756711,临沂,677071,2
A7443546205,临沂,677071,2
A7440915749,临沂,677071,2
A7298636143,临沂,1388610,2
A7298628404,临沂,1388610,2
A7200091562,临沂,1388610,2
A7463632703,临沂,1203464,2
A7345690191,临沂,1203464,2
A7356784093,临沂,1203464,2
A7395319966,临沂,1203464,2
A6980162489,临沂,1203464,2
A7476991306,临沂,1203464,2
A7356925088,临沂,1203464,2
A7380180962,临沂,1203464,2
A7345104195,临沂,1203464,2
A7080517941,临沂,1203464,2
A7450539515,临沂,677927,2
A7470298932,临沂,973076,2
A7445252497,临沂,973076,2
A7462472944,临沂,1198335,2
A7438988558,临沂,1376776,2
A7440095620,临沂,1376776,2
A7387634139,临沂,1376776,2
A7444591375,临沂,1376776,2
A7386656023,临沂,1376776,2
A7428167813,临沂,1376776,2
A7434463956,临沂,1380498,2
A7459368634,临沂,1380498,2
A7241662518,临沂,1380498,2
A7287790769,临沂,1380498,2
A7459375544,临沂,1380498,2
A7459376903,临沂,1380498,2
A7434447018,临沂,1380498,2
A7336142288,临沂,1380498,2
A7360932195,临沂,1376776,2
A7444564353,临沂,1376776,2
A7449631169,临沂,1376776,2
A7444419480,临沂,1376776,2
A7452320215,临沂,1198619,2
A7454130428,临沂,1198619,2
A7459157744,临沂,1198619,2
A7446296236,临沂,1062982,2
A7428954777,临沂,1062982,2
A7186565887,临沂,1062982,2
A7447476221,临沂,1062982,2
A7461719992,临沂,1062982,2
A7464539326,临沂,678347,2
A7454189888,临沂,678347,2
A7287895252,临沂,1380498,2
A7417849853,临沂,1380498,2
A7450452995,临沂,973076,2
R4235967042264074,临沂,973135,2
A7457548370,临沂,973135,2
A7477838880,临沂,973135,2
A7443800978,临沂,973135,2
A7362673136,临沂,973135,2
A7338091357,临沂,973076,2
A7373552427,临沂,677632,2
A7196187313,临沂,973076,2
A7456615492,临沂,973076,2
A7310965719,临沂,973076,2
A7452247843,临沂,973076,2
A7458130852,临沂,973076,2
A7450412886,临沂,973076,2
A7409800577,临沂,1667757,2
A7400641962,临沂,1667757,2
A7463640702,临沂,1667757,2
A7476797893,临沂,1667757,2
A7448102825,临沂,1667757,2
A7437135903,临沂,1667757,2
A7412367897,临沂,1667757,2
A7478499011,临沂,1667757,2
A7462526542,临沂,677632,2
A7329002882,临沂,677632,2
A7358249913,临沂,677632,2
A7466897054,临沂,677632,2
A7440100803,临沂,972939,2
A7046121786,临沂,1183682,2
A7445448371,临沂,972939,2
A7459881392,临沂,677811,2
A7472020231,临沂,972700,2
A7460948290,临沂,972700,2
A7459914789,临沂,972700,2
A7471473054,临沂,972700,2
A7450347508,临沂,972700,2
A7442591215,临沂,972700,2
A7467607557,临沂,972700,2
A7391419298,临沂,676689,2
A7373710362,临沂,676689,2
A7410129000,临沂,676689,2
A7393852662,临沂,676689,2
A7420137596,临沂,676689,2
A7473905661,临沂,676689,2
A7384446552,临沂,676689,2
A7396564779,临沂,676689,2
A7472448666,临沂,972700,2
A7434455156,临沂,972700,2
A7405063155,临沂,677211,2
A7477847319,临沂,972597,2
A7433787474,临沂,972597,2
A7479490840,临沂,972597,2
A7475449797,临沂,972597,2
A7478476487,临沂,972597,2
A7431907482,临沂,972597,2
A7478475706,临沂,972597,2
A7478771684,临沂,677211,2
A7150018209,临沂,677211,2
A7450686400,临沂,677211,2
A7394102623,临沂,677211,2
A7433608905,临沂,677211,2
A7459951317,临沂,677211,2
A7416060240,临沂,677211,2
A7408974541,临沂,677211,2
A7473928834,临沂,676689,2
A7396207397,临沂,677811,2
A7392074116,临沂,714085,2
A7459855952,临沂,677811,2
A7443845906,临沂,972943,2
A7404152078,临沂,972943,2
A7429435899,临沂,972943,2
A7405838271,临沂,972943,2
A7397134156,临沂,972943,2
A7403168453,临沂,972943,2
A7287729597,临沂,972943,2
A7433854635,临沂,972943,2
A7429422912,临沂,972943,2
A7479546007,临沂,972602,2
A7455762867,临沂,972602,2
A7391962257,临沂,972602,2
A7469499919,临沂,972602,2
A7457450504,临沂,972602,2
A7438238695,临沂,972602,2
A7442558452,临沂,972943,2
A7366628252,临沂,972942,2
A7354350410,临沂,972942,2
A7440908425,临沂,677811,2
A7459865763,临沂,677811,2
A7477703580,临沂,677811,2
A7408597030,临沂,677811,2
A7285972099,临沂,677811,2
A7388905705,临沂,677811,2
A7467078256,临沂,677811,2
A7420133756,临沂,972942,2
A7066029659,临沂,972942,2
A7444407080,临沂,972942,2
A7440089425,临沂,972942,2
A7464620399,临沂,972942,2
A7424711424,临沂,972942,2
A7471275441,临沂,972942,2
A7351623567,临沂,972942,2
A7457738333,临沂,972597,2
A7478626396,临沂,972597,2
A7360366360,临沂,676751,2
A7459917486,临沂,676751,2
A7416088136,临沂,973112,2
A7445138072,临沂,973112,2
A7444600875,临沂,973112,2
A7445214247,临沂,973112,2
A7445154494,临沂,973112,2
A7462551646,临沂,973112,2
A7444602779,临沂,973112,2
A7405863633,临沂,973112,2
A7449647438,临沂,973112,2
A7467207698,临沂,973112,2
A7417823982,临沂,676851,2
A7209800456,临沂,676851,2
A7420170788,临沂,676851,2
A7414263976,临沂,676851,2
A7401336307,临沂,1012033,2
A7456649940,临沂,1012033,2
A7286936320,临沂,1012033,2
A7456643470,临沂,1012033,2
A7458459400,临沂,1012033,2
A7449703210,临沂,1012033,2
A7354302415,临沂,1012033,2
A7399343153,临沂,1012033,2
A7399298329,临沂,1012033,2
A7447198378,临沂,676851,2
A7279370768,临沂,676851,2
A7043263144,临沂,676851,2
A7381091193,临沂,677005,2
A7321396616,临沂,676730,2
A7460700900,临沂,676730,2
A7407850161,临沂,676730,2
A7369777430,临沂,676730,2
A7401463407,临沂,677005,2
A7414922400,临沂,677005,2
A7400717643,临沂,677005,2
A7478800749,临沂,676730,2
A7262383959,临沂,677005,2
A7427382946,临沂,677005,2
A7342846013,临沂,677005,2
A7463839176,临沂,677005,2
A7463801851,临沂,677005,2
A7379859180,临沂,677005,2
A7443594057,临沂,676730,2
A7479202846,临沂,676730,2
A7435898248,临沂,676851,2
A7458094992,临沂,973080,2
A7434342774,临沂,676851,2
A7468681472,临沂,676851,2
A7223150315,临沂,973080,2
A7394094365,临沂,973080,2
A7458282602,临沂,973080,2
A7392319649,临沂,973080,2
A7471521115,临沂,973080,2
A7463459512,临沂,676730,2
A7478481446,临沂,973080,2
A7414761345,临沂,973080,2
A7475731420,临沂,973080,2
A7427557542,临沂,973080,2
A7478628658,临沂,676730,2
A7439716268,临沂,676730,2
A7171919567,临沂,972602,2
A7434385070,临沂,972602,2
A7426832835,临沂,677664,2
A7408889790,临沂,1194102,2
A7385337466,临沂,972822,2
A7465495158,临沂,972822,2
A7385414173,临沂,972822,2
A7295869710,临沂,972822,2
A7444548508,临沂,1195827,2
A7453355752,临沂,1195827,2
A7444544545,临沂,1195827,2
A7451817278,临沂,1195827,2
A7479359166,临沂,1195827,2
A7340518750,临沂,1195827,2
A7425787671,临沂,1195827,2
A7452417149,临沂,1195827,2
A7452457937,临沂,1195827,2
A7467593208,临沂,1195827,2
A7457266009,临沂,677971,2
A6957013615,临沂,972822,2
A7333740219,临沂,972822,2
A6972162812,临沂,972822,2
A7467062688,临沂,676842,2
A7408890034,临沂,1194102,2
A7477830071,临沂,1194102,2
A7440142614,临沂,676842,2
A7425425418,临沂,676842,2
A7479105324,临沂,676842,2
A7471302743,临沂,676842,2
A7465117192,临沂,676842,2
A6859106991,临沂,972822,2
A7466739336,临沂,676842,2
A7034829228,临沂,676842,2
A7386071593,临沂,676842,2
A7376797632,临沂,676842,2
A7154549639,临沂,972822,2
A7301254841,临沂,972822,2
A7463732186,临沂,677971,2
A7430191090,临沂,677971,2
A7456653197,临沂,677971,2
A7438036978,临沂,678239,2
A7420322632,临沂,677600,2
A7100358464,临沂,677600,2
A7423902686,临沂,677600,2
A7368145769,临沂,678239,2
A7362682750,临沂,678239,2
A7376624014,临沂,678239,2
A7349499109,临沂,678239,2
A7408929978,临沂,677600,2
A7444679449,临沂,678239,2
A7457655313,临沂,678239,2
A7454011546,临沂,678239,2
A7444522555,临沂,678239,2
A7360775938,临沂,678239,2
A7435691659,临沂,991357,2
A7363832165,临沂,677600,2
A7455816948,临沂,677600,2
A7457235627,临沂,677971,2
A7414654145,临沂,676904,2
A7456639913,临沂,677971,2
A7471644720,临沂,677971,2
A7381282063,临沂,677971,2
A7458291718,临沂,677971,2
A7464353983,临沂,676904,2
A7310277508,临沂,676904,2
A7372297208,临沂,676904,2
A7439278037,临沂,677600,2
A7445734773,临沂,676904,2
A7465633722,临沂,676904,2
A7464367667,临沂,676904,2
A7416851242,临沂,676904,2
A7298403561,临沂,677600,2
A7456478664,临沂,677600,2
A7479206576,临沂,1194102,2
A7479201021,临沂,1194102,2
A7437938980,临沂,677664,2
A7479208121,临沂,1194102,2
A6971751069,临沂,973271,2
A7302193263,临沂,973271,2
A7440802515,临沂,973271,2
A7469501759,临沂,973271,2
A7273665006,临沂,973271,2
A6999072106,临沂,973271,2
A7420473479,临沂,973271,2
A7422257648,临沂,973271,2
A7334473903,临沂,973271,2
A7413131232,临沂,973271,2
A7403418687,临沂,972712,2
A7403344608,临沂,972712,2
A7406555613,临沂,972712,2
A7466272118,临沂,972712,2
A7402585214,临沂,972712,2
A7474938900,临沂,1088115,2
A7084010496,临沂,1088115,2
A7451756327,临沂,1088115,2
A7453349500,临沂,677664,2
A7438021183,临沂,677664,2
A7437886637,临沂,677664,2
A7437376106,临沂,677664,2
A7453396014,临沂,677664,2
A7426757612,临沂,677664,2
A7454082884,临沂,677664,2
A7455925448,临沂,677664,2
A7395288871,临沂,1088115,2
A7451340848,临沂,1088115,2
A7421450353,临沂,1088115,2
A7414045909,临沂,1088115,2
A7428327287,临沂,1088115,2
A7442547796,临沂,1088115,2
A7451345486,临沂,1088115,2
A7403107318,临沂,972712,2
A7404041176,临沂,972712,2
A7402010633,临沂,972712,2
A7466729267,临沂,1108801,2
A7452223204,临沂,1312734,2
A7162901758,临沂,1108801,2
A7473829677,临沂,1108801,2
A7468449602,临沂,1108801,2
A7362685209,临沂,1108801,2
A7362723589,临沂,1108801,2
A7469476673,临沂,1108801,2
A7366624810,临沂,1312734,2
A7467733013,临沂,1108801,2
A7449855159,临沂,1108801,2
A7449651282,临沂,1108801,2
A7332912737,临沂,1194102,2
A7427602093,临沂,1194102,2
A7430873337,临沂,1194102,2
A7306688359,临沂,1312734,2
A7433546625,临沂,1312734,2
A7404285224,临沂,972712,2
A7457587778,临沂,1005126,2
A7358843597,临沂,1005126,2
A7363886044,临沂,1005126,2
A7396180067,临沂,1005126,2
A7455050882,临沂,1005126,2
A7363891280,临沂,1005126,2
A7363892258,临沂,1005126,2
A7408965910,临沂,1005126,2
A7434262547,临沂,1312734,2
A7422547435,临沂,1005126,2
A7453161516,临沂,1312734,2
A7471313425,临沂,1312734,2
A7453375524,临沂,1312734,2
A7407880652,临沂,1312734,2
A7452264435,临沂,1312734,2
A7401303816,临沂,1012033,2
A7432808464,临沂,714085,2
A7454910582,临沂,676846,2
A7371407246,临沂,972609,2
A7469549920,临沂,677603,2
A7476939371,临沂,677603,2
A7442619593,临沂,677603,2
A7461446458,临沂,677603,2
A7414772707,临沂,677603,2
A7427977492,临沂,677603,2
A7414713995,临沂,677603,2
A7382284596,临沂,677603,2
A7448796007,临沂,972609,2
A7448013431,临沂,972609,2
A7371406283,临沂,972609,2
A7404390781,临沂,972609,2
A7454937731,临沂,972609,2
A7255984599,临沂,972609,2
A7402964099,临沂,972609,2
A7427646447,临沂,677603,2
A7422184555,临沂,677603,2
A7358919153,临沂,909865,2
A7407860466,临沂,945212,2
A7443639727,临沂,945212,2
A7477781703,临沂,945212,2
A7467640387,临沂,945212,2
A7312738542,临沂,945212,2
A7286994031,临沂,945212,2
A7451387504,临沂,945212,2
A7464401387,临沂,909865,2
A7455971359,临沂,909865,2
A7323766775,临沂,909865,2
A7460095783,临沂,909865,2
A7456319011,临沂,909865,2
A7477724341,临沂,909865,2
A7453312778,临沂,909865,2
A7463366292,临沂,909865,2
A7081557828,临沂,972609,2
A7441805894,临沂,972609,2
A7470821957,临沂,714085,2
A7416956467,临沂,863271,2
A7427583778,临沂,972755,2
A7422092151,临沂,972755,2
A7451377214,临沂,972755,2
A7457535872,临沂,972755,2
A7427500289,临沂,972755,2
A7422078163,临沂,972755,2
A7442548657,临沂,972755,2
A7444667124,临沂,972755,2
A7457383555,临沂,972755,2
A7435137946,临沂,676852,2
A7479312093,临沂,676852,2
A7478459179,临沂,676852,2
A7479273378,临沂,676852,2
A7478482109,临沂,676852,2
A7466844307,临沂,676852,2
A7458090925,临沂,972755,2
A7304179439,临沂,678326,2
A7435994746,临沂,678326,2
A7467717786,临沂,863271,2
A7384344250,临沂,863271,2
A7437908955,临沂,863271,2
A7406748022,临沂,863271,2
A7344955019,临沂,863271,2
A7474967488,临沂,863271,2
A7192378900,临沂,863271,2
A7384354630,临沂,863271,2
A7470469066,临沂,678326,2
A7473114033,临沂,678326,2
A7460730024,临沂,678326,2
A7413107247,临沂,678326,2
A7456579386,临沂,678326,2
A7460761626,临沂,678326,2
A7314569201,临沂,678326,2
A7418620661,临沂,945212,2
A7431836646,临沂,945212,2
A7441679367,临沂,945212,2
A7436476456,临沂,972614,2
A7459992539,临沂,779965,2
A7362046234,临沂,779965,2
A7460028969,临沂,913066,2
A7417872207,临沂,913066,2
A7462526017,临沂,913066,2
A7462474183,临沂,913066,2
A7459250317,临沂,913066,2
A7460756394,临沂,913066,2
A7459322681,临沂,913066,2
A7439121989,临沂,913066,2
A7433716946,临沂,913066,2
A7462573707,临沂,913066,2
A6622068439,临沂,678321,2
A7431820871,临沂,678321,2
A7215006061,临沂,678321,2
A7458409886,临沂,779965,2
A7384238299,临沂,779965,2
A7424945650,临沂,779965,2
A7440934337,临沂,676885,2
A7402015460,临沂,766265,2
A7427620429,临沂,676885,2
A7304724409,临沂,676885,2
A7429240479,临沂,676885,2
A7380482796,临沂,676885,2
A7435816317,临沂,676885,2
A7376014160,临沂,676885,2
A7459990128,临沂,779965,2
A7369158061,临沂,676885,2
A7432206953,临沂,676885,2
A7218306157,临沂,779965,2
A7460019995,临沂,779965,2
A7069473253,临沂,779965,2
A7315414678,临沂,779965,2
A7071196820,临沂,678321,2
A7327235002,临沂,678321,2
A7265391265,临沂,678321,2
A7399375984,临沂,972614,2
A7451626863,临沂,1187592,2
A7410027832,临沂,1187592,2
A7454344990,临沂,1187592,2
A7469863645,临沂,1187592,2
A7407697860,临沂,1187592,2
A7383319359,临沂,972614,2
A7272560196,临沂,972614,2
A7437954259,临沂,1187592,2
A7473052146,临沂,972614,2
A7456607586,临沂,972614,2
A7275790855,临沂,972614,2
A7433394792,临沂,972614,2
A7433400289,临沂,972614,2
A7430263927,临沂,972614,2
A7441010586,临沂,1187592,2
A7442735399,临沂,1187592,2
A7231099356,临沂,678321,2
A7413751518,临沂,678211,2
A7168437398,临沂,678321,2
A7397455567,临沂,678321,2
A7354895001,临沂,678321,2
A7470974711,临沂,678211,2
A7329666418,临沂,678211,2
A7390157222,临沂,678211,2
A7329911915,临沂,678211,2
A7474742832,临沂,1187592,2
A7366971611,临沂,678211,2
A7366971891,临沂,678211,2
A7470416667,临沂,678211,2
A7386285420,临沂,678211,2
A7471573344,临沂,678211,2
A7450754041,临沂,1187592,2
A7435705780,临沂,676852,2
A7440848295,临沂,676852,2
A7446078936,临沂,676852,2
A7222287356,临沂,766560,2
A7427530495,临沂,677063,2
A7472302392,临沂,677063,2
A7472090692,临沂,677063,2
A7417672599,临沂,677063,2
A7427540001,临沂,677063,2
A7462534592,临沂,677063,2
A7463238661,临沂,677660,2
A7466078958,临沂,677660,2
A7462414349,临沂,677660,2
A7476930310,临沂,677660,2
A7441121162,临沂,677660,2
A7447558724,临沂,677660,2
A7475289776,临沂,677660,2
A7446328809,临沂,677660,2
A7473228222,临沂,677623,2
A7474745122,临沂,677063,2
A7450617419,临沂,677063,2
A7472155234,临沂,677063,2
A7329713574,临沂,972753,2
A7378867662,临沂,766560,2
A7332164805,临沂,766560,2
A7368683573,临沂,766560,2
A7375897392,临沂,766560,2
A7460903311,临沂,972753,2
A7460924264,临沂,972753,2
A7371152107,临沂,972753,2
A7473104325,临沂,677063,2
A7255094129,临沂,972753,2
A7250438558,临沂,972753,2
A7468480412,临沂,972753,2
A7462812922,临沂,972753,2
A7459388803,临沂,972753,2
A7464326465,临沂,972753,2
A7465191319,临沂,677623,2
A7420501985,临沂,677623,2
A7420501761,临沂,677623,2
A7313708670,临沂,909866,2
A7422048552,临沂,909866,2
A7422053045,临沂,909866,2
A7243693532,临沂,909866,2
A7123000301,临沂,909866,2
A7427593950,临沂,909866,2
A7313705952,临沂,909866,2
A7462609237,临沂,714085,2
A7352214550,临沂,909866,2
A7476958324,临沂,714085,2
A7436366843,临沂,714085,2
A7467659408,临沂,714085,2
A7464700243,临沂,714085,2
A7204278038,临沂,714085,2
A7204308665,临沂,714085,2
A7444801139,临沂,909866,2
A7427552213,临沂,909866,2
A7468056595,临沂,677623,2
A7425094332,临沂,973151,2
A7437197715,临沂,677623,2
A7096768044,临沂,677623,2
A7196295341,临沂,677623,2
A7437202346,临沂,677623,2
A7417003155,临沂,677623,2
A7461543876,临沂,973151,2
A7472538434,临沂,973151,2
A7479473196,临沂,973151,2
A7360905373,临沂,973151,2
A7413002261,临沂,973151,2
A7444194898,临沂,973151,2
A7454325445,临沂,973151,2
A7438911922,临沂,973151,2
A7472288357,临沂,973151,2
A7405888079,临沂,766560,2
A7429411703,临沂,766560,2
A7440827425,临沂,676852,2
A7438842483,临沂,766560,2
A7323068865,临沂,941014,2
A7392302378,临沂,677478,2
A7102703905,临沂,677478,2
A7392287662,临沂,677478,2
A7314473589,临沂,677478,2
A7172405344,临沂,677478,2
A7422523063,临沂,677478,2
A7419601544,临沂,677478,2
A7271796560,临沂,677478,2
A7450617021,临沂,677478,2
A7386410707,临沂,677478,2
A7321538975,临沂,713709,2
A7417746998,临沂,713709,2
A7375354221,临沂,713709,2
A7442919637,临沂,713709,2
A7208291090,临沂,941014,2
A7391999938,临沂,941014,2
A7322277770,临沂,941014,2
A7425865102,临沂,792845,2
A7310281345,临沂,792845,2
A7424904252,临沂,792845,2
A7442597175,临沂,792845,2
A7442647943,临沂,792845,2
A7313750716,临沂,792845,2
A7453465276,临沂,792845,2
A7424933196,临沂,792845,2
A7479517026,临沂,941014,2
A7364876809,临沂,792845,2
A7453431497,临沂,792845,2
A7453235636,临沂,941014,2
A7479503115,临沂,941014,2
A7236755186,临沂,941014,2
A7466093968,临沂,941014,2
A7177860778,临沂,713709,2
A7326604852,临沂,713709,2
A7395438779,临沂,713709,2
A7442711728,临沂,972645,2
A7405099138,临沂,678334,2
A7223138363,临沂,972645,2
A7457419896,临沂,972645,2
A7103226144,临沂,972645,2
A7401539889,临沂,972645,2
A7260691455,临沂,972645,2
A7464578497,临沂,678334,2
A7415811182,临沂,972645,2
A7223156368,临沂,972645,2
A7133773106,临沂,972645,2
A7306495334,临沂,972645,2
A7336035794,临沂,766560,2
A7347349791,临沂,766560,2
A7464567144,临沂,678334,2
A7436757845,临沂,713709,2
A7468009589,临沂,1073568,2
A7170009976,临沂,713709,2
A7232853578,临沂,713709,2
A7478500845,临沂,1073568,2
A7293877435,临沂,1073568,2
A7306489305,临沂,1073568,2
A7408887749,临沂,1073568,2
A7450605587,临沂,1073568,2
A7249835037,临沂,678334,2
A7450624757,临沂,1073568,2
A7409053902,临沂,1073568,2
A7302256485,临沂,1073568,2
A7448198707,临沂,678334,2
A7418647260,临沂,678334,2
A7459931351,临沂,991357,2
A7460014848,临沂,991357,2
A7470549671,临沂,991357,2
A7455967066,临沂,973016,2
A7450483288,临沂,713729,2
A7453882312,临沂,713729,2
A7453121187,临沂,713729,2
R3416241608499200,临沂,713729,2
A7470230695,临沂,713729,2
A7471380029,临沂,713729,2
A7414164185,临沂,713729,2
A7469636501,临沂,677961,2
A7409257965,临沂,677961,2
A7422045072,临沂,677961,2
A7475336694,临沂,677961,2
A7474568631,临沂,677961,2
A7459304652,临沂,677961,2
A7479298978,临沂,677961,2
A7455749135,临沂,677961,2
A7464732589,临沂,713729,2
R4489583280514051,临沂,939719,2
A7446406722,临沂,939719,2
A7478293769,临沂,1505467,2
A7458448663,临沂,678333,2
A7458334553,临沂,678333,2
A7470329885,临沂,1505467,2
A7433498263,临沂,1505467,2
A7437858505,临沂,1505467,2
A7442584933,临沂,1505467,2
A7455135383,临沂,1505467,2
A7473864320,临沂,939719,2
A7317847208,临沂,1505467,2
A7460222253,临沂,1505467,2
A7455132113,临沂,1505467,2
A7460956022,临沂,1505467,2
A7416220481,临沂,939719,2
A7375382792,临沂,939719,2
A7422030373,临沂,677961,2
A7461574053,临沂,973016,2
A7462654848,临沂,991357,2
R3595090029487109,临沂,973016,2
A7471620142,临沂,1076518,2
A7447413788,临沂,1076518,2
A7435649456,临沂,1076518,2
A7446216465,临沂,1076518,2
A7195285947,临沂,676938,2
A7392506083,临沂,676938,2
A7478648403,临沂,676938,2
A7478800228,临沂,676938,2
A7144832329,临沂,676938,2
A7435070954,临沂,676938,2
A7406773854,临沂,973146,2
A7406795455,临沂,973146,2
A7455714517,临沂,973146,2
A7408905926,临沂,973146,2
A7126092195,临沂,973146,2
A7436568110,临沂,1076518,2
A7441239144,临沂,1076518,2
A7436608612,临沂,1076518,2
A7314308846,临沂,973016,2
A7292581391,临沂,973016,2
A7469861782,临沂,973016,2
A7292565715,临沂,973016,2
A7455829433,临沂,973116,2
A7432743911,临沂,973116,2
A7436593224,临沂,1076518,2
A7438215238,临沂,973116,2
A7083847390,临沂,973116,2
A7397403915,临沂,678333,2
A7447200156,临沂,972939,2
A7363385179,临沂,678333,2
A7317995299,临沂,678333,2
A7432654665,临沂,676860,2
R3928616834853888,临沂,676860,2
A7467520498,临沂,1010266,2
A7406645719,临沂,1010266,2
A7368659183,临沂,1010266,2
A7360878525,临沂,1010266,2
A7374884804,临沂,1010266,2
A6788603965,临沂,1010266,2
A7329525272,临沂,1010266,2
A7478768869,临沂,677019,2
A7455666025,临沂,677019,2
A7454789562,临沂,677019,2
A7464421803,临沂,677019,2
A7460897385,临沂,677019,2
A7454792960,临沂,677019,2
A7442662232,临沂,676860,2
A7478639337,临沂,676860,2
A7398550183,临沂,676860,2
A7397456167,临沂,677050,2
A7383952066,临沂,1012032,2
A7469680947,临沂,1012032,2
A7438774852,临沂,1012032,2
A7441766607,临沂,677050,2
A7424171416,临沂,677050,2
A7397458549,临沂,677050,2
A7268682821,临沂,677050,2
A7467743449,临沂,676860,2
A7364387116,临沂,677050,2
A7363330208,临沂,677050,2
A7073984471,临沂,677050,2
A7408777631,临沂,677050,2
A7271101364,临沂,677050,2
A7296869393,临沂,676860,2
A7362835041,临沂,677019,2
A7401347092,临沂,677019,2
A7371093375,临沂,677019,2
A7262465659,临沂,912584,2
A7457672799,临沂,973239,2
A7463768831,临沂,912584,2
A7462716617,临沂,912584,2
A7462714323,临沂,912584,2
A7462718705,临沂,912584,2
A7455000694,临沂,912584,2
A7425776696,临沂,912584,2
A7307486480,临沂,973239,2
A7297961061,临沂,912584,2
A7401557199,临沂,912584,2
A7479422532,临沂,678333,2
A7451663430,临沂,678333,2
A7475705085,临沂,678333,2
A7479416263,临沂,678333,2
A7296658863,临沂,973239,2
A7441095807,临沂,973239,2
A7478327286,临沂,678234,2
A7477824940,临沂,678234,2
A7475704380,临沂,678234,2
A7477819976,临沂,678234,2
A7478660636,临沂,678234,2
A7444784075,临沂,678234,2
A7404237142,临沂,678234,2
A7456671934,临沂,678234,2
A7468698580,临沂,678234,2
A7445098759,临沂,973239,2
A7468698860,临沂,678234,2
A7455907513,临沂,973239,2
A7441069270,临沂,973239,2
A7441072228,临沂,973239,2
A7455846578,临沂,973239,2
A7468665734,临沂,973239,2
A7206782124,临沂,973146,2
A7478496202,临沂,973146,2
A7478500283,临沂,973146,2
A7415862006,临沂,1066632,2
A7401218570,临沂,912502,2
A7438894981,临沂,678342,2
A7282372243,临沂,678342,2
A7436418899,临沂,678342,2
A6901312337,临沂,678342,2
A7464546286,临沂,678342,2
A7466994290,临沂,678342,2
A7332996383,临沂,678342,2
A7052254343,临沂,678342,2
A6796350684,临沂,678342,2
A7438867726,临沂,678342,2
R4198885201550340,临沂,912502,2
A7479427930,临沂,912502,2
A7423409518,临沂,912502,2
A7328146098,临沂,1066632,2
A7392291528,临沂,1066632,2
A7180058845,临沂,1066632,2
A7428245631,临沂,1066632,2
A7385443685,临沂,1066632,2
A7231836035,临沂,1066632,2
A7183296892,临沂,1066632,2
A7468467360,临沂,1066632,2
A7430968728,临沂,912502,2
A7450414311,临沂,1187583,2
A7418527897,临沂,1187583,2
A7468575525,临沂,1187583,2
A7433462195,临沂,1187583,2
A7442505139,临沂,1187583,2
A7479436781,临沂,912502,2
A6889681643,临沂,972823,2
A7155067058,临沂,972823,2
A7457344811,临沂,972823,2
A7452231269,临沂,1087479,2
A7432024920,临沂,1087479,2
A7433399470,临沂,1087479,2
A7272377827,临沂,1087479,2
A7360157143,临沂,1087479,2
A7405110035,临沂,1087479,2
A7451624884,临沂,1087479,2
A7456651670,临沂,1087479,2
A7459302151,临沂,677551,2
A7427228501,临沂,676846,2
A7405688539,临沂,676846,2
A7471199408,临沂,676846,2
A7403505519,临沂,676846,2
A7427507123,临沂,676846,2
A7408892799,临沂,676846,2
A7456669186,临沂,1087479,2
A7381125830,临沂,677551,2
A7317246824,临沂,972823,2
A7478651833,临沂,972823,2
A7427271214,临沂,972823,2
A7265525640,临沂,972823,2
A7424903586,临沂,972823,2
A7461934789,临沂,972823,2
A7473932211,临沂,1040965,2
A7364389452,临沂,1040965,2
A7456628687,临沂,1040965,2
A7364471989,临沂,1040965,2
A7411580930,临沂,1040965,2
A7407874223,临沂,1040965,2
A7253085533,临沂,1040965,2
A7456614425,临沂,1040965,2
A7388936027,临沂,1066632,2
A7205806001,临沂,973146,2
A7446344126,临沂,677612,2
A6504487020,临沂,789054,2
A7479348228,临沂,789054,2
A7455968406,临沂,789054,2
A7478495181,临沂,789054,2
A7207543090,临沂,789054,2
A7477131407,临沂,789054,2
A7477234442,临沂,789054,2
A7479346177,临沂,789054,2
A7455751740,临沂,789054,2
A7458277193,临沂,789054,2
A7414157749,临沂,941707,2
A7463337860,临沂,941707,2
A7474519342,临沂,972764,2
A7468433288,临沂,972764,2
A7477755764,临沂,677612,2
A7459097958,临沂,677612,2
A7474878436,临沂,677612,2
A7279227476,临沂,972741,2
A7441707210,临沂,972741,2
A7467908796,临沂,972741,2
A7473801548,临沂,972741,2
A7474971472,临沂,972741,2
A7466276914,临沂,972741,2
A7297814943,临沂,972741,2
A7473891610,临沂,972741,2
A7449722945,临沂,677612,2
A7472958828,临沂,972741,2
A7472981964,临沂,972741,2
A7473806976,临沂,677612,2
A7475208100,临沂,677612,2
A7473110151,临沂,677612,2
A7474907578,临沂,677612,2
A7468437562,临沂,972764,2
A7419557173,临沂,972764,2
A7404941927,临沂,972764,2
R3222037216714763,临沂,677567,2
A7478656338,临沂,677200,2
A7255856311,临沂,677200,2
A7371387424,临沂,677200,2
A7475825224,临沂,677200,2
A7468613525,临沂,677200,2
A7461481300,临沂,677567,2
A7369098386,临沂,677567,2
A7473821848,临沂,677200,2
A7436397423,临沂,677567,2
A7457721527,临沂,973233,2
A7410648770,临沂,973233,2
A7478532683,临沂,677200,2
A7475745912,临沂,677200,2
A7435930421,临沂,972764,2
A7433328430,临沂,1401078,2
A7401376720,临沂,972764,2
A7401925629,临沂,972764,2
A7286045413,临沂,972764,2
A7468441921,临沂,972764,2
A7435932066,临沂,1401078,2
A7455589701,临沂,1401078,2
A7414935247,临沂,1401078,2
A7479530300,临沂,677200,2
A7454770243,临沂,1401078,2
A7414939908,临沂,1401078,2
A7478296174,临沂,1401078,2
A7414921999,临沂,1401078,2
A7416020330,临沂,1401078,2
A7470561189,临沂,1401078,2
A7469678492,临沂,1012032,2
A7466974530,临沂,1012032,2
A7460803177,临沂,1012032,2
A7411509899,临沂,677674,2
A7400226640,临沂,938791,2
A7477177164,临沂,938791,2
A7400234495,临沂,938791,2
A7392105233,临沂,938791,2
A7240601613,临沂,938791,2
A7473223224,临沂,938791,2
A7423982854,临沂,938791,2
A7455706671,临沂,938791,2
A7431047422,临沂,938791,2
A7427586185,临沂,972926,2
A7429297170,临沂,972926,2
A7427523682,临沂,972926,2
A7395319638,临沂,972926,2
A7429187252,临沂,972926,2
A7422056362,临沂,713691,2
A7350853659,临沂,677674,2
A7445577643,临沂,677674,2
A7395106332,临沂,677674,2
A7253161669,临沂,713691,2
A7422326489,临沂,713691,2
A7470656892,临沂,713691,2
A7422057841,临沂,713691,2
A7469765804,临沂,713691,2
A7344233976,临沂,713691,2
A7477692425,临沂,713691,2
A7422027332,临沂,713691,2
A7401363555,临沂,713691,2
A7468512479,临沂,676903,2
A7444780732,临沂,972926,2
A7379141668,临沂,972926,2
A7423336744,临沂,972926,2
A7421378005,临沂,912196,2
A7358957410,临沂,677555,2
A7398452657,临沂,912196,2
A7429567274,临沂,912196,2
A7422195000,临沂,912196,2
A7363225657,临沂,912196,2
A7464577844,临沂,912196,2
A7435080055,临沂,912196,2
A7447189097,临沂,677555,2
A7348877803,临沂,912196,2
A7437388602,临沂,912196,2
A7458201711,临沂,912196,2
A7474999952,临沂,972853,2
A7417606723,临沂,972853,2
A7479128109,临沂,972853,2
A7253375347,临沂,677555,2
A7291865735,临沂,677555,2
A7363379590,临沂,972926,2
A7383292318,临沂,945157,2
A7427531617,临沂,972926,2
A7309261179,临沂,945157,2
A7475001787,临沂,945157,2
A7475517803,临沂,945157,2
A7460793454,临沂,945157,2
A7435154464,临沂,945157,2
A7445325373,临沂,945157,2
A7412936528,临沂,677555,2
A7312715361,临沂,945157,2
A7317714608,临沂,945157,2
A7472882394,临沂,677555,2
A7333883505,临沂,677555,2
A7411711327,临沂,677555,2
A7459183858,临沂,677555,2
A7446291241,临沂,677674,2
A7445355140,临沂,677674,2
A7475000094,临沂,972853,2
A7438163678,临沂,677674,2
A7425038925,临沂,972711,2
A7448865939,临沂,972711,2
A7391175718,临沂,972711,2
A7425030692,临沂,972711,2
A7263414005,临沂,972711,2
A7425017242,临沂,972711,2
A7401980387,临沂,972711,2
A7430039202,临沂,972711,2
A7387771008,临沂,676876,2
A7443664970,临沂,676876,2
A7386801778,临沂,676876,2
A7348867456,临沂,676876,2
A7396217781,临沂,676876,2
A7420164713,临沂,676876,2
A7425776405,临沂,676876,2
A7443520480,临沂,972711,2
A7439889527,临沂,972711,2
A7403518261,临沂,677162,2
A7457522526,临沂,1033355,2
A7471177073,临沂,991357,2
A7460959061,临沂,991357,2
A7466982765,临沂,991357,2
A7459933141,临沂,991357,2
A7448871531,临沂,1033355,2
A7455828893,临沂,1033355,2
A7448103417,临沂,1033355,2
A7403501886,临沂,677162,2
A7478713366,临沂,1033355,2
A7444655793,临沂,1033355,2
A7468480428,临沂,1033355,2
A7476427083,临沂,1033355,2
A7424837757,临沂,1033355,2
A7427501026,临沂,1033355,2
A7374729807,临沂,676876,2
A7378157866,临沂,676876,2
A7412927425,临沂,676876,2
A7469497810,临沂,767016,2
A7476937428,临沂,766264,2
A7356964872,临沂,767016,2
A7323130002,临沂,767016,2
A7426619944,临沂,767016,2
A7426621056,临沂,767016,2
A7404411105,临沂,767016,2
A7399390454,临沂,767016,2
A7372374145,临沂,766264,2
A7426646949,临沂,767016,2
A7343681389,临沂,767016,2
A7361460860,临沂,767016,2
A7475551919,临沂,677674,2
A7445418791,临沂,677674,2
A7448844402,临沂,677674,2
A7444420396,临沂,766264,2
A7472174957,临沂,766264,2
A7325566493,临沂,676895,2
A7471245379,临沂,676895,2
A7471250046,临沂,676895,2
A7419668670,临沂,676895,2
A7342064026,临沂,676895,2
A7379043824,临沂,676895,2
A7357659780,临沂,676895,2
A7370233850,临沂,676895,2
A7425690116,临沂,676895,2
A7438102779,临沂,766264,2
A7334450800,临沂,676895,2
A7083914401,临沂,766264,2
A7374660549,临沂,766264,2
A7464625608,临沂,766264,2
A7465254482,临沂,766264,2
A7449761661,临沂,766264,2
A7418630806,临沂,972853,2
A7466786705,临沂,972853,2
A7462463003,临沂,1012032,2
A7308360192,临沂,954714,2
A7413188090,临沂,972654,2
A7368236788,临沂,972654,2
A7371442848,临沂,972654,2
A7419648458,临沂,972654,2
A7427448529,临沂,972654,2
A7425492872,临沂,972654,2
A7435006355,临沂,972654,2
A7300586029,临沂,1073544,2
A7291057535,临沂,1073544,2
A7320468828,临沂,1073544,2
A7210084461,临沂,1073544,2
A7428351092,临沂,1073544,2
A7430887748,临沂,1073544,2
A7442963913,临沂,1073544,2
A7331359977,临沂,1073544,2
A7415168018,临沂,972654,2
A7404954883,临沂,972654,2
A7362752910,临沂,972654,2
A7204219707,临沂,972644,2
A7401444606,临沂,954714,2
A7460760159,临沂,954714,2
A7458551389,临沂,954714,2
A7460753544,临沂,954714,2
A7360212089,临沂,954714,2
A7192366569,临沂,972644,2
A7230404900,临沂,972644,2
A7467890818,临沂,972644,2
A7168977595,临沂,972644,2
A7473832085,临沂,972644,2
A7221554434,临沂,972644,2
A7451702674,临沂,972644,2
A7472885150,临沂,972644,2
A7435098402,临沂,972644,2
A7471260860,临沂,1073544,2
A7476336861,临沂,1073544,2
A7479496650,临沂,1214941,2
A7474648416,临沂,1512644,2
A7412077263,临沂,677782,2
A7474968730,临沂,1512644,2
A7268662231,临沂,1512644,2
A7469406517,临沂,1512644,2
A6998509519,临沂,1512644,2
A7286224013,临沂,1512644,2
A7466893952,临沂,1512644,2
A7371261249,临沂,677782,2
A7466264586,临沂,1512644,2
A7422085610,临沂,1512644,2
A7424108483,临沂,1512644,2
A7466130117,临沂,1012032,2
A7465386461,临沂,1012032,2
A7461456313,临沂,1012032,2
A7454753624,临沂,677782,2
A7388530662,临沂,677932,2
A7326436337,临沂,1214941,2
A7442829721,临沂,677932,2
A7357648082,临沂,1214941,2
A7460070190,临沂,1214941,2
A7460056047,临沂,1214941,2
A7425773220,临沂,1214941,2
A7441887282,临沂,1214941,2
A7454728068,临沂,1214941,2
A7458215748,临沂,677932,2
A7458188678,临沂,677932,2
A7426505995,临沂,954714,2
A7471283331,临沂,954714,2
A7199160193,临沂,972853,2
A7464656393,临沂,954714,2
A7422023188,临沂,677912,2
A7430767413,临沂,677912,2
A7464612825,临沂,1085915,2
A7461877632,临沂,1085915,2
A7409860858,临沂,1085915,2
A7456555404,临沂,1085915,2
A7437987276,临沂,1085915,2
A7438912328,临沂,1085915,2
A7422262908,临沂,1085915,2
A7444646051,临沂,1085915,2
A7314448697,临沂,1085915,2
A7412985168,临沂,678247,2
A7368130021,临沂,678247,2
A7368130810,临沂,678247,2
A7390964666,临沂,678247,2
A7441081863,临沂,677912,2
A7470816766,临沂,677912,2
A7472108637,临沂,677912,2
A7373736192,临沂,677044,2
A7459307846,临沂,972853,2
A7455861643,临沂,972853,2
A7343665300,临沂,677044,2
A7478546197,临沂,677044,2
A7351559430,临沂,677044,2
A7474682669,临沂,677044,2
A7460884325,临沂,677044,2
A7472110158,临沂,677912,2
A7358278111,临沂,677044,2
A7478782742,临沂,677044,2
A7401119842,临沂,677912,2
A7470536804,临沂,677912,2
A7471302550,临沂,677912,2
A7470408965,临沂,677912,2
A7390972499,临沂,678247,2
A7321425511,临沂,678247,2
A7462450680,临沂,678247,2
R4480592552256523,临沂,972959,2
A7308166716,临沂,1491600,2
A7456328927,临沂,1491600,2
A7385422948,临沂,972959,2
A7364897093,临沂,972959,2
A7469656284,临沂,972959,2
A7460759177,临沂,972959,2
A7440970743,临沂,972959,2
A7407524962,临沂,1491600,2
A7442489180,临沂,972959,2
A7417864923,临沂,972959,2
A7447482973,临沂,954714,2
A7245139852,临沂,1491600,2
A7245095782,临沂,1491600,2
A7366954208,临沂,678247,2
A7366968199,临沂,678246,2
A7468823646,临沂,678247,2
A7402320964,临沂,678247,2
A7465562113,临沂,678246,2
A7462893437,临沂,678246,2
A7457659876,临沂,678246,2
A7447498393,临沂,678246,2
A7431014132,临沂,678246,2
A7448752197,临沂,1491600,2
A7395276348,临沂,678246,2
A7375701444,临沂,678246,2
A7433614971,临沂,678246,2
A7414720724,临沂,1491600,2
A7412403276,临沂,1491600,2
A7450688522,临沂,1491600,2
A7470241387,临沂,766265,2
A7415101370,临沂,766265,2
A7451714911,临沂,766265,2
A7355094340,临沂,972738,2
A7303164699,临沂,678205,2
A7445529998,临沂,678205,2
A7424835884,临沂,678205,2
A7449136342,临沂,678205,2
A7428267009,临沂,678205,2
A7448257615,临沂,678205,2
A7478665717,临沂,783035,2
A7479208737,临沂,783035,2
A7479280000,临沂,783035,2
A7435086519,临沂,783035,2
A7446403201,临沂,783035,2
A7313633412,临沂,783035,2
A7292621134,临沂,783035,2
A6912507494,临沂,783035,2
A7368161982,临沂,783035,2
A7425550167,临沂,678205,2
A7442970189,临沂,678205,2
A7445530507,临沂,678205,2
A7150709847,临沂,1061521,2
A7041349055,临沂,973224,2
A7449650633,临沂,973224,2
A7231148538,临沂,973224,2
A7446407784,临沂,973224,2
A7406152822,临沂,973224,2
A7204068423,临沂,973224,2
A7397367155,临沂,1061521,2
A7425089614,临沂,678205,2
A7442676414,临沂,1061521,2
A7442455294,临沂,1061521,2
A7442442549,临沂,1061521,2
A7312659447,临沂,1061521,2
A7479291912,临沂,1061521,2
A7316285755,临沂,1061521,2
A7392160785,临沂,783035,2
A7477000456,临沂,972738,2
A7413928439,临沂,996451,2
A7436303455,临沂,972738,2
A7462590211,临沂,676697,2
A7444516668,临沂,676697,2
A7461755782,临沂,676697,2
A7449761448,临沂,676697,2
A7451586006,临沂,676697,2
A7427471812,临沂,676697,2
A7473759467,临沂,676697,2
A7463419124,临沂,676697,2
A7317883413,临沂,676858,2
A7313615929,临沂,676858,2
A7362062147,临沂,676858,2
A7463633018,临沂,676858,2
A7469789343,临沂,676858,2
A7347362961,临沂,676858,2
A7212548076,临沂,676858,2
A7451322977,临沂,676697,2
A7451439890,临沂,676697,2
A7467844173,临沂,677009,2
A7461803861,临沂,677009,2
A7478335815,临沂,972738,2
A7440800583,临沂,972738,2
A7405793061,临沂,972738,2
A7464508062,临沂,972738,2
A7466936926,临沂,972738,2
A7433889287,临沂,972738,2
A7337531708,临沂,677009,2
A7443651677,临沂,677009,2
A7479281255,临沂,677009,2
A7464344693,临沂,677009,2
A7478391928,临沂,677009,2
A7464350149,临沂,677009,2
A7460900067,临沂,677009,2
A7442725015,临沂,677009,2
A7388105021,临沂,973224,2
A7445694104,临沂,973224,2
A7377985900,临沂,973224,2
A7252909362,临沂,973224,2
A7225501927,临沂,1226038,2
A7266494458,临沂,1226038,2
A7473212992,临沂,1226038,2
A7361629490,临沂,1190487,2
A7425856751,临沂,1190487,2
A7478370157,临沂,1190487,2
A7437037978,临沂,1190487,2
A7055403191,临沂,1190487,2
A7408966272,临沂,1190487,2
A7408231692,临沂,1190487,2
A7441012789,临沂,1190487,2
A7411427648,临沂,1190487,2
A7443781158,临沂,1190487,2
A7479271614,临沂,677030,2
A7478770192,临沂,677030,2
A7475378926,临沂,1226038,2
A7095920135,临沂,1226038,2
A7452299613,临沂,1226038,2
A7323802914,临沂,1054214,2
A7479244051,临沂,792468,2
A7427325701,临沂,1054214,2
A7323042202,临沂,1054214,2
A7357572655,临沂,1054214,2
A7462587832,临沂,1054214,2
A7420467655,临沂,1054214,2
A7459157476,临沂,1054214,2
A7387712573,临沂,1226038,2
A7006886309,临沂,1054214,2
A7417698472,临沂,1054214,2
A7442857021,临沂,1054214,2
A7472869979,临沂,1226038,2
A7392109753,临沂,1226038,2
A7474968054,临沂,1226038,2
A7479279582,临沂,677030,2
A7477646233,临沂,677030,2
A7385467409,临沂,1001590,2
A7447187450,临沂,676642,2
A7314428438,临沂,676642,2
A7382283118,临沂,676642,2
A7397485244,临沂,676642,2
A7415953720,临沂,676642,2
A7437937999,临沂,1001590,2
A7385445840,临沂,1001590,2
A7450413021,临沂,676642,2
A7454033732,临沂,1001590,2
A7427427196,临沂,1001590,2
A7245516569,临沂,1001590,2
A7473939912,临沂,1001590,2
A7398317338,临沂,1001590,2
A7446211434,临沂,1001590,2
A7315295504,临沂,676642,2
A7438683755,临沂,676642,2
A7383209788,临沂,677030,2
A7448808291,临沂,677902,2
A7054369129,临沂,677030,2
A7413046038,临沂,677030,2
A7432028397,临沂,677030,2
A7386949899,临沂,677902,2
A7385640284,临沂,677902,2
A7363291502,临沂,677902,2
A7403110773,临沂,676642,2
A7448925269,临沂,677902,2
A7404007401,临沂,677902,2
A7405050840,临沂,677902,2
A7405038430,临沂,677902,2
A7421209834,临沂,677902,2
A7467990828,临沂,676642,2
A7411623705,临沂,676858,2
A7469760463,临沂,676858,2
A7461509735,临沂,676858,2
A7466975641,临沂,972776,2
A7380313567,临沂,676848,2
A7469670486,临沂,676848,2
A7469684253,临沂,676848,2
A7446555084,临沂,676848,2
A7419614954,临沂,676848,2
A7381156507,临沂,676848,2
A7435748146,临沂,676848,2
A7328199210,临沂,676890,2
A7414017555,临沂,676890,2
A7477796954,临沂,676890,2
A7331397615,临沂,676890,2
A7477884039,临沂,676890,2
A7454353610,临沂,676890,2
A7454063708,临沂,676890,2
A7449033016,临沂,676890,2
A7475613922,临沂,676848,2
A7476917220,临沂,676848,2
A7479293538,临沂,676848,2
A7458140792,临沂,972986,2
A6991123128,临沂,972776,2
A7241586333,临沂,972776,2
A7474535982,临沂,972776,2
A7325406066,临沂,972776,2
A7425639566,临沂,972776,2
A7279460140,临沂,972986,2
A7451622766,临沂,972986,2
A7384337715,临沂,972986,2
A7440111994,临沂,972986,2
A7419648532,临沂,972986,2
A7419667457,临沂,972986,2
A7447304864,临沂,972986,2
A7479405387,临沂,972986,2
A7465499903,临沂,972986,2
A7454840403,临沂,676890,2
A7477864383,临沂,676890,2
A7406872377,临沂,678028,2
A7366261041,临沂,676631,2
A7426569864,临沂,676631,2
A7243579132,临沂,676631,2
A7430200428,临沂,676631,2
A7449520535,临沂,676631,2
A7448250055,临沂,676631,2
A7371385795,临沂,676631,2
A7370595444,临沂,676631,2
A7448083075,临沂,972674,2
A7322209149,临沂,676631,2
A7449868468,临沂,996451,2
A7443869320,临沂,996451,2
A7276924675,临沂,996451,2
A7396489833,临沂,996451,2
A7273622505,临沂,996451,2
A7448298595,临沂,676631,2
A7459130678,临沂,972674,2
A7430177598,临沂,678028,2
A7445376841,临沂,678028,2
A7380266178,临沂,678028,2
A7358943607,临沂,678028,2
A7460225066,临沂,678028,2
A7440658365,临沂,678028,2
A7447538148,临沂,678028,2
A7456430058,临沂,678028,2
A7448097728,临沂,972674,2
A7458289068,临沂,972674,2
A7448090031,临沂,972674,2
A7412320830,临沂,972674,2
A7413198306,临沂,972674,2
A7464559317,临沂,972674,2
A7458584372,临沂,972674,2
A7472803586,临沂,972674,2
A7425637578,临沂,972776,2
A7206873641,临沂,972776,2
A7417647845,临沂,864374,2
A7432760745,临沂,972776,2
A7363175115,临沂,864365,2
A7451790222,临沂,1008631,2
A7096596216,临沂,1008631,2
A7455692482,临沂,1008631,2
A7359549826,临沂,1008631,2
A7322255461,临沂,1008631,2
A7403479640,临沂,1008631,2
A7469617075,临沂,1008631,2
A7180813742,临沂,1008631,2
A7417847992,临沂,1008631,2
A7134241871,临沂,1008631,2
A7443681163,临沂,871671,2
A7232818454,临沂,871671,2
A7476835212,临沂,871671,2
A7452400620,临沂,871671,2
A7369142600,临沂,864365,2
A7360179908,临沂,864365,2
A7398276177,临沂,864365,2
A7253226375,临沂,864374,2
A7452219397,临沂,864374,2
A7380104437,临沂,864374,2
A7356323319,临沂,864374,2
A7470337574,临沂,864374,2
A7363828744,临沂,864374,2
A7453091079,临沂,864374,2
A7356355779,临沂,864374,2
A7463458103,临沂,864365,2
A7352647022,临沂,864374,2
A7231948208,临沂,864365,2
A7429245280,临沂,864365,2
A7463482859,临沂,864365,2
A7463599646,临沂,864365,2
A7454758003,临沂,864365,2
A7453228069,临沂,871671,2
A7450532793,临沂,871671,2
A7366970532,临沂,871671,2
A7243473738,临沂,677158,2
A7460705954,临沂,973220,2
A7375465877,临沂,973220,2
A7364889046,临沂,973220,2
A7463487631,临沂,677158,2
A7467104241,临沂,677158,2
A7451494871,临沂,677158,2
A7467087793,临沂,677158,2
A7450491241,临沂,973220,2
A7232736248,临沂,677158,2
A7461661187,临沂,677158,2
A7462568387,临沂,677158,2
A7462595309,临沂,677158,2
A7336858801,临沂,677158,2
A7475582410,临沂,972776,2
A7364892343,临沂,973220,2
A7427618870,临沂,973220,2
A7412964365,临沂,871671,2
A7424859174,临沂,909610,2
A7404074003,临沂,871671,2
A7424859003,临沂,909610,2
A7447480555,临沂,909610,2
A7213177024,临沂,909610,2
A7169373218,临沂,909610,2
A7292769036,临沂,909610,2
A7386623250,临沂,909610,2
A7457419755,临沂,973220,2
A7447388735,临沂,909610,2
A7431165222,临沂,909610,2
A7452266113,临沂,909610,2
A7424145116,临沂,973220,2
A7412285763,临沂,973220,2
A7402293150,临沂,973220,2
A7473687516,临沂,792468,2
A7479473794,临沂,792468,2
A7432571486,临沂,792468,2
A7397668443,临沂,940147,2
A7336102532,临沂,677911,2
A7469558734,临沂,677911,2
A7420268817,临沂,677911,2
A6997548584,临沂,677911,2
A7417640731,临沂,677911,2
A7443620654,临沂,677911,2
A7460045861,临沂,676732,2
A7450775616,临沂,676732,2
A7467952068,临沂,676732,2
A7450585101,临沂,676732,2
A7476314407,临沂,676732,2
A7427583170,临沂,676732,2
A7382565815,临沂,676732,2
A7453444092,临沂,676732,2
A7417760523,临沂,676732,2
A7475504031,临沂,677911,2
A7451554515,临沂,677911,2
A7202489844,临沂,677911,2
A7429408534,临沂,713771,2
A7478553767,临沂,940147,2
A7474535369,临沂,940147,2
A7395451382,临沂,940147,2
A7384161308,临沂,940147,2
A7448818494,临沂,940147,2
A7451416462,临沂,713771,2
A7477867047,临沂,713771,2
A7456633262,临沂,677911,2
A7265729301,临沂,713771,2
A7365414603,临沂,713771,2
A7475794142,临沂,713771,2
A7324796207,临沂,713771,2
A7353796073,临沂,713771,2
A7475440222,临沂,713771,2
A7464793287,临沂,676732,2
A7477164976,临沂,677210,2
A7375411898,临沂,677210,2
A7417775436,临沂,766114,2
A7397416112,临沂,766114,2
A7416056141,临沂,766114,2
A7403131515,临沂,766114,2
A7478355080,临沂,766114,2
A7394139939,临沂,766114,2
A7423035263,临沂,766114,2
A7479304288,临沂,766114,2
A7401412874,临沂,676910,2
A7272770433,临沂,766114,2
A7455677396,临沂,676964,2
A7455674359,临沂,676964,2
A7476939949,临沂,676964,2
A7455152147,临沂,676964,2
A7449673788,临沂,676964,2
A7478351942,临沂,766114,2
A7456588260,临沂,676910,2
A7219662486,临沂,677210,2
A7449429122,临沂,677210,2
A7449379355,临沂,677210,2
A7302999815,临沂,677210,2
A7467024019,临沂,677210,2
A7295712362,临沂,677210,2
A7454962454,临沂,677210,2
A7479471473,临沂,677210,2
A7468726483,临沂,676910,2
A7468728856,临沂,676910,2
A7467894246,临沂,676910,2
A7472895482,临沂,676910,2
A7467015232,临沂,676910,2
A7466905146,临沂,676910,2
A7466905276,临沂,676910,2
A7466778188,临沂,676910,2
A7382446375,临沂,940147,2
A7478537260,临沂,940147,2
A7478385991,临沂,676964,2
A7448679751,临沂,940147,2
A7397583965,临沂,923540,2
A7408960266,临沂,923540,2
A7425635815,临沂,923540,2
A7437887150,临沂,923540,2
A7424802448,临沂,923540,2
A7317902546,临沂,923540,2
A7479543126,临沂,923540,2
A7478463724,临沂,923540,2
A7398449777,临沂,923540,2
A7431889279,临沂,923540,2
A6888812205,临沂,792849,2
A7433707004,临沂,792849,2
A7405802292,临沂,792849,2
A7391176535,临沂,792849,2
A7479437704,临沂,792849,2
A7433542229,临沂,941535,2
A7283268185,临沂,941535,2
A7419428165,临沂,941535,2
A7432648865,临沂,972839,2
A7430974324,临沂,972839,2
A7196269356,临沂,972839,2
A7431149676,临沂,972839,2
A7395121333,临沂,972839,2
A7403184300,临沂,972839,2
A7434378218,临沂,972839,2
A7425752801,临沂,972839,2
A7473092624,临沂,941535,2
A7435999143,临沂,941535,2
A7386677348,临沂,941535,2
A7387861793,临沂,941535,2
A7385532874,临沂,941535,2
A7193869990,临沂,941535,2
A7453425954,临沂,941535,2
A7472882642,临沂,792849,2
A7472387083,临沂,792849,2
A7457303295,临沂,792849,2
A7463308898,临沂,1010264,2
A7464502864,临沂,792466,2
A7472918786,临沂,792466,2
A7381608390,临沂,792466,2
A7478357681,临沂,1010264,2
A7392316907,临沂,1010264,2
A7409924283,临沂,1010264,2
A7393240207,临沂,1010264,2
A7426517367,临沂,792466,2
A7466713609,临沂,1010264,2
A7479243225,临沂,1010264,2
A7399536196,临沂,1010264,2
A7479247844,临沂,1010264,2
A7439073081,临沂,1010264,2
A7479451544,临沂,940147,2
A7459364248,临沂,792466,2
A7475631226,临沂,792466,2
A7382478857,临沂,792849,2
A7471281828,临沂,677015,2
A7360249965,临沂,792849,2
A7476881847,临沂,677015,2
A7452493392,临沂,677015,2
A7415938140,临沂,677015,2
A7393079348,临沂,677015,2
A7177356061,临沂,677015,2
A7475662053,临沂,677015,2
A7411570163,临沂,792466,2
A7278434983,临沂,677015,2
A7201846217,临沂,677015,2
A7446563846,临沂,677015,2
A7439261068,临沂,792466,2
A7439258950,临沂,792466,2
A7438322708,临沂,792466,2
A7446128078,临沂,676964,2
A7317877447,临沂,676964,2
A7400505946,临沂,792468,2
A7479481764,临沂,678233,2
A7445157364,临沂,972666,2
A7445165433,临沂,972666,2
A7278550491,临沂,972666,2
A7313586073,临沂,972666,2
A7326420990,临沂,972666,2
A7438012598,临沂,972666,2
A7148572271,临沂,972666,2
A7413974472,临沂,678280,2
A7446198945,临沂,678280,2
A7328192746,临沂,678280,2
A7451262069,临沂,678280,2
A7461974081,临沂,678280,2
A7272710397,临沂,678280,2
A7368143927,临沂,678280,2
A7404945469,临沂,678280,2
A7410030837,临沂,972666,2
A7396670455,临沂,972666,2
A7363383564,临沂,972666,2
A7151917926,临沂,938887,2
A7473904038,临沂,678233,2
A7415528177,临沂,678233,2
A7435875754,临沂,678233,2
A7410200108,临沂,678233,2
A7479461300,临沂,678233,2
A7257424806,临沂,938887,2
A7463743352,临沂,938887,2
A7210047769,临沂,938887,2
A7264644945,临沂,938887,2
A7430098656,临沂,938887,2
A7376698239,临沂,938887,2
A7354239788,临沂,938887,2
A7473583134,临沂,938887,2
A7422240004,临沂,938887,2
A7461727576,临沂,678280,2
A7404401966,临沂,678280,2
A7478463626,临沂,994769,2
A7415120380,临沂,792467,2
A7281160389,临沂,792467,2
A7336117936,临沂,792467,2
A7314525507,临沂,792467,2
A7477170947,临沂,792467,2
A7379388672,临沂,792467,2
A7334613349,临沂,792467,2
A7381374203,临沂,792467,2
A7416058857,临沂,923072,2
A7470525275,临沂,792467,2
A7227395345,临沂,792468,2
A7478752994,临沂,792468,2
A7394289306,临沂,792468,2
A7179831607,临沂,792468,2
A7461741743,临沂,792468,2
A7399533456,临沂,792467,2
A7410855430,临沂,923072,2
A7462531814,临沂,994769,2
A7313452930,临沂,994769,2
A7479250020,临沂,994769,2
A7439038850,临沂,994769,2
A7438764944,临沂,994769,2
A7439090479,临沂,994769,2
A7346421344,临沂,994769,2
A7452517288,临沂,994769,2
A7382452393,临沂,923072,2
A7478431468,临沂,923072,2
A7479402696,临沂,923072,2
A7416081897,临沂,923072,2
A7392283858,临沂,923072,2
A7478419892,临沂,923072,2
A7451397102,临沂,923072,2
A7392262062,临沂,923072,2
A7473570513,临沂,678233,2
A7474891099,临沂,678233,2
A7454972499,临沂,676964,2
A7445546816,临沂,678233,2
A7447282751,临沂,972699,2
A7311678105,临沂,972699,2
A7447334388,临沂,972699,2
A7469685592,临沂,1160573,2
A7473112374,临沂,1160573,2
A7442893112,临沂,1160573,2
A7363308947,临沂,1160573,2
A7241662459,临沂,1160573,2
A7234967166,临沂,1160573,2
A6991379227,临沂,1160573,2
A7256691400,临沂,1160573,2
A7460987355,临沂,1160573,2
A7429385982,临沂,678222,2
A7364880357,临沂,678222,2
A7471208919,临沂,678222,2
A7477879397,临沂,972699,2
A7352252050,临沂,972699,2
A7429875929,临沂,972699,2
A7455024401,临沂,677898,2
A7479214351,临沂,676964,2
A7421240830,临沂,677898,2
A7475667663,临沂,677898,2
A7403293821,临沂,677898,2
A7403200149,临沂,677898,2
A7425749706,临沂,677898,2
A7417830117,临沂,677898,2
A7402153776,临沂,972699,2
A7414000253,临沂,677898,2
A7464456404,临沂,677898,2
A7445333223,临沂,677898,2
A7432768558,临沂,972699,2
A7467017369,临沂,972699,2
A7430904993,临沂,972699,2
A7428108763,临沂,678222,2
A7441062502,临沂,678222,2
A7352876942,临沂,678222,2
A7227159954,临沂,1193511,2
A7421550950,临沂,677108,2
A7376916867,临沂,677108,2
A7449657558,临沂,677108,2
A7372023294,临沂,677108,2
A7417164697,临沂,677108,2
A7261420397,临沂,1193511,2
A7073894161,临沂,1193511,2
A7449667331,临沂,677108,2
A7458217413,临沂,1193511,2
A7434398523,临沂,1193511,2
A7458198059,临沂,1193511,2
A7428462469,临沂,1193511,2
A7414923382,临沂,1193511,2
A7400429898,临沂,1193511,2
A7429527601,临沂,677108,2
A7421548685,临沂,677108,2
A7462551676,临沂,678222,2
A7423322459,临沂,678257,2
A7431994699,临沂,678222,2
A7474464405,临沂,678222,2
A7433742661,临沂,678222,2
A7404251007,临沂,678257,2
A7471432342,临沂,678257,2
A7336966517,临沂,678257,2
A7445707006,临沂,678257,2
A7441211103,临沂,677108,2
A7366972333,临沂,678257,2
A7319740965,临沂,678257,2
A7312783503,临沂,678257,2
A7366973238,临沂,678257,2
A7329526133,临沂,678257,2
A7465991059,临沂,677108,2
A7444354069,临沂,996451,2
A7413971067,临沂,996451,2
A7373688062,临沂,766265,2
A7100301623,临沂,677067,2
A7456669221,临沂,676857,2
A7406699743,临沂,676857,2
A7385500756,临沂,676857,2
A7385265002,临沂,676857,2
A7417853813,临沂,676857,2
A7414875038,临沂,676857,2
A7385514974,临沂,676857,2
A7385220284,临沂,676857,2
A7465508464,临沂,676857,2
A7394000987,临沂,676857,2
A7403061207,临沂,677067,2
A7276547354,临沂,677067,2
A6965415914,临沂,677067,2
A7467024344,临沂,677067,2
A7049209091,临沂,677067,2
A7256738598,临沂,863269,2
A7310177790,临沂,863269,2
A7368683889,临沂,863269,2
A7365738768,临沂,863541,2
A7443648345,临沂,863541,2
A7458378519,临沂,863541,2
A7020326106,临沂,863541,2
A7461056950,临沂,863541,2
A7456556035,临沂,863541,2
A7237667244,临沂,863541,2
A7458323012,临沂,863541,2
A7275695666,临沂,863269,2
A7268706341,临沂,863269,2
A7385383717,临沂,863269,2
A7373606443,临沂,863269,2
A7243475775,临沂,863269,2
A7478382288,临沂,863269,2
A7308048616,临沂,863269,2
A7370580771,临沂,677067,2
A7275842982,临沂,677067,2
A7413936551,临沂,996451,2
A7311845798,临沂,677067,2
A7475451311,临沂,1007905,2
A7451315523,临沂,1007905,2
A7379435395,临沂,713715,2
A7382349797,临沂,713715,2
A7378302398,临沂,713715,2
A7381596595,临沂,713715,2
A7445205087,临沂,713715,2
A7457688708,临沂,713715,2
A7441059560,临沂,713715,2
A7432055768,临沂,713715,2
A7368663398,临沂,713715,2
A7433577825,临沂,713715,2
A7443405339,临沂,677225,2
A7227201045,临沂,677225,2
A7437351783,临沂,677225,2
A7456541604,临沂,1007905,2
A7452450439,临沂,1007905,2
A7422972113,临沂,1007905,2
A7384429125,临沂,973231,2
A7458505078,临沂,973231,2
A7458272048,临沂,973231,2
A7470415435,临沂,973231,2
A7468060624,临沂,973231,2
A7374679524,临沂,973231,2
A7459345260,临沂,973231,2
A7458428642,临沂,973231,2
A7442769025,临沂,1007905,2
A7459360711,临沂,973231,2
A7338203286,临沂,973231,2
A7395682156,临沂,1007905,2
A7405141555,临沂,1007905,2
A7412981365,临沂,1007905,2
A7402144485,临沂,1007905,2
A7401531741,临沂,863541,2
A7416852024,临沂,863541,2
A7340453782,临沂,923541,2
A7464643136,临沂,923541,2
A7381337530,临沂,677018,2
A7442970441,临沂,677018,2
A7472386708,临沂,677018,2
A7336850416,临沂,677018,2
A7464406825,临沂,677018,2
A7410798671,临沂,1161011,2
A7409285408,临沂,1161011,2
A7408685539,临沂,1161011,2
A7340549098,临沂,1161011,2
A7369608146,临沂,1161011,2
A7460394788,临沂,1161011,2
A7471288214,临沂,1161011,2
A7464318009,临沂,1161011,2
A7440865247,临沂,1161011,2
A7464303709,临沂,1161011,2
A7398346354,临沂,677018,2
A7362114902,临沂,677018,2
A7463608830,临沂,677018,2
A7458579294,临沂,1060274,2
A7447211251,临沂,678259,2
A7394034171,临沂,1060274,2
A7478260293,临沂,1060274,2
A7430831562,临沂,1060274,2
A7466863455,临沂,1060274,2
A7453292908,临沂,1060274,2
A7452219201,临沂,1060274,2
A7478655446,临沂,677018,2
A7457661009,临沂,1060274,2
A7457539805,临沂,1060274,2
A7414563164,临沂,1060274,2
A7421352418,临沂,677333,2
R3562197750815754,临沂,677333,2
A7473717990,临沂,677018,2
A7456569229,临沂,781049,2
A7399287053,临沂,781049,2
A7415060625,临沂,781049,2
A7463763267,临沂,781049,2
A7380977134,临沂,781049,2
A7371252592,临沂,781049,2
A7149938710,临沂,781049,2
A7458298292,临沂,923541,2
A7460036333,临沂,781049,2
A7419556558,临沂,923541,2
A7454143334,临沂,923541,2
A7414105186,临沂,923541,2
A7392445708,临沂,923541,2
A7434383816,临沂,923541,2
A7428393200,临沂,923541,2
A7338984061,临沂,781049,2
A7368139233,临沂,678331,2
A7478688017,临沂,678331,2
A7310098440,临沂,678331,2
A7460053141,临沂,678331,2
A7478473043,临沂,678331,2
A7336958566,临沂,678331,2
A7463746538,临沂,678331,2
A7453505521,临沂,678331,2
A7368138767,临沂,678331,2
A7476924062,临沂,678331,2
A7407591720,临沂,677225,2
A7386344808,临沂,677225,2
A7438220478,临沂,677225,2
A7376765106,临沂,792843,2
A7331247245,临沂,1007304,2
A7468850110,临沂,676883,2
A7476917248,临沂,676883,2
A7405095882,临沂,676883,2
A7468837888,临沂,676883,2
A7307421766,临沂,676883,2
A7378046939,临沂,676883,2
A7473055237,临沂,676883,2
A7385202454,临沂,1007304,2
A7473751270,临沂,991341,2
A7282002079,临沂,792843,2
A7391884774,临沂,792843,2
A7371535889,临沂,792843,2
A7406042599,临沂,792843,2
A7433633939,临沂,792843,2
A7447528281,临沂,792843,2
A7376827936,临沂,792843,2
A7470700833,临沂,991341,2
A7363928517,临沂,991341,2
A7415201758,临沂,991341,2
A7422306688,临沂,991341,2
A7449879114,临沂,991341,2
A7475645622,临沂,991341,2
A7451356299,临沂,991341,2
A7452521895,临沂,991341,2
A7363388170,临沂,676883,2
A7442954182,临沂,676883,2
A7305538235,临沂,676883,2
A7479430848,临沂,972778,2
A7451398647,临沂,678323,2
A7476466088,临沂,972778,2
A7479497929,临沂,972778,2
A7465314101,临沂,972778,2
A7463495216,临沂,972778,2
A7446220930,临沂,972778,2
A7467058216,临沂,972778,2
A7386409002,临沂,678323,2
A7473665349,临沂,972778,2
A7473165655,临沂,972778,2
A7473802348,临沂,972778,2
A7428248988,临沂,766265,2
A7436623721,临沂,766265,2
A7479270929,临沂,766265,2
A7457612582,临沂,678323,2
A7275746832,临沂,678323,2
A7472135068,临沂,973157,2
A7429365260,临沂,973157,2
A7065891963,临沂,973157,2
A7317756456,临沂,973157,2
A7479380528,临沂,973157,2
A7397396831,临沂,973157,2
A7471305370,临沂,973157,2
A7444622714,临沂,973157,2
A7318804769,临沂,973157,2
A7395367044,临沂,678323,2
A7397406757,临沂,973157,2
A7452456986,临沂,678323,2
A7459948884,临沂,678323,2
A7438337403,临沂,678323,2
A7443654782,临沂,678323,2
A7465367528,临沂,678323,2
A7369731881,临沂,792843,2
A7379959192,临沂,792843,2
A7355031847,临沂,677225,2
A7478323975,临沂,678263,2
A7430777562,临沂,972721,2
A7452525526,临沂,972721,2
A7452335447,临沂,972721,2
A7475393504,临沂,1018019,2
A7123748250,临沂,1018019,2
A7395461438,临沂,1018019,2
A7440836307,临沂,1018019,2
A7441895093,临沂,1018019,2
A7409865634,临沂,1018019,2
A7323053190,临沂,1018019,2
A7310120706,临沂,1018019,2
A7276544420,临沂,1018019,2
A7460029179,临沂,1186429,2
A7455657488,临沂,1186429,2
A7255797467,临沂,1186429,2
A7472068332,临沂,972721,2
A7470462831,临沂,972721,2
A7433456215,临沂,972721,2
A7473035357,临沂,972982,2
A7310851545,临沂,677225,2
A7344415914,临沂,677225,2
A7440255865,临沂,677225,2
A7447264640,临沂,972982,2
A7445370635,临沂,972982,2
A7472942358,临沂,972982,2
A7444637967,临沂,972982,2
A7469588265,临沂,972721,2
A7398567415,临沂,972982,2
A7444650569,临沂,972982,2
A7456760901,临沂,972982,2
A7478771009,临沂,972982,2
A7434333809,临沂,972982,2
A7454779756,临沂,972721,2
A7390074954,临沂,1186429,2
A7434315414,临沂,1186429,2
A7479268429,临沂,678263,2
A7438965976,临沂,1280431,2
A7427687058,临沂,1280431,2
A7327288086,临沂,1280431,2
A7477616207,临沂,1280431,2
A7353583868,临沂,1280431,2
A7479347884,临沂,678263,2
A7390277017,临沂,678263,2
A7040288765,临沂,1280431,2
A7468815699,临沂,678263,2
A7427709095,临沂,678263,2
A7427712314,临沂,678263,2
A7444363153,临沂,678263,2
A7413732211,临沂,678263,2
A7366971272,临沂,678263,2
A7357762259,临沂,1280431,2
A7410888302,临沂,1280431,2
A7331190540,临沂,677843,2
A7445240462,临沂,1186429,2
A7449042568,临沂,677843,2
A7458982568,临沂,677843,2
A7474546976,临沂,677843,2
A6887371368,临沂,677843,2
A7401514754,临沂,1280431,2
A7459073068,临沂,677843,2
A7452307824,临沂,677843,2
A7473788093,临沂,677843,2
A7432450555,临沂,677843,2
A7444366763,临沂,677843,2
A7427692822,临沂,1280431,2
A7454857174,临沂,678259,2
A7459104874,临沂,678259,2
A7447205482,临沂,678259,2
A7405686511,临沂,873700,2
A7343806200,临沂,678309,2
A7366966956,临沂,678309,2
A7366966747,临沂,678309,2
A7366967209,临沂,678309,2
A7329148651,临沂,678309,2
A7469517549,临沂,678309,2
A7330719477,临沂,678309,2
A7329149335,临沂,678309,2
A7449036615,临沂,677241,2
A7463485432,临沂,677241,2
A7418804511,临沂,677241,2
A7463841506,临沂,677241,2
A7431667817,临沂,677241,2
A7463460845,临沂,677241,2
A7472283083,临沂,677241,2
A7366967755,临沂,678309,2
A7356941571,临沂,678309,2
A7456485723,临沂,972796,2
A7289754310,临沂,972796,2
A7476952411,临沂,873700,2
A7475676088,临沂,873700,2
A7432748407,临沂,873700,2
A7432761942,临沂,873700,2
A7339580745,临沂,873700,2
A7334502008,临沂,873700,2
A7253139131,临沂,972796,2
A7356362378,临沂,972796,2
A7448216183,临沂,972796,2
A7362706316,临沂,972796,2
A7081591948,临沂,972796,2
A7429948581,临沂,972796,2
A7199945807,临沂,972796,2
A7409788510,临沂,972796,2
A7360927546,临沂,677241,2
A7366204468,临沂,677241,2
A7391048096,临沂,677241,2
A7470447663,临沂,677772,2
A7381614695,临沂,677772,2
A7420543165,临沂,677772,2
A7470357778,临沂,677772,2
A7470405067,临沂,677772,2
A7472440876,临沂,677772,2
A7470436353,临沂,677772,2
A7348635121,临沂,677772,2
A7452198080,临沂,1265101,2
A7456516615,临沂,677772,2
A7396473722,临沂,677772,2
A7467292656,临沂,1024247,2
A7420285559,临沂,1024247,2
A7444592848,临沂,1024247,2
A7445361498,临沂,1024247,2
A7429985796,临沂,1265101,2
A7410064785,临沂,1265101,2
A7405136259,临沂,972999,2
A7468820693,临沂,972999,2
A7403372634,临沂,972999,2
A7466386847,临沂,972999,2
A7364516866,临沂,972999,2
A7313389731,临沂,972999,2
A7344259636,临沂,972999,2
A7473735141,临沂,972999,2
A7047560502,临沂,972999,2
A7444536365,临沂,1265101,2
A7384398221,临沂,972999,2
A7396204349,临沂,1265101,2
A7385116691,临沂,1265101,2
A7454022692,临沂,1265101,2
A7455541387,临沂,1265101,2
A7453215017,临沂,1265101,2
A7476978421,临沂,873700,2
A7407763312,临沂,873700,2
A7366186713,临沂,1024247,2
A7476975421,临沂,873700,2
A7475595208,临沂,1045640,2
A7467583546,临沂,1045640,2
A7419526208,临沂,1045640,2
A7270834152,临沂,678262,2
A7464571706,临沂,678262,2
A7466906124,临沂,678262,2
A7474758648,临沂,678262,2
A7475380681,临沂,678262,2
A7464439739,临沂,678262,2
A7186618563,临沂,678262,2
A7464571017,临沂,678262,2
A7422378217,临沂,678262,2
A7428690448,临沂,678262,2
A7440822443,临沂,677008,2
A7433722302,临沂,677008,2
A7394323171,临沂,1045640,2
A7400624038,临沂,1045640,2
A7478553498,临沂,1045640,2
A7260616760,临沂,1002818,2
A7432684107,临沂,996451,2
A7454147692,临沂,1002818,2
A7448835818,临沂,1002818,2
A7332109451,临沂,1002818,2
A7429415167,临沂,1002818,2
A7436602922,临沂,1002818,2
A7369566107,临沂,1002818,2
A7467727284,临沂,1045640,2
A7331270454,临沂,1002818,2
A7331206096,临沂,1002818,2
A7432818054,临沂,1002818,2
A7435744227,临沂,1045640,2
A7474749083,临沂,1045640,2
A7474744025,临沂,1045640,2
A7457490243,临沂,677008,2
A7434449111,临沂,677008,2
A7433381454,临沂,677008,2
A7451765595,临沂,923076,2
A7433484736,临沂,1478318,2
A7342742909,临沂,1478318,2
A7473714347,临沂,1478318,2
A7291889943,临沂,1478318,2
A7446267831,临沂,923076,2
A7450657960,临沂,923076,2
A7396273359,临沂,923076,2
A7438948605,临沂,1478318,2
A7450478943,临沂,923076,2
A7278650737,临沂,923076,2
A7450541372,临沂,923076,2
A7446178853,临沂,923076,2
A7370592082,临沂,923076,2
A7369743822,临沂,923076,2
A7465247794,临沂,1478318,2
A7342776535,临沂,1478318,2
A7413956272,临沂,677008,2
A7445302264,临沂,678310,2
A7274593690,临沂,677008,2
A7312681750,临沂,677008,2
A7307370719,临沂,677008,2
A7391967075,临沂,678310,2
A7280244380,临沂,678310,2
A7469649073,临沂,678310,2
A7469635216,临沂,678310,2
A7467022715,临沂,1478318,2
A7466395385,临沂,678310,2
A7470445196,临沂,678310,2
A7298842172,临沂,678310,2
A7432697030,临沂,678310,2
A7401697284,临沂,1478318,2
A7390179181,临沂,1478318,2
A7439802698,临沂,1024247,2
A7473650445,临沂,1024247,2
A7311734754,临沂,678259,2
A7434422429,临沂,972678,2
A7297705287,临沂,923075,2
A7459156264,临沂,923075,2
A7479281736,临沂,923075,2
A7198409626,临沂,923075,2
A7409114568,临沂,923075,2
A7365391223,临沂,923075,2
A7417145494,临沂,923075,2
A7369718768,临沂,923075,2
A7368664520,临沂,923075,2
A7358912015,临沂,923075,2
A7473901415,临沂,972703,2
A7473997964,临沂,972703,2
A7473974236,临沂,972703,2
A7474046474,临沂,972703,2
A7447260886,临沂,972703,2
A7416044275,临沂,973218,2
A7448791154,临沂,973218,2
A7477819834,临沂,973218,2
A7458518526,临沂,678356,2
A7393191783,临沂,678356,2
A7468801681,临沂,678356,2
A7423200971,临沂,678356,2
A7425663551,临沂,678356,2
A7467701690,临沂,678356,2
A7393210995,临沂,678356,2
A7441769055,临沂,678356,2
A7414939907,临沂,973218,2
A7323803875,临沂,973218,2
A7453143423,临沂,973218,2
A7322451300,临沂,973218,2
A7331182454,临沂,973218,2
A7323799438,临沂,973218,2
A7428196390,临沂,973218,2
A7405656898,临沂,972703,2
A7473904308,临沂,972703,2
A7445583440,临沂,972703,2
A7460036749,临沂,1428070,2
A7446497584,临沂,909611,2
A7395393346,临沂,909611,2
A7449775766,临沂,909611,2
A7478413965,临沂,1428070,2
A7474790146,临沂,1428070,2
A7477732059,临沂,1428070,2
A7447168090,临沂,1428070,2
A7405979733,临沂,909611,2
A7444486658,临沂,1428070,2
A7460045520,临沂,1428070,2
A7444464348,临沂,1428070,2
A7447158065,临沂,1428070,2
A7312683960,临沂,678259,2
A7424804633,临沂,678259,2
A7440822864,临沂,909611,2
A7430008672,临沂,909611,2
A7300442742,临沂,972703,2
A7455625911,临沂,973222,2
A7402571348,临沂,972703,2
A7348962872,临沂,973222,2
A7356417861,临沂,973222,2
A7405011340,临沂,973222,2
A7386892290,临沂,973222,2
A7466746479,临沂,973222,2
A7417058791,临沂,973222,2
A7447405061,临沂,909611,2
A7424772902,临沂,973222,2
A7401966583,临沂,973222,2
A7340423935,临沂,973222,2
A7406001053,临沂,909611,2
A7273598980,临沂,909611,2
A7446116174,临沂,909611,2
A7461370011,临沂,678356,2
A7467657259,临沂,972678,2
A7435777312,临沂,1024247,2
A7445214057,临沂,972678,2
A7374731111,临沂,678328,2
A7450478199,临沂,678328,2
A7455637943,临沂,678328,2
A7453498752,临沂,678328,2
A7460179790,临沂,677831,2
A7464301775,临沂,677831,2
A7464775693,临沂,677831,2
A7464296665,临沂,677831,2
A7467023170,临沂,677831,2
A7444565370,临沂,677831,2
A7444504555,临沂,677831,2
A7349486439,临沂,677831,2
A7442626882,临沂,677831,2
A7460073912,临沂,677831,2
A7437887116,临沂,677012,2
A7474778745,临沂,678328,2
A7396522553,临沂,678328,2
A7453483053,临沂,678328,2
A7415853900,临沂,789055,2
A7457533710,临沂,1024247,2
A7457532873,临沂,1024247,2
A7475420553,临沂,789055,2
A7433870195,临沂,789055,2
A7300465753,临沂,789055,2
A7433871268,临沂,789055,2
A7427377839,临沂,789055,2
A7455731341,临沂,678328,2
A7415845370,临沂,789055,2
A7447941540,临沂,789055,2
A7397518426,临沂,789055,2
A7187310564,临沂,789055,2
A7479547097,临沂,678328,2
A7458340595,临沂,678328,2
A7435871878,临沂,677012,2
A7426370719,临沂,677012,2
A7314554432,临沂,677012,2
A7473898159,临沂,766117,2
A7305618719,临沂,766117,2
A7432473148,临沂,766117,2
A7443652276,临沂,766117,2
A7474709926,临沂,766117,2
A7399207869,临沂,766117,2
A7387850067,临沂,766117,2
A7433441929,临沂,972678,2
A7396401413,临沂,766117,2
A7433410100,临沂,972678,2
A7432954585,临沂,972678,2
A7434313304,临沂,972678,2
A7464538282,临沂,972678,2
A7452116231,临沂,972678,2
A7441211227,临沂,972678,2
A7474770756,临沂,766117,2
A7262524628,临沂,766117,2
A7450560020,临沂,677012,2
A7479470924,临沂,676861,2
A7417961067,临沂,677012,2
A7413227567,临沂,677012,2
A7455722127,临沂,677012,2
A7337527259,临沂,677012,2
A7321564657,临沂,677012,2
A7393140107,临沂,676861,2
A7462525621,临沂,676861,2
A7384496356,临沂,676861,2
A7479252126,临沂,676861,2
A7440748254,临沂,676861,2
A7340462076,临沂,676861,2
A7340528013,临沂,676861,2
A7415962860,临沂,676861,2
A7479232232,临沂,676861,2
A7351653242,临沂,676846,2
A7468572818,临沂,678333,2
A7477109141,临沂,676846,2
A7450342863,临沂,972734,2
A7343540224,临沂,677597,2
A7431875979,临沂,677597,2
A7402157147,临沂,677597,2
A7402541473,临沂,677597,2
A7443453544,临沂,677597,2
A7425581333,临沂,972626,2
A7478621283,临沂,1171691,2
A7451696113,临沂,677597,2
A7375422675,临沂,677597,2
A7459944073,临沂,677597,2
A7441684721,临沂,972634,2
A7296888003,临沂,1087441,2
A7418450957,临沂,1087441,2
A7384012888,临沂,1087441,2
A7435182727,临沂,972634,2
A7432804889,临沂,972634,2
A7373444421,临沂,972634,2
A7437447021,临沂,972634,2
A7403314500,临沂,677597,2
A7443753881,临沂,972634,2
A7467936862,临沂,972634,2
A7429205567,临沂,972634,2
A7445254723,临沂,972634,2
A7432097648,临沂,972634,2
A7268846632,临沂,677597,2
A7455629895,临沂,1171691,2
A7440119944,临沂,1171691,2
A7458498819,临沂,1171691,2
A7466902766,临沂,677641,2
A7473678921,临沂,972856,2
A7334636667,临沂,972856,2
A7473686145,临沂,972856,2
A7413205744,临沂,972856,2
R4521559923745797,临沂,972856,2
A7423143940,临沂,677641,2
A7431074223,临沂,677641,2
A7399564197,临沂,972856,2
A7074621376,临沂,677641,2
A7194684586,临沂,677641,2
A7440172410,临沂,677641,2
A7399191624,临沂,677641,2
A7454867195,临沂,677641,2
A7444675157,临沂,1186419,2
A7472827074,临沂,972856,2
R4532892163286027,临沂,972671,2
A7437037405,临沂,1171691,2
A7450604490,临沂,1171691,2
A7458627335,临沂,1171691,2
A7406178435,临沂,1171691,2
A7385616236,临沂,1171691,2
A7243654493,临沂,972671,2
A7467697985,临沂,972671,2
A7416846619,临沂,972671,2
A7397499075,临沂,972671,2
A7454172737,临沂,972671,2
A7472248772,临沂,972671,2
A7464219161,临沂,972671,2
R4477736766696450,临沂,972671,2
A7424006321,临沂,1087441,2
A7307406735,临沂,1087441,2
A7418465226,临沂,1087441,2
A7414280692,临沂,678161,2
A7473861561,临沂,678193,2
A7474978287,临沂,678193,2
R4124583217569799,临沂,678193,2
A7419460768,临沂,678193,2
A7430016164,临沂,678161,2
A7447391916,临沂,678161,2
A7473790531,临沂,678161,2
A7475626358,临沂,678193,2
A7373420385,临沂,678161,2
A7415079012,临沂,678161,2
A7430042558,临沂,678161,2
A7430836614,临沂,678161,2
A7420361757,临沂,678161,2
A7478599065,临沂,677986,2
A7473866335,临沂,678193,2
A7409014155,临沂,1042464,2
R3034440177721346,临沂,677986,2
A7417769585,临沂,1501445,2
A7393172774,临沂,1501445,2
A7464297238,临沂,1501445,2
A7464296008,临沂,1501445,2
A7236995839,临沂,1501445,2
A7231018275,临沂,1501445,2
A7463658385,临沂,1501445,2
A7478774742,临沂,1042464,2
A7459303486,临沂,1042464,2
A7436585092,临沂,1042464,2
A7479376551,临沂,1042464,2
A7476377005,临沂,1042464,2
A7476311040,临沂,1042464,2
A7450454371,临沂,1042464,2
A7438088671,临沂,1042464,2
A7479427897,临沂,677986,2
A7447897149,临沂,677986,2
A7414068919,临沂,1087441,2
A7419248536,临沂,924678,2
A7255050365,临沂,713679,2
A7392163687,临沂,924678,2
A7410810436,临沂,924678,2
A7410814988,临沂,924678,2
A7466134835,临沂,924678,2
A7370254033,临沂,924678,2
A7447474929,临沂,924678,2
A7297830989,临沂,924678,2
A7462489789,临沂,924678,2
A7375867066,临沂,924678,2
A7332168403,临沂,1087441,2
A7296871906,临沂,1087441,2
A7387295303,临沂,677986,2
A7433951662,临沂,677672,2
A7468973335,临沂,677672,2
A7430255635,临沂,677672,2
A7174979627,临沂,677672,2
A7350849449,临沂,677672,2
A7368130634,临沂,677672,2
A7220676624,临沂,677672,2
A7369045438,临沂,677672,2
A7301234916,临沂,677672,2
A7409582859,临沂,677672,2
A7440973899,临沂,713679,2
A7376731787,临沂,713679,2
A7472248611,临沂,1186419,2
A7472267836,临沂,1186419,2
R2512971525432330,临沂,1186419,2
A7042800169,临沂,972843,2
A7467729629,临沂,972972,2
A7432679314,临沂,972972,2
A7422107796,临沂,972972,2
A7419556429,临沂,972843,2
A7435194461,临沂,972843,2
A7432760319,临沂,972843,2
A7360293272,临沂,972843,2
A7466826061,临沂,972972,2
A7370550033,临沂,972843,2
A7423154770,临沂,1047679,2
A7416864845,临沂,1047679,2
A7440959965,临沂,1047679,2
A7420657143,临沂,1047679,2
A7423337205,临沂,1047679,2
A7394479886,临沂,972972,2
A7332211290,临沂,972972,2
A7444392990,临沂,1047679,2
A7431893451,临沂,677609,2
A7416850528,临沂,972720,2
A7391337267,临沂,972720,2
A7478574831,临沂,677609,2
A7411423053,临沂,677609,2
A7456651668,临沂,677609,2
A7463390093,临沂,677609,2
A7459948176,临沂,677609,2
A7451249100,临沂,972972,2
A7463395375,临沂,677609,2
A7332238586,临沂,677609,2
A7303147384,临沂,677609,2
R4591554374474756,临沂,677609,2
A7468817903,临沂,972972,2
A7427703556,临沂,972972,2
A7416865839,临沂,1047679,2
A7445285524,临沂,1047679,2
A7406050681,临沂,972720,2
A7370645405,临沂,677681,2
A7469469235,临沂,1087454,2
A7398262810,临沂,1087454,2
A7464305704,临沂,677681,2
A7330521111,临沂,677681,2
A7445432287,临沂,677681,2
A7404105329,临沂,677681,2
A7449678559,临沂,677681,2
A7434162962,临沂,1087454,2
A7464305042,临沂,677681,2
A7449678596,临沂,677681,2
A7445561157,临沂,677681,2
A7362668028,临沂,677681,2
A7479122568,临沂,972734,2
A7479376340,临沂,972734,2
A7467657725,临沂,1087454,2
A7431708510,临沂,1087454,2
A7449743407,临沂,1047679,2
A7029802851,临沂,1052165,2
A7419320326,临沂,1047679,2
A7435172577,临沂,1052165,2
A7391028952,临沂,1052165,2
A7453289675,临沂,1052165,2
A7452198260,临沂,1052165,2
A7449612206,临沂,1052165,2
A7459285983,临沂,1052165,2
A7393862482,临沂,1087454,2
A7457619434,临沂,1052165,2
A7457651358,临沂,1052165,2
A7434389940,临沂,1087454,2
A7423250995,临沂,1087454,2
A7468743640,临沂,1087454,2
A7416946612,临沂,1087454,2
A7446512221,临沂,972720,2
A7409938656,临沂,972720,2
A7419385761,临沂,1186419,2
A7456504471,临沂,1038557,2
A7443698039,临沂,1038557,2
A7402376227,临沂,1038557,2
A7402506663,临沂,1038557,2
A7443698882,临沂,1038557,2
A7476220479,临沂,1038557,2
A7418658458,临沂,1038557,2
A7431053656,临沂,1038557,2
A7470520447,临沂,678209,2
A7404190262,临沂,1038557,2
A7402351872,临沂,1038557,2
A7478466349,临沂,938439,2
A7432882395,临沂,678209,2
A7477172245,临沂,678209,2
A7438770122,临沂,973086,2
R2613666810028034,临沂,1186419,2
A7412344603,临沂,973086,2
A7443838326,临沂,973086,2
A7467640727,临沂,973086,2
A7472819642,临沂,973086,2
A7471213290,临沂,973086,2
A7452433847,临沂,973086,2
A7419244929,临沂,678209,2
A7444725267,临沂,973086,2
A7440741713,临沂,973086,2
A7389117031,临沂,678209,2
A7384002038,临沂,678209,2
A7435874798,临沂,678209,2
A7470524755,临沂,678209,2
A7391216315,临沂,972720,2
A7445293391,临沂,677535,2
R3193742847549449,临沂,915851,2
A7447211214,临沂,677535,2
A7458496088,临沂,677535,2
A7360133370,临沂,677535,2
A7445546960,临沂,677535,2
A7447266232,临沂,677535,2
A7446311097,临沂,677535,2
A7441641536,临沂,1382689,2
A7445540395,临沂,677535,2
A7445540087,临沂,677535,2
A7450423264,临沂,677535,2
A7479419582,临沂,972720,2
A7117612064,临沂,972720,2
A7272738853,临沂,972720,2
A7467082964,临沂,915851,2
A7479369230,临沂,1382689,2
A7335293290,临沂,1030235,2
A7475711313,临沂,1030235,2
A7478660603,临沂,1030235,2
A7452600450,临沂,1030235,2
A7450713834,临沂,1030235,2
A7478672039,临沂,1030235,2
A7425806349,临沂,1030235,2
A7468871219,临沂,1030235,2
A7396203588,临沂,1382689,2
A7391185996,临沂,1382689,2
A7391988685,临沂,1382689,2
A7456609854,临沂,1382689,2
A7460746782,临沂,1382689,2
A7309354833,临沂,1382689,2
A7389011487,临沂,1382689,2
A7314345897,临沂,1382689,2
A7229364712,临沂,1501445,2
A7417751416,临沂,1501445,2
A7452250358,临沂,1501445,2
A7470740380,临沂,944812,2
A7475001945,临沂,944812,2
A7406779968,临沂,944812,2
A7445320890,临沂,944812,2
A7418631155,临沂,944812,2
A7470387576,临沂,944812,2
A7469494126,临沂,944812,2
A7459853848,临沂,973235,2
A6637019030,临沂,973235,2
A7460089863,临沂,973235,2
A7065081686,临沂,973235,2
A7471337956,临沂,973235,2
A7477740021,临沂,973235,2
A7477993444,临沂,973235,2
A7444738762,临沂,973235,2
A7475001296,临沂,944812,2
A7466093430,临沂,1022352,2
A7461554242,临沂,1022352,2
A7343625203,临沂,1022352,2
A7443679490,临沂,1022352,2
A7461592470,临沂,1022352,2
A7475285653,临沂,944812,2
A7459388011,临沂,1281661,2
A7477753448,临沂,1854246,2
A7463403952,临沂,713732,2
A7456716550,临沂,713732,2
A7417005876,临沂,713732,2
A7471565749,临沂,713732,2
A7459159023,临沂,713732,2
A7474579659,临沂,713732,2
A7126091802,临沂,1854246,2
A7366620551,临沂,713732,2
A7384262416,临沂,1854246,2
A7404114032,临沂,1854246,2
A7404148306,临沂,1854246,2
A7355517152,临沂,1854246,2
A7355494601,临沂,1854246,2
A7453145379,临沂,1854246,2
A7440160559,临沂,713732,2
A7347962208,临沂,713732,2
A7210761858,临沂,1187593,2
A7426449357,临沂,1187593,2
A7326512534,临沂,713732,2
A7454282991,临沂,1187593,2
A7441065337,临沂,1187593,2
A7303266673,临沂,1187593,2
A7426842695,临沂,1187593,2
A7438290717,临沂,1187593,2
A7462701690,临沂,1187593,2
A7467542500,临沂,973235,2
A7453418904,临沂,1281661,2
A7374510694,临沂,1854246,2
A7446614557,临沂,972617,2
A7471481953,临沂,972617,2
A7412944665,临沂,972617,2
A7472147256,临沂,972617,2
A7467013281,临沂,972617,2
A7412984804,临沂,972617,2
A7416008831,临沂,972617,2
A7451406200,临沂,973089,2
A7360246076,临沂,972617,2
A7448757386,临沂,973089,2
A7103169697,临沂,973089,2
A7100102446,临沂,973089,2
A7465225223,临沂,973230,2
A7465385718,临沂,973230,2
A7465640082,临沂,973230,2
A7471555040,临沂,972617,2
A7467002777,临沂,972617,2
A7463664976,临沂,973230,2
A7439881319,临沂,1183683,2
A7388754343,临沂,787992,2
A7413107131,临沂,787992,2
A7447346996,临沂,1183683,2
A7431884285,临沂,1183683,2
A7356293998,临沂,1183683,2
A7461352568,临沂,1183683,2
A7192153506,临沂,1183683,2
A7454001091,临沂,1186474,2
A7189762232,临沂,1183683,2
A7333882202,临沂,1183683,2
A7457787457,临沂,1183683,2
A7325483971,临沂,1183683,2
A7427270240,临沂,1186474,2
A7470334672,临沂,1186474,2
A7388155467,临沂,973230,2
A7477947456,临沂,973230,2
A7461475904,临沂,1281661,2
A7466122699,临沂,940391,2
A7317958086,临沂,940391,2
A7446334233,临沂,940391,2
A7393091912,临沂,940391,2
A7441665223,临沂,940391,2
A7429331556,临沂,940391,2
A7023738116,临沂,940391,2
A7381177914,临沂,940391,2
A7216544538,临沂,972911,2
A7452491039,临沂,1281661,2
A7404190164,临沂,1281661,2
A7451704146,临沂,1281661,2
A7453548924,临沂,1281661,2
A7479369637,临沂,1281661,2
A7461015457,临沂,1281661,2
A7459194114,临沂,940391,2
A7136673766,临沂,972911,2
A7477845040,临沂,973230,2
A7401606340,临沂,1007303,2
A7477052751,临沂,973230,2
A7470745059,临沂,973230,2
A7478330959,临沂,973230,2
A7405153994,临沂,1007303,2
A7430079488,临沂,1007303,2
A7474564632,临沂,1007303,2
A7158993788,临沂,1007303,2
A7472074583,临沂,972911,2
A7338929093,临沂,1007303,2
A7464650498,临沂,1007303,2
A7474629259,临沂,1007303,2
A7474627179,临沂,1007303,2
A7474604782,临沂,1007303,2
A7447276782,临沂,973125,2
A7443726149,临沂,1854246,2
A7479271265,临沂,1473465,2
A7407963701,临沂,1259484,2
A7432685143,临沂,993478,2
A7474843484,临沂,993478,2
A7245066510,临沂,993478,2
A7469769848,临沂,993478,2
A7470388167,临沂,993478,2
A7429325928,临沂,993478,2
A7413914899,临沂,993478,2
A7472146273,临沂,993478,2
A7255983043,临沂,676994,2
A7478461555,临沂,676994,2
A7479157152,临沂,676994,2
A7404828590,临沂,677604,2
A7451375253,临沂,677604,2
A7415058192,临沂,676994,2
A7429487576,临沂,972901,2
A7479239428,临沂,676994,2
A7414133148,临沂,676994,2
A7456600822,临沂,972901,2
A7354237275,临沂,1259484,2
A7475396070,临沂,1566293,2
A7470547927,临沂,1566293,2
A7287232297,临沂,1566293,2
A7418368316,临沂,1566293,2
A7369653412,临沂,1566293,2
A7273740290,临沂,1259484,2
A7260415232,临沂,1259484,2
A7327397220,临沂,1566293,2
A7352957675,临沂,1259484,2
A7407826654,临沂,1259484,2
A7444554075,临沂,1259484,2
A7424929298,临沂,1259484,2
A7373881806,临沂,1259484,2
A7273737352,临沂,1259484,2
A7429568190,临沂,1566293,2
A7479188064,临沂,1566293,2
A7323005184,临沂,676994,2
A7404313834,临沂,945875,2
A7170068826,临沂,676994,2
A7354240772,临沂,676994,2
A7447269886,临沂,676994,2
A7477811593,临沂,945875,2
A7403418185,临沂,945875,2
A7320564054,临沂,945875,2
A7379029592,临沂,945875,2
A7478430829,临沂,1566293,2
A7266743293,临沂,945875,2
A7095732656,临沂,945875,2
A7205957188,临沂,945875,2
A7414094504,临沂,945875,2
A7039142571,临沂,945875,2
A7475410962,临沂,1566293,2
A7466278527,临沂,972901,2
A7253259866,临沂,972901,2
A7433623441,临沂,1473465,2
A7396441296,临沂,677072,2
A7194724031,临沂,677072,2
A7339731685,临沂,677072,2
A7431957003,临沂,677072,2
A7332962126,临沂,677072,2
A7455140809,临沂,677072,2
A7170872620,临沂,677072,2
A7395694825,临沂,677072,2
A7475690973,临沂,676630,2
A7383187188,临沂,677072,2
A7036703744,临沂,677072,2
A7345007920,临沂,943321,2
A7479141223,临沂,943321,2
A7389298159,临沂,943321,2
A7453789946,临沂,943321,2
A7385427309,临沂,676630,2
A7399433620,临沂,676630,2
A7443660038,临沂,943321,2
A7376783003,临沂,1473465,2
A7427604363,临沂,1473465,2
A7305629060,临沂,1473465,2
A7445599761,临沂,1473465,2
A7305622798,临沂,1473465,2
A7381149324,临沂,1473465,2
A7479301401,临沂,1473465,2
A7362745291,临沂,1473465,2
A7422495426,临沂,676630,2
A7219935868,临沂,676630,2
A7419595910,临沂,676630,2
A7283177874,临沂,676630,2
A7260383326,临沂,943321,2
A7439871977,临沂,943321,2
A7216749998,临沂,972901,2
A7437971904,临沂,678272,2
A7478011612,临沂,1008632,2
A7407137397,临沂,1008632,2
A7216315783,临沂,1008632,2
A7441907480,临沂,678272,2
A7336170874,临沂,678272,2
A7308311690,临沂,678272,2
A7448769460,临沂,678272,2
A7453101792,临沂,1008632,2
R1594636241085447,临沂,678272,2
A7324639050,临沂,972901,2
A7248543599,临沂,972901,2
A7309292580,临沂,972901,2
A7459935842,临沂,972901,2
A7415089005,临沂,972901,2
A7477890484,临沂,1008632,2
A7477793050,临沂,1008632,2
A7382365837,临沂,943321,2
A7332781596,临沂,945146,2
A7128222450,临沂,943321,2
A7471447233,临沂,943321,2
A7458532535,临沂,945146,2
A7338942995,临沂,945146,2
A7440800241,临沂,945146,2
A7461441948,临沂,1008632,2
A7477151636,临沂,1008632,2
A7477794530,临沂,1008632,2
A7381022232,临沂,1008632,2
A7468514968,临沂,972734,2
A7435166327,临沂,972734,2
A7437925963,临沂,787992,2
A7469477727,临沂,972734,2
A7457496111,临沂,1067126,2
A7474589270,临沂,1067126,2
A7433439026,临沂,1067126,2
A7406651336,临沂,1016431,2
A7406650066,临沂,1016431,2
A7457689352,临沂,1016431,2
A7408913726,临沂,1016431,2
A7429288484,临沂,1016431,2
A7445269307,临沂,1016431,2
A7473187179,临沂,1016431,2
A7427786697,临沂,1016431,2
A7449636047,临沂,1016431,2
A7246429599,临沂,1067126,2
A7435907177,临沂,1067126,2
A7469599869,临沂,1067126,2
A7413147569,临沂,972695,2
A7451300765,临沂,1008635,2
A7362628119,临沂,1008635,2
A7460055390,临沂,1008635,2
A7443755595,临沂,1008635,2
A7450662888,临沂,1008635,2
A7439217234,临沂,972695,2
A7449522583,临沂,972695,2
A7414048915,临沂,972695,2
A7478423175,临沂,972695,2
A7478775060,临沂,972695,2
A7370641032,临沂,972695,2
A7421089497,临沂,972695,2
A7476962402,临沂,972695,2
A7473622750,临沂,972695,2
A7417665003,临沂,1195633,2
A7473048949,临沂,1195633,2
A7328974538,临沂,1195633,2
A7456725132,临沂,1195633,2
A7472287191,临沂,1195633,2
A7445148311,临沂,1195633,2
A7419346714,临沂,1195633,2
A7444579822,临沂,1498808,2
A7458300092,临沂,1195633,2
A7401336458,临沂,1498808,2
A7459352494,临沂,1498808,2
A7459340204,临沂,1498808,2
A7366166284,临沂,1498808,2
A7459326089,临沂,1498808,2
A7459345977,临沂,1498808,2
A7446418535,临沂,1195633,2
A7249721189,临沂,1195633,2
A7254071389,临沂,1088124,2
A7416106991,临沂,1088124,2
A7432774332,临沂,1088124,2
A7420378160,临沂,1088124,2
A7429880571,临沂,1088124,2
A7356261617,临沂,1088124,2
R4080126093450247,临沂,1088123,2
A7454759503,临沂,1088124,2
A7479454121,临沂,1088124,2
A7479382724,临沂,1088124,2
A7371400583,临沂,1088123,2
A7467680104,临沂,1088123,2
A7473103935,临沂,1088123,2
A7405662362,临沂,1008635,2
A7437034340,临沂,1008635,2
A7469483507,临沂,1008635,2
A7428463897,临沂,713747,2
A7428702441,临沂,713747,2
A7433405276,临沂,713747,2
A7198853140,临沂,713747,2
A7399127687,临沂,713747,2
A7243446847,临沂,713747,2
A7455133232,临沂,713747,2
A7467002064,临沂,972684,2
A7195930879,临沂,713747,2
A7429956623,临沂,972684,2
A7430768185,临沂,972684,2
A7394403868,临沂,972684,2
A7402190999,临沂,972684,2
A7467002775,临沂,972684,2
A7473751765,临沂,972684,2
A7323917261,临沂,713747,2
A7445230360,临沂,713747,2
A7406872449,临沂,972684,2
A7451656346,临沂,1244288,2
A7466757143,临沂,972737,2
A7447392677,临沂,972737,2
A7467175509,临沂,972737,2
A7470595387,临沂,972737,2
A7457329727,临沂,972737,2
A7473681296,临沂,1244288,2
A7432541051,临沂,1244288,2
A7429392892,临沂,1244288,2
A7429271887,临沂,1244288,2
A7449686836,临沂,1244288,2
A7429442668,临沂,1244288,2
A7461542572,临沂,1244288,2
A7447952123,临沂,1244288,2
A7447505515,临沂,1244288,2
A7467003876,临沂,972684,2
A7374790356,临沂,972684,2
A7424210961,临沂,1008635,2
A7467497274,临沂,972673,2
A7449624426,临沂,972673,2
A7387551003,临沂,972673,2
A7479391203,临沂,972673,2
A7443691380,临沂,972673,2
A7443322968,临沂,972673,2
A7443915618,临沂,972673,2
A7464728563,临沂,972673,2
A7472579602,临沂,972673,2
A7461941638,临沂,1370377,2
A7455601540,临沂,1370377,2
A7384328918,临沂,1370377,2
A7445716721,临沂,1370377,2
R4386323753411593,临沂,1370377,2
A7418641798,临沂,1008635,2
A7456558439,临沂,972673,2
A7470654680,临沂,1440367,2
A7475443084,临沂,1440367,2
A7462528472,临沂,1440367,2
A7452339083,临沂,1440367,2
A7443751994,临沂,1440367,2
A7446418025,临沂,1440367,2
A7428501117,临沂,1440367,2
A7477860767,临沂,1440367,2
A7446454640,临沂,1440367,2
A7445743763,临沂,972786,2
A7446274970,临沂,1440367,2
A7332882839,临沂,972786,2
A7474170288,临沂,972786,2
A7389900380,临沂,972770,2
A7464627631,临沂,972770,2
A7464614865,临沂,972770,2
A7476947147,临沂,940478,2
A7237879350,临沂,940478,2
A7472871679,临沂,940478,2
A7388591980,临沂,1005125,2
A7324492574,临沂,1005125,2
A7437940747,临沂,1005125,2
A7415120967,临沂,1014919,2
A7443608070,临沂,872660,2
A7393116126,临沂,872660,2
A7477200744,临沂,1014919,2
A7474379391,临沂,1014919,2
A7336800206,临沂,1014919,2
A7474777355,临沂,1014919,2
A7425588981,临沂,1014919,2
A7476248968,临沂,1014919,2
A7159991309,临沂,1014919,2
A7336871973,临沂,1014919,2
A7468747309,临沂,1005125,2
A7429927384,临沂,1005125,2
A7428489382,临沂,872660,2
A7442780591,临沂,973187,2
A7457360551,临沂,677695,2
A7456660919,临沂,677695,2
A7457350117,临沂,677695,2
A7420400229,临沂,677695,2
A7455613939,临沂,973187,2
A7440195629,临沂,973187,2
A7374335175,临沂,677695,2
A7445330046,临沂,973187,2
A7473946225,临沂,973187,2
A7445330039,临沂,973187,2
A7474999526,临沂,973187,2
A7474999050,临沂,973187,2
A7465472009,临沂,973187,2
A7378307092,临沂,677695,2
A7456662141,临沂,677695,2
A7292753710,临沂,1005125,2
A7366037062,临沂,1082956,2
A7444203623,临沂,1005125,2
A7437947098,临沂,1005125,2
A7374726684,临沂,1005125,2
A7454096865,临沂,1005125,2
A7296633470,临沂,1082956,2
A7468537225,临沂,1082956,2
A7454828572,临沂,1082956,2
A7457366600,临沂,677695,2
A7362221697,临沂,1082956,2
A7420207199,临沂,1082956,2
A7474757026,临沂,1082956,2
A7427303561,临沂,1082956,2
A7405080577,临沂,1082956,2
A7453385889,临沂,1082956,2
A7404990216,临沂,872660,2
A7399294095,临沂,872660,2
A7116732214,临沂,972770,2
A7444799750,临沂,676874,2
A7474396701,临沂,928011,2
A7477994210,临沂,676874,2
A7397406931,临沂,676874,2
A7389265932,临沂,676874,2
A7453142081,临沂,676874,2
A7476799016,临沂,676874,2
A7470375188,临沂,928011,2
A7440208889,临沂,1147503,2
A7396550459,临沂,1147503,2
A7433478857,临沂,1147503,2
A7468813447,临沂,1147503,2
A7449805867,临沂,1147503,2
A7396255776,临沂,1147503,2
A7429965125,临沂,928011,2
A7445601010,临沂,928011,2
A7387916035,临沂,1147503,2
A7467860520,临沂,1043745,2
R4447828458777610,临沂,972770,2
R4463423175713801,临沂,972770,2
A7370566836,临沂,1043745,2
A7477755997,临沂,1043745,2
A7473007550,临沂,1043745,2
A7474479270,临沂,1043745,2
A7473783529,临沂,1043745,2
A7460937626,临沂,928011,2
A7475369131,临沂,1043745,2
A7189902516,临沂,1043745,2
A7458277595,临沂,1043745,2
A7475000558,临沂,928011,2
A7456608265,临沂,928011,2
A7382464746,临沂,928011,2
A7433513479,临沂,1147503,2
A7424038858,临沂,1147503,2
A7376766092,临沂,872660,2
A7467207023,临沂,1186476,2
A7466784181,临沂,1186476,2
A7467723228,临沂,1186476,2
A7467713546,临沂,1186476,2
A7463705655,临沂,1186476,2
A7466737456,临沂,1186476,2
A7473639170,临沂,1186476,2
A7454721339,临沂,1186476,2
A7431974666,临沂,1543010,2
A7466378017,临沂,1186476,2
A7449719839,临沂,1186476,2
A7447213463,临沂,872660,2
A7399512683,临沂,872660,2
A7434432924,临沂,872660,2
A7447165634,临沂,872660,2
A7463361465,临沂,1543010,2
A7419637101,临沂,1543010,2
A7437260003,临沂,1147503,2
A7419303208,临沂,972610,2
A7479411149,临沂,972610,2
A7439714122,临沂,972610,2
A7385366377,临沂,972610,2
A7385411055,临沂,972610,2
A7399348011,临沂,972610,2
A7479174288,临沂,972610,2
A7418427416,临沂,972610,2
A7385191839,临沂,1543010,2
A7360104884,临沂,972610,2
A7425456033,临沂,972610,2
A7419616450,临沂,1543010,2
A7295001356,临沂,1543010,2
A7412108923,临沂,1543010,2
A7435830331,临沂,1543010,2
A7466185857,临沂,972737,2
A7358911117,临沂,1235215,2
A7372696096,临沂,1235215,2
A7465493268,临沂,945165,2
A7469320645,临沂,945165,2
A7475212988,临沂,945165,2
A7475767881,临沂,945165,2
A7323877235,临沂,945165,2
A7445227824,临沂,945165,2
A7474995697,临沂,945165,2
A7289894873,临沂,677157,2
A7448995072,临沂,677157,2
A7458404428,临沂,677157,2
A7478719606,临沂,677157,2
A7465484741,临沂,677157,2
A7427581139,临沂,677157,2
A7352149397,临沂,677157,2
A7474586962,临沂,945165,2
A7431189024,临沂,677157,2
A7404988949,临沂,1187595,2
A7458191043,临沂,1187595,2
A7459323324,临沂,1187595,2
A7460167846,临沂,1187595,2
A7458196552,临沂,1187595,2
A7463700050,临沂,1187595,2
A7457617424,临沂,1187595,2
R2387250872392718,临沂,677157,2
A7465311113,临沂,972793,2
A7463358092,临沂,1187595,2
A7393459007,临沂,1214935,2
A7459188090,临沂,1214935,2
A7304232227,临沂,1214935,2
A7153351372,临沂,1214935,2
A7391191080,临沂,1214935,2
A7439105814,临沂,1214935,2
A7459201422,临沂,1214935,2
A7368292482,临沂,677345,2
A7404279508,临沂,677910,2
A7400325346,临沂,677345,2
A7464419054,临沂,677345,2
A7427046758,临沂,677345,2
A7425829249,临沂,677345,2
A7464287054,临沂,677345,2
A7319695461,临沂,677345,2
A7406023058,临沂,677910,2
A7400664328,临沂,677910,2
A7465313710,临沂,972793,2
A7460760216,临沂,972793,2
A7417717455,临沂,972793,2
A7420122962,临沂,972793,2
A7414127556,临沂,972793,2
A7460141625,临沂,972793,2
A7460745867,临沂,972793,2
A7461390486,临沂,972793,2
A7461444827,临沂,972793,2
A7460961933,临沂,677910,2
A7409749897,临沂,677910,2
A7400549483,临沂,677910,2
A7463417772,临沂,677910,2
A7399507956,临沂,677910,2
A7399662546,临沂,677910,2
A7459967758,临沂,677910,2
A7463653654,临沂,1187595,2
A7469837186,临沂,1371570,2
A7223820990,临沂,677345,2
A7457797553,临沂,973040,2
A7439695378,临沂,973040,2
A7336812803,临沂,973040,2
R3293100116403210,临沂,678063,2
A7427575345,临沂,973040,2
A7426521690,临沂,1233783,1
A7428432910,临沂,972734,2
A7473548596,临沂,972734,2
A7476805039,临沂,972734,2
A7325533390,临沂,973219,2
R3136054062752778,临沂,973219,2
A7368153008,临沂,973219,2
A7387482115,临沂,678063,2
A7300317564,临沂,678063,2
A7479560531,临沂,678063,2
A7416767086,临沂,678063,2
A7339818329,临沂,678063,2
A7466261487,临沂,678063,2
A7391277408,临沂,678063,2
A7387334393,临沂,678063,2
A7194613598,临沂,973040,2
A7449542414,临沂,973040,2
A7368659480,临沂,1371570,2
A7408791532,临沂,1371570,2
A7198307597,临沂,676702,2
A7396653806,临沂,676702,2
A7401540363,临沂,676702,2
A7442085117,临沂,676702,2
A7398246220,临沂,676702,2
A7329735818,临沂,676702,2
A7404353692,临沂,1371570,2
A7442895103,临沂,676702,2
A7479494722,临沂,1371570,2
A7472062450,临沂,1371570,2
A7419473285,临沂,1371570,2
A7231263496,临沂,1371570,2
A7373917027,临沂,1371570,2
A7416844411,临沂,1371570,2
A7442082626,临沂,676702,2
A7414927961,临沂,713813,2
A7456532225,临沂,997935,2
A7183554310,临沂,997935,2
A7440975999,临沂,997935,2
A7328882114,临沂,997935,2
A7456534330,临沂,997935,2
A7456540556,临沂,997935,2
A7308403202,临沂,997935,2
A7290993313,临沂,997935,2
A7461076673,临沂,713813,2
A7252009700,临沂,713813,2
A7414738150,临沂,713813,2
A7474803137,临沂,713813,2
A7412231603,临沂,713813,2
A7414882811,临沂,713813,2
A7413890654,临沂,713813,2
A7426867270,临沂,713813,2
A6830659812,临沂,677345,2
A7456724618,临沂,677345,2
A7474494076,临沂,1235215,2
A7297922068,临沂,972604,2
A7475808131,临沂,972604,2
A7428378846,临沂,972604,2
A7479493693,临沂,972604,2
A7478888159,临沂,972604,2
A7373519371,临沂,713690,2
A7441708552,临沂,677995,2
A7374447355,临沂,713690,2
A7409731732,临沂,713690,2
A7386296664,临沂,713690,2
A7442775560,临沂,713690,2
A7385219543,临沂,713690,2
A7166263905,临沂,713690,2
A7456391293,临沂,972604,2
A7467051277,临沂,677995,2
A7082140299,临沂,713690,2
A7478487607,临沂,677706,2
A7442713343,临沂,972748,2
A7456364718,临沂,972748,2
A7459407356,临沂,972748,2
A7363864685,临沂,677706,2
A7478490909,临沂,677706,2
A7400495151,临沂,677706,2
A7478470991,临沂,677706,2
A7475407599,临沂,677995,2
A7195546798,临沂,677706,2
A7139205599,临沂,677706,2
A7423415931,临沂,677706,2
A7432479316,临沂,677706,2
A7399518009,临沂,677995,2
A7449525507,临沂,677995,2
A7370625737,临沂,713690,2
A7434542585,临沂,713690,2
A7442812922,临沂,972748,2
A7409121892,临沂,678030,2
A7441894406,临沂,678030,2
A7415737449,临沂,678030,2
A7442656286,临沂,678030,2
A7451607936,临沂,678030,2
A7423203357,临沂,678030,2
A7456891304,临沂,678030,2
A7286810873,临沂,1235215,2
A7441771819,临沂,678030,2
A7036321411,临沂,1235215,2
A7424164428,临沂,1235215,2
A7373702502,临沂,1235215,2
A7402081852,临沂,1235215,2
A7398557238,临沂,1235215,2
A7394354335,临沂,1235215,2
A7384405926,临沂,678030,2
A7415098998,临沂,678030,2
A7130650959,临沂,677840,2
A7418625303,临沂,945164,2
A7447393670,临沂,677840,2
A7447396239,临沂,677840,2
A7381255630,临沂,677840,2
R2868519907597317,临沂,677840,2
R2731042348391427,临沂,677840,2
A7443358408,临沂,677840,2
A7451367518,临沂,945164,2
A7459329325,临沂,945164,2
A7476841111,临沂,945164,2
A7467855940,临沂,945164,2
A7467858360,临沂,945164,2
A7462534774,临沂,945164,2
A7462537792,临沂,945164,2
A7391024602,临沂,945164,2
A7440639814,临沂,972748,2
A7456603742,临沂,972748,2
A7436590181,临沂,1180815,2
A7458431607,临沂,1625065,2
A7396298270,临沂,1625065,2
A7386177701,临沂,1625065,2
A7450348540,临沂,1625065,2
A7468557932,临沂,1625065,2
A7469826482,临沂,1625065,2
A7450009774,临沂,1625065,2
A7473049273,临沂,1625065,2
A7361621095,临沂,1186408,2
A7404977748,临沂,1625065,2
A7384313057,临沂,1033014,2
A7402279828,临沂,1033014,2
A7401223404,临沂,1033014,2
A7185010920,临沂,1033014,2
A7472435472,临沂,1033014,2
A7474512219,临沂,1186408,2
A7473109167,临沂,1186408,2
A7407121184,临沂,1033014,2
A7465275854,临沂,1180815,2
A7478548573,临沂,1180815,2
A7446388470,临沂,1180815,2
A7436589030,临沂,1180815,2
A7439820604,临沂,1180815,2
A7468613645,临沂,1180815,2
A7439821305,临沂,1180815,2
A7476348997,临沂,1180815,2
A7357494000,临沂,1186408,2
A7465319587,临沂,1180815,2
A7473698868,临沂,1186408,2
A7468431677,临沂,1186408,2
A7467047589,临沂,1186408,2
A7468029264,临沂,1186408,2
A7216449306,临沂,1186408,2
A7412913254,临沂,1033014,2
A7401238963,临沂,1033014,2
A7409771431,临沂,972748,2
A7404119567,临沂,767135,2
A7381237933,临沂,973243,2
A7401489233,临沂,973243,2
A7476984379,临沂,973243,2
A7478517992,临沂,767135,2
A7414051344,临沂,767135,2
A7450649570,临沂,767135,2
A7414897005,临沂,767135,2
A7401470808,临沂,973243,2
A7404093979,临沂,767135,2
A7419552949,临沂,767135,2
A7469398048,临沂,767135,2
A7475453194,临沂,767135,2
A7324760808,临沂,767135,2
A7432751425,临沂,972748,2
A7435843495,临沂,973243,2
A7476978159,临沂,973243,2
A7401218475,临沂,1033014,2
A7479389494,临沂,766115,2
A7458249762,临沂,1033014,2
A7417936847,临沂,766115,2
A7406681891,临沂,766115,2
A7363311971,临沂,766115,2
A7463498589,临沂,766115,2
A7395917855,临沂,766115,2
A7479390966,临沂,766115,2
A7476966747,临沂,973243,2
A7418768801,临沂,766115,2
A7479477420,临沂,766115,2
A7477873041,临沂,766115,2
A7476488963,临沂,973243,2
A7474535277,临沂,973243,2
A7474597887,临沂,973243,2
A7469649440,临沂,787992,2
A7382384957,临沂,678272,2
A7179189577,临沂,678202,2
A7409835253,临沂,1188338,2
A7478749579,临沂,1188338,2
A7477632643,临沂,1188338,2
A7448169905,临沂,1188338,2
A7465341057,临沂,1188338,2
A7474531353,临沂,1188338,2
A7334487157,临沂,1190481,2
A7434552773,临沂,1190481,2
A7461023546,临沂,1190481,2
A7465538656,临沂,1188338,2
A7445293114,临沂,1188338,2
A7478697470,临沂,1188338,2
A7467636287,临沂,677798,2
A7402310488,临沂,677798,2
A7397494480,临沂,1190481,2
A7413192483,临沂,1190481,2
A7445292662,临沂,677798,2
A7469412885,临沂,677798,2
A7437863977,临沂,677798,2
A7473933072,临沂,1190481,2
A7476345215,临沂,677798,2
A7476343822,临沂,677798,2
A7399462064,临沂,1190481,2
A7423878015,临沂,713708,2
A7243673826,临沂,713708,2
A7425712891,临沂,1002817,2
A7478640014,临沂,1188338,2
A7442732327,临沂,973039,2
A7459168175,临沂,1002817,2
A7436669851,临沂,973039,2
A7360097317,临沂,1010268,2
A7399241244,临沂,1010268,2
A7403226779,临沂,1010268,2
A7477873823,临沂,1010268,2
A7450619170,临沂,677920,2
A7386316627,临沂,677920,2
A7392244893,临沂,677920,2
A7387489639,临沂,677920,2
A7387583085,临沂,677920,2
A7348181679,临沂,1190481,2
A7468559053,临沂,1190481,2
A7450618414,临沂,677920,2
A7451446936,临沂,677920,2
A7385200026,临沂,677920,2
A7442586280,临沂,677920,2
A7432873842,临沂,677920,2
A7478517518,临沂,973039,2
A7446335486,临沂,1190481,2
A7477826100,临沂,973039,2
A7479157623,临沂,973039,2
A7163030477,临沂,973039,2
A7427653105,临沂,973039,2
A7423117730,临沂,1002817,2
A7419343377,临沂,713708,2
A7337010850,临沂,677369,2
A7477240484,临沂,677215,2
A7472384744,临沂,677215,2
A7467046886,临沂,677215,2
A7467034066,临沂,677215,2
A7467033765,临沂,677215,2
A7474846503,临沂,677215,2
A7448190567,临沂,677215,2
A7457678441,临沂,677215,2
A7399626366,临沂,677215,2
A7418388193,临沂,677215,2
A7444359082,临沂,677822,2
A7451650335,临沂,677822,2
A7434448851,临沂,677822,2
A7383178215,临沂,677822,2
A7082593839,临沂,677822,2
A7479393904,临沂,677822,2
A7393312235,临沂,677822,2
A7474517137,临沂,1189605,2
A7435753739,临沂,1002817,2
A7429434522,临沂,926232,2
A7473690188,临沂,926232,2
A7438198296,临沂,926232,2
A7283217947,临沂,713708,2
A6946319039,临沂,713708,2
A7302259155,临沂,713708,2
A7461862797,临沂,926232,2
A7429431041,临沂,926232,2
A7436665472,临沂,972752,2
A7410723833,临沂,713708,2
A7362064711,临沂,972752,2
A7327539039,临沂,972752,2
A7459280836,临沂,713708,2
R4534278244969472,临沂,713708,2
A7286078884,临沂,972752,2
A7421261403,临沂,972752,2
A7404953753,临沂,972752,2
A7416924903,临沂,972752,2
A7435713871,临沂,713708,2
A7417878850,临沂,677369,2
A7420286308,临沂,972752,2
A7457494261,临沂,972752,2
A7352140798,临沂,1010268,2
A7357558852,临沂,783033,2
A7371361383,临沂,973132,2
A7420321491,临沂,973090,2
A7466089347,临沂,676893,2
A7196257654,临沂,676893,2
A7474081395,临沂,676893,2
A7395188231,临沂,973090,2
A7435072710,临沂,973090,2
A7425761244,临沂,973090,2
A7425762983,临沂,973090,2
A7451580431,临沂,973090,2
A7415169431,临沂,973090,2
A7479244872,临沂,973055,2
A7416327922,临沂,973090,2
A7338861210,临沂,973055,2
A7451508192,临沂,973055,2
A7470312368,临沂,973055,2
A7460044526,临沂,923071,2
A7386259221,临沂,923071,2
A7453182063,临沂,923071,2
A7427584732,临沂,973055,2
A7426323410,临沂,973055,2
A7427510093,临沂,973055,2
A7413959928,临沂,973055,2
A7349006972,临沂,973055,2
A7447027432,临沂,973055,2
A7373718888,临沂,1187594,2
A7386743664,临沂,923071,2
A6877445293,临沂,676893,2
A7477761576,临沂,676893,2
A7434307122,临沂,1187594,2
A7020956173,临沂,676893,2
A7454903872,临沂,973132,2
A7454906840,临沂,973132,2
A7456782758,临沂,973132,2
A7473691361,临沂,973132,2
A7341420513,临沂,973090,2
A7307508309,临沂,678062,2
A7407714635,临沂,678062,2
A7467962667,临沂,678062,2
A7467545225,临沂,678062,2
A7479513481,临沂,678062,2
A7363243625,临沂,1087482,2
A7462718224,临沂,1087482,2
A7426644221,临沂,1087482,2
A7429948779,临沂,1087482,2
A7429901496,临沂,1087482,2
A7427557715,临沂,1087482,2
A7433517199,临沂,1087482,2
A7436523301,临沂,1087482,2
A7470601144,临沂,1087482,2
A7437171846,临沂,1087482,2
A7303028255,临沂,676893,2
A7422009023,临沂,973090,2
A7362158390,临沂,676893,2
A7400363108,临沂,676893,2
A7193773974,临沂,676893,2
A7423269789,临沂,1187594,2
A7479493036,临沂,1187594,2
A7417939668,临沂,783033,2
A7430052117,临沂,677606,2
A7394278833,临沂,677588,2
A7470673905,临沂,677588,2
A7428234326,临沂,677588,2
A7428515172,临沂,677588,2
A7428515897,临沂,677588,2
A7428514033,临沂,677588,2
A7456539145,临沂,677588,2
A7311647959,临沂,677588,2
A7444519147,临沂,677606,2
A7347169312,临沂,713701,2
A7442572484,临沂,783033,2
A7385386039,临沂,677606,2
A7440638178,临沂,677606,2
A7327468962,临沂,783033,2
A7404951019,临沂,783033,2
A7413012440,临沂,783033,2
A7327425847,临沂,783033,2
A7379100965,临沂,783033,2
A7305610143,临沂,783033,2
A7391813388,临沂,1010268,2
A7357553839,临沂,783033,2
A7384130167,临沂,1010268,2
A7459472689,临沂,1010268,2
A7478296941,临沂,1010268,2
A7194510567,临沂,1010268,2
A7393115835,临沂,677588,2
A7446356031,临沂,677606,2
A7477865555,临沂,1187594,2
A7256031017,临沂,677606,2
A7477762874,临沂,1187594,2
A7473985593,临沂,1187594,2
A7441025485,临沂,1187594,2
A7453181464,临沂,923071,2
A7433812999,临沂,1187594,2
A7410010499,临沂,923071,2
A7410011315,临沂,923071,2
A7416694552,临沂,1187594,2
A7175012981,临沂,678202,2
A7393042280,临沂,678202,2
A7155972472,临沂,923071,2
A7312562306,临沂,678202,2
A7425585616,临沂,923071,2
A7386297613,临沂,678202,2
A7466926732,临沂,678202,2
A7448823045,临沂,923071,2
A7317757350,临沂,678202,2
A7436644002,临沂,678202,2
A7429263328,临沂,677606,2
A7429294754,临沂,677606,2
A7191971673,临沂,678202,2
A7443594750,临沂,677606,2
A7217399254,临沂,677606,2
A7287958194,临沂,678202,2
A7393109757,临沂,677588,2
A7393316462,临沂,677822,2
A7478469758,临沂,677822,2
A7478497312,临沂,677822,2
A7470703757,临沂,972665,2
A7463396024,临沂,677634,2
A7446646876,临沂,677634,2
A7470271021,临沂,1009145,2
A7379370797,临沂,677634,2
A7345647297,临沂,677634,2
A7463495871,临沂,1009145,2
A7421269543,临沂,1009145,2
A7425675252,临沂,1009145,2
A7470349984,临沂,1009145,2
A7310075036,临沂,1009145,2
A7257559496,临沂,1009145,2
A7464271995,临沂,678033,2
A7458388355,临沂,678033,2
A7451599932,临沂,678033,2
A7471620946,临沂,678033,2
A7462858932,临沂,678033,2
A7379441961,临沂,677634,2
A7467734590,临沂,678033,2
A7464597636,临沂,678033,2
A7459292815,临沂,677634,2
A7399410089,临沂,678033,2
A7344920087,临沂,678033,2
A7449841108,临沂,972665,2
A7431856736,临沂,972665,2
A7478401699,临沂,972903,2
A7432434559,临沂,972665,2
A7449746223,临沂,1102641,2
A7390348809,临沂,677755,2
A7398378326,临沂,677755,2
A7407834802,临沂,677755,2
A7436510261,临沂,677755,2
A7477884626,临沂,1316365,2
A7417012109,临沂,1316365,2
A7402537522,临沂,1316365,2
A7416954231,临沂,1316365,2
A7416114189,临沂,1316365,2
A7434261696,临沂,1316365,2
A7395354333,临沂,1316365,2
A7382622165,临沂,1102641,2
A7440761794,临沂,1102641,2
A7468811888,临沂,1316365,2
A7088799213,临沂,1316365,2
A7416112184,临沂,1316365,2
A7419728858,临沂,972665,2
A7473925555,临沂,972665,2
A7431855079,临沂,972665,2
A7432571522,临沂,972665,2
A7445548647,临沂,972665,2
A7433472663,临沂,1102641,2
A7435500402,临沂,972665,2
A7383538939,临沂,1102641,2
A7478420432,临沂,972903,2
A7453236454,临沂,945206,2
A7318723635,临沂,1424470,2
A7392126540,临沂,864061,2
A7305643234,临沂,864061,2
A7452117836,临沂,972903,2
A7449882783,临沂,972903,2
A7137533959,临沂,792116,2
A7397533848,临沂,864061,2
A7476913260,临沂,864061,2
A7465470342,临沂,792116,2
A7331342280,临沂,864061,2
A7467039527,临沂,792116,2
A7477087038,临沂,792116,2
A7240460622,临沂,792116,2
A7245198709,临沂,792116,2
A7467029466,临沂,792116,2
A7477252751,临沂,792116,2
A7410133135,临沂,792116,2
A7461762279,临沂,864061,2
A7325535737,临沂,864061,2
A7448783190,临沂,945206,2
A7392116211,临沂,864061,2
A7413989632,临沂,945206,2
A7362625972,临沂,945206,2
A7469541745,临沂,945206,2
A7441710864,临沂,945206,2
A7478510568,临沂,972903,2
A7395216025,临沂,945206,2
A7441072216,临沂,945206,2
A7444619856,临沂,945206,2
A7478414999,临沂,972903,2
A7472268475,临沂,972903,2
A7443818049,临沂,945206,2
A7473741864,临沂,766522,2
A7474621637,临沂,766522,2
A7476966803,临沂,766522,2
A7479230148,临沂,766522,2
A7182582675,临沂,972903,2
A7476893753,临沂,766522,2
A7472906350,临沂,766522,2
A7478462548,临沂,766522,2
A7478518719,临沂,766522,2
A7406690515,临沂,766522,2
A7452145171,临沂,972903,2
A7301253525,临沂,972903,2
A7476985141,临沂,766522,2
A7449669829,临沂,864061,2
A7246282475,临沂,677755,2
A7464208120,临沂,1102641,2
A7389973405,临沂,677755,2
A7467900250,临沂,1189605,2
A7477716302,临沂,676739,2
A7376722151,临沂,676739,2
A6672536169,临沂,676739,2
A7461851807,临沂,676739,2
A7449036294,临沂,676739,2
A7230398521,临沂,676739,2
A7407987172,临沂,676739,2
A7380877942,临沂,972747,2
A7416201075,临沂,676739,2
A7477936485,临沂,972747,2
A7444680945,临沂,972747,2
A7363759296,临沂,972747,2
A7449005936,临沂,972747,2
A7380473503,临沂,972747,2
A7401281378,临沂,972747,2
A7217706192,临沂,676739,2
A7423915318,临沂,676739,2
A7352077695,临沂,677637,2
A7433365150,临沂,972747,2
A7429547792,临沂,677637,2
A7450823026,临沂,973019,2
A7448158680,临沂,973019,2
A7384239284,临沂,677637,2
A7433790233,临沂,973019,2
A7407693390,临沂,973019,2
A7419562661,临沂,1189605,2
A7404318515,临沂,972747,2
A7459260186,临沂,1102641,2
A7453408135,临沂,1189605,2
A7332201567,临沂,1424470,2
A7408847163,临沂,1424470,2
A7470383303,临沂,1424470,2
A7463313842,临沂,1424470,2
A7463504696,临沂,1424470,2
A7360559598,临沂,1424470,2
A7440093515,临沂,1424470,2
A7463797873,临沂,1424470,2
A7294791946,临沂,1424470,2
A7467083147,临沂,945727,2
A7439058317,临沂,1189605,2
A7446537524,临沂,1189605,2
A7477563930,临沂,945727,2
A7460651677,临沂,945727,2
A7476305620,临沂,945727,2
A7461941479,临沂,945727,2
A7479361046,临沂,945727,2
A7479262529,临沂,945727,2
A7479179285,临沂,945727,2
A7459913892,临沂,945727,2
A7440848883,临沂,1189605,2
A7449821672,临沂,1189605,2
A7474523845,临沂,1189605,2
A7415154585,临沂,1189605,2
A7450469424,临沂,972747,2
A7429453682,临沂,973019,2
A7408991812,临沂,973019,2
A7292649182,临沂,677637,2
A7444542033,临沂,677637,2
A7410889158,临沂,1127640,2
A7471473142,临沂,1127640,2
A7418638642,临沂,973144,2
A7471475801,临沂,1127640,2
A7472967590,临沂,1127640,2
A7327468912,临沂,1127640,2
A7461026113,临沂,1127640,2
A7425647347,临沂,973144,2
A7088563554,临沂,972872,2
A7341947318,临沂,972872,2
A7382510138,临沂,972872,2
A7317770301,临沂,972872,2
A7444351897,临沂,973144,2
A7464294370,临沂,1102641,2
A7474971719,临沂,677755,2
A7426539226,临沂,677755,2
A7316950903,临沂,1102641,2
A7479287827,临沂,677755,2
A7211798669,临沂,1102641,2
A7415003509,临沂,1127640,2
A7410614041,临沂,1127640,2
R4409100163132427,临沂,1127640,2
A7400438287,临沂,973144,2
A7428472096,临沂,677637,2
A7452252891,临沂,973019,2
A7456550701,临沂,973019,2
A7444427563,临沂,677637,2
A7444602807,临沂,677637,2
A7442738377,临沂,677637,2
A7443794303,临沂,973019,2
A7420456069,临沂,677637,2
A7479457250,临沂,973144,2
A7455543605,临沂,973019,2
A7479545941,临沂,973144,2
A7422110087,临沂,1108461,2
A7405064575,临沂,1127640,2
A7430170704,临沂,1108461,2
A7468510943,临沂,1108461,2
A7478633361,临沂,973144,2
A7461688405,临沂,973144,2
A7426488901,临沂,1108461,2
A7375936834,临沂,1108461,2
A7134305710,临沂,1108461,2
A7468914712,临沂,1108461,2
A7478678458,临沂,1108461,2
A7447297277,临沂,1108461,2
A7373871100,临沂,1108461,2
A7454846866,临沂,973132,2
A7468729697,临沂,792116,2
A7431198394,临沂,1028359,2
A7198941936,临沂,677627,2
A7476277939,临沂,1028359,2
A7288916755,临沂,766733,2
A7426374147,临沂,677627,2
A7479166309,临沂,972779,2
A7479288317,临沂,1028359,2
A7449733748,临沂,972779,2
A7465354260,临沂,972779,2
A7423852245,临沂,766733,2
A7333815113,临沂,766733,2
A7378219042,临沂,677627,2
A7478663094,临沂,972779,2
A7410238668,临沂,973094,2
A7317189398,临沂,713735,2
A7318888844,临沂,713735,2
A7433709362,临沂,677627,2
A7400372565,临沂,677627,2
A7361554762,临沂,972779,2
A7316280466,临沂,677627,2
A7273753783,临沂,972779,2
A7378216705,临沂,677627,2
A7446450940,临沂,677627,2
A7465348872,临沂,972779,2
A7455756201,临沂,972779,2
A7465358388,临沂,972779,2
A7364442779,临沂,766733,2
A7478514122,临沂,766733,2
A7368131239,临沂,766733,2
A7462444297,临沂,766733,2
A7364448955,临沂,766733,2
A7458260340,临沂,766733,2
A7468407168,临沂,677238,2
A7350236761,临沂,766733,2
A7472006592,临沂,1028359,2
A7443828201,临沂,1028359,2
A7475001828,临沂,1028359,2
A7407816089,临沂,678157,2
A7477937589,临沂,677614,2
A7438532423,临沂,972882,2
A7470666674,临沂,677614,2
R4492334148148235,临沂,972882,2
A7450784468,临沂,972757,2
A7428338894,临沂,972757,2
A7428339014,临沂,972757,2
A7393380590,临沂,972757,2
A7415857892,临沂,972882,2
A7425793156,临沂,677614,2
A7415934400,临沂,972882,2
A7415920350,临沂,972882,2
A7413049947,临沂,973094,2
A7418766905,临沂,1028359,2
A7428482815,临沂,973094,2
A7473716478,临沂,972779,2
A7450574022,临沂,677238,2
A7468605544,临沂,677238,2
A7478505735,临沂,677238,2
A7477994243,临沂,677238,2
A7441040787,临沂,972757,2
A7479529503,临沂,1028359,2
A7363239558,临沂,677238,2
A7438894393,临沂,972757,2
A7422424419,临沂,677238,2
A7330384068,临沂,678157,2
A7405121251,临沂,677238,2
A7410858883,临沂,973094,2
A7400618379,临沂,677238,2
A7388824067,临沂,677238,2
A7429354254,临沂,973094,2
A7476372773,临沂,1028359,2
A7430836434,临沂,1028359,2
A7197331085,临沂,677627,2
A7368685859,临沂,713735,2
A7407943745,临沂,713735,2
A7366568719,临沂,972740,2
A7476261361,临沂,972692,2
A7469431120,临沂,1310586,2
A7471494240,临沂,676985,2
A7468773075,临沂,676985,2
A7403075130,临沂,1002816,2
A7386359705,临沂,1002816,2
A7400648446,临沂,1002816,2
A7399302713,临沂,1002816,2
A7467006501,临沂,1002816,2
A7452511577,临沂,972763,2
A7421173480,临沂,1002816,2
A7472340098,临沂,1002816,2
A7254308936,临沂,972692,2
A7403280032,临沂,1002816,2
A7474490740,临沂,972692,2
A7332041849,临沂,1310586,2
A7477912445,临沂,972763,2
A7478501237,临沂,1310586,2
A7178383450,临沂,1002816,2
A7468757559,临沂,676985,2
A7449045837,临沂,676985,2
A7454759739,临沂,676985,2
A7455997929,临沂,972692,2
A7394057612,临沂,1507632,2
A7453135790,临沂,1507632,2
A7478384417,临沂,1507632,2
A7478384446,临沂,1507632,2
A7333662465,临沂,1507632,2
A7452212326,临沂,1310586,2
A7476267387,临沂,1310586,2
A7454979346,临沂,972692,2
A7478399067,临沂,1507632,2
A7470291021,临沂,676985,2
A7478645837,临沂,1507632,2
A7471497145,临沂,676985,2
A7307522535,临沂,676985,2
A7478382281,临沂,1507632,2
A7428714407,临沂,1507632,2
A7447436086,临沂,676985,2
A7437985604,临沂,972692,2
A7476867640,临沂,972692,2
A7478505517,临沂,1002816,2
A7419556922,临沂,972692,2
A7435024333,临沂,972740,2
A7466936488,临沂,972763,2
A7467088380,临沂,972763,2
A7309375573,临沂,928010,2
A7468414343,临沂,972763,2
A7468788661,临沂,677552,2
A7478370896,临沂,972740,2
A7462659145,临沂,928010,2
A7417727132,临沂,928010,2
A7076604720,临沂,713735,2
A7478343308,临沂,972740,2
A7467695124,临沂,972763,2
R2954492613354506,临沂,713735,2
A7336958240,临沂,1310586,2
A7427536302,临沂,972692,2
A7457500712,临沂,972740,2
A7429176375,临沂,972740,2
A7469531004,临沂,972763,2
A7335175443,临沂,972763,2
A7429169733,临沂,972740,2
A7466269849,临沂,972740,2
A7425526145,临沂,1310586,2
A7374602756,临沂,1310586,2
A7417727208,临沂,972740,2
A7461486786,临沂,972763,2
A7438873204,临沂,972692,2
A7467177276,临沂,972763,2
A7455600396,临沂,972740,2
A7318141522,临沂,1310586,2
R4308016024920066,临沂,713735,2
A7423844552,临沂,713735,2
A7407950839,临沂,713735,2
A7395468731,临沂,972882,2
A7479184272,临沂,1507632,2
A7475732557,临沂,677614,2
A7452362382,临沂,1388335,2
A7475649830,临沂,678056,2
A7460871293,临沂,1179507,2
A7478661882,临沂,1074582,2
A7447123314,临沂,1074582,2
A7439704454,临沂,1388335,2
A7474610046,临沂,1074582,2
A7469707406,临沂,1088106,2
A7474102979,临沂,1074582,2
A7406188476,临沂,1088106,2
A7366575817,临沂,1074582,2
A7373450307,临沂,1074582,2
A7408839775,临沂,1201149,2
A7439686688,临沂,1074582,2
A7366569796,临沂,1074582,2
A7288071308,临沂,1388335,2
A7465458785,临沂,1179507,2
A7467750053,临沂,1179507,2
A7348702659,临沂,1088106,2
A7471641838,临沂,1088106,2
A7457453983,临沂,973132,2
A7314376152,临沂,792842,2
A7393167817,临沂,792842,2
A7472407755,临沂,972757,2
A7234647211,临沂,677614,2
A7382485457,临沂,1179507,2
A7479511273,临沂,678056,2
A7479447138,临沂,677614,2
A7457631642,临沂,1179507,2
A7369573948,临沂,678056,2
A7430801704,临沂,1388335,2
A7474110025,临沂,1088106,2
A7426499538,临沂,1179507,2
A7460943255,临沂,1179507,2
A7471401141,临沂,1179507,2
A7295746024,临沂,1201149,2
A7374737915,临沂,1074582,2
A7473053962,临沂,1074582,2
A7455700713,临沂,1201149,2
A6938900819,临沂,676731,2
A7065986687,临沂,676731,2
A7324662416,临沂,1201149,2
A6452801698,临沂,678271,2
A7433406038,临沂,676731,2
A7405731675,临沂,1088106,2
A7452192811,临沂,1201149,2
A7438939710,临沂,1201149,2
A7413892096,临沂,1088106,2
A7456490642,临沂,1201149,2
A7449892188,临沂,678056,2
A7455699407,临沂,1201149,2
A7436621618,临沂,678056,2
A7407607327,临沂,1201149,2
A7432967871,临沂,676731,2
A7460200395,临沂,1388335,2
A7457264035,临沂,1388335,2
A7292580492,临沂,972882,2
A7460081997,临沂,678056,2
A7453370418,临沂,678056,2
A7379396942,临沂,676731,2
A7456405932,临沂,1388335,2
A7453167953,临沂,678271,2
A7436630647,临沂,676731,2
A7440804943,临沂,1388335,2
A7444800375,临沂,678271,2
A7444189006,临沂,678056,2
A7464484032,临沂,678271,2
A7475465959,临沂,1388335,2
A7324569211,临沂,1201149,2
A7327533988,临沂,973132,2
A7405734111,临沂,1088106,2
A7461865199,临沂,973161,2
A7475730753,临沂,677614,2
A7415246424,临沂,787992,2
A7444332735,临沂,787992,2
A7179376605,临沂,973161,2
A7318138593,临沂,1052574,2
A7238917618,临沂,1052574,2
A7320480612,临沂,1052574,2
A7421264171,临沂,1052574,2
A7470701027,临沂,677614,2
A7444350948,临沂,787992,2
A7433363327,临沂,678062,2
A7467827621,临沂,1088106,2
A7410546032,临沂,973094,2
A7174013327,临沂,1052574,2
A7472859378,临沂,1088106,2
A7443835034,临沂,973161,2
A7419665373,临沂,678062,2
A7479141808,临沂,973161,2
A7451676538,临沂,787992,2
A7428233718,临沂,787992,2
A7423307372,临沂,973161,2
A7474661650,临沂,676846,2
A7423288210,临沂,973161,2
A7394093423,临沂,973161,2
A7439111270,临沂,973161,2
A7447184427,临沂,676731,2
A7341363037,临沂,973132,2
A7450513364,临沂,1052574,2
A7471259404,临沂,972757,2
A7472418049,临沂,792842,2
A7355024520,临沂,973132,2
A7470716248,临沂,792842,2
A7440778231,临沂,972757,2
A7478199564,临沂,677614,2
A7458349001,临沂,1052574,2
A7319032581,临沂,1052574,2
A7462709943,临沂,1052574,2
A7412052205,临沂,973094,2
A7428250239,临沂,972882,2
A7174088863,临沂,1052574,2
A7436558101,临沂,676731,2
A7439999477,临沂,972882,2
A7460900796,临沂,973161,2
A7431184661,临沂,972757,2
A7404051848,临沂,676731,2
A7412318448,临沂,678062,2
A7447323781,临沂,678062,2
A7447129256,临沂,676731,2
A7468038782,临沂,677614,2
R4513743715884042,临沂,1370909,2
R1931021675422729,临沂,1230537,2
R4090350962355208,临沂,1173647,2
R2544269808033796,临沂,1370909,2
R3151319188791301,临沂,1082963,2
R4625068597881869,临沂,973144,2
R2789625778248707,临沂,1370909,2
R3662862632345606,临沂,1230537,2
R4549979164843010,临沂,678116,2
R3445701864579074,临沂,1158431,2
R4057192088869889,临沂,676860,2
R2902755059196929,临沂,1173647,2
R1712314716512264,临沂,677840,2
R2048990470660098,临沂,678172,2
R2753468974214149,临沂,677556,2
R3091744032007168,临沂,677840,2
R3606130638282765,临沂,677556,2
R3263449304784908,临沂,677556,2
R3269349069317128,临沂,677840,2
R3384875874640906,临沂,677556,2
R3023100053072900,临沂,676860,2
R3090598118400003,临沂,678034,2
R1741250581027843,临沂,1158431,2
R2058673860355080,临沂,1230537,2
R3550894991188999,临沂,1191772,2
R3393882600233990,临沂,1384318,2
R2586603354562572,临沂,676993,2
R4438363967415306,临沂,993477,2
R4530069445454853,临沂,993477,2
R3242212147125254,临沂,677599,2
R2755083174878212,临沂,1010266,2
R3542001343716360,临沂,677599,2
R4490623363947525,临沂,972754,2
R4474976254338054,临沂,973109,2
R3215723836023817,临沂,973238,2
R4330387964386319,临沂,972697,2
R4525066197265411,临沂,993481,2
R4303804031265800,临沂,1220714,2
R2710388442618893,临沂,1037611,2
R4503372765209613,临沂,1220714,2
R2852261485734924,临沂,677551,2
R4387103648574467,临沂,677551,2
R3481435207902221,临沂,972748,2
R3047932016861195,临沂,1388609,2
R4535866273766404,临沂,1220714,2
R4386696906155022,临沂,677551,2
R3211147013463048,临沂,677995,2
R3968571250351110,临沂,972722,2
R1484069989243907,临沂,1018018,2
R2406702466080782,临沂,1010266,2
R3133331447881743,临沂,972996,2
R4149467160419333,临沂,1018018,2
R2391625168559109,临沂,972996,2
R4422507458915335,临沂,972604,2
R4074578491596813,临沂,972996,2
R2578437307392005,临沂,1018018,2
R3752090811247625,临沂,676860,2
R3205409507075082,临沂,973131,2
R3430448833567752,临沂,972996,2
R4620759851822085,临沂,678034,2
R4497184028222471,临沂,972722,2
R4112851952541710,临沂,677995,2
R2755077402962945,临沂,1010266,2
R3346541807624195,临沂,1012121,2
R4003470003593221,临沂,1173555,2
R2017275484496897,临沂,1173555,2
R4594221156361218,临沂,677995,2
R4503161542274048,临沂,677995,2
R4264612055145475,临沂,677995,2
R3609959012900878,临沂,713723,2
R4441507967360004,临沂,972702,2
R2697286565129217,临沂,677218,2
R3502298643996687,临沂,676691,2
R3548921966093327,临沂,677981,2
R2694453809880078,临沂,677981,2
R3047678549516300,临沂,972723,2
R3537741173433356,临沂,1470216,2
R3636055228032001,临沂,1470216,2
R4012307385216010,临沂,676691,2
R2651585532371973,临沂,972855,2
R4512309069374479,临沂,676827,2
R4612799995554817,临沂,678056,2
R3436248909553672,临沂,1067126,2
R4578534116678664,临沂,940354,2
R3204317967836163,临沂,677981,2
R4516652953494534,临沂,1370377,2
R1811697131347977,临沂,997764,2
R3967197118996486,临沂,677080,2
R2903736705887234,临沂,1154053,2
R4390430088666125,临沂,1135226,2
R3204281725182980,临沂,1154053,2
R2893795314871300,临沂,1154053,2
R4228896302472193,临沂,677567,2
R2397219334691852,临沂,1239939,2
R4474588674010123,临沂,1076518,2
R4139989978275853,临沂,1082964,2
R4586982300785672,临沂,1082964,2
R4160871117971471,临沂,1082964,2
R3425175890617352,临沂,677525,2
R4585230327475211,临沂,972688,2
R2711650670208004,临沂,677525,2
R2878244221985804,临沂,677167,2
R3958372080885767,临沂,1067126,2
R3969452833664007,临沂,1027242,2
R1811572521344009,临沂,1018520,2
R2737883218093065,临沂,1007901,2
R4326657761418246,临沂,1205347,2
R3938386240875533,临沂,1205347,2
R4550438854353932,临沂,1007901,2
R3687780082966536,临沂,1018520,2
R1900630303742979,临沂,1107255,2
R4482023960144909,临沂,1107255,2
R4560344968354828,临沂,972702,2
R4486227582118915,临沂,1205347,2
R4572795967101961,临沂,972702,2
R3733719217398784,临沂,1179513,2
R2515087404310541,临沂,1066942,2
R4174658114560001,临沂,972702,2
R3313953627693060,临沂,941707,2
R3062827505688578,临沂,941707,2
R3643760037912587,临沂,941707,2
R2549666352439303,临沂,941707,2
R1640563185721357,临沂,941707,2
R3524210087862286,临沂,941707,2
R2344981088903173,临沂,941707,2
R2592643455573007,临沂,677933,2
R2980017991834627,临沂,1007901,2
R2327487952364558,临沂,1018520,2
R2965583956651021,临沂,972924,2
R4597957405469711,临沂,972605,2
R4384303541312515,临沂,1016431,2
R4588343191739404,临沂,972924,2
R4468924340724741,临沂,972770,2
R1922532169800711,临沂,678201,2
R3696312221232142,临沂,678201,2
R3141953163764739,临沂,677795,2
R2885773433691140,临沂,677795,2
R4452039639264257,临沂,972770,2
R3593628236766220,临沂,1007901,2
R2600529549925377,临沂,1007901,2
R3014577360313345,临沂,1018520,2
R4486233871424514,临沂,1205347,2
R3205488456819722,临沂,678066,2
R3351110907763725,临沂,1082975,2
R2934772454251521,临沂,1154053,2
R3668437678808074,临沂,972855,2
R2569341741870091,临沂,677074,2
R3767440711606285,临沂,677074,2
R3644604175557636,临沂,992369,2
R4407315220833295,临沂,677074,2
R2900750331943945,临沂,992369,2
R4482381507240960,临沂,677074,2
R4174907773414408,临沂,973216,2
R4585553702087691,临沂,973216,2
R3181770420117515,临沂,972599,2
R3689348278426635,临沂,1154053,2
R3082153630933002,临沂,677218,2
R2245937313538055,临沂,677218,2
R4429631352138752,临沂,677218,2
R2665013442763787,临沂,972599,2
R3603677357891598,临沂,677218,2
R4598310626470912,临沂,677902,2
R4048731286367238,临沂,941707,2
R4513588732912650,临沂,713684,2
R3443483685920781,临沂,713684,2
R2156473007235083,临沂,972737,2
R2973045730106368,临沂,713684,2
R3042199303217162,临沂,677074,2
R2672813163699212,临沂,677074,2
R2909885388463112,临沂,677074,2
R3999736787279872,临沂,1158431,2
R3466786025135116,临沂,973128,2
R4570004269949960,临沂,676662,2
R3317286144648206,临沂,676662,2
R3757921916952588,临沂,972709,2
R4486577375355911,临沂,1187583,2
R4472783893191683,临沂,1187583,2
R4279500312914955,临沂,972977,2
R3552753817477125,临沂,1238498,2
R3140083552034831,临沂,945156,2
R2597636713278475,临沂,676873,2
R4533223910796288,临沂,973210,2
R4560986828381184,临沂,973210,2
R4421169814807561,临沂,1167890,2
R3139972222624775,临沂,677074,2
R3495928279819269,临沂,972599,2
R3536558884412431,临沂,972825,2
R4410446839094276,临沂,973074,2
R4575863772242952,临沂,1005755,2
R4410431493987329,临沂,973074,2
R3798788468925443,临沂,678186,2
R4314983228416011,临沂,973043,2
R4574084200852484,临沂,1063207,2
R4463902347979781,临沂,677567,2
R4374676807998471,临沂,677567,2
R3448885674730500,临沂,677973,2
R4374694520728578,临沂,677567,2
R1955635365732362,临沂,677567,2
R4510832624901127,临沂,677973,2
R3767320488780813,临沂,677973,2
R3740416483109894,临沂,677567,2
R4135148845817857,临沂,677973,2
R4401533301908484,临沂,677973,2
R3992150223510538,临沂,1005755,2
R4509444710554639,临沂,1005755,2
R4067987114531845,临沂,972599,2
R3444922044686344,临沂,973016,2
R3839246558718983,临沂,972599,2
R3742814475693071,临沂,766640,2
R4338846509984776,临沂,972599,2
R4528901366293509,临沂,972599,2
R4519290778000388,临沂,1202239,2
R4593854559542275,临沂,677961,2
R3977825725705225,临沂,972792,2
R3333978472276996,临沂,713802,2
R4491960513866763,临沂,1108599,2
R4414078905412611,临沂,993480,2
R3480321327996932,临沂,973016,2
R1788582274819072,临沂,973016,2
R3177435187142663,临沂,1005755,2
R1929777658584068,临沂,973161,2
R3591917302127616,临沂,1088117,2
R2510265729458179,临沂,972882,2
R1997545751288840,临沂,790445,2
R4612354518035469,临沂,1190483,2
R3886333900890114,临沂,1190483,2
R3846680431389703,临沂,1190483,2
R2524168389877773,临沂,792842,2
R3574604001812493,临沂,678271,2
R4531399707372550,临沂,1052585,2
R3474070937543684,临沂,1088982,2
R4314200642527232,临沂,862842,2
R4541377468161028,临沂,862842,2
R2223142268953603,临沂,938789,2
R3185265741291526,临沂,938789,2
R2044693848351751,临沂,938789,2
R2378909551140871,临沂,938789,2
R1710916731755529,临沂,938789,2
R4389938424491011,临沂,1276601,2
R4547234974639111,临沂,1660606,2
R4575599195315213,临沂,1520533,2
R3184361181684743,临沂,678163,2
R1811406666767372,临沂,1156542,2
R4388765777290250,临沂,678168,2
R4388757380062214,临沂,678168,2
R4222106139991048,临沂,972700,2
R4627944884444165,临沂,945728,2
R4335227668258827,临沂,945728,2
R4428155576298499,临沂,1176406,2
R4428903464526851,临沂,1176406,2
R4604271556914183,临沂,1176406,2
R2820690464746504,临沂,1087458,2
R3491387118296073,临沂,677985,2
R3598592842260494,临沂,678124,2
R3541928292179978,临沂,678124,2
R3547647181808652,临沂,678124,2
R3257883436425226,临沂,972810,2
R4515659497348111,临沂,1183685,2
R3453138669839375,临沂,973152,2
R4595200783508495,临沂,1316363,2
R3659747794902016,临沂,677985,2
R4533494242040840,临沂,677985,2
R2391981472443398,临沂,923074,2
R2088344134378505,临沂,923074,2
R3245567783166987,临沂,678124,2
R2683163471832077,临沂,972831,2
R4558140326042638,临沂,677985,2
R3734455969901569,临沂,678124,2
R4281194523499523,临沂,972831,2
R4524609695523847,临沂,676844,2
R2006426871635976,临沂,972730,2
R2961663957855245,临沂,1380499,2
R3608662661063690,临沂,676996,2
R4512886365330441,临沂,1178661,2
R4435682383782922,临沂,677986,2
R4223316436327426,临沂,677986,2
R2504336112133125,临沂,677986,2
R2167742660927499,临沂,676996,2
R2737064209277953,临沂,676996,2
R3298562422463501,临沂,676996,2
R2205930745617411,临沂,676996,2
R2170459803182094,临沂,676996,2
R3926253701554187,临沂,677975,2
R4504920625126414,临沂,677975,2
R2775045135821829,临沂,677213,2
R4412519908125708,临沂,1187587,2
R4614957126556685,临沂,972885,2
R4168271210569728,临沂,972885,2
R4529028787346435,临沂,972885,2
R4459882767506435,临沂,1187587,2
R2556952895708164,临沂,973125,2
R3614331647581197,临沂,972761,2
R3021380038287370,临沂,677213,2
R4554474498384898,临沂,973125,2
R2452143770788877,临沂,973125,2
R4412597281795076,临沂,1187587,2
R3936957486538766,临沂,972911,2
R4616338690352136,临沂,1190502,2
R4476815598169094,临沂,677632,2
R4326680717732865,临沂,677632,2
R2044467600008204,临沂,713737,2
R4363511756333066,临沂,973207,2
R2984659472669701,临沂,973207,2
R4448288865770508,临沂,713737,2
R4617134553621519,临沂,713737,2
R2541236191666181,临沂,713737,2
R2772155220747274,临沂,1012958,2
R4579970098207747,临沂,677975,2
R2955259716772867,临沂,1088118,2
R4496729955818507,临沂,1186474,2
R4410991939118091,临沂,1088118,2
R4460932795393032,临沂,1088118,2
R4197933377772544,临沂,677927,2
R3822790185970694,临沂,1059283,2
R4398396112301071,临沂,766262,2
R4017822482377733,临沂,766262,2
R4485081711385604,临沂,677780,2
R4325265723452419,临沂,972994,2
R4169649122270212,临沂,1186453,2
R3207863773488143,临沂,973089,2
R1811569034436615,临沂,677071,2
R4611251948987405,临沂,972936,2
R4361235760749568,临沂,1388335,2
R4414477948527628,临沂,973089,2
R4302382021763076,临沂,973089,2
R2997438766525451,临沂,973089,2
R3715093417500675,临沂,676718,2
R4098449428110336,临沂,1135229,2
R4054881971003402,临沂,1135229,2
R3352868013072397,临沂,1186410,2
R4577184849716228,临沂,1186410,2
R4388670863500303,临沂,1007900,2
R2714215671536643,临沂,1007900,2
R3924524247801858,临沂,677996,2
R4354754420272140,临沂,1135229,2
R3988678989753351,临沂,677996,2
R3912936202726402,临沂,677996,2
R4344647976479747,临沂,1135229,2
R4066341567028233,临沂,676630,2
R3755997402308622,临沂,677097,2
R4580267159151622,临沂,677097,2
R4552745031590920,临沂,677097,2
R3961609735937033,临沂,677097,2
R3614337879302151,临沂,863140,2
R4372121569715208,临沂,863140,2
R4053424990694410,临沂,677228,2
R4268505847799809,临沂,677228,2
R3458808858764289,临沂,677228,2
R2457675378433024,临沂,1025061,2
R4067091882318850,临沂,1198335,2
R4511672121355272,临沂,1489179,2
R4465632423734275,临沂,1489179,2
R3031653140425742,临沂,1489179,2
R2391396348926981,临沂,1198335,2
R3561771187313679,临沂,1198335,2
R4077034981567488,临沂,973223,2
R3710210888723462,临沂,1022352,2
R3842458849928194,临沂,1022352,2
R4525102372611080,临沂,1198335,2
R4580928334457864,临沂,973223,2
R3577550882758656,临沂,1022352,2
R4288349591658503,临沂,973223,2
R3679221983192071,临沂,973223,2
R1608799829632008,临沂,973235,2
R4139859385737227,临沂,1198609,2
R2987729901626373,临沂,1526906,2
R2153913668740103,临沂,863271,2
R1967947050951691,临沂,676985,2
R4353025003691010,临沂,1380615,2
R4354637912596485,临沂,1380615,2
R3533413923709956,临沂,1380615,2
R2381521750498318,临沂,1198619,2
R4423878471986184,临沂,1198619,2
R4149439674637323,临沂,1198609,2
R3495576910980103,临沂,1198609,2
R3491369327666182,临沂,677801,2
R4387563317863435,临沂,973190,2
R4614409179339784,临沂,973190,2
R4614397474872324,临沂,973190,2
R3591491651165193,临沂,973190,2
R2637378955467780,临沂,677786,2
R3035047484206093,临沂,677786,2
R4287942620717071,临沂,973190,2
R4365295233736714,临沂,676995,2
R4365772826943492,临沂,676995,2
R4066397837499398,临沂,1230528,2
R3757719478821898,临沂,972782,2
R4069205427920911,临沂,1230528,2
R3699328396993542,临沂,973190,2
R2435044689568774,临沂,713813,2
R4395942782280716,临沂,1190516,2
R2731361964284933,临沂,676702,2
R3553579510080518,临沂,676702,2
R4490465517284367,临沂,678059,2
R4476684226536449,临沂,1139266,2
R4524520662279182,临沂,972687,2
R2524301289839618,临沂,972687,2
R4604067646776321,临沂,997935,2
R4316193219042308,临沂,1139266,2
R4441315596708875,临沂,1432984,2
R1963462744809480,临沂,1233783,1
R2615376734822403,临沂,677826,2
R4264015292292107,临沂,677826,2
R3114724159265803,临沂,972769,2
R3460586109903881,临沂,972769,2
R3268515174587395,临沂,973219,2
R3983452622920707,临沂,677826,2
R3431540474897414,临沂,972734,2
R3484370641280000,临沂,1233783,1
R2186299923013646,临沂,1187551,2
R4318163696999437,临沂,973106,2
R3990903628930052,临沂,1187551,2
R4101265693794307,临沂,995205,2
R4152769822895108,临沂,1019750,2
R4495057608090636,临沂,972780,2
R1691976042127363,临沂,972780,2
R3271410201173003,临沂,1186408,2
R4517887407563786,临沂,677796,2
R4516449003299848,临沂,677796,2
R3576093162889222,临沂,1233781,2
R3743732948018177,临沂,1233781,2
R4548437347738632,临沂,864367,2
R4317620184968198,临沂,1019904,2
R3365579395881990,临沂,1102639,2
R3225382343270407,临沂,1102639,2
R4617866319358986,临沂,1102639,2
R2255777870143489,临沂,1102639,2
R4474854329117699,临沂,1102639,2
R3214347945600001,临沂,1102639,2
R3754365353141254,临沂,1102639,2
R3591242978630660,临沂,945158,2
R3638641175896066,临沂,973268,2
R4129711877971973,临沂,992364,2
R3691286417220617,临沂,992364,2
R2721519566562309,临沂,1020105,2
R4373066852541445,临沂,972959,2
R3946885230586894,临沂,972959,2
R3486844811255812,临沂,677157,2
R4362947300367375,临沂,1376380,2
R4363013341027328,临沂,1376380,2
R4593016093172739,临沂,678210,2
R2385780265197572,临沂,1009145,2
R2630782408072197,临沂,1187045,2
R3268097066998795,临沂,1009145,2
R3499626742161416,临沂,1009145,2
R4373184546790408,临沂,1187045,2
R3655289525216267,临沂,972894,2
R4292814362520588,临沂,677162,2
R1850927033719815,临沂,677607,2
R4617052559809551,临沂,1187042,2
R2120538568074241,临沂,677559,2
R3350854241983493,临沂,677559,2
R2939678589791238,临沂,677641,2
R2445615434013704,临沂,677641,2
R2726543381294089,临沂,973209,2
R4597190092399616,临沂,972750,2
R3621238764527618,临沂,972750,2
R4633748252877827,临沂,677957,2
R4171229959478276,临沂,1043414,2
R3696673768942605,临沂,1043414,2
R3740456829854723,临沂,677333,2
R3274363807570946,临沂,713850,2
R3150240084238348,临沂,972750,2
R3450012218795015,临沂,677333,2
R2654291965617162,临沂,677333,2
R3802457656437763,临沂,1087498,2
R4236170143047686,临沂,972894,2
R4052896933928969,临沂,1186475,2
R3178646278937609,临沂,1171691,2
R3151280298991619,临沂,677629,2
R2519931506991104,临沂,1014918,2
R4492326460828686,临沂,1007308,2
R4289431782202382,临沂,1007308,2
R2536164719193092,临沂,1007308,2
R4531993044610062,临沂,1046633,2
R4351743144209423,临沂,1014918,2
R4492135789440008,临沂,1087498,2
R3286448283051008,临沂,1087498,2
R3151745779016706,临沂,1087498,2
R2754053436875777,临沂,1007305,2
R4297087656782859,临沂,713701,2
R2660056662436877,临沂,1180816,2
R3096689375140874,临沂,1180816,2
R1918212935213058,临沂,973039,2
R3860523155336200,临沂,1002819,2
R4243031772307457,临沂,678225,2
R3312722935356422,临沂,1002819,2
R2625377266461711,临沂,972843,2
R4504817128956936,临沂,972752,2
R4186071402471424,临沂,1081718,2
R4544704118350852,临沂,677122,2
R2873768609539075,临沂,972720,2
R3298413653729289,临沂,677122,2
R3621424610485262,临沂,972843,2
R4372820973640704,临沂,973133,2
R3737631104740353,临沂,972894,2
R2552698056879111,临沂,972894,2
R3464334247699470,临沂,972894,2
R3464276694245379,临沂,972894,2
R4451928086928399,临沂,678001,2
R4547698351463431,临沂,1052165,2
R4610862964075529,临沂,1446314,2
R3567329999642626,临沂,1446314,2
R2234195043491849,临沂,676719,2
R2919722075008001,临沂,1190488,2
R2373158631433229,临沂,713807,2
R3426502637297676,临沂,713807,2
R2404533217303558,临沂,676719,2
R4618470470474766,临沂,938439,2
R2760737263068164,临沂,1042472,2
R3627087167037455,临沂,973039,2
R4217473183980559,临沂,995826,2
R3962958636212237,临沂,973269,2
R4524957023820807,临沂,945720,2
R4421241533246476,临沂,945080,2
R3624590204773390,临沂,945080,2
R3567438559764482,临沂,945080,2
R3993934862557197,临沂,945720,2
