序号,小区名称,小区ID,详情页URL,tags,状态
1,金地艺境,872029,https://jh.zu.anjuke.com/fangyuan/4627028227025933,3室2厅|整租|豪华装修|低层(共30层),已爬取
2,金地艺境,872029,https://jh.zu.anjuke.com/fangyuan/4176127224437772,2室2厅|整租|豪华装修|中层(共20层),已爬取
3,金地艺境,872029,https://jh.zu.anjuke.com/fangyuan/4620932103283718,2室2厅|整租|精装修|中层(共30层),已爬取
4,金地艺境,872029,https://jh.zu.anjuke.com/fangyuan/4627016937038857,4室2厅|整租|豪华装修|中层(共11层),已爬取
5,金地艺境,872029,https://jh.zu.anjuke.com/fangyuan/4602579083930632,3室2厅|整租|豪华装修|中层(共24层),已爬取
6,金地艺境,872029,https://jh.zu.anjuke.com/fangyuan/4633370782968842,3室2厅|整租|精装修|中层(共32层),已爬取
7,金地艺境,872029,https://jh.zu.anjuke.com/fangyuan/4623729321124865,3室2厅|整租|精装修|中层(共30层),已爬取
8,金地艺境,872029,https://jh.zu.anjuke.com/fangyuan/4490596856749069,2室2厅|整租|精装修|低层(共26层),已爬取
9,金地艺境,872029,https://jh.zu.anjuke.com/fangyuan/4628146189196296,3室2厅|整租|精装修|低层(共20层),已爬取
10,金地艺境,872029,https://jh.zu.anjuke.com/fangyuan/4623766095436803,3室2厅|整租|精装修|低层(共29层),已爬取
11,保集外滩,864620,https://jh.zu.anjuke.com/fangyuan/4595455158316047,3室2厅|整租|精装修|低层(共11层),已爬取
12,保集外滩,864620,https://jh.zu.anjuke.com/fangyuan/4618112742695937,3室2厅|整租|精装修|高层(共24层),已爬取
13,保集外滩,864620,https://jh.zu.anjuke.com/fangyuan/4618090339195907,3室2厅|整租|精装修|中层(共24层),已爬取
14,保集外滩,864620,https://jh.zu.anjuke.com/fangyuan/4395905669901313,3室2厅|整租|精装修|高层(共11层),已爬取
15,保集外滩,864620,https://jh.zu.anjuke.com/fangyuan/4544532787174413,3室2厅|整租|精装修|高层(共25层),已爬取
16,保集外滩,864620,https://jh.zu.anjuke.com/fangyuan/4446599278128135,3室2厅|整租|豪华装修|中层(共11层),已爬取
17,保集外滩,864620,https://jh.zu.anjuke.com/fangyuan/4602414530276367,3室2厅|整租|豪华装修|高层(共22层),已爬取
18,保集外滩,864620,https://jh.zu.anjuke.com/fangyuan/4423979279866882,3室2厅|整租|豪华装修|中层(共27层),已爬取
19,保集外滩,864620,https://jh.zu.anjuke.com/fangyuan/4572813225927693,3室2厅|整租|精装修|高层(共24层),已爬取
20,保集外滩,864620,https://jh.zu.anjuke.com/fangyuan/4430781765069836,3室2厅|整租|豪华装修|中层(共27层),已爬取
21,丽泽花园,871476,https://jh.zu.anjuke.com/fangyuan/3399209750862850,3室2厅|整租|精装修|高层(共16层),已爬取
22,丽泽花园,871476,https://jh.zu.anjuke.com/fangyuan/4044577129569280,1室1厅|整租|精装修|高层(共18层),已爬取
23,丽泽花园,871476,https://jh.zu.anjuke.com/fangyuan/4611269811954691,4室2厅|整租|精装修|中层(共16层),已爬取
24,丽泽花园,871476,https://jh.zu.anjuke.com/fangyuan/4478233395946500,3室2厅|整租|精装修|高层(共6层),已爬取
25,丽泽花园,871476,https://jh.zu.anjuke.com/fangyuan/4044507450597389,1室1厅|整租|精装修|中层(共18层),已爬取
26,丽泽花园,871476,https://jh.zu.anjuke.com/fangyuan/4618484640850957,4室2厅|整租|精装修|低层(共6层),已爬取
27,丽泽花园,871476,https://jh.zu.anjuke.com/fangyuan/4078656768547851,1室0厅|整租|精装修|共5层,已爬取
28,丽泽花园,871476,https://jh.zu.anjuke.com/fangyuan/4467842291342349,3室2厅|整租|精装修|中层(共6层),已爬取
29,丽泽花园,871476,https://jh.zu.anjuke.com/fangyuan/3241809409563652,3室2厅|整租|精装修|低层(共6层),已爬取
30,丽泽花园,871476,https://jh.zu.anjuke.com/fangyuan/4611262380514304,3室2厅|整租|精装修|低层(共6层),已爬取
31,保集蓝郡,863036,https://jh.zu.anjuke.com/fangyuan/4583838410484751,2室2厅|整租|豪华装修|中层(共20层),已爬取
32,保集蓝郡,863036,https://jh.zu.anjuke.com/fangyuan/4588434801257478,2室1厅|整租|豪华装修|低层(共17层),已爬取
33,保集蓝郡,863036,https://jh.zu.anjuke.com/fangyuan/4633442706844681,3室2厅|整租|精装修|中层(共16层),已爬取
34,保集蓝郡,863036,https://jh.zu.anjuke.com/fangyuan/4582523571004419,2室2厅|整租|豪华装修|低层(共18层),已爬取
35,保集蓝郡,863036,https://jh.zu.anjuke.com/fangyuan/4622611949755399,2室2厅|整租|豪华装修|中层(共22层),已爬取
36,保集蓝郡,863036,https://jh.zu.anjuke.com/fangyuan/4550104435401735,2室1厅|整租|精装修|高层(共16层),已爬取
37,保集蓝郡,863036,https://jh.zu.anjuke.com/fangyuan/4555694200546315,2室1厅|整租|精装修|中层(共18层),已爬取
38,保集蓝郡,863036,https://jh.zu.anjuke.com/fangyuan/4617780959388676,2室2厅|整租|豪华装修|中层(共10层),已爬取
39,保集蓝郡,863036,https://jh.zu.anjuke.com/fangyuan/3935579789765633,2室1厅|整租|精装修|低层(共16层),已爬取
40,保集蓝郡,863036,https://jh.zu.anjuke.com/fangyuan/4244424646749197,5室3厅|整租|豪华装修|共4层,已爬取
41,新纪元香湖,872984,https://jh.zu.anjuke.com/fangyuan/4528859891850246,3室2厅|整租|精装修|中层(共14层),已爬取
42,新纪元香湖,872984,https://jh.zu.anjuke.com/fangyuan/4504665410640899,2室2厅|整租|豪华装修|低层(共18层),已爬取
43,新纪元香湖,872984,https://jh.zu.anjuke.com/fangyuan/4116619239812103,1室1厅|整租|精装修|低层(共18层),已爬取
44,新纪元香湖,872984,https://jh.zu.anjuke.com/fangyuan/4632398265164805,2室1厅|整租|精装修|中层(共18层),已爬取
45,新纪元香湖,872984,https://jh.zu.anjuke.com/fangyuan/4613663760163849,4室2厅|整租|精装修|低层(共18层),已爬取
46,新纪元香湖,872984,https://jh.zu.anjuke.com/fangyuan/4561236431807493,3室2厅|整租|精装修|高层(共11层),已爬取
47,新纪元香湖,872984,https://jh.zu.anjuke.com/fangyuan/4533817116451854,2室2厅|整租|豪华装修|中层(共18层),已爬取
48,新纪元香湖,872984,https://jh.zu.anjuke.com/fangyuan/4613584409177093,3室2厅|整租|精装修|低层(共18层),已爬取
49,新纪元香湖,872984,https://jh.zu.anjuke.com/fangyuan/4582428523355137,3室2厅|整租|精装修|低层(共11层),已爬取
50,当代华府,711974,https://jh.zu.anjuke.com/fangyuan/4551997068600330,1室0厅|整租|精装修|中层(共33层),已爬取
51,当代华府,711974,https://jh.zu.anjuke.com/fangyuan/4630538686409737,3室2厅|整租|精装修|低层(共6层),已爬取
52,当代华府,711974,https://jh.zu.anjuke.com/fangyuan/4602304731159565,2室2厅|整租|精装修|中层(共6层),已爬取
53,当代华府,711974,https://jh.zu.anjuke.com/fangyuan/4623529201064969,3室2厅|整租|精装修|低层(共6层),已爬取
54,当代华府,711974,https://jh.zu.anjuke.com/fangyuan/4626678073568263,3室2厅|整租|精装修|低层(共6层),已爬取
55,当代华府,711974,https://jh.zu.anjuke.com/fangyuan/4621187264046087,3室2厅|整租|豪华装修|中层(共16层),已爬取
56,当代华府,711974,https://jh.zu.anjuke.com/fangyuan/4517564580586500,3室2厅|整租|精装修|高层(共6层),已爬取
57,当代华府,711974,https://jh.zu.anjuke.com/fangyuan/4618187311326215,3室2厅|整租|精装修|高层(共18层),已爬取
58,当代华府,711974,https://jh.zu.anjuke.com/fangyuan/4390087844602891,3室2厅|整租|精装修|低层(共6层),已爬取
59,当代华府,711974,https://jh.zu.anjuke.com/fangyuan/4592762279730189,2室2厅|整租|精装修|中层(共6层),已爬取
60,保集海塘府,1057130,https://jh.zu.anjuke.com/fangyuan/4545533035326471,3室2厅|整租|豪华装修|高层(共18层),已爬取
61,保集海塘府,1057130,https://jh.zu.anjuke.com/fangyuan/4486401653287950,3室2厅|整租|精装修|高层(共11层),已爬取
62,保集海塘府,1057130,https://jh.zu.anjuke.com/fangyuan/4506306698142721,2室2厅|整租|豪华装修|共1层,已爬取
63,保集海塘府,1057130,https://jh.zu.anjuke.com/fangyuan/4622135807679499,3室2厅|整租|精装修|高层(共18层),已爬取
64,保集海塘府,1057130,https://jh.zu.anjuke.com/fangyuan/4582415503203342,3室2厅|整租|精装修|高层(共11层),已爬取
65,保集海塘府,1057130,https://jh.zu.anjuke.com/fangyuan/4533188429323270,4室2厅|整租|精装修|高层(共18层),已爬取
66,保集海塘府,1057130,https://jh.zu.anjuke.com/fangyuan/4316537052408833,4室2厅|整租|豪华装修|高层(共11层),已爬取
67,保集海塘府,1057130,https://jh.zu.anjuke.com/fangyuan/4545568424799242,3室2厅|整租|精装修|高层(共18层),已爬取
68,保集海塘府,1057130,https://jh.zu.anjuke.com/fangyuan/4569877562469387,2室2厅|整租|精装修|低层(共11层),已爬取
69,保集海塘府,1057130,https://jh.zu.anjuke.com/fangyuan/4521530615227406,4室2厅|整租|精装修|中层(共11层),已爬取
70,光明湖海城市花园,872983,https://jh.zu.anjuke.com/fangyuan/4579804258671621,1室1厅|整租|精装修|高层(共26层),已爬取
71,光明湖海城市花园,872983,https://jh.zu.anjuke.com/fangyuan/4630487245888520,4室2厅|整租|豪华装修|低层(共20层),已爬取
72,光明湖海城市花园,872983,https://jh.zu.anjuke.com/fangyuan/4612330149815304,3室2厅|整租|豪华装修|中层(共27层),已爬取
73,光明湖海城市花园,872983,https://jh.zu.anjuke.com/fangyuan/4579804139660293,1室1厅|整租|精装修|高层(共26层),已爬取
74,光明湖海城市花园,872983,https://jh.zu.anjuke.com/fangyuan/4358773661966343,1室1厅|整租|精装修|中层(共28层),已爬取
75,光明湖海城市花园,872983,https://jh.zu.anjuke.com/fangyuan/4606472437115916,3室2厅|整租|精装修|低层(共27层),已爬取
76,光明湖海城市花园,872983,https://jh.zu.anjuke.com/fangyuan/4136700511019018,1室0厅|整租|精装修|低层(共23层),已爬取
77,光明湖海城市花园,872983,https://jh.zu.anjuke.com/fangyuan/4364450968821763,1室1厅|整租|精装修|中层(共26层),已爬取
78,光明湖海城市花园,872983,https://jh.zu.anjuke.com/fangyuan/4511723258014735,3室2厅|整租|精装修|高层(共27层),已爬取
79,光明湖海城市花园,872983,https://jh.zu.anjuke.com/fangyuan/4630601269025799,3室2厅|整租|豪华装修|高层(共27层),已爬取
80,金报步阳华府,969299,https://jh.zu.anjuke.com/fangyuan/4499029970281480,2室0厅|整租|精装修|中层(共23层),已爬取
81,金报步阳华府,969299,https://jh.zu.anjuke.com/fangyuan/4612752603194383,1室0厅|整租|精装修|高层(共18层),已爬取
82,金报步阳华府,969299,https://jh.zu.anjuke.com/fangyuan/4614985424462855,3室2厅|整租|豪华装修|中层(共18层),已爬取
83,金报步阳华府,969299,https://jh.zu.anjuke.com/fangyuan/3930095586320384,1室1厅|整租|精装修|中层(共26层),已爬取
84,金报步阳华府,969299,https://jh.zu.anjuke.com/fangyuan/4612520250893323,1室1厅|整租|精装修|高层(共19层),已爬取
85,金报步阳华府,969299,https://jh.zu.anjuke.com/fangyuan/4492464324713474,1室1厅|整租|精装修|低层(共17层),已爬取
86,金报步阳华府,969299,https://jh.zu.anjuke.com/fangyuan/3859578821649412,1室1厅|整租|精装修|低层(共18层),已爬取
87,金报步阳华府,969299,https://jh.zu.anjuke.com/fangyuan/4625189636533257,3室2厅|整租|精装修|中层(共20层),已爬取
88,金报步阳华府,969299,https://jh.zu.anjuke.com/fangyuan/4192292987919363,1室0厅|整租|精装修|中层(共22层),已爬取
89,金报步阳华府,969299,https://jh.zu.anjuke.com/fangyuan/4632200917756934,2室0厅|整租|精装修|中层(共19层),已爬取
90,时代花园(婺城),712007,https://jh.zu.anjuke.com/fangyuan/4567005988838408,2室2厅|整租|精装修|中层(共28层),已爬取
91,时代花园(婺城),712007,https://jh.zu.anjuke.com/fangyuan/4603891214310409,3室2厅|整租|豪华装修|中层(共17层),已爬取
92,时代花园(婺城),712007,https://jh.zu.anjuke.com/fangyuan/4557054633860099,3室2厅|整租|精装修|高层(共18层),已爬取
93,时代花园(婺城),712007,https://jh.zu.anjuke.com/fangyuan/4483223900840969,3室2厅|整租|豪华装修|中层(共18层),已爬取
94,时代花园(婺城),712007,https://jh.zu.anjuke.com/fangyuan/4581318448489473,2室2厅|整租|精装修|高层(共15层),已爬取
95,时代花园(婺城),712007,https://jh.zu.anjuke.com/fangyuan/4575555104451591,4室2厅|整租|精装修|高层(共16层),已爬取
96,时代花园(婺城),712007,https://jh.zu.anjuke.com/fangyuan/4507391349646343,2室2厅|整租|精装修|低层(共18层),已爬取
97,时代花园(婺城),712007,https://jh.zu.anjuke.com/fangyuan/4614925665281030,2室2厅|整租|精装修|中层(共32层),已爬取
98,时代花园(婺城),712007,https://jh.zu.anjuke.com/fangyuan/4583867976264719,2室2厅|整租|精装修|中层(共18层),已爬取
99,时代花园(婺城),712007,https://jh.zu.anjuke.com/fangyuan/4367465521963012,2室2厅|整租|精装修|低层(共21层),已爬取
100,保集半岛,712001,https://jh.zu.anjuke.com/fangyuan/4615370132446219,2室2厅|整租|精装修|中层(共6层),已爬取
101,保集半岛,712001,https://jh.zu.anjuke.com/fangyuan/4572843580464141,3室2厅|整租|精装修|中层(共6层),已爬取
102,保集半岛,712001,https://jh.zu.anjuke.com/fangyuan/4575748714537999,3室2厅|整租|精装修|中层(共6层),已爬取
103,保集半岛,712001,https://jh.zu.anjuke.com/fangyuan/4625311482127369,2室2厅|整租|精装修|中层(共11层),已爬取
104,保集半岛,712001,https://jh.zu.anjuke.com/fangyuan/4483306861206530,3室2厅|整租|精装修|中层(共6层),已爬取
105,保集半岛,712001,https://jh.zu.anjuke.com/fangyuan/4488212666866692,2室2厅|整租|精装修|中层(共6层),已爬取
106,保集半岛,712001,https://jh.zu.anjuke.com/fangyuan/4551465849576458,2室2厅|整租|精装修|中层(共7层),已爬取
107,保集半岛,712001,https://jh.zu.anjuke.com/fangyuan/4605189964669961,2室2厅|整租|精装修|中层(共6层),已爬取
108,保集半岛,712001,https://jh.zu.anjuke.com/fangyuan/4564457848466442,5室2厅|整租|精装修|共3层,已爬取
109,融创晓郡花园,872028,https://jh.zu.anjuke.com/fangyuan/4626999372180487,3室2厅|整租|豪华装修|中层(共33层),已爬取
110,融创晓郡花园,872028,https://jh.zu.anjuke.com/fangyuan/4633641339628546,3室2厅|整租|精装修|中层(共27层),已爬取
111,融创晓郡花园,872028,https://jh.zu.anjuke.com/fangyuan/4572776293243906,3室2厅|整租|豪华装修|低层(共27层),已爬取
112,融创晓郡花园,872028,https://jh.zu.anjuke.com/fangyuan/3476932674083852,3室2厅|整租|豪华装修|高层(共33层),已爬取
113,融创晓郡花园,872028,https://jh.zu.anjuke.com/fangyuan/4477950844263435,3室2厅|整租|精装修|中层(共33层),已爬取
114,融创晓郡花园,872028,https://jh.zu.anjuke.com/fangyuan/4612788012555270,1室0厅|整租|精装修|高层(共33层),已爬取
115,融创晓郡花园,872028,https://jh.zu.anjuke.com/fangyuan/4500647723658249,3室2厅|整租|豪华装修|中层(共33层),已爬取
116,融创晓郡花园,872028,https://jh.zu.anjuke.com/fangyuan/3811321506737161,3室2厅|整租|豪华装修|高层(共33层),已爬取
117,融创晓郡花园,872028,https://jh.zu.anjuke.com/fangyuan/4393010249804801,3室2厅|整租|豪华装修|地下(共2层),已爬取
118,融创晓郡花园,872028,https://jh.zu.anjuke.com/fangyuan/4514736810695693,3室2厅|整租|豪华装修|低层(共20层),已爬取
119,保集湖海塘庄园(北区),908574,https://jh.zu.anjuke.com/fangyuan/4213252411138051,4室2厅|整租|豪华装修|中层(共18层),已爬取
120,保集湖海塘庄园(北区),908574,https://jh.zu.anjuke.com/fangyuan/4620993204132876,3室2厅|整租|豪华装修|中层(共27层),已爬取
121,保集湖海塘庄园(北区),908574,https://jh.zu.anjuke.com/fangyuan/4618807906280454,3室2厅|整租|豪华装修|中层(共19层),已爬取
122,保集湖海塘庄园(北区),908574,https://jh.zu.anjuke.com/fangyuan/4484028759907334,3室2厅|整租|精装修|高层(共27层),已爬取
123,保集湖海塘庄园(北区),908574,https://jh.zu.anjuke.com/fangyuan/4629360318635012,3室2厅|整租|豪华装修|中层(共32层),已爬取
124,保集湖海塘庄园(北区),908574,https://jh.zu.anjuke.com/fangyuan/4535834899426319,4室2厅|整租|豪华装修|中层(共27层),已爬取
125,保集湖海塘庄园(北区),908574,https://jh.zu.anjuke.com/fangyuan/4608200420451330,2室2厅|整租|精装修|中层(共15层),已爬取
126,保集湖海塘庄园(北区),908574,https://jh.zu.anjuke.com/fangyuan/4562568587680774,4室2厅|整租|精装修|低层(共14层),已爬取
127,保集湖海塘庄园(北区),908574,https://jh.zu.anjuke.com/fangyuan/4501789637272586,3室2厅|整租|豪华装修|高层(共27层),已爬取
128,保集湖海塘庄园(北区),908574,https://jh.zu.anjuke.com/fangyuan/4629360275450895,3室2厅|整租|豪华装修|中层(共32层),已爬取
129,欧景名城,863031,https://jh.zu.anjuke.com/fangyuan/4629427312962568,2室2厅|整租|精装修|中层(共30层),已爬取
130,欧景名城,863031,https://jh.zu.anjuke.com/fangyuan/4615245510630410,2室2厅|整租|豪华装修|高层(共23层),已爬取
131,欧景名城,863031,https://jh.zu.anjuke.com/fangyuan/4629423080938504,3室2厅|整租|豪华装修|中层(共8层),已爬取
132,欧景名城,863031,https://jh.zu.anjuke.com/fangyuan/4631915569341446,3室2厅|整租|豪华装修|中层(共27层),已爬取
133,欧景名城,863031,https://jh.zu.anjuke.com/fangyuan/4511935495674889,3室2厅|整租|精装修|高层(共28层),已爬取
134,欧景名城,863031,https://jh.zu.anjuke.com/fangyuan/4619219950265353,3室2厅|整租|豪华装修|中层(共24层),已爬取
135,欧景名城,863031,https://jh.zu.anjuke.com/fangyuan/4623717461058574,3室2厅|整租|精装修|低层(共18层),已爬取
136,欧景名城,863031,https://jh.zu.anjuke.com/fangyuan/4609441944103941,2室2厅|整租|豪华装修|高层(共27层),已爬取
137,欧景名城,863031,https://jh.zu.anjuke.com/fangyuan/4626736626410511,2室2厅|整租|豪华装修|高层(共23层),已爬取
138,欧景名城,863031,https://jh.zu.anjuke.com/fangyuan/4623835419208714,2室2厅|整租|豪华装修|高层(共23层),已爬取
139,江滨小区,711999,https://jh.zu.anjuke.com/fangyuan/4468505825422348,3室2厅|整租|精装修|高层(共6层),已爬取
140,江滨小区,711999,https://jh.zu.anjuke.com/fangyuan/4526410931203086,2室1厅|整租|豪华装修|中层(共6层),已爬取
141,江滨小区,711999,https://jh.zu.anjuke.com/fangyuan/4593887571373067,4室2厅|整租|精装修|中层(共6层),已爬取
142,江滨小区,711999,https://jh.zu.anjuke.com/fangyuan/4552949781963787,2室1厅|整租|精装修|中层(共6层),已爬取
143,江滨小区,711999,https://jh.zu.anjuke.com/fangyuan/4527258015017998,3室2厅|整租|精装修|高层(共6层),已爬取
144,江滨小区,711999,https://jh.zu.anjuke.com/fangyuan/4579864898411524,3室2厅|整租|精装修|低层(共6层),已爬取
145,江滨小区,711999,https://jh.zu.anjuke.com/fangyuan/4564175561579530,2室2厅|整租|豪华装修|低层(共6层),已爬取
146,江滨小区,711999,https://jh.zu.anjuke.com/fangyuan/4624913669530633,3室2厅|整租|精装修|共5层,已爬取
147,江滨小区,711999,https://jh.zu.anjuke.com/fangyuan/4600886572198925,2室2厅|整租|精装修|中层(共6层),已爬取
148,江滨小区,711999,https://jh.zu.anjuke.com/fangyuan/4553025053404163,3室2厅|整租|精装修|高层(共6层),已爬取
149,凤凰一品,1046201,https://jh.zu.anjuke.com/fangyuan/4489037440523275,3室2厅|整租|豪华装修|高层(共11层),已爬取
150,凤凰一品,1046201,https://jh.zu.anjuke.com/fangyuan/4474966993673217,3室2厅|整租|豪华装修|高层(共11层),已爬取
151,凤凰一品,1046201,https://jh.zu.anjuke.com/fangyuan/4483607260519437,3室2厅|整租|豪华装修|中层(共20层),已爬取
152,凤凰一品,1046201,https://jh.zu.anjuke.com/fangyuan/4538602879493134,3室2厅|整租|精装修|中层(共16层),已爬取
153,凤凰一品,1046201,https://jh.zu.anjuke.com/fangyuan/4538605234807808,3室2厅|整租|精装修|中层(共11层),已爬取
154,凤凰一品,1046201,https://jh.zu.anjuke.com/fangyuan/4433936690914319,3室2厅|整租|精装修|高层(共12层),已爬取
155,紫金湾,872020,https://jh.zu.anjuke.com/fangyuan/4091590493592580,4室2厅|整租|豪华装修|高层(共33层),已爬取
156,紫金湾,872020,https://jh.zu.anjuke.com/fangyuan/4528744746984462,3室2厅|整租|豪华装修|高层(共33层),已爬取
157,紫金湾,872020,https://jh.zu.anjuke.com/fangyuan/4599718214228995,3室2厅|整租|豪华装修|中层(共10层),已爬取
158,紫金湾,872020,https://jh.zu.anjuke.com/fangyuan/4596753430359050,3室2厅|整租|精装修|高层(共7层),已爬取
159,紫金湾,872020,https://jh.zu.anjuke.com/fangyuan/4630824627135497,3室2厅|整租|精装修|低层(共9层),已爬取
160,紫金湾,872020,https://jh.zu.anjuke.com/fangyuan/4527233318149122,1室1厅|整租|精装修|中层(共26层),已爬取
161,紫金湾,872020,https://jh.zu.anjuke.com/fangyuan/4616366028332044,3室2厅|整租|精装修|中层(共20层),已爬取
162,紫金湾,872020,https://jh.zu.anjuke.com/fangyuan/4559747488242696,1室1厅|整租|精装修|低层(共26层),已爬取
163,紫金湾,872020,https://jh.zu.anjuke.com/fangyuan/4551294415301633,3室2厅|整租|精装修|中层(共18层),已爬取
164,紫金湾,872020,https://jh.zu.anjuke.com/fangyuan/3729235584871431,3室2厅|整租|豪华装修|高层(共33层),已爬取
165,绿城海棠花园,863231,https://jh.zu.anjuke.com/fangyuan/4533047485490186,3室2厅|整租|精装修|高层(共25层),已爬取
166,绿城海棠花园,863231,https://jh.zu.anjuke.com/fangyuan/4622310655450126,3室2厅|整租|豪华装修|低层(共28层),已爬取
167,绿城海棠花园,863231,https://jh.zu.anjuke.com/fangyuan/4603626324124686,3室2厅|整租|精装修|中层(共30层),已爬取
168,滨江金色蓝庭,864292,https://jh.zu.anjuke.com/fangyuan/4617924398441474,3室2厅|整租|精装修|中层(共13层),已爬取
169,滨江金色蓝庭,864292,https://jh.zu.anjuke.com/fangyuan/4619764421747720,3室2厅|整租|豪华装修|高层(共18层),已爬取
170,滨江金色蓝庭,864292,https://jh.zu.anjuke.com/fangyuan/4487650901779471,3室2厅|整租|精装修|高层(共18层),已爬取
171,滨江金色蓝庭,864292,https://jh.zu.anjuke.com/fangyuan/4575211606367233,3室2厅|整租|精装修|高层(共18层),已爬取
172,滨江金色蓝庭,864292,https://jh.zu.anjuke.com/fangyuan/4583878836970510,3室2厅|整租|豪华装修|中层(共10层),已爬取
173,滨江金色蓝庭,864292,https://jh.zu.anjuke.com/fangyuan/4614967069565961,3室2厅|整租|精装修|中层(共18层),已爬取
174,滨江金色蓝庭,864292,https://jh.zu.anjuke.com/fangyuan/4521723298491399,2室2厅|整租|精装修|中层(共18层),已爬取
175,滨江金色蓝庭,864292,https://jh.zu.anjuke.com/fangyuan/4564319856745476,3室2厅|整租|豪华装修|高层(共18层),已爬取
176,滨江金色蓝庭,864292,https://jh.zu.anjuke.com/fangyuan/4514772170140686,3室2厅|整租|豪华装修|低层(共18层),已爬取
177,滨江金色蓝庭,864292,https://jh.zu.anjuke.com/fangyuan/4598306864028673,3室2厅|整租|豪华装修|低层(共18层),已爬取
178,御园(西区),871474,https://jh.zu.anjuke.com/fangyuan/4596788947575816,3室2厅|整租|精装修|高层(共18层),已爬取
179,御园(西区),871474,https://jh.zu.anjuke.com/fangyuan/4267101095685120,3室2厅|整租|精装修|低层(共18层),已爬取
180,御园(西区),871474,https://jh.zu.anjuke.com/fangyuan/4531722154171406,3室2厅|整租|精装修|高层(共18层),已爬取
181,御园(西区),871474,https://jh.zu.anjuke.com/fangyuan/4044557095739397,2室2厅|整租|精装修|中层(共18层),已爬取
182,御园(西区),871474,https://jh.zu.anjuke.com/fangyuan/4528865580723208,3室2厅|整租|精装修|中层(共18层),已爬取
183,御园(西区),871474,https://jh.zu.anjuke.com/fangyuan/4200240828095495,3室2厅|整租|豪华装修|中层(共18层),已爬取
184,御园(西区),871474,https://jh.zu.anjuke.com/fangyuan/4504784263425026,3室2厅|整租|精装修|低层(共16层),已爬取
185,御园(西区),871474,https://jh.zu.anjuke.com/fangyuan/4616629724652545,2室2厅|整租|精装修|中层(共18层),已爬取
186,御园(西区),871474,https://jh.zu.anjuke.com/fangyuan/4551768184105988,3室2厅|整租|精装修|高层(共20层),已爬取
187,御园(西区),871474,https://jh.zu.anjuke.com/fangyuan/4500370191936513,3室2厅|整租|豪华装修|中层(共18层),已爬取
188,广润翰城,711976,https://jh.zu.anjuke.com/fangyuan/4631994949344259,2室2厅|整租|精装修|低层(共25层),已爬取
189,广润翰城,711976,https://jh.zu.anjuke.com/fangyuan/4633666083367951,2室2厅|整租|精装修|低层(共22层),已爬取
190,广润翰城,711976,https://jh.zu.anjuke.com/fangyuan/4538626050874371,3室2厅|整租|精装修|高层(共11层),已爬取
191,广润翰城,711976,https://jh.zu.anjuke.com/fangyuan/4633636658865163,2室1厅|整租|简单装修|低层(共28层),已爬取
192,广润翰城,711976,https://jh.zu.anjuke.com/fangyuan/4564353128832015,2室2厅|整租|精装修|中层(共25层),已爬取
193,广润翰城,711976,https://jh.zu.anjuke.com/fangyuan/4619684261243909,2室2厅|整租|精装修|中层(共25层),已爬取
194,广润翰城,711976,https://jh.zu.anjuke.com/fangyuan/4574258641314824,3室2厅|整租|豪华装修|高层(共28层),已爬取
195,广润翰城,711976,https://jh.zu.anjuke.com/fangyuan/4582729527712778,2室2厅|整租|精装修|高层(共28层),已爬取
196,广润翰城,711976,https://jh.zu.anjuke.com/fangyuan/4517532094931973,1室1厅|整租|简单装修|中层(共28层),已爬取
197,广润翰城,711976,https://jh.zu.anjuke.com/fangyuan/4621250392271875,2室1厅|整租|精装修|高层(共30层),已爬取
198,美的金宸府,998674,https://jh.zu.anjuke.com/fangyuan/4552865826251776,3室2厅|整租|精装修|中层(共15层),已爬取
199,美的金宸府,998674,https://jh.zu.anjuke.com/fangyuan/4517413295744006,3室2厅|整租|精装修|中层(共18层),已爬取
200,美的金宸府,998674,https://jh.zu.anjuke.com/fangyuan/4606798895506441,3室2厅|整租|豪华装修|低层(共15层),已爬取
201,美的金宸府,998674,https://jh.zu.anjuke.com/fangyuan/4543049102879748,3室2厅|整租|精装修|中层(共18层),已爬取
202,美的金宸府,998674,https://jh.zu.anjuke.com/fangyuan/4633910472530945,3室2厅|整租|精装修|中层(共18层),已爬取
203,美的金宸府,998674,https://jh.zu.anjuke.com/fangyuan/4588396557249551,3室2厅|整租|精装修|低层(共20层),已爬取
204,美的金宸府,998674,https://jh.zu.anjuke.com/fangyuan/4626282273451014,3室2厅|整租|精装修|低层(共11层),已爬取
205,美的金宸府,998674,https://jh.zu.anjuke.com/fangyuan/4606439508712455,4室2厅|整租|豪华装修|中层(共27层),已爬取
206,美的金宸府,998674,https://jh.zu.anjuke.com/fangyuan/4559895479786500,1室1厅|整租|精装修|高层(共26层),已爬取
207,美的金宸府,998674,https://jh.zu.anjuke.com/fangyuan/4595314986118148,4室2厅|整租|豪华装修|高层(共27层),已爬取
208,金地碧桂园浅山艺境,1051444,https://jh.zu.anjuke.com/fangyuan/4578457918792717,3室2厅|整租|精装修|高层(共11层),已爬取
209,金地碧桂园浅山艺境,1051444,https://jh.zu.anjuke.com/fangyuan/4585303573519368,3室2厅|整租|精装修|高层(共11层),已爬取
210,金地碧桂园浅山艺境,1051444,https://jh.zu.anjuke.com/fangyuan/4582446784226308,3室2厅|整租|精装修|高层(共11层),已爬取
211,金地碧桂园浅山艺境,1051444,https://jh.zu.anjuke.com/fangyuan/4579963443653645,3室2厅|整租|精装修|中层(共20层),已爬取
212,金地碧桂园浅山艺境,1051444,https://jh.zu.anjuke.com/fangyuan/4630897511195648,3室2厅|整租|精装修|高层(共11层),已爬取
213,金地碧桂园浅山艺境,1051444,https://jh.zu.anjuke.com/fangyuan/4470769674951689,3室2厅|整租|精装修|低层(共6层),已爬取
214,金地碧桂园浅山艺境,1051444,https://jh.zu.anjuke.com/fangyuan/4612176398916620,3室2厅|整租|精装修|高层(共11层),已爬取
215,金地碧桂园浅山艺境,1051444,https://jh.zu.anjuke.com/fangyuan/4585322367544323,3室2厅|整租|精装修|高层(共11层),已爬取
216,金地碧桂园浅山艺境,1051444,https://jh.zu.anjuke.com/fangyuan/4554086540502024,3室2厅|整租|豪华装修|高层(共11层),已爬取
217,金地碧桂园浅山艺境,1051444,https://jh.zu.anjuke.com/fangyuan/4556905722010627,3室2厅|整租|豪华装修|低层(共6层),已爬取
218,金都美苑,1271869,https://jh.zu.anjuke.com/fangyuan/3896538691117056,2室2厅|整租|豪华装修|高层(共25层),已爬取
219,金都美苑,1271869,https://jh.zu.anjuke.com/fangyuan/4616552368823298,1室1厅|整租|豪华装修|高层(共25层),已爬取
220,金都美苑,1271869,https://jh.zu.anjuke.com/fangyuan/4538519912375303,1室1厅|整租|精装修|高层(共25层),已爬取
221,金都美苑,1271869,https://jh.zu.anjuke.com/fangyuan/4551486767799307,1室1厅|整租|精装修|中层(共26层),已爬取
222,金都美苑,1271869,https://jh.zu.anjuke.com/fangyuan/4632337901755398,1室1厅|整租|精装修|高层(共20层),已爬取
223,金都美苑,1271869,https://jh.zu.anjuke.com/fangyuan/4528632595176451,2室2厅|整租|精装修|高层(共25层),已爬取
224,金都美苑,1271869,https://jh.zu.anjuke.com/fangyuan/4554412678913028,3室2厅|整租|精装修|高层(共25层),已爬取
225,金都美苑,1271869,https://jh.zu.anjuke.com/fangyuan/4484898578623501,1室1厅|整租|精装修|低层(共20层),已爬取
226,金都美苑,1271869,https://jh.zu.anjuke.com/fangyuan/4573952966190089,3室2厅|整租|豪华装修|中层(共29层),已爬取
227,金都美苑,1271869,https://jh.zu.anjuke.com/fangyuan/4633350485126153,1室0厅|整租|精装修|高层(共26层),已爬取
228,紫金玉澜,868442,https://jh.zu.anjuke.com/fangyuan/4513180713540622,3室2厅|整租|精装修|中层(共23层),已爬取
229,紫金玉澜,868442,https://jh.zu.anjuke.com/fangyuan/4623951216630794,3室2厅|整租|精装修|低层(共17层),已爬取
230,紫金玉澜,868442,https://jh.zu.anjuke.com/fangyuan/4568306270987270,3室2厅|整租|精装修|中层(共30层),已爬取
231,紫金玉澜,868442,https://jh.zu.anjuke.com/fangyuan/4568306962342925,3室2厅|整租|精装修|中层(共30层),已爬取
232,紫金玉澜,868442,https://jh.zu.anjuke.com/fangyuan/4476325154120707,3室2厅|整租|简单装修|低层(共23层),已爬取
233,紫金玉澜,868442,https://jh.zu.anjuke.com/fangyuan/4533123991624709,3室2厅|整租|精装修|中层(共20层),已爬取
234,紫金玉澜,868442,https://jh.zu.anjuke.com/fangyuan/4520121009497098,3室2厅|整租|精装修|高层(共6层),已爬取
235,紫金玉澜,868442,https://jh.zu.anjuke.com/fangyuan/4541623783529487,3室2厅|整租|豪华装修|高层(共30层),已爬取
236,紫金玉澜,868442,https://jh.zu.anjuke.com/fangyuan/4579540796042245,3室2厅|整租|精装修|中层(共30层),已爬取
237,紫金玉澜,868442,https://jh.zu.anjuke.com/fangyuan/4467674179329025,3室2厅|整租|豪华装修|高层(共30层),已爬取
238,南国名城,863019,https://jh.zu.anjuke.com/fangyuan/4525159767057413,4室2厅|整租|豪华装修|低层(共12层),已爬取
239,南国名城,863019,https://jh.zu.anjuke.com/fangyuan/4523109614709770,3室2厅|整租|精装修|中层(共11层),已爬取
240,南国名城,863019,https://jh.zu.anjuke.com/fangyuan/4602548889447430,2室2厅|整租|精装修|低层(共11层),已爬取
241,南国名城,863019,https://jh.zu.anjuke.com/fangyuan/4170834953575424,2室2厅|整租|豪华装修|中层(共6层),已爬取
242,南国名城,863019,https://jh.zu.anjuke.com/fangyuan/4554248366955521,3室2厅|整租|精装修|低层(共11层),已爬取
243,南国名城,863019,https://jh.zu.anjuke.com/fangyuan/4602687793896457,3室2厅|整租|精装修|低层(共11层),已爬取
244,南国名城,863019,https://jh.zu.anjuke.com/fangyuan/4623390307343367,3室2厅|整租|精装修|中层(共18层),已爬取
245,南国名城,863019,https://jh.zu.anjuke.com/fangyuan/4595355939331072,2室2厅|整租|精装修|低层(共6层),已爬取
246,南国名城,863019,https://jh.zu.anjuke.com/fangyuan/4622220460534791,2室2厅|整租|精装修|中层(共6层),已爬取
247,南国名城,863019,https://jh.zu.anjuke.com/fangyuan/4612188263619594,2室2厅|整租|精装修|中层(共6层),已爬取
248,金地格林春晓,712004,https://jh.zu.anjuke.com/fangyuan/4625001064471563,2室2厅|整租|精装修|低层(共7层),已爬取
249,金地格林春晓,712004,https://jh.zu.anjuke.com/fangyuan/4492447134620678,3室2厅|整租|精装修|低层(共11层),已爬取
250,金地格林春晓,712004,https://jh.zu.anjuke.com/fangyuan/4493620928046086,3室2厅|整租|豪华装修|低层(共8层),已爬取
251,金地格林春晓,712004,https://jh.zu.anjuke.com/fangyuan/4574238036483072,3室2厅|整租|豪华装修|低层(共7层),已爬取
252,金地格林春晓,712004,https://jh.zu.anjuke.com/fangyuan/4376059579292684,3室2厅|整租|精装修|高层(共7层),已爬取
253,金地格林春晓,712004,https://jh.zu.anjuke.com/fangyuan/4492032781018120,3室2厅|整租|豪华装修|低层(共7层),已爬取
254,奥克斯中央御府,864622,https://jh.zu.anjuke.com/fangyuan/4622160274054148,3室2厅|整租|精装修|低层(共7层),已爬取
255,奥克斯中央御府,864622,https://jh.zu.anjuke.com/fangyuan/4565813741018114,3室2厅|整租|精装修|高层(共8层),已爬取
256,奥克斯中央御府,864622,https://jh.zu.anjuke.com/fangyuan/4568570974348293,4室2厅|整租|精装修|低层(共18层),已爬取
257,奥克斯中央御府,864622,https://jh.zu.anjuke.com/fangyuan/4589737931480075,3室2厅|整租|精装修|低层(共11层),已爬取
258,奥克斯中央御府,864622,https://jh.zu.anjuke.com/fangyuan/4549891324945417,3室2厅|整租|精装修|高层(共7层),已爬取
259,奥克斯中央御府,864622,https://jh.zu.anjuke.com/fangyuan/4575697223982081,3室2厅|整租|精装修|高层(共16层),已爬取
260,奥克斯中央御府,864622,https://jh.zu.anjuke.com/fangyuan/4552852279385103,3室2厅|整租|精装修|中层(共10层),已爬取
261,奥克斯中央御府,864622,https://jh.zu.anjuke.com/fangyuan/4535686654764046,3室2厅|整租|精装修|中层(共8层),已爬取
262,奥克斯中央御府,864622,https://jh.zu.anjuke.com/fangyuan/4613539552189442,3室2厅|整租|精装修|低层(共17层),已爬取
263,蝶景湾御江山,711995,https://jh.zu.anjuke.com/fangyuan/4627882638550022,3室2厅|整租|豪华装修|中层(共6层),已爬取
264,蝶景湾御江山,711995,https://jh.zu.anjuke.com/fangyuan/4495329409817612,2室2厅|整租|豪华装修|中层(共18层),已爬取
265,三江国际花园,864613,https://jh.zu.anjuke.com/fangyuan/4576420422902799,2室2厅|整租|精装修|中层(共11层),已爬取
266,三江国际花园,864613,https://jh.zu.anjuke.com/fangyuan/4629656808692737,3室2厅|整租|精装修|中层(共11层),已爬取
267,三江国际花园,864613,https://jh.zu.anjuke.com/fangyuan/4613756693539848,2室1厅|整租|精装修|中层(共15层),已爬取
268,三江国际花园,864613,https://jh.zu.anjuke.com/fangyuan/4499257345580033,5室3厅|整租|精装修|低层(共8层),已爬取
269,三江国际花园,864613,https://jh.zu.anjuke.com/fangyuan/4557003161742351,2室1厅|整租|精装修|低层(共15层),已爬取
270,三江国际花园,864613,https://jh.zu.anjuke.com/fangyuan/4297945565617162,3室2厅|整租|精装修|高层(共11层),已爬取
271,三江国际花园,864613,https://jh.zu.anjuke.com/fangyuan/4593802521717762,3室2厅|整租|精装修|高层(共15层),已爬取
272,三江国际花园,864613,https://jh.zu.anjuke.com/fangyuan/4479421221563402,3室2厅|整租|精装修|中层(共11层),已爬取
273,三江国际花园,864613,https://jh.zu.anjuke.com/fangyuan/4482093055728647,3室2厅|整租|精装修|中层(共18层),已爬取
274,三江国际花园,864613,https://jh.zu.anjuke.com/fangyuan/4527679961390084,1室1厅|整租|精装修|高层(共15层),已爬取
275,蔚蓝海岸,872106,https://jh.zu.anjuke.com/fangyuan/4415377493355529,3室2厅|整租|豪华装修|中层(共16层),已爬取
276,蔚蓝海岸,872106,https://jh.zu.anjuke.com/fangyuan/4514727369845766,3室2厅|整租|豪华装修|低层(共18层),已爬取
277,蔚蓝海岸,872106,https://jh.zu.anjuke.com/fangyuan/4540145892944905,3室2厅|整租|精装修|高层(共20层),已爬取
278,蔚蓝海岸,872106,https://jh.zu.anjuke.com/fangyuan/4602494131727374,3室2厅|整租|精装修|高层(共20层),已爬取
279,蔚蓝海岸,872106,https://jh.zu.anjuke.com/fangyuan/4602494075972621,3室2厅|整租|精装修|高层(共22层),已爬取
280,蔚蓝海岸,872106,https://jh.zu.anjuke.com/fangyuan/4523597203907598,4室2厅|整租|豪华装修|地下(共2层),已爬取
281,天御花园,969366,https://jh.zu.anjuke.com/fangyuan/4622527593458694,3室2厅|整租|精装修|高层(共18层),已爬取
282,天御花园,969366,https://jh.zu.anjuke.com/fangyuan/4622533294351372,3室2厅|整租|精装修|高层(共18层),已爬取
283,天御花园,969366,https://jh.zu.anjuke.com/fangyuan/4582427569040387,3室2厅|整租|精装修|低层(共16层),已爬取
284,天御花园,969366,https://jh.zu.anjuke.com/fangyuan/4579776025680902,3室2厅|整租|豪华装修|中层(共15层),已爬取
285,天御花园,969366,https://jh.zu.anjuke.com/fangyuan/4620841502202883,3室2厅|整租|豪华装修|低层(共15层),已爬取
286,天御花园,969366,https://jh.zu.anjuke.com/fangyuan/4586888829017094,3室2厅|整租|精装修|中层(共18层),已爬取
287,天御花园,969366,https://jh.zu.anjuke.com/fangyuan/4579051618003983,3室2厅|整租|精装修|中层(共17层),已爬取
288,天御花园,969366,https://jh.zu.anjuke.com/fangyuan/4513167288675343,3室2厅|整租|精装修|低层(共18层),已爬取
289,天御花园,969366,https://jh.zu.anjuke.com/fangyuan/4630566219901955,3室2厅|整租|精装修|低层(共18层),已爬取
290,天御花园,969366,https://jh.zu.anjuke.com/fangyuan/4623759687445514,3室2厅|整租|精装修|高层(共18层),已爬取
291,南江壹号,868128,https://jh.zu.anjuke.com/fangyuan/4575533694460935,3室2厅|整租|豪华装修|中层(共28层),已爬取
292,南江壹号,868128,https://jh.zu.anjuke.com/fangyuan/4575722427917314,3室2厅|整租|精装修|中层(共24层),已爬取
293,南江壹号,868128,https://jh.zu.anjuke.com/fangyuan/4626588691276802,2室2厅|整租|精装修|高层(共26层),已爬取
294,南江壹号,868128,https://jh.zu.anjuke.com/fangyuan/4601086347078661,3室2厅|整租|精装修|低层(共24层),已爬取
295,南江壹号,868128,https://jh.zu.anjuke.com/fangyuan/4622018049956873,2室2厅|整租|精装修|高层(共18层),已爬取
296,南江壹号,868128,https://jh.zu.anjuke.com/fangyuan/4374575685084164,3室2厅|整租|精装修|中层(共26层),已爬取
297,南江壹号,868128,https://jh.zu.anjuke.com/fangyuan/4625166962764809,3室2厅|整租|精装修|低层(共26层),已爬取
298,南江壹号,868128,https://jh.zu.anjuke.com/fangyuan/4518704279708678,2室2厅|整租|精装修|低层(共18层),已爬取
299,南江壹号,868128,https://jh.zu.anjuke.com/fangyuan/4603610970745863,2室2厅|整租|精装修|高层(共18层),已爬取
300,南江壹号,868128,https://jh.zu.anjuke.com/fangyuan/4547226857645069,3室2厅|整租|精装修|高层(共22层),已爬取
301,新世纪花园,712071,https://jh.zu.anjuke.com/fangyuan/4631189681464324,2室2厅|整租|精装修|低层(共13层),已爬取
302,新世纪花园,712071,https://jh.zu.anjuke.com/fangyuan/4602223101078541,1室1厅|整租|精装修|高层(共12层),已爬取
303,新世纪花园,712071,https://jh.zu.anjuke.com/fangyuan/4618331500356623,1室1厅|整租|精装修|中层(共18层),已爬取
304,新世纪花园,712071,https://jh.zu.anjuke.com/fangyuan/4607898303505413,2室2厅|整租|精装修|低层(共18层),已爬取
305,新世纪花园,712071,https://jh.zu.anjuke.com/fangyuan/4601158948807682,1室1厅|整租|豪华装修|中层(共18层),已爬取
306,新世纪花园,712071,https://jh.zu.anjuke.com/fangyuan/4570096834536448,3室2厅|整租|精装修|低层(共6层),已爬取
307,新世纪花园,712071,https://jh.zu.anjuke.com/fangyuan/4540356169606152,4室2厅|整租|豪华装修|高层(共7层),已爬取
308,新世纪花园,712071,https://jh.zu.anjuke.com/fangyuan/4629590030703622,1室1厅|整租|精装修|中层(共18层),已爬取
309,新世纪花园,712071,https://jh.zu.anjuke.com/fangyuan/4550190945283085,2室2厅|整租|精装修|中层(共11层),已爬取
310,新世纪花园,712071,https://jh.zu.anjuke.com/fangyuan/4612134656355329,1室1厅|整租|豪华装修|中层(共18层),已爬取
311,中天翰林诚品,1061809,https://jh.zu.anjuke.com/fangyuan/4551419665359887,3室2厅|整租|豪华装修|低层(共18层),已爬取
312,中天翰林诚品,1061809,https://jh.zu.anjuke.com/fangyuan/4550218369737731,3室2厅|整租|精装修|中层(共16层),已爬取
313,中天翰林诚品,1061809,https://jh.zu.anjuke.com/fangyuan/4598231608189957,3室2厅|整租|精装修|中层(共16层),已爬取
314,中天翰林诚品,1061809,https://jh.zu.anjuke.com/fangyuan/4475156816768014,3室2厅|整租|精装修|中层(共21层),已爬取
315,中天翰林诚品,1061809,https://jh.zu.anjuke.com/fangyuan/4555842543266825,4室2厅|整租|精装修|中层(共19层),已爬取
316,中天翰林诚品,1061809,https://jh.zu.anjuke.com/fangyuan/4412521436535820,4室2厅|整租|精装修|中层(共7层),已爬取
317,中天翰林诚品,1061809,https://jh.zu.anjuke.com/fangyuan/4549107118156805,3室2厅|整租|简单装修|中层(共17层),已爬取
318,中天翰林诚品,1061809,https://jh.zu.anjuke.com/fangyuan/4598235473697804,3室2厅|整租|精装修|中层(共16层),已爬取
319,金色海塘,912760,https://jh.zu.anjuke.com/fangyuan/4576369594297358,2室2厅|整租|精装修|中层(共29层),已爬取
320,金色海塘,912760,https://jh.zu.anjuke.com/fangyuan/4589589526242314,2室2厅|整租|精装修|高层(共18层),已爬取
321,金色海塘,912760,https://jh.zu.anjuke.com/fangyuan/4625076143074313,2室2厅|整租|豪华装修|中层(共12层),已爬取
322,金色海塘,912760,https://jh.zu.anjuke.com/fangyuan/4615141380973578,2室2厅|整租|精装修|高层(共11层),已爬取
323,金色海塘,912760,https://jh.zu.anjuke.com/fangyuan/4618659824921600,3室2厅|整租|精装修|中层(共11层),已爬取
324,金色海塘,912760,https://jh.zu.anjuke.com/fangyuan/4629302116129796,2室2厅|整租|豪华装修|低层(共17层),已爬取
325,金色海塘,912760,https://jh.zu.anjuke.com/fangyuan/4629310267829259,2室2厅|整租|豪华装修|高层(共17层),已爬取
326,金色海塘,912760,https://jh.zu.anjuke.com/fangyuan/4479217959674881,3室2厅|整租|精装修|高层(共18层),已爬取
327,金色海塘,912760,https://jh.zu.anjuke.com/fangyuan/4525749658983425,4室2厅|整租|精装修|中层(共18层),已爬取
328,金厦银湖城(南区),912059,https://jh.zu.anjuke.com/fangyuan/4616910045146120,3室2厅|整租|豪华装修|中层(共6层),已爬取
329,金厦银湖城(南区),912059,https://jh.zu.anjuke.com/fangyuan/4611060659547140,3室2厅|整租|精装修|中层(共11层),已爬取
330,金厦银湖城(南区),912059,https://jh.zu.anjuke.com/fangyuan/4587182726753291,3室2厅|整租|精装修|高层(共18层),已爬取
331,金厦银湖城(南区),912059,https://jh.zu.anjuke.com/fangyuan/4543140064191496,3室2厅|整租|精装修|低层(共18层),已爬取
332,金厦银湖城(南区),912059,https://jh.zu.anjuke.com/fangyuan/4626477404890117,3室2厅|整租|精装修|低层(共18层),已爬取
333,金厦银湖城(南区),912059,https://jh.zu.anjuke.com/fangyuan/4584488982504454,3室2厅|整租|豪华装修|中层(共18层),已爬取
334,金厦银湖城(南区),912059,https://jh.zu.anjuke.com/fangyuan/4523355673781249,3室2厅|整租|豪华装修|中层(共11层),已爬取
335,金厦银湖城(南区),912059,https://jh.zu.anjuke.com/fangyuan/4529027377046534,4室2厅|整租|豪华装修|高层(共6层),已爬取
336,金厦银湖城(南区),912059,https://jh.zu.anjuke.com/fangyuan/4611168860414987,3室2厅|整租|精装修|中层(共18层),已爬取
337,金厦银湖城(南区),912059,https://jh.zu.anjuke.com/fangyuan/4616737863246862,3室2厅|整租|精装修|低层(共18层),已爬取
338,紫荆公馆,969500,https://jh.zu.anjuke.com/fangyuan/4633662848984078,3室2厅|整租|精装修|中层(共28层),已爬取
339,紫荆公馆,969500,https://jh.zu.anjuke.com/fangyuan/4633656214400003,4室2厅|整租|精装修|中层(共29层),已爬取
340,紫荆公馆,969500,https://jh.zu.anjuke.com/fangyuan/4630440001823758,3室2厅|整租|精装修|中层(共26层),已爬取
341,紫荆公馆,969500,https://jh.zu.anjuke.com/fangyuan/4615201983032329,3室2厅|整租|精装修|中层(共25层),已爬取
342,紫荆公馆,969500,https://jh.zu.anjuke.com/fangyuan/4629805312732173,4室2厅|整租|精装修|低层(共25层),已爬取
343,紫荆公馆,969500,https://jh.zu.anjuke.com/fangyuan/4566853185152015,3室2厅|整租|精装修|高层(共18层),已爬取
344,紫荆公馆,969500,https://jh.zu.anjuke.com/fangyuan/4412571171171328,3室2厅|整租|精装修|高层(共25层),已爬取
345,紫荆公馆,969500,https://jh.zu.anjuke.com/fangyuan/4354754349637646,4室2厅|整租|精装修|中层(共28层),已爬取
346,紫荆公馆,969500,https://jh.zu.anjuke.com/fangyuan/4616455094164494,3室2厅|整租|精装修|低层(共29层),已爬取
347,紫荆公馆,969500,https://jh.zu.anjuke.com/fangyuan/4492114179156993,3室2厅|整租|精装修|低层(共28层),已爬取
348,婺城南苑小区(东区),712078,https://jh.zu.anjuke.com/fangyuan/4551360184949766,3室2厅|整租|精装修|中层(共6层),已爬取
349,婺城南苑小区(东区),712078,https://jh.zu.anjuke.com/fangyuan/4566075218041864,1室1厅|整租|简单装修|低层(共6层),已爬取
350,婺城南苑小区(东区),712078,https://jh.zu.anjuke.com/fangyuan/4615345794147332,2室1厅|整租|豪华装修|低层(共6层),已爬取
351,婺城南苑小区(东区),712078,https://jh.zu.anjuke.com/fangyuan/4585337505422346,2室1厅|整租|简单装修|低层(共6层),已爬取
352,婺城南苑小区(东区),712078,https://jh.zu.anjuke.com/fangyuan/4624941341484032,2室1厅|整租|精装修|中层(共6层),已爬取
353,婺城南苑小区(东区),712078,https://jh.zu.anjuke.com/fangyuan/4596598408670216,2室1厅|整租|精装修|高层(共6层),已爬取
354,婺城南苑小区(东区),712078,https://jh.zu.anjuke.com/fangyuan/4592426680036367,2室1厅|整租|精装修|高层(共6层),已爬取
355,婺城南苑小区(东区),712078,https://jh.zu.anjuke.com/fangyuan/4617760940747777,2室2厅|整租|精装修|共5层,已爬取
356,婺城南苑小区(东区),712078,https://jh.zu.anjuke.com/fangyuan/4623539186097155,1室1厅|整租|精装修|共5层,已爬取
357,婺城南苑小区(东区),712078,https://jh.zu.anjuke.com/fangyuan/4625095637574658,3室1厅|整租|精装修|高层(共6层),已爬取
358,蓝湾国际花园,712009,https://jh.zu.anjuke.com/fangyuan/4602606927653897,2室2厅|整租|精装修|中层(共16层),已爬取
359,蓝湾国际花园,712009,https://jh.zu.anjuke.com/fangyuan/4276620724887564,3室2厅|整租|精装修|低层(共9层),已爬取
360,蓝湾国际花园,712009,https://jh.zu.anjuke.com/fangyuan/4426888439979009,3室2厅|整租|精装修|低层(共23层),已爬取
361,蓝湾国际花园,712009,https://jh.zu.anjuke.com/fangyuan/4016463785222145,1室1厅|整租|精装修|高层(共6层),已爬取
362,蓝湾国际花园,712009,https://jh.zu.anjuke.com/fangyuan/4510570412960771,3室2厅|整租|精装修|中层(共18层),已爬取
363,蓝湾国际花园,712009,https://jh.zu.anjuke.com/fangyuan/4368668472501249,3室2厅|整租|精装修|中层(共17层),已爬取
364,蓝湾国际花园,712009,https://jh.zu.anjuke.com/fangyuan/4593775269241858,2室2厅|整租|精装修|中层(共9层),已爬取
365,蓝湾国际花园,712009,https://jh.zu.anjuke.com/fangyuan/4592297208781825,3室2厅|整租|精装修|低层(共17层),已爬取
366,蓝湾国际花园,712009,https://jh.zu.anjuke.com/fangyuan/4633394686487562,3室2厅|整租|精装修|低层(共9层),已爬取
367,蓝湾国际花园,712009,https://jh.zu.anjuke.com/fangyuan/4608326215461889,2室1厅|整租|精装修|中层(共19层),已爬取
368,当代江南,712105,https://jh.zu.anjuke.com/fangyuan/4602383380931590,3室2厅|整租|豪华装修|中层(共6层),已爬取
369,当代江南,712105,https://jh.zu.anjuke.com/fangyuan/4570053081897988,2室2厅|整租|精装修|中层(共16层),已爬取
370,当代江南,712105,https://jh.zu.anjuke.com/fangyuan/4478172756700170,1室1厅|整租|精装修|中层(共27层),已爬取
371,当代江南,712105,https://jh.zu.anjuke.com/fangyuan/4601054465256457,3室2厅|整租|豪华装修|低层(共6层),已爬取
372,当代江南,712105,https://jh.zu.anjuke.com/fangyuan/4626370085413902,3室2厅|整租|豪华装修|低层(共15层),已爬取
373,当代江南,712105,https://jh.zu.anjuke.com/fangyuan/4287982382309388,1室1厅|整租|精装修|中层(共6层),已爬取
374,当代江南,712105,https://jh.zu.anjuke.com/fangyuan/4584373711496201,2室2厅|整租|精装修|低层(共16层),已爬取
375,当代江南,712105,https://jh.zu.anjuke.com/fangyuan/4608158888598537,2室2厅|整租|精装修|低层(共11层),已爬取
376,当代江南,712105,https://jh.zu.anjuke.com/fangyuan/4535676238341129,3室2厅|整租|精装修|中层(共6层),已爬取
377,当代江南,712105,https://jh.zu.anjuke.com/fangyuan/4582809401940995,3室2厅|整租|精装修|低层(共6层),已爬取
378,泰地世锦园,712072,https://jh.zu.anjuke.com/fangyuan/4531698364259334,4室2厅|整租|豪华装修|高层(共11层),已爬取
379,泰地世锦园,712072,https://jh.zu.anjuke.com/fangyuan/4544269779098634,4室3厅|整租|豪华装修|低层(共18层),已爬取
380,泰地世锦园,712072,https://jh.zu.anjuke.com/fangyuan/4625135724665868,4室2厅|整租|精装修|中层(共19层),已爬取
381,泰地世锦园,712072,https://jh.zu.anjuke.com/fangyuan/4626408570117135,3室2厅|整租|豪华装修|中层(共18层),已爬取
382,泰地世锦园,712072,https://jh.zu.anjuke.com/fangyuan/4574191038456846,4室3厅|整租|豪华装修|低层(共20层),已爬取
383,泰地世锦园,712072,https://jh.zu.anjuke.com/fangyuan/4527572628530191,5室3厅|整租|精装修|中层(共17层),已爬取
384,泰地世锦园,712072,https://jh.zu.anjuke.com/fangyuan/4527608273316875,4室2厅|整租|精装修|高层(共10层),已爬取
385,泰地世锦园,712072,https://jh.zu.anjuke.com/fangyuan/4524907687603208,3室2厅|整租|豪华装修|中层(共11层),已爬取
386,泰地世锦园,712072,https://jh.zu.anjuke.com/fangyuan/4543233456937999,5室3厅|整租|豪华装修|中层(共15层),已爬取
387,泰地世锦园,712072,https://jh.zu.anjuke.com/fangyuan/4615139117898760,3室2厅|整租|精装修|中层(共10层),已爬取
388,新都会,712005,https://jh.zu.anjuke.com/fangyuan/4510516250782732,3室2厅|整租|精装修|中层(共22层),已爬取
389,新都会,712005,https://jh.zu.anjuke.com/fangyuan/4510436784544782,2室1厅|整租|豪华装修|中层(共30层),已爬取
390,新都会,712005,https://jh.zu.anjuke.com/fangyuan/4629202456767502,3室2厅|整租|豪华装修|中层(共27层),已爬取
391,新都会,712005,https://jh.zu.anjuke.com/fangyuan/4630540247751690,3室2厅|整租|精装修|中层(共23层),已爬取
392,新都会,712005,https://jh.zu.anjuke.com/fangyuan/4614083212221454,3室2厅|整租|豪华装修|高层(共22层),已爬取
393,新都会,712005,https://jh.zu.anjuke.com/fangyuan/4587008273490958,3室2厅|整租|精装修|低层(共15层),已爬取
394,新都会,712005,https://jh.zu.anjuke.com/fangyuan/4629439748170763,3室2厅|整租|精装修|中层(共30层),已爬取
395,新都会,712005,https://jh.zu.anjuke.com/fangyuan/4633783768671233,3室2厅|整租|精装修|高层(共31层),已爬取
396,新都会,712005,https://jh.zu.anjuke.com/fangyuan/4613994066191364,2室2厅|整租|精装修|中层(共17层),已爬取
397,新都会,712005,https://jh.zu.anjuke.com/fangyuan/4426799843369992,3室2厅|整租|精装修|高层(共33层),已爬取
398,红星天悦,1267291,https://jh.zu.anjuke.com/fangyuan/4578194683096076,3室2厅|整租|精装修|高层(共11层),已爬取
399,红星天悦,1267291,https://jh.zu.anjuke.com/fangyuan/4576434771389454,3室2厅|整租|精装修|高层(共11层),已爬取
400,红星天悦,1267291,https://jh.zu.anjuke.com/fangyuan/4405592768654343,3室2厅|整租|精装修|高层(共11层),已爬取
401,保集湖海塘庄园(南区),1103170,https://jh.zu.anjuke.com/fangyuan/4586962533297167,3室2厅|整租|豪华装修|高层(共18层),已爬取
402,保集湖海塘庄园(南区),1103170,https://jh.zu.anjuke.com/fangyuan/4499074047058957,3室2厅|整租|豪华装修|低层(共18层),已爬取
403,保集湖海塘庄园(南区),1103170,https://jh.zu.anjuke.com/fangyuan/4332700521029638,4室2厅|整租|豪华装修|高层(共18层),已爬取
404,保集湖海塘庄园(南区),1103170,https://jh.zu.anjuke.com/fangyuan/4535846029270026,3室2厅|整租|豪华装修|中层(共18层),已爬取
405,保集湖海塘庄园(南区),1103170,https://jh.zu.anjuke.com/fangyuan/4337710377688066,4室2厅|整租|豪华装修|高层(共18层),已爬取
406,保集湖海塘庄园(南区),1103170,https://jh.zu.anjuke.com/fangyuan/4296776477220875,3室2厅|整租|精装修|中层(共13层),已爬取
407,御园(东区),969389,https://jh.zu.anjuke.com/fangyuan/4614344814681090,3室2厅|整租|精装修|低层(共18层),已爬取
408,御园(东区),969389,https://jh.zu.anjuke.com/fangyuan/4531553755372544,3室2厅|整租|精装修|高层(共18层),已爬取
409,御园(东区),969389,https://jh.zu.anjuke.com/fangyuan/4607825692173326,3室2厅|整租|精装修|高层(共16层),已爬取
410,御园(东区),969389,https://jh.zu.anjuke.com/fangyuan/4541609006427151,3室2厅|整租|豪华装修|高层(共18层),已爬取
411,御园(东区),969389,https://jh.zu.anjuke.com/fangyuan/4492529749093383,3室2厅|整租|精装修|高层(共18层),已爬取
412,御园(东区),969389,https://jh.zu.anjuke.com/fangyuan/4505867259274252,3室2厅|整租|精装修|中层(共16层),已爬取
413,御园(东区),969389,https://jh.zu.anjuke.com/fangyuan/4470766102373387,3室2厅|整租|精装修|中层(共17层),已爬取
414,御园(东区),969389,https://jh.zu.anjuke.com/fangyuan/4608588489960459,3室2厅|整租|精装修|低层(共24层),已爬取
415,御园(东区),969389,https://jh.zu.anjuke.com/fangyuan/4534480421872642,3室2厅|整租|精装修|低层(共20层),已爬取
416,御园(东区),969389,https://jh.zu.anjuke.com/fangyuan/4617885335938058,3室2厅|整租|豪华装修|高层(共18层),已爬取
417,金发豪园,712014,https://jh.zu.anjuke.com/fangyuan/4622677229116424,4室2厅|整租|精装修|中层(共15层),已爬取
418,金发豪园,712014,https://jh.zu.anjuke.com/fangyuan/4569847980809226,4室2厅|整租|精装修|共2层,已爬取
419,金发豪园,712014,https://jh.zu.anjuke.com/fangyuan/4625165934124038,3室2厅|整租|豪华装修|地下(共3层),已爬取
420,金发豪园,712014,https://jh.zu.anjuke.com/fangyuan/4625218204527620,3室2厅|整租|豪华装修|共4层,已爬取
421,东方明珠花园,712016,https://jh.zu.anjuke.com/fangyuan/4516212439735306,1室1厅|整租|豪华装修|中层(共12层),已爬取
422,东方明珠花园,712016,https://jh.zu.anjuke.com/fangyuan/4426862191827979,3室2厅|整租|豪华装修|高层(共6层),已爬取
423,东方明珠花园,712016,https://jh.zu.anjuke.com/fangyuan/3633972155212805,3室2厅|整租|精装修|中层(共6层),已爬取
424,东方明珠花园,712016,https://jh.zu.anjuke.com/fangyuan/4582820193934339,1室1厅|整租|精装修|低层(共13层),已爬取
425,东方明珠花园,712016,https://jh.zu.anjuke.com/fangyuan/4615064031536141,1室1厅|整租|精装修|中层(共11层),已爬取
426,东方明珠花园,712016,https://jh.zu.anjuke.com/fangyuan/4600837334047745,1室0厅|整租|精装修|中层(共6层),已爬取
427,东方明珠花园,712016,https://jh.zu.anjuke.com/fangyuan/4479330517703692,1室1厅|整租|精装修|中层(共11层),已爬取
428,东方明珠花园,712016,https://jh.zu.anjuke.com/fangyuan/4490501463075846,1室1厅|整租|精装修|中层(共11层),已爬取
429,东方明珠花园,712016,https://jh.zu.anjuke.com/fangyuan/4370178312709126,1室1厅|整租|精装修|共3层,已爬取
430,东方明珠花园,712016,https://jh.zu.anjuke.com/fangyuan/4020458837617679,3室2厅|整租|豪华装修|高层(共6层),已爬取
431,绿城金都美地,872030,https://jh.zu.anjuke.com/fangyuan/4626474599226381,1室1厅|整租|精装修|中层(共25层),已爬取
432,绿城金都美地,872030,https://jh.zu.anjuke.com/fangyuan/4623475889662977,1室0厅|整租|精装修|高层(共20层),已爬取
433,绿城金都美地,872030,https://jh.zu.anjuke.com/fangyuan/4618151583558670,1室0厅|整租|精装修|中层(共25层),已爬取
434,绿城金都美地,872030,https://jh.zu.anjuke.com/fangyuan/4371667946839047,3室2厅|整租|精装修|低层(共18层),已爬取
435,绿城金都美地,872030,https://jh.zu.anjuke.com/fangyuan/4321013137514503,1室1厅|整租|精装修|中层(共26层),已爬取
436,绿城金都美地,872030,https://jh.zu.anjuke.com/fangyuan/4506022966832136,2室2厅|整租|豪华装修|高层(共24层),已爬取
437,绿城金都美地,872030,https://jh.zu.anjuke.com/fangyuan/3586466865405961,2室2厅|整租|豪华装修|中层(共28层),已爬取
438,绿城金都美地,872030,https://jh.zu.anjuke.com/fangyuan/4612251185751046,1室0厅|整租|精装修|高层(共18层),已爬取
439,绿城金都美地,872030,https://jh.zu.anjuke.com/fangyuan/4603719122641922,3室2厅|整租|精装修|高层(共18层),已爬取
440,绿城金都美地,872030,https://jh.zu.anjuke.com/fangyuan/4506543671831563,3室2厅|整租|精装修|低层(共24层),已爬取
441,江南悦府,969298,https://jh.zu.anjuke.com/fangyuan/3890415880217603,2室1厅|整租|豪华装修|高层(共18层),已爬取
442,江南悦府,969298,https://jh.zu.anjuke.com/fangyuan/3832347577707522,2室2厅|整租|精装修|高层(共16层),已爬取
443,江南悦府,969298,https://jh.zu.anjuke.com/fangyuan/4618147713278982,2室2厅|整租|精装修|高层(共18层),已爬取
444,江南悦府,969298,https://jh.zu.anjuke.com/fangyuan/4633635441302543,2室2厅|整租|豪华装修|中层(共17层),已爬取
445,江南悦府,969298,https://jh.zu.anjuke.com/fangyuan/4554500098253835,2室2厅|整租|精装修|高层(共17层),已爬取
446,江南悦府,969298,https://jh.zu.anjuke.com/fangyuan/4605393430834178,2室1厅|整租|精装修|中层(共12层),已爬取
447,江南悦府,969298,https://jh.zu.anjuke.com/fangyuan/4632317985020941,3室2厅|整租|精装修|高层(共18层),已爬取
448,江南悦府,969298,https://jh.zu.anjuke.com/fangyuan/4632201957465088,3室2厅|整租|精装修|高层(共16层),已爬取
449,广天蓝都华城,712025,https://jh.zu.anjuke.com/fangyuan/4586908589628430,2室2厅|整租|精装修|高层(共6层),已爬取
450,广天蓝都华城,712025,https://jh.zu.anjuke.com/fangyuan/4462350522082304,3室2厅|整租|精装修|中层(共6层),已爬取
451,广天蓝都华城,712025,https://jh.zu.anjuke.com/fangyuan/4568680324193281,2室2厅|整租|精装修|中层(共6层),已爬取
452,广天蓝都华城,712025,https://jh.zu.anjuke.com/fangyuan/4569883132191753,2室2厅|整租|精装修|中层(共6层),已爬取
453,广天蓝都华城,712025,https://jh.zu.anjuke.com/fangyuan/4532981978737672,2室2厅|整租|精装修|高层(共6层),已爬取
454,广天蓝都华城,712025,https://jh.zu.anjuke.com/fangyuan/4533014747929615,2室2厅|整租|精装修|中层(共6层),已爬取
455,广天蓝都华城,712025,https://jh.zu.anjuke.com/fangyuan/4586924374236168,2室2厅|整租|精装修|中层(共6层),已爬取
456,广天蓝都华城,712025,https://jh.zu.anjuke.com/fangyuan/4254056955931650,2室2厅|整租|精装修|低层(共6层),已爬取
457,中港浅水湾,711978,https://jh.zu.anjuke.com/fangyuan/4607887949095947,3室2厅|整租|精装修|中层(共6层),已爬取
458,中港浅水湾,711978,https://jh.zu.anjuke.com/fangyuan/4579619082169350,3室2厅|整租|精装修|低层(共15层),已爬取
459,中港浅水湾,711978,https://jh.zu.anjuke.com/fangyuan/4598443461516302,1室1厅|整租|精装修|高层(共10层),已爬取
460,中港浅水湾,711978,https://jh.zu.anjuke.com/fangyuan/4569928500390915,3室2厅|整租|精装修|低层(共17层),已爬取
461,中港浅水湾,711978,https://jh.zu.anjuke.com/fangyuan/4527494738961413,3室2厅|整租|精装修|中层(共6层),已爬取
462,中港浅水湾,711978,https://jh.zu.anjuke.com/fangyuan/4592831910437888,3室2厅|整租|豪华装修|中层(共7层),已爬取
463,家和园,863021,https://jh.zu.anjuke.com/fangyuan/4414052281410560,3室2厅|整租|精装修|低层(共6层),已爬取
464,家和园,863021,https://jh.zu.anjuke.com/fangyuan/4529013552636941,3室2厅|整租|精装修|中层(共6层),已爬取
465,家和园,863021,https://jh.zu.anjuke.com/fangyuan/4582467423120385,3室2厅|整租|精装修|中层(共6层),已爬取
466,家和园,863021,https://jh.zu.anjuke.com/fangyuan/4496183318553613,3室2厅|整租|精装修|低层(共6层),已爬取
467,家和园,863021,https://jh.zu.anjuke.com/fangyuan/4592774904556545,3室2厅|整租|精装修|低层(共6层),已爬取
468,家和园,863021,https://jh.zu.anjuke.com/fangyuan/4481786010885122,3室2厅|整租|简单装修|中层(共6层),已爬取
469,家和园,863021,https://jh.zu.anjuke.com/fangyuan/4618277301148675,3室2厅|整租|精装修|低层(共6层),已爬取
470,家和园,863021,https://jh.zu.anjuke.com/fangyuan/4494756915289092,3室2厅|整租|精装修|低层(共6层),已爬取
471,家和园,863021,https://jh.zu.anjuke.com/fangyuan/4623925097475078,3室2厅|整租|精装修|中层(共6层),已爬取
472,家和园,863021,https://jh.zu.anjuke.com/fangyuan/4492126292304899,1室1厅|整租|精装修|共4层,已爬取
473,银桂院,712095,https://jh.zu.anjuke.com/fangyuan/4620833734288387,1室0厅|整租|精装修|中层(共6层),已爬取
474,银桂院,712095,https://jh.zu.anjuke.com/fangyuan/4608496074353664,1室1厅|整租|精装修|低层(共16层),已爬取
475,银桂院,712095,https://jh.zu.anjuke.com/fangyuan/4626491774084104,2室2厅|整租|精装修|中层(共6层),已爬取
476,银桂院,712095,https://jh.zu.anjuke.com/fangyuan/4550392951073792,1室1厅|整租|精装修|低层(共6层),已爬取
477,银桂院,712095,https://jh.zu.anjuke.com/fangyuan/4468172219163659,4室2厅|整租|精装修|中层(共6层),已爬取
478,银桂院,712095,https://jh.zu.anjuke.com/fangyuan/4622189555571719,1室1厅|整租|精装修|低层(共6层),已爬取
479,银桂院,712095,https://jh.zu.anjuke.com/fangyuan/4631502336646146,2室2厅|整租|豪华装修|低层(共6层),已爬取
480,银桂院,712095,https://jh.zu.anjuke.com/fangyuan/4620842308805646,1室0厅|整租|精装修|中层(共10层),已爬取
481,银桂院,712095,https://jh.zu.anjuke.com/fangyuan/4487858812005387,3室2厅|整租|精装修|高层(共6层),已爬取
482,银桂院,712095,https://jh.zu.anjuke.com/fangyuan/4515836195562503,1室0厅|整租|精装修|中层(共6层),已爬取
483,蓝湾上林院,872063,https://jh.zu.anjuke.com/fangyuan/4620730429434894,3室2厅|整租|精装修|中层(共11层),已爬取
484,蓝湾上林院,872063,https://jh.zu.anjuke.com/fangyuan/4350565245444100,2室2厅|整租|精装修|低层(共20层),已爬取
485,蓝湾上林院,872063,https://jh.zu.anjuke.com/fangyuan/4603604440099843,3室2厅|整租|精装修|低层(共14层),已爬取
486,蓝湾上林院,872063,https://jh.zu.anjuke.com/fangyuan/4544151007241222,3室2厅|整租|豪华装修|低层(共15层),已爬取
487,都市欧情,872130,https://jh.zu.anjuke.com/fangyuan/4503344863767561,4室2厅|整租|豪华装修|中层(共18层),已爬取
488,东方巴黎,712119,https://jh.zu.anjuke.com/fangyuan/4602669656501261,1室1厅|整租|精装修|高层(共7层),已爬取
489,东方巴黎,712119,https://jh.zu.anjuke.com/fangyuan/4005000171855872,1室1厅|整租|精装修|高层(共30层),已爬取
490,东方巴黎,712119,https://jh.zu.anjuke.com/fangyuan/4589381974125582,1室1厅|整租|精装修|高层(共23层),已爬取
491,东方巴黎,712119,https://jh.zu.anjuke.com/fangyuan/4631859914464270,2室2厅|整租|精装修|中层(共29层),已爬取
492,东方巴黎,712119,https://jh.zu.anjuke.com/fangyuan/4619577132049413,1室1厅|整租|豪华装修|中层(共23层),已爬取
493,东方巴黎,712119,https://jh.zu.anjuke.com/fangyuan/4517575205626893,3室2厅|整租|豪华装修|高层(共8层),已爬取
494,东方巴黎,712119,https://jh.zu.anjuke.com/fangyuan/4573989730950153,2室2厅|整租|精装修|低层(共25层),已爬取
495,东方巴黎,712119,https://jh.zu.anjuke.com/fangyuan/4592705958831108,1室1厅|整租|精装修|高层(共22层),已爬取
496,东方巴黎,712119,https://jh.zu.anjuke.com/fangyuan/4631906879038465,1室1厅|整租|精装修|中层(共24层),已爬取
497,东方巴黎,712119,https://jh.zu.anjuke.com/fangyuan/4533117851182093,1室1厅|整租|精装修|中层(共21层),已爬取
498,盛世珑城,872805,https://jh.zu.anjuke.com/fangyuan/4484975687560193,3室2厅|整租|精装修|中层(共20层),已爬取
499,盛世珑城,872805,https://jh.zu.anjuke.com/fangyuan/4589646798547972,3室2厅|整租|精装修|低层(共20层),已爬取
500,盛世珑城,872805,https://jh.zu.anjuke.com/fangyuan/4616807208657933,3室2厅|整租|精装修|高层(共14层),已爬取
501,盛世珑城,872805,https://jh.zu.anjuke.com/fangyuan/4616682575354880,1室1厅|整租|精装修|中层(共18层),已爬取
502,盛世珑城,872805,https://jh.zu.anjuke.com/fangyuan/4512006042067968,3室2厅|整租|精装修|高层(共16层),已爬取
503,盛世珑城,872805,https://jh.zu.anjuke.com/fangyuan/4616534526549007,3室2厅|整租|精装修|低层(共12层),已爬取
504,盛世珑城,872805,https://jh.zu.anjuke.com/fangyuan/4621918673361933,3室2厅|整租|精装修|中层(共14层),已爬取
505,盛世珑城,872805,https://jh.zu.anjuke.com/fangyuan/4629351642784777,3室2厅|整租|精装修|低层(共21层),已爬取
506,盛世珑城,872805,https://jh.zu.anjuke.com/fangyuan/4044828588597254,3室2厅|整租|精装修|低层(共18层),已爬取
507,盛世珑城,872805,https://jh.zu.anjuke.com/fangyuan/4546988700867587,2室2厅|整租|精装修|高层(共12层),已爬取
508,玫瑰星城,871926,https://jh.zu.anjuke.com/fangyuan/4597944675591169,2室2厅|整租|精装修|高层(共16层),已爬取
509,玫瑰星城,871926,https://jh.zu.anjuke.com/fangyuan/4612329118211072,2室2厅|整租|精装修|中层(共14层),已爬取
510,玫瑰星城,871926,https://jh.zu.anjuke.com/fangyuan/4626395698719752,3室2厅|整租|精装修|低层(共15层),已爬取
511,玫瑰星城,871926,https://jh.zu.anjuke.com/fangyuan/4537142572555268,3室2厅|整租|精装修|中层(共17层),已爬取
512,玫瑰星城,871926,https://jh.zu.anjuke.com/fangyuan/4589526067145738,4室2厅|整租|精装修|中层(共6层),已爬取
513,玫瑰星城,871926,https://jh.zu.anjuke.com/fangyuan/4514867999841290,2室2厅|整租|精装修|中层(共18层),已爬取
514,玫瑰星城,871926,https://jh.zu.anjuke.com/fangyuan/4571352850115593,2室2厅|整租|精装修|高层(共15层),已爬取
515,玫瑰星城,871926,https://jh.zu.anjuke.com/fangyuan/4577103842925576,2室2厅|整租|精装修|高层(共16层),已爬取
516,玫瑰星城,871926,https://jh.zu.anjuke.com/fangyuan/4623452996021261,3室2厅|整租|精装修|高层(共16层),已爬取
517,玫瑰星城,871926,https://jh.zu.anjuke.com/fangyuan/4517497696756747,2室2厅|整租|豪华装修|中层(共16层),已爬取
518,豪都金尊华府,872025,https://jh.zu.anjuke.com/fangyuan/4630861184918529,2室1厅|整租|精装修|高层(共33层),已爬取
519,豪都金尊华府,872025,https://jh.zu.anjuke.com/fangyuan/4627667713942533,2室2厅|整租|豪华装修|低层(共23层),已爬取
520,豪都金尊华府,872025,https://jh.zu.anjuke.com/fangyuan/4537492121185291,2室2厅|整租|精装修|高层(共33层),已爬取
521,豪都金尊华府,872025,https://jh.zu.anjuke.com/fangyuan/4494849620745226,2室1厅|整租|精装修|高层(共10层),已爬取
522,豪都金尊华府,872025,https://jh.zu.anjuke.com/fangyuan/4630585695214603,2室2厅|整租|豪华装修|高层(共13层),已爬取
523,豪都金尊华府,872025,https://jh.zu.anjuke.com/fangyuan/4552975447239682,2室2厅|整租|精装修|低层(共32层),已爬取
524,豪都金尊华府,872025,https://jh.zu.anjuke.com/fangyuan/4552716359310343,3室2厅|整租|精装修|低层(共33层),已爬取
525,豪都金尊华府,872025,https://jh.zu.anjuke.com/fangyuan/4620901171190799,2室2厅|整租|精装修|高层(共16层),已爬取
526,豪都金尊华府,872025,https://jh.zu.anjuke.com/fangyuan/4369003851131912,2室2厅|整租|精装修|高层(共16层),已爬取
527,豪都金尊华府,872025,https://jh.zu.anjuke.com/fangyuan/4524596454697989,2室2厅|整租|精装修|中层(共27层),已爬取
528,南江名郡,671115,https://jh.zu.anjuke.com/fangyuan/4334771577199619,1室1厅|整租|精装修|中层(共7层),已爬取
529,南江名郡,671115,https://jh.zu.anjuke.com/fangyuan/4632333513497610,3室2厅|整租|精装修|高层(共11层),已爬取
530,南江名郡,671115,https://jh.zu.anjuke.com/fangyuan/4605454668622861,3室2厅|整租|精装修|低层(共11层),已爬取
531,南江名郡,671115,https://jh.zu.anjuke.com/fangyuan/4630781240568839,12室4厅|整租|精装修|共4层,已爬取
532,南江名郡,671115,https://jh.zu.anjuke.com/fangyuan/4633360354225154,3室2厅|整租|精装修|高层(共9层),已爬取
533,南江名郡,671115,https://jh.zu.anjuke.com/fangyuan/4633332054207496,3室2厅|整租|精装修|高层(共12层),已爬取
534,南江名郡,671115,https://jh.zu.anjuke.com/fangyuan/4610875401088009,3室2厅|整租|精装修|低层(共6层),已爬取
535,南江名郡,671115,https://jh.zu.anjuke.com/fangyuan/4615206229011457,3室2厅|整租|精装修|低层(共11层),已爬取
536,南江名郡,671115,https://jh.zu.anjuke.com/fangyuan/4591156546759682,3室2厅|整租|精装修|中层(共11层),已爬取
537,南江名郡,671115,https://jh.zu.anjuke.com/fangyuan/4545638768075777,3室2厅|整租|精装修|高层(共11层),已爬取
538,金山华庭,872024,https://jh.zu.anjuke.com/fangyuan/4477622298319880,4室2厅|整租|精装修|中层(共18层),已爬取
539,金山华庭,872024,https://jh.zu.anjuke.com/fangyuan/4578294444235777,3室2厅|整租|精装修|中层(共26层),已爬取
540,金山华庭,872024,https://jh.zu.anjuke.com/fangyuan/4571518418136064,3室2厅|整租|精装修|低层(共30层),已爬取
541,金山华庭,872024,https://jh.zu.anjuke.com/fangyuan/4007925809847309,3室2厅|整租|精装修|中层(共28层),已爬取
542,金山华庭,872024,https://jh.zu.anjuke.com/fangyuan/3104819610393615,4室2厅|整租|精装修|低层(共20层),已爬取
543,金山华庭,872024,https://jh.zu.anjuke.com/fangyuan/4507397627339778,3室2厅|整租|精装修|高层(共34层),已爬取
544,金山华庭,872024,https://jh.zu.anjuke.com/fangyuan/4621035992357894,3室2厅|整租|简单装修|高层(共30层),已爬取
545,金山华庭,872024,https://jh.zu.anjuke.com/fangyuan/4525892642939908,3室2厅|整租|精装修|中层(共29层),已爬取
546,金山华庭,872024,https://jh.zu.anjuke.com/fangyuan/4595503590237194,3室2厅|整租|精装修|高层(共27层),已爬取
547,金山华庭,872024,https://jh.zu.anjuke.com/fangyuan/4344628723671046,4室2厅|整租|精装修|高层(共30层),已爬取
548,紫荆公寓,873422,https://jh.zu.anjuke.com/fangyuan/4613658052750340,2室2厅|整租|简单装修|高层(共29层),已爬取
549,紫荆公寓,873422,https://jh.zu.anjuke.com/fangyuan/4407526729686021,3室2厅|整租|简单装修|中层(共29层),已爬取
550,紫荆公寓,873422,https://jh.zu.anjuke.com/fangyuan/4483495707155465,2室2厅|整租|精装修|低层(共29层),已爬取
551,紫荆公寓,873422,https://jh.zu.anjuke.com/fangyuan/4623428633697282,2室2厅|整租|精装修|低层(共29层),已爬取
552,紫荆公寓,873422,https://jh.zu.anjuke.com/fangyuan/4281103819004931,2室2厅|整租|精装修|中层(共29层),已爬取
553,紫荆公寓,873422,https://jh.zu.anjuke.com/fangyuan/4483982633360384,1室1厅|整租|精装修|低层(共29层),已爬取
554,紫荆公寓,873422,https://jh.zu.anjuke.com/fangyuan/4511972889420813,2室2厅|整租|精装修|低层(共29层),已爬取
555,紫荆公寓,873422,https://jh.zu.anjuke.com/fangyuan/4567298112218126,2室2厅|整租|精装修|低层(共29层),已爬取
556,紫荆公寓,873422,https://jh.zu.anjuke.com/fangyuan/4545596957666318,3室2厅|整租|精装修|中层(共32层),已爬取
557,紫荆公寓,873422,https://jh.zu.anjuke.com/fangyuan/4512235621751810,3室2厅|整租|精装修|中层(共29层),已爬取
558,星月花园,863024,https://jh.zu.anjuke.com/fangyuan/4623775244362763,2室2厅|整租|精装修|高层(共18层),已爬取
559,星月花园,863024,https://jh.zu.anjuke.com/fangyuan/4630644042310658,3室2厅|整租|精装修|高层(共16层),已爬取
560,星月花园,863024,https://jh.zu.anjuke.com/fangyuan/4606764780477440,2室2厅|整租|精装修|高层(共16层),已爬取
561,星月花园,863024,https://jh.zu.anjuke.com/fangyuan/4501774687788042,2室2厅|整租|精装修|高层(共16层),已爬取
562,星月花园,863024,https://jh.zu.anjuke.com/fangyuan/4527108456915971,2室2厅|整租|精装修|中层(共16层),已爬取
563,星月花园,863024,https://jh.zu.anjuke.com/fangyuan/4538492393761796,2室2厅|整租|简单装修|高层(共16层),已爬取
564,星月花园,863024,https://jh.zu.anjuke.com/fangyuan/4625072832310275,2室2厅|整租|精装修|高层(共16层),已爬取
565,星月花园,863024,https://jh.zu.anjuke.com/fangyuan/4538500952564742,2室2厅|整租|精装修|低层(共6层),已爬取
566,星月花园,863024,https://jh.zu.anjuke.com/fangyuan/4595448353022986,2室2厅|整租|精装修|高层(共16层),已爬取
567,星月花园,863024,https://jh.zu.anjuke.com/fangyuan/4585506177969158,2室2厅|整租|精装修|高层(共18层),已爬取
568,龙庭一品,872026,https://jh.zu.anjuke.com/fangyuan/4589769763494919,2室2厅|整租|精装修|中层(共33层),已爬取
569,龙庭一品,872026,https://jh.zu.anjuke.com/fangyuan/3971156901551115,4室2厅|整租|精装修|中层(共30层),已爬取
570,龙庭一品,872026,https://jh.zu.anjuke.com/fangyuan/3552283482170381,2室2厅|整租|精装修|高层(共30层),已爬取
571,龙庭一品,872026,https://jh.zu.anjuke.com/fangyuan/4611138128342021,3室2厅|整租|精装修|低层(共32层),已爬取
572,龙庭一品,872026,https://jh.zu.anjuke.com/fangyuan/4527280094307330,2室2厅|整租|精装修|中层(共26层),已爬取
573,龙庭一品,872026,https://jh.zu.anjuke.com/fangyuan/4588254941946883,3室2厅|整租|精装修|中层(共33层),已爬取
574,龙庭一品,872026,https://jh.zu.anjuke.com/fangyuan/4494766081580043,2室1厅|整租|精装修|中层(共30层),已爬取
575,龙庭一品,872026,https://jh.zu.anjuke.com/fangyuan/4527278870324226,2室2厅|整租|精装修|中层(共29层),已爬取
576,龙庭一品,872026,https://jh.zu.anjuke.com/fangyuan/4552907811988483,2室2厅|整租|精装修|中层(共46层),已爬取
577,龙庭一品,872026,https://jh.zu.anjuke.com/fangyuan/3699810581258241,4室2厅|整租|精装修|中层(共26层),已爬取
578,中天学府诚品,1050255,https://jh.zu.anjuke.com/fangyuan/4632594920645634,2室1厅|整租|精装修|高层(共32层),已爬取
579,中天学府诚品,1050255,https://jh.zu.anjuke.com/fangyuan/4608000378414091,2室2厅|整租|精装修|中层(共32层),已爬取
580,中天学府诚品,1050255,https://jh.zu.anjuke.com/fangyuan/4582665926059008,3室1厅|整租|精装修|中层(共32层),已爬取
581,中天学府诚品,1050255,https://jh.zu.anjuke.com/fangyuan/4531663728716806,3室2厅|整租|精装修|中层(共32层),已爬取
582,中天学府诚品,1050255,https://jh.zu.anjuke.com/fangyuan/4632264123180039,2室2厅|整租|精装修|高层(共32层),已爬取
583,中天学府诚品,1050255,https://jh.zu.anjuke.com/fangyuan/4180868890976269,3室2厅|整租|精装修|高层(共14层),已爬取
584,中天学府诚品,1050255,https://jh.zu.anjuke.com/fangyuan/4517578628062213,2室2厅|整租|精装修|中层(共32层),已爬取
585,中天学府诚品,1050255,https://jh.zu.anjuke.com/fangyuan/4514541688398857,2室2厅|整租|精装修|低层(共32层),已爬取
586,中天学府诚品,1050255,https://jh.zu.anjuke.com/fangyuan/4569455159745536,2室1厅|整租|豪华装修|低层(共32层),已爬取
587,中天学府诚品,1050255,https://jh.zu.anjuke.com/fangyuan/4173348225231877,2室2厅|整租|精装修|中层(共32层),已爬取
588,婺城南苑小区(西区),1103150,https://jh.zu.anjuke.com/fangyuan/4584582591454208,2室1厅|整租|豪华装修|低层(共6层),已爬取
589,婺城南苑小区(西区),1103150,https://jh.zu.anjuke.com/fangyuan/4506454200851460,2室1厅|整租|精装修|中层(共6层),已爬取
590,婺城南苑小区(西区),1103150,https://jh.zu.anjuke.com/fangyuan/4509099746253833,2室2厅|整租|豪华装修|中层(共6层),已爬取
591,婺城南苑小区(西区),1103150,https://jh.zu.anjuke.com/fangyuan/4337509313765390,1室1厅|整租|精装修|高层(共6层),已爬取
592,婺城南苑小区(西区),1103150,https://jh.zu.anjuke.com/fangyuan/4480588398832643,2室1厅|整租|精装修|高层(共6层),已爬取
593,婺城南苑小区(西区),1103150,https://jh.zu.anjuke.com/fangyuan/4619442938162176,2室1厅|整租|精装修|中层(共6层),已爬取
594,婺城南苑小区(西区),1103150,https://jh.zu.anjuke.com/fangyuan/4611090546187274,2室2厅|整租|精装修|中层(共6层),已爬取
595,婺城南苑小区(西区),1103150,https://jh.zu.anjuke.com/fangyuan/4619447278560258,2室1厅|整租|精装修|高层(共6层),已爬取
596,婺城南苑小区(西区),1103150,https://jh.zu.anjuke.com/fangyuan/4633379046562824,2室1厅|整租|豪华装修|高层(共6层),已爬取
597,婺城南苑小区(西区),1103150,https://jh.zu.anjuke.com/fangyuan/4383085939514377,2室1厅|整租|精装修|低层(共6层),已爬取
598,紫荆府,1200648,https://jh.zu.anjuke.com/fangyuan/4512243969059845,3室2厅|整租|精装修|低层(共28层),已爬取
599,紫荆府,1200648,https://jh.zu.anjuke.com/fangyuan/4243124572220422,3室2厅|整租|精装修|低层(共29层),已爬取
600,紫荆府,1200648,https://jh.zu.anjuke.com/fangyuan/4480610100716547,3室2厅|整租|精装修|中层(共29层),已爬取
601,紫荆府,1200648,https://jh.zu.anjuke.com/fangyuan/4492088669414413,3室2厅|整租|精装修|中层(共26层),已爬取
602,紫荆府,1200648,https://jh.zu.anjuke.com/fangyuan/4571098184178697,4室2厅|整租|精装修|中层(共28层),已爬取
603,紫荆府,1200648,https://jh.zu.anjuke.com/fangyuan/4509179051287554,3室2厅|整租|精装修|低层(共25层),已爬取
604,紫荆府,1200648,https://jh.zu.anjuke.com/fangyuan/4591284309402636,3室2厅|整租|精装修|中层(共33层),已爬取
605,紫荆府,1200648,https://jh.zu.anjuke.com/fangyuan/4247428665417741,3室2厅|整租|精装修|中层(共25层),已爬取
606,东阳欧景名城,968944,https://jh.zu.anjuke.com/fangyuan/3783035177590796,1室1厅|整租|精装修|中层(共9层),已爬取
607,东阳欧景名城,968944,https://jh.zu.anjuke.com/fangyuan/4633865989349387,3室2厅|整租|精装修|低层(共28层),已爬取
608,东阳欧景名城,968944,https://jh.zu.anjuke.com/fangyuan/4601438147111938,2室2厅|整租|精装修|低层(共16层),已爬取
609,东阳欧景名城,968944,https://jh.zu.anjuke.com/fangyuan/4605489641169933,2室2厅|整租|毛坯|低层(共22层),已爬取
610,东阳欧景名城,968944,https://jh.zu.anjuke.com/fangyuan/4602875601247241,2室2厅|整租|精装修|低层(共20层),已爬取
611,东阳欧景名城,968944,https://jh.zu.anjuke.com/fangyuan/4567160280656911,4室2厅|整租|精装修|低层(共20层),已爬取
612,东阳欧景名城,968944,https://jh.zu.anjuke.com/fangyuan/4632659379674117,3室2厅|整租|精装修|低层(共29层),已爬取
613,东阳欧景名城,968944,https://jh.zu.anjuke.com/fangyuan/4632158674775053,2室2厅|整租|精装修|低层(共28层),已爬取
614,东阳欧景名城,968944,https://jh.zu.anjuke.com/fangyuan/4618238479145986,2室2厅|整租|精装修|低层(共20层),已爬取
615,东阳欧景名城,968944,https://jh.zu.anjuke.com/fangyuan/4587028042312709,5室2厅|整租|精装修|高层(共26层),已爬取
616,奥林匹克花园,868046,https://jh.zu.anjuke.com/fangyuan/4632228068187149,3室2厅|整租|精装修|中层(共6层),已爬取
617,奥林匹克花园,868046,https://jh.zu.anjuke.com/fangyuan/4506031923670030,3室2厅|整租|豪华装修|高层(共6层),已爬取
618,奥林匹克花园,868046,https://jh.zu.anjuke.com/fangyuan/4564050040138753,3室2厅|整租|精装修|低层(共6层),已爬取
619,奥林匹克花园,868046,https://jh.zu.anjuke.com/fangyuan/3685559212335105,3室2厅|整租|精装修|高层(共6层),已爬取
620,奥林匹克花园,868046,https://jh.zu.anjuke.com/fangyuan/4478022876900360,3室2厅|整租|精装修|共5层,已爬取
621,奥林匹克花园,868046,https://jh.zu.anjuke.com/fangyuan/4506028681059338,3室2厅|整租|豪华装修|低层(共6层),已爬取
622,奥林匹克花园,868046,https://jh.zu.anjuke.com/fangyuan/4633581175170058,3室2厅|整租|精装修|中层(共6层),已爬取
623,奥林匹克花园,868046,https://jh.zu.anjuke.com/fangyuan/4197424855849994,3室2厅|整租|精装修|低层(共6层),已爬取
624,奥林匹克花园,868046,https://jh.zu.anjuke.com/fangyuan/4632249537569805,3室2厅|整租|精装修|中层(共6层),已爬取
625,奥林匹克花园,868046,https://jh.zu.anjuke.com/fangyuan/4632279963659275,3室2厅|整租|精装修|中层(共6层),已爬取
626,心怡家园,864638,https://jh.zu.anjuke.com/fangyuan/4618187616707586,3室2厅|整租|精装修|共1层,已爬取
627,心怡家园,864638,https://jh.zu.anjuke.com/fangyuan/4535772060412928,3室2厅|整租|精装修|中层(共7层),已爬取
628,心怡家园,864638,https://jh.zu.anjuke.com/fangyuan/4629565621988364,3室2厅|整租|简单装修|中层(共6层),已爬取
629,心怡家园,864638,https://jh.zu.anjuke.com/fangyuan/4497844129672195,3室2厅|整租|精装修|低层(共7层),已爬取
630,中梁首府,969331,https://jh.zu.anjuke.com/fangyuan/4589500395068417,2室2厅|整租|豪华装修|高层(共18层),已爬取
631,中梁首府,969331,https://jh.zu.anjuke.com/fangyuan/4605327832556553,2室1厅|整租|精装修|低层(共18层),已爬取
632,中梁首府,969331,https://jh.zu.anjuke.com/fangyuan/4299679003811841,1室1厅|整租|豪华装修|中层(共10层),已爬取
633,中梁首府,969331,https://jh.zu.anjuke.com/fangyuan/4605334290295812,2室1厅|整租|精装修|高层(共18层),已爬取
634,中梁首府,969331,https://jh.zu.anjuke.com/fangyuan/4492574333709317,2室1厅|整租|精装修|高层(共17层),已爬取
635,中梁首府,969331,https://jh.zu.anjuke.com/fangyuan/4557286511551498,1室0厅|整租|豪华装修|中层(共9层),已爬取
636,中梁首府,969331,https://jh.zu.anjuke.com/fangyuan/4618268201561096,2室2厅|整租|精装修|中层(共14层),已爬取
637,中梁首府,969331,https://jh.zu.anjuke.com/fangyuan/4603775708079115,2室2厅|整租|精装修|高层(共15层),已爬取
638,中梁首府,969331,https://jh.zu.anjuke.com/fangyuan/4585165825008653,2室2厅|整租|豪华装修|高层(共15层),已爬取
639,中梁首府,969331,https://jh.zu.anjuke.com/fangyuan/3371429919333388,2室1厅|整租|豪华装修|中层(共18层),已爬取
640,都市郦景园,910643,https://jh.zu.anjuke.com/fangyuan/4572815166546957,2室2厅|整租|精装修|中层(共13层),已爬取
641,都市郦景园,910643,https://jh.zu.anjuke.com/fangyuan/4617798250322952,3室2厅|整租|简单装修|高层(共16层),已爬取
642,都市郦景园,910643,https://jh.zu.anjuke.com/fangyuan/4585524119380995,3室2厅|整租|精装修|高层(共18层),已爬取
643,都市郦景园,910643,https://jh.zu.anjuke.com/fangyuan/4463727212108808,2室2厅|整租|精装修|高层(共15层),已爬取
644,都市郦景园,910643,https://jh.zu.anjuke.com/fangyuan/4519150082632710,1室1厅|整租|精装修|高层(共6层),已爬取
645,新城云昱,1062459,https://jh.zu.anjuke.com/fangyuan/4519162211638284,4室2厅|整租|精装修|中层(共17层),已爬取
646,新城云昱,1062459,https://jh.zu.anjuke.com/fangyuan/4586822758734856,4室2厅|整租|精装修|高层(共18层),已爬取
647,新城云昱,1062459,https://jh.zu.anjuke.com/fangyuan/4067163070540808,3室2厅|整租|豪华装修|高层(共16层),已爬取
648,新城云昱,1062459,https://jh.zu.anjuke.com/fangyuan/4572307059074054,3室2厅|整租|精装修|高层(共18层),已爬取
649,新城云昱,1062459,https://jh.zu.anjuke.com/fangyuan/3784240214912002,3室2厅|整租|简单装修|中层(共18层),已爬取
650,新城云昱,1062459,https://jh.zu.anjuke.com/fangyuan/4538750611663875,3室2厅|整租|精装修|中层(共17层),已爬取
651,新城云昱,1062459,https://jh.zu.anjuke.com/fangyuan/4598299792743425,3室2厅|整租|精装修|中层(共18层),已爬取
652,新城云昱,1062459,https://jh.zu.anjuke.com/fangyuan/2767744575843334,3室2厅|整租|豪华装修|中层(共26层),已爬取
653,新城云昱,1062459,https://jh.zu.anjuke.com/fangyuan/4580135153019917,3室2厅|整租|精装修|中层(共18层),已爬取
654,新城云昱,1062459,https://jh.zu.anjuke.com/fangyuan/3972870598306816,3室2厅|整租|精装修|高层(共30层),已爬取
655,和兴艺海花城,868161,https://jh.zu.anjuke.com/fangyuan/4506349075014660,6室4厅|整租|豪华装修|高层(共30层),已爬取
656,和兴艺海花城,868161,https://jh.zu.anjuke.com/fangyuan/4506124407118861,6室3厅|整租|豪华装修|高层(共30层),已爬取
657,和兴艺海花城,868161,https://jh.zu.anjuke.com/fangyuan/4420091166256142,10室4厅|整租|精装修|共1层,已爬取
658,和兴艺海花城,868161,https://jh.zu.anjuke.com/fangyuan/4506249622658060,6室4厅|整租|豪华装修|高层(共31层),已爬取
659,冠达东方兰庭,864617,https://jh.zu.anjuke.com/fangyuan/4112666196697095,3室2厅|整租|豪华装修|中层(共6层),已爬取
660,冠达东方兰庭,864617,https://jh.zu.anjuke.com/fangyuan/4633845515361285,1室1厅|整租|精装修|低层(共6层),已爬取
661,冠达东方兰庭,864617,https://jh.zu.anjuke.com/fangyuan/4633339432541193,1室1厅|整租|精装修|低层(共6层),已爬取
662,冠达东方兰庭,864617,https://jh.zu.anjuke.com/fangyuan/4633851355143179,1室1厅|整租|精装修|低层(共12层),已爬取
663,冠达东方兰庭,864617,https://jh.zu.anjuke.com/fangyuan/4508859467176965,3室2厅|整租|精装修|高层(共7层),已爬取
664,冠达东方兰庭,864617,https://jh.zu.anjuke.com/fangyuan/4590952900617225,2室2厅|整租|精装修|共5层,已爬取
665,冠达东方兰庭,864617,https://jh.zu.anjuke.com/fangyuan/4510375704927233,3室2厅|整租|精装修|低层(共6层),已爬取
666,世纪花园,872062,https://jh.zu.anjuke.com/fangyuan/3826492982881289,1室1厅|整租|精装修|中层(共6层),已爬取
667,世纪花园,872062,https://jh.zu.anjuke.com/fangyuan/4568908292236293,2室2厅|整租|精装修|中层(共6层),已爬取
668,世纪花园,872062,https://jh.zu.anjuke.com/fangyuan/4537498474814469,2室1厅|整租|豪华装修|低层(共6层),已爬取
669,广天九龙玉府,863084,https://jh.zu.anjuke.com/fangyuan/4578430688732169,3室2厅|整租|精装修|低层(共6层),已爬取
670,广天九龙玉府,863084,https://jh.zu.anjuke.com/fangyuan/4587051066104845,3室2厅|整租|精装修|高层(共18层),已爬取
671,广天九龙玉府,863084,https://jh.zu.anjuke.com/fangyuan/4605351169383428,3室2厅|整租|精装修|高层(共20层),已爬取
672,广天九龙玉府,863084,https://jh.zu.anjuke.com/fangyuan/4624756455070734,3室2厅|整租|精装修|低层(共6层),已爬取
673,广天九龙玉府,863084,https://jh.zu.anjuke.com/fangyuan/4517739780156430,4室2厅|整租|精装修|中层(共20层),已爬取
674,广天九龙玉府,863084,https://jh.zu.anjuke.com/fangyuan/4578256787069952,3室2厅|整租|豪华装修|地下(共1层),已爬取
675,广天九龙玉府,863084,https://jh.zu.anjuke.com/fangyuan/4609483595193356,4室2厅|整租|精装修|高层(共16层),已爬取
676,广天九龙玉府,863084,https://jh.zu.anjuke.com/fangyuan/4442655856354317,3室2厅|整租|精装修|中层(共6层),已爬取
677,广天九龙玉府,863084,https://jh.zu.anjuke.com/fangyuan/4561519753571343,4室2厅|整租|精装修|低层(共18层),已爬取
678,广天九龙玉府,863084,https://jh.zu.anjuke.com/fangyuan/4433940113138693,3室2厅|整租|精装修|中层(共6层),已爬取
679,茂新熙悦府,1081307,https://jh.zu.anjuke.com/fangyuan/4630635391839242,3室2厅|整租|精装修|高层(共11层),已爬取
680,茂新熙悦府,1081307,https://jh.zu.anjuke.com/fangyuan/4538735782257675,2室2厅|整租|豪华装修|高层(共11层),已爬取
681,茂新熙悦府,1081307,https://jh.zu.anjuke.com/fangyuan/4538767772838923,2室1厅|整租|精装修|高层(共11层),已爬取
682,茂新熙悦府,1081307,https://jh.zu.anjuke.com/fangyuan/4538778471801866,2室1厅|整租|豪华装修|高层(共11层),已爬取
683,茂新熙悦府,1081307,https://jh.zu.anjuke.com/fangyuan/4616441285319688,3室2厅|整租|豪华装修|高层(共11层),已爬取
684,泰地金水湾,874069,https://jh.zu.anjuke.com/fangyuan/4630684339463173,3室2厅|整租|豪华装修|高层(共17层),已爬取
685,泰地金水湾,874069,https://jh.zu.anjuke.com/fangyuan/4507958931631110,2室2厅|整租|豪华装修|高层(共18层),已爬取
686,泰地金水湾,874069,https://jh.zu.anjuke.com/fangyuan/4221868976906255,3室2厅|整租|简单装修|中层(共16层),已爬取
687,泰地金水湾,874069,https://jh.zu.anjuke.com/fangyuan/3782646172360704,4室2厅|整租|豪华装修|低层(共10层),已爬取
688,泰地金水湾,874069,https://jh.zu.anjuke.com/fangyuan/4623600913787917,3室2厅|整租|精装修|高层(共17层),已爬取
689,泰地金水湾,874069,https://jh.zu.anjuke.com/fangyuan/4581238508020746,3室2厅|整租|豪华装修|中层(共17层),已爬取
690,泰地金水湾,874069,https://jh.zu.anjuke.com/fangyuan/4344875166215178,2室2厅|整租|精装修|高层(共18层),已爬取
691,泰地金水湾,874069,https://jh.zu.anjuke.com/fangyuan/4631393143858180,3室2厅|整租|豪华装修|中层(共17层),已爬取
692,泰地金水湾,874069,https://jh.zu.anjuke.com/fangyuan/3882108270701581,2室1厅|整租|豪华装修|高层(共19层),已爬取
693,泰地金水湾,874069,https://jh.zu.anjuke.com/fangyuan/4567452225496076,2室2厅|整租|精装修|高层(共18层),已爬取
694,宁兴锦江华庭,863275,https://jh.zu.anjuke.com/fangyuan/4617829580563457,4室2厅|整租|精装修|中层(共18层),已爬取
695,宁兴锦江华庭,863275,https://jh.zu.anjuke.com/fangyuan/4589592176290823,4室2厅|整租|豪华装修|中层(共19层),已爬取
696,宁兴锦江华庭,863275,https://jh.zu.anjuke.com/fangyuan/4617837318396943,4室2厅|整租|豪华装修|中层(共16层),已爬取
697,宁兴锦江华庭,863275,https://jh.zu.anjuke.com/fangyuan/4555666495167495,4室2厅|整租|精装修|高层(共11层),已爬取
698,宁兴锦江华庭,863275,https://jh.zu.anjuke.com/fangyuan/4617829066284037,4室1厅|整租|精装修|中层(共20层),已爬取
699,宁兴锦江华庭,863275,https://jh.zu.anjuke.com/fangyuan/4603637446126603,4室2厅|整租|精装修|中层(共15层),已爬取
700,宁兴锦江华庭,863275,https://jh.zu.anjuke.com/fangyuan/4524680585964555,4室2厅|整租|豪华装修|高层(共9层),已爬取
701,宁兴锦江华庭,863275,https://jh.zu.anjuke.com/fangyuan/4571261589236751,4室2厅|整租|精装修|中层(共17层),已爬取
702,宁兴锦江华庭,863275,https://jh.zu.anjuke.com/fangyuan/4591158388696069,3室2厅|整租|精装修|高层(共16层),已爬取
703,宁兴锦江华庭,863275,https://jh.zu.anjuke.com/fangyuan/4571781859124228,4室2厅|整租|精装修|中层(共11层),已爬取
704,华庭常青墅,863087,https://jh.zu.anjuke.com/fangyuan/4484997310161925,2室2厅|整租|精装修|低层(共7层),已爬取
705,华庭常青墅,863087,https://jh.zu.anjuke.com/fangyuan/4572687649565698,2室2厅|整租|精装修|中层(共18层),已爬取
706,华庭常青墅,863087,https://jh.zu.anjuke.com/fangyuan/4574112215311368,2室2厅|整租|精装修|高层(共18层),已爬取
707,华庭常青墅,863087,https://jh.zu.anjuke.com/fangyuan/4568505957231622,2室2厅|整租|豪华装修|中层(共18层),已爬取
708,华庭常青墅,863087,https://jh.zu.anjuke.com/fangyuan/4618646759775234,2室2厅|整租|精装修|中层(共20层),已爬取
709,香格里拉城市花园,863267,https://jh.zu.anjuke.com/fangyuan/4633827591938063,3室2厅|整租|精装修|低层(共6层),已爬取
710,香格里拉城市花园,863267,https://jh.zu.anjuke.com/fangyuan/3528226068127757,1室0厅|整租|精装修|低层(共6层),已爬取
711,香格里拉城市花园,863267,https://jh.zu.anjuke.com/fangyuan/4588445585646595,3室2厅|整租|豪华装修|高层(共12层),已爬取
712,香格里拉城市花园,863267,https://jh.zu.anjuke.com/fangyuan/2582745242311694,1室0厅|整租|精装修|共5层,已爬取
713,香格里拉城市花园,863267,https://jh.zu.anjuke.com/fangyuan/4548675907759104,4室2厅|整租|豪华装修|高层(共11层),已爬取
714,香格里拉城市花园,863267,https://jh.zu.anjuke.com/fangyuan/4467137484235778,4室2厅|整租|精装修|中层(共7层),已爬取
715,香格里拉城市花园,863267,https://jh.zu.anjuke.com/fangyuan/4631514331685901,3室2厅|整租|豪华装修|低层(共12层),已爬取
716,香格里拉城市花园,863267,https://jh.zu.anjuke.com/fangyuan/4597096051137543,3室2厅|整租|精装修|低层(共22层),已爬取
717,香格里拉城市花园,863267,https://jh.zu.anjuke.com/fangyuan/4574119627416583,2室2厅|整租|豪华装修|中层(共28层),已爬取
718,香格里拉城市花园,863267,https://jh.zu.anjuke.com/fangyuan/4472664842578948,3室2厅|整租|精装修|低层(共16层),已爬取
719,东市尚品,873073,https://jh.zu.anjuke.com/fangyuan/4518866131741706,2室2厅|整租|精装修|中层(共10层),已爬取
720,东市尚品,873073,https://jh.zu.anjuke.com/fangyuan/4532861876825099,2室2厅|整租|精装修|中层(共8层),已爬取
721,东市尚品,873073,https://jh.zu.anjuke.com/fangyuan/4487678577482758,2室2厅|整租|精装修|中层(共10层),已爬取
722,东市尚品,873073,https://jh.zu.anjuke.com/fangyuan/4619388686494729,3室2厅|整租|精装修|低层(共10层),已爬取
723,新纪元臻园,1046428,https://jh.zu.anjuke.com/fangyuan/4623894573571085,3室2厅|整租|豪华装修|中层(共6层),已爬取
724,新纪元臻园,1046428,https://jh.zu.anjuke.com/fangyuan/4592373341613071,3室2厅|整租|豪华装修|中层(共7层),已爬取
725,新纪元臻园,1046428,https://jh.zu.anjuke.com/fangyuan/4606648175094798,3室2厅|合租|精装修|高层(共6层),已爬取
726,新纪元臻园,1046428,https://jh.zu.anjuke.com/fangyuan/4592795967417344,3室2厅|整租|豪华装修|中层(共6层),已爬取
727,新纪元臻园,1046428,https://jh.zu.anjuke.com/fangyuan/4598351201952783,4室2厅|整租|豪华装修|中层(共6层),已爬取
728,新纪元臻园,1046428,https://jh.zu.anjuke.com/fangyuan/4595607054066696,3室2厅|整租|豪华装修|中层(共7层),已爬取
729,新纪元臻园,1046428,https://jh.zu.anjuke.com/fangyuan/4595612040258570,3室2厅|整租|精装修|高层(共7层),已爬取
730,新纪元臻园,1046428,https://jh.zu.anjuke.com/fangyuan/4627913829850124,3室2厅|整租|精装修|中层(共7层),已爬取
731,新纪元臻园,1046428,https://jh.zu.anjuke.com/fangyuan/4596822782845957,3室2厅|整租|豪华装修|中层(共7层),已爬取
732,华电新村,912058,https://jh.zu.anjuke.com/fangyuan/4605103695406088,2室1厅|整租|精装修|中层(共6层),已爬取
733,苏桂院(一期),1030082,https://jh.zu.anjuke.com/fangyuan/4604118039094272,1室1厅|整租|精装修|中层(共13层),已爬取
734,苏桂院(一期),1030082,https://jh.zu.anjuke.com/fangyuan/4629632097299466,1室1厅|整租|精装修|中层(共14层),已爬取
735,苏桂院(一期),1030082,https://jh.zu.anjuke.com/fangyuan/4550081684741129,2室2厅|整租|豪华装修|高层(共18层),已爬取
736,苏桂院(一期),1030082,https://jh.zu.anjuke.com/fangyuan/4509098449017869,1室1厅|整租|豪华装修|中层(共19层),已爬取
737,苏桂院(一期),1030082,https://jh.zu.anjuke.com/fangyuan/4592752891407360,1室1厅|整租|精装修|中层(共14层),已爬取
738,苏桂院(一期),1030082,https://jh.zu.anjuke.com/fangyuan/4110997058857992,1室1厅|整租|精装修|中层(共22层),已爬取
739,苏桂院(一期),1030082,https://jh.zu.anjuke.com/fangyuan/4629319739857929,1室1厅|整租|豪华装修|中层(共14层),已爬取
740,苏桂院(一期),1030082,https://jh.zu.anjuke.com/fangyuan/4364483112230923,1室1厅|整租|精装修|高层(共19层),已爬取
741,苏桂院(一期),1030082,https://jh.zu.anjuke.com/fangyuan/4588461746742285,1室1厅|整租|精装修|中层(共13层),已爬取
742,苏桂院(一期),1030082,https://jh.zu.anjuke.com/fangyuan/4469462454871055,2室2厅|整租|精装修|高层(共12层),已爬取
743,市园丁新村,712034,https://jh.zu.anjuke.com/fangyuan/4511659620705285,2室2厅|整租|精装修|中层(共6层),已爬取
744,市园丁新村,712034,https://jh.zu.anjuke.com/fangyuan/4607942890298383,2室2厅|整租|精装修|中层(共6层),已爬取
745,市园丁新村,712034,https://jh.zu.anjuke.com/fangyuan/4422724205243392,3室2厅|整租|精装修|高层(共6层),已爬取
746,市园丁新村,712034,https://jh.zu.anjuke.com/fangyuan/4533093509078031,2室1厅|整租|精装修|高层(共6层),已爬取
747,市园丁新村,712034,https://jh.zu.anjuke.com/fangyuan/4510508638694408,2室2厅|整租|豪华装修|高层(共6层),已爬取
748,市园丁新村,712034,https://jh.zu.anjuke.com/fangyuan/4595542794034179,2室2厅|整租|精装修|中层(共6层),已爬取
749,市园丁新村,712034,https://jh.zu.anjuke.com/fangyuan/4607888848563202,2室2厅|整租|精装修|低层(共6层),已爬取
750,市园丁新村,712034,https://jh.zu.anjuke.com/fangyuan/4544176076139535,2室2厅|整租|精装修|低层(共6层),已爬取
751,市园丁新村,712034,https://jh.zu.anjuke.com/fangyuan/4405638219602957,2室2厅|整租|精装修|中层(共6层),已爬取
752,市园丁新村,712034,https://jh.zu.anjuke.com/fangyuan/4422685522222083,2室2厅|整租|精装修|中层(共6层),已爬取
753,海德公园A区,969470,https://jh.zu.anjuke.com/fangyuan/4121186916818953,2室2厅|整租|精装修|低层(共18层),已爬取
754,海德公园A区,969470,https://jh.zu.anjuke.com/fangyuan/4588186349628424,3室2厅|整租|精装修|低层(共26层),已爬取
755,海德公园A区,969470,https://jh.zu.anjuke.com/fangyuan/4629479829218317,3室2厅|整租|精装修|中层(共13层),已爬取
756,海德公园A区,969470,https://jh.zu.anjuke.com/fangyuan/4621202775092237,2室2厅|整租|精装修|低层(共18层),已爬取
757,海德公园A区,969470,https://jh.zu.anjuke.com/fangyuan/4590037917297667,4室2厅|整租|精装修|中层(共29层),已爬取
758,海德公园A区,969470,https://jh.zu.anjuke.com/fangyuan/4618046142426122,3室2厅|整租|精装修|低层(共28层),已爬取
759,海德公园A区,969470,https://jh.zu.anjuke.com/fangyuan/4510544893860870,4室2厅|整租|精装修|中层(共28层),已爬取
760,海德公园A区,969470,https://jh.zu.anjuke.com/fangyuan/4379989497048066,3室2厅|整租|精装修|中层(共25层),已爬取
761,海德公园A区,969470,https://jh.zu.anjuke.com/fangyuan/4577067531574280,4室2厅|整租|精装修|高层(共28层),已爬取
762,海德公园A区,969470,https://jh.zu.anjuke.com/fangyuan/4564276007363594,4室2厅|整租|精装修|中层(共31层),已爬取
763,世贸华庭,871948,https://jh.zu.anjuke.com/fangyuan/4622071815873544,3室2厅|整租|豪华装修|中层(共30层),已爬取
764,世贸华庭,871948,https://jh.zu.anjuke.com/fangyuan/4601427385082891,3室2厅|整租|精装修|高层(共28层),已爬取
765,世贸华庭,871948,https://jh.zu.anjuke.com/fangyuan/4578542944857092,3室2厅|整租|精装修|低层(共32层),已爬取
766,世贸华庭,871948,https://jh.zu.anjuke.com/fangyuan/4621212892142600,3室2厅|整租|精装修|高层(共32层),已爬取
767,世贸华庭,871948,https://jh.zu.anjuke.com/fangyuan/4621225570198542,3室2厅|整租|精装修|中层(共32层),已爬取
768,世贸华庭,871948,https://jh.zu.anjuke.com/fangyuan/4383157272175626,3室2厅|整租|精装修|中层(共29层),已爬取
769,世贸华庭,871948,https://jh.zu.anjuke.com/fangyuan/4527593226265609,3室2厅|整租|精装修|高层(共32层),已爬取
770,世贸华庭,871948,https://jh.zu.anjuke.com/fangyuan/4509181944292352,3室2厅|整租|精装修|低层(共25层),已爬取
771,世贸华庭,871948,https://jh.zu.anjuke.com/fangyuan/4386186675170319,1室0厅|整租|精装修|低层(共6层),已爬取
772,世贸华庭,871948,https://jh.zu.anjuke.com/fangyuan/4482740404612104,3室2厅|整租|精装修|中层(共17层),已爬取
773,瀚悦府,1008071,https://jh.zu.anjuke.com/fangyuan/4614333305658368,2室2厅|整租|精装修|高层(共26层),已爬取
774,清风隽府,872798,https://jh.zu.anjuke.com/fangyuan/4494827668315137,4室2厅|整租|精装修|低层(共10层),已爬取
775,广天绿城花园,863059,https://jh.zu.anjuke.com/fangyuan/4623748735624193,2室2厅|整租|精装修|中层(共7层),已爬取
776,广天绿城花园,863059,https://jh.zu.anjuke.com/fangyuan/4630900961799178,2室2厅|整租|精装修|中层(共6层),已爬取
777,广天绿城花园,863059,https://jh.zu.anjuke.com/fangyuan/4624905990054922,2室2厅|整租|精装修|低层(共6层),已爬取
778,广天绿城花园,863059,https://jh.zu.anjuke.com/fangyuan/4622565842344965,2室2厅|整租|精装修|中层(共6层),已爬取
779,广天绿城花园,863059,https://jh.zu.anjuke.com/fangyuan/4486460769967117,2室2厅|整租|精装修|低层(共6层),已爬取
780,广天绿城花园,863059,https://jh.zu.anjuke.com/fangyuan/4419785696402438,3室2厅|整租|精装修|高层(共6层),已爬取
781,广天绿城花园,863059,https://jh.zu.anjuke.com/fangyuan/4616409387639808,2室2厅|整租|精装修|中层(共7层),已爬取
782,广天绿城花园,863059,https://jh.zu.anjuke.com/fangyuan/4622563068421129,2室2厅|整租|精装修|中层(共6层),已爬取
783,广天绿城花园,863059,https://jh.zu.anjuke.com/fangyuan/4623508823825415,2室2厅|整租|精装修|中层(共6层),已爬取
784,广天绿城花园,863059,https://jh.zu.anjuke.com/fangyuan/4595412273077254,2室2厅|整租|精装修|中层(共6层),已爬取
785,冠达满庭芳,712080,https://jh.zu.anjuke.com/fangyuan/4601356552870915,2室2厅|整租|豪华装修|低层(共6层),已爬取
786,冠达满庭芳,712080,https://jh.zu.anjuke.com/fangyuan/4496307208465414,3室2厅|整租|精装修|中层(共12层),已爬取
787,冠达满庭芳,712080,https://jh.zu.anjuke.com/fangyuan/4541326351784972,2室2厅|整租|豪华装修|中层(共6层),已爬取
788,冠达满庭芳,712080,https://jh.zu.anjuke.com/fangyuan/4602363411983373,2室2厅|整租|精装修|低层(共6层),已爬取
789,冠达满庭芳,712080,https://jh.zu.anjuke.com/fangyuan/4623539473312773,3室2厅|整租|精装修|中层(共11层),已爬取
790,冠达满庭芳,712080,https://jh.zu.anjuke.com/fangyuan/4214877709659139,3室2厅|整租|豪华装修|中层(共9层),已爬取
791,冠达满庭芳,712080,https://jh.zu.anjuke.com/fangyuan/4541609764887560,2室2厅|整租|精装修|中层(共11层),已爬取
792,冠达满庭芳,712080,https://jh.zu.anjuke.com/fangyuan/4583979358628874,2室2厅|整租|精装修|低层(共6层),已爬取
793,冠达满庭芳,712080,https://jh.zu.anjuke.com/fangyuan/4581227936015369,2室2厅|整租|精装修|中层(共6层),已爬取
794,冠达满庭芳,712080,https://jh.zu.anjuke.com/fangyuan/4530432514284551,1室1厅|整租|精装修|共5层,已爬取
795,德尚华庭,863773,https://jh.zu.anjuke.com/fangyuan/4623498842512386,3室2厅|整租|精装修|中层(共17层),已爬取
796,德尚华庭,863773,https://jh.zu.anjuke.com/fangyuan/4483681099537415,3室1厅|整租|精装修|中层(共18层),已爬取
797,德尚华庭,863773,https://jh.zu.anjuke.com/fangyuan/4484812991147016,1室0厅|整租|精装修|低层(共15层),已爬取
798,德尚华庭,863773,https://jh.zu.anjuke.com/fangyuan/4609226504514574,3室2厅|整租|精装修|低层(共6层),已爬取
799,德尚华庭,863773,https://jh.zu.anjuke.com/fangyuan/4485085636566020,3室2厅|整租|豪华装修|中层(共20层),已爬取
800,德尚华庭,863773,https://jh.zu.anjuke.com/fangyuan/4618069505829903,1室1厅|整租|精装修|低层(共9层),已爬取
801,德尚华庭,863773,https://jh.zu.anjuke.com/fangyuan/4606724150223881,3室2厅|整租|精装修|低层(共20层),已爬取
802,德尚华庭,863773,https://jh.zu.anjuke.com/fangyuan/4616597567446017,1室1厅|整租|精装修|低层(共20层),已爬取
803,德尚华庭,863773,https://jh.zu.anjuke.com/fangyuan/4619365890124807,1室1厅|整租|精装修|低层(共26层),已爬取
804,德尚华庭,863773,https://jh.zu.anjuke.com/fangyuan/4616813480487950,1室0厅|整租|精装修|低层(共10层),已爬取
805,柳湖花园,871478,https://jh.zu.anjuke.com/fangyuan/4583846966238208,4室2厅|整租|精装修|中层(共6层),已爬取
806,柳湖花园,871478,https://jh.zu.anjuke.com/fangyuan/4586667430075405,4室2厅|整租|精装修|中层(共6层),已爬取
807,柳湖花园,871478,https://jh.zu.anjuke.com/fangyuan/4495007603731459,3室2厅|整租|豪华装修|低层(共15层),已爬取
808,柳湖花园,871478,https://jh.zu.anjuke.com/fangyuan/4104082642775042,3室2厅|整租|精装修|低层(共6层),已爬取
809,柳湖花园,871478,https://jh.zu.anjuke.com/fangyuan/4547651624688651,3室2厅|整租|豪华装修|中层(共6层),已爬取
810,柳湖花园,871478,https://jh.zu.anjuke.com/fangyuan/4048732504960015,1室1厅|整租|精装修|低层(共6层),已爬取
811,柳湖花园,871478,https://jh.zu.anjuke.com/fangyuan/4582673834599428,4室2厅|整租|精装修|中层(共6层),已爬取
812,柳湖花园,871478,https://jh.zu.anjuke.com/fangyuan/4576578665896969,2室2厅|整租|精装修|高层(共6层),已爬取
813,柳湖花园,871478,https://jh.zu.anjuke.com/fangyuan/4356118059016204,3室2厅|整租|精装修|中层(共6层),已爬取
814,柳湖花园,871478,https://jh.zu.anjuke.com/fangyuan/4586909554748416,3室2厅|整租|精装修|中层(共6层),已爬取
815,永盛新阳光,712108,https://jh.zu.anjuke.com/fangyuan/4543162592156672,1室1厅|整租|豪华装修|低层(共16层),已爬取
816,永盛新阳光,712108,https://jh.zu.anjuke.com/fangyuan/4551373399745542,1室1厅|整租|精装修|中层(共17层),已爬取
817,永盛新阳光,712108,https://jh.zu.anjuke.com/fangyuan/4390100495049732,2室2厅|整租|精装修|中层(共6层),已爬取
818,永盛新阳光,712108,https://jh.zu.anjuke.com/fangyuan/4592295944936454,1室1厅|整租|精装修|低层(共17层),已爬取
819,永盛新阳光,712108,https://jh.zu.anjuke.com/fangyuan/4468179934276617,2室1厅|整租|精装修|高层(共16层),已爬取
820,永盛新阳光,712108,https://jh.zu.anjuke.com/fangyuan/4554058243234819,1室1厅|整租|精装修|中层(共17层),已爬取
821,永盛新阳光,712108,https://jh.zu.anjuke.com/fangyuan/4513579883389959,1室1厅|整租|精装修|中层(共17层),已爬取
822,永盛新阳光,712108,https://jh.zu.anjuke.com/fangyuan/4551776231959552,1室1厅|整租|精装修|低层(共17层),已爬取
823,永盛新阳光,712108,https://jh.zu.anjuke.com/fangyuan/4596897935551503,2室2厅|整租|精装修|高层(共18层),已爬取
824,永盛新阳光,712108,https://jh.zu.anjuke.com/fangyuan/4613863546870799,2室2厅|整租|豪华装修|高层(共17层),已爬取
825,龙山一品,871951,https://jh.zu.anjuke.com/fangyuan/4591188931224580,1室1厅|整租|精装修|共5层,已爬取
826,龙山一品,871951,https://jh.zu.anjuke.com/fangyuan/4631962710584327,1室1厅|整租|精装修|高层(共27层),已爬取
827,龙山一品,871951,https://jh.zu.anjuke.com/fangyuan/4630498762187782,4室2厅|整租|精装修|低层(共18层),已爬取
828,龙山一品,871951,https://jh.zu.anjuke.com/fangyuan/4631935336721414,4室2厅|整租|精装修|高层(共13层),已爬取
829,龙山一品,871951,https://jh.zu.anjuke.com/fangyuan/4632269623188487,1室1厅|整租|精装修|高层(共24层),已爬取
830,龙山一品,871951,https://jh.zu.anjuke.com/fangyuan/4573973536547850,4室2厅|整租|精装修|中层(共29层),已爬取
831,龙山一品,871951,https://jh.zu.anjuke.com/fangyuan/4602532200719369,1室1厅|整租|精装修|高层(共26层),已爬取
832,龙山一品,871951,https://jh.zu.anjuke.com/fangyuan/4609557662819341,3室2厅|整租|精装修|高层(共17层),已爬取
833,龙山一品,871951,https://jh.zu.anjuke.com/fangyuan/4580987292083207,3室2厅|整租|精装修|中层(共29层),已爬取
834,龙山一品,871951,https://jh.zu.anjuke.com/fangyuan/4624813347527681,1室1厅|整租|精装修|高层(共28层),已爬取
835,锦绣天成,712130,https://jh.zu.anjuke.com/fangyuan/4515886925655043,3室2厅|整租|精装修|低层(共6层),已爬取
836,锦绣天成,712130,https://jh.zu.anjuke.com/fangyuan/4481944344964109,4室2厅|整租|豪华装修|高层(共11层),已爬取
837,锦绣天成,712130,https://jh.zu.anjuke.com/fangyuan/4524358740962305,3室2厅|整租|精装修|中层(共6层),已爬取
838,锦绣天成,712130,https://jh.zu.anjuke.com/fangyuan/4538938461006860,1室1厅|整租|精装修|中层(共11层),已爬取
839,锦绣天成,712130,https://jh.zu.anjuke.com/fangyuan/4015047209393161,1室1厅|整租|精装修|共3层,已爬取
840,锦绣天成,712130,https://jh.zu.anjuke.com/fangyuan/4013593150365706,1室1厅|整租|精装修|共3层,已爬取
841,环球春江花园,872128,https://jh.zu.anjuke.com/fangyuan/4572790401674252,3室2厅|整租|精装修|低层(共6层),已爬取
842,环球春江花园,872128,https://jh.zu.anjuke.com/fangyuan/4570230508448769,3室2厅|整租|豪华装修|中层(共16层),已爬取
843,环球春江花园,872128,https://jh.zu.anjuke.com/fangyuan/4558373081984004,3室2厅|整租|豪华装修|低层(共6层),已爬取
844,中天公元诚品,1076091,https://jh.zu.anjuke.com/fangyuan/4578250030621710,3室2厅|整租|精装修|高层(共17层),已爬取
845,中天公元诚品,1076091,https://jh.zu.anjuke.com/fangyuan/4563985760412686,3室2厅|整租|精装修|中层(共17层),已爬取
846,中天公元诚品,1076091,https://jh.zu.anjuke.com/fangyuan/4434009402057737,3室2厅|整租|精装修|高层(共17层),已爬取
847,中天公元诚品,1076091,https://jh.zu.anjuke.com/fangyuan/3946982684273669,3室2厅|整租|精装修|低层(共15层),已爬取
848,中天公元诚品,1076091,https://jh.zu.anjuke.com/fangyuan/3293010753625098,3室2厅|整租|精装修|低层(共15层),已爬取
849,中天公元诚品,1076091,https://jh.zu.anjuke.com/fangyuan/4623494877649929,3室2厅|整租|精装修|高层(共17层),已爬取
850,中天公元诚品,1076091,https://jh.zu.anjuke.com/fangyuan/4492404998958086,3室2厅|整租|精装修|低层(共14层),已爬取
851,中天公元诚品,1076091,https://jh.zu.anjuke.com/fangyuan/4173373119437828,3室2厅|整租|精装修|中层(共15层),已爬取
852,中天公元诚品,1076091,https://jh.zu.anjuke.com/fangyuan/3971182131502084,3室2厅|整租|豪华装修|低层(共16层),已爬取
853,中天公元诚品,1076091,https://jh.zu.anjuke.com/fangyuan/4589826859049989,3室2厅|整租|精装修|高层(共10层),已爬取
854,东华家园(北区),872999,https://jh.zu.anjuke.com/fangyuan/4595195480779790,3室2厅|整租|精装修|共5层,已爬取
855,东华家园(北区),872999,https://jh.zu.anjuke.com/fangyuan/4623691442564111,4室2厅|整租|精装修|高层(共18层),已爬取
856,东华家园(北区),872999,https://jh.zu.anjuke.com/fangyuan/4159395368591367,3室2厅|整租|精装修|中层(共6层),已爬取
857,东华家园(北区),872999,https://jh.zu.anjuke.com/fangyuan/4054423932902406,3室2厅|整租|精装修|中层(共6层),已爬取
858,东华家园(北区),872999,https://jh.zu.anjuke.com/fangyuan/4610737928774662,3室2厅|整租|精装修|高层(共18层),已爬取
859,东华家园(北区),872999,https://jh.zu.anjuke.com/fangyuan/4597926187738121,3室3厅|整租|豪华装修|高层(共18层),已爬取
860,东华家园(北区),872999,https://jh.zu.anjuke.com/fangyuan/4570109144849408,3室2厅|整租|简单装修|中层(共17层),已爬取
861,东华家园(北区),872999,https://jh.zu.anjuke.com/fangyuan/4596863490335755,3室2厅|整租|精装修|中层(共6层),已爬取
862,东华家园(北区),872999,https://jh.zu.anjuke.com/fangyuan/4623693251306498,4室2厅|整租|精装修|高层(共19层),已爬取
863,东华家园(北区),872999,https://jh.zu.anjuke.com/fangyuan/4599783220927492,3室2厅|整租|精装修|高层(共18层),已爬取
864,四季尊域,864316,https://jh.zu.anjuke.com/fangyuan/4511913455903746,3室2厅|整租|豪华装修|高层(共25层),已爬取
865,四季尊域,864316,https://jh.zu.anjuke.com/fangyuan/4572748996174852,3室2厅|整租|精装修|低层(共18层),已爬取
866,四季尊域,864316,https://jh.zu.anjuke.com/fangyuan/4572716599878669,3室2厅|整租|精装修|高层(共23层),已爬取
867,四季尊域,864316,https://jh.zu.anjuke.com/fangyuan/4604130060000257,3室2厅|整租|精装修|低层(共22层),已爬取
868,龙域天城,863252,https://jh.zu.anjuke.com/fangyuan/4591246111155209,3室2厅|整租|精装修|高层(共16层),已爬取
869,龙域天城,863252,https://jh.zu.anjuke.com/fangyuan/4628291785630723,3室2厅|整租|精装修|低层(共12层),已爬取
870,龙域天城,863252,https://jh.zu.anjuke.com/fangyuan/4608068533445637,2室1厅|整租|精装修|中层(共16层),已爬取
871,龙域天城,863252,https://jh.zu.anjuke.com/fangyuan/4500458603242511,4室3厅|整租|豪华装修|高层(共12层),已爬取
872,龙域天城,863252,https://jh.zu.anjuke.com/fangyuan/4480647769037834,2室2厅|整租|豪华装修|高层(共7层),已爬取
873,龙域天城,863252,https://jh.zu.anjuke.com/fangyuan/4507832884438028,3室2厅|整租|精装修|低层(共17层),已爬取
874,龙域天城,863252,https://jh.zu.anjuke.com/fangyuan/4609781083579405,2室1厅|整租|精装修|低层(共14层),已爬取
875,龙域天城,863252,https://jh.zu.anjuke.com/fangyuan/4578420127392780,1室1厅|整租|豪华装修|中层(共23层),已爬取
876,龙域天城,863252,https://jh.zu.anjuke.com/fangyuan/4622317998976005,2室1厅|整租|精装修|低层(共18层),已爬取
877,龙域天城,863252,https://jh.zu.anjuke.com/fangyuan/4503248797819914,4室2厅|整租|豪华装修|高层(共15层),已爬取
878,兰桂院A区,1158533,https://jh.zu.anjuke.com/fangyuan/4631479507770380,2室2厅|整租|豪华装修|中层(共11层),已爬取
879,兰桂院A区,1158533,https://jh.zu.anjuke.com/fangyuan/3869130879773703,2室1厅|整租|精装修|中层(共6层),已爬取
880,兰桂院A区,1158533,https://jh.zu.anjuke.com/fangyuan/4626226880113679,2室2厅|整租|精装修|低层(共11层),已爬取
881,兰桂院A区,1158533,https://jh.zu.anjuke.com/fangyuan/4364518685383684,1室1厅|整租|精装修|高层(共12层),已爬取
882,兰桂院A区,1158533,https://jh.zu.anjuke.com/fangyuan/4617770263454734,3室2厅|整租|精装修|中层(共9层),已爬取
883,兰桂院A区,1158533,https://jh.zu.anjuke.com/fangyuan/4530397814959117,3室2厅|整租|豪华装修|低层(共18层),已爬取
884,兰桂院A区,1158533,https://jh.zu.anjuke.com/fangyuan/4592731495226375,1室1厅|整租|精装修|中层(共18层),已爬取
885,兰桂院A区,1158533,https://jh.zu.anjuke.com/fangyuan/4612801397498886,1室1厅|整租|精装修|中层(共15层),已爬取
886,兰桂院A区,1158533,https://jh.zu.anjuke.com/fangyuan/4631469402385414,2室2厅|整租|豪华装修|低层(共10层),已爬取
887,兰桂院A区,1158533,https://jh.zu.anjuke.com/fangyuan/4623692675408900,2室2厅|整租|豪华装修|低层(共10层),已爬取
888,紫荆苑(婺城),863145,https://jh.zu.anjuke.com/fangyuan/4632449908431877,3室2厅|整租|精装修|低层(共12层),已爬取
889,紫荆苑(婺城),863145,https://jh.zu.anjuke.com/fangyuan/4632610371068931,3室2厅|整租|精装修|中层(共11层),已爬取
890,紫荆苑(婺城),863145,https://jh.zu.anjuke.com/fangyuan/4633369585329163,3室2厅|整租|精装修|中层(共7层),已爬取
891,紫荆苑(婺城),863145,https://jh.zu.anjuke.com/fangyuan/4625120933026830,4室2厅|整租|精装修|中层(共12层),已爬取
892,怡景聚贤庭,868099,https://jh.zu.anjuke.com/fangyuan/4604258004444173,2室1厅|整租|精装修|高层(共20层),已爬取
893,怡景聚贤庭,868099,https://jh.zu.anjuke.com/fangyuan/4624164170931203,2室1厅|整租|精装修|中层(共20层),已爬取
894,怡景聚贤庭,868099,https://jh.zu.anjuke.com/fangyuan/4598736804193284,3室2厅|整租|精装修|中层(共18层),已爬取
895,怡景聚贤庭,868099,https://jh.zu.anjuke.com/fangyuan/4475258032645122,2室1厅|整租|精装修|高层(共20层),已爬取
896,怡景聚贤庭,868099,https://jh.zu.anjuke.com/fangyuan/4614965131697167,3室2厅|整租|精装修|高层(共10层),已爬取
897,怡景聚贤庭,868099,https://jh.zu.anjuke.com/fangyuan/4613780931666950,2室1厅|整租|精装修|高层(共20层),已爬取
898,怡景聚贤庭,868099,https://jh.zu.anjuke.com/fangyuan/4588791403572230,2室1厅|整租|精装修|高层(共20层),已爬取
899,怡景聚贤庭,868099,https://jh.zu.anjuke.com/fangyuan/4327920945486849,2室1厅|整租|精装修|中层(共20层),已爬取
900,怡景聚贤庭,868099,https://jh.zu.anjuke.com/fangyuan/4586925618013190,3室2厅|整租|精装修|高层(共11层),已爬取
901,怡景聚贤庭,868099,https://jh.zu.anjuke.com/fangyuan/4535852148120590,2室1厅|整租|精装修|低层(共20层),已爬取
902,江南明珠(婺城),863258,https://jh.zu.anjuke.com/fangyuan/4535933949586432,2室2厅|整租|精装修|低层(共6层),已爬取
903,江南明珠(婺城),863258,https://jh.zu.anjuke.com/fangyuan/4626634735557640,5室3厅|整租|精装修|高层(共6层),已爬取
904,江南明珠(婺城),863258,https://jh.zu.anjuke.com/fangyuan/4607968410559501,2室2厅|整租|精装修|低层(共6层),已爬取
905,江南明珠(婺城),863258,https://jh.zu.anjuke.com/fangyuan/4493259902983170,2室2厅|整租|精装修|低层(共6层),已爬取
906,江南明珠(婺城),863258,https://jh.zu.anjuke.com/fangyuan/4465296513246217,2室2厅|整租|精装修|低层(共6层),已爬取
907,江南明珠(婺城),863258,https://jh.zu.anjuke.com/fangyuan/4493258153010190,2室2厅|整租|精装修|低层(共6层),已爬取
908,江南明珠(婺城),863258,https://jh.zu.anjuke.com/fangyuan/4554509777071107,1室0厅|整租|精装修|中层(共20层),已爬取
909,信华花园,864284,https://jh.zu.anjuke.com/fangyuan/4578158758847493,2室1厅|整租|精装修|低层(共6层),已爬取
910,信华花园,864284,https://jh.zu.anjuke.com/fangyuan/4610904703441922,2室1厅|整租|豪华装修|中层(共6层),已爬取
911,信华花园,864284,https://jh.zu.anjuke.com/fangyuan/4551562438319117,2室1厅|整租|精装修|中层(共6层),已爬取
912,信华花园,864284,https://jh.zu.anjuke.com/fangyuan/4615000880802830,3室1厅|整租|精装修|中层(共6层),已爬取
913,信华花园,864284,https://jh.zu.anjuke.com/fangyuan/4525758284196877,2室2厅|整租|精装修|低层(共6层),已爬取
914,信华花园,864284,https://jh.zu.anjuke.com/fangyuan/4629343196423172,2室2厅|整租|精装修|中层(共6层),已爬取
915,信华花园,864284,https://jh.zu.anjuke.com/fangyuan/4582748899105799,2室2厅|整租|精装修|高层(共7层),已爬取
916,信华花园,864284,https://jh.zu.anjuke.com/fangyuan/4542797991144461,2室2厅|整租|精装修|中层(共6层),已爬取
917,信华花园,864284,https://jh.zu.anjuke.com/fangyuan/4602699235879948,2室1厅|整租|精装修|低层(共6层),已爬取
918,信华花园,864284,https://jh.zu.anjuke.com/fangyuan/4473845107383300,2室2厅|整租|精装修|低层(共6层),已爬取
919,通园小区,872127,https://jh.zu.anjuke.com/fangyuan/4618073576678404,2室2厅|整租|精装修|中层(共6层),已爬取
920,通园小区,872127,https://jh.zu.anjuke.com/fangyuan/4608339140537346,2室1厅|整租|豪华装修|中层(共6层),已爬取
921,通园小区,872127,https://jh.zu.anjuke.com/fangyuan/4608532820913158,1室1厅|整租|精装修|低层(共15层),已爬取
922,通园小区,872127,https://jh.zu.anjuke.com/fangyuan/4622056664722432,1室1厅|整租|精装修|共5层,已爬取
923,通园小区,872127,https://jh.zu.anjuke.com/fangyuan/4578665971756035,1室1厅|整租|精装修|低层(共13层),已爬取
924,通园小区,872127,https://jh.zu.anjuke.com/fangyuan/4550074892131336,2室1厅|整租|精装修|中层(共6层),已爬取
925,通园小区,872127,https://jh.zu.anjuke.com/fangyuan/4595186179105795,2室1厅|整租|豪华装修|高层(共6层),已爬取
926,通园小区,872127,https://jh.zu.anjuke.com/fangyuan/4626250123635721,3室2厅|整租|精装修|高层(共6层),已爬取
927,通园小区,872127,https://jh.zu.anjuke.com/fangyuan/4550036679728133,3室1厅|整租|精装修|中层(共6层),已爬取
928,通园小区,872127,https://jh.zu.anjuke.com/fangyuan/4621979711433740,2室2厅|整租|精装修|高层(共6层),已爬取
929,海德公园B区,871946,https://jh.zu.anjuke.com/fangyuan/4633855960227841,2室1厅|整租|精装修|低层(共18层),已爬取
930,海德公园B区,871946,https://jh.zu.anjuke.com/fangyuan/4510538479639560,2室2厅|整租|精装修|中层(共29层),已爬取
931,海德公园B区,871946,https://jh.zu.anjuke.com/fangyuan/4509152730098689,3室2厅|整租|精装修|中层(共23层),已爬取
932,海德公园B区,871946,https://jh.zu.anjuke.com/fangyuan/4487702547573767,3室2厅|整租|精装修|中层(共24层),已爬取
933,海德公园B区,871946,https://jh.zu.anjuke.com/fangyuan/4117252515605506,3室2厅|整租|简单装修|中层(共22层),已爬取
934,海德公园B区,871946,https://jh.zu.anjuke.com/fangyuan/4221493463883789,1室1厅|整租|精装修|高层(共24层),已爬取
935,海德公园B区,871946,https://jh.zu.anjuke.com/fangyuan/4411709562006530,3室2厅|整租|简单装修|中层(共24层),已爬取
936,海德公园B区,871946,https://jh.zu.anjuke.com/fangyuan/4309580446473226,3室2厅|整租|精装修|高层(共24层),已爬取
937,海德公园B区,871946,https://jh.zu.anjuke.com/fangyuan/4487709614842893,3室2厅|整租|简单装修|中层(共29层),已爬取
938,银泰钻石轩,711980,https://jh.zu.anjuke.com/fangyuan/4626267307973633,2室2厅|整租|精装修|高层(共28层),已爬取
939,银泰钻石轩,711980,https://jh.zu.anjuke.com/fangyuan/4626486381341704,2室2厅|整租|精装修|中层(共26层),已爬取
940,银泰钻石轩,711980,https://jh.zu.anjuke.com/fangyuan/4346411886649352,1室1厅|整租|精装修|中层(共28层),已爬取
941,银泰钻石轩,711980,https://jh.zu.anjuke.com/fangyuan/4523158976750592,2室2厅|整租|精装修|高层(共18层),已爬取
942,银泰钻石轩,711980,https://jh.zu.anjuke.com/fangyuan/4626381483189253,2室2厅|整租|豪华装修|高层(共30层),已爬取
943,银泰钻石轩,711980,https://jh.zu.anjuke.com/fangyuan/4626361730980869,2室2厅|整租|豪华装修|高层(共27层),已爬取
944,银泰钻石轩,711980,https://jh.zu.anjuke.com/fangyuan/4150989992598538,1室1厅|整租|豪华装修|高层(共16层),已爬取
945,银泰钻石轩,711980,https://jh.zu.anjuke.com/fangyuan/4615338433537028,2室2厅|整租|精装修|高层(共23层),已爬取
946,银泰钻石轩,711980,https://jh.zu.anjuke.com/fangyuan/4620880674364427,1室1厅|整租|精装修|中层(共27层),已爬取
947,银泰钻石轩,711980,https://jh.zu.anjuke.com/fangyuan/4567483370480654,1室1厅|整租|精装修|高层(共12层),已爬取
948,四海铭门,868037,https://jh.zu.anjuke.com/fangyuan/4627898313370638,3室2厅|整租|豪华装修|中层(共18层),已爬取
949,四海铭门,868037,https://jh.zu.anjuke.com/fangyuan/4218883844303887,3室2厅|整租|精装修|低层(共15层),已爬取
950,四海铭门,868037,https://jh.zu.anjuke.com/fangyuan/4493590775405572,4室2厅|整租|精装修|中层(共11层),已爬取
951,四海铭门,868037,https://jh.zu.anjuke.com/fangyuan/3727678958003210,3室2厅|整租|精装修|低层(共15层),已爬取
952,四海铭门,868037,https://jh.zu.anjuke.com/fangyuan/4241501181664257,4室2厅|整租|精装修|高层(共18层),已爬取
953,四海铭门,868037,https://jh.zu.anjuke.com/fangyuan/4499173626209292,3室2厅|整租|精装修|高层(共25层),已爬取
954,四海铭门,868037,https://jh.zu.anjuke.com/fangyuan/4493586505948164,4室1厅|整租|精装修|中层(共11层),已爬取
955,四海铭门,868037,https://jh.zu.anjuke.com/fangyuan/4627928979250182,3室2厅|整租|精装修|低层(共18层),已爬取
956,四海铭门,868037,https://jh.zu.anjuke.com/fangyuan/4493615659803650,4室2厅|整租|豪华装修|中层(共16层),已爬取
957,四海铭门,868037,https://jh.zu.anjuke.com/fangyuan/3611616482992131,4室2厅|整租|豪华装修|高层(共13层),已爬取
958,城中花园,911343,https://jh.zu.anjuke.com/fangyuan/4569623661517825,2室2厅|整租|精装修|中层(共6层),已爬取
959,城中花园,911343,https://jh.zu.anjuke.com/fangyuan/4603869766591496,3室2厅|整租|简单装修|低层(共6层),已爬取
960,城中花园,911343,https://jh.zu.anjuke.com/fangyuan/4479356528434184,3室2厅|整租|精装修|高层(共7层),已爬取
961,城中花园,911343,https://jh.zu.anjuke.com/fangyuan/4596761305455621,2室1厅|整租|精装修|低层(共6层),已爬取
962,凤凰城,873079,https://jh.zu.anjuke.com/fangyuan/4633518994398220,3室2厅|整租|精装修|中层(共17层),已爬取
963,凤凰城,873079,https://jh.zu.anjuke.com/fangyuan/4545825525652494,4室2厅|整租|豪华装修|高层(共18层),已爬取
964,凤凰城,873079,https://jh.zu.anjuke.com/fangyuan/4547454190431238,4室1厅|整租|精装修|高层(共13层),已爬取
965,东方前城(北区),1167131,https://jh.zu.anjuke.com/fangyuan/4598005777210382,2室2厅|整租|精装修|中层(共6层),已爬取
966,东方前城(北区),1167131,https://jh.zu.anjuke.com/fangyuan/4598003911121921,2室2厅|整租|精装修|中层(共6层),已爬取
967,东方前城(北区),1167131,https://jh.zu.anjuke.com/fangyuan/4546898022571015,3室2厅|整租|精装修|中层(共16层),已爬取
968,东方前城(北区),1167131,https://jh.zu.anjuke.com/fangyuan/4477892796621833,3室2厅|整租|精装修|低层(共6层),已爬取
969,东方前城(北区),1167131,https://jh.zu.anjuke.com/fangyuan/4603616976362510,3室2厅|整租|精装修|高层(共6层),已爬取
970,东方前城(北区),1167131,https://jh.zu.anjuke.com/fangyuan/4571058226621454,4室2厅|整租|豪华装修|低层(共18层),已爬取
971,东方前城(北区),1167131,https://jh.zu.anjuke.com/fangyuan/4586997962595334,3室2厅|整租|精装修|高层(共6层),已爬取
972,东方前城(北区),1167131,https://jh.zu.anjuke.com/fangyuan/4598010288610315,2室2厅|整租|精装修|中层(共6层),已爬取
973,东方前城(北区),1167131,https://jh.zu.anjuke.com/fangyuan/4438513908491267,2室2厅|整租|低层(共6层),已爬取
974,东方前城(北区),1167131,https://jh.zu.anjuke.com/fangyuan/4511897626127361,3室2厅|整租|简单装修|中层(共17层),已爬取
975,新悦润居,863283,https://jh.zu.anjuke.com/fangyuan/4623256095448072,2室2厅|整租|精装修|中层(共16层),已爬取
976,新悦润居,863283,https://jh.zu.anjuke.com/fangyuan/4615181884517379,2室2厅|整租|精装修|低层(共16层),已爬取
977,新悦润居,863283,https://jh.zu.anjuke.com/fangyuan/4523134714223618,3室2厅|整租|精装修|中层(共18层),已爬取
978,新悦润居,863283,https://jh.zu.anjuke.com/fangyuan/4529999260785679,3室2厅|整租|精装修|中层(共6层),已爬取
979,新悦润居,863283,https://jh.zu.anjuke.com/fangyuan/4467790991940610,3室2厅|整租|简单装修|低层(共6层),已爬取
980,新悦润居,863283,https://jh.zu.anjuke.com/fangyuan/4625029122745354,3室2厅|整租|精装修|高层(共16层),已爬取
981,新悦润居,863283,https://jh.zu.anjuke.com/fangyuan/4479332233487375,3室2厅|整租|精装修|高层(共11层),已爬取
982,新悦润居,863283,https://jh.zu.anjuke.com/fangyuan/4521873367325708,2室2厅|整租|精装修|中层(共15层),已爬取
983,新悦润居,863283,https://jh.zu.anjuke.com/fangyuan/4521872023723010,2室2厅|整租|精装修|中层(共15层),已爬取
984,新悦润居,863283,https://jh.zu.anjuke.com/fangyuan/4598362415162374,3室2厅|整租|精装修|高层(共11层),已爬取
985,玲珑悦居,1012092,https://jh.zu.anjuke.com/fangyuan/4600732177523720,2室1厅|整租|精装修|中层(共8层),已爬取
986,玲珑悦居,1012092,https://jh.zu.anjuke.com/fangyuan/4617760913318914,3室2厅|整租|精装修|中层(共11层),已爬取
987,玲珑悦居,1012092,https://jh.zu.anjuke.com/fangyuan/4537329427803137,4室2厅|整租|精装修|低层(共7层),已爬取
988,玲珑悦居,1012092,https://jh.zu.anjuke.com/fangyuan/4503520329554953,3室2厅|整租|精装修|低层(共13层),已爬取
989,金桂院南区,864329,https://jh.zu.anjuke.com/fangyuan/4612776275532809,1室0厅|整租|精装修|高层(共11层),已爬取
990,金桂院南区,864329,https://jh.zu.anjuke.com/fangyuan/4614950134848524,2室2厅|整租|精装修|中层(共6层),已爬取
991,金桂院南区,864329,https://jh.zu.anjuke.com/fangyuan/4588141027302401,1室1厅|整租|精装修|低层(共26层),已爬取
992,金桂院南区,864329,https://jh.zu.anjuke.com/fangyuan/4567469571496968,2室2厅|整租|精装修|中层(共6层),已爬取
993,金桂院南区,864329,https://jh.zu.anjuke.com/fangyuan/4584284575247362,1室0厅|整租|精装修|低层(共10层),已爬取
994,金桂院南区,864329,https://jh.zu.anjuke.com/fangyuan/4612505224338438,1室1厅|整租|精装修|高层(共11层),已爬取
995,金桂院南区,864329,https://jh.zu.anjuke.com/fangyuan/4583784978832398,1室1厅|整租|精装修|中层(共26层),已爬取
996,金桂院南区,864329,https://jh.zu.anjuke.com/fangyuan/4608487716609035,1室1厅|整租|精装修|低层(共20层),已爬取
997,金桂院南区,864329,https://jh.zu.anjuke.com/fangyuan/4605311419210766,1室1厅|整租|精装修|高层(共11层),已爬取
998,金桂院南区,864329,https://jh.zu.anjuke.com/fangyuan/4626379068759054,3室2厅|整租|精装修|高层(共11层),已爬取
999,青城雅居,712029,https://jh.zu.anjuke.com/fangyuan/4513661217973253,2室2厅|整租|精装修|低层(共6层),已爬取
1000,青城雅居,712029,https://jh.zu.anjuke.com/fangyuan/4535722029771791,3室2厅|整租|精装修|中层(共6层),已爬取
1001,青城雅居,712029,https://jh.zu.anjuke.com/fangyuan/4594504849548293,2室2厅|整租|精装修|高层(共7层),已爬取
1002,青城雅居,712029,https://jh.zu.anjuke.com/fangyuan/4614994149682183,2室2厅|整租|精装修|中层(共6层),已爬取
1003,青城雅居,712029,https://jh.zu.anjuke.com/fangyuan/4552907020344323,1室0厅|整租|精装修|中层(共30层),已爬取
1004,绿城兰园,1022831,https://jh.zu.anjuke.com/fangyuan/4633706908625926,3室2厅|整租|精装修|高层(共19层),已爬取
1005,绿城兰园,1022831,https://jh.zu.anjuke.com/fangyuan/4626435238224908,3室2厅|整租|简单装修|高层(共18层),已爬取
1006,绿城兰园,1022831,https://jh.zu.anjuke.com/fangyuan/4603976489360397,3室2厅|整租|精装修|中层(共18层),已爬取
1007,绿城兰园,1022831,https://jh.zu.anjuke.com/fangyuan/4569957659323407,3室2厅|整租|精装修|中层(共15层),已爬取
1008,绿城兰园,1022831,https://jh.zu.anjuke.com/fangyuan/4601220324355073,3室2厅|整租|精装修|中层(共16层),已爬取
1009,绿城兰园,1022831,https://jh.zu.anjuke.com/fangyuan/4600803940097033,3室2厅|整租|精装修|中层(共15层),已爬取
1010,绿城兰园,1022831,https://jh.zu.anjuke.com/fangyuan/4582402461656071,3室2厅|整租|精装修|中层(共20层),已爬取
1011,绿城兰园,1022831,https://jh.zu.anjuke.com/fangyuan/4598100757900301,3室1厅|整租|精装修|高层(共25层),已爬取
1012,绿城兰园,1022831,https://jh.zu.anjuke.com/fangyuan/4536283276502031,3室2厅|整租|精装修|高层(共25层),已爬取
1013,绿城兰园,1022831,https://jh.zu.anjuke.com/fangyuan/4510250892452872,1室1厅|整租|精装修|中层(共15层),已爬取
1014,冠达紫御豪庭,872033,https://jh.zu.anjuke.com/fangyuan/4623609246655502,1室1厅|整租|精装修|中层(共11层),已爬取
1015,冠达紫御豪庭,872033,https://jh.zu.anjuke.com/fangyuan/4240002874073103,3室2厅|整租|精装修|中层(共16层),已爬取
1016,冠达紫御豪庭,872033,https://jh.zu.anjuke.com/fangyuan/4538919895540742,2室2厅|整租|精装修|中层(共10层),已爬取
1017,冠达紫御豪庭,872033,https://jh.zu.anjuke.com/fangyuan/4000706439142402,3室2厅|整租|豪华装修|低层(共10层),已爬取
1018,冠达紫御豪庭,872033,https://jh.zu.anjuke.com/fangyuan/4414198401952773,3室2厅|整租|精装修|高层(共10层),已爬取
1019,冠达紫御豪庭,872033,https://jh.zu.anjuke.com/fangyuan/4504700118330369,3室2厅|整租|精装修|高层(共16层),已爬取
1020,冠达紫御豪庭,872033,https://jh.zu.anjuke.com/fangyuan/4518783678964745,1室1厅|整租|豪华装修|高层(共9层),已爬取
1021,冠达紫御豪庭,872033,https://jh.zu.anjuke.com/fangyuan/4510461084279813,3室2厅|整租|精装修|中层(共8层),已爬取
1022,冠达紫御豪庭,872033,https://jh.zu.anjuke.com/fangyuan/4499138175282190,3室2厅|整租|精装修|低层(共9层),已爬取
1023,冠达紫御豪庭,872033,https://jh.zu.anjuke.com/fangyuan/4625824516811781,1室1厅|整租|精装修|中层(共13层),已爬取
1024,都市豪园,872022,https://jh.zu.anjuke.com/fangyuan/4566455113575437,1室1厅|整租|精装修|高层(共7层),已爬取
1025,都市豪园,872022,https://jh.zu.anjuke.com/fangyuan/3427581931544579,3室2厅|整租|精装修|低层(共27层),已爬取
1026,都市豪园,872022,https://jh.zu.anjuke.com/fangyuan/4577108193762314,3室2厅|整租|精装修|高层(共13层),已爬取
1027,都市豪园,872022,https://jh.zu.anjuke.com/fangyuan/4612271081466885,2室1厅|整租|精装修|共4层,已爬取
1028,都市豪园,872022,https://jh.zu.anjuke.com/fangyuan/3971115847855118,3室2厅|整租|精装修|高层(共15层),已爬取
1029,都市豪园,872022,https://jh.zu.anjuke.com/fangyuan/4416973797891074,3室2厅|整租|精装修|高层(共10层),已爬取
1030,都市豪园,872022,https://jh.zu.anjuke.com/fangyuan/3626919973756930,3室2厅|整租|豪华装修|高层(共11层),已爬取
1031,都市豪园,872022,https://jh.zu.anjuke.com/fangyuan/4048699860574222,3室2厅|整租|精装修|高层(共18层),已爬取
1032,都市豪园,872022,https://jh.zu.anjuke.com/fangyuan/4568424179952655,3室2厅|整租|精装修|高层(共13层),已爬取
1033,都市豪园,872022,https://jh.zu.anjuke.com/fangyuan/4578347152286734,3室2厅|整租|豪华装修|高层(共13层),已爬取
1034,四季澜庭,1008062,https://jh.zu.anjuke.com/fangyuan/4548422120858638,3室2厅|整租|精装修|中层(共15层),已爬取
1035,四季澜庭,1008062,https://jh.zu.anjuke.com/fangyuan/4552710455665673,3室2厅|整租|精装修|低层(共15层),已爬取
1036,四季澜庭,1008062,https://jh.zu.anjuke.com/fangyuan/4445152192736268,3室2厅|整租|精装修|中层(共16层),已爬取
1037,四季澜庭,1008062,https://jh.zu.anjuke.com/fangyuan/4615109792422922,3室2厅|整租|简单装修|低层(共17层),已爬取
1038,四季澜庭,1008062,https://jh.zu.anjuke.com/fangyuan/4604017214364685,3室2厅|整租|精装修|中层(共17层),已爬取
1039,东塘湖畔花园,915467,https://jh.zu.anjuke.com/fangyuan/4397999094998029,1室1厅|整租|精装修|低层(共6层),已爬取
1040,东塘湖畔花园,915467,https://jh.zu.anjuke.com/fangyuan/3972714207370247,1室1厅|整租|精装修|低层(共16层),已爬取
1041,东塘湖畔花园,915467,https://jh.zu.anjuke.com/fangyuan/4631062444252163,3室2厅|整租|豪华装修|低层(共20层),已爬取
1042,东塘湖畔花园,915467,https://jh.zu.anjuke.com/fangyuan/4568531462417418,1室1厅|整租|精装修|高层(共7层),已爬取
1043,东塘湖畔花园,915467,https://jh.zu.anjuke.com/fangyuan/4622252276636686,3室2厅|整租|精装修|高层(共16层),已爬取
1044,东塘湖畔花园,915467,https://jh.zu.anjuke.com/fangyuan/4574189646654468,3室2厅|整租|精装修|中层(共16层),已爬取
1045,东塘湖畔花园,915467,https://jh.zu.anjuke.com/fangyuan/4487762644935683,1室0厅|整租|精装修|高层(共16层),已爬取
1046,东塘湖畔花园,915467,https://jh.zu.anjuke.com/fangyuan/4552706406996997,1室1厅|整租|精装修|高层(共16层),已爬取
1047,东塘湖畔花园,915467,https://jh.zu.anjuke.com/fangyuan/4541761146788874,1室1厅|整租|精装修|高层(共16层),已爬取
1048,东塘湖畔花园,915467,https://jh.zu.anjuke.com/fangyuan/4465487492258816,1室1厅|整租|精装修|中层(共16层),已爬取
1049,朝阳大众华府,1166485,https://jh.zu.anjuke.com/fangyuan/4579900527127562,3室2厅|整租|精装修|高层(共31层),已爬取
1050,朝阳大众华府,1166485,https://jh.zu.anjuke.com/fangyuan/4398528293643278,4室2厅|整租|精装修|高层(共33层),已爬取
1051,朝阳大众华府,1166485,https://jh.zu.anjuke.com/fangyuan/4533112383822860,3室2厅|整租|精装修|低层(共30层),已爬取
1052,朝阳大众华府,1166485,https://jh.zu.anjuke.com/fangyuan/4545598680327174,3室2厅|整租|精装修|高层(共32层),已爬取
1053,朝阳大众华府,1166485,https://jh.zu.anjuke.com/fangyuan/4514496489432074,2室1厅|整租|精装修|中层(共32层),已爬取
1054,朝阳大众华府,1166485,https://jh.zu.anjuke.com/fangyuan/4568544781757447,3室2厅|整租|精装修|低层(共27层),已爬取
1055,朝阳大众华府,1166485,https://jh.zu.anjuke.com/fangyuan/4533077389040655,3室2厅|整租|精装修|低层(共32层),已爬取
1056,朝阳大众华府,1166485,https://jh.zu.anjuke.com/fangyuan/4466706809447428,3室2厅|整租|精装修|高层(共29层),已爬取
1057,朝阳大众华府,1166485,https://jh.zu.anjuke.com/fangyuan/3459837857456141,3室2厅|整租|精装修|高层(共33层),已爬取
1058,朝阳大众华府,1166485,https://jh.zu.anjuke.com/fangyuan/4373213705479183,3室2厅|整租|精装修|中层(共12层),已爬取
1059,东方前城(南区),1167132,https://jh.zu.anjuke.com/fangyuan/4575671372508170,3室2厅|整租|精装修|低层(共14层),已爬取
1060,东方前城(南区),1167132,https://jh.zu.anjuke.com/fangyuan/4578499811271680,3室2厅|整租|精装修|中层(共16层),已爬取
1061,东方前城(南区),1167132,https://jh.zu.anjuke.com/fangyuan/4630696756698127,2室2厅|整租|精装修|中层(共12层),已爬取
1062,东方前城(南区),1167132,https://jh.zu.anjuke.com/fangyuan/4582414666638349,3室2厅|整租|精装修|高层(共12层),已爬取
1063,东方前城(南区),1167132,https://jh.zu.anjuke.com/fangyuan/4620719481773059,3室1厅|整租|精装修|高层(共12层),已爬取
1064,东方前城(南区),1167132,https://jh.zu.anjuke.com/fangyuan/4393004492676102,3室2厅|整租|精装修|高层(共6层),已爬取
1065,东方前城(南区),1167132,https://jh.zu.anjuke.com/fangyuan/4560056119122950,3室2厅|整租|精装修|高层(共6层),已爬取
1066,东方前城(南区),1167132,https://jh.zu.anjuke.com/fangyuan/4469569334139919,3室2厅|整租|精装修|低层(共6层),已爬取
1067,东方前城(南区),1167132,https://jh.zu.anjuke.com/fangyuan/4584082033241102,3室2厅|整租|精装修|中层(共12层),已爬取
1068,东方前城(南区),1167132,https://jh.zu.anjuke.com/fangyuan/4575286518459406,3室2厅|整租|豪华装修|低层(共12层),已爬取
1069,欧景花园,871936,https://jh.zu.anjuke.com/fangyuan/4621024772137995,3室3厅|整租|精装修|高层(共33层),已爬取
1070,欧景花园,871936,https://jh.zu.anjuke.com/fangyuan/4012765767506950,3室2厅|整租|豪华装修|高层(共20层),已爬取
1071,欧景花园,871936,https://jh.zu.anjuke.com/fangyuan/4631930958633993,3室2厅|整租|精装修|低层(共24层),已爬取
1072,欧景花园,871936,https://jh.zu.anjuke.com/fangyuan/4503351000851469,3室2厅|整租|豪华装修|低层(共23层),已爬取
1073,欧景花园,871936,https://jh.zu.anjuke.com/fangyuan/4516641690985473,3室1厅|整租|豪华装修|中层(共20层),已爬取
1074,欧景花园,871936,https://jh.zu.anjuke.com/fangyuan/4498934734298117,3室1厅|整租|豪华装修|中层(共12层),已爬取
1075,欧景花园,871936,https://jh.zu.anjuke.com/fangyuan/4503366420851721,3室2厅|整租|精装修|低层(共26层),已爬取
1076,都景蝶园,864626,https://jh.zu.anjuke.com/fangyuan/4581256329749519,2室2厅|整租|精装修|中层(共16层),已爬取
1077,都景蝶园,864626,https://jh.zu.anjuke.com/fangyuan/3461243801330698,3室2厅|整租|精装修|低层(共6层),已爬取
1078,都景蝶园,864626,https://jh.zu.anjuke.com/fangyuan/3461243577801735,3室2厅|整租|精装修|低层(共6层),已爬取
1079,都景蝶园,864626,https://jh.zu.anjuke.com/fangyuan/4392123328668687,1室0厅|整租|精装修|共5层,已爬取
1080,都景蝶园,864626,https://jh.zu.anjuke.com/fangyuan/4585565483293697,1室1厅|整租|精装修|高层(共16层),已爬取
1081,都景蝶园,864626,https://jh.zu.anjuke.com/fangyuan/4499215987502084,1室1厅|整租|精装修|高层(共17层),已爬取
1082,都景蝶园,864626,https://jh.zu.anjuke.com/fangyuan/4474876860539918,1室1厅|整租|精装修|高层(共11层),已爬取
1083,都景蝶园,864626,https://jh.zu.anjuke.com/fangyuan/4518953484409870,1室1厅|整租|精装修|中层(共13层),已爬取
1084,金茂大厦,969498,https://jh.zu.anjuke.com/fangyuan/4633783849313295,1室1厅|整租|豪华装修|高层(共31层),已爬取
1085,金茂大厦,969498,https://jh.zu.anjuke.com/fangyuan/4477854697841672,1室1厅|整租|豪华装修|高层(共30层),已爬取
1086,金茂大厦,969498,https://jh.zu.anjuke.com/fangyuan/4520452978451469,1室1厅|整租|精装修|高层(共30层),已爬取
1087,金茂大厦,969498,https://jh.zu.anjuke.com/fangyuan/4282703254412290,1室1厅|整租|精装修|高层(共33层),已爬取
1088,金茂大厦,969498,https://jh.zu.anjuke.com/fangyuan/2819939303023627,1室1厅|整租|豪华装修|高层(共10层),已爬取
1089,金茂大厦,969498,https://jh.zu.anjuke.com/fangyuan/4282686059375629,1室1厅|整租|精装修|中层(共30层),已爬取
1090,金茂大厦,969498,https://jh.zu.anjuke.com/fangyuan/4421376332063756,1室1厅|整租|精装修|高层(共21层),已爬取
1091,金茂大厦,969498,https://jh.zu.anjuke.com/fangyuan/4490649018133510,1室1厅|整租|精装修|高层(共32层),已爬取
1092,金茂大厦,969498,https://jh.zu.anjuke.com/fangyuan/4395721401394179,1室1厅|整租|精装修|中层(共33层),已爬取
1093,金茂大厦,969498,https://jh.zu.anjuke.com/fangyuan/4567218671152137,1室0厅|整租|精装修|高层(共30层),已爬取
1094,华源印象城,864335,https://jh.zu.anjuke.com/fangyuan/4530259843132417,3室2厅|整租|精装修|高层(共29层),已爬取
1095,华源印象城,864335,https://jh.zu.anjuke.com/fangyuan/4538971160814592,3室2厅|整租|豪华装修|中层(共18层),已爬取
1096,华源印象城,864335,https://jh.zu.anjuke.com/fangyuan/4610903314293762,3室2厅|整租|精装修|低层(共16层),已爬取
1097,华源印象城,864335,https://jh.zu.anjuke.com/fangyuan/4614032721206282,3室2厅|整租|豪华装修|高层(共29层),已爬取
1098,华源印象城,864335,https://jh.zu.anjuke.com/fangyuan/4534667057323014,3室2厅|整租|精装修|中层(共9层),已爬取
1099,华源印象城,864335,https://jh.zu.anjuke.com/fangyuan/4608308518005769,1室0厅|整租|精装修|低层(共18层),已爬取
1100,华源印象城,864335,https://jh.zu.anjuke.com/fangyuan/4608318731299847,1室1厅|整租|精装修|低层(共26层),已爬取
1101,华源印象城,864335,https://jh.zu.anjuke.com/fangyuan/4608314680681484,1室0厅|整租|精装修|低层(共28层),已爬取
1102,华源印象城,864335,https://jh.zu.anjuke.com/fangyuan/4608301123202056,1室0厅|整租|精装修|低层(共26层),已爬取
1103,华源印象城,864335,https://jh.zu.anjuke.com/fangyuan/4628176247335943,1室0厅|整租|精装修|中层(共13层),已爬取
1104,总部中心人才公寓,1164404,https://jh.zu.anjuke.com/fangyuan/4630535543579654,1室1厅|整租|简单装修|高层(共30层),已爬取
1105,总部中心人才公寓,1164404,https://jh.zu.anjuke.com/fangyuan/4568357790325760,1室1厅|整租|精装修|中层(共17层),已爬取
1106,总部中心人才公寓,1164404,https://jh.zu.anjuke.com/fangyuan/4630541587590155,1室1厅|整租|精装修|高层(共27层),已爬取
1107,总部中心人才公寓,1164404,https://jh.zu.anjuke.com/fangyuan/4594185480002562,1室1厅|整租|精装修|高层(共27层),已爬取
1108,总部中心人才公寓,1164404,https://jh.zu.anjuke.com/fangyuan/4597352895147022,1室1厅|整租|精装修|低层(共31层),已爬取
1109,总部中心人才公寓,1164404,https://jh.zu.anjuke.com/fangyuan/4606721291461644,2室1厅|整租|精装修|低层(共31层),已爬取
1110,总部中心人才公寓,1164404,https://jh.zu.anjuke.com/fangyuan/4569706610484229,1室1厅|整租|豪华装修|低层(共27层),已爬取
1111,总部中心人才公寓,1164404,https://jh.zu.anjuke.com/fangyuan/4557239781139461,1室1厅|整租|精装修|高层(共31层),已爬取
1112,总部中心人才公寓,1164404,https://jh.zu.anjuke.com/fangyuan/4621477075379208,1室0厅|整租|精装修|高层(共31层),已爬取
1113,总部中心人才公寓,1164404,https://jh.zu.anjuke.com/fangyuan/4603693880534025,1室1厅|整租|精装修|低层(共22层),已爬取
1114,宏马时代广场,1015104,https://jh.zu.anjuke.com/fangyuan/4596018426539013,1室1厅|整租|简单装修|中层(共21层),已爬取
1115,宏马时代广场,1015104,https://jh.zu.anjuke.com/fangyuan/4596023330216960,1室1厅|整租|简单装修|中层(共21层),已爬取
1116,东华家园(南区),1014184,https://jh.zu.anjuke.com/fangyuan/4426749427686401,3室2厅|整租|精装修|高层(共6层),已爬取
1117,东华家园(南区),1014184,https://jh.zu.anjuke.com/fangyuan/4550240925019145,2室1厅|整租|精装修|低层(共6层),已爬取
1118,东华家园(南区),1014184,https://jh.zu.anjuke.com/fangyuan/4560152117718019,3室2厅|整租|精装修|中层(共6层),已爬取
1119,东方国际公馆,711996,https://jh.zu.anjuke.com/fangyuan/4578474759136266,2室2厅|整租|精装修|高层(共24层),已爬取
1120,东方国际公馆,711996,https://jh.zu.anjuke.com/fangyuan/4044531858545679,2室1厅|整租|精装修|中层(共18层),已爬取
1121,东方国际公馆,711996,https://jh.zu.anjuke.com/fangyuan/4601218512872461,2室2厅|整租|精装修|低层(共31层),已爬取
1122,东方国际公馆,711996,https://jh.zu.anjuke.com/fangyuan/4625531498945550,3室2厅|整租|豪华装修|中层(共28层),已爬取
1123,东方国际公馆,711996,https://jh.zu.anjuke.com/fangyuan/4601218580079617,2室2厅|整租|豪华装修|低层(共32层),已爬取
1124,东方国际公馆,711996,https://jh.zu.anjuke.com/fangyuan/4434014596492293,2室1厅|整租|精装修|中层(共25层),已爬取
1125,东方国际公馆,711996,https://jh.zu.anjuke.com/fangyuan/4604987078470667,2室1厅|整租|精装修|高层(共29层),已爬取
1126,东方国际公馆,711996,https://jh.zu.anjuke.com/fangyuan/3976818487222286,2室2厅|整租|精装修|中层(共15层),已爬取
1127,东方国际公馆,711996,https://jh.zu.anjuke.com/fangyuan/4623501359537166,2室2厅|整租|豪华装修|高层(共26层),已爬取
1128,东方国际公馆,711996,https://jh.zu.anjuke.com/fangyuan/4610636743173132,3室2厅|整租|精装修|高层(共26层),已爬取
1129,新青年公馆,712006,https://jh.zu.anjuke.com/fangyuan/4604091802917903,2室2厅|整租|精装修|中层(共6层),已爬取
1130,新青年公馆,712006,https://jh.zu.anjuke.com/fangyuan/4616538462481413,2室2厅|整租|精装修|高层(共9层),已爬取
1131,新青年公馆,712006,https://jh.zu.anjuke.com/fangyuan/4625136850988042,2室2厅|整租|精装修|高层(共7层),已爬取
1132,新青年公馆,712006,https://jh.zu.anjuke.com/fangyuan/4517482588118016,3室2厅|整租|精装修|中层(共6层),已爬取
1133,新青年公馆,712006,https://jh.zu.anjuke.com/fangyuan/4517515759985664,1室1厅|整租|精装修|高层(共17层),已爬取
1134,新青年公馆,712006,https://jh.zu.anjuke.com/fangyuan/4581292068559883,2室1厅|整租|精装修|中层(共16层),已爬取
1135,新青年公馆,712006,https://jh.zu.anjuke.com/fangyuan/4626305135848448,3室2厅|整租|豪华装修|中层(共17层),已爬取
1136,新青年公馆,712006,https://jh.zu.anjuke.com/fangyuan/4578699213659138,3室2厅|整租|精装修|低层(共6层),已爬取
1137,新青年公馆,712006,https://jh.zu.anjuke.com/fangyuan/4293773978184710,1室1厅|整租|豪华装修|低层(共15层),已爬取
1138,新青年公馆,712006,https://jh.zu.anjuke.com/fangyuan/4402790005318657,1室1厅|整租|精装修|高层(共15层),已爬取
1139,竟达星河湾,868080,https://jh.zu.anjuke.com/fangyuan/4482272142976002,3室2厅|整租|精装修|低层(共11层),已爬取
1140,竟达星河湾,868080,https://jh.zu.anjuke.com/fangyuan/4619303231990792,2室2厅|整租|精装修|中层(共7层),已爬取
1141,竟达星河湾,868080,https://jh.zu.anjuke.com/fangyuan/4572718062803970,2室2厅|整租|精装修|低层(共6层),已爬取
1142,竟达星河湾,868080,https://jh.zu.anjuke.com/fangyuan/4233096597299210,3室2厅|整租|精装修|中层(共6层),已爬取
1143,竟达星河湾,868080,https://jh.zu.anjuke.com/fangyuan/4582755661046788,2室2厅|整租|精装修|中层(共6层),已爬取
1144,竟达星河湾,868080,https://jh.zu.anjuke.com/fangyuan/4213383940382735,3室2厅|整租|精装修|低层(共6层),已爬取
1145,竟达星河湾,868080,https://jh.zu.anjuke.com/fangyuan/4497546781287431,2室2厅|整租|精装修|中层(共6层),已爬取
1146,竟达星河湾,868080,https://jh.zu.anjuke.com/fangyuan/4582757415773194,2室2厅|整租|精装修|中层(共7层),已爬取
1147,竟达星河湾,868080,https://jh.zu.anjuke.com/fangyuan/4302435732724746,3室2厅|整租|精装修|低层(共6层),已爬取
1148,竟达星河湾,868080,https://jh.zu.anjuke.com/fangyuan/4616834137777153,3室2厅|整租|精装修|低层(共6层),已爬取
1149,四季新城,712052,https://jh.zu.anjuke.com/fangyuan/4612349121338372,3室2厅|整租|简单装修|中层(共6层),已爬取
1150,四季新城,712052,https://jh.zu.anjuke.com/fangyuan/4561329825244166,3室2厅|整租|精装修|低层(共6层),已爬取
1151,四季新城,712052,https://jh.zu.anjuke.com/fangyuan/4516135992976396,1室1厅|整租|精装修|中层(共18层),已爬取
1152,四季新城,712052,https://jh.zu.anjuke.com/fangyuan/4611071321041921,3室2厅|整租|精装修|中层(共6层),已爬取
1153,四季新城,712052,https://jh.zu.anjuke.com/fangyuan/4466473029084169,3室2厅|整租|精装修|共5层,已爬取
1154,四季新城,712052,https://jh.zu.anjuke.com/fangyuan/4612326826222602,2室2厅|整租|精装修|中层(共6层),已爬取
1155,四季新城,712052,https://jh.zu.anjuke.com/fangyuan/4574109876706307,3室2厅|整租|精装修|中层(共18层),已爬取
1156,四季新城,712052,https://jh.zu.anjuke.com/fangyuan/4547115246545928,2室2厅|整租|精装修|中层(共6层),已爬取
1157,四季新城,712052,https://jh.zu.anjuke.com/fangyuan/4611006762134539,1室1厅|整租|精装修|高层(共18层),已爬取
1158,四季新城,712052,https://jh.zu.anjuke.com/fangyuan/4610665578683395,4室2厅|整租|精装修|高层(共6层),已爬取
1159,江上明月,1044802,https://jh.zu.anjuke.com/fangyuan/4606539395816449,1室1厅|整租|精装修|低层(共26层),已爬取
1160,江上明月,1044802,https://jh.zu.anjuke.com/fangyuan/4606527270740998,1室1厅|整租|精装修|低层(共26层),已爬取
1161,江上明月,1044802,https://jh.zu.anjuke.com/fangyuan/4599349874648065,1室1厅|整租|精装修|低层(共26层),已爬取
1162,江上明月,1044802,https://jh.zu.anjuke.com/fangyuan/4351782625958912,1室0厅|整租|精装修|中层(共19层),已爬取
1163,江上明月,1044802,https://jh.zu.anjuke.com/fangyuan/4341901471345672,3室2厅|整租|精装修|中层(共9层),已爬取
1164,江上明月,1044802,https://jh.zu.anjuke.com/fangyuan/4599457253907461,1室1厅|整租|精装修|中层(共16层),已爬取
1165,江上明月,1044802,https://jh.zu.anjuke.com/fangyuan/4599525090305024,1室1厅|整租|精装修|低层(共21层),已爬取
1166,江上明月,1044802,https://jh.zu.anjuke.com/fangyuan/4626758531623943,1室1厅|整租|精装修|低层(共26层),已爬取
1167,江上明月,1044802,https://jh.zu.anjuke.com/fangyuan/4599350042799117,1室1厅|整租|精装修|低层(共18层),已爬取
1168,江上明月,1044802,https://jh.zu.anjuke.com/fangyuan/4632173353982989,1室1厅|整租|精装修|中层(共16层),已爬取
1169,江南春城,863055,https://jh.zu.anjuke.com/fangyuan/4543046710404100,1室0厅|整租|精装修|中层(共16层),已爬取
1170,江南春城,863055,https://jh.zu.anjuke.com/fangyuan/4488086921896971,2室2厅|整租|豪华装修|中层(共12层),已爬取
1171,江南春城,863055,https://jh.zu.anjuke.com/fangyuan/4614920936496143,1室1厅|整租|精装修|中层(共12层),已爬取
1172,江南春城,863055,https://jh.zu.anjuke.com/fangyuan/4623410563865612,1室1厅|整租|豪华装修|中层(共12层),已爬取
1173,江南春城,863055,https://jh.zu.anjuke.com/fangyuan/4632315094969359,1室1厅|整租|精装修|中层(共12层),已爬取
1174,江南春城,863055,https://jh.zu.anjuke.com/fangyuan/4542752162341888,2室1厅|整租|精装修|中层(共14层),已爬取
1175,江南春城,863055,https://jh.zu.anjuke.com/fangyuan/4568776580473864,2室1厅|整租|精装修|中层(共16层),已爬取
1176,江南春城,863055,https://jh.zu.anjuke.com/fangyuan/4543051856436224,1室1厅|整租|精装修|中层(共16层),已爬取
1177,江南春城,863055,https://jh.zu.anjuke.com/fangyuan/4493545056775175,1室1厅|整租|精装修|低层(共15层),已爬取
1178,江南春城,863055,https://jh.zu.anjuke.com/fangyuan/4543049098437647,2室1厅|整租|精装修|中层(共16层),已爬取
1179,尚格康桥漫步,863273,https://jh.zu.anjuke.com/fangyuan/4629418686209031,3室2厅|整租|精装修|高层(共7层),已爬取
1180,尚格康桥漫步,863273,https://jh.zu.anjuke.com/fangyuan/4632215759283208,3室2厅|整租|豪华装修|中层(共9层),已爬取
1181,尚格康桥漫步,863273,https://jh.zu.anjuke.com/fangyuan/4547229747502094,3室2厅|整租|精装修|高层(共11层),已爬取
1182,尚格康桥漫步,863273,https://jh.zu.anjuke.com/fangyuan/4633750765005826,2室2厅|整租|精装修|高层(共7层),已爬取
1183,尚格康桥漫步,863273,https://jh.zu.anjuke.com/fangyuan/4622220469656589,3室2厅|整租|精装修|高层(共7层),已爬取
1184,尚格康桥漫步,863273,https://jh.zu.anjuke.com/fangyuan/4251175484664838,3室2厅|整租|精装修|高层(共11层),已爬取
1185,尚格康桥漫步,863273,https://jh.zu.anjuke.com/fangyuan/4615034557637639,3室2厅|整租|精装修|中层(共10层),已爬取
1186,尚格康桥漫步,863273,https://jh.zu.anjuke.com/fangyuan/4632259578520588,2室2厅|整租|精装修|低层(共9层),已爬取
1187,尚格康桥漫步,863273,https://jh.zu.anjuke.com/fangyuan/4625065699402762,2室2厅|整租|精装修|高层(共7层),已爬取
1188,尚格康桥漫步,863273,https://jh.zu.anjuke.com/fangyuan/4628153275196423,3室2厅|整租|精装修|高层(共11层),已爬取
1189,东方前城(西区),711975,https://jh.zu.anjuke.com/fangyuan/4604235188790285,1室1厅|整租|精装修|低层(共6层),已爬取
1190,东方前城(西区),711975,https://jh.zu.anjuke.com/fangyuan/4603612783240199,3室2厅|整租|精装修|高层(共16层),已爬取
1191,东方前城(西区),711975,https://jh.zu.anjuke.com/fangyuan/4493406718993412,1室1厅|整租|精装修|低层(共15层),已爬取
1192,东方前城(西区),711975,https://jh.zu.anjuke.com/fangyuan/4587013043051528,1室1厅|整租|精装修|中层(共17层),已爬取
1193,东方前城(西区),711975,https://jh.zu.anjuke.com/fangyuan/4494642730998789,1室1厅|整租|精装修|中层(共13层),已爬取
1194,东方前城(西区),711975,https://jh.zu.anjuke.com/fangyuan/4587013352627215,1室1厅|整租|精装修|中层(共14层),已爬取
1195,东方前城(西区),711975,https://jh.zu.anjuke.com/fangyuan/4525873072118797,2室1厅|整租|精装修|高层(共17层),已爬取
1196,东方前城(西区),711975,https://jh.zu.anjuke.com/fangyuan/4626296061864972,1室1厅|整租|豪华装修|高层(共16层),已爬取
1197,东方前城(西区),711975,https://jh.zu.anjuke.com/fangyuan/4490415581029378,1室1厅|整租|精装修|高层(共14层),已爬取
1198,聚佳美丽园,872023,https://jh.zu.anjuke.com/fangyuan/4631984579144709,2室2厅|整租|精装修|中层(共18层),已爬取
1199,聚佳美丽园,872023,https://jh.zu.anjuke.com/fangyuan/4495060034001923,2室2厅|整租|精装修|低层(共18层),已爬取
1200,聚佳美丽园,872023,https://jh.zu.anjuke.com/fangyuan/4214374352821258,1室1厅|整租|豪华装修|高层(共18层),已爬取
1201,聚佳美丽园,872023,https://jh.zu.anjuke.com/fangyuan/4552639167603717,2室2厅|整租|精装修|低层(共18层),已爬取
1202,聚佳美丽园,872023,https://jh.zu.anjuke.com/fangyuan/4607769285073925,2室2厅|整租|简单装修|高层(共18层),已爬取
1203,聚佳美丽园,872023,https://jh.zu.anjuke.com/fangyuan/4577271958232066,1室1厅|整租|精装修|高层(共18层),已爬取
1204,聚佳美丽园,872023,https://jh.zu.anjuke.com/fangyuan/4596844870247427,2室2厅|整租|精装修|高层(共16层),已爬取
1205,聚佳美丽园,872023,https://jh.zu.anjuke.com/fangyuan/4578434914542599,2室2厅|整租|精装修|高层(共18层),已爬取
1206,聚佳美丽园,872023,https://jh.zu.anjuke.com/fangyuan/4617953879202816,2室2厅|整租|精装修|中层(共13层),已爬取
1207,聚佳美丽园,872023,https://jh.zu.anjuke.com/fangyuan/4575327124282375,2室2厅|整租|精装修|低层(共18层),已爬取
1208,常青新城,868083,https://jh.zu.anjuke.com/fangyuan/4626447398052869,3室2厅|整租|精装修|中层(共6层),已爬取
1209,常青新城,868083,https://jh.zu.anjuke.com/fangyuan/4626427036068868,3室2厅|整租|精装修|中层(共6层),已爬取
1210,常青新城,868083,https://jh.zu.anjuke.com/fangyuan/4623501335520271,2室2厅|整租|精装修|低层(共6层),已爬取
1211,常青新城,868083,https://jh.zu.anjuke.com/fangyuan/4633600684026881,5室3厅|整租|豪华装修|高层(共6层),已爬取
1212,常青新城,868083,https://jh.zu.anjuke.com/fangyuan/4633233591868422,3室2厅|整租|精装修|低层(共6层),已爬取
1213,常青新城,868083,https://jh.zu.anjuke.com/fangyuan/4626446298209289,3室3厅|整租|精装修|中层(共6层),已爬取
1214,常青新城,868083,https://jh.zu.anjuke.com/fangyuan/4626414880136193,2室1厅|整租|简单装修|中层(共6层),已爬取
1215,常青新城,868083,https://jh.zu.anjuke.com/fangyuan/4510289902590977,2室2厅|整租|精装修|高层(共6层),已爬取
1216,常青新城,868083,https://jh.zu.anjuke.com/fangyuan/4603963924587527,3室2厅|整租|精装修|共1层,已爬取
1217,常青新城,868083,https://jh.zu.anjuke.com/fangyuan/4603962373499907,2室2厅|整租|精装修|低层(共6层),已爬取
1218,新纪元香墅,863088,https://jh.zu.anjuke.com/fangyuan/4510495480128525,2室2厅|整租|精装修|中层(共18层),已爬取
1219,新纪元香墅,863088,https://jh.zu.anjuke.com/fangyuan/4483482270555137,2室1厅|整租|精装修|高层(共15层),已爬取
1220,新纪元香墅,863088,https://jh.zu.anjuke.com/fangyuan/4450976057793545,2室2厅|整租|豪华装修|中层(共25层),已爬取
1221,新纪元香墅,863088,https://jh.zu.anjuke.com/fangyuan/4483520304131079,2室1厅|整租|豪华装修|高层(共17层),已爬取
1222,新纪元香墅,863088,https://jh.zu.anjuke.com/fangyuan/4631465881936908,1室0厅|整租|精装修|低层(共26层),已爬取
1223,瀚江府,872098,https://jh.zu.anjuke.com/fangyuan/4631451396910080,2室2厅|整租|豪华装修|低层(共32层),已爬取
1224,瀚江府,872098,https://jh.zu.anjuke.com/fangyuan/4480439219088387,3室2厅|整租|精装修|高层(共22层),已爬取
1225,瀚江府,872098,https://jh.zu.anjuke.com/fangyuan/4476733888375822,3室2厅|整租|简单装修|低层(共29层),已爬取
1226,瀚江府,872098,https://jh.zu.anjuke.com/fangyuan/4632378365373444,1室1厅|整租|精装修|低层(共30层),已爬取
1227,瀚江府,872098,https://jh.zu.anjuke.com/fangyuan/4567106526487562,4室2厅|整租|精装修|高层(共32层),已爬取
1228,瀚江府,872098,https://jh.zu.anjuke.com/fangyuan/4564013116611585,4室2厅|整租|精装修|高层(共30层),已爬取
1229,瀚江府,872098,https://jh.zu.anjuke.com/fangyuan/4466748776211468,3室2厅|整租|精装修|中层(共25层),已爬取
1230,瀚江府,872098,https://jh.zu.anjuke.com/fangyuan/4568971764194314,2室2厅|整租|精装修|中层(共32层),已爬取
1231,瀚江府,872098,https://jh.zu.anjuke.com/fangyuan/4486850282118154,2室2厅|整租|精装修|高层(共29层),已爬取
1232,瀚江府,872098,https://jh.zu.anjuke.com/fangyuan/4481976656882702,4室2厅|整租|精装修|低层(共32层),已爬取
1233,利玛国际锦苑,712043,https://jh.zu.anjuke.com/fangyuan/4633530224274435,2室2厅|整租|精装修|高层(共17层),已爬取
1234,利玛国际锦苑,712043,https://jh.zu.anjuke.com/fangyuan/4630733789981705,4室2厅|整租|豪华装修|高层(共17层),已爬取
1235,利玛国际锦苑,712043,https://jh.zu.anjuke.com/fangyuan/4633340532206592,2室2厅|整租|精装修|中层(共21层),已爬取
1236,利玛国际锦苑,712043,https://jh.zu.anjuke.com/fangyuan/4630851240174607,4室2厅|整租|豪华装修|高层(共17层),已爬取
1237,利玛国际锦苑,712043,https://jh.zu.anjuke.com/fangyuan/4582779882560521,2室2厅|整租|精装修|高层(共18层),已爬取
1238,利玛国际锦苑,712043,https://jh.zu.anjuke.com/fangyuan/4583851127860234,2室2厅|整租|精装修|高层(共18层),已爬取
1239,利玛国际锦苑,712043,https://jh.zu.anjuke.com/fangyuan/4527646241401871,3室2厅|整租|豪华装修|高层(共17层),已爬取
1240,利玛国际锦苑,712043,https://jh.zu.anjuke.com/fangyuan/4584066637671435,3室2厅|整租|精装修|低层(共12层),已爬取
1241,利玛国际锦苑,712043,https://jh.zu.anjuke.com/fangyuan/4633518756015119,2室2厅|整租|精装修|高层(共16层),已爬取
1242,利玛国际锦苑,712043,https://jh.zu.anjuke.com/fangyuan/4285451304493066,3室2厅|整租|精装修|高层(共17层),已爬取
1243,丽州首府,863335,https://jh.zu.anjuke.com/fangyuan/4512004568640526,2室2厅|整租|精装修|中层(共9层),已爬取
1244,丽州首府,863335,https://jh.zu.anjuke.com/fangyuan/4546484571560971,4室2厅|整租|精装修|高层(共11层),已爬取
1245,丽州首府,863335,https://jh.zu.anjuke.com/fangyuan/4537731356417035,4室2厅|整租|豪华装修|中层(共17层),已爬取
1246,丽州首府,863335,https://jh.zu.anjuke.com/fangyuan/4624870471347215,2室1厅|整租|精装修|低层(共18层),已爬取
1247,丽州首府,863335,https://jh.zu.anjuke.com/fangyuan/4335043404734473,2室2厅|整租|精装修|中层(共10层),已爬取
1248,御西湖,1072374,https://jh.zu.anjuke.com/fangyuan/4631380430496778,3室2厅|整租|豪华装修|低层(共17层),已爬取
1249,御西湖,1072374,https://jh.zu.anjuke.com/fangyuan/4530381158147074,3室2厅|整租|豪华装修|低层(共16层),已爬取
1250,御西湖,1072374,https://jh.zu.anjuke.com/fangyuan/4530361236139013,4室2厅|整租|豪华装修|低层(共16层),已爬取
1251,御西湖,1072374,https://jh.zu.anjuke.com/fangyuan/4536078914640896,3室2厅|整租|豪华装修|中层(共18层),已爬取
1252,御西湖,1072374,https://jh.zu.anjuke.com/fangyuan/4631385214774281,3室2厅|整租|豪华装修|低层(共16层),已爬取
1253,碧云小苑,863066,https://jh.zu.anjuke.com/fangyuan/4551522553422863,2室2厅|整租|豪华装修|中层(共6层),已爬取
1254,碧云小苑,863066,https://jh.zu.anjuke.com/fangyuan/4480567271728137,3室2厅|整租|精装修|中层(共6层),已爬取
1255,碧云小苑,863066,https://jh.zu.anjuke.com/fangyuan/4269851140135948,2室2厅|整租|精装修|高层(共6层),已爬取
1256,碧云小苑,863066,https://jh.zu.anjuke.com/fangyuan/4605268589648898,3室2厅|整租|精装修|中层(共6层),已爬取
1257,碧云小苑,863066,https://jh.zu.anjuke.com/fangyuan/4602280314741760,3室2厅|整租|精装修|高层(共7层),已爬取
1258,碧云小苑,863066,https://jh.zu.anjuke.com/fangyuan/4577414982329359,3室2厅|整租|精装修|共4层,已爬取
1259,碧云小苑,863066,https://jh.zu.anjuke.com/fangyuan/4612423220747279,3室2厅|整租|精装修|高层(共6层),已爬取
1260,碧云小苑,863066,https://jh.zu.anjuke.com/fangyuan/4605218326195208,2室2厅|整租|豪华装修|中层(共6层),已爬取
1261,碧云小苑,863066,https://jh.zu.anjuke.com/fangyuan/4581220999994379,3室2厅|整租|豪华装修|中层(共7层),已爬取
1262,碧云小苑,863066,https://jh.zu.anjuke.com/fangyuan/4507711436317704,3室2厅|整租|精装修|中层(共6层),已爬取
1263,新湖香格里拉,712138,https://jh.zu.anjuke.com/fangyuan/4567535099452428,3室2厅|整租|简单装修|高层(共28层),已爬取
1264,南岸名城,873423,https://jh.zu.anjuke.com/fangyuan/4486224502397965,1室1厅|整租|豪华装修|共1层,已爬取
1265,南岸名城,873423,https://jh.zu.anjuke.com/fangyuan/4481959629808649,1室1厅|整租|精装修|中层(共10层),已爬取
1266,南岸名城,873423,https://jh.zu.anjuke.com/fangyuan/4632045221784587,3室2厅|整租|精装修|低层(共22层),已爬取
1267,南岸名城,873423,https://jh.zu.anjuke.com/fangyuan/3793142745915402,1室0厅|整租|精装修|中层(共7层),已爬取
1268,南岸名城,873423,https://jh.zu.anjuke.com/fangyuan/3704778474708992,1室1厅|整租|精装修|低层(共7层),已爬取
1269,南岸名城,873423,https://jh.zu.anjuke.com/fangyuan/4625245307216911,3室2厅|整租|精装修|低层(共28层),已爬取
1270,南岸名城,873423,https://jh.zu.anjuke.com/fangyuan/4589713359137794,1室1厅|整租|精装修|高层(共15层),已爬取
1271,南岸名城,873423,https://jh.zu.anjuke.com/fangyuan/4606934898320389,3室2厅|整租|精装修|中层(共28层),已爬取
1272,南岸名城,873423,https://jh.zu.anjuke.com/fangyuan/4629441409819661,3室2厅|整租|精装修|中层(共22层),已爬取
1273,南岸名城,873423,https://jh.zu.anjuke.com/fangyuan/4568832873292805,3室2厅|整租|精装修|中层(共28层),已爬取
1274,怡和雅苑,712116,https://jh.zu.anjuke.com/fangyuan/4606766057366535,2室2厅|整租|精装修|低层(共32层),已爬取
1275,怡和雅苑,712116,https://jh.zu.anjuke.com/fangyuan/4630544296143874,2室2厅|整租|精装修|低层(共22层),已爬取
1276,怡和雅苑,712116,https://jh.zu.anjuke.com/fangyuan/4498930784576514,1室1厅|整租|精装修|低层(共26层),已爬取
1277,怡和雅苑,712116,https://jh.zu.anjuke.com/fangyuan/4609633719020550,1室1厅|整租|精装修|中层(共16层),已爬取
1278,怡和雅苑,712116,https://jh.zu.anjuke.com/fangyuan/4569861952267273,2室2厅|整租|精装修|高层(共30层),已爬取
1279,怡和雅苑,712116,https://jh.zu.anjuke.com/fangyuan/4570101711301634,1室1厅|整租|精装修|低层(共26层),已爬取
1280,怡和雅苑,712116,https://jh.zu.anjuke.com/fangyuan/4629115032808455,1室1厅|整租|精装修|低层(共26层),已爬取
1281,怡和雅苑,712116,https://jh.zu.anjuke.com/fangyuan/4508988468751365,1室1厅|整租|精装修|低层(共19层),已爬取
1282,怡和雅苑,712116,https://jh.zu.anjuke.com/fangyuan/4441133110402055,2室2厅|整租|精装修|低层(共31层),已爬取
1283,怡和雅苑,712116,https://jh.zu.anjuke.com/fangyuan/4627745875696653,2室2厅|整租|精装修|低层(共18层),已爬取
1284,文景苑,868441,https://jh.zu.anjuke.com/fangyuan/4505999460543499,3室2厅|整租|简单装修|高层(共10层),已爬取
1285,文景苑,868441,https://jh.zu.anjuke.com/fangyuan/4521739207678989,3室2厅|整租|精装修|低层(共11层),已爬取
1286,文景苑,868441,https://jh.zu.anjuke.com/fangyuan/4542888307991555,2室2厅|整租|精装修|高层(共11层),已爬取
1287,文景苑,868441,https://jh.zu.anjuke.com/fangyuan/4568572354356225,2室2厅|整租|精装修|低层(共11层),已爬取
1288,文景苑,868441,https://jh.zu.anjuke.com/fangyuan/4612871258858510,2室2厅|整租|精装修|中层(共11层),已爬取
1289,文景苑,868441,https://jh.zu.anjuke.com/fangyuan/4611115158463501,3室2厅|整租|精装修|中层(共11层),已爬取
1290,文景苑,868441,https://jh.zu.anjuke.com/fangyuan/4615342659824652,3室2厅|整租|精装修|中层(共11层),已爬取
1291,文景苑,868441,https://jh.zu.anjuke.com/fangyuan/4554209365124111,2室2厅|整租|精装修|低层(共11层),已爬取
1292,文景苑,868441,https://jh.zu.anjuke.com/fangyuan/4616423505865731,2室2厅|整租|精装修|中层(共10层),已爬取
1293,文景苑,868441,https://jh.zu.anjuke.com/fangyuan/4548696240514053,2室2厅|整租|精装修|高层(共11层),已爬取
1294,江东庭院西区,1103102,https://jh.zu.anjuke.com/fangyuan/4547036561517577,3室2厅|整租|精装修|高层(共6层),已爬取
1295,金厦花园,864287,https://jh.zu.anjuke.com/fangyuan/4505955860868100,2室2厅|整租|精装修|中层(共6层),已爬取
1296,金厦花园,864287,https://jh.zu.anjuke.com/fangyuan/4517225948769289,2室2厅|整租|精装修|高层(共6层),已爬取
1297,金厦花园,864287,https://jh.zu.anjuke.com/fangyuan/4569970246493187,2室1厅|整租|精装修|中层(共6层),已爬取
1298,金地花园,863278,https://jh.zu.anjuke.com/fangyuan/4630844718408713,2室2厅|整租|精装修|中层(共6层),已爬取
1299,金地花园,863278,https://jh.zu.anjuke.com/fangyuan/4632497092406272,2室2厅|整租|精装修|中层(共6层),已爬取
1300,金地花园,863278,https://jh.zu.anjuke.com/fangyuan/4620634737843213,2室2厅|整租|精装修|中层(共6层),已爬取
1301,金地花园,863278,https://jh.zu.anjuke.com/fangyuan/4632430678205442,2室2厅|整租|精装修|中层(共6层),已爬取
1302,金地花园,863278,https://jh.zu.anjuke.com/fangyuan/4633576215862281,2室2厅|整租|精装修|中层(共6层),已爬取
1303,金地花园,863278,https://jh.zu.anjuke.com/fangyuan/4619245952805894,2室2厅|整租|精装修|中层(共6层),已爬取
1304,金地花园,863278,https://jh.zu.anjuke.com/fangyuan/4630840645755911,2室2厅|整租|精装修|中层(共6层),已爬取
1305,金地花园,863278,https://jh.zu.anjuke.com/fangyuan/4632436579787779,2室2厅|整租|精装修|中层(共6层),已爬取
1306,金地花园,863278,https://jh.zu.anjuke.com/fangyuan/4619608206027791,2室2厅|整租|精装修|中层(共6层),已爬取
1307,金地花园,863278,https://jh.zu.anjuke.com/fangyuan/4633607545021454,3室2厅|整租|精装修|高层(共6层),已爬取
1308,尚格康桥别院,868093,https://jh.zu.anjuke.com/fangyuan/4629196251683848,3室1厅|整租|精装修|中层(共11层),已爬取
1309,尚格康桥别院,868093,https://jh.zu.anjuke.com/fangyuan/4605416392530948,2室2厅|整租|精装修|中层(共11层),已爬取
1310,尚格康桥别院,868093,https://jh.zu.anjuke.com/fangyuan/4555539092055048,3室2厅|整租|精装修|高层(共6层),已爬取
1311,尚格康桥别院,868093,https://jh.zu.anjuke.com/fangyuan/4605235527347209,2室2厅|整租|精装修|中层(共11层),已爬取
1312,尚格康桥别院,868093,https://jh.zu.anjuke.com/fangyuan/4612531542221830,2室2厅|整租|精装修|高层(共11层),已爬取
1313,尚格康桥别院,868093,https://jh.zu.anjuke.com/fangyuan/4605102084828168,2室2厅|整租|精装修|中层(共18层),已爬取
1314,尚格康桥别院,868093,https://jh.zu.anjuke.com/fangyuan/4593728109534220,3室2厅|整租|精装修|高层(共11层),已爬取
1315,星河印象,863311,https://jh.zu.anjuke.com/fangyuan/4625374954712068,3室2厅|整租|简单装修|中层(共32层),已爬取
1316,浙师大生活区,925239,https://jh.zu.anjuke.com/fangyuan/4626337561977859,3室2厅|整租|精装修|高层(共6层),已爬取
1317,浙师大生活区,925239,https://jh.zu.anjuke.com/fangyuan/4595490614354945,3室2厅|整租|精装修|高层(共6层),已爬取
1318,浙师大生活区,925239,https://jh.zu.anjuke.com/fangyuan/4480524997993487,3室2厅|整租|精装修|高层(共6层),已爬取
1319,浙师大生活区,925239,https://jh.zu.anjuke.com/fangyuan/4044656103922689,3室2厅|整租|精装修|中层(共6层),已爬取
1320,浙师大生活区,925239,https://jh.zu.anjuke.com/fangyuan/4472059819793421,3室2厅|整租|豪华装修|中层(共6层),已爬取
1321,浙师大生活区,925239,https://jh.zu.anjuke.com/fangyuan/4619306495042568,3室2厅|整租|精装修|高层(共6层),已爬取
1322,浙师大生活区,925239,https://jh.zu.anjuke.com/fangyuan/2779298515459086,1室1厅|整租|精装修|低层(共6层),已爬取
1323,浙师大生活区,925239,https://jh.zu.anjuke.com/fangyuan/4436723344288777,1室0厅|整租|精装修|中层(共6层),已爬取
1324,浙师大生活区,925239,https://jh.zu.anjuke.com/fangyuan/4592484159122442,3室2厅|整租|精装修|高层(共6层),已爬取
1325,浙师大生活区,925239,https://jh.zu.anjuke.com/fangyuan/2777758146305037,1室1厅|整租|精装修|中层(共6层),已爬取
1326,和信花园,863043,https://jh.zu.anjuke.com/fangyuan/4555670878790665,2室2厅|整租|精装修|中层(共6层),已爬取
1327,和信花园,863043,https://jh.zu.anjuke.com/fangyuan/4585709028451337,3室2厅|整租|精装修|低层(共7层),已爬取
1328,和信花园,863043,https://jh.zu.anjuke.com/fangyuan/4605115872074756,2室2厅|整租|精装修|中层(共7层),已爬取
1329,和信花园,863043,https://jh.zu.anjuke.com/fangyuan/4299377502039043,1室1厅|整租|精装修|中层(共6层),已爬取
1330,和信花园,863043,https://jh.zu.anjuke.com/fangyuan/4550293779553287,2室2厅|整租|精装修|中层(共6层),已爬取
1331,和信花园,863043,https://jh.zu.anjuke.com/fangyuan/4632161058710538,2室2厅|整租|精装修|中层(共6层),已爬取
1332,和信花园,863043,https://jh.zu.anjuke.com/fangyuan/4595204783219718,3室2厅|整租|精装修|低层(共6层),已爬取
1333,和信花园,863043,https://jh.zu.anjuke.com/fangyuan/4622292844895234,3室2厅|整租|精装修|低层(共6层),已爬取
1334,和信花园,863043,https://jh.zu.anjuke.com/fangyuan/4582693686762504,2室2厅|整租|精装修|中层(共6层),已爬取
1335,和信花园,863043,https://jh.zu.anjuke.com/fangyuan/4561811866266639,2室1厅|整租|精装修|高层(共6层),已爬取
1336,金色港湾,864600,https://jh.zu.anjuke.com/fangyuan/4500380641254402,2室1厅|整租|豪华装修|低层(共31层),已爬取
1337,金色港湾,864600,https://jh.zu.anjuke.com/fangyuan/4623793347226639,3室2厅|整租|精装修|高层(共30层),已爬取
1338,金色港湾,864600,https://jh.zu.anjuke.com/fangyuan/4345968660405255,3室2厅|整租|精装修|中层(共25层),已爬取
1339,金色港湾,864600,https://jh.zu.anjuke.com/fangyuan/4377592681864197,3室2厅|整租|精装修|低层(共22层),已爬取
1340,金色港湾,864600,https://jh.zu.anjuke.com/fangyuan/4603436223144966,2室1厅|整租|精装修|高层(共28层),已爬取
1341,金色港湾,864600,https://jh.zu.anjuke.com/fangyuan/4356269688462344,3室2厅|整租|精装修|中层(共31层),已爬取
1342,金色港湾,864600,https://jh.zu.anjuke.com/fangyuan/4516213903137795,3室2厅|整租|精装修|高层(共27层),已爬取
1343,金色港湾,864600,https://jh.zu.anjuke.com/fangyuan/4377553716601866,4室2厅|整租|精装修|中层(共29层),已爬取
1344,金色港湾,864600,https://jh.zu.anjuke.com/fangyuan/4370494736067596,3室2厅|整租|豪华装修|中层(共28层),已爬取
1345,金色港湾,864600,https://jh.zu.anjuke.com/fangyuan/4568312935541766,4室2厅|整租|豪华装修|中层(共26层),已爬取
1346,春天国际公寓,712000,https://jh.zu.anjuke.com/fangyuan/4615102471412742,3室2厅|整租|精装修|高层(共29层),已爬取
1347,春天国际公寓,712000,https://jh.zu.anjuke.com/fangyuan/4633393604729862,2室1厅|整租|精装修|高层(共32层),已爬取
1348,春天国际公寓,712000,https://jh.zu.anjuke.com/fangyuan/4561258119015427,1室1厅|整租|豪华装修|高层(共32层),已爬取
1349,春天国际公寓,712000,https://jh.zu.anjuke.com/fangyuan/4618189922757644,2室1厅|整租|精装修|中层(共31层),已爬取
1350,春天国际公寓,712000,https://jh.zu.anjuke.com/fangyuan/4619451116758028,2室1厅|整租|豪华装修|中层(共31层),已爬取
1351,春天国际公寓,712000,https://jh.zu.anjuke.com/fangyuan/4542157613345801,2室1厅|整租|精装修|低层(共31层),已爬取
1352,春天国际公寓,712000,https://jh.zu.anjuke.com/fangyuan/4629355858928652,2室1厅|整租|精装修|中层(共30层),已爬取
1353,春天国际公寓,712000,https://jh.zu.anjuke.com/fangyuan/4533084535282690,1室2厅|整租|精装修|高层(共31层),已爬取
1354,春天国际公寓,712000,https://jh.zu.anjuke.com/fangyuan/4419648592587780,2室1厅|整租|豪华装修|高层(共32层),已爬取
1355,春天国际公寓,712000,https://jh.zu.anjuke.com/fangyuan/4603057197689862,2室1厅|整租|精装修|中层(共31层),已爬取
1356,世纪花城(北区),1103088,https://jh.zu.anjuke.com/fangyuan/4208776268639243,3室2厅|整租|精装修|低层(共11层),已爬取
1357,世纪花城(北区),1103088,https://jh.zu.anjuke.com/fangyuan/4582674434761729,1室1厅|整租|精装修|中层(共6层),已爬取
1358,世纪花城(北区),1103088,https://jh.zu.anjuke.com/fangyuan/4598012741198855,3室2厅|整租|精装修|低层(共32层),已爬取
1359,世纪花城(北区),1103088,https://jh.zu.anjuke.com/fangyuan/4543261008964621,3室1厅|整租|豪华装修|低层(共20层),已爬取
1360,世纪花城(北区),1103088,https://jh.zu.anjuke.com/fangyuan/4548843837107203,3室1厅|整租|豪华装修|低层(共24层),已爬取
1361,世纪花城(北区),1103088,https://jh.zu.anjuke.com/fangyuan/4341755386372105,3室2厅|整租|精装修|中层(共22层),已爬取
1362,世纪花城(北区),1103088,https://jh.zu.anjuke.com/fangyuan/4541775030410247,7室3厅|整租|豪华装修|共3层,已爬取
1363,世纪花城(北区),1103088,https://jh.zu.anjuke.com/fangyuan/4543322204808196,3室2厅|整租|精装修|低层(共19层),已爬取
1364,世纪花城(北区),1103088,https://jh.zu.anjuke.com/fangyuan/4599677710457867,3室2厅|整租|精装修|低层(共11层),已爬取
1365,世纪花城(北区),1103088,https://jh.zu.anjuke.com/fangyuan/4509212325047298,8室5厅|整租|精装修|共4层,已爬取
1366,金地都会之光,1134839,https://jh.zu.anjuke.com/fangyuan/4628122117336071,3室2厅|整租|精装修|中层(共15层),已爬取
1367,金地都会之光,1134839,https://jh.zu.anjuke.com/fangyuan/4509013517134855,3室2厅|整租|豪华装修|中层(共18层),已爬取
1368,金地都会之光,1134839,https://jh.zu.anjuke.com/fangyuan/4592661083122691,4室2厅|整租|豪华装修|高层(共18层),已爬取
1369,金地都会之光,1134839,https://jh.zu.anjuke.com/fangyuan/4489211681088514,3室2厅|整租|精装修|中层(共17层),已爬取
1370,金地都会之光,1134839,https://jh.zu.anjuke.com/fangyuan/4536031619017736,3室2厅|整租|精装修|高层(共8层),已爬取
1371,金地都会之光,1134839,https://jh.zu.anjuke.com/fangyuan/4339205331872772,3室2厅|整租|精装修|中层(共13层),已爬取
1372,金地都会之光,1134839,https://jh.zu.anjuke.com/fangyuan/4538609587627010,3室2厅|整租|豪华装修|中层(共17层),已爬取
1373,金地都会之光,1134839,https://jh.zu.anjuke.com/fangyuan/4344646098853897,3室2厅|整租|豪华装修|高层(共13层),已爬取
1374,金地都会之光,1134839,https://jh.zu.anjuke.com/fangyuan/4544348953517056,4室2厅|整租|豪华装修|中层(共17层),已爬取
1375,金地都会之光,1134839,https://jh.zu.anjuke.com/fangyuan/4567259012852743,3室2厅|整租|精装修|中层(共25层),已爬取
1376,嘉恒格林恬园,712059,https://jh.zu.anjuke.com/fangyuan/4535581773194243,3室2厅|整租|精装修|低层(共6层),已爬取
1377,美的融信君兰江山,1064280,https://jh.zu.anjuke.com/fangyuan/4626988384152590,4室2厅|整租|豪华装修|高层(共18层),已爬取
1378,美的融信君兰江山,1064280,https://jh.zu.anjuke.com/fangyuan/4567129140997128,4室2厅|整租|精装修|高层(共17层),已爬取
1379,美的融信君兰江山,1064280,https://jh.zu.anjuke.com/fangyuan/4588140762786820,4室2厅|整租|豪华装修|高层(共18层),已爬取
1380,美的融信君兰江山,1064280,https://jh.zu.anjuke.com/fangyuan/4493521706083341,4室2厅|整租|豪华装修|低层(共11层),已爬取
1381,美的融信君兰江山,1064280,https://jh.zu.anjuke.com/fangyuan/4621241935717376,4室2厅|整租|豪华装修|高层(共17层),已爬取
1382,美的融信君兰江山,1064280,https://jh.zu.anjuke.com/fangyuan/4473931987708940,4室2厅|整租|豪华装修|高层(共19层),已爬取
1383,美的融信君兰江山,1064280,https://jh.zu.anjuke.com/fangyuan/4358766907350029,3室2厅|整租|精装修|高层(共17层),已爬取
1384,美的融信君兰江山,1064280,https://jh.zu.anjuke.com/fangyuan/4425481558633479,4室2厅|整租|豪华装修|高层(共17层),已爬取
1385,美的融信君兰江山,1064280,https://jh.zu.anjuke.com/fangyuan/4493549948609538,4室2厅|整租|豪华装修|低层(共6层),已爬取
1386,美的融信君兰江山,1064280,https://jh.zu.anjuke.com/fangyuan/4567159608402944,4室2厅|整租|豪华装修|高层(共17层),已爬取
1387,明珠新城(二区),1103199,https://jh.zu.anjuke.com/fangyuan/4614945064492041,3室1厅|整租|精装修|低层(共15层),已爬取
1388,明珠新城(二区),1103199,https://jh.zu.anjuke.com/fangyuan/4568433254816775,1室1厅|整租|豪华装修|中层(共6层),已爬取
1389,明珠新城(二区),1103199,https://jh.zu.anjuke.com/fangyuan/4622071140475904,2室1厅|整租|精装修|共5层,已爬取
1390,明珠新城(二区),1103199,https://jh.zu.anjuke.com/fangyuan/4622048600071182,3室1厅|整租|豪华装修|低层(共15层),已爬取
1391,明珠新城(二区),1103199,https://jh.zu.anjuke.com/fangyuan/4582826218908685,3室2厅|整租|精装修|共5层,已爬取
1392,明珠新城(二区),1103199,https://jh.zu.anjuke.com/fangyuan/4514603654212620,1室0厅|整租|精装修|共5层,已爬取
1393,明珠新城(二区),1103199,https://jh.zu.anjuke.com/fangyuan/4194917406416897,3室2厅|整租|精装修|中层(共16层),已爬取
1394,工商城,864277,https://jh.zu.anjuke.com/fangyuan/4630648524774405,3室2厅|整租|精装修|低层(共6层),已爬取
1395,工商城,864277,https://jh.zu.anjuke.com/fangyuan/4197305444248586,1室1厅|整租|精装修|中层(共10层),已爬取
1396,工商城,864277,https://jh.zu.anjuke.com/fangyuan/4082695038230528,1室1厅|整租|精装修|共5层,已爬取
1397,工商城,864277,https://jh.zu.anjuke.com/fangyuan/3893117703906319,1室1厅|整租|精装修|高层(共6层),已爬取
1398,工商城,864277,https://jh.zu.anjuke.com/fangyuan/4572780616870925,2室2厅|整租|精装修|共5层,已爬取
1399,工商城,864277,https://jh.zu.anjuke.com/fangyuan/4397314367740934,3室2厅|整租|精装修|中层(共6层),已爬取
1400,工商城,864277,https://jh.zu.anjuke.com/fangyuan/4564370080750599,3室2厅|整租|精装修|低层(共6层),已爬取
1401,工商城,864277,https://jh.zu.anjuke.com/fangyuan/4626442365936653,3室2厅|整租|豪华装修|高层(共7层),已爬取
1402,工商城,864277,https://jh.zu.anjuke.com/fangyuan/4609627281927175,1室0厅|整租|精装修|低层(共10层),已爬取
1403,工商城,864277,https://jh.zu.anjuke.com/fangyuan/4619855807044616,4室2厅|整租|精装修|中层(共6层),已爬取
1404,保集江湾壹号,1077335,https://jh.zu.anjuke.com/fangyuan/4618817868868616,3室2厅|整租|豪华装修|中层(共19层),已爬取
1405,保集江湾壹号,1077335,https://jh.zu.anjuke.com/fangyuan/4606570347095051,3室2厅|整租|豪华装修|高层(共17层),已爬取
1406,保集江湾壹号,1077335,https://jh.zu.anjuke.com/fangyuan/4605361715047435,3室2厅|整租|豪华装修|高层(共17层),已爬取
1407,保集江湾壹号,1077335,https://jh.zu.anjuke.com/fangyuan/4602571342425091,3室2厅|整租|豪华装修|中层(共20层),已爬取
1408,保集江湾壹号,1077335,https://jh.zu.anjuke.com/fangyuan/4595685771731980,3室2厅|整租|豪华装修|高层(共19层),已爬取
1409,保集江湾壹号,1077335,https://jh.zu.anjuke.com/fangyuan/4595683504413710,3室2厅|整租|豪华装修|高层(共16层),已爬取
1410,保集江湾壹号,1077335,https://jh.zu.anjuke.com/fangyuan/4542891572784142,4室2厅|整租|豪华装修|低层(共14层),已爬取
1411,香格里花园(东区),1201031,https://jh.zu.anjuke.com/fangyuan/4533520007568389,2室1厅|整租|精装修|高层(共6层),已爬取
1412,香格里花园(东区),1201031,https://jh.zu.anjuke.com/fangyuan/4618166829865994,2室2厅|整租|精装修|低层(共6层),已爬取
1413,香格里花园(东区),1201031,https://jh.zu.anjuke.com/fangyuan/4585626691068932,2室2厅|整租|精装修|低层(共6层),已爬取
1414,香格里花园(东区),1201031,https://jh.zu.anjuke.com/fangyuan/4503809629545482,3室2厅|整租|精装修|中层(共6层),已爬取
1415,五星清华园,712115,https://jh.zu.anjuke.com/fangyuan/4633444683719682,3室2厅|整租|精装修|中层(共6层),已爬取
1416,天和景园,863279,https://jh.zu.anjuke.com/fangyuan/4397232626605057,3室2厅|整租|豪华装修|高层(共17层),已爬取
1417,天和景园,863279,https://jh.zu.anjuke.com/fangyuan/4606817554328587,3室2厅|整租|精装修|高层(共22层),已爬取
1418,天和景园,863279,https://jh.zu.anjuke.com/fangyuan/4504916970089474,3室1厅|整租|精装修|低层(共20层),已爬取
1419,天和景园,863279,https://jh.zu.anjuke.com/fangyuan/4381777835088902,4室2厅|整租|精装修|中层(共21层),已爬取
1420,天和景园,863279,https://jh.zu.anjuke.com/fangyuan/4486590991608843,4室2厅|整租|豪华装修|低层(共29层),已爬取
1421,天和景园,863279,https://jh.zu.anjuke.com/fangyuan/4612315976358914,4室2厅|整租|精装修|中层(共17层),已爬取
1422,天和景园,863279,https://jh.zu.anjuke.com/fangyuan/4609817577872391,4室2厅|整租|豪华装修|中层(共21层),已爬取
1423,天和景园,863279,https://jh.zu.anjuke.com/fangyuan/4609348151012352,4室2厅|整租|精装修|低层(共28层),已爬取
1424,天和景园,863279,https://jh.zu.anjuke.com/fangyuan/4491075834389504,2室2厅|整租|豪华装修|高层(共13层),已爬取
1425,中浙阳光都市花园,712126,https://jh.zu.anjuke.com/fangyuan/4416738874125317,3室2厅|整租|精装修|高层(共18层),已爬取
1426,中浙阳光都市花园,712126,https://jh.zu.anjuke.com/fangyuan/4559831413894153,3室2厅|整租|精装修|高层(共17层),已爬取
1427,中浙阳光都市花园,712126,https://jh.zu.anjuke.com/fangyuan/4571452352097286,3室2厅|整租|豪华装修|中层(共19层),已爬取
1428,中浙阳光都市花园,712126,https://jh.zu.anjuke.com/fangyuan/4632650796887055,2室1厅|整租|豪华装修|中层(共9层),已爬取
1429,中浙阳光都市花园,712126,https://jh.zu.anjuke.com/fangyuan/4625267319368717,3室2厅|整租|精装修|中层(共6层),已爬取
1430,中浙阳光都市花园,712126,https://jh.zu.anjuke.com/fangyuan/4621355212921863,3室2厅|整租|精装修|中层(共28层),已爬取
1431,中浙阳光都市花园,712126,https://jh.zu.anjuke.com/fangyuan/4359155439230990,3室2厅|整租|精装修|中层(共13层),已爬取
1432,泰瑞家园,868045,https://jh.zu.anjuke.com/fangyuan/4544176816774158,3室2厅|整租|精装修|中层(共6层),已爬取
1433,泰瑞家园,868045,https://jh.zu.anjuke.com/fangyuan/4408390769763343,3室2厅|整租|精装修|中层(共6层),已爬取
1434,泰瑞家园,868045,https://jh.zu.anjuke.com/fangyuan/3700547318342660,1室0厅|整租|精装修|低层(共14层),已爬取
1435,泰瑞家园,868045,https://jh.zu.anjuke.com/fangyuan/4446544199869445,1室0厅|整租|精装修|共4层,已爬取
1436,泰瑞家园,868045,https://jh.zu.anjuke.com/fangyuan/4608188269911055,2室2厅|整租|精装修|低层(共6层),已爬取
1437,溪西帝景,1015100,https://jh.zu.anjuke.com/fangyuan/4627673189571596,2室2厅|整租|精装修|中层(共15层),已爬取
1438,溪西帝景,1015100,https://jh.zu.anjuke.com/fangyuan/4626284197075976,2室2厅|整租|精装修|中层(共11层),已爬取
1439,溪西帝景,1015100,https://jh.zu.anjuke.com/fangyuan/4583860264311816,3室2厅|整租|精装修|中层(共17层),已爬取
1440,溪西帝景,1015100,https://jh.zu.anjuke.com/fangyuan/4197417232424975,1室0厅|整租|精装修|高层(共20层),已爬取
1441,溪西帝景,1015100,https://jh.zu.anjuke.com/fangyuan/4564700801197064,1室1厅|整租|精装修|高层(共18层),已爬取
1442,溪西帝景,1015100,https://jh.zu.anjuke.com/fangyuan/4196913739901952,1室0厅|整租|精装修|高层(共20层),已爬取
1443,溪西帝景,1015100,https://jh.zu.anjuke.com/fangyuan/4605406454703118,2室1厅|整租|精装修|共5层,已爬取
1444,溪西帝景,1015100,https://jh.zu.anjuke.com/fangyuan/4630542180803592,2室2厅|整租|精装修|中层(共17层),已爬取
1445,溪西帝景,1015100,https://jh.zu.anjuke.com/fangyuan/4562603138128904,1室1厅|整租|精装修|高层(共17层),已爬取
1446,溪西帝景,1015100,https://jh.zu.anjuke.com/fangyuan/4503174637216781,1室1厅|整租|精装修|中层(共10层),已爬取
1447,嘉华佳园,711987,https://jh.zu.anjuke.com/fangyuan/4623858514848770,2室2厅|整租|精装修|低层(共6层),已爬取
1448,嘉华佳园,711987,https://jh.zu.anjuke.com/fangyuan/4586717643172877,2室2厅|整租|精装修|中层(共11层),已爬取
1449,嘉华佳园,711987,https://jh.zu.anjuke.com/fangyuan/4376207714458627,2室1厅|整租|精装修|低层(共11层),已爬取
1450,嘉华佳园,711987,https://jh.zu.anjuke.com/fangyuan/4579644988173316,3室2厅|整租|精装修|高层(共6层),已爬取
1451,嘉华佳园,711987,https://jh.zu.anjuke.com/fangyuan/4622501156840449,2室1厅|整租|精装修|中层(共11层),已爬取
1452,嘉华佳园,711987,https://jh.zu.anjuke.com/fangyuan/4622520132772875,3室2厅|整租|精装修|高层(共6层),已爬取
1453,嘉华佳园,711987,https://jh.zu.anjuke.com/fangyuan/4466230797822989,1室1厅|整租|精装修|中层(共10层),已爬取
1454,嘉华佳园,711987,https://jh.zu.anjuke.com/fangyuan/4601050026288137,1室1厅|整租|精装修|中层(共15层),已爬取
1455,香格里花园(西区),863039,https://jh.zu.anjuke.com/fangyuan/4632235483948033,1室1厅|整租|豪华装修|低层(共15层),已爬取
1456,香格里花园(西区),863039,https://jh.zu.anjuke.com/fangyuan/4572957099437068,4室2厅|整租|精装修|高层(共15层),已爬取
1457,香格里花园(西区),863039,https://jh.zu.anjuke.com/fangyuan/4551556660702214,1室1厅|整租|精装修|中层(共10层),已爬取
1458,香格里花园(西区),863039,https://jh.zu.anjuke.com/fangyuan/4588355234294785,1室1厅|整租|精装修|高层(共10层),已爬取
1459,香格里花园(西区),863039,https://jh.zu.anjuke.com/fangyuan/4030336784392203,1室1厅|整租|精装修|共1层,已爬取
1460,香格里花园(西区),863039,https://jh.zu.anjuke.com/fangyuan/4582333991574538,1室1厅|整租|精装修|中层(共17层),已爬取
1461,香格里花园(西区),863039,https://jh.zu.anjuke.com/fangyuan/4569618667580430,3室2厅|整租|精装修|中层(共6层),已爬取
1462,香格里花园(西区),863039,https://jh.zu.anjuke.com/fangyuan/4562561997513733,4室2厅|整租|豪华装修|中层(共6层),已爬取
1463,香格里花园(西区),863039,https://jh.zu.anjuke.com/fangyuan/4576749214505998,3室2厅|整租|豪华装修|低层(共14层),已爬取
1464,香格里花园(西区),863039,https://jh.zu.anjuke.com/fangyuan/4588249566340105,1室1厅|整租|豪华装修|中层(共15层),已爬取
1465,御景花园,968871,https://jh.zu.anjuke.com/fangyuan/4593882831133710,1室0厅|整租|精装修|中层(共16层),已爬取
1466,御景花园,968871,https://jh.zu.anjuke.com/fangyuan/4582335037137928,2室2厅|整租|精装修|低层(共15层),已爬取
1467,御景花园,968871,https://jh.zu.anjuke.com/fangyuan/4524714262389760,3室2厅|整租|精装修|中层(共11层),已爬取
1468,御景花园,968871,https://jh.zu.anjuke.com/fangyuan/4593888421469186,1室1厅|整租|精装修|中层(共16层),已爬取
1469,御景花园,968871,https://jh.zu.anjuke.com/fangyuan/4596784466586624,3室2厅|整租|精装修|低层(共6层),已爬取
1470,御景花园,968871,https://jh.zu.anjuke.com/fangyuan/4489077266031621,1室1厅|整租|精装修|中层(共11层),已爬取
1471,御景花园,968871,https://jh.zu.anjuke.com/fangyuan/4586950975925249,1室0厅|整租|精装修|低层(共20层),已爬取
1472,御景花园,968871,https://jh.zu.anjuke.com/fangyuan/4608526411492360,1室0厅|整租|精装修|中层(共16层),已爬取
1473,御景花园,968871,https://jh.zu.anjuke.com/fangyuan/4596798650641417,3室2厅|整租|精装修|低层(共6层),已爬取
1474,御景花园,968871,https://jh.zu.anjuke.com/fangyuan/4576989628275717,1室0厅|整租|精装修|低层(共22层),已爬取
1475,尖峰郦园,872104,https://jh.zu.anjuke.com/fangyuan/4556954268754959,3室2厅|整租|精装修|低层(共6层),已爬取
1476,尖峰郦园,872104,https://jh.zu.anjuke.com/fangyuan/4275917071952897,1室1厅|整租|精装修|低层(共6层),已爬取
1477,尖峰郦园,872104,https://jh.zu.anjuke.com/fangyuan/3687950058151938,1室1厅|整租|精装修|共5层,已爬取
1478,安居苑(永康),925577,https://jh.zu.anjuke.com/fangyuan/4549913200681997,3室2厅|整租|精装修|共5层,已爬取
1479,安居苑(永康),925577,https://jh.zu.anjuke.com/fangyuan/4627017470761993,3室2厅|整租|精装修|高层(共6层),已爬取
1480,安居苑(永康),925577,https://jh.zu.anjuke.com/fangyuan/4627034510613512,3室2厅|整租|精装修|共5层,已爬取
1481,婺江新村(北区),969317,https://jh.zu.anjuke.com/fangyuan/4613586824946700,3室2厅|整租|精装修|低层(共6层),已爬取
1482,婺江新村(北区),969317,https://jh.zu.anjuke.com/fangyuan/4605323727416330,3室2厅|整租|精装修|低层(共6层),已爬取
1483,婺江新村(北区),969317,https://jh.zu.anjuke.com/fangyuan/4552694194904064,1室0厅|整租|精装修|中层(共30层),已爬取
1484,世纪花城(南区),1103086,https://jh.zu.anjuke.com/fangyuan/3260362678968320,2室2厅|整租|精装修|高层(共11层),已爬取
1485,金报御园,1015094,https://jh.zu.anjuke.com/fangyuan/4607811366038530,4室2厅|整租|精装修|中层(共19层),已爬取
1486,金报御园,1015094,https://jh.zu.anjuke.com/fangyuan/4603443739208709,3室2厅|整租|精装修|低层(共16层),已爬取
1487,金报御园,1015094,https://jh.zu.anjuke.com/fangyuan/4494635594310667,3室2厅|整租|精装修|低层(共17层),已爬取
1488,金报御园,1015094,https://jh.zu.anjuke.com/fangyuan/4234554714123272,4室2厅|整租|精装修|中层(共18层),已爬取
1489,金报御园,1015094,https://jh.zu.anjuke.com/fangyuan/4606922052049935,4室2厅|整租|精装修|高层(共18层),已爬取
1490,金报御园,1015094,https://jh.zu.anjuke.com/fangyuan/4609309145144333,3室2厅|整租|精装修|低层(共13层),已爬取
1491,金报御园,1015094,https://jh.zu.anjuke.com/fangyuan/4579778270274570,4室2厅|整租|精装修|高层(共11层),已爬取
1492,浙商财富公馆,969266,https://jh.zu.anjuke.com/fangyuan/4622002008482831,3室2厅|整租|精装修|高层(共23层),已爬取
1493,浙商财富公馆,969266,https://jh.zu.anjuke.com/fangyuan/4631012492811270,3室2厅|整租|简单装修|高层(共29层),已爬取
1494,浙商财富公馆,969266,https://jh.zu.anjuke.com/fangyuan/4578042095674380,3室2厅|整租|简单装修|中层(共28层),已爬取
1495,浙商财富公馆,969266,https://jh.zu.anjuke.com/fangyuan/4571337418206212,3室2厅|整租|精装修|中层(共25层),已爬取
1496,浙商财富公馆,969266,https://jh.zu.anjuke.com/fangyuan/4622007439729679,2室2厅|整租|精装修|低层(共23层),已爬取
1497,浙商财富公馆,969266,https://jh.zu.anjuke.com/fangyuan/4410141743705103,3室2厅|整租|精装修|高层(共18层),已爬取
1498,浙商财富公馆,969266,https://jh.zu.anjuke.com/fangyuan/4556993728095233,2室2厅|整租|精装修|高层(共25层),已爬取
1499,浙商财富公馆,969266,https://jh.zu.anjuke.com/fangyuan/4388820005559296,2室2厅|整租|精装修|高层(共25层),已爬取
1500,浙商财富公馆,969266,https://jh.zu.anjuke.com/fangyuan/4392931353537541,3室2厅|整租|精装修|中层(共29层),已爬取
1501,浙商财富公馆,969266,https://jh.zu.anjuke.com/fangyuan/4571223380859916,2室2厅|整租|精装修|低层(共29层),已爬取
1502,九铃华府,872081,https://jh.zu.anjuke.com/fangyuan/4394567934209036,3室2厅|整租|精装修|高层(共16层),已爬取
1503,九铃华府,872081,https://jh.zu.anjuke.com/fangyuan/4521746366573568,2室1厅|整租|豪华装修|中层(共29层),已爬取
1504,九铃华府,872081,https://jh.zu.anjuke.com/fangyuan/4622157896899599,2室1厅|整租|精装修|高层(共20层),已爬取
1505,金报江景公寓,711982,https://jh.zu.anjuke.com/fangyuan/4608403642620938,4室2厅|整租|精装修|低层(共12层),已爬取
1506,金报江景公寓,711982,https://jh.zu.anjuke.com/fangyuan/4602469553777677,3室2厅|整租|精装修|低层(共11层),已爬取
1507,金报江景公寓,711982,https://jh.zu.anjuke.com/fangyuan/4602469124414471,3室2厅|整租|精装修|低层(共16层),已爬取
1508,万安米兰苑,863150,https://jh.zu.anjuke.com/fangyuan/4556849304691722,1室0厅|整租|精装修|中层(共15层),已爬取
1509,今日嘉园,863151,https://jh.zu.anjuke.com/fangyuan/4234197204659212,1室1厅|整租|精装修|中层(共13层),已爬取
1510,今日嘉园,863151,https://jh.zu.anjuke.com/fangyuan/4593782473792520,1室1厅|整租|精装修|中层(共15层),已爬取
1511,金报尊园,969029,https://jh.zu.anjuke.com/fangyuan/4479720707515407,1室0厅|整租|简单装修|低层(共19层),已爬取
1512,金报尊园,969029,https://jh.zu.anjuke.com/fangyuan/4626655660481537,1室1厅|整租|精装修|低层(共19层),已爬取
1513,金报尊园,969029,https://jh.zu.anjuke.com/fangyuan/4541830882417665,1室1厅|整租|精装修|低层(共19层),已爬取
1514,金报尊园,969029,https://jh.zu.anjuke.com/fangyuan/4619250335015945,1室1厅|整租|精装修|中层(共11层),已爬取
1515,金报尊园,969029,https://jh.zu.anjuke.com/fangyuan/4602171766432772,1室1厅|整租|精装修|中层(共19层),已爬取
1516,金报尊园,969029,https://jh.zu.anjuke.com/fangyuan/4536207783734274,1室1厅|整租|精装修|低层(共17层),已爬取
1517,金报尊园,969029,https://jh.zu.anjuke.com/fangyuan/4630691028540416,3室2厅|整租|精装修|中层(共9层),已爬取
1518,金报尊园,969029,https://jh.zu.anjuke.com/fangyuan/4609328787893248,1室1厅|整租|精装修|低层(共18层),已爬取
1519,金报尊园,969029,https://jh.zu.anjuke.com/fangyuan/4589467310777347,1室0厅|整租|精装修|低层(共18层),已爬取
1520,金报尊园,969029,https://jh.zu.anjuke.com/fangyuan/4547307234763783,1室1厅|整租|精装修|中层(共17层),已爬取
1521,翠竹庭院,872807,https://jh.zu.anjuke.com/fangyuan/4585305817951246,3室2厅|整租|精装修|高层(共11层),已爬取
1522,翠竹庭院,872807,https://jh.zu.anjuke.com/fangyuan/4569693806140423,3室2厅|整租|精装修|中层(共20层),已爬取
1523,翠竹庭院,872807,https://jh.zu.anjuke.com/fangyuan/4543528025791501,2室2厅|整租|精装修|高层(共18层),已爬取
1524,翠竹庭院,872807,https://jh.zu.anjuke.com/fangyuan/4585276701697024,3室2厅|整租|精装修|中层(共18层),已爬取
1525,翠竹庭院,872807,https://jh.zu.anjuke.com/fangyuan/4543546413132802,3室2厅|整租|精装修|低层(共6层),已爬取
1526,深蓝艺墅,863144,https://jh.zu.anjuke.com/fangyuan/4616666284155915,2室2厅|整租|精装修|高层(共19层),已爬取
1527,深蓝艺墅,863144,https://jh.zu.anjuke.com/fangyuan/4516211519349766,2室2厅|整租|精装修|中层(共6层),已爬取
1528,深蓝艺墅,863144,https://jh.zu.anjuke.com/fangyuan/4616628380294148,2室2厅|整租|精装修|中层(共18层),已爬取
1529,紫东苑南区,712104,https://jh.zu.anjuke.com/fangyuan/4630812236815364,3室2厅|整租|精装修|中层(共6层),已爬取
1530,四季清风苑,872797,https://jh.zu.anjuke.com/fangyuan/4502123162786817,3室2厅|整租|精装修|高层(共17层),已爬取
1531,鸿基熙岸,908143,https://jh.zu.anjuke.com/fangyuan/4578385488307211,2室2厅|整租|精装修|高层(共18层),已爬取
1532,鸿基熙岸,908143,https://jh.zu.anjuke.com/fangyuan/4532968970413060,2室2厅|整租|精装修|高层(共24层),已爬取
1533,鸿基熙岸,908143,https://jh.zu.anjuke.com/fangyuan/4593964572322819,2室2厅|整租|精装修|高层(共19层),已爬取
1534,鸿基熙岸,908143,https://jh.zu.anjuke.com/fangyuan/4585611840248842,2室2厅|整租|精装修|高层(共18层),已爬取
1535,鸿基熙岸,908143,https://jh.zu.anjuke.com/fangyuan/4536040385831943,2室2厅|整租|精装修|高层(共20层),已爬取
1536,鸿基熙岸,908143,https://jh.zu.anjuke.com/fangyuan/4620974228839432,2室2厅|整租|精装修|高层(共20层),已爬取
1537,南滨花园,863040,https://jh.zu.anjuke.com/fangyuan/4337501875629058,1室1厅|整租|精装修|高层(共6层),已爬取
1538,南滨花园,863040,https://jh.zu.anjuke.com/fangyuan/4579599079300096,2室2厅|整租|精装修|高层(共6层),已爬取
1539,南滨花园,863040,https://jh.zu.anjuke.com/fangyuan/4629395221341187,3室2厅|整租|精装修|高层(共7层),已爬取
1540,南滨花园,863040,https://jh.zu.anjuke.com/fangyuan/4630849311681549,2室2厅|整租|精装修|中层(共6层),已爬取
1541,南滨花园,863040,https://jh.zu.anjuke.com/fangyuan/4515919006802950,3室2厅|整租|精装修|低层(共6层),已爬取
1542,南滨花园,863040,https://jh.zu.anjuke.com/fangyuan/4602620380732428,3室1厅|整租|精装修|中层(共6层),已爬取
1543,南滨花园,863040,https://jh.zu.anjuke.com/fangyuan/4515941827159044,3室2厅|整租|精装修|中层(共6层),已爬取
1544,南滨花园,863040,https://jh.zu.anjuke.com/fangyuan/4239813008613381,3室2厅|整租|精装修|高层(共6层),已爬取
1545,南滨花园,863040,https://jh.zu.anjuke.com/fangyuan/4542718522403848,3室2厅|整租|豪华装修|中层(共6层),已爬取
1546,南滨花园,863040,https://jh.zu.anjuke.com/fangyuan/4170642085141517,3室2厅|整租|豪华装修|高层(共6层),已爬取
1547,鑫源中心,969479,https://jh.zu.anjuke.com/fangyuan/4623848046945285,3室2厅|整租|精装修|中层(共32层),已爬取
1548,鑫源中心,969479,https://jh.zu.anjuke.com/fangyuan/4632172924541963,3室2厅|整租|简单装修|高层(共29层),已爬取
1549,鑫源中心,969479,https://jh.zu.anjuke.com/fangyuan/4574755602930697,3室2厅|整租|精装修|低层(共30层),已爬取
1550,鑫源中心,969479,https://jh.zu.anjuke.com/fangyuan/4363073875289093,3室2厅|整租|精装修|低层(共29层),已爬取
1551,鑫源中心,969479,https://jh.zu.anjuke.com/fangyuan/4577093182233610,3室2厅|整租|精装修|中层(共26层),已爬取
1552,鑫源中心,969479,https://jh.zu.anjuke.com/fangyuan/4574161387105294,3室2厅|整租|精装修|低层(共29层),已爬取
1553,鑫源中心,969479,https://jh.zu.anjuke.com/fangyuan/4312369815858181,3室2厅|整租|精装修|中层(共25层),已爬取
1554,鑫源中心,969479,https://jh.zu.anjuke.com/fangyuan/4632184031140873,3室2厅|整租|精装修|中层(共29层),已爬取
1555,鑫源中心,969479,https://jh.zu.anjuke.com/fangyuan/4359023853984782,3室2厅|整租|精装修|中层(共26层),已爬取
1556,鑫源中心,969479,https://jh.zu.anjuke.com/fangyuan/4623605677906950,3室2厅|整租|简单装修|中层(共29层),已爬取
1557,翡翠苑,872100,https://jh.zu.anjuke.com/fangyuan/4621985473225736,2室2厅|整租|精装修|共5层,已爬取
1558,翡翠苑,872100,https://jh.zu.anjuke.com/fangyuan/4490460851346444,3室2厅|整租|精装修|中层(共6层),已爬取
1559,翡翠苑,872100,https://jh.zu.anjuke.com/fangyuan/4630779496061964,1室1厅|整租|精装修|中层(共6层),已爬取
1560,翡翠苑,872100,https://jh.zu.anjuke.com/fangyuan/4631959747632135,3室2厅|整租|精装修|低层(共6层),已爬取
1561,翡翠苑,872100,https://jh.zu.anjuke.com/fangyuan/4621956630436879,3室2厅|整租|精装修|低层(共6层),已爬取
1562,翡翠苑,872100,https://jh.zu.anjuke.com/fangyuan/4588466843509774,5室3厅|整租|精装修|高层(共6层),已爬取
1563,翡翠苑,872100,https://jh.zu.anjuke.com/fangyuan/4601067533278208,3室2厅|整租|简单装修|中层(共6层),已爬取
1564,翡翠苑,872100,https://jh.zu.anjuke.com/fangyuan/4627694076570636,1室1厅|整租|精装修|高层(共6层),已爬取
1565,翡翠苑,872100,https://jh.zu.anjuke.com/fangyuan/4543244303100932,1室1厅|整租|精装修|中层(共6层),已爬取
1566,翡翠苑,872100,https://jh.zu.anjuke.com/fangyuan/4623834966252548,3室2厅|整租|精装修|共5层,已爬取
1567,聚佳鑫湖畔,873476,https://jh.zu.anjuke.com/fangyuan/4477711184473088,3室2厅|整租|精装修|高层(共17层),已爬取
1568,聚佳鑫湖畔,873476,https://jh.zu.anjuke.com/fangyuan/4592657479654410,2室2厅|整租|精装修|高层(共18层),已爬取
1569,聚佳鑫湖畔,873476,https://jh.zu.anjuke.com/fangyuan/4579601090882569,2室2厅|整租|精装修|高层(共18层),已爬取
1570,聚佳鑫湖畔,873476,https://jh.zu.anjuke.com/fangyuan/4549907458944004,2室2厅|整租|精装修|高层(共16层),已爬取
1571,聚佳鑫湖畔,873476,https://jh.zu.anjuke.com/fangyuan/4578127904238605,2室2厅|整租|精装修|中层(共23层),已爬取
1572,聚佳鑫湖畔,873476,https://jh.zu.anjuke.com/fangyuan/4391708726504455,2室2厅|整租|精装修|中层(共16层),已爬取
1573,聚佳鑫湖畔,873476,https://jh.zu.anjuke.com/fangyuan/4601171924802569,2室2厅|整租|精装修|低层(共17层),已爬取
1574,聚佳鑫湖畔,873476,https://jh.zu.anjuke.com/fangyuan/4510699881131019,3室2厅|整租|精装修|中层(共16层),已爬取
1575,聚佳鑫湖畔,873476,https://jh.zu.anjuke.com/fangyuan/4623879160374284,2室2厅|整租|精装修|中层(共16层),已爬取
1576,聚佳鑫湖畔,873476,https://jh.zu.anjuke.com/fangyuan/4608248402844680,2室2厅|整租|精装修|高层(共17层),已爬取
1577,万豪天禧,712085,https://jh.zu.anjuke.com/fangyuan/4619298574672908,3室2厅|整租|豪华装修|中层(共16层),已爬取
1578,万豪天禧,712085,https://jh.zu.anjuke.com/fangyuan/4474955938520073,2室2厅|整租|豪华装修|高层(共6层),已爬取
1579,万豪天禧,712085,https://jh.zu.anjuke.com/fangyuan/4584343463273484,3室2厅|整租|精装修|中层(共11层),已爬取
1580,万豪天禧,712085,https://jh.zu.anjuke.com/fangyuan/4568226899520521,2室2厅|整租|精装修|高层(共6层),已爬取
1581,万泰龙乾府,1147308,https://jh.zu.anjuke.com/fangyuan/4608098756553740,3室2厅|整租|豪华装修|中层(共11层),已爬取
1582,万泰龙乾府,1147308,https://jh.zu.anjuke.com/fangyuan/4544261091630086,3室2厅|整租|精装修|中层(共11层),已爬取
1583,万泰龙乾府,1147308,https://jh.zu.anjuke.com/fangyuan/4608060284148738,3室2厅|整租|精装修|高层(共11层),已爬取
1584,万泰龙乾府,1147308,https://jh.zu.anjuke.com/fangyuan/4493484470135820,3室2厅|整租|精装修|低层(共11层),已爬取
1585,万泰龙乾府,1147308,https://jh.zu.anjuke.com/fangyuan/4586668702309376,3室2厅|整租|精装修|高层(共10层),已爬取
1586,万泰龙乾府,1147308,https://jh.zu.anjuke.com/fangyuan/4628055409976334,3室2厅|整租|精装修|中层(共11层),已爬取
1587,万泰龙乾府,1147308,https://jh.zu.anjuke.com/fangyuan/4615154296103941,3室2厅|整租|精装修|中层(共11层),已爬取
1588,万泰龙乾府,1147308,https://jh.zu.anjuke.com/fangyuan/4608014537616385,3室2厅|整租|精装修|高层(共11层),已爬取
1589,万泰龙乾府,1147308,https://jh.zu.anjuke.com/fangyuan/4544265256885256,3室2厅|整租|精装修|中层(共10层),已爬取
1590,万泰龙乾府,1147308,https://jh.zu.anjuke.com/fangyuan/4608002080402434,3室2厅|整租|精装修|中层(共11层),已爬取
1591,东阳银泰城,871957,https://jh.zu.anjuke.com/fangyuan/4504716986035210,1室1厅|整租|豪华装修|共1层,已爬取
1592,东阳银泰城,871957,https://jh.zu.anjuke.com/fangyuan/4484886069584910,1室1厅|整租|精装修|高层(共17层),已爬取
1593,东阳银泰城,871957,https://jh.zu.anjuke.com/fangyuan/4520942177723399,1室1厅|整租|豪华装修|共5层,已爬取
1594,东阳银泰城,871957,https://jh.zu.anjuke.com/fangyuan/4473435299863567,1室1厅|整租|精装修|共5层,已爬取
1595,东阳银泰城,871957,https://jh.zu.anjuke.com/fangyuan/4476485312078857,1室1厅|整租|精装修|共1层,已爬取
1596,东阳银泰城,871957,https://jh.zu.anjuke.com/fangyuan/4466477394095110,1室1厅|整租|精装修|中层(共10层),已爬取
1597,东阳银泰城,871957,https://jh.zu.anjuke.com/fangyuan/4629312983833608,1室1厅|整租|精装修|中层(共8层),已爬取
1598,东阳银泰城,871957,https://jh.zu.anjuke.com/fangyuan/4111231398325261,1室1厅|整租|精装修|共4层,已爬取
1599,东阳银泰城,871957,https://jh.zu.anjuke.com/fangyuan/4588268467889162,1室1厅|整租|精装修|中层(共28层),已爬取
1600,东阳银泰城,871957,https://jh.zu.anjuke.com/fangyuan/2899306766769164,1室0厅|整租|精装修|低层(共9层),已爬取
1601,青青家园,863139,https://jh.zu.anjuke.com/fangyuan/4618157667396622,1室1厅|整租|精装修|中层(共6层),已爬取
1602,青青家园,863139,https://jh.zu.anjuke.com/fangyuan/4633690418699271,1室1厅|整租|精装修|低层(共6层),已爬取
1603,青青家园,863139,https://jh.zu.anjuke.com/fangyuan/4633264730020866,2室2厅|整租|精装修|低层(共6层),已爬取
1604,青青家园,863139,https://jh.zu.anjuke.com/fangyuan/4632252242717703,1室1厅|整租|精装修|低层(共6层),已爬取
1605,青青家园,863139,https://jh.zu.anjuke.com/fangyuan/4591192802565128,1室1厅|整租|精装修|高层(共6层),已爬取
1606,青青家园,863139,https://jh.zu.anjuke.com/fangyuan/4598222666425353,1室0厅|整租|豪华装修|高层(共7层),已爬取
1607,青青家园,863139,https://jh.zu.anjuke.com/fangyuan/4533122237195273,3室2厅|整租|精装修|低层(共6层),已爬取
1608,青青家园,863139,https://jh.zu.anjuke.com/fangyuan/4622316595686405,1室0厅|整租|精装修|高层(共6层),已爬取
1609,青青家园,863139,https://jh.zu.anjuke.com/fangyuan/4622000145062918,1室1厅|整租|精装修|高层(共6层),已爬取
1610,青青家园,863139,https://jh.zu.anjuke.com/fangyuan/4629410497682433,3室2厅|整租|精装修|高层(共6层),已爬取
1611,碧桂园湖境佳苑,1271868,https://jh.zu.anjuke.com/fangyuan/4585426383088654,3室2厅|整租|精装修|中层(共11层),已爬取
1612,碧桂园湖境佳苑,1271868,https://jh.zu.anjuke.com/fangyuan/4408425284314124,3室2厅|整租|豪华装修|中层(共11层),已爬取
1613,碧桂园湖境佳苑,1271868,https://jh.zu.anjuke.com/fangyuan/4145418414922764,4室2厅|整租|豪华装修|低层(共16层),已爬取
1614,碧桂园湖境佳苑,1271868,https://jh.zu.anjuke.com/fangyuan/4585421190491150,3室2厅|整租|精装修|中层(共11层),已爬取
1615,碧桂园湖境佳苑,1271868,https://jh.zu.anjuke.com/fangyuan/4622718828717070,3室2厅|整租|精装修|高层(共11层),已爬取
1616,碧桂园湖境佳苑,1271868,https://jh.zu.anjuke.com/fangyuan/4550048817437701,4室2厅|整租|精装修|低层(共17层),已爬取
1617,碧桂园湖境佳苑,1271868,https://jh.zu.anjuke.com/fangyuan/4577113595124745,3室2厅|整租|豪华装修|中层(共11层),已爬取
1618,碧桂园湖境佳苑,1271868,https://jh.zu.anjuke.com/fangyuan/4580991853652994,3室2厅|整租|精装修|中层(共11层),已爬取
1619,碧桂园湖境佳苑,1271868,https://jh.zu.anjuke.com/fangyuan/4550067915547662,3室2厅|整租|精装修|中层(共11层),已爬取
1620,碧桂园湖境佳苑,1271868,https://jh.zu.anjuke.com/fangyuan/4153773598174220,4室2厅|整租|精装修|高层(共20层),已爬取
1621,兰桂院B区,1304773,https://jh.zu.anjuke.com/fangyuan/4602491907286025,1室1厅|整租|精装修|低层(共12层),已爬取
1622,兰桂院B区,1304773,https://jh.zu.anjuke.com/fangyuan/4534516859249668,1室1厅|整租|精装修|低层(共26层),已爬取
1623,兰桂院B区,1304773,https://jh.zu.anjuke.com/fangyuan/4570008200225803,1室1厅|整租|精装修|低层(共26层),已爬取
1624,红星天铂,1047184,https://jh.zu.anjuke.com/fangyuan/4542794884572169,1室1厅|整租|精装修|低层(共22层),已爬取
1625,红星天铂,1047184,https://jh.zu.anjuke.com/fangyuan/4576973622897667,3室2厅|整租|精装修|中层(共12层),已爬取
1626,红星天铂,1047184,https://jh.zu.anjuke.com/fangyuan/4483352070710279,1室0厅|整租|豪华装修|共5层,已爬取
1627,红星天铂,1047184,https://jh.zu.anjuke.com/fangyuan/4574047183920131,1室1厅|整租|精装修|共5层,已爬取
1628,红星天铂,1047184,https://jh.zu.anjuke.com/fangyuan/4502032624544771,4室2厅|整租|豪华装修|中层(共11层),已爬取
1629,红星天铂,1047184,https://jh.zu.anjuke.com/fangyuan/4610745710683144,2室1厅|整租|精装修|中层(共17层),失败
1630,红星天铂,1047184,https://jh.zu.anjuke.com/fangyuan/4516362261244942,2室2厅|整租|豪华装修|高层(共18层),已爬取
1631,红星天铂,1047184,https://jh.zu.anjuke.com/fangyuan/4496238971018247,1室1厅|整租|精装修|中层(共6层),已爬取
1632,红星天铂,1047184,https://jh.zu.anjuke.com/fangyuan/4517427688020998,1室1厅|整租|豪华装修|中层(共6层),已爬取
1633,红星天铂,1047184,https://jh.zu.anjuke.com/fangyuan/4547350962936847,2室1厅|整租|精装修|中层(共11层),已爬取
1634,金色华府,1022829,https://jh.zu.anjuke.com/fangyuan/4625257248824323,2室2厅|整租|精装修|高层(共11层),已爬取
1635,金色华府,1022829,https://jh.zu.anjuke.com/fangyuan/4632085849353231,3室2厅|整租|精装修|中层(共15层),已爬取
1636,金色华府,1022829,https://jh.zu.anjuke.com/fangyuan/4621273588704266,3室2厅|整租|精装修|中层(共16层),已爬取
1637,首创新城花园,908142,https://jh.zu.anjuke.com/fangyuan/4616582485795855,2室2厅|整租|精装修|低层(共6层),已爬取
1638,首创新城花园,908142,https://jh.zu.anjuke.com/fangyuan/4480526200939532,2室1厅|整租|精装修|中层(共6层),已爬取
1639,首创新城花园,908142,https://jh.zu.anjuke.com/fangyuan/4480747302890503,3室2厅|整租|精装修|中层(共6层),已爬取
1640,首创新城花园,908142,https://jh.zu.anjuke.com/fangyuan/4374682361406469,2室2厅|整租|精装修|高层(共6层),已爬取
1641,首创新城花园,908142,https://jh.zu.anjuke.com/fangyuan/4606546809498625,2室2厅|整租|精装修|低层(共6层),已爬取
1642,首创新城花园,908142,https://jh.zu.anjuke.com/fangyuan/4480769633360911,3室2厅|整租|精装修|中层(共6层),已爬取
1643,银都花园(永康),1057046,https://jh.zu.anjuke.com/fangyuan/4326491197021196,2室2厅|整租|精装修|低层(共22层),已爬取
1644,银都花园(永康),1057046,https://jh.zu.anjuke.com/fangyuan/4507823688346627,3室2厅|整租|精装修|中层(共17层),已爬取
1645,银都花园(永康),1057046,https://jh.zu.anjuke.com/fangyuan/4598531934366728,2室1厅|整租|精装修|低层(共11层),已爬取
1646,鸿基彼岸,872806,https://jh.zu.anjuke.com/fangyuan/4594041236825095,3室2厅|整租|精装修|高层(共14层),已爬取
1647,鸿基彼岸,872806,https://jh.zu.anjuke.com/fangyuan/4534429475251206,3室2厅|整租|精装修|低层(共15层),已爬取
1648,鸿基彼岸,872806,https://jh.zu.anjuke.com/fangyuan/4480635628395520,3室2厅|整租|精装修|高层(共14层),已爬取
1649,鸿基彼岸,872806,https://jh.zu.anjuke.com/fangyuan/4601112160232460,3室2厅|整租|精装修|低层(共16层),已爬取
1650,鸿基彼岸,872806,https://jh.zu.anjuke.com/fangyuan/4603627983444995,3室2厅|整租|精装修|高层(共16层),已爬取
1651,鸿基彼岸,872806,https://jh.zu.anjuke.com/fangyuan/4605330466085902,3室2厅|整租|精装修|高层(共14层),已爬取
1652,鸿基彼岸,872806,https://jh.zu.anjuke.com/fangyuan/4605328759905289,3室2厅|整租|精装修|高层(共14层),已爬取
1653,鸿基彼岸,872806,https://jh.zu.anjuke.com/fangyuan/4480639443360778,3室2厅|整租|豪华装修|高层(共14层),已爬取
1654,鸿基彼岸,872806,https://jh.zu.anjuke.com/fangyuan/4561537331403791,3室2厅|整租|精装修|高层(共15层),已爬取
1655,鸿基彼岸,872806,https://jh.zu.anjuke.com/fangyuan/4569665710924806,3室2厅|整租|豪华装修|高层(共14层),已爬取
1656,海塘壹品,1084607,https://jh.zu.anjuke.com/fangyuan/4613798075671558,4室2厅|整租|豪华装修|中层(共15层),已爬取
1657,海塘壹品,1084607,https://jh.zu.anjuke.com/fangyuan/4603725221796874,4室2厅|整租|精装修|中层(共16层),已爬取
1658,千足世贸滨江花园,863387,https://jh.zu.anjuke.com/fangyuan/4606667156057097,4室2厅|整租|精装修|低层(共15层),已爬取
1659,千足世贸滨江花园,863387,https://jh.zu.anjuke.com/fangyuan/4632139017004038,3室2厅|整租|豪华装修|高层(共16层),已爬取
1660,千足世贸滨江花园,863387,https://jh.zu.anjuke.com/fangyuan/4617979217701892,3室2厅|整租|精装修|中层(共27层),已爬取
1661,千足世贸滨江花园,863387,https://jh.zu.anjuke.com/fangyuan/4586002369047558,4室2厅|整租|精装修|低层(共19层),已爬取
1662,千足世贸滨江花园,863387,https://jh.zu.anjuke.com/fangyuan/4610618293906440,1室0厅|整租|精装修|低层(共9层),已爬取
1663,千足世贸滨江花园,863387,https://jh.zu.anjuke.com/fangyuan/4575507727277056,10室10厅|整租|精装修|共1层,已爬取
1664,千足世贸滨江花园,863387,https://jh.zu.anjuke.com/fangyuan/4027903231696908,1室2厅|整租|豪华装修|低层(共6层),已爬取
1665,千足世贸滨江花园,863387,https://jh.zu.anjuke.com/fangyuan/4588450196659201,1室0厅|整租|简单装修|共5层,已爬取
1666,千足世贸滨江花园,863387,https://jh.zu.anjuke.com/fangyuan/4542774307576837,2室1厅|整租|精装修|低层(共9层),已爬取
1667,千足世贸滨江花园,863387,https://jh.zu.anjuke.com/fangyuan/4514629349977089,3室2厅|整租|豪华装修|低层(共18层),已爬取
1668,百合嘉苑,863029,https://jh.zu.anjuke.com/fangyuan/4619520406561792,1室1厅|整租|豪华装修|低层(共15层),已爬取
1669,百合嘉苑,863029,https://jh.zu.anjuke.com/fangyuan/4588293473213440,1室1厅|整租|精装修|中层(共16层),已爬取
1670,百合嘉苑,863029,https://jh.zu.anjuke.com/fangyuan/4517588274193412,1室1厅|整租|精装修|低层(共12层),已爬取
1671,百合嘉苑,863029,https://jh.zu.anjuke.com/fangyuan/4622493326695435,2室1厅|整租|豪华装修|高层(共15层),已爬取
1672,百合嘉苑,863029,https://jh.zu.anjuke.com/fangyuan/4622465456741386,1室1厅|整租|精装修|高层(共15层),已爬取
1673,百合嘉苑,863029,https://jh.zu.anjuke.com/fangyuan/4525966628543492,2室1厅|整租|豪华装修|高层(共13层),已爬取
1674,百合嘉苑,863029,https://jh.zu.anjuke.com/fangyuan/4616480948284418,2室1厅|整租|精装修|高层(共16层),已爬取
1675,百合嘉苑,863029,https://jh.zu.anjuke.com/fangyuan/4632229821096961,1室1厅|整租|精装修|高层(共15层),已爬取
1676,百合嘉苑,863029,https://jh.zu.anjuke.com/fangyuan/4612064025699328,2室2厅|整租|精装修|高层(共18层),已爬取
1677,百合嘉苑,863029,https://jh.zu.anjuke.com/fangyuan/4632228977222670,1室1厅|整租|精装修|高层(共16层),已爬取
1678,金地融信悦江府,1064617,https://jh.zu.anjuke.com/fangyuan/4587069565316107,3室2厅|整租|精装修|低层(共15层),已爬取
1679,金地融信悦江府,1064617,https://jh.zu.anjuke.com/fangyuan/4416943166612489,3室2厅|整租|豪华装修|低层(共10层),已爬取
1680,海天城市花园,969501,https://jh.zu.anjuke.com/fangyuan/4582578791898117,3室2厅|整租|精装修|高层(共29层),已爬取
1681,海天城市花园,969501,https://jh.zu.anjuke.com/fangyuan/4550060276673541,1室0厅|整租|豪华装修|中层(共17层),已爬取
1682,海天城市花园,969501,https://jh.zu.anjuke.com/fangyuan/4599342363941889,2室2厅|整租|精装修|中层(共7层),已爬取
1683,海天城市花园,969501,https://jh.zu.anjuke.com/fangyuan/4569668323322883,3室1厅|整租|豪华装修|中层(共7层),已爬取
1684,海天城市花园,969501,https://jh.zu.anjuke.com/fangyuan/4448433579338754,1室1厅|整租|精装修|共4层,已爬取
1685,海天城市花园,969501,https://jh.zu.anjuke.com/fangyuan/4601025616243725,1室0厅|整租|豪华装修|中层(共17层),已爬取
1686,海天城市花园,969501,https://jh.zu.anjuke.com/fangyuan/4040645100215303,1室1厅|整租|精装修|共4层,已爬取
1687,保利大国璟,1142356,https://jh.zu.anjuke.com/fangyuan/4622465810246661,3室2厅|整租|精装修|高层(共20层),已爬取
1688,保利大国璟,1142356,https://jh.zu.anjuke.com/fangyuan/4504685478304768,3室2厅|整租|精装修|低层(共20层),已爬取
1689,保利大国璟,1142356,https://jh.zu.anjuke.com/fangyuan/4488168278664207,3室2厅|整租|豪华装修|高层(共18层),已爬取
1690,保利大国璟,1142356,https://jh.zu.anjuke.com/fangyuan/4494949297531918,2室2厅|整租|精装修|低层(共18层),已爬取
1691,保利大国璟,1142356,https://jh.zu.anjuke.com/fangyuan/4504785586854913,4室2厅|整租|精装修|低层(共23层),已爬取
1692,保利大国璟,1142356,https://jh.zu.anjuke.com/fangyuan/4166717105119238,3室2厅|整租|豪华装修|中层(共11层),已爬取
1693,保利大国璟,1142356,https://jh.zu.anjuke.com/fangyuan/4625154031475715,3室2厅|整租|精装修|低层(共18层),已爬取
1694,保利大国璟,1142356,https://jh.zu.anjuke.com/fangyuan/4554381627237387,3室1厅|整租|精装修|中层(共18层),已爬取
1695,保利大国璟,1142356,https://jh.zu.anjuke.com/fangyuan/4569668589284366,3室2厅|整租|精装修|高层(共17层),已爬取
1696,保利大国璟,1142356,https://jh.zu.anjuke.com/fangyuan/4632404788128777,3室2厅|整租|豪华装修|低层(共16层),已爬取
1697,开维曦园,1260280,https://jh.zu.anjuke.com/fangyuan/4592359949378561,4室2厅|整租|豪华装修|高层(共29层),已爬取
1698,开维曦园,1260280,https://jh.zu.anjuke.com/fangyuan/4591323268279308,3室2厅|整租|简单装修|高层(共26层),已爬取
1699,开维曦园,1260280,https://jh.zu.anjuke.com/fangyuan/4598330430200841,4室2厅|整租|精装修|高层(共29层),已爬取
1700,开维曦园,1260280,https://jh.zu.anjuke.com/fangyuan/4487565921379336,3室2厅|整租|精装修|低层(共16层),已爬取
1701,开维曦园,1260280,https://jh.zu.anjuke.com/fangyuan/4233641291181056,3室2厅|整租|精装修|中层(共32层),已爬取
1702,香榭花园,863328,https://jh.zu.anjuke.com/fangyuan/4554059401538562,2室2厅|整租|精装修|高层(共7层),已爬取
1703,香榭花园,863328,https://jh.zu.anjuke.com/fangyuan/4548777959398404,2室1厅|整租|精装修|中层(共7层),已爬取
1704,香榭花园,863328,https://jh.zu.anjuke.com/fangyuan/4602391854787589,1室1厅|整租|豪华装修|高层(共6层),已爬取
1705,香榭花园,863328,https://jh.zu.anjuke.com/fangyuan/4493209640133634,2室2厅|整租|豪华装修|低层(共7层),已爬取
1706,明月京华(东区),871387,https://jh.zu.anjuke.com/fangyuan/4615243039810565,1室1厅|整租|简单装修|中层(共6层),已爬取
1707,明月京华(东区),871387,https://jh.zu.anjuke.com/fangyuan/4626409660001286,1室1厅|整租|豪华装修|中层(共6层),已爬取
1708,明月京华(东区),871387,https://jh.zu.anjuke.com/fangyuan/4616438110526472,2室2厅|整租|精装修|中层(共6层),已爬取
1709,明月京华(东区),871387,https://jh.zu.anjuke.com/fangyuan/4615224221983759,2室2厅|整租|精装修|共5层,已爬取
1710,明月京华(东区),871387,https://jh.zu.anjuke.com/fangyuan/4615280978570244,2室2厅|整租|精装修|中层(共6层),已爬取
1711,福莲汇,871393,https://jh.zu.anjuke.com/fangyuan/4344655543004173,1室1厅|整租|精装修|共3层,已爬取
1712,福莲汇,871393,https://jh.zu.anjuke.com/fangyuan/4610996219816963,1室0厅|整租|精装修|高层(共13层),已爬取
1713,福莲汇,871393,https://jh.zu.anjuke.com/fangyuan/4044724041457678,1室1厅|整租|精装修|中层(共12层),已爬取
1714,福莲汇,871393,https://jh.zu.anjuke.com/fangyuan/4344656251150346,1室1厅|整租|精装修|共5层,已爬取
1715,金御花园,910647,https://jh.zu.anjuke.com/fangyuan/4614993122667524,2室1厅|整租|精装修|低层(共18层),已爬取
1716,金御花园,910647,https://jh.zu.anjuke.com/fangyuan/4614988953953291,2室1厅|整租|精装修|低层(共18层),已爬取
1717,金御花园,910647,https://jh.zu.anjuke.com/fangyuan/4583893614388227,2室2厅|整租|精装修|中层(共18层),已爬取
1718,金御花园,910647,https://jh.zu.anjuke.com/fangyuan/4489216073640971,1室2厅|整租|精装修|高层(共18层),已爬取
1719,金御花园,910647,https://jh.zu.anjuke.com/fangyuan/4595206500295694,2室2厅|整租|精装修|低层(共18层),已爬取
1720,金御花园,910647,https://jh.zu.anjuke.com/fangyuan/4496295140680716,1室1厅|整租|精装修|低层(共18层),已爬取
1721,金御花园,910647,https://jh.zu.anjuke.com/fangyuan/4477608775605256,2室2厅|整租|精装修|低层(共18层),已爬取
1722,金御花园,910647,https://jh.zu.anjuke.com/fangyuan/4554312498551819,1室1厅|整租|精装修|高层(共18层),已爬取
1723,金御花园,910647,https://jh.zu.anjuke.com/fangyuan/4483611688999946,2室1厅|整租|精装修|高层(共25层),已爬取
1724,金御花园,910647,https://jh.zu.anjuke.com/fangyuan/4619512091368463,2室1厅|整租|精装修|低层(共18层),已爬取
1725,明月京华(西区),969396,https://jh.zu.anjuke.com/fangyuan/4629045678236681,1室1厅|整租|精装修|中层(共6层),已爬取
1726,明月京华(西区),969396,https://jh.zu.anjuke.com/fangyuan/4615212705360897,3室1厅|整租|精装修|高层(共6层),已爬取
1727,明月京华(西区),969396,https://jh.zu.anjuke.com/fangyuan/4615197243909125,2室1厅|整租|简单装修|低层(共6层),已爬取
1728,中梁香缇公馆,1041056,https://jh.zu.anjuke.com/fangyuan/3762969679110157,3室2厅|整租|精装修|中层(共11层),已爬取
1729,保集禹洲府,1194780,https://jh.zu.anjuke.com/fangyuan/4523231119911950,4室2厅|整租|豪华装修|中层(共17层),已爬取
1730,保集禹洲府,1194780,https://jh.zu.anjuke.com/fangyuan/4547029326734345,1室0厅|整租|精装修|中层(共17层),已爬取
1731,保集禹洲府,1194780,https://jh.zu.anjuke.com/fangyuan/4525843996007436,4室2厅|整租|豪华装修|中层(共17层),已爬取
1732,保集禹洲府,1194780,https://jh.zu.anjuke.com/fangyuan/4500318867741701,3室2厅|整租|豪华装修|高层(共17层),已爬取
1733,保集禹洲府,1194780,https://jh.zu.anjuke.com/fangyuan/4547015035247617,3室2厅|整租|精装修|高层(共17层),已爬取
1734,锦绣江南,863259,https://jh.zu.anjuke.com/fangyuan/4554065129794563,3室2厅|整租|精装修|高层(共13层),已爬取
1735,锦绣江南,863259,https://jh.zu.anjuke.com/fangyuan/4593710320002062,2室2厅|整租|豪华装修|高层(共10层),已爬取
1736,锦绣江南,863259,https://jh.zu.anjuke.com/fangyuan/4581259213106178,3室2厅|整租|精装修|中层(共20层),已爬取
1737,锦绣江南,863259,https://jh.zu.anjuke.com/fangyuan/4600155632376839,3室1厅|整租|精装修|低层(共13层),已爬取
1738,锦绣江南,863259,https://jh.zu.anjuke.com/fangyuan/4615152578255878,3室2厅|整租|豪华装修|高层(共13层),已爬取
1739,锦绣江南,863259,https://jh.zu.anjuke.com/fangyuan/4567005228325900,3室2厅|整租|豪华装修|高层(共10层),已爬取
1740,锦绣江南,863259,https://jh.zu.anjuke.com/fangyuan/4398405060092937,3室2厅|整租|精装修|高层(共13层),已爬取
1741,锦绣江南,863259,https://jh.zu.anjuke.com/fangyuan/4512152074906636,3室2厅|整租|精装修|低层(共11层),已爬取
1742,锦绣江南,863259,https://jh.zu.anjuke.com/fangyuan/4612042894765062,2室2厅|整租|豪华装修|中层(共11层),已爬取
1743,锦绣江南,863259,https://jh.zu.anjuke.com/fangyuan/4610815567307778,2室2厅|整租|豪华装修|低层(共15层),已爬取
1744,青春小区(中西区和东区1-3幢),872064,https://jh.zu.anjuke.com/fangyuan/4629151731375105,2室2厅|整租|豪华装修|中层(共6层),已爬取
1745,青春小区(中西区和东区1-3幢),872064,https://jh.zu.anjuke.com/fangyuan/4610868530752518,3室2厅|整租|精装修|低层(共6层),已爬取
1746,青春小区(中西区和东区1-3幢),872064,https://jh.zu.anjuke.com/fangyuan/3981117156928516,2室1厅|整租|精装修|中层(共6层),已爬取
1747,青春小区(中西区和东区1-3幢),872064,https://jh.zu.anjuke.com/fangyuan/4516475206216718,2室1厅|整租|精装修|中层(共6层),已爬取
1748,青春小区(中西区和东区1-3幢),872064,https://jh.zu.anjuke.com/fangyuan/4552652756493323,3室2厅|整租|精装修|共5层,已爬取
1749,青春小区(中西区和东区1-3幢),872064,https://jh.zu.anjuke.com/fangyuan/4583829150903298,2室1厅|整租|精装修|共1层,已爬取
1750,青春小区(中西区和东区1-3幢),872064,https://jh.zu.anjuke.com/fangyuan/4558139034559497,3室2厅|整租|精装修|中层(共6层),已爬取
1751,书香名邸,873072,https://jh.zu.anjuke.com/fangyuan/4615400093084678,2室2厅|整租|精装修|高层(共13层),已爬取
1752,书香名邸,873072,https://jh.zu.anjuke.com/fangyuan/4490312914234372,1室1厅|整租|精装修|中层(共16层),已爬取
1753,书香名邸,873072,https://jh.zu.anjuke.com/fangyuan/4511827258940420,1室1厅|整租|精装修|中层(共18层),已爬取
1754,书香名邸,873072,https://jh.zu.anjuke.com/fangyuan/4572869116652546,3室1厅|整租|精装修|高层(共16层),已爬取
1755,书香名邸,873072,https://jh.zu.anjuke.com/fangyuan/4599351956218880,3室2厅|整租|精装修|低层(共6层),已爬取
1756,书香名邸,873072,https://jh.zu.anjuke.com/fangyuan/4585265595472901,3室2厅|整租|精装修|低层(共6层),已爬取
1757,书香名邸,873072,https://jh.zu.anjuke.com/fangyuan/4534355164257289,1室1厅|整租|精装修|中层(共14层),已爬取
1758,书香名邸,873072,https://jh.zu.anjuke.com/fangyuan/4599315462790146,2室1厅|整租|精装修|中层(共16层),已爬取
1759,书香名邸,873072,https://jh.zu.anjuke.com/fangyuan/4548451878235145,3室2厅|整租|精装修|高层(共16层),已爬取
1760,书香名邸,873072,https://jh.zu.anjuke.com/fangyuan/4585273532210188,4室2厅|整租|精装修|高层(共6层),已爬取
1761,万固西江月,1077900,https://jh.zu.anjuke.com/fangyuan/4615231378725892,3室2厅|整租|精装修|低层(共20层),已爬取
1762,万固西江月,1077900,https://jh.zu.anjuke.com/fangyuan/4579845679389698,1室0厅|整租|精装修|共4层,已爬取
1763,万固西江月,1077900,https://jh.zu.anjuke.com/fangyuan/4620686240197645,3室2厅|整租|精装修|高层(共13层),已爬取
1764,万固西江月,1077900,https://jh.zu.anjuke.com/fangyuan/4483628082045967,2室2厅|整租|精装修|高层(共13层),已爬取
1765,万固西江月,1077900,https://jh.zu.anjuke.com/fangyuan/4479247618073603,3室2厅|整租|精装修|高层(共11层),已爬取
1766,万固西江月,1077900,https://jh.zu.anjuke.com/fangyuan/4589964997581834,2室1厅|整租|精装修|中层(共8层),已爬取
1767,万固西江月,1077900,https://jh.zu.anjuke.com/fangyuan/4620680106828804,3室2厅|整租|精装修|高层(共13层),已爬取
1768,万固西江月,1077900,https://jh.zu.anjuke.com/fangyuan/4621197549399050,4室2厅|整租|豪华装修|低层(共15层),已爬取
1769,万固西江月,1077900,https://jh.zu.anjuke.com/fangyuan/4624985174893568,2室2厅|整租|精装修|中层(共11层),已爬取
1770,万固西江月,1077900,https://jh.zu.anjuke.com/fangyuan/4615032981922826,2室2厅|整租|精装修|中层(共13层),已爬取
1771,阳光香榭,712082,https://jh.zu.anjuke.com/fangyuan/4613864916425731,3室2厅|整租|精装修|中层(共6层),已爬取
1772,阳光香榭,712082,https://jh.zu.anjuke.com/fangyuan/4322349814639630,3室2厅|整租|豪华装修|中层(共6层),已爬取
1773,阳光香榭,712082,https://jh.zu.anjuke.com/fangyuan/4618283555347462,3室2厅|整租|精装修|中层(共6层),已爬取
1774,阳光香榭,712082,https://jh.zu.anjuke.com/fangyuan/4326265669983240,3室2厅|整租|精装修|中层(共6层),已爬取
1775,阳光香榭,712082,https://jh.zu.anjuke.com/fangyuan/4353148684672004,3室2厅|整租|精装修|中层(共6层),已爬取
1776,丽州一品,863262,https://jh.zu.anjuke.com/fangyuan/4583820966390792,3室1厅|整租|豪华装修|低层(共17层),已爬取
1777,丽州一品,863262,https://jh.zu.anjuke.com/fangyuan/4541641474382863,3室2厅|整租|豪华装修|高层(共24层),已爬取
1778,丽州一品,863262,https://jh.zu.anjuke.com/fangyuan/4547707493196804,3室2厅|整租|精装修|中层(共31层),已爬取
1779,丽州一品,863262,https://jh.zu.anjuke.com/fangyuan/4607928111012879,3室1厅|整租|精装修|低层(共11层),已爬取
1780,丽州一品,863262,https://jh.zu.anjuke.com/fangyuan/4614966607748108,3室2厅|整租|豪华装修|低层(共19层),已爬取
1781,丽州一品,863262,https://jh.zu.anjuke.com/fangyuan/4008435679600644,3室2厅|整租|精装修|低层(共16层),已爬取
1782,丽州一品,863262,https://jh.zu.anjuke.com/fangyuan/4510279039544324,3室1厅|整租|精装修|中层(共8层),已爬取
1783,丽州一品,863262,https://jh.zu.anjuke.com/fangyuan/4506384456047620,3室2厅|整租|精装修|中层(共8层),已爬取
1784,丽州一品,863262,https://jh.zu.anjuke.com/fangyuan/4506375196158979,3室2厅|整租|精装修|低层(共8层),已爬取
1785,丽州一品,863262,https://jh.zu.anjuke.com/fangyuan/4173949365608460,3室2厅|整租|精装修|中层(共16层),已爬取
1786,金色家园(兰溪),969353,https://jh.zu.anjuke.com/fangyuan/4585482216774661,1室1厅|整租|简单装修|共5层,已爬取
1787,今飞花园,711990,https://jh.zu.anjuke.com/fangyuan/4596670677902339,2室1厅|整租|精装修|中层(共6层),已爬取
1788,今飞花园,711990,https://jh.zu.anjuke.com/fangyuan/4609530514514957,2室1厅|整租|精装修|低层(共6层),已爬取
1789,今飞花园,711990,https://jh.zu.anjuke.com/fangyuan/4463890035745803,1室1厅|整租|精装修|共5层,已爬取
1790,今飞花园,711990,https://jh.zu.anjuke.com/fangyuan/4586856651447308,3室2厅|整租|精装修|低层(共6层),已爬取
1791,今飞花园,711990,https://jh.zu.anjuke.com/fangyuan/4464862575172623,1室0厅|整租|精装修|共5层,已爬取
1792,山水御园,969466,https://jh.zu.anjuke.com/fangyuan/4561394863401984,3室2厅|整租|豪华装修|高层(共11层),已爬取
1793,山水御园,969466,https://jh.zu.anjuke.com/fangyuan/4558901199379461,3室2厅|整租|豪华装修|高层(共12层),已爬取
1794,红星金义天铂,1102348,https://jh.zu.anjuke.com/fangyuan/4612330585906178,3室2厅|整租|精装修|共2层,已爬取
1795,红星金义天铂,1102348,https://jh.zu.anjuke.com/fangyuan/4592337482783745,3室2厅|整租|精装修|中层(共17层),已爬取
1796,红星金义天铂,1102348,https://jh.zu.anjuke.com/fangyuan/4536112562103306,3室2厅|整租|精装修|中层(共22层),已爬取
1797,红星金义天铂,1102348,https://jh.zu.anjuke.com/fangyuan/4606886469557253,3室2厅|整租|精装修|低层(共26层),已爬取
1798,红星金义天铂,1102348,https://jh.zu.anjuke.com/fangyuan/4605392496892928,3室2厅|整租|豪华装修|高层(共27层),已爬取
1799,红星金义天铂,1102348,https://jh.zu.anjuke.com/fangyuan/4503456598879236,3室2厅|整租|精装修|高层(共20层),已爬取
1800,红星金义天铂,1102348,https://jh.zu.anjuke.com/fangyuan/4625145863988229,3室2厅|整租|精装修|中层(共27层),已爬取
1801,红星金义天铂,1102348,https://jh.zu.anjuke.com/fangyuan/4612576006202369,3室2厅|整租|精装修|低层(共27层),已爬取
1802,红星金义天铂,1102348,https://jh.zu.anjuke.com/fangyuan/4503580471749632,3室2厅|整租|精装修|低层(共18层),已爬取
1803,红星金义天铂,1102348,https://jh.zu.anjuke.com/fangyuan/4548625706181646,3室2厅|整租|精装修|低层(共19层),已爬取
1804,龙湖西苑,1008069,https://jh.zu.anjuke.com/fangyuan/4612174032251918,1室0厅|整租|精装修|中层(共15层),已爬取
1805,龙湖西苑,1008069,https://jh.zu.anjuke.com/fangyuan/4538487074151435,1室1厅|整租|精装修|高层(共11层),已爬取
1806,龙湖西苑,1008069,https://jh.zu.anjuke.com/fangyuan/4626431845114888,1室1厅|整租|精装修|中层(共11层),已爬取
1807,龙湖西苑,1008069,https://jh.zu.anjuke.com/fangyuan/4199355119823886,2室1厅|整租|精装修|高层(共7层),已爬取
1808,龙湖西苑,1008069,https://jh.zu.anjuke.com/fangyuan/4572551067280386,2室1厅|整租|精装修|高层(共6层),已爬取
1809,龙湖西苑,1008069,https://jh.zu.anjuke.com/fangyuan/4606596011498497,1室0厅|整租|精装修|中层(共13层),已爬取
1810,龙湖西苑,1008069,https://jh.zu.anjuke.com/fangyuan/4606451080569860,1室1厅|整租|精装修|高层(共13层),已爬取
1811,金都华城,863305,https://jh.zu.anjuke.com/fangyuan/4623577449917442,1室0厅|整租|精装修|高层(共21层),已爬取
1812,金都华城,863305,https://jh.zu.anjuke.com/fangyuan/4485251405130752,4室2厅|整租|精装修|中层(共27层),已爬取
1813,金都华城,863305,https://jh.zu.anjuke.com/fangyuan/4629364602137604,1室1厅|整租|精装修|中层(共28层),已爬取
1814,金都华城,863305,https://jh.zu.anjuke.com/fangyuan/4623610962029577,1室1厅|整租|精装修|高层(共17层),已爬取
1815,金都华城,863305,https://jh.zu.anjuke.com/fangyuan/4575639544503308,4室2厅|整租|精装修|低层(共27层),已爬取
1816,金都华城,863305,https://jh.zu.anjuke.com/fangyuan/4629206458735624,1室1厅|整租|精装修|中层(共30层),已爬取
1817,金都华城,863305,https://jh.zu.anjuke.com/fangyuan/4630532755416079,1室1厅|整租|精装修|中层(共29层),已爬取
1818,金都华城,863305,https://jh.zu.anjuke.com/fangyuan/4493531865082890,1室1厅|整租|简单装修|共4层,已爬取
1819,明月华庭,909129,https://jh.zu.anjuke.com/fangyuan/4186536590552074,3室2厅|整租|精装修|中层(共6层),已爬取
1820,明月华庭,909129,https://jh.zu.anjuke.com/fangyuan/4585408032054272,2室1厅|整租|精装修|低层(共6层),已爬取
1821,明月华庭,909129,https://jh.zu.anjuke.com/fangyuan/4589792444886023,2室1厅|整租|精装修|中层(共6层),已爬取
1822,明月华庭,909129,https://jh.zu.anjuke.com/fangyuan/3955550414613506,2室1厅|整租|精装修|中层(共6层),已爬取
1823,明月华庭,909129,https://jh.zu.anjuke.com/fangyuan/4060015186996227,2室2厅|整租|精装修|共5层,已爬取
1824,明月华庭,909129,https://jh.zu.anjuke.com/fangyuan/4578504868930572,2室2厅|整租|精装修|中层(共6层),已爬取
1825,明月华庭,909129,https://jh.zu.anjuke.com/fangyuan/4586993210893315,2室1厅|整租|精装修|共4层,已爬取
1826,明月华庭,909129,https://jh.zu.anjuke.com/fangyuan/4187613178915853,3室2厅|整租|精装修|低层(共6层),已爬取
1827,明月华庭,909129,https://jh.zu.anjuke.com/fangyuan/4584202344817674,2室1厅|整租|精装修|共5层,已爬取
1828,明月华庭,909129,https://jh.zu.anjuke.com/fangyuan/4504964560280585,3室2厅|整租|精装修|中层(共6层),已爬取
1829,步阳玺御府,1153283,https://jh.zu.anjuke.com/fangyuan/4557221191953408,3室2厅|整租|精装修|中层(共18层),已爬取
1830,步阳玺御府,1153283,https://jh.zu.anjuke.com/fangyuan/4626373613460489,3室2厅|整租|精装修|中层(共31层),已爬取
1831,步阳玺御府,1153283,https://jh.zu.anjuke.com/fangyuan/4557213442581511,3室2厅|整租|精装修|低层(共26层),已爬取
1832,步阳玺御府,1153283,https://jh.zu.anjuke.com/fangyuan/4553553292893191,3室2厅|整租|精装修|高层(共23层),已爬取
1833,步阳玺御府,1153283,https://jh.zu.anjuke.com/fangyuan/4493353063212034,3室2厅|整租|豪华装修|高层(共22层),已爬取
1834,步阳玺御府,1153283,https://jh.zu.anjuke.com/fangyuan/4588783876353038,1室1厅|整租|豪华装修|低层(共23层),已爬取
1835,步阳玺御府,1153283,https://jh.zu.anjuke.com/fangyuan/4402771289940995,3室2厅|整租|精装修|中层(共26层),已爬取
1836,步阳玺御府,1153283,https://jh.zu.anjuke.com/fangyuan/4625058367106052,3室2厅|整租|精装修|中层(共28层),已爬取
1837,步阳玺御府,1153283,https://jh.zu.anjuke.com/fangyuan/4561580921906189,3室2厅|整租|精装修|中层(共21层),已爬取
1838,步阳玺御府,1153283,https://jh.zu.anjuke.com/fangyuan/4628142335486984,3室2厅|整租|精装修|中层(共30层),已爬取
1839,金色港湾花园小区,968826,https://jh.zu.anjuke.com/fangyuan/4629692907121668,3室2厅|整租|精装修|高层(共27层),已爬取
1840,金色港湾花园小区,968826,https://jh.zu.anjuke.com/fangyuan/4602406137027590,2室2厅|整租|精装修|共5层,已爬取
1841,金色港湾花园小区,968826,https://jh.zu.anjuke.com/fangyuan/4602421485528067,3室2厅|整租|精装修|高层(共26层),已爬取
1842,华鼎公馆,712088,https://jh.zu.anjuke.com/fangyuan/4623796743433230,3室2厅|整租|精装修|高层(共21层),已爬取
1843,华鼎公馆,712088,https://jh.zu.anjuke.com/fangyuan/4631974958181377,3室2厅|整租|精装修|中层(共18层),已爬取
1844,华鼎公馆,712088,https://jh.zu.anjuke.com/fangyuan/4436966119500806,2室2厅|整租|精装修|高层(共11层),已爬取
1845,华鼎公馆,712088,https://jh.zu.anjuke.com/fangyuan/4631973262158861,3室2厅|整租|精装修|中层(共22层),已爬取
1846,华鼎公馆,712088,https://jh.zu.anjuke.com/fangyuan/4590247453486081,2室2厅|整租|精装修|高层(共11层),已爬取
1847,华鼎公馆,712088,https://jh.zu.anjuke.com/fangyuan/4621154679626756,3室2厅|整租|精装修|高层(共21层),已爬取
1848,华鼎公馆,712088,https://jh.zu.anjuke.com/fangyuan/4436966947449857,2室2厅|整租|精装修|高层(共11层),已爬取
1849,华鼎公馆,712088,https://jh.zu.anjuke.com/fangyuan/4581397668240394,2室2厅|整租|精装修|高层(共11层),已爬取
1850,华鼎公馆,712088,https://jh.zu.anjuke.com/fangyuan/4613868583248905,3室2厅|整租|简单装修|中层(共18层),已爬取
1851,华鼎公馆,712088,https://jh.zu.anjuke.com/fangyuan/4623654865513472,3室2厅|整租|精装修|高层(共21层),已爬取
1852,绿城金华御园(别墅),871475,https://jh.zu.anjuke.com/fangyuan/4567558441294862,6室3厅|整租|豪华装修|地下(共3层),已爬取
1853,银泰广场,1012098,https://jh.zu.anjuke.com/fangyuan/4603824987974668,1室1厅|整租|豪华装修|中层(共13层),已爬取
1854,银泰广场,1012098,https://jh.zu.anjuke.com/fangyuan/4535996431117321,1室1厅|整租|精装修|高层(共12层),已爬取
1855,银泰广场,1012098,https://jh.zu.anjuke.com/fangyuan/4632352814803981,1室0厅|整租|精装修|高层(共13层),已爬取
1856,银泰广场,1012098,https://jh.zu.anjuke.com/fangyuan/4589867762998286,1室1厅|整租|豪华装修|中层(共14层),已爬取
1857,银泰广场,1012098,https://jh.zu.anjuke.com/fangyuan/4603841584897031,2室1厅|整租|豪华装修|中层(共12层),已爬取
1858,银泰广场,1012098,https://jh.zu.anjuke.com/fangyuan/4545620948460551,1室1厅|整租|精装修|中层(共12层),已爬取
1859,银泰广场,1012098,https://jh.zu.anjuke.com/fangyuan/4614008345533448,1室1厅|整租|精装修|中层(共10层),已爬取
1860,银泰广场,1012098,https://jh.zu.anjuke.com/fangyuan/4603963548101642,1室1厅|整租|豪华装修|高层(共10层),已爬取
1861,银泰广场,1012098,https://jh.zu.anjuke.com/fangyuan/4598683552209920,2室1厅|整租|精装修|高层(共12层),已爬取
1862,银泰广场,1012098,https://jh.zu.anjuke.com/fangyuan/4329444636974086,1室1厅|整租|精装修|高层(共17层),已爬取
1863,永乐苑,969326,https://jh.zu.anjuke.com/fangyuan/4404445614384131,1室1厅|整租|精装修|中层(共17层),已爬取
1864,永乐苑,969326,https://jh.zu.anjuke.com/fangyuan/4615607051721730,2室1厅|整租|豪华装修|低层(共17层),已爬取
1865,永乐苑,969326,https://jh.zu.anjuke.com/fangyuan/4615343219008514,1室1厅|整租|精装修|高层(共15层),已爬取
1866,永乐苑,969326,https://jh.zu.anjuke.com/fangyuan/4596917189483528,1室1厅|整租|精装修|高层(共16层),已爬取
1867,永乐苑,969326,https://jh.zu.anjuke.com/fangyuan/4479068344589323,1室1厅|整租|精装修|低层(共17层),已爬取
1868,永乐苑,969326,https://jh.zu.anjuke.com/fangyuan/4534554231233548,2室1厅|整租|精装修|中层(共17层),已爬取
1869,永乐苑,969326,https://jh.zu.anjuke.com/fangyuan/4608167415278601,1室1厅|整租|豪华装修|低层(共16层),已爬取
1870,永乐苑,969326,https://jh.zu.anjuke.com/fangyuan/4596897107876868,2室1厅|整租|精装修|低层(共12层),已爬取
1871,永乐苑,969326,https://jh.zu.anjuke.com/fangyuan/2858573080749068,1室0厅|整租|精装修|中层(共6层),已爬取
1872,永乐苑,969326,https://jh.zu.anjuke.com/fangyuan/4616804745735183,2室1厅|整租|精装修|低层(共12层),已爬取
1873,天山龙城(A区),712053,https://jh.zu.anjuke.com/fangyuan/2977010603449350,4室2厅|整租|精装修|中层(共30层),已爬取
1874,天山龙城(A区),712053,https://jh.zu.anjuke.com/fangyuan/4239869018972169,4室2厅|整租|精装修|中层(共30层),已爬取
1875,天山龙城(A区),712053,https://jh.zu.anjuke.com/fangyuan/4227150350818311,4室2厅|整租|精装修|高层(共30层),已爬取
1876,天山龙城(A区),712053,https://jh.zu.anjuke.com/fangyuan/3499624135631885,4室2厅|整租|精装修|中层(共30层),已爬取
1877,天山龙城(A区),712053,https://jh.zu.anjuke.com/fangyuan/3499623035052038,4室2厅|整租|精装修|中层(共30层),已爬取
1878,玉龙华府,912057,https://jh.zu.anjuke.com/fangyuan/4612162621744131,3室2厅|整租|精装修|高层(共7层),已爬取
1879,白沙春晓,868102,https://jh.zu.anjuke.com/fangyuan/4574106586295298,3室2厅|整租|精装修|低层(共15层),已爬取
1880,望春小区,863232,https://jh.zu.anjuke.com/fangyuan/4620713508264963,1室0厅|整租|精装修|共3层,已爬取
1881,望春小区,863232,https://jh.zu.anjuke.com/fangyuan/4616407945159690,3室2厅|整租|精装修|中层(共6层),已爬取
1882,望春小区,863232,https://jh.zu.anjuke.com/fangyuan/4581488060525583,1室1厅|整租|精装修|共5层,已爬取
1883,望春小区,863232,https://jh.zu.anjuke.com/fangyuan/4612206872992769,1室0厅|整租|精装修|低层(共7层),已爬取
1884,望春小区,863232,https://jh.zu.anjuke.com/fangyuan/4438700453686285,4室2厅|整租|精装修|低层(共7层),已爬取
1885,望春小区,863232,https://jh.zu.anjuke.com/fangyuan/4618586208836620,1室1厅|整租|精装修|低层(共6层),已爬取
1886,望春小区,863232,https://jh.zu.anjuke.com/fangyuan/4624926478134285,3室2厅|整租|豪华装修|中层(共6层),已爬取
1887,望春小区,863232,https://jh.zu.anjuke.com/fangyuan/4583799049692163,1室1厅|整租|豪华装修|共5层,已爬取
1888,望春小区,863232,https://jh.zu.anjuke.com/fangyuan/4506190417894400,3室2厅|整租|豪华装修|共4层,已爬取
1889,望春小区,863232,https://jh.zu.anjuke.com/fangyuan/4613597904215054,3室2厅|整租|精装修|中层(共6层),已爬取
1890,婺商公寓,910644,https://jh.zu.anjuke.com/fangyuan/3514119527915527,2室2厅|整租|精装修|中层(共27层),已爬取
1891,婺商公寓,910644,https://jh.zu.anjuke.com/fangyuan/4513161312787459,1室1厅|整租|豪华装修|中层(共13层),已爬取
1892,婺商公寓,910644,https://jh.zu.anjuke.com/fangyuan/4626347242134543,1室1厅|整租|精装修|低层(共15层),已爬取
1893,婺商公寓,910644,https://jh.zu.anjuke.com/fangyuan/4613963948305416,1室1厅|整租|豪华装修|中层(共13层),已爬取
1894,婺商公寓,910644,https://jh.zu.anjuke.com/fangyuan/4606857685771277,1室1厅|整租|精装修|高层(共15层),已爬取
1895,婺商公寓,910644,https://jh.zu.anjuke.com/fangyuan/4615139700466693,1室1厅|整租|豪华装修|中层(共15层),已爬取
1896,婺商公寓,910644,https://jh.zu.anjuke.com/fangyuan/4582775552322562,1室1厅|整租|豪华装修|中层(共16层),已爬取
1897,婺商公寓,910644,https://jh.zu.anjuke.com/fangyuan/4628491538390022,1室1厅|整租|豪华装修|中层(共16层),已爬取
1898,婺商公寓,910644,https://jh.zu.anjuke.com/fangyuan/4132567814220815,1室1厅|整租|精装修|高层(共16层),已爬取
1899,婺商公寓,910644,https://jh.zu.anjuke.com/fangyuan/4622065209418755,1室1厅|整租|精装修|低层(共15层),已爬取
1900,四季春城,864621,https://jh.zu.anjuke.com/fangyuan/4545859717983239,2室2厅|整租|精装修|高层(共16层),已爬取
1901,四季春城,864621,https://jh.zu.anjuke.com/fangyuan/4590961953545229,2室2厅|整租|简单装修|高层(共16层),已爬取
1902,四季春城,864621,https://jh.zu.anjuke.com/fangyuan/4526126509190149,3室2厅|整租|精装修|低层(共18层),已爬取
1903,四季春城,864621,https://jh.zu.anjuke.com/fangyuan/4516337538804745,2室2厅|整租|精装修|低层(共16层),已爬取
1904,四季春城,864621,https://jh.zu.anjuke.com/fangyuan/4482213248033795,3室2厅|整租|精装修|中层(共19层),已爬取
1905,四季春城,864621,https://jh.zu.anjuke.com/fangyuan/4481904768363529,3室2厅|整租|精装修|高层(共16层),已爬取
1906,四季春城,864621,https://jh.zu.anjuke.com/fangyuan/4489049466268680,2室2厅|整租|简单装修|高层(共18层),已爬取
1907,四季春城,864621,https://jh.zu.anjuke.com/fangyuan/4474911846196234,1室1厅|整租|精装修|高层(共11层),已爬取
1908,四季春城,864621,https://jh.zu.anjuke.com/fangyuan/4612425348949006,3室2厅|整租|精装修|高层(共16层),已爬取
1909,四季春城,864621,https://jh.zu.anjuke.com/fangyuan/4612386097404929,2室2厅|整租|精装修|共2层,已爬取
1910,东方雅苑,968940,https://jh.zu.anjuke.com/fangyuan/4579775883090947,3室2厅|整租|精装修|中层(共17层),已爬取
1911,东方雅苑,968940,https://jh.zu.anjuke.com/fangyuan/4485426026603535,3室2厅|整租|精装修|高层(共7层),已爬取
1912,东方雅苑,968940,https://jh.zu.anjuke.com/fangyuan/4480452061015055,3室2厅|整租|精装修|中层(共10层),已爬取
1913,东方雅苑,968940,https://jh.zu.anjuke.com/fangyuan/4492490117819394,2室1厅|整租|豪华装修|低层(共6层),已爬取
1914,东方雅苑,968940,https://jh.zu.anjuke.com/fangyuan/4497853365314571,2室1厅|整租|精装修|共5层,已爬取
1915,江南名都,868166,https://jh.zu.anjuke.com/fangyuan/4488994052893710,2室2厅|整租|精装修|低层(共18层),已爬取
1916,江南名都,868166,https://jh.zu.anjuke.com/fangyuan/4589737014600717,3室2厅|整租|豪华装修|低层(共12层),已爬取
1917,江南名都,868166,https://jh.zu.anjuke.com/fangyuan/4548446696891402,2室2厅|整租|精装修|中层(共20层),已爬取
1918,江南名都,868166,https://jh.zu.anjuke.com/fangyuan/4618247315610633,2室2厅|整租|简单装修|高层(共22层),已爬取
1919,江南名都,868166,https://jh.zu.anjuke.com/fangyuan/4612885047565323,3室2厅|整租|豪华装修|低层(共26层),已爬取
1920,江南名都,868166,https://jh.zu.anjuke.com/fangyuan/4630552486568963,3室2厅|整租|豪华装修|高层(共30层),已爬取
1921,江南名都,868166,https://jh.zu.anjuke.com/fangyuan/4549000333960196,3室2厅|整租|豪华装修|低层(共18层),已爬取
1922,江南名都,868166,https://jh.zu.anjuke.com/fangyuan/4458677215077388,2室2厅|整租|精装修|低层(共28层),已爬取
1923,江南名都,868166,https://jh.zu.anjuke.com/fangyuan/4547445571595268,3室2厅|整租|豪华装修|中层(共30层),已爬取
1924,江南名都,868166,https://jh.zu.anjuke.com/fangyuan/4589560963326977,10室4厅|整租|精装修|中层(共18层),已爬取
1925,绿茵小区,863044,https://jh.zu.anjuke.com/fangyuan/4485283389938699,2室2厅|整租|精装修|高层(共7层),已爬取
1926,绿茵小区,863044,https://jh.zu.anjuke.com/fangyuan/4609272155153422,3室2厅|整租|豪华装修|高层(共6层),已爬取
1927,绿茵小区,863044,https://jh.zu.anjuke.com/fangyuan/4423835024665601,2室2厅|整租|豪华装修|低层(共6层),已爬取
1928,绿茵小区,863044,https://jh.zu.anjuke.com/fangyuan/4603682636573700,2室2厅|整租|精装修|低层(共6层),已爬取
1929,绿茵小区,863044,https://jh.zu.anjuke.com/fangyuan/4520145403833359,2室2厅|整租|豪华装修|低层(共6层),已爬取
1930,绿茵小区,863044,https://jh.zu.anjuke.com/fangyuan/4605467759518733,3室2厅|整租|豪华装修|高层(共6层),已爬取
1931,绿茵小区,863044,https://jh.zu.anjuke.com/fangyuan/4408472164867073,2室1厅|整租|豪华装修|中层(共6层),已爬取
1932,绿茵小区,863044,https://jh.zu.anjuke.com/fangyuan/4424050950958093,2室2厅|整租|精装修|低层(共6层),已爬取
1933,绿茵小区,863044,https://jh.zu.anjuke.com/fangyuan/4602710190382092,3室2厅|整租|豪华装修|高层(共6层),已爬取
1934,绿茵小区,863044,https://jh.zu.anjuke.com/fangyuan/4552929654205442,1室0厅|整租|精装修|中层(共12层),已爬取
1935,美的国宾府,1079622,https://jh.zu.anjuke.com/fangyuan/4619438676487178,3室2厅|整租|精装修|高层(共28层),已爬取
1936,美的国宾府,1079622,https://jh.zu.anjuke.com/fangyuan/4627022264380431,4室2厅|整租|豪华装修|高层(共27层),已爬取
1937,美的国宾府,1079622,https://jh.zu.anjuke.com/fangyuan/4626527675309059,3室2厅|整租|精装修|高层(共28层),已爬取
1938,美的国宾府,1079622,https://jh.zu.anjuke.com/fangyuan/4618045933249537,3室2厅|整租|精装修|中层(共26层),已爬取
1939,美的国宾府,1079622,https://jh.zu.anjuke.com/fangyuan/4536077788374016,1室1厅|整租|精装修|共4层,已爬取
1940,美的国宾府,1079622,https://jh.zu.anjuke.com/fangyuan/4411439121128463,4室2厅|整租|精装修|高层(共20层),已爬取
1941,美的国宾府,1079622,https://jh.zu.anjuke.com/fangyuan/4528959351041037,2室2厅|整租|精装修|低层(共16层),已爬取
1942,美的国宾府,1079622,https://jh.zu.anjuke.com/fangyuan/4393055422327808,4室2厅|整租|豪华装修|中层(共28层),已爬取
1943,美的国宾府,1079622,https://jh.zu.anjuke.com/fangyuan/4514492532827141,3室2厅|整租|精装修|中层(共32层),已爬取
1944,美的国宾府,1079622,https://jh.zu.anjuke.com/fangyuan/4468229688286218,4室2厅|整租|精装修|低层(共25层),已爬取
1945,绿城桂语江南,1087837,https://jh.zu.anjuke.com/fangyuan/4630831423204361,4室2厅|整租|精装修|高层(共13层),已爬取
1946,绿城桂语江南,1087837,https://jh.zu.anjuke.com/fangyuan/4633769742196751,3室2厅|整租|精装修|中层(共11层),已爬取
1947,绿城桂语江南,1087837,https://jh.zu.anjuke.com/fangyuan/4618166665944079,2室2厅|整租|精装修|高层(共15层),已爬取
1948,绿城桂语江南,1087837,https://jh.zu.anjuke.com/fangyuan/4517821314391054,2室2厅|整租|精装修|高层(共17层),已爬取
1949,绿城桂语江南,1087837,https://jh.zu.anjuke.com/fangyuan/4576928005973000,3室2厅|整租|精装修|高层(共16层),已爬取
1950,绿城桂语江南,1087837,https://jh.zu.anjuke.com/fangyuan/4590268059954178,4室2厅|整租|精装修|高层(共13层),已爬取
1951,绿城桂语江南,1087837,https://jh.zu.anjuke.com/fangyuan/4571365610693647,3室2厅|整租|精装修|高层(共15层),已爬取
1952,绿城桂语江南,1087837,https://jh.zu.anjuke.com/fangyuan/4595146216680453,3室2厅|整租|精装修|高层(共17层),已爬取
1953,绿城桂语江南,1087837,https://jh.zu.anjuke.com/fangyuan/4583903002242054,3室2厅|整租|精装修|高层(共16层),已爬取
1954,绿城桂语江南,1087837,https://jh.zu.anjuke.com/fangyuan/4594069266799620,3室2厅|整租|精装修|高层(共15层),已爬取
1955,华创未来城,712050,https://jh.zu.anjuke.com/fangyuan/4606792060363782,2室2厅|整租|豪华装修|高层(共15层),已爬取
1956,华创未来城,712050,https://jh.zu.anjuke.com/fangyuan/4548746688093199,2室2厅|整租|精装修|中层(共6层),已爬取
1957,华创未来城,712050,https://jh.zu.anjuke.com/fangyuan/4613057134257165,1室0厅|整租|精装修|中层(共6层),已爬取
1958,华创未来城,712050,https://jh.zu.anjuke.com/fangyuan/4626262280363012,2室2厅|整租|简单装修|高层(共16层),已爬取
1959,华创未来城,712050,https://jh.zu.anjuke.com/fangyuan/4602253153676303,1室1厅|整租|精装修|中层(共7层),已爬取
1960,万达花园,712076,https://jh.zu.anjuke.com/fangyuan/4519912285658123,3室2厅|整租|精装修|高层(共8层),已爬取
1961,万达花园,712076,https://jh.zu.anjuke.com/fangyuan/4573665502274561,1室0厅|整租|简单装修|共5层,已爬取
1962,万达花园,712076,https://jh.zu.anjuke.com/fangyuan/4257268794482693,1室0厅|整租|豪华装修|低层(共6层),已爬取
1963,康乐牡丹苑,863324,https://jh.zu.anjuke.com/fangyuan/4605291097922575,2室1厅|整租|精装修|中层(共6层),已爬取
1964,康乐牡丹苑,863324,https://jh.zu.anjuke.com/fangyuan/4572758634818567,3室2厅|整租|精装修|共5层,已爬取
1965,康乐牡丹苑,863324,https://jh.zu.anjuke.com/fangyuan/4598274300468227,2室2厅|整租|精装修|中层(共6层),已爬取
1966,康乐牡丹苑,863324,https://jh.zu.anjuke.com/fangyuan/4620652769092608,2室2厅|整租|精装修|中层(共6层),已爬取
1967,康乐牡丹苑,863324,https://jh.zu.anjuke.com/fangyuan/4627702585435151,2室2厅|整租|精装修|中层(共6层),已爬取
1968,康庄小区,868126,https://jh.zu.anjuke.com/fangyuan/4606889768346627,3室2厅|整租|简单装修|共5层,已爬取
1969,康庄小区,868126,https://jh.zu.anjuke.com/fangyuan/4606890372144132,3室2厅|整租|精装修|共5层,已爬取
1970,康庄小区,868126,https://jh.zu.anjuke.com/fangyuan/4631115475119113,3室2厅|整租|精装修|低层(共6层),已爬取
1971,康庄小区,868126,https://jh.zu.anjuke.com/fangyuan/4606741008276484,3室2厅|整租|精装修|共5层,已爬取
1972,康庄小区,868126,https://jh.zu.anjuke.com/fangyuan/4599740432575499,3室2厅|整租|精装修|共5层,已爬取
1973,康庄小区,868126,https://jh.zu.anjuke.com/fangyuan/4622249328598027,14室3厅|整租|精装修|共4层,已爬取
1974,康庄小区,868126,https://jh.zu.anjuke.com/fangyuan/4613877714562061,4室4厅|整租|精装修|共5层,已爬取
1975,康庄小区,868126,https://jh.zu.anjuke.com/fangyuan/4606736331349003,3室2厅|整租|精装修|低层(共6层),已爬取
1976,近江枫乔苑,864623,https://jh.zu.anjuke.com/fangyuan/4626974612335631,3室2厅|整租|豪华装修|中层(共6层),已爬取
1977,婺城东景小区(西区),1103295,https://jh.zu.anjuke.com/fangyuan/4495245088777219,1室0厅|整租|精装修|低层(共6层),已爬取
1978,婺城东景小区(西区),1103295,https://jh.zu.anjuke.com/fangyuan/4473437301136393,1室0厅|整租|精装修|共5层,已爬取
1979,婺城东景小区(西区),1103295,https://jh.zu.anjuke.com/fangyuan/3428787406054401,1室0厅|整租|精装修|共5层,已爬取
1980,婺城东景小区(西区),1103295,https://jh.zu.anjuke.com/fangyuan/4495304284937222,1室0厅|整租|精装修|低层(共6层),已爬取
1981,婺城东景小区(西区),1103295,https://jh.zu.anjuke.com/fangyuan/4495300534344714,1室0厅|整租|精装修|低层(共6层),已爬取
1982,茂新三味雅筑,1038528,https://jh.zu.anjuke.com/fangyuan/4516018821245965,1室1厅|整租|精装修|高层(共15层),已爬取
1983,茂新三味雅筑,1038528,https://jh.zu.anjuke.com/fangyuan/4619218402632707,2室1厅|整租|精装修|中层(共14层),已爬取
1984,茂新三味雅筑,1038528,https://jh.zu.anjuke.com/fangyuan/4623501511420936,2室1厅|整租|精装修|低层(共13层),已爬取
1985,茂新三味雅筑,1038528,https://jh.zu.anjuke.com/fangyuan/4615164405083136,1室1厅|整租|精装修|中层(共9层),已爬取
1986,茂新三味雅筑,1038528,https://jh.zu.anjuke.com/fangyuan/4606804353620994,1室1厅|整租|豪华装修|低层(共16层),已爬取
1987,茂新三味雅筑,1038528,https://jh.zu.anjuke.com/fangyuan/4618207343090700,2室2厅|整租|精装修|高层(共14层),已爬取
1988,茂新三味雅筑,1038528,https://jh.zu.anjuke.com/fangyuan/4602597648653314,2室1厅|整租|精装修|低层(共16层),已爬取
1989,茂新三味雅筑,1038528,https://jh.zu.anjuke.com/fangyuan/4143852831038474,1室1厅|整租|精装修|中层(共12层),已爬取
1990,茂新三味雅筑,1038528,https://jh.zu.anjuke.com/fangyuan/4623490187308037,2室1厅|整租|精装修|中层(共13层),已爬取
1991,茂新三味雅筑,1038528,https://jh.zu.anjuke.com/fangyuan/4578541130771464,1室1厅|整租|精装修|中层(共12层),已爬取
1992,江南新城,863233,https://jh.zu.anjuke.com/fangyuan/4551975816145924,1室0厅|整租|精装修|中层(共30层),已爬取
1993,江南新城,863233,https://jh.zu.anjuke.com/fangyuan/4578183849794573,3室2厅|整租|精装修|共5层,已爬取
1994,金圆上都(北区),969046,https://jh.zu.anjuke.com/fangyuan/4358773104241665,3室2厅|整租|精装修|中层(共18层),已爬取
1995,金圆上都(北区),969046,https://jh.zu.anjuke.com/fangyuan/4550147635604492,3室2厅|整租|精装修|中层(共24层),已爬取
1996,金圆上都(北区),969046,https://jh.zu.anjuke.com/fangyuan/4605438503246861,3室2厅|整租|精装修|低层(共17层),已爬取
1997,金圆上都(北区),969046,https://jh.zu.anjuke.com/fangyuan/4510209736582159,3室2厅|整租|精装修|中层(共20层),已爬取
1998,金圆上都(北区),969046,https://jh.zu.anjuke.com/fangyuan/4602504086330379,3室2厅|整租|精装修|低层(共18层),已爬取
1999,金圆上都(北区),969046,https://jh.zu.anjuke.com/fangyuan/4605356620033027,4室2厅|整租|精装修|低层(共16层),已爬取
2000,金圆上都(北区),969046,https://jh.zu.anjuke.com/fangyuan/4527142587259914,3室2厅|整租|精装修|共5层,已爬取
2001,金圆上都(北区),969046,https://jh.zu.anjuke.com/fangyuan/4205857128603659,3室2厅|整租|精装修|低层(共15层),已爬取
2002,金圆上都(北区),969046,https://jh.zu.anjuke.com/fangyuan/4436901952347142,2室2厅|整租|精装修|共5层,已爬取
2003,金圆上都(北区),969046,https://jh.zu.anjuke.com/fangyuan/4493252783791118,3室2厅|整租|精装修|低层(共15层),已爬取
2004,丽州玫瑰园,927303,https://jh.zu.anjuke.com/fangyuan/4497646496082946,1室1厅|整租|精装修|低层(共7层),已爬取
2005,丽州玫瑰园,927303,https://jh.zu.anjuke.com/fangyuan/4511418733685774,2室2厅|整租|精装修|低层(共16层),已爬取
2006,丽州玫瑰园,927303,https://jh.zu.anjuke.com/fangyuan/4527297373514766,2室1厅|整租|豪华装修|中层(共9层),已爬取
2007,丽州玫瑰园,927303,https://jh.zu.anjuke.com/fangyuan/4570251222068236,4室2厅|整租|豪华装修|中层(共9层),已爬取
2008,步阳紫荆花园,1010409,https://jh.zu.anjuke.com/fangyuan/4192148396285954,2室2厅|整租|精装修|中层(共8层),已爬取
2009,步阳紫荆花园,1010409,https://jh.zu.anjuke.com/fangyuan/4599578254582793,2室1厅|整租|豪华装修|低层(共22层),已爬取
2010,步阳紫荆花园,1010409,https://jh.zu.anjuke.com/fangyuan/4599589746027535,2室2厅|整租|豪华装修|中层(共7层),已爬取
2011,步阳紫荆花园,1010409,https://jh.zu.anjuke.com/fangyuan/4599444118477839,2室1厅|整租|精装修|低层(共12层),已爬取
2012,步阳紫荆花园,1010409,https://jh.zu.anjuke.com/fangyuan/4603978542244865,2室2厅|整租|精装修|低层(共15层),已爬取
2013,金义华府,872036,https://jh.zu.anjuke.com/fangyuan/4479474079097856,1室1厅|整租|精装修|中层(共16层),已爬取
2014,金义华府,872036,https://jh.zu.anjuke.com/fangyuan/4628248800437257,2室2厅|整租|精装修|共5层,已爬取
2015,金义华府,872036,https://jh.zu.anjuke.com/fangyuan/4530038205211652,3室2厅|整租|精装修|高层(共6层),已爬取
2016,东方诚品,871959,https://jh.zu.anjuke.com/fangyuan/4632250278800399,2室1厅|整租|精装修|中层(共20层),已爬取
2017,东方诚品,871959,https://jh.zu.anjuke.com/fangyuan/4615535402806286,3室2厅|整租|豪华装修|中层(共25层),已爬取
2018,东方诚品,871959,https://jh.zu.anjuke.com/fangyuan/4582773192877061,3室2厅|整租|豪华装修|低层(共17层),已爬取
2019,东方诚品,871959,https://jh.zu.anjuke.com/fangyuan/4605136811435016,4室2厅|整租|精装修|中层(共18层),已爬取
2020,东方诚品,871959,https://jh.zu.anjuke.com/fangyuan/4582779638275084,3室2厅|整租|精装修|中层(共23层),已爬取
2021,东方诚品,871959,https://jh.zu.anjuke.com/fangyuan/4567527885843459,3室2厅|整租|精装修|低层(共16层),已爬取
2022,东方诚品,871959,https://jh.zu.anjuke.com/fangyuan/4623539820420104,3室2厅|整租|精装修|高层(共16层),已爬取
2023,东方诚品,871959,https://jh.zu.anjuke.com/fangyuan/4582768465435648,3室2厅|整租|精装修|高层(共21层),已爬取
2024,东方诚品,871959,https://jh.zu.anjuke.com/fangyuan/4584387092225024,3室2厅|整租|精装修|中层(共16层),已爬取
2025,东方诚品,871959,https://jh.zu.anjuke.com/fangyuan/4632248693451779,2室2厅|整租|豪华装修|高层(共16层),已爬取
2026,飞凤路小区,671089,https://jh.zu.anjuke.com/fangyuan/4575653361265672,1室0厅|整租|精装修|共5层,已爬取
2027,飞凤路小区,671089,https://jh.zu.anjuke.com/fangyuan/4576806559247360,1室0厅|整租|豪华装修|共5层,已爬取
2028,飞凤路小区,671089,https://jh.zu.anjuke.com/fangyuan/4588314526376965,1室1厅|整租|精装修|共5层,已爬取
2029,飞凤路小区,671089,https://jh.zu.anjuke.com/fangyuan/4624916477307918,2室1厅|整租|豪华装修|共5层,已爬取
2030,飞凤路小区,671089,https://jh.zu.anjuke.com/fangyuan/4570299328687107,1室1厅|整租|豪华装修|共5层,已爬取
2031,飞凤路小区,671089,https://jh.zu.anjuke.com/fangyuan/4528903927114756,1室1厅|整租|精装修|低层(共6层),已爬取
2032,飞凤路小区,671089,https://jh.zu.anjuke.com/fangyuan/4596737263985679,1室0厅|整租|豪华装修|高层(共6层),已爬取
2033,飞凤路小区,671089,https://jh.zu.anjuke.com/fangyuan/4585254785051653,2室1厅|整租|豪华装修|共5层,已爬取
2034,飞凤路小区,671089,https://jh.zu.anjuke.com/fangyuan/4620958698433546,1室1厅|整租|豪华装修|中层(共6层),已爬取
2035,飞凤路小区,671089,https://jh.zu.anjuke.com/fangyuan/4572594211625984,2室1厅|整租|精装修|共5层,已爬取
2036,凤凰城青年汇,712114,https://jh.zu.anjuke.com/fangyuan/4303702271552520,1室1厅|整租|精装修|高层(共11层),已爬取
2037,凤凰城青年汇,712114,https://jh.zu.anjuke.com/fangyuan/4506256953699328,2室2厅|整租|精装修|中层(共10层),已爬取
2038,凤凰城青年汇,712114,https://jh.zu.anjuke.com/fangyuan/4320732633619471,2室1厅|整租|豪华装修|高层(共10层),已爬取
2039,凤凰城青年汇,712114,https://jh.zu.anjuke.com/fangyuan/4615676374199311,1室1厅|整租|豪华装修|中层(共15层),已爬取
2040,凤凰城青年汇,712114,https://jh.zu.anjuke.com/fangyuan/4624854533921801,1室1厅|整租|精装修|中层(共12层),已爬取
2041,凤凰城青年汇,712114,https://jh.zu.anjuke.com/fangyuan/4615284694162447,2室1厅|整租|精装修|高层(共11层),已爬取
2042,凤凰城青年汇,712114,https://jh.zu.anjuke.com/fangyuan/4160637119078412,3室2厅|整租|精装修|中层(共12层),已爬取
2043,凤凰城青年汇,712114,https://jh.zu.anjuke.com/fangyuan/4493527587204102,1室1厅|整租|精装修|高层(共10层),已爬取
2044,凤凰城青年汇,712114,https://jh.zu.anjuke.com/fangyuan/4550265854075919,1室1厅|整租|精装修|高层(共12层),已爬取
2045,凤凰城青年汇,712114,https://jh.zu.anjuke.com/fangyuan/4442345984793614,1室1厅|整租|精装修|高层(共10层),已爬取
2046,阳光嘉苑,671097,https://jh.zu.anjuke.com/fangyuan/3763159216628748,1室1厅|整租|精装修|中层(共8层),已爬取
2047,阳光嘉苑,671097,https://jh.zu.anjuke.com/fangyuan/4493524041884679,3室2厅|整租|精装修|低层(共44层),已爬取
2048,阳光嘉苑,671097,https://jh.zu.anjuke.com/fangyuan/3706515012558851,1室1厅|整租|精装修|共5层,已爬取
2049,保亿湖风雅园,1374399,https://jh.zu.anjuke.com/fangyuan/4534496146007040,4室2厅|整租|精装修|中层(共11层),已爬取
2050,保亿湖风雅园,1374399,https://jh.zu.anjuke.com/fangyuan/4581265527548934,4室2厅|整租|豪华装修|中层(共11层),已爬取
2051,保亿湖风雅园,1374399,https://jh.zu.anjuke.com/fangyuan/4506109120422920,4室2厅|整租|精装修|低层(共11层),已爬取
2052,保亿湖风雅园,1374399,https://jh.zu.anjuke.com/fangyuan/4535618440471557,3室2厅|整租|豪华装修|低层(共11层),已爬取
2053,保亿湖风雅园,1374399,https://jh.zu.anjuke.com/fangyuan/4621054076724229,3室2厅|整租|豪华装修|高层(共11层),已爬取
2054,保亿湖风雅园,1374399,https://jh.zu.anjuke.com/fangyuan/4632213269474304,4室2厅|整租|豪华装修|中层(共11层),已爬取
2055,保亿湖风雅园,1374399,https://jh.zu.anjuke.com/fangyuan/4579122614019078,3室2厅|整租|精装修|中层(共11层),已爬取
2056,保亿湖风雅园,1374399,https://jh.zu.anjuke.com/fangyuan/4534454004083725,3室2厅|整租|精装修|低层(共11层),已爬取
2057,保亿湖风雅园,1374399,https://jh.zu.anjuke.com/fangyuan/4256794688723974,3室2厅|整租|豪华装修|低层(共7层),已爬取
2058,保亿湖风雅园,1374399,https://jh.zu.anjuke.com/fangyuan/4627921310395394,1室1厅|整租|精装修|中层(共15层),已爬取
2059,上坤碧桂园大都会,1141314,https://jh.zu.anjuke.com/fangyuan/4537708088761356,1室1厅|整租|精装修|高层(共6层),已爬取
2060,上坤碧桂园大都会,1141314,https://jh.zu.anjuke.com/fangyuan/4574304399043591,4室2厅|整租|精装修|中层(共27层),已爬取
2061,上坤碧桂园大都会,1141314,https://jh.zu.anjuke.com/fangyuan/4580070145483780,4室2厅|整租|精装修|中层(共28层),已爬取
2062,上坤碧桂园大都会,1141314,https://jh.zu.anjuke.com/fangyuan/4434163735718925,3室2厅|整租|精装修|高层(共23层),已爬取
2063,上坤碧桂园大都会,1141314,https://jh.zu.anjuke.com/fangyuan/4545934274487302,4室2厅|整租|精装修|低层(共27层),已爬取
2064,上坤碧桂园大都会,1141314,https://jh.zu.anjuke.com/fangyuan/4399718880666637,3室2厅|整租|精装修|低层(共29层),已爬取
2065,上坤碧桂园大都会,1141314,https://jh.zu.anjuke.com/fangyuan/4633816230879241,2室1厅|整租|精装修|高层(共27层),已爬取
2066,上坤碧桂园大都会,1141314,https://jh.zu.anjuke.com/fangyuan/4246203411147783,4室2厅|整租|精装修|中层(共29层),已爬取
2067,上坤碧桂园大都会,1141314,https://jh.zu.anjuke.com/fangyuan/3501402800806916,1室1厅|整租|精装修|共5层,已爬取
2068,上坤碧桂园大都会,1141314,https://jh.zu.anjuke.com/fangyuan/4606835549809679,3室2厅|整租|精装修|低层(共32层),已爬取
2069,滨江花园,873372,https://jh.zu.anjuke.com/fangyuan/4568642221087746,2室2厅|整租|简单装修|高层(共17层),已爬取
2070,滨江花园,873372,https://jh.zu.anjuke.com/fangyuan/4613657719579661,4室1厅|整租|精装修|低层(共20层),已爬取
2071,滨江花园,873372,https://jh.zu.anjuke.com/fangyuan/4468322189728769,7室3厅|整租|豪华装修|中层(共22层),已爬取
2072,江南名邸(东区),969025,https://jh.zu.anjuke.com/fangyuan/4549888494738444,4室2厅|整租|精装修|中层(共20层),已爬取
2073,江南名邸(东区),969025,https://jh.zu.anjuke.com/fangyuan/3873369879486467,3室2厅|整租|精装修|高层(共17层),已爬取
2074,江南名邸(东区),969025,https://jh.zu.anjuke.com/fangyuan/4319427131661321,3室2厅|整租|简单装修|低层(共11层),已爬取
2075,婺城东景小区(东区),968942,https://jh.zu.anjuke.com/fangyuan/4565920108618763,1室0厅|整租|精装修|低层(共7层),已爬取
2076,婺城东景小区(东区),968942,https://jh.zu.anjuke.com/fangyuan/4524734531476487,1室1厅|整租|精装修|共5层,已爬取
2077,婺城东景小区(东区),968942,https://jh.zu.anjuke.com/fangyuan/4495252151479296,1室0厅|整租|精装修|低层(共6层),已爬取
2078,婺城东景小区(东区),968942,https://jh.zu.anjuke.com/fangyuan/3561101741564929,1室0厅|整租|精装修|共5层,已爬取
2079,婺城东景小区(东区),968942,https://jh.zu.anjuke.com/fangyuan/3048017519385603,1室0厅|整租|精装修|共5层,已爬取
2080,婺城东景小区(东区),968942,https://jh.zu.anjuke.com/fangyuan/4495237403352065,1室0厅|整租|精装修|低层(共6层),已爬取
2081,上坤中腾都会四季,1178808,https://jh.zu.anjuke.com/fangyuan/4596905968182286,4室2厅|整租|精装修|中层(共18层),已爬取
2082,上坤中腾都会四季,1178808,https://jh.zu.anjuke.com/fangyuan/4565879228638212,4室2厅|整租|精装修|中层(共32层),已爬取
2083,上坤中腾都会四季,1178808,https://jh.zu.anjuke.com/fangyuan/4571415274515461,4室2厅|整租|精装修|低层(共29层),已爬取
2084,上坤中腾都会四季,1178808,https://jh.zu.anjuke.com/fangyuan/4596916450024456,4室2厅|整租|精装修|高层(共11层),已爬取
2085,上坤中腾都会四季,1178808,https://jh.zu.anjuke.com/fangyuan/4595449963586565,3室2厅|整租|精装修|共1层,已爬取
2086,上坤中腾都会四季,1178808,https://jh.zu.anjuke.com/fangyuan/4596856665349120,3室2厅|整租|精装修|低层(共33层),已爬取
2087,上坤中腾都会四季,1178808,https://jh.zu.anjuke.com/fangyuan/3819762610151424,4室2厅|整租|精装修|中层(共29层),已爬取
2088,上坤中腾都会四季,1178808,https://jh.zu.anjuke.com/fangyuan/4551443076471808,3室2厅|整租|精装修|中层(共32层),已爬取
2089,上坤中腾都会四季,1178808,https://jh.zu.anjuke.com/fangyuan/4507507558685700,4室2厅|整租|精装修|高层(共11层),已爬取
2090,上坤中腾都会四季,1178808,https://jh.zu.anjuke.com/fangyuan/4629813967399943,4室2厅|整租|豪华装修|高层(共11层),已爬取
2091,君悦上城,968830,https://jh.zu.anjuke.com/fangyuan/4507762088387590,3室2厅|整租|精装修|中层(共6层),已爬取
2092,君悦上城,968830,https://jh.zu.anjuke.com/fangyuan/4191969846848514,2室2厅|整租|精装修|中层(共6层),已爬取
2093,君悦上城,968830,https://jh.zu.anjuke.com/fangyuan/4255789180182542,2室2厅|整租|精装修|中层(共6层),已爬取
2094,金正花园,911342,https://jh.zu.anjuke.com/fangyuan/4561442510234627,3室2厅|整租|豪华装修|共5层,已爬取
2095,金正花园,911342,https://jh.zu.anjuke.com/fangyuan/4630653677825036,2室2厅|整租|精装修|共5层,已爬取
2096,金正花园,911342,https://jh.zu.anjuke.com/fangyuan/4516025921346570,4室2厅|整租|精装修|中层(共6层),已爬取
2097,紫悦花园,1413508,https://jh.zu.anjuke.com/fangyuan/4529195108361218,2室2厅|整租|豪华装修|中层(共18层),已爬取
2098,紫悦花园,1413508,https://jh.zu.anjuke.com/fangyuan/4492051574744077,3室2厅|整租|豪华装修|中层(共22层),已爬取
2099,紫悦花园,1413508,https://jh.zu.anjuke.com/fangyuan/4610731506015232,2室2厅|整租|豪华装修|高层(共20层),已爬取
2100,紫悦花园,1413508,https://jh.zu.anjuke.com/fangyuan/4606985454513162,3室2厅|整租|豪华装修|高层(共18层),已爬取
2101,紫悦花园,1413508,https://jh.zu.anjuke.com/fangyuan/4631870194148357,3室2厅|整租|豪华装修|中层(共17层),已爬取
2102,紫悦花园,1413508,https://jh.zu.anjuke.com/fangyuan/4568322296699908,3室2厅|整租|豪华装修|高层(共18层),已爬取
2103,紫悦花园,1413508,https://jh.zu.anjuke.com/fangyuan/4535968076848142,2室2厅|整租|豪华装修|低层(共18层),已爬取
2104,紫悦花园,1413508,https://jh.zu.anjuke.com/fangyuan/4228819118071818,3室2厅|整租|豪华装修|高层(共18层),已爬取
2105,紫悦花园,1413508,https://jh.zu.anjuke.com/fangyuan/4535907602344962,3室2厅|整租|精装修|中层(共18层),已爬取
2106,紫悦花园,1413508,https://jh.zu.anjuke.com/fangyuan/4631524728871949,2室2厅|整租|豪华装修|低层(共17层),已爬取
2107,锦绣佳园,1365380,https://jh.zu.anjuke.com/fangyuan/4622516168547331,3室2厅|整租|精装修|低层(共24层),已爬取
2108,锦绣佳园,1365380,https://jh.zu.anjuke.com/fangyuan/4527157403573259,3室2厅|整租|精装修|中层(共16层),已爬取
2109,锦绣佳园,1365380,https://jh.zu.anjuke.com/fangyuan/4590275029867533,3室2厅|整租|豪华装修|低层(共23层),已爬取
2110,锦绣佳园,1365380,https://jh.zu.anjuke.com/fangyuan/4599846765206531,2室1厅|整租|精装修|高层(共17层),已爬取
2111,锦绣佳园,1365380,https://jh.zu.anjuke.com/fangyuan/4516314562206725,3室2厅|整租|精装修|中层(共16层),已爬取
2112,教师新村(兰溪),712135,https://jh.zu.anjuke.com/fangyuan/4571365756052489,2室1厅|整租|精装修|共5层,已爬取
2113,教师新村(兰溪),712135,https://jh.zu.anjuke.com/fangyuan/4551225375927296,2室1厅|整租|精装修|共5层,已爬取
2114,教师新村(兰溪),712135,https://jh.zu.anjuke.com/fangyuan/4630728555668489,2室1厅|整租|精装修|低层(共6层),已爬取
2115,教师新村(兰溪),712135,https://jh.zu.anjuke.com/fangyuan/4602532168082445,2室1厅|整租|精装修|共5层,已爬取
2116,教师新村(兰溪),712135,https://jh.zu.anjuke.com/fangyuan/4538481672987648,2室1厅|整租|精装修|共5层,已爬取
2117,教师新村(兰溪),712135,https://jh.zu.anjuke.com/fangyuan/4556961186634766,2室1厅|整租|简单装修|中层(共6层),已爬取
2118,教师新村(兰溪),712135,https://jh.zu.anjuke.com/fangyuan/3072115209198605,1室0厅|整租|简单装修|共5层,已爬取
2119,教师新村(兰溪),712135,https://jh.zu.anjuke.com/fangyuan/4624663802584066,3室2厅|整租|精装修|共4层,已爬取
2120,教师新村(兰溪),712135,https://jh.zu.anjuke.com/fangyuan/4632293221313545,2室1厅|整租|精装修|共5层,已爬取
2121,教师新村(兰溪),712135,https://jh.zu.anjuke.com/fangyuan/4632080641518602,2室1厅|整租|精装修|共5层,已爬取
2122,颐景园,1083890,https://jh.zu.anjuke.com/fangyuan/4615012627393544,3室2厅|整租|精装修|高层(共17层),已爬取
2123,颐景园,1083890,https://jh.zu.anjuke.com/fangyuan/4585741057352704,3室2厅|整租|精装修|高层(共26层),已爬取
2124,颐景园,1083890,https://jh.zu.anjuke.com/fangyuan/4615273180818441,3室2厅|整租|精装修|高层(共18层),已爬取
2125,颐景园,1083890,https://jh.zu.anjuke.com/fangyuan/4544735649668096,4室2厅|整租|精装修|高层(共21层),已爬取
2126,颐景园,1083890,https://jh.zu.anjuke.com/fangyuan/4616666754636802,3室2厅|整租|精装修|高层(共17层),已爬取
2127,颐景园,1083890,https://jh.zu.anjuke.com/fangyuan/4507397337064456,4室2厅|整租|豪华装修|低层(共18层),已爬取
2128,颐景园,1083890,https://jh.zu.anjuke.com/fangyuan/4548542819593221,3室2厅|整租|精装修|低层(共24层),已爬取
2129,颐景园,1083890,https://jh.zu.anjuke.com/fangyuan/4618173881574408,3室2厅|整租|简单装修|高层(共23层),已爬取
2130,颐景园,1083890,https://jh.zu.anjuke.com/fangyuan/4633986936431631,3室2厅|整租|精装修|中层(共24层),已爬取
2131,颐景园,1083890,https://jh.zu.anjuke.com/fangyuan/4504878854808580,3室2厅|整租|精装修|中层(共22层),已爬取
2132,江南名家,863249,https://jh.zu.anjuke.com/fangyuan/4632298230080517,3室2厅|整租|精装修|高层(共6层),已爬取
2133,黄金北岸,871937,https://jh.zu.anjuke.com/fangyuan/4587986935702540,2室2厅|整租|精装修|高层(共26层),已爬取
2134,彩虹城,1047582,https://jh.zu.anjuke.com/fangyuan/4595282650129410,3室2厅|整租|精装修|低层(共10层),已爬取
2135,彩虹城,1047582,https://jh.zu.anjuke.com/fangyuan/4566013453624335,1室1厅|整租|精装修|中层(共12层),已爬取
2136,彩虹城,1047582,https://jh.zu.anjuke.com/fangyuan/4632845069249539,1室1厅|整租|精装修|中层(共10层),已爬取
2137,彩虹城,1047582,https://jh.zu.anjuke.com/fangyuan/4524672397306892,3室2厅|整租|精装修|高层(共16层),已爬取
2138,彩虹城,1047582,https://jh.zu.anjuke.com/fangyuan/4629299192880128,3室2厅|整租|精装修|高层(共11层),已爬取
2139,彩虹城,1047582,https://jh.zu.anjuke.com/fangyuan/4631209206307848,3室2厅|整租|精装修|高层(共17层),已爬取
2140,彩虹城,1047582,https://jh.zu.anjuke.com/fangyuan/4527595168095234,1室1厅|整租|豪华装修|共5层,已爬取
2141,彩虹城,1047582,https://jh.zu.anjuke.com/fangyuan/4550068948689921,1室1厅|整租|精装修|共5层,已爬取
2142,彩虹城,1047582,https://jh.zu.anjuke.com/fangyuan/4553688884880393,1室1厅|整租|精装修|共5层,已爬取
2143,聚佳鑫湖畔,873476,https://jh.zu.anjuke.com/fangyuan/4552639810329614,3室2厅|整租|精装修|中层(共36层),已爬取
2144,青青家园,863139,https://jh.zu.anjuke.com/fangyuan/4602184236817423,1室1厅|整租|精装修|高层(共6层),已爬取
2145,青青家园,863139,https://jh.zu.anjuke.com/fangyuan/4568217369123845,1室1厅|整租|精装修|高层(共6层),已爬取
2146,碧桂园湖境佳苑,1271868,https://jh.zu.anjuke.com/fangyuan/4585412177320965,3室2厅|整租|精装修|中层(共11层),已爬取
2147,碧桂园湖境佳苑,1271868,https://jh.zu.anjuke.com/fangyuan/4517366316655617,3室2厅|整租|豪华装修|中层(共11层),已爬取
2148,红星天铂,1047184,https://jh.zu.anjuke.com/fangyuan/4584134474361862,3室2厅|整租|豪华装修|低层(共16层),已爬取
2149,百合嘉苑,863029,https://jh.zu.anjuke.com/fangyuan/4622272296971270,1室1厅|整租|精装修|高层(共16层),已爬取
2150,保利大国璟,1142356,https://jh.zu.anjuke.com/fangyuan/4494986938510346,4室2厅|整租|精装修|中层(共17层),已爬取
2151,保利大国璟,1142356,https://jh.zu.anjuke.com/fangyuan/4504811277952001,2室2厅|整租|精装修|低层(共22层),已爬取
2152,保利大国璟,1142356,https://jh.zu.anjuke.com/fangyuan/4626217761268738,3室2厅|整租|精装修|低层(共17层),已爬取
2153,保利大国璟,1142356,https://jh.zu.anjuke.com/fangyuan/4506401147233293,3室2厅|整租|精装修|低层(共16层),已爬取
2154,保利大国璟,1142356,https://jh.zu.anjuke.com/fangyuan/4485007849563146,3室2厅|整租|豪华装修|高层(共24层),已爬取
2155,保利大国璟,1142356,https://jh.zu.anjuke.com/fangyuan/4572664432305156,3室2厅|整租|精装修|低层(共20层),已爬取
2156,保利大国璟,1142356,https://jh.zu.anjuke.com/fangyuan/4431456027401227,3室2厅|整租|精装修|高层(共17层),已爬取
2157,保利大国璟,1142356,https://jh.zu.anjuke.com/fangyuan/4513140710845452,3室2厅|整租|精装修|中层(共20层),已爬取
2158,万固西江月,1077900,https://jh.zu.anjuke.com/fangyuan/4617787583964169,3室2厅|整租|精装修|低层(共13层),已爬取
2159,红星金义天铂,1102348,https://jh.zu.anjuke.com/fangyuan/4432825150331905,3室2厅|整租|精装修|低层(共15层),已爬取
2160,红星金义天铂,1102348,https://jh.zu.anjuke.com/fangyuan/4514800339741696,3室2厅|整租|精装修|高层(共18层),已爬取
2161,银泰广场,1012098,https://jh.zu.anjuke.com/fangyuan/4595654051521546,1室1厅|整租|豪华装修|低层(共13层),已爬取
2162,银泰广场,1012098,https://jh.zu.anjuke.com/fangyuan/4589838422795264,1室1厅|整租|豪华装修|高层(共14层),已爬取
2163,永乐苑,969326,https://jh.zu.anjuke.com/fangyuan/4543107367984131,1室1厅|整租|精装修|低层(共17层),已爬取
2164,永乐苑,969326,https://jh.zu.anjuke.com/fangyuan/4615360072199177,2室1厅|整租|精装修|低层(共16层),已爬取
2165,婺商公寓,910644,https://jh.zu.anjuke.com/fangyuan/4622081311958019,1室1厅|整租|精装修|中层(共15层),已爬取
2166,绿城桂语江南,1087837,https://jh.zu.anjuke.com/fangyuan/4571370998225922,3室2厅|整租|精装修|低层(共15层),已爬取
2167,绿城桂语江南,1087837,https://jh.zu.anjuke.com/fangyuan/4520156233313284,3室2厅|整租|精装修|低层(共10层),已爬取
2168,绿城桂语江南,1087837,https://jh.zu.anjuke.com/fangyuan/4632256146056197,4室2厅|整租|精装修|低层(共17层),已爬取
2169,绿城桂语江南,1087837,https://jh.zu.anjuke.com/fangyuan/4534251651148803,4室2厅|整租|精装修|中层(共17层),已爬取
2170,绿城桂语江南,1087837,https://jh.zu.anjuke.com/fangyuan/4516160104064001,3室2厅|整租|精装修|高层(共16层),已爬取
2171,绿城桂语江南,1087837,https://jh.zu.anjuke.com/fangyuan/4617937936264207,3室2厅|整租|精装修|高层(共16层),已爬取
2172,绿城桂语江南,1087837,https://jh.zu.anjuke.com/fangyuan/4589501698350088,3室2厅|整租|精装修|中层(共10层),已爬取
2173,凤凰城青年汇,712114,https://jh.zu.anjuke.com/fangyuan/4630617313614851,1室1厅|整租|精装修|高层(共12层),已爬取
2174,凤凰城青年汇,712114,https://jh.zu.anjuke.com/fangyuan/4507685601025038,1室1厅|整租|精装修|中层(共12层),已爬取
2175,保亿湖风雅园,1374399,https://jh.zu.anjuke.com/fangyuan/4404128286630915,4室2厅|整租|豪华装修|高层(共11层),已爬取
2176,保亿湖风雅园,1374399,https://jh.zu.anjuke.com/fangyuan/4560076256029706,3室2厅|整租|豪华装修|低层(共9层),已爬取
2177,紫悦花园,1413508,https://jh.zu.anjuke.com/fangyuan/4601146414851085,2室2厅|整租|豪华装修|高层(共16层),已爬取
2178,紫悦花园,1413508,https://jh.zu.anjuke.com/fangyuan/4605575692084239,3室2厅|整租|精装修|高层(共18层),已爬取
2179,紫悦花园,1413508,https://jh.zu.anjuke.com/fangyuan/4513105191017479,2室2厅|整租|豪华装修|中层(共18层),已爬取
2180,颐景园,1083890,https://jh.zu.anjuke.com/fangyuan/4622219968326666,3室2厅|整租|精装修|高层(共18层),已爬取
2181,颐景园,1083890,https://jh.zu.anjuke.com/fangyuan/4575652290812939,4室2厅|整租|精装修|中层(共18层),已爬取
2182,颐景园,1083890,https://jh.zu.anjuke.com/fangyuan/4608284754027534,3室2厅|整租|精装修|高层(共18层),已爬取
2183,颐景园,1083890,https://jh.zu.anjuke.com/fangyuan/4445445433715720,3室2厅|整租|精装修|高层(共17层),已爬取
2184,颐景园,1083890,https://jh.zu.anjuke.com/fangyuan/4575648259267595,3室2厅|整租|精装修|高层(共24层),已爬取
2185,颐景园,1083890,https://jh.zu.anjuke.com/fangyuan/4591272839635979,3室2厅|整租|精装修|高层(共26层),已爬取
2186,颐景园,1083890,https://jh.zu.anjuke.com/fangyuan/4504836869729294,3室2厅|整租|精装修|高层(共26层),已爬取
2187,颐景园,1083890,https://jh.zu.anjuke.com/fangyuan/4479355545398287,4室2厅|整租|精装修|中层(共26层),已爬取
2188,东方华都,1068547,https://jh.zu.anjuke.com/fangyuan/4618328709391363,3室2厅|整租|精装修|中层(共8层),已爬取
2189,东方华都,1068547,https://jh.zu.anjuke.com/fangyuan/4589800713362436,3室2厅|整租|精装修|中层(共15层),已爬取
2190,金山大厦,1103101,https://jh.zu.anjuke.com/fangyuan/3489879409744904,2室2厅|整租|精装修|中层(共28层),已爬取
2191,金山大厦,1103101,https://jh.zu.anjuke.com/fangyuan/4510719908670478,2室2厅|整租|简单装修|高层(共16层),已爬取
2192,金山大厦,1103101,https://jh.zu.anjuke.com/fangyuan/4508972095400974,2室1厅|整租|精装修|高层(共12层),已爬取
2193,金山大厦,1103101,https://jh.zu.anjuke.com/fangyuan/4292305014270987,2室2厅|整租|精装修|中层(共28层),已爬取
2194,金山大厦,1103101,https://jh.zu.anjuke.com/fangyuan/4536064161012737,1室1厅|整租|精装修|高层(共12层),已爬取
2195,金山大厦,1103101,https://jh.zu.anjuke.com/fangyuan/4101138255555586,2室2厅|整租|精装修|中层(共26层),已爬取
2196,金山大厦,1103101,https://jh.zu.anjuke.com/fangyuan/4581697395104779,1室1厅|整租|豪华装修|低层(共12层),已爬取
2197,金山大厦,1103101,https://jh.zu.anjuke.com/fangyuan/4349216157133829,1室1厅|整租|精装修|中层(共8层),已爬取
2198,金山大厦,1103101,https://jh.zu.anjuke.com/fangyuan/4586932894264335,1室1厅|整租|精装修|高层(共13层),已爬取
2199,金山大厦,1103101,https://jh.zu.anjuke.com/fangyuan/4377275395025934,1室1厅|整租|精装修|中层(共7层),已爬取
2200,月亮湾城市花园,969254,https://jh.zu.anjuke.com/fangyuan/4485072171770885,6室3厅|整租|豪华装修|高层(共6层),已爬取
2201,月亮湾城市花园,969254,https://jh.zu.anjuke.com/fangyuan/4514523068886028,3室2厅|整租|精装修|中层(共6层),已爬取
2202,月亮湾城市花园,969254,https://jh.zu.anjuke.com/fangyuan/4552922051879943,1室0厅|整租|精装修|低层(共30层),已爬取
2203,广厦时代花园,871947,https://jh.zu.anjuke.com/fangyuan/4605378794646539,3室2厅|整租|精装修|共5层,已爬取
2204,广厦时代花园,871947,https://jh.zu.anjuke.com/fangyuan/4606538532252679,3室2厅|整租|精装修|中层(共6层),已爬取
2205,广厦时代花园,871947,https://jh.zu.anjuke.com/fangyuan/4499880340677635,3室2厅|整租|简单装修|共5层,已爬取
2206,广厦时代花园,871947,https://jh.zu.anjuke.com/fangyuan/4602519908410383,3室2厅|整租|精装修|共5层,已爬取
2207,昌鑫北秀蓝湾,969336,https://jh.zu.anjuke.com/fangyuan/4385064268784640,1室1厅|整租|精装修|中层(共15层),已爬取
2208,昌鑫北秀蓝湾,969336,https://jh.zu.anjuke.com/fangyuan/4385837570202631,1室1厅|整租|精装修|中层(共14层),已爬取
2209,金圆上都(南区),1103117,https://jh.zu.anjuke.com/fangyuan/4617905288160261,2室1厅|整租|精装修|共5层,已爬取
2210,金圆上都(南区),1103117,https://jh.zu.anjuke.com/fangyuan/4593821910541324,1室1厅|整租|精装修|共4层,已爬取
2211,鸿业新城花园,1004966,https://jh.zu.anjuke.com/fangyuan/4431248330810374,3室2厅|整租|精装修|高层(共11层),已爬取
2212,鸿业新城花园,1004966,https://jh.zu.anjuke.com/fangyuan/4487575734182913,2室2厅|整租|精装修|中层(共12层),已爬取
2213,鸿业新城花园,1004966,https://jh.zu.anjuke.com/fangyuan/4438183362307079,3室2厅|整租|精装修|高层(共11层),已爬取
2214,鸿业新城花园,1004966,https://jh.zu.anjuke.com/fangyuan/4599286225855498,3室2厅|整租|精装修|高层(共11层),已爬取
2215,鸿业新城花园,1004966,https://jh.zu.anjuke.com/fangyuan/4507893048421391,2室2厅|整租|精装修|共5层,已爬取
2216,鸿业新城花园,1004966,https://jh.zu.anjuke.com/fangyuan/4595071283977221,3室2厅|整租|精装修|中层(共11层),已爬取
2217,鸿业新城花园,1004966,https://jh.zu.anjuke.com/fangyuan/4632091883105288,2室2厅|整租|精装修|高层(共18层),已爬取
2218,鸿业新城花园,1004966,https://jh.zu.anjuke.com/fangyuan/4507366671952896,2室2厅|整租|精装修|高层(共11层),已爬取
2219,鸿业新城花园,1004966,https://jh.zu.anjuke.com/fangyuan/4507909815069702,3室2厅|整租|精装修|低层(共18层),已爬取
2220,歌山琴岚学府,1225604,https://jh.zu.anjuke.com/fangyuan/4545573332968459,3室2厅|整租|精装修|中层(共30层),已爬取
2221,歌山琴岚学府,1225604,https://jh.zu.anjuke.com/fangyuan/4612329365691397,3室2厅|整租|精装修|低层(共18层),已爬取
2222,歌山琴岚学府,1225604,https://jh.zu.anjuke.com/fangyuan/4540428466510858,3室2厅|整租|精装修|中层(共26层),已爬取
2223,歌山琴岚学府,1225604,https://jh.zu.anjuke.com/fangyuan/4578572256664580,3室2厅|整租|精装修|低层(共27层),已爬取
2224,歌山琴岚学府,1225604,https://jh.zu.anjuke.com/fangyuan/4540239077305345,3室1厅|整租|精装修|低层(共22层),已爬取
2225,歌山琴岚学府,1225604,https://jh.zu.anjuke.com/fangyuan/4615178221247490,2室2厅|整租|精装修|高层(共31层),已爬取
2226,歌山琴岚学府,1225604,https://jh.zu.anjuke.com/fangyuan/3903245405643781,1室1厅|整租|豪华装修|共5层,已爬取
2227,红星铂悦花园,1420242,https://jh.zu.anjuke.com/fangyuan/4541656985756687,3室2厅|整租|精装修|低层(共16层),已爬取
2228,红星铂悦花园,1420242,https://jh.zu.anjuke.com/fangyuan/4481830068497410,3室2厅|整租|精装修|中层(共26层),已爬取
2229,红星铂悦花园,1420242,https://jh.zu.anjuke.com/fangyuan/4354632319639563,3室2厅|整租|精装修|中层(共19层),已爬取
2230,红星铂悦花园,1420242,https://jh.zu.anjuke.com/fangyuan/4427074061132806,3室2厅|整租|精装修|高层(共26层),已爬取
2231,红星铂悦花园,1420242,https://jh.zu.anjuke.com/fangyuan/4613872149783562,3室2厅|整租|精装修|中层(共17层),已爬取
2232,红星铂悦花园,1420242,https://jh.zu.anjuke.com/fangyuan/4463923583413258,2室1厅|整租|精装修|中层(共26层),已爬取
2233,红星铂悦花园,1420242,https://jh.zu.anjuke.com/fangyuan/4575529677876234,3室2厅|整租|精装修|高层(共18层),已爬取
2234,红星铂悦花园,1420242,https://jh.zu.anjuke.com/fangyuan/4470686268795915,3室2厅|整租|精装修|中层(共26层),已爬取
2235,红星铂悦花园,1420242,https://jh.zu.anjuke.com/fangyuan/4615312985009157,3室2厅|整租|简单装修|低层(共10层),已爬取
2236,红星铂悦花园,1420242,https://jh.zu.anjuke.com/fangyuan/4513075815738376,3室2厅|整租|精装修|高层(共23层),已爬取
2237,西京花园,968858,https://jh.zu.anjuke.com/fangyuan/4609681405060105,1室1厅|整租|精装修|中层(共6层),已爬取
2238,金城名座,712063,https://jh.zu.anjuke.com/fangyuan/4584224004254730,2室2厅|整租|精装修|低层(共12层),已爬取
2239,金城名座,712063,https://jh.zu.anjuke.com/fangyuan/4602191146509317,1室1厅|整租|豪华装修|高层(共17层),已爬取
2240,金城名座,712063,https://jh.zu.anjuke.com/fangyuan/4602194605433869,2室1厅|整租|精装修|高层(共17层),已爬取
2241,群升万国城,1049864,https://jh.zu.anjuke.com/fangyuan/4547094568117253,1室1厅|整租|精装修|中层(共19层),已爬取
2242,群升万国城,1049864,https://jh.zu.anjuke.com/fangyuan/4572710392458243,1室1厅|整租|精装修|中层(共30层),已爬取
2243,群升万国城,1049864,https://jh.zu.anjuke.com/fangyuan/4172153418571784,1室0厅|整租|精装修|中层(共20层),已爬取
2244,群升万国城,1049864,https://jh.zu.anjuke.com/fangyuan/4472461271063562,1室1厅|整租|精装修|低层(共19层),已爬取
2245,群升万国城,1049864,https://jh.zu.anjuke.com/fangyuan/4589898894580747,1室1厅|整租|精装修|中层(共18层),已爬取
2246,群升万国城,1049864,https://jh.zu.anjuke.com/fangyuan/4613489099170817,1室1厅|整租|精装修|中层(共17层),已爬取
2247,群升万国城,1049864,https://jh.zu.anjuke.com/fangyuan/4474193941982219,1室1厅|整租|精装修|中层(共22层),已爬取
2248,群升万国城,1049864,https://jh.zu.anjuke.com/fangyuan/4510344378887181,1室1厅|整租|精装修|中层(共26层),已爬取
2249,群升万国城,1049864,https://jh.zu.anjuke.com/fangyuan/4391563614641158,1室1厅|整租|精装修|中层(共9层),已爬取
2250,群升万国城,1049864,https://jh.zu.anjuke.com/fangyuan/4506425790800907,1室1厅|整租|精装修|高层(共17层),已爬取
2251,久居新城(西区),1103209,https://jh.zu.anjuke.com/fangyuan/4565022052475919,1室1厅|整租|精装修|低层(共25层),已爬取
2252,久居新城(西区),1103209,https://jh.zu.anjuke.com/fangyuan/4625388070296591,3室1厅|整租|精装修|高层(共15层),已爬取
2253,久居新城(西区),1103209,https://jh.zu.anjuke.com/fangyuan/4605376112323590,2室2厅|整租|精装修|低层(共17层),已爬取
2254,久居新城(西区),1103209,https://jh.zu.anjuke.com/fangyuan/4632203719977987,3室1厅|整租|精装修|中层(共17层),已爬取
2255,东磁新苑(北区),671113,https://jh.zu.anjuke.com/fangyuan/4537445122075654,1室1厅|整租|精装修|共5层,已爬取
2256,东磁新苑(北区),671113,https://jh.zu.anjuke.com/fangyuan/4611138860379145,3室2厅|整租|精装修|共5层,已爬取
2257,东磁新苑(北区),671113,https://jh.zu.anjuke.com/fangyuan/4603929670689796,3室2厅|整租|精装修|共5层,已爬取
2258,东磁新苑(北区),671113,https://jh.zu.anjuke.com/fangyuan/4548754284899340,4室2厅|整租|精装修|共5层,已爬取
2259,东磁新苑(北区),671113,https://jh.zu.anjuke.com/fangyuan/4615196460327944,3室2厅|整租|精装修|中层(共6层),已爬取
2260,东磁新苑(北区),671113,https://jh.zu.anjuke.com/fangyuan/4539918687855623,3室2厅|整租|简单装修|共5层,已爬取
2261,东磁新苑(北区),671113,https://jh.zu.anjuke.com/fangyuan/4585285393411083,3室2厅|整租|精装修|共5层,已爬取
2262,东磁新苑(北区),671113,https://jh.zu.anjuke.com/fangyuan/4585391925091341,4室2厅|整租|精装修|共5层,已爬取
2263,东磁新苑(北区),671113,https://jh.zu.anjuke.com/fangyuan/4615001408396295,3室2厅|整租|精装修|共5层,已爬取
2264,东磁新苑(北区),671113,https://jh.zu.anjuke.com/fangyuan/4603927061732360,3室2厅|整租|精装修|共5层,已爬取
2265,中南新城樾府,1072822,https://jh.zu.anjuke.com/fangyuan/4514784175481865,4室2厅|整租|精装修|高层(共34层),已爬取
2266,中南新城樾府,1072822,https://jh.zu.anjuke.com/fangyuan/4611205358791680,3室2厅|整租|豪华装修|高层(共28层),已爬取
2267,中南新城樾府,1072822,https://jh.zu.anjuke.com/fangyuan/4577378521424899,3室2厅|整租|精装修|低层(共30层),已爬取
2268,中南新城樾府,1072822,https://jh.zu.anjuke.com/fangyuan/4561621548903433,3室2厅|整租|精装修|低层(共31层),已爬取
2269,中南新城樾府,1072822,https://jh.zu.anjuke.com/fangyuan/4558739509847053,4室2厅|整租|精装修|高层(共33层),已爬取
2270,中南新城樾府,1072822,https://jh.zu.anjuke.com/fangyuan/4480538559667214,10室4厅|整租|精装修|共4层,已爬取
2271,中南新城樾府,1072822,https://jh.zu.anjuke.com/fangyuan/4632428880665606,4室2厅|整租|精装修|中层(共27层),已爬取
2272,中南新城樾府,1072822,https://jh.zu.anjuke.com/fangyuan/4595273252709381,3室2厅|整租|精装修|高层(共33层),已爬取
2273,中南新城樾府,1072822,https://jh.zu.anjuke.com/fangyuan/3822522086334472,3室2厅|整租|豪华装修|中层(共22层),已爬取
2274,中南新城樾府,1072822,https://jh.zu.anjuke.com/fangyuan/4549005227174922,4室2厅|整租|豪华装修|低层(共22层),已爬取
2275,金城嘉园,863320,https://jh.zu.anjuke.com/fangyuan/4486446636999693,4室2厅|整租|豪华装修|高层(共20层),已爬取
2276,金城嘉园,863320,https://jh.zu.anjuke.com/fangyuan/4632185172814860,3室2厅|整租|精装修|中层(共20层),已爬取
2277,金城嘉园,863320,https://jh.zu.anjuke.com/fangyuan/4529994874430478,3室2厅|整租|精装修|中层(共27层),已爬取
2278,紫金公寓(东阳),671112,https://jh.zu.anjuke.com/fangyuan/4568783170839566,3室2厅|整租|精装修|高层(共31层),已爬取
2279,紫金公寓(东阳),671112,https://jh.zu.anjuke.com/fangyuan/4485095737682957,1室1厅|整租|精装修|高层(共30层),已爬取
2280,紫金公寓(东阳),671112,https://jh.zu.anjuke.com/fangyuan/4468484062913540,1室1厅|整租|简单装修|高层(共32层),已爬取
2281,婺城北苑小区,788198,https://jh.zu.anjuke.com/fangyuan/4632644592688129,2室1厅|整租|简单装修|高层(共6层),已爬取
2282,婺城北苑小区,788198,https://jh.zu.anjuke.com/fangyuan/4624771642895367,1室0厅|整租|简单装修|共5层,已爬取
2283,婺城北苑小区,788198,https://jh.zu.anjuke.com/fangyuan/4599671262997515,1室0厅|整租|简单装修|共5层,已爬取
2284,婺城北苑小区,788198,https://jh.zu.anjuke.com/fangyuan/3573501023855626,1室1厅|整租|精装修|共5层,已爬取
2285,婺城北苑小区,788198,https://jh.zu.anjuke.com/fangyuan/4578896011258891,1室0厅|整租|简单装修|中层(共6层),已爬取
2286,婺城北苑小区,788198,https://jh.zu.anjuke.com/fangyuan/2779332058407948,1室0厅|整租|精装修|共5层,已爬取
2287,婺城北苑小区,788198,https://jh.zu.anjuke.com/fangyuan/4476124710624261,1室0厅|整租|简单装修|中层(共6层),已爬取
2288,婺城北苑小区,788198,https://jh.zu.anjuke.com/fangyuan/4469673280545803,1室0厅|整租|简单装修|中层(共7层),已爬取
2289,婺城北苑小区,788198,https://jh.zu.anjuke.com/fangyuan/4483285491737606,1室0厅|整租|简单装修|中层(共6层),已爬取
2290,婺城北苑小区,788198,https://jh.zu.anjuke.com/fangyuan/3924340943135757,3室2厅|整租|精装修|中层(共6层),已爬取
2291,新雅堂公寓,872066,https://jh.zu.anjuke.com/fangyuan/4059046269313038,2室2厅|整租|精装修|高层(共6层),已爬取
2292,新雅堂公寓,872066,https://jh.zu.anjuke.com/fangyuan/4615266468326406,4室2厅|整租|精装修|中层(共7层),已爬取
2293,新雅堂公寓,872066,https://jh.zu.anjuke.com/fangyuan/4044718988585987,3室2厅|整租|精装修|中层(共6层),已爬取
2294,华核新村,1374965,https://jh.zu.anjuke.com/fangyuan/4592951651525635,2室2厅|整租|精装修|中层(共6层),已爬取
2295,上园一品,1008064,https://jh.zu.anjuke.com/fangyuan/4612432543800327,3室2厅|整租|精装修|中层(共6层),已爬取
2296,上园一品,1008064,https://jh.zu.anjuke.com/fangyuan/4585491146155023,3室2厅|整租|精装修|高层(共18层),已爬取
2297,上园一品,1008064,https://jh.zu.anjuke.com/fangyuan/4575312483476491,2室2厅|整租|精装修|共1层,已爬取
2298,上园一品,1008064,https://jh.zu.anjuke.com/fangyuan/4564108167652366,3室2厅|整租|精装修|中层(共8层),已爬取
2299,世纪华城,863456,https://jh.zu.anjuke.com/fangyuan/4589708692513803,3室2厅|整租|简单装修|低层(共12层),已爬取
2300,泰丰福源,908138,https://jh.zu.anjuke.com/fangyuan/4285471965569030,2室1厅|整租|精装修|中层(共6层),已爬取
2301,泰丰福源,908138,https://jh.zu.anjuke.com/fangyuan/4579568700021773,2室2厅|整租|精装修|中层(共6层),已爬取
2302,泰丰福源,908138,https://jh.zu.anjuke.com/fangyuan/4547558008855558,2室2厅|整租|精装修|中层(共6层),已爬取
2303,泰丰福源,908138,https://jh.zu.anjuke.com/fangyuan/4604019861363718,2室2厅|整租|精装修|中层(共6层),已爬取
2304,泰丰福源,908138,https://jh.zu.anjuke.com/fangyuan/4511886527044611,2室2厅|整租|精装修|中层(共6层),已爬取
2305,紫荆樾府,1260268,https://jh.zu.anjuke.com/fangyuan/4253169977859085,1室1厅|整租|精装修|共5层,已爬取
2306,滨江小区,868085,https://jh.zu.anjuke.com/fangyuan/4586621576748035,4室2厅|整租|精装修|高层(共6层),已爬取
2307,梨园小区,969478,https://jh.zu.anjuke.com/fangyuan/4208693094260746,2室2厅|整租|精装修|中层(共13层),已爬取
2308,梨园小区,969478,https://jh.zu.anjuke.com/fangyuan/4458671980256267,3室2厅|整租|简单装修|中层(共11层),已爬取
2309,中天云庭,1415234,https://jh.zu.anjuke.com/fangyuan/4630850294684686,3室2厅|整租|精装修|低层(共18层),已爬取
2310,中天云庭,1415234,https://jh.zu.anjuke.com/fangyuan/4499445514857472,3室2厅|整租|精装修|低层(共16层),已爬取
2311,中天云庭,1415234,https://jh.zu.anjuke.com/fangyuan/4623740241603597,2室1厅|整租|精装修|低层(共16层),已爬取
2312,中天云庭,1415234,https://jh.zu.anjuke.com/fangyuan/4368958833304591,3室2厅|整租|精装修|高层(共16层),已爬取
2313,中天云庭,1415234,https://jh.zu.anjuke.com/fangyuan/4472633473588224,3室2厅|整租|豪华装修|中层(共15层),已爬取
2314,中天云庭,1415234,https://jh.zu.anjuke.com/fangyuan/4503332988328965,3室2厅|整租|精装修|低层(共9层),已爬取
2315,中天云庭,1415234,https://jh.zu.anjuke.com/fangyuan/4534387119399944,2室2厅|整租|精装修|中层(共16层),已爬取
2316,中天云庭,1415234,https://jh.zu.anjuke.com/fangyuan/4623751586634765,3室2厅|整租|精装修|低层(共16层),已爬取
2317,中天云庭,1415234,https://jh.zu.anjuke.com/fangyuan/4336089605496832,3室2厅|整租|精装修|低层(共15层),已爬取
2318,中天云庭,1415234,https://jh.zu.anjuke.com/fangyuan/4499435450100743,3室2厅|整租|精装修|低层(共16层),已爬取
2319,中梁东阳府,1070161,https://jh.zu.anjuke.com/fangyuan/3543680515679233,1室0厅|整租|豪华装修|共5层,已爬取
2320,中梁东阳府,1070161,https://jh.zu.anjuke.com/fangyuan/4523363420986372,3室2厅|整租|精装修|中层(共12层),已爬取
2321,中梁东阳府,1070161,https://jh.zu.anjuke.com/fangyuan/4572893399704584,4室2厅|整租|精装修|高层(共25层),已爬取
2322,中梁东阳府,1070161,https://jh.zu.anjuke.com/fangyuan/4575698368650244,3室2厅|整租|精装修|高层(共25层),已爬取
2323,中梁东阳府,1070161,https://jh.zu.anjuke.com/fangyuan/4613986095703040,4室2厅|整租|精装修|中层(共16层),已爬取
2324,中梁东阳府,1070161,https://jh.zu.anjuke.com/fangyuan/4478401933304843,3室2厅|整租|精装修|中层(共28层),已爬取
2325,中梁东阳府,1070161,https://jh.zu.anjuke.com/fangyuan/4417549290101761,3室2厅|整租|精装修|低层(共32层),已爬取
2326,中梁东阳府,1070161,https://jh.zu.anjuke.com/fangyuan/4306873600093188,4室2厅|整租|精装修|中层(共23层),已爬取
2327,中梁东阳府,1070161,https://jh.zu.anjuke.com/fangyuan/4603982800120842,3室2厅|整租|精装修|中层(共26层),已爬取
2328,中梁东阳府,1070161,https://jh.zu.anjuke.com/fangyuan/4566045614547978,3室2厅|整租|精装修|中层(共20层),已爬取
2329,锦春花园,864637,https://jh.zu.anjuke.com/fangyuan/4627873041341453,3室2厅|整租|精装修|中层(共6层),已爬取
2330,锦春花园,864637,https://jh.zu.anjuke.com/fangyuan/4548730755916800,1室1厅|整租|精装修|高层(共6层),已爬取
2331,天彩名苑,711981,https://jh.zu.anjuke.com/fangyuan/4633513297372162,2室2厅|整租|精装修|高层(共6层),已爬取
2332,天彩名苑,711981,https://jh.zu.anjuke.com/fangyuan/4599455222391815,3室2厅|整租|精装修|高层(共6层),已爬取
2333,天彩名苑,711981,https://jh.zu.anjuke.com/fangyuan/4411194893263886,2室2厅|整租|精装修|高层(共6层),已爬取
2334,天彩名苑,711981,https://jh.zu.anjuke.com/fangyuan/4633523343715343,2室2厅|整租|精装修|高层(共6层),已爬取
2335,天彩名苑,711981,https://jh.zu.anjuke.com/fangyuan/4603608888355855,2室2厅|整租|精装修|高层(共6层),已爬取
2336,天彩名苑,711981,https://jh.zu.anjuke.com/fangyuan/4576975270634508,2室2厅|整租|精装修|低层(共6层),已爬取
2337,天彩名苑,711981,https://jh.zu.anjuke.com/fangyuan/4552870585838597,1室0厅|整租|精装修|中层(共20层),已爬取
2338,天彩名苑,711981,https://jh.zu.anjuke.com/fangyuan/4541751120339978,5室2厅|整租|精装修|共3层,已爬取
2339,祥龙福邸,863075,https://jh.zu.anjuke.com/fangyuan/4630477815798791,2室2厅|整租|精装修|中层(共15层),已爬取
2340,金水湾国际社区(南区),969041,https://jh.zu.anjuke.com/fangyuan/4343654820126731,3室2厅|整租|精装修|中层(共20层),已爬取
2341,金水湾国际社区(南区),969041,https://jh.zu.anjuke.com/fangyuan/4596827077221391,3室2厅|整租|精装修|低层(共19层),已爬取
2342,金水湾国际社区(南区),969041,https://jh.zu.anjuke.com/fangyuan/4623530709904386,3室2厅|整租|精装修|中层(共6层),已爬取
2343,金水湾国际社区(南区),969041,https://jh.zu.anjuke.com/fangyuan/4612675902907398,3室2厅|整租|豪华装修|中层(共6层),已爬取
2344,金水湾国际社区(南区),969041,https://jh.zu.anjuke.com/fangyuan/4609283224181764,3室2厅|整租|精装修|共5层,已爬取
2345,金水湾国际社区(南区),969041,https://jh.zu.anjuke.com/fangyuan/4503443969481738,4室2厅|整租|豪华装修|共3层,已爬取
2346,晨光名都,868171,https://jh.zu.anjuke.com/fangyuan/4632048435504139,3室2厅|整租|精装修|中层(共22层),已爬取
2347,晨光名都,868171,https://jh.zu.anjuke.com/fangyuan/4583936030481418,3室2厅|整租|精装修|中层(共28层),已爬取
2348,晨光名都,868171,https://jh.zu.anjuke.com/fangyuan/4582771746434052,3室2厅|整租|精装修|中层(共30层),已爬取
2349,晨光名都,868171,https://jh.zu.anjuke.com/fangyuan/4514960679607303,2室2厅|整租|精装修|低层(共32层),已爬取
2350,晨光名都,868171,https://jh.zu.anjuke.com/fangyuan/4572906917047300,3室2厅|整租|精装修|中层(共27层),已爬取
2351,晨光名都,868171,https://jh.zu.anjuke.com/fangyuan/4588830165787657,2室2厅|整租|精装修|中层(共26层),已爬取
2352,晨光名都,868171,https://jh.zu.anjuke.com/fangyuan/4439581906770953,3室2厅|整租|简单装修|中层(共31层),已爬取
2353,晨光名都,868171,https://jh.zu.anjuke.com/fangyuan/4208754990099466,3室2厅|整租|精装修|中层(共22层),已爬取
2354,晨光名都,868171,https://jh.zu.anjuke.com/fangyuan/4568289999887370,3室2厅|整租|精装修|中层(共28层),已爬取
2355,金水湾国际社区(北区),1103210,https://jh.zu.anjuke.com/fangyuan/4588210327084045,3室2厅|整租|精装修|中层(共17层),已爬取
2356,金水湾国际社区(北区),1103210,https://jh.zu.anjuke.com/fangyuan/4242700261022726,3室2厅|整租|精装修|低层(共22层),已爬取
2357,金水湾国际社区(北区),1103210,https://jh.zu.anjuke.com/fangyuan/4633627886771211,2室1厅|整租|精装修|中层(共11层),已爬取
2358,金水湾国际社区(北区),1103210,https://jh.zu.anjuke.com/fangyuan/4605246536213512,2室2厅|整租|豪华装修|中层(共16层),已爬取
2359,金水湾国际社区(北区),1103210,https://jh.zu.anjuke.com/fangyuan/4589722536403982,4室2厅|整租|精装修|高层(共16层),已爬取
2360,金水湾国际社区(北区),1103210,https://jh.zu.anjuke.com/fangyuan/4549910628330510,4室2厅|整租|豪华装修|中层(共11层),已爬取
2361,金水湾国际社区(北区),1103210,https://jh.zu.anjuke.com/fangyuan/4588059679894536,3室1厅|整租|精装修|中层(共20层),已爬取
2362,金水湾国际社区(北区),1103210,https://jh.zu.anjuke.com/fangyuan/4507829055183884,3室2厅|整租|精装修|低层(共16层),已爬取
2363,金水湾国际社区(北区),1103210,https://jh.zu.anjuke.com/fangyuan/4325384481004546,4室2厅|整租|精装修|高层(共16层),已爬取
2364,金水湾国际社区(北区),1103210,https://jh.zu.anjuke.com/fangyuan/4504876683062285,3室2厅|整租|豪华装修|高层(共11层),已爬取
2365,白马郡,1385965,https://jh.zu.anjuke.com/fangyuan/4621345187734528,4室2厅|整租|精装修|中层(共28层),已爬取
2366,白马郡,1385965,https://jh.zu.anjuke.com/fangyuan/4584029521126415,3室2厅|整租|精装修|中层(共17层),已爬取
2367,白马郡,1385965,https://jh.zu.anjuke.com/fangyuan/4592330997376006,3室2厅|整租|豪华装修|中层(共19层),已爬取
2368,白马郡,1385965,https://jh.zu.anjuke.com/fangyuan/4327828266344452,3室2厅|整租|精装修|中层(共22层),已爬取
2369,白马郡,1385965,https://jh.zu.anjuke.com/fangyuan/4592328828099593,3室2厅|整租|精装修|中层(共17层),已爬取
2370,白马郡,1385965,https://jh.zu.anjuke.com/fangyuan/4486838853082127,3室2厅|整租|精装修|中层(共16层),已爬取
2371,白马郡,1385965,https://jh.zu.anjuke.com/fangyuan/4620930809359373,4室2厅|整租|精装修|低层(共20层),已爬取
2372,白马郡,1385965,https://jh.zu.anjuke.com/fangyuan/4626410959121417,4室1厅|整租|精装修|高层(共20层),已爬取
2373,白马郡,1385965,https://jh.zu.anjuke.com/fangyuan/4602432131556353,4室2厅|整租|精装修|高层(共22层),已爬取
2374,白马郡,1385965,https://jh.zu.anjuke.com/fangyuan/4603766845250571,3室1厅|整租|精装修|低层(共27层),已爬取
2375,宜家时代花园,863319,https://jh.zu.anjuke.com/fangyuan/4626327562413057,3室2厅|整租|精装修|低层(共9层),已爬取
2376,宜家时代花园,863319,https://jh.zu.anjuke.com/fangyuan/4228988406243328,3室2厅|整租|精装修|低层(共16层),已爬取
2377,宜家时代花园,863319,https://jh.zu.anjuke.com/fangyuan/4540281383347215,3室2厅|整租|精装修|低层(共18层),已爬取
2378,宜家时代花园,863319,https://jh.zu.anjuke.com/fangyuan/4626319768642567,3室2厅|整租|豪华装修|中层(共25层),已爬取
2379,宜家时代花园,863319,https://jh.zu.anjuke.com/fangyuan/4596897664740363,2室1厅|整租|豪华装修|低层(共12层),已爬取
2380,宜家时代花园,863319,https://jh.zu.anjuke.com/fangyuan/4602717632670734,3室2厅|整租|精装修|中层(共20层),已爬取
2381,宜家时代花园,863319,https://jh.zu.anjuke.com/fangyuan/4626315007351815,3室2厅|整租|豪华装修|中层(共17层),已爬取
2382,宜家时代花园,863319,https://jh.zu.anjuke.com/fangyuan/4575516446501890,3室2厅|整租|精装修|中层(共24层),已爬取
2383,宜家时代花园,863319,https://jh.zu.anjuke.com/fangyuan/4602719944975372,3室2厅|整租|精装修|中层(共15层),已爬取
2384,星河湾风渡,1103305,https://jh.zu.anjuke.com/fangyuan/4609714920483844,3室2厅|整租|精装修|高层(共6层),已爬取
2385,星河湾风渡,1103305,https://jh.zu.anjuke.com/fangyuan/4620569006203919,3室2厅|整租|精装修|低层(共6层),已爬取
2386,星河湾风渡,1103305,https://jh.zu.anjuke.com/fangyuan/4575296213326850,3室2厅|整租|精装修|中层(共6层),已爬取
2387,星河湾风渡,1103305,https://jh.zu.anjuke.com/fangyuan/4246888995807236,3室2厅|整租|精装修|中层(共6层),已爬取
2388,星河湾风渡,1103305,https://jh.zu.anjuke.com/fangyuan/4461231228136458,3室2厅|整租|精装修|高层(共6层),已爬取
2389,星河湾风渡,1103305,https://jh.zu.anjuke.com/fangyuan/4497564995116040,3室2厅|整租|精装修|低层(共6层),已爬取
2390,盛世绿园,863065,https://jh.zu.anjuke.com/fangyuan/4615389033341960,3室2厅|整租|精装修|中层(共6层),已爬取
2391,盛世绿园,863065,https://jh.zu.anjuke.com/fangyuan/4466595455198212,3室2厅|整租|精装修|中层(共11层),已爬取
2392,盛世绿园,863065,https://jh.zu.anjuke.com/fangyuan/4613905292782592,3室2厅|整租|精装修|中层(共6层),已爬取
2393,盛世绿园,863065,https://jh.zu.anjuke.com/fangyuan/4612144491242500,3室2厅|整租|精装修|中层(共6层),已爬取
2394,盛世绿园,863065,https://jh.zu.anjuke.com/fangyuan/4613904595690502,3室2厅|整租|精装修|中层(共6层),已爬取
2395,中村小区,864290,https://jh.zu.anjuke.com/fangyuan/4558402436408326,3室2厅|整租|精装修|高层(共6层),已爬取
2396,中村小区,864290,https://jh.zu.anjuke.com/fangyuan/4626361234826240,2室2厅|整租|精装修|低层(共6层),已爬取
2397,中村小区,864290,https://jh.zu.anjuke.com/fangyuan/4173662043958273,3室2厅|整租|精装修|中层(共6层),已爬取
2398,中村小区,864290,https://jh.zu.anjuke.com/fangyuan/4548451717260292,2室2厅|整租|简单装修|高层(共7层),已爬取
2399,中村小区,864290,https://jh.zu.anjuke.com/fangyuan/4556983283260427,2室1厅|整租|精装修|高层(共6层),已爬取
2400,中村小区,864290,https://jh.zu.anjuke.com/fangyuan/4509117412811790,3室2厅|整租|豪华装修|中层(共6层),已爬取
2401,中村小区,864290,https://jh.zu.anjuke.com/fangyuan/4564056249510920,3室2厅|整租|豪华装修|中层(共6层),已爬取
2402,中村小区,864290,https://jh.zu.anjuke.com/fangyuan/4509097034308612,3室2厅|整租|精装修|中层(共6层),已爬取
2403,中村小区,864290,https://jh.zu.anjuke.com/fangyuan/4532892538561550,2室2厅|整租|精装修|中层(共6层),已爬取
2404,中村小区,864290,https://jh.zu.anjuke.com/fangyuan/4493354042237965,3室2厅|整租|精装修|高层(共7层),已爬取
2405,桃园小区(永康),969158,https://jh.zu.anjuke.com/fangyuan/4507420874581001,3室1厅|整租|精装修|共5层,已爬取
2406,桃园小区(永康),969158,https://jh.zu.anjuke.com/fangyuan/4490601794071564,1室0厅|整租|精装修|共5层,已爬取
2407,风华东方,1055698,https://jh.zu.anjuke.com/fangyuan/4477982305020937,3室2厅|整租|精装修|高层(共11层),已爬取
2408,风华东方,1055698,https://jh.zu.anjuke.com/fangyuan/4536391636540428,3室2厅|整租|豪华装修|高层(共11层),已爬取
2409,风华东方,1055698,https://jh.zu.anjuke.com/fangyuan/4513339208852493,3室2厅|整租|豪华装修|高层(共11层),已爬取
2410,禹山首座,1177206,https://jh.zu.anjuke.com/fangyuan/4518664789060608,3室2厅|整租|精装修|中层(共9层),已爬取
2411,禹山首座,1177206,https://jh.zu.anjuke.com/fangyuan/4384515853706254,4室3厅|整租|豪华装修|低层(共9层),已爬取
2412,禹山首座,1177206,https://jh.zu.anjuke.com/fangyuan/4593686330203145,3室2厅|整租|精装修|高层(共9层),已爬取
2413,禹山首座,1177206,https://jh.zu.anjuke.com/fangyuan/4593703480564737,3室2厅|整租|精装修|高层(共9层),已爬取
2414,禹山首座,1177206,https://jh.zu.anjuke.com/fangyuan/4595138198215682,3室2厅|整租|精装修|中层(共9层),已爬取
2415,禹山首座,1177206,https://jh.zu.anjuke.com/fangyuan/4412928453270531,3室2厅|整租|精装修|中层(共9层),已爬取
2416,禹山首座,1177206,https://jh.zu.anjuke.com/fangyuan/4564496724061186,3室2厅|整租|精装修|高层(共9层),已爬取
2417,禹山首座,1177206,https://jh.zu.anjuke.com/fangyuan/4572870488890373,3室2厅|整租|精装修|高层(共9层),已爬取
2418,禹山首座,1177206,https://jh.zu.anjuke.com/fangyuan/4592680677682187,3室2厅|整租|精装修|高层(共9层),已爬取
2419,禹山首座,1177206,https://jh.zu.anjuke.com/fangyuan/4561425566163968,3室2厅|整租|精装修|高层(共9层),已爬取
2420,横店同乐苑,871925,https://jh.zu.anjuke.com/fangyuan/4605296029182987,4室2厅|整租|精装修|低层(共17层),已爬取
2421,横店同乐苑,871925,https://jh.zu.anjuke.com/fangyuan/4613988953875468,2室2厅|整租|精装修|低层(共16层),已爬取
2422,横店同乐苑,871925,https://jh.zu.anjuke.com/fangyuan/4605278383512578,2室1厅|整租|精装修|低层(共20层),已爬取
2423,横店同乐苑,871925,https://jh.zu.anjuke.com/fangyuan/4622143077458951,5室3厅|整租|简单装修|高层(共6层),已爬取
2424,丽州城市花园,863386,https://jh.zu.anjuke.com/fangyuan/4515132838765577,4室2厅|整租|精装修|中层(共16层),已爬取
2425,江南名邸西区,872096,https://jh.zu.anjuke.com/fangyuan/3526362848763915,4室2厅|整租|精装修|低层(共18层),已爬取
2426,新都花园,968866,https://jh.zu.anjuke.com/fangyuan/4184597029740544,2室1厅|整租|精装修|中层(共6层),已爬取
2427,新都花园,968866,https://jh.zu.anjuke.com/fangyuan/4591058108163074,1室0厅|整租|精装修|高层(共7层),已爬取
2428,新都花园,968866,https://jh.zu.anjuke.com/fangyuan/4121203966585857,1室0厅|整租|精装修|共5层,已爬取
2429,凯悦公馆,1070165,https://jh.zu.anjuke.com/fangyuan/4631473946110985,3室2厅|整租|豪华装修|低层(共33层),已爬取
2430,凯悦公馆,1070165,https://jh.zu.anjuke.com/fangyuan/4631167411854344,3室2厅|整租|豪华装修|低层(共32层),已爬取
2431,凯悦公馆,1070165,https://jh.zu.anjuke.com/fangyuan/3833783583663119,3室2厅|整租|精装修|高层(共26层),已爬取
2432,凯悦公馆,1070165,https://jh.zu.anjuke.com/fangyuan/4626653093817351,3室2厅|整租|精装修|高层(共22层),已爬取
2433,凯悦公馆,1070165,https://jh.zu.anjuke.com/fangyuan/4626440154307594,3室2厅|整租|精装修|中层(共30层),已爬取
2434,凯悦公馆,1070165,https://jh.zu.anjuke.com/fangyuan/4249833932087296,3室2厅|整租|精装修|高层(共28层),已爬取
2435,凯悦公馆,1070165,https://jh.zu.anjuke.com/fangyuan/4630994582232069,3室2厅|整租|精装修|高层(共26层),已爬取
2436,凯悦公馆,1070165,https://jh.zu.anjuke.com/fangyuan/4624906758579200,3室2厅|整租|豪华装修|低层(共32层),已爬取
2437,凯悦公馆,1070165,https://jh.zu.anjuke.com/fangyuan/4626474559773697,3室2厅|整租|简单装修|中层(共25层),已爬取
2438,凯悦公馆,1070165,https://jh.zu.anjuke.com/fangyuan/4531905938695183,3室2厅|整租|精装修|高层(共16层),已爬取
2439,龙湖丽园,945069,https://jh.zu.anjuke.com/fangyuan/4503280223267855,3室2厅|整租|精装修|高层(共11层),已爬取
2440,新兴一品,873412,https://jh.zu.anjuke.com/fangyuan/4469485999348751,7室3厅|整租|精装修|中层(共26层),已爬取
2441,新兴一品,873412,https://jh.zu.anjuke.com/fangyuan/3748691575710731,1室1厅|整租|精装修|中层(共16层),已爬取
2442,峰尚筑品,925238,https://jh.zu.anjuke.com/fangyuan/4624839136521220,4室2厅|整租|精装修|低层(共17层),已爬取
2443,峰尚筑品,925238,https://jh.zu.anjuke.com/fangyuan/4632513216963595,4室2厅|整租|精装修|低层(共16层),已爬取
2444,峰尚筑品,925238,https://jh.zu.anjuke.com/fangyuan/4624969339216897,4室2厅|整租|精装修|低层(共16层),已爬取
2445,峰尚筑品,925238,https://jh.zu.anjuke.com/fangyuan/4628036299037704,3室2厅|整租|精装修|高层(共7层),已爬取
2446,峰尚筑品,925238,https://jh.zu.anjuke.com/fangyuan/4623510125208581,3室2厅|整租|精装修|低层(共17层),已爬取
2447,峰尚筑品,925238,https://jh.zu.anjuke.com/fangyuan/4576743833199621,3室1厅|整租|精装修|低层(共17层),已爬取
2448,峰尚筑品,925238,https://jh.zu.anjuke.com/fangyuan/4626374494907403,4室1厅|整租|精装修|低层(共15层),已爬取
2449,峰尚筑品,925238,https://jh.zu.anjuke.com/fangyuan/4626358893472781,4室2厅|整租|豪华装修|低层(共19层),已爬取
2450,峰尚筑品,925238,https://jh.zu.anjuke.com/fangyuan/4576742992045058,3室2厅|整租|精装修|低层(共17层),已爬取
2451,峰尚筑品,925238,https://jh.zu.anjuke.com/fangyuan/4624843054750723,4室2厅|整租|精装修|低层(共21层),已爬取
2452,碧桂园城市之光,1105897,https://jh.zu.anjuke.com/fangyuan/4622083251952647,4室2厅|整租|精装修|低层(共16层),已爬取
2453,碧桂园城市之光,1105897,https://jh.zu.anjuke.com/fangyuan/4440019825945609,3室2厅|整租|精装修|中层(共18层),已爬取
2454,碧桂园城市之光,1105897,https://jh.zu.anjuke.com/fangyuan/4493081924967427,4室2厅|整租|精装修|中层(共8层),已爬取
2455,碧桂园城市之光,1105897,https://jh.zu.anjuke.com/fangyuan/4565428165913605,3室2厅|整租|精装修|低层(共9层),已爬取
2456,碧桂园城市之光,1105897,https://jh.zu.anjuke.com/fangyuan/4604085271272452,4室2厅|整租|简单装修|低层(共18层),已爬取
2457,碧桂园城市之光,1105897,https://jh.zu.anjuke.com/fangyuan/4623185214940175,3室2厅|整租|精装修|低层(共10层),已爬取
2458,龙吟小区,863077,https://jh.zu.anjuke.com/fangyuan/4594367286273028,2室2厅|整租|精装修|中层(共6层),已爬取
2459,龙吟小区,863077,https://jh.zu.anjuke.com/fangyuan/4469525498551302,3室2厅|整租|简单装修|高层(共6层),已爬取
2460,龙吟小区,863077,https://jh.zu.anjuke.com/fangyuan/4557206571492357,2室2厅|整租|精装修|低层(共6层),已爬取
2461,金光灿烂,1187887,https://jh.zu.anjuke.com/fangyuan/4632297807588367,2室2厅|整租|精装修|低层(共16层),已爬取
2462,金光灿烂,1187887,https://jh.zu.anjuke.com/fangyuan/4526129399426056,2室2厅|整租|豪华装修|中层(共21层),已爬取
2463,金光灿烂,1187887,https://jh.zu.anjuke.com/fangyuan/4612419935988740,3室2厅|整租|豪华装修|高层(共22层),已爬取
2464,金光灿烂,1187887,https://jh.zu.anjuke.com/fangyuan/4603631285148682,3室2厅|整租|精装修|中层(共25层),已爬取
2465,金光灿烂,1187887,https://jh.zu.anjuke.com/fangyuan/4497433515664384,3室2厅|整租|豪华装修|中层(共22层),已爬取
2466,金光灿烂,1187887,https://jh.zu.anjuke.com/fangyuan/4517769280019458,2室2厅|整租|精装修|中层(共22层),已爬取
2467,金光灿烂,1187887,https://jh.zu.anjuke.com/fangyuan/4631900769444877,4室2厅|整租|精装修|高层(共23层),已爬取
2468,金光灿烂,1187887,https://jh.zu.anjuke.com/fangyuan/4574295041844231,4室2厅|整租|精装修|高层(共22层),已爬取
2469,金光灿烂,1187887,https://jh.zu.anjuke.com/fangyuan/4568666306976780,3室2厅|整租|精装修|高层(共22层),已爬取
2470,金光灿烂,1187887,https://jh.zu.anjuke.com/fangyuan/4610945117498368,3室2厅|整租|精装修|中层(共20层),已爬取
2471,锦绣我家,872059,https://jh.zu.anjuke.com/fangyuan/4512948325393418,1室0厅|整租|简单装修|低层(共6层),已爬取
2472,锦绣我家,872059,https://jh.zu.anjuke.com/fangyuan/2552856302836736,1室0厅|整租|精装修|共5层,已爬取
2473,檀公馆,969156,https://jh.zu.anjuke.com/fangyuan/4529273586279428,3室1厅|整租|豪华装修|共1层,已爬取
2474,檀公馆,969156,https://jh.zu.anjuke.com/fangyuan/4551956426941446,1室1厅|整租|精装修|高层(共28层),已爬取
2475,檀公馆,969156,https://jh.zu.anjuke.com/fangyuan/4612634276867081,1室1厅|整租|精装修|低层(共32层),已爬取
2476,檀公馆,969156,https://jh.zu.anjuke.com/fangyuan/4548553448696832,1室1厅|整租|精装修|低层(共28层),已爬取
2477,檀公馆,969156,https://jh.zu.anjuke.com/fangyuan/4606874720396295,1室1厅|整租|精装修|中层(共29层),已爬取
2478,檀公馆,969156,https://jh.zu.anjuke.com/fangyuan/3627194367777799,1室0厅|整租|精装修|共5层,已爬取
2479,檀公馆,969156,https://jh.zu.anjuke.com/fangyuan/4548549475036170,1室1厅|整租|精装修|中层(共28层),已爬取
2480,檀公馆,969156,https://jh.zu.anjuke.com/fangyuan/4607096368587777,1室1厅|整租|精装修|中层(共28层),已爬取
2481,檀公馆,969156,https://jh.zu.anjuke.com/fangyuan/4562819237190659,1室1厅|整租|精装修|低层(共28层),已爬取
2482,檀公馆,969156,https://jh.zu.anjuke.com/fangyuan/4632533322771469,1室1厅|整租|精装修|低层(共28层),已爬取
2483,东方御园,1367601,https://jh.zu.anjuke.com/fangyuan/4589453363962881,3室2厅|整租|精装修|低层(共15层),已爬取
2484,东方御园,1367601,https://jh.zu.anjuke.com/fangyuan/4589462001294350,3室2厅|整租|豪华装修|低层(共15层),已爬取
2485,东方御园,1367601,https://jh.zu.anjuke.com/fangyuan/4524431894670341,3室2厅|整租|豪华装修|高层(共15层),已爬取
2486,东方御园,1367601,https://jh.zu.anjuke.com/fangyuan/4605102712876039,3室1厅|整租|精装修|中层(共26层),已爬取
2487,东方御园,1367601,https://jh.zu.anjuke.com/fangyuan/4524428231891968,3室2厅|整租|精装修|高层(共16层),已爬取
2488,中梁滨江壹号院,1084140,https://jh.zu.anjuke.com/fangyuan/4552701841071116,3室2厅|整租|豪华装修|高层(共31层),已爬取
2489,中梁滨江壹号院,1084140,https://jh.zu.anjuke.com/fangyuan/4404802751982607,3室2厅|整租|精装修|中层(共29层),已爬取
2490,中梁滨江壹号院,1084140,https://jh.zu.anjuke.com/fangyuan/4568504399158286,4室2厅|整租|精装修|低层(共27层),已爬取
2491,中梁滨江壹号院,1084140,https://jh.zu.anjuke.com/fangyuan/4568837873867776,4室2厅|整租|精装修|高层(共27层),已爬取
2492,中梁滨江壹号院,1084140,https://jh.zu.anjuke.com/fangyuan/4551884607988745,3室2厅|整租|精装修|中层(共33层),已爬取
2493,中梁滨江壹号院,1084140,https://jh.zu.anjuke.com/fangyuan/4570164584653831,3室2厅|整租|豪华装修|中层(共22层),已爬取
2494,中梁滨江壹号院,1084140,https://jh.zu.anjuke.com/fangyuan/4404393967131654,3室2厅|整租|豪华装修|高层(共22层),已爬取
2495,中梁滨江壹号院,1084140,https://jh.zu.anjuke.com/fangyuan/4606925869702149,3室2厅|整租|精装修|低层(共29层),已爬取
2496,中梁滨江壹号院,1084140,https://jh.zu.anjuke.com/fangyuan/4595397865839628,4室2厅|整租|精装修|高层(共33层),已爬取
2497,中梁滨江壹号院,1084140,https://jh.zu.anjuke.com/fangyuan/4466731178451978,3室2厅|整租|精装修|高层(共19层),已爬取
2498,东磁新苑(南区),968932,https://jh.zu.anjuke.com/fangyuan/4615239905240076,2室2厅|整租|精装修|共5层,已爬取
2499,东磁新苑(南区),968932,https://jh.zu.anjuke.com/fangyuan/4615340116569100,2室2厅|整租|精装修|共5层,已爬取
2500,东磁新苑(南区),968932,https://jh.zu.anjuke.com/fangyuan/4615205512668174,2室2厅|整租|精装修|中层(共6层),已爬取
2501,东磁新苑(南区),968932,https://jh.zu.anjuke.com/fangyuan/4608225778379780,3室2厅|整租|精装修|共5层,已爬取
2502,东磁新苑(南区),968932,https://jh.zu.anjuke.com/fangyuan/4630880957735942,3室2厅|整租|简单装修|中层(共6层),已爬取
2503,东磁新苑(南区),968932,https://jh.zu.anjuke.com/fangyuan/4601245645579279,3室2厅|整租|精装修|共5层,已爬取
2504,东磁新苑(南区),968932,https://jh.zu.anjuke.com/fangyuan/4629142602259460,2室2厅|整租|精装修|共5层,已爬取
2505,东磁新苑(南区),968932,https://jh.zu.anjuke.com/fangyuan/4610677786631177,3室2厅|整租|精装修|共5层,已爬取
2506,东磁新苑(南区),968932,https://jh.zu.anjuke.com/fangyuan/4623716592083971,3室2厅|整租|精装修|中层(共6层),已爬取
2507,东磁新苑(南区),968932,https://jh.zu.anjuke.com/fangyuan/4615313165655052,3室2厅|整租|精装修|低层(共10层),已爬取
2508,辅仁村(溪西三区),1012096,https://jh.zu.anjuke.com/fangyuan/4514510881448967,2室1厅|整租|精装修|高层(共6层),已爬取
2509,辅仁村(溪西三区),1012096,https://jh.zu.anjuke.com/fangyuan/4604004525663233,2室1厅|整租|精装修|高层(共6层),已爬取
2510,辅仁村(溪西三区),1012096,https://jh.zu.anjuke.com/fangyuan/4633885605633033,3室1厅|整租|精装修|中层(共6层),已爬取
2511,辅仁村(溪西三区),1012096,https://jh.zu.anjuke.com/fangyuan/4611368306795531,3室2厅|整租|精装修|中层(共7层),已爬取
2512,辅仁村(溪西三区),1012096,https://jh.zu.anjuke.com/fangyuan/4622316470201347,2室1厅|整租|简单装修|低层(共6层),已爬取
2513,辅仁村(溪西三区),1012096,https://jh.zu.anjuke.com/fangyuan/4609242032825348,2室1厅|整租|精装修|高层(共6层),已爬取
2514,紫城花园,712075,https://jh.zu.anjuke.com/fangyuan/4629463741684738,2室2厅|整租|精装修|高层(共6层),已爬取
2515,紫城花园,712075,https://jh.zu.anjuke.com/fangyuan/4622129212107783,2室2厅|整租|精装修|高层(共6层),已爬取
2516,紫城花园,712075,https://jh.zu.anjuke.com/fangyuan/4568370729753610,2室2厅|整租|精装修|高层(共6层),已爬取
2517,紫城花园,712075,https://jh.zu.anjuke.com/fangyuan/4612668974261258,2室2厅|整租|精装修|高层(共6层),已爬取
2518,冠达华庭,727316,https://jh.zu.anjuke.com/fangyuan/4588373490394118,3室2厅|整租|精装修|低层(共6层),已爬取
2519,香堤意墅,868028,https://jh.zu.anjuke.com/fangyuan/4466443783447557,4室2厅|整租|精装修|高层(共16层),已爬取
2520,香堤意墅,868028,https://jh.zu.anjuke.com/fangyuan/4534399229010952,2室2厅|整租|精装修|中层(共25层),已爬取
2521,香堤意墅,868028,https://jh.zu.anjuke.com/fangyuan/4574194638543883,2室2厅|整租|精装修|高层(共26层),已爬取
2522,香堤意墅,868028,https://jh.zu.anjuke.com/fangyuan/4617903708040194,3室2厅|整租|精装修|中层(共33层),已爬取
2523,香堤意墅,868028,https://jh.zu.anjuke.com/fangyuan/3792807508729871,2室2厅|整租|豪华装修|高层(共26层),已爬取
2524,香堤意墅,868028,https://jh.zu.anjuke.com/fangyuan/4581365382489101,2室2厅|整租|简单装修|低层(共18层),已爬取
2525,香堤意墅,868028,https://jh.zu.anjuke.com/fangyuan/4581398021088265,2室2厅|整租|精装修|高层(共18层),已爬取
2526,香堤意墅,868028,https://jh.zu.anjuke.com/fangyuan/4631997264894976,2室2厅|整租|精装修|高层(共33层),已爬取
2527,香堤意墅,868028,https://jh.zu.anjuke.com/fangyuan/4588104853072903,2室2厅|整租|豪华装修|低层(共33层),已爬取
2528,香堤意墅,868028,https://jh.zu.anjuke.com/fangyuan/4588718988108803,3室2厅|整租|精装修|高层(共18层),已爬取
2529,社团新村,871928,https://jh.zu.anjuke.com/fangyuan/4483343845796869,4室2厅|整租|简单装修|共5层,已爬取
2530,社团新村,871928,https://jh.zu.anjuke.com/fangyuan/4600979235855366,4室2厅|整租|精装修|中层(共6层),已爬取
2531,社团新村,871928,https://jh.zu.anjuke.com/fangyuan/4557048289106951,4室2厅|整租|简单装修|共5层,已爬取
2532,社团新村,871928,https://jh.zu.anjuke.com/fangyuan/4605849091599368,1室1厅|整租|精装修|中层(共7层),已爬取
2533,社团新村,871928,https://jh.zu.anjuke.com/fangyuan/4565626917184513,3室2厅|整租|精装修|共5层,已爬取
2534,社团新村,871928,https://jh.zu.anjuke.com/fangyuan/4568176213990414,2室1厅|整租|精装修|共5层,已爬取
2535,社团新村,871928,https://jh.zu.anjuke.com/fangyuan/4550336450223117,2室1厅|整租|精装修|共5层,已爬取
2536,社团新村,871928,https://jh.zu.anjuke.com/fangyuan/4590897692189699,2室2厅|整租|精装修|共5层,已爬取
2537,社团新村,871928,https://jh.zu.anjuke.com/fangyuan/4632684067220483,2室2厅|整租|精装修|中层(共8层),已爬取
2538,社团新村,871928,https://jh.zu.anjuke.com/fangyuan/4632294670724110,2室2厅|整租|精装修|中层(共6层),已爬取
2539,东阳名臣蓝庭,873375,https://jh.zu.anjuke.com/fangyuan/3541908556817412,3室2厅|整租|精装修|中层(共10层),已爬取
2540,东阳名臣蓝庭,873375,https://jh.zu.anjuke.com/fangyuan/4064228700216321,3室2厅|整租|精装修|中层(共16层),已爬取
2541,东阳名臣蓝庭,873375,https://jh.zu.anjuke.com/fangyuan/4035075431963652,1室1厅|整租|精装修|共5层,已爬取
2542,万固东方樾,1076613,https://jh.zu.anjuke.com/fangyuan/4345083926617096,3室2厅|整租|精装修|中层(共23层),已爬取
2543,万固东方樾,1076613,https://jh.zu.anjuke.com/fangyuan/4473637624159240,4室2厅|整租|精装修|低层(共16层),已爬取
2544,万固东方樾,1076613,https://jh.zu.anjuke.com/fangyuan/4552688610845710,4室2厅|整租|精装修|低层(共17层),已爬取
2545,万固东方樾,1076613,https://jh.zu.anjuke.com/fangyuan/4598362384704520,3室2厅|整租|精装修|低层(共18层),已爬取
2546,万固东方樾,1076613,https://jh.zu.anjuke.com/fangyuan/4522854750350346,3室2厅|整租|精装修|中层(共17层),已爬取
2547,万固东方樾,1076613,https://jh.zu.anjuke.com/fangyuan/4582835910831117,3室2厅|整租|精装修|低层(共16层),已爬取
2548,万固东方樾,1076613,https://jh.zu.anjuke.com/fangyuan/4552801898177551,3室2厅|整租|精装修|高层(共15层),已爬取
2549,万固东方樾,1076613,https://jh.zu.anjuke.com/fangyuan/4520241956072463,3室2厅|整租|精装修|低层(共16层),已爬取
2550,万固东方樾,1076613,https://jh.zu.anjuke.com/fangyuan/4498157472263170,3室2厅|整租|精装修|中层(共16层),已爬取
2551,万固东方樾,1076613,https://jh.zu.anjuke.com/fangyuan/4614186063780878,3室2厅|整租|精装修|中层(共16层),已爬取
2552,西京大厦,864293,https://jh.zu.anjuke.com/fangyuan/4615250199536640,1室1厅|整租|豪华装修|高层(共20层),已爬取
2553,西京大厦,864293,https://jh.zu.anjuke.com/fangyuan/4592582650356739,1室0厅|整租|精装修|高层(共20层),已爬取
2554,西京大厦,864293,https://jh.zu.anjuke.com/fangyuan/4615237405910023,1室1厅|整租|精装修|高层(共20层),已爬取
2555,西京大厦,864293,https://jh.zu.anjuke.com/fangyuan/2771910161968139,1室0厅|整租|精装修|高层(共6层),已爬取
2556,西京大厦,864293,https://jh.zu.anjuke.com/fangyuan/4616987915707395,1室1厅|整租|精装修|中层(共18层),已爬取
2557,西京大厦,864293,https://jh.zu.anjuke.com/fangyuan/4592617305515009,1室0厅|整租|精装修|高层(共20层),已爬取
2558,西京大厦,864293,https://jh.zu.anjuke.com/fangyuan/4615603002416140,1室1厅|整租|精装修|高层(共20层),已爬取
2559,西京大厦,864293,https://jh.zu.anjuke.com/fangyuan/4592609156881423,1室0厅|整租|精装修|低层(共20层),已爬取
2560,西京大厦,864293,https://jh.zu.anjuke.com/fangyuan/4615238206434307,1室1厅|整租|精装修|高层(共20层),已爬取
2561,西京大厦,864293,https://jh.zu.anjuke.com/fangyuan/4585628511935499,1室1厅|整租|精装修|高层(共19层),已爬取
2562,白马郡中苑,1057048,https://jh.zu.anjuke.com/fangyuan/4513048121533451,4室2厅|整租|精装修|高层(共11层),已爬取
2563,白马郡中苑,1057048,https://jh.zu.anjuke.com/fangyuan/4603809865657346,4室2厅|整租|精装修|低层(共32层),已爬取
2564,白马郡中苑,1057048,https://jh.zu.anjuke.com/fangyuan/4513189048116232,4室2厅|整租|豪华装修|中层(共23层),已爬取
2565,白马郡中苑,1057048,https://jh.zu.anjuke.com/fangyuan/4603725970369551,4室2厅|整租|豪华装修|中层(共19层),已爬取
2566,白马郡中苑,1057048,https://jh.zu.anjuke.com/fangyuan/4626412367883273,4室2厅|整租|豪华装修|高层(共22层),已爬取
2567,白马郡中苑,1057048,https://jh.zu.anjuke.com/fangyuan/4482652550734861,4室2厅|整租|豪华装修|高层(共12层),已爬取
2568,白马郡中苑,1057048,https://jh.zu.anjuke.com/fangyuan/4612653019307022,3室2厅|整租|精装修|中层(共17层),已爬取
2569,白马郡中苑,1057048,https://jh.zu.anjuke.com/fangyuan/4513279313142798,4室2厅|整租|精装修|中层(共17层),已爬取
2570,花园商业中心,1195867,https://jh.zu.anjuke.com/fangyuan/4105710701486095,1室1厅|整租|精装修|低层(共9层),已爬取
2571,花园商业中心,1195867,https://jh.zu.anjuke.com/fangyuan/4076236275751946,1室1厅|整租|豪华装修|高层(共7层),已爬取
2572,花园商业中心,1195867,https://jh.zu.anjuke.com/fangyuan/4105566020116485,1室0厅|整租|精装修|共5层,已爬取
2573,宏鑫佳苑,1039861,https://jh.zu.anjuke.com/fangyuan/4585215438511104,1室1厅|整租|豪华装修|低层(共8层),已爬取
2574,宏鑫佳苑,1039861,https://jh.zu.anjuke.com/fangyuan/4629362342943755,1室1厅|整租|豪华装修|低层(共6层),已爬取
2575,新纪元公寓,863159,https://jh.zu.anjuke.com/fangyuan/4574462784461835,1室1厅|整租|精装修|低层(共12层),已爬取
2576,新纪元公寓,863159,https://jh.zu.anjuke.com/fangyuan/4625213309131785,1室1厅|整租|精装修|低层(共11层),已爬取
2577,东方广场(永康),968935,https://jh.zu.anjuke.com/fangyuan/4470579634185227,3室2厅|整租|精装修|中层(共20层),已爬取
2578,东方广场(永康),968935,https://jh.zu.anjuke.com/fangyuan/4470576348390409,3室2厅|整租|精装修|高层(共16层),已爬取
2579,东方广场(永康),968935,https://jh.zu.anjuke.com/fangyuan/4497537569418247,3室1厅|整租|精装修|中层(共15层),已爬取
2580,东方广场(永康),968935,https://jh.zu.anjuke.com/fangyuan/4489110969768971,3室2厅|整租|精装修|低层(共13层),已爬取
2581,万鸿名城,1049867,https://jh.zu.anjuke.com/fangyuan/4610765032156168,3室1厅|整租|豪华装修|低层(共16层),已爬取
2582,万鸿名城,1049867,https://jh.zu.anjuke.com/fangyuan/4610794677427201,3室1厅|整租|豪华装修|低层(共23层),已爬取
2583,万鸿名城,1049867,https://jh.zu.anjuke.com/fangyuan/4616377947872266,3室2厅|整租|精装修|中层(共17层),已爬取
2584,万鸿名城,1049867,https://jh.zu.anjuke.com/fangyuan/4593919066219530,4室2厅|整租|豪华装修|中层(共21层),已爬取
2585,万鸿名城,1049867,https://jh.zu.anjuke.com/fangyuan/4620923631297550,4室2厅|整租|豪华装修|中层(共20层),已爬取
2586,万鸿名城,1049867,https://jh.zu.anjuke.com/fangyuan/4344975934364687,3室2厅|整租|精装修|高层(共16层),已爬取
2587,万鸿名城,1049867,https://jh.zu.anjuke.com/fangyuan/4616384409136143,4室2厅|整租|精装修|中层(共17层),已爬取
2588,万鸿名城,1049867,https://jh.zu.anjuke.com/fangyuan/4612633057995787,4室2厅|整租|精装修|中层(共17层),已爬取
2589,万鸿名城,1049867,https://jh.zu.anjuke.com/fangyuan/4613775347538952,4室2厅|整租|豪华装修|低层(共17层),已爬取
2590,万鸿名城,1049867,https://jh.zu.anjuke.com/fangyuan/4582897020365837,4室2厅|整租|精装修|中层(共18层),已爬取
2591,横店新天地,1065154,https://jh.zu.anjuke.com/fangyuan/4630613837079556,3室2厅|整租|精装修|中层(共29层),已爬取
2592,横店新天地,1065154,https://jh.zu.anjuke.com/fangyuan/4607189687626753,3室2厅|整租|精装修|低层(共26层),已爬取
2593,横店新天地,1065154,https://jh.zu.anjuke.com/fangyuan/4612455525952523,1室2厅|整租|精装修|共4层,已爬取
2594,横店新天地,1065154,https://jh.zu.anjuke.com/fangyuan/4609736990632973,4室2厅|整租|精装修|高层(共25层),已爬取
2595,横店新天地,1065154,https://jh.zu.anjuke.com/fangyuan/4633689392243721,1室1厅|整租|精装修|共4层,已爬取
2596,横店新天地,1065154,https://jh.zu.anjuke.com/fangyuan/4555802434219019,3室2厅|整租|精装修|中层(共29层),已爬取
2597,横店新天地,1065154,https://jh.zu.anjuke.com/fangyuan/4611037630374918,2室2厅|整租|精装修|高层(共25层),已爬取
2598,横店新天地,1065154,https://jh.zu.anjuke.com/fangyuan/4612103902092294,3室2厅|整租|精装修|高层(共29层),已爬取
2599,横店新天地,1065154,https://jh.zu.anjuke.com/fangyuan/4630598256204808,1室1厅|整租|精装修|共3层,已爬取
2600,横店新天地,1065154,https://jh.zu.anjuke.com/fangyuan/4568572590185472,2室2厅|整租|精装修|中层(共20层),已爬取
2601,山顶壹号星巢公寓(公寓住宅),1181356,https://jh.zu.anjuke.com/fangyuan/4630950592650254,1室1厅|整租|精装修|中层(共18层),已爬取
2602,山顶壹号星巢公寓(公寓住宅),1181356,https://jh.zu.anjuke.com/fangyuan/4632803294766095,1室1厅|整租|精装修|中层(共10层),已爬取
2603,山顶壹号星巢公寓(公寓住宅),1181356,https://jh.zu.anjuke.com/fangyuan/4607907424660485,2室1厅|整租|精装修|高层(共17层),已爬取
2604,山顶壹号星巢公寓(公寓住宅),1181356,https://jh.zu.anjuke.com/fangyuan/4558472586226694,1室1厅|整租|精装修|低层(共17层),已爬取
2605,山顶壹号星巢公寓(公寓住宅),1181356,https://jh.zu.anjuke.com/fangyuan/4588384880305165,1室1厅|整租|精装修|共1层,已爬取
2606,山顶壹号星巢公寓(公寓住宅),1181356,https://jh.zu.anjuke.com/fangyuan/4572491044858886,1室1厅|整租|精装修|低层(共14层),已爬取
2607,山顶壹号星巢公寓(公寓住宅),1181356,https://jh.zu.anjuke.com/fangyuan/4558295424132098,1室1厅|整租|精装修|高层(共23层),已爬取
2608,山顶壹号星巢公寓(公寓住宅),1181356,https://jh.zu.anjuke.com/fangyuan/4564422949135367,1室1厅|整租|精装修|低层(共20层),已爬取
2609,山顶壹号星巢公寓(公寓住宅),1181356,https://jh.zu.anjuke.com/fangyuan/4553258297793547,1室1厅|整租|精装修|低层(共20层),已爬取
2610,山顶壹号星巢公寓(公寓住宅),1181356,https://jh.zu.anjuke.com/fangyuan/4596998460615688,2室1厅|整租|精装修|高层(共20层),已爬取
2611,栖霞村(溪西四区),1084160,https://jh.zu.anjuke.com/fangyuan/4558505220383750,2室1厅|整租|精装修|共5层,已爬取
2612,栖霞村(溪西四区),1084160,https://jh.zu.anjuke.com/fangyuan/4539882240187406,2室1厅|整租|精装修|共5层,已爬取
2613,丹溪花园(兰溪),1103127,https://jh.zu.anjuke.com/fangyuan/4631978437762058,2室2厅|整租|简单装修|低层(共6层),已爬取
2614,丹溪花园(兰溪),1103127,https://jh.zu.anjuke.com/fangyuan/4015041566515209,1室1厅|整租|精装修|共3层,已爬取
2615,天阳兰江名邸,1246779,https://jh.zu.anjuke.com/fangyuan/4493371242060809,3室2厅|整租|精装修|高层(共11层),已爬取
2616,天阳兰江名邸,1246779,https://jh.zu.anjuke.com/fangyuan/4513304853195777,3室2厅|整租|精装修|高层(共11层),已爬取
2617,天阳兰江名邸,1246779,https://jh.zu.anjuke.com/fangyuan/4415525812182016,2室1厅|整租|精装修|低层(共11层),已爬取
2618,金桂院(北区),863082,https://jh.zu.anjuke.com/fangyuan/4629524792728591,3室2厅|整租|精装修|低层(共6层),已爬取
2619,金桂院(北区),863082,https://jh.zu.anjuke.com/fangyuan/4631496829395969,2室2厅|整租|精装修|低层(共6层),已爬取
2620,金桂院(北区),863082,https://jh.zu.anjuke.com/fangyuan/4509216387996677,2室1厅|整租|精装修|中层(共6层),已爬取
2621,金桂院(北区),863082,https://jh.zu.anjuke.com/fangyuan/4534729067142159,3室2厅|整租|豪华装修|中层(共7层),已爬取
2622,金桂院(北区),863082,https://jh.zu.anjuke.com/fangyuan/4605423003821060,3室2厅|整租|精装修|高层(共6层),已爬取
2623,金桂院(北区),863082,https://jh.zu.anjuke.com/fangyuan/4535985984791558,3室2厅|整租|精装修|中层(共6层),已爬取
2624,金桂院(北区),863082,https://jh.zu.anjuke.com/fangyuan/4619591260941314,2室2厅|整租|简单装修|高层(共6层),已爬取
2625,圣罗村(溪西三区),969143,https://jh.zu.anjuke.com/fangyuan/4623849969458183,3室2厅|整租|精装修|共5层,已爬取
2626,圣罗村(溪西三区),969143,https://jh.zu.anjuke.com/fangyuan/4476206049385477,2室1厅|整租|精装修|中层(共6层),已爬取
2627,圣罗村(溪西三区),969143,https://jh.zu.anjuke.com/fangyuan/4526228346661892,2室2厅|整租|精装修|高层(共6层),已爬取
2628,圣罗村(溪西三区),969143,https://jh.zu.anjuke.com/fangyuan/4582679024413704,4室2厅|整租|精装修|共5层,已爬取
2629,圣罗村(溪西三区),969143,https://jh.zu.anjuke.com/fangyuan/4524409633532937,3室2厅|整租|精装修|高层(共6层),已爬取
2630,中昂天玥府,1168265,https://jh.zu.anjuke.com/fangyuan/4551559246455808,4室2厅|整租|精装修|高层(共16层),已爬取
2631,中昂天玥府,1168265,https://jh.zu.anjuke.com/fangyuan/4599397493089280,3室2厅|整租|精装修|低层(共20层),已爬取
2632,中昂天玥府,1168265,https://jh.zu.anjuke.com/fangyuan/4571241874795530,3室2厅|整租|精装修|高层(共20层),已爬取
2633,中昂天玥府,1168265,https://jh.zu.anjuke.com/fangyuan/4483752756390919,3室2厅|整租|精装修|低层(共20层),已爬取
2634,中昂天玥府,1168265,https://jh.zu.anjuke.com/fangyuan/4400020507978766,3室2厅|整租|精装修|中层(共20层),已爬取
2635,中昂天玥府,1168265,https://jh.zu.anjuke.com/fangyuan/4599400430099468,2室2厅|整租|精装修|中层(共13层),已爬取
2636,中昂天玥府,1168265,https://jh.zu.anjuke.com/fangyuan/3660810179552266,1室1厅|整租|精装修|低层(共20层),已爬取
2637,新城红星盛昱之光,1086750,https://jh.zu.anjuke.com/fangyuan/4599942970842123,3室1厅|整租|精装修|高层(共15层),已爬取
2638,新城红星盛昱之光,1086750,https://jh.zu.anjuke.com/fangyuan/4587283025730561,4室2厅|整租|精装修|高层(共33层),已爬取
2639,新城红星盛昱之光,1086750,https://jh.zu.anjuke.com/fangyuan/4601175769246726,4室2厅|整租|豪华装修|高层(共16层),已爬取
2640,新城红星盛昱之光,1086750,https://jh.zu.anjuke.com/fangyuan/4588804884077577,4室2厅|整租|豪华装修|中层(共35层),已爬取
2641,新城红星盛昱之光,1086750,https://jh.zu.anjuke.com/fangyuan/4601284077855747,3室2厅|整租|豪华装修|高层(共16层),已爬取
2642,新城红星盛昱之光,1086750,https://jh.zu.anjuke.com/fangyuan/4486079883435008,3室2厅|整租|精装修|中层(共28层),已爬取
2643,新城红星盛昱之光,1086750,https://jh.zu.anjuke.com/fangyuan/4587286787843082,4室2厅|整租|精装修|低层(共31层),已爬取
2644,兰庭国际公馆,969063,https://jh.zu.anjuke.com/fangyuan/4618110979056655,3室2厅|整租|精装修|中层(共13层),已爬取
2645,兰庭国际公馆,969063,https://jh.zu.anjuke.com/fangyuan/4629679267423244,1室1厅|整租|精装修|低层(共12层),已爬取
2646,宏福仙霞人家,712177,https://jh.zu.anjuke.com/fangyuan/4596766876183554,3室2厅|整租|简单装修|中层(共6层),已爬取
2647,宏福仙霞人家,712177,https://jh.zu.anjuke.com/fangyuan/4603887840517131,1室1厅|整租|简单装修|中层(共6层),已爬取
2648,宏福仙霞人家,712177,https://jh.zu.anjuke.com/fangyuan/4596920484424713,2室2厅|整租|精装修|中层(共6层),已爬取
2649,宏福仙霞人家,712177,https://jh.zu.anjuke.com/fangyuan/4567323322899457,4室2厅|整租|简单装修|低层(共14层),已爬取
2650,中基幸福里,909127,https://jh.zu.anjuke.com/fangyuan/4517491739794445,4室2厅|整租|豪华装修|高层(共6层),已爬取
2651,绿盛庭苑,712110,https://jh.zu.anjuke.com/fangyuan/4527606735133703,3室2厅|整租|精装修|高层(共6层),已爬取
2652,江南华府(永康),1049866,https://jh.zu.anjuke.com/fangyuan/4474018471554058,3室2厅|整租|精装修|高层(共18层),已爬取
2653,花园中华城,1251670,https://jh.zu.anjuke.com/fangyuan/4105701056637958,1室0厅|整租|精装修|中层(共8层),已爬取
2654,金圆名都,969045,https://jh.zu.anjuke.com/fangyuan/4626311987930112,3室2厅|整租|精装修|中层(共6层),已爬取
2655,金圆名都,969045,https://jh.zu.anjuke.com/fangyuan/4631984216843277,3室2厅|整租|精装修|共5层,已爬取
2656,晶都花园,969056,https://jh.zu.anjuke.com/fangyuan/4630648574024714,4室2厅|整租|精装修|高层(共11层),已爬取
2657,晶都花园,969056,https://jh.zu.anjuke.com/fangyuan/4632155558224910,3室2厅|整租|精装修|高层(共9层),已爬取
2658,晶都花园,969056,https://jh.zu.anjuke.com/fangyuan/4596741288682500,3室2厅|整租|精装修|中层(共9层),已爬取
2659,晶都花园,969056,https://jh.zu.anjuke.com/fangyuan/4389913335868417,4室2厅|整租|精装修|低层(共15层),已爬取
2660,熙城雅居,1239477,https://jh.zu.anjuke.com/fangyuan/4555842939575300,3室2厅|整租|精装修|中层(共7层),已爬取
2661,熙城雅居,1239477,https://jh.zu.anjuke.com/fangyuan/4303569922485253,3室2厅|整租|精装修|低层(共8层),已爬取
2662,熙城雅居,1239477,https://jh.zu.anjuke.com/fangyuan/4555863745764359,3室2厅|整租|精装修|低层(共8层),已爬取
2663,望霞邨(溪西四区),1305706,https://jh.zu.anjuke.com/fangyuan/4626190014098443,1室0厅|整租|精装修|共1层,已爬取
2664,常青花园,872801,https://jh.zu.anjuke.com/fangyuan/4486609086405637,1室1厅|整租|精装修|高层(共7层),已爬取
2665,常青花园,872801,https://jh.zu.anjuke.com/fangyuan/4463567091293198,3室2厅|整租|豪华装修|低层(共6层),已爬取
2666,常青花园,872801,https://jh.zu.anjuke.com/fangyuan/4546058654835722,3室2厅|整租|精装修|中层(共6层),已爬取
2667,常青花园,872801,https://jh.zu.anjuke.com/fangyuan/4598268154569742,3室2厅|整租|精装修|中层(共6层),已爬取
2668,明珠新城(一区),925579,https://jh.zu.anjuke.com/fangyuan/4582444252240899,3室2厅|整租|精装修|共5层,已爬取
2669,明珠新城(一区),925579,https://jh.zu.anjuke.com/fangyuan/4245886423670784,1室1厅|整租|精装修|共5层,已爬取
2670,明珠新城(一区),925579,https://jh.zu.anjuke.com/fangyuan/4589544973083659,3室2厅|整租|精装修|低层(共17层),已爬取
2671,胜利街120-176号小区,1223602,https://jh.zu.anjuke.com/fangyuan/4612374848597000,2室6厅|整租|精装修|中层(共6层),已爬取
2672,胜利街120-176号小区,1223602,https://jh.zu.anjuke.com/fangyuan/4566919312155658,2室2厅|整租|精装修|中层(共6层),已爬取
2673,花园湖景城,1067266,https://jh.zu.anjuke.com/fangyuan/4105574425701376,1室1厅|整租|精装修|中层(共6层),已爬取
2674,花园湖景城,1067266,https://jh.zu.anjuke.com/fangyuan/4153572167409679,1室1厅|整租|精装修|高层(共7层),已爬取
2675,花园湖景城,1067266,https://jh.zu.anjuke.com/fangyuan/4624863009463296,2室2厅|整租|精装修|中层(共17层),已爬取
2676,花园湖景城,1067266,https://jh.zu.anjuke.com/fangyuan/4106672554335232,1室1厅|整租|精装修|中层(共6层),已爬取
2677,花园湖景城,1067266,https://jh.zu.anjuke.com/fangyuan/4105765354609676,1室1厅|整租|豪华装修|共5层,已爬取
2678,天山龙城(B区),711994,https://jh.zu.anjuke.com/fangyuan/4595331941082127,3室2厅|整租|精装修|共1层,已爬取
2679,天山龙城(B区),711994,https://jh.zu.anjuke.com/fangyuan/4105775820201986,1室1厅|整租|精装修|低层(共6层),已爬取
2680,巨龙腾达湾名座,868440,https://jh.zu.anjuke.com/fangyuan/4588361953043464,3室2厅|整租|精装修|高层(共12层),已爬取
2681,巨龙腾达湾名座,868440,https://jh.zu.anjuke.com/fangyuan/4592753893219328,1室1厅|整租|精装修|高层(共8层),已爬取
2682,巨龙腾达湾名座,868440,https://jh.zu.anjuke.com/fangyuan/4504699815255053,1室0厅|整租|精装修|高层(共8层),已爬取
2683,巨龙腾达湾名座,868440,https://jh.zu.anjuke.com/fangyuan/4589843660221455,3室2厅|整租|精装修|高层(共12层),已爬取
2684,巨龙腾达湾名座,868440,https://jh.zu.anjuke.com/fangyuan/4590310738222094,3室2厅|整租|精装修|高层(共12层),已爬取
2685,巨龙腾达湾名座,868440,https://jh.zu.anjuke.com/fangyuan/4588361456135170,3室2厅|整租|精装修|高层(共12层),已爬取
2686,巨龙腾达湾名座,868440,https://jh.zu.anjuke.com/fangyuan/4566848972086275,1室1厅|整租|精装修|中层(共8层),已爬取
2687,巨龙腾达湾名座,868440,https://jh.zu.anjuke.com/fangyuan/4545756659588096,2室2厅|整租|精装修|高层(共12层),已爬取
2688,巨龙腾达湾名座,868440,https://jh.zu.anjuke.com/fangyuan/4619265120902150,1室1厅|整租|精装修|中层(共11层),已爬取
2689,巨龙腾达湾名座,868440,https://jh.zu.anjuke.com/fangyuan/4153254730604546,1室1厅|整租|精装修|中层(共11层),已爬取
2690,得邦小区,968928,https://jh.zu.anjuke.com/fangyuan/4612163993838592,3室2厅|整租|精装修|共5层,已爬取
2691,国际大厦,871958,https://jh.zu.anjuke.com/fangyuan/4285667531877381,1室0厅|整租|简单装修|共5层,已爬取
2692,久居新城(东区),873078,https://jh.zu.anjuke.com/fangyuan/4616463422626820,5室4厅|整租|精装修|共5层,已爬取
2693,久居新城(东区),873078,https://jh.zu.anjuke.com/fangyuan/4489310201736205,7室2厅|整租|精装修|共4层,已爬取
2694,雅香园,874793,https://jh.zu.anjuke.com/fangyuan/4557186477239309,2室2厅|整租|精装修|中层(共6层),已爬取
2695,雅香园,874793,https://jh.zu.anjuke.com/fangyuan/4615094248135690,3室2厅|整租|精装修|中层(共6层),已爬取
2696,紫东苑(北区),863238,https://jh.zu.anjuke.com/fangyuan/4618137073132555,3室2厅|整租|精装修|中层(共6层),已爬取
2697,紫东苑(北区),863238,https://jh.zu.anjuke.com/fangyuan/4552926456339462,1室0厅|整租|精装修|低层(共15层),已爬取
2698,兰溪门,1012093,https://jh.zu.anjuke.com/fangyuan/4551550648984579,3室2厅|整租|豪华装修|中层(共6层),已爬取
2699,兰溪门,1012093,https://jh.zu.anjuke.com/fangyuan/4138025895865348,1室1厅|整租|精装修|低层(共6层),已爬取
2700,兰溪门,1012093,https://jh.zu.anjuke.com/fangyuan/4436603277847559,1室1厅|整租|精装修|低层(共6层),已爬取
2701,兰溪门,1012093,https://jh.zu.anjuke.com/fangyuan/4425612277345287,3室2厅|整租|精装修|中层(共6层),已爬取
2702,兰溪门,1012093,https://jh.zu.anjuke.com/fangyuan/3490957162961932,2室1厅|整租|精装修|低层(共6层),已爬取
2703,紫东星座,968874,https://jh.zu.anjuke.com/fangyuan/4384466475981824,3室2厅|整租|豪华装修|中层(共18层),已爬取
2704,紫东星座,968874,https://jh.zu.anjuke.com/fangyuan/4610744988574724,1室1厅|整租|豪华装修|高层(共12层),已爬取
2705,紫东星座,968874,https://jh.zu.anjuke.com/fangyuan/4623493203125251,1室1厅|整租|精装修|中层(共12层),已爬取
2706,紫东星座,968874,https://jh.zu.anjuke.com/fangyuan/4592250545579016,1室1厅|整租|豪华装修|低层(共18层),已爬取
2707,紫东星座,968874,https://jh.zu.anjuke.com/fangyuan/4622505732365322,1室1厅|整租|豪华装修|低层(共16层),已爬取
2708,凤凰家园,911344,https://jh.zu.anjuke.com/fangyuan/4470651777754122,2室2厅|整租|精装修|中层(共6层),已爬取
2709,凤凰家园,911344,https://jh.zu.anjuke.com/fangyuan/4583938271439884,2室2厅|整租|豪华装修|中层(共6层),已爬取
2710,凤凰家园,911344,https://jh.zu.anjuke.com/fangyuan/4569835036617733,2室2厅|整租|豪华装修|中层(共6层),已爬取
2711,凤凰家园,911344,https://jh.zu.anjuke.com/fangyuan/4527514652597254,2室2厅|整租|精装修|高层(共6层),已爬取
2712,凤凰家园,911344,https://jh.zu.anjuke.com/fangyuan/4569834517900292,2室2厅|整租|精装修|低层(共6层),已爬取
2713,凤凰家园,911344,https://jh.zu.anjuke.com/fangyuan/4621968546145287,2室2厅|整租|精装修|低层(共6层),已爬取
2714,锦绣兰庭,1304794,https://jh.zu.anjuke.com/fangyuan/4622094024879106,3室2厅|整租|精装修|中层(共25层),已爬取
2715,万科玉泉院,1301736,https://jh.zu.anjuke.com/fangyuan/4589904737295372,3室2厅|整租|精装修|高层(共11层),已爬取
2716,万科玉泉院,1301736,https://jh.zu.anjuke.com/fangyuan/4603600239287303,3室2厅|整租|精装修|高层(共13层),已爬取
2717,万科玉泉院,1301736,https://jh.zu.anjuke.com/fangyuan/4602526169146371,3室2厅|整租|精装修|中层(共15层),已爬取
2718,万科玉泉院,1301736,https://jh.zu.anjuke.com/fangyuan/4588075322076170,3室2厅|整租|精装修|高层(共11层),已爬取
2719,万科玉泉院,1301736,https://jh.zu.anjuke.com/fangyuan/4588094595916813,3室2厅|整租|精装修|高层(共11层),已爬取
2720,四季园,909178,https://jh.zu.anjuke.com/fangyuan/4627671771554824,3室2厅|整租|精装修|中层(共6层),已爬取
2721,四季园,909178,https://jh.zu.anjuke.com/fangyuan/4358798757682186,1室1厅|整租|精装修|中层(共13层),已爬取
2722,四季园,909178,https://jh.zu.anjuke.com/fangyuan/4614894155688970,1室1厅|整租|精装修|中层(共13层),已爬取
2723,四季园,909178,https://jh.zu.anjuke.com/fangyuan/4586736794229773,1室0厅|整租|精装修|高层(共16层),已爬取
2724,四季园,909178,https://jh.zu.anjuke.com/fangyuan/4631988052077575,4室2厅|整租|精装修|中层(共6层),已爬取
2725,四季园,909178,https://jh.zu.anjuke.com/fangyuan/4497675805072384,1室1厅|整租|精装修|高层(共11层),已爬取
2726,四季园,909178,https://jh.zu.anjuke.com/fangyuan/4586729616452610,1室0厅|整租|简单装修|高层(共16层),已爬取
2727,四季园,909178,https://jh.zu.anjuke.com/fangyuan/4513301769397252,1室1厅|整租|精装修|中层(共16层),已爬取
2728,四季园,909178,https://jh.zu.anjuke.com/fangyuan/4586733559098382,1室0厅|整租|精装修|高层(共16层),已爬取
2729,凤凰花园,863052,https://jh.zu.anjuke.com/fangyuan/4586940023090185,2室2厅|整租|精装修|低层(共6层),已爬取
2730,凤凰花园,863052,https://jh.zu.anjuke.com/fangyuan/4610760859020291,3室2厅|整租|精装修|低层(共6层),已爬取
2731,凤凰花园,863052,https://jh.zu.anjuke.com/fangyuan/4480549813955584,2室1厅|整租|精装修|共4层,已爬取
2732,凤凰花园,863052,https://jh.zu.anjuke.com/fangyuan/4616598916766728,2室1厅|整租|精装修|共4层,已爬取
2733,凤凰花园,863052,https://jh.zu.anjuke.com/fangyuan/4495048238031887,2室1厅|整租|精装修|共4层,已爬取
2734,凤凰花园,863052,https://jh.zu.anjuke.com/fangyuan/4495072430742538,2室1厅|整租|精装修|共4层,已爬取
2735,凤凰花园,863052,https://jh.zu.anjuke.com/fangyuan/4610712739783688,2室1厅|整租|精装修|共4层,已爬取
2736,凤凰花园,863052,https://jh.zu.anjuke.com/fangyuan/4495059467901966,2室1厅|整租|简单装修|共4层,已爬取
2737,凤凰花园,863052,https://jh.zu.anjuke.com/fangyuan/4610742141918221,2室1厅|整租|精装修|共4层,已爬取
2738,恒丰楼(婺城),968984,https://jh.zu.anjuke.com/fangyuan/4624943256378371,2室2厅|整租|精装修|中层(共6层),已爬取
2739,恒丰楼(婺城),968984,https://jh.zu.anjuke.com/fangyuan/4527444122299406,3室2厅|整租|豪华装修|高层(共6层),已爬取
2740,恒丰楼(婺城),968984,https://jh.zu.anjuke.com/fangyuan/4591095938182144,3室2厅|整租|豪华装修|高层(共6层),已爬取
2741,恒丰楼(婺城),968984,https://jh.zu.anjuke.com/fangyuan/4554474892254208,3室2厅|整租|豪华装修|高层(共6层),已爬取
2742,鹰山花园,873447,https://jh.zu.anjuke.com/fangyuan/4480466045201410,2室2厅|整租|精装修|共5层,已爬取
2743,鹰山花园,873447,https://jh.zu.anjuke.com/fangyuan/4632036427537414,3室2厅|整租|精装修|高层(共13层),已爬取
2744,鹰山花园,873447,https://jh.zu.anjuke.com/fangyuan/4579790999542789,1室1厅|整租|豪华装修|中层(共8层),已爬取
2745,鹰山花园,873447,https://jh.zu.anjuke.com/fangyuan/4625303899057160,3室2厅|整租|精装修|高层(共12层),已爬取
2746,鹰山花园,873447,https://jh.zu.anjuke.com/fangyuan/3957154043321347,3室2厅|整租|精装修|高层(共11层),已爬取
2747,长丰新城,1182344,https://jh.zu.anjuke.com/fangyuan/4564683112000521,3室2厅|整租|豪华装修|高层(共25层),已爬取
2748,长丰新城,1182344,https://jh.zu.anjuke.com/fangyuan/4566841199320079,2室2厅|整租|精装修|高层(共25层),已爬取
2749,长丰新城,1182344,https://jh.zu.anjuke.com/fangyuan/4613564221598735,2室1厅|整租|精装修|低层(共25层),已爬取
2750,长丰新城,1182344,https://jh.zu.anjuke.com/fangyuan/4579605342841867,3室2厅|整租|精装修|高层(共25层),已爬取
2751,长丰新城,1182344,https://jh.zu.anjuke.com/fangyuan/4241241399094286,2室2厅|整租|简单装修|低层(共24层),已爬取
2752,长丰新城,1182344,https://jh.zu.anjuke.com/fangyuan/4565492863495180,3室2厅|整租|精装修|高层(共30层),已爬取
2753,长丰新城,1182344,https://jh.zu.anjuke.com/fangyuan/4515908598639620,3室2厅|整租|精装修|高层(共26层),已爬取
2754,长丰新城,1182344,https://jh.zu.anjuke.com/fangyuan/4565476140096526,2室2厅|整租|精装修|高层(共30层),已爬取
2755,长丰新城,1182344,https://jh.zu.anjuke.com/fangyuan/4566855558718466,3室2厅|整租|精装修|高层(共25层),已爬取
2756,长丰新城,1182344,https://jh.zu.anjuke.com/fangyuan/4558533696414720,3室2厅|整租|精装修|高层(共26层),已爬取
2757,四季东升苑,711993,https://jh.zu.anjuke.com/fangyuan/4487728937905166,3室2厅|整租|精装修|共5层,已爬取
2758,四季东升苑,711993,https://jh.zu.anjuke.com/fangyuan/4626499812729864,2室2厅|整租|精装修|低层(共6层),已爬取
2759,四季东升苑,711993,https://jh.zu.anjuke.com/fangyuan/4584271247928329,3室2厅|整租|豪华装修|中层(共6层),已爬取
2760,四季东升苑,711993,https://jh.zu.anjuke.com/fangyuan/3562101540806661,1室1厅|整租|精装修|共5层,已爬取
2761,晨丰永利华都二区,1103155,https://jh.zu.anjuke.com/fangyuan/4531865519741961,3室2厅|整租|精装修|共5层,已爬取
2762,晨丰永利华都二区,1103155,https://jh.zu.anjuke.com/fangyuan/4532840698092549,3室2厅|整租|精装修|中层(共7层),已爬取
2763,晨丰永利华都二区,1103155,https://jh.zu.anjuke.com/fangyuan/4625182718960649,3室2厅|整租|精装修|中层(共12层),已爬取
2764,晨丰永利华都二区,1103155,https://jh.zu.anjuke.com/fangyuan/4625183377910794,3室2厅|整租|精装修|高层(共11层),已爬取
2765,晨丰永利华都二区,1103155,https://jh.zu.anjuke.com/fangyuan/4626326404983809,3室2厅|整租|精装修|高层(共10层),已爬取
2766,晨丰永利华都二区,1103155,https://jh.zu.anjuke.com/fangyuan/4538609825555459,3室2厅|整租|精装修|中层(共6层),已爬取
2767,中景小区,863340,https://jh.zu.anjuke.com/fangyuan/4612186254011396,2室2厅|整租|豪华装修|高层(共8层),已爬取
2768,中景小区,863340,https://jh.zu.anjuke.com/fangyuan/4595785072434188,4室2厅|整租|精装修|低层(共6层),已爬取
2769,青山社区一弄,872070,https://jh.zu.anjuke.com/fangyuan/4588048683148291,2室1厅|整租|精装修|共5层,已爬取
2770,青山社区一弄,872070,https://jh.zu.anjuke.com/fangyuan/4562769426914309,2室1厅|整租|精装修|低层(共6层),已爬取
2771,金海岸人家,711986,https://jh.zu.anjuke.com/fangyuan/4596638734361613,3室2厅|整租|精装修|低层(共6层),已爬取
2772,保集广场,864279,https://jh.zu.anjuke.com/fangyuan/4602492188007426,1室0厅|整租|精装修|中层(共10层),已爬取
2773,保集广场,864279,https://jh.zu.anjuke.com/fangyuan/4615260693849101,1室1厅|整租|精装修|中层(共12层),已爬取
2774,保集广场,864279,https://jh.zu.anjuke.com/fangyuan/4471135938223108,1室0厅|整租|精装修|低层(共16层),已爬取
2775,保集广场,864279,https://jh.zu.anjuke.com/fangyuan/4593979150525450,1室1厅|整租|豪华装修|低层(共20层),已爬取
2776,保集广场,864279,https://jh.zu.anjuke.com/fangyuan/4551346536999950,1室1厅|整租|精装修|中层(共10层),已爬取
2777,保集广场,864279,https://jh.zu.anjuke.com/fangyuan/4358814623144963,1室1厅|整租|豪华装修|低层(共15层),已爬取
2778,保集广场,864279,https://jh.zu.anjuke.com/fangyuan/4606890168951821,1室0厅|整租|精装修|低层(共13层),已爬取
2779,保集广场,864279,https://jh.zu.anjuke.com/fangyuan/4517398939753480,1室0厅|整租|精装修|中层(共6层),已爬取
2780,保集广场,864279,https://jh.zu.anjuke.com/fangyuan/4605386093435904,1室0厅|整租|精装修|低层(共14层),已爬取
2781,保集广场,864279,https://jh.zu.anjuke.com/fangyuan/2924724002708484,1室1厅|整租|豪华装修|中层(共10层),已爬取
2782,百盛大厦,712012,https://jh.zu.anjuke.com/fangyuan/4583071654943755,1室1厅|整租|豪华装修|低层(共12层),已爬取
2783,联建小区,712073,https://jh.zu.anjuke.com/fangyuan/4621986874795018,3室2厅|整租|精装修|高层(共7层),已爬取
2784,金龙小区(人民东路),969035,https://jh.zu.anjuke.com/fangyuan/4596734911196163,2室2厅|整租|精装修|中层(共6层),已爬取
2785,金龙小区(人民东路),969035,https://jh.zu.anjuke.com/fangyuan/4548782613570571,3室2厅|整租|精装修|低层(共6层),已爬取
2786,涵碧紫金城B区,1267785,https://jh.zu.anjuke.com/fangyuan/4423837915732998,1室1厅|整租|精装修|中层(共26层),已爬取
2787,涵碧紫金城B区,1267785,https://jh.zu.anjuke.com/fangyuan/4516209801157642,3室2厅|整租|豪华装修|低层(共26层),已爬取
2788,涵碧紫金城B区,1267785,https://jh.zu.anjuke.com/fangyuan/4541801127961604,1室1厅|整租|精装修|中层(共26层),已爬取
2789,涵碧紫金城B区,1267785,https://jh.zu.anjuke.com/fangyuan/4333765182610433,1室1厅|整租|精装修|高层(共26层),已爬取
2790,涵碧紫金城B区,1267785,https://jh.zu.anjuke.com/fangyuan/4550179504020492,2室2厅|整租|精装修|低层(共11层),已爬取
2791,涵碧紫金城B区,1267785,https://jh.zu.anjuke.com/fangyuan/4483910607445001,1室1厅|整租|精装修|中层(共20层),已爬取
2792,涵碧紫金城B区,1267785,https://jh.zu.anjuke.com/fangyuan/4414008409828360,1室0厅|整租|精装修|中层(共27层),已爬取
2793,涵碧紫金城B区,1267785,https://jh.zu.anjuke.com/fangyuan/4609752665889799,1室1厅|整租|精装修|高层(共25层),已爬取
2794,涵碧紫金城B区,1267785,https://jh.zu.anjuke.com/fangyuan/4544139010075659,1室1厅|整租|精装修|中层(共18层),已爬取
2795,涵碧紫金城B区,1267785,https://jh.zu.anjuke.com/fangyuan/4589624720942081,1室1厅|整租|精装修|高层(共25层),已爬取
2796,武阳名筑,712175,https://jh.zu.anjuke.com/fangyuan/4616705332829198,1室1厅|整租|精装修|中层(共7层),已爬取
2797,长城高圳东郡小区,873473,https://jh.zu.anjuke.com/fangyuan/3157261774413826,1室1厅|整租|精装修|中层(共7层),已爬取
2798,长城高圳东郡小区,873473,https://jh.zu.anjuke.com/fangyuan/4516243014069258,3室2厅|整租|精装修|中层(共13层),已爬取
2799,长城高圳东郡小区,873473,https://jh.zu.anjuke.com/fangyuan/4626580983606287,2室1厅|整租|精装修|高层(共10层),已爬取
2800,三联时代广场,1010408,https://jh.zu.anjuke.com/fangyuan/4497654172445703,2室2厅|整租|豪华装修|高层(共10层),已爬取
2801,三联时代广场,1010408,https://jh.zu.anjuke.com/fangyuan/4497729955523591,3室2厅|整租|豪华装修|低层(共28层),已爬取
2802,香滨苑,912063,https://jh.zu.anjuke.com/fangyuan/4536012356381708,2室2厅|整租|精装修|低层(共6层),已爬取
2803,永盛星海花园,863085,https://jh.zu.anjuke.com/fangyuan/4622065068272644,3室2厅|整租|精装修|中层(共6层),已爬取
2804,永盛星海花园,863085,https://jh.zu.anjuke.com/fangyuan/4531805253327873,2室1厅|整租|精装修|中层(共12层),已爬取
2805,永盛星海花园,863085,https://jh.zu.anjuke.com/fangyuan/4621146839507976,3室2厅|整租|精装修|中层(共6层),已爬取
2806,永盛星海花园,863085,https://jh.zu.anjuke.com/fangyuan/4472276139547654,3室2厅|整租|精装修|中层(共6层),已爬取
2807,城市花园,871927,https://jh.zu.anjuke.com/fangyuan/4594003555146752,3室2厅|整租|精装修|共5层,已爬取
2808,城市花园,871927,https://jh.zu.anjuke.com/fangyuan/4595380312431621,3室2厅|整租|精装修|共5层,已爬取
2809,城市花园,871927,https://jh.zu.anjuke.com/fangyuan/4622441368183818,3室2厅|整租|简单装修|共5层,已爬取
2810,城市花园,871927,https://jh.zu.anjuke.com/fangyuan/4612389539458051,4室2厅|整租|精装修|低层(共6层),已爬取
2811,新洲丽晶国际,872102,https://jh.zu.anjuke.com/fangyuan/4595595104478211,3室2厅|整租|精装修|高层(共7层),已爬取
2812,新洲丽晶国际,872102,https://jh.zu.anjuke.com/fangyuan/4626485063363595,2室2厅|整租|精装修|中层(共6层),已爬取
2813,新洲丽晶国际,872102,https://jh.zu.anjuke.com/fangyuan/4506268717687818,2室2厅|整租|精装修|中层(共11层),已爬取
2814,新洲丽晶国际,872102,https://jh.zu.anjuke.com/fangyuan/4625217977082894,2室2厅|整租|精装修|中层(共6层),已爬取
2815,阳光华庭,969223,https://jh.zu.anjuke.com/fangyuan/4477007935073286,3室2厅|整租|精装修|中层(共15层),已爬取
2816,南市小区,863138,https://jh.zu.anjuke.com/fangyuan/4490551000570891,1室1厅|整租|精装修|共5层,已爬取
2817,南市小区,863138,https://jh.zu.anjuke.com/fangyuan/4497799034301448,1室0厅|整租|精装修|共5层,已爬取
2818,南市小区,863138,https://jh.zu.anjuke.com/fangyuan/4497851172645899,1室1厅|整租|精装修|共5层,已爬取
2819,南市小区,863138,https://jh.zu.anjuke.com/fangyuan/4489530276617219,1室1厅|整租|精装修|共3层,已爬取
2820,南市小区,863138,https://jh.zu.anjuke.com/fangyuan/4615301249375239,1室0厅|合租|精装修|中层(共7层),已爬取
2821,永和苑,874790,https://jh.zu.anjuke.com/fangyuan/4624024650619904,3室2厅|整租|精装修|中层(共6层),已爬取
2822,永和苑,874790,https://jh.zu.anjuke.com/fangyuan/4552914337000451,1室0厅|整租|精装修|低层(共15层),已爬取
2823,望江花园,968856,https://jh.zu.anjuke.com/fangyuan/4623884766600196,4室2厅|整租|精装修|高层(共6层),已爬取
2824,望江花园,968856,https://jh.zu.anjuke.com/fangyuan/4592588141779974,3室2厅|整租|精装修|高层(共6层),已爬取
2825,望江花园,968856,https://jh.zu.anjuke.com/fangyuan/4554517106174991,1室0厅|整租|精装修|中层(共20层),已爬取
2826,四世一品大厦,912221,https://jh.zu.anjuke.com/fangyuan/4608190038420495,2室1厅|整租|精装修|中层(共27层),已爬取
2827,四世一品大厦,912221,https://jh.zu.anjuke.com/fangyuan/4625136224920580,2室2厅|整租|精装修|高层(共30层),已爬取
2828,四世一品大厦,912221,https://jh.zu.anjuke.com/fangyuan/4606515604120590,2室2厅|整租|精装修|中层(共29层),已爬取
2829,四世一品大厦,912221,https://jh.zu.anjuke.com/fangyuan/4531345519356938,1室1厅|整租|精装修|低层(共30层),已爬取
2830,四世一品大厦,912221,https://jh.zu.anjuke.com/fangyuan/4538633647221765,2室2厅|整租|精装修|高层(共20层),已爬取
2831,四世一品大厦,912221,https://jh.zu.anjuke.com/fangyuan/4245659823595530,2室2厅|整租|精装修|中层(共20层),已爬取
2832,四世一品大厦,912221,https://jh.zu.anjuke.com/fangyuan/4608195499060231,2室2厅|整租|豪华装修|中层(共27层),已爬取
2833,四世一品大厦,912221,https://jh.zu.anjuke.com/fangyuan/4625134684003340,2室2厅|整租|精装修|高层(共29层),已爬取
2834,四世一品大厦,912221,https://jh.zu.anjuke.com/fangyuan/4560134710404109,2室1厅|整租|精装修|中层(共23层),已爬取
2835,四世一品大厦,912221,https://jh.zu.anjuke.com/fangyuan/4625134237277198,2室2厅|整租|精装修|高层(共28层),已爬取
2836,新世纪大厦,1012094,https://jh.zu.anjuke.com/fangyuan/4631893131914251,1室1厅|整租|精装修|中层(共11层),已爬取
2837,新世纪大厦,1012094,https://jh.zu.anjuke.com/fangyuan/4628074635584517,1室1厅|整租|精装修|中层(共12层),已爬取
2838,新世纪大厦,1012094,https://jh.zu.anjuke.com/fangyuan/4631947306429441,1室1厅|整租|豪华装修|中层(共11层),已爬取
2839,新世纪大厦,1012094,https://jh.zu.anjuke.com/fangyuan/4234539167260687,1室1厅|整租|豪华装修|中层(共10层),已爬取
2840,新世纪大厦,1012094,https://jh.zu.anjuke.com/fangyuan/4575792426902542,1室1厅|整租|豪华装修|低层(共15层),已爬取
2841,新世纪大厦,1012094,https://jh.zu.anjuke.com/fangyuan/4632114903866380,1室1厅|整租|精装修|中层(共11层),已爬取
2842,新世纪大厦,1012094,https://jh.zu.anjuke.com/fangyuan/4632336568036354,1室1厅|整租|精装修|低层(共15层),已爬取
2843,丁香公馆,864312,https://jh.zu.anjuke.com/fangyuan/4620003568671753,1室1厅|整租|精装修|中层(共10层),已爬取
2844,丁香公馆,864312,https://jh.zu.anjuke.com/fangyuan/3336695556268046,1室1厅|整租|精装修|中层(共6层),已爬取
2845,丁香公馆,864312,https://jh.zu.anjuke.com/fangyuan/3618410737115149,1室0厅|整租|精装修|高层(共6层),已爬取
2846,丁香公馆,864312,https://jh.zu.anjuke.com/fangyuan/4514949208153093,3室2厅|整租|精装修|中层(共6层),已爬取
2847,天阳融信云栖江境,1260807,https://jh.zu.anjuke.com/fangyuan/4492265083722766,3室2厅|整租|豪华装修|中层(共20层),已爬取
2848,天阳融信云栖江境,1260807,https://jh.zu.anjuke.com/fangyuan/4265542550904832,2室1厅|整租|豪华装修|中层(共10层),已爬取
2849,金龙小区(景行街),912222,https://jh.zu.anjuke.com/fangyuan/4552932649233422,1室0厅|整租|精装修|中层(共20层),已爬取
2850,金发兴园小区,864353,https://jh.zu.anjuke.com/fangyuan/4556859662773254,1室0厅|整租|精装修|低层(共15层),已爬取
2851,红旗小区,910086,https://jh.zu.anjuke.com/fangyuan/4623678934197256,3室2厅|整租|精装修|中层(共6层),已爬取
2852,红旗小区,910086,https://jh.zu.anjuke.com/fangyuan/4286531633966090,1室1厅|整租|精装修|低层(共6层),已爬取
2853,红旗小区,910086,https://jh.zu.anjuke.com/fangyuan/4610592830006276,4室2厅|整租|精装修|低层(共6层),已爬取
2854,红旗小区,910086,https://jh.zu.anjuke.com/fangyuan/4629758150829069,1室1厅|整租|精装修|低层(共26层),已爬取
2855,红旗小区,910086,https://jh.zu.anjuke.com/fangyuan/4611135185970189,3室2厅|整租|精装修|中层(共6层),已爬取
2856,红旗小区,910086,https://jh.zu.anjuke.com/fangyuan/4288330568936448,1室1厅|整租|精装修|中层(共6层),已爬取
2857,红旗小区,910086,https://jh.zu.anjuke.com/fangyuan/4616426679313410,3室2厅|整租|精装修|中层(共6层),已爬取
2858,红旗小区,910086,https://jh.zu.anjuke.com/fangyuan/4513028641104898,3室2厅|整租|精装修|低层(共6层),已爬取
2859,红旗小区,910086,https://jh.zu.anjuke.com/fangyuan/4610839746716678,3室2厅|整租|精装修|中层(共6层),已爬取
2860,红旗小区,910086,https://jh.zu.anjuke.com/fangyuan/4554497175692302,1室0厅|整租|精装修|中层(共20层),已爬取
2861,祥和大厦,1007030,https://jh.zu.anjuke.com/fangyuan/4579984903367695,3室2厅|整租|精装修|中层(共15层),已爬取
2862,祥和大厦,1007030,https://jh.zu.anjuke.com/fangyuan/4539965109822476,3室2厅|整租|精装修|低层(共15层),已爬取
2863,东岘新村,873454,https://jh.zu.anjuke.com/fangyuan/4506781991083023,1室0厅|整租|豪华装修|中层(共7层),已爬取
2864,东岘新村,873454,https://jh.zu.anjuke.com/fangyuan/4597172768205825,4室2厅|整租|简单装修|共3层,已爬取
2865,东岘新村,873454,https://jh.zu.anjuke.com/fangyuan/4494841345960970,2室1厅|整租|简单装修|共5层,已爬取
2866,浦阳壹号(公寓住宅),1053167,https://jh.zu.anjuke.com/fangyuan/4572671232580616,3室2厅|整租|精装修|中层(共13层),已爬取
2867,雅苑,969384,https://jh.zu.anjuke.com/fangyuan/4625302122144770,3室2厅|整租|精装修|高层(共6层),已爬取
2868,雅苑,969384,https://jh.zu.anjuke.com/fangyuan/3839254473154563,1室1厅|整租|精装修|低层(共6层),已爬取
2869,雅苑,969384,https://jh.zu.anjuke.com/fangyuan/3896568190346249,1室1厅|整租|精装修|中层(共6层),已爬取
2870,雅苑,969384,https://jh.zu.anjuke.com/fangyuan/3699498046188557,1室0厅|整租|豪华装修|高层(共6层),已爬取
2871,雅苑,969384,https://jh.zu.anjuke.com/fangyuan/4494717117293568,4室2厅|整租|豪华装修|中层(共6层),已爬取
2872,雅苑,969384,https://jh.zu.anjuke.com/fangyuan/4374586429139976,1室0厅|整租|精装修|中层(共6层),已爬取
2873,雅苑,969384,https://jh.zu.anjuke.com/fangyuan/2934825872204807,1室0厅|整租|精装修|低层(共6层),已爬取
2874,雅苑,969384,https://jh.zu.anjuke.com/fangyuan/3192292365279233,1室1厅|整租|精装修|中层(共6层),已爬取
2875,雅苑,969384,https://jh.zu.anjuke.com/fangyuan/4540154662677509,1室0厅|整租|豪华装修|低层(共6层),已爬取
2876,雅苑,969384,https://jh.zu.anjuke.com/fangyuan/4578206313077771,2室2厅|整租|精装修|共5层,已爬取
2877,金报公寓,863287,https://jh.zu.anjuke.com/fangyuan/4296635413897223,3室2厅|整租|精装修|低层(共6层),已爬取
2878,金报公寓,863287,https://jh.zu.anjuke.com/fangyuan/4608449303063554,3室2厅|整租|精装修|低层(共6层),已爬取
2879,金报公寓,863287,https://jh.zu.anjuke.com/fangyuan/4609698921458692,3室2厅|整租|精装修|低层(共6层),已爬取
2880,金报公寓,863287,https://jh.zu.anjuke.com/fangyuan/4355541311528972,1室1厅|整租|精装修|低层(共7层),已爬取
2881,金海湖佳苑,911434,https://jh.zu.anjuke.com/fangyuan/4608202247105541,3室2厅|整租|豪华装修|中层(共6层),已爬取
2882,金海湖佳苑,911434,https://jh.zu.anjuke.com/fangyuan/4572739468618761,3室2厅|整租|精装修|低层(共6层),已爬取
2883,金海湖佳苑,911434,https://jh.zu.anjuke.com/fangyuan/4498888693312522,3室2厅|整租|精装修|中层(共6层),已爬取
2884,金海湖佳苑,911434,https://jh.zu.anjuke.com/fangyuan/4111668774607880,3室2厅|整租|豪华装修|低层(共6层),已爬取
2885,金都花园,874068,https://jh.zu.anjuke.com/fangyuan/4520303532104716,3室2厅|整租|精装修|低层(共6层),已爬取
2886,"松石西路340,386,430弄小区",1307929,https://jh.zu.anjuke.com/fangyuan/4302710890618887,1室1厅|整租|豪华装修|中层(共6层),已爬取
2887,"松石西路340,386,430弄小区",1307929,https://jh.zu.anjuke.com/fangyuan/3024606397063170,1室1厅|整租|精装修|中层(共6层),已爬取
2888,"松石西路340,386,430弄小区",1307929,https://jh.zu.anjuke.com/fangyuan/4249169087029255,1室1厅|整租|豪华装修|中层(共6层),已爬取
2889,"松石西路340,386,430弄小区",1307929,https://jh.zu.anjuke.com/fangyuan/4530899356969998,1室0厅|整租|豪华装修|低层(共16层),已爬取
2890,"松石西路340,386,430弄小区",1307929,https://jh.zu.anjuke.com/fangyuan/4626968646933513,2室1厅|整租|简单装修|共5层,已爬取
2891,"松石西路340,386,430弄小区",1307929,https://jh.zu.anjuke.com/fangyuan/4469946441460751,2室1厅|整租|豪华装修|中层(共22层),已爬取
2892,"松石西路340,386,430弄小区",1307929,https://jh.zu.anjuke.com/fangyuan/3622588744522760,1室1厅|整租|豪华装修|中层(共7层),已爬取
2893,"松石西路340,386,430弄小区",1307929,https://jh.zu.anjuke.com/fangyuan/3069099465121807,1室1厅|整租|豪华装修|共5层,已爬取
2894,"松石西路340,386,430弄小区",1307929,https://jh.zu.anjuke.com/fangyuan/4578922299137037,1室1厅|整租|精装修|低层(共6层),已爬取
2895,"松石西路340,386,430弄小区",1307929,https://jh.zu.anjuke.com/fangyuan/4483916972928013,1室0厅|整租|精装修|中层(共15层),已爬取
2896,鸿泰豪苑,872021,https://jh.zu.anjuke.com/fangyuan/4561161039158287,1室1厅|合租|精装修|低层(共6层),已爬取
2897,鸿泰豪苑,872021,https://jh.zu.anjuke.com/fangyuan/4601048415788033,3室2厅|整租|精装修|高层(共7层),已爬取
2898,金玉广场小区,873385,https://jh.zu.anjuke.com/fangyuan/4622078967536643,4室2厅|整租|精装修|高层(共28层),已爬取
2899,金玉广场小区,873385,https://jh.zu.anjuke.com/fangyuan/4480470781959169,3室2厅|整租|简单装修|高层(共29层),已爬取
2900,金玉广场小区,873385,https://jh.zu.anjuke.com/fangyuan/4344821707693069,4室2厅|整租|精装修|中层(共26层),已爬取
2901,金玉广场小区,873385,https://jh.zu.anjuke.com/fangyuan/4487664912407558,3室2厅|整租|简单装修|低层(共28层),已爬取
2902,金玉广场小区,873385,https://jh.zu.anjuke.com/fangyuan/4577180664472587,3室2厅|整租|精装修|低层(共8层),已爬取
2903,白云锦园,868173,https://jh.zu.anjuke.com/fangyuan/4127204921351176,1室1厅|整租|豪华装修|共5层,已爬取
2904,白云锦园,868173,https://jh.zu.anjuke.com/fangyuan/4386058905197568,1室0厅|整租|精装修|中层(共7层),已爬取
2905,白云锦园,868173,https://jh.zu.anjuke.com/fangyuan/4503352465728518,3室2厅|整租|简单装修|低层(共12层),已爬取
2906,白云锦园,868173,https://jh.zu.anjuke.com/fangyuan/4035322117431300,1室1厅|合租|精装修|共5层,已爬取
2907,九龙公馆,969483,https://jh.zu.anjuke.com/fangyuan/4631483891129351,3室2厅|整租|豪华装修|低层(共32层),已爬取
2908,九龙公馆,969483,https://jh.zu.anjuke.com/fangyuan/4517334124043271,3室2厅|整租|精装修|高层(共30层),已爬取
2909,九龙公馆,969483,https://jh.zu.anjuke.com/fangyuan/4627649720130572,3室2厅|整租|精装修|中层(共31层),已爬取
2910,九龙公馆,969483,https://jh.zu.anjuke.com/fangyuan/4470667337427973,3室2厅|整租|精装修|低层(共29层),已爬取
2911,九龙公馆,969483,https://jh.zu.anjuke.com/fangyuan/4623369724814348,3室2厅|整租|精装修|高层(共29层),已爬取
2912,九龙公馆,969483,https://jh.zu.anjuke.com/fangyuan/4625305022981124,3室2厅|整租|精装修|高层(共28层),已爬取
2913,九龙公馆,969483,https://jh.zu.anjuke.com/fangyuan/4626261401398287,3室2厅|整租|精装修|高层(共28层),已爬取
2914,九龙公馆,969483,https://jh.zu.anjuke.com/fangyuan/4632308634049539,3室2厅|整租|精装修|高层(共28层),已爬取
2915,东茗苑,872804,https://jh.zu.anjuke.com/fangyuan/4535812587281409,1室1厅|整租|精装修|低层(共19层),已爬取
2916,东茗苑,872804,https://jh.zu.anjuke.com/fangyuan/4416862221212683,2室1厅|整租|精装修|高层(共7层),已爬取
2917,东茗苑,872804,https://jh.zu.anjuke.com/fangyuan/4480738151080970,3室2厅|整租|精装修|低层(共10层),已爬取
2918,东茗苑,872804,https://jh.zu.anjuke.com/fangyuan/3969913349565440,1室1厅|整租|精装修|高层(共7层),已爬取
2919,东茗苑,872804,https://jh.zu.anjuke.com/fangyuan/4528823119242241,1室1厅|整租|精装修|中层(共6层),已爬取
2920,东茗苑,872804,https://jh.zu.anjuke.com/fangyuan/4564656741983241,1室1厅|整租|精装修|中层(共8层),已爬取
2921,天工今日家园,871932,https://jh.zu.anjuke.com/fangyuan/4036647097003012,2室2厅|整租|精装修|低层(共16层),已爬取
2922,天工今日家园,871932,https://jh.zu.anjuke.com/fangyuan/4570101498272772,2室2厅|整租|精装修|低层(共13层),已爬取
2923,天工今日家园,871932,https://jh.zu.anjuke.com/fangyuan/4590887851518981,2室2厅|整租|精装修|低层(共28层),已爬取
2924,天工今日家园,871932,https://jh.zu.anjuke.com/fangyuan/4222794648480777,4室2厅|整租|精装修|共5层,已爬取
2925,天工今日家园,871932,https://jh.zu.anjuke.com/fangyuan/4497921002122241,1室1厅|整租|精装修|低层(共6层),已爬取
2926,黄金海岸,871962,https://jh.zu.anjuke.com/fangyuan/4337878387678211,3室2厅|整租|精装修|中层(共26层),已爬取
2927,黄金海岸,871962,https://jh.zu.anjuke.com/fangyuan/4208699544067082,3室2厅|整租|精装修|高层(共17层),已爬取
2928,优诗美地,874789,https://jh.zu.anjuke.com/fangyuan/4533171307142159,3室2厅|整租|精装修|中层(共26层),已爬取
2929,江东庭院东区,864630,https://jh.zu.anjuke.com/fangyuan/4609710366336005,1室0厅|整租|精装修|低层(共15层),已爬取
2930,江东庭院东区,864630,https://jh.zu.anjuke.com/fangyuan/4491969455397888,1室0厅|整租|精装修|低层(共20层),已爬取
2931,江东庭院东区,864630,https://jh.zu.anjuke.com/fangyuan/4594467576849413,1室0厅|整租|精装修|低层(共8层),已爬取
2932,江东庭院东区,864630,https://jh.zu.anjuke.com/fangyuan/4586999919092738,1室0厅|整租|精装修|低层(共8层),已爬取
2933,南辉苑,1304771,https://jh.zu.anjuke.com/fangyuan/4474660301511688,2室1厅|整租|精装修|共4层,已爬取
2934,恒大文化楼,968816,https://jh.zu.anjuke.com/fangyuan/4311019783086084,1室1厅|整租|精装修|中层(共22层),已爬取
2935,恒大文化楼,968816,https://jh.zu.anjuke.com/fangyuan/4567176591991808,1室1厅|整租|精装修|高层(共30层),已爬取
2936,恒大文化楼,968816,https://jh.zu.anjuke.com/fangyuan/4524670520304653,1室0厅|整租|精装修|低层(共24层),已爬取
2937,恒大文化楼,968816,https://jh.zu.anjuke.com/fangyuan/4567185638874115,1室1厅|整租|精装修|中层(共30层),已爬取
2938,恒大文化楼,968816,https://jh.zu.anjuke.com/fangyuan/4316608405957641,1室0厅|整租|精装修|中层(共29层),已爬取
2939,恒大文化楼,968816,https://jh.zu.anjuke.com/fangyuan/3979696306805766,1室1厅|整租|精装修|高层(共11层),已爬取
2940,恒大文化楼,968816,https://jh.zu.anjuke.com/fangyuan/4575909211171841,1室1厅|整租|精装修|高层(共28层),已爬取
2941,恒大文化楼,968816,https://jh.zu.anjuke.com/fangyuan/4181766551804936,1室1厅|整租|精装修|高层(共10层),已爬取
2942,恒大文化楼,968816,https://jh.zu.anjuke.com/fangyuan/4554386661942273,1室1厅|整租|精装修|中层(共26层),已爬取
2943,恒大文化楼,968816,https://jh.zu.anjuke.com/fangyuan/4561362497317888,1室1厅|整租|精装修|中层(共27层),已爬取
2944,欧景公寓,969106,https://jh.zu.anjuke.com/fangyuan/4616654078630914,3室2厅|整租|精装修|共3层,已爬取
2945,横店南江府,1411136,https://jh.zu.anjuke.com/fangyuan/4630824316134412,3室2厅|整租|精装修|低层(共24层),已爬取
2946,横店南江府,1411136,https://jh.zu.anjuke.com/fangyuan/4630821903019008,3室2厅|整租|豪华装修|中层(共15层),已爬取
2947,横店南江府,1411136,https://jh.zu.anjuke.com/fangyuan/4575585222810627,4室2厅|整租|豪华装修|高层(共17层),已爬取
2948,横店南江府,1411136,https://jh.zu.anjuke.com/fangyuan/4626521148779520,3室2厅|整租|精装修|高层(共25层),已爬取
2949,横店南江府,1411136,https://jh.zu.anjuke.com/fangyuan/4588729616000004,3室2厅|整租|精装修|中层(共24层),已爬取
2950,横店南江府,1411136,https://jh.zu.anjuke.com/fangyuan/4579860947526661,3室2厅|整租|豪华装修|高层(共20层),已爬取
2951,横店南江府,1411136,https://jh.zu.anjuke.com/fangyuan/4604043350600711,3室2厅|整租|精装修|高层(共25层),已爬取
2952,横店南江府,1411136,https://jh.zu.anjuke.com/fangyuan/4631897800514560,3室2厅|整租|精装修|高层(共25层),已爬取
2953,横店南江府,1411136,https://jh.zu.anjuke.com/fangyuan/4591191733296130,3室2厅|整租|精装修|高层(共18层),已爬取
2954,横店南江府,1411136,https://jh.zu.anjuke.com/fangyuan/4613939378643969,3室2厅|整租|精装修|高层(共25层),已爬取
2955,云帆花园,873448,https://jh.zu.anjuke.com/fangyuan/4608283176510465,3室2厅|整租|精装修|高层(共18层),已爬取
2956,金湖雅苑,1371141,https://jh.zu.anjuke.com/fangyuan/4502097874295810,3室2厅|整租|精装修|低层(共11层),已爬取
2957,金湖雅苑,1371141,https://jh.zu.anjuke.com/fangyuan/4548443019422725,3室2厅|整租|精装修|高层(共20层),已爬取
2958,金湖雅苑,1371141,https://jh.zu.anjuke.com/fangyuan/4507909132706824,3室2厅|整租|精装修|高层(共25层),已爬取
2959,金湖雅苑,1371141,https://jh.zu.anjuke.com/fangyuan/4630867245423630,3室2厅|整租|精装修|高层(共18层),已爬取
2960,金湖雅苑,1371141,https://jh.zu.anjuke.com/fangyuan/4499116213214217,3室2厅|整租|豪华装修|高层(共21层),已爬取
2961,金湖雅苑,1371141,https://jh.zu.anjuke.com/fangyuan/4618033297415180,3室2厅|整租|精装修|高层(共27层),已爬取
2962,金湖雅苑,1371141,https://jh.zu.anjuke.com/fangyuan/4508935466329093,3室2厅|整租|豪华装修|高层(共18层),已爬取
2963,金湖雅苑,1371141,https://jh.zu.anjuke.com/fangyuan/4502037282679820,3室2厅|整租|精装修|高层(共18层),已爬取
2964,金湖雅苑,1371141,https://jh.zu.anjuke.com/fangyuan/4533059891960846,3室2厅|整租|精装修|高层(共21层),已爬取
2965,金湖雅苑,1371141,https://jh.zu.anjuke.com/fangyuan/4172217489939456,3室2厅|整租|简单装修|高层(共15层),已爬取
2966,左岸枫情,969395,https://jh.zu.anjuke.com/fangyuan/3903228229624840,1室1厅|整租|豪华装修|中层(共25层),已爬取
2967,默相苑,872068,https://jh.zu.anjuke.com/fangyuan/4190760760859653,2室2厅|整租|精装修|中层(共7层),已爬取
2968,锦巷花园,911347,https://jh.zu.anjuke.com/fangyuan/4523327713698819,3室2厅|整租|精装修|低层(共6层),已爬取
2969,锦巷花园,911347,https://jh.zu.anjuke.com/fangyuan/4554146438568964,3室1厅|整租|豪华装修|高层(共6层),已爬取
2970,印染小区,863778,https://jh.zu.anjuke.com/fangyuan/4595223261832196,2室1厅|整租|精装修|共5层,已爬取
2971,鸿泰嘉苑,916296,https://jh.zu.anjuke.com/fangyuan/4610755638225934,3室2厅|整租|精装修|高层(共6层),已爬取
2972,鸿泰嘉苑,916296,https://jh.zu.anjuke.com/fangyuan/4613832857820172,3室2厅|整租|精装修|高层(共6层),已爬取
2973,黄湓新居(一期),1223508,https://jh.zu.anjuke.com/fangyuan/4064749161749505,3室2厅|整租|精装修|高层(共9层),已爬取
2974,华厦小区,864298,https://jh.zu.anjuke.com/fangyuan/4576694955256834,4室1厅|整租|精装修|中层(共6层),已爬取
2975,华厦小区,864298,https://jh.zu.anjuke.com/fangyuan/4548772930350090,2室2厅|整租|精装修|低层(共6层),已爬取
2976,华厦小区,864298,https://jh.zu.anjuke.com/fangyuan/4626370189958154,3室2厅|整租|精装修|高层(共7层),已爬取
2977,华厦小区,864298,https://jh.zu.anjuke.com/fangyuan/4548795953634316,2室2厅|整租|精装修|中层(共6层),已爬取
2978,三联银座,871385,https://jh.zu.anjuke.com/fangyuan/4582861671259138,3室2厅|整租|豪华装修|中层(共15层),已爬取
2979,三联银座,871385,https://jh.zu.anjuke.com/fangyuan/3973118768819205,2室2厅|整租|精装修|中层(共10层),已爬取
2980,三联银座,871385,https://jh.zu.anjuke.com/fangyuan/4615236406567936,2室2厅|整租|豪华装修|中层(共15层),已爬取
2981,三联银座,871385,https://jh.zu.anjuke.com/fangyuan/4438220234925062,1室1厅|整租|精装修|中层(共10层),已爬取
2982,三联银座,871385,https://jh.zu.anjuke.com/fangyuan/4629162005781512,1室0厅|整租|精装修|中层(共11层),已爬取
2983,三联银座,871385,https://jh.zu.anjuke.com/fangyuan/4584023352843274,2室1厅|整租|精装修|中层(共17层),已爬取
2984,三联银座,871385,https://jh.zu.anjuke.com/fangyuan/4567209010766856,1室1厅|整租|豪华装修|中层(共11层),已爬取
2985,三联银座,871385,https://jh.zu.anjuke.com/fangyuan/4412917796398085,1室1厅|整租|精装修|高层(共11层),已爬取
2986,三联银座,871385,https://jh.zu.anjuke.com/fangyuan/3982431896707074,2室1厅|整租|精装修|中层(共11层),已爬取
2987,三联银座,871385,https://jh.zu.anjuke.com/fangyuan/4609349593492487,1室1厅|整租|精装修|中层(共11层),已爬取
2988,公元诚品澜园,1429147,https://jh.zu.anjuke.com/fangyuan/4532980020341765,3室2厅|整租|简单装修|低层(共16层),已爬取
2989,公元诚品澜园,1429147,https://jh.zu.anjuke.com/fangyuan/4531686513714183,3室2厅|整租|精装修|低层(共16层),已爬取
2990,公元诚品澜园,1429147,https://jh.zu.anjuke.com/fangyuan/4307974720760844,3室2厅|整租|精装修|中层(共12层),已爬取
2991,公元诚品澜园,1429147,https://jh.zu.anjuke.com/fangyuan/4598294828098575,3室2厅|整租|精装修|低层(共16层),已爬取
2992,公元诚品澜园,1429147,https://jh.zu.anjuke.com/fangyuan/4616536659876865,3室2厅|整租|精装修|高层(共15层),已爬取
2993,公元诚品澜园,1429147,https://jh.zu.anjuke.com/fangyuan/4578617053830152,3室2厅|整租|精装修|低层(共16层),已爬取
2994,公元诚品澜园,1429147,https://jh.zu.anjuke.com/fangyuan/4541618373075972,3室2厅|整租|精装修|低层(共17层),已爬取
2995,公元诚品澜园,1429147,https://jh.zu.anjuke.com/fangyuan/4623541301732359,3室2厅|整租|精装修|低层(共17层),已爬取
2996,公元诚品澜园,1429147,https://jh.zu.anjuke.com/fangyuan/4623540320054283,3室2厅|整租|精装修|低层(共16层),已爬取
2997,公元诚品澜园,1429147,https://jh.zu.anjuke.com/fangyuan/4616430190928908,3室2厅|整租|豪华装修|低层(共11层),已爬取
2998,时代雅居(北区),868168,https://jh.zu.anjuke.com/fangyuan/4183580668013577,1室1厅|整租|精装修|高层(共7层),已爬取
2999,时代雅居(北区),868168,https://jh.zu.anjuke.com/fangyuan/4480602180230156,3室2厅|整租|精装修|中层(共26层),已爬取
3000,时代雅居(北区),868168,https://jh.zu.anjuke.com/fangyuan/4622594436686851,3室2厅|整租|精装修|中层(共27层),已爬取
3001,时代雅居(北区),868168,https://jh.zu.anjuke.com/fangyuan/4629378298309634,3室2厅|整租|精装修|高层(共26层),已爬取
3002,时代雅居(北区),868168,https://jh.zu.anjuke.com/fangyuan/4526405435567118,3室2厅|整租|精装修|低层(共25层),已爬取
3003,时代雅居(北区),868168,https://jh.zu.anjuke.com/fangyuan/4390145953868815,3室2厅|整租|精装修|高层(共27层),已爬取
3004,时代雅居(北区),868168,https://jh.zu.anjuke.com/fangyuan/4476581324975115,3室2厅|整租|精装修|中层(共27层),已爬取
3005,时代雅居(北区),868168,https://jh.zu.anjuke.com/fangyuan/3130157253073934,2室2厅|整租|精装修|中层(共29层),已爬取
3006,时代雅居(北区),868168,https://jh.zu.anjuke.com/fangyuan/4144041156275213,1室1厅|整租|精装修|共5层,已爬取
3007,时代雅居(北区),868168,https://jh.zu.anjuke.com/fangyuan/4193849916989445,1室1厅|整租|精装修|共5层,已爬取
3008,水印时代金座(西区),871940,https://jh.zu.anjuke.com/fangyuan/4480488159306763,3室2厅|整租|精装修|高层(共17层),已爬取
3009,水印时代金座(西区),871940,https://jh.zu.anjuke.com/fangyuan/4472097430547470,3室2厅|整租|精装修|中层(共26层),已爬取
3010,桂花城,863037,https://jh.zu.anjuke.com/fangyuan/4493563472206852,2室2厅|整租|精装修|高层(共6层),已爬取
3011,桂花城,863037,https://jh.zu.anjuke.com/fangyuan/4594051384237061,2室1厅|整租|精装修|中层(共6层),已爬取
3012,桂花城,863037,https://jh.zu.anjuke.com/fangyuan/4488948376937487,1室1厅|整租|精装修|中层(共12层),已爬取
3013,桂花城,863037,https://jh.zu.anjuke.com/fangyuan/4633673805212676,1室1厅|整租|豪华装修|中层(共11层),已爬取
3014,桂花城,863037,https://jh.zu.anjuke.com/fangyuan/4633628632439813,1室1厅|整租|精装修|低层(共19层),已爬取
3015,桂花城,863037,https://jh.zu.anjuke.com/fangyuan/4633539329631235,1室1厅|整租|精装修|低层(共19层),已爬取
3016,桂花城,863037,https://jh.zu.anjuke.com/fangyuan/4574029314139147,1室0厅|整租|精装修|中层(共6层),已爬取
3017,桂花城,863037,https://jh.zu.anjuke.com/fangyuan/4588256968664074,2室2厅|整租|精装修|中层(共6层),已爬取
3018,桂花城,863037,https://jh.zu.anjuke.com/fangyuan/4585324185414657,1室1厅|整租|精装修|中层(共12层),已爬取
3019,桂花城,863037,https://jh.zu.anjuke.com/fangyuan/4619469992533002,1室1厅|整租|精装修|低层(共18层),已爬取
3020,溪心壹号,1011295,https://jh.zu.anjuke.com/fangyuan/4630624815344644,3室2厅|整租|精装修|高层(共18层),已爬取
3021,溪心壹号,1011295,https://jh.zu.anjuke.com/fangyuan/4630622810369033,3室1厅|整租|豪华装修|中层(共20层),已爬取
3022,溪心壹号,1011295,https://jh.zu.anjuke.com/fangyuan/4613673106283532,3室2厅|整租|豪华装修|中层(共21层),已爬取
3023,溪心壹号,1011295,https://jh.zu.anjuke.com/fangyuan/4630625434330125,3室2厅|整租|精装修|高层(共19层),已爬取
3024,溪心壹号,1011295,https://jh.zu.anjuke.com/fangyuan/4613746698380299,3室2厅|整租|豪华装修|高层(共19层),已爬取
3025,溪心壹号,1011295,https://jh.zu.anjuke.com/fangyuan/4612645407529989,3室2厅|整租|精装修|高层(共17层),已爬取
3026,溪心壹号,1011295,https://jh.zu.anjuke.com/fangyuan/4615153321176068,3室2厅|整租|精装修|中层(共22层),已爬取
3027,溪心壹号,1011295,https://jh.zu.anjuke.com/fangyuan/4613867269610501,3室2厅|整租|豪华装修|高层(共16层),已爬取
3028,溪心壹号,1011295,https://jh.zu.anjuke.com/fangyuan/4624913422167053,2室1厅|整租|豪华装修|低层(共8层),已爬取
3029,溪心壹号,1011295,https://jh.zu.anjuke.com/fangyuan/4619243886881793,2室1厅|整租|豪华装修|高层(共8层),已爬取
3030,柳西苑,911630,https://jh.zu.anjuke.com/fangyuan/4222888848760844,4室2厅|整租|精装修|中层(共6层),已爬取
3031,丽都花园,863277,https://jh.zu.anjuke.com/fangyuan/4565696983149568,3室2厅|整租|精装修|低层(共6层),已爬取
3032,星耀望江阁小区,873401,https://jh.zu.anjuke.com/fangyuan/4630626245944328,3室2厅|整租|精装修|中层(共17层),已爬取
3033,学士华府,969383,https://jh.zu.anjuke.com/fangyuan/4506414536006669,1室1厅|整租|豪华装修|中层(共6层),已爬取
3034,学士华府,969383,https://jh.zu.anjuke.com/fangyuan/4558293598280716,1室1厅|整租|豪华装修|高层(共6层),已爬取
3035,学士华府,969383,https://jh.zu.anjuke.com/fangyuan/4506409376277515,1室0厅|整租|豪华装修|中层(共6层),已爬取
3036,学士华府,969383,https://jh.zu.anjuke.com/fangyuan/4623854312696843,1室0厅|整租|精装修|中层(共6层),已爬取
3037,学士华府,969383,https://jh.zu.anjuke.com/fangyuan/4506404259044352,2室1厅|整租|豪华装修|中层(共6层),已爬取
3038,学士华府,969383,https://jh.zu.anjuke.com/fangyuan/4506423029193733,1室0厅|整租|豪华装修|低层(共6层),已爬取
3039,学士华府,969383,https://jh.zu.anjuke.com/fangyuan/4592483339133958,3室2厅|整租|精装修|中层(共31层),已爬取
3040,西华广场,863132,https://jh.zu.anjuke.com/fangyuan/4595211192474639,3室2厅|整租|精装修|高层(共7层),已爬取
3041,常青小区,910720,https://jh.zu.anjuke.com/fangyuan/4598349082602503,2室2厅|整租|精装修|中层(共6层),已爬取
3042,常青小区,910720,https://jh.zu.anjuke.com/fangyuan/4479310100671496,2室1厅|整租|豪华装修|低层(共6层),已爬取
3043,八一北街489-507号小区,1015110,https://jh.zu.anjuke.com/fangyuan/4596779311148032,2室1厅|整租|精装修|高层(共8层),已爬取
3044,八一北街489-507号小区,1015110,https://jh.zu.anjuke.com/fangyuan/4596912931496971,2室1厅|整租|精装修|高层(共8层),已爬取
3045,八一北街489-507号小区,1015110,https://jh.zu.anjuke.com/fangyuan/4596814499507208,1室1厅|整租|精装修|高层(共8层),已爬取
3046,八一北街489-507号小区,1015110,https://jh.zu.anjuke.com/fangyuan/4596960103998465,1室1厅|整租|精装修|高层(共8层),已爬取
3047,八一北街489-507号小区,1015110,https://jh.zu.anjuke.com/fangyuan/4601173081842693,1室0厅|整租|精装修|中层(共12层),已爬取
3048,八一北街489-507号小区,1015110,https://jh.zu.anjuke.com/fangyuan/4596938299567109,1室1厅|整租|精装修|高层(共8层),已爬取
3049,八一北街489-507号小区,1015110,https://jh.zu.anjuke.com/fangyuan/4601170996831237,1室0厅|整租|精装修|中层(共12层),已爬取
3050,八一北街489-507号小区,1015110,https://jh.zu.anjuke.com/fangyuan/4597834730415118,1室0厅|整租|精装修|高层(共6层),已爬取
3051,八一北街489-507号小区,1015110,https://jh.zu.anjuke.com/fangyuan/4601184911025157,1室0厅|整租|精装修|中层(共12层),已爬取
3052,八一北街489-507号小区,1015110,https://jh.zu.anjuke.com/fangyuan/4598212669942798,1室1厅|整租|精装修|高层(共8层),已爬取
3053,武义玫瑰园,1012102,https://jh.zu.anjuke.com/fangyuan/4624793702509582,1室1厅|整租|精装修|高层(共11层),已爬取
3054,胜利街582号小区,926083,https://jh.zu.anjuke.com/fangyuan/3981029461994506,2室1厅|整租|精装修|中层(共6层),已爬取
3055,胜利街582号小区,926083,https://jh.zu.anjuke.com/fangyuan/4574555887657999,1室1厅|整租|精装修|共5层,已爬取
3056,兰荫村(溪西五区),1026305,https://jh.zu.anjuke.com/fangyuan/4568698360290315,2室1厅|整租|精装修|共5层,已爬取
3057,兰荫村(溪西五区),1026305,https://jh.zu.anjuke.com/fangyuan/4483384951581709,2室1厅|整租|简单装修|共5层,已爬取
3058,金发盈丰轩,863164,https://jh.zu.anjuke.com/fangyuan/4534518263129090,3室2厅|整租|精装修|中层(共15层),已爬取
3059,金发盈丰轩,863164,https://jh.zu.anjuke.com/fangyuan/4622165252811777,1室1厅|整租|精装修|共5层,已爬取
3060,金发盈丰轩,863164,https://jh.zu.anjuke.com/fangyuan/4382939073616906,3室2厅|整租|精装修|中层(共14层),已爬取
3061,金发盈丰轩,863164,https://jh.zu.anjuke.com/fangyuan/4567010623249416,3室2厅|整租|精装修|中层(共19层),已爬取
3062,金发盈丰轩,863164,https://jh.zu.anjuke.com/fangyuan/4600930422135811,1室1厅|整租|精装修|中层(共21层),已爬取
3063,林业部华东规划院,968835,https://jh.zu.anjuke.com/fangyuan/4619535599854596,3室2厅|整租|精装修|低层(共6层),已爬取
3064,华新小区,863165,https://jh.zu.anjuke.com/fangyuan/4632478011073550,4室2厅|整租|精装修|高层(共6层),已爬取
3065,华新小区,863165,https://jh.zu.anjuke.com/fangyuan/4602439030793218,3室2厅|整租|精装修|低层(共6层),已爬取
3066,吕嘉国际,1103011,https://jh.zu.anjuke.com/fangyuan/4547391994831881,2室1厅|整租|精装修|中层(共29层),已爬取
3067,时代雅居(南区),1103004,https://jh.zu.anjuke.com/fangyuan/4493673655790607,1室1厅|整租|精装修|低层(共18层),已爬取
3068,时代雅居(南区),1103004,https://jh.zu.anjuke.com/fangyuan/4073157499133960,1室1厅|整租|精装修|中层(共9层),已爬取
3069,时代雅居(南区),1103004,https://jh.zu.anjuke.com/fangyuan/4586947074335752,3室2厅|整租|简单装修|低层(共27层),已爬取
3070,兰湖小区,968832,https://jh.zu.anjuke.com/fangyuan/4537233591802880,2室2厅|整租|简单装修|中层(共6层),已爬取
3071,兰湖小区,968832,https://jh.zu.anjuke.com/fangyuan/4364366061969422,3室2厅|整租|简单装修|中层(共8层),已爬取
3072,明月花园,910109,https://jh.zu.anjuke.com/fangyuan/4575504351812611,3室2厅|整租|精装修|中层(共6层),已爬取
3073,明月花园,910109,https://jh.zu.anjuke.com/fangyuan/4620765006486539,2室1厅|整租|精装修|中层(共6层),已爬取
3074,丽都豪苑,1223604,https://jh.zu.anjuke.com/fangyuan/4541750631869446,3室3厅|整租|精装修|中层(共18层),已爬取
3075,丽都豪苑,1223604,https://jh.zu.anjuke.com/fangyuan/4541391266866179,4室2厅|整租|豪华装修|中层(共12层),已爬取
3076,申华大厦,1008063,https://jh.zu.anjuke.com/fangyuan/4575607617627151,1室1厅|整租|精装修|高层(共28层),已爬取
3077,申华大厦,1008063,https://jh.zu.anjuke.com/fangyuan/4564370002058245,1室1厅|整租|豪华装修|高层(共30层),已爬取
3078,申华大厦,1008063,https://jh.zu.anjuke.com/fangyuan/4271793785036806,1室1厅|整租|豪华装修|高层(共23层),已爬取
3079,申华大厦,1008063,https://jh.zu.anjuke.com/fangyuan/4523341966367753,1室1厅|整租|精装修|中层(共30层),已爬取
3080,申华大厦,1008063,https://jh.zu.anjuke.com/fangyuan/4631921968442381,1室1厅|整租|豪华装修|高层(共30层),已爬取
3081,申华大厦,1008063,https://jh.zu.anjuke.com/fangyuan/4553052473615364,2室1厅|整租|豪华装修|高层(共28层),已爬取
3082,申华大厦,1008063,https://jh.zu.anjuke.com/fangyuan/4615026648785922,1室1厅|整租|精装修|低层(共31层),已爬取
3083,申华大厦,1008063,https://jh.zu.anjuke.com/fangyuan/4618652972047370,1室1厅|整租|精装修|中层(共10层),已爬取
3084,申华大厦,1008063,https://jh.zu.anjuke.com/fangyuan/4630809981543427,1室1厅|整租|精装修|中层(共28层),已爬取
3085,申华大厦,1008063,https://jh.zu.anjuke.com/fangyuan/4613589719723013,2室2厅|整租|豪华装修|高层(共31层),已爬取
3086,新光希宝广场,868170,https://jh.zu.anjuke.com/fangyuan/4480479891301379,3室2厅|整租|精装修|中层(共22层),已爬取
3087,新光希宝广场,868170,https://jh.zu.anjuke.com/fangyuan/4608188441568256,3室2厅|整租|精装修|中层(共31层),已爬取
3088,新光希宝广场,868170,https://jh.zu.anjuke.com/fangyuan/4343179301760007,3室2厅|整租|精装修|高层(共31层),已爬取
3089,新光希宝广场,868170,https://jh.zu.anjuke.com/fangyuan/4585175339181062,3室2厅|整租|精装修|中层(共31层),已爬取
3090,新光希宝广场,868170,https://jh.zu.anjuke.com/fangyuan/4591247655805952,3室2厅|整租|精装修|低层(共22层),已爬取
3091,新光希宝广场,868170,https://jh.zu.anjuke.com/fangyuan/4629444137362440,3室2厅|整租|精装修|高层(共31层),已爬取
3092,新光希宝广场,868170,https://jh.zu.anjuke.com/fangyuan/4608134044640257,3室2厅|整租|精装修|高层(共31层),已爬取
3093,新光希宝广场,868170,https://jh.zu.anjuke.com/fangyuan/4602327052753928,3室2厅|整租|精装修|中层(共28层),已爬取
3094,新光希宝广场,868170,https://jh.zu.anjuke.com/fangyuan/4476460145744896,3室2厅|整租|精装修|中层(共31层),已爬取
3095,新光希宝广场,868170,https://jh.zu.anjuke.com/fangyuan/4588024460862478,3室2厅|整租|精装修|中层(共31层),已爬取
3096,艺海星城,969234,https://jh.zu.anjuke.com/fangyuan/4587998904523780,3室2厅|整租|精装修|低层(共15层),已爬取
3097,艺海星城,969234,https://jh.zu.anjuke.com/fangyuan/4588497880243205,1室1厅|整租|精装修|中层(共8层),已爬取
3098,艺海星城,969234,https://jh.zu.anjuke.com/fangyuan/4466501898707977,2室2厅|整租|简单装修|低层(共27层),已爬取
3099,中梁国宾府(永康),1082197,https://jh.zu.anjuke.com/fangyuan/4596495238276111,3室2厅|整租|精装修|低层(共13层),已爬取
3100,中梁国宾府(永康),1082197,https://jh.zu.anjuke.com/fangyuan/4511896869170176,4室2厅|整租|精装修|中层(共16层),已爬取
3101,中梁国宾府(永康),1082197,https://jh.zu.anjuke.com/fangyuan/4624950999000066,3室2厅|整租|豪华装修|低层(共17层),已爬取
3102,中梁国宾府(永康),1082197,https://jh.zu.anjuke.com/fangyuan/4506402881741830,5室3厅|整租|精装修|低层(共8层),已爬取
3103,中梁国宾府(永康),1082197,https://jh.zu.anjuke.com/fangyuan/4513283030344708,4室2厅|整租|精装修|低层(共17层),已爬取
3104,中梁国宾府(永康),1082197,https://jh.zu.anjuke.com/fangyuan/4513423007243264,4室2厅|整租|豪华装修|中层(共17层),已爬取
3105,中梁国宾府(永康),1082197,https://jh.zu.anjuke.com/fangyuan/4570055978986503,3室2厅|整租|精装修|中层(共24层),已爬取
3106,中梁国宾府(永康),1082197,https://jh.zu.anjuke.com/fangyuan/4576841366119427,4室2厅|整租|精装修|低层(共17层),已爬取
3107,中梁国宾府(永康),1082197,https://jh.zu.anjuke.com/fangyuan/4624988133530625,3室1厅|整租|豪华装修|低层(共10层),已爬取
3108,中梁国宾府(永康),1082197,https://jh.zu.anjuke.com/fangyuan/4599394095064071,3室2厅|整租|豪华装修|高层(共13层),已爬取
3109,馨园小区,908137,https://jh.zu.anjuke.com/fangyuan/4074765860137984,1室1厅|整租|精装修|中层(共6层),已爬取
3110,馨园小区,908137,https://jh.zu.anjuke.com/fangyuan/3900135389160461,1室1厅|整租|豪华装修|高层(共6层),已爬取
3111,馨园小区,908137,https://jh.zu.anjuke.com/fangyuan/4269938022280206,2室1厅|整租|精装修|中层(共6层),已爬取
3112,馨园小区,908137,https://jh.zu.anjuke.com/fangyuan/4315593930992641,2室1厅|整租|豪华装修|高层(共6层),已爬取
3113,馨园小区,908137,https://jh.zu.anjuke.com/fangyuan/4560100466779140,1室1厅|整租|精装修|中层(共6层),已爬取
3114,馨园小区,908137,https://jh.zu.anjuke.com/fangyuan/3517251975536642,1室1厅|整租|豪华装修|高层(共7层),已爬取
3115,馨园小区,908137,https://jh.zu.anjuke.com/fangyuan/4631892567989262,2室1厅|整租|精装修|低层(共6层),已爬取
3116,馨园小区,908137,https://jh.zu.anjuke.com/fangyuan/4632038847765519,3室2厅|整租|精装修|低层(共6层),已爬取
3117,馨园小区,908137,https://jh.zu.anjuke.com/fangyuan/4344841348718592,2室1厅|整租|精装修|共5层,已爬取
3118,桂语山居,924558,https://jh.zu.anjuke.com/fangyuan/4465022736112651,1室1厅|整租|精装修|中层(共17层),已爬取
3119,中月珑园,1219818,https://jh.zu.anjuke.com/fangyuan/4597092899253262,3室2厅|整租|精装修|中层(共27层),已爬取
3120,中月珑园,1219818,https://jh.zu.anjuke.com/fangyuan/4621267070755850,3室2厅|整租|豪华装修|高层(共20层),已爬取
3121,秀水园,925550,https://jh.zu.anjuke.com/fangyuan/4631111756979211,1室1厅|整租|精装修|高层(共8层),已爬取
3122,秀水园,925550,https://jh.zu.anjuke.com/fangyuan/4630902984057862,2室1厅|整租|精装修|中层(共9层),已爬取
3123,秀水园,925550,https://jh.zu.anjuke.com/fangyuan/4373180173003786,1室1厅|整租|精装修|低层(共7层),已爬取
3124,秀水园,925550,https://jh.zu.anjuke.com/fangyuan/4606537662213135,1室1厅|整租|精装修|高层(共11层),已爬取
3125,秀水园,925550,https://jh.zu.anjuke.com/fangyuan/4484673674636288,1室1厅|整租|精装修|中层(共11层),已爬取
3126,秀水园,925550,https://jh.zu.anjuke.com/fangyuan/4596632243627020,1室1厅|整租|精装修|低层(共11层),已爬取
3127,秀水园,925550,https://jh.zu.anjuke.com/fangyuan/4572641579822090,1室1厅|整租|精装修|中层(共11层),已爬取
3128,秀水园,925550,https://jh.zu.anjuke.com/fangyuan/4611131616504834,1室1厅|整租|精装修|低层(共11层),已爬取
3129,秀水园,925550,https://jh.zu.anjuke.com/fangyuan/4479078868689927,1室1厅|整租|精装修|高层(共9层),已爬取
3130,秀水园,925550,https://jh.zu.anjuke.com/fangyuan/4563972783840259,1室1厅|整租|精装修|高层(共9层),已爬取
3131,万通国际名座,712101,https://jh.zu.anjuke.com/fangyuan/4352360225451018,1室1厅|整租|精装修|中层(共25层),已爬取
3132,万通国际名座,712101,https://jh.zu.anjuke.com/fangyuan/4548544153707529,1室0厅|整租|豪华装修|中层(共27层),已爬取
3133,万通国际名座,712101,https://jh.zu.anjuke.com/fangyuan/4468124777030666,1室1厅|整租|精装修|高层(共18层),已爬取
3134,万通国际名座,712101,https://jh.zu.anjuke.com/fangyuan/4602627647319048,1室1厅|整租|豪华装修|高层(共22层),已爬取
3135,丹溪花园(东区),968921,https://jh.zu.anjuke.com/fangyuan/4613858607539211,4室2厅|整租|精装修|中层(共7层),已爬取
3136,丹溪花园(东区),968921,https://jh.zu.anjuke.com/fangyuan/4177649571666945,1室0厅|整租|精装修|低层(共16层),已爬取
3137,佳源商业广场,969464,https://jh.zu.anjuke.com/fangyuan/4377483478178830,1室1厅|整租|精装修|低层(共7层),已爬取
3138,佳源商业广场,969464,https://jh.zu.anjuke.com/fangyuan/4377492660661258,1室1厅|整租|毛坯|高层(共7层),已爬取
3139,佳源商业广场,969464,https://jh.zu.anjuke.com/fangyuan/4377543507975175,1室1厅|整租|精装修|高层(共7层),已爬取
3140,佳源商业广场,969464,https://jh.zu.anjuke.com/fangyuan/4357716428840972,1室1厅|整租|精装修|低层(共7层),已爬取
3141,佳源商业广场,969464,https://jh.zu.anjuke.com/fangyuan/4377569801530372,2室1厅|整租|精装修|高层(共7层),已爬取
3142,佳源商业广场,969464,https://jh.zu.anjuke.com/fangyuan/4380037466432516,1室1厅|整租|精装修|高层(共7层),已爬取
3143,佳源商业广场,969464,https://jh.zu.anjuke.com/fangyuan/4360706092426244,1室1厅|整租|精装修|中层(共7层),已爬取
3144,佳源商业广场,969464,https://jh.zu.anjuke.com/fangyuan/4366246750018575,1室1厅|整租|精装修|高层(共7层),已爬取
3145,佳源商业广场,969464,https://jh.zu.anjuke.com/fangyuan/4373150167575565,1室1厅|整租|精装修|高层(共7层),已爬取
3146,佳源商业广场,969464,https://jh.zu.anjuke.com/fangyuan/4363336948309005,2室1厅|整租|精装修|高层(共7层),已爬取
3147,双馨路335-337号小区,1103158,https://jh.zu.anjuke.com/fangyuan/4574394251779085,3室2厅|整租|豪华装修|高层(共7层),已爬取
3148,金发佳苑,864311,https://jh.zu.anjuke.com/fangyuan/4625257642093570,3室2厅|整租|精装修|高层(共6层),已爬取
3149,金发佳苑,864311,https://jh.zu.anjuke.com/fangyuan/4626411008007179,3室2厅|整租|精装修|高层(共6层),已爬取
3150,佳音街59号小区,925710,https://jh.zu.anjuke.com/fangyuan/4622272107551753,2室1厅|整租|简单装修|低层(共6层),已爬取
3151,孝顺商业广场,864489,https://jh.zu.anjuke.com/fangyuan/4023376734068749,1室1厅|整租|豪华装修|中层(共10层),已爬取
3152,孝顺商业广场,864489,https://jh.zu.anjuke.com/fangyuan/4476249787247623,3室2厅|整租|精装修|中层(共6层),已爬取
3153,孝顺商业广场,864489,https://jh.zu.anjuke.com/fangyuan/4618606299292682,1室0厅|整租|精装修|中层(共8层),已爬取
3154,孝顺商业广场,864489,https://jh.zu.anjuke.com/fangyuan/4627700352543747,1室2厅|整租|精装修|高层(共11层),已爬取
3155,孝顺商业广场,864489,https://jh.zu.anjuke.com/fangyuan/3982619261788171,1室1厅|整租|精装修|中层(共7层),已爬取
3156,孝顺商业广场,864489,https://jh.zu.anjuke.com/fangyuan/4515176290606086,1室1厅|整租|精装修|中层(共10层),已爬取
3157,孝顺商业广场,864489,https://jh.zu.anjuke.com/fangyuan/4018176753314820,1室0厅|整租|精装修|低层(共13层),已爬取
3158,孝顺商业广场,864489,https://jh.zu.anjuke.com/fangyuan/4023222881577990,1室1厅|整租|豪华装修|中层(共13层),已爬取
3159,镇西花园,864624,https://jh.zu.anjuke.com/fangyuan/4474891457176578,1室1厅|整租|精装修|中层(共6层),已爬取
3160,镇西花园,864624,https://jh.zu.anjuke.com/fangyuan/4479504540261382,1室1厅|整租|精装修|中层(共6层),已爬取
3161,镇西花园,864624,https://jh.zu.anjuke.com/fangyuan/4527553045683208,2室1厅|整租|豪华装修|共5层,已爬取
3162,金发惠苑,863780,https://jh.zu.anjuke.com/fangyuan/4548550373745669,3室2厅|整租|精装修|高层(共6层),已爬取
3163,金发惠苑,863780,https://jh.zu.anjuke.com/fangyuan/4293902975278092,4室3厅|整租|精装修|高层(共7层),已爬取
3164,青春路小区,1209673,https://jh.zu.anjuke.com/fangyuan/4533260037417991,2室2厅|整租|精装修|中层(共6层),已爬取
3165,青春路小区,1209673,https://jh.zu.anjuke.com/fangyuan/4534585292139522,2室1厅|整租|精装修|低层(共6层),已爬取
3166,山水人家(婺城),1025233,https://jh.zu.anjuke.com/fangyuan/4572676460588039,4室2厅|整租|精装修|高层(共6层),已爬取
3167,山水人家(婺城),1025233,https://jh.zu.anjuke.com/fangyuan/4626468219018244,3室2厅|整租|精装修|高层(共6层),已爬取
3168,山水人家(婺城),1025233,https://jh.zu.anjuke.com/fangyuan/4625107748236295,1室1厅|整租|精装修|中层(共6层),已爬取
3169,山水人家(婺城),1025233,https://jh.zu.anjuke.com/fangyuan/4633722222355460,3室2厅|整租|精装修|高层(共6层),已爬取
3170,天硕九龙湾,1050012,https://jh.zu.anjuke.com/fangyuan/4499111213573126,3室2厅|整租|豪华装修|高层(共10层),已爬取
3171,天硕九龙湾,1050012,https://jh.zu.anjuke.com/fangyuan/4255679178300419,3室2厅|整租|精装修|中层(共16层),已爬取
3172,天硕九龙湾,1050012,https://jh.zu.anjuke.com/fangyuan/4507826513587203,4室1厅|整租|豪华装修|中层(共20层),已爬取
3173,天硕九龙湾,1050012,https://jh.zu.anjuke.com/fangyuan/4573953204071436,2室1厅|整租|精装修|高层(共7层),已爬取
3174,天硕九龙湾,1050012,https://jh.zu.anjuke.com/fangyuan/4220474480602118,3室2厅|整租|精装修|中层(共20层),已爬取
3175,天硕九龙湾,1050012,https://jh.zu.anjuke.com/fangyuan/4509506630640642,3室1厅|整租|豪华装修|低层(共30层),已爬取
3176,天硕九龙湾,1050012,https://jh.zu.anjuke.com/fangyuan/4416987140185088,4室2厅|整租|豪华装修|高层(共13层),已爬取
3177,天硕九龙湾,1050012,https://jh.zu.anjuke.com/fangyuan/4501338589815822,3室1厅|整租|豪华装修|低层(共32层),已爬取
3178,天硕九龙湾,1050012,https://jh.zu.anjuke.com/fangyuan/4473627602164751,3室2厅|整租|精装修|中层(共11层),已爬取
3179,碧水名府,871941,https://jh.zu.anjuke.com/fangyuan/4625077769153545,2室2厅|整租|简单装修|高层(共11层),已爬取
3180,碧水名府,871941,https://jh.zu.anjuke.com/fangyuan/4631207166927885,2室2厅|整租|精装修|中层(共17层),已爬取
3181,碧水名府,871941,https://jh.zu.anjuke.com/fangyuan/4630815996568579,2室2厅|整租|精装修|高层(共11层),已爬取
3182,碧水名府,871941,https://jh.zu.anjuke.com/fangyuan/4623443318840329,2室2厅|整租|精装修|高层(共11层),已爬取
3183,中山壹品,1070170,https://jh.zu.anjuke.com/fangyuan/4102813229935619,1室1厅|整租|豪华装修|中层(共9层),已爬取
3184,中山壹品,1070170,https://jh.zu.anjuke.com/fangyuan/4493315623361538,1室1厅|整租|精装修|中层(共9层),已爬取
3185,西山新城,1173998,https://jh.zu.anjuke.com/fangyuan/4608037195144201,2室1厅|整租|精装修|低层(共12层),已爬取
3186,西山新城,1173998,https://jh.zu.anjuke.com/fangyuan/4621029576076290,3室2厅|整租|豪华装修|中层(共20层),已爬取
3187,西山新城,1173998,https://jh.zu.anjuke.com/fangyuan/4631515417304066,2室1厅|整租|精装修|低层(共29层),已爬取
3188,西山新城,1173998,https://jh.zu.anjuke.com/fangyuan/4515317638749184,1室1厅|整租|精装修|中层(共6层),已爬取
3189,西山新城,1173998,https://jh.zu.anjuke.com/fangyuan/4624912675073025,3室2厅|整租|豪华装修|高层(共20层),已爬取
3190,西山新城,1173998,https://jh.zu.anjuke.com/fangyuan/4596604359044109,2室0厅|整租|豪华装修|中层(共26层),已爬取
3191,西山新城,1173998,https://jh.zu.anjuke.com/fangyuan/4587663886720003,3室2厅|整租|简单装修|高层(共7层),已爬取
3192,西山新城,1173998,https://jh.zu.anjuke.com/fangyuan/4538541661711364,2室1厅|整租|精装修|高层(共17层),已爬取
3193,西山新城,1173998,https://jh.zu.anjuke.com/fangyuan/4386994280537091,1室1厅|整租|简单装修|共5层,已爬取
3194,西山新城,1173998,https://jh.zu.anjuke.com/fangyuan/4514837372806157,1室1厅|整租|豪华装修|中层(共6层),已爬取
3195,红椿巷30号小区,1167130,https://jh.zu.anjuke.com/fangyuan/4626718949518344,2室1厅|整租|精装修|高层(共8层),已爬取
3196,红椿巷30号小区,1167130,https://jh.zu.anjuke.com/fangyuan/4468041069683715,2室2厅|整租|精装修|高层(共20层),已爬取
3197,红椿巷30号小区,1167130,https://jh.zu.anjuke.com/fangyuan/4588259833256971,2室1厅|整租|精装修|高层(共8层),已爬取
3198,红椿巷30号小区,1167130,https://jh.zu.anjuke.com/fangyuan/4584053926501383,4室2厅|整租|精装修|中层(共8层),已爬取
3199,红椿巷30号小区,1167130,https://jh.zu.anjuke.com/fangyuan/4595409354564614,3室2厅|整租|精装修|高层(共15层),已爬取
3200,红椿巷30号小区,1167130,https://jh.zu.anjuke.com/fangyuan/4480498164507654,2室2厅|整租|豪华装修|高层(共16层),已爬取
3201,红椿巷30号小区,1167130,https://jh.zu.anjuke.com/fangyuan/4623799374457861,2室1厅|整租|精装修|高层(共8层),已爬取
3202,红椿巷30号小区,1167130,https://jh.zu.anjuke.com/fangyuan/4632232831413249,2室2厅|整租|精装修|高层(共8层),已爬取
3203,红椿巷30号小区,1167130,https://jh.zu.anjuke.com/fangyuan/4616675864587269,1室0厅|整租|精装修|高层(共10层),已爬取
3204,红椿巷30号小区,1167130,https://jh.zu.anjuke.com/fangyuan/4550098596633604,3室2厅|整租|豪华装修|中层(共16层),已爬取
3205,三市街邨(溪西六区),1305707,https://jh.zu.anjuke.com/fangyuan/4633295785602059,2室1厅|整租|精装修|共5层,已爬取
3206,华缔嘉园,912926,https://jh.zu.anjuke.com/fangyuan/4630465510222855,1室1厅|整租|精装修|中层(共6层),已爬取
3207,华缔嘉园,912926,https://jh.zu.anjuke.com/fangyuan/4162327659044871,2室1厅|整租|精装修|高层(共6层),已爬取
3208,华缔嘉园,912926,https://jh.zu.anjuke.com/fangyuan/4616583359570956,1室1厅|整租|豪华装修|中层(共6层),已爬取
3209,金鼎名苑,969351,https://jh.zu.anjuke.com/fangyuan/4473768213867535,1室1厅|整租|豪华装修|共1层,已爬取
3210,金鼎名苑,969351,https://jh.zu.anjuke.com/fangyuan/4619499393065990,3室2厅|整租|精装修|高层(共28层),已爬取
3211,金鼎名苑,969351,https://jh.zu.anjuke.com/fangyuan/4618240080485382,3室2厅|整租|简单装修|高层(共30层),已爬取
3212,金鼎名苑,969351,https://jh.zu.anjuke.com/fangyuan/4619501628693505,3室1厅|整租|精装修|高层(共25层),已爬取
3213,金鼎名苑,969351,https://jh.zu.anjuke.com/fangyuan/4619512416363522,3室2厅|整租|简单装修|高层(共28层),已爬取
3214,金鼎名苑,969351,https://jh.zu.anjuke.com/fangyuan/4619492307411969,3室2厅|整租|简单装修|高层(共30层),已爬取
3215,金鼎名苑,969351,https://jh.zu.anjuke.com/fangyuan/4619617897456648,3室2厅|整租|精装修|中层(共26层),已爬取
3216,金鼎名苑,969351,https://jh.zu.anjuke.com/fangyuan/4633705054088204,3室2厅|整租|精装修|低层(共29层),已爬取
3217,金鼎名苑,969351,https://jh.zu.anjuke.com/fangyuan/4514559460779013,3室2厅|整租|豪华装修|低层(共33层),已爬取
3218,锦佳苑,863076,https://jh.zu.anjuke.com/fangyuan/4552710903933966,3室2厅|整租|精装修|共5层,已爬取
3219,银河花苑,911349,https://jh.zu.anjuke.com/fangyuan/4631939636438030,3室2厅|整租|简单装修|中层(共7层),已爬取
3220,锦嘉苑,969301,https://jh.zu.anjuke.com/fangyuan/4627860059726857,3室2厅|整租|简单装修|低层(共6层),已爬取
3221,华丰商城,864488,https://jh.zu.anjuke.com/fangyuan/4617993023366153,5室2厅|整租|精装修|高层(共7层),已爬取
3222,华丰商城,864488,https://jh.zu.anjuke.com/fangyuan/4498232468249609,5室2厅|整租|精装修|高层(共7层),已爬取
3223,华丰商城,864488,https://jh.zu.anjuke.com/fangyuan/4595162605247503,5室3厅|整租|精装修|高层(共6层),已爬取
3224,华丰商城,864488,https://jh.zu.anjuke.com/fangyuan/4490656002059276,4室2厅|整租|精装修|中层(共6层),已爬取
3225,怡景园(东区),925709,https://jh.zu.anjuke.com/fangyuan/4618013889618959,3室2厅|整租|精装修|中层(共14层),已爬取
3226,怡景园(东区),925709,https://jh.zu.anjuke.com/fangyuan/4615129662268422,3室2厅|整租|精装修|高层(共12层),已爬取
3227,怡景园(东区),925709,https://jh.zu.anjuke.com/fangyuan/4615462924295181,3室2厅|整租|精装修|高层(共13层),已爬取
3228,怡景园(东区),925709,https://jh.zu.anjuke.com/fangyuan/4617673575490569,3室2厅|整租|精装修|高层(共12层),已爬取
3229,东苑里,968945,https://jh.zu.anjuke.com/fangyuan/4493147388142603,2室1厅|整租|简单装修|共4层,已爬取
3230,东苑里,968945,https://jh.zu.anjuke.com/fangyuan/4615242011974666,4室2厅|整租|精装修|共4层,已爬取
3231,东苑里,968945,https://jh.zu.anjuke.com/fangyuan/4485147949947907,2室1厅|整租|简单装修|共4层,已爬取
3232,中兴广场,1030199,https://jh.zu.anjuke.com/fangyuan/4616412579900429,3室2厅|整租|豪华装修|中层(共6层),已爬取
3233,中兴广场,1030199,https://jh.zu.anjuke.com/fangyuan/4630898745861131,3室2厅|整租|精装修|中层(共7层),已爬取
3234,中兴广场,1030199,https://jh.zu.anjuke.com/fangyuan/4624917014242319,3室2厅|整租|豪华装修|高层(共6层),已爬取
3235,中兴广场,1030199,https://jh.zu.anjuke.com/fangyuan/4486194245461001,3室2厅|整租|精装修|共5层,已爬取
3236,中兴广场,1030199,https://jh.zu.anjuke.com/fangyuan/4622296581745669,3室2厅|整租|精装修|中层(共6层),已爬取
3237,中兴广场,1030199,https://jh.zu.anjuke.com/fangyuan/4615056844368907,3室1厅|整租|精装修|中层(共6层),已爬取
3238,中兴广场,1030199,https://jh.zu.anjuke.com/fangyuan/4616404537498639,3室2厅|整租|豪华装修|中层(共6层),已爬取
3239,新光金色港湾,871933,https://jh.zu.anjuke.com/fangyuan/3836425714638860,2室2厅|整租|豪华装修|中层(共17层),已爬取
3240,新光金色港湾,871933,https://jh.zu.anjuke.com/fangyuan/4489567994094603,3室2厅|整租|精装修|高层(共22层),已爬取
3241,新光金色港湾,871933,https://jh.zu.anjuke.com/fangyuan/4595445931715586,3室2厅|整租|精装修|共5层,已爬取
3242,青年路73-160号小区,1052689,https://jh.zu.anjuke.com/fangyuan/4440880819907590,2室1厅|整租|精装修|低层(共6层),已爬取
3243,青年路73-160号小区,1052689,https://jh.zu.anjuke.com/fangyuan/4582302362725385,2室1厅|整租|精装修|中层(共7层),已爬取
3244,青年路73-160号小区,1052689,https://jh.zu.anjuke.com/fangyuan/4561553629932553,2室1厅|整租|精装修|中层(共6层),已爬取
3245,青年路73-160号小区,1052689,https://jh.zu.anjuke.com/fangyuan/4557242728999946,2室1厅|整租|豪华装修|中层(共7层),已爬取
3246,涵园,1188929,https://jh.zu.anjuke.com/fangyuan/4541648657048587,2室2厅|整租|精装修|低层(共15层),已爬取
3247,学仕家园,997119,https://jh.zu.anjuke.com/fangyuan/4632355374504974,1室1厅|整租|精装修|中层(共6层),已爬取
3248,学仕家园,997119,https://jh.zu.anjuke.com/fangyuan/4473624344079366,4室2厅|整租|精装修|高层(共13层),已爬取
3249,学仕家园,997119,https://jh.zu.anjuke.com/fangyuan/2993951522413568,1室1厅|整租|精装修|共5层,已爬取
3250,迎宾花园,872803,https://jh.zu.anjuke.com/fangyuan/4478115326731264,3室2厅|整租|精装修|低层(共16层),已爬取
3251,迎宾花园,872803,https://jh.zu.anjuke.com/fangyuan/4484909075983366,2室1厅|整租|精装修|低层(共9层),已爬取
3252,迎宾花园,872803,https://jh.zu.anjuke.com/fangyuan/4484909187474440,3室1厅|整租|精装修|低层(共15层),已爬取
3253,迎宾花园,872803,https://jh.zu.anjuke.com/fangyuan/4616834208492551,3室2厅|整租|精装修|低层(共16层),已爬取
3254,迎宾花园,872803,https://jh.zu.anjuke.com/fangyuan/4552918948899843,2室2厅|整租|豪华装修|低层(共19层),已爬取
3255,迎宾花园,872803,https://jh.zu.anjuke.com/fangyuan/4039014769437704,2室1厅|整租|精装修|高层(共16层),已爬取
3256,迎宾花园,872803,https://jh.zu.anjuke.com/fangyuan/4590839603536911,1室1厅|整租|精装修|高层(共16层),已爬取
3257,迎宾花园,872803,https://jh.zu.anjuke.com/fangyuan/4616852649290764,3室2厅|整租|精装修|低层(共17层),已爬取
3258,迎宾花园,872803,https://jh.zu.anjuke.com/fangyuan/4513098347322373,2室2厅|整租|精装修|低层(共15层),已爬取
3259,迎宾花园,872803,https://jh.zu.anjuke.com/fangyuan/4470831058265097,3室2厅|整租|精装修|低层(共16层),已爬取
3260,五一路371-387号小区,1042031,https://jh.zu.anjuke.com/fangyuan/4547509818514445,2室1厅|整租|精装修|中层(共7层),已爬取
3261,五一路371-387号小区,1042031,https://jh.zu.anjuke.com/fangyuan/4533010556691466,2室1厅|整租|精装修|共5层,已爬取
3262,兴平溢居,969382,https://jh.zu.anjuke.com/fangyuan/4624079093687301,3室2厅|整租|精装修|中层(共8层),已爬取
3263,兴平溢居,969382,https://jh.zu.anjuke.com/fangyuan/4568228598508545,3室2厅|整租|精装修|低层(共7层),已爬取
3264,广诚悦府,1103013,https://jh.zu.anjuke.com/fangyuan/4598332447153165,3室2厅|整租|精装修|高层(共20层),已爬取
3265,广诚悦府,1103013,https://jh.zu.anjuke.com/fangyuan/4585519351802884,3室2厅|整租|简单装修|中层(共28层),已爬取
3266,广诚悦府,1103013,https://jh.zu.anjuke.com/fangyuan/4587166916156425,3室2厅|整租|精装修|中层(共20层),已爬取
3267,广诚悦府,1103013,https://jh.zu.anjuke.com/fangyuan/4585505272159233,3室2厅|整租|简单装修|高层(共20层),已爬取
3268,鸿基书香苑,968817,https://jh.zu.anjuke.com/fangyuan/4280916087070725,1室0厅|整租|精装修|低层(共9层),已爬取
3269,鸿基书香苑,968817,https://jh.zu.anjuke.com/fangyuan/4280927661726734,2室1厅|整租|精装修|低层(共9层),已爬取
3270,鸿基书香苑,968817,https://jh.zu.anjuke.com/fangyuan/4280919582859266,2室1厅|整租|精装修|低层(共9层),已爬取
3271,望江雅苑,1055297,https://jh.zu.anjuke.com/fangyuan/4627858549924876,2室2厅|整租|精装修|中层(共26层),已爬取
3272,望江雅苑,1055297,https://jh.zu.anjuke.com/fangyuan/4404454980099081,3室2厅|整租|精装修|中层(共28层),已爬取
3273,望江雅苑,1055297,https://jh.zu.anjuke.com/fangyuan/4564361822100489,2室1厅|整租|精装修|中层(共28层),已爬取
3274,望江雅苑,1055297,https://jh.zu.anjuke.com/fangyuan/4289344290548740,3室2厅|整租|精装修|中层(共28层),已爬取
3275,望江雅苑,1055297,https://jh.zu.anjuke.com/fangyuan/3483889165491214,2室2厅|整租|精装修|低层(共22层),已爬取
3276,芝英广场东区,873367,https://jh.zu.anjuke.com/fangyuan/4019331240848392,1室0厅|整租|精装修|中层(共6层),已爬取
3277,芝英广场东区,873367,https://jh.zu.anjuke.com/fangyuan/3935778151309319,1室1厅|整租|精装修|中层(共8层),已爬取
3278,宾虹广场,1029928,https://jh.zu.anjuke.com/fangyuan/4572934194064386,2室2厅|整租|精装修|高层(共7层),已爬取
3279,宾虹广场,1029928,https://jh.zu.anjuke.com/fangyuan/4576731628563461,3室2厅|整租|精装修|中层(共9层),已爬取
3280,宾虹广场,1029928,https://jh.zu.anjuke.com/fangyuan/4077125471050765,4室2厅|整租|精装修|高层(共7层),已爬取
3281,家园小区,868129,https://jh.zu.anjuke.com/fangyuan/4617823971828746,4室2厅|整租|精装修|共5层,已爬取
3282,家园小区,868129,https://jh.zu.anjuke.com/fangyuan/4622292685204485,4室2厅|整租|精装修|共5层,已爬取
3283,家园小区,868129,https://jh.zu.anjuke.com/fangyuan/4510416716835843,3室2厅|整租|精装修|共5层,已爬取
3284,家园小区,868129,https://jh.zu.anjuke.com/fangyuan/4613583497227267,4室2厅|整租|精装修|共5层,已爬取
3285,家园小区,868129,https://jh.zu.anjuke.com/fangyuan/4541573655174156,1室1厅|整租|豪华装修|低层(共6层),已爬取
3286,婺江新村(南区),712079,https://jh.zu.anjuke.com/fangyuan/4511867045602314,3室2厅|整租|精装修|中层(共6层),已爬取
3287,帝景豪庭,1050258,https://jh.zu.anjuke.com/fangyuan/4514520673115151,4室2厅|整租|豪华装修|中层(共32层),已爬取
3288,帝景豪庭,1050258,https://jh.zu.anjuke.com/fangyuan/4599841035443210,3室2厅|整租|简单装修|低层(共29层),已爬取
3289,帝景豪庭,1050258,https://jh.zu.anjuke.com/fangyuan/4514513662073871,3室2厅|整租|豪华装修|中层(共32层),已爬取
3290,华冠花园,712011,https://jh.zu.anjuke.com/fangyuan/4476622351967237,5室2厅|整租|精装修|低层(共6层),已爬取
3291,通江花园,873391,https://jh.zu.anjuke.com/fangyuan/4633631176961036,1室1厅|整租|精装修|中层(共7层),已爬取
3292,通江花园,873391,https://jh.zu.anjuke.com/fangyuan/4540547259227149,1室1厅|整租|精装修|共5层,已爬取
3293,通江花园,873391,https://jh.zu.anjuke.com/fangyuan/4540532460725263,1室0厅|整租|精装修|共5层,已爬取
3294,通江花园,873391,https://jh.zu.anjuke.com/fangyuan/4540523886767106,1室1厅|整租|精装修|共5层,已爬取
3295,金灿财富广场,1023499,https://jh.zu.anjuke.com/fangyuan/4603814418029581,2室2厅|整租|简单装修|高层(共22层),已爬取
3296,金信村(西区),969182,https://jh.zu.anjuke.com/fangyuan/4565846087216134,3室2厅|整租|精装修|中层(共6层),已爬取
3297,金信村(西区),969182,https://jh.zu.anjuke.com/fangyuan/4593759018884105,3室2厅|整租|精装修|共5层,已爬取
3298,金信村(西区),969182,https://jh.zu.anjuke.com/fangyuan/4606817163947014,3室2厅|整租|精装修|共5层,已爬取
3299,金信村(西区),969182,https://jh.zu.anjuke.com/fangyuan/4567276168457228,3室2厅|整租|精装修|共5层,已爬取
3300,金信村(西区),969182,https://jh.zu.anjuke.com/fangyuan/4493275359157257,3室2厅|整租|精装修|共5层,已爬取
3301,黄宅紫金家园,1153620,https://jh.zu.anjuke.com/fangyuan/4537289391025152,2室2厅|整租|简单装修|低层(共18层),已爬取
3302,九龙锦湖苑,1318093,https://jh.zu.anjuke.com/fangyuan/4513259378367496,6室3厅|整租|豪华装修|共4层,已爬取
3303,九龙锦湖苑,1318093,https://jh.zu.anjuke.com/fangyuan/4481182150388737,5室2厅|整租|豪华装修|共3层,已爬取
3304,红椿新苑,1167129,https://jh.zu.anjuke.com/fangyuan/4601409347968007,2室2厅|整租|精装修|中层(共20层),已爬取
3305,红椿新苑,1167129,https://jh.zu.anjuke.com/fangyuan/3002584120192002,2室2厅|整租|精装修|中层(共19层),已爬取
3306,红椿新苑,1167129,https://jh.zu.anjuke.com/fangyuan/4469476611697674,3室2厅|整租|精装修|高层(共29层),已爬取
3307,凯文江滨星城,868025,https://jh.zu.anjuke.com/fangyuan/4549895355259912,2室2厅|整租|精装修|中层(共28层),已爬取
3308,茂新四季丽景,909923,https://jh.zu.anjuke.com/fangyuan/4608255141506059,3室2厅|整租|精装修|中层(共6层),已爬取
3309,丹溪名苑,968922,https://jh.zu.anjuke.com/fangyuan/4022021212823560,1室1厅|整租|精装修|共3层,已爬取
3310,丹溪名苑,968922,https://jh.zu.anjuke.com/fangyuan/4032155403149322,1室1厅|整租|精装修|共3层,已爬取
3311,龙腾锦都,923839,https://jh.zu.anjuke.com/fangyuan/4626227933752322,3室2厅|整租|精装修|中层(共6层),已爬取
3312,龙腾锦都,923839,https://jh.zu.anjuke.com/fangyuan/4630844421909505,3室2厅|整租|精装修|中层(共6层),已爬取
3313,云都广场,864370,https://jh.zu.anjuke.com/fangyuan/4537372992969729,2室1厅|整租|精装修|中层(共13层),已爬取
3314,云都广场,864370,https://jh.zu.anjuke.com/fangyuan/4553496181419009,2室1厅|整租|豪华装修|中层(共12层),已爬取
3315,云都广场,864370,https://jh.zu.anjuke.com/fangyuan/4585671470998538,1室1厅|整租|豪华装修|高层(共13层),已爬取
3316,金山公寓,863327,https://jh.zu.anjuke.com/fangyuan/4625540026637327,1室1厅|整租|精装修|中层(共6层),已爬取
3317,金山公寓,863327,https://jh.zu.anjuke.com/fangyuan/3680107142521868,1室1厅|整租|豪华装修|中层(共6层),已爬取
3318,金山公寓,863327,https://jh.zu.anjuke.com/fangyuan/4540093642284034,1室1厅|整租|精装修|中层(共8层),已爬取
3319,金山公寓,863327,https://jh.zu.anjuke.com/fangyuan/4577500314086414,1室1厅|整租|精装修|高层(共7层),已爬取
3320,南岘新村,868172,https://jh.zu.anjuke.com/fangyuan/4516485181269007,5室3厅|整租|简单装修|共3层,已爬取
3321,南岘新村,868172,https://jh.zu.anjuke.com/fangyuan/4201820344639502,1室1厅|整租|豪华装修|共4层,已爬取
3322,南岘新村,868172,https://jh.zu.anjuke.com/fangyuan/4619269821062157,3室1厅|整租|精装修|中层(共10层),已爬取
3323,南岘新村,868172,https://jh.zu.anjuke.com/fangyuan/4488967505241102,3室2厅|整租|简单装修|共5层,已爬取
3324,南岘新村,868172,https://jh.zu.anjuke.com/fangyuan/4579859849470977,3室2厅|整租|精装修|中层(共6层),已爬取
3325,江城小区,872090,https://jh.zu.anjuke.com/fangyuan/4617886416546826,3室1厅|整租|豪华装修|中层(共6层),已爬取
3326,人民西路139号小区,1042148,https://jh.zu.anjuke.com/fangyuan/4616730953620482,1室1厅|整租|简单装修|中层(共9层),已爬取
3327,人民西路139号小区,1042148,https://jh.zu.anjuke.com/fangyuan/4615365785019400,1室1厅|整租|精装修|低层(共6层),已爬取
3328,人民西路139号小区,1042148,https://jh.zu.anjuke.com/fangyuan/4616709841331205,1室1厅|整租|精装修|高层(共7层),已爬取
3329,85公馆,1205170,https://jh.zu.anjuke.com/fangyuan/4596990119914504,2室1厅|整租|豪华装修|中层(共8层),已爬取
3330,青春路65-66号小区,1260266,https://jh.zu.anjuke.com/fangyuan/4585390032464896,3室1厅|整租|精装修|中层(共6层),已爬取
3331,青春路65-66号小区,1260266,https://jh.zu.anjuke.com/fangyuan/4584088813251590,3室1厅|整租|精装修|中层(共6层),已爬取
3332,青春路65-66号小区,1260266,https://jh.zu.anjuke.com/fangyuan/4585373717062666,2室1厅|整租|精装修|低层(共6层),已爬取
3333,东溪花园(金东),872055,https://jh.zu.anjuke.com/fangyuan/4532914637560840,3室2厅|整租|精装修|高层(共6层),已爬取
3334,东溪花园(金东),872055,https://jh.zu.anjuke.com/fangyuan/4613814645877774,3室2厅|整租|精装修|低层(共6层),已爬取
3335,朝霞村(溪西四区),1183365,https://jh.zu.anjuke.com/fangyuan/4490553101607949,2室1厅|整租|简单装修|中层(共6层),已爬取
3336,朝霞村(溪西四区),1183365,https://jh.zu.anjuke.com/fangyuan/4593755048827918,3室2厅|整租|简单装修|中层(共6层),已爬取
3337,朝霞村(溪西四区),1183365,https://jh.zu.anjuke.com/fangyuan/4631965995148299,2室1厅|整租|简单装修|中层(共6层),已爬取
3338,朝霞村(溪西四区),1183365,https://jh.zu.anjuke.com/fangyuan/4591152259490830,2室1厅|整租|精装修|共5层,已爬取
3339,朝霞村(溪西四区),1183365,https://jh.zu.anjuke.com/fangyuan/4602196582229003,3室2厅|整租|简单装修|中层(共6层),已爬取
3340,朝霞村(溪西四区),1183365,https://jh.zu.anjuke.com/fangyuan/4603789834693638,2室1厅|整租|简单装修|高层(共6层),已爬取
3341,朝霞村(溪西四区),1183365,https://jh.zu.anjuke.com/fangyuan/4604260412154892,2室1厅|整租|精装修|共5层,已爬取
3342,朝霞村(溪西四区),1183365,https://jh.zu.anjuke.com/fangyuan/4505038831938563,2室1厅|整租|精装修|共5层,已爬取
3343,朝霞村(溪西四区),1183365,https://jh.zu.anjuke.com/fangyuan/4623825614138379,2室2厅|整租|精装修|共5层,已爬取
3344,朝霞村(溪西四区),1183365,https://jh.zu.anjuke.com/fangyuan/4490345072745482,2室1厅|整租|精装修|高层(共6层),已爬取
3345,白云西路1-16号小区,712120,https://jh.zu.anjuke.com/fangyuan/4324862625357827,1室0厅|整租|精装修|中层(共7层),已爬取
3346,清雅苑,910721,https://jh.zu.anjuke.com/fangyuan/4598373294498829,2室2厅|整租|精装修|中层(共8层),已爬取
3347,古城新苑,873393,https://jh.zu.anjuke.com/fangyuan/4624819659611138,3室2厅|整租|精装修|高层(共6层),已爬取
3348,金成铭座,1050670,https://jh.zu.anjuke.com/fangyuan/4386198220643335,1室0厅|整租|精装修|中层(共6层),已爬取
3349,金成铭座,1050670,https://jh.zu.anjuke.com/fangyuan/4531799274368015,2室1厅|整租|精装修|高层(共26层),已爬取
3350,金成铭座,1050670,https://jh.zu.anjuke.com/fangyuan/4514968067630095,3室2厅|整租|精装修|低层(共30层),已爬取
3351,东方润园,910651,https://jh.zu.anjuke.com/fangyuan/4608259465520128,3室2厅|整租|豪华装修|高层(共25层),已爬取
3352,东方润园,910651,https://jh.zu.anjuke.com/fangyuan/4557224107564038,3室2厅|整租|精装修|中层(共19层),已爬取
3353,东方润园,910651,https://jh.zu.anjuke.com/fangyuan/4017677882842113,1室1厅|整租|精装修|高层(共7层),已爬取
3354,松涛苑,863163,https://jh.zu.anjuke.com/fangyuan/4490588556827654,3室2厅|整租|精装修|高层(共13层),已爬取
3355,桂坡花园二区(北区),1103096,https://jh.zu.anjuke.com/fangyuan/4503376575540228,3室2厅|整租|简单装修|中层(共6层),已爬取
3356,桂坡花园二区(北区),1103096,https://jh.zu.anjuke.com/fangyuan/4514554323084294,3室2厅|整租|精装修|低层(共17层),已爬取
3357,保利天汇,1639644,https://jh.zu.anjuke.com/fangyuan/4494893573745666,4室2厅|整租|精装修|中层(共17层),已爬取
3358,保利天汇,1639644,https://jh.zu.anjuke.com/fangyuan/4633817739617280,4室2厅|整租|豪华装修|高层(共16层),已爬取
3359,保利天汇,1639644,https://jh.zu.anjuke.com/fangyuan/4441178276502537,3室2厅|整租|豪华装修|中层(共18层),已爬取
3360,保利天汇,1639644,https://jh.zu.anjuke.com/fangyuan/4146863355092994,3室2厅|整租|豪华装修|高层(共21层),已爬取
3361,保利天汇,1639644,https://jh.zu.anjuke.com/fangyuan/4570010872454145,4室2厅|整租|豪华装修|高层(共15层),已爬取
3362,保利天汇,1639644,https://jh.zu.anjuke.com/fangyuan/4622357300079629,3室2厅|整租|豪华装修|中层(共17层),已爬取
3363,保利天汇,1639644,https://jh.zu.anjuke.com/fangyuan/4513451588086794,3室2厅|整租|豪华装修|高层(共19层),已爬取
3364,保利天汇,1639644,https://jh.zu.anjuke.com/fangyuan/4622014709230604,4室2厅|整租|豪华装修|高层(共26层),已爬取
3365,保利天汇,1639644,https://jh.zu.anjuke.com/fangyuan/4612487407315972,3室2厅|整租|精装修|中层(共20层),已爬取
3366,保利天汇,1639644,https://jh.zu.anjuke.com/fangyuan/4630674826718218,3室2厅|整租|精装修|高层(共20层),已爬取
3367,振兴花苑,868026,https://jh.zu.anjuke.com/fangyuan/4497661078809607,1室1厅|整租|精装修|中层(共10层),已爬取
3368,振兴花苑,868026,https://jh.zu.anjuke.com/fangyuan/4474958062033923,1室1厅|整租|精装修|中层(共10层),已爬取
3369,振兴花苑,868026,https://jh.zu.anjuke.com/fangyuan/4491123984440331,3室2厅|整租|简单装修|共5层,已爬取
3370,振兴花苑,868026,https://jh.zu.anjuke.com/fangyuan/4494810212555788,2室2厅|整租|简单装修|共5层,已爬取
3371,振兴花苑,868026,https://jh.zu.anjuke.com/fangyuan/4632335255608328,2室2厅|整租|精装修|高层(共6层),已爬取
3372,兰花路小区,1223506,https://jh.zu.anjuke.com/fangyuan/4627990777226250,4室2厅|整租|精装修|共5层,已爬取
3373,兰花路小区,1223506,https://jh.zu.anjuke.com/fangyuan/4619648133061643,3室2厅|整租|精装修|低层(共6层),已爬取
3374,兰花路小区,1223506,https://jh.zu.anjuke.com/fangyuan/4620648569412620,4室2厅|整租|精装修|共5层,已爬取
3375,华厦国际数码公寓,911354,https://jh.zu.anjuke.com/fangyuan/4527475460975629,3室2厅|整租|简单装修|中层(共16层),已爬取
3376,金信花园,863155,https://jh.zu.anjuke.com/fangyuan/4630525646808074,3室2厅|整租|豪华装修|低层(共6层),已爬取
3377,金信花园,863155,https://jh.zu.anjuke.com/fangyuan/4622621192182793,3室2厅|整租|豪华装修|低层(共6层),已爬取
3378,金信花园,863155,https://jh.zu.anjuke.com/fangyuan/4623452032871425,3室2厅|整租|豪华装修|低层(共6层),已爬取
3379,金信花园,863155,https://jh.zu.anjuke.com/fangyuan/4622360540472329,3室2厅|整租|豪华装修|低层(共6层),已爬取
3380,金信花园,863155,https://jh.zu.anjuke.com/fangyuan/4620504079670276,3室2厅|整租|豪华装修|低层(共6层),已爬取
3381,星湖大厦,712141,https://jh.zu.anjuke.com/fangyuan/4608103659693069,1室1厅|整租|精装修|高层(共25层),已爬取
3382,星湖大厦,712141,https://jh.zu.anjuke.com/fangyuan/4593742058120203,1室1厅|整租|精装修|高层(共18层),已爬取
3383,常安街26号小区,1012099,https://jh.zu.anjuke.com/fangyuan/4552943553076224,2室1厅|整租|精装修|中层(共6层),已爬取
3384,春苗巷小区,1061901,https://jh.zu.anjuke.com/fangyuan/4591279952632833,2室1厅|整租|精装修|低层(共6层),已爬取
3385,金城路43-860弄小区,1304691,https://jh.zu.anjuke.com/fangyuan/4620870851554316,2室1厅|整租|豪华装修|共5层,已爬取
3386,金城路43-860弄小区,1304691,https://jh.zu.anjuke.com/fangyuan/4395597188455430,1室1厅|整租|精装修|共5层,已爬取
3387,金城路43-860弄小区,1304691,https://jh.zu.anjuke.com/fangyuan/4585997149824015,1室1厅|整租|简单装修|中层(共8层),已爬取
3388,金城路43-860弄小区,1304691,https://jh.zu.anjuke.com/fangyuan/4608219876088840,3室2厅|整租|精装修|共5层,已爬取
3389,金城路43-860弄小区,1304691,https://jh.zu.anjuke.com/fangyuan/4505008466273293,1室0厅|整租|精装修|共5层,已爬取
3390,金城路43-860弄小区,1304691,https://jh.zu.anjuke.com/fangyuan/4327622319382537,1室1厅|整租|精装修|共5层,已爬取
3391,金城路43-860弄小区,1304691,https://jh.zu.anjuke.com/fangyuan/4508065628990477,1室0厅|整租|精装修|共5层,已爬取
3392,明景园,863102,https://jh.zu.anjuke.com/fangyuan/4500544346037252,1室0厅|整租|精装修|共5层,已爬取
3393,金鑫小区,863054,https://jh.zu.anjuke.com/fangyuan/4593793190960141,2室1厅|整租|简单装修|中层(共7层),已爬取
3394,紫景苑小区,863317,https://jh.zu.anjuke.com/fangyuan/4552003315704842,1室0厅|整租|精装修|低层(共20层),已爬取
3395,婺城园丁新村,912799,https://jh.zu.anjuke.com/fangyuan/4552693650514947,3室2厅|整租|精装修|中层(共6层),已爬取
3396,婺城园丁新村,912799,https://jh.zu.anjuke.com/fangyuan/4618010024041482,3室2厅|整租|精装修|中层(共6层),已爬取
3397,婺城园丁新村,912799,https://jh.zu.anjuke.com/fangyuan/4618257937542158,3室2厅|整租|精装修|中层(共6层),已爬取
3398,中医院宿舍,910081,https://jh.zu.anjuke.com/fangyuan/4629091827833871,2室2厅|整租|精装修|中层(共6层),已爬取
3399,中医院宿舍,910081,https://jh.zu.anjuke.com/fangyuan/4349024472378371,1室1厅|整租|精装修|中层(共6层),已爬取
3400,中医院宿舍,910081,https://jh.zu.anjuke.com/fangyuan/4479756573207553,1室0厅|整租|精装修|低层(共6层),已爬取
3401,中医院宿舍,910081,https://jh.zu.anjuke.com/fangyuan/4481360047957007,1室0厅|整租|精装修|共3层,已爬取
3402,中医院宿舍,910081,https://jh.zu.anjuke.com/fangyuan/4479546663922698,1室0厅|整租|简单装修|中层(共6层),已爬取
3403,中医院宿舍,910081,https://jh.zu.anjuke.com/fangyuan/4480923599987717,1室1厅|整租|精装修|共5层,已爬取
3404,中医院宿舍,910081,https://jh.zu.anjuke.com/fangyuan/4189008708984832,1室0厅|整租|精装修|中层(共6层),已爬取
3405,人民西路128号小区,1071122,https://jh.zu.anjuke.com/fangyuan/4520389192508428,2室1厅|整租|精装修|共5层,已爬取
3406,人民西路128号小区,1071122,https://jh.zu.anjuke.com/fangyuan/4524632809790467,2室1厅|整租|精装修|中层(共6层),已爬取
3407,兴平公寓,1102999,https://jh.zu.anjuke.com/fangyuan/4525040273021966,3室2厅|整租|精装修|高层(共30层),已爬取
3408,新光天地(一期),1103005,https://jh.zu.anjuke.com/fangyuan/4504709274053647,1室1厅|整租|豪华装修|共1层,已爬取
3409,新光天地(一期),1103005,https://jh.zu.anjuke.com/fangyuan/4506774520732680,1室0厅|整租|豪华装修|低层(共7层),已爬取
3410,新光天地(一期),1103005,https://jh.zu.anjuke.com/fangyuan/4506758713123850,1室0厅|整租|豪华装修|高层(共6层),已爬取
3411,新光天地(一期),1103005,https://jh.zu.anjuke.com/fangyuan/4569693305531405,2室2厅|整租|精装修|高层(共21层),已爬取
3412,新光天地(一期),1103005,https://jh.zu.anjuke.com/fangyuan/3867804921832458,1室1厅|整租|简单装修|中层(共12层),已爬取
3413,新光天地(一期),1103005,https://jh.zu.anjuke.com/fangyuan/4506770094189578,2室1厅|整租|豪华装修|低层(共7层),已爬取
3414,新光天地(一期),1103005,https://jh.zu.anjuke.com/fangyuan/4601407608564744,2室2厅|整租|精装修|低层(共21层),已爬取
3415,新光天地(一期),1103005,https://jh.zu.anjuke.com/fangyuan/3594996919491596,1室1厅|整租|精装修|低层(共19层),已爬取
3416,新光天地(一期),1103005,https://jh.zu.anjuke.com/fangyuan/4561398676728832,2室1厅|整租|精装修|低层(共21层),已爬取
3417,新光天地(一期),1103005,https://jh.zu.anjuke.com/fangyuan/4561401306127374,1室1厅|整租|豪华装修|低层(共21层),已爬取
3418,高园下小区,1223515,https://jh.zu.anjuke.com/fangyuan/3329654367576076,1室1厅|整租|精装修|中层(共7层),已爬取
3419,高园下小区,1223515,https://jh.zu.anjuke.com/fangyuan/3130080264151051,1室1厅|整租|精装修|中层(共6层),已爬取
3420,高园下小区,1223515,https://jh.zu.anjuke.com/fangyuan/4598198347783170,1室1厅|整租|精装修|中层(共6层),已爬取
3421,高园下小区,1223515,https://jh.zu.anjuke.com/fangyuan/4493288037133313,1室1厅|整租|精装修|中层(共10层),已爬取
3422,高园下小区,1223515,https://jh.zu.anjuke.com/fangyuan/4567331386809352,10室3厅|整租|精装修|共4层,已爬取
3423,高园下小区,1223515,https://jh.zu.anjuke.com/fangyuan/3649790243381249,1室0厅|整租|精装修|共5层,已爬取
3424,海德公园(商住楼),1391233,https://jh.zu.anjuke.com/fangyuan/4592537284553741,2室2厅|整租|精装修|中层(共35层),已爬取
3425,海德公园(商住楼),1391233,https://jh.zu.anjuke.com/fangyuan/4473632992879623,2室2厅|整租|精装修|高层(共14层),已爬取
3426,海德公园(商住楼),1391233,https://jh.zu.anjuke.com/fangyuan/4312617599949839,2室2厅|整租|精装修|高层(共18层),已爬取
3427,海德公园(商住楼),1391233,https://jh.zu.anjuke.com/fangyuan/4346547935830018,2室2厅|整租|精装修|高层(共18层),已爬取
3428,海德公园(商住楼),1391233,https://jh.zu.anjuke.com/fangyuan/4534203146361861,1室1厅|整租|豪华装修|中层(共18层),已爬取
3429,海德公园(商住楼),1391233,https://jh.zu.anjuke.com/fangyuan/4497707571076104,2室2厅|整租|精装修|高层(共24层),已爬取
3430,海德公园(商住楼),1391233,https://jh.zu.anjuke.com/fangyuan/4484154960583692,1室1厅|整租|精装修|中层(共18层),已爬取
3431,海德公园(商住楼),1391233,https://jh.zu.anjuke.com/fangyuan/4548975324470275,2室2厅|整租|精装修|高层(共18层),已爬取
3432,海德公园(商住楼),1391233,https://jh.zu.anjuke.com/fangyuan/4499475609590789,2室2厅|整租|简单装修|高层(共18层),已爬取
3433,海德公园(商住楼),1391233,https://jh.zu.anjuke.com/fangyuan/4592563783232522,2室2厅|整租|精装修|高层(共18层),已爬取
3434,星月湾,925578,https://jh.zu.anjuke.com/fangyuan/4622468047760393,4室2厅|整租|豪华装修|低层(共9层),已爬取
3435,太阳城,1012097,https://jh.zu.anjuke.com/fangyuan/4276736350120968,1室1厅|整租|精装修|低层(共6层),已爬取
3436,太阳城,1012097,https://jh.zu.anjuke.com/fangyuan/4510665153620996,1室1厅|整租|精装修|中层(共6层),已爬取
3437,太阳城,1012097,https://jh.zu.anjuke.com/fangyuan/3482945487709184,1室0厅|整租|精装修|共5层,已爬取
3438,太阳城,1012097,https://jh.zu.anjuke.com/fangyuan/3349840177046533,1室0厅|整租|精装修|共5层,已爬取
3439,太阳城,1012097,https://jh.zu.anjuke.com/fangyuan/3349816147271684,1室0厅|整租|精装修|低层(共6层),已爬取
3440,太阳城,1012097,https://jh.zu.anjuke.com/fangyuan/3630447057526794,1室0厅|整租|精装修|高层(共7层),已爬取
3441,太阳城,1012097,https://jh.zu.anjuke.com/fangyuan/4490356204104718,3室2厅|整租|精装修|中层(共6层),已爬取
3442,冠达花园,872802,https://jh.zu.anjuke.com/fangyuan/4541244391089161,1室1厅|整租|简单装修|共5层,已爬取
3443,冠达花园,872802,https://jh.zu.anjuke.com/fangyuan/4548610091068430,1室1厅|整租|简单装修|中层(共6层),已爬取
3444,冠达花园,872802,https://jh.zu.anjuke.com/fangyuan/4335400627907587,3室2厅|整租|简单装修|高层(共6层),已爬取
3445,冠达花园,872802,https://jh.zu.anjuke.com/fangyuan/4566673037728773,1室1厅|整租|简单装修|共5层,已爬取
3446,冠达花园,872802,https://jh.zu.anjuke.com/fangyuan/4599742038975496,1室0厅|整租|简单装修|共5层,已爬取
3447,冠达花园,872802,https://jh.zu.anjuke.com/fangyuan/4557169616135171,3室2厅|整租|精装修|高层(共6层),已爬取
3448,冠达花园,872802,https://jh.zu.anjuke.com/fangyuan/2784570483663880,1室1厅|整租|精装修|共5层,已爬取
3449,新城景苑,864340,https://jh.zu.anjuke.com/fangyuan/4609554735918093,2室2厅|整租|精装修|中层(共6层),已爬取
3450,新建巷6-11号小区,1393646,https://jh.zu.anjuke.com/fangyuan/4605134624629761,2室1厅|整租|精装修|中层(共6层),已爬取
3451,新建巷6-11号小区,1393646,https://jh.zu.anjuke.com/fangyuan/4615358678098955,3室1厅|整租|豪华装修|低层(共6层),已爬取
3452,新建巷6-11号小区,1393646,https://jh.zu.anjuke.com/fangyuan/4438325723145229,1室1厅|整租|简单装修|中层(共6层),已爬取
3453,新建巷6-11号小区,1393646,https://jh.zu.anjuke.com/fangyuan/4509064525470726,1室1厅|整租|简单装修|高层(共6层),已爬取
3454,三江御园,873434,https://jh.zu.anjuke.com/fangyuan/4622729975471108,1室1厅|整租|精装修|中层(共19层),已爬取
3455,三江御园,873434,https://jh.zu.anjuke.com/fangyuan/4508704612375555,2室1厅|整租|精装修|中层(共18层),已爬取
3456,三江御园,873434,https://jh.zu.anjuke.com/fangyuan/4629431127630856,2室1厅|整租|精装修|高层(共18层),已爬取
3457,三江御园,873434,https://jh.zu.anjuke.com/fangyuan/4569664204776451,1室1厅|整租|精装修|中层(共18层),已爬取
3458,宏福仙霞人家E区,968992,https://jh.zu.anjuke.com/fangyuan/4623961948199951,1室1厅|整租|精装修|共4层,已爬取
3459,永拖路12号小区,1103197,https://jh.zu.anjuke.com/fangyuan/3289037279257614,1室1厅|整租|豪华装修|共5层,已爬取
3460,人行宿舍,863343,https://jh.zu.anjuke.com/fangyuan/4529011580722180,3室2厅|整租|精装修|中层(共6层),已爬取
3461,人行宿舍,863343,https://jh.zu.anjuke.com/fangyuan/4529008744885252,3室2厅|整租|精装修|中层(共6层),已爬取
3462,富康东区,864345,https://jh.zu.anjuke.com/fangyuan/4548451957056512,3室2厅|整租|精装修|低层(共6层),已爬取
3463,党校综合楼小区,969337,https://jh.zu.anjuke.com/fangyuan/4617892043383811,2室1厅|整租|精装修|低层(共6层),已爬取
3464,胜利街411-473号小区,1041822,https://jh.zu.anjuke.com/fangyuan/4625559233373195,2室1厅|整租|精装修|中层(共6层),已爬取
3465,胜利街411-473号小区,1041822,https://jh.zu.anjuke.com/fangyuan/4483767189810187,2室1厅|整租|精装修|高层(共6层),已爬取
3466,胜利街411-473号小区,1041822,https://jh.zu.anjuke.com/fangyuan/4578471373925379,2室2厅|整租|豪华装修|中层(共6层),已爬取
3467,胜利街411-473号小区,1041822,https://jh.zu.anjuke.com/fangyuan/4571323690769416,2室2厅|整租|精装修|高层(共6层),已爬取
3468,田园小区,1049865,https://jh.zu.anjuke.com/fangyuan/4391378709111820,7室2厅|整租|精装修|共5层,已爬取
3469,朝阳新村,1103084,https://jh.zu.anjuke.com/fangyuan/4630860408663043,2室1厅|整租|简单装修|共5层,已爬取
3470,朝阳新村,1103084,https://jh.zu.anjuke.com/fangyuan/4630917418998797,2室1厅|整租|简单装修|共5层,已爬取
3471,人民东路553-639号小区,1169973,https://jh.zu.anjuke.com/fangyuan/4623482321726478,2室1厅|整租|精装修|中层(共6层),已爬取
3472,人民东路553-639号小区,1169973,https://jh.zu.anjuke.com/fangyuan/4626382497620993,2室1厅|整租|精装修|中层(共6层),已爬取
3473,人民东路553-639号小区,1169973,https://jh.zu.anjuke.com/fangyuan/4626382627777540,2室1厅|整租|精装修|中层(共6层),已爬取
3474,东塔路238-317号小区,1307947,https://jh.zu.anjuke.com/fangyuan/4530014882278406,1室0厅|整租|精装修|共5层,已爬取
3475,城南路507-613弄小区,1307933,https://jh.zu.anjuke.com/fangyuan/4510178091215877,1室1厅|整租|精装修|共5层,已爬取
3476,城南路507-613弄小区,1307933,https://jh.zu.anjuke.com/fangyuan/4513077661871119,1室1厅|整租|精装修|共1层,已爬取
3477,城南路507-613弄小区,1307933,https://jh.zu.anjuke.com/fangyuan/4618565511914508,1室1厅|整租|精装修|共5层,已爬取
3478,城南路507-613弄小区,1307933,https://jh.zu.anjuke.com/fangyuan/4465523004529672,1室1厅|整租|精装修|共5层,已爬取
3479,城南路507-613弄小区,1307933,https://jh.zu.anjuke.com/fangyuan/4518056517280781,1室1厅|整租|精装修|共5层,已爬取
3480,同顺雅阁,871386,https://jh.zu.anjuke.com/fangyuan/4485014135956482,1室1厅|整租|精装修|中层(共18层),已爬取
3481,同顺雅阁,871386,https://jh.zu.anjuke.com/fangyuan/4446773321131008,2室1厅|整租|精装修|中层(共12层),已爬取
3482,同顺雅阁,871386,https://jh.zu.anjuke.com/fangyuan/4200435300871173,1室1厅|整租|精装修|中层(共15层),已爬取
3483,同顺雅阁,871386,https://jh.zu.anjuke.com/fangyuan/4493363095022607,1室1厅|整租|精装修|低层(共6层),已爬取
3484,同顺雅阁,871386,https://jh.zu.anjuke.com/fangyuan/4523351063456778,1室0厅|整租|精装修|中层(共15层),已爬取
3485,同顺雅阁,871386,https://jh.zu.anjuke.com/fangyuan/4625418722614278,1室0厅|整租|精装修|高层(共8层),已爬取
3486,同顺雅阁,871386,https://jh.zu.anjuke.com/fangyuan/4584172642950153,1室1厅|整租|精装修|高层(共16层),已爬取
3487,同顺雅阁,871386,https://jh.zu.anjuke.com/fangyuan/4200451025972224,1室1厅|整租|精装修|中层(共14层),已爬取
3488,五一路农贸市场住宅楼,1042149,https://jh.zu.anjuke.com/fangyuan/4286852475497481,1室1厅|整租|精装修|共3层,已爬取
3489,青年路219-339号小区,1063450,https://jh.zu.anjuke.com/fangyuan/4585337213463562,2室2厅|整租|精装修|中层(共6层),已爬取
3490,东塔路小区,1064120,https://jh.zu.anjuke.com/fangyuan/4627773653343234,2室1厅|整租|精装修|共5层,已爬取
3491,东塔路小区,1064120,https://jh.zu.anjuke.com/fangyuan/4486956966601730,1室1厅|整租|精装修|地下(共5层),已爬取
3492,东塔路小区,1064120,https://jh.zu.anjuke.com/fangyuan/4623735004423177,2室1厅|整租|精装修|共5层,已爬取
3493,东塔路小区,1064120,https://jh.zu.anjuke.com/fangyuan/4623607210894343,2室1厅|整租|精装修|共5层,已爬取
3494,东塔路小区,1064120,https://jh.zu.anjuke.com/fangyuan/4625050011673600,2室1厅|整租|精装修|共5层,已爬取
3495,东塔路小区,1064120,https://jh.zu.anjuke.com/fangyuan/4554211233719296,3室2厅|整租|简单装修|共5层,已爬取
3496,东塔路小区,1064120,https://jh.zu.anjuke.com/fangyuan/4623558022192142,2室1厅|整租|精装修|中层(共6层),已爬取
3497,东塔路小区,1064120,https://jh.zu.anjuke.com/fangyuan/4552780969911310,2室2厅|整租|豪华装修|高层(共6层),已爬取
3498,东塔路小区,1064120,https://jh.zu.anjuke.com/fangyuan/4624915215625226,2室1厅|整租|豪华装修|高层(共8层),已爬取
3499,东塔路小区,1064120,https://jh.zu.anjuke.com/fangyuan/4623758123983877,2室1厅|整租|豪华装修|中层(共8层),已爬取
3500,人武部宿舍,1103151,https://jh.zu.anjuke.com/fangyuan/4544698625301515,2室1厅|整租|精装修|低层(共6层),已爬取
3501,宾虹路439弄小区,1223555,https://jh.zu.anjuke.com/fangyuan/4486427983567881,2室2厅|整租|精装修|中层(共6层),已爬取
3502,宾虹路439弄小区,1223555,https://jh.zu.anjuke.com/fangyuan/4528895910947844,2室1厅|整租|豪华装修|中层(共6层),已爬取
3503,白云家园,1240348,https://jh.zu.anjuke.com/fangyuan/4609576702288897,4室2厅|整租|精装修|高层(共16层),已爬取
3504,白云家园,1240348,https://jh.zu.anjuke.com/fangyuan/4609518449400847,3室2厅|整租|精装修|低层(共16层),已爬取
3505,百货有限公司青年路宿舍,1307993,https://jh.zu.anjuke.com/fangyuan/4633724731530245,2室1厅|整租|精装修|中层(共6层),已爬取
3506,百货有限公司青年路宿舍,1307993,https://jh.zu.anjuke.com/fangyuan/4584129773413386,2室1厅|整租|精装修|低层(共6层),已爬取
3507,百货有限公司青年路宿舍,1307993,https://jh.zu.anjuke.com/fangyuan/4633569672045579,2室1厅|整租|精装修|中层(共6层),已爬取
3508,桂坡花园三区,1103094,https://jh.zu.anjuke.com/fangyuan/4567157904534534,3室2厅|整租|简单装修|中层(共6层),已爬取
3509,横店康庄小区,968985,https://jh.zu.anjuke.com/fangyuan/4564373413684228,1室0厅|整租|精装修|共5层,已爬取
3510,横店康庄小区,968985,https://jh.zu.anjuke.com/fangyuan/4257647262359558,1室1厅|整租|精装修|中层(共6层),已爬取
3511,丰景星公馆,1103093,https://jh.zu.anjuke.com/fangyuan/4596784025738249,2室2厅|整租|豪华装修|高层(共17层),已爬取
3512,丰景星公馆,1103093,https://jh.zu.anjuke.com/fangyuan/4607861863951372,2室2厅|整租|精装修|中层(共23层),已爬取
3513,丰景星公馆,1103093,https://jh.zu.anjuke.com/fangyuan/4599787432991758,2室2厅|整租|精装修|高层(共17层),已爬取
3514,丰景星公馆,1103093,https://jh.zu.anjuke.com/fangyuan/4607857730513931,2室2厅|整租|精装修|中层(共26层),已爬取
3515,丰景星公馆,1103093,https://jh.zu.anjuke.com/fangyuan/4601029091847180,2室2厅|整租|豪华装修|高层(共17层),已爬取
3516,民防大厦,1300456,https://jh.zu.anjuke.com/fangyuan/4479441226460168,3室1厅|整租|精装修|高层(共21层),已爬取
3517,丰安花园(二区),872046,https://jh.zu.anjuke.com/fangyuan/4238776854146052,1室1厅|整租|精装修|共3层,已爬取
3518,丰安花园(二区),872046,https://jh.zu.anjuke.com/fangyuan/4532701315083268,1室0厅|整租|精装修|共3层,已爬取
3519,丰安花园(二区),872046,https://jh.zu.anjuke.com/fangyuan/4238789183691791,1室0厅|整租|精装修|共3层,已爬取
3520,丰安花园(二区),872046,https://jh.zu.anjuke.com/fangyuan/4238782954364936,2室1厅|整租|精装修|共3层,已爬取
3521,康园小区,1015103,https://jh.zu.anjuke.com/fangyuan/4596989218745353,3室2厅|整租|精装修|低层(共6层),已爬取
3522,府前路56号小区,1026304,https://jh.zu.anjuke.com/fangyuan/4605361495157769,2室1厅|整租|精装修|高层(共6层),已爬取
3523,金信村(东区),1103118,https://jh.zu.anjuke.com/fangyuan/4550379964328963,3室2厅|整租|精装修|高层(共6层),已爬取
3524,金信村(东区),1103118,https://jh.zu.anjuke.com/fangyuan/4605427666934793,3室2厅|整租|精装修|高层(共6层),已爬取
3525,汇金国际商务公寓,1187886,https://jh.zu.anjuke.com/fangyuan/4632273901069324,2室2厅|整租|精装修|中层(共27层),已爬取
3526,汇金国际商务公寓,1187886,https://jh.zu.anjuke.com/fangyuan/4632273808796684,2室2厅|整租|精装修|中层(共27层),已爬取
3527,万盛新苑,871952,https://jh.zu.anjuke.com/fangyuan/4572841637211136,1室0厅|整租|精装修|中层(共7层),已爬取
3528,万盛新苑,871952,https://jh.zu.anjuke.com/fangyuan/4561735193568259,1室1厅|整租|精装修|共5层,已爬取
3529,南苑楼,969307,https://jh.zu.anjuke.com/fangyuan/4625027771214855,3室2厅|整租|精装修|低层(共6层),已爬取
3530,浙江四方集团职工宿舍,1395282,https://jh.zu.anjuke.com/fangyuan/4589706340101124,3室1厅|整租|豪华装修|高层(共6层),已爬取
3531,浙江四方集团职工宿舍,1395282,https://jh.zu.anjuke.com/fangyuan/4606594481970176,2室1厅|整租|精装修|共5层,已爬取
3532,富康楼,864319,https://jh.zu.anjuke.com/fangyuan/4606684217074688,2室2厅|整租|精装修|中层(共6层),已爬取
3533,富康楼,864319,https://jh.zu.anjuke.com/fangyuan/4548476173753353,2室2厅|整租|精装修|中层(共6层),已爬取
3534,富康楼,864319,https://jh.zu.anjuke.com/fangyuan/4609680121553920,2室2厅|整租|豪华装修|低层(共6层),已爬取
3535,富康楼,864319,https://jh.zu.anjuke.com/fangyuan/4610803860089860,2室2厅|整租|精装修|中层(共6层),已爬取
3536,富康楼,864319,https://jh.zu.anjuke.com/fangyuan/4497717328833543,4室2厅|整租|精装修|高层(共6层),已爬取
3537,富康楼,864319,https://jh.zu.anjuke.com/fangyuan/4577130157073410,2室2厅|整租|精装修|低层(共6层),已爬取
3538,富康楼,864319,https://jh.zu.anjuke.com/fangyuan/4548444094915595,3室2厅|整租|精装修|低层(共6层),已爬取
3539,豪庭世家,868164,https://jh.zu.anjuke.com/fangyuan/4579710917057541,1室1厅|整租|精装修|低层(共7层),已爬取
3540,豪庭世家,868164,https://jh.zu.anjuke.com/fangyuan/4491144793662475,3室2厅|整租|简单装修|共5层,已爬取
3541,青山社区四弄,968840,https://jh.zu.anjuke.com/fangyuan/4576793481604101,1室1厅|整租|豪华装修|共3层,已爬取
3542,鑫潮花园,969213,https://jh.zu.anjuke.com/fangyuan/4582928663290888,2室2厅|整租|精装修|共5层,已爬取
3543,鑫潮花园,969213,https://jh.zu.anjuke.com/fangyuan/4015044918467592,1室1厅|整租|精装修|共3层,已爬取
3544,新建巷16-20号小区,1041580,https://jh.zu.anjuke.com/fangyuan/4629450624375816,2室1厅|整租|精装修|低层(共6层),已爬取
3545,新建巷16-20号小区,1041580,https://jh.zu.anjuke.com/fangyuan/4584138204308484,2室1厅|整租|精装修|低层(共6层),已爬取
3546,新建巷16-20号小区,1041580,https://jh.zu.anjuke.com/fangyuan/4582960175819779,2室1厅|整租|精装修|低层(共7层),已爬取
3547,江滨南街351-353号小区,1103091,https://jh.zu.anjuke.com/fangyuan/3806254163469325,1室1厅|整租|精装修|高层(共13层),已爬取
3548,新光天地(二期),1102998,https://jh.zu.anjuke.com/fangyuan/4569187480249358,2室2厅|整租|豪华装修|中层(共25层),已爬取
3549,新光天地(二期),1102998,https://jh.zu.anjuke.com/fangyuan/4541726512948230,2室2厅|整租|精装修|中层(共23层),已爬取
3550,新光天地(二期),1102998,https://jh.zu.anjuke.com/fangyuan/4600985110356997,2室1厅|整租|精装修|共3层,已爬取
3551,新光天地(二期),1102998,https://jh.zu.anjuke.com/fangyuan/4561411618450444,1室1厅|整租|豪华装修|中层(共20层),已爬取
3552,新光天地(二期),1102998,https://jh.zu.anjuke.com/fangyuan/4549921776346119,2室2厅|整租|豪华装修|低层(共25层),已爬取
3553,新光天地(二期),1102998,https://jh.zu.anjuke.com/fangyuan/4625108599827469,2室2厅|整租|豪华装修|高层(共9层),已爬取
3554,新光天地(二期),1102998,https://jh.zu.anjuke.com/fangyuan/4561414140994571,1室1厅|整租|豪华装修|低层(共21层),已爬取
3555,新光天地(二期),1102998,https://jh.zu.anjuke.com/fangyuan/4561408996336645,1室1厅|整租|豪华装修|低层(共18层),已爬取
3556,城北西路263-309号小区,1103200,https://jh.zu.anjuke.com/fangyuan/4585734176680960,1室1厅|整租|豪华装修|高层(共6层),已爬取
3557,邵宅铭苑,1174927,https://jh.zu.anjuke.com/fangyuan/4354883574144009,1室0厅|整租|精装修|高层(共6层),已爬取
3558,邵宅铭苑,1174927,https://jh.zu.anjuke.com/fangyuan/4564082393801738,1室1厅|整租|精装修|高层(共6层),已爬取
3559,邵宅铭苑,1174927,https://jh.zu.anjuke.com/fangyuan/4354875141316614,1室1厅|整租|精装修|中层(共6层),已爬取
3560,青年路206-276号小区,1223565,https://jh.zu.anjuke.com/fangyuan/4615088911100939,2室2厅|整租|豪华装修|中层(共6层),已爬取
3561,青年路206-276号小区,1223565,https://jh.zu.anjuke.com/fangyuan/4556978954103816,2室1厅|整租|精装修|中层(共6层),已爬取
3562,青年路206-276号小区,1223565,https://jh.zu.anjuke.com/fangyuan/4553015577095171,2室1厅|整租|精装修|中层(共6层),已爬取
3563,芙蓉楼,864337,https://jh.zu.anjuke.com/fangyuan/4518965307911175,3室2厅|整租|豪华装修|中层(共6层),已爬取
3564,芙蓉楼,864337,https://jh.zu.anjuke.com/fangyuan/4617854182040579,2室1厅|整租|精装修|高层(共7层),已爬取
3565,芙蓉楼,864337,https://jh.zu.anjuke.com/fangyuan/4617860644709376,3室2厅|整租|精装修|高层(共7层),已爬取
3566,芙蓉楼,864337,https://jh.zu.anjuke.com/fangyuan/4617828596177926,3室2厅|整租|精装修|高层(共7层),已爬取
3567,天晟公寓,863374,https://jh.zu.anjuke.com/fangyuan/4272455772676102,1室0厅|整租|精装修|中层(共6层),已爬取
3568,天晟公寓,863374,https://jh.zu.anjuke.com/fangyuan/2797893574566915,1室0厅|整租|精装修|低层(共6层),已爬取
3569,望江南苑,873413,https://jh.zu.anjuke.com/fangyuan/4475209268816907,1室1厅|整租|豪华装修|低层(共13层),已爬取
3570,虹霓小区,969345,https://jh.zu.anjuke.com/fangyuan/4237104585170953,1室1厅|整租|精装修|低层(共6层),已爬取
3571,虹霓小区,969345,https://jh.zu.anjuke.com/fangyuan/4622113504467977,2室1厅|整租|简单装修|共5层,已爬取
3572,虹霓小区,969345,https://jh.zu.anjuke.com/fangyuan/4515000142277634,1室1厅|整租|精装修|中层(共9层),已爬取
3573,虹霓小区,969345,https://jh.zu.anjuke.com/fangyuan/4632317318016008,1室1厅|整租|精装修|高层(共6层),已爬取
3574,虹霓小区,969345,https://jh.zu.anjuke.com/fangyuan/4476876427289603,1室1厅|整租|精装修|中层(共6层),已爬取
3575,虹霓小区,969345,https://jh.zu.anjuke.com/fangyuan/4237098613550080,1室0厅|整租|精装修|低层(共6层),已爬取
3576,"青春路33-72号,25弄小区",1069217,https://jh.zu.anjuke.com/fangyuan/4596802749361167,3室2厅|整租|精装修|共5层,已爬取
3577,"青春路33-72号,25弄小区",1069217,https://jh.zu.anjuke.com/fangyuan/4576763775986693,1室2厅|整租|精装修|低层(共6层),已爬取
3578,大花园,1188926,https://jh.zu.anjuke.com/fangyuan/4303596486614025,1室1厅|整租|精装修|共1层,已爬取
3579,大花园,1188926,https://jh.zu.anjuke.com/fangyuan/4629094821880845,1室0厅|整租|精装修|共5层,已爬取
3580,大花园,1188926,https://jh.zu.anjuke.com/fangyuan/4583151550438403,1室1厅|整租|精装修|共5层,已爬取
3581,大花园,1188926,https://jh.zu.anjuke.com/fangyuan/4600043568471042,1室1厅|合租|豪华装修|共5层,已爬取
3582,大花园,1188926,https://jh.zu.anjuke.com/fangyuan/4623689122016264,1室1厅|整租|精装修|共5层,已爬取
3583,大花园,1188926,https://jh.zu.anjuke.com/fangyuan/4225856404840448,1室1厅|整租|精装修|低层(共6层),已爬取
3584,大花园,1188926,https://jh.zu.anjuke.com/fangyuan/4421010602974218,1室1厅|整租|精装修|中层(共7层),已爬取
3585,大花园,1188926,https://jh.zu.anjuke.com/fangyuan/4545704607984644,1室1厅|整租|豪华装修|中层(共6层),已爬取
3586,大花园,1188926,https://jh.zu.anjuke.com/fangyuan/4499104612211715,1室0厅|整租|豪华装修|共5层,已爬取
3587,大花园,1188926,https://jh.zu.anjuke.com/fangyuan/4586979353502731,1室1厅|合租|豪华装修|共5层,已爬取
3588,华丰东路35弄小区,1304681,https://jh.zu.anjuke.com/fangyuan/4235593415650308,1室1厅|整租|精装修|中层(共6层),已爬取
3589,华丰东路35弄小区,1304681,https://jh.zu.anjuke.com/fangyuan/4605057145758723,2室2厅|整租|豪华装修|中层(共6层),已爬取
3590,海悦华府,1778326,https://jh.zu.anjuke.com/fangyuan/4633716207379456,3室2厅|整租|精装修|高层(共22层),已爬取
3591,海悦华府,1778326,https://jh.zu.anjuke.com/fangyuan/4591134171601922,3室2厅|整租|豪华装修|低层(共17层),已爬取
3592,海悦华府,1778326,https://jh.zu.anjuke.com/fangyuan/4625248511171587,3室2厅|整租|精装修|中层(共25层),已爬取
3593,海悦华府,1778326,https://jh.zu.anjuke.com/fangyuan/4615268324371469,3室2厅|整租|精装修|中层(共23层),已爬取
3594,海悦华府,1778326,https://jh.zu.anjuke.com/fangyuan/4534620310363149,3室2厅|整租|精装修|低层(共24层),已爬取
3595,海悦华府,1778326,https://jh.zu.anjuke.com/fangyuan/4619486914599946,3室2厅|整租|精装修|高层(共30层),已爬取
3596,海悦华府,1778326,https://jh.zu.anjuke.com/fangyuan/4489165118350343,3室2厅|整租|豪华装修|低层(共17层),已爬取
3597,海悦华府,1778326,https://jh.zu.anjuke.com/fangyuan/4592469868948494,3室2厅|整租|精装修|高层(共19层),已爬取
3598,海悦华府,1778326,https://jh.zu.anjuke.com/fangyuan/4381818691509257,4室2厅|整租|豪华装修|高层(共20层),已爬取
3599,海悦华府,1778326,https://jh.zu.anjuke.com/fangyuan/4598294239075338,3室2厅|整租|精装修|低层(共23层),已爬取
3600,滨江金色蓝庭(别墅),969408,https://jh.zu.anjuke.com/fangyuan/4477877835113482,5室4厅|整租|豪华装修|地下(共3层),已爬取
3601,地质三大队小区,1223545,https://jh.zu.anjuke.com/fangyuan/4589516058403845,2室2厅|整租|豪华装修|低层(共6层),已爬取
3602,地质三大队小区,1223545,https://jh.zu.anjuke.com/fangyuan/4477630942125061,1室1厅|整租|豪华装修|中层(共6层),已爬取
3603,地质三大队小区,1223545,https://jh.zu.anjuke.com/fangyuan/4600159081178113,2室2厅|整租|豪华装修|低层(共6层),已爬取
3604,缤虹星城,911643,https://jh.zu.anjuke.com/fangyuan/4626518419336201,3室2厅|整租|豪华装修|高层(共28层),已爬取
3605,缤虹星城,911643,https://jh.zu.anjuke.com/fangyuan/4489669778693124,3室1厅|整租|精装修|高层(共29层),已爬取
3606,缤虹星城,911643,https://jh.zu.anjuke.com/fangyuan/4527347795092486,3室2厅|整租|精装修|高层(共33层),已爬取
3607,缤虹星城,911643,https://jh.zu.anjuke.com/fangyuan/4612201435012103,3室2厅|整租|精装修|中层(共24层),已爬取
3608,缤虹星城,911643,https://jh.zu.anjuke.com/fangyuan/4630555156093957,2室2厅|整租|精装修|高层(共13层),已爬取
3609,缤虹星城,911643,https://jh.zu.anjuke.com/fangyuan/4551549996868612,3室1厅|整租|精装修|中层(共32层),已爬取
3610,缤虹星城,911643,https://jh.zu.anjuke.com/fangyuan/4612347194614793,3室2厅|整租|精装修|中层(共20层),已爬取
3611,缤虹星城,911643,https://jh.zu.anjuke.com/fangyuan/4553097566133249,3室2厅|整租|精装修|中层(共33层),已爬取
3612,缤虹星城,911643,https://jh.zu.anjuke.com/fangyuan/4485074148482056,3室2厅|整租|精装修|高层(共32层),已爬取
3613,缤虹星城,911643,https://jh.zu.anjuke.com/fangyuan/4623476970331143,3室2厅|整租|精装修|高层(共33层),已爬取
3614,凯得国际,1027572,https://jh.zu.anjuke.com/fangyuan/4633756280859659,2室1厅|整租|精装修|中层(共11层),已爬取
3615,凯得国际,1027572,https://jh.zu.anjuke.com/fangyuan/4633487215141897,2室2厅|整租|精装修|中层(共11层),已爬取
3616,凯得国际,1027572,https://jh.zu.anjuke.com/fangyuan/4633587324019712,2室2厅|整租|精装修|中层(共11层),已爬取
3617,市府大院,872069,https://jh.zu.anjuke.com/fangyuan/4539972304657423,3室1厅|整租|精装修|低层(共6层),已爬取
3618,市府大院,872069,https://jh.zu.anjuke.com/fangyuan/4541884666881032,3室1厅|整租|精装修|低层(共6层),已爬取
3619,市府大院,872069,https://jh.zu.anjuke.com/fangyuan/4524406384501762,3室2厅|整租|精装修|低层(共6层),已爬取
3620,市府大院,872069,https://jh.zu.anjuke.com/fangyuan/4623428422593539,2室2厅|整租|精装修|低层(共6层),已爬取
3621,市府大院,872069,https://jh.zu.anjuke.com/fangyuan/4530015357987841,2室2厅|整租|精装修|低层(共6层),已爬取
3622,滨江中天锦翠蓝庭,1270351,https://jh.zu.anjuke.com/fangyuan/4559738925833228,3室2厅|整租|精装修|高层(共11层),已爬取
3623,滨江中天锦翠蓝庭,1270351,https://jh.zu.anjuke.com/fangyuan/4534221687008264,3室2厅|整租|精装修|高层(共16层),已爬取
3624,滨江中天锦翠蓝庭,1270351,https://jh.zu.anjuke.com/fangyuan/4530334573126661,4室2厅|整租|豪华装修|低层(共16层),已爬取
3625,滨江中天锦翠蓝庭,1270351,https://jh.zu.anjuke.com/fangyuan/4558865782498310,3室2厅|整租|精装修|高层(共14层),已爬取
3626,滨江中天锦翠蓝庭,1270351,https://jh.zu.anjuke.com/fangyuan/4537286092532737,3室2厅|整租|豪华装修|高层(共16层),已爬取
3627,滨江中天锦翠蓝庭,1270351,https://jh.zu.anjuke.com/fangyuan/4530314581879821,3室2厅|整租|豪华装修|高层(共16层),已爬取
3628,滨江中天锦翠蓝庭,1270351,https://jh.zu.anjuke.com/fangyuan/4538586704800782,4室2厅|整租|豪华装修|高层(共17层),已爬取
3629,滨江中天锦翠蓝庭,1270351,https://jh.zu.anjuke.com/fangyuan/4574505533481986,3室2厅|整租|精装修|低层(共8层),已爬取
3630,滨江中天锦翠蓝庭,1270351,https://jh.zu.anjuke.com/fangyuan/4538601657969669,3室2厅|整租|豪华装修|高层(共16层),已爬取
3631,滨江中天锦翠蓝庭,1270351,https://jh.zu.anjuke.com/fangyuan/4527507594271755,3室2厅|整租|精装修|高层(共16层),已爬取
3632,晨丰永利华都一区,863227,https://jh.zu.anjuke.com/fangyuan/4523351959512073,2室2厅|整租|精装修|中层(共11层),已爬取
3633,晨丰永利华都一区,863227,https://jh.zu.anjuke.com/fangyuan/4221417000475663,2室2厅|整租|精装修|中层(共11层),已爬取
3634,东城雅苑,909503,https://jh.zu.anjuke.com/fangyuan/4634248885216264,1室1厅|整租|精装修|低层(共26层),已爬取
3635,东城雅苑,909503,https://jh.zu.anjuke.com/fangyuan/4628531913583618,1室0厅|整租|精装修|中层(共10层),已爬取
3636,观澜江境,1365383,https://jh.zu.anjuke.com/fangyuan/4579580745112586,3室2厅|整租|精装修|高层(共12层),已爬取
3637,观澜江境,1365383,https://jh.zu.anjuke.com/fangyuan/4616668821742606,3室2厅|整租|精装修|高层(共11层),已爬取
3638,观澜江境,1365383,https://jh.zu.anjuke.com/fangyuan/4616745711938573,3室2厅|整租|精装修|低层(共18层),已爬取
3639,观澜江境,1365383,https://jh.zu.anjuke.com/fangyuan/4617922988434444,3室2厅|整租|精装修|高层(共11层),已爬取
3640,观澜江境,1365383,https://jh.zu.anjuke.com/fangyuan/4575738142694413,3室2厅|整租|精装修|中层(共18层),已爬取
3641,观澜江境,1365383,https://jh.zu.anjuke.com/fangyuan/4586535626042371,2室2厅|整租|精装修|中层(共11层),已爬取
3642,观澜江境,1365383,https://jh.zu.anjuke.com/fangyuan/4497706478722061,2室2厅|整租|豪华装修|低层(共10层),已爬取
3643,观澜江境,1365383,https://jh.zu.anjuke.com/fangyuan/4624864631022600,3室2厅|整租|精装修|高层(共11层),已爬取
3644,观澜江境,1365383,https://jh.zu.anjuke.com/fangyuan/4496360193975302,2室2厅|整租|精装修|中层(共11层),已爬取
3645,观澜江境,1365383,https://jh.zu.anjuke.com/fangyuan/4615301656964098,3室2厅|整租|精装修|高层(共11层),已爬取
3646,玫瑰园,863050,https://jh.zu.anjuke.com/fangyuan/4575671036439556,2室2厅|整租|精装修|中层(共6层),已爬取
3647,缤虹星城(别墅),969409,https://jh.zu.anjuke.com/fangyuan/4555835591762951,4室2厅|整租|豪华装修|共3层,已爬取
3648,申华翡翠城,712100,https://jh.zu.anjuke.com/fangyuan/4572578127354892,1室0厅|整租|豪华装修|共5层,已爬取
3649,申华翡翠城,712100,https://jh.zu.anjuke.com/fangyuan/3954403568410638,1室1厅|整租|精装修|共5层,已爬取
3650,申华翡翠城,712100,https://jh.zu.anjuke.com/fangyuan/4274125538290701,1室1厅|整租|精装修|低层(共6层),已爬取
3651,申华翡翠城,712100,https://jh.zu.anjuke.com/fangyuan/3254665393774600,1室0厅|整租|精装修|共4层,已爬取
3652,申华翡翠城,712100,https://jh.zu.anjuke.com/fangyuan/3657273034890242,1室0厅|整租|精装修|低层(共7层),已爬取
3653,申华翡翠城,712100,https://jh.zu.anjuke.com/fangyuan/3991018379406342,1室0厅|整租|精装修|共5层,已爬取
3654,申华翡翠城,712100,https://jh.zu.anjuke.com/fangyuan/4176643212815364,1室0厅|整租|精装修|低层(共6层),已爬取
3655,申华翡翠城,712100,https://jh.zu.anjuke.com/fangyuan/4575912500534275,1室0厅|整租|精装修|共5层,已爬取
3656,申华翡翠城,712100,https://jh.zu.anjuke.com/fangyuan/4537445936423945,3室2厅|整租|精装修|共5层,已爬取
3657,申华翡翠城,712100,https://jh.zu.anjuke.com/fangyuan/4561248541973512,2室2厅|整租|简单装修|中层(共6层),已爬取
3658,怡景聚贤庭(商住楼),1209341,https://jh.zu.anjuke.com/fangyuan/4551633837433859,2室1厅|整租|精装修|中层(共20层),已爬取
3659,怡景聚贤庭(商住楼),1209341,https://jh.zu.anjuke.com/fangyuan/4540120331037700,1室1厅|整租|豪华装修|高层(共19层),已爬取
3660,怡景聚贤庭(商住楼),1209341,https://jh.zu.anjuke.com/fangyuan/4632309799152640,1室1厅|整租|精装修|低层(共20层),已爬取
3661,怡景聚贤庭(商住楼),1209341,https://jh.zu.anjuke.com/fangyuan/4616703406582793,3室2厅|整租|精装修|高层(共13层),已爬取
3662,怡景聚贤庭(商住楼),1209341,https://jh.zu.anjuke.com/fangyuan/4606572528393220,1室1厅|整租|精装修|高层(共21层),已爬取
3663,怡景聚贤庭(商住楼),1209341,https://jh.zu.anjuke.com/fangyuan/4524401850885128,1室1厅|整租|精装修|中层(共22层),已爬取
3664,怡景聚贤庭(商住楼),1209341,https://jh.zu.anjuke.com/fangyuan/4603938800575501,1室1厅|整租|精装修|高层(共22层),已爬取
3665,怡景聚贤庭(商住楼),1209341,https://jh.zu.anjuke.com/fangyuan/4536027875517455,2室1厅|整租|简单装修|高层(共18层),已爬取
3666,怡景聚贤庭(商住楼),1209341,https://jh.zu.anjuke.com/fangyuan/4603924557437962,3室2厅|整租|精装修|中层(共21层),已爬取
3667,怡景聚贤庭(商住楼),1209341,https://jh.zu.anjuke.com/fangyuan/4479199347727373,1室1厅|整租|精装修|低层(共20层),已爬取
3668,保集湖海塘庄园(二区别墅),908575,https://jh.zu.anjuke.com/fangyuan/4570016186067974,5室4厅|整租|豪华装修|共4层,已爬取
3669,万达广场,907593,https://jh.zu.anjuke.com/fangyuan/4626321149717506,1室0厅|整租|精装修|高层(共32层),已爬取
3670,万达广场,907593,https://jh.zu.anjuke.com/fangyuan/4612080101469193,1室1厅|整租|精装修|中层(共30层),已爬取
3671,万达广场,907593,https://jh.zu.anjuke.com/fangyuan/4606538769820681,1室1厅|整租|精装修|中层(共30层),已爬取
3672,万达广场,907593,https://jh.zu.anjuke.com/fangyuan/4626298686235659,1室0厅|整租|精装修|高层(共14层),已爬取
3673,万达广场,907593,https://jh.zu.anjuke.com/fangyuan/4483635313353729,2室1厅|整租|精装修|中层(共30层),已爬取
3674,万达广场,907593,https://jh.zu.anjuke.com/fangyuan/4485126767008782,1室1厅|整租|精装修|高层(共30层),已爬取
3675,万达广场,907593,https://jh.zu.anjuke.com/fangyuan/4626344984568839,1室0厅|整租|精装修|中层(共30层),已爬取
3676,万达广场,907593,https://jh.zu.anjuke.com/fangyuan/4516164726531079,1室1厅|整租|精装修|高层(共30层),已爬取
3677,万达广场,907593,https://jh.zu.anjuke.com/fangyuan/4625359700188164,1室1厅|整租|精装修|低层(共30层),已爬取
3678,万达广场,907593,https://jh.zu.anjuke.com/fangyuan/4607954173666312,1室1厅|整租|精装修|低层(共30层),已爬取
3679,香桂院,1389333,https://jh.zu.anjuke.com/fangyuan/4622214471588878,3室2厅|整租|精装修|高层(共16层),已爬取
3680,香桂院,1389333,https://jh.zu.anjuke.com/fangyuan/4631368080974850,2室2厅|整租|豪华装修|高层(共15层),已爬取
3681,香桂院,1389333,https://jh.zu.anjuke.com/fangyuan/4578275494028289,1室1厅|整租|精装修|低层(共18层),已爬取
3682,香桂院,1389333,https://jh.zu.anjuke.com/fangyuan/4629407122498567,3室2厅|整租|精装修|低层(共18层),已爬取
3683,香桂院,1389333,https://jh.zu.anjuke.com/fangyuan/4622448268286984,3室2厅|整租|精装修|高层(共11层),已爬取
3684,香桂院,1389333,https://jh.zu.anjuke.com/fangyuan/4594003418457103,1室1厅|整租|精装修|中层(共20层),已爬取
3685,香桂院,1389333,https://jh.zu.anjuke.com/fangyuan/4513409177037825,2室2厅|整租|豪华装修|高层(共16层),已爬取
3686,香桂院,1389333,https://jh.zu.anjuke.com/fangyuan/4610932922377217,1室1厅|整租|精装修|中层(共15层),已爬取
3687,香桂院,1389333,https://jh.zu.anjuke.com/fangyuan/4633491016801283,3室2厅|整租|豪华装修|低层(共17层),已爬取
3688,香桂院,1389333,https://jh.zu.anjuke.com/fangyuan/4570107312874505,1室1厅|整租|精装修|低层(共26层),已爬取
3689,保利堂悦,1849997,https://jh.zu.anjuke.com/fangyuan/4601530945463306,3室2厅|整租|精装修|低层(共14层),已爬取
3690,保利堂悦,1849997,https://jh.zu.anjuke.com/fangyuan/4602636263103493,3室2厅|整租|精装修|中层(共11层),已爬取
3691,保利堂悦,1849997,https://jh.zu.anjuke.com/fangyuan/4499347092759562,3室2厅|整租|豪华装修|低层(共10层),已爬取
3692,保利堂悦,1849997,https://jh.zu.anjuke.com/fangyuan/4543623896343564,3室2厅|整租|精装修|中层(共12层),已爬取
3693,保利堂悦,1849997,https://jh.zu.anjuke.com/fangyuan/4611451471879171,3室2厅|整租|精装修|低层(共11层),已爬取
3694,保利堂悦,1849997,https://jh.zu.anjuke.com/fangyuan/4424116170466314,3室2厅|整租|豪华装修|高层(共18层),已爬取
3695,保利堂悦,1849997,https://jh.zu.anjuke.com/fangyuan/4543022194469888,3室2厅|整租|精装修|中层(共20层),已爬取
3696,保利堂悦,1849997,https://jh.zu.anjuke.com/fangyuan/4602382795758599,3室2厅|整租|精装修|低层(共12层),已爬取
3697,保利堂悦,1849997,https://jh.zu.anjuke.com/fangyuan/4511805822002182,3室2厅|整租|豪华装修|高层(共16层),已爬取
3698,保利堂悦,1849997,https://jh.zu.anjuke.com/fangyuan/4511825843891215,3室2厅|整租|豪华装修|中层(共13层),已爬取
3699,美的大发云筑,1393087,https://jh.zu.anjuke.com/fangyuan/4521794549933060,3室1厅|整租|精装修|中层(共20层),已爬取
3700,美的大发云筑,1393087,https://jh.zu.anjuke.com/fangyuan/4477068798516231,3室2厅|整租|豪华装修|中层(共11层),已爬取
3701,美的大发云筑,1393087,https://jh.zu.anjuke.com/fangyuan/4422816177038350,3室2厅|整租|精装修|高层(共11层),已爬取
3702,美的大发云筑,1393087,https://jh.zu.anjuke.com/fangyuan/4590999084637188,3室2厅|整租|精装修|高层(共18层),已爬取
3703,美的大发云筑,1393087,https://jh.zu.anjuke.com/fangyuan/4509262924979210,3室2厅|整租|精装修|中层(共11层),已爬取
3704,美的大发云筑,1393087,https://jh.zu.anjuke.com/fangyuan/3716191076950030,3室2厅|整租|豪华装修|低层(共11层),已爬取
3705,美的大发云筑,1393087,https://jh.zu.anjuke.com/fangyuan/4335278296521741,3室2厅|整租|豪华装修|高层(共9层),已爬取
3706,美的大发云筑,1393087,https://jh.zu.anjuke.com/fangyuan/3195457470160909,3室2厅|整租|精装修|中层(共17层),已爬取
3707,美的大发云筑,1393087,https://jh.zu.anjuke.com/fangyuan/3513846252248075,3室2厅|整租|豪华装修|中层(共15层),已爬取
3708,美的大发云筑,1393087,https://jh.zu.anjuke.com/fangyuan/4281510297231360,3室2厅|整租|豪华装修|低层(共13层),已爬取
3709,保集蓝郡(别墅),969405,https://jh.zu.anjuke.com/fangyuan/3955573722456072,4室2厅|整租|豪华装修|共4层,已爬取
3710,保集蓝郡(别墅),969405,https://jh.zu.anjuke.com/fangyuan/4309287533075465,4室3厅|整租|豪华装修|共1层,已爬取
3711,保集蓝郡(别墅),969405,https://jh.zu.anjuke.com/fangyuan/4358785613864962,2室2厅|整租|精装修|中层(共19层),已爬取
3712,豪都金尊华府(别墅),969419,https://jh.zu.anjuke.com/fangyuan/4482213614478343,1室1厅|整租|精装修|中层(共12层),已爬取
3713,豪都金尊华府(别墅),969419,https://jh.zu.anjuke.com/fangyuan/4297853001669635,3室2厅|整租|精装修|中层(共30层),已爬取
3714,豪都金尊华府(别墅),969419,https://jh.zu.anjuke.com/fangyuan/4579603574266882,5室3厅|整租|毛坯|共4层,已爬取
3715,豪都金尊华府(别墅),969419,https://jh.zu.anjuke.com/fangyuan/4482222316170255,1室1厅|整租|精装修|中层(共12层),已爬取
3716,豪都金尊华府(别墅),969419,https://jh.zu.anjuke.com/fangyuan/4482220158839821,1室1厅|整租|精装修|中层(共12层),已爬取
3717,豪都金尊华府(别墅),969419,https://jh.zu.anjuke.com/fangyuan/4472626930672645,1室1厅|整租|精装修|中层(共16层),已爬取
3718,豪都金尊华府(别墅),969419,https://jh.zu.anjuke.com/fangyuan/4223192965487616,2室2厅|整租|精装修|中层(共33层),已爬取
3719,豪都金尊华府(别墅),969419,https://jh.zu.anjuke.com/fangyuan/4466314617232391,1室1厅|整租|精装修|中层(共16层),已爬取
3720,豪都金尊华府(别墅),969419,https://jh.zu.anjuke.com/fangyuan/4466351401001999,1室1厅|整租|精装修|中层(共16层),已爬取
3721,豪都金尊华府(别墅),969419,https://jh.zu.anjuke.com/fangyuan/4468003991297025,1室1厅|整租|精装修|中层(共16层),已爬取
3722,奥林匹克花园(别墅),868048,https://jh.zu.anjuke.com/fangyuan/4574346350535687,3室2厅|整租|精装修|中层(共6层),已爬取
3723,奥林匹克花园(别墅),868048,https://jh.zu.anjuke.com/fangyuan/4599959211367435,3室2厅|整租|精装修|高层(共6层),已爬取
3724,奥林匹克花园(别墅),868048,https://jh.zu.anjuke.com/fangyuan/4610850253331463,3室2厅|整租|精装修|高层(共6层),已爬取
3725,奥林匹克花园(别墅),868048,https://jh.zu.anjuke.com/fangyuan/4574351698322436,3室2厅|整租|精装修|低层(共6层),已爬取
3726,中奥东义府,1496533,https://jh.zu.anjuke.com/fangyuan/4529068414133254,3室1厅|整租|精装修|高层(共12层),已爬取
3727,中奥东义府,1496533,https://jh.zu.anjuke.com/fangyuan/4615631410504707,3室2厅|整租|精装修|高层(共21层),已爬取
3728,中奥东义府,1496533,https://jh.zu.anjuke.com/fangyuan/4634186470319117,3室2厅|整租|精装修|低层(共17层),已爬取
3729,中奥东义府,1496533,https://jh.zu.anjuke.com/fangyuan/4578488835890191,3室2厅|整租|精装修|中层(共22层),已爬取
3730,中奥东义府,1496533,https://jh.zu.anjuke.com/fangyuan/4547415683460106,3室2厅|整租|精装修|低层(共18层),已爬取
3731,中奥东义府,1496533,https://jh.zu.anjuke.com/fangyuan/4480475693444110,3室2厅|整租|精装修|高层(共13层),已爬取
3732,中奥东义府,1496533,https://jh.zu.anjuke.com/fangyuan/4616589264120835,3室2厅|整租|豪华装修|中层(共21层),已爬取
3733,中奥东义府,1496533,https://jh.zu.anjuke.com/fangyuan/4406229570968577,3室2厅|整租|精装修|低层(共16层),已爬取
3734,中奥东义府,1496533,https://jh.zu.anjuke.com/fangyuan/4615626680359948,3室2厅|整租|精装修|中层(共27层),已爬取
3735,中奥东义府,1496533,https://jh.zu.anjuke.com/fangyuan/4544992503983119,3室2厅|整租|豪华装修|低层(共21层),已爬取
3736,华庭常青墅(别墅),969421,https://jh.zu.anjuke.com/fangyuan/4572779931509771,4室3厅|整租|精装修|地下(共3层),已爬取
3737,远疆天域,1028460,https://jh.zu.anjuke.com/fangyuan/4628841646152713,1室1厅|整租|精装修|共1层,已爬取
3738,远疆天域,1028460,https://jh.zu.anjuke.com/fangyuan/4519276114109454,1室1厅|整租|简单装修|中层(共32层),已爬取
3739,远疆天域,1028460,https://jh.zu.anjuke.com/fangyuan/4219017561874432,2室2厅|整租|精装修|高层(共24层),已爬取
3740,远疆天域,1028460,https://jh.zu.anjuke.com/fangyuan/4631919230329856,1室1厅|整租|精装修|中层(共25层),已爬取
3741,远疆天域,1028460,https://jh.zu.anjuke.com/fangyuan/4616348860587012,3室1厅|整租|精装修|中层(共32层),已爬取
3742,远疆天域,1028460,https://jh.zu.anjuke.com/fangyuan/4359005052197889,2室2厅|整租|精装修|低层(共32层),已爬取
3743,远疆天域,1028460,https://jh.zu.anjuke.com/fangyuan/4601293800891405,3室2厅|整租|精装修|中层(共35层),已爬取
3744,远疆天域,1028460,https://jh.zu.anjuke.com/fangyuan/4364613617163276,2室2厅|整租|精装修|中层(共32层),已爬取
3745,远疆天域,1028460,https://jh.zu.anjuke.com/fangyuan/4499470797691911,1室1厅|整租|精装修|高层(共32层),已爬取
3746,远疆天域,1028460,https://jh.zu.anjuke.com/fangyuan/4503326047874060,2室2厅|整租|精装修|高层(共32层),已爬取
3747,仙源欧境,727283,https://jh.zu.anjuke.com/fangyuan/4517134895047694,4室3厅|整租|精装修|共3层,已爬取
3748,鸿城铂兰湾,968993,https://jh.zu.anjuke.com/fangyuan/4602814725696526,4室2厅|整租|豪华装修|高层(共30层),已爬取
3749,鸿城铂兰湾,968993,https://jh.zu.anjuke.com/fangyuan/4605507489981448,4室2厅|整租|精装修|高层(共29层),已爬取
3750,鸿城铂兰湾,968993,https://jh.zu.anjuke.com/fangyuan/4600783202577409,3室2厅|整租|精装修|高层(共30层),已爬取
3751,鸿城铂兰湾,968993,https://jh.zu.anjuke.com/fangyuan/4517685680151552,3室2厅|整租|精装修|高层(共30层),已爬取
3752,红星铂瑞花园(北区),1579808,https://jh.zu.anjuke.com/fangyuan/4629182750481413,1室1厅|整租|精装修|中层(共25层),已爬取
3753,红星铂瑞花园(北区),1579808,https://jh.zu.anjuke.com/fangyuan/4380079693306885,1室1厅|整租|精装修|高层(共25层),已爬取
3754,红星铂瑞花园(北区),1579808,https://jh.zu.anjuke.com/fangyuan/4578175914402826,1室1厅|整租|精装修|中层(共25层),已爬取
3755,红星铂瑞花园(北区),1579808,https://jh.zu.anjuke.com/fangyuan/4524333565193224,1室1厅|整租|精装修|高层(共25层),已爬取
3756,红星铂瑞花园(北区),1579808,https://jh.zu.anjuke.com/fangyuan/4578183110503432,1室1厅|整租|精装修|中层(共25层),已爬取
3757,红星铂瑞花园(北区),1579808,https://jh.zu.anjuke.com/fangyuan/4631970800460811,1室1厅|整租|精装修|中层(共25层),已爬取
3758,红星铂瑞花园(北区),1579808,https://jh.zu.anjuke.com/fangyuan/4631957151622144,1室1厅|整租|精装修|中层(共25层),已爬取
3759,红星铂瑞花园(北区),1579808,https://jh.zu.anjuke.com/fangyuan/4594067880125447,3室1厅|整租|精装修|低层(共25层),已爬取
3760,红星铂瑞花园(北区),1579808,https://jh.zu.anjuke.com/fangyuan/4477835454458889,1室1厅|整租|精装修|中层(共25层),已爬取
3761,红星铂瑞花园(北区),1579808,https://jh.zu.anjuke.com/fangyuan/4605392544881678,1室1厅|整租|精装修|中层(共26层),已爬取
3762,现代同心阁,968862,https://jh.zu.anjuke.com/fangyuan/4572585339464712,1室0厅|整租|豪华装修|共5层,已爬取
3763,现代同心阁,968862,https://jh.zu.anjuke.com/fangyuan/3978139433868296,1室0厅|整租|精装修|共5层,已爬取
3764,现代同心阁,968862,https://jh.zu.anjuke.com/fangyuan/3978132025269254,1室0厅|整租|精装修|共5层,已爬取
3765,现代同心阁,968862,https://jh.zu.anjuke.com/fangyuan/3594406043247627,1室0厅|整租|精装修|共5层,已爬取
3766,现代同心阁,968862,https://jh.zu.anjuke.com/fangyuan/4575693745200139,1室0厅|整租|精装修|共5层,已爬取
3767,现代同心阁,968862,https://jh.zu.anjuke.com/fangyuan/4516109904944143,2室2厅|整租|精装修|高层(共6层),已爬取
3768,现代同心阁,968862,https://jh.zu.anjuke.com/fangyuan/4624890878581770,2室2厅|整租|精装修|高层(共6层),已爬取
3769,现代同心阁,968862,https://jh.zu.anjuke.com/fangyuan/4171221524422671,2室1厅|整租|精装修|低层(共8层),已爬取
3770,现代同心阁,968862,https://jh.zu.anjuke.com/fangyuan/4524441772891143,2室2厅|整租|精装修|低层(共6层),已爬取
3771,现代同心阁,968862,https://jh.zu.anjuke.com/fangyuan/3058126218599429,1室0厅|整租|豪华装修|共5层,已爬取
3772,世贸151公馆,969152,https://jh.zu.anjuke.com/fangyuan/4596806790456326,3室2厅|整租|豪华装修|低层(共25层),已爬取
3773,世贸151公馆,969152,https://jh.zu.anjuke.com/fangyuan/4601037406149642,3室2厅|整租|精装修|高层(共25层),已爬取
3774,世贸151公馆,969152,https://jh.zu.anjuke.com/fangyuan/4572940089138186,3室2厅|整租|豪华装修|低层(共26层),已爬取
3775,世贸151公馆,969152,https://jh.zu.anjuke.com/fangyuan/4556972805626892,3室2厅|整租|精装修|高层(共26层),已爬取
3776,新城香悦兰城,1415778,https://jh.zu.anjuke.com/fangyuan/4625446422799367,3室2厅|整租|精装修|高层(共18层),已爬取
3777,新城香悦兰城,1415778,https://jh.zu.anjuke.com/fangyuan/4508811749204996,3室2厅|整租|精装修|中层(共17层),已爬取
3778,新城香悦兰城,1415778,https://jh.zu.anjuke.com/fangyuan/4508817423770626,3室2厅|整租|精装修|中层(共17层),已爬取
3779,新城香悦兰城,1415778,https://jh.zu.anjuke.com/fangyuan/4016376797110281,1室1厅|整租|精装修|共3层,已爬取
3780,欧源原墅,864635,https://jh.zu.anjuke.com/fangyuan/4585506082597891,1室0厅|整租|豪华装修|共4层,已爬取
3781,欧源原墅,864635,https://jh.zu.anjuke.com/fangyuan/4589456979373060,6室3厅|整租|豪华装修|共4层,已爬取
3782,五里亭邨(溪西二区),969124,https://jh.zu.anjuke.com/fangyuan/4602165696095233,2室1厅|整租|精装修|低层(共6层),已爬取
3783,五里亭邨(溪西二区),969124,https://jh.zu.anjuke.com/fangyuan/4548277209406471,3室2厅|整租|精装修|中层(共6层),已爬取
3784,金厦银湖城(北区),1254434,https://jh.zu.anjuke.com/fangyuan/4617196580428810,3室2厅|整租|精装修|中层(共11层),已爬取
3785,金厦银湖城(北区),1254434,https://jh.zu.anjuke.com/fangyuan/4626500552764426,3室2厅|整租|精装修|低层(共11层),已爬取
3786,金厦银湖城(北区),1254434,https://jh.zu.anjuke.com/fangyuan/4616697166128128,3室2厅|整租|精装修|中层(共6层),已爬取
3787,金厦银湖城(北区),1254434,https://jh.zu.anjuke.com/fangyuan/4613605044182030,3室3厅|整租|豪华装修|地下(共2层),已爬取
3788,金厦银湖城(北区),1254434,https://jh.zu.anjuke.com/fangyuan/4599727786617867,2室2厅|整租|豪华装修|中层(共11层),已爬取
3789,金厦银湖城(北区),1254434,https://jh.zu.anjuke.com/fangyuan/4521830465299458,3室2厅|整租|豪华装修|中层(共8层),已爬取
3790,金厦银湖城(北区),1254434,https://jh.zu.anjuke.com/fangyuan/4619704093058050,3室2厅|整租|精装修|低层(共6层),已爬取
3791,金厦银湖城(北区),1254434,https://jh.zu.anjuke.com/fangyuan/4528680861395977,3室2厅|整租|精装修|高层(共6层),已爬取
3792,金厦银湖城(北区),1254434,https://jh.zu.anjuke.com/fangyuan/4611097526756359,3室2厅|整租|精装修|低层(共6层),已爬取
3793,金厦银湖城(北区),1254434,https://jh.zu.anjuke.com/fangyuan/4626289794313220,3室2厅|整租|精装修|中层(共8层),已爬取
3794,明都星耀城,1135517,https://jh.zu.anjuke.com/fangyuan/4632252283558921,3室2厅|整租|精装修|中层(共18层),已爬取
3795,明都星耀城,1135517,https://jh.zu.anjuke.com/fangyuan/4633686566579214,3室2厅|整租|精装修|中层(共18层),已爬取
3796,明都星耀城,1135517,https://jh.zu.anjuke.com/fangyuan/4626243589708815,3室2厅|整租|精装修|中层(共18层),已爬取
3797,明都星耀城,1135517,https://jh.zu.anjuke.com/fangyuan/4633642507758592,3室2厅|整租|精装修|低层(共18层),已爬取
3798,明都星耀城,1135517,https://jh.zu.anjuke.com/fangyuan/4588400553632769,3室2厅|整租|精装修|高层(共18层),已爬取
3799,明都星耀城,1135517,https://jh.zu.anjuke.com/fangyuan/4616408055309324,3室2厅|整租|精装修|中层(共18层),已爬取
3800,明都星耀城,1135517,https://jh.zu.anjuke.com/fangyuan/4566984532372487,2室2厅|整租|精装修|低层(共11层),已爬取
3801,明都星耀城,1135517,https://jh.zu.anjuke.com/fangyuan/4606780256545799,3室2厅|整租|精装修|高层(共18层),已爬取
3802,明都星耀城,1135517,https://jh.zu.anjuke.com/fangyuan/4554451856548876,3室2厅|整租|精装修|中层(共18层),已爬取
3803,明都星耀城,1135517,https://jh.zu.anjuke.com/fangyuan/4632253711346698,3室2厅|整租|精装修|中层(共18层),已爬取
3804,建工新村,873370,https://jh.zu.anjuke.com/fangyuan/4576733076446220,2室1厅|整租|精装修|共5层,已爬取
3805,建工新村,873370,https://jh.zu.anjuke.com/fangyuan/4622366643792904,3室2厅|整租|简单装修|共5层,已爬取
3806,建工新村,873370,https://jh.zu.anjuke.com/fangyuan/4631989221319684,3室1厅|整租|简单装修|低层(共6层),已爬取
3807,建工新村,873370,https://jh.zu.anjuke.com/fangyuan/4469416957254658,3室2厅|整租|精装修|低层(共7层),已爬取
3808,建工新村,873370,https://jh.zu.anjuke.com/fangyuan/4589779983772684,3室2厅|整租|精装修|高层(共6层),已爬取
3809,建工新村,873370,https://jh.zu.anjuke.com/fangyuan/4599845346716679,3室2厅|整租|简单装修|高层(共6层),已爬取
3810,建工新村,873370,https://jh.zu.anjuke.com/fangyuan/4624855676724239,1室1厅|整租|简单装修|低层(共6层),已爬取
3811,建工新村,873370,https://jh.zu.anjuke.com/fangyuan/4317936884919310,3室2厅|整租|简单装修|共5层,已爬取
3812,南江西园,1597835,https://jh.zu.anjuke.com/fangyuan/4617849974006794,2室2厅|整租|精装修|低层(共28层),已爬取
3813,南江西园,1597835,https://jh.zu.anjuke.com/fangyuan/4410098014399489,2室2厅|整租|豪华装修|中层(共32层),已爬取
3814,南江西园,1597835,https://jh.zu.anjuke.com/fangyuan/4631974055207949,2室2厅|整租|精装修|高层(共32层),已爬取
3815,南江西园,1597835,https://jh.zu.anjuke.com/fangyuan/4630957713761289,2室2厅|整租|豪华装修|中层(共32层),已爬取
3816,南江西园,1597835,https://jh.zu.anjuke.com/fangyuan/4630952860869638,3室2厅|整租|精装修|高层(共11层),已爬取
3817,南江西园,1597835,https://jh.zu.anjuke.com/fangyuan/4609249090364416,4室2厅|整租|精装修|高层(共11层),已爬取
3818,南江西园,1597835,https://jh.zu.anjuke.com/fangyuan/4615381491655685,2室2厅|整租|精装修|中层(共32层),已爬取
3819,南江西园,1597835,https://jh.zu.anjuke.com/fangyuan/4633282896829442,3室2厅|整租|精装修|高层(共32层),已爬取
3820,南江西园,1597835,https://jh.zu.anjuke.com/fangyuan/4493260458515468,3室2厅|整租|精装修|低层(共25层),已爬取
3821,南江西园,1597835,https://jh.zu.anjuke.com/fangyuan/4538846494417928,3室2厅|整租|精装修|高层(共32层),已爬取
3822,紫荆庄园,871943,https://jh.zu.anjuke.com/fangyuan/4631068505648141,7室4厅|整租|简单装修|地下(共3层),已爬取
3823,紫荆庄园,871943,https://jh.zu.anjuke.com/fangyuan/4569717106486274,2室2厅|整租|豪华装修|低层(共29层),已爬取
3824,紫荆庄园,871943,https://jh.zu.anjuke.com/fangyuan/2916682004769804,5室3厅|整租|豪华装修|共3层,已爬取
3825,紫荆庄园,871943,https://jh.zu.anjuke.com/fangyuan/4613704695110669,2室2厅|整租|精装修|中层(共29层),已爬取
3826,紫荆庄园,871943,https://jh.zu.anjuke.com/fangyuan/4367880154160128,5室3厅|整租|毛坯|共4层,已爬取
3827,紫荆庄园,871943,https://jh.zu.anjuke.com/fangyuan/4512234883408898,3室2厅|整租|精装修|中层(共29层),已爬取
3828,紫荆庄园,871943,https://jh.zu.anjuke.com/fangyuan/4610735701437445,4室3厅|整租|豪华装修|共4层,已爬取
3829,紫荆庄园,871943,https://jh.zu.anjuke.com/fangyuan/4619250465973252,6室4厅|整租|精装修|共3层,已爬取
3830,紫荆庄园,871943,https://jh.zu.anjuke.com/fangyuan/4495452043748354,2室2厅|整租|精装修|中层(共29层),已爬取
3831,紫荆庄园,871943,https://jh.zu.anjuke.com/fangyuan/4631056892783624,5室3厅|整租|精装修|共3层,已爬取
3832,中天中腾云上名邸,1393088,https://jh.zu.anjuke.com/fangyuan/4183555491930116,3室1厅|整租|精装修|低层(共18层),已爬取
3833,中天中腾云上名邸,1393088,https://jh.zu.anjuke.com/fangyuan/4592627881683977,3室2厅|整租|豪华装修|低层(共30层),已爬取
3834,中天中腾云上名邸,1393088,https://jh.zu.anjuke.com/fangyuan/4634175109506062,3室2厅|整租|精装修|低层(共32层),已爬取
3835,中天中腾云上名邸,1393088,https://jh.zu.anjuke.com/fangyuan/4618006933906444,3室2厅|整租|精装修|中层(共26层),已爬取
3836,中天中腾云上名邸,1393088,https://jh.zu.anjuke.com/fangyuan/4580436175019021,3室2厅|整租|豪华装修|中层(共21层),已爬取
3837,中天中腾云上名邸,1393088,https://jh.zu.anjuke.com/fangyuan/4630693431303170,3室2厅|整租|精装修|低层(共26层),已爬取
3838,中天中腾云上名邸,1393088,https://jh.zu.anjuke.com/fangyuan/4554857382667264,3室2厅|整租|精装修|低层(共28层),已爬取
3839,中天中腾云上名邸,1393088,https://jh.zu.anjuke.com/fangyuan/4473767301262344,4室2厅|整租|精装修|中层(共18层),已爬取
3840,中天中腾云上名邸,1393088,https://jh.zu.anjuke.com/fangyuan/4578544339807242,3室2厅|整租|精装修|低层(共18层),已爬取
3841,中天中腾云上名邸,1393088,https://jh.zu.anjuke.com/fangyuan/4616485822045199,3室2厅|整租|精装修|高层(共22层),已爬取
3842,中南漫悦湾,1367137,https://jh.zu.anjuke.com/fangyuan/4541445436320781,1室1厅|整租|豪华装修|高层(共7层),已爬取
3843,中南漫悦湾,1367137,https://jh.zu.anjuke.com/fangyuan/4615714359813135,2室2厅|整租|精装修|高层(共22层),已爬取
3844,中南漫悦湾,1367137,https://jh.zu.anjuke.com/fangyuan/4524906851916805,3室2厅|整租|精装修|低层(共22层),已爬取
3845,中南漫悦湾,1367137,https://jh.zu.anjuke.com/fangyuan/4547058377956364,4室2厅|整租|豪华装修|中层(共22层),已爬取
3846,中南漫悦湾,1367137,https://jh.zu.anjuke.com/fangyuan/4522945879974923,4室2厅|整租|精装修|低层(共19层),已爬取
3847,中南漫悦湾,1367137,https://jh.zu.anjuke.com/fangyuan/4612069574075404,3室2厅|整租|精装修|高层(共22层),已爬取
3848,中南漫悦湾,1367137,https://jh.zu.anjuke.com/fangyuan/4531849457673219,3室2厅|整租|精装修|中层(共22层),已爬取
3849,中南漫悦湾,1367137,https://jh.zu.anjuke.com/fangyuan/4557243249536012,3室2厅|整租|精装修|高层(共22层),已爬取
3850,中南漫悦湾,1367137,https://jh.zu.anjuke.com/fangyuan/4585490604055554,3室2厅|整租|精装修|低层(共22层),已爬取
3851,中南漫悦湾,1367137,https://jh.zu.anjuke.com/fangyuan/4517333325405192,3室2厅|整租|豪华装修|中层(共22层),已爬取
3852,万科臻和院,1302938,https://jh.zu.anjuke.com/fangyuan/4589899200896015,1室0厅|整租|精装修|中层(共14层),已爬取
3853,万科臻和院,1302938,https://jh.zu.anjuke.com/fangyuan/4601081287289860,1室1厅|整租|精装修|高层(共12层),已爬取
3854,万科臻和院,1302938,https://jh.zu.anjuke.com/fangyuan/4595529682592769,2室2厅|整租|精装修|低层(共8层),已爬取
3855,万科臻和院,1302938,https://jh.zu.anjuke.com/fangyuan/4418509594682368,1室0厅|整租|精装修|高层(共14层),已爬取
3856,万科臻和院,1302938,https://jh.zu.anjuke.com/fangyuan/4599738678420483,1室0厅|整租|精装修|中层(共15层),已爬取
3857,万科臻和院,1302938,https://jh.zu.anjuke.com/fangyuan/4575589884632073,1室1厅|整租|豪华装修|高层(共14层),已爬取
3858,万科臻和院,1302938,https://jh.zu.anjuke.com/fangyuan/4633844067557387,3室2厅|整租|豪华装修|高层(共9层),已爬取
3859,东方国际复合社区双塔综合楼,995369,https://jh.zu.anjuke.com/fangyuan/4322171154820098,1室1厅|整租|精装修|中层(共30层),已爬取
3860,东方国际复合社区双塔综合楼,995369,https://jh.zu.anjuke.com/fangyuan/4629066815597569,2室1厅|整租|精装修|高层(共31层),已爬取
3861,东方国际复合社区双塔综合楼,995369,https://jh.zu.anjuke.com/fangyuan/4595483719166985,1室0厅|整租|精装修|中层(共30层),已爬取
3862,东方国际复合社区双塔综合楼,995369,https://jh.zu.anjuke.com/fangyuan/4497455528272905,1室0厅|整租|精装修|低层(共31层),已爬取
3863,东方国际复合社区双塔综合楼,995369,https://jh.zu.anjuke.com/fangyuan/4173668688702475,1室0厅|整租|精装修|中层(共31层),已爬取
3864,东方国际复合社区双塔综合楼,995369,https://jh.zu.anjuke.com/fangyuan/4308173762747401,1室0厅|整租|精装修|中层(共30层),已爬取
3865,东方国际复合社区双塔综合楼,995369,https://jh.zu.anjuke.com/fangyuan/4600709889813504,1室0厅|整租|精装修|中层(共31层),已爬取
3866,东方国际复合社区双塔综合楼,995369,https://jh.zu.anjuke.com/fangyuan/4207611608951822,1室0厅|整租|精装修|中层(共30层),已爬取
3867,东方国际复合社区双塔综合楼,995369,https://jh.zu.anjuke.com/fangyuan/4381873358527499,1室1厅|整租|精装修|中层(共31层),已爬取
3868,东方国际复合社区双塔综合楼,995369,https://jh.zu.anjuke.com/fangyuan/4627700268637196,1室0厅|整租|精装修|中层(共31层),已爬取
3869,婺江印月,1241936,https://jh.zu.anjuke.com/fangyuan/4479495885822978,3室2厅|整租|豪华装修|高层(共19层),已爬取
3870,婺江印月,1241936,https://jh.zu.anjuke.com/fangyuan/4598092929408005,4室2厅|整租|豪华装修|低层(共26层),已爬取
3871,婺江印月,1241936,https://jh.zu.anjuke.com/fangyuan/4602627640976384,2室2厅|整租|精装修|中层(共18层),已爬取
3872,婺江印月,1241936,https://jh.zu.anjuke.com/fangyuan/4581272016460804,2室2厅|整租|精装修|中层(共11层),已爬取
3873,婺江印月,1241936,https://jh.zu.anjuke.com/fangyuan/4530561809689615,3室2厅|整租|精装修|高层(共18层),已爬取
3874,婺江印月,1241936,https://jh.zu.anjuke.com/fangyuan/4579872872389632,3室2厅|整租|精装修|中层(共18层),已爬取
3875,婺江印月,1241936,https://jh.zu.anjuke.com/fangyuan/4581300617636875,3室2厅|整租|精装修|高层(共25层),已爬取
3876,婺江印月,1241936,https://jh.zu.anjuke.com/fangyuan/4539189021813764,3室2厅|整租|豪华装修|低层(共10层),已爬取
3877,婺江印月,1241936,https://jh.zu.anjuke.com/fangyuan/4556149184013313,3室2厅|整租|豪华装修|高层(共26层),已爬取
3878,婺江印月,1241936,https://jh.zu.anjuke.com/fangyuan/4571631645713408,3室2厅|整租|豪华装修|高层(共22层),已爬取
3879,瑞唐国际,1001555,https://jh.zu.anjuke.com/fangyuan/4632166076537857,1室1厅|整租|精装修|高层(共18层),已爬取
3880,瑞唐国际,1001555,https://jh.zu.anjuke.com/fangyuan/4588280291023877,1室1厅|整租|精装修|高层(共17层),已爬取
3881,瑞唐国际,1001555,https://jh.zu.anjuke.com/fangyuan/4541470421363717,1室1厅|整租|精装修|高层(共18层),已爬取
3882,瑞唐国际,1001555,https://jh.zu.anjuke.com/fangyuan/4626343608212480,1室1厅|整租|精装修|中层(共18层),已爬取
3883,瑞唐国际,1001555,https://jh.zu.anjuke.com/fangyuan/4626540048931848,1室1厅|整租|精装修|中层(共18层),已爬取
3884,瑞唐国际,1001555,https://jh.zu.anjuke.com/fangyuan/4411319993900044,2室1厅|整租|精装修|高层(共18层),已爬取
3885,瑞唐国际,1001555,https://jh.zu.anjuke.com/fangyuan/4526123560119302,1室2厅|整租|精装修|中层(共18层),已爬取
3886,瑞唐国际,1001555,https://jh.zu.anjuke.com/fangyuan/4603997946174475,1室1厅|整租|精装修|中层(共18层),已爬取
3887,瑞唐国际,1001555,https://jh.zu.anjuke.com/fangyuan/4581369975610380,1室1厅|整租|精装修|中层(共13层),已爬取
3888,瑞唐国际,1001555,https://jh.zu.anjuke.com/fangyuan/4483557299923977,2室2厅|整租|精装修|低层(共18层),已爬取
3889,华都大源,1383041,https://jh.zu.anjuke.com/fangyuan/4627038196227077,2室2厅|整租|豪华装修|高层(共16层),已爬取
3890,华都大源,1383041,https://jh.zu.anjuke.com/fangyuan/4479302604909572,2室2厅|整租|豪华装修|高层(共15层),已爬取
3891,华都大源,1383041,https://jh.zu.anjuke.com/fangyuan/4562549114919939,1室0厅|整租|精装修|中层(共26层),已爬取
3892,华都大源,1383041,https://jh.zu.anjuke.com/fangyuan/4572507114413058,1室1厅|整租|精装修|高层(共22层),已爬取
3893,华都大源,1383041,https://jh.zu.anjuke.com/fangyuan/4528818129509378,2室1厅|整租|精装修|低层(共30层),已爬取
3894,华都大源,1383041,https://jh.zu.anjuke.com/fangyuan/4618142826261509,2室2厅|整租|精装修|高层(共15层),已爬取
3895,华都大源,1383041,https://jh.zu.anjuke.com/fangyuan/4574033541852166,3室3厅|整租|精装修|中层(共18层),已爬取
3896,华都大源,1383041,https://jh.zu.anjuke.com/fangyuan/4554116440726538,1室1厅|整租|精装修|高层(共21层),已爬取
3897,华都大源,1383041,https://jh.zu.anjuke.com/fangyuan/4542773225645066,2室2厅|整租|精装修|高层(共16层),已爬取
3898,华都大源,1383041,https://jh.zu.anjuke.com/fangyuan/4594096229606403,1室0厅|整租|精装修|低层(共16层),已爬取
3899,保亿天润华府,1368704,https://jh.zu.anjuke.com/fangyuan/4485387824557059,4室2厅|整租|豪华装修|中层(共10层),已爬取
3900,上铁江枫雅苑,1308187,https://jh.zu.anjuke.com/fangyuan/4625276187925514,3室2厅|整租|精装修|中层(共10层),已爬取
3901,上铁江枫雅苑,1308187,https://jh.zu.anjuke.com/fangyuan/4622346621983758,3室2厅|整租|精装修|低层(共17层),已爬取
3902,君华水岸东区,1102346,https://jh.zu.anjuke.com/fangyuan/4239891660237831,3室2厅|整租|简单装修|高层(共20层),已爬取
3903,君华水岸东区,1102346,https://jh.zu.anjuke.com/fangyuan/3292797385662478,3室2厅|整租|精装修|中层(共12层),已爬取
3904,和居苑,968978,https://jh.zu.anjuke.com/fangyuan/4613426333871106,2室2厅|整租|豪华装修|高层(共10层),已爬取
3905,碧桂园德信君宸府,1084164,https://jh.zu.anjuke.com/fangyuan/4621247256697863,3室2厅|整租|精装修|高层(共17层),已爬取
3906,汽车城丽晶湾,1382054,https://jh.zu.anjuke.com/fangyuan/3780358780838918,1室0厅|整租|精装修|共5层,已爬取
3907,汽车城丽晶湾,1382054,https://jh.zu.anjuke.com/fangyuan/4553047395083264,3室2厅|整租|豪华装修|高层(共34层),已爬取
3908,汽车城丽晶湾,1382054,https://jh.zu.anjuke.com/fangyuan/3788865221206029,1室1厅|整租|精装修|共5层,已爬取
3909,汽车城丽晶湾,1382054,https://jh.zu.anjuke.com/fangyuan/4552543238513669,3室2厅|整租|豪华装修|中层(共31层),已爬取
3910,汽车城丽晶湾,1382054,https://jh.zu.anjuke.com/fangyuan/3756059257695247,1室1厅|整租|精装修|高层(共7层),已爬取
3911,汽车城丽晶湾,1382054,https://jh.zu.anjuke.com/fangyuan/4132661389271055,3室2厅|整租|精装修|中层(共30层),已爬取
3912,汽车城丽晶湾,1382054,https://jh.zu.anjuke.com/fangyuan/3628687909084162,1室1厅|整租|精装修|低层(共6层),已爬取
3913,汽车城丽晶湾,1382054,https://jh.zu.anjuke.com/fangyuan/4478468688063491,4室2厅|整租|精装修|高层(共19层),已爬取
3914,汽车城丽晶湾,1382054,https://jh.zu.anjuke.com/fangyuan/4578428599870478,3室2厅|整租|精装修|高层(共33层),已爬取
3915,汽车城丽晶湾,1382054,https://jh.zu.anjuke.com/fangyuan/4581114862070794,3室2厅|整租|豪华装修|高层(共28层),已爬取
3916,都汇云境府,1323210,https://jh.zu.anjuke.com/fangyuan/4619368288332807,4室2厅|整租|精装修|中层(共28层),已爬取
3917,都汇云境府,1323210,https://jh.zu.anjuke.com/fangyuan/4588026816818183,3室2厅|整租|精装修|高层(共23层),已爬取
3918,都汇云境府,1323210,https://jh.zu.anjuke.com/fangyuan/4018032342147086,1室0厅|整租|精装修|共4层,已爬取
3919,都汇云境府,1323210,https://jh.zu.anjuke.com/fangyuan/4467999873281038,3室2厅|整租|精装修|中层(共25层),已爬取
3920,都汇云境府,1323210,https://jh.zu.anjuke.com/fangyuan/4408993977261061,4室2厅|整租|精装修|高层(共28层),已爬取
3921,都汇云境府,1323210,https://jh.zu.anjuke.com/fangyuan/4386399775042564,1室0厅|整租|简单装修|共1层,已爬取
3922,都汇云境府,1323210,https://jh.zu.anjuke.com/fangyuan/4618118843048975,4室2厅|整租|精装修|中层(共24层),已爬取
3923,都汇云境府,1323210,https://jh.zu.anjuke.com/fangyuan/4619700550216711,3室2厅|整租|精装修|高层(共25层),已爬取
3924,都汇云境府,1323210,https://jh.zu.anjuke.com/fangyuan/4411075608144896,4室2厅|整租|精装修|高层(共26层),已爬取
3925,都汇云境府,1323210,https://jh.zu.anjuke.com/fangyuan/4618139083842562,4室2厅|整租|精装修|中层(共24层),已爬取
3926,城西香墅,863480,https://jh.zu.anjuke.com/fangyuan/4244141807393799,1室1厅|整租|精装修|中层(共6层),已爬取
3927,城西香墅,863480,https://jh.zu.anjuke.com/fangyuan/4514932141845517,1室0厅|整租|精装修|共5层,已爬取
3928,城西香墅,863480,https://jh.zu.anjuke.com/fangyuan/4515196648416271,1室0厅|整租|精装修|共5层,已爬取
3929,城西香墅,863480,https://jh.zu.anjuke.com/fangyuan/4542849637344268,1室1厅|整租|豪华装修|共5层,已爬取
3930,公园里,671082,https://jh.zu.anjuke.com/fangyuan/4596892235443209,2室4厅|整租|豪华装修|中层(共6层),已爬取
3931,公园里,671082,https://jh.zu.anjuke.com/fangyuan/4550569077599247,1室1厅|整租|精装修|共5层,已爬取
3932,公园里,671082,https://jh.zu.anjuke.com/fangyuan/4501595400252420,1室1厅|整租|精装修|共5层,已爬取
3933,公园里,671082,https://jh.zu.anjuke.com/fangyuan/4596953139747842,2室2厅|整租|精装修|共5层,已爬取
3934,公园里,671082,https://jh.zu.anjuke.com/fangyuan/4556835852147720,1室1厅|整租|精装修|共5层,已爬取
3935,公园里,671082,https://jh.zu.anjuke.com/fangyuan/4547044972487686,1室1厅|整租|精装修|中层(共8层),已爬取
3936,公园里,671082,https://jh.zu.anjuke.com/fangyuan/3968476300091396,1室0厅|整租|精装修|共5层,已爬取
3937,公园里,671082,https://jh.zu.anjuke.com/fangyuan/4631512514292741,2室2厅|整租|精装修|共5层,已爬取
3938,公园里,671082,https://jh.zu.anjuke.com/fangyuan/4579375636229124,1室1厅|整租|精装修|共5层,已爬取
3939,公园里,671082,https://jh.zu.anjuke.com/fangyuan/4513860491320333,1室0厅|整租|精装修|共5层,已爬取
3940,嘉星上尚城,969350,https://jh.zu.anjuke.com/fangyuan/4592398742330383,3室2厅|整租|精装修|高层(共17层),已爬取
3941,嘉星上尚城,969350,https://jh.zu.anjuke.com/fangyuan/4578082269436932,3室2厅|整租|精装修|共5层,已爬取
3942,嘉星上尚城,969350,https://jh.zu.anjuke.com/fangyuan/4602264444754958,3室2厅|整租|精装修|高层(共17层),已爬取
3943,嘉星上尚城,969350,https://jh.zu.anjuke.com/fangyuan/4598387174419467,3室2厅|整租|精装修|高层(共15层),已爬取
3944,景欣华府,1286225,https://jh.zu.anjuke.com/fangyuan/4395533618455567,3室2厅|整租|精装修|中层(共26层),已爬取
3945,景欣华府,1286225,https://jh.zu.anjuke.com/fangyuan/4484523856471052,3室2厅|整租|精装修|高层(共31层),已爬取
3946,景欣华府,1286225,https://jh.zu.anjuke.com/fangyuan/4615065530164235,3室2厅|整租|豪华装修|中层(共21层),已爬取
3947,景欣华府,1286225,https://jh.zu.anjuke.com/fangyuan/4602344299883522,2室1厅|整租|精装修|共5层,已爬取
3948,景欣华府,1286225,https://jh.zu.anjuke.com/fangyuan/4623467850750991,2室1厅|整租|精装修|高层(共6层),已爬取
3949,景欣华府,1286225,https://jh.zu.anjuke.com/fangyuan/4600877022389257,1室1厅|整租|简单装修|共5层,已爬取
3950,景欣华府,1286225,https://jh.zu.anjuke.com/fangyuan/4606863875433481,3室2厅|整租|精装修|中层(共26层),已爬取
3951,景欣华府,1286225,https://jh.zu.anjuke.com/fangyuan/4508994896749576,3室2厅|整租|精装修|中层(共27层),已爬取
3952,景欣华府,1286225,https://jh.zu.anjuke.com/fangyuan/4599736073757700,1室1厅|整租|豪华装修|共5层,已爬取
3953,景欣华府,1286225,https://jh.zu.anjuke.com/fangyuan/4623491263327240,2室1厅|整租|精装修|共5层,已爬取
3954,金地峰汇,1442739,https://jh.zu.anjuke.com/fangyuan/4428606063156233,4室2厅|整租|豪华装修|低层(共18层),已爬取
3955,金地峰汇,1442739,https://jh.zu.anjuke.com/fangyuan/4593986014649359,4室2厅|整租|精装修|高层(共20层),已爬取
3956,金地峰汇,1442739,https://jh.zu.anjuke.com/fangyuan/4516154375580679,4室2厅|整租|豪华装修|高层(共18层),已爬取
3957,金地峰汇,1442739,https://jh.zu.anjuke.com/fangyuan/4596867729124367,4室2厅|整租|豪华装修|高层(共17层),已爬取
3958,金地峰汇,1442739,https://jh.zu.anjuke.com/fangyuan/4608298755515405,4室2厅|整租|精装修|高层(共17层),已爬取
3959,金地峰汇,1442739,https://jh.zu.anjuke.com/fangyuan/4606481000799239,3室2厅|整租|豪华装修|低层(共16层),已爬取
3960,金地峰汇,1442739,https://jh.zu.anjuke.com/fangyuan/4631454416165903,3室2厅|整租|豪华装修|低层(共17层),已爬取
3961,金地峰汇,1442739,https://jh.zu.anjuke.com/fangyuan/4604123127143433,4室2厅|整租|精装修|高层(共17层),已爬取
3962,金地峰汇,1442739,https://jh.zu.anjuke.com/fangyuan/4608242087074821,4室2厅|整租|豪华装修|高层(共19层),已爬取
3963,金地峰汇,1442739,https://jh.zu.anjuke.com/fangyuan/3798377257427974,3室2厅|整租|精装修|低层(共12层),已爬取
3964,东阳银泰城(商住楼),1087612,https://jh.zu.anjuke.com/fangyuan/4553881962095618,1室1厅|整租|豪华装修|低层(共27层),已爬取
3965,东阳银泰城(商住楼),1087612,https://jh.zu.anjuke.com/fangyuan/4476627201432587,1室1厅|整租|豪华装修|共5层,已爬取
3966,东阳银泰城(商住楼),1087612,https://jh.zu.anjuke.com/fangyuan/4473432554232834,1室0厅|整租|精装修|共5层,已爬取
3967,东阳银泰城(商住楼),1087612,https://jh.zu.anjuke.com/fangyuan/4588200056675333,1室1厅|整租|精装修|中层(共30层),已爬取
3968,东阳银泰城(商住楼),1087612,https://jh.zu.anjuke.com/fangyuan/4619528910679040,2室2厅|整租|精装修|高层(共28层),已爬取
3969,东阳银泰城(商住楼),1087612,https://jh.zu.anjuke.com/fangyuan/4601104584662028,2室1厅|整租|精装修|高层(共28层),已爬取
3970,东阳银泰城(商住楼),1087612,https://jh.zu.anjuke.com/fangyuan/4054936547990543,1室1厅|整租|精装修|高层(共11层),已爬取
3971,东阳银泰城(商住楼),1087612,https://jh.zu.anjuke.com/fangyuan/4630717584501763,1室1厅|整租|精装修|中层(共29层),已爬取
3972,东阳银泰城(商住楼),1087612,https://jh.zu.anjuke.com/fangyuan/4544241260782593,1室1厅|整租|精装修|中层(共28层),已爬取
3973,东阳银泰城(商住楼),1087612,https://jh.zu.anjuke.com/fangyuan/4555807451016197,3室1厅|整租|豪华装修|中层(共13层),已爬取
3974,宝隆名园,1045572,https://jh.zu.anjuke.com/fangyuan/4196846522342404,1室1厅|整租|精装修|中层(共7层),已爬取
3975,宝隆名园,1045572,https://jh.zu.anjuke.com/fangyuan/4476473786803206,1室0厅|整租|精装修|高层(共7层),已爬取
3976,宝隆名园,1045572,https://jh.zu.anjuke.com/fangyuan/4308079220711432,1室0厅|整租|精装修|高层(共16层),已爬取
3977,宝隆名园,1045572,https://jh.zu.anjuke.com/fangyuan/4011079751655435,2室1厅|整租|精装修|共5层,已爬取
3978,宝隆名园,1045572,https://jh.zu.anjuke.com/fangyuan/4622107984108559,3室2厅|整租|精装修|高层(共20层),已爬取
3979,秦王公馆,1159074,https://jh.zu.anjuke.com/fangyuan/4630807755987974,3室2厅|整租|精装修|高层(共15层),已爬取
3980,秦王公馆,1159074,https://jh.zu.anjuke.com/fangyuan/4525707786841095,4室2厅|整租|精装修|中层(共11层),已爬取
3981,秦王公馆,1159074,https://jh.zu.anjuke.com/fangyuan/4629148969233411,2室2厅|整租|精装修|高层(共17层),已爬取
3982,秦王公馆,1159074,https://jh.zu.anjuke.com/fangyuan/4613510654092290,3室2厅|整租|精装修|低层(共16层),已爬取
3983,秦王公馆,1159074,https://jh.zu.anjuke.com/fangyuan/4607861961776141,3室2厅|整租|精装修|高层(共15层),已爬取
3984,秦王公馆,1159074,https://jh.zu.anjuke.com/fangyuan/4584251813192710,3室2厅|整租|精装修|低层(共14层),已爬取
3985,秦王公馆,1159074,https://jh.zu.anjuke.com/fangyuan/4575111563029514,3室2厅|整租|精装修|中层(共13层),已爬取
3986,秦王公馆,1159074,https://jh.zu.anjuke.com/fangyuan/4509141391219723,2室2厅|整租|精装修|中层(共17层),已爬取
3987,秦王公馆,1159074,https://jh.zu.anjuke.com/fangyuan/4631404892969995,2室2厅|整租|精装修|高层(共17层),已爬取
3988,秦王公馆,1159074,https://jh.zu.anjuke.com/fangyuan/4610781837843470,2室2厅|整租|精装修|高层(共15层),已爬取
3989,蓝湾国际花园(别墅),868049,https://jh.zu.anjuke.com/fangyuan/4483700738221059,1室1厅|整租|精装修|中层(共6层),已爬取
3990,蓝湾国际花园(别墅),868049,https://jh.zu.anjuke.com/fangyuan/4477956882097164,4室3厅|整租|精装修|共3层,已爬取
3991,沃德中心,873425,https://jh.zu.anjuke.com/fangyuan/4633672322655239,3室2厅|整租|精装修|中层(共15层),已爬取
3992,沃德中心,873425,https://jh.zu.anjuke.com/fangyuan/4493443885440007,2室2厅|整租|简单装修|高层(共29层),已爬取
3993,沃德中心,873425,https://jh.zu.anjuke.com/fangyuan/4589722927098883,3室2厅|整租|简单装修|高层(共28层),已爬取
3994,沃德中心,873425,https://jh.zu.anjuke.com/fangyuan/4017791920807943,3室2厅|整租|精装修|低层(共31层),已爬取
3995,沃德中心,873425,https://jh.zu.anjuke.com/fangyuan/4575989324360719,3室2厅|整租|精装修|高层(共29层),已爬取
3996,沃德中心,873425,https://jh.zu.anjuke.com/fangyuan/4575760115639296,3室2厅|整租|精装修|高层(共15层),已爬取
3997,沃德中心,873425,https://jh.zu.anjuke.com/fangyuan/4575752714624014,3室2厅|整租|精装修|中层(共35层),已爬取
3998,沃德中心,873425,https://jh.zu.anjuke.com/fangyuan/4628002922257413,3室2厅|整租|精装修|中层(共32层),已爬取
3999,沃德中心,873425,https://jh.zu.anjuke.com/fangyuan/4489470726024198,3室2厅|整租|精装修|中层(共29层),已爬取
4000,沃德中心,873425,https://jh.zu.anjuke.com/fangyuan/4555888335842311,3室2厅|整租|豪华装修|高层(共28层),已爬取
4001,都市豪园(别墅),969413,https://jh.zu.anjuke.com/fangyuan/4540174491460623,1室1厅|整租|精装修|高层(共8层),已爬取
4002,都市豪园(别墅),969413,https://jh.zu.anjuke.com/fangyuan/4627629992797193,1室1厅|整租|精装修|中层(共9层),已爬取
4003,都市豪园(别墅),969413,https://jh.zu.anjuke.com/fangyuan/4509695609760776,1室1厅|整租|精装修|中层(共8层),已爬取
4004,都市豪园(别墅),969413,https://jh.zu.anjuke.com/fangyuan/4628260378172418,1室1厅|整租|精装修|中层(共9层),已爬取
4005,都市豪园(别墅),969413,https://jh.zu.anjuke.com/fangyuan/3833879925435392,8室3厅|整租|精装修|共4层,已爬取
4006,都市豪园(别墅),969413,https://jh.zu.anjuke.com/fangyuan/4466691842452484,1室1厅|整租|精装修|低层(共7层),已爬取
4007,滨江悦虹湾(永康),1402260,https://jh.zu.anjuke.com/fangyuan/4333603433553924,3室2厅|整租|精装修|中层(共22层),已爬取
4008,滨江悦虹湾(永康),1402260,https://jh.zu.anjuke.com/fangyuan/4623681298850826,4室2厅|整租|豪华装修|高层(共11层),已爬取
4009,滨江悦虹湾(永康),1402260,https://jh.zu.anjuke.com/fangyuan/4539405046213633,3室2厅|整租|精装修|高层(共22层),已爬取
4010,滨江悦虹湾(永康),1402260,https://jh.zu.anjuke.com/fangyuan/4507837501727746,4室2厅|整租|精装修|高层(共15层),已爬取
4011,滨江悦虹湾(永康),1402260,https://jh.zu.anjuke.com/fangyuan/4547459892927499,3室2厅|整租|精装修|低层(共22层),已爬取
4012,锦绣学苑,1402263,https://jh.zu.anjuke.com/fangyuan/4525825724787726,4室2厅|整租|豪华装修|高层(共15层),已爬取
4013,四通大厦,1013371,https://jh.zu.anjuke.com/fangyuan/4574259501327372,1室1厅|整租|精装修|中层(共10层),已爬取
4014,四通大厦,1013371,https://jh.zu.anjuke.com/fangyuan/4626514269903876,1室1厅|整租|精装修|中层(共16层),已爬取
4015,四通大厦,1013371,https://jh.zu.anjuke.com/fangyuan/4600047749880836,1室0厅|整租|精装修|低层(共16层),已爬取
4016,四通大厦,1013371,https://jh.zu.anjuke.com/fangyuan/4626507844740100,1室1厅|整租|精装修|低层(共16层),已爬取
4017,四通大厦,1013371,https://jh.zu.anjuke.com/fangyuan/4554190299618311,1室1厅|整租|精装修|高层(共12层),已爬取
4018,四通大厦,1013371,https://jh.zu.anjuke.com/fangyuan/4610749246974987,1室1厅|整租|精装修|中层(共16层),已爬取
4019,白云艺墅,1050257,https://jh.zu.anjuke.com/fangyuan/4476937254755331,1室1厅|整租|精装修|共4层,已爬取
4020,白云艺墅,1050257,https://jh.zu.anjuke.com/fangyuan/4596527290311683,2室1厅|整租|豪华装修|中层(共23层),已爬取
4021,白云艺墅,1050257,https://jh.zu.anjuke.com/fangyuan/4561830392421383,1室0厅|整租|精装修|高层(共7层),已爬取
4022,白云艺墅,1050257,https://jh.zu.anjuke.com/fangyuan/3318238738604045,3室2厅|整租|精装修|中层(共19层),已爬取
4023,白云艺墅,1050257,https://jh.zu.anjuke.com/fangyuan/4468122590047232,2室2厅|整租|精装修|高层(共29层),已爬取
4024,白云艺墅,1050257,https://jh.zu.anjuke.com/fangyuan/4585421062155270,1室1厅|整租|简单装修|低层(共26层),已爬取
4025,白云艺墅,1050257,https://jh.zu.anjuke.com/fangyuan/4633739005746179,2室1厅|整租|精装修|中层(共22层),已爬取
4026,白云艺墅,1050257,https://jh.zu.anjuke.com/fangyuan/4475189916345356,1室1厅|整租|精装修|共5层,已爬取
4027,白云艺墅,1050257,https://jh.zu.anjuke.com/fangyuan/3523662423581700,1室1厅|整租|精装修|高层(共29层),已爬取
4028,白云艺墅,1050257,https://jh.zu.anjuke.com/fangyuan/4586634278546438,2室2厅|整租|精装修|中层(共29层),已爬取
4029,张家佳苑,1486298,https://jh.zu.anjuke.com/fangyuan/4480592907262989,3室2厅|整租|豪华装修|高层(共12层),已爬取
4030,张家佳苑,1486298,https://jh.zu.anjuke.com/fangyuan/4630842419667969,3室2厅|整租|豪华装修|低层(共14层),已爬取
4031,张家佳苑,1486298,https://jh.zu.anjuke.com/fangyuan/4492279467467783,3室2厅|整租|豪华装修|中层(共14层),已爬取
4032,张家佳苑,1486298,https://jh.zu.anjuke.com/fangyuan/3949964260025352,3室2厅|整租|豪华装修|高层(共15层),已爬取
4033,张家佳苑,1486298,https://jh.zu.anjuke.com/fangyuan/3282975073131527,3室2厅|整租|豪华装修|中层(共7层),已爬取
4034,张家佳苑,1486298,https://jh.zu.anjuke.com/fangyuan/4312214571606031,2室1厅|整租|精装修|中层(共15层),已爬取
4035,张家佳苑,1486298,https://jh.zu.anjuke.com/fangyuan/3953312613310477,3室2厅|整租|豪华装修|中层(共14层),已爬取
4036,张家佳苑,1486298,https://jh.zu.anjuke.com/fangyuan/2971980880452617,3室2厅|整租|豪华装修|高层(共7层),已爬取
4037,张家佳苑,1486298,https://jh.zu.anjuke.com/fangyuan/4492281464726543,3室2厅|整租|豪华装修|中层(共13层),已爬取
4038,张家佳苑,1486298,https://jh.zu.anjuke.com/fangyuan/3298494845115405,3室2厅|整租|精装修|中层(共9层),已爬取
4039,昆仑大厦,1012091,https://jh.zu.anjuke.com/fangyuan/4513307247057925,1室1厅|整租|精装修|低层(共22层),已爬取
4040,昆仑大厦,1012091,https://jh.zu.anjuke.com/fangyuan/4493867196832783,1室1厅|整租|精装修|中层(共23层),已爬取
4041,昆仑大厦,1012091,https://jh.zu.anjuke.com/fangyuan/4496042460765197,1室1厅|整租|精装修|中层(共25层),已爬取
4042,昆仑大厦,1012091,https://jh.zu.anjuke.com/fangyuan/4499077875115018,1室1厅|整租|精装修|低层(共23层),已爬取
4043,昆仑大厦,1012091,https://jh.zu.anjuke.com/fangyuan/4565788569508871,1室1厅|整租|精装修|高层(共23层),已爬取
4044,昆仑大厦,1012091,https://jh.zu.anjuke.com/fangyuan/4409999076072450,1室1厅|整租|精装修|高层(共23层),已爬取
4045,昆仑大厦,1012091,https://jh.zu.anjuke.com/fangyuan/4632139057800203,1室1厅|整租|精装修|低层(共25层),已爬取
4046,昆仑大厦,1012091,https://jh.zu.anjuke.com/fangyuan/4513270471142411,1室1厅|整租|精装修|低层(共20层),已爬取
4047,昆仑大厦,1012091,https://jh.zu.anjuke.com/fangyuan/4623461163162631,1室1厅|整租|精装修|中层(共23层),已爬取
4048,昆仑大厦,1012091,https://jh.zu.anjuke.com/fangyuan/4602369246489603,1室1厅|整租|精装修|中层(共20层),已爬取
4049,婺城北苑小区(别墅),1561788,https://jh.zu.anjuke.com/fangyuan/4632642589271045,2室1厅|整租|简单装修|高层(共6层),已爬取
4050,绿地黉门里九峯,1244457,https://jh.zu.anjuke.com/fangyuan/4553093346991109,8室7厅|整租|豪华装修|低层(共7层),已爬取
4051,永康华联商厦,1424024,https://jh.zu.anjuke.com/fangyuan/4585286015949830,1室1厅|整租|精装修|共5层,已爬取
4052,永康华联商厦,1424024,https://jh.zu.anjuke.com/fangyuan/4501950807661575,3室2厅|整租|豪华装修|高层(共9层),已爬取
4053,新联公寓,1482146,https://jh.zu.anjuke.com/fangyuan/3570248771314689,2室2厅|整租|精装修|高层(共29层),已爬取
4054,新联公寓,1482146,https://jh.zu.anjuke.com/fangyuan/4625099681537024,2室2厅|整租|简单装修|中层(共33层),已爬取
4055,新联公寓,1482146,https://jh.zu.anjuke.com/fangyuan/4595399199206409,2室2厅|整租|精装修|共3层,已爬取
4056,新联公寓,1482146,https://jh.zu.anjuke.com/fangyuan/4588035397528586,2室2厅|整租|精装修|高层(共33层),已爬取
4057,新联公寓,1482146,https://jh.zu.anjuke.com/fangyuan/4540267574664196,2室1厅|整租|精装修|中层(共12层),已爬取
4058,新联公寓,1482146,https://jh.zu.anjuke.com/fangyuan/4584146676278285,2室2厅|整租|精装修|低层(共26层),已爬取
4059,新联公寓,1482146,https://jh.zu.anjuke.com/fangyuan/4579685358185477,2室2厅|整租|精装修|中层(共28层),已爬取
4060,新联公寓,1482146,https://jh.zu.anjuke.com/fangyuan/4489275713838085,2室2厅|整租|精装修|高层(共27层),已爬取
4061,新联公寓,1482146,https://jh.zu.anjuke.com/fangyuan/4613798123432970,2室2厅|整租|精装修|中层(共17层),已爬取
4062,新联公寓,1482146,https://jh.zu.anjuke.com/fangyuan/4489311689399296,2室2厅|整租|精装修|低层(共23层),已爬取
4063,天山龙城(C区),873451,https://jh.zu.anjuke.com/fangyuan/4615016306861059,4室2厅|整租|精装修|共3层,已爬取
4064,天山龙城(C区),873451,https://jh.zu.anjuke.com/fangyuan/4615007551302659,5室3厅|整租|精装修|共3层,已爬取
4065,天山龙城(C区),873451,https://jh.zu.anjuke.com/fangyuan/4148048634604555,5室3厅|整租|精装修|共1层,已爬取
4066,天山龙城(C区),873451,https://jh.zu.anjuke.com/fangyuan/3397992589581320,5室2厅|整租|精装修|共3层,已爬取
4067,天山龙城(C区),873451,https://jh.zu.anjuke.com/fangyuan/4225712235421697,5室2厅|整租|精装修|共3层,已爬取
4068,天山龙城(C区),873451,https://jh.zu.anjuke.com/fangyuan/4227377975319560,4室2厅|整租|精装修|共3层,已爬取
4069,天山龙城(C区),873451,https://jh.zu.anjuke.com/fangyuan/3188077286450177,5室3厅|整租|精装修|共3层,已爬取
4070,天山龙城(C区),873451,https://jh.zu.anjuke.com/fangyuan/4412837503065103,5室2厅|整租|精装修|共3层,已爬取
4071,天山龙城(C区),873451,https://jh.zu.anjuke.com/fangyuan/4153681387596814,5室2厅|整租|精装修|共3层,已爬取
4072,东阳御景湾,1407101,https://jh.zu.anjuke.com/fangyuan/3763523636995076,1室0厅|整租|精装修|低层(共8层),已爬取
4073,东阳御景湾,1407101,https://jh.zu.anjuke.com/fangyuan/3763048342807555,1室1厅|整租|精装修|低层(共6层),已爬取
4074,东阳御景湾,1407101,https://jh.zu.anjuke.com/fangyuan/4629515008107530,3室2厅|整租|精装修|低层(共21层),已爬取
4075,东阳御景湾,1407101,https://jh.zu.anjuke.com/fangyuan/4463053464691714,2室1厅|整租|精装修|中层(共8层),已爬取
4076,东阳御景湾,1407101,https://jh.zu.anjuke.com/fangyuan/4629513416893445,3室2厅|整租|精装修|低层(共23层),已爬取
4077,八号公馆别墅,968799,https://jh.zu.anjuke.com/fangyuan/4634215672962049,1室1厅|整租|精装修|中层(共10层),已爬取
4078,八号公馆别墅,968799,https://jh.zu.anjuke.com/fangyuan/4631114616871949,1室0厅|整租|精装修|中层(共8层),已爬取
4079,八号公馆别墅,968799,https://jh.zu.anjuke.com/fangyuan/4567169422552065,2室1厅|整租|精装修|高层(共6层),已爬取
4080,八号公馆别墅,968799,https://jh.zu.anjuke.com/fangyuan/4617896520346624,1室0厅|整租|精装修|低层(共10层),已爬取
4081,八号公馆别墅,968799,https://jh.zu.anjuke.com/fangyuan/4632969897401348,1室0厅|整租|精装修|低层(共26层),已爬取
4082,八号公馆别墅,968799,https://jh.zu.anjuke.com/fangyuan/4624130996034569,1室0厅|整租|精装修|低层(共10层),已爬取
4083,八号公馆别墅,968799,https://jh.zu.anjuke.com/fangyuan/4629755199988751,1室1厅|整租|精装修|低层(共26层),已爬取
4084,八号公馆别墅,968799,https://jh.zu.anjuke.com/fangyuan/4624332524334085,1室1厅|整租|精装修|低层(共26层),已爬取
4085,八号公馆别墅,968799,https://jh.zu.anjuke.com/fangyuan/4620007204629518,1室1厅|整租|精装修|中层(共10层),已爬取
4086,八号公馆别墅,968799,https://jh.zu.anjuke.com/fangyuan/4629758769669131,1室0厅|整租|精装修|低层(共26层),已爬取
4087,大发奥园融悦湾,1385547,https://jh.zu.anjuke.com/fangyuan/4510240789240842,3室1厅|整租|豪华装修|低层(共15层),已爬取
4088,大发奥园融悦湾,1385547,https://jh.zu.anjuke.com/fangyuan/4473735650864136,3室2厅|整租|豪华装修|低层(共29层),已爬取
4089,大发奥园融悦湾,1385547,https://jh.zu.anjuke.com/fangyuan/4522134212584450,3室1厅|整租|豪华装修|低层(共28层),已爬取
4090,大发奥园融悦湾,1385547,https://jh.zu.anjuke.com/fangyuan/4345269973803012,3室2厅|整租|精装修|中层(共16层),已爬取
4091,大发奥园融悦湾,1385547,https://jh.zu.anjuke.com/fangyuan/4564721687553032,3室2厅|整租|精装修|中层(共17层),已爬取
4092,大发奥园融悦湾,1385547,https://jh.zu.anjuke.com/fangyuan/4557158588802058,2室1厅|整租|精装修|高层(共11层),已爬取
4093,大发奥园融悦湾,1385547,https://jh.zu.anjuke.com/fangyuan/4209299479896067,3室2厅|整租|精装修|中层(共22层),已爬取
4094,大发奥园融悦湾,1385547,https://jh.zu.anjuke.com/fangyuan/4538891476853775,2室1厅|整租|精装修|中层(共16层),已爬取
4095,大发奥园融悦湾,1385547,https://jh.zu.anjuke.com/fangyuan/4306621134531585,2室2厅|整租|精装修|中层(共16层),已爬取
4096,仙桥花木城,997726,https://jh.zu.anjuke.com/fangyuan/4618482947662855,1室0厅|整租|简单装修|低层(共6层),已爬取
4097,仙桥花木城,997726,https://jh.zu.anjuke.com/fangyuan/4612432657062916,1室0厅|整租|精装修|共5层,已爬取
4098,玫瑰星城(别墅),969458,https://jh.zu.anjuke.com/fangyuan/4632702010747912,1室1厅|整租|精装修|中层(共10层),已爬取
4099,玫瑰星城(别墅),969458,https://jh.zu.anjuke.com/fangyuan/4632704782328838,1室1厅|整租|精装修|中层(共10层),已爬取
4100,玫瑰星城(别墅),969458,https://jh.zu.anjuke.com/fangyuan/4593729955818498,1室1厅|整租|精装修|低层(共18层),已爬取
4101,玫瑰星城(别墅),969458,https://jh.zu.anjuke.com/fangyuan/4576988247874566,1室1厅|整租|精装修|共5层,已爬取
4102,玫瑰星城(别墅),969458,https://jh.zu.anjuke.com/fangyuan/4531852505818118,4室3厅|整租|精装修|共3层,已爬取
4103,玫瑰星城(别墅),969458,https://jh.zu.anjuke.com/fangyuan/4629176061586435,2室2厅|整租|精装修|中层(共8层),已爬取
4104,玫瑰星城(别墅),969458,https://jh.zu.anjuke.com/fangyuan/4632119036290060,2室2厅|整租|精装修|低层(共12层),已爬取
4105,玫瑰星城(别墅),969458,https://jh.zu.anjuke.com/fangyuan/4626564703087625,1室1厅|整租|精装修|中层(共6层),已爬取
4106,金色港湾花园小区(别墅),969426,https://jh.zu.anjuke.com/fangyuan/4551356025431041,1室1厅|整租|精装修|中层(共7层),已爬取
4107,青湖村(溪西八区),1374974,https://jh.zu.anjuke.com/fangyuan/4060073866451978,3室1厅|整租|精装修|共5层,已爬取
4108,青湖村(溪西八区),1374974,https://jh.zu.anjuke.com/fangyuan/4489128514970630,2室2厅|整租|精装修|高层(共6层),已爬取
4109,青湖村(溪西八区),1374974,https://jh.zu.anjuke.com/fangyuan/4358824678398990,2室1厅|整租|精装修|高层(共6层),已爬取
4110,富力三江都荟,1286228,https://jh.zu.anjuke.com/fangyuan/4203537376222210,2室1厅|整租|精装修|低层(共32层),已爬取
4111,富力三江都荟,1286228,https://jh.zu.anjuke.com/fangyuan/4629366183865354,1室1厅|整租|豪华装修|高层(共32层),已爬取
4112,富力三江都荟,1286228,https://jh.zu.anjuke.com/fangyuan/4473722357031950,2室1厅|整租|豪华装修|低层(共32层),已爬取
4113,富力三江都荟,1286228,https://jh.zu.anjuke.com/fangyuan/4554482980903949,4室2厅|整租|豪华装修|中层(共19层),已爬取
4114,富力三江都荟,1286228,https://jh.zu.anjuke.com/fangyuan/4630950477358087,1室1厅|整租|豪华装修|低层(共32层),已爬取
4115,富力三江都荟,1286228,https://jh.zu.anjuke.com/fangyuan/4479534360173575,2室1厅|整租|豪华装修|中层(共32层),已爬取
4116,富力三江都荟,1286228,https://jh.zu.anjuke.com/fangyuan/4339054783753222,3室2厅|整租|豪华装修|高层(共15层),已爬取
4117,富力三江都荟,1286228,https://jh.zu.anjuke.com/fangyuan/4633562706502662,1室1厅|整租|豪华装修|低层(共32层),已爬取
4118,富力三江都荟,1286228,https://jh.zu.anjuke.com/fangyuan/4633789662370831,3室2厅|整租|豪华装修|高层(共14层),已爬取
4119,富力三江都荟,1286228,https://jh.zu.anjuke.com/fangyuan/4568601930116104,1室1厅|整租|豪华装修|低层(共32层),已爬取
4120,龙庭一品(别墅),969430,https://jh.zu.anjuke.com/fangyuan/4466615766787073,1室1厅|整租|精装修|中层(共16层),已爬取
4121,龙庭一品(别墅),969430,https://jh.zu.anjuke.com/fangyuan/4482224922127365,1室1厅|整租|精装修|中层(共12层),已爬取
4122,龙庭一品(别墅),969430,https://jh.zu.anjuke.com/fangyuan/4468011902788619,1室1厅|整租|精装修|中层(共16层),已爬取
4123,龙庭一品(别墅),969430,https://jh.zu.anjuke.com/fangyuan/4543192310410248,1室1厅|整租|精装修|高层(共6层),已爬取
4124,金山豪庭小区,872032,https://jh.zu.anjuke.com/fangyuan/4474308711345154,1室1厅|整租|精装修|低层(共7层),已爬取
4125,茂新乐创园,1055696,https://jh.zu.anjuke.com/fangyuan/4579596364557313,2室1厅|整租|精装修|中层(共10层),已爬取
4126,茂新乐创园,1055696,https://jh.zu.anjuke.com/fangyuan/4499114475873284,1室1厅|整租|精装修|低层(共11层),已爬取
4127,茂新乐创园,1055696,https://jh.zu.anjuke.com/fangyuan/4618259269639177,2室1厅|整租|精装修|低层(共10层),已爬取
4128,茂新乐创园,1055696,https://jh.zu.anjuke.com/fangyuan/4572799035417611,1室1厅|整租|精装修|中层(共13层),已爬取
4129,茂新乐创园,1055696,https://jh.zu.anjuke.com/fangyuan/4632714695812104,1室1厅|整租|精装修|高层(共10层),已爬取
4130,茂新乐创园,1055696,https://jh.zu.anjuke.com/fangyuan/4619419133516811,2室1厅|整租|精装修|中层(共12层),已爬取
4131,城西路313号小区,1367135,https://jh.zu.anjuke.com/fangyuan/4501085622969344,1室1厅|整租|豪华装修|中层(共7层),已爬取
4132,金色港湾(别墅),863230,https://jh.zu.anjuke.com/fangyuan/4617257543656452,1室1厅|整租|精装修|共5层,已爬取
4133,金色港湾(别墅),863230,https://jh.zu.anjuke.com/fangyuan/3991089474284551,6室2厅|整租|豪华装修|共3层,已爬取
4134,龙山凤小区,1316885,https://jh.zu.anjuke.com/fangyuan/4617921955816455,1室0厅|整租|精装修|低层(共7层),已爬取
4135,龙山凤小区,1316885,https://jh.zu.anjuke.com/fangyuan/4632030517109765,1室0厅|整租|精装修|低层(共7层),已爬取
4136,龙山凤小区,1316885,https://jh.zu.anjuke.com/fangyuan/3935472305923074,6室2厅|整租|豪华装修|共3层,已爬取
4137,龙山凤小区,1316885,https://jh.zu.anjuke.com/fangyuan/4625091897156619,14室3厅|整租|精装修|共4层,已爬取
4138,龙山凤小区,1316885,https://jh.zu.anjuke.com/fangyuan/4618052360414209,10室2厅|整租|精装修|共4层,已爬取
4139,龙山凤小区,1316885,https://jh.zu.anjuke.com/fangyuan/4617915901748228,1室1厅|整租|简单装修|低层(共7层),已爬取
4140,龙山凤小区,1316885,https://jh.zu.anjuke.com/fangyuan/4400144116245514,1室1厅|整租|精装修|低层(共6层),已爬取
4141,龙山凤小区,1316885,https://jh.zu.anjuke.com/fangyuan/4594190628793359,1室0厅|整租|精装修|高层(共7层),已爬取
4142,龙山凤小区,1316885,https://jh.zu.anjuke.com/fangyuan/4404330530071557,6室2厅|整租|精装修|共3层,已爬取
4143,龙山凤小区,1316885,https://jh.zu.anjuke.com/fangyuan/4549018784228359,1室1厅|整租|精装修|低层(共6层),已爬取
4144,中南新城樾府(别墅),1072823,https://jh.zu.anjuke.com/fangyuan/4474069404838916,3室2厅|整租|精装修|中层(共32层),已爬取
4145,永顺大厦,1084166,https://jh.zu.anjuke.com/fangyuan/4619552070263820,1室1厅|整租|精装修|中层(共13层),已爬取
4146,社团南苑,1424340,https://jh.zu.anjuke.com/fangyuan/4627912529996804,2室1厅|整租|豪华装修|中层(共10层),已爬取
4147,社团南苑,1424340,https://jh.zu.anjuke.com/fangyuan/4598309096612869,3室1厅|整租|精装修|共5层,已爬取
4148,社团南苑,1424340,https://jh.zu.anjuke.com/fangyuan/4532803704693762,7室2厅|整租|精装修|共3层,已爬取
4149,社团南苑,1424340,https://jh.zu.anjuke.com/fangyuan/4518804592616459,6室2厅|整租|豪华装修|高层(共6层),已爬取
4150,社团南苑,1424340,https://jh.zu.anjuke.com/fangyuan/4550076158532608,1室1厅|整租|豪华装修|中层(共6层),已爬取
4151,社团南苑,1424340,https://jh.zu.anjuke.com/fangyuan/4607836422102020,3室2厅|整租|精装修|共5层,已爬取
4152,双飞路27号小区,1261510,https://jh.zu.anjuke.com/fangyuan/4089819308170244,1室1厅|整租|精装修|中层(共6层),已爬取
4153,双飞路27号小区,1261510,https://jh.zu.anjuke.com/fangyuan/4496054699189249,1室1厅|整租|精装修|中层(共8层),已爬取
4154,双飞路27号小区,1261510,https://jh.zu.anjuke.com/fangyuan/4547191691357185,1室0厅|整租|精装修|高层(共6层),已爬取
4155,双飞路27号小区,1261510,https://jh.zu.anjuke.com/fangyuan/4528924499471368,1室1厅|整租|精装修|低层(共6层),已爬取
4156,双飞路27号小区,1261510,https://jh.zu.anjuke.com/fangyuan/4547146072005640,1室1厅|整租|精装修|共5层,已爬取
4157,双飞路27号小区,1261510,https://jh.zu.anjuke.com/fangyuan/3063523092339715,1室1厅|整租|精装修|低层(共6层),已爬取
4158,双飞路27号小区,1261510,https://jh.zu.anjuke.com/fangyuan/4602864949879808,1室0厅|整租|精装修|高层(共6层),已爬取
4159,双飞路27号小区,1261510,https://jh.zu.anjuke.com/fangyuan/4533105188922380,1室1厅|整租|精装修|低层(共6层),已爬取
4160,双飞路27号小区,1261510,https://jh.zu.anjuke.com/fangyuan/4618559233254405,2室1厅|整租|精装修|低层(共6层),已爬取
4161,卫星路小区,1008059,https://jh.zu.anjuke.com/fangyuan/4554283198637058,4室2厅|整租|精装修|共5层,已爬取
4162,卫星路小区,1008059,https://jh.zu.anjuke.com/fangyuan/2780491918482434,1室0厅|整租|精装修|低层(共6层),已爬取
4163,九铃西路1106号楼,1381975,https://jh.zu.anjuke.com/fangyuan/4513057574071308,1室1厅|整租|豪华装修|中层(共9层),已爬取
4164,九铃西路1106号楼,1381975,https://jh.zu.anjuke.com/fangyuan/4445587788618754,2室1厅|整租|豪华装修|高层(共9层),已爬取
4165,九铃西路1106号楼,1381975,https://jh.zu.anjuke.com/fangyuan/4447893509286923,1室1厅|整租|豪华装修|高层(共9层),已爬取
4166,九铃西路1106号楼,1381975,https://jh.zu.anjuke.com/fangyuan/4618618276109318,2室1厅|整租|精装修|共5层,已爬取
4167,九铃西路1106号楼,1381975,https://jh.zu.anjuke.com/fangyuan/4540239885065220,1室1厅|整租|精装修|低层(共6层),已爬取
4168,九铃西路1106号楼,1381975,https://jh.zu.anjuke.com/fangyuan/4581781746572290,2室1厅|整租|简单装修|中层(共8层),已爬取
4169,九铃西路1106号楼,1381975,https://jh.zu.anjuke.com/fangyuan/4072819115532301,2室1厅|整租|精装修|中层(共7层),已爬取
4170,九铃西路1106号楼,1381975,https://jh.zu.anjuke.com/fangyuan/4567287039220747,2室1厅|整租|豪华装修|高层(共10层),已爬取
4171,九铃西路1106号楼,1381975,https://jh.zu.anjuke.com/fangyuan/4472422361277455,1室1厅|整租|豪华装修|高层(共9层),已爬取
4172,九铃西路1106号楼,1381975,https://jh.zu.anjuke.com/fangyuan/4555599722716161,1室1厅|整租|精装修|中层(共6层),已爬取
4173,项宅新区,1436868,https://jh.zu.anjuke.com/fangyuan/4522693819800582,3室2厅|整租|简单装修|低层(共18层),已爬取
4174,东景小区(东阳),871824,https://jh.zu.anjuke.com/fangyuan/4520666790517771,2室2厅|整租|简单装修|共5层,已爬取
4175,东景小区(东阳),871824,https://jh.zu.anjuke.com/fangyuan/4347362997382151,2室2厅|整租|精装修|中层(共6层),已爬取
4176,东景小区(东阳),871824,https://jh.zu.anjuke.com/fangyuan/4491111374005261,1室1厅|整租|简单装修|共5层,已爬取
4177,中村路75号小区,1374963,https://jh.zu.anjuke.com/fangyuan/4557007226379276,2室2厅|整租|豪华装修|低层(共6层),已爬取
4178,中村路75号小区,1374963,https://jh.zu.anjuke.com/fangyuan/4591712421536783,3室2厅|整租|精装修|中层(共6层),已爬取
4179,中村路75号小区,1374963,https://jh.zu.anjuke.com/fangyuan/4547469051210758,2室1厅|整租|精装修|中层(共6层),已爬取
4180,中村路75号小区,1374963,https://jh.zu.anjuke.com/fangyuan/4482355403285504,2室2厅|整租|豪华装修|中层(共6层),已爬取
4181,中村路75号小区,1374963,https://jh.zu.anjuke.com/fangyuan/4485018736073741,2室1厅|整租|精装修|中层(共6层),已爬取
4182,中村路75号小区,1374963,https://jh.zu.anjuke.com/fangyuan/4594166275435532,2室1厅|整租|精装修|中层(共6层),已爬取
4183,中村路75号小区,1374963,https://jh.zu.anjuke.com/fangyuan/4605197550068739,2室2厅|整租|精装修|中层(共6层),已爬取
4184,中村路75号小区,1374963,https://jh.zu.anjuke.com/fangyuan/4605112840301569,2室1厅|整租|精装修|中层(共6层),已爬取
4185,中村路75号小区,1374963,https://jh.zu.anjuke.com/fangyuan/4446456558431234,2室1厅|整租|精装修|低层(共6层),已爬取
4186,中村路75号小区,1374963,https://jh.zu.anjuke.com/fangyuan/4487793910440972,2室2厅|整租|精装修|中层(共6层),已爬取
4187,城东路546号楼,1418419,https://jh.zu.anjuke.com/fangyuan/4554557721406467,1室1厅|整租|精装修|高层(共12层),已爬取
4188,山嘴头未来社区,1874405,https://jh.zu.anjuke.com/fangyuan/4384601706556430,3室2厅|整租|豪华装修|中层(共20层),已爬取
4189,山嘴头未来社区,1874405,https://jh.zu.anjuke.com/fangyuan/4479543653444608,3室2厅|整租|豪华装修|中层(共19层),已爬取
4190,山嘴头未来社区,1874405,https://jh.zu.anjuke.com/fangyuan/4547291020909577,3室2厅|整租|豪华装修|中层(共18层),已爬取
4191,山嘴头未来社区,1874405,https://jh.zu.anjuke.com/fangyuan/3798251529724938,3室3厅|整租|豪华装修|中层(共25层),已爬取
4192,山嘴头未来社区,1874405,https://jh.zu.anjuke.com/fangyuan/4610964945132547,2室1厅|整租|精装修|低层(共6层),已爬取
4193,山嘴头未来社区,1874405,https://jh.zu.anjuke.com/fangyuan/4611051270855687,1室1厅|整租|精装修|低层(共6层),已爬取
4194,山嘴头未来社区,1874405,https://jh.zu.anjuke.com/fangyuan/4412450868864001,3室2厅|整租|精装修|高层(共24层),已爬取
4195,山嘴头未来社区,1874405,https://jh.zu.anjuke.com/fangyuan/4602591117011977,4室2厅|整租|精装修|高层(共17层),已爬取
4196,山嘴头未来社区,1874405,https://jh.zu.anjuke.com/fangyuan/4534274922734606,3室2厅|整租|精装修|低层(共20层),已爬取
4197,山嘴头未来社区,1874405,https://jh.zu.anjuke.com/fangyuan/4466650548528139,1室1厅|整租|精装修|中层(共26层),已爬取
4198,丹景苑,1652242,https://jh.zu.anjuke.com/fangyuan/4620687242243072,3室2厅|整租|豪华装修|中层(共26层),已爬取
4199,丹景苑,1652242,https://jh.zu.anjuke.com/fangyuan/4418455791512588,2室2厅|整租|精装修|中层(共26层),已爬取
4200,丹景苑,1652242,https://jh.zu.anjuke.com/fangyuan/4575631361367043,2室1厅|整租|豪华装修|高层(共24层),已爬取
4201,丹景苑,1652242,https://jh.zu.anjuke.com/fangyuan/4477810062830593,1室1厅|整租|精装修|高层(共26层),已爬取
4202,丹景苑,1652242,https://jh.zu.anjuke.com/fangyuan/4584208460913678,3室1厅|整租|豪华装修|低层(共24层),已爬取
4203,丹景苑,1652242,https://jh.zu.anjuke.com/fangyuan/4513085890782210,2室2厅|整租|豪华装修|中层(共20层),已爬取
4204,丹景苑,1652242,https://jh.zu.anjuke.com/fangyuan/4578210901320710,1室1厅|整租|精装修|低层(共18层),已爬取
4205,丹景苑,1652242,https://jh.zu.anjuke.com/fangyuan/4506291787963405,3室2厅|整租|豪华装修|高层(共26层),已爬取
4206,丹景苑,1652242,https://jh.zu.anjuke.com/fangyuan/4565547159086088,2室2厅|整租|豪华装修|低层(共19层),已爬取
4207,丹景苑,1652242,https://jh.zu.anjuke.com/fangyuan/4498953448578055,2室1厅|整租|精装修|高层(共15层),已爬取
4208,溪霞苑,1623903,https://jh.zu.anjuke.com/fangyuan/4622181376728070,2室2厅|整租|豪华装修|高层(共20层),已爬取
4209,溪霞苑,1623903,https://jh.zu.anjuke.com/fangyuan/4561240882928655,1室0厅|整租|精装修|中层(共26层),已爬取
4210,溪霞苑,1623903,https://jh.zu.anjuke.com/fangyuan/4608001719135238,1室1厅|整租|豪华装修|中层(共20层),已爬取
4211,溪霞苑,1623903,https://jh.zu.anjuke.com/fangyuan/4099965471989765,3室2厅|整租|精装修|低层(共19层),已爬取
4212,溪霞苑,1623903,https://jh.zu.anjuke.com/fangyuan/4623470750051342,1室1厅|整租|精装修|中层(共18层),已爬取
4213,溪霞苑,1623903,https://jh.zu.anjuke.com/fangyuan/4538428220070912,2室1厅|整租|豪华装修|中层(共25层),已爬取
4214,溪霞苑,1623903,https://jh.zu.anjuke.com/fangyuan/4610745137376266,1室0厅|整租|精装修|中层(共20层),已爬取
4215,溪霞苑,1623903,https://jh.zu.anjuke.com/fangyuan/4206145051667460,2室2厅|整租|豪华装修|低层(共24层),已爬取
4216,溪霞苑,1623903,https://jh.zu.anjuke.com/fangyuan/4625250271271940,1室1厅|整租|精装修|低层(共26层),已爬取
4217,溪霞苑,1623903,https://jh.zu.anjuke.com/fangyuan/4601280925182986,2室2厅|整租|精装修|中层(共24层),已爬取
4218,保利阅江台,1652019,https://jh.zu.anjuke.com/fangyuan/4627009732369412,3室2厅|整租|豪华装修|高层(共17层),已爬取
4219,保利阅江台,1652019,https://jh.zu.anjuke.com/fangyuan/4623443809168390,3室2厅|整租|精装修|低层(共11层),已爬取
4220,保利阅江台,1652019,https://jh.zu.anjuke.com/fangyuan/4572800743384067,3室2厅|整租|精装修|中层(共11层),已爬取
4221,保利阅江台,1652019,https://jh.zu.anjuke.com/fangyuan/4624885193958414,3室2厅|整租|精装修|中层(共12层),已爬取
4222,保利阅江台,1652019,https://jh.zu.anjuke.com/fangyuan/4631051718880261,3室2厅|整租|豪华装修|高层(共17层),已爬取
4223,保利阅江台,1652019,https://jh.zu.anjuke.com/fangyuan/4231725001567243,4室2厅|整租|豪华装修|中层(共17层),已爬取
4224,保利阅江台,1652019,https://jh.zu.anjuke.com/fangyuan/4445382573333504,3室2厅|整租|精装修|中层(共11层),已爬取
4225,保利阅江台,1652019,https://jh.zu.anjuke.com/fangyuan/4516234624609287,3室2厅|整租|豪华装修|中层(共11层),已爬取
4226,保利阅江台,1652019,https://jh.zu.anjuke.com/fangyuan/4630785761274882,3室2厅|整租|豪华装修|低层(共11层),已爬取
4227,保利阅江台,1652019,https://jh.zu.anjuke.com/fangyuan/4623740207260678,3室2厅|整租|精装修|低层(共11层),已爬取
4228,南江悦,1613147,https://jh.zu.anjuke.com/fangyuan/4606543222250509,3室2厅|整租|精装修|中层(共21层),已爬取
4229,南江悦,1613147,https://jh.zu.anjuke.com/fangyuan/4623432487361549,2室2厅|整租|精装修|中层(共18层),已爬取
4230,南江悦,1613147,https://jh.zu.anjuke.com/fangyuan/4630783830270984,2室2厅|整租|精装修|中层(共29层),已爬取
4231,南江悦,1613147,https://jh.zu.anjuke.com/fangyuan/4629463437028365,3室2厅|整租|豪华装修|高层(共29层),已爬取
4232,南江悦,1613147,https://jh.zu.anjuke.com/fangyuan/4630786371787782,3室2厅|整租|精装修|低层(共29层),已爬取
4233,南江悦,1613147,https://jh.zu.anjuke.com/fangyuan/4588038073527300,2室2厅|整租|精装修|中层(共18层),已爬取
4234,南江悦,1613147,https://jh.zu.anjuke.com/fangyuan/4606908389563404,3室2厅|整租|精装修|中层(共11层),已爬取
4235,南江悦,1613147,https://jh.zu.anjuke.com/fangyuan/4575542012437505,3室2厅|整租|豪华装修|低层(共28层),已爬取
4236,南江悦,1613147,https://jh.zu.anjuke.com/fangyuan/4598180652590089,4室2厅|整租|豪华装修|高层(共28层),已爬取
4237,南江悦,1613147,https://jh.zu.anjuke.com/fangyuan/4622776072625155,3室2厅|整租|精装修|低层(共25层),已爬取
4238,万固江潮名邸,1502932,https://jh.zu.anjuke.com/fangyuan/4516098684920842,2室2厅|整租|豪华装修|高层(共25层),已爬取
4239,万固江潮名邸,1502932,https://jh.zu.anjuke.com/fangyuan/4557113701637128,3室2厅|整租|精装修|高层(共20层),已爬取
4240,万固江潮名邸,1502932,https://jh.zu.anjuke.com/fangyuan/4593895547102209,2室1厅|整租|豪华装修|高层(共21层),已爬取
4241,万固江潮名邸,1502932,https://jh.zu.anjuke.com/fangyuan/4503415213026307,3室2厅|整租|精装修|低层(共26层),已爬取
4242,万固江潮名邸,1502932,https://jh.zu.anjuke.com/fangyuan/4609690344528907,3室2厅|整租|豪华装修|中层(共11层),已爬取
4243,万固江潮名邸,1502932,https://jh.zu.anjuke.com/fangyuan/4558902623511555,3室2厅|整租|精装修|中层(共11层),已爬取
4244,万固江潮名邸,1502932,https://jh.zu.anjuke.com/fangyuan/4568620964862981,2室2厅|整租|精装修|高层(共21层),已爬取
4245,万固江潮名邸,1502932,https://jh.zu.anjuke.com/fangyuan/4510402805935104,2室2厅|整租|精装修|高层(共20层),已爬取
4246,万固江潮名邸,1502932,https://jh.zu.anjuke.com/fangyuan/4558937666804746,3室2厅|整租|精装修|中层(共25层),已爬取
4247,万固江潮名邸,1502932,https://jh.zu.anjuke.com/fangyuan/4499206675782662,3室2厅|整租|精装修|中层(共18层),已爬取
4248,金义宝龙广场,1652041,https://jh.zu.anjuke.com/fangyuan/4401191358290958,3室2厅|整租|精装修|中层(共11层),已爬取
4249,金义宝龙广场,1652041,https://jh.zu.anjuke.com/fangyuan/4526093092346880,3室2厅|整租|简单装修|低层(共11层),已爬取
4250,金义宝龙广场,1652041,https://jh.zu.anjuke.com/fangyuan/4505239620037644,3室2厅|整租|精装修|高层(共18层),已爬取
4251,金义宝龙广场,1652041,https://jh.zu.anjuke.com/fangyuan/4589635320425474,3室2厅|整租|精装修|高层(共14层),已爬取
4252,金义宝龙广场,1652041,https://jh.zu.anjuke.com/fangyuan/4569786601643015,3室2厅|整租|精装修|中层(共18层),已爬取
4253,金义宝龙广场,1652041,https://jh.zu.anjuke.com/fangyuan/4558601245795330,1室1厅|整租|精装修|高层(共6层),已爬取
4254,金义宝龙广场,1652041,https://jh.zu.anjuke.com/fangyuan/4569929879776266,3室2厅|整租|精装修|中层(共11层),已爬取
4255,金义宝龙广场,1652041,https://jh.zu.anjuke.com/fangyuan/4622199005408262,3室2厅|整租|精装修|中层(共16层),已爬取
4256,金义宝龙广场,1652041,https://jh.zu.anjuke.com/fangyuan/4615398223010831,3室2厅|整租|精装修|低层(共10层),已爬取
4257,金义宝龙广场,1652041,https://jh.zu.anjuke.com/fangyuan/4548663855424517,3室2厅|整租|精装修|高层(共11层),已爬取
4258,屏岩南苑,1584600,https://jh.zu.anjuke.com/fangyuan/4630800484539402,3室2厅|整租|精装修|中层(共33层),已爬取
4259,屏岩南苑,1584600,https://jh.zu.anjuke.com/fangyuan/4630788699446282,3室2厅|整租|精装修|高层(共21层),已爬取
4260,屏岩南苑,1584600,https://jh.zu.anjuke.com/fangyuan/4632010078954508,2室2厅|整租|精装修|高层(共14层),已爬取
4261,屏岩南苑,1584600,https://jh.zu.anjuke.com/fangyuan/4630804967889929,3室2厅|整租|精装修|中层(共21层),已爬取
4262,屏岩南苑,1584600,https://jh.zu.anjuke.com/fangyuan/4630791066313734,2室2厅|整租|精装修|中层(共14层),已爬取
4263,屏岩南苑,1584600,https://jh.zu.anjuke.com/fangyuan/4633288415980556,2室2厅|整租|精装修|中层(共28层),已爬取
4264,屏岩南苑,1584600,https://jh.zu.anjuke.com/fangyuan/4608204073380866,3室2厅|整租|精装修|中层(共23层),已爬取
4265,屏岩南苑,1584600,https://jh.zu.anjuke.com/fangyuan/4500580832879616,3室2厅|整租|精装修|低层(共27层),已爬取
4266,屏岩南苑,1584600,https://jh.zu.anjuke.com/fangyuan/4605495286113289,3室2厅|整租|精装修|中层(共32层),已爬取
4267,屏岩南苑,1584600,https://jh.zu.anjuke.com/fangyuan/4633431372309509,3室2厅|整租|精装修|中层(共21层),已爬取
4268,建投春风十里,1937694,https://jh.zu.anjuke.com/fangyuan/4516226711350286,3室2厅|整租|精装修|高层(共11层),已爬取
4269,建投春风十里,1937694,https://jh.zu.anjuke.com/fangyuan/4565466741269508,3室2厅|整租|精装修|低层(共11层),已爬取
4270,建投春风十里,1937694,https://jh.zu.anjuke.com/fangyuan/4469192974785542,3室2厅|整租|精装修|中层(共11层),已爬取
4271,建投春风十里,1937694,https://jh.zu.anjuke.com/fangyuan/4516104236903429,3室2厅|整租|精装修|低层(共11层),已爬取
4272,建投春风十里,1937694,https://jh.zu.anjuke.com/fangyuan/4516117792220172,3室2厅|整租|精装修|低层(共11层),已爬取
4273,建投春风十里,1937694,https://jh.zu.anjuke.com/fangyuan/4515834941432846,3室2厅|整租|精装修|低层(共11层),已爬取
4274,建投春风十里,1937694,https://jh.zu.anjuke.com/fangyuan/4515929050655758,3室2厅|整租|精装修|低层(共11层),已爬取
4275,万科婺城上品,1950164,https://jh.zu.anjuke.com/fangyuan/4540288814607366,3室2厅|整租|精装修|低层(共11层),已爬取
4276,万科婺城上品,1950164,https://jh.zu.anjuke.com/fangyuan/4554326670138368,3室2厅|整租|精装修|低层(共18层),已爬取
4277,万科婺城上品,1950164,https://jh.zu.anjuke.com/fangyuan/4540001833004041,3室2厅|整租|精装修|低层(共15层),已爬取
4278,万科婺城上品,1950164,https://jh.zu.anjuke.com/fangyuan/4510389220416514,3室2厅|整租|精装修|低层(共16层),已爬取
4279,央著花园,1885547,https://jh.zu.anjuke.com/fangyuan/4606491710352396,3室2厅|整租|精装修|高层(共11层),已爬取
4280,央著花园,1885547,https://jh.zu.anjuke.com/fangyuan/4589485091220484,3室2厅|整租|精装修|低层(共11层),已爬取
4281,央著花园,1885547,https://jh.zu.anjuke.com/fangyuan/4516086284114955,3室2厅|整租|精装修|中层(共11层),已爬取
4282,央著花园,1885547,https://jh.zu.anjuke.com/fangyuan/4485046016926732,3室2厅|整租|精装修|中层(共11层),已爬取
4283,央著花园,1885547,https://jh.zu.anjuke.com/fangyuan/4595312131906561,3室2厅|整租|精装修|高层(共11层),已爬取
4284,央著花园,1885547,https://jh.zu.anjuke.com/fangyuan/4391596527033351,3室2厅|整租|豪华装修|低层(共18层),已爬取
4285,央著花园,1885547,https://jh.zu.anjuke.com/fangyuan/4494788355662861,3室2厅|整租|精装修|中层(共11层),已爬取
4286,央著花园,1885547,https://jh.zu.anjuke.com/fangyuan/4622186574584840,3室2厅|整租|精装修|高层(共11层),已爬取
4287,央著花园,1885547,https://jh.zu.anjuke.com/fangyuan/4479124753081359,3室2厅|整租|精装修|中层(共11层),已爬取
4288,央著花园,1885547,https://jh.zu.anjuke.com/fangyuan/4622047054652422,3室2厅|整租|精装修|高层(共11层),已爬取
4289,中南君启,1795899,https://jh.zu.anjuke.com/fangyuan/4615538224847878,1室1厅|整租|精装修|低层(共18层),已爬取
4290,中南君启,1795899,https://jh.zu.anjuke.com/fangyuan/4633346527126538,3室2厅|整租|精装修|高层(共11层),已爬取
4291,中南君启,1795899,https://jh.zu.anjuke.com/fangyuan/4623588657327109,1室1厅|整租|精装修|高层(共18层),已爬取
4292,中南君启,1795899,https://jh.zu.anjuke.com/fangyuan/4615528468114441,2室1厅|整租|精装修|低层(共18层),已爬取
4293,中南君启,1795899,https://jh.zu.anjuke.com/fangyuan/4564441314159623,3室2厅|整租|精装修|中层(共11层),已爬取
4294,中南君启,1795899,https://jh.zu.anjuke.com/fangyuan/4594084662926344,3室2厅|整租|精装修|高层(共10层),已爬取
4295,中南君启,1795899,https://jh.zu.anjuke.com/fangyuan/4497423763954689,2室2厅|整租|精装修|中层(共16层),已爬取
4296,中南君启,1795899,https://jh.zu.anjuke.com/fangyuan/4548439722025985,1室1厅|整租|豪华装修|低层(共16层),已爬取
4297,中南君启,1795899,https://jh.zu.anjuke.com/fangyuan/4510223402230785,3室2厅|整租|精装修|低层(共18层),已爬取
4298,中南君启,1795899,https://jh.zu.anjuke.com/fangyuan/4618071790853127,2室2厅|整租|精装修|高层(共18层),已爬取
4299,万科万诚华府,1825764,https://jh.zu.anjuke.com/fangyuan/4552712309300234,3室2厅|整租|精装修|低层(共11层),已爬取
4300,万科万诚华府,1825764,https://jh.zu.anjuke.com/fangyuan/4632275071245325,3室2厅|整租|精装修|高层(共11层),已爬取
4301,万科万诚华府,1825764,https://jh.zu.anjuke.com/fangyuan/4626601577540620,2室2厅|整租|精装修|中层(共18层),已爬取
4302,万科万诚华府,1825764,https://jh.zu.anjuke.com/fangyuan/4482145669848071,3室2厅|整租|精装修|中层(共11层),已爬取
4303,万科万诚华府,1825764,https://jh.zu.anjuke.com/fangyuan/4626509725805570,2室1厅|整租|精装修|中层(共15层),已爬取
4304,万科万诚华府,1825764,https://jh.zu.anjuke.com/fangyuan/4579904364354564,3室2厅|整租|精装修|中层(共11层),已爬取
4305,万科万诚华府,1825764,https://jh.zu.anjuke.com/fangyuan/4617918092340231,2室2厅|整租|精装修|高层(共18层),已爬取
4306,万科万诚华府,1825764,https://jh.zu.anjuke.com/fangyuan/4564407058211849,3室2厅|整租|精装修|中层(共11层),已爬取
4307,万科万诚华府,1825764,https://jh.zu.anjuke.com/fangyuan/4623863501974534,2室2厅|整租|精装修|中层(共18层),已爬取
4308,万科万诚华府,1825764,https://jh.zu.anjuke.com/fangyuan/4592590038342664,3室2厅|整租|精装修|低层(共11层),已爬取
4309,上方区丹阳村,1008074,https://jh.zu.anjuke.com/fangyuan/4482325183392775,3室2厅|整租|简单装修|共5层,已爬取
4310,上方区丹阳村,1008074,https://jh.zu.anjuke.com/fangyuan/4346280805526534,4室2厅|整租|精装修|中层(共6层),已爬取
4311,上方区丹阳村,1008074,https://jh.zu.anjuke.com/fangyuan/4582366180860939,3室2厅|整租|精装修|低层(共6层),已爬取
4312,上方区丹阳村,1008074,https://jh.zu.anjuke.com/fangyuan/4511886457564169,3室2厅|整租|精装修|低层(共6层),已爬取
4313,上方区丹阳村,1008074,https://jh.zu.anjuke.com/fangyuan/4602537469385737,3室2厅|整租|简单装修|共5层,已爬取
4314,上方区丹阳村,1008074,https://jh.zu.anjuke.com/fangyuan/4521506503220239,3室2厅|整租|精装修|共5层,已爬取
4315,美的上湖华章,1298839,https://jh.zu.anjuke.com/fangyuan/4575730221278222,3室2厅|整租|豪华装修|高层(共16层),已爬取
4316,美的上湖华章,1298839,https://jh.zu.anjuke.com/fangyuan/4584046478011405,3室2厅|整租|精装修|低层(共11层),已爬取
4317,美的上湖华章,1298839,https://jh.zu.anjuke.com/fangyuan/4520385576410126,1室1厅|整租|精装修|共2层,已爬取
4318,美的上湖华章,1298839,https://jh.zu.anjuke.com/fangyuan/4516351821409281,3室2厅|整租|豪华装修|高层(共17层),已爬取
4319,美的上湖华章,1298839,https://jh.zu.anjuke.com/fangyuan/4496276165319683,1室0厅|整租|精装修|共4层,已爬取
4320,美的上湖华章,1298839,https://jh.zu.anjuke.com/fangyuan/4592710806379525,3室2厅|整租|豪华装修|高层(共15层),已爬取
4321,美的上湖华章,1298839,https://jh.zu.anjuke.com/fangyuan/4630686474886158,1室0厅|整租|精装修|共4层,已爬取
4322,美的上湖华章,1298839,https://jh.zu.anjuke.com/fangyuan/4568408736654346,3室2厅|整租|精装修|低层(共12层),已爬取
4323,美的上湖华章,1298839,https://jh.zu.anjuke.com/fangyuan/4633296011058183,3室2厅|整租|豪华装修|中层(共17层),已爬取
4324,美的上湖华章,1298839,https://jh.zu.anjuke.com/fangyuan/4574163966583809,3室2厅|整租|精装修|中层(共18层),已爬取
4325,紫阳豪庭公寓,712074,https://jh.zu.anjuke.com/fangyuan/4623605137513477,1室1厅|整租|精装修|高层(共17层),已爬取
4326,紫阳豪庭公寓,712074,https://jh.zu.anjuke.com/fangyuan/4618024233919499,1室0厅|整租|精装修|高层(共17层),已爬取
4327,紫阳豪庭公寓,712074,https://jh.zu.anjuke.com/fangyuan/4523411440724992,2室2厅|整租|豪华装修|高层(共18层),已爬取
4328,紫阳豪庭公寓,712074,https://jh.zu.anjuke.com/fangyuan/4536228954088453,1室1厅|整租|精装修|高层(共18层),已爬取
4329,都汇拾光,1882788,https://jh.zu.anjuke.com/fangyuan/4626922516339718,2室2厅|整租|精装修|中层(共15层),已爬取
4330,都汇拾光,1882788,https://jh.zu.anjuke.com/fangyuan/4630898141027334,3室2厅|整租|精装修|高层(共18层),已爬取
4331,都汇拾光,1882788,https://jh.zu.anjuke.com/fangyuan/4595430645818371,3室2厅|整租|精装修|中层(共22层),已爬取
4332,都汇拾光,1882788,https://jh.zu.anjuke.com/fangyuan/4612438696057857,3室2厅|整租|精装修|高层(共15层),已爬取
4333,都汇拾光,1882788,https://jh.zu.anjuke.com/fangyuan/4612169739512846,4室2厅|整租|豪华装修|高层(共18层),已爬取
4334,都汇拾光,1882788,https://jh.zu.anjuke.com/fangyuan/4594182145743872,3室2厅|整租|精装修|中层(共18层),已爬取
4335,都汇拾光,1882788,https://jh.zu.anjuke.com/fangyuan/4630840224324608,2室2厅|整租|豪华装修|中层(共15层),已爬取
4336,都汇拾光,1882788,https://jh.zu.anjuke.com/fangyuan/4618078351551492,2室2厅|整租|精装修|中层(共15层),已爬取
4337,都汇拾光,1882788,https://jh.zu.anjuke.com/fangyuan/4528805381069835,2室2厅|整租|精装修|中层(共18层),已爬取
4338,都汇拾光,1882788,https://jh.zu.anjuke.com/fangyuan/4609804847211521,2室2厅|整租|豪华装修|中层(共12层),已爬取
4339,海德公园(别墅),969453,https://jh.zu.anjuke.com/fangyuan/4525953103995918,4室3厅|整租|精装修|共3层,已爬取
4340,海德公园(别墅),969453,https://jh.zu.anjuke.com/fangyuan/4591305098275851,5室3厅|整租|精装修|共4层,已爬取
4341,海德公园(别墅),969453,https://jh.zu.anjuke.com/fangyuan/4479415565609984,5室4厅|整租|精装修|共3层,已爬取
4342,海德公园(别墅),969453,https://jh.zu.anjuke.com/fangyuan/4075626755922951,5室4厅|整租|豪华装修|共4层,已爬取
4343,海德公园(别墅),969453,https://jh.zu.anjuke.com/fangyuan/4194770057468930,5室3厅|整租|精装修|共4层,已爬取
4344,海德公园(别墅),969453,https://jh.zu.anjuke.com/fangyuan/4385825729258503,6室4厅|整租|豪华装修|共3层,已爬取
4345,海德公园(别墅),969453,https://jh.zu.anjuke.com/fangyuan/4619241299977230,6室4厅|整租|精装修|共3层,已爬取
4346,海德公园(别墅),969453,https://jh.zu.anjuke.com/fangyuan/4514743755893770,4室2厅|整租|精装修|共2层,已爬取
4347,海德公园(别墅),969453,https://jh.zu.anjuke.com/fangyuan/4632279433045003,8室3厅|整租|精装修|地下(共3层),已爬取
4348,海德公园(别墅),969453,https://jh.zu.anjuke.com/fangyuan/4503553642765312,4室2厅|整租|精装修|共3层,已爬取
4349,紫丁花园,1492091,https://jh.zu.anjuke.com/fangyuan/4633461677908993,3室2厅|整租|精装修|中层(共17层),已爬取
4350,紫丁花园,1492091,https://jh.zu.anjuke.com/fangyuan/4622479160697863,3室2厅|整租|豪华装修|中层(共17层),已爬取
4351,紫丁花园,1492091,https://jh.zu.anjuke.com/fangyuan/4620674725342211,2室1厅|整租|精装修|中层(共21层),已爬取
4352,紫丁花园,1492091,https://jh.zu.anjuke.com/fangyuan/4075586399804429,1室1厅|整租|精装修|中层(共22层),已爬取
4353,紫丁花园,1492091,https://jh.zu.anjuke.com/fangyuan/4554147977440269,2室2厅|整租|豪华装修|中层(共18层),已爬取
4354,紫丁花园,1492091,https://jh.zu.anjuke.com/fangyuan/4582832022088716,3室2厅|整租|豪华装修|中层(共11层),已爬取
4355,紫丁花园,1492091,https://jh.zu.anjuke.com/fangyuan/4529150804237321,3室2厅|整租|豪华装修|高层(共16层),已爬取
4356,紫丁花园,1492091,https://jh.zu.anjuke.com/fangyuan/4512255155889161,4室2厅|整租|豪华装修|中层(共18层),已爬取
4357,紫丁花园,1492091,https://jh.zu.anjuke.com/fangyuan/4622631146646538,3室2厅|整租|豪华装修|低层(共14层),已爬取
4358,紫丁花园,1492091,https://jh.zu.anjuke.com/fangyuan/4084618846215176,3室2厅|整租|精装修|高层(共16层),已爬取
4359,中天云望,1408373,https://jh.zu.anjuke.com/fangyuan/4513300056218624,4室2厅|整租|豪华装修|中层(共8层),已爬取
4360,尖峰新村,909908,https://jh.zu.anjuke.com/fangyuan/4626350833441802,2室1厅|整租|精装修|高层(共6层),已爬取
4361,尖峰新村,909908,https://jh.zu.anjuke.com/fangyuan/4592475893736461,2室2厅|整租|精装修|中层(共6层),已爬取
4362,尖峰新村,909908,https://jh.zu.anjuke.com/fangyuan/4608273704477704,2室1厅|整租|精装修|中层(共6层),已爬取
4363,尖峰新村,909908,https://jh.zu.anjuke.com/fangyuan/4629434782227463,2室2厅|整租|豪华装修|高层(共6层),已爬取
4364,龙川悦府,1533608,https://jh.zu.anjuke.com/fangyuan/4414267372397583,3室2厅|整租|豪华装修|中层(共14层),已爬取
4365,龙川悦府,1533608,https://jh.zu.anjuke.com/fangyuan/4616545424923658,1室1厅|整租|精装修|中层(共28层),已爬取
4366,龙川悦府,1533608,https://jh.zu.anjuke.com/fangyuan/4568281049721856,2室1厅|整租|精装修|中层(共14层),已爬取
4367,龙川悦府,1533608,https://jh.zu.anjuke.com/fangyuan/4605258652478465,3室2厅|整租|豪华装修|低层(共16层),已爬取
4368,龙川悦府,1533608,https://jh.zu.anjuke.com/fangyuan/4497870438884360,2室1厅|整租|精装修|中层(共26层),已爬取
4369,龙川悦府,1533608,https://jh.zu.anjuke.com/fangyuan/4629359803718668,3室1厅|整租|精装修|中层(共15层),已爬取
4370,龙川悦府,1533608,https://jh.zu.anjuke.com/fangyuan/4632114666200065,3室2厅|整租|豪华装修|高层(共14层),已爬取
4371,龙川悦府,1533608,https://jh.zu.anjuke.com/fangyuan/4480672974068737,3室2厅|整租|豪华装修|低层(共18层),已爬取
4372,龙川悦府,1533608,https://jh.zu.anjuke.com/fangyuan/4500612331625486,2室1厅|整租|精装修|高层(共20层),已爬取
4373,龙川悦府,1533608,https://jh.zu.anjuke.com/fangyuan/4630620271467520,3室2厅|整租|豪华装修|高层(共14层),已爬取
4374,前庄佳苑,1528619,https://jh.zu.anjuke.com/fangyuan/3432935826088972,3室2厅|整租|豪华装修|中层(共9层),已爬取
4375,前庄佳苑,1528619,https://jh.zu.anjuke.com/fangyuan/3360819362552844,2室2厅|整租|精装修|高层(共14层),已爬取
4376,前庄佳苑,1528619,https://jh.zu.anjuke.com/fangyuan/4574262229165061,3室2厅|整租|精装修|低层(共18层),已爬取
4377,前庄佳苑,1528619,https://jh.zu.anjuke.com/fangyuan/4259717195472896,1室1厅|整租|精装修|低层(共26层),已爬取
4378,前庄佳苑,1528619,https://jh.zu.anjuke.com/fangyuan/4626502690776067,3室2厅|整租|精装修|低层(共12层),已爬取
4379,前庄佳苑,1528619,https://jh.zu.anjuke.com/fangyuan/4513124360530953,1室1厅|整租|精装修|低层(共26层),已爬取
4380,前庄佳苑,1528619,https://jh.zu.anjuke.com/fangyuan/4615209251742721,3室2厅|整租|精装修|中层(共11层),已爬取
4381,前庄佳苑,1528619,https://jh.zu.anjuke.com/fangyuan/4539022497688591,1室0厅|整租|精装修|高层(共14层),已爬取
4382,前庄佳苑,1528619,https://jh.zu.anjuke.com/fangyuan/4609399816414223,1室1厅|整租|精装修|高层(共16层),已爬取
4383,前庄佳苑,1528619,https://jh.zu.anjuke.com/fangyuan/4618160515918863,1室0厅|整租|精装修|中层(共16层),已爬取
4384,观湖蓝庭,1431568,https://jh.zu.anjuke.com/fangyuan/4568507473452046,3室2厅|整租|精装修|低层(共8层),已爬取
4385,观湖蓝庭,1431568,https://jh.zu.anjuke.com/fangyuan/4608668635341826,3室2厅|整租|精装修|中层(共11层),已爬取
4386,观湖蓝庭,1431568,https://jh.zu.anjuke.com/fangyuan/4631436532016134,2室2厅|整租|豪华装修|中层(共11层),已爬取
4387,观湖蓝庭,1431568,https://jh.zu.anjuke.com/fangyuan/4631448029486087,3室2厅|整租|豪华装修|中层(共11层),已爬取
4388,观湖蓝庭,1431568,https://jh.zu.anjuke.com/fangyuan/4571440369886223,3室2厅|整租|精装修|低层(共10层),已爬取
4389,观湖蓝庭,1431568,https://jh.zu.anjuke.com/fangyuan/4513356905536522,3室2厅|整租|精装修|中层(共11层),已爬取
4390,观湖蓝庭,1431568,https://jh.zu.anjuke.com/fangyuan/4593906149170183,4室2厅|整租|精装修|中层(共10层),已爬取
4391,观湖蓝庭,1431568,https://jh.zu.anjuke.com/fangyuan/4538537033227264,3室2厅|整租|精装修|低层(共11层),已爬取
4392,观湖蓝庭,1431568,https://jh.zu.anjuke.com/fangyuan/4566913716478991,3室2厅|整租|精装修|中层(共8层),已爬取
4393,观湖蓝庭,1431568,https://jh.zu.anjuke.com/fangyuan/4538522995153926,3室2厅|整租|豪华装修|中层(共11层),已爬取
4394,新鸿广场一期,1507018,https://jh.zu.anjuke.com/fangyuan/4534766881448971,3室2厅|整租|精装修|高层(共10层),已爬取
4395,新鸿广场一期,1507018,https://jh.zu.anjuke.com/fangyuan/4574477834312717,3室2厅|整租|精装修|低层(共11层),已爬取
4396,新鸿广场一期,1507018,https://jh.zu.anjuke.com/fangyuan/4316251912252424,3室1厅|整租|精装修|高层(共11层),已爬取
4397,东方明珠花园(别墅),1076094,https://jh.zu.anjuke.com/fangyuan/4493693770507271,5室3厅|整租|豪华装修|共3层,已爬取
4398,东方明珠花园(别墅),1076094,https://jh.zu.anjuke.com/fangyuan/4479088462195719,4室2厅|整租|豪华装修|共3层,已爬取
4399,东方明珠花园(别墅),1076094,https://jh.zu.anjuke.com/fangyuan/4477780109143043,4室2厅|整租|豪华装修|共2层,已爬取
4400,东方明珠花园(别墅),1076094,https://jh.zu.anjuke.com/fangyuan/4131399306652673,1室1厅|整租|精装修|共4层,已爬取
4401,星月嘉园,1126301,https://jh.zu.anjuke.com/fangyuan/4618238358793231,3室2厅|整租|豪华装修|低层(共21层),已爬取
4402,星月嘉园,1126301,https://jh.zu.anjuke.com/fangyuan/4605311790345228,3室1厅|整租|精装修|高层(共33层),已爬取
4403,星月嘉园,1126301,https://jh.zu.anjuke.com/fangyuan/4605164997747713,3室1厅|整租|豪华装修|高层(共31层),已爬取
4404,星月嘉园,1126301,https://jh.zu.anjuke.com/fangyuan/4579723035091979,3室2厅|整租|精装修|高层(共27层),已爬取
4405,星月嘉园,1126301,https://jh.zu.anjuke.com/fangyuan/4606756816530443,3室1厅|整租|豪华装修|低层(共19层),已爬取
4406,星月嘉园,1126301,https://jh.zu.anjuke.com/fangyuan/4499494463038464,4室2厅|整租|豪华装修|高层(共18层),已爬取
4407,星月嘉园,1126301,https://jh.zu.anjuke.com/fangyuan/4574057469991936,3室2厅|整租|精装修|中层(共26层),已爬取
4408,星月嘉园,1126301,https://jh.zu.anjuke.com/fangyuan/4608303686003712,3室2厅|整租|精装修|高层(共29层),已爬取
4409,星月嘉园,1126301,https://jh.zu.anjuke.com/fangyuan/4605213207043074,3室1厅|整租|豪华装修|中层(共19层),已爬取
4410,星月嘉园,1126301,https://jh.zu.anjuke.com/fangyuan/4603102687536130,4室2厅|整租|精装修|中层(共20层),已爬取
4411,书香世家花园,1584471,https://jh.zu.anjuke.com/fangyuan/4552943879463950,2室2厅|整租|豪华装修|低层(共14层),已爬取
4412,书香世家花园,1584471,https://jh.zu.anjuke.com/fangyuan/3345280326867969,2室2厅|整租|豪华装修|中层(共15层),已爬取
4413,书香世家花园,1584471,https://jh.zu.anjuke.com/fangyuan/2845437751157774,2室2厅|整租|豪华装修|低层(共12层),已爬取
4414,书香世家花园,1584471,https://jh.zu.anjuke.com/fangyuan/3841349022244878,1室1厅|整租|豪华装修|高层(共13层),已爬取
4415,书香世家花园,1584471,https://jh.zu.anjuke.com/fangyuan/4578600447253515,2室2厅|整租|精装修|高层(共13层),已爬取
4416,书香世家花园,1584471,https://jh.zu.anjuke.com/fangyuan/3191276067512324,3室2厅|整租|豪华装修|高层(共13层),已爬取
4417,书香世家花园,1584471,https://jh.zu.anjuke.com/fangyuan/4603945962069002,1室1厅|整租|豪华装修|低层(共18层),已爬取
4418,书香世家花园,1584471,https://jh.zu.anjuke.com/fangyuan/4565966211212292,1室1厅|整租|精装修|中层(共8层),已爬取
4419,书香世家花园,1584471,https://jh.zu.anjuke.com/fangyuan/4501847082146827,1室1厅|整租|精装修|中层(共26层),已爬取
4420,书香世家花园,1584471,https://jh.zu.anjuke.com/fangyuan/4608134136325128,2室2厅|整租|精装修|低层(共18层),已爬取
4421,锦里江澜,1859406,https://jh.zu.anjuke.com/fangyuan/4580220573281295,3室2厅|整租|精装修|低层(共18层),已爬取
4422,锦里江澜,1859406,https://jh.zu.anjuke.com/fangyuan/4543626288880644,4室2厅|整租|精装修|低层(共11层),已爬取
4423,锦里江澜,1859406,https://jh.zu.anjuke.com/fangyuan/4609447676324878,2室2厅|整租|精装修|低层(共12层),已爬取
4424,锦里江澜,1859406,https://jh.zu.anjuke.com/fangyuan/4631886123609099,3室2厅|整租|豪华装修|低层(共11层),已爬取
4425,锦里江澜,1859406,https://jh.zu.anjuke.com/fangyuan/4608332998601733,3室2厅|整租|精装修|低层(共11层),已爬取
4426,锦里江澜,1859406,https://jh.zu.anjuke.com/fangyuan/4592582295428098,3室2厅|整租|豪华装修|低层(共11层),已爬取
4427,锦里江澜,1859406,https://jh.zu.anjuke.com/fangyuan/4599876681788425,4室2厅|整租|精装修|中层(共11层),已爬取
4428,锦里江澜,1859406,https://jh.zu.anjuke.com/fangyuan/4613276467342346,3室2厅|整租|豪华装修|低层(共12层),已爬取
4429,锦里江澜,1859406,https://jh.zu.anjuke.com/fangyuan/4538791848729600,4室2厅|整租|豪华装修|低层(共18层),已爬取
4430,下金新村,1050256,https://jh.zu.anjuke.com/fangyuan/4623442345516040,1室1厅|整租|精装修|中层(共10层),已爬取
4431,下金新村,1050256,https://jh.zu.anjuke.com/fangyuan/4611478170936322,1室1厅|整租|精装修|低层(共11层),已爬取
4432,下金新村,1050256,https://jh.zu.anjuke.com/fangyuan/4504964205632527,2室2厅|整租|精装修|中层(共16层),已爬取
4433,下金新村,1050256,https://jh.zu.anjuke.com/fangyuan/4627908264287243,1室1厅|整租|精装修|中层(共10层),已爬取
4434,下金新村,1050256,https://jh.zu.anjuke.com/fangyuan/4614043172465675,2室1厅|整租|精装修|高层(共9层),已爬取
4435,下金新村,1050256,https://jh.zu.anjuke.com/fangyuan/4623389941474313,1室1厅|整租|精装修|中层(共9层),已爬取
4436,下金新村,1050256,https://jh.zu.anjuke.com/fangyuan/4629666401068046,1室1厅|整租|精装修|中层(共10层),已爬取
4437,下金新村,1050256,https://jh.zu.anjuke.com/fangyuan/4467038550268943,2室2厅|整租|精装修|中层(共11层),已爬取
4438,下金新村,1050256,https://jh.zu.anjuke.com/fangyuan/4469065429689348,2室2厅|整租|精装修|高层(共18层),已爬取
4439,下金新村,1050256,https://jh.zu.anjuke.com/fangyuan/4630575202458628,1室1厅|整租|精装修|低层(共9层),已爬取
4440,铂凯花园(北区),1663610,https://jh.zu.anjuke.com/fangyuan/4557213257147394,3室2厅|整租|精装修|低层(共16层),已爬取
4441,铂凯花园(北区),1663610,https://jh.zu.anjuke.com/fangyuan/4507474157593604,4室2厅|整租|精装修|中层(共11层),已爬取
4442,铂凯花园(北区),1663610,https://jh.zu.anjuke.com/fangyuan/4620985952988160,3室2厅|整租|精装修|低层(共11层),已爬取
4443,铂凯花园(北区),1663610,https://jh.zu.anjuke.com/fangyuan/4238740720360463,3室2厅|整租|精装修|高层(共11层),已爬取
4444,铂凯花园(北区),1663610,https://jh.zu.anjuke.com/fangyuan/4614942480933898,3室2厅|整租|精装修|低层(共11层),已爬取
4445,铂凯花园(北区),1663610,https://jh.zu.anjuke.com/fangyuan/4408694735035397,3室2厅|整租|简单装修|中层(共11层),已爬取
4446,铂凯花园(北区),1663610,https://jh.zu.anjuke.com/fangyuan/4405581399534594,3室2厅|整租|精装修|高层(共11层),已爬取
4447,铂凯花园(北区),1663610,https://jh.zu.anjuke.com/fangyuan/4568223551822861,3室2厅|整租|精装修|高层(共11层),已爬取
4448,铂凯花园(北区),1663610,https://jh.zu.anjuke.com/fangyuan/4494876627954691,3室1厅|整租|精装修|高层(共11层),已爬取
4449,铂凯花园(北区),1663610,https://jh.zu.anjuke.com/fangyuan/4566849414767623,3室2厅|整租|精装修|低层(共10层),已爬取
4450,秀水山庄,712098,https://jh.zu.anjuke.com/fangyuan/4575609551739914,2室2厅|整租|精装修|中层(共18层),已爬取
4451,婺颂花园,1939131,https://jh.zu.anjuke.com/fangyuan/4629479761714179,1室1厅|整租|精装修|低层(共23层),已爬取
4452,婺颂花园,1939131,https://jh.zu.anjuke.com/fangyuan/4613706438419471,1室1厅|整租|豪华装修|中层(共23层),已爬取
4453,婺颂花园,1939131,https://jh.zu.anjuke.com/fangyuan/4598278649947140,1室1厅|整租|精装修|高层(共22层),已爬取
4454,婺颂花园,1939131,https://jh.zu.anjuke.com/fangyuan/4571136843803658,1室1厅|整租|精装修|低层(共23层),已爬取
4455,婺颂花园,1939131,https://jh.zu.anjuke.com/fangyuan/4584002114511887,1室1厅|整租|精装修|高层(共24层),已爬取
4456,婺颂花园,1939131,https://jh.zu.anjuke.com/fangyuan/4554268910119947,1室1厅|整租|精装修|高层(共23层),已爬取
4457,婺颂花园,1939131,https://jh.zu.anjuke.com/fangyuan/4605044746953739,1室1厅|整租|精装修|中层(共18层),已爬取
4458,婺颂花园,1939131,https://jh.zu.anjuke.com/fangyuan/4479505013910536,3室2厅|整租|精装修|高层(共27层),已爬取
4459,婺颂花园,1939131,https://jh.zu.anjuke.com/fangyuan/4578172008868866,1室1厅|整租|精装修|中层(共23层),已爬取
4460,婺颂花园,1939131,https://jh.zu.anjuke.com/fangyuan/4595172232600588,3室2厅|整租|精装修|中层(共25层),已爬取
4461,铂凯花园(南区),1697883,https://jh.zu.anjuke.com/fangyuan/4515865174203399,3室2厅|整租|精装修|中层(共11层),已爬取
4462,铂凯花园(南区),1697883,https://jh.zu.anjuke.com/fangyuan/4607018177831949,3室2厅|整租|精装修|高层(共11层),已爬取
4463,铂凯花园(南区),1697883,https://jh.zu.anjuke.com/fangyuan/4533334933822475,4室2厅|整租|精装修|中层(共11层),已爬取
4464,铂凯花园(南区),1697883,https://jh.zu.anjuke.com/fangyuan/4494899307144194,3室2厅|整租|精装修|高层(共11层),已爬取
4465,铂凯花园(南区),1697883,https://jh.zu.anjuke.com/fangyuan/4613565422099463,3室2厅|整租|精装修|高层(共11层),已爬取
4466,铂凯花园(南区),1697883,https://jh.zu.anjuke.com/fangyuan/4238767185829898,3室2厅|整租|精装修|高层(共11层),已爬取
4467,铂凯花园(南区),1697883,https://jh.zu.anjuke.com/fangyuan/4511787695676431,4室2厅|整租|精装修|共1层,已爬取
4468,铂凯花园(南区),1697883,https://jh.zu.anjuke.com/fangyuan/4632030053901323,3室2厅|整租|精装修|中层(共11层),已爬取
4469,铂凯花园(南区),1697883,https://jh.zu.anjuke.com/fangyuan/4626414139497485,3室2厅|整租|精装修|中层(共11层),已爬取
4470,铂凯花园(南区),1697883,https://jh.zu.anjuke.com/fangyuan/4573945854798858,4室2厅|整租|精装修|高层(共7层),已爬取
4471,东欣家园,1050669,https://jh.zu.anjuke.com/fangyuan/4628535795538945,1室0厅|整租|精装修|中层(共10层),已爬取
4472,东欣家园,1050669,https://jh.zu.anjuke.com/fangyuan/4569705167971331,3室2厅|整租|精装修|中层(共6层),已爬取
4473,东欣家园,1050669,https://jh.zu.anjuke.com/fangyuan/4488895546252300,1室0厅|整租|精装修|共5层,已爬取
4474,君悦兰庭,969061,https://jh.zu.anjuke.com/fangyuan/4596586156207104,3室2厅|整租|精装修|低层(共15层),已爬取
4475,君悦兰庭,969061,https://jh.zu.anjuke.com/fangyuan/4598420865424385,3室2厅|整租|精装修|共5层,已爬取
4476,君悦兰庭,969061,https://jh.zu.anjuke.com/fangyuan/4511804771003402,2室2厅|整租|精装修|中层(共17层),已爬取
4477,君悦兰庭,969061,https://jh.zu.anjuke.com/fangyuan/4633690025368581,2室2厅|整租|简单装修|中层(共14层),已爬取
4478,君悦兰庭,969061,https://jh.zu.anjuke.com/fangyuan/4616330991033345,3室2厅|整租|精装修|高层(共14层),已爬取
4479,君悦兰庭,969061,https://jh.zu.anjuke.com/fangyuan/4633664803134469,3室2厅|整租|精装修|高层(共15层),已爬取
4480,君悦兰庭,969061,https://jh.zu.anjuke.com/fangyuan/4605380119290890,3室2厅|整租|精装修|低层(共11层),已爬取
4481,君悦兰庭,969061,https://jh.zu.anjuke.com/fangyuan/4014312724458499,1室1厅|整租|精装修|共3层,已爬取
4482,君悦兰庭,969061,https://jh.zu.anjuke.com/fangyuan/4619243217527810,3室2厅|整租|精装修|高层(共16层),已爬取
4483,君悦兰庭,969061,https://jh.zu.anjuke.com/fangyuan/4013573841787915,1室1厅|整租|精装修|共3层,已爬取
4484,金厦银湖城(二期商住楼),1485529,https://jh.zu.anjuke.com/fangyuan/4608822389941249,1室1厅|整租|精装修|中层(共18层),已爬取
4485,金厦银湖城(二期商住楼),1485529,https://jh.zu.anjuke.com/fangyuan/4552945105955848,1室1厅|整租|精装修|低层(共18层),已爬取
4486,金厦银湖城(二期商住楼),1485529,https://jh.zu.anjuke.com/fangyuan/4543097472984070,1室1厅|整租|精装修|低层(共18层),已爬取
4487,金厦银湖城(二期商住楼),1485529,https://jh.zu.anjuke.com/fangyuan/4624028082854914,2室1厅|整租|精装修|低层(共18层),已爬取
4488,金厦银湖城(二期商住楼),1485529,https://jh.zu.anjuke.com/fangyuan/4421344514432009,1室1厅|整租|精装修|低层(共18层),已爬取
4489,金厦银湖城(二期商住楼),1485529,https://jh.zu.anjuke.com/fangyuan/4624236297546764,2室1厅|整租|精装修|低层(共18层),已爬取
4490,金厦银湖城(二期商住楼),1485529,https://jh.zu.anjuke.com/fangyuan/4552974119836685,1室1厅|整租|精装修|低层(共18层),已爬取
4491,金厦银湖城(二期商住楼),1485529,https://jh.zu.anjuke.com/fangyuan/4624013825121289,1室1厅|整租|精装修|低层(共18层),已爬取
4492,金厦银湖城(二期商住楼),1485529,https://jh.zu.anjuke.com/fangyuan/4611311651136520,1室1厅|整租|精装修|中层(共18层),已爬取
4493,金厦银湖城(二期商住楼),1485529,https://jh.zu.anjuke.com/fangyuan/4609869916005385,1室1厅|整租|精装修|低层(共18层),已爬取
4494,紫金嘉苑,969274,https://jh.zu.anjuke.com/fangyuan/4547060840031234,3室2厅|整租|精装修|中层(共6层),已爬取
4495,紫金嘉苑,969274,https://jh.zu.anjuke.com/fangyuan/4527188450370562,4室2厅|整租|精装修|高层(共6层),已爬取
4496,红星铂瑞花园(南区),1651172,https://jh.zu.anjuke.com/fangyuan/4593780774054920,3室2厅|整租|豪华装修|中层(共13层),已爬取
4497,红星铂瑞花园(南区),1651172,https://jh.zu.anjuke.com/fangyuan/4509246068091911,1室1厅|整租|精装修|中层(共25层),已爬取
4498,红星铂瑞花园(南区),1651172,https://jh.zu.anjuke.com/fangyuan/4598234498540558,4室2厅|整租|精装修|中层(共18层),已爬取
4499,红星铂瑞花园(南区),1651172,https://jh.zu.anjuke.com/fangyuan/4623994496183302,3室2厅|整租|精装修|中层(共18层),已爬取
4500,红星铂瑞花园(南区),1651172,https://jh.zu.anjuke.com/fangyuan/4470851624066057,3室2厅|整租|精装修|低层(共16层),已爬取
4501,红星铂瑞花园(南区),1651172,https://jh.zu.anjuke.com/fangyuan/4598235336764430,4室2厅|整租|精装修|中层(共18层),已爬取
4502,红星铂瑞花园(南区),1651172,https://jh.zu.anjuke.com/fangyuan/4625245014514696,3室2厅|整租|精装修|中层(共21层),已爬取
4503,红星铂瑞花园(南区),1651172,https://jh.zu.anjuke.com/fangyuan/4593792649323521,3室2厅|整租|精装修|高层(共17层),已爬取
4504,红星铂瑞花园(南区),1651172,https://jh.zu.anjuke.com/fangyuan/4544528146148353,3室2厅|整租|精装修|低层(共21层),已爬取
4505,红星铂瑞花园(南区),1651172,https://jh.zu.anjuke.com/fangyuan/4275198487440390,3室2厅|整租|精装修|中层(共25层),已爬取
4506,金义大厦,914069,https://jh.zu.anjuke.com/fangyuan/4442325027429377,1室1厅|整租|精装修|中层(共8层),已爬取
4507,金义大厦,914069,https://jh.zu.anjuke.com/fangyuan/4585577635060750,2室2厅|整租|精装修|中层(共6层),已爬取
4508,金义大厦,914069,https://jh.zu.anjuke.com/fangyuan/4458531604128783,1室0厅|整租|精装修|共4层,已爬取
4509,金义大厦,914069,https://jh.zu.anjuke.com/fangyuan/4476715801519106,1室1厅|整租|豪华装修|低层(共8层),已爬取
4510,保集半岛(别墅),1297172,https://jh.zu.anjuke.com/fangyuan/4589787304369157,1室0厅|整租|精装修|低层(共16层),已爬取
4511,保集半岛(别墅),1297172,https://jh.zu.anjuke.com/fangyuan/4441236782801925,1室0厅|整租|精装修|中层(共6层),已爬取
4512,保集半岛(别墅),1297172,https://jh.zu.anjuke.com/fangyuan/4572738141772813,1室0厅|整租|精装修|中层(共8层),已爬取
4513,保集半岛(别墅),1297172,https://jh.zu.anjuke.com/fangyuan/4589788029920257,1室0厅|整租|精装修|低层(共12层),已爬取
4514,保集半岛(别墅),1297172,https://jh.zu.anjuke.com/fangyuan/4572744400575501,1室1厅|整租|精装修|低层(共15层),已爬取
4515,保集半岛(别墅),1297172,https://jh.zu.anjuke.com/fangyuan/4562939838376969,3室2厅|整租|精装修|中层(共6层),已爬取
4516,保集半岛(别墅),1297172,https://jh.zu.anjuke.com/fangyuan/4181796633861131,3室2厅|整租|精装修|低层(共16层),已爬取
4517,歌山郎廷轩,1663815,https://jh.zu.anjuke.com/fangyuan/4526337902963715,3室2厅|整租|精装修|中层(共30层),已爬取
4518,兰溪宝龙广场,1385592,https://jh.zu.anjuke.com/fangyuan/4483493637712899,3室2厅|整租|精装修|中层(共9层),已爬取
4519,兰溪宝龙广场,1385592,https://jh.zu.anjuke.com/fangyuan/4523176891374602,3室2厅|整租|精装修|低层(共9层),已爬取
4520,兰溪宝龙广场,1385592,https://jh.zu.anjuke.com/fangyuan/4616721083280385,3室2厅|整租|精装修|低层(共15层),已爬取
4521,兰溪宝龙广场,1385592,https://jh.zu.anjuke.com/fangyuan/4582520143031304,3室2厅|整租|精装修|低层(共11层),已爬取
4522,兰溪宝龙广场,1385592,https://jh.zu.anjuke.com/fangyuan/4616856780381197,1室1厅|整租|精装修|低层(共10层),已爬取
4523,兰溪宝龙广场,1385592,https://jh.zu.anjuke.com/fangyuan/4599570423983113,3室2厅|整租|精装修|中层(共11层),已爬取
4524,兰溪宝龙广场,1385592,https://jh.zu.anjuke.com/fangyuan/4609364085056514,3室2厅|整租|精装修|低层(共10层),已爬取
4525,兰溪宝龙广场,1385592,https://jh.zu.anjuke.com/fangyuan/4595196722783244,3室2厅|整租|精装修|低层(共11层),已爬取
4526,兰溪宝龙广场,1385592,https://jh.zu.anjuke.com/fangyuan/4620979549776899,1室1厅|整租|精装修|中层(共11层),已爬取
4527,兰溪宝龙广场,1385592,https://jh.zu.anjuke.com/fangyuan/4621449258806285,2室1厅|整租|简单装修|低层(共11层),已爬取
4528,春熙明月,1445858,https://jh.zu.anjuke.com/fangyuan/4633319622482956,3室1厅|整租|豪华装修|中层(共26层),已爬取
4529,春熙明月,1445858,https://jh.zu.anjuke.com/fangyuan/4572503350434821,3室2厅|整租|豪华装修|低层(共18层),已爬取
4530,春熙明月,1445858,https://jh.zu.anjuke.com/fangyuan/4517649554938889,3室2厅|整租|豪华装修|中层(共18层),已爬取
4531,春熙明月,1445858,https://jh.zu.anjuke.com/fangyuan/4568498617932800,3室2厅|整租|豪华装修|高层(共18层),已爬取
4532,春熙明月,1445858,https://jh.zu.anjuke.com/fangyuan/4160887660502023,3室2厅|整租|豪华装修|中层(共18层),已爬取
4533,春熙明月,1445858,https://jh.zu.anjuke.com/fangyuan/4619494898080778,3室2厅|整租|精装修|中层(共20层),已爬取
4534,春熙明月,1445858,https://jh.zu.anjuke.com/fangyuan/4398886828633090,3室2厅|整租|豪华装修|中层(共19层),已爬取
4535,春熙明月,1445858,https://jh.zu.anjuke.com/fangyuan/4551382842024964,3室2厅|整租|豪华装修|高层(共18层),已爬取
4536,春熙明月,1445858,https://jh.zu.anjuke.com/fangyuan/4051927957711883,3室2厅|整租|精装修|高层(共20层),已爬取
4537,春熙明月,1445858,https://jh.zu.anjuke.com/fangyuan/4138014742047758,3室2厅|整租|豪华装修|高层(共17层),已爬取
4538,青松村,1012095,https://jh.zu.anjuke.com/fangyuan/4633569284711428,2室1厅|整租|精装修|共5层,已爬取
4539,青松村,1012095,https://jh.zu.anjuke.com/fangyuan/4611465976308746,2室1厅|整租|精装修|共5层,已爬取
4540,青松村,1012095,https://jh.zu.anjuke.com/fangyuan/4621873374272520,3室2厅|整租|精装修|低层(共6层),已爬取
4541,青松村,1012095,https://jh.zu.anjuke.com/fangyuan/4630990648353803,3室2厅|整租|精装修|低层(共6层),已爬取
4542,百仕达公寓,913485,https://jh.zu.anjuke.com/fangyuan/4512226562532359,1室1厅|整租|精装修|低层(共12层),已爬取
4543,百仕达公寓,913485,https://jh.zu.anjuke.com/fangyuan/4592896671360009,1室0厅|整租|精装修|共5层,已爬取
4544,嘉怡花苑,671116,https://jh.zu.anjuke.com/fangyuan/4609339683662854,3室2厅|整租|精装修|共5层,已爬取
4545,香溪玫瑰园,1074506,https://jh.zu.anjuke.com/fangyuan/4295544321662991,3室2厅|整租|精装修|共5层,已爬取
4546,香堤意墅(别墅),868027,https://jh.zu.anjuke.com/fangyuan/4607800266939404,2室2厅|整租|精装修|低层(共18层),已爬取
4547,香堤意墅(别墅),868027,https://jh.zu.anjuke.com/fangyuan/4630569279167498,5室3厅|整租|精装修|共4层,已爬取
4548,香堤意墅(别墅),868027,https://jh.zu.anjuke.com/fangyuan/4630518620101632,2室2厅|整租|精装修|高层(共18层),已爬取
4549,浩创悦府,1469440,https://jh.zu.anjuke.com/fangyuan/4633745414661129,3室2厅|整租|精装修|高层(共13层),已爬取
4550,浩创悦府,1469440,https://jh.zu.anjuke.com/fangyuan/4633678086368268,3室2厅|整租|精装修|低层(共13层),已爬取
4551,浩创悦府,1469440,https://jh.zu.anjuke.com/fangyuan/4623451914054670,3室2厅|整租|精装修|中层(共12层),已爬取
4552,浩创悦府,1469440,https://jh.zu.anjuke.com/fangyuan/4623806678408206,3室2厅|整租|精装修|高层(共12层),已爬取
4553,浩创悦府,1469440,https://jh.zu.anjuke.com/fangyuan/4587329522015234,3室2厅|整租|精装修|高层(共13层),已爬取
4554,浩创悦府,1469440,https://jh.zu.anjuke.com/fangyuan/4602491636835337,3室2厅|整租|精装修|中层(共13层),已爬取
4555,浩创悦府,1469440,https://jh.zu.anjuke.com/fangyuan/4611079909760009,3室2厅|整租|精装修|中层(共11层),已爬取
4556,浩创悦府,1469440,https://jh.zu.anjuke.com/fangyuan/4616748703853579,3室2厅|整租|精装修|低层(共12层),已爬取
4557,浩创悦府,1469440,https://jh.zu.anjuke.com/fangyuan/4590879184086017,3室2厅|整租|精装修|中层(共11层),已爬取
4558,浩创悦府,1469440,https://jh.zu.anjuke.com/fangyuan/4530727155997696,3室2厅|整租|精装修|中层(共16层),已爬取
4559,排岭新村,1426427,https://jh.zu.anjuke.com/fangyuan/4633563457465357,1室1厅|整租|精装修|高层(共18层),已爬取
4560,排岭新村,1426427,https://jh.zu.anjuke.com/fangyuan/4631914067289094,1室1厅|整租|精装修|中层(共18层),已爬取
4561,排岭新村,1426427,https://jh.zu.anjuke.com/fangyuan/4596655688936457,2室2厅|整租|精装修|中层(共18层),已爬取
4562,排岭新村,1426427,https://jh.zu.anjuke.com/fangyuan/4514587584031759,2室2厅|整租|精装修|低层(共18层),已爬取
4563,排岭新村,1426427,https://jh.zu.anjuke.com/fangyuan/4546082616404998,2室2厅|整租|精装修|中层(共18层),已爬取
4564,排岭新村,1426427,https://jh.zu.anjuke.com/fangyuan/4589525803049986,1室1厅|整租|精装修|高层(共18层),已爬取
4565,排岭新村,1426427,https://jh.zu.anjuke.com/fangyuan/4602445549874176,2室2厅|整租|精装修|中层(共17层),已爬取
4566,排岭新村,1426427,https://jh.zu.anjuke.com/fangyuan/4591080662148110,1室1厅|整租|精装修|低层(共18层),已爬取
4567,排岭新村,1426427,https://jh.zu.anjuke.com/fangyuan/4567173342620675,2室2厅|整租|简单装修|低层(共18层),已爬取
4568,排岭新村,1426427,https://jh.zu.anjuke.com/fangyuan/4631929801415695,1室1厅|整租|精装修|高层(共18层),已爬取
4569,金域澜庭,1211882,https://jh.zu.anjuke.com/fangyuan/4501754622616582,3室2厅|整租|精装修|低层(共30层),已爬取
4570,金域澜庭,1211882,https://jh.zu.anjuke.com/fangyuan/4593990211331083,1室1厅|整租|精装修|共5层,已爬取
4571,金域澜庭,1211882,https://jh.zu.anjuke.com/fangyuan/4612326383870988,6室2厅|整租|豪华装修|低层(共9层),已爬取
4572,金域澜庭,1211882,https://jh.zu.anjuke.com/fangyuan/4606555214373902,1室1厅|整租|精装修|低层(共6层),已爬取
4573,金域澜庭,1211882,https://jh.zu.anjuke.com/fangyuan/4591006731166728,1室0厅|整租|精装修|共5层,已爬取
4574,金域澜庭,1211882,https://jh.zu.anjuke.com/fangyuan/4619233506323456,1室0厅|整租|精装修|共5层,已爬取
4575,金域澜庭,1211882,https://jh.zu.anjuke.com/fangyuan/4478008444857346,4室3厅|整租|豪华装修|共1层,已爬取
4576,金域澜庭,1211882,https://jh.zu.anjuke.com/fangyuan/4612278992299016,4室3厅|整租|豪华装修|低层(共20层),已爬取
4577,金域澜庭,1211882,https://jh.zu.anjuke.com/fangyuan/4627862618889223,4室2厅|整租|精装修|地下(共2层),已爬取
4578,金域澜庭,1211882,https://jh.zu.anjuke.com/fangyuan/4591247945608192,1室1厅|合租|豪华装修|中层(共6层),已爬取
4579,永盛新阳光(别墅),1240148,https://jh.zu.anjuke.com/fangyuan/4572950949321736,2室1厅|整租|精装修|中层(共6层),已爬取
4580,永盛新阳光(别墅),1240148,https://jh.zu.anjuke.com/fangyuan/4564473357900809,1室0厅|整租|精装修|低层(共16层),已爬取
4581,永盛新阳光(别墅),1240148,https://jh.zu.anjuke.com/fangyuan/4571856525728771,1室0厅|整租|精装修|中层(共6层),已爬取
4582,永盛新阳光(别墅),1240148,https://jh.zu.anjuke.com/fangyuan/4608229358742538,2室1厅|整租|精装修|中层(共6层),已爬取
4583,永盛新阳光(别墅),1240148,https://jh.zu.anjuke.com/fangyuan/4634239224700935,1室1厅|整租|精装修|低层(共26层),已爬取
4584,永盛新阳光(别墅),1240148,https://jh.zu.anjuke.com/fangyuan/4516426362907660,1室1厅|整租|精装修|中层(共6层),已爬取
4585,永盛新阳光(别墅),1240148,https://jh.zu.anjuke.com/fangyuan/4560054897402887,1室1厅|整租|豪华装修|共5层,已爬取
4586,永盛新阳光(别墅),1240148,https://jh.zu.anjuke.com/fangyuan/4616464951372801,1室1厅|整租|豪华装修|共5层,已爬取
4587,永盛新阳光(别墅),1240148,https://jh.zu.anjuke.com/fangyuan/4616466735408137,1室1厅|整租|豪华装修|中层(共6层),已爬取
4588,永盛新阳光(别墅),1240148,https://jh.zu.anjuke.com/fangyuan/4632718154966028,1室0厅|整租|精装修|低层(共10层),已爬取
4589,三江国际花园(别墅),1432380,https://jh.zu.anjuke.com/fangyuan/4491855569675264,4室2厅|整租|豪华装修|共3层,已爬取
4590,三江国际花园(别墅),1432380,https://jh.zu.anjuke.com/fangyuan/4548774332718084,6室3厅|整租|精装修|共4层,已爬取
4591,三江国际花园(别墅),1432380,https://jh.zu.anjuke.com/fangyuan/4483407868945423,4室3厅|整租|精装修|共4层,已爬取
4592,蓝光未来里,1496531,https://jh.zu.anjuke.com/fangyuan/4612447843441676,3室2厅|整租|精装修|高层(共11层),已爬取
4593,蓝光未来里,1496531,https://jh.zu.anjuke.com/fangyuan/4602507502642189,3室2厅|整租|精装修|中层(共11层),已爬取
4594,蓝光未来里,1496531,https://jh.zu.anjuke.com/fangyuan/4468089909193733,3室2厅|整租|精装修|中层(共19层),已爬取
4595,蓝光未来里,1496531,https://jh.zu.anjuke.com/fangyuan/4612525719069708,3室2厅|整租|精装修|高层(共11层),已爬取
4596,蓝光未来里,1496531,https://jh.zu.anjuke.com/fangyuan/4617842689698821,3室2厅|整租|精装修|低层(共18层),已爬取
4597,蓝光未来里,1496531,https://jh.zu.anjuke.com/fangyuan/4034851512822785,4室2厅|整租|精装修|中层(共17层),已爬取
4598,铂臻花园(南区),1697884,https://jh.zu.anjuke.com/fangyuan/4617838861460488,2室2厅|整租|精装修|高层(共8层),已爬取
4599,铂臻花园(南区),1697884,https://jh.zu.anjuke.com/fangyuan/4494722262326284,1室1厅|整租|精装修|中层(共11层),已爬取
4600,铂臻花园(南区),1697884,https://jh.zu.anjuke.com/fangyuan/4622131865119747,2室2厅|整租|精装修|高层(共8层),已爬取
4601,铂臻花园(南区),1697884,https://jh.zu.anjuke.com/fangyuan/4618429984482312,2室1厅|整租|精装修|高层(共7层),已爬取
4602,铂臻花园(南区),1697884,https://jh.zu.anjuke.com/fangyuan/4501719321420810,3室2厅|整租|精装修|高层(共7层),已爬取
4603,铂臻花园(南区),1697884,https://jh.zu.anjuke.com/fangyuan/4623498480770053,2室2厅|整租|精装修|高层(共7层),已爬取
4604,铂臻花园(南区),1697884,https://jh.zu.anjuke.com/fangyuan/4529013021680642,2室1厅|整租|精装修|中层(共7层),已爬取
4605,铂臻花园(南区),1697884,https://jh.zu.anjuke.com/fangyuan/4610956655617035,3室2厅|整租|精装修|低层(共6层),已爬取
4606,铂臻花园(南区),1697884,https://jh.zu.anjuke.com/fangyuan/4520656648137739,3室2厅|整租|精装修|高层(共8层),已爬取
4607,铂臻花园(南区),1697884,https://jh.zu.anjuke.com/fangyuan/4618446878825474,2室1厅|整租|简单装修|高层(共7层),已爬取
4608,陈宅佳苑,1648026,https://jh.zu.anjuke.com/fangyuan/4516305922890754,3室2厅|整租|豪华装修|低层(共18层),已爬取
4609,陈宅佳苑,1648026,https://jh.zu.anjuke.com/fangyuan/4627799396883469,3室2厅|整租|豪华装修|低层(共17层),已爬取
4610,陈宅佳苑,1648026,https://jh.zu.anjuke.com/fangyuan/4633707780860937,2室2厅|整租|精装修|低层(共26层),已爬取
4611,陈宅佳苑,1648026,https://jh.zu.anjuke.com/fangyuan/4516292174277633,2室2厅|整租|豪华装修|低层(共18层),已爬取
4612,陈宅佳苑,1648026,https://jh.zu.anjuke.com/fangyuan/4536370321452036,2室2厅|整租|精装修|高层(共17层),已爬取
4613,陈宅佳苑,1648026,https://jh.zu.anjuke.com/fangyuan/4607881873157131,2室2厅|整租|精装修|高层(共17层),已爬取
4614,陈宅佳苑,1648026,https://jh.zu.anjuke.com/fangyuan/4629186280383489,3室2厅|整租|豪华装修|高层(共17层),已爬取
4615,陈宅佳苑,1648026,https://jh.zu.anjuke.com/fangyuan/4627753529748487,2室2厅|整租|豪华装修|高层(共17层),已爬取
4616,陈宅佳苑,1648026,https://jh.zu.anjuke.com/fangyuan/4490888298703885,2室2厅|整租|豪华装修|中层(共17层),已爬取
4617,陈宅佳苑,1648026,https://jh.zu.anjuke.com/fangyuan/4533827054050312,2室2厅|整租|豪华装修|高层(共17层),已爬取
4618,游园街小区,1223621,https://jh.zu.anjuke.com/fangyuan/4618176909536262,2室2厅|整租|精装修|共5层,已爬取
4619,游园街小区,1223621,https://jh.zu.anjuke.com/fangyuan/4620694805556237,2室1厅|整租|精装修|中层(共6层),已爬取
4620,游园街小区,1223621,https://jh.zu.anjuke.com/fangyuan/4562759890168835,2室1厅|整租|简单装修|低层(共6层),已爬取
4621,游园街小区,1223621,https://jh.zu.anjuke.com/fangyuan/4620696865577991,2室1厅|整租|简单装修|中层(共7层),已爬取
4622,君华水岸西区,1813763,https://jh.zu.anjuke.com/fangyuan/4470642619149314,3室2厅|整租|精装修|高层(共16层),已爬取
4623,君华水岸西区,1813763,https://jh.zu.anjuke.com/fangyuan/4612180101520399,3室2厅|整租|精装修|高层(共17层),已爬取
4624,君华水岸西区,1813763,https://jh.zu.anjuke.com/fangyuan/4397223546825737,3室2厅|整租|精装修|低层(共16层),已爬取
4625,君华水岸西区,1813763,https://jh.zu.anjuke.com/fangyuan/4602242477403145,3室2厅|整租|精装修|中层(共18层),已爬取
4626,君华水岸西区,1813763,https://jh.zu.anjuke.com/fangyuan/4500310569313291,3室2厅|整租|精装修|中层(共15层),已爬取
4627,君华水岸西区,1813763,https://jh.zu.anjuke.com/fangyuan/4500307869654026,3室2厅|整租|精装修|中层(共16层),已爬取
4628,君华水岸西区,1813763,https://jh.zu.anjuke.com/fangyuan/4500312402750476,3室2厅|整租|精装修|中层(共17层),已爬取
4629,君华水岸西区,1813763,https://jh.zu.anjuke.com/fangyuan/4135046136585217,3室2厅|整租|精装修|高层(共17层),已爬取
4630,君华水岸西区,1813763,https://jh.zu.anjuke.com/fangyuan/4427052140356614,3室2厅|整租|精装修|中层(共18层),已爬取
4631,君华水岸西区,1813763,https://jh.zu.anjuke.com/fangyuan/4588067772326920,3室2厅|整租|精装修|中层(共18层),已爬取
4632,水熙华府,1826325,https://jh.zu.anjuke.com/fangyuan/4534994973680653,3室2厅|整租|简单装修|中层(共12层),已爬取
4633,水熙华府,1826325,https://jh.zu.anjuke.com/fangyuan/4535732085713928,3室2厅|整租|精装修|中层(共11层),已爬取
4634,水熙华府,1826325,https://jh.zu.anjuke.com/fangyuan/4626717425705993,3室2厅|整租|精装修|中层(共11层),已爬取
4635,水熙华府,1826325,https://jh.zu.anjuke.com/fangyuan/4503212427631616,3室2厅|整租|精装修|高层(共11层),已爬取
4636,水熙华府,1826325,https://jh.zu.anjuke.com/fangyuan/4503223055590408,3室2厅|整租|精装修|中层(共16层),已爬取
4637,水熙华府,1826325,https://jh.zu.anjuke.com/fangyuan/4612522573589506,3室2厅|整租|精装修|低层(共11层),已爬取
4638,水熙华府,1826325,https://jh.zu.anjuke.com/fangyuan/4530500506706951,3室2厅|整租|精装修|中层(共11层),已爬取
4639,水熙华府,1826325,https://jh.zu.anjuke.com/fangyuan/4598295144668166,3室2厅|整租|精装修|高层(共11层),已爬取
4640,水熙华府,1826325,https://jh.zu.anjuke.com/fangyuan/4483891716858884,3室2厅|整租|精装修|高层(共20层),已爬取
4641,水熙华府,1826325,https://jh.zu.anjuke.com/fangyuan/4527574277135360,3室2厅|整租|豪华装修|中层(共11层),已爬取
4642,浙江华贤阅江豪庭,969264,https://jh.zu.anjuke.com/fangyuan/4572555174648835,2室3厅|整租|精装修|高层(共14层),已爬取
4643,浙江华贤阅江豪庭,969264,https://jh.zu.anjuke.com/fangyuan/4496145341869070,3室2厅|整租|豪华装修|低层(共17层),已爬取
4644,香水湾国际花园,1597855,https://jh.zu.anjuke.com/fangyuan/4545744806288396,1室1厅|整租|精装修|中层(共8层),已爬取
4645,香水湾国际花园,1597855,https://jh.zu.anjuke.com/fangyuan/4619914150910981,2室2厅|整租|简单装修|中层(共6层),已爬取
4646,香水湾国际花园,1597855,https://jh.zu.anjuke.com/fangyuan/4466557086442499,1室1厅|整租|豪华装修|低层(共8层),已爬取
4647,香水湾国际花园,1597855,https://jh.zu.anjuke.com/fangyuan/4606547114877955,1室1厅|整租|精装修|中层(共6层),已爬取
4648,张坞垅庭院,1673182,https://jh.zu.anjuke.com/fangyuan/4580088108196878,2室2厅|整租|豪华装修|高层(共18层),已爬取
4649,张坞垅庭院,1673182,https://jh.zu.anjuke.com/fangyuan/4444200684559369,2室2厅|整租|豪华装修|中层(共17层),已爬取
4650,张坞垅庭院,1673182,https://jh.zu.anjuke.com/fangyuan/4572443092001793,2室2厅|整租|精装修|高层(共17层),已爬取
4651,张坞垅庭院,1673182,https://jh.zu.anjuke.com/fangyuan/4505151066889228,2室2厅|整租|精装修|高层(共17层),已爬取
4652,张坞垅庭院,1673182,https://jh.zu.anjuke.com/fangyuan/4599664089000965,2室2厅|整租|精装修|中层(共16层),已爬取
4653,张坞垅庭院,1673182,https://jh.zu.anjuke.com/fangyuan/4625387206843395,2室2厅|整租|精装修|中层(共17层),已爬取
4654,张坞垅庭院,1673182,https://jh.zu.anjuke.com/fangyuan/4565731089460227,2室2厅|整租|精装修|低层(共17层),已爬取
4655,张坞垅庭院,1673182,https://jh.zu.anjuke.com/fangyuan/4418468581860358,1室1厅|整租|精装修|共4层,已爬取
4656,张坞垅庭院,1673182,https://jh.zu.anjuke.com/fangyuan/4404588981935110,3室2厅|整租|豪华装修|高层(共17层),已爬取
4657,张坞垅庭院,1673182,https://jh.zu.anjuke.com/fangyuan/4625369063959566,2室2厅|整租|精装修|高层(共17层),已爬取
4658,天山龙城(B区别墅),969442,https://jh.zu.anjuke.com/fangyuan/4602311515954183,4室2厅|整租|精装修|共3层,已爬取
4659,天山龙城(B区别墅),969442,https://jh.zu.anjuke.com/fangyuan/4602311822205954,4室2厅|整租|精装修|共3层,已爬取
4660,天山龙城(B区别墅),969442,https://jh.zu.anjuke.com/fangyuan/4490632630049793,4室2厅|整租|精装修|共3层,已爬取
4661,天山龙城(B区别墅),969442,https://jh.zu.anjuke.com/fangyuan/4521663985036289,4室2厅|整租|精装修|共3层,已爬取
4662,天山龙城(B区别墅),969442,https://jh.zu.anjuke.com/fangyuan/4629313801872385,4室2厅|整租|简单装修|共3层,已爬取
4663,天山龙城(B区别墅),969442,https://jh.zu.anjuke.com/fangyuan/4473707167738886,4室2厅|整租|精装修|共3层,已爬取
4664,天山龙城(B区别墅),969442,https://jh.zu.anjuke.com/fangyuan/4575872667933709,3室2厅|整租|精装修|共3层,已爬取
4665,丹溪国际花园,968920,https://jh.zu.anjuke.com/fangyuan/4630615322008584,6室3厅|整租|精装修|共3层,已爬取
4666,丹溪国际花园,968920,https://jh.zu.anjuke.com/fangyuan/4587039030205446,4室2厅|整租|精装修|共3层,已爬取
4667,保集江湾壹品苑,1514992,https://jh.zu.anjuke.com/fangyuan/4477860600945667,3室2厅|整租|精装修|低层(共11层),已爬取
4668,铂臻花园(北区),1697885,https://jh.zu.anjuke.com/fangyuan/4507378252459014,2室1厅|整租|精装修|中层(共8层),已爬取
4669,铂臻花园(北区),1697885,https://jh.zu.anjuke.com/fangyuan/4479216806800390,2室2厅|整租|精装修|中层(共7层),已爬取
4670,铂臻花园(北区),1697885,https://jh.zu.anjuke.com/fangyuan/4620760850869252,3室2厅|整租|精装修|高层(共7层),已爬取
4671,铂臻花园(北区),1697885,https://jh.zu.anjuke.com/fangyuan/4585252253721610,2室2厅|整租|精装修|高层(共7层),已爬取
4672,铂臻花园(北区),1697885,https://jh.zu.anjuke.com/fangyuan/4507535722882062,2室1厅|整租|精装修|高层(共7层),已爬取
4673,铂臻花园(北区),1697885,https://jh.zu.anjuke.com/fangyuan/4558400653794310,2室1厅|整租|精装修|高层(共7层),已爬取
4674,铂臻花园(北区),1697885,https://jh.zu.anjuke.com/fangyuan/4061560940683269,2室1厅|整租|精装修|中层(共7层),已爬取
4675,铂臻花园(北区),1697885,https://jh.zu.anjuke.com/fangyuan/4507445824072710,2室2厅|整租|精装修|中层(共13层),已爬取
4676,铂臻花园(北区),1697885,https://jh.zu.anjuke.com/fangyuan/4585254308420612,2室1厅|整租|精装修|高层(共7层),已爬取
4677,铂臻花园(北区),1697885,https://jh.zu.anjuke.com/fangyuan/4594051605931017,2室1厅|整租|精装修|高层(共7层),已爬取
4678,南龙公寓,863323,https://jh.zu.anjuke.com/fangyuan/4521742663197711,2室2厅|整租|豪华装修|共5层,已爬取
4679,溪望文华,1288873,https://jh.zu.anjuke.com/fangyuan/4523281900512263,2室2厅|整租|精装修|低层(共11层),已爬取
4680,溪望文华,1288873,https://jh.zu.anjuke.com/fangyuan/4477973034294272,3室2厅|整租|精装修|低层(共11层),已爬取
4681,溪望文华,1288873,https://jh.zu.anjuke.com/fangyuan/4633516309994510,1室1厅|整租|精装修|高层(共13层),已爬取
4682,农行宿舍楼,1103168,https://jh.zu.anjuke.com/fangyuan/4476624902956032,3室2厅|整租|精装修|低层(共6层),已爬取
4683,农行宿舍楼,1103168,https://jh.zu.anjuke.com/fangyuan/4596715729183755,2室1厅|整租|精装修|低层(共6层),已爬取
4684,婺城南苑小区(西1-西8幢),1571834,https://jh.zu.anjuke.com/fangyuan/4612837593181192,2室1厅|整租|精装修|高层(共6层),已爬取
4685,婺城南苑小区(西1-西8幢),1571834,https://jh.zu.anjuke.com/fangyuan/4610712692055044,2室1厅|整租|精装修|高层(共6层),已爬取
4686,婺城南苑小区(西1-西8幢),1571834,https://jh.zu.anjuke.com/fangyuan/4568807532880898,2室2厅|整租|精装修|中层(共6层),已爬取
4687,婺城南苑小区(西1-西8幢),1571834,https://jh.zu.anjuke.com/fangyuan/4526433876859905,2室1厅|整租|精装修|中层(共6层),已爬取
4688,婺城南苑小区(西1-西8幢),1571834,https://jh.zu.anjuke.com/fangyuan/4517553618527244,2室1厅|整租|精装修|中层(共6层),已爬取
4689,婺城南苑小区(西1-西8幢),1571834,https://jh.zu.anjuke.com/fangyuan/4571339600649217,2室1厅|整租|精装修|低层(共6层),已爬取
4690,婺城南苑小区(西1-西8幢),1571834,https://jh.zu.anjuke.com/fangyuan/4449564766120975,1室0厅|整租|精装修|高层(共6层),已爬取
4691,婺城南苑小区(西1-西8幢),1571834,https://jh.zu.anjuke.com/fangyuan/4517494498812931,2室1厅|整租|精装修|中层(共6层),已爬取
4692,婺城南苑小区(西1-西8幢),1571834,https://jh.zu.anjuke.com/fangyuan/4585351356410889,2室1厅|整租|精装修|低层(共6层),已爬取
4693,婺城南苑小区(西1-西8幢),1571834,https://jh.zu.anjuke.com/fangyuan/4612132307528711,3室1厅|整租|精装修|低层(共6层),已爬取
4694,南江壹号(商住楼),1279058,https://jh.zu.anjuke.com/fangyuan/4594101209984004,1室1厅|整租|精装修|中层(共28层),已爬取
4695,南江壹号(商住楼),1279058,https://jh.zu.anjuke.com/fangyuan/4534305203006471,1室1厅|整租|精装修|低层(共20层),已爬取
4696,南江壹号(商住楼),1279058,https://jh.zu.anjuke.com/fangyuan/4577077616403457,1室1厅|整租|精装修|高层(共32层),已爬取
4697,南江壹号(商住楼),1279058,https://jh.zu.anjuke.com/fangyuan/4578155948076035,1室1厅|整租|豪华装修|高层(共17层),已爬取
4698,南江壹号(商住楼),1279058,https://jh.zu.anjuke.com/fangyuan/4608225836264460,1室1厅|整租|精装修|中层(共28层),已爬取
4699,南江壹号(商住楼),1279058,https://jh.zu.anjuke.com/fangyuan/4633705900844043,1室1厅|整租|精装修|中层(共28层),已爬取
4700,南江壹号(商住楼),1279058,https://jh.zu.anjuke.com/fangyuan/4549828205616135,1室1厅|整租|精装修|高层(共30层),已爬取
4701,南江壹号(商住楼),1279058,https://jh.zu.anjuke.com/fangyuan/4510296771386368,1室1厅|整租|精装修|低层(共28层),已爬取
4702,南江壹号(商住楼),1279058,https://jh.zu.anjuke.com/fangyuan/4608224462136331,1室1厅|整租|精装修|中层(共28层),已爬取
4703,南江壹号(商住楼),1279058,https://jh.zu.anjuke.com/fangyuan/4557342250900481,1室1厅|整租|精装修|中层(共24层),已爬取
4704,四季春城(别墅),969439,https://jh.zu.anjuke.com/fangyuan/4515169807588354,1室1厅|整租|精装修|低层(共13层),已爬取
4705,聚佳美丽园(别墅),969428,https://jh.zu.anjuke.com/fangyuan/4429835974861836,4室2厅|整租|精装修|共3层,已爬取
4706,聚佳美丽园(别墅),969428,https://jh.zu.anjuke.com/fangyuan/4585412521597952,4室2厅|整租|精装修|共3层,已爬取
4707,南江易墅,1269535,https://jh.zu.anjuke.com/fangyuan/4070831490571276,1室0厅|整租|精装修|低层(共6层),已爬取
4708,南江易墅,1269535,https://jh.zu.anjuke.com/fangyuan/4621295103958016,4室3厅|整租|豪华装修|共3层,已爬取
4709,南江易墅,1269535,https://jh.zu.anjuke.com/fangyuan/2682686494303240,5室2厅|整租|豪华装修|共3层,已爬取
4710,南江易墅,1269535,https://jh.zu.anjuke.com/fangyuan/4349344188259330,1室0厅|整租|精装修|共5层,已爬取
4711,南江易墅,1269535,https://jh.zu.anjuke.com/fangyuan/4415666122136588,5室2厅|整租|豪华装修|共3层,已爬取
4712,南江易墅,1269535,https://jh.zu.anjuke.com/fangyuan/4590191353785348,5室2厅|整租|豪华装修|共3层,已爬取
4713,南江易墅,1269535,https://jh.zu.anjuke.com/fangyuan/4138012460755981,1室1厅|整租|精装修|共5层,已爬取
4714,南江易墅,1269535,https://jh.zu.anjuke.com/fangyuan/4128238704369673,1室1厅|整租|豪华装修|低层(共9层),已爬取
4715,南江易墅,1269535,https://jh.zu.anjuke.com/fangyuan/4322197422465024,1室1厅|整租|豪华装修|共5层,已爬取
4716,世贸兰庭,1788519,https://jh.zu.anjuke.com/fangyuan/4552971903884296,1室1厅|整租|豪华装修|共5层,已爬取
4717,世贸兰庭,1788519,https://jh.zu.anjuke.com/fangyuan/4622520726234119,3室2厅|整租|精装修|中层(共24层),已爬取
4718,世贸兰庭,1788519,https://jh.zu.anjuke.com/fangyuan/4617980631147531,3室2厅|整租|精装修|低层(共27层),已爬取
4719,世贸兰庭,1788519,https://jh.zu.anjuke.com/fangyuan/4232051755260941,1室0厅|整租|精装修|共5层,已爬取
4720,世贸兰庭,1788519,https://jh.zu.anjuke.com/fangyuan/4467813536820237,3室2厅|整租|精装修|高层(共30层),已爬取
4721,云之境,1843939,https://jh.zu.anjuke.com/fangyuan/4581246466841606,3室2厅|整租|精装修|中层(共11层),已爬取
4722,云之境,1843939,https://jh.zu.anjuke.com/fangyuan/4608005356346383,1室1厅|整租|豪华装修|低层(共11层),已爬取
4723,云之境,1843939,https://jh.zu.anjuke.com/fangyuan/4603854101326863,1室0厅|整租|豪华装修|低层(共11层),已爬取
4724,云之境,1843939,https://jh.zu.anjuke.com/fangyuan/4604214134975502,1室0厅|整租|豪华装修|低层(共11层),已爬取
4725,云之境,1843939,https://jh.zu.anjuke.com/fangyuan/4482170316413955,1室1厅|整租|精装修|共1层,已爬取
4726,望湖山庄,863349,https://jh.zu.anjuke.com/fangyuan/4622100208657411,5室3厅|整租|精装修|共4层,已爬取
4727,望湖山庄,863349,https://jh.zu.anjuke.com/fangyuan/4538847677113354,5室3厅|整租|精装修|共3层,已爬取
4728,望湖山庄,863349,https://jh.zu.anjuke.com/fangyuan/4623714157046784,5室2厅|整租|精装修|共4层,已爬取
4729,望湖山庄,863349,https://jh.zu.anjuke.com/fangyuan/4626268600327181,5室3厅|整租|精装修|共4层,已爬取
4730,望湖山庄,863349,https://jh.zu.anjuke.com/fangyuan/4564451837664266,5室2厅|整租|精装修|共4层,已爬取
4731,皇城雅苑,1367133,https://jh.zu.anjuke.com/fangyuan/4626763971355657,1室0厅|整租|精装修|共5层,已爬取
4732,皇城雅苑,1367133,https://jh.zu.anjuke.com/fangyuan/4188272921111567,1室1厅|整租|豪华装修|高层(共6层),已爬取
4733,皇城雅苑,1367133,https://jh.zu.anjuke.com/fangyuan/4468033723046912,1室1厅|整租|精装修|共5层,已爬取
4734,皇城雅苑,1367133,https://jh.zu.anjuke.com/fangyuan/4523026613885959,1室1厅|整租|精装修|共5层,已爬取
4735,皇城雅苑,1367133,https://jh.zu.anjuke.com/fangyuan/4622108205231108,2室1厅|整租|精装修|共4层,已爬取
4736,东方融诚园,1437259,https://jh.zu.anjuke.com/fangyuan/4615260953897991,1室1厅|整租|精装修|中层(共6层),已爬取
4737,东方融诚园,1437259,https://jh.zu.anjuke.com/fangyuan/4615255343883276,1室0厅|整租|精装修|共5层,已爬取
4738,东方融诚园,1437259,https://jh.zu.anjuke.com/fangyuan/4615253286296585,1室0厅|整租|精装修|中层(共6层),已爬取
4739,东方融诚园,1437259,https://jh.zu.anjuke.com/fangyuan/4615226139454475,1室0厅|整租|精装修|共5层,已爬取
4740,东方融诚园,1437259,https://jh.zu.anjuke.com/fangyuan/4615133349452811,1室0厅|整租|精装修|共5层,已爬取
4741,东方融诚园,1437259,https://jh.zu.anjuke.com/fangyuan/4486840932248591,1室1厅|整租|精装修|中层(共6层),已爬取
4742,东方融诚园,1437259,https://jh.zu.anjuke.com/fangyuan/4615154513353742,2室1厅|整租|精装修|高层(共6层),已爬取
4743,瀚江府(商住楼),1415232,https://jh.zu.anjuke.com/fangyuan/4581243266133004,2室2厅|整租|精装修|高层(共32层),已爬取
4744,瀚江府(商住楼),1415232,https://jh.zu.anjuke.com/fangyuan/4552926423505923,2室2厅|整租|简单装修|高层(共32层),已爬取
4745,瀚江府(商住楼),1415232,https://jh.zu.anjuke.com/fangyuan/4627031461899274,2室2厅|整租|精装修|中层(共33层),已爬取
4746,瀚江府(商住楼),1415232,https://jh.zu.anjuke.com/fangyuan/4568748274998284,2室2厅|整租|精装修|中层(共25层),已爬取
4747,瀚江府(商住楼),1415232,https://jh.zu.anjuke.com/fangyuan/4569805842899976,2室2厅|整租|精装修|中层(共28层),已爬取
4748,瀚江府(商住楼),1415232,https://jh.zu.anjuke.com/fangyuan/4615135925232644,2室1厅|整租|简单装修|高层(共32层),已爬取
4749,瀚江府(商住楼),1415232,https://jh.zu.anjuke.com/fangyuan/4509144634778634,1室1厅|整租|精装修|高层(共25层),已爬取
4750,瀚江府(商住楼),1415232,https://jh.zu.anjuke.com/fangyuan/4573234761786382,1室1厅|整租|精装修|中层(共32层),已爬取
4751,瀚江府(商住楼),1415232,https://jh.zu.anjuke.com/fangyuan/4568741586299915,2室2厅|整租|精装修|低层(共32层),已爬取
4752,瀚江府(商住楼),1415232,https://jh.zu.anjuke.com/fangyuan/4486892120644623,2室2厅|整租|简单装修|高层(共32层),已爬取
4753,月亮湾(别墅),863127,https://jh.zu.anjuke.com/fangyuan/4632011590065156,5室2厅|整租|豪华装修|共1层,已爬取
4754,月亮湾(别墅),863127,https://jh.zu.anjuke.com/fangyuan/4222157541567503,1室1厅|整租|精装修|共4层,已爬取
4755,月亮湾(别墅),863127,https://jh.zu.anjuke.com/fangyuan/4620914594505738,6室4厅|整租|精装修|共3层,已爬取
4756,月亮湾(别墅),863127,https://jh.zu.anjuke.com/fangyuan/4401192879057931,5室3厅|整租|精装修|共3层,已爬取
4757,红梅村,968990,https://jh.zu.anjuke.com/fangyuan/4633601517841422,3室1厅|整租|精装修|共5层,已爬取
4758,红梅村,968990,https://jh.zu.anjuke.com/fangyuan/4633631727840265,3室2厅|整租|精装修|共5层,已爬取
4759,红梅村,968990,https://jh.zu.anjuke.com/fangyuan/4509245222839309,2室1厅|整租|精装修|共5层,已爬取
4760,红梅村,968990,https://jh.zu.anjuke.com/fangyuan/4589649281362951,2室1厅|整租|简单装修|共5层,已爬取
4761,广润翰城(商住楼),1265726,https://jh.zu.anjuke.com/fangyuan/4540434037316616,1室1厅|整租|精装修|低层(共7层),已爬取
4762,广润翰城(商住楼),1265726,https://jh.zu.anjuke.com/fangyuan/4618078757657615,3室2厅|整租|豪华装修|共4层,已爬取
4763,广润翰城(商住楼),1265726,https://jh.zu.anjuke.com/fangyuan/4623460857125903,2室2厅|整租|精装修|共4层,已爬取
4764,广润翰城(商住楼),1265726,https://jh.zu.anjuke.com/fangyuan/4586839389694978,1室0厅|整租|精装修|低层(共11层),已爬取
4765,广润翰城(商住楼),1265726,https://jh.zu.anjuke.com/fangyuan/4617871344395267,3室2厅|整租|精装修|共4层,已爬取
4766,广润翰城(商住楼),1265726,https://jh.zu.anjuke.com/fangyuan/4573962367263754,1室0厅|整租|精装修|低层(共9层),已爬取
4767,广润翰城(商住楼),1265726,https://jh.zu.anjuke.com/fangyuan/4622336041133064,2室2厅|整租|豪华装修|低层(共21层),已爬取
4768,广润翰城(商住楼),1265726,https://jh.zu.anjuke.com/fangyuan/4527618585928718,1室1厅|整租|精装修|共1层,已爬取
4769,南街21-48号小区,1304801,https://jh.zu.anjuke.com/fangyuan/4417650454666246,1室1厅|整租|精装修|共5层,已爬取
4770,世纪锦苑,1103205,https://jh.zu.anjuke.com/fangyuan/4623602003926031,2室1厅|整租|精装修|高层(共8层),已爬取
4771,龙头背邨(溪西六区),1204571,https://jh.zu.anjuke.com/fangyuan/4627659442904064,2室1厅|整租|精装修|共5层,已爬取
4772,滨虹花园(别墅),969407,https://jh.zu.anjuke.com/fangyuan/4622251941600262,6室3厅|整租|精装修|共3层,已爬取
4773,彩虹城(商住楼),1047581,https://jh.zu.anjuke.com/fangyuan/4632388171359247,1室1厅|整租|精装修|高层(共7层),已爬取
4774,彩虹城(商住楼),1047581,https://jh.zu.anjuke.com/fangyuan/4606556169427981,1室1厅|整租|精装修|中层(共6层),已爬取
4775,彩虹城(商住楼),1047581,https://jh.zu.anjuke.com/fangyuan/4527597153332239,1室1厅|整租|豪华装修|共5层,已爬取
4776,江畔美林湾,864636,https://jh.zu.anjuke.com/fangyuan/4625025049123847,1室0厅|整租|精装修|高层(共6层),已爬取
4777,江畔美林湾,864636,https://jh.zu.anjuke.com/fangyuan/4567196485344270,1室0厅|整租|精装修|共2层,已爬取
4778,江畔美林湾,864636,https://jh.zu.anjuke.com/fangyuan/4414281839713285,1室0厅|整租|精装修|共5层,已爬取
4779,邑厉坛区凤凰邨,1201044,https://jh.zu.anjuke.com/fangyuan/4433918194146314,2室1厅|整租|精装修|高层(共6层),已爬取
4780,邑厉坛区凤凰邨,1201044,https://jh.zu.anjuke.com/fangyuan/4625113039608843,2室1厅|整租|精装修|共5层,已爬取
4781,新纪元香墅(别墅),969446,https://jh.zu.anjuke.com/fangyuan/4634241393206276,1室1厅|整租|精装修|低层(共26层),已爬取
4782,新纪元香墅(别墅),969446,https://jh.zu.anjuke.com/fangyuan/4632975620383758,1室0厅|整租|精装修|低层(共26层),已爬取
4783,新纪元香墅(别墅),969446,https://jh.zu.anjuke.com/fangyuan/4605298241004552,1室1厅|整租|精装修|高层(共6层),已爬取
4784,泳东路小区,1103001,https://jh.zu.anjuke.com/fangyuan/4485159313269764,3室2厅|整租|简单装修|中层(共6层),已爬取
4785,泳东路小区,1103001,https://jh.zu.anjuke.com/fangyuan/4520678350595075,3室2厅|整租|简单装修|共5层,已爬取
4786,澳特多幸福里,1199791,https://jh.zu.anjuke.com/fangyuan/4629100961555465,3室2厅|整租|精装修|中层(共16层),已爬取
4787,澳特多幸福里,1199791,https://jh.zu.anjuke.com/fangyuan/4631969493523462,2室1厅|整租|豪华装修|低层(共13层),已爬取
4788,澳特多幸福里,1199791,https://jh.zu.anjuke.com/fangyuan/4629111013092365,3室2厅|整租|精装修|低层(共28层),已爬取
4789,澳特多幸福里,1199791,https://jh.zu.anjuke.com/fangyuan/4616385232200714,3室1厅|整租|豪华装修|中层(共18层),已爬取
4790,澳特多幸福里,1199791,https://jh.zu.anjuke.com/fangyuan/4619286669272074,2室1厅|整租|精装修|低层(共13层),已爬取
4791,天山龙城(A区别墅),969441,https://jh.zu.anjuke.com/fangyuan/4468009413254150,1室1厅|整租|精装修|中层(共16层),已爬取
4792,天山龙城(A区别墅),969441,https://jh.zu.anjuke.com/fangyuan/4466620164922380,1室1厅|整租|精装修|中层(共16层),已爬取
4793,天山龙城(A区别墅),969441,https://jh.zu.anjuke.com/fangyuan/4482226833992712,1室1厅|整租|精装修|中层(共12层),已爬取
4794,天山龙城(A区别墅),969441,https://jh.zu.anjuke.com/fangyuan/4466318639836174,1室1厅|整租|精装修|中层(共16层),已爬取
4795,天山龙城(A区别墅),969441,https://jh.zu.anjuke.com/fangyuan/4468017319175172,1室1厅|整租|精装修|中层(共16层),已爬取
4796,四季新城(别墅),864595,https://jh.zu.anjuke.com/fangyuan/4515167262385156,1室1厅|整租|豪华装修|低层(共13层),已爬取
4797,四季新城(别墅),864595,https://jh.zu.anjuke.com/fangyuan/4585468846105614,4室2厅|整租|精装修|共3层,已爬取
4798,香兰邨,969199,https://jh.zu.anjuke.com/fangyuan/4464943194713089,2室1厅|整租|精装修|共5层,已爬取
4799,香兰邨,969199,https://jh.zu.anjuke.com/fangyuan/4552648265182218,2室1厅|整租|精装修|共5层,已爬取
4800,香兰邨,969199,https://jh.zu.anjuke.com/fangyuan/4568270876500999,2室1厅|整租|简单装修|共5层,已爬取
4801,香兰邨,969199,https://jh.zu.anjuke.com/fangyuan/4609253946385410,1室1厅|整租|精装修|中层(共6层),已爬取
4802,香兰邨,969199,https://jh.zu.anjuke.com/fangyuan/4596950107184136,1室1厅|整租|精装修|低层(共6层),已爬取
4803,香兰邨,969199,https://jh.zu.anjuke.com/fangyuan/4597016873720835,1室1厅|整租|精装修|高层(共6层),已爬取
4804,凯悦公馆(别墅),1070166,https://jh.zu.anjuke.com/fangyuan/4625294407228420,2室2厅|整租|精装修|高层(共27层),已爬取
4805,凯悦公馆(别墅),1070166,https://jh.zu.anjuke.com/fangyuan/4532950120950793,1室1厅|整租|精装修|中层(共6层),已爬取
4806,山顶壹号星巢公寓(商住楼),1181357,https://jh.zu.anjuke.com/fangyuan/4567193610691595,1室1厅|整租|精装修|低层(共19层),已爬取
4807,山顶壹号星巢公寓(商住楼),1181357,https://jh.zu.anjuke.com/fangyuan/4606737171110924,3室2厅|整租|精装修|低层(共28层),已爬取
4808,山顶壹号星巢公寓(商住楼),1181357,https://jh.zu.anjuke.com/fangyuan/4516130147539972,1室0厅|整租|精装修|低层(共8层),已爬取
4809,山顶壹号星巢公寓(商住楼),1181357,https://jh.zu.anjuke.com/fangyuan/4557129306844166,1室1厅|整租|精装修|低层(共20层),已爬取
4810,山顶壹号星巢公寓(商住楼),1181357,https://jh.zu.anjuke.com/fangyuan/4576965188674561,1室1厅|整租|精装修|中层(共20层),已爬取
4811,山顶壹号星巢公寓(商住楼),1181357,https://jh.zu.anjuke.com/fangyuan/4599772294587397,3室2厅|整租|精装修|中层(共20层),已爬取
4812,山顶壹号星巢公寓(商住楼),1181357,https://jh.zu.anjuke.com/fangyuan/4246295179635727,1室1厅|整租|精装修|共5层,已爬取
4813,山顶壹号星巢公寓(商住楼),1181357,https://jh.zu.anjuke.com/fangyuan/4616305916570624,1室1厅|整租|精装修|低层(共20层),已爬取
4814,山顶壹号星巢公寓(商住楼),1181357,https://jh.zu.anjuke.com/fangyuan/4615303953722378,1室1厅|整租|精装修|中层(共25层),已爬取
4815,山顶壹号星巢公寓(商住楼),1181357,https://jh.zu.anjuke.com/fangyuan/4615216010521606,2室2厅|整租|精装修|中层(共24层),已爬取
4816,金科花园,1666159,https://jh.zu.anjuke.com/fangyuan/4601662790867972,1室0厅|整租|精装修|高层(共7层),已爬取
4817,金科花园,1666159,https://jh.zu.anjuke.com/fangyuan/4491129623194632,2室2厅|整租|精装修|低层(共11层),已爬取
4818,城北西路233号小区,1039091,https://jh.zu.anjuke.com/fangyuan/3791883490845708,1室1厅|整租|豪华装修|高层(共6层),已爬取
4819,城北西路233号小区,1039091,https://jh.zu.anjuke.com/fangyuan/4467994796792841,1室1厅|整租|精装修|中层(共6层),已爬取
4820,城北西路233号小区,1039091,https://jh.zu.anjuke.com/fangyuan/4598430744372234,1室1厅|整租|豪华装修|中层(共6层),已爬取
4821,恬里新村,871938,https://jh.zu.anjuke.com/fangyuan/3558070927449094,1室0厅|整租|精装修|共5层,已爬取
4822,恬里新村,871938,https://jh.zu.anjuke.com/fangyuan/4597100661763079,1室0厅|整租|精装修|中层(共6层),已爬取
4823,恬里新村,871938,https://jh.zu.anjuke.com/fangyuan/4257265185299463,2室1厅|整租|精装修|共5层,已爬取
4824,裕和园,1658426,https://jh.zu.anjuke.com/fangyuan/3197568770972672,1室1厅|整租|豪华装修|中层(共11层),已爬取
4825,裕和园,1658426,https://jh.zu.anjuke.com/fangyuan/3024155727719428,3室2厅|整租|豪华装修|中层(共15层),已爬取
4826,裕和园,1658426,https://jh.zu.anjuke.com/fangyuan/4612368883049474,1室1厅|整租|精装修|低层(共18层),已爬取
4827,裕和园,1658426,https://jh.zu.anjuke.com/fangyuan/4442724468990989,3室2厅|整租|精装修|中层(共13层),已爬取
4828,裕和园,1658426,https://jh.zu.anjuke.com/fangyuan/4412948405496843,3室2厅|整租|精装修|低层(共18层),已爬取
4829,裕和园,1658426,https://jh.zu.anjuke.com/fangyuan/4494832781958152,2室1厅|合租|精装修|低层(共18层),已爬取
4830,裕和园,1658426,https://jh.zu.anjuke.com/fangyuan/4459731492727814,1室1厅|整租|精装修|中层(共20层),已爬取
4831,裕和园,1658426,https://jh.zu.anjuke.com/fangyuan/4390354950857738,1室1厅|整租|精装修|中层(共26层),已爬取
4832,裕和园,1658426,https://jh.zu.anjuke.com/fangyuan/4526116457016335,3室2厅|整租|豪华装修|高层(共18层),已爬取
4833,裕和园,1658426,https://jh.zu.anjuke.com/fangyuan/4414162123351046,3室2厅|整租|精装修|中层(共18层),已爬取
4834,溪心别墅,863377,https://jh.zu.anjuke.com/fangyuan/4503510937873419,5室2厅|整租|精装修|共3层,已爬取
4835,溪心别墅,863377,https://jh.zu.anjuke.com/fangyuan/4506062739074051,5室4厅|整租|豪华装修|共3层,已爬取
4836,溪心别墅,863377,https://jh.zu.anjuke.com/fangyuan/4506305403282439,5室4厅|整租|豪华装修|共3层,已爬取
4837,溪心别墅,863377,https://jh.zu.anjuke.com/fangyuan/4256058857480200,7室2厅|整租|精装修|共3层,已爬取
4838,广兴苑,927968,https://jh.zu.anjuke.com/fangyuan/4484961508404225,3室2厅|整租|精装修|中层(共7层),已爬取
4839,世纪花城(北区别墅),1103089,https://jh.zu.anjuke.com/fangyuan/4582453107153935,3室2厅|整租|精装修|中层(共15层),已爬取
4840,紫薇苑,1229466,https://jh.zu.anjuke.com/fangyuan/4469445083784194,1室1厅|整租|豪华装修|共5层,已爬取
4841,万固东方樾(商住楼),1546067,https://jh.zu.anjuke.com/fangyuan/4544846238133253,1室1厅|整租|精装修|低层(共11层),已爬取
4842,万固东方樾(商住楼),1546067,https://jh.zu.anjuke.com/fangyuan/4616420660648968,1室1厅|整租|精装修|中层(共13层),已爬取
4843,万固东方樾(商住楼),1546067,https://jh.zu.anjuke.com/fangyuan/4604104118377475,1室1厅|整租|精装修|高层(共13层),已爬取
4844,万固东方樾(商住楼),1546067,https://jh.zu.anjuke.com/fangyuan/4498977442327566,1室1厅|整租|精装修|中层(共15层),已爬取
4845,万固东方樾(商住楼),1546067,https://jh.zu.anjuke.com/fangyuan/4605362567912450,1室1厅|整租|精装修|低层(共13层),已爬取
4846,万固东方樾(商住楼),1546067,https://jh.zu.anjuke.com/fangyuan/4551615654239237,1室1厅|整租|精装修|低层(共12层),已爬取
4847,万固东方樾(商住楼),1546067,https://jh.zu.anjuke.com/fangyuan/4622503687314436,1室1厅|整租|豪华装修|中层(共13层),已爬取
4848,万固东方樾(商住楼),1546067,https://jh.zu.anjuke.com/fangyuan/4469639044717576,1室1厅|整租|精装修|中层(共13层),已爬取
4849,万固东方樾(商住楼),1546067,https://jh.zu.anjuke.com/fangyuan/4596809562825741,1室1厅|整租|豪华装修|高层(共13层),已爬取
4850,万固东方樾(商住楼),1546067,https://jh.zu.anjuke.com/fangyuan/4584173018129409,1室1厅|整租|豪华装修|中层(共13层),已爬取
4851,胡大海小区,968998,https://jh.zu.anjuke.com/fangyuan/4588467938221059,3室2厅|整租|精装修|低层(共6层),已爬取
4852,胡大海小区,968998,https://jh.zu.anjuke.com/fangyuan/4534363922424841,3室2厅|整租|豪华装修|低层(共6层),已爬取
4853,横店镇禹阳社区三景头居民小区,968987,https://jh.zu.anjuke.com/fangyuan/4537405803799567,7室3厅|整租|简单装修|共3层,已爬取
4854,横店新天地(商住楼),1065155,https://jh.zu.anjuke.com/fangyuan/4551707353095171,1室2厅|整租|精装修|共4层,已爬取
4855,横店之星(商住楼),1217270,https://jh.zu.anjuke.com/fangyuan/4531935140670477,1室1厅|整租|豪华装修|共3层,已爬取
4856,智合院北区,1799612,https://jh.zu.anjuke.com/fangyuan/4529050986914830,3室2厅|整租|豪华装修|高层(共18层),已爬取
4857,智合院北区,1799612,https://jh.zu.anjuke.com/fangyuan/4633325723477007,1室1厅|整租|豪华装修|高层(共17层),已爬取
4858,智合院北区,1799612,https://jh.zu.anjuke.com/fangyuan/4398575127143428,3室2厅|整租|豪华装修|高层(共18层),已爬取
4859,智合院北区,1799612,https://jh.zu.anjuke.com/fangyuan/4097306554064903,1室1厅|整租|精装修|高层(共18层),已爬取
4860,智合院北区,1799612,https://jh.zu.anjuke.com/fangyuan/4623967005072387,3室2厅|整租|精装修|低层(共18层),已爬取
4861,智合院北区,1799612,https://jh.zu.anjuke.com/fangyuan/4615169963041800,3室2厅|整租|精装修|低层(共18层),已爬取
4862,智合院北区,1799612,https://jh.zu.anjuke.com/fangyuan/4540206809818125,1室1厅|整租|豪华装修|低层(共20层),已爬取
4863,智合院北区,1799612,https://jh.zu.anjuke.com/fangyuan/4493333488378888,3室2厅|整租|豪华装修|低层(共18层),已爬取
4864,智合院北区,1799612,https://jh.zu.anjuke.com/fangyuan/4473431838417926,3室2厅|整租|豪华装修|高层(共18层),已爬取
4865,智合院北区,1799612,https://jh.zu.anjuke.com/fangyuan/4589900291480591,1室1厅|整租|精装修|中层(共23层),已爬取
4866,荣安华府,1646381,https://jh.zu.anjuke.com/fangyuan/4434158713789453,3室2厅|整租|豪华装修|低层(共9层),已爬取
4867,荣安华府,1646381,https://jh.zu.anjuke.com/fangyuan/4575326987693066,3室2厅|整租|精装修|中层(共12层),已爬取
4868,荣安华府,1646381,https://jh.zu.anjuke.com/fangyuan/4541630844361734,3室2厅|整租|豪华装修|高层(共18层),已爬取
4869,荣安华府,1646381,https://jh.zu.anjuke.com/fangyuan/4525934593991684,3室2厅|整租|精装修|中层(共11层),已爬取
4870,荣安华府,1646381,https://jh.zu.anjuke.com/fangyuan/4539993055568911,3室2厅|整租|豪华装修|中层(共18层),已爬取
4871,荣安华府,1646381,https://jh.zu.anjuke.com/fangyuan/4538503061988361,3室2厅|整租|豪华装修|中层(共11层),已爬取
4872,荣安华府,1646381,https://jh.zu.anjuke.com/fangyuan/4522993160465417,3室2厅|整租|豪华装修|中层(共11层),已爬取
4873,荣安华府,1646381,https://jh.zu.anjuke.com/fangyuan/4524597599953931,3室2厅|整租|精装修|中层(共11层),已爬取
4874,荣安华府,1646381,https://jh.zu.anjuke.com/fangyuan/4575296027712519,3室2厅|整租|精装修|中层(共10层),已爬取
4875,荣安华府,1646381,https://jh.zu.anjuke.com/fangyuan/4122273865440270,3室2厅|整租|豪华装修|中层(共7层),已爬取
4876,万固云泰璟园,1639647,https://jh.zu.anjuke.com/fangyuan/4608185074410508,3室2厅|整租|豪华装修|中层(共17层),已爬取
4877,万固云泰璟园,1639647,https://jh.zu.anjuke.com/fangyuan/4551600868269064,3室2厅|整租|精装修|中层(共15层),已爬取
4878,万固广场,1431567,https://jh.zu.anjuke.com/fangyuan/3556413421117454,3室2厅|整租|精装修|中层(共11层),已爬取
4879,万固广场,1431567,https://jh.zu.anjuke.com/fangyuan/4617023896054797,1室1厅|整租|精装修|高层(共15层),已爬取
4880,万固广场,1431567,https://jh.zu.anjuke.com/fangyuan/3605619662660612,3室2厅|整租|豪华装修|高层(共18层),已爬取
4881,万固广场,1431567,https://jh.zu.anjuke.com/fangyuan/4417135356783618,1室1厅|整租|精装修|中层(共15层),已爬取
4882,万固广场,1431567,https://jh.zu.anjuke.com/fangyuan/4624329271340036,1室0厅|整租|精装修|低层(共26层),已爬取
4883,万固广场,1431567,https://jh.zu.anjuke.com/fangyuan/4423951448792077,3室2厅|整租|精装修|低层(共15层),已爬取
4884,万固广场,1431567,https://jh.zu.anjuke.com/fangyuan/4622389906779149,1室0厅|整租|精装修|共1层,已爬取
4885,万固广场,1431567,https://jh.zu.anjuke.com/fangyuan/4479931578461192,1室1厅|整租|精装修|中层(共6层),已爬取
4886,万固广场,1431567,https://jh.zu.anjuke.com/fangyuan/4606463174501377,1室1厅|整租|精装修|中层(共6层),已爬取
4887,万固广场,1431567,https://jh.zu.anjuke.com/fangyuan/4634187138032650,1室0厅|整租|精装修|低层(共26层),已爬取
4888,金地湖塘月色花园,1468325,https://jh.zu.anjuke.com/fangyuan/4618101036051471,3室2厅|整租|豪华装修|低层(共12层),已爬取
4889,金地湖塘月色花园,1468325,https://jh.zu.anjuke.com/fangyuan/4606467822345218,3室2厅|整租|豪华装修|低层(共10层),已爬取
4890,金地湖塘月色花园,1468325,https://jh.zu.anjuke.com/fangyuan/4572870275177483,3室2厅|整租|精装修|高层(共10层),已爬取
4891,金地湖塘月色花园,1468325,https://jh.zu.anjuke.com/fangyuan/4533122728156170,3室2厅|整租|精装修|中层(共11层),已爬取
4892,金地湖塘月色花园,1468325,https://jh.zu.anjuke.com/fangyuan/4576883891268609,3室2厅|整租|精装修|高层(共10层),已爬取
4893,金地湖塘月色花园,1468325,https://jh.zu.anjuke.com/fangyuan/4633718749850627,3室2厅|整租|豪华装修|高层(共11层),已爬取
4894,金地湖塘月色花园,1468325,https://jh.zu.anjuke.com/fangyuan/4529248229303300,3室2厅|整租|豪华装修|高层(共11层),已爬取
4895,金地湖塘月色花园,1468325,https://jh.zu.anjuke.com/fangyuan/4534731861928969,3室2厅|整租|豪华装修|高层(共16层),已爬取
4896,金地湖塘月色花园,1468325,https://jh.zu.anjuke.com/fangyuan/4608128886447116,3室2厅|整租|精装修|中层(共15层),已爬取
4897,金地湖塘月色花园,1468325,https://jh.zu.anjuke.com/fangyuan/4078527083650059,4室2厅|整租|精装修|中层(共8层),已爬取
4898,滨江悦虹湾(婺城),1666071,https://jh.zu.anjuke.com/fangyuan/4602136761639949,3室2厅|整租|豪华装修|中层(共11层),已爬取
4899,滨江悦虹湾(婺城),1666071,https://jh.zu.anjuke.com/fangyuan/4609452038872077,3室2厅|整租|精装修|低层(共12层),已爬取
4900,滨江悦虹湾(婺城),1666071,https://jh.zu.anjuke.com/fangyuan/4631372161723403,3室2厅|整租|豪华装修|低层(共11层),已爬取
4901,滨江悦虹湾(婺城),1666071,https://jh.zu.anjuke.com/fangyuan/4595583984051202,4室2厅|整租|豪华装修|高层(共11层),已爬取
4902,滨江悦虹湾(婺城),1666071,https://jh.zu.anjuke.com/fangyuan/4602746579524619,3室2厅|整租|精装修|低层(共15层),已爬取
4903,滨江悦虹湾(婺城),1666071,https://jh.zu.anjuke.com/fangyuan/4608330824014852,3室2厅|整租|精装修|中层(共11层),已爬取
4904,滨江悦虹湾(婺城),1666071,https://jh.zu.anjuke.com/fangyuan/4613763527121935,3室2厅|整租|豪华装修|中层(共10层),已爬取
4905,滨江悦虹湾(婺城),1666071,https://jh.zu.anjuke.com/fangyuan/4470626034279424,3室2厅|整租|豪华装修|中层(共11层),已爬取
4906,滨江悦虹湾(婺城),1666071,https://jh.zu.anjuke.com/fangyuan/4499196710312973,3室2厅|整租|精装修|高层(共9层),已爬取
4907,滨江悦虹湾(婺城),1666071,https://jh.zu.anjuke.com/fangyuan/4618090981727244,3室2厅|整租|豪华装修|中层(共12层),已爬取
4908,上品家园,1906002,https://jh.zu.anjuke.com/fangyuan/4278309880851456,4室2厅|整租|简单装修|低层(共28层),已爬取
4909,上品家园,1906002,https://jh.zu.anjuke.com/fangyuan/4625048013630467,3室1厅|整租|毛坯|高层(共25层),已爬取
4910,上品家园,1906002,https://jh.zu.anjuke.com/fangyuan/4608016388973569,4室2厅|整租|简单装修|低层(共29层),已爬取
4911,上品家园,1906002,https://jh.zu.anjuke.com/fangyuan/4497883497749514,4室2厅|整租|毛坯|高层(共26层),已爬取
4912,上品家园,1906002,https://jh.zu.anjuke.com/fangyuan/4525035175308301,3室2厅|整租|豪华装修|高层(共28层),已爬取
4913,上品家园,1906002,https://jh.zu.anjuke.com/fangyuan/4603645868157967,2室2厅|整租|豪华装修|中层(共22层),已爬取
4914,上品家园,1906002,https://jh.zu.anjuke.com/fangyuan/4525982006619140,3室2厅|整租|精装修|高层(共31层),已爬取
4915,上品家园,1906002,https://jh.zu.anjuke.com/fangyuan/4615643107548160,4室2厅|整租|精装修|高层(共32层),已爬取
4916,上品家园,1906002,https://jh.zu.anjuke.com/fangyuan/4607885182184454,4室2厅|整租|简单装修|低层(共24层),已爬取
4917,上品家园,1906002,https://jh.zu.anjuke.com/fangyuan/4579657555962881,3室2厅|整租|简单装修|中层(共18层),已爬取
4918,万科锦云江汀,1888961,https://jh.zu.anjuke.com/fangyuan/4492105726485510,1室1厅|整租|精装修|共4层,已爬取
4919,承鑫云启,1882831,https://jh.zu.anjuke.com/fangyuan/4581336654801935,3室2厅|整租|精装修|低层(共13层),已爬取
4920,承鑫云启,1882831,https://jh.zu.anjuke.com/fangyuan/4237302676905991,3室2厅|整租|豪华装修|高层(共13层),已爬取
4921,承鑫云启,1882831,https://jh.zu.anjuke.com/fangyuan/4511941664269316,3室2厅|整租|豪华装修|中层(共11层),已爬取
4922,承鑫云启,1882831,https://jh.zu.anjuke.com/fangyuan/4623389682703368,3室2厅|整租|精装修|低层(共12层),已爬取
4923,承鑫云启,1882831,https://jh.zu.anjuke.com/fangyuan/4581342655900673,3室2厅|整租|精装修|低层(共13层),已爬取
4924,承鑫云启,1882831,https://jh.zu.anjuke.com/fangyuan/4607813667382285,2室1厅|整租|精装修|中层(共12层),已爬取
4925,承鑫云启,1882831,https://jh.zu.anjuke.com/fangyuan/4379944117791753,3室2厅|整租|豪华装修|高层(共17层),已爬取
4926,南江玺,1686170,https://jh.zu.anjuke.com/fangyuan/4630960224185347,2室2厅|整租|豪华装修|高层(共19层),已爬取
4927,南江玺,1686170,https://jh.zu.anjuke.com/fangyuan/4633335706344454,3室2厅|整租|豪华装修|中层(共19层),已爬取
4928,南江玺,1686170,https://jh.zu.anjuke.com/fangyuan/4606456335227915,2室2厅|整租|豪华装修|高层(共19层),已爬取
4929,南江玺,1686170,https://jh.zu.anjuke.com/fangyuan/4573892041696269,3室2厅|整租|豪华装修|高层(共19层),已爬取
4930,南江玺,1686170,https://jh.zu.anjuke.com/fangyuan/4630821144980483,4室2厅|整租|豪华装修|高层(共17层),已爬取
4931,南江玺,1686170,https://jh.zu.anjuke.com/fangyuan/4628048153043973,3室2厅|整租|精装修|高层(共21层),已爬取
4932,南江玺,1686170,https://jh.zu.anjuke.com/fangyuan/4630788951337984,3室2厅|整租|豪华装修|高层(共17层),已爬取
4933,南江玺,1686170,https://jh.zu.anjuke.com/fangyuan/4552651110458382,4室2厅|整租|精装修|低层(共20层),已爬取
4934,南江玺,1686170,https://jh.zu.anjuke.com/fangyuan/4631928996832256,4室2厅|整租|豪华装修|高层(共19层),已爬取
4935,南江玺,1686170,https://jh.zu.anjuke.com/fangyuan/4573868197078016,4室2厅|整租|精装修|高层(共19层),已爬取
4936,星汇源著花园,1513477,https://jh.zu.anjuke.com/fangyuan/4631221805966346,3室2厅|整租|精装修|低层(共11层),已爬取
4937,星汇源著花园,1513477,https://jh.zu.anjuke.com/fangyuan/4053302009225217,3室2厅|整租|精装修|中层(共11层),已爬取
4938,星汇源著花园,1513477,https://jh.zu.anjuke.com/fangyuan/4610718149043212,3室2厅|整租|精装修|高层(共11层),已爬取
4939,星汇源著花园,1513477,https://jh.zu.anjuke.com/fangyuan/4628071038608387,3室2厅|整租|精装修|高层(共11层),已爬取
4940,星汇源著花园,1513477,https://jh.zu.anjuke.com/fangyuan/4244210267200519,3室2厅|整租|豪华装修|低层(共11层),已爬取
4941,星汇源著花园,1513477,https://jh.zu.anjuke.com/fangyuan/4585527425573893,3室2厅|整租|精装修|高层(共11层),已爬取
4942,星汇源著花园,1513477,https://jh.zu.anjuke.com/fangyuan/4565791364127749,3室2厅|整租|豪华装修|高层(共11层),已爬取
4943,星汇源著花园,1513477,https://jh.zu.anjuke.com/fangyuan/4510160381582343,3室1厅|整租|精装修|高层(共11层),已爬取
4944,星汇源著花园,1513477,https://jh.zu.anjuke.com/fangyuan/4528780348857350,3室2厅|整租|精装修|低层(共19层),已爬取
4945,星汇源著花园,1513477,https://jh.zu.anjuke.com/fangyuan/4574211446238212,3室2厅|整租|豪华装修|低层(共14层),已爬取
4946,金茂御府(东区),1883913,https://jh.zu.anjuke.com/fangyuan/4483295910421512,3室2厅|整租|豪华装修|高层(共15层),已爬取
4947,金茂御府(东区),1883913,https://jh.zu.anjuke.com/fangyuan/4569915602166787,2室1厅|整租|豪华装修|低层(共24层),已爬取
4948,金茂御府(东区),1883913,https://jh.zu.anjuke.com/fangyuan/4520421849213967,3室2厅|整租|豪华装修|中层(共14层),已爬取
4949,金茂御府(东区),1883913,https://jh.zu.anjuke.com/fangyuan/4469411571166223,3室2厅|整租|精装修|高层(共19层),已爬取
4950,金茂御府(东区),1883913,https://jh.zu.anjuke.com/fangyuan/4569905193706505,2室1厅|整租|豪华装修|低层(共24层),已爬取
4951,金茂御府(东区),1883913,https://jh.zu.anjuke.com/fangyuan/4524634643719173,3室2厅|整租|豪华装修|高层(共17层),已爬取
4952,金茂御府(东区),1883913,https://jh.zu.anjuke.com/fangyuan/4518832976976904,3室2厅|整租|豪华装修|低层(共17层),已爬取
4953,金茂御府(东区),1883913,https://jh.zu.anjuke.com/fangyuan/4498934239812619,3室2厅|整租|豪华装修|中层(共18层),已爬取
4954,金茂御府(东区),1883913,https://jh.zu.anjuke.com/fangyuan/4626537404558339,2室1厅|整租|精装修|中层(共28层),已爬取
4955,金茂御府(东区),1883913,https://jh.zu.anjuke.com/fangyuan/4622394206790658,3室2厅|整租|豪华装修|高层(共20层),已爬取
4956,云湖臻品,1877292,https://jh.zu.anjuke.com/fangyuan/4618072949005314,2室2厅|整租|精装修|共1层,已爬取
4957,云湖臻品,1877292,https://jh.zu.anjuke.com/fangyuan/4579796902880268,1室1厅|整租|豪华装修|低层(共16层),已爬取
4958,云湖臻品,1877292,https://jh.zu.anjuke.com/fangyuan/4586600776674307,2室1厅|整租|精装修|高层(共20层),已爬取
4959,云湖臻品,1877292,https://jh.zu.anjuke.com/fangyuan/4618102395362319,1室1厅|整租|精装修|高层(共15层),已爬取
4960,云湖臻品,1877292,https://jh.zu.anjuke.com/fangyuan/4463790378232843,1室1厅|整租|豪华装修|高层(共17层),已爬取
4961,云湖臻品,1877292,https://jh.zu.anjuke.com/fangyuan/4633598073447425,1室1厅|整租|豪华装修|高层(共17层),已爬取
4962,云湖臻品,1877292,https://jh.zu.anjuke.com/fangyuan/4619690566525953,1室1厅|整租|精装修|中层(共16层),已爬取
4963,云湖臻品,1877292,https://jh.zu.anjuke.com/fangyuan/4598349990323215,1室1厅|整租|豪华装修|中层(共21层),已爬取
4964,云湖臻品,1877292,https://jh.zu.anjuke.com/fangyuan/4571493613444096,1室2厅|整租|豪华装修|中层(共10层),已爬取
4965,云湖臻品,1877292,https://jh.zu.anjuke.com/fangyuan/4619373881271309,1室1厅|整租|豪华装修|高层(共16层),已爬取
4966,苏桂院(二期),1598263,https://jh.zu.anjuke.com/fangyuan/4589897283623942,1室1厅|整租|精装修|中层(共15层),已爬取
4967,苏桂院(二期),1598263,https://jh.zu.anjuke.com/fangyuan/4476481188766732,3室2厅|整租|豪华装修|高层(共18层),已爬取
4968,苏桂院(二期),1598263,https://jh.zu.anjuke.com/fangyuan/4548955311793156,1室1厅|整租|精装修|高层(共11层),已爬取
4969,苏桂院(二期),1598263,https://jh.zu.anjuke.com/fangyuan/4482017614588937,3室2厅|整租|精装修|高层(共19层),已爬取
4970,苏桂院(二期),1598263,https://jh.zu.anjuke.com/fangyuan/4476197999518727,1室1厅|整租|精装修|中层(共16层),已爬取
4971,苏桂院(二期),1598263,https://jh.zu.anjuke.com/fangyuan/4493643996601359,2室2厅|整租|豪华装修|中层(共18层),已爬取
4972,苏桂院(二期),1598263,https://jh.zu.anjuke.com/fangyuan/4435433457738766,3室2厅|整租|豪华装修|中层(共18层),已爬取
4973,苏桂院(二期),1598263,https://jh.zu.anjuke.com/fangyuan/4632008217732097,2室2厅|整租|豪华装修|低层(共16层),已爬取
4974,苏桂院(二期),1598263,https://jh.zu.anjuke.com/fangyuan/4550384413809665,1室1厅|整租|精装修|高层(共15层),已爬取
4975,苏桂院(二期),1598263,https://jh.zu.anjuke.com/fangyuan/4545762840308750,3室2厅|整租|豪华装修|中层(共18层),已爬取
4976,江秀花园,1884140,https://jh.zu.anjuke.com/fangyuan/4534463208629256,4室2厅|整租|精装修|中层(共11层),已爬取
4977,江秀花园,1884140,https://jh.zu.anjuke.com/fangyuan/4550155906343947,3室2厅|整租|豪华装修|中层(共17层),已爬取
4978,江秀花园,1884140,https://jh.zu.anjuke.com/fangyuan/4534850384307203,3室2厅|整租|豪华装修|低层(共17层),已爬取
4979,江秀花园,1884140,https://jh.zu.anjuke.com/fangyuan/4432908380396550,3室2厅|整租|豪华装修|低层(共15层),已爬取
4980,江秀花园,1884140,https://jh.zu.anjuke.com/fangyuan/4625229884400654,3室2厅|整租|豪华装修|中层(共17层),已爬取
4981,江秀花园,1884140,https://jh.zu.anjuke.com/fangyuan/4600084704617485,3室2厅|整租|精装修|低层(共18层),已爬取
4982,江秀花园,1884140,https://jh.zu.anjuke.com/fangyuan/4633323452605446,3室2厅|整租|豪华装修|低层(共15层),已爬取
4983,江秀花园,1884140,https://jh.zu.anjuke.com/fangyuan/4628026207527944,3室2厅|整租|精装修|低层(共11层),已爬取
4984,江秀花园,1884140,https://jh.zu.anjuke.com/fangyuan/4628048928007172,3室2厅|整租|简单装修|低层(共16层),已爬取
4985,江秀花园,1884140,https://jh.zu.anjuke.com/fangyuan/4633530827910156,3室2厅|整租|豪华装修|中层(共17层),已爬取
4986,金麟府,1824850,https://jh.zu.anjuke.com/fangyuan/4565805931617282,2室1厅|整租|豪华装修|低层(共9层),已爬取
4987,金麟府,1824850,https://jh.zu.anjuke.com/fangyuan/4510710583467021,3室2厅|整租|精装修|中层(共11层),已爬取
4988,金麟府,1824850,https://jh.zu.anjuke.com/fangyuan/3849137115602954,3室2厅|整租|豪华装修|高层(共10层),已爬取
4989,金麟府,1824850,https://jh.zu.anjuke.com/fangyuan/4547228177492994,4室2厅|整租|豪华装修|高层(共10层),已爬取
